57.7427,6,6,21.8175,79.5596,completed,87798.92,52969.31,-1.3987,0.00,0.0000,0.2775,0.5030,1.4449,1.4036,0.8226,,,,
54.7389,6,6,24.7216,79.4596,completed,87798.92,52969.31,-1.3987,0.00,0.0000,0.1478,0.1611,0.6314,0.7939,0.4959,,,,
53.2108,6,6,20.9140,74.1240,completed,87798.92,52969.31,-1.3987,0.00,0.0000,0.2305,0.5524,1.4073,1.4843,1.0343,,,,
20.6109,10,3,8.7391,29.3492,converged,87798.92,52969.31,-1.3987,0.00,0.0000,0.0470,0.0941,,,,,,,
48.2264,7,7,23.7146,71.9406,completed,87798.92,52969.31,-1.3987,0.00,0.0000,0.0481,0.1465,1.4134,2.8181,1.1258,0.2407,,,
24.3817,10,10,32.7986,57.1796,completed,87798.92,52969.31,-1.3987,0.00,0.0000,0.0846,0.1711,0.2920,0.6756,1.0741,0.8538,1.0480,0.6700,0.3837
20.9339,10,3,9.1633,30.0963,converged,87798.92,52969.31,-1.3987,0.01,0.0000,0.0402,0.0854,,,,,,,
30.1453,10,3,10.2272,40.3722,converged,87798.92,52969.31,-1.3987,0.01,0.0000,0.0284,0.0574,,,,,,,
23.9951,10,10,35.0811,59.0761,completed,87798.92,52969.30,-1.3986,0.05,0.0000,0.0537,0.1045,0.1535,0.3730,0.6288,0.6198,0.6274,0.5132,0.3714
38.1636,9,9,32.7087,70.8718,completed,87798.92,52969.30,-1.3986,0.05,0.0000,0.0769,0.1568,0.2872,0.8650,0.6657,0.4639,0.4769,0.3873,
35.8125,9,3,9.1884,45.0004,converged,87798.93,52969.28,-1.3984,0.13,0.0000,0.0409,0.0520,,,,,,,
34.2732,9,3,9.5241,43.7971,converged,87798.93,52969.28,-1.3984,0.13,0.0000,0.0391,0.0746,,,,,,,
53.6512,6,6,20.8058,74.4568,completed,87798.93,52969.25,-1.3983,0.20,0.0000,0.0753,0.1480,0.5502,0.9409,0.8151,,,,
30.1621,10,3,9.3091,39.4712,converged,87798.93,52969.25,-1.3983,0.20,0.0000,0.0255,0.0578,,,,,,,
29.1912,10,3,9.2296,38.4206,converged,87798.94,52969.19,-1.3980,0.33,0.0000,0.0140,0.0332,,,,,,,
30.8491,10,3,11.9385,42.7876,converged,87798.94,52969.19,-1.3980,0.33,0.0000,0.0240,0.0347,,,,,,,
41.8231,8,3,8.9505,50.7735,converged,87798.96,52969.12,-1.3974,0.45,0.0000,0.0267,0.0585,,,,,,,
37.8753,9,3,8.9405,46.8155,converged,87798.96,52969.12,-1.3974,0.45,0.0000,0.0183,0.0377,,,,,,,
54.0723,6,6,20.9797,75.0518,completed,87798.97,52969.02,-1.3965,0.58,0.0000,0.0837,0.1787,0.4581,0.4702,0.8033,,,,
32.1513,10,3,9.1499,41.3009,converged,87798.97,52969.02,-1.3965,0.58,0.0000,0.0162,0.0238,,,,,,,
55.4479,6,6,20.6051,76.0521,completed,87799.00,52968.87,-1.3953,0.75,0.0000,0.0227,0.1089,0.5587,0.6651,0.5944,,,,
45.3817,8,3,10.0681,55.4491,converged,87799.00,52968.87,-1.3953,0.75,0.0000,0.0164,0.0378,,,,,,,
47.9894,7,7,28.4094,76.3985,completed,87799.04,52968.66,-1.3934,0.93,0.0000,0.0848,0.1206,0.3352,0.8197,0.7182,0.5346,,,
34.8953,9,3,9.8496,44.7447,converged,87799.04,52968.66,-1.3934,0.93,0.0000,0.0270,0.0317,,,,,,,
36.2992,9,3,13.7797,50.0787,converged,87799.08,52968.44,-1.3910,1.08,0.0000,0.0126,0.0254,,,,,,,
37.2923,9,3,11.7410,49.0330,converged,87799.08,52968.44,-1.3910,1.08,0.0000,0.0203,0.0739,,,,,,,
27.5992,10,3,9.6692,37.2682,converged,87799.12,52968.18,-1.3880,1.26,0.0000,0.0151,0.0478,,,,,,,
48.5989,7,3,12.3883,60.9863,converged,87799.12,52968.18,-1.3880,1.26,0.0000,0.0081,0.0478,,,,,,,
55.2662,6,3,10.4219,65.6879,converged,87799.18,52967.88,-1.3846,1.47,0.0000,0.0124,0.0875,,,,,,,
32.5939,10,3,10.2636,42.8567,converged,87799.18,52967.88,-1.3846,1.47,0.0000,0.0130,0.0496,,,,,,,
42.4940,8,3,10.3738,52.8678,converged,87799.25,52967.53,-1.3811,1.71,0.0000,0.0078,0.0656,,,,,,,
39.9634,9,3,9.2714,49.2345,converged,87799.25,52967.53,-1.3811,1.71,0.0000,0.0316,0.0688,,,,,,,
28.1402,10,3,13.7563,41.8964,converged,87799.32,52967.17,-1.3781,1.93,0.0000,0.0294,0.0540,,,,,,,
30.7383,10,3,14.5208,45.2589,converged,87799.32,52967.17,-1.3781,1.93,0.0000,0.0095,0.0203,,,,,,,
26.6306,10,3,9.3886,36.0186,converged,87799.41,52966.71,-1.3750,2.19,0.0000,0.0197,0.0501,,,,,,,
56.5227,6,3,9.1752,65.6972,converged,87799.45,52966.49,-1.3737,2.31,0.0000,0.0686,0.0582,,,,,,,
53.1909,6,6,23.1977,76.3877,completed,87799.45,52966.49,-1.3737,2.31,0.0000,0.0045,0.1536,0.1222,0.2704,0.4534,,,,
54.5956,6,3,10.0300,64.6250,converged,87799.57,52965.89,-1.3704,2.58,0.0000,0.0178,0.0819,,,,,,,
26.6001,10,3,13.3468,39.9468,converged,87799.57,52965.89,-1.3704,2.58,0.0000,0.0098,0.0194,,,,,,,
26.7122,10,3,9.4312,36.1432,converged,87799.68,52965.37,-1.3682,2.79,0.0000,0.0073,0.0212,,,,,,,
30.9698,10,3,9.4863,40.4553,converged,87799.73,52965.09,-1.3672,2.87,0.0000,0.0075,0.0163,,,,,,,
28.8759,10,3,9.6102,38.4852,converged,87799.73,52965.09,-1.3672,2.87,0.0000,0.0147,0.0310,,,,,,,
48.7904,7,3,9.2851,58.0751,converged,87799.85,52964.51,-1.3655,3.04,0.0000,0.0076,0.0870,,,,,,,
38.4333,9,3,10.3068,48.7398,converged,87799.85,52964.51,-1.3655,3.04,0.0000,0.0066,0.0190,,,,,,,
41.0429,8,3,10.3570,51.3990,converged,87800.00,52963.82,-1.3637,3.24,0.0000,0.0162,0.0831,,,,,,,
54.6956,6,3,9.1073,63.8024,converged,87800.00,52963.82,-1.3637,3.24,0.0000,0.0665,0.0612,,,,,,,
45.5795,8,3,8.9274,54.5064,converged,87800.15,52963.09,-1.3619,3.44,0.0000,0.0033,0.0501,,,,,,,
20.9322,10,3,9.4302,30.3622,converged,87800.15,52963.09,-1.3619,3.44,0.0000,0.0154,0.0208,,,,,,,
52.5207,6,3,9.2261,61.7461,converged,87800.30,52962.40,-1.3603,3.61,0.0000,0.0682,0.0571,,,,,,,
34.2330,9,3,9.0296,43.2616,converged,87800.30,52962.40,-1.3603,3.61,0.0000,0.0154,0.0256,,,,,,,
37.7922,9,3,9.4119,47.2039,converged,87800.48,52961.58,-1.3588,3.80,0.0000,0.0167,0.0131,,,,,,,
53.5168,6,3,8.9859,62.5019,converged,87800.48,52961.58,-1.3588,3.80,0.0000,0.0573,0.0517,,,,,,,
22.4394,10,3,9.6804,32.1194,converged,87800.66,52960.73,-1.3578,3.98,0.0000,0.0075,0.0178,,,,,,,
29.4127,10,3,9.2418,38.6538,converged,87800.66,52960.73,-1.3578,3.98,0.0000,0.0363,0.0475,,,,,,,
32.6895,10,3,9.3629,42.0519,converged,87800.81,52960.03,-1.3572,4.10,0.0000,0.0181,0.0261,,,,,,,
41.5911,8,3,9.7048,51.2959,converged,87800.81,52960.03,-1.3572,4.10,0.0000,0.0300,0.0113,,,,,,,
28.4869,10,3,9.6185,38.1046,converged,87800.99,52959.22,-1.3568,4.21,0.0000,0.0086,0.0184,,,,,,,
48.4984,7,3,9.6812,58.1792,converged,87800.99,52959.22,-1.3568,4.21,0.0000,0.0251,0.0625,,,,,,,
31.6781,10,3,9.5589,41.2370,converged,87801.19,52958.28,-1.3569,4.32,0.0000,0.0130,0.0339,,,,,,,
22.6226,10,3,9.0648,31.6868,converged,87801.19,52958.28,-1.3569,4.32,0.0000,0.0311,0.0309,,,,,,,
27.2480,10,3,9.6521,36.8991,converged,87801.35,52957.54,-1.3571,4.39,0.0000,0.0167,0.0188,,,,,,,
38.5343,9,3,9.3473,47.8814,converged,87801.35,52957.54,-1.3571,4.39,0.0000,0.0156,0.0440,,,,,,,
50.0163,7,3,12.5386,62.5546,converged,87801.56,52956.57,-1.3575,4.46,0.0000,0.0140,0.0637,,,,,,,
41.8011,8,3,9.1047,50.9058,converged,87801.56,52956.57,-1.3575,4.46,0.0000,0.0282,0.0455,,,,,,,
59.4195,5,5,17.5646,76.9836,completed,87801.75,52955.69,-1.3580,4.52,0.0000,0.0467,0.1888,0.3981,0.5310,,,,,
31.4375,10,3,9.1287,40.5658,converged,87801.75,52955.69,-1.3580,4.52,0.0000,0.0220,0.0116,,,,,,,
54.0938,6,6,20.1361,74.2292,completed,87801.99,52954.58,-1.3587,4.54,0.0000,0.0429,0.1763,0.2060,0.1131,0.2164,,,,
36.8139,9,3,9.5900,46.4030,converged,87801.99,52954.58,-1.3587,4.54,0.0000,0.0272,0.0415,,,,,,,
47.6920,7,3,13.2372,60.9292,converged,87802.21,52953.58,-1.3591,4.52,0.0000,0.0200,0.0936,,,,,,,
52.5741,6,6,21.5356,74.1096,completed,87802.21,52953.58,-1.3591,4.52,0.0000,0.0416,0.1591,0.3772,0.3313,0.2672,,,,
59.9591,5,5,18.1563,78.1153,completed,87802.47,52952.37,-1.3601,4.45,0.0000,0.0678,0.2405,0.2575,0.3316,,,,,
25.7569,10,3,8.8592,34.6152,converged,87802.47,52952.37,-1.3601,4.45,0.0000,0.0414,0.0590,,,,,,,
23.0380,10,3,9.4509,32.4880,converged,87802.65,52951.51,-1.3604,4.41,0.0000,0.0153,0.0346,,,,,,,
43.7527,8,3,9.2877,53.0397,converged,87802.65,52951.51,-1.3604,4.41,0.0000,0.0515,0.0582,,,,,,,
33.2375,10,3,10.9647,44.2017,converged,87802.83,52950.65,-1.3614,4.36,0.0000,0.0170,0.0529,,,,,,,
27.0310,10,3,9.2694,36.2994,converged,87802.83,52950.65,-1.3614,4.36,0.0000,0.0125,0.0264,,,,,,,
39.0444,9,3,10.2214,49.2654,converged,87803.01,52949.80,-1.3626,4.33,0.0000,0.0217,0.0363,,,,,,,
29.3433,10,3,9.2667,38.6097,converged,87803.01,52949.80,-1.3626,4.33,0.0000,0.0375,0.0443,,,,,,,
37.7954,9,3,12.7503,50.5453,converged,87803.19,52948.96,-1.3644,4.31,0.0000,0.0193,0.0502,,,,,,,
24.3771,10,3,9.2743,33.6513,converged,87803.19,52948.96,-1.3644,4.31,0.0000,0.0349,0.0288,,,,,,,
21.4638,10,3,9.9479,31.4109,converged,87803.37,52948.12,-1.3660,4.28,0.0000,0.0159,0.0381,,,,,,,
23.9903,10,3,9.4735,33.4635,converged,87803.45,52947.70,-1.3669,4.26,0.0000,0.0330,0.0418,,,,,,,
29.0288,10,3,12.1337,41.1618,converged,87803.54,52947.28,-1.3677,4.24,0.0000,0.0158,0.0310,,,,,,,
56.7268,6,6,21.9037,78.6297,completed,87803.54,52947.28,-1.3677,4.24,0.0000,0.0202,0.1597,0.3087,0.2493,0.2480,,,,
27.7885,10,3,8.8312,36.6192,converged,87803.75,52946.25,-1.3697,4.19,0.0000,0.0274,0.0362,,,,,,,
44.2479,8,3,9.5413,53.7884,converged,87803.75,52946.25,-1.3697,4.19,0.0000,0.0545,0.0613,,,,,,,
42.1568,8,3,10.8633,53.0193,converged,87803.92,52945.43,-1.3720,4.14,0.0000,0.0218,0.0649,,,,,,,
57.2142,6,6,22.7966,80.0106,completed,87803.92,52945.43,-1.3720,4.14,0.0000,0.0490,0.1012,0.1494,0.1445,0.1520,,,,
43.9622,8,3,10.0458,54.0078,converged,87804.10,52944.53,-1.3751,4.08,0.0000,0.0336,0.0455,,,,,,,
55.6333,6,3,9.3520,64.9850,converged,87804.10,52944.53,-1.3751,4.08,0.0000,0.0766,0.0590,,,,,,,
41.5983,8,3,9.4858,51.0839,converged,87804.29,52943.53,-1.3783,4.01,0.0000,0.0190,0.0486,,,,,,,
45.7825,8,3,9.6553,55.4374,converged,87804.29,52943.53,-1.3783,4.01,0.0000,0.0220,0.0345,,,,,,,
37.4463,9,3,10.2327,47.6787,converged,87804.44,52942.75,-1.3809,3.96,0.0000,0.0175,0.0213,,,,,,,
32.6961,10,3,10.7165,43.4125,converged,87804.44,52942.75,-1.3809,3.96,0.0000,0.0473,0.0648,,,,,,,
57.9329,6,3,10.0137,67.9458,converged,87804.61,52941.88,-1.3836,3.89,0.0000,0.0391,0.0776,,,,,,,
22.0167,10,3,13.0994,35.1154,converged,87804.61,52941.88,-1.3836,3.89,0.0000,0.0276,0.0522,,,,,,,
30.3510,10,3,10.1860,40.5371,converged,87804.77,52941.03,-1.3856,3.81,0.0000,0.0328,0.0551,,,,,,,
20.2481,10,3,9.2571,29.5052,converged,87804.77,52941.03,-1.3856,3.81,0.0000,0.0357,0.0503,,,,,,,
57.1311,6,6,21.4523,78.5834,completed,87804.89,52940.38,-1.3866,3.73,0.0000,0.1681,0.2210,0.6134,1.1554,0.6446,,,,
24.6295,10,10,33.3788,58.0078,completed,87804.89,52940.38,-1.3866,3.73,0.0000,0.0686,0.1084,0.1021,0.1088,0.3563,0.2338,0.4257,0.2233,0.1173
24.8605,10,10,32.4602,57.3202,completed,87805.06,52939.48,-1.3876,3.59,0.0000,0.0969,0.1570,0.1411,0.1447,0.2684,0.2203,0.3344,0.2095,0.1533
23.0256,10,3,9.2482,32.2733,converged,87805.06,52939.48,-1.3876,3.59,0.0000,0.0576,0.0961,,,,,,,
50.2988,7,7,25.6443,75.9424,completed,87805.19,52938.79,-1.3882,3.46,0.0000,0.1025,0.1731,0.2813,0.3699,0.3912,0.1369,,,
55.0995,6,6,21.5941,76.6932,completed,87805.19,52938.79,-1.3882,3.46,0.0000,0.1897,0.2904,0.5546,0.8452,0.4371,,,,
59.1833,5,5,17.8255,77.0085,completed,87805.34,52937.95,-1.3843,3.33,0.0000,0.1758,0.1068,0.5330,0.4522,,,,,
20.1962,10,10,33.7569,53.9529,completed,87805.34,52937.95,-1.3843,3.33,0.0000,0.0964,0.1659,0.1848,0.2740,0.3088,0.2121,0.2397,0.1405,0.2070
53.9553,6,6,20.9593,74.9143,completed,87805.50,52937.15,-1.3738,3.25,0.0000,0.2187,0.2428,0.5623,0.9024,0.5671,,,,
41.8140,8,8,26.5244,68.3375,completed,87805.50,52937.15,-1.3738,3.25,0.0000,0.0635,0.1186,0.1913,0.3964,0.7212,0.6430,0.2180,,
49.9426,7,3,9.0114,58.9535,converged,87805.66,52936.36,-1.3573,3.19,0.0000,0.0472,0.0967,,,,,,,
50.7256,7,3,10.6505,61.3755,converged,87805.66,52936.36,-1.3573,3.19,0.0000,0.0287,0.0538,,,,,,,
58.7565,5,5,19.2427,77.9987,completed,87805.82,52935.66,-1.3421,3.14,0.0000,0.2817,0.1616,0.7428,0.7749,,,,,
36.4615,9,3,8.9904,45.4514,converged,87805.82,52935.66,-1.3421,3.14,0.0000,0.0356,0.0518,,,,,,,
41.8258,8,3,9.2134,51.0384,converged,87805.98,52934.98,-1.3198,3.08,0.0000,0.0676,0.0598,,,,,,,
44.9752,8,3,10.2344,55.2094,converged,87805.98,52934.98,-1.3198,3.08,0.0000,0.0690,0.0535,,,,,,,
34.5392,9,3,10.3038,44.8429,converged,87806.16,52934.32,-1.2916,3.03,0.0000,0.0621,0.0582,,,,,,,
23.0727,10,4,13.4672,36.5393,converged,87806.16,52934.32,-1.2916,3.03,0.0000,0.0868,0.1082,0.0843,,,,,,
53.3617,6,6,21.6349,74.9959,completed,87806.34,52933.75,-1.2596,2.97,0.0000,0.1621,0.2362,0.6356,0.8524,0.5701,,,,
24.0784,10,3,9.7722,33.8502,converged,87806.34,52933.75,-1.2596,2.97,0.0000,0.0251,0.0409,,,,,,,
33.0399,10,3,10.4394,43.4784,converged,87806.53,52933.19,-1.2204,2.93,0.0000,0.0310,0.0540,,,,,,,
32.2569,10,3,11.1571,43.4131,converged,87806.53,52933.19,-1.2204,2.93,0.0000,0.0319,0.0583,,,,,,,
58.8409,5,5,19.0649,77.9049,completed,87806.77,52932.58,-1.1696,2.87,0.0000,0.1699,0.5825,1.4983,0.9027,,,,,
58.8941,5,5,17.5961,76.4901,completed,87806.77,52932.58,-1.1696,2.87,0.0000,0.0764,0.1679,0.4363,0.5027,,,,,
30.9318,10,3,9.3902,40.3212,converged,87807.07,52931.94,-1.1016,2.80,0.0000,0.0517,0.0669,,,,,,,
26.7692,10,3,9.6439,36.4129,converged,87807.07,52931.94,-1.1016,2.80,0.0000,0.0575,0.0889,,,,,,,
57.8911,6,6,24.0117,81.9028,completed,87807.33,52931.45,-1.0406,2.73,0.0000,0.1388,0.2042,0.4729,0.4810,0.3867,,,,
23.9379,10,3,9.8476,33.7846,converged,87807.33,52931.45,-1.0406,2.73,0.0000,0.0313,0.0469,,,,,,,
25.0355,10,3,8.9488,33.9839,converged,87807.66,52930.94,-0.9646,2.66,0.0000,0.0612,0.0953,,,,,,,
30.1254,10,3,8.8894,39.0144,converged,87807.66,52930.94,-0.9646,2.66,0.0000,0.0422,0.0480,,,,,,,
37.4632,9,3,9.0944,46.5574,converged,87807.93,52930.57,-0.9024,2.61,0.0000,0.0360,0.0965,,,,,,,
22.3878,10,3,10.1229,32.5100,converged,87807.93,52930.57,-0.9024,2.61,0.0000,0.0214,0.0729,,,,,,,
52.2251,6,6,20.3928,72.6178,completed,87808.27,52930.18,-0.8301,2.57,0.0000,0.0828,0.2344,0.2337,0.5200,0.3840,,,,
47.2937,7,7,27.3063,74.5994,completed,87808.27,52930.18,-0.8301,2.57,0.0000,0.0321,0.2308,0.5076,0.6433,0.8638,0.2786,,,
57.4996,6,3,9.7455,67.2446,converged,87808.72,52929.72,-0.7324,2.57,0.0000,0.0519,0.0985,,,,,,,
23.8582,10,3,9.2008,33.0589,converged,87808.72,52929.72,-0.7324,2.57,0.0000,0.0651,0.0354,,,,,,,
52.5699,6,3,9.5970,62.1660,converged,87809.12,52929.40,-0.6467,2.53,0.0000,0.1302,0.0663,,,,,,,
44.1602,8,3,9.2283,53.3883,converged,87809.12,52929.40,-0.6467,2.53,0.0000,0.0852,0.0337,,,,,,,
50.4851,7,7,24.2208,74.7058,completed,87809.58,52929.08,-0.5483,2.46,0.0000,0.0617,0.1264,0.1511,0.1738,0.2738,0.3225,,,
23.2717,10,3,9.1993,32.4703,converged,87809.58,52929.08,-0.5483,2.46,0.0000,0.0591,0.0639,,,,,,,
42.6886,8,3,9.7042,52.3922,converged,87810.06,52928.82,-0.4558,2.47,0.0000,0.0420,0.0556,,,,,,,
38.9336,9,3,9.3368,48.2698,converged,87810.06,52928.82,-0.4558,2.47,0.0000,0.0622,0.0770,,,,,,,
59.1315,5,5,17.3132,76.4442,completed,87810.52,52928.62,-0.3700,2.49,0.0000,0.0595,0.1643,0.3260,0.5015,,,,,
34.1029,9,9,30.2953,64.3974,completed,87810.52,52928.62,-0.3700,2.49,0.0000,0.0458,0.1030,0.1985,0.8587,1.4617,0.6416,0.3349,0.1449,
59.4315,5,5,17.8979,77.3290,completed,87811.17,52928.41,-0.2530,2.53,0.0000,0.0687,0.2007,0.2906,0.3789,,,,,
34.5410,9,3,9.0799,43.6199,converged,87811.17,52928.41,-0.2530,2.53,0.0000,0.0701,0.0766,,,,,,,
26.2477,10,3,9.1218,35.3688,converged,87811.73,52928.29,-0.1695,2.56,0.0000,0.0426,0.0568,,,,,,,
30.1034,10,3,9.2965,39.3995,converged,87811.99,52928.25,-0.1359,2.57,0.0000,0.0659,0.0482,,,,,,,
42.5037,8,3,9.3776,51.8806,converged,87812.24,52928.22,-0.1048,2.59,0.0000,0.0448,0.0220,,,,,,,
20.6190,10,3,9.2743,29.8933,converged,87812.24,52928.22,-0.1048,2.59,0.0000,0.0945,0.0849,,,,,,,
20.6957,10,4,11.9859,32.6809,converged,87812.76,52928.18,-0.0475,2.63,0.0000,0.1206,0.1261,0.0726,,,,,,
55.1508,6,6,23.0213,78.1714,completed,87813.03,52928.17,-0.0214,2.66,0.0000,0.2157,0.1019,0.4459,0.4145,0.3154,,,,
40.5136,8,8,26.4685,66.9815,completed,87813.03,52928.17,-0.0214,2.66,0.0000,0.0935,0.1634,0.5272,1.2688,2.0984,1.1268,0.4113,,
25.8221,10,10,32.9260,58.7480,completed,87813.71,52928.17,0.0352,2.79,0.0000,0.1166,0.1593,0.1091,0.1327,0.3071,0.4155,0.2107,0.1920,0.1160
41.9081,8,4,12.3350,54.2430,converged,87813.71,52928.17,0.0352,2.79,0.0000,0.1166,0.1314,0.0973,,,,,,
32.4703,10,10,28.9706,61.4406,converged,87814.35,52928.21,0.0814,2.86,0.0000,0.0510,0.1005,0.1081,0.3314,0.2514,0.1490,0.3169,0.1207,0.0974
21.1752,10,3,9.3092,30.4842,converged,87814.35,52928.21,0.0814,2.86,0.0000,0.0541,0.0765,,,,,,,
42.0232,8,3,13.5642,55.5872,converged,87814.98,52928.28,0.1268,2.82,0.0000,0.0168,0.0665,,,,,,,
35.4343,9,3,8.9622,44.3962,converged,87814.98,52928.28,0.1268,2.82,0.0000,0.0440,0.0671,,,,,,,
38.2785,9,3,8.8488,47.1269,converged,87815.54,52928.36,0.1660,2.84,0.0000,0.1439,0.0812,,,,,,,
38.0995,9,3,11.8431,49.9421,converged,87815.54,52928.36,0.1660,2.84,0.0000,0.0460,0.0431,,,,,,,
56.7141,6,6,22.4671,79.1811,completed,87816.18,52928.48,0.1970,2.95,0.0000,0.1341,0.1685,1.3160,0.4324,0.3999,,,,
45.3586,8,3,10.2416,55.5996,converged,87816.18,52928.48,0.1970,2.95,0.0000,0.1060,0.0677,,,,,,,
21.4261,10,3,9.5846,31.0106,converged,87816.92,52928.64,0.2180,3.19,0.0000,0.0799,0.0940,,,,,,,
55.7163,6,6,21.6071,77.3232,completed,87816.92,52928.64,0.2180,3.19,0.0000,0.1048,0.2968,0.5268,1.3936,1.2987,,,,
28.3199,10,3,9.3043,37.6233,converged,87817.57,52928.78,0.2293,3.44,0.0000,0.1020,0.0954,,,,,,,
54.2188,6,6,20.3175,74.5355,completed,87817.57,52928.78,0.2293,3.44,0.0000,0.1976,0.1828,0.2390,0.8335,0.3388,,,,
36.4930,9,3,8.9838,45.4758,converged,87818.36,52928.97,0.2393,3.73,0.0000,0.1286,0.0980,,,,,,,
53.4735,6,6,20.5427,74.0157,completed,87818.36,52928.97,0.2393,3.73,0.0000,0.3875,0.3314,0.2383,0.7579,1.0466,,,,
47.6934,7,7,25.1851,72.8781,completed,87819.20,52929.18,0.2452,3.99,0.0000,0.1754,0.1285,0.2042,0.6202,0.8515,0.4328,,,
56.3151,6,3,10.2212,66.5362,converged,87819.20,52929.18,0.2452,3.99,0.0000,0.2610,0.0956,,,,,,,
37.6654,9,4,12.1077,49.7728,converged,87820.20,52929.43,0.2462,4.24,0.0000,0.2040,0.1768,0.0412,,,,,,
30.7458,10,4,12.2737,43.0187,converged,87820.20,52929.43,0.2462,4.24,0.0000,0.1715,0.1145,0.0955,,,,,,
57.2337,6,6,21.2739,78.5069,completed,87821.04,52929.64,0.2444,4.41,0.0000,0.2712,0.1155,0.3936,1.1787,0.6495,,,,
52.5313,6,6,21.0444,73.5755,completed,87821.04,52929.64,0.2444,4.41,0.0000,0.2145,0.2179,0.1632,0.2000,0.2815,,,,
48.3650,7,7,24.2308,72.5958,completed,87822.25,52929.94,0.2412,4.68,0.0000,0.1921,0.1725,0.2964,0.1513,0.3105,0.2988,,,
57.3935,6,3,9.4893,66.8824,converged,87822.25,52929.94,0.2412,4.68,0.0000,0.1835,0.0907,,,,,,,
26.9997,10,3,9.2480,36.2470,converged,87823.42,52930.23,0.2392,4.95,0.0000,0.0903,0.0772,,,,,,,
45.5436,8,3,10.5950,56.1380,converged,87823.42,52930.23,0.2392,4.95,0.0000,0.1337,0.0348,,,,,,,
20.9012,10,4,13.6351,34.5361,converged,87824.40,52930.47,0.2371,5.14,0.0000,0.1326,0.1193,0.0240,,,,,,
33.8087,10,10,32.6691,66.4771,completed,87824.40,52930.47,0.2371,5.14,0.0000,0.1376,0.1256,0.1040,0.1559,0.1152,0.2958,0.5295,0.5115,0.3051
45.4953,8,8,26.4562,71.9512,completed,87825.55,52930.74,0.2332,5.40,0.0000,0.2700,0.2877,0.3060,0.1074,0.4191,0.7346,0.4601,,
52.1603,6,6,21.7644,73.9244,completed,87825.55,52930.74,0.2332,5.40,0.0000,0.3321,0.3067,0.2048,0.6598,0.6390,,,,
57.0215,6,3,10.0193,67.0403,converged,87826.90,52931.06,0.2296,5.72,0.0000,0.3622,0.0689,,,,,,,
51.7354,7,7,22.6314,74.3665,completed,87826.90,52931.06,0.2296,5.72,0.0000,0.2501,0.2120,0.2655,0.2004,0.4742,0.2717,,,
53.2337,6,6,20.8865,74.1196,completed,87828.33,52931.39,0.2269,5.97,0.0000,0.1406,0.2862,1.4992,1.8659,0.7189,,,,
37.8962,9,3,9.1993,47.0954,converged,87828.33,52931.39,0.2269,5.97,0.0000,0.1704,0.0927,,,,,,,
41.3325,8,8,26.7992,68.1312,completed,87829.66,52931.70,0.2239,6.12,0.0000,0.2648,0.1383,0.1510,0.8418,1.5118,0.7418,0.5404,,
56.7014,6,6,21.1496,77.8506,completed,87829.66,52931.70,0.2239,6.12,0.0000,0.6343,0.2823,0.2512,0.5782,0.3846,,,,
36.9488,9,4,12.0518,48.9998,converged,87831.31,52932.07,0.2203,6.21,0.0000,0.3820,0.3003,0.0366,,,,,,
26.2451,10,10,32.1627,58.4077,completed,87831.31,52932.07,0.2203,6.21,0.0000,0.3518,0.3431,0.2639,0.2721,0.2261,0.6831,0.9093,0.5526,0.2139
40.0882,8,4,12.3924,52.4805,converged,87832.53,52932.34,0.2179,6.22,0.0000,0.3570,0.1997,0.0146,,,,,,
56.6700,6,3,9.6022,66.2712,converged,87832.53,52932.34,0.2179,6.22,0.0000,0.5679,0.0674,,,,,,,
31.0990,10,4,12.2465,43.3456,converged,87834.05,52932.68,0.2158,6.26,0.0000,0.2393,0.1541,0.0105,,,,,,
37.6552,9,9,29.8961,67.5512,completed,87834.05,52932.68,0.2158,6.26,0.0000,0.4036,0.6431,0.2382,0.2281,1.0763,0.8320,0.3687,0.3975,
59.3559,5,5,18.0509,77.4060,completed,87835.28,52932.95,0.2147,6.35,0.0000,0.7954,0.6785,0.5790,0.9098,,,,,
44.4631,8,8,26.4001,70.8631,completed,87835.28,52932.95,0.2147,6.35,0.0000,0.4627,0.6129,0.1725,0.1818,0.5390,0.4872,0.4375,,
29.6246,10,5,15.2986,44.9226,converged,87837.00,52933.32,0.2134,6.45,0.0000,0.3703,0.4893,0.3249,0.0907,,,,,
39.3601,9,5,14.9940,54.3540,converged,87837.00,52933.32,0.2134,6.45,0.0000,0.4101,0.5135,0.2220,0.0703,,,,,
33.8708,10,5,15.3541,49.2241,converged,87838.26,52933.59,0.2123,6.48,0.0000,0.4785,0.5965,0.3133,0.0488,,,,,
51.9157,7,4,11.9560,63.8711,converged,87838.26,52933.59,0.2123,6.48,0.0000,0.5322,0.5179,0.0381,,,,,,
29.6383,10,10,32.9685,62.6065,completed,87839.70,52933.90,0.2119,6.54,0.0000,0.3526,0.6289,0.5732,0.2717,0.2110,0.1568,0.4350,0.6720,0.4195
31.8223,10,5,17.1200,48.9420,converged,87839.70,52933.90,0.2119,6.54,0.0000,0.3396,0.4274,0.1690,0.0357,,,,,
38.5267,9,9,29.0516,67.5776,completed,87841.14,52934.21,0.2119,6.61,0.0000,0.4235,0.4654,0.1786,0.3370,0.5053,0.4998,0.4864,0.2096,
45.7263,8,4,12.0567,57.7827,converged,87841.14,52934.21,0.2119,6.61,0.0000,0.4431,0.4034,0.0595,,,,,,
26.2114,10,5,15.0716,41.2826,converged,87842.77,52934.56,0.2111,6.69,0.0000,0.4349,0.4410,0.1754,0.0608,,,,,
33.6016,10,10,32.9709,66.5719,completed,87842.77,52934.56,0.2111,6.69,0.0000,0.2025,0.3610,0.2691,0.1790,0.4623,0.1313,0.3639,0.3133,0.1923
48.5252,7,7,24.2417,72.7667,completed,87844.08,52934.84,0.2108,6.71,0.0000,0.4995,0.3812,0.2746,0.2488,0.8560,0.4174,,,
41.8862,8,4,12.5759,54.4620,converged,87844.08,52934.84,0.2108,6.71,0.0000,0.4402,0.4966,0.0810,,,,,,
47.7940,7,3,9.1870,56.9810,converged,87845.72,52935.19,0.2107,6.69,0.0000,0.2493,0.0975,,,,,,,
25.5896,10,10,31.7577,57.3467,completed,87845.72,52935.19,0.2107,6.69,0.0000,0.1941,0.2169,0.1251,0.2088,0.2923,0.5043,0.5718,0.4075,0.2202
27.5172,10,5,14.6324,42.1494,converged,87847.19,52935.51,0.2101,6.68,0.0000,0.2758,0.2886,0.1124,0.0369,,,,,
21.0623,10,6,17.6104,38.6725,converged,87847.19,52935.51,0.2101,6.68,0.0000,0.1746,0.1988,0.1788,0.3059,0.0813,,,,
54.5510,6,6,19.8840,74.4340,completed,87848.49,52935.78,0.2096,6.67,0.0000,0.4271,0.4314,0.6297,0.6998,0.7534,,,,
25.4952,10,5,15.4968,40.9918,converged,87848.49,52935.78,0.2096,6.67,0.0000,0.1932,0.2149,0.1255,0.0995,,,,,
20.5377,10,4,12.3180,32.8551,converged,87849.96,52936.10,0.2090,6.64,0.0000,0.2547,0.2281,0.0782,,,,,,
29.3716,10,10,32.9773,62.3484,completed,87849.96,52936.10,0.2090,6.64,0.0000,0.2516,0.3149,0.1389,0.1227,0.3062,0.4928,0.2770,0.2874,0.1010
35.0518,9,9,29.4737,64.5247,completed,87851.41,52936.40,0.2087,6.58,0.0000,0.3408,0.4173,0.1879,0.2370,0.7167,0.4638,0.3958,0.1688,
55.2928,6,6,19.5926,74.8847,completed,87851.41,52936.40,0.2087,6.58,0.0000,0.4239,0.2526,0.3374,0.2339,0.1665,,,,
57.6772,6,6,20.4328,78.1098,completed,87853.01,52936.74,0.2090,6.48,0.0000,0.4718,0.3885,0.3650,0.6248,0.2705,,,,
58.4602,5,5,17.8884,76.3485,completed,87853.01,52936.74,0.2090,6.48,0.0000,0.6076,0.2473,0.8893,0.1858,,,,,
31.1782,10,10,28.7247,59.9027,converged,87854.58,52937.07,0.2082,6.36,0.0000,0.2780,0.3613,0.3013,0.1397,0.5445,0.1982,0.3592,0.2108,0.0789
48.9379,7,7,24.2436,73.1806,completed,87854.58,52937.07,0.2082,6.36,0.0000,0.2287,0.1966,0.2352,0.5394,0.6223,0.2516,,,
47.6151,7,7,23.5931,71.2081,completed,87856.12,52937.40,0.2076,6.22,0.0000,0.3520,0.4023,0.4663,0.7726,0.4041,0.4900,,,
25.9157,10,10,32.8738,58.7888,completed,87856.12,52937.40,0.2076,6.22,0.0000,0.1897,0.2804,0.1872,0.1180,0.3578,0.3476,0.4447,0.2521,0.1571
24.1943,10,4,12.8495,37.0435,converged,87857.63,52937.72,0.2071,6.11,0.0000,0.1675,0.1941,0.0664,,,,,,
26.9111,10,4,12.8443,39.7577,converged,87857.63,52937.72,0.2071,6.11,0.0000,0.1851,0.2387,0.0976,,,,,,
53.9805,6,6,21.3624,75.3424,completed,87858.82,52937.97,0.2070,6.04,0.0000,0.4546,0.4375,0.4873,0.8043,0.2341,,,,
46.1832,7,7,22.5400,68.7231,completed,87858.82,52937.97,0.2070,6.04,0.0000,0.2957,0.2827,0.1666,0.3892,0.2773,0.3141,,,
34.5655,9,5,15.0135,49.5786,converged,87860.28,52938.27,0.2072,5.97,0.0000,0.1675,0.2528,0.2223,0.0950,,,,,
24.2190,10,10,31.0107,55.2297,completed,87860.28,52938.27,0.2072,5.97,0.0000,0.1987,0.2705,0.2182,0.1519,0.3160,0.3377,0.5057,0.3192,0.1909
55.8138,6,6,22.3379,78.1509,completed,87861.45,52938.52,0.2066,5.91,0.0000,0.3572,0.2313,0.5092,1.3069,0.6802,,,,
51.3323,7,7,25.6697,77.0017,completed,87861.45,52938.52,0.2066,5.91,0.0000,0.2232,0.1503,0.2445,0.2322,0.1261,0.1365,,,
54.6241,6,6,20.1065,74.7306,completed,87863.03,52938.85,0.2061,5.83,0.0000,0.2302,0.2341,0.9099,0.2959,0.1745,,,,
59.3983,5,5,18.5854,77.9834,completed,87863.03,52938.85,0.2061,5.83,0.0000,0.3878,0.2461,0.8224,0.3586,,,,,
35.2431,9,9,29.8331,65.0762,completed,87864.59,52939.18,0.2059,5.75,0.0000,0.1512,0.1837,0.1709,0.5857,1.0418,0.6148,0.3984,0.3573,
49.2909,7,3,9.0137,58.3038,converged,87864.59,52939.18,0.2059,5.75,0.0000,0.1163,0.0665,,,,,,,
21.8865,10,10,31.7345,53.6205,completed,87865.84,52939.44,0.2050,5.66,0.0000,0.1195,0.1534,0.1115,0.3077,1.0564,0.4822,0.1356,0.1477,0.2592
53.4988,6,6,20.6317,74.1298,completed,87865.84,52939.44,0.2050,5.66,0.0000,0.2634,0.1885,0.8510,0.3416,0.3162,,,,
29.3477,10,3,9.7613,39.1083,converged,87867.22,52939.72,0.2038,5.58,0.0000,0.0713,0.0658,,,,,,,
36.2616,9,4,12.0642,48.3253,converged,87867.22,52939.72,0.2038,5.58,0.0000,0.1474,0.1604,0.0859,,,,,,
40.4536,8,8,28.5977,69.0507,completed,87868.30,52939.95,0.2038,5.54,0.0000,0.1664,0.1685,0.1863,0.9741,0.6051,0.5991,0.5221,,
57.9608,6,6,23.7581,81.7182,completed,87868.30,52939.95,0.2038,5.54,0.0000,0.2580,0.1603,0.7755,0.3107,0.3885,,,,
54.7715,6,6,20.7012,75.4722,completed,87869.66,52940.23,0.2040,5.51,0.0000,0.1297,0.3250,1.2456,0.3617,0.3793,,,,
49.5566,7,3,9.4334,58.9895,converged,87869.66,52940.23,0.2040,5.51,0.0000,0.1467,0.0464,,,,,,,
24.8760,10,10,31.7577,56.6337,completed,87871.00,52940.50,0.2025,5.46,0.0000,0.1188,0.1325,0.1207,0.3994,0.8695,0.4132,0.2070,0.2707,0.3460
24.2273,10,4,12.0724,36.2995,converged,87871.00,52940.50,0.2025,5.46,0.0000,0.1343,0.1325,0.0180,,,,,,
42.7636,8,8,34.3362,77.0992,completed,87872.06,52940.72,0.2012,5.40,0.0000,0.1437,0.1264,0.2320,0.7716,0.2996,0.4996,0.4711,,
22.4049,10,4,13.6217,36.0257,converged,87872.06,52940.72,0.2012,5.40,0.0000,0.1588,0.1684,0.0616,,,,,,
44.0399,8,3,9.7545,53.7935,converged,87873.12,52940.94,0.1999,5.34,0.0000,0.0844,0.0224,,,,,,,
35.9330,9,3,9.1383,45.0714,converged,87873.12,52940.94,0.1999,5.34,0.0000,0.1415,0.0898,,,,,,,
30.8667,10,4,12.7384,43.6044,converged,87874.29,52941.17,0.1977,5.27,0.0000,0.1189,0.1044,0.0536,,,,,,
52.6917,6,3,10.1322,62.8232,converged,87874.29,52941.17,0.1977,5.27,0.0000,0.1955,0.0583,,,,,,,
46.2552,7,3,9.4867,55.7417,converged,87875.32,52941.38,0.1960,5.20,0.0000,0.1291,0.0865,,,,,,,
40.7519,8,3,9.1237,49.8747,converged,87875.32,52941.38,0.1960,5.20,0.0000,0.1299,0.0700,,,,,,,
44.7627,8,3,10.0932,54.8552,converged,87876.45,52941.60,0.1943,5.10,0.0000,0.0575,0.0402,,,,,,,
53.7202,6,3,10.0022,63.7222,converged,87876.45,52941.60,0.1943,5.10,0.0000,0.2302,0.0551,,,,,,,
28.0491,10,4,12.6925,40.7415,converged,87877.57,52941.82,0.1916,4.98,0.0000,0.0897,0.1043,0.0608,,,,,,
24.2062,10,4,12.1982,36.4043,converged,87877.57,52941.82,0.1916,4.98,0.0000,0.1086,0.1313,0.0951,,,,,,
55.2596,6,6,25.2989,80.5580,completed,87878.53,52942.01,0.1898,4.86,0.0000,0.1015,0.2916,0.8048,0.4176,0.2704,,,,
51.1528,7,7,36.1618,87.3138,completed,87878.53,52942.01,0.1898,4.86,0.0000,0.2936,0.2272,0.5362,0.6014,0.5925,0.5377,,,
51.2979,7,7,23.9976,75.2946,completed,87879.82,52942.25,0.1875,4.69,0.0000,0.2096,0.1187,0.5255,0.4695,0.2870,0.3206,,,
27.2019,10,10,37.4918,64.6928,completed,87879.82,52942.25,0.1875,4.69,0.0000,0.1615,0.2403,0.2014,0.4634,0.7250,0.4101,0.5069,0.3436,0.2983
59.1812,5,5,18.2085,77.3895,completed,87880.95,52942.47,0.1868,4.51,0.0000,0.1398,0.1699,0.6304,0.4957,,,,,
43.4637,8,8,25.7821,69.2451,completed,87880.95,52942.47,0.1868,4.51,0.0000,0.2348,0.3346,0.2194,0.8252,0.1403,0.4683,0.3977,,
56.9002,6,6,25.4439,82.3440,completed,87882.15,52942.69,0.1870,4.31,0.0000,0.0864,0.4025,0.7392,0.6239,0.3965,,,,
42.5057,8,8,27.6322,70.1372,completed,87882.15,52942.69,0.1870,4.31,0.0000,0.1978,0.2475,0.4302,0.4404,0.4428,0.4353,0.3427,,
21.2327,10,10,39.4906,60.7226,completed,87883.18,52942.89,0.1915,4.11,0.0000,0.2534,0.3187,0.2075,0.5398,0.3475,0.4547,0.2583,0.3075,0.2653
33.6836,10,10,36.5305,70.2135,completed,87883.18,52942.89,0.1915,4.11,0.0000,0.2749,0.4015,0.3303,0.6102,0.3797,0.1205,0.4091,0.3941,0.3236
42.2754,8,8,27.5329,69.8080,completed,87884.16,52943.09,0.2055,3.92,0.0000,0.4610,0.5753,0.6087,1.1374,0.2492,0.5101,0.3453,,
27.4761,10,10,33.6318,61.1078,completed,87884.16,52943.09,0.2055,3.92,0.0000,0.3585,0.5086,0.4335,0.8047,0.3297,0.1561,0.5328,0.3997,0.3310
56.5142,6,6,20.6873,77.2013,completed,87885.10,52943.29,0.2219,3.73,0.0000,1.1120,1.4582,1.1930,0.9160,0.5392,,,,
47.4472,7,7,23.5020,70.9490,completed,87885.10,52943.29,0.2219,3.73,0.0000,0.7931,1.1554,1.5032,0.1611,0.4997,0.4778,,,
57.7421,6,6,21.4729,79.2149,completed,87885.98,52943.50,0.2470,3.56,0.0000,1.6322,2.3577,1.5394,0.3726,0.4185,,,,
34.6199,9,9,32.2000,66.8190,completed,87885.98,52943.50,0.2470,3.56,0.0000,0.4983,0.8357,1.0039,1.3386,0.2961,0.5527,0.4704,0.3437,
26.1017,10,10,34.0830,60.1841,completed,87886.82,52943.73,0.2826,3.42,0.0000,0.9058,1.3106,0.4938,2.4165,4.8300,3.5365,0.8716,0.4733,0.2461
34.5434,9,9,30.7255,65.2686,completed,87886.82,52943.73,0.2826,3.42,0.0000,0.5898,0.9795,0.9898,0.5839,0.4839,0.4220,0.4586,0.2963,
23.7485,10,10,31.9769,55.7249,completed,87887.62,52943.98,0.3284,3.27,0.0000,0.5715,0.6977,0.5508,0.5935,0.7395,0.2580,0.3573,0.2668,0.1848
58.4501,5,5,19.7913,78.2414,completed,87887.62,52943.98,0.3284,3.27,0.0000,1.0233,0.6320,1.9194,0.6932,,,,,
36.2274,9,9,30.4993,66.7263,completed,87888.37,52944.25,0.3841,3.13,0.0000,0.6067,0.5956,0.7729,0.8936,2.0273,0.7155,0.3063,0.2080,
40.2245,8,8,26.1532,66.3773,completed,87888.37,52944.25,0.3841,3.13,0.0000,0.3652,0.5552,0.3314,0.7600,2.5581,0.8235,0.2541,,
29.8737,10,10,31.9802,61.8532,completed,87889.07,52944.56,0.4455,3.01,0.0000,0.3590,0.3938,0.1710,1.1372,0.7240,1.0532,0.3780,0.1502,0.1314
22.1237,10,10,33.1185,55.2416,completed,87889.07,52944.56,0.4455,3.01,0.0000,0.2116,0.3858,0.3359,0.4359,0.4410,0.7359,0.2921,0.3133,0.2304
42.4805,8,8,26.4478,68.9278,completed,87889.67,52944.87,0.5103,2.91,0.0000,0.1943,0.1787,1.3875,3.2888,2.3442,1.1466,0.6311,,
28.5803,10,10,43.3655,71.9455,completed,87889.67,52944.87,0.5103,2.91,0.0000,0.2257,0.3565,0.2861,0.6634,4.3986,7.3652,3.3041,0.9996,0.3849
49.4258,7,7,23.3675,72.7925,completed,87890.28,52945.24,0.5899,2.83,0.0000,0.5877,0.6755,1.5571,2.8949,1.1666,0.3859,,,
45.1923,8,8,26.7850,71.9770,completed,87890.28,52945.24,0.5899,2.83,0.0000,0.1027,0.2016,0.8724,4.5288,4.5306,2.1841,1.2611,,
37.7051,9,3,9.7857,47.4908,converged,87890.84,52945.65,0.6748,2.74,0.0000,0.0929,0.0932,,,,,,,
40.8665,8,8,27.4983,68.3643,completed,87890.84,52945.65,0.6748,2.74,0.0000,0.0955,0.1799,0.1080,0.5819,0.4859,0.5449,0.3652,,
39.1857,9,4,12.5311,51.7162,converged,87891.30,52946.05,0.7595,2.68,0.0000,0.0611,0.1160,0.0531,,,,,,
31.0151,10,3,10.5182,41.5332,converged,87891.30,52946.05,0.7595,2.68,0.0000,0.0597,0.0785,,,,,,,
37.5890,9,3,9.1395,46.7285,converged,87891.67,52946.44,0.8438,2.66,0.0000,0.0499,0.0806,,,,,,,
33.8066,10,3,9.6091,43.4152,converged,87891.67,52946.44,0.8438,2.66,0.0000,0.0481,0.0948,,,,,,,
40.8850,8,3,9.3496,50.2347,converged,87892.00,52946.85,0.9340,2.64,0.0000,0.0425,0.0342,,,,,,,
23.9412,10,3,10.6561,34.5972,converged,87892.00,52946.85,0.9340,2.64,0.0000,0.0660,0.0623,,,,,,,
47.4140,7,3,9.6521,57.0662,converged,87892.30,52947.29,1.0247,2.66,0.0000,0.0251,0.0639,,,,,,,
54.7465,6,6,21.0097,75.7557,completed,87892.30,52947.29,1.0247,2.66,0.0000,0.0903,0.3559,0.7500,0.7502,0.4733,,,,
48.0515,7,7,23.9693,72.0204,completed,87892.61,52947.89,1.1463,2.79,0.0000,0.0190,0.1756,1.0147,0.5395,0.8324,0.5939,,,
29.4415,10,3,10.0202,39.4613,converged,87892.61,52947.89,1.1463,2.79,0.0000,0.0456,0.0207,,,,,,,
54.8816,6,6,23.1440,78.0250,completed,87892.84,52948.49,1.2660,2.97,0.0000,0.0350,0.2707,1.0898,0.7423,0.4545,,,,
48.7188,7,3,10.5183,59.2363,converged,87892.84,52948.49,1.2660,2.97,0.0000,0.0154,0.0854,,,,,,,
53.6008,6,6,28.8073,82.4073,completed,87893.02,52949.22,1.3915,3.03,0.0000,0.1113,0.2996,1.1365,0.5305,0.2798,,,,
51.7221,7,3,10.2048,61.9268,converged,87893.02,52949.22,1.3915,3.03,0.0000,0.0426,0.0739,,,,,,,
59.8499,5,5,25.9781,85.8272,completed,87893.12,52949.97,1.4896,3.01,0.0000,0.2039,0.1881,0.7110,0.9342,,,,,
31.1606,10,3,9.7152,40.8753,converged,87893.12,52949.97,1.4896,3.01,0.0000,0.0161,0.0267,,,,,,,
45.8298,8,8,26.4090,72.2380,completed,87893.15,52950.73,1.5629,3.04,0.0000,0.0811,0.1077,0.1617,0.7967,0.4707,0.6729,0.5034,,
28.2571,10,3,11.4766,39.7336,converged,87893.15,52950.73,1.5629,3.04,0.0000,0.0501,0.0525,,,,,,,
31.3704,10,3,12.0065,43.3765,converged,87893.14,52951.42,1.6197,3.10,0.0000,0.1071,0.0872,,,,,,,
32.1243,10,3,9.4750,41.5991,converged,87893.14,52951.42,1.6197,3.10,0.0000,0.0635,0.0407,,,,,,,
21.1528,10,3,11.4742,32.6262,converged,87893.09,52952.04,1.6749,3.14,0.0000,0.1192,0.0909,,,,,,,
42.6657,8,8,26.9897,69.6547,completed,87893.09,52952.04,1.6749,3.14,0.0000,0.0978,0.1196,0.1278,0.8562,1.0303,0.5406,0.3168,,
31.8668,10,4,13.8488,45.7148,converged,87892.99,52952.75,1.7350,3.20,0.0000,0.0895,0.1025,0.0920,,,,,,
53.1777,6,6,24.8474,78.0244,completed,87892.99,52952.75,1.7350,3.20,0.0000,0.1463,0.2653,0.9560,1.0871,0.5003,,,,
35.5524,9,9,29.0946,64.6467,completed,87892.86,52953.46,1.7813,3.26,0.0000,0.1258,0.1125,0.1188,0.6579,0.8990,0.9574,0.4729,0.2047,
41.1136,8,8,27.3775,68.4905,completed,87892.86,52953.46,1.7813,3.26,0.0000,0.1179,0.2715,0.5217,0.7157,0.8189,0.3636,0.2612,,
43.3070,8,4,12.5189,55.8260,converged,87892.67,52954.26,1.8141,3.32,0.0000,0.0759,0.1092,0.0977,,,,,,
51.2349,7,7,24.4086,75.6426,completed,87892.67,52954.26,1.8141,3.32,0.0000,0.0951,0.1508,0.1649,0.8140,0.5415,0.3662,,,
57.6930,6,6,22.9694,80.6614,completed,87892.46,52955.07,1.8368,3.37,0.0000,0.1759,0.1193,0.3032,1.0622,0.7119,,,,
48.7472,7,7,28.7223,77.4694,completed,87892.46,52955.07,1.8368,3.37,0.0000,0.2050,0.3103,0.1713,0.7292,0.9000,0.4892,,,
34.1879,9,9,43.0458,77.2328,completed,87892.20,52955.97,1.8604,3.46,0.0000,0.1664,0.2245,0.2132,0.4362,0.1356,0.3101,0.2266,0.1991,
24.4250,10,10,31.7710,56.1950,completed,87892.20,52955.97,1.8604,3.46,0.0000,0.1282,0.2268,0.3399,0.4383,0.5422,0.4320,0.5962,0.4077,0.1537
39.6040,9,9,32.1081,71.7111,completed,87891.92,52956.91,1.8765,3.65,0.0000,0.0424,0.1336,0.2777,0.2897,0.3343,0.7392,0.7263,0.2428,
23.2236,10,10,32.5203,55.7433,completed,87891.92,52956.91,1.8765,3.65,0.0000,0.2300,0.1793,0.1758,0.2397,1.2206,0.5380,1.0567,0.4923,0.2751
43.4218,8,4,12.6381,56.0591,converged,87891.66,52957.71,1.8863,3.84,0.0000,0.2037,0.1922,0.0409,,,,,,
57.2390,6,6,20.1622,77.4013,completed,87891.66,52957.71,1.8863,3.84,0.0000,0.1247,0.3902,0.5431,0.5689,0.2313,,,,
57.7191,6,3,9.4413,67.1603,converged,87891.35,52958.64,1.8900,4.01,0.0000,0.2082,0.0536,,,,,,,
53.5581,6,6,21.3235,74.8815,completed,87891.35,52958.64,1.8900,4.01,0.0000,0.4182,0.4560,1.1632,0.5395,0.3206,,,,
56.5971,6,6,20.9208,77.5178,completed,87891.03,52959.61,1.8891,4.16,0.0000,0.2022,0.2560,0.3034,0.3306,0.1994,,,,
39.7521,9,3,9.0923,48.8444,converged,87891.03,52959.61,1.8891,4.16,0.0000,0.1385,0.0766,,,,,,,
22.9737,10,3,9.2852,32.2582,converged,87890.70,52960.62,1.8858,4.30,0.0000,0.0547,0.0388,,,,,,,
25.2618,10,3,9.5993,34.8603,converged,87890.57,52961.03,1.8843,4.36,0.0000,0.1329,0.0595,,,,,,,
39.8581,9,3,9.0514,48.9095,converged,87890.43,52961.45,1.8835,4.42,0.0000,0.1344,0.0796,,,,,,,
29.0308,10,10,31.6457,60.6758,completed,87890.43,52961.45,1.8835,4.42,0.0000,0.2456,0.2134,0.2251,0.4022,0.3377,0.9326,0.6015,0.2408,0.1559
22.9065,10,3,9.3013,32.2073,converged,87890.12,52962.40,1.8818,4.53,0.0000,0.0731,0.0382,,,,,,,
31.9925,10,4,11.6643,43.6563,converged,87890.12,52962.40,1.8818,4.53,0.0000,0.1404,0.1486,0.0517,,,,,,
43.1445,8,8,32.8651,76.0092,completed,87889.88,52963.17,1.8780,4.60,0.0000,0.0307,0.2096,1.1774,0.6406,0.7709,0.6066,0.3050,,
33.9244,10,4,11.4078,45.3318,converged,87889.88,52963.17,1.8780,4.60,0.0000,0.1258,0.1597,0.0277,,,,,,
23.9201,10,3,9.4199,33.3400,converged,87889.57,52964.16,1.8721,4.67,0.0000,0.0383,0.0267,,,,,,,
56.6206,6,3,9.4531,66.0731,converged,87889.57,52964.16,1.8721,4.67,0.0000,0.1741,0.0784,,,,,,,
48.0236,7,7,25.5803,73.6033,completed,87889.26,52965.17,1.8658,4.69,0.0000,0.0946,0.2733,0.2821,0.9691,1.0474,0.2912,,,
50.1450,7,3,9.6598,59.8049,converged,87889.26,52965.17,1.8658,4.69,0.0000,0.0617,0.0869,,,,,,,
55.6210,6,6,21.2348,76.8558,completed,87888.92,52966.29,1.8553,4.67,0.0000,0.0832,0.8964,0.9731,0.7590,0.5883,,,,
49.9395,7,7,24.1867,74.1257,completed,87888.92,52966.29,1.8553,4.67,0.0000,0.0335,0.2902,0.1597,1.1337,0.5557,0.1787,,,
20.2897,10,10,32.3771,52.6662,completed,87888.57,52967.52,1.8398,4.64,0.0000,0.0371,0.1815,0.4539,0.4432,1.3018,0.6105,0.6712,0.5348,0.3353
59.6943,5,5,17.6114,77.3054,completed,87888.57,52967.52,1.8398,4.64,0.0000,0.0767,0.1783,2.2915,1.2665,,,,,
56.0684,6,6,21.6672,77.7352,completed,87888.30,52968.53,1.8243,4.64,0.0000,0.1356,0.9448,2.5241,1.3653,0.8643,,,,
46.3308,7,7,23.4115,69.7415,completed,87888.30,52968.53,1.8243,4.64,0.0000,0.0821,0.3853,4.1395,1.1528,2.3015,1.4708,,,
47.9601,7,7,25.4737,73.4338,completed,87887.99,52969.77,1.7997,4.68,0.0000,0.1139,0.1514,0.7138,2.3749,1.3426,0.7212,,,
31.3586,10,10,31.7841,63.1421,completed,87887.99,52969.77,1.7997,4.68,0.0000,0.0819,0.1529,0.3634,0.8625,0.6813,0.3823,0.7265,0.7412,0.5729
34.0206,9,9,29.5973,63.6174,completed,87887.77,52970.81,1.7738,4.71,0.0000,0.1260,0.2872,0.7023,1.2957,0.7112,2.3484,1.7132,0.9718,
26.3469,10,10,35.7663,62.1123,completed,87887.77,52970.81,1.7738,4.71,0.0000,0.0849,0.1312,0.2330,0.5113,1.1497,0.7026,0.5658,0.3178,0.2621
50.9894,7,7,34.8006,85.7897,completed,87887.55,52971.97,1.7297,4.75,0.0000,0.0974,0.4663,0.4918,1.0589,0.5475,0.4878,,,
55.3920,6,6,20.0045,75.3955,completed,87887.55,52971.97,1.7297,4.75,0.0000,0.1179,0.7083,5.3015,1.9326,1.4057,,,,
27.0558,10,3,9.0689,36.1239,converged,87887.38,52973.27,1.6719,4.78,0.0000,0.0455,0.0558,,,,,,,
57.6836,6,6,20.7728,78.4558,completed,87887.38,52973.27,1.6719,4.78,0.0000,0.1228,0.3063,0.9468,0.5409,0.2031,,,,
21.6150,10,3,9.5713,31.1863,converged,87887.30,52974.34,1.6141,4.77,0.0000,0.0774,0.0580,,,,,,,
44.9875,8,3,8.6981,53.6852,converged,87887.30,52974.34,1.6141,4.77,0.0000,0.0557,0.0832,,,,,,,
39.7816,9,3,9.2662,49.0472,converged,87887.29,52975.17,1.5634,4.73,0.0000,0.1222,0.0491,,,,,,,
27.5719,10,3,9.7410,37.3121,converged,87887.29,52975.17,1.5634,4.73,0.0000,0.0802,0.0542,,,,,,,
46.8781,7,7,24.6301,71.5081,completed,87887.32,52976.11,1.5071,4.67,0.0000,0.1514,0.1414,1.1242,0.7479,0.3280,0.4746,,,
27.1114,10,3,9.5596,36.6706,converged,87887.32,52976.11,1.5071,4.67,0.0000,0.0591,0.0668,,,,,,,
59.7526,5,5,18.4030,78.1550,completed,87887.42,52977.15,1.4501,4.60,0.0000,0.1786,0.1757,1.1291,0.6368,,,,,
46.4432,7,3,10.3598,56.8028,converged,87887.42,52977.15,1.4501,4.60,0.0000,0.2007,0.0527,,,,,,,
42.7616,8,3,12.7480,55.5090,converged,87887.59,52978.28,1.3887,4.57,0.0000,0.2208,0.0889,,,,,,,
50.6875,7,7,23.3263,74.0133,completed,87887.59,52978.28,1.3887,4.57,0.0000,0.2396,0.1652,0.2024,0.7738,0.4038,0.4942,,,
54.6243,6,3,9.2159,63.8399,converged,87887.81,52979.28,1.3254,4.56,0.0000,0.4235,0.0928,,,,,,,
39.2159,9,4,11.9790,51.1941,converged,87887.81,52979.28,1.3254,4.56,0.0000,0.1742,0.1341,0.0807,,,,,,
28.0636,10,4,11.8941,39.9571,converged,87888.09,52980.27,1.2546,4.54,0.0000,0.1405,0.1025,0.0926,,,,,,
34.2725,9,9,34.3970,68.6690,completed,87888.09,52980.27,1.2546,4.54,0.0000,0.0922,0.1283,0.2166,0.2773,0.8465,0.8453,0.6255,0.5508,
38.2509,9,4,13.1036,51.3536,converged,87888.45,52981.23,1.1784,4.54,0.0000,0.1606,0.1422,0.0952,,,,,,
33.6941,10,3,9.6628,43.3568,converged,87888.45,52981.23,1.1784,4.54,0.0000,0.0837,0.0787,,,,,,,
48.7066,7,7,23.6554,72.3614,completed,87888.82,52982.05,1.1046,4.55,0.0000,0.2056,0.1724,0.6616,1.1281,0.6725,0.4949,,,
27.2960,10,4,12.0310,39.3261,converged,87888.82,52982.05,1.1046,4.55,0.0000,0.1025,0.1390,0.0492,,,,,,
41.7148,8,8,26.6193,68.3334,completed,87889.32,52982.95,1.0250,4.57,0.0000,0.1857,0.1983,0.2706,0.9292,0.5949,0.5672,0.4818,,
51.2239,7,3,11.3375,62.5606,converged,87889.32,52982.95,1.0250,4.57,0.0000,0.1256,0.0694,,,,,,,
59.3977,5,5,24.6220,84.0191,completed,87889.96,52983.90,0.9392,4.62,0.0000,0.1702,0.2392,0.7942,0.5012,,,,,
39.0969,9,9,29.7941,68.8901,completed,87889.96,52983.90,0.9392,4.62,0.0000,0.1799,0.2467,0.3606,0.2871,0.5725,0.9680,0.6470,0.3816,
24.9018,10,4,11.6361,36.5371,converged,87890.76,52984.90,0.8357,4.68,0.0000,0.1336,0.1520,0.0793,,,,,,
37.2781,9,3,10.1514,47.4294,converged,87890.76,52984.90,0.8357,4.68,0.0000,0.1053,0.0910,,,,,,,
29.5863,10,10,31.7213,61.3073,completed,87891.42,52985.57,0.7560,4.74,0.0000,0.1518,0.2221,0.2190,0.3379,0.7600,0.7950,0.5834,0.1407,0.2600
41.1026,8,8,33.9950,75.0970,completed,87891.42,52985.57,0.7560,4.74,0.0000,0.0384,0.1080,0.1373,0.6094,0.7934,0.4973,0.3293,,
47.6951,7,7,23.9680,71.6630,completed,87892.24,52986.27,0.6679,4.81,0.0000,0.2516,0.2745,0.4249,0.1836,0.5440,0.4621,,,
31.5789,10,10,39.5662,71.1442,completed,87892.24,52986.27,0.6679,4.81,0.0000,0.1331,0.2280,0.2011,0.2846,0.4120,0.2400,0.3518,0.3919,0.3238
25.9956,10,4,12.6032,38.5983,converged,87893.32,52987.04,0.5714,4.90,0.0000,0.1127,0.1720,0.0768,,,,,,
58.3500,5,5,18.2599,76.6090,completed,87893.32,52987.04,0.5714,4.90,0.0000,0.3336,0.2755,0.4738,0.7499,,,,,
25.9762,10,3,9.2939,35.2699,converged,87894.28,52987.61,0.4972,5.00,0.0000,0.0768,0.0489,,,,,,,
27.0759,10,4,11.9528,39.0279,converged,87894.28,52987.61,0.4972,5.00,0.0000,0.1039,0.1751,0.0537,,,,,,
37.2085,9,3,9.1817,46.3897,converged,87895.07,52988.01,0.4420,5.07,0.0000,0.0762,0.0380,,,,,,,
32.8285,10,3,9.3073,42.1353,converged,87895.07,52988.01,0.4420,5.07,0.0000,0.0409,0.0472,,,,,,,
25.9049,10,10,33.9086,59.8126,completed,87896.01,52988.42,0.3898,5.19,0.0000,0.1914,0.4649,0.9546,1.5205,1.8951,2.5319,1.4789,0.8394,0.6086
59.6704,5,5,18.7076,78.3777,completed,87896.01,52988.42,0.3898,5.19,0.0000,0.6153,1.1265,1.8131,0.8923,,,,,
21.3366,10,10,33.3106,54.6466,completed,87897.24,52988.89,0.3362,5.32,0.0000,0.1233,0.1705,0.1866,0.4156,0.7139,0.5885,0.4946,0.4771,0.4889
25.3584,10,10,33.9792,59.3372,completed,87897.24,52988.89,0.3362,5.32,0.0000,0.0667,0.1548,0.7219,1.9755,1.1563,0.6240,0.4120,0.4341,0.4554
33.9925,10,10,36.4146,70.4066,completed,87898.39,52989.26,0.2932,5.42,0.0000,0.1587,0.1640,0.3901,1.5201,0.8582,0.6910,0.6993,0.6455,0.4434
53.5657,6,6,20.9864,74.5514,completed,87898.39,52989.26,0.2932,5.42,0.0000,0.0856,1.5777,1.5652,1.0736,0.9401,,,,
54.8554,6,6,19.2635,74.1185,completed,87899.70,52989.63,0.2538,5.51,0.0000,0.0576,1.4916,2.2650,1.8812,1.3616,,,,
50.7398,7,7,22.4439,73.1829,completed,87899.70,52989.63,0.2538,5.51,0.0000,0.2438,0.2320,1.4882,0.2334,0.7021,0.6130,,,
42.9887,8,8,26.0353,69.0233,completed,87901.20,52989.99,0.2229,5.70,0.0000,0.1884,0.1684,1.1769,2.0221,1.0271,0.7137,0.6060,,
26.5899,10,3,9.4699,36.0589,converged,87901.20,52989.99,0.2229,5.70,0.0000,0.0700,0.0815,,,,,,,
59.4389,5,5,18.1534,77.5914,completed,87902.33,52990.24,0.2049,5.88,0.0000,0.5777,1.6418,0.9290,0.4842,,,,,
41.5877,8,8,28.8308,70.4178,completed,87902.33,52990.24,0.2049,5.88,0.0000,0.0672,0.3623,1.8926,1.4888,0.9578,0.7913,0.5211,,
44.8108,8,8,35.5354,80.3455,completed,87903.95,52990.56,0.1858,6.16,0.0000,0.0621,0.4282,1.8219,1.1428,0.3327,0.3810,0.3134,,
55.9899,6,6,23.2568,79.2458,completed,87903.95,52990.56,0.1858,6.16,0.0000,0.1134,1.2512,2.9959,2.0407,1.1682,,,,
39.8420,9,3,10.3464,50.1884,converged,87905.66,52990.87,0.1752,6.46,0.0000,0.0814,0.0678,,,,,,,
53.7584,6,6,21.1310,74.8890,completed,87905.66,52990.87,0.1752,6.46,0.0000,0.0618,0.7092,1.9107,1.4192,1.0369,,,,
55.6397,6,6,23.6965,79.3355,completed,87907.12,52991.12,0.1703,6.70,0.0000,0.2306,0.3326,1.9014,1.0547,0.4976,,,,
59.8247,5,5,20.7560,80.5801,completed,87907.12,52991.12,0.1703,6.70,0.0000,0.3051,1.5625,2.5634,1.3102,,,,,
20.8238,10,4,11.9417,32.7647,converged,87908.97,52991.44,0.1685,6.98,0.0000,0.0820,0.1403,0.0880,,,,,,
24.4371,10,3,9.4977,33.9348,converged,87908.97,52991.44,0.1685,6.98,0.0000,0.0510,0.0973,,,,,,,
49.9781,7,7,23.4641,73.4421,completed,87910.19,52991.64,0.1682,7.14,0.0000,0.0804,0.4300,1.6306,2.2560,1.4378,0.6934,,,
28.0398,10,3,10.4017,38.4407,converged,87910.19,52991.64,0.1682,7.14,0.0000,0.0342,0.0982,,,,,,,
33.6041,10,3,13.4348,47.0388,converged,87911.62,52991.89,0.1688,7.35,0.0000,0.0266,0.0726,,,,,,,
33.9045,10,10,33.8851,67.7891,completed,87911.62,52991.89,0.1688,7.35,0.0000,0.0969,0.1684,0.1894,0.6245,0.2548,0.4094,0.3856,0.1278,0.1494
26.5271,10,3,10.7423,37.2694,converged,87913.46,52992.20,0.1702,7.60,0.0000,0.0548,0.0751,,,,,,,
25.8686,10,3,9.3702,35.2382,converged,87913.46,52992.20,0.1702,7.60,0.0000,0.0203,0.0984,,,,,,,
22.4077,10,3,12.9522,35.3592,converged,87914.79,52992.43,0.1709,7.80,0.0000,0.0832,0.0783,,,,,,,
25.6929,10,10,32.0192,57.7112,completed,87914.79,52992.43,0.1709,7.80,0.0000,0.0521,0.1186,0.1924,0.3581,0.3192,0.5975,0.5031,0.2422,0.1746
27.7001,10,4,12.1572,39.8572,converged,87916.35,52992.70,0.1720,8.02,0.0000,0.1295,0.2334,0.0743,,,,,,
31.1549,10,3,9.2586,40.4127,converged,87916.35,52992.70,0.1720,8.02,0.0000,0.0162,0.0534,,,,,,,
37.2186,9,4,12.2815,49.4995,converged,87917.74,52992.94,0.1736,8.19,0.0000,0.0459,0.1008,0.0961,,,,,,
53.6328,6,6,22.3772,76.0093,completed,87917.74,52992.94,0.1736,8.19,0.0000,0.1005,0.5811,1.2660,1.1474,0.6283,,,,
51.7756,7,7,23.6947,75.4697,completed,87919.78,52993.30,0.1753,8.38,0.0000,0.1265,0.1099,1.3951,0.3963,0.4493,0.2447,,,
53.8345,6,6,21.3043,75.1383,completed,87919.78,52993.30,0.1753,8.38,0.0000,0.0501,0.1520,0.5683,0.5293,0.3357,,,,
41.7562,8,8,26.1204,67.8764,converged,87921.86,52993.67,0.1765,8.51,0.0000,0.0909,0.1177,0.8364,1.1651,0.5789,0.2921,0.0997,,
41.4656,8,3,9.1141,50.5791,converged,87921.86,52993.67,0.1765,8.51,0.0000,0.0553,0.0405,,,,,,,
23.6409,10,10,30.0459,53.6859,converged,87923.76,52994.01,0.1789,8.60,0.0000,0.1639,0.1656,0.2961,1.2161,1.4625,0.5800,0.2544,0.2369,0.0949
24.7177,10,3,9.1798,33.8969,converged,87923.76,52994.01,0.1789,8.60,0.0000,0.0458,0.0890,,,,,,,
29.0534,10,10,29.6175,58.6706,converged,87925.45,52994.32,0.1825,8.64,0.0000,0.1834,0.2169,0.5058,1.1915,1.9799,0.3612,0.1208,0.1320,0.0769
56.0135,6,6,20.7293,76.7423,completed,87925.45,52994.32,0.1825,8.64,0.0000,0.0688,0.4195,1.4485,1.0839,0.8173,,,,
31.6135,10,3,9.2532,40.8662,converged,87927.58,52994.72,0.1867,8.66,0.0000,0.0624,0.0877,,,,,,,
42.8666,8,8,32.5439,75.4100,completed,87927.58,52994.72,0.1867,8.66,0.0000,0.1249,0.1845,0.2822,1.6370,1.5247,1.3176,0.4709,,
28.4714,10,3,10.5585,39.0295,converged,87929.50,52995.08,0.1883,8.66,0.0000,0.0597,0.0845,,,,,,,
58.2635,5,5,18.3499,76.6129,completed,87929.50,52995.08,0.1883,8.66,0.0000,0.0526,0.9901,0.5017,0.3491,,,,,
30.4034,10,10,32.5490,62.9520,completed,87931.41,52995.45,0.1884,8.65,0.0000,0.2198,0.3026,0.1108,1.1756,0.3535,0.8594,0.6614,0.3148,0.2142
25.5263,10,10,32.8798,58.4058,completed,87931.41,52995.45,0.1884,8.65,0.0000,0.0591,0.1398,0.2525,0.3374,3.3476,3.0952,1.6837,0.3168,0.3076
52.5534,6,6,20.6950,73.2480,completed,87933.32,52995.81,0.1893,8.64,0.0000,0.6463,0.1652,1.2990,0.5261,0.2452,,,,
23.9415,10,4,12.1981,36.1391,converged,87933.32,52995.81,0.1893,8.64,0.0000,0.1012,0.1587,0.0774,,,,,,
30.8401,10,10,36.1209,66.9609,completed,87935.23,52996.18,0.1911,8.62,0.0000,0.4390,0.4864,0.5894,3.5248,2.4831,1.0435,0.5586,0.3167,0.1008
26.9824,10,10,30.3050,57.2871,converged,87935.23,52996.18,0.1911,8.62,0.0000,0.0749,0.1308,0.1507,0.5059,0.6926,0.4330,0.3964,0.2649,0.0705
49.2090,7,7,30.6816,79.8896,completed,87937.12,52996.55,0.1930,8.53,0.0000,0.4933,0.4713,3.1788,1.0594,0.3388,0.2463,,,
31.6093,10,10,29.5700,61.1791,converged,87937.12,52996.55,0.1930,8.53,0.0000,0.1236,0.1015,0.1874,1.0195,0.9270,0.7120,0.5051,0.2961,0.0887
55.0172,6,6,21.7571,76.7741,completed,87939.20,52996.96,0.1949,8.48,0.0000,0.5235,1.8066,3.6667,1.7015,0.7433,,,,
31.4302,10,10,30.0174,61.4474,converged,87939.20,52996.96,0.1949,8.48,0.0000,0.1974,0.1419,0.2571,1.2412,0.9254,0.7614,0.6283,0.1887,0.0963
30.2245,10,10,32.8523,63.0764,completed,87941.28,52997.37,0.1963,8.47,0.0000,0.1950,0.4307,0.1616,1.8633,1.2831,0.5315,0.1809,0.2067,0.1487
27.7969,10,10,33.9402,61.7363,completed,87941.28,52997.37,0.1963,8.47,0.0000,0.3450,0.2340,0.7956,2.7383,1.3882,1.1491,0.5270,0.4265,0.1963
50.9549,7,7,23.7979,74.7519,completed,87943.15,52997.74,0.1971,8.48,0.0000,0.7079,0.7358,2.9990,1.4429,0.3328,0.1690,,,
45.0579,8,8,26.1941,71.2511,completed,87943.15,52997.74,0.1971,8.48,0.0000,0.4860,0.3903,1.3693,0.1607,0.7059,0.4169,0.1054,,
57.2965,6,6,20.8133,78.1093,completed,87945.24,52998.16,0.1971,8.50,0.0000,0.4351,1.2322,3.4307,1.4427,0.6840,,,,
37.3902,9,9,27.1584,64.5484,converged,87945.24,52998.16,0.1971,8.50,0.0000,0.3632,0.1240,1.2536,2.3839,0.3255,0.3437,0.3328,0.0886,
46.5773,7,7,22.8686,69.4457,completed,87947.32,52998.58,0.1972,8.52,0.0000,1.2185,1.9226,2.1957,3.6857,1.7332,0.7635,,,
47.8919,7,3,9.3710,57.2621,converged,87947.32,52998.58,0.1972,8.52,0.0000,0.5247,0.0536,,,,,,,
53.3118,6,6,19.9511,73.2622,completed,87949.41,52998.99,0.1980,8.53,0.0000,0.4116,0.9034,3.6312,1.9142,1.0533,,,,
45.9746,8,8,23.6038,69.5778,converged,87949.41,52998.99,0.1980,8.53,0.0000,0.1339,0.1071,1.7195,0.3169,0.1853,0.3341,0.0721,,
35.5290,9,8,23.3055,58.8336,converged,87951.50,52999.41,0.1997,8.52,0.0000,0.5830,0.9465,1.2447,2.2842,2.5806,0.7525,0.0949,,
44.3132,8,8,26.4925,70.8055,completed,87951.50,52999.41,0.1997,8.52,0.0000,0.3919,0.5539,1.2412,1.4754,1.5758,0.6604,0.3277,,
22.6420,10,10,32.4109,55.0530,completed,87953.58,52999.84,0.2013,8.51,0.0000,0.1966,0.1894,0.5461,3.3354,1.5814,1.3653,0.4141,0.2029,0.1679
37.5821,9,3,9.2133,46.7954,converged,87953.58,52999.84,0.2013,8.51,0.0000,0.0623,0.0942,,,,,,,
39.5906,9,9,32.0708,71.6608,completed,87955.25,53000.18,0.2019,8.50,0.0000,0.0940,0.2198,1.9306,2.6177,1.9610,1.3724,0.6770,0.2953,
33.1484,10,3,9.5133,42.6613,converged,87955.25,53000.18,0.2019,8.50,0.0000,0.0765,0.0884,,,,,,,
49.0019,7,7,24.3010,73.3020,completed,87957.33,53000.61,0.2030,8.49,0.0000,0.4455,0.5922,1.2921,1.1924,0.7223,0.3923,,,
31.0644,10,10,33.6220,64.6861,completed,87957.33,53000.61,0.2030,8.49,0.0000,0.0652,0.1203,0.2473,1.2206,0.2994,0.2232,0.2323,0.2194,0.1179
37.0580,9,9,28.4996,65.5577,completed,87959.20,53000.99,0.2037,8.49,0.0000,0.4640,0.7061,0.7014,0.3864,4.8415,1.8572,0.3697,0.1842,
58.6724,5,5,17.9234,76.5955,completed,87959.20,53000.99,0.2037,8.49,0.0000,0.1508,1.9390,1.1916,0.7430,,,,,
37.0011,9,9,30.9018,67.9028,completed,87961.49,53001.47,0.2045,8.52,0.0000,0.2674,0.4082,0.6371,0.2815,0.8594,0.8638,0.4807,0.2483,
20.3808,10,10,33.1235,53.5035,completed,87961.49,53001.47,0.2045,8.52,0.0000,0.0903,0.1256,0.3989,1.1468,1.0666,0.8228,0.8356,0.5945,0.2343
51.5809,7,3,9.6927,61.2727,converged,87963.37,53001.86,0.2052,8.53,0.0000,0.0244,0.0600,,,,,,,
47.6948,7,7,23.8582,71.5522,completed,87963.37,53001.86,0.2052,8.53,0.0000,0.2347,0.4247,0.3641,1.1708,0.8330,0.4116,,,
57.3853,6,6,20.9270,78.3120,completed,87965.46,53002.29,0.2061,8.56,0.0000,0.1751,1.6262,10.3937,3.7212,1.1776,,,,
43.4328,8,3,10.0888,53.5208,converged,87965.46,53002.29,0.2061,8.56,0.0000,0.0524,0.0516,,,,,,,
39.8097,9,9,29.0026,68.8116,completed,87967.35,53002.69,0.2060,8.56,0.0000,0.0442,0.1125,0.6180,1.2291,1.0394,0.6498,0.5491,0.2093,
33.4318,10,10,31.9434,65.3745,completed,87967.35,53002.69,0.2060,8.56,0.0000,0.0936,0.1031,0.1707,1.0783,0.4469,0.3405,0.1309,0.2307,0.1186
33.0847,10,3,9.3852,42.4692,converged,87969.44,53003.12,0.2060,8.53,0.0000,0.0580,0.0937,,,,,,,
38.9130,9,3,10.4459,49.3590,converged,87969.44,53003.12,0.2060,8.53,0.0000,0.0371,0.0681,,,,,,,
46.9238,7,7,24.9153,71.8383,completed,87971.11,53003.47,0.2060,8.52,0.0000,0.0864,0.1232,0.2971,0.4328,0.2492,0.3855,,,
22.3320,10,3,9.6403,31.9713,converged,87971.11,53003.47,0.2060,8.52,0.0000,0.0221,0.0142,,,,,,,
47.8905,7,3,9.5337,57.4237,converged,87972.98,53003.86,0.2065,8.51,0.0000,0.0718,0.0319,,,,,,,
37.7332,9,3,10.0907,47.8238,converged,87972.98,53003.86,0.2065,8.51,0.0000,0.0566,0.0709,,,,,,,
53.5871,6,6,20.8618,74.4488,completed,87974.86,53004.26,0.2070,8.51,0.0000,0.0374,0.1685,1.0191,1.2112,0.8472,,,,
39.9282,9,3,8.8133,48.7413,converged,87974.86,53004.26,0.2070,8.51,0.0000,0.0182,0.0465,,,,,,,
25.5243,10,3,9.3269,34.8509,converged,87976.73,53004.65,0.2078,8.50,0.0000,0.0195,0.0126,,,,,,,
34.9630,9,9,29.1938,64.1559,completed,87976.73,53004.65,0.2078,8.50,0.0000,0.0461,0.1102,0.1166,0.1664,0.3654,0.2792,0.3732,0.2344,
34.3005,9,4,12.9020,47.2020,converged,87978.60,53005.05,0.2086,8.50,0.0000,0.0749,0.1504,0.0836,,,,,,
50.0232,7,3,13.2115,63.2345,converged,87978.60,53005.05,0.2086,8.50,0.0000,0.0556,0.0386,,,,,,,
42.5958,8,4,12.7099,55.3049,converged,87980.47,53005.44,0.2092,8.49,0.0000,0.0928,0.1411,0.0969,,,,,,
36.8933,9,3,9.5009,46.3940,converged,87980.47,53005.44,0.2092,8.49,0.0000,0.0083,0.0197,,,,,,,
39.9045,9,3,10.6018,50.5058,converged,87982.34,53005.84,0.2097,8.49,0.0000,0.0519,0.0596,,,,,,,
31.5626,10,3,12.1077,43.6698,converged,87982.34,53005.84,0.2097,8.49,0.0000,0.0276,0.0775,,,,,,,
43.6456,8,3,10.6361,54.2812,converged,87983.99,53006.19,0.2102,8.46,0.0000,0.0674,0.0962,,,,,,,
42.2725,8,8,28.9820,71.2540,completed,87983.99,53006.19,0.2102,8.46,0.0000,0.2466,0.1974,0.1424,0.7179,0.1068,0.4355,0.3565,,
38.7016,9,9,33.1861,71.8871,completed,87985.85,53006.59,0.2109,8.44,0.0000,0.0970,0.1064,0.1320,0.6782,0.7308,0.2725,0.5802,0.3619,
30.7731,10,3,11.6757,42.4487,converged,87985.85,53006.59,0.2109,8.44,0.0000,0.0643,0.0564,,,,,,,
59.8251,5,5,17.7115,77.5365,completed,87987.71,53006.99,0.2114,8.43,0.0000,0.0382,0.1938,0.5399,0.7193,,,,,
41.3493,8,6,18.1463,59.4953,converged,87987.71,53006.99,0.2114,8.43,0.0000,0.1007,0.1921,0.1659,0.3420,0.0539,,,,
47.6967,7,3,8.9225,56.6185,converged,87989.77,53007.43,0.2120,8.42,0.0000,0.0391,0.0192,,,,,,,
51.9665,7,7,22.7634,74.7294,completed,87989.77,53007.43,0.2120,8.42,0.0000,0.0172,0.3364,0.7955,0.3772,0.1384,0.2982,,,
22.3743,10,3,10.2730,32.6471,converged,87991.62,53007.83,0.2126,8.43,0.0000,0.0702,0.0538,,,,,,,
54.9897,6,6,23.4025,78.3915,completed,87991.62,53007.83,0.2126,8.43,0.0000,0.0268,0.4142,0.9208,0.3822,0.5694,,,,
41.2545,8,8,27.0586,68.3127,completed,87993.47,53008.23,0.2134,8.42,0.0000,0.0423,0.1200,0.5002,0.6778,0.4524,0.8631,0.5805,,
47.8418,7,3,9.3828,57.2241,converged,87993.47,53008.23,0.2134,8.42,0.0000,0.0892,0.0321,,,,,,,
46.0802,7,3,9.1457,55.2258,converged,87995.53,53008.68,0.2141,8.42,0.0000,0.0092,0.0162,,,,,,,
26.6955,10,10,32.7159,59.4109,completed,87995.53,53008.68,0.2141,8.42,0.0000,0.0411,0.1140,0.1924,0.1559,0.3271,0.4589,0.6605,0.6641,0.3952
23.8984,10,3,9.1977,33.0958,converged,87997.38,53009.08,0.2145,8.43,0.0000,0.0488,0.0440,,,,,,,
48.4821,7,3,11.2224,59.7044,converged,87998.21,53009.26,0.2146,8.44,0.0000,0.1186,0.0276,,,,,,,
39.6448,9,9,28.8876,68.5316,completed,87998.21,53009.26,0.2146,8.44,0.0000,0.1697,0.1353,0.1153,0.7497,0.4453,0.7716,0.5134,0.3232,
47.7513,7,3,9.5771,57.3282,converged,88000.06,53009.67,0.2149,8.44,0.0000,0.1243,0.0976,,,,,,,
38.2833,9,3,10.8695,49.1525,converged,88000.06,53009.67,0.2149,8.44,0.0000,0.1060,0.0853,,,,,,,
56.9335,6,6,23.0275,79.9606,completed,88001.92,53010.07,0.2151,8.47,0.0000,0.2238,0.1151,1.0365,0.7091,0.7270,,,,
27.2675,10,3,9.6707,36.9378,converged,88001.92,53010.07,0.2151,8.47,0.0000,0.0529,0.0279,,,,,,,
28.2920,10,3,10.6960,38.9880,converged,88003.78,53010.48,0.2156,8.49,0.0000,0.0592,0.0296,,,,,,,
20.0438,10,3,9.4622,29.5053,converged,88003.78,53010.48,0.2156,8.49,0.0000,0.0942,0.0781,,,,,,,
59.8772,5,5,18.9027,78.7797,completed,88005.24,53010.80,0.2158,8.49,0.0000,0.3336,0.4975,1.0274,0.8978,,,,,
58.1506,5,5,22.9386,81.0886,completed,88005.24,53010.80,0.2158,8.49,0.0000,0.0977,0.2806,0.8612,0.9736,,,,,
57.8608,6,3,12.6292,70.4893,converged,88007.52,53011.30,0.2171,8.57,0.0000,0.1433,0.0199,,,,,,,
34.3867,9,3,9.3713,43.7574,converged,88007.52,53011.30,0.2171,8.57,0.0000,0.0400,0.0263,,,,,,,
32.9333,10,3,13.9628,46.8958,converged,88009.41,53011.72,0.2181,8.59,0.0000,0.0126,0.0170,,,,,,,
41.2021,8,3,12.7413,53.9433,converged,88009.41,53011.72,0.2181,8.59,0.0000,0.0256,0.0754,,,,,,,
37.7588,9,3,10.3631,48.1212,converged,88011.29,53012.13,0.2184,8.56,0.0000,0.0131,0.0724,,,,,,,
22.5899,10,3,9.7757,32.3648,converged,88011.29,53012.13,0.2184,8.56,0.0000,0.0914,0.0547,,,,,,,
35.0339,9,6,18.7772,53.8102,converged,88012.96,53012.51,0.2190,8.52,0.0000,0.0949,0.1820,0.1132,0.1719,0.0828,,,,
40.0322,8,3,12.3397,52.3718,converged,88012.96,53012.51,0.2190,8.52,0.0000,0.0566,0.0384,,,,,,,
44.2078,8,8,29.2718,73.4789,completed,88014.83,53012.92,0.2203,8.49,0.0000,0.1561,0.3285,0.4109,0.3366,0.4504,0.5630,0.3556,,
57.9149,6,6,21.0346,78.9486,completed,88014.83,53012.92,0.2203,8.49,0.0000,0.3199,0.2288,0.7877,0.6274,0.3775,,,,
42.0988,8,8,30.8019,72.8999,completed,88016.90,53013.39,0.2217,8.47,0.0000,0.1724,0.1743,1.0166,1.9960,2.4806,0.8372,0.3240,,
37.1948,9,3,13.5747,50.7687,converged,88016.90,53013.39,0.2217,8.47,0.0000,0.0420,0.0431,,,,,,,
41.3102,8,8,37.4149,78.7250,completed,88018.75,53013.80,0.2220,8.43,0.0000,0.0377,0.1483,0.1938,0.1928,0.8789,0.2778,0.2366,,
29.3509,10,3,8.9726,38.3226,converged,88018.75,53013.80,0.2220,8.43,0.0000,0.0270,0.0413,,,,,,,
37.1587,9,4,12.5155,49.6735,converged,88021.01,53014.31,0.2201,8.38,0.0000,0.0545,0.1014,0.0499,,,,,,
48.8303,7,7,24.3447,73.1747,completed,88021.01,53014.31,0.2201,8.38,0.0000,0.0679,0.1139,0.8219,0.6656,1.0420,0.6458,,,
50.6514,7,7,24.4616,75.1126,completed,88022.84,53014.72,0.2181,8.34,0.0000,0.0789,0.1187,1.0128,0.7954,0.8983,0.4546,,,
53.7070,6,6,21.1252,74.8312,completed,88022.84,53014.72,0.2181,8.34,0.0000,0.0902,0.2497,0.6904,0.2568,0.3486,,,,
36.0052,9,9,29.3009,65.3060,completed,88024.87,53015.17,0.2193,8.24,0.0000,0.0630,0.1400,0.1266,1.1277,0.5133,0.4670,0.4582,0.3373,
58.9121,5,5,20.6753,79.5874,completed,88024.87,53015.17,0.2193,8.24,0.0000,0.1851,0.5927,1.1766,0.7964,,,,,
43.8883,8,8,32.7786,76.6666,completed,88026.86,53015.62,0.2210,8.15,0.0000,0.0724,0.1302,0.2265,0.8614,0.6852,0.5454,0.2852,,
49.9978,7,7,33.9895,83.9865,completed,88026.86,53015.62,0.2210,8.15,0.0000,0.0810,0.2020,0.5579,0.2999,0.4651,0.4837,,,
27.5663,10,4,13.3669,40.9329,converged,88029.05,53016.11,0.2204,8.16,0.0000,0.1416,0.1640,0.0981,,,,,,
52.1934,6,6,21.2165,73.4096,completed,88029.05,53016.11,0.2204,8.16,0.0000,0.1686,0.2224,1.7784,0.9835,0.7013,,,,
54.2888,6,6,20.2149,74.5029,completed,88030.84,53016.51,0.2195,8.18,0.0000,0.5637,0.1663,2.3563,1.0726,0.9458,,,,
36.7847,9,9,28.5821,65.3662,completed,88030.84,53016.51,0.2195,8.18,0.0000,0.0825,0.2112,0.2070,1.0666,0.3503,0.1966,0.2300,0.1437,
25.8869,10,10,35.9531,61.8391,completed,88032.84,53016.95,0.2201,8.17,0.0000,0.0411,0.1498,0.2292,0.9884,1.6897,0.3115,0.4482,0.2783,0.2862
31.2427,10,10,33.5363,64.7783,completed,88032.84,53016.95,0.2201,8.17,0.0000,0.1204,0.3050,0.3822,0.7232,1.3960,0.5950,0.6781,0.3903,0.2221
28.2623,10,10,32.7166,60.9787,completed,88034.84,53017.40,0.2225,8.23,0.0000,0.0960,0.2900,0.3691,0.9746,1.2039,0.3146,0.8264,0.4856,0.3422
20.2871,10,10,32.6780,52.9650,completed,88034.84,53017.40,0.2225,8.23,0.0000,0.1591,0.3897,0.4000,0.2312,0.4079,1.5434,0.6359,0.4308,0.2569
38.7191,9,9,28.4758,67.1948,completed,88036.65,53017.81,0.2221,8.29,0.0000,0.0615,0.3875,0.5162,1.3007,1.0156,0.9127,0.6418,0.4786,
35.5259,9,9,28.7447,64.2698,completed,88036.65,53017.81,0.2221,8.29,0.0000,0.1794,0.4903,0.6368,1.4338,0.9175,0.7858,0.5666,0.4399,
38.3063,9,9,30.4341,68.7402,completed,88038.48,53018.22,0.2202,8.33,0.0000,0.1132,0.5024,0.6528,2.1369,1.6866,0.6930,0.6987,0.5314,
58.7412,5,5,18.3693,77.1103,completed,88038.48,53018.22,0.2202,8.33,0.0000,0.4056,0.3941,1.6300,0.3890,,,,,
51.0385,7,7,23.7359,74.7739,completed,88040.72,53018.72,0.2173,8.38,0.0000,0.1056,0.9296,2.3047,1.9791,1.0160,0.7992,,,
55.5118,6,6,25.0806,80.5917,completed,88040.72,53018.72,0.2173,8.38,0.0000,0.1808,0.8148,3.2074,0.7095,0.7795,,,,
38.9637,9,9,40.1076,79.0707,completed,88042.97,53019.22,0.2154,8.38,0.0000,0.0617,0.3452,0.4694,2.1683,1.6860,0.4667,0.5551,0.5035,
50.4399,7,7,23.5120,73.9511,completed,88042.97,53019.22,0.2154,8.38,0.0000,0.3233,0.5099,3.1558,0.9349,0.4479,0.4033,,,
32.1890,10,3,9.5541,41.7431,converged,88045.21,53019.71,0.2159,8.27,0.0000,0.1822,0.0730,,,,,,,
22.8671,10,3,9.0522,31.9193,converged,88045.21,53019.71,0.2159,8.27,0.0000,0.2312,0.0439,,,,,,,
48.6910,7,7,24.7259,73.4170,completed,88046.62,53020.02,0.2144,8.25,0.0000,0.1979,0.1604,0.8968,2.8538,1.2375,0.7137,,,
37.4205,9,9,28.9546,66.3747,completed,88046.62,53020.02,0.2144,8.25,0.0000,0.0855,0.3187,0.8220,2.0769,0.9806,1.0534,0.9388,0.5090,
34.4133,9,9,29.2627,63.6757,completed,88048.83,53020.49,0.2014,8.22,0.0000,0.0983,0.3454,0.8086,2.2898,0.5389,0.5302,0.6116,0.5042,
47.1834,7,7,22.7405,69.9236,completed,88048.83,53020.49,0.2014,8.22,0.0000,0.0397,0.8431,2.0100,0.6095,0.6618,0.5672,,,
42.4200,8,8,29.9945,72.4145,completed,88050.84,53020.89,0.1949,8.12,0.0000,0.1534,0.4681,2.0094,3.9247,1.5478,1.4416,0.6980,,
20.9247,10,3,9.7308,30.6549,converged,88050.84,53020.89,0.1949,8.12,0.0000,0.1085,0.0908,,,,,,,
36.8052,9,9,40.8718,77.6768,completed,88052.42,53021.20,0.1901,8.05,0.0000,0.0431,0.3842,0.8332,2.6934,1.9250,0.7743,0.6343,0.5382,
50.8107,7,7,23.3045,74.1145,completed,88052.42,53021.20,0.1901,8.05,0.0000,0.0413,0.2312,0.3955,0.4201,0.9142,0.3625,,,
48.3766,7,7,23.8049,72.1809,completed,88054.40,53021.56,0.1724,8.01,0.0000,0.1185,0.5539,2.0293,1.7557,1.4610,0.7459,,,
44.9974,8,8,27.9353,72.9324,completed,88054.40,53021.56,0.1724,8.01,0.0000,0.0735,0.3812,0.4081,0.7363,0.5524,0.4933,0.3839,,
23.2787,10,10,38.2615,61.5396,completed,88056.56,53021.91,0.1506,7.88,0.0000,0.0761,0.3256,0.3087,0.1638,1.0037,4.5171,1.4519,0.6729,0.4187
37.6042,9,9,29.6113,67.2153,completed,88056.56,53021.91,0.1506,7.88,0.0000,0.1157,0.4668,0.6848,1.6253,1.0577,0.8802,0.9001,0.5465,
39.7544,9,9,30.1312,69.8852,completed,88058.49,53022.18,0.1287,7.77,0.0000,0.0353,0.2757,0.2997,0.6660,1.2282,1.3649,0.2522,0.2810,
59.6727,5,5,18.3724,78.0445,completed,88058.49,53022.18,0.1287,7.77,0.0000,0.2268,1.4705,1.2530,0.4252,,,,,
47.7893,7,7,23.4019,71.1910,completed,88060.41,53022.39,0.0876,7.68,0.0000,0.1157,0.6075,2.1504,1.8491,1.4619,0.7050,,,
28.1976,10,10,33.9859,62.1829,completed,88060.41,53022.39,0.0876,7.68,0.0000,0.0578,0.1902,0.3522,1.0677,1.7994,0.2303,0.7265,0.4744,0.3474
24.6878,10,10,33.9742,58.6613,completed,88062.50,53022.53,0.0400,7.58,0.0000,0.0716,0.3226,0.3464,0.8581,2.0430,0.7579,0.5111,0.3700,0.3668
28.0171,10,10,34.4772,62.4943,completed,88062.50,53022.53,0.0400,7.58,0.0000,0.0426,0.1942,0.2327,0.5159,1.8523,1.0580,1.0404,0.3008,0.3060
28.5133,10,10,44.8078,73.3208,completed,88064.20,53022.56,0.0022,7.48,0.0000,0.0281,0.3040,0.6148,1.4937,3.0254,0.2116,0.4841,0.4489,0.4365
56.1558,6,6,20.5577,76.7127,completed,88064.20,53022.56,0.0022,7.48,0.0000,0.1336,0.7136,3.2698,0.4417,0.5925,,,,
34.2510,9,9,31.9602,66.2113,completed,88066.24,53022.53,-0.0337,7.39,0.0000,0.2149,0.4510,0.4060,0.7873,1.8973,1.6407,0.5607,0.5313,
30.3592,10,10,34.7214,65.0804,completed,88066.24,53022.53,-0.0337,7.39,0.0000,0.0760,0.2555,0.1063,1.8126,1.7438,4.3041,1.1491,0.7375,0.4437
57.7458,6,6,20.7078,78.4529,completed,88067.90,53022.45,-0.0572,7.35,0.0000,0.2522,0.1159,2.6441,2.0542,0.7077,,,,
44.5412,8,8,26.2143,70.7553,completed,88067.90,53022.45,-0.0572,7.35,0.0000,0.1169,0.6430,1.6294,3.0475,0.5627,0.4485,0.2658,,
33.2160,10,10,32.7315,65.9476,completed,88069.91,53022.31,-0.0833,7.33,0.0000,0.1375,0.3858,0.5313,1.2646,2.8085,0.2766,0.2916,0.1800,0.2384
42.8070,8,8,26.4486,69.2546,completed,88069.91,53022.31,-0.0833,7.33,0.0000,0.2082,0.2913,0.2842,2.7498,2.0491,0.5388,0.1598,,
23.2705,10,10,32.1591,55.4291,completed,88071.73,53022.14,-0.1093,7.27,0.0000,0.0745,0.1376,0.2518,1.1525,2.1847,3.7133,1.6537,0.7398,0.4023
50.9749,7,7,23.2644,74.2385,completed,88071.73,53022.14,-0.1093,7.27,0.0000,0.1063,0.3197,2.2104,3.8611,1.2066,0.6440,,,
48.3578,7,7,24.0589,72.4160,completed,88073.35,53021.94,-0.1357,7.23,0.0000,0.0863,0.1153,1.8135,3.3583,1.0104,0.5421,,,
31.4749,10,4,12.6690,44.1431,converged,88073.35,53021.94,-0.1357,7.23,0.0000,0.1172,0.1985,0.0988,,,,,,
46.2561,7,7,25.2271,71.4832,completed,88074.95,53021.70,-0.1579,7.17,0.0000,0.2052,0.3098,2.1930,1.3028,1.3099,0.6787,,,
38.7339,9,9,28.7807,67.5138,completed,88074.95,53021.70,-0.1579,7.17,0.0000,0.1279,0.2961,0.9346,2.6411,0.6314,3.0258,1.3187,0.9467,
44.1615,8,8,28.1512,72.3122,completed,88076.88,53021.37,-0.1850,7.03,0.0000,0.1014,0.1775,1.3399,3.3743,1.2546,0.8984,0.7362,,
50.2013,7,7,24.2434,74.4444,completed,88076.88,53021.37,-0.1850,7.03,0.0000,0.2727,0.5220,2.6625,0.7771,0.9395,0.4968,,,
47.5412,7,7,23.8294,71.3704,completed,88078.59,53021.02,-0.2122,6.94,0.0000,0.1383,0.4146,3.6462,0.9161,0.9002,0.5380,,,
33.1423,10,10,31.9507,65.0928,completed,88078.59,53021.02,-0.2122,6.94,0.0000,0.2606,0.3314,0.3433,1.2979,1.2655,1.9137,1.1264,0.4610,0.5145
34.7859,9,9,30.3627,65.1478,completed,88080.27,53020.64,-0.2410,6.89,0.0000,0.1899,0.2376,0.5076,1.8226,1.0325,1.0036,0.4037,0.2953,
43.9013,8,8,27.6021,71.5032,completed,88080.27,53020.64,-0.2410,6.89,0.0000,0.3367,0.4162,1.1444,1.0542,1.6316,0.7414,0.5783,,
24.8487,10,10,33.7350,58.5830,completed,88081.93,53020.20,-0.2704,6.85,0.0000,0.1860,0.3532,0.9071,1.9537,2.1505,0.7524,1.0792,0.7099,0.4220
29.0956,10,10,31.7467,60.8418,completed,88081.93,53020.20,-0.2704,6.85,0.0000,0.4248,0.5811,0.5794,0.9329,0.5660,2.0890,3.0716,1.0468,0.5586
56.2522,6,6,21.3150,77.5671,completed,88083.41,53019.77,-0.3022,6.82,0.0000,0.3361,0.8933,11.1576,5.9635,2.3962,,,,
46.4550,7,7,25.6763,72.1303,completed,88083.41,53019.77,-0.3022,6.82,0.0000,0.2054,0.4536,2.3263,7.8701,3.7233,1.5661,,,
48.2826,7,7,23.8596,72.1416,completed,88085.18,53019.17,-0.3456,6.79,0.0000,0.3853,0.3910,1.1758,1.1765,1.0824,0.6315,,,
38.2151,9,9,31.5630,69.7781,completed,88085.18,53019.17,-0.3456,6.79,0.0000,0.2739,0.4135,0.7378,1.2066,0.1658,0.9253,0.9582,0.6028,
52.0187,6,6,20.4735,72.4916,completed,88086.76,53018.57,-0.3877,6.76,0.0000,0.5127,0.7124,0.8007,2.9057,1.6181,,,,
53.5140,6,3,9.3245,62.8385,converged,88086.76,53018.57,-0.3877,6.76,0.0000,0.3880,0.0463,,,,,,,
40.8994,8,8,26.8968,67.7959,completed,88088.30,53017.90,-0.4350,6.68,0.0000,0.3861,0.8247,1.5441,1.4470,1.5680,1.3004,0.7800,,
37.3965,9,9,28.3798,65.7758,completed,88088.30,53017.90,-0.4350,6.68,0.0000,0.2549,0.4546,0.6918,0.6699,1.2060,0.9823,0.9635,0.4886,
52.1524,6,3,9.7537,61.9057,converged,88089.79,53017.16,-0.4881,6.59,0.0000,0.4393,0.0894,,,,,,,
34.3678,9,9,30.0227,64.3897,completed,88089.79,53017.16,-0.4881,6.59,0.0000,0.2391,0.2089,0.2002,0.7676,1.2610,1.6436,0.4385,0.4897,
38.4735,9,9,30.5372,69.0103,completed,88091.22,53016.35,-0.5405,6.53,0.0000,0.1440,0.1193,0.6779,0.7181,1.4540,3.2062,1.2869,0.8545,
40.3694,8,4,12.3317,52.7007,converged,88091.22,53016.35,-0.5405,6.53,0.0000,0.2272,0.2533,0.0716,,,,,,
52.9492,6,6,22.7597,75.7087,completed,88092.46,53015.57,-0.5902,6.51,0.0000,0.3106,0.3269,0.5990,0.4474,0.4706,,,,
53.4356,6,6,20.4438,73.8788,completed,88092.46,53015.57,-0.5902,6.51,0.0000,0.2840,0.4214,0.6575,0.4807,0.2501,,,,
20.8280,10,10,36.1737,57.0017,completed,88093.78,53014.62,-0.6470,6.48,0.0000,0.1197,0.2300,0.2793,0.2757,0.7102,0.4906,0.9285,0.7019,0.4669
48.0556,7,7,22.5445,70.5996,completed,88093.78,53014.62,-0.6470,6.48,0.0000,0.1856,0.1336,0.7210,0.9752,1.5459,0.5304,,,
40.7905,8,8,28.4006,69.1906,completed,88095.04,53013.61,-0.7008,6.49,0.0000,0.1407,0.2492,0.1473,0.2500,0.5700,0.5433,0.4371,,
41.3622,8,8,27.3500,68.7120,completed,88095.04,53013.61,-0.7008,6.49,0.0000,0.1901,0.3231,0.1643,0.5153,1.0643,0.5543,0.2951,,
32.0169,10,10,33.0379,65.0539,completed,88096.26,53012.54,-0.7480,6.52,0.0000,0.0890,0.2232,0.3076,0.4733,0.1894,0.4173,0.1816,0.3249,0.3932
37.1188,9,9,29.4881,66.6061,completed,88096.26,53012.54,-0.7480,6.52,0.0000,0.1512,0.3137,0.3397,0.4914,0.2576,0.1564,0.7426,0.5242,
30.1623,10,10,31.1735,61.3355,completed,88097.43,53011.40,-0.7946,6.54,0.0000,0.0663,0.1947,0.3271,0.4259,0.3938,0.3388,0.5238,0.9113,0.5943
21.2084,10,10,44.0029,65.2110,completed,88097.43,53011.40,-0.7946,6.54,0.0000,0.0709,0.1818,0.2364,0.1573,0.3324,0.1368,0.2998,0.6707,0.4456
20.4853,10,10,31.6809,52.1660,completed,88098.44,53010.33,-0.8337,6.57,0.0000,0.1027,0.2345,0.3453,0.5497,0.1796,0.4515,0.9134,0.5254,0.3997
27.7893,10,10,32.7591,60.5481,completed,88098.44,53010.33,-0.8337,6.57,0.0000,0.0696,0.1905,0.3206,0.5843,0.2591,0.4569,0.4525,1.0265,0.6421
21.8932,10,10,32.2613,54.1544,completed,88099.53,53009.08,-0.8770,6.64,0.0000,0.0640,0.1380,0.2160,0.4602,0.2402,0.3081,0.2573,0.5216,0.4469
47.2727,7,7,23.6737,70.9457,completed,88099.53,53009.08,-0.8770,6.64,0.0000,0.1196,0.2708,0.6240,0.6595,0.3472,0.3359,,,
32.3617,10,10,32.4968,64.8579,completed,88100.46,53007.91,-0.9170,6.69,0.0000,0.0613,0.1492,0.2658,0.4128,0.1245,0.1669,0.3319,0.5521,0.4565
51.3007,7,7,23.2974,74.5975,completed,88100.46,53007.91,-0.9170,6.69,0.0000,0.1507,0.3098,0.6006,0.3752,0.1644,0.3228,,,
47.5905,7,3,9.2425,56.8326,converged,88101.45,53006.56,-0.9557,6.74,0.0000,0.0755,0.0768,,,,,,,
25.1657,10,6,18.2040,43.3690,converged,88101.45,53006.56,-0.9557,6.74,0.0000,0.0887,0.1806,0.2086,0.2718,0.0824,,,,
33.4869,10,10,32.5048,65.9908,completed,88102.31,53005.30,-0.9922,6.81,0.0000,0.0636,0.1542,0.2375,0.3567,0.4089,0.8688,0.4812,0.1445,0.2589
22.0175,10,10,31.8837,53.9007,completed,88102.31,53005.30,-0.9922,6.81,0.0000,0.1886,0.3440,0.3898,0.4943,0.5969,0.5186,0.5130,0.7454,0.4487
50.2564,7,7,23.3599,73.6159,completed,88103.22,53003.85,-1.0315,6.88,0.0000,0.2442,0.5427,0.8118,0.3525,0.2088,0.2575,,,
54.3799,6,6,29.6014,83.9804,completed,88103.22,53003.85,-1.0315,6.88,0.0000,0.4237,0.6850,0.6622,0.1861,0.3967,,,,
48.8967,7,7,24.4549,73.3509,completed,88104.16,53002.19,-1.0682,6.96,0.0000,0.3146,0.5568,0.8730,0.6704,0.5238,0.3992,,,
45.9067,8,8,26.4403,72.3463,completed,88104.16,53002.19,-1.0682,6.96,0.0000,0.2439,0.5220,0.6932,0.8957,0.5691,0.4849,0.4045,,
48.4495,7,7,34.7925,83.2415,completed,88104.98,53000.65,-1.1090,7.02,0.0000,0.2606,0.4133,0.6119,0.9164,0.9690,0.5346,,,
24.6348,10,10,31.4041,56.0382,completed,88104.98,53000.65,-1.1090,7.02,0.0000,0.1960,0.3978,0.4681,0.5353,0.5736,0.3989,0.5089,0.4218,0.2493
55.1098,6,3,13.2370,68.3461,converged,88105.72,52999.05,-1.1543,7.06,0.0000,0.1176,0.0622,,,,,,,
39.9881,9,9,39.2207,79.2087,completed,88105.72,52999.05,-1.1543,7.06,0.0000,0.2164,0.3473,0.2709,0.4544,0.3417,0.2395,0.3108,0.1983,
28.5055,10,10,35.3481,63.8531,completed,88106.48,52997.26,-1.1936,7.10,0.0000,0.1503,0.2973,0.3239,0.2765,0.4019,0.7614,0.7652,0.4111,0.1895
42.3170,8,8,28.2166,70.5327,completed,88106.48,52997.26,-1.1936,7.10,0.0000,0.1449,0.3642,0.4923,0.7305,0.4454,0.5089,0.2971,,
20.3602,10,10,31.4705,51.8305,completed,88107.11,52995.59,-1.2256,7.16,0.0000,0.0548,0.1695,0.2452,0.6142,0.4158,0.1844,0.4335,0.2497,0.1227
48.9996,7,7,25.7295,74.7285,completed,88107.11,52995.59,-1.2256,7.16,0.0000,0.2557,0.4256,0.3588,0.1171,0.8447,0.3048,,,
37.3247,9,9,34.1092,71.4332,completed,88107.63,52994.06,-1.2498,7.24,0.0000,0.0841,0.1966,0.2761,1.0816,0.1676,0.5418,0.2763,0.1348,
41.9350,8,3,9.4649,51.4000,converged,88107.63,52994.06,-1.2498,7.24,0.0000,0.0546,0.0249,,,,,,,
39.1366,9,4,16.0621,55.1981,converged,88108.19,52992.33,-1.2716,7.27,0.0000,0.0708,0.1240,0.0805,,,,,,
24.4415,10,10,33.9457,58.3867,completed,88108.19,52992.33,-1.2716,7.27,0.0000,0.0856,0.1588,0.1567,0.3653,0.2937,0.2897,0.4152,0.2384,0.1209
42.8329,8,8,28.1473,70.9794,completed,88108.70,52990.58,-1.2958,7.32,0.0000,0.0305,0.1565,0.3651,1.1658,0.3730,0.7192,0.3322,,
32.4385,10,3,9.8142,42.2522,converged,88108.70,52990.58,-1.2958,7.32,0.0000,0.0278,0.0468,,,,,,,
39.1065,9,4,12.3054,51.4115,converged,88109.14,52988.99,-1.3120,7.31,0.0000,0.0415,0.1012,0.0805,,,,,,
55.5286,6,6,20.8503,76.3783,completed,88109.14,52988.99,-1.3120,7.31,0.0000,0.0682,0.2590,0.8154,0.3792,0.2952,,,,
28.9157,10,4,11.9451,40.8601,converged,88109.55,52987.40,-1.3235,7.32,0.0000,0.0624,0.1098,0.0649,,,,,,
50.7844,7,7,25.0099,75.7940,completed,88109.55,52987.40,-1.3235,7.32,0.0000,0.1041,0.1942,0.4501,0.2381,0.2087,0.2601,,,
48.9505,7,3,14.0209,62.9710,converged,88109.94,52985.80,-1.3352,7.30,0.0000,0.0878,0.0835,,,,,,,
57.7943,6,6,21.3864,79.1804,completed,88109.94,52985.80,-1.3352,7.30,0.0000,0.1602,0.3525,0.6132,0.2374,0.4437,,,,
42.7886,8,8,27.0613,69.8493,completed,88110.40,52983.85,-1.3448,7.24,0.0000,0.1009,0.1331,0.2460,0.4957,0.4758,0.3361,0.4697,,
26.8944,10,10,35.6334,62.5274,completed,88110.40,52983.85,-1.3448,7.24,0.0000,0.0850,0.1755,0.2566,0.3791,0.5658,0.1476,0.2089,0.2118,0.2388
35.6721,9,9,30.5528,66.2248,completed,88110.80,52982.09,-1.3518,7.20,0.0000,0.0935,0.1982,0.2707,0.6865,0.2886,0.3066,0.2304,0.3799,
53.7764,6,6,20.3994,74.1754,completed,88110.80,52982.09,-1.3518,7.20,0.0000,0.1501,0.1620,0.4894,0.2935,0.1957,,,,
22.3162,10,3,9.3059,31.6220,converged,88111.18,52980.34,-1.3570,7.18,0.0000,0.0406,0.0617,,,,,,,
58.3265,5,5,20.6681,78.9941,completed,88111.34,52979.64,-1.3596,7.18,0.0000,0.1760,0.7109,0.5131,0.3278,,,,,
48.4956,7,7,24.8063,73.3013,completed,88111.34,52979.64,-1.3596,7.18,0.0000,0.0937,0.2601,0.7822,0.3481,0.4375,0.3527,,,
22.0150,10,9,35.5923,57.6063,converged,88111.71,52977.88,-1.3646,7.15,0.0000,0.0601,0.1098,0.1906,0.5018,0.6634,0.1104,0.3183,0.0898,
29.7945,10,10,47.3605,77.1546,completed,88111.89,52977.01,-1.3660,7.12,0.0000,0.0561,0.1249,0.2114,0.5998,0.5320,0.6129,0.6763,0.2123,0.3007
39.8207,9,9,32.5616,72.3816,completed,88111.89,52977.01,-1.3660,7.12,0.0000,0.0901,0.2053,0.3527,0.8440,0.4706,0.3658,0.2493,0.2097,
55.0442,6,6,20.6798,75.7238,completed,88112.28,52975.10,-1.3665,7.04,0.0000,0.0731,0.2455,1.4661,0.8748,0.1606,,,,
36.6720,9,8,24.9560,61.6280,converged,88112.28,52975.10,-1.3665,7.04,0.0000,0.0726,0.1805,0.3741,1.0011,0.5702,0.2900,0.0838,,
23.6386,10,3,9.6066,33.2447,converged,88112.64,52973.39,-1.3663,6.93,0.0000,0.0398,0.0765,,,,,,,
24.1795,10,10,39.2122,63.3913,completed,88112.78,52972.72,-1.3659,6.88,0.0000,0.0784,0.1014,0.1232,0.2739,0.5174,0.3168,0.7104,0.2838,0.2102
53.2158,6,6,23.4504,76.6654,completed,88112.78,52972.72,-1.3659,6.88,0.0000,0.1146,0.3818,1.4945,0.1770,0.2611,,,,
34.5776,9,3,10.7261,45.3032,converged,88113.12,52971.05,-1.3654,6.71,0.0000,0.0696,0.0995,,,,,,,
45.6503,8,3,9.6209,55.2709,converged,88113.12,52971.05,-1.3654,6.71,0.0000,0.0569,0.0493,,,,,,,
51.0536,7,7,26.1087,77.1617,completed,88113.40,52969.76,-1.3639,6.56,0.0000,0.0957,0.3229,1.0930,0.9829,0.3061,0.2503,,,
51.6738,7,7,27.6870,79.3600,completed,88113.40,52969.76,-1.3639,6.56,0.0000,0.0777,0.1897,0.8766,0.5611,0.4306,0.1586,,,
39.0274,9,9,35.5468,74.5738,completed,88113.80,52967.86,-1.3597,6.34,0.0000,0.0665,0.1667,0.4911,1.3532,0.8474,0.1399,0.2390,0.1184,
53.8723,6,6,22.7761,76.6481,completed,88113.80,52967.86,-1.3597,6.34,0.0000,0.0642,0.1182,1.3990,0.7712,0.2214,,,,
47.7086,7,7,25.1358,72.8438,completed,88114.13,52966.34,-1.3570,6.13,0.0000,0.0542,0.1501,1.1942,0.5810,0.6305,0.1652,,,
44.8237,8,3,9.5912,54.4142,converged,88114.13,52966.34,-1.3570,6.13,0.0000,0.0317,0.0999,,,,,,,
45.5313,8,3,10.7062,56.2372,converged,88114.42,52965.01,-1.3537,5.92,0.0000,0.0392,0.0615,,,,,,,
53.5814,6,6,26.5486,80.1296,completed,88114.42,52965.01,-1.3537,5.92,0.0000,0.0985,0.3602,10.0493,2.5042,1.2884,,,,
59.7398,5,5,21.7951,81.5341,completed,88114.73,52963.60,-1.3484,5.68,0.0000,0.0788,0.2325,1.1750,0.5352,,,,,
56.7880,6,6,22.1783,78.9664,completed,88114.73,52963.60,-1.3484,5.68,0.0000,0.1263,0.3520,1.4512,1.0889,0.4664,,,,
38.1291,9,9,44.5954,82.7245,completed,88115.07,52962.11,-1.3473,5.42,0.0000,0.0568,0.1362,0.2501,1.2703,0.3098,0.5703,0.2736,0.2510,
24.5770,10,3,9.5145,34.0905,converged,88115.07,52962.11,-1.3473,5.42,0.0000,0.0422,0.0558,,,,,,,
49.7374,7,7,25.1788,74.9158,completed,88115.36,52960.81,-1.3519,5.27,0.0000,0.1511,0.3015,0.9819,1.6474,0.6467,0.2669,,,
27.6759,10,3,9.6701,37.3451,converged,88115.36,52960.81,-1.3519,5.27,0.0000,0.0654,0.0858,,,,,,,
42.1432,8,8,38.4276,80.5706,completed,88115.61,52959.67,-1.3600,5.12,0.0000,0.1120,0.1888,0.4679,1.3425,0.6866,0.5183,0.1906,,
32.2577,10,10,45.6252,77.8822,completed,88115.61,52959.67,-1.3600,5.12,0.0000,0.0796,0.1237,0.1470,0.4063,0.7935,0.4964,0.9806,0.6927,0.4415
54.2272,6,6,25.8853,80.1123,completed,88115.92,52958.19,-1.3738,4.91,0.0000,0.1972,0.2806,1.4776,0.4252,0.3921,,,,
28.1079,10,3,10.8122,38.9192,converged,88115.92,52958.19,-1.3738,4.91,0.0000,0.1055,0.0833,,,,,,,
23.6670,10,3,9.4719,33.1389,converged,88116.13,52957.12,-1.3819,4.77,0.0000,0.0443,0.0773,,,,,,,
57.5501,6,6,21.4511,79.0011,completed,88116.13,52957.12,-1.3819,4.77,0.0000,0.2166,0.1151,0.7080,0.2729,0.2024,,,,
31.9964,10,4,12.2247,44.2207,converged,88116.32,52956.08,-1.3975,4.64,0.0000,0.1158,0.1375,0.0738,,,,,,
29.9406,10,4,13.1220,43.0620,converged,88116.32,52956.08,-1.3975,4.64,0.0000,0.1276,0.1575,0.0565,,,,,,
41.2484,8,8,26.9126,68.1607,completed,88116.47,52955.18,-1.4207,4.50,0.0000,0.1557,0.1219,0.1446,0.4549,1.4846,0.8444,0.7148,,
34.2278,9,4,12.5824,46.8094,converged,88116.47,52955.18,-1.4207,4.50,0.0000,0.1106,0.1216,0.0482,,,,,,
37.2283,9,4,14.7444,51.9724,converged,88116.60,52954.19,-1.4531,4.35,0.0000,0.1263,0.1340,0.0245,,,,,,
28.9786,10,4,13.7764,42.7544,converged,88116.60,52954.19,-1.4531,4.35,0.0000,0.1119,0.1389,0.0485,,,,,,
30.7701,10,3,10.3230,41.0930,converged,88116.69,52953.23,-1.4936,4.24,0.0000,0.0706,0.0802,,,,,,,
45.6702,8,8,36.4415,82.1116,completed,88116.69,52953.23,-1.4936,4.24,0.0000,0.1151,0.1746,0.1779,0.9598,0.7663,0.9112,0.7307,,
21.6812,10,3,10.5591,32.2402,converged,88116.75,52952.19,-1.5471,4.12,0.0000,0.0696,0.0680,,,,,,,
39.8143,9,9,39.5068,79.3208,completed,88116.75,52952.19,-1.5471,4.12,0.0000,0.1590,0.2577,0.2458,0.3968,0.4128,0.4016,0.3055,0.3737,
38.5368,9,9,31.2950,69.8310,completed,88116.75,52951.27,-1.6004,4.03,0.0000,0.1302,0.1675,0.1418,0.3552,0.4009,0.5117,0.5078,0.4563,
47.6311,7,3,9.5357,57.1668,converged,88116.75,52951.27,-1.6004,4.03,0.0000,0.1075,0.0527,,,,,,,
39.1454,9,9,32.5834,71.7285,completed,88116.68,52950.28,-1.6673,3.93,0.0000,0.1362,0.1923,0.1143,0.3301,1.3204,1.0482,0.7963,0.4491,
26.6807,10,10,34.2410,60.9210,completed,88116.68,52950.28,-1.6673,3.93,0.0000,0.0829,0.1230,0.1306,0.1952,0.2442,0.5572,0.3533,0.3696,0.3902
55.3931,6,6,22.7818,78.1748,completed,88116.55,52949.32,-1.7451,3.80,0.0000,0.2777,0.5426,0.8406,0.9210,0.4861,,,,
44.7807,8,8,31.1879,75.9679,completed,88116.55,52949.32,-1.7451,3.80,0.0000,0.0865,0.1146,0.1382,0.3994,0.3877,0.4378,0.5553,,
44.1313,8,8,28.1443,72.2754,completed,88116.35,52948.41,-1.8394,3.68,0.0000,0.0830,0.1629,0.3295,0.4518,0.7794,0.4480,0.3916,,
40.7620,8,4,12.9477,53.7098,converged,88116.35,52948.41,-1.8394,3.68,0.0000,0.1077,0.1635,0.0915,,,,,,
51.9640,7,7,30.9356,82.8986,completed,88116.07,52947.55,-1.9389,3.56,0.0000,0.3035,0.5929,0.7311,0.6281,0.4924,0.3673,,,
53.3809,6,6,32.3296,85.7097,completed,88116.07,52947.55,-1.9389,3.56,0.0000,0.2945,0.6606,0.2955,0.2524,0.3052,,,,
37.7978,9,9,34.4080,72.2050,completed,88115.67,52946.68,-2.0548,3.41,0.0000,0.2611,0.4957,0.7644,0.8217,1.0974,1.1649,0.5278,0.3835,
48.5155,7,7,26.7996,75.3147,completed,88115.67,52946.68,-2.0548,3.41,0.0000,0.5757,0.9592,0.6253,0.5571,0.9643,0.5038,,,
26.2348,10,10,39.6608,65.8948,completed,88115.14,52945.81,-2.1772,3.39,0.0000,0.3652,0.5563,0.4968,0.2853,0.1779,0.7839,1.0290,0.5100,0.3759
53.2468,6,6,21.3008,74.5468,completed,88115.14,52945.81,-2.1772,3.39,0.0000,0.5637,0.8392,0.7955,3.5665,1.5099,,,,
40.0077,8,8,30.8485,70.8555,completed,88114.64,52945.15,-2.2675,3.30,0.0000,0.3332,0.5011,0.4919,0.6195,0.3693,0.2505,0.3214,,
44.1147,8,8,41.6987,85.8146,completed,88114.64,52945.15,-2.2675,3.30,0.0000,0.3345,0.5645,0.6243,0.9921,0.7409,0.4863,0.2987,,
35.6537,9,9,48.7410,84.3940,completed,88114.04,52944.49,-2.3574,3.19,0.0000,0.1244,0.1942,0.1108,0.2239,0.5308,0.6423,0.5189,0.3461,
24.5272,10,10,53.2625,77.7895,completed,88114.04,52944.49,-2.3574,3.19,0.0000,0.3278,0.4701,0.4730,0.4731,0.9852,0.5341,0.2890,0.3154,0.2054
29.1672,10,10,34.3213,63.4884,completed,88113.27,52943.80,-2.4565,3.20,0.0000,0.1852,0.3032,0.2008,0.1284,0.1881,0.7490,0.7663,0.2774,0.2037
55.1272,6,6,24.3459,79.4729,completed,88113.27,52943.80,-2.4565,3.20,0.0000,0.4262,0.5533,1.5383,1.4345,0.6111,,,,
29.2543,10,10,32.0988,61.3528,completed,88112.55,52943.26,-2.5428,3.33,0.0000,0.0799,0.1637,0.1254,0.3622,0.3778,0.7489,0.5381,0.3035,0.2334
28.3801,10,10,42.2478,70.6279,completed,88112.55,52943.26,-2.5428,3.33,0.0000,0.0864,0.1889,0.2046,0.2298,0.5979,0.2606,0.2627,0.3273,0.2665
31.5651,10,10,36.1976,67.7627,completed,88111.84,52942.81,-2.6156,3.44,0.0000,0.0495,0.1083,0.3840,0.5350,0.1786,0.8678,0.5736,0.2688,0.2001
29.6536,10,3,10.9710,40.6241,converged,88111.84,52942.81,-2.6156,3.44,0.0000,0.0533,0.0854,,,,,,,
28.4368,10,10,33.9217,62.3578,completed,88111.07,52942.40,-2.6766,3.56,0.0000,0.2451,0.4139,1.4840,4.3746,4.5569,2.0489,1.2942,0.6034,0.3179
38.8345,9,9,30.7174,69.5515,completed,88111.07,52942.40,-2.6766,3.56,0.0000,0.1004,0.1995,0.3040,3.1595,1.3499,0.3870,0.2467,0.2652,
31.2039,10,10,33.8677,65.0707,completed,88110.25,52942.01,-2.7293,3.69,0.0000,0.1844,0.1316,0.7393,1.5270,1.5219,1.5564,0.3550,0.3718,0.3960
38.7724,9,9,35.2535,74.0256,completed,88110.25,52942.01,-2.7293,3.69,0.0000,0.0497,0.2525,0.9139,1.7744,1.5727,0.7081,0.5570,0.3173,
54.0560,6,6,22.4170,76.4720,completed,88109.38,52941.66,-2.7774,3.75,0.0000,0.8014,1.4934,5.7752,2.5080,1.4336,,,,
44.8587,8,8,28.9758,73.8338,completed,88109.38,52941.66,-2.7774,3.75,0.0000,0.4067,1.2850,5.9296,6.1321,3.0025,1.1258,0.3130,,
20.9010,10,10,44.5250,65.4250,completed,88108.50,52941.35,-2.8273,3.80,0.0000,0.0147,0.1166,0.5871,2.3388,4.6580,0.7192,0.5810,0.4623,0.3403
24.4991,10,10,34.1385,58.6376,completed,88108.50,52941.35,-2.8273,3.80,0.0000,0.2033,0.3657,0.3162,0.1081,1.4920,1.2310,0.4851,0.5049,0.3575
32.0373,10,10,33.4842,65.5212,completed,88107.57,52941.07,-2.8691,3.92,0.0000,0.2115,0.2566,1.1555,4.7008,5.3505,0.5249,0.4518,0.6809,0.5489
27.9795,10,10,34.5459,62.5249,completed,88107.57,52941.07,-2.8691,3.92,0.0000,0.3662,0.6813,1.7024,4.2773,6.5527,1.1632,0.8402,0.4310,0.3117
20.0643,10,10,34.1546,54.2186,completed,88106.61,52940.82,-2.8999,4.04,0.0000,0.2487,0.3752,0.5173,0.2550,0.8712,0.7326,0.4099,0.2898,0.2801
59.8511,5,5,18.8934,78.7445,completed,88106.61,52940.82,-2.8999,4.04,0.0000,0.7024,2.2655,3.0556,0.9962,,,,,
36.1472,9,3,10.2384,46.3854,converged,88105.71,52940.61,-2.9176,4.13,0.0000,0.0524,0.0544,,,,,,,
31.3217,10,10,39.8462,71.1672,completed,88105.71,52940.61,-2.9176,4.13,0.0000,0.2277,0.2366,0.3500,0.8728,1.0332,0.4123,0.5564,0.4012,0.1800
57.1001,6,6,22.2200,79.3201,completed,88104.70,52940.38,-2.9330,4.17,0.0000,0.2530,1.9366,6.0606,3.3544,0.9995,,,,
32.4698,10,10,42.2978,74.7669,completed,88104.70,52940.38,-2.9330,4.17,0.0000,0.2485,0.1624,0.1138,0.3296,0.4462,1.2229,0.4419,0.1612,0.1835
51.5142,7,7,25.4357,76.9497,completed,88103.66,52940.17,-2.9457,4.32,0.0000,0.2190,0.7661,0.6094,1.4142,1.1267,0.4260,,,
20.2108,10,10,31.5742,51.7842,completed,88103.66,52940.17,-2.9457,4.32,0.0000,0.0396,0.3567,1.1958,3.1684,4.8939,3.5603,0.8657,0.3755,0.2021
53.9622,6,6,22.3244,76.2864,completed,88102.58,52939.96,-2.9541,4.50,0.0000,0.1289,0.5198,3.0125,1.3007,0.8733,,,,
34.7592,9,9,32.3513,67.1103,completed,88102.58,52939.96,-2.9541,4.50,0.0000,0.0431,0.3011,1.2744,1.7523,3.3524,0.9225,0.2267,0.1812,
45.3901,8,8,37.7273,83.1174,completed,88101.34,52939.73,-2.9578,4.69,0.0000,0.1827,0.5329,0.4300,1.1691,0.7615,0.1608,0.1885,,
27.8841,10,10,32.8919,60.7760,completed,88101.34,52939.73,-2.9578,4.69,0.0000,0.1786,0.4505,0.5415,0.3378,0.8804,1.6039,1.0073,0.3479,0.1429
23.9783,10,3,9.5097,33.4878,converged,88100.06,52939.49,-2.9580,4.78,0.0000,0.0203,0.0737,,,,,,,
46.4260,7,3,10.0110,56.4371,converged,88100.06,52939.49,-2.9580,4.78,0.0000,0.1371,0.0939,,,,,,,
21.7234,10,10,34.6928,56.4158,completed,88099.11,52939.31,-2.9564,4.91,0.0000,0.1805,0.4153,0.6447,0.7619,0.6811,1.7716,0.3794,0.1451,0.2050
43.6282,8,8,25.4989,69.1269,completed,88099.11,52939.31,-2.9564,4.91,0.0000,0.4510,0.6522,0.5047,1.5269,0.7414,0.4188,0.2024,,
21.1718,10,10,31.8148,52.9858,completed,88098.00,52939.10,-2.9549,5.15,0.0000,0.4305,0.9489,1.4880,2.6704,5.9748,4.2792,1.3184,0.6119,0.2982
54.1494,6,6,23.1284,77.2774,completed,88098.00,52939.10,-2.9549,5.15,0.0000,0.7449,1.8796,3.1522,2.2329,0.8149,,,,
27.8607,10,10,33.7520,61.6120,completed,88096.69,52938.86,-2.9553,5.47,0.0000,0.2743,0.5940,0.4988,0.7405,1.9543,2.4484,0.9740,0.5310,0.2292
27.1480,10,4,12.2989,39.4460,converged,88096.69,52938.86,-2.9553,5.47,0.0000,0.2044,0.3647,0.0341,,,,,,
52.2983,6,6,21.8389,74.1369,completed,88095.45,52938.63,-2.9558,5.68,0.0000,0.1481,0.4947,4.4042,2.4116,0.8383,,,,
50.1676,7,7,29.9286,80.0956,completed,88095.45,52938.63,-2.9558,5.68,0.0000,0.1224,0.6291,0.7353,1.1152,1.2208,0.5964,,,
48.4791,7,7,27.5499,76.0289,completed,88094.05,52938.36,-2.9563,5.74,0.0000,0.1900,0.8802,0.7889,0.8060,0.9706,0.5025,,,
46.5645,7,7,33.0702,79.6342,completed,88094.05,52938.36,-2.9563,5.74,0.0000,0.2580,0.8152,0.6676,0.5757,0.4463,0.1985,,,
53.5447,6,6,23.8281,77.3721,completed,88092.49,52938.07,-2.9559,5.86,0.0000,0.1516,1.0643,0.6745,0.8042,0.6714,,,,
23.7631,10,10,34.6625,58.4255,completed,88092.49,52938.07,-2.9559,5.86,0.0000,0.1469,0.2118,0.3933,0.3538,1.2424,1.3557,0.5046,0.1255,0.2165
33.4265,10,4,14.0904,47.5164,converged,88091.02,52937.79,-2.9546,6.10,0.0000,0.1666,0.2059,0.0714,,,,,,
47.9264,7,7,22.5766,70.5027,completed,88091.02,52937.79,-2.9546,6.10,0.0000,0.0512,0.3916,0.3418,0.6975,0.6993,0.3841,,,
20.9791,10,10,31.9696,52.9486,completed,88089.49,52937.50,-2.9536,6.39,0.0000,0.1494,0.2312,0.1830,0.3527,1.1152,1.2888,0.7523,0.3854,0.2101
20.4003,10,3,9.2906,29.6907,converged,88089.49,52937.50,-2.9536,6.39,0.0000,0.0323,0.0747,,,,,,,
59.8611,5,5,19.0116,78.8726,completed,88088.21,52937.26,-2.9531,6.61,0.0000,0.0650,1.3773,1.2004,1.0586,,,,,
22.7485,10,3,9.2757,32.0238,converged,88088.21,52937.26,-2.9531,6.61,0.0000,0.1078,0.0409,,,,,,,
59.0914,5,5,18.5874,77.6785,completed,88086.73,52936.97,-2.9528,6.82,0.0000,0.1257,0.3381,1.4340,0.4449,,,,,
44.9897,8,3,9.5779,54.5669,converged,88086.73,52936.97,-2.9528,6.82,0.0000,0.1410,0.0592,,,,,,,
34.1191,9,9,28.6084,62.7274,completed,88085.02,52936.65,-2.9519,7.07,0.0000,0.3272,0.5153,1.3543,9.0996,7.2361,2.3194,0.4698,0.3069,
40.6446,8,3,10.0116,50.6557,converged,88085.02,52936.65,-2.9519,7.07,0.0000,0.1480,0.0598,,,,,,,
54.4677,6,6,21.5588,76.0258,completed,88083.43,52936.34,-2.9512,7.30,0.0000,0.0887,0.1227,0.3093,0.3655,0.2462,,,,
48.8719,7,3,9.4231,58.2942,converged,88083.43,52936.34,-2.9512,7.30,0.0000,0.0972,0.0743,,,,,,,
54.2264,6,6,21.3642,75.5902,completed,88081.61,52935.99,-2.9503,7.51,0.0000,0.2918,0.1279,0.4599,0.3402,0.2344,,,,
29.5811,10,3,9.1244,38.7055,converged,88081.61,52935.99,-2.9503,7.51,0.0000,0.1185,0.0901,,,,,,,
38.8734,9,9,28.0890,66.9620,completed,88079.94,52935.67,-2.9499,7.69,0.0000,0.3314,0.4652,0.3698,0.4691,0.4495,0.6652,0.3251,0.2076,
47.4664,7,7,23.5032,70.9693,completed,88079.94,52935.67,-2.9499,7.69,0.0000,0.5920,1.6058,10.9181,6.4376,2.3407,0.8675,,,
53.5620,6,6,21.3006,74.8627,completed,88078.03,52935.29,-2.9493,7.87,0.0000,0.1046,0.5810,1.1499,1.3903,0.8913,,,,
31.0597,10,4,12.9426,44.0016,converged,88078.03,52935.29,-2.9493,7.87,0.0000,0.1483,0.1450,0.0584,,,,,,
44.9324,8,8,26.3488,71.2808,completed,88076.28,52934.95,-2.9487,7.96,0.0000,0.6199,0.6998,0.5272,3.6261,2.8484,1.2707,0.5649,,
40.6578,8,8,26.0281,66.6851,completed,88076.28,52934.95,-2.9487,7.96,0.0000,0.4180,0.7025,1.6694,2.8493,2.2317,0.8140,0.3661,,
28.3105,10,3,9.2312,37.5412,converged,88074.33,52934.57,-2.9492,7.93,0.0000,0.1669,0.0596,,,,,,,
40.7727,8,8,26.3073,67.0794,completed,88074.33,52934.57,-2.9492,7.93,0.0000,0.3366,0.5985,1.1688,1.1019,1.5093,0.6664,0.2397,,
55.2452,6,6,21.7781,77.0231,completed,88072.39,52934.20,-2.9505,7.84,0.0000,0.4915,0.1571,1.4215,2.1919,0.8190,,,,
40.9396,8,8,24.9855,65.9245,completed,88072.39,52934.20,-2.9505,7.84,0.0000,0.2546,0.2364,0.2121,0.7713,0.7830,0.6046,0.2839,,
32.2845,10,10,36.7427,69.0267,completed,88070.48,52933.83,-2.9514,7.75,0.0000,0.3897,0.4661,0.3875,0.9151,2.2855,1.0861,0.4775,0.1451,0.1844
40.3200,8,4,13.1216,53.4406,converged,88070.48,52933.83,-2.9514,7.75,0.0000,0.3130,0.3821,0.0453,,,,,,
50.2363,7,7,24.7365,74.9725,completed,88068.76,52933.50,-2.9508,7.76,0.0000,0.4067,0.5106,0.7399,0.6908,0.9871,0.6896,,,
34.1376,9,9,29.7903,63.9274,completed,88068.76,52933.50,-2.9508,7.76,0.0000,0.2682,0.3986,0.1069,1.5353,1.9016,1.5707,0.5822,0.2291,
25.3017,10,10,30.8911,56.1922,completed,88066.85,52933.13,-2.9496,7.86,0.0000,0.2426,0.4455,0.4908,0.9378,2.5542,2.0808,0.7403,0.4308,0.3579
29.4815,10,10,30.9798,60.4609,completed,88066.85,52933.13,-2.9496,7.86,0.0000,0.1462,0.1363,0.1993,0.5200,0.5659,0.4631,0.5785,0.3191,0.2097
53.6390,6,6,25.7985,79.4376,completed,88065.10,52932.79,-2.9493,8.00,0.0000,0.3291,0.3187,0.2894,0.7060,0.2064,,,,
23.3848,10,10,38.9378,62.3218,converged,88065.10,52932.79,-2.9493,8.00,0.0000,0.1821,0.3503,0.4895,0.7097,2.6898,2.4350,1.4643,0.4470,0.0684
28.9067,10,3,9.5153,38.4213,converged,88062.93,52932.36,-2.9494,7.99,0.0000,0.0485,0.0986,,,,,,,
56.3238,6,6,19.9983,76.3214,completed,88062.93,52932.36,-2.9494,7.99,0.0000,0.2895,0.3466,0.3337,0.3251,0.1030,,,,
38.0380,9,9,31.0697,69.1067,completed,88061.18,52932.02,-2.9492,7.93,0.0000,0.0430,0.1053,0.1222,0.5067,0.7780,0.5192,0.3490,0.1349,
40.2750,8,8,26.2575,66.5315,completed,88061.18,52932.02,-2.9492,7.93,0.0000,0.1297,0.1740,0.2509,0.6319,0.3109,0.5876,0.3950,,
43.2300,8,3,9.4943,52.7244,converged,88059.23,52931.64,-2.9486,8.00,0.0000,0.0633,0.0900,,,,,,,
59.1319,5,4,11.9031,71.0342,converged,88059.23,52931.64,-2.9486,8.00,0.0000,0.2544,0.2531,0.0508,,,,,,
31.2427,10,3,9.1244,40.3664,converged,88057.44,52931.29,-2.9479,8.14,0.0000,0.0277,0.0668,,,,,,,
45.1385,8,8,25.4026,70.5407,completed,88057.44,52931.29,-2.9479,8.14,0.0000,0.1414,0.1945,0.5493,0.6566,0.2094,0.6586,0.4622,,
34.5439,9,3,9.3305,43.8736,converged,88055.63,52930.94,-2.9474,8.28,0.0000,0.0352,0.0705,,,,,,,
32.9197,10,10,31.7334,64.6524,completed,88055.63,52930.94,-2.9474,8.28,0.0000,0.1025,0.1351,0.2100,0.9939,0.4623,0.1971,0.5740,0.6639,0.3087
57.9182,6,6,24.6367,82.5547,completed,88053.79,52930.57,-2.9466,8.39,0.0000,0.0784,0.2798,1.3721,0.9716,0.6766,,,,
26.2761,10,10,30.4120,56.6880,completed,88053.79,52930.57,-2.9466,8.39,0.0000,0.1381,0.2112,0.1039,0.7030,0.3226,0.3187,0.3295,0.5456,0.2789
48.7108,7,7,23.1181,71.8282,completed,88051.51,52930.12,-2.9458,8.50,0.0000,0.0737,0.2642,0.8277,0.6136,0.9606,0.7646,,,
58.4748,5,5,19.6736,78.1477,completed,88051.51,52930.12,-2.9458,8.50,0.0000,0.2911,0.8553,0.3784,0.3540,,,,,
51.4769,7,7,24.9255,76.4015,completed,88049.42,52929.71,-2.9453,8.57,0.0000,0.2612,0.3854,0.8505,1.0444,1.1511,0.8412,,,
57.0612,6,6,21.5624,78.6234,completed,88049.42,52929.71,-2.9453,8.57,0.0000,0.2670,0.1584,0.9656,0.5610,0.1678,,,,
53.4082,6,5,18.2406,71.6487,converged,88047.10,52929.25,-2.9447,8.61,0.0000,0.0866,0.1363,0.4290,0.0926,,,,,
40.8079,8,8,27.8121,68.6191,completed,88047.10,52929.25,-2.9447,8.61,0.0000,0.0981,0.1215,0.4923,0.6558,0.3074,0.5756,0.3394,,
43.1371,8,8,27.7561,70.8932,completed,88044.77,52928.78,-2.9444,8.64,0.0000,0.1474,0.2372,0.2903,0.5389,0.2997,0.4561,0.2884,,
56.1444,6,5,15.7952,71.9392,converged,88044.77,52928.78,-2.9444,8.64,0.0000,0.1243,0.3540,1.0153,0.0768,,,,,
31.7004,10,10,32.5650,64.2650,completed,88042.65,52928.36,-2.9440,8.67,0.0000,0.2460,0.3276,0.2501,0.2415,0.1663,0.3577,0.5926,0.3556,0.1421
33.8687,10,3,9.0849,42.9530,converged,88042.65,52928.36,-2.9440,8.67,0.0000,0.0223,0.0368,,,,,,,
51.8018,7,7,23.7259,75.5269,completed,88040.74,52927.97,-2.9432,8.67,0.0000,0.2980,0.2121,0.4485,0.5684,0.2226,0.4335,,,
23.9615,10,10,31.2392,55.2002,completed,88040.74,52927.97,-2.9432,8.67,0.0000,0.1114,0.1600,0.1826,0.5178,1.1015,0.9033,0.9463,0.6051,0.2258
46.1971,7,7,24.1949,70.3919,completed,88038.62,52927.54,-2.9422,8.65,0.0000,0.2630,0.2663,0.1749,0.7340,0.6749,0.3704,,,
32.1256,10,3,9.9858,42.1108,converged,88038.62,52927.54,-2.9422,8.65,0.0000,0.0584,0.0548,,,,,,,
40.9579,8,8,28.7804,69.7374,completed,88036.72,52927.16,-2.9415,8.56,0.0000,0.2304,0.3306,0.2983,0.6554,0.6474,0.6503,0.3501,,
36.7279,9,9,29.1472,65.8743,completed,88036.72,52927.16,-2.9415,8.56,0.0000,0.0930,0.2313,0.2622,0.8736,0.5338,0.2703,0.3313,0.2336,
52.4616,6,6,20.5644,73.0255,completed,88034.84,52926.78,-2.9411,8.48,0.0000,0.2206,0.1838,0.3860,0.3413,0.3260,,,,
44.4904,8,8,38.5936,83.0837,completed,88034.84,52926.78,-2.9411,8.48,0.0000,0.0288,0.1808,0.3092,0.5732,0.1756,0.1904,0.1987,,
53.6664,6,6,20.5841,74.2502,completed,88032.56,52926.32,-2.9408,8.45,0.0000,0.2872,0.2449,0.6952,0.8022,0.5031,,,,
55.6821,6,6,20.2816,75.9637,completed,88032.56,52926.32,-2.9408,8.45,0.0000,0.1695,0.3464,1.0288,0.8162,0.7461,,,,
23.4222,10,4,11.5826,35.0047,converged,88030.28,52925.85,-2.9402,8.45,0.0000,0.0657,0.1140,0.0788,,,,,,
57.0066,6,6,19.9762,76.9822,completed,88030.28,52925.85,-2.9402,8.45,0.0000,0.1233,0.2676,0.7999,0.3070,0.3879,,,,
30.2129,10,4,11.7094,41.9214,converged,88028.63,52925.51,-2.9399,8.47,0.0000,0.0258,0.1097,0.0906,,,,,,
30.7792,10,3,10.9227,41.7017,converged,88028.63,52925.51,-2.9399,8.47,0.0000,0.0156,0.0632,,,,,,,
23.6344,10,10,32.1902,55.8242,completed,88026.97,52925.17,-2.9395,8.49,0.0000,0.0785,0.1166,0.1053,0.2977,0.9170,0.4251,0.3414,0.6566,0.2315
55.9921,6,6,21.9258,77.9178,completed,88026.97,52925.17,-2.9395,8.49,0.0000,0.1044,0.3431,0.9005,0.3731,0.3823,,,,
27.1409,10,3,9.8924,37.0324,converged,88024.88,52924.75,-2.9391,8.52,0.0000,0.0355,0.0862,,,,,,,
28.6994,10,8,24.2666,52.9656,converged,88024.88,52924.75,-2.9391,8.52,0.0000,0.0148,0.1191,0.1707,0.1788,0.3425,0.3475,0.0606,,
57.7644,6,6,20.3230,78.0871,completed,88023.21,52924.40,-2.9390,8.54,0.0000,0.1222,0.2031,0.6868,0.4978,0.6028,,,,
44.9362,8,8,26.5453,71.4813,completed,88023.21,52924.40,-2.9390,8.54,0.0000,0.0352,0.2122,0.3537,0.9350,0.3795,0.3416,0.2013,,
27.4592,10,10,32.3608,59.8198,completed,88021.12,52923.97,-2.9389,8.57,0.0000,0.0584,0.1154,0.1334,0.1952,0.2952,0.3972,0.3321,0.4743,0.2500
53.6084,6,5,15.7900,69.3980,converged,88021.12,52923.97,-2.9389,8.57,0.0000,0.0706,0.1610,0.8510,0.0950,,,,,
43.8098,8,8,24.9202,68.7293,completed,88019.02,52923.54,-2.9389,8.59,0.0000,0.0563,0.1744,0.2313,0.2959,0.3556,0.4684,0.3905,,
44.3917,8,8,25.5178,69.9088,completed,88019.02,52923.54,-2.9389,8.59,0.0000,0.0307,0.2056,0.3978,0.8478,0.2578,0.1439,0.1495,,
56.9040,6,6,22.5357,79.4397,completed,88016.91,52923.11,-2.9390,8.60,0.0000,0.1256,0.1120,0.6685,0.2423,0.4060,,,,
45.6157,8,3,9.3885,55.0036,converged,88016.91,52923.11,-2.9390,8.60,0.0000,0.0579,0.0755,,,,,,,
55.1945,6,6,20.5163,75.7103,completed,88015.02,52922.72,-2.9391,8.58,0.0000,0.1218,0.1563,0.9575,0.7263,0.3895,,,,
27.1327,10,3,9.1863,36.3183,converged,88015.02,52922.72,-2.9391,8.58,0.0000,0.0346,0.0385,,,,,,,
36.4452,9,9,29.2600,65.7050,completed,88013.13,52922.33,-2.9392,8.56,0.0000,0.0747,0.1244,0.1310,0.5120,0.3288,0.4355,0.3535,0.1640,
48.6127,7,3,8.8015,57.4135,converged,88013.13,52922.33,-2.9392,8.56,0.0000,0.0308,0.0741,,,,,,,
25.9653,10,3,9.1403,35.1053,converged,88011.24,52921.94,-2.9391,8.56,0.0000,0.0726,0.0991,,,,,,,
54.8749,6,6,23.4141,78.2881,completed,88011.24,52921.94,-2.9391,8.56,0.0000,0.0328,0.1021,0.5749,0.1359,0.1917,,,,
51.6698,7,3,10.2994,61.9684,converged,88009.36,52921.56,-2.9388,8.53,0.0000,0.0568,0.0443,,,,,,,
31.4643,10,3,9.7043,41.1683,converged,88009.36,52921.56,-2.9388,8.53,0.0000,0.0355,0.0487,,,,,,,
48.7307,7,3,9.1182,57.8482,converged,88007.49,52921.17,-2.9386,8.45,0.0000,0.0203,0.0966,,,,,,,
36.3860,9,9,31.8985,68.2845,completed,88007.49,52921.17,-2.9386,8.45,0.0000,0.0745,0.1400,0.1945,0.5952,0.2296,0.5793,0.5217,0.2264,
53.3462,6,6,23.2188,76.5648,completed,88005.64,52920.79,-2.9390,8.33,0.0000,0.0405,0.2998,0.5305,2.0279,0.9984,,,,
22.2497,10,3,10.7257,32.9747,converged,88005.64,52920.79,-2.9390,8.33,0.0000,0.0485,0.0712,,,,,,,
48.5977,7,7,23.5632,72.1602,completed,88003.82,52920.42,-2.9397,8.19,0.0000,0.0923,0.1705,0.6819,0.6664,0.4807,0.3018,,,
42.9745,8,3,9.2966,52.2707,converged,88003.82,52920.42,-2.9397,8.19,0.0000,0.0208,0.0612,,,,,,,
55.2980,6,6,31.1658,86.4638,completed,88002.03,52920.05,-2.9400,8.07,0.0000,0.4973,0.4985,2.1999,1.3942,1.0257,,,,
57.4596,6,3,10.7132,68.1723,converged,88002.03,52920.05,-2.9400,8.07,0.0000,0.0328,0.0781,,,,,,,
59.4926,5,5,22.5543,82.0463,completed,87999.87,52919.61,-2.9402,7.91,0.0000,0.3192,0.6692,1.3462,0.4441,,,,,
50.1050,7,3,9.5118,59.6168,converged,87999.87,52919.61,-2.9402,7.91,0.0000,0.1021,0.0512,,,,,,,
49.6561,7,7,22.0484,71.7044,completed,87997.95,52919.22,-2.9403,7.81,0.0000,0.2237,0.3068,0.9837,1.3290,0.5307,0.3487,,,
33.9927,10,10,31.3549,65.3469,completed,87997.95,52919.22,-2.9403,7.81,0.0000,0.0629,0.1224,0.1182,0.2967,0.8574,0.2162,0.2242,0.3158,0.1834
48.6595,7,7,23.5792,72.2383,completed,87996.05,52918.83,-2.9406,7.72,0.0000,0.1829,0.1582,0.9341,1.4188,0.2657,0.1633,,,
33.6172,10,10,32.9088,66.5258,completed,87996.05,52918.83,-2.9406,7.72,0.0000,0.1349,0.2018,0.1733,0.3494,0.9446,0.3291,0.3338,0.2934,0.1266
41.6997,8,8,24.7889,66.4880,completed,87994.16,52918.45,-2.9408,7.64,0.0000,0.1082,0.1869,0.3593,1.4274,0.3982,0.4604,0.2177,,
34.3573,9,9,28.0448,62.4018,completed,87994.16,52918.45,-2.9408,7.64,0.0000,0.1165,0.2478,0.2582,0.6392,0.4161,0.3676,0.3942,0.1592,
36.1422,9,3,9.4701,45.6122,converged,87992.30,52918.07,-2.9411,7.55,0.0000,0.0828,0.0655,,,,,,,
41.5187,8,8,27.0276,68.5457,completed,87992.30,52918.07,-2.9411,7.55,0.0000,0.0861,0.1431,0.1613,0.7370,0.1536,0.1340,0.1624,,
43.2440,8,8,25.6135,68.8576,completed,87990.46,52917.70,-2.9409,7.51,0.0000,0.1277,0.1061,0.2610,1.0542,0.6051,0.4634,0.3347,,
23.3397,10,10,28.2961,51.6351,converged,87990.46,52917.70,-2.9409,7.51,0.0000,0.1066,0.1617,0.1361,0.2778,0.6485,0.2202,0.3020,0.2161,0.0725
47.7274,7,7,28.5836,76.3106,completed,87988.81,52917.36,-2.9409,7.44,0.0000,0.1437,0.1292,0.5821,0.8000,0.5302,0.4256,,,
24.9353,10,10,38.1812,63.1162,completed,87988.81,52917.36,-2.9409,7.44,0.0000,0.0994,0.1715,0.1774,0.3281,0.7032,0.2232,0.4249,0.3494,0.1337
49.6354,7,7,27.7578,77.3928,completed,87987.00,52916.99,-2.9415,7.36,0.0000,0.1315,0.1761,0.6277,1.2694,0.7411,0.5825,,,
54.1421,6,6,25.7855,79.9275,completed,87987.00,52916.99,-2.9415,7.36,0.0000,0.1446,0.2818,0.9250,0.4801,0.2624,,,,
47.5508,7,7,23.4364,70.9865,completed,87985.02,52916.59,-2.9417,7.33,0.0000,0.0967,0.2784,0.8037,1.1208,0.5721,0.2394,,,
23.2664,10,10,33.2249,56.4910,completed,87985.02,52916.59,-2.9417,7.33,0.0000,0.0930,0.1540,0.1704,0.2604,0.9006,0.4622,0.3381,0.3999,0.1641
27.7795,10,3,9.2670,37.0460,converged,87983.23,52916.23,-2.9420,7.30,0.0000,0.0249,0.0813,,,,,,,
52.0329,6,6,21.6627,73.6948,completed,87983.23,52916.23,-2.9420,7.30,0.0000,0.1667,0.3110,0.7971,0.4243,0.3364,,,,
37.6731,9,9,29.0874,66.7605,completed,87981.80,52915.94,-2.9426,7.27,0.0000,0.0682,0.1812,0.5673,1.0222,0.6867,0.2718,0.1932,0.1126,
40.9632,8,8,25.7811,66.7442,completed,87981.80,52915.94,-2.9426,7.27,0.0000,0.1337,0.2329,0.2741,0.8656,0.3867,0.2565,0.1732,,
44.8289,8,8,27.9076,72.7356,completed,87980.02,52915.58,-2.9429,7.24,0.0000,0.1327,0.3479,1.0788,1.2082,0.5545,0.7070,0.3330,,
35.5785,9,9,29.8706,65.4486,completed,87980.02,52915.58,-2.9429,7.24,0.0000,0.0921,0.1597,0.1848,0.1882,0.5402,0.5222,0.4036,0.1377,
36.9040,9,9,29.2003,66.1033,converged,87978.26,52915.23,-2.9435,7.14,0.0000,0.0585,0.2412,0.4499,1.1188,0.9087,0.2385,0.3079,0.0820,
37.7132,9,3,9.0763,46.7893,converged,87978.26,52915.23,-2.9435,7.14,0.0000,0.0349,0.0138,,,,,,,
23.4598,10,3,9.5978,33.0569,converged,87976.69,52914.91,-2.9443,7.04,0.0000,0.0366,0.0953,,,,,,,
21.6902,10,10,31.1778,52.8678,converged,87976.69,52914.91,-2.9443,7.04,0.0000,0.0806,0.1343,0.1695,0.1521,0.2939,0.4511,0.2394,0.3813,0.0886
43.7369,8,8,25.9845,69.7205,completed,87975.32,52914.64,-2.9448,6.98,0.0000,0.0586,0.1794,0.3027,0.5663,0.2258,0.2286,0.1621,,
31.2886,10,3,10.9159,42.2040,converged,87975.32,52914.64,-2.9448,6.98,0.0000,0.0542,0.0852,,,,,,,
54.8321,6,6,22.1943,77.0263,completed,87973.78,52914.33,-2.9453,6.93,0.0000,0.1759,0.3186,0.3763,0.5355,0.4277,,,,
34.1417,9,3,9.3470,43.4880,converged,87973.78,52914.33,-2.9453,6.93,0.0000,0.0484,0.0755,,,,,,,
42.9812,8,8,24.3288,67.3099,converged,87972.27,52914.03,-2.9460,6.80,0.0000,0.0558,0.1045,0.1318,0.3634,0.2404,0.1619,0.0779,,
58.7487,5,5,17.7000,76.4480,completed,87972.27,52914.03,-2.9460,6.80,0.0000,0.1334,0.1335,0.4508,0.4327,,,,,
58.4950,5,5,25.2486,83.7436,completed,87970.62,52913.71,-2.9466,6.62,0.0000,0.0946,0.2223,0.7401,0.5356,,,,,
58.3082,5,5,18.3536,76.6616,completed,87970.62,52913.71,-2.9466,6.62,0.0000,0.1075,0.1471,0.4303,0.5377,,,,,
51.3036,7,7,22.7558,74.0588,completed,87968.87,52913.36,-2.9465,6.38,0.0000,0.0989,0.2849,0.3241,0.4218,0.3129,0.2809,,,
59.0279,5,5,18.1214,77.1484,completed,87968.87,52913.36,-2.9465,6.38,0.0000,0.1255,0.1262,0.3505,0.3043,,,,,
44.8520,8,8,27.2977,72.1488,completed,87967.19,52913.03,-2.9461,6.09,0.0000,0.0964,0.2272,0.6349,0.4010,0.2540,0.5522,0.3201,,
59.5241,5,5,17.1457,76.6698,completed,87967.19,52913.03,-2.9461,6.09,0.0000,0.1044,0.2147,0.4830,0.6024,,,,,
59.2667,5,5,17.4455,76.7116,completed,87965.72,52912.74,-2.9464,5.84,0.0000,0.5718,0.4031,0.6701,0.3389,,,,,
53.0087,6,6,20.8144,73.8225,completed,87965.72,52912.74,-2.9464,5.84,0.0000,0.0463,0.1344,0.3430,0.1074,0.2184,,,,
22.2655,10,3,9.4643,31.7293,converged,87964.18,52912.43,-2.9469,5.62,0.0000,0.0641,0.0755,,,,,,,
47.8556,7,7,23.0611,70.9162,completed,87964.18,52912.43,-2.9469,5.62,0.0000,0.0488,0.1073,0.1965,0.3258,0.2890,0.2437,,,
22.9248,10,4,11.8792,34.8032,converged,87962.96,52912.19,-2.9472,5.44,0.0000,0.2695,0.7126,0.0585,,,,,,
48.6261,7,7,22.3920,71.0180,completed,87962.96,52912.19,-2.9472,5.44,0.0000,0.0812,0.1470,0.2821,0.2356,0.2344,0.2011,,,
34.3859,9,9,28.3072,62.6923,completed,87961.78,52911.96,-2.9471,5.26,0.0000,10.7074,7.5581,4.8954,4.2194,2.9792,1.7876,0.7799,0.4587,
23.1134,10,3,9.2908,32.4038,converged,87961.78,52911.96,-2.9471,5.26,0.0000,0.0479,0.0590,,,,,,,
24.5205,10,10,31.0476,55.5677,completed,87960.76,52911.76,-2.9468,5.10,0.0000,5.7144,7.4078,10.2446,7.6204,0.4211,0.1851,0.1404,0.2340,0.1567
30.7501,10,3,9.0386,39.7887,converged,87960.76,52911.76,-2.9468,5.10,0.0000,0.0413,0.0584,,,,,,,
59.3059,5,5,20.0237,79.3287,completed,87959.78,52911.57,-2.9463,4.96,0.0000,5.8086,23.6212,8.5654,5.0030,,,,,
55.9224,6,6,20.3407,76.2627,completed,87959.78,52911.57,-2.9463,4.96,0.0000,0.0660,0.1089,0.1793,0.1423,0.2314,,,,
56.6916,6,6,20.0293,76.7203,completed,87958.46,52911.30,-2.9460,4.77,0.0000,3.6280,0.7050,3.6066,0.1468,0.1814,,,,
38.2303,9,4,13.8354,52.0655,converged,87958.46,52911.30,-2.9460,4.77,0.0000,0.0564,0.1045,0.0386,,,,,,
52.2643,6,6,20.7298,72.9938,completed,87957.31,52911.08,-2.9460,4.60,0.0000,19.6086,11.5914,9.1921,2.3093,0.8451,,,,
33.8057,10,4,11.7866,45.5917,converged,87957.31,52911.08,-2.9460,4.60,0.0000,0.0897,0.1539,0.0362,,,,,,
32.2047,10,10,35.4178,67.6219,completed,87956.21,52910.86,-2.9461,4.40,0.0000,7.6114,8.7459,5.2543,5.5640,8.0618,0.6155,0.5465,0.5275,0.3917
39.0331,9,4,11.7652,50.7983,converged,87956.21,52910.86,-2.9461,4.40,0.0000,0.1097,0.2629,0.0702,,,,,,
20.1267,10,10,31.6772,51.8033,completed,87955.26,52910.67,-2.9460,4.19,0.0000,3.5764,6.7666,3.3328,12.0562,11.7978,0.7062,0.5751,0.3842,0.2481
32.7365,10,3,8.8917,41.6278,converged,87955.26,52910.67,-2.9460,4.19,0.0000,0.0398,0.0758,,,,,,,
28.0923,10,10,28.6054,56.6974,converged,87954.45,52910.51,-2.9454,4.06,0.0000,1.0113,2.2625,0.4768,5.5442,0.9746,0.2857,0.4021,0.2976,0.0646
47.9239,7,3,9.1276,57.0506,converged,87954.45,52910.51,-2.9454,4.06,0.0000,0.0526,0.0782,,,,,,,
35.4006,9,9,29.6651,65.0652,completed,87953.57,52910.33,-2.9450,3.93,0.0000,0.1213,0.2555,0.1732,0.7833,0.3002,0.5785,0.3131,0.1448,
38.8885,9,3,9.9480,48.8361,converged,87953.57,52910.33,-2.9450,3.93,0.0000,0.0426,0.0664,,,,,,,
25.5530,10,10,34.3096,59.8626,completed,87952.72,52910.17,-2.9447,3.73,0.0000,0.0909,0.1587,0.1715,0.3537,0.5067,0.4149,0.3671,0.1608,0.1777
35.3767,9,3,9.1463,44.5223,converged,87952.72,52910.17,-2.9447,3.73,0.0000,0.0453,0.0612,,,,,,,
46.6628,7,7,22.3027,68.9648,completed,87951.92,52910.01,-2.9452,3.49,0.0000,0.2414,0.1547,0.8032,0.5402,0.4530,0.2578,,,
53.3111,6,3,8.8857,62.1967,converged,87951.92,52910.01,-2.9452,3.49,0.0000,0.0967,0.0197,,,,,,,
33.7617,10,7,20.3801,54.1412,converged,87951.19,52909.86,-2.9454,3.17,0.0000,0.1384,0.2242,0.1345,0.5528,0.6215,0.0761,,,
44.5540,8,4,11.6744,56.2284,converged,87951.19,52909.86,-2.9454,3.17,0.0000,0.0826,0.1262,0.0337,,,,,,
51.1648,7,7,22.1749,73.3390,converged,87950.53,52909.73,-2.9452,2.75,0.0000,0.2561,0.5024,0.9806,0.7228,0.3685,0.0503,,,
23.8889,10,3,9.9846,33.8726,converged,87950.53,52909.73,-2.9452,2.75,0.0000,0.0457,0.0514,,,,,,,
55.1715,6,6,21.0754,76.2464,completed,87949.97,52909.62,-2.9453,2.31,0.0000,0.6281,1.5505,3.3894,1.4707,0.4967,,,,
29.9912,10,3,9.4378,39.4288,converged,87949.97,52909.62,-2.9453,2.31,0.0000,0.0297,0.0376,,,,,,,
43.9827,8,8,25.2286,69.2106,completed,87949.51,52909.53,-2.9430,1.93,0.0000,0.3995,0.5882,1.1726,2.0000,0.2097,0.3019,0.2078,,
39.2077,9,3,10.4057,49.6127,converged,87949.51,52909.53,-2.9430,1.93,0.0000,0.0286,0.0290,,,,,,,
36.1148,9,9,30.6110,66.7251,completed,87949.12,52909.45,-2.9414,1.59,0.0000,0.3905,0.7945,0.2986,3.1037,0.6261,0.3766,0.1174,0.1061,
21.4038,10,3,9.0923,30.4953,converged,87949.12,52909.45,-2.9414,1.59,0.0000,0.0136,0.0085,,,,,,,
51.0542,7,3,10.0655,61.1195,converged,87948.83,52909.39,-2.9419,1.32,0.0000,0.0153,0.0128,,,,,,,
31.0703,10,3,10.0578,41.1278,converged,87948.83,52909.39,-2.9419,1.32,0.0000,0.0029,0.0038,,,,,,,
46.6296,7,3,9.4244,56.0534,converged,87948.60,52909.34,-2.9414,1.10,0.0000,0.0184,0.0164,,,,,,,
42.6755,8,3,9.1968,51.8718,converged,87948.60,52909.34,-2.9414,1.10,0.0000,0.0096,0.0150,,,,,,,
26.6264,10,3,9.5979,36.2239,converged,87948.38,52909.30,-2.9398,0.93,0.0000,0.0091,0.0042,,,,,,,
48.8186,7,3,9.2701,58.0881,converged,87948.38,52909.30,-2.9398,0.93,0.0000,0.0079,0.0174,,,,,,,
47.2486,7,3,9.7903,57.0384,converged,87948.18,52909.26,-2.9395,0.86,0.0000,0.0029,0.0180,,,,,,,
33.9630,10,3,10.0610,44.0231,converged,87948.18,52909.26,-2.9395,0.86,0.0000,0.0051,0.0065,,,,,,,
44.3264,8,3,8.8590,53.1850,converged,87948.02,52909.22,-2.9393,0.75,0.0000,0.0093,0.0059,,,,,,,
28.3525,10,3,9.2139,37.5659,converged,87948.02,52909.22,-2.9393,0.75,0.0000,0.0077,0.0031,,,,,,,
29.8849,10,3,11.4057,41.2897,converged,87947.89,52909.20,-2.9391,0.59,0.0000,0.0071,0.0016,,,,,,,
44.7581,8,3,9.4379,54.1959,converged,87947.89,52909.20,-2.9391,0.59,0.0000,0.0135,0.0022,,,,,,,
38.4209,9,3,9.4760,47.8960,converged,87947.79,52909.18,-2.9393,0.44,0.0000,0.0078,0.0040,,,,,,,
20.4660,10,3,13.7893,34.2554,converged,87947.79,52909.18,-2.9393,0.44,0.0000,0.0109,0.0050,,,,,,,
38.0465,9,3,9.3806,47.4266,converged,87947.72,52909.16,-2.9395,0.32,0.0000,0.0121,0.0052,,,,,,,
29.5420,10,3,12.5796,42.1380,converged,87947.72,52909.16,-2.9395,0.32,0.0000,0.0068,0.0014,,,,,,,
56.1891,6,3,9.3078,65.4968,converged,87947.66,52909.15,-2.9399,0.25,0.0000,0.0109,0.0082,,,,,,,
59.5538,5,3,9.2873,68.8403,converged,87947.66,52909.15,-2.9399,0.25,0.0000,0.0105,0.0334,,,,,,,
29.1905,10,3,9.3695,38.5596,converged,87947.61,52909.14,-2.9411,0.17,0.0000,0.0099,0.0048,,,,,,,
37.6146,9,3,12.5386,50.1527,converged,87947.61,52909.14,-2.9411,0.17,0.0000,0.0073,0.0021,,,,,,,
54.0584,6,3,9.7003,63.7583,converged,87947.58,52909.13,-2.9415,0.10,0.0000,0.0080,0.0054,,,,,,,
59.4454,5,3,9.1543,68.5993,converged,87947.58,52909.13,-2.9415,0.10,0.0000,0.0083,0.0312,,,,,,,
28.4933,10,3,9.9643,38.4573,converged,87947.57,52909.13,-2.9416,0.03,0.0000,0.0072,0.0016,,,,,,,
53.4127,6,3,9.0410,62.4531,converged,87947.57,52909.13,-2.9416,0.03,0.0000,0.0086,0.0100,,,,,,,
58.2451,5,3,8.7875,67.0325,converged,87947.57,52909.13,-2.9416,0.00,0.0000,0.0082,0.0188,,,,,,,
26.6848,10,3,8.8689,35.5530,converged,87947.57,52909.13,-2.9416,0.00,0.0000,0.0067,0.0019,,,,,,,
23.3104,10,3,8.8483,32.1584,converged,87947.57,52909.13,-2.9416,0.00,0.0000,0.0058,0.0015,,,,,,,
58.1286,5,3,8.8481,66.9761,converged,87947.57,52909.13,-2.9416,0.00,0.0000,0.0072,0.0113,,,,,,,
57.0152,6,3,9.5214,66.5365,converged,87947.57,52909.13,-2.9416,0.00,0.0000,0.0064,0.0100,,,,,,,
37.5791,9,3,9.1599,46.7389,converged,87947.57,52909.13,-2.9416,0.00,0.0000,0.0059,0.0017,,,,,,,
32.9301,10,3,9.2827,42.2128,converged,87947.57,52909.13,-2.9416,0.00,0.0000,0.0058,0.0017,,,,,,,
34.2886,9,3,10.3890,44.6770,converged,87947.57,52909.13,-2.9416,0.00,0.0000,0.0057,0.0019,,,,,,,
43.7507,8,3,8.9164,52.6664,converged,87947.57,52909.13,-2.9416,0.00,0.0000,0.0065,0.0022,,,,,,,
22.1884,10,3,9.5595,31.7476,converged,87947.57,52909.13,-2.9416,0.00,0.0000,0.0060,0.0024,,,,,,,
43.4092,8,3,9.1248,52.5338,converged,87947.57,52909.13,-2.9416,0.00,0.0000,0.0057,0.0025,,,,,,,
39.8943,9,3,14.0317,53.9257,converged,87947.57,52909.13,-2.9416,0.00,0.0000,0.0069,0.0021,,,,,,,
41.1762,8,3,10.3174,51.4934,converged,87947.57,52909.13,-2.9416,0.00,0.0000,0.0075,0.0026,,,,,,,
31.3999,10,3,11.1521,42.5511,converged,87947.57,52909.13,-2.9416,0.00,0.0000,0.0060,0.0020,,,,,,,
35.3762,9,3,13.6902,49.0662,converged,87947.57,52909.13,-2.9416,0.00,0.0000,0.0081,0.0023,,,,,,,
41.4454,8,3,9.4525,50.8975,converged,87947.57,52909.13,-2.9416,0.00,0.0000,0.0083,0.0030,,,,,,,
25.4444,10,3,9.9056,35.3497,converged,87947.57,52909.13,-2.9416,0.00,0.0000,0.0080,0.0025,,,,,,,
50.7748,7,3,9.8983,60.6723,converged,87947.57,52909.13,-2.9416,0.00,0.0000,0.0083,0.0098,,,,,,,
49.3045,7,3,8.6556,57.9596,converged,87947.57,52909.13,-2.9416,0.00,0.0000,0.0084,0.0154,,,,,,,
35.8300,9,3,9.0938,44.9238,converged,87947.57,52909.13,-2.9416,0.00,0.0000,0.0073,0.0028,,,,,,,
35.4027,9,3,9.1851,44.5871,converged,87947.57,52909.13,-2.9416,0.00,0.0000,0.0080,0.0023,,,,,,,
30.9912,10,3,10.0699,41.0609,converged,87947.57,52909.13,-2.9416,0.00,0.0000,0.0078,0.0028,,,,,,,
59.7888,5,3,9.1604,68.9484,converged,87947.57,52909.13,-2.9416,0.00,0.0000,0.0076,0.0313,,,,,,,
37.0651,9,3,8.9264,45.9914,converged,87947.57,52909.13,-2.9416,0.00,0.0000,0.0089,0.0024,,,,,,,
36.7922,9,3,8.8881,45.6801,converged,87947.57,52909.13,-2.9416,0.00,0.0000,0.0080,0.0027,,,,,,,
32.9977,10,3,10.5283,43.5253,converged,87947.57,52909.13,-2.9416,0.00,0.0000,0.0067,0.0021,,,,,,,
52.4291,6,3,9.4845,61.9135,converged,87947.57,52909.13,-2.9416,0.00,0.0000,0.0133,0.0112,,,,,,,
59.3996,5,3,9.6306,69.0296,converged,87947.57,52909.13,-2.9416,0.00,0.0000,0.0081,0.0385,,,,,,,
33.3648,10,3,10.1971,43.5611,converged,87947.57,52909.13,-2.9416,0.00,0.0000,0.0081,0.0025,,,,,,,
45.0750,8,3,9.6715,54.7456,converged,87947.57,52909.13,-2.9416,0.00,0.0000,0.0084,0.0057,,,,,,,
32.2107,10,3,10.0695,42.2795,converged,87947.57,52909.13,-2.9416,0.00,0.0000,0.0075,0.0019,,,,,,,
40.1395,8,3,8.8925,49.0315,converged,87947.57,52909.13,-2.9416,0.00,0.0000,0.0094,0.0041,,,,,,,
33.8516,10,3,9.1334,42.9844,converged,87947.57,52909.13,-2.9416,0.00,0.0000,0.0076,0.0021,,,,,,,
42.6411,8,3,9.4344,52.0754,converged,87947.57,52909.13,-2.9416,0.00,0.0000,0.0092,0.0038,,,,,,,
42.7311,8,3,9.1837,51.9147,converged,87947.57,52909.13,-2.9416,0.00,0.0000,0.0097,0.0047,,,,,,,
43.9447,8,3,8.9069,52.8509,converged,87947.57,52909.13,-2.9416,0.00,0.0000,0.0092,0.0073,,,,,,,
23.9029,10,3,9.6050,33.5071,converged,87947.57,52909.13,-2.9416,0.00,0.0000,0.0099,0.0056,,,,,,,
25.7175,10,3,9.6533,35.3703,converged,87947.57,52909.13,-2.9416,0.00,0.0000,0.0059,0.0022,,,,,,,
53.4340,6,3,9.5975,63.0305,converged,87947.57,52909.13,-2.9416,0.00,0.0000,0.0134,0.0187,,,,,,,
30.1754,10,3,9.9924,40.1674,converged,87947.57,52909.13,-2.9416,0.00,0.0000,0.0088,0.0031,,,,,,,
26.6714,10,3,10.2192,36.8903,converged,87947.57,52909.13,-2.9416,0.00,0.0000,0.0087,0.0023,,,,,,,
38.8141,9,3,9.0611,47.8751,converged,87947.57,52909.13,-2.9416,0.00,0.0000,0.0094,0.0028,,,,,,,
42.2069,8,3,9.3964,51.6025,converged,87947.57,52909.13,-2.9416,0.00,0.0000,0.0110,0.0024,,,,,,,
46.3942,7,3,12.6610,59.0550,converged,87947.57,52909.13,-2.9416,0.00,0.0000,0.0076,0.0103,,,,,,,
24.3165,10,3,9.4573,33.7733,converged,87947.57,52909.13,-2.9416,0.00,0.0000,0.0076,0.0021,,,,,,,
40.2062,8,3,10.2885,50.4945,converged,87947.57,52909.13,-2.9416,0.00,0.0000,0.0064,0.0076,,,,,,,
52.6964,6,3,9.0324,61.7284,converged,87947.57,52909.13,-2.9416,0.00,0.0000,0.0114,0.0222,,,,,,,
50.6785,7,3,12.6609,63.3389,converged,87947.57,52909.13,-2.9416,0.00,0.0000,0.0098,0.0078,,,,,,,
29.3828,10,3,8.7887,38.1707,converged,87947.57,52909.13,-2.9416,0.00,0.0000,0.0079,0.0019,,,,,,,
29.3153,10,3,9.1141,38.4291,converged,87947.57,52909.13,-2.9416,0.00,0.0000,0.0082,0.0026,,,,,,,
35.9264,9,3,11.2384,47.1644,converged,87947.57,52909.13,-2.9416,0.00,0.0000,0.0085,0.0030,,,,,,,
45.1669,8,3,10.0180,55.1840,converged,87947.57,52909.13,-2.9416,0.00,0.0000,0.0079,0.0062,,,,,,,
34.5035,9,3,9.3535,43.8565,converged,87947.57,52909.13,-2.9416,0.00,0.0000,0.0096,0.0025,,,,,,,
55.0152,6,3,12.7285,67.7435,converged,87947.57,52909.13,-2.9416,0.00,0.0000,0.0090,0.0133,,,,,,,
39.4597,9,3,11.1769,50.6359,converged,87947.57,52909.13,-2.9416,0.00,0.0000,0.0083,0.0030,,,,,,,
44.2725,8,3,9.9233,54.1953,converged,87947.57,52909.13,-2.9416,0.00,0.0000,0.0088,0.0053,,,,,,,
56.8475,6,3,8.8096,65.6567,converged,87947.57,52909.13,-2.9416,0.00,0.0000,0.0077,0.0211,,,,,,,
54.3830,6,3,9.1935,63.5755,converged,87947.57,52909.13,-2.9416,0.00,0.0000,0.0090,0.0170,,,,,,,
51.2736,7,3,10.8819,62.1549,converged,87947.57,52909.13,-2.9416,0.00,0.0000,0.0104,0.0078,,,,,,,
25.4911,10,3,8.9689,34.4599,converged,87947.57,52909.13,-2.9416,0.00,0.0000,0.0084,0.0022,,,,,,,
47.4966,7,3,9.5327,57.0287,converged,87947.57,52909.13,-2.9416,0.00,0.0000,0.0091,0.0062,,,,,,,
52.1019,6,3,11.8614,63.9624,converged,87947.57,52909.13,-2.9416,0.00,0.0000,0.0110,0.0140,,,,,,,
24.3603,10,3,12.1826,36.5427,converged,87947.57,52909.13,-2.9416,0.00,0.0000,0.0077,0.0024,,,,,,,
29.8065,10,3,9.5119,39.3197,converged,87947.57,52909.13,-2.9416,0.00,0.0000,0.0070,0.0021,,,,,,,
31.4731,10,3,14.4610,45.9340,converged,87947.57,52909.13,-2.9416,0.00,0.0000,0.0077,0.0024,,,,,,,
42.1653,8,3,8.9935,51.1585,converged,87947.57,52909.13,-2.9416,0.00,0.0000,0.0086,0.0036,,,,,,,
59.1340,5,3,13.5216,72.6556,converged,87947.57,52909.13,-2.9416,0.00,0.0000,0.0076,0.0365,,,,,,,
56.0591,6,3,10.1527,66.2118,converged,87947.57,52909.13,-2.9416,0.00,0.0000,0.0086,0.0276,,,,,,,
22.0597,10,3,9.9111,31.9701,converged,87947.57,52909.13,-2.9416,0.00,0.0000,0.0077,0.0020,,,,,,,
22.2146,10,3,9.8027,32.0167,converged,87947.57,52909.13,-2.9416,0.00,0.0000,0.0089,0.0030,,,,,,,
49.1532,7,3,11.8394,60.9924,converged,87947.57,52909.13,-2.9416,0.00,0.0000,0.0095,0.0056,,,,,,,
51.9346,7,3,11.0972,63.0312,converged,87947.57,52909.13,-2.9416,0.00,0.0000,0.0085,0.0109,,,,,,,
31.5169,10,3,11.0010,42.5170,converged,87947.57,52909.13,-2.9416,0.00,0.0000,0.0077,0.0021,,,,,,,
43.7456,8,3,9.0671,52.8122,converged,87947.57,52909.13,-2.9416,0.00,0.0000,0.0079,0.0047,,,,,,,
32.0669,10,3,9.4436,41.5096,converged,87947.57,52909.13,-2.9416,0.00,0.0000,0.0086,0.0031,,,,,,,
36.4831,9,3,9.1979,45.6809,converged,87947.57,52909.13,-2.9416,0.00,0.0000,0.0096,0.0027,,,,,,,
52.7956,6,3,9.1725,61.9675,converged,87947.57,52909.13,-2.9416,0.00,0.0000,0.0113,0.0114,,,,,,,
27.0611,10,3,9.1741,36.2352,converged,87947.57,52909.13,-2.9416,0.00,0.0000,0.0087,0.0027,,,,,,,
53.0217,6,3,9.9930,63.0140,converged,87947.57,52909.13,-2.9416,0.00,0.0000,0.0105,0.0221,,,,,,,
21.4985,10,3,8.9578,30.4558,converged,87947.57,52909.13,-2.9416,0.00,0.0000,0.0077,0.0023,,,,,,,
23.2122,10,3,10.2337,33.4458,converged,87947.57,52909.13,-2.9416,0.00,0.0000,0.0083,0.0022,,,,,,,
41.2595,8,3,11.7662,53.0252,converged,87947.57,52909.13,-2.9416,0.00,0.0000,0.0090,0.0055,,,,,,,
20.2918,10,3,10.1444,30.4354,converged,87947.57,52909.13,-2.9416,0.00,0.0000,0.0067,0.0018,,,,,,,
21.9631,10,3,9.1026,31.0656,converged,87947.57,52909.13,-2.9416,0.00,0.0000,0.0073,0.0022,,,,,,,
52.9047,6,3,8.7644,61.6684,converged,87947.57,52909.13,-2.9416,0.00,0.0000,0.0105,0.0160,,,,,,,
29.4224,10,3,9.2809,38.7029,converged,87947.57,52909.13,-2.9416,0.00,0.0000,0.0084,0.0032,,,,,,,
24.6472,10,3,9.2843,33.9313,converged,87947.57,52909.13,-2.9416,0.00,0.0000,0.0097,0.0045,,,,,,,
53.9244,6,3,10.5370,64.4610,converged,87947.57,52909.13,-2.9416,0.00,0.0000,0.0105,0.0200,,,,,,,
28.5692,10,3,9.4078,37.9768,converged,87947.57,52909.13,-2.9416,0.00,0.0000,0.0067,0.0025,,,,,,,
24.8067,10,3,9.2922,34.0983,converged,87947.57,52909.13,-2.9416,0.00,0.0000,0.0080,0.0028,,,,,,,
49.7682,7,3,10.4225,60.1905,converged,87947.57,52909.13,-2.9416,0.00,0.0000,0.0090,0.0107,,,,,,,
32.5052,10,3,9.1630,41.6680,converged,87947.57,52909.13,-2.9416,0.00,0.0000,0.0082,0.0020,,,,,,,
40.4314,8,3,9.3877,49.8187,converged,87947.57,52909.13,-2.9416,0.00,0.0000,0.0079,0.0048,,,,,,,
52.8556,6,3,9.2757,62.1307,converged,87947.57,52909.13,-2.9416,0.00,0.0000,0.0107,0.0230,,,,,,,
59.5152,5,3,10.4374,69.9524,converged,87947.57,52909.13,-2.9416,0.00,0.0000,0.0102,0.0387,,,,,,,
44.5256,8,3,12.9286,57.4536,converged,87947.57,52909.13,-2.9416,0.00,0.0000,0.0076,0.0070,,,,,,,
21.9672,10,3,12.7201,34.6872,converged,87947.57,52909.13,-2.9416,0.00,0.0000,0.0092,0.0033,,,,,,,
34.4452,9,3,9.1209,43.5660,converged,87947.57,52909.13,-2.9416,0.00,0.0000,0.0088,0.0023,,,,,,,
53.9865,6,3,9.3960,63.3820,converged,87947.57,52909.13,-2.9416,0.00,0.0000,0.0081,0.0186,,,,,,,
30.9518,10,3,10.1446,41.0956,converged,87947.57,52909.13,-2.9416,0.00,0.0000,0.0087,0.0023,,,,,,,
36.1149,9,3,9.4869,45.6009,converged,87947.57,52909.13,-2.9416,0.00,0.0000,0.0092,0.0025,,,,,,,
47.2750,7,3,10.4985,57.7726,converged,87947.57,52909.13,-2.9416,0.00,0.0000,0.0096,0.0111,,,,,,,
21.0233,10,3,9.8956,30.9187,converged,87947.57,52909.13,-2.9416,0.00,0.0000,0.0072,0.0021,,,,,,,
38.4687,9,3,9.6147,48.0827,converged,87947.57,52909.13,-2.9416,0.00,0.0000,0.0079,0.0026,,,,,,,
46.2212,7,3,9.2960,55.5170,converged,87947.57,52909.13,-2.9416,0.00,0.0000,0.0080,0.0099,,,,,,,
30.6287,10,3,9.1315,39.7595,converged,87947.57,52909.13,-2.9416,0.00,0.0000,0.0081,0.0027,,,,,,,
47.7268,7,3,9.5811,57.3071,converged,87947.57,52909.13,-2.9416,0.00,0.0000,0.0089,0.0105,,,,,,,
43.2752,8,3,9.8018,53.0769,converged,87947.57,52909.13,-2.9416,0.00,0.0000,0.0084,0.0058,,,,,,,
56.6255,6,3,10.1714,66.7965,converged,87947.57,52909.13,-2.9416,0.00,0.0000,0.0088,0.0219,,,,,,,
37.2024,9,3,9.0061,46.2081,converged,87947.57,52909.13,-2.9416,0.00,0.0000,0.0089,0.0031,,,,,,,
50.2107,7,3,9.2128,59.4228,converged,87947.57,52909.13,-2.9416,0.00,0.0000,0.0102,0.0107,,,,,,,
50.7199,7,3,9.2176,59.9366,converged,87947.57,52909.13,-2.9416,0.00,0.0000,0.0081,0.0125,,,,,,,
49.3365,7,3,9.7549,59.0909,converged,87947.57,52909.13,-2.9416,0.00,0.0000,0.0097,0.0088,,,,,,,
46.2086,7,3,9.1843,55.3924,converged,87947.57,52909.13,-2.9416,0.00,0.0000,0.0099,0.0098,,,,,,,
43.5235,8,3,13.4682,56.9912,converged,87947.57,52909.13,-2.9416,0.00,0.0000,0.0094,0.0029,,,,,,,
26.3204,10,3,10.2300,36.5500,converged,87947.57,52909.13,-2.9416,0.00,0.0000,0.0087,0.0029,,,,,,,
50.6803,7,3,9.0425,59.7225,converged,87947.57,52909.13,-2.9416,0.00,0.0000,0.0101,0.0066,,,,,,,
23.4549,10,3,10.0234,33.4774,converged,87947.57,52909.13,-2.9416,0.00,0.0000,0.0073,0.0022,,,,,,,
52.8980,6,3,9.1788,62.0758,converged,87947.57,52909.13,-2.9416,0.00,0.0000,0.0104,0.0250,,,,,,,
31.5638,10,3,9.9709,41.5339,converged,87947.57,52909.13,-2.9416,0.00,0.0000,0.0086,0.0027,,,,,,,
41.8174,8,3,9.0158,50.8329,converged,87947.57,52909.13,-2.9416,0.00,0.0000,0.0086,0.0038,,,,,,,
58.5258,5,3,9.4604,67.9854,converged,87947.57,52909.13,-2.9416,0.00,0.0000,0.0115,0.0344,,,,,,,
50.4701,7,3,8.9187,59.3888,converged,87947.57,52909.13,-2.9416,0.00,0.0000,0.0082,0.0100,,,,,,,
48.7607,7,3,8.8477,57.6077,converged,87947.57,52909.13,-2.9416,0.00,0.0000,0.0091,0.0122,,,,,,,
53.6705,6,3,9.2501,62.9201,converged,87947.57,52909.13,-2.9416,0.00,0.0000,0.0118,0.0191,,,,,,,
28.0848,10,3,9.7890,37.8730,converged,87947.57,52909.13,-2.9416,0.00,0.0000,0.0084,0.0024,,,,,,,
42.3651,8,3,9.9144,52.2794,converged,87947.57,52909.13,-2.9416,0.00,0.0000,0.0107,0.0027,,,,,,,
59.9996,5,3,9.3566,69.3556,converged,87947.57,52909.13,-2.9416,0.00,0.0000,0.0084,0.0502,,,,,,,
46.7185,7,3,8.8995,55.6176,converged,87947.57,52909.13,-2.9416,0.00,0.0000,0.0116,0.0060,,,,,,,
57.0511,6,3,9.3977,66.4487,converged,87947.57,52909.13,-2.9416,0.00,0.0000,0.0073,0.0209,,,,,,,
57.2878,6,3,10.0426,67.3296,converged,87947.57,52909.13,-2.9416,0.00,0.0000,0.0096,0.0216,,,,,,,
33.9598,10,3,10.4836,44.4426,converged,87947.57,52909.13,-2.9416,0.00,0.0000,0.0070,0.0021,,,,,,,
47.8206,7,3,9.1058,56.9259,converged,87947.57,52909.13,-2.9416,0.00,0.0000,0.0070,0.0108,,,,,,,
28.0146,10,3,9.9229,37.9370,converged,87947.57,52909.13,-2.9416,0.00,0.0000,0.0084,0.0019,,,,,,,
28.9661,10,3,9.9429,38.9090,converged,87947.57,52909.13,-2.9416,0.00,0.0000,0.0083,0.0022,,,,,,,
28.1559,10,3,9.2907,37.4457,converged,87947.57,52909.13,-2.9416,0.00,0.0000,0.0071,0.0023,,,,,,,
37.4843,9,3,8.8953,46.3793,converged,87947.57,52909.13,-2.9416,0.00,0.0000,0.0084,0.0022,,,,,,,
40.8012,8,3,9.5951,50.3961,converged,87947.57,52909.13,-2.9416,0.00,0.0000,0.0087,0.0052,,,,,,,
46.3497,7,3,9.9107,56.2598,converged,87947.57,52909.13,-2.9416,0.00,0.0000,0.0069,0.0063,,,,,,,
32.4782,10,3,10.7650,43.2430,converged,87947.57,52909.13,-2.9416,0.00,0.0000,0.0085,0.0026,,,,,,,
29.3748,10,3,9.8032,39.1772,converged,87947.57,52909.13,-2.9416,0.00,0.0000,0.0072,0.0020,,,,,,,
37.5273,9,3,12.0224,49.5495,converged,87947.57,52909.13,-2.9416,0.00,0.0000,0.0078,0.0027,,,,,,,
41.8711,8,3,9.4678,51.3389,converged,87947.57,52909.13,-2.9416,0.00,0.0000,0.0099,0.0035,,,,,,,
38.0704,9,3,9.9235,47.9936,converged,87947.57,52909.13,-2.9416,0.00,0.0000,0.0089,0.0024,,,,,,,
22.3506,10,3,9.2211,31.5711,converged,87947.57,52909.13,-2.9416,0.00,0.0000,0.0076,0.0022,,,,,,,
25.3299,10,3,9.6554,34.9844,converged,87947.57,52909.13,-2.9416,0.00,0.0000,0.0075,0.0021,,,,,,,
35.0247,9,3,11.0812,46.1052,converged,87947.57,52909.13,-2.9416,0.00,0.0000,0.0081,0.0034,,,,,,,
41.1492,8,3,9.0618,50.2108,converged,87947.57,52909.13,-2.9416,0.00,0.0000,0.0096,0.0034,,,,,,,
31.0525,10,3,10.3657,41.4177,converged,87947.57,52909.13,-2.9416,0.00,0.0000,0.0077,0.0022,,,,,,,
22.3906,10,3,9.3089,31.6989,converged,87947.57,52909.13,-2.9416,0.00,0.0000,0.0070,0.0022,,,,,,,
22.4547,10,3,9.0716,31.5256,converged,87947.57,52909.13,-2.9416,0.00,0.0000,0.0080,0.0029,,,,,,,
55.3760,6,3,9.4715,64.8475,converged,87947.57,52909.13,-2.9416,0.00,0.0000,0.0088,0.0150,,,,,,,
59.0373,5,3,9.5188,68.5558,converged,87947.57,52909.13,-2.9416,0.00,0.0000,0.0077,0.0261,,,,,,,
30.3659,10,3,10.0207,40.3857,converged,87947.57,52909.13,-2.9416,0.00,0.0000,0.0074,0.0021,,,,,,,
26.6437,10,3,9.8493,36.4923,converged,87947.57,52909.13,-2.9416,0.00,0.0000,0.0088,0.0028,,,,,,,
25.1537,10,3,10.8952,36.0482,converged,87947.57,52909.13,-2.9416,0.00,0.0000,0.0073,0.0022,,,,,,,
21.6368,10,3,9.3111,30.9471,converged,87947.57,52909.13,-2.9416,0.00,0.0000,0.0065,0.0022,,,,,,,
25.6500,10,3,9.1806,34.8306,converged,87947.57,52909.13,-2.9416,0.00,0.0000,0.0080,0.0023,,,,,,,
56.3917,6,3,9.0901,65.4811,converged,87947.57,52909.13,-2.9416,0.00,0.0000,0.0090,0.0141,,,,,,,
26.0446,10,3,9.1895,35.2335,converged,87947.57,52909.13,-2.9416,0.00,0.0000,0.0082,0.0024,,,,,,,
38.3704,9,3,9.3166,47.6866,converged,87947.57,52909.13,-2.9416,0.00,0.0000,0.0071,0.0043,,,,,,,
53.3245,6,3,9.2797,62.6038,converged,87947.57,52909.13,-2.9416,0.00,0.0000,0.0105,0.0194,,,,,,,
32.6055,10,3,10.3660,42.9710,converged,87947.57,52909.13,-2.9416,0.00,0.0000,0.0085,0.0022,,,,,,,
56.8282,6,3,10.5014,67.3295,converged,87947.57,52909.13,-2.9416,0.00,0.0000,0.0108,0.0163,,,,,,,
38.0597,9,3,9.6876,47.7466,converged,87947.57,52909.13,-2.9416,0.00,0.0000,0.0088,0.0023,,,,,,,
50.2166,7,3,9.4019,59.6179,converged,87947.57,52909.13,-2.9416,0.00,0.0000,0.0108,0.0115,,,,,,,
22.5952,10,3,9.3866,31.9817,converged,87947.57,52909.13,-2.9416,0.00,0.0000,0.0073,0.0021,,,,,,,
49.3754,7,3,9.7793,59.1544,converged,87947.57,52909.13,-2.9416,0.00,0.0000,0.0074,0.0092,,,,,,,
44.1640,8,3,9.2360,53.4000,converged,87947.57,52909.13,-2.9416,0.00,0.0000,0.0097,0.0031,,,,,,,
27.0465,10,3,9.8416,36.8876,converged,87947.57,52909.13,-2.9416,0.00,0.0000,0.0066,0.0020,,,,,,,
36.3449,9,3,9.5332,45.8772,converged,87947.57,52909.13,-2.9416,0.00,0.0000,0.0085,0.0028,,,,,,,
21.2999,10,3,11.0401,32.3391,converged,87947.57,52909.13,-2.9416,0.00,0.0000,0.0083,0.0026,,,,,,,
26.6761,10,3,9.9377,36.6137,converged,87947.57,52909.13,-2.9416,0.00,0.0000,0.0080,0.0023,,,,,,,
24.1813,10,3,9.2100,33.3910,converged,87947.57,52909.13,-2.9416,0.00,0.0000,0.0074,0.0021,,,,,,,
30.8825,10,3,9.5567,40.4387,converged,87947.57,52909.13,-2.9416,0.00,0.0000,0.0092,0.0040,,,,,,,
37.4138,9,3,10.8565,48.2695,converged,87947.57,52909.13,-2.9416,0.00,0.0000,0.0089,0.0023,,,,,,,
34.0559,9,3,9.6188,43.6739,converged,87947.57,52909.13,-2.9416,0.00,0.0000,0.0074,0.0029,,,,,,,
20.7154,10,3,9.1596,29.8747,converged,87947.57,52909.13,-2.9416,0.00,0.0000,0.0083,0.0021,,,,,,,
31.3495,10,3,9.3816,40.7307,converged,87947.57,52909.13,-2.9416,0.00,0.0000,0.0083,0.0022,,,,,,,
31.2656,10,3,10.3857,41.6507,converged,87947.57,52909.13,-2.9416,0.00,0.0000,0.0081,0.0027,,,,,,,
53.4871,6,3,11.0582,64.5452,converged,87947.57,52909.13,-2.9416,0.00,0.0000,0.0088,0.0207,,,,,,,
30.5761,10,3,10.0843,40.6604,converged,87947.57,52909.13,-2.9416,0.00,0.0000,0.0073,0.0022,,,,,,,
37.3565,9,3,10.5791,47.9352,converged,87947.57,52909.13,-2.9416,0.00,0.0000,0.0107,0.0028,,,,,,,
23.9625,10,3,9.4668,33.4289,converged,87947.57,52909.13,-2.9416,0.00,0.0000,0.0073,0.0022,,,,,,,
59.5537,5,3,9.2146,68.7676,converged,87947.57,52909.13,-2.9416,0.00,0.0000,0.0084,0.0338,,,,,,,
53.8629,6,3,9.2150,63.0770,converged,87947.57,52909.13,-2.9416,0.00,0.0000,0.0092,0.0153,,,,,,,
33.6229,10,3,10.4313,44.0534,converged,87947.57,52909.13,-2.9416,0.00,0.0000,0.0077,0.0020,,,,,,,
46.2436,7,3,10.0932,56.3362,converged,87947.57,52909.13,-2.9416,0.00,0.0000,0.0086,0.0121,,,,,,,
23.2960,10,3,11.6219,34.9169,converged,87947.57,52909.13,-2.9416,0.00,0.0000,0.0079,0.0023,,,,,,,
55.8099,6,3,9.9081,65.7171,converged,87947.57,52909.13,-2.9416,0.00,0.0000,0.0098,0.0196,,,,,,,
20.2894,10,3,10.1670,30.4560,converged,87947.57,52909.13,-2.9416,0.00,0.0000,0.0070,0.0023,,,,,,,
32.4420,10,3,10.5389,42.9799,converged,87947.57,52909.13,-2.9416,0.00,0.0000,0.0080,0.0020,,,,,,,
58.2192,5,3,12.2370,70.4560,converged,87947.57,52909.13,-2.9416,0.00,0.0000,0.0062,0.0380,,,,,,,
39.4494,9,3,10.1385,49.5875,converged,87947.57,52909.13,-2.9416,0.00,0.0000,0.0084,0.0033,,,,,,,
38.3472,9,3,9.5094,47.8565,converged,87947.57,52909.13,-2.9416,0.00,0.0000,0.0079,0.0021,,,,,,,
52.8198,6,3,9.2245,62.0436,converged,87947.57,52909.13,-2.9416,0.00,0.0000,0.0126,0.0193,,,,,,,
33.4772,10,3,8.9704,42.4474,converged,87947.57,52909.13,-2.9416,0.00,0.0000,0.0072,0.0021,,,,,,,
47.7564,7,3,10.1864,57.9425,converged,87947.57,52909.13,-2.9416,0.00,0.0000,0.0099,0.0070,,,,,,,
34.1756,9,3,9.9324,44.1074,converged,87947.57,52909.13,-2.9416,0.00,0.0000,0.0087,0.0022,,,,,,,
27.4909,10,3,9.4518,36.9418,converged,87947.57,52909.13,-2.9416,0.00,0.0000,0.0082,0.0030,,,,,,,
40.6233,8,3,9.7243,50.3474,converged,87947.57,52909.13,-2.9416,0.00,0.0000,0.0100,0.0030,,,,,,,
49.3530,7,3,9.5202,58.8732,converged,87947.57,52909.13,-2.9416,0.00,0.0000,0.0082,0.0122,,,,,,,
40.9372,8,3,11.2420,52.1790,converged,87947.57,52909.13,-2.9416,0.00,0.0000,0.0098,0.0044,,,,,,,
49.9464,7,3,9.4641,59.4102,converged,87947.57,52909.13,-2.9416,0.00,0.0000,0.0084,0.0084,,,,,,,
49.0200,7,3,9.0344,58.0535,converged,87947.57,52909.13,-2.9416,0.00,0.0000,0.0103,0.0101,,,,,,,
28.7406,10,3,10.1725,38.9126,converged,87947.57,52909.13,-2.9416,0.00,0.0000,0.0076,0.0017,,,,,,,
46.7051,7,3,9.1804,55.8855,converged,87947.57,52909.13,-2.9416,0.00,0.0000,0.0093,0.0118,,,,,,,
21.0424,10,3,9.1557,30.1977,converged,87947.57,52909.13,-2.9416,0.00,0.0000,0.0066,0.0018,,,,,,,
53.0770,6,3,13.6012,66.6772,converged,87947.57,52909.13,-2.9416,0.00,0.0000,0.0103,0.0196,,,,,,,
32.1452,10,3,13.2016,45.3466,converged,87947.57,52909.13,-2.9416,0.00,0.0000,0.0100,0.0035,,,,,,,
34.4488,9,3,13.8768,48.3248,converged,87947.57,52909.13,-2.9416,0.00,0.0000,0.0091,0.0024,,,,,,,
39.5231,9,3,9.2101,48.7331,converged,87947.57,52909.13,-2.9416,0.00,0.0000,0.0091,0.0028,,,,,,,
49.6264,7,3,12.4472,62.0732,converged,87947.57,52909.13,-2.9416,0.00,0.0000,0.0098,0.0108,,,,,,,
38.1315,9,3,9.1790,47.3101,converged,87947.57,52909.13,-2.9416,0.00,0.0000,0.0086,0.0025,,,,,,,
40.8846,8,3,12.7298,53.6139,converged,87947.57,52909.13,-2.9416,0.00,0.0000,0.0089,0.0049,,,,,,,
49.3713,7,3,8.9600,58.3310,converged,87947.57,52909.13,-2.9416,0.00,0.0000,0.0089,0.0115,,,,,,,
55.0650,6,3,10.5488,65.6138,converged,87947.57,52909.13,-2.9416,0.00,0.0000,0.0125,0.0164,,,,,,,
51.0370,7,3,9.1496,60.1857,converged,87947.57,52909.13,-2.9416,0.00,0.0000,0.0094,0.0149,,,,,,,
56.5940,6,3,9.8008,66.3949,converged,87947.57,52909.13,-2.9416,0.00,0.0000,0.0127,0.0214,,,,,,,
40.3637,8,3,8.9771,49.3401,converged,87947.57,52909.13,-2.9416,0.00,0.0000,0.0096,0.0036,,,,,,,
46.4749,7,3,9.3050,55.7791,converged,87947.57,52909.13,-2.9416,0.00,0.0000,0.0086,0.0124,,,,,,,
48.1407,7,3,9.4383,57.5783,converged,87947.57,52909.13,-2.9416,0.00,0.0000,0.0096,0.0039,,,,,,,
45.4660,8,3,9.7032,55.1682,converged,87947.57,52909.13,-2.9416,0.00,0.0000,0.0086,0.0033,,,,,,,
50.7757,7,3,9.1001,59.8752,converged,87947.57,52909.13,-2.9416,0.00,0.0000,0.0121,0.0052,,,,,,,
33.1790,10,3,8.9921,42.1701,converged,87947.57,52909.13,-2.9416,0.00,0.0000,0.0096,0.0022,,,,,,,
36.1369,9,3,9.5331,45.6692,converged,87947.57,52909.13,-2.9416,0.00,0.0000,0.0066,0.0046,,,,,,,
43.1086,8,3,9.2194,52.3274,converged,87947.57,52909.13,-2.9416,0.00,0.0000,0.0081,0.0052,,,,,,,
42.0666,8,3,9.6716,51.7376,converged,87947.57,52909.13,-2.9416,0.00,0.0000,0.0089,0.0049,,,,,,,
51.9116,7,3,9.5958,61.5068,converged,87947.57,52909.13,-2.9416,0.00,0.0000,0.0109,0.0043,,,,,,,
51.8025,7,3,9.6095,61.4115,converged,87947.57,52909.13,-2.9416,0.00,0.0000,0.0089,0.0124,,,,,,,
58.1479,5,3,9.0463,67.1934,converged,87947.57,52909.13,-2.9416,0.00,0.0000,0.0102,0.0397,,,,,,,
39.3230,9,3,9.5145,48.8375,converged,87947.57,52909.13,-2.9416,0.00,0.0000,0.0086,0.0026,,,,,,,
48.6897,7,3,9.5451,58.2341,converged,87947.57,52909.13,-2.9416,0.00,0.0000,0.0104,0.0084,,,,,,,
49.5039,7,3,12.9708,62.4738,converged,87947.57,52909.13,-2.9416,0.00,0.0000,0.0109,0.0081,,,,,,,
30.5387,10,3,9.7438,40.2819,converged,87947.57,52909.13,-2.9416,0.00,0.0000,0.0081,0.0026,,,,,,,
21.6516,10,3,9.9031,31.5542,converged,87947.57,52909.13,-2.9416,0.00,0.0000,0.0091,0.0031,,,,,,,
42.0431,8,3,9.0329,51.0759,converged,87947.57,52909.13,-2.9416,0.00,0.0000,0.0103,0.0025,,,,,,,
41.0322,8,3,9.4583,50.4903,converged,87947.57,52909.13,-2.9416,0.00,0.0000,0.0079,0.0048,,,,,,,
50.1205,7,3,10.1776,60.2976,converged,87947.57,52909.13,-2.9416,0.00,0.0000,0.0078,0.0066,,,,,,,
30.5707,10,3,12.8620,43.4320,converged,87947.57,52909.13,-2.9416,0.00,0.0000,0.0063,0.0028,,,,,,,
58.3941,5,3,9.5363,67.9304,converged,87947.57,52909.13,-2.9416,0.00,0.0000,0.0121,0.0367,,,,,,,
36.7010,9,3,12.6842,49.3843,converged,87947.57,52909.13,-2.9416,0.00,0.0000,0.0072,0.0025,,,,,,,
21.4418,10,3,9.0510,30.4920,converged,87947.57,52909.13,-2.9416,0.00,0.0000,0.0072,0.0021,,,,,,,
33.3862,10,3,9.4031,42.7891,converged,87947.57,52909.13,-2.9416,0.00,0.0000,0.0082,0.0025,,,,,,,
30.6581,10,3,9.2177,39.8757,converged,87947.57,52909.13,-2.9416,0.00,0.0000,0.0066,0.0016,,,,,,,
42.7330,8,3,8.9725,51.7045,converged,87947.57,52909.13,-2.9416,0.00,0.0000,0.0078,0.0087,,,,,,,
46.3259,7,3,9.7078,56.0328,converged,87947.57,52909.13,-2.9416,0.00,0.0000,0.0088,0.0131,,,,,,,
48.8986,7,3,9.5484,58.4464,converged,87947.57,52909.13,-2.9416,0.00,0.0000,0.0094,0.0080,,,,,,,
55.1397,6,3,10.3700,65.5091,converged,87947.57,52909.13,-2.9416,0.00,0.0000,0.0105,0.0178,,,,,,,
21.6869,10,3,9.1824,30.8684,converged,87947.57,52909.13,-2.9416,0.00,0.0000,0.0082,0.0027,,,,,,,
32.3661,10,3,9.6601,42.0261,converged,87947.57,52909.13,-2.9416,0.00,0.0000,0.0078,0.0021,,,,,,,
20.8977,10,3,8.9509,29.8480,converged,87947.57,52909.13,-2.9416,0.00,0.0000,0.0076,0.0022,,,,,,,
57.4938,6,3,8.9178,66.4108,converged,87947.57,52909.13,-2.9416,0.00,0.0000,0.0101,0.0224,,,,,,,
47.5306,7,3,10.7963,58.3263,converged,87947.57,52909.13,-2.9416,0.00,0.0000,0.0102,0.0076,,,,,,,
58.5284,5,3,9.2915,67.8196,converged,87947.57,52909.13,-2.9416,0.00,0.0000,0.0104,0.0300,,,,,,,
47.2705,7,3,8.9856,56.2556,converged,87947.57,52909.13,-2.9416,0.00,0.0000,0.0083,0.0096,,,,,,,
20.9977,10,3,9.4911,30.4882,converged,87947.57,52909.13,-2.9416,0.00,0.0000,0.0072,0.0023,,,,,,,
48.1506,7,3,9.2889,57.4389,converged,87947.57,52909.13,-2.9416,0.00,0.0000,0.0093,0.0067,,,,,,,
27.2257,10,3,9.1134,36.3384,converged,87947.57,52909.13,-2.9416,0.00,0.0000,0.0077,0.0023,,,,,,,
45.9334,8,3,9.6661,55.5992,converged,87947.57,52909.13,-2.9416,0.00,0.0000,0.0081,0.0058,,,,,,,
24.2207,10,3,9.6465,33.8665,converged,87947.57,52909.13,-2.9416,0.00,0.0000,0.0096,0.0042,,,,,,,
56.8962,6,3,11.6845,68.5805,converged,87947.57,52909.13,-2.9416,0.00,0.0000,0.0087,0.0174,,,,,,,
43.0666,8,3,9.0417,52.1077,converged,87947.57,52909.13,-2.9416,0.00,0.0000,0.0079,0.0058,,,,,,,
25.4815,10,3,9.5292,35.0102,converged,87947.57,52909.13,-2.9416,0.00,0.0000,0.0073,0.0021,,,,,,,
46.3180,7,3,9.6506,55.9686,converged,87947.57,52909.13,-2.9416,0.00,0.0000,0.0087,0.0106,,,,,,,
21.4736,10,3,9.3671,30.8401,converged,87947.57,52909.13,-2.9416,0.00,0.0000,0.0080,0.0025,,,,,,,
45.0566,8,3,9.7058,54.7618,converged,87947.57,52909.13,-2.9416,0.00,0.0000,0.0094,0.0072,,,,,,,
46.5997,7,3,9.5023,56.1013,converged,87947.57,52909.13,-2.9416,0.00,0.0000,0.0098,0.0103,,,,,,,
46.3918,7,3,10.2607,56.6518,converged,87947.57,52909.13,-2.9416,0.00,0.0000,0.0109,0.0044,,,,,,,
33.3440,10,3,9.4528,42.7969,converged,87947.57,52909.13,-2.9416,0.00,0.0000,0.0084,0.0028,,,,,,,
36.7621,9,3,9.4943,46.2563,converged,87947.57,52909.13,-2.9416,0.00,0.0000,0.0093,0.0023,,,,,,,
20.2021,10,3,9.2735,29.4755,converged,87947.57,52909.13,-2.9416,0.00,0.0000,0.0095,0.0037,,,,,,,
28.7470,10,3,9.2633,38.0103,converged,87947.57,52909.13,-2.9416,0.00,0.0000,0.0075,0.0017,,,,,,,
22.0573,10,3,9.4574,31.5145,converged,87947.57,52909.13,-2.9416,0.00,0.0000,0.0085,0.0023,,,,,,,
31.2867,10,3,9.6096,40.8956,converged,87947.57,52909.13,-2.9416,0.00,0.0000,0.0089,0.0028,,,,,,,
42.3014,8,3,9.7670,52.0681,converged,87947.57,52909.13,-2.9416,0.00,0.0000,0.0105,0.0023,,,,,,,
50.1086,7,3,9.4898,59.5979,converged,87947.57,52909.13,-2.9416,0.00,0.0000,0.0089,0.0065,,,,,,,
36.6666,9,3,9.5487,46.2148,converged,87947.57,52909.13,-2.9416,0.00,0.0000,0.0091,0.0022,,,,,,,
40.0417,8,3,10.0762,50.1173,converged,87947.57,52909.13,-2.9416,0.00,0.0000,0.0085,0.0031,,,,,,,
35.9974,9,3,9.4355,45.4325,converged,87947.57,52909.13,-2.9416,0.00,0.0000,0.0079,0.0029,,,,,,,
45.5268,8,3,9.9936,55.5196,converged,87947.57,52909.13,-2.9416,0.00,0.0000,0.0120,0.0035,,,,,,,
41.5041,8,3,9.0289,50.5329,converged,87947.57,52909.13,-2.9416,0.00,0.0000,0.0101,0.0034,,,,,,,
58.5181,5,3,9.1715,67.6895,converged,87947.57,52909.13,-2.9416,0.00,0.0000,0.0082,0.0381,,,,,,,
46.1111,7,3,9.3178,55.4288,converged,87947.57,52909.13,-2.9416,0.00,0.0000,0.0099,0.0104,,,,,,,
25.6527,10,3,9.2520,34.9040,converged,87947.57,52909.13,-2.9416,0.00,0.0000,0.0076,0.0020,,,,,,,
58.4851,5,3,10.0259,68.5109,converged,87947.57,52909.13,-2.9416,0.00,0.0000,0.0063,0.0473,,,,,,,
50.2184,7,3,9.4433,59.6613,converged,87947.57,52909.13,-2.9416,0.00,0.0000,0.0074,0.0107,,,,,,,
40.2955,8,3,9.4836,49.7786,converged,87947.57,52909.13,-2.9416,0.00,0.0000,0.0085,0.0066,,,,,,,
40.7733,8,3,13.1292,53.9022,converged,87947.57,52909.13,-2.9416,0.00,0.0000,0.0084,0.0085,,,,,,,
21.5312,10,3,9.8682,31.3992,converged,87947.57,52909.13,-2.9416,0.00,0.0000,0.0076,0.0020,,,,,,,
38.6487,9,3,9.4035,48.0515,converged,87947.57,52909.13,-2.9416,0.00,0.0000,0.0090,0.0032,,,,,,,
25.1649,10,3,9.5129,34.6769,converged,87947.57,52909.13,-2.9416,0.00,0.0000,0.0083,0.0026,,,,,,,
38.9722,9,3,9.0026,47.9746,converged,87947.57,52909.13,-2.9416,0.00,0.0000,0.0078,0.0024,,,,,,,
32.7126,10,3,9.8479,42.5599,converged,87947.57,52909.13,-2.9416,0.00,0.0000,0.0085,0.0035,,,,,,,
27.4745,10,3,9.2902,36.7643,converged,87947.57,52909.13,-2.9416,0.00,0.0000,0.0081,0.0024,,,,,,,
29.7623,10,3,9.3595,39.1215,converged,87947.57,52909.13,-2.9416,0.00,0.0000,0.0079,0.0024,,,,,,,
31.3555,10,3,10.3576,41.7127,converged,87947.57,52909.13,-2.9416,0.00,0.0000,0.0083,0.0022,,,,,,,
38.9558,9,3,9.7238,48.6791,converged,87947.57,52909.13,-2.9416,0.00,0.0000,0.0084,0.0030,,,,,,,
25.6496,10,3,9.3346,34.9836,converged,87947.57,52909.13,-2.9416,0.00,0.0000,0.0080,0.0024,,,,,,,
32.5133,10,3,13.9578,46.4708,converged,87947.57,52909.13,-2.9416,0.00,0.0000,0.0085,0.0033,,,,,,,
56.9398,6,3,11.1998,68.1388,converged,87947.57,52909.13,-2.9416,0.00,0.0000,0.0099,0.0201,,,,,,,
22.7312,10,3,10.8809,33.6120,converged,87947.57,52909.13,-2.9416,0.00,0.0000,0.0088,0.0027,,,,,,,
59.6414,5,3,9.4139,69.0550,converged,87947.57,52909.13,-2.9416,0.00,0.0000,0.0104,0.0392,,,,,,,
26.3572,10,3,9.5174,35.8744,converged,87947.57,52909.13,-2.9416,0.00,0.0000,0.0072,0.0023,,,,,,,
59.7816,5,3,9.3390,69.1200,converged,87947.57,52909.13,-2.9416,0.00,0.0000,0.0075,0.0454,,,,,,,
50.0371,7,3,8.7924,58.8294,converged,87947.57,52909.13,-2.9416,0.00,0.0000,0.0096,0.0135,,,,,,,
56.5577,6,3,9.7328,66.2899,converged,87947.57,52909.13,-2.9416,0.00,0.0000,0.0104,0.0250,,,,,,,
44.3440,8,3,9.6460,53.9891,converged,87947.57,52909.13,-2.9416,0.00,0.0000,0.0087,0.0026,,,,,,,
29.5167,10,3,10.1945,39.7106,converged,87947.57,52909.13,-2.9416,0.00,0.0000,0.0090,0.0028,,,,,,,
30.5876,10,3,9.7297,40.3168,converged,87947.57,52909.13,-2.9416,0.00,0.0000,0.0074,0.0022,,,,,,,
55.3341,6,3,9.2938,64.6279,converged,87947.57,52909.13,-2.9416,0.00,0.0000,0.0115,0.0193,,,,,,,
43.5514,8,3,9.4239,52.9749,converged,87947.57,52909.13,-2.9416,0.00,0.0000,0.0083,0.0055,,,,,,,
57.1901,6,3,9.2866,66.4767,converged,87947.57,52909.13,-2.9416,0.00,0.0000,0.0083,0.0141,,,,,,,
59.5718,5,3,9.3747,68.9457,converged,87947.57,52909.13,-2.9416,0.00,0.0000,0.0085,0.0338,,,,,,,
55.1226,6,3,9.5527,64.6747,converged,87947.57,52909.13,-2.9416,0.00,0.0000,0.0097,0.0222,,,,,,,
32.7385,10,3,9.1046,41.8427,converged,87947.57,52909.13,-2.9416,0.00,0.0000,0.0045,0.0017,,,,,,,
32.1921,10,3,8.9736,41.1656,converged,87947.57,52909.13,-2.9416,0.00,0.0000,0.0090,0.0029,,,,,,,
34.3763,9,3,9.1891,43.5652,converged,87947.57,52909.13,-2.9416,0.00,0.0000,0.0079,0.0041,,,,,,,
54.0629,6,3,9.2547,63.3167,converged,87947.57,52909.13,-2.9416,0.00,0.0000,0.0104,0.0226,,,,,,,
53.4455,6,3,8.9909,62.4359,converged,87947.57,52909.13,-2.9416,0.00,0.0000,0.0071,0.0224,,,,,,,
20.3447,10,3,9.1021,29.4461,converged,87947.57,52909.13,-2.9416,0.00,0.0000,0.0079,0.0026,,,,,,,
33.0281,10,3,9.6232,42.6513,converged,87947.57,52909.13,-2.9416,0.00,0.0000,0.0070,0.0019,,,,,,,
52.7074,6,3,10.0987,62.8057,converged,87947.57,52909.13,-2.9416,0.00,0.0000,0.0085,0.0220,,,,,,,
37.0410,9,3,9.1578,46.1989,converged,87947.57,52909.13,-2.9416,0.00,0.0000,0.0075,0.0027,,,,,,,
55.1992,6,3,9.4244,64.6235,converged,87947.57,52909.13,-2.9416,0.00,0.0000,0.0120,0.0179,,,,,,,
57.3755,6,3,9.5005,66.8755,converged,87947.57,52909.13,-2.9416,0.00,0.0000,0.0094,0.0182,,,,,,,
44.1927,8,3,9.4782,53.6702,converged,87947.57,52909.13,-2.9416,0.00,0.0000,0.0095,0.0025,,,,,,,
46.1424,7,3,11.1199,57.2619,converged,87947.57,52909.13,-2.9416,0.00,0.0000,0.0095,0.0122,,,,,,,
40.8767,8,3,9.4100,50.2860,converged,87947.57,52909.13,-2.9416,0.00,0.0000,0.0091,0.0044,,,,,,,
51.5636,7,3,9.0395,60.6025,converged,87947.57,52909.13,-2.9416,0.00,0.0000,0.0078,0.0117,,,,,,,
23.5622,10,3,9.7035,33.2655,converged,87947.57,52909.13,-2.9416,0.00,0.0000,0.0074,0.0023,,,,,,,
41.8450,8,3,8.8475,50.6915,converged,87947.57,52909.13,-2.9416,0.00,0.0000,0.0087,0.0064,,,,,,,
26.4411,10,3,10.0379,36.4789,converged,87947.57,52909.13,-2.9416,0.00,0.0000,0.0086,0.0022,,,,,,,
50.5054,7,3,9.3816,59.8866,converged,87947.57,52909.13,-2.9416,0.00,0.0000,0.0085,0.0130,,,,,,,
35.9485,9,3,9.1950,45.1430,converged,87947.57,52909.13,-2.9416,0.00,0.0000,0.0088,0.0030,,,,,,,
39.6926,9,3,11.5034,51.1954,converged,87947.57,52909.13,-2.9416,0.00,0.0000,0.0072,0.0033,,,,,,,
40.5379,8,3,9.3636,49.9007,converged,87947.57,52909.13,-2.9416,0.00,0.0000,0.0088,0.0049,,,,,,,
46.9680,7,3,9.1377,56.1057,converged,87947.57,52909.13,-2.9416,0.00,0.0000,0.0126,0.0057,,,,,,,
48.5074,7,3,9.1463,57.6533,converged,87947.57,52909.13,-2.9416,0.00,0.0000,0.0086,0.0102,,,,,,,
33.4433,10,3,10.0073,43.4503,converged,87947.57,52909.13,-2.9416,0.00,0.0000,0.0092,0.0031,,,,,,,
49.4122,7,3,8.8359,58.2479,converged,87947.57,52909.13,-2.9416,0.00,0.0000,0.0103,0.0090,,,,,,,
36.5832,9,3,9.4236,46.0066,converged,87947.57,52909.13,-2.9416,0.00,0.0000,0.0088,0.0024,,,,,,,
51.3183,7,3,9.3827,60.7007,converged,87947.57,52909.13,-2.9416,0.00,0.0000,0.0095,0.0106,,,,,,,
47.9422,7,3,10.3388,58.2808,converged,87947.57,52909.13,-2.9416,0.00,0.0000,0.0112,0.0028,,,,,,,
52.2829,6,3,9.2200,61.5021,converged,87947.57,52909.13,-2.9416,0.00,0.0000,0.0093,0.0200,,,,,,,
43.9067,8,3,9.4456,53.3516,converged,87947.57,52909.13,-2.9416,0.00,0.0000,0.0085,0.0032,,,,,,,
24.6893,10,3,9.0330,33.7220,converged,87947.57,52909.13,-2.9416,0.00,0.0000,0.0081,0.0025,,,,,,,
55.5412,6,3,9.7762,65.3172,converged,87947.57,52909.13,-2.9416,0.00,0.0000,0.0100,0.0152,,,,,,,
47.1670,7,3,8.7892,55.9563,converged,87947.57,52909.13,-2.9416,0.00,0.0000,0.0091,0.0095,,,,,,,
44.4016,8,3,9.7458,54.1468,converged,87947.57,52909.13,-2.9416,0.00,0.0000,0.0084,0.0059,,,,,,,
48.5716,7,3,8.7044,57.2755,converged,87947.57,52909.13,-2.9416,0.00,0.0000,0.0093,0.0048,,,,,,,
32.3185,10,3,8.8280,41.1460,converged,87947.57,52909.13,-2.9416,0.00,0.0000,0.0078,0.0020,,,,,,,
45.2718,8,3,9.5315,54.8025,converged,87947.57,52909.13,-2.9416,0.00,0.0000,0.0103,0.0046,,,,,,,
50.0362,7,3,9.1576,59.1937,converged,87947.57,52909.13,-2.9416,0.00,0.0000,0.0115,0.0070,,,,,,,
22.6991,10,3,9.3158,32.0148,converged,87947.57,52909.13,-2.9416,0.00,0.0000,0.0080,0.0021,,,,,,,
29.5654,10,3,9.2853,38.8503,converged,87947.57,52909.13,-2.9416,0.00,0.0000,0.0088,0.0028,,,,,,,
46.2985,7,3,9.7073,56.0053,converged,87947.57,52909.13,-2.9416,0.00,0.0000,0.0094,0.0084,,,,,,,
45.8297,8,3,10.5465,56.3756,converged,87947.57,52909.13,-2.9416,0.00,0.0000,0.0088,0.0045,,,,,,,
33.7203,10,3,9.9034,43.6234,converged,87947.57,52909.13,-2.9416,0.00,0.0000,0.0067,0.0023,,,,,,,
41.2289,8,3,9.0618,50.2899,converged,87947.57,52909.13,-2.9416,0.00,0.0000,0.0079,0.0054,,,,,,,
23.9077,10,3,10.2834,34.1905,converged,87947.57,52909.13,-2.9416,0.00,0.0000,0.0079,0.0019,,,,,,,
50.0060,7,3,9.6686,59.6736,converged,87947.57,52909.13,-2.9416,0.00,0.0000,0.0082,0.0099,,,,,,,
36.0893,9,3,9.0895,45.1786,converged,87947.57,52909.13,-2.9416,0.00,0.0000,0.0099,0.0027,,,,,,,
24.9032,10,3,9.4002,34.3033,converged,87947.57,52909.13,-2.9416,0.00,0.0000,0.0067,0.0023,,,,,,,
23.6825,10,3,9.6762,33.3583,converged,87947.57,52909.13,-2.9416,0.00,0.0000,0.0071,0.0024,,,,,,,
21.5678,10,3,10.0673,31.6343,converged,87947.57,52909.13,-2.9416,0.00,0.0000,0.0084,0.0027,,,,,,,
57.9758,6,3,13.3353,71.3103,converged,87947.57,52909.13,-2.9416,0.00,0.0000,0.0079,0.0171,,,,,,,
58.1199,5,3,9.0861,67.2051,converged,87947.57,52909.13,-2.9416,0.00,0.0000,0.0110,0.0450,,,,,,,
31.1586,10,3,9.5775,40.7355,converged,87947.57,52909.13,-2.9416,0.00,0.0000,0.0095,0.0031,,,,,,,
20.1420,10,3,9.9197,30.0608,converged,87947.57,52909.13,-2.9416,0.00,0.0000,0.0090,0.0039,,,,,,,
49.6394,7,3,9.0443,58.6833,converged,87947.57,52909.13,-2.9416,0.00,0.0000,0.0090,0.0090,,,,,,,
54.3075,6,3,9.4392,63.7462,converged,87947.57,52909.13,-2.9416,0.00,0.0000,0.0104,0.0203,,,,,,,
37.9753,9,3,13.4667,51.4417,converged,87947.57,52909.13,-2.9416,0.00,0.0000,0.0075,0.0034,,,,,,,
44.4930,8,3,10.5847,55.0778,converged,87947.57,52909.13,-2.9416,0.00,0.0000,0.0091,0.0033,,,,,,,
42.5106,8,3,9.4810,51.9910,converged,87947.57,52909.13,-2.9416,0.00,0.0000,0.0081,0.0039,,,,,,,
30.8840,10,3,9.5588,40.4428,converged,87947.57,52909.13,-2.9416,0.00,0.0000,0.0072,0.0024,,,,,,,
37.2333,9,3,9.2590,46.4920,converged,87947.57,52909.13,-2.9416,0.00,0.0000,0.0075,0.0030,,,,,,,
21.5804,10,3,9.4230,31.0030,converged,87947.57,52909.13,-2.9416,0.00,0.0000,0.0075,0.0025,,,,,,,
45.7694,8,3,10.0771,55.8461,converged,87947.57,52909.13,-2.9416,0.00,0.0000,0.0091,0.0036,,,,,,,
35.9240,9,3,9.3153,45.2393,converged,87947.57,52909.13,-2.9416,0.00,0.0000,0.0080,0.0028,,,,,,,
23.7918,10,3,8.8378,32.6288,converged,87947.57,52909.13,-2.9416,0.00,0.0000,0.0088,0.0029,,,,,,,
51.9431,7,3,9.5634,61.5064,converged,87947.57,52909.13,-2.9416,0.00,0.0000,0.0091,0.0097,,,,,,,
50.9016,7,3,8.8482,59.7492,converged,87947.57,52909.13,-2.9416,0.00,0.0000,0.0092,0.0099,,,,,,,
42.4541,8,3,9.4979,51.9519,converged,87947.57,52909.13,-2.9416,0.00,0.0000,0.0100,0.0044,,,,,,,
49.0636,7,3,10.2273,59.2903,converged,87947.57,52909.13,-2.9416,0.00,0.0000,0.0096,0.0069,,,,,,,
24.7791,10,3,10.2873,35.0663,converged,87947.57,52909.13,-2.9416,0.00,0.0000,0.0069,0.0021,,,,,,,
20.8563,10,3,11.5461,32.4022,converged,87947.57,52909.13,-2.9416,0.00,0.0000,0.0087,0.0025,,,,,,,
59.5764,5,3,9.3635,68.9396,converged,87947.57,52909.13,-2.9416,0.00,0.0000,0.0058,0.0343,,,,,,,
59.2779,5,3,9.0648,68.3418,converged,87947.57,52909.13,-2.9416,0.00,0.0000,0.0106,0.0419,,,,,,,
46.4697,7,3,9.0594,55.5285,converged,87947.57,52909.13,-2.9416,0.00,0.0000,0.0096,0.0100,,,,,,,
40.9365,8,3,10.0276,50.9637,converged,87947.57,52909.13,-2.9416,0.00,0.0000,0.0083,0.0065,,,,,,,
49.6201,7,3,9.3225,58.9425,converged,87947.57,52909.13,-2.9416,0.00,0.0000,0.0089,0.0083,,,,,,,
56.7908,6,3,9.4881,66.2782,converged,87947.57,52909.13,-2.9416,0.00,0.0000,0.0100,0.0207,,,,,,,
45.5511,8,3,9.5283,55.0794,converged,87947.57,52909.13,-2.9416,0.00,0.0000,0.0088,0.0032,,,,,,,
50.5901,7,3,9.0305,59.6205,converged,87947.57,52909.13,-2.9416,0.00,0.0000,0.0114,0.0077,,,,,,,
50.9313,7,3,10.0561,60.9872,converged,87947.57,52909.13,-2.9416,0.00,0.0000,0.0103,0.0062,,,,,,,
26.1552,10,3,10.0702,36.2252,converged,87947.57,52909.13,-2.9416,0.00,0.0000,0.0076,0.0025,,,,,,,
47.2744,7,3,9.1961,56.4702,converged,87947.57,52909.13,-2.9416,0.00,0.0000,0.0102,0.0067,,,,,,,
45.6539,8,3,10.7530,56.4061,converged,87947.57,52909.13,-2.9416,0.00,0.0000,0.0093,0.0043,,,,,,,
52.9670,6,3,9.1257,62.0927,converged,87947.57,52909.13,-2.9416,0.00,0.0000,0.0095,0.0159,,,,,,,
24.7657,10,3,9.5585,34.3235,converged,87947.57,52909.13,-2.9416,0.00,0.0000,0.0070,0.0024,,,,,,,
41.5033,8,3,9.7349,51.2379,converged,87947.57,52909.13,-2.9416,0.00,0.0000,0.0082,0.0084,,,,,,,
46.4221,7,3,9.1640,55.5860,converged,87947.57,52909.13,-2.9416,0.00,0.0000,0.0078,0.0091,,,,,,,
35.0404,9,3,8.9503,43.9903,converged,87947.57,52909.13,-2.9416,0.00,0.0000,0.0086,0.0035,,,,,,,
46.3052,7,3,9.5506,55.8556,converged,87947.57,52909.13,-2.9416,0.00,0.0000,0.0090,0.0104,,,,,,,
21.2155,10,3,10.1670,31.3820,converged,87947.57,52909.13,-2.9416,0.00,0.0000,0.0082,0.0027,,,,,,,
42.9636,8,3,9.1815,52.1445,converged,87947.57,52909.13,-2.9416,0.00,0.0000,0.0078,0.0060,,,,,,,
57.3589,6,3,9.6761,67.0342,converged,87947.57,52909.13,-2.9416,0.00,0.0000,0.0115,0.0187,,,,,,,
44.3149,8,3,9.0688,53.3829,converged,87947.57,52909.13,-2.9416,0.00,0.0000,0.0100,0.0046,,,,,,,
48.8607,7,3,9.2046,58.0646,converged,87947.57,52909.13,-2.9416,0.00,0.0000,0.0092,0.0094,,,,,,,
53.9986,6,3,9.0318,63.0298,converged,87947.57,52909.13,-2.9416,0.00,0.0000,0.0097,0.0270,,,,,,,
36.6238,9,3,9.7700,46.3931,converged,87947.57,52909.13,-2.9416,0.00,0.0000,0.0068,0.0027,,,,,,,
21.3021,10,3,9.3550,30.6570,converged,87947.57,52909.13,-2.9416,0.00,0.0000,0.0087,0.0031,,,,,,,
49.4031,7,3,9.3334,58.7364,converged,87947.57,52909.13,-2.9416,0.00,0.0000,0.0085,0.0111,,,,,,,
35.1681,9,3,9.1906,44.3587,converged,87947.57,52909.13,-2.9416,0.00,0.0000,0.0077,0.0021,,,,,,,
22.5870,10,3,9.0821,31.6682,converged,87947.57,52909.13,-2.9416,0.00,0.0000,0.0079,0.0026,,,,,,,
30.6221,10,3,8.7898,39.4118,converged,87947.57,52909.13,-2.9416,0.00,0.0000,0.0067,0.0031,,,,,,,
38.0068,9,3,9.5143,47.5204,converged,87947.57,52909.13,-2.9416,0.00,0.0000,0.0086,0.0029,,,,,,,
43.0807,8,3,9.1630,52.2430,converged,87947.57,52909.13,-2.9416,0.00,0.0000,0.0089,0.0058,,,,,,,
43.2741,8,3,9.7194,52.9934,converged,87947.57,52909.13,-2.9416,0.00,0.0000,0.0088,0.0066,,,,,,,
24.4674,10,3,10.2914,34.7584,converged,87947.57,52909.13,-2.9416,0.00,0.0000,0.0075,0.0023,,,,,,,
30.8904,10,3,9.8869,40.7770,converged,87947.57,52909.13,-2.9416,0.00,0.0000,0.0090,0.0022,,,,,,,
27.2362,10,3,9.6575,36.8935,converged,87947.57,52909.13,-2.9416,0.00,0.0000,0.0071,0.0022,,,,,,,
44.8451,8,3,9.3784,54.2234,converged,87947.57,52909.13,-2.9416,0.00,0.0000,0.0094,0.0046,,,,,,,
25.7868,10,3,9.6809,35.4669,converged,87947.57,52909.13,-2.9416,0.00,0.0000,0.0069,0.0023,,,,,,,
27.0740,10,3,9.1248,36.1978,converged,87947.57,52909.13,-2.9416,0.00,0.0000,0.0097,0.0036,,,,,,,
21.7696,10,3,12.8306,34.5996,converged,87947.57,52909.13,-2.9416,0.00,0.0000,0.0083,0.0023,,,,,,,
55.6014,6,3,12.4319,68.0330,converged,87947.57,52909.13,-2.9416,0.00,0.0000,0.0106,0.0187,,,,,,,
58.1150,5,3,9.1606,67.2756,converged,87947.57,52909.13,-2.9416,0.00,0.0000,0.0083,0.0435,,,,,,,
33.6092,10,3,9.3970,43.0060,converged,87947.57,52909.13,-2.9416,0.00,0.0000,0.0078,0.0024,,,,,,,
32.0061,10,3,9.4082,41.4143,converged,87947.57,52909.13,-2.9416,0.00,0.0000,0.0076,0.0023,,,,,,,
47.4377,7,3,8.7233,56.1603,converged,87947.57,52909.13,-2.9416,0.00,0.0000,0.0093,0.0146,,,,,,,
49.7478,7,3,8.8962,58.6432,converged,87947.57,52909.13,-2.9416,0.00,0.0000,0.0095,0.0108,,,,,,,
43.6083,8,3,9.0010,52.6090,converged,87947.57,52909.13,-2.9416,0.00,0.0000,0.0074,0.0052,,,,,,,
47.5909,7,3,9.4895,57.0795,converged,87947.57,52909.13,-2.9416,0.00,0.0000,0.0114,0.0052,,,,,,,
37.3269,9,3,9.8536,47.1796,converged,87947.57,52909.13,-2.9416,0.00,0.0000,0.0088,0.0016,,,,,,,
40.8056,8,3,8.9334,49.7384,converged,87947.57,52909.13,-2.9416,0.00,0.0000,0.0093,0.0055,,,,,,,
54.6735,6,3,8.9036,63.5766,converged,87947.57,52909.13,-2.9416,0.00,0.0000,0.0090,0.0249,,,,,,,
50.1214,7,3,8.9244,59.0454,converged,87947.57,52909.13,-2.9416,0.00,0.0000,0.0106,0.0131,,,,,,,
42.8926,8,3,13.4246,56.3166,converged,87947.57,52909.13,-2.9416,0.00,0.0000,0.0086,0.0042,,,,,,,
37.8715,9,3,9.4492,47.3202,converged,87947.57,52909.13,-2.9416,0.00,0.0000,0.0097,0.0028,,,,,,,
51.0538,7,3,8.9442,59.9973,converged,87947.57,52909.13,-2.9416,0.00,0.0000,0.0111,0.0060,,,,,,,
36.2839,9,3,9.5305,45.8135,converged,87947.57,52909.13,-2.9416,0.00,0.0000,0.0076,0.0030,,,,,,,
43.4624,8,3,9.2331,52.6952,converged,87947.57,52909.13,-2.9416,0.00,0.0000,0.0104,0.0031,,,,,,,
28.9435,10,3,9.2641,38.2071,converged,87947.57,52909.13,-2.9416,0.00,0.0000,0.0082,0.0022,,,,,,,
35.6336,9,3,11.7829,47.4159,converged,87947.57,52909.13,-2.9416,0.00,0.0000,0.0075,0.0028,,,,,,,
20.4839,10,3,10.0568,30.5399,converged,87947.57,52909.13,-2.9416,0.00,0.0000,0.0073,0.0018,,,,,,,
39.1934,9,3,8.9597,48.1527,converged,87947.57,52909.13,-2.9416,0.00,0.0000,0.0090,0.0029,,,,,,,
53.7005,6,3,9.5125,63.2126,converged,87947.57,52909.13,-2.9416,0.00,0.0000,0.0099,0.0182,,,,,,,
51.9002,7,3,9.4221,61.3222,converged,87947.57,52909.13,-2.9416,0.00,0.0000,0.0103,0.0081,,,,,,,
37.9446,9,3,9.0038,46.9479,converged,87947.57,52909.13,-2.9416,0.00,0.0000,0.0078,0.0026,,,,,,,
29.0126,10,3,9.8007,38.8127,converged,87947.57,52909.13,-2.9416,0.00,0.0000,0.0085,0.0035,,,,,,,
28.2321,10,3,9.6233,37.8554,converged,87947.57,52909.13,-2.9416,0.00,0.0000,0.0091,0.0036,,,,,,,
20.5965,10,3,13.6010,34.1970,converged,87947.57,52909.13,-2.9416,0.00,0.0000,0.0076,0.0025,,,,,,,
26.6381,10,3,10.6123,37.2503,converged,87947.57,52909.13,-2.9416,0.00,0.0000,0.0085,0.0037,,,,,,,
45.8456,8,3,9.8256,55.6707,converged,87947.57,52909.13,-2.9416,0.00,0.0000,0.0090,0.0044,,,,,,,
29.0667,10,3,9.9024,38.9684,converged,87947.57,52909.13,-2.9416,0.00,0.0000,0.0085,0.0027,,,,,,,
33.6735,10,3,8.9065,42.5795,converged,87947.57,52909.13,-2.9416,0.00,0.0000,0.0078,0.0025,,,,,,,
37.4055,9,3,9.0393,46.4443,converged,87947.57,52909.13,-2.9416,0.00,0.0000,0.0091,0.0034,,,,,,,
33.5032,10,3,9.2763,42.7793,converged,87947.57,52909.13,-2.9416,0.00,0.0000,0.0096,0.0039,,,,,,,
55.2519,6,3,9.1177,64.3687,converged,87947.57,52909.13,-2.9416,0.00,0.0000,0.0088,0.0158,,,,,,,
55.9927,6,3,8.9267,64.9187,converged,87947.57,52909.13,-2.9416,0.00,0.0000,0.0081,0.0239,,,,,,,
52.0692,6,3,9.7450,61.8140,converged,87947.57,52909.13,-2.9416,0.00,0.0000,0.0080,0.0218,,,,,,,
37.2237,9,3,9.4118,46.6348,converged,87947.57,52909.13,-2.9416,0.00,0.0000,0.0078,0.0031,,,,,,,
54.8429,6,3,9.2808,64.1229,converged,87947.57,52909.13,-2.9416,0.00,0.0000,0.0081,0.0237,,,,,,,
30.6291,10,3,9.5399,40.1690,converged,87947.57,52909.13,-2.9416,0.00,0.0000,0.0073,0.0021,,,,,,,
52.9779,6,3,9.0526,62.0297,converged,87947.57,52909.13,-2.9416,0.00,0.0000,0.0087,0.0213,,,,,,,
53.3468,6,3,11.1501,64.4962,converged,87947.57,52909.13,-2.9416,0.00,0.0000,0.0095,0.0188,,,,,,,
54.5022,6,3,8.9338,63.4359,converged,87947.57,52909.13,-2.9416,0.00,0.0000,0.0105,0.0197,,,,,,,
37.5265,9,3,8.7281,46.2541,converged,87947.57,52909.13,-2.9416,0.00,0.0000,0.0094,0.0034,,,,,,,
23.1442,10,3,9.2789,32.4229,converged,87947.57,52909.13,-2.9416,0.00,0.0000,0.0074,0.0020,,,,,,,
24.1210,10,3,9.7685,33.8895,converged,87947.57,52909.13,-2.9416,0.00,0.0000,0.0088,0.0029,,,,,,,
32.7471,10,3,9.7858,42.5329,converged,87947.57,52909.13,-2.9416,0.00,0.0000,0.0076,0.0017,,,,,,,
42.5143,8,3,9.5727,52.0867,converged,87947.57,52909.13,-2.9416,0.00,0.0000,0.0099,0.0049,,,,,,,
45.1458,8,3,9.1232,54.2682,converged,87947.57,52909.13,-2.9416,0.00,0.0000,0.0077,0.0047,,,,,,,
27.1510,10,3,9.2064,36.3564,converged,87947.57,52909.13,-2.9416,0.00,0.0000,0.0083,0.0021,,,,,,,
41.2526,8,3,9.0325,50.2845,converged,87947.57,52909.13,-2.9416,0.00,0.0000,0.0071,0.0030,,,,,,,
25.8811,10,3,9.1832,35.0643,converged,87947.57,52909.13,-2.9416,0.00,0.0000,0.0070,0.0028,,,,,,,
37.6365,9,3,9.8799,47.5159,converged,87947.57,52909.13,-2.9416,0.00,0.0000,0.0093,0.0023,,,,,,,
27.9379,10,3,9.6230,37.5600,converged,87947.57,52909.13,-2.9416,0.00,0.0000,0.0086,0.0024,,,,,,,
39.5966,9,3,13.9123,53.5083,converged,87947.57,52909.13,-2.9416,0.00,0.0000,0.0084,0.0033,,,,,,,
20.6815,10,3,10.1460,30.8270,converged,87947.57,52909.13,-2.9416,0.00,0.0000,0.0074,0.0025,,,,,,,
57.5662,6,3,9.3581,66.9241,converged,87947.57,52909.13,-2.9416,0.00,0.0000,0.0090,0.0259,,,,,,,
50.7357,7,3,8.7131,59.4481,converged,87947.57,52909.13,-2.9416,0.00,0.0000,0.0067,0.0124,,,,,,,
23.5518,10,3,9.2494,32.8004,converged,87947.57,52909.13,-2.9416,0.00,0.0000,0.0084,0.0023,,,,,,,
30.8897,10,3,9.4557,40.3448,converged,87947.57,52909.13,-2.9416,0.00,0.0000,0.0067,0.0023,,,,,,,
43.2635,8,3,8.9464,52.2094,converged,87947.57,52909.13,-2.9416,0.00,0.0000,0.0106,0.0035,,,,,,,
29.1447,10,3,9.3390,38.4830,converged,87947.57,52909.13,-2.9416,0.00,0.0000,0.0090,0.0035,,,,,,,
35.8026,9,3,8.8119,44.6140,converged,87947.57,52909.13,-2.9416,0.00,0.0000,0.0083,0.0027,,,,,,,
59.8117,5,3,8.9925,68.8036,converged,87947.57,52909.13,-2.9416,0.00,0.0000,0.0099,0.0414,,,,,,,
38.4522,9,3,9.0648,47.5169,converged,87947.57,52909.13,-2.9416,0.00,0.0000,0.0090,0.0033,,,,,,,
37.5769,9,3,9.3585,46.9345,converged,87947.57,52909.13,-2.9416,0.00,0.0000,0.0086,0.0022,,,,,,,
37.4110,9,3,8.8602,46.2702,converged,87947.57,52909.13,-2.9416,0.00,0.0000,0.0073,0.0039,,,,,,,
54.2295,6,3,9.7477,63.9768,converged,87947.57,52909.13,-2.9416,0.00,0.0000,0.0083,0.0188,,,,,,,
27.4231,10,3,9.4109,36.8339,converged,87947.57,52909.13,-2.9416,0.00,0.0000,0.0078,0.0025,,,,,,,
45.2167,8,3,11.8435,57.0595,converged,87947.57,52909.13,-2.9416,0.00,0.0000,0.0102,0.0032,,,,,,,
39.3467,9,3,9.0936,48.4396,converged,87947.57,52909.13,-2.9416,0.00,0.0000,0.0081,0.0023,,,,,,,
24.8169,10,3,9.5915,34.4076,converged,87947.57,52909.13,-2.9416,0.00,0.0000,0.0075,0.0019,,,,,,,
45.8289,8,3,9.8714,55.6995,converged,87947.57,52909.13,-2.9416,0.00,0.0000,0.0090,0.0053,,,,,,,
20.1650,10,3,9.2644,29.4294,converged,87947.57,52909.13,-2.9416,0.00,0.0000,0.0084,0.0036,,,,,,,
44.9453,8,3,9.3123,54.2573,converged,87947.57,52909.13,-2.9416,0.00,0.0000,0.0080,0.0029,,,,,,,
56.6295,6,3,10.2281,66.8571,converged,87947.57,52909.13,-2.9416,0.00,0.0000,0.0084,0.0198,,,,,,,
24.9875,10,3,9.6600,34.6470,converged,87947.57,52909.13,-2.9416,0.00,0.0000,0.0089,0.0038,,,,,,,
53.8809,6,3,9.1502,63.0302,converged,87947.57,52909.13,-2.9416,0.00,0.0000,0.0131,0.0207,,,,,,,
48.2216,7,3,8.9193,57.1404,converged,87947.57,52909.13,-2.9416,0.00,0.0000,0.0087,0.0097,,,,,,,
58.8719,5,3,9.4817,68.3527,converged,87947.57,52909.13,-2.9416,0.00,0.0000,0.0063,0.0372,,,,,,,
20.4732,10,3,9.1438,29.6168,converged,87947.57,52909.13,-2.9416,0.00,0.0000,0.0087,0.0029,,,,,,,
32.0182,10,3,11.8234,43.8414,converged,87947.57,52909.13,-2.9416,0.00,0.0000,0.0078,0.0017,,,,,,,
38.0379,9,3,8.9602,46.9972,converged,87947.57,52909.13,-2.9416,0.00,0.0000,0.0069,0.0038,,,,,,,
51.9435,7,3,9.8921,61.8351,converged,87947.57,52909.13,-2.9416,0.00,0.0000,0.0077,0.0125,,,,,,,
37.7085,9,3,9.4214,47.1295,converged,87947.57,52909.13,-2.9416,0.00,0.0000,0.0102,0.0029,,,,,,,
41.1961,8,3,9.2975,50.4936,converged,87947.57,52909.13,-2.9416,0.00,0.0000,0.0092,0.0046,,,,,,,
41.3280,8,3,10.2043,51.5323,converged,87947.57,52909.13,-2.9416,0.00,0.0000,0.0092,0.0049,,,,,,,
57.5824,6,3,9.1587,66.7408,converged,87947.57,52909.13,-2.9416,0.00,0.0000,0.0089,0.0173,,,,,,,
57.0315,6,3,9.2520,66.2831,converged,87947.57,52909.13,-2.9416,0.00,0.0000,0.0080,0.0278,,,,,,,
53.3737,6,3,9.1802,62.5532,converged,87947.57,52909.13,-2.9416,0.00,0.0000,0.0099,0.0148,,,,,,,
28.4940,10,3,9.5420,38.0360,converged,87947.57,52909.13,-2.9416,0.00,0.0000,0.0067,0.0019,,,,,,,
21.3772,10,3,9.0766,30.4536,converged,87947.57,52909.13,-2.9416,0.00,0.0000,0.0088,0.0025,,,,,,,
31.5697,10,3,8.8660,40.4350,converged,87947.57,52909.13,-2.9416,0.00,0.0000,0.0087,0.0034,,,,,,,
55.9036,6,3,15.7221,71.6252,converged,87947.57,52909.13,-2.9416,0.00,0.0000,0.0097,0.0239,,,,,,,
39.8145,9,3,9.4400,49.2540,converged,87947.57,52909.13,-2.9416,0.00,0.0000,0.0073,0.0033,,,,,,,
27.3177,10,3,9.3011,36.6182,converged,87947.57,52909.13,-2.9416,0.00,0.0000,0.0071,0.0023,,,,,,,
39.2423,9,3,9.6760,48.9180,converged,87947.57,52909.13,-2.9416,0.00,0.0000,0.0084,0.0034,,,,,,,
25.8609,10,3,9.1982,35.0583,converged,87947.57,52909.13,-2.9416,0.00,0.0000,0.0072,0.0022,,,,,,,
25.0739,10,3,10.0165,35.0895,converged,87947.57,52909.13,-2.9416,0.00,0.0000,0.0084,0.0023,,,,,,,
48.1538,7,3,10.6062,58.7593,converged,87947.57,52909.13,-2.9416,0.00,0.0000,0.0112,0.0126,,,,,,,
42.2818,8,3,9.9071,52.1882,converged,87947.57,52909.13,-2.9416,0.00,0.0000,0.0084,0.0045,,,,,,,
20.5906,10,3,9.0914,29.6814,converged,87947.57,52909.13,-2.9416,0.00,0.0000,0.0074,0.0018,,,,,,,
34.4291,9,3,9.2710,43.7001,converged,87947.57,52909.13,-2.9416,0.00,0.0000,0.0087,0.0024,,,,,,,
30.6462,10,3,9.3906,40.0366,converged,87947.57,52909.13,-2.9416,0.00,0.0000,0.0081,0.0025,,,,,,,
36.2210,9,3,9.6969,45.9180,converged,87947.57,52909.13,-2.9416,0.00,0.0000,0.0085,0.0027,,,,,,,
34.3213,9,3,9.7602,44.0812,converged,87947.57,52909.13,-2.9416,0.00,0.0000,0.0082,0.0031,,,,,,,
32.4818,10,3,9.3093,41.7903,converged,87947.57,52909.13,-2.9416,0.00,0.0000,0.0094,0.0028,,,,,,,
28.0083,10,3,9.2040,37.2121,converged,87947.57,52909.13,-2.9416,0.00,0.0000,0.0068,0.0021,,,,,,,
32.7738,10,3,9.3229,42.0959,converged,87947.57,52909.13,-2.9416,0.00,0.0000,0.0068,0.0021,,,,,,,
20.7946,10,3,8.8738,29.6678,converged,87947.57,52909.13,-2.9416,0.00,0.0000,0.0072,0.0024,,,,,,,
46.9677,7,3,12.9123,59.8793,converged,87947.57,52909.13,-2.9416,0.00,0.0000,0.0084,0.0098,,,,,,,
45.2759,8,3,9.2272,54.5023,converged,87947.57,52909.13,-2.9416,0.00,0.0000,0.0088,0.0025,,,,,,,
57.5765,6,3,8.8799,66.4560,converged,87947.57,52909.13,-2.9416,0.00,0.0000,0.0138,0.0216,,,,,,,
56.4428,6,3,8.9772,65.4192,converged,87947.57,52909.13,-2.9416,0.00,0.0000,0.0103,0.0193,,,,,,,
34.7100,9,3,8.9682,43.6783,converged,87947.57,52909.13,-2.9416,0.00,0.0000,0.0073,0.0029,,,,,,,
32.8066,10,3,8.8740,41.6800,converged,87947.57,52909.13,-2.9416,0.00,0.0000,0.0072,0.0023,,,,,,,
30.7917,10,3,9.2369,40.0280,converged,87947.57,52909.13,-2.9416,0.00,0.0000,0.0082,0.0022,,,,,,,
54.5192,6,3,8.9118,63.4308,converged,87947.57,52909.13,-2.9416,0.00,0.0000,0.0085,0.0242,,,,,,,
31.6151,10,3,9.6655,41.2806,converged,87947.57,52909.13,-2.9416,0.00,0.0000,0.0076,0.0026,,,,,,,
30.7607,10,3,9.5067,40.2667,converged,87947.57,52909.13,-2.9416,0.00,0.0000,0.0089,0.0029,,,,,,,
49.0572,7,3,8.9595,58.0165,converged,87947.57,52909.13,-2.9416,0.00,0.0000,0.0102,0.0051,,,,,,,
24.1332,10,3,8.9107,33.0438,converged,87947.57,52909.13,-2.9416,0.00,0.0000,0.0076,0.0022,,,,,,,
37.6010,9,3,8.7957,46.3968,converged,87947.57,52909.13,-2.9416,0.00,0.0000,0.0086,0.0030,,,,,,,
46.9782,7,3,10.4469,57.4250,converged,87947.57,52909.13,-2.9416,0.00,0.0000,0.0076,0.0132,,,,,,,
59.9374,5,3,10.3832,70.3202,converged,87947.57,52909.13,-2.9416,0.00,0.0000,0.0120,0.0394,,,,,,,
35.6711,9,3,9.9592,45.6303,converged,87947.57,52909.13,-2.9416,0.00,0.0000,0.0101,0.0033,,,,,,,
53.5791,6,3,8.9639,62.5429,converged,87947.57,52909.13,-2.9416,0.00,0.0000,0.0100,0.0149,,,,,,,
39.2703,9,3,9.4247,48.6947,converged,87947.57,52909.13,-2.9416,0.00,0.0000,0.0076,0.0030,,,,,,,
55.4141,6,3,10.2088,65.6229,converged,87947.57,52909.13,-2.9416,0.00,0.0000,0.0085,0.0173,,,,,,,
22.2894,10,3,11.7898,34.0788,converged,87947.57,52909.13,-2.9416,0.00,0.0000,0.0093,0.0029,,,,,,,
22.8482,10,3,9.0484,31.8964,converged,87947.57,52909.13,-2.9416,0.00,0.0000,0.0072,0.0024,,,,,,,
35.1624,9,3,8.7549,43.9170,converged,87947.57,52909.13,-2.9416,0.00,0.0000,0.0090,0.0022,,,,,,,
22.8114,10,3,10.4945,33.3055,converged,87947.57,52909.13,-2.9416,0.00,0.0000,0.0093,0.0025,,,,,,,
34.0111,9,3,10.5384,44.5494,converged,87947.57,52909.13,-2.9416,0.00,0.0000,0.0085,0.0027,,,,,,,
52.7854,6,3,9.0042,61.7892,converged,87947.57,52909.13,-2.9416,0.00,0.0000,0.0099,0.0172,,,,,,,
51.7047,7,3,8.8063,60.5103,converged,87947.57,52909.13,-2.9416,0.00,0.0000,0.0097,0.0065,,,,,,,
53.9752,6,3,9.7341,63.7091,converged,87947.57,52909.13,-2.9416,0.00,0.0000,0.0118,0.0199,,,,,,,
27.0855,10,3,11.8782,38.9633,converged,87947.57,52909.13,-2.9416,0.00,0.0000,0.0072,0.0021,,,,,,,
43.1388,8,3,13.3056,56.4436,converged,87947.57,52909.13,-2.9416,0.00,0.0000,0.0104,0.0039,,,,,,,
54.8514,6,3,10.8369,65.6880,converged,87947.57,52909.13,-2.9416,0.00,0.0000,0.0124,0.0227,,,,,,,
32.1569,10,3,9.6580,41.8141,converged,87947.57,52909.13,-2.9416,0.00,0.0000,0.0072,0.0023,,,,,,,
47.2963,7,3,9.1038,56.3998,converged,87947.57,52909.13,-2.9416,0.00,0.0000,0.0088,0.0072,,,,,,,
53.4919,6,3,10.0102,63.5012,converged,87947.57,52909.13,-2.9416,0.00,0.0000,0.0097,0.0252,,,,,,,
45.2065,8,3,9.4286,54.6346,converged,87947.57,52909.13,-2.9416,0.00,0.0000,0.0105,0.0025,,,,,,,
48.5990,7,3,9.4146,58.0127,converged,87947.57,52909.13,-2.9416,0.00,0.0000,0.0072,0.0097,,,,,,,
20.2302,10,3,8.8918,29.1218,converged,87947.57,52909.13,-2.9416,0.00,0.0000,0.0069,0.0022,,,,,,,
24.0137,10,3,10.3098,34.3228,converged,87947.57,52909.13,-2.9416,0.00,0.0000,0.0063,0.0026,,,,,,,
43.8252,8,3,12.6971,56.5222,converged,87947.57,52909.13,-2.9416,0.00,0.0000,0.0093,0.0044,,,,,,,
48.8656,7,3,13.3484,62.2134,converged,87947.57,52909.13,-2.9416,0.00,0.0000,0.0099,0.0066,,,,,,,
20.2793,10,3,10.3885,30.6676,converged,87947.57,52909.13,-2.9416,0.00,0.0000,0.0070,0.0020,,,,,,,
47.8672,7,3,8.7821,56.6491,converged,87947.57,52909.13,-2.9416,0.00,0.0000,0.0081,0.0106,,,,,,,
42.7286,8,3,9.3521,52.0801,converged,87947.57,52909.13,-2.9416,0.00,0.0000,0.0109,0.0025,,,,,,,
50.2425,7,3,9.2075,59.4495,converged,87947.57,52909.13,-2.9416,0.00,0.0000,0.0100,0.0090,,,,,,,
57.4472,6,3,12.6406,70.0876,converged,87947.57,52909.13,-2.9416,0.00,0.0000,0.0115,0.0146,,,,,,,
47.9201,7,3,10.5125,58.4325,converged,87947.57,52909.13,-2.9416,0.00,0.0000,0.0121,0.0032,,,,,,,
39.7972,9,3,9.5093,49.3064,converged,87947.57,52909.13,-2.9416,0.00,0.0000,0.0090,0.0028,,,,,,,
41.4477,8,3,8.9431,50.3901,converged,87947.57,52909.13,-2.9416,0.00,0.0000,0.0091,0.0035,,,,,,,
34.5492,9,3,8.6767,43.2257,converged,87947.57,52909.13,-2.9416,0.00,0.0000,0.0093,0.0025,,,,,,,
32.5452,10,3,8.8344,41.3794,converged,87947.57,52909.13,-2.9416,0.00,0.0000,0.0086,0.0022,,,,,,,
22.0164,10,3,9.1756,31.1916,converged,87947.57,52909.13,-2.9416,0.00,0.0000,0.0069,0.0018,,,,,,,
55.7749,6,3,9.3247,65.0988,converged,87947.57,52909.13,-2.9416,0.00,0.0000,0.0096,0.0242,,,,,,,
24.5071,10,3,9.3559,33.8630,converged,87947.57,52909.13,-2.9416,0.00,0.0000,0.0073,0.0021,,,,,,,
56.8661,6,3,9.4677,66.3337,converged,87947.57,52909.13,-2.9416,0.00,0.0000,0.0110,0.0169,,,,,,,
51.7071,7,3,9.0926,60.7996,converged,87947.57,52909.13,-2.9416,0.00,0.0000,0.0110,0.0074,,,,,,,
54.8835,6,3,9.4964,64.3795,converged,87947.57,52909.13,-2.9416,0.00,0.0000,0.0109,0.0219,,,,,,,
38.7186,9,3,9.2534,47.9715,converged,87947.57,52909.13,-2.9416,0.00,0.0000,0.0094,0.0033,,,,,,,
33.6025,10,3,8.9882,42.5902,converged,87947.57,52909.13,-2.9416,0.00,0.0000,0.0083,0.0022,,,,,,,
29.3273,10,3,9.3059,38.6330,converged,87947.57,52909.13,-2.9416,0.00,0.0000,0.0073,0.0024,,,,,,,
32.4837,10,3,11.4375,43.9206,converged,87947.57,52909.13,-2.9416,0.00,0.0000,0.0091,0.0034,,,,,,,
29.8344,10,3,9.1063,38.9403,converged,87947.57,52909.13,-2.9416,0.00,0.0000,0.0085,0.0026,,,,,,,
41.3934,8,3,9.6765,51.0695,converged,87947.57,52909.13,-2.9416,0.00,0.0000,0.0100,0.0031,,,,,,,
41.9240,8,3,9.0859,51.0090,converged,87947.57,52909.13,-2.9416,0.00,0.0000,0.0075,0.0061,,,,,,,
44.8376,8,3,9.2518,54.0888,converged,87947.57,52909.13,-2.9416,0.00,0.0000,0.0104,0.0027,,,,,,,
27.8731,10,3,9.3434,37.2164,converged,87947.57,52909.13,-2.9416,0.00,0.0000,0.0084,0.0027,,,,,,,
54.0630,6,3,9.2388,63.3018,converged,87947.57,52909.13,-2.9416,0.00,0.0000,0.0107,0.0176,,,,,,,
24.5245,10,3,8.9489,33.4730,converged,87947.57,52909.13,-2.9416,0.00,0.0000,0.0091,0.0034,,,,,,,
54.9965,6,3,9.2952,64.2913,converged,87947.57,52909.13,-2.9416,0.00,0.0000,0.0083,0.0267,,,,,,,
20.5194,10,3,10.0204,30.5394,converged,87947.57,52909.13,-2.9416,0.00,0.0000,0.0071,0.0025,,,,,,,
53.1030,6,3,8.6104,61.7124,converged,87947.57,52909.13,-2.9416,0.00,0.0000,0.0090,0.0187,,,,,,,
41.5945,8,3,9.0650,50.6590,converged,87947.57,52909.13,-2.9416,0.00,0.0000,0.0078,0.0036,,,,,,,
29.7313,10,3,8.9443,38.6753,converged,87947.57,52909.13,-2.9416,0.00,0.0000,0.0083,0.0028,,,,,,,
56.9440,6,3,9.3434,66.2865,converged,87947.57,52909.13,-2.9416,0.00,0.0000,0.0086,0.0282,,,,,,,
33.1345,10,3,8.7262,41.8603,converged,87947.57,52909.13,-2.9416,0.00,0.0000,0.0082,0.0030,,,,,,,
23.8916,10,3,9.2167,33.1077,converged,87947.57,52909.13,-2.9416,0.00,0.0000,0.0084,0.0019,,,,,,,
52.9979,6,3,9.0385,62.0355,converged,87947.57,52909.13,-2.9416,0.00,0.0000,0.0112,0.0161,,,,,,,
21.5337,10,3,9.0250,30.5580,converged,87947.57,52909.13,-2.9416,0.00,0.0000,0.0083,0.0019,,,,,,,
27.5043,10,3,9.2920,36.7961,converged,87947.57,52909.13,-2.9416,0.00,0.0000,0.0077,0.0021,,,,,,,
52.6485,6,3,8.8294,61.4774,converged,87947.57,52909.13,-2.9416,0.00,0.0000,0.0091,0.0093,,,,,,,
45.9512,8,3,13.5493,59.5003,converged,87947.57,52909.13,-2.9416,0.00,0.0000,0.0096,0.0049,,,,,,,
22.2097,10,3,13.0441,35.2531,converged,87947.57,52909.13,-2.9416,0.00,0.0000,0.0072,0.0022,,,,,,,
48.0011,7,3,10.2437,58.2447,converged,87947.57,52909.13,-2.9416,0.00,0.0000,0.0082,0.0104,,,,,,,
48.3416,7,3,9.9292,58.2703,converged,87947.57,52909.13,-2.9416,0.00,0.0000,0.0097,0.0081,,,,,,,
54.5980,6,3,9.0510,63.6490,converged,87947.57,52909.13,-2.9416,0.00,0.0000,0.0071,0.0250,,,,,,,
28.0275,10,3,8.8437,36.8708,converged,87947.57,52909.13,-2.9416,0.00,0.0000,0.0076,0.0020,,,,,,,
49.8107,7,3,8.9064,58.7164,converged,87947.57,52909.13,-2.9416,0.00,0.0000,0.0086,0.0037,,,,,,,
38.5514,9,3,9.0437,47.5948,converged,87947.57,52909.13,-2.9416,0.00,0.0000,0.0091,0.0021,,,,,,,
58.6792,5,3,8.9896,67.6687,converged,87947.57,52909.13,-2.9416,0.00,0.0000,0.0096,0.0423,,,,,,,
58.5858,5,3,11.2712,69.8562,converged,87947.57,52909.13,-2.9416,0.00,0.0000,0.0088,0.0330,,,,,,,
55.3778,6,3,9.3395,64.7165,converged,87947.57,52909.13,-2.9416,0.00,0.0000,0.0108,0.0209,,,,,,,
33.6432,10,3,8.6189,42.2619,converged,87947.57,52909.13,-2.9416,0.00,0.0000,0.0078,0.0026,,,,,,,
57.7659,6,3,8.8600,66.6250,converged,87947.57,52909.13,-2.9416,0.00,0.0000,0.0053,0.0149,,,,,,,
23.4375,10,3,9.3744,32.8114,converged,87947.57,52909.13,-2.9416,0.00,0.0000,0.0060,0.0018,,,,,,,
23.2692,10,3,9.5931,32.8621,converged,87947.57,52909.13,-2.9416,0.00,0.0000,0.0069,0.0024,,,,,,,
43.2189,8,3,8.8750,52.0930,converged,87947.57,52909.13,-2.9416,0.00,0.0000,0.0108,0.0030,,,,,,,
34.9184,9,3,9.0504,43.9684,converged,87947.57,52909.13,-2.9416,0.00,0.0000,0.0083,0.0030,,,,,,,
49.7670,7,3,9.5712,59.3382,converged,87947.57,52909.13,-2.9416,0.00,0.0000,0.0101,0.0061,,,,,,,
51.4733,7,3,8.9786,60.4517,converged,87947.57,52909.13,-2.9416,0.00,0.0000,0.0075,0.0073,,,,,,,
45.7268,8,3,10.0584,55.7844,converged,87947.57,52909.13,-2.9416,0.00,0.0000,0.0098,0.0051,,,,,,,
22.7545,10,3,11.5642,34.3182,converged,87947.57,52909.13,-2.9416,0.00,0.0000,0.0072,0.0022,,,,,,,
46.0275,7,3,9.1139,55.1410,converged,87947.57,52909.13,-2.9416,0.00,0.0000,0.0100,0.0086,,,,,,,
57.8204,6,3,9.3705,67.1905,converged,87947.57,52909.13,-2.9416,0.00,0.0000,0.0096,0.0216,,,,,,,
35.1077,9,3,9.8554,44.9624,converged,87947.57,52909.13,-2.9416,0.00,0.0000,0.0077,0.0026,,,,,,,
55.5005,6,3,9.0155,64.5156,converged,87947.57,52909.13,-2.9416,0.00,0.0000,0.0107,0.0187,,,,,,,
57.5213,6,3,8.9582,66.4793,converged,87947.57,52909.13,-2.9416,0.00,0.0000,0.0113,0.0217,,,,,,,
29.9342,10,3,9.0758,39.0098,converged,87947.57,52909.13,-2.9416,0.00,0.0000,0.0078,0.0019,,,,,,,
38.1932,9,3,10.2132,48.4062,converged,87947.57,52909.13,-2.9416,0.00,0.0000,0.0080,0.0025,,,,,,,
47.4481,7,3,9.9046,57.3526,converged,87947.57,52909.13,-2.9416,0.00,0.0000,0.0106,0.0064,,,,,,,
54.8636,6,3,9.3429,64.2060,converged,87947.57,52909.13,-2.9416,0.00,0.0000,0.0106,0.0187,,,,,,,
45.9054,8,3,9.5335,55.4386,converged,87947.57,52909.13,-2.9416,0.00,0.0000,0.0077,0.0082,,,,,,,
48.7161,7,3,9.4231,58.1392,converged,87947.57,52909.13,-2.9416,0.00,0.0000,0.0100,0.0134,,,,,,,
28.9657,10,3,10.2603,39.2254,converged,87947.57,52909.13,-2.9416,0.00,0.0000,0.0076,0.0027,,,,,,,
28.5845,10,3,9.2073,37.7913,converged,87947.57,52909.13,-2.9416,0.00,0.0000,0.0068,0.0022,,,,,,,
29.5968,10,3,8.9781,38.5741,converged,87947.57,52909.13,-2.9416,0.00,0.0000,0.0096,0.0039,,,,,,,
40.3803,8,3,9.1500,49.5300,converged,87947.57,52909.13,-2.9416,0.00,0.0000,0.0090,0.0041,,,,,,,
55.4298,6,3,9.2127,64.6417,converged,87947.57,52909.13,-2.9416,0.00,0.0000,0.0087,0.0262,,,,,,,
23.3191,10,3,10.7842,34.1032,converged,87947.57,52909.13,-2.9416,0.00,0.0000,0.0076,0.0021,,,,,,,
24.7339,10,3,8.9949,33.7279,converged,87947.57,52909.13,-2.9416,0.00,0.0000,0.0080,0.0023,,,,,,,
34.5593,9,3,8.7448,43.3039,converged,87947.57,52909.13,-2.9416,0.00,0.0000,0.0079,0.0033,,,,,,,
29.6019,10,3,9.5840,39.1851,converged,87947.57,52909.13,-2.9416,0.00,0.0000,0.0070,0.0022,,,,,,,
28.7549,10,3,9.2603,38.0143,converged,87947.57,52909.13,-2.9416,0.00,0.0000,0.0078,0.0021,,,,,,,
55.3152,6,3,9.8364,65.1514,converged,87947.57,52909.13,-2.9416,0.00,0.0000,0.0090,0.0204,,,,,,,
41.4288,8,3,9.0267,50.4548,converged,87947.57,52909.13,-2.9416,0.00,0.0000,0.0087,0.0067,,,,,,,
42.9317,8,3,9.0567,51.9877,converged,87947.57,52909.13,-2.9416,0.00,0.0000,0.0084,0.0049,,,,,,,
35.5435,9,3,10.9279,46.4710,converged,87947.57,52909.13,-2.9416,0.00,0.0000,0.0101,0.0032,,,,,,,
56.0431,6,3,8.9583,65.0013,converged,87947.57,52909.13,-2.9416,0.00,0.0000,0.0090,0.0195,,,,,,,
32.1218,10,3,8.9460,41.0670,converged,87947.57,52909.13,-2.9416,0.00,0.0000,0.0085,0.0031,,,,,,,
38.2966,9,3,9.0664,47.3625,converged,87947.57,52909.13,-2.9416,0.00,0.0000,0.0087,0.0024,,,,,,,
21.0059,10,3,10.1246,31.1296,converged,87947.57,52909.13,-2.9416,0.00,0.0000,0.0076,0.0024,,,,,,,
57.6310,6,3,9.9924,67.6234,converged,87947.57,52909.13,-2.9416,0.00,0.0000,0.0102,0.0170,,,,,,,
22.8547,10,3,9.5018,32.3559,converged,87947.57,52909.13,-2.9416,0.00,0.0000,0.0081,0.0027,,,,,,,
35.3657,9,3,9.2995,44.6645,converged,87947.57,52909.13,-2.9416,0.00,0.0000,0.0074,0.0040,,,,,,,
38.0016,9,3,8.6444,46.6455,converged,87947.57,52909.13,-2.9416,0.00,0.0000,0.0100,0.0021,,,,,,,
48.4925,7,3,9.0049,57.4969,converged,87947.57,52909.13,-2.9416,0.00,0.0000,0.0094,0.0062,,,,,,,
37.5269,9,3,9.6997,47.2257,converged,87947.57,52909.13,-2.9416,0.00,0.0000,0.0082,0.0028,,,,,,,
47.2875,7,3,9.0807,56.3677,converged,87947.57,52909.13,-2.9416,0.00,0.0000,0.0104,0.0055,,,,,,,
38.4051,9,3,9.5372,47.9423,converged,87947.57,52909.13,-2.9416,0.00,0.0000,0.0084,0.0023,,,,,,,
29.5545,10,3,9.1556,38.7096,converged,87947.57,52909.13,-2.9416,0.00,0.0000,0.0073,0.0018,,,,,,,
38.9286,9,3,8.9498,47.8778,converged,87947.57,52909.13,-2.9416,0.00,0.0000,0.0091,0.0028,,,,,,,
50.8330,7,3,9.7106,60.5426,converged,87947.57,52909.13,-2.9416,0.00,0.0000,0.0088,0.0070,,,,,,,
47.7294,7,3,9.3007,57.0298,converged,87947.57,52909.13,-2.9416,0.00,0.0000,0.0109,0.0105,,,,,,,
52.8984,6,3,10.3650,63.2630,converged,87947.57,52909.13,-2.9416,0.00,0.0000,0.0102,0.0168,,,,,,,
39.0288,9,3,9.0680,48.0961,converged,87947.57,52909.13,-2.9416,0.00,0.0000,0.0074,0.0039,,,,,,,
43.4942,8,3,11.6555,55.1496,converged,87947.57,52909.13,-2.9416,0.00,0.0000,0.0091,0.0049,,,,,,,
48.3363,7,3,10.9839,59.3199,converged,87947.57,52909.13,-2.9416,0.00,0.0000,0.0105,0.0047,,,,,,,
59.1379,5,3,9.3640,68.5010,converged,87947.57,52909.13,-2.9416,0.00,0.0000,0.0081,0.0372,,,,,,,
32.5504,10,3,9.7677,42.3177,converged,87947.57,52909.13,-2.9416,0.00,0.0000,0.0080,0.0025,,,,,,,
51.9891,7,3,9.5300,61.5191,converged,87947.57,52909.13,-2.9416,0.00,0.0000,0.0092,0.0107,,,,,,,
59.7007,5,3,8.8817,68.5818,converged,87947.57,52909.13,-2.9416,0.00,0.0000,0.0076,0.0476,,,,,,,
36.5612,9,3,9.4817,46.0428,converged,87947.57,52909.13,-2.9416,0.00,0.0000,0.0082,0.0024,,,,,,,
31.1647,10,3,9.1558,40.3198,converged,87947.57,52909.13,-2.9416,0.00,0.0000,0.0103,0.0055,,,,,,,
59.7195,5,3,9.0235,68.7425,converged,87947.57,52909.13,-2.9416,0.00,0.0000,0.0097,0.0370,,,,,,,
38.1423,9,3,8.7607,46.9028,converged,87947.57,52909.13,-2.9416,0.00,0.0000,0.0088,0.0029,,,,,,,
43.1442,8,3,9.0149,52.1589,converged,87947.57,52909.13,-2.9416,0.00,0.0000,0.0103,0.0031,,,,,,,
53.0807,6,3,9.9957,63.0757,converged,87947.57,52909.13,-2.9416,0.00,0.0000,0.0101,0.0231,,,,,,,
58.9035,5,3,11.0269,69.9299,converged,87947.57,52909.13,-2.9416,0.00,0.0000,0.0115,0.0460,,,,,,,
57.8454,6,3,11.1630,69.0081,converged,87947.57,52909.13,-2.9416,0.00,0.0000,0.0121,0.0152,,,,,,,
53.2704,6,3,9.4907,62.7608,converged,87947.57,52909.13,-2.9416,0.00,0.0000,0.0086,0.0256,,,,,,,
59.2381,5,3,8.9601,68.1981,converged,87947.57,52909.13,-2.9416,0.00,0.0000,0.0089,0.0349,,,,,,,
55.0434,6,3,9.0038,64.0468,converged,87947.57,52909.13,-2.9416,0.00,0.0000,0.0092,0.0172,,,,,,,
49.0749,7,3,9.3092,58.3833,converged,87947.57,52909.13,-2.9416,0.00,0.0000,0.0103,0.0074,,,,,,,
50.7326,7,3,10.2876,61.0197,converged,87947.57,52909.13,-2.9416,0.00,0.0000,0.0088,0.0089,,,,,,,
48.0820,7,3,9.2167,57.2977,converged,87947.57,52909.13,-2.9416,0.00,0.0000,0.0110,0.0078,,,,,,,
55.9254,6,3,9.2128,65.1378,converged,87947.57,52909.13,-2.9416,0.00,0.0000,0.0102,0.0188,,,,,,,
22.2089,10,3,10.3864,32.5944,converged,87947.57,52909.13,-2.9416,0.00,0.0000,0.0066,0.0018,,,,,,,
26.6161,10,3,9.3993,36.0153,converged,87947.57,52909.13,-2.9416,0.00,0.0000,0.0081,0.0021,,,,,,,
44.0247,8,3,9.3379,53.3620,converged,87947.57,52909.13,-2.9416,0.00,0.0000,0.0084,0.0090,,,,,,,
55.3925,6,3,13.0741,68.4662,converged,87947.57,52909.13,-2.9416,0.00,0.0000,0.0093,0.0213,,,,,,,
31.1432,10,3,11.8392,42.9822,converged,87947.57,52909.13,-2.9416,0.00,0.0000,0.0066,0.0023,,,,,,,
46.7224,7,3,8.8215,55.5435,converged,87947.57,52909.13,-2.9416,0.00,0.0000,0.0085,0.0119,,,,,,,
28.5299,10,3,12.7463,41.2754,converged,87947.57,52909.13,-2.9416,0.00,0.0000,0.0078,0.0021,,,,,,,
25.0302,10,3,12.7166,37.7466,converged,87947.57,52909.13,-2.9416,0.00,0.0000,0.0089,0.0038,,,,,,,
58.0226,5,3,9.1826,67.2047,converged,87947.57,52909.13,-2.9416,0.00,0.0000,0.0104,0.0497,,,,,,,
28.7415,10,3,9.8931,38.6341,converged,87947.57,52909.13,-2.9416,0.00,0.0000,0.0092,0.0031,,,,,,,
37.9407,9,3,10.0792,48.0192,converged,87947.57,52909.13,-2.9416,0.00,0.0000,0.0087,0.0025,,,,,,,
30.7081,10,3,10.0450,40.7530,converged,87947.57,52909.13,-2.9416,0.00,0.0000,0.0068,0.0021,,,,,,,
32.9506,10,3,9.5932,42.5432,converged,87947.57,52909.13,-2.9416,0.00,0.0000,0.0090,0.0037,,,,,,,
32.4351,10,3,9.2297,41.6648,converged,87947.57,52909.13,-2.9416,0.00,0.0000,0.0072,0.0022,,,,,,,
55.6688,6,3,8.9750,64.6430,converged,87947.57,52909.13,-2.9416,0.00,0.0000,0.0099,0.0242,,,,,,,
32.0787,10,3,9.4360,41.5140,converged,87947.57,52909.13,-2.9416,0.00,0.0000,0.0087,0.0025,,,,,,,
36.3840,9,3,10.2020,46.5851,converged,87947.57,52909.13,-2.9416,0.00,0.0000,0.0103,0.0048,,,,,,,
38.2484,9,3,10.1404,48.3884,converged,87947.57,52909.13,-2.9416,0.00,0.0000,0.0098,0.0031,,,,,,,
58.2197,5,3,9.2273,67.4464,converged,87947.57,52909.13,-2.9416,0.00,0.0000,0.0085,0.0340,,,,,,,
55.1073,6,3,10.3729,65.4800,converged,87947.57,52909.13,-2.9416,0.00,0.0000,0.0094,0.0174,,,,,,,
20.4645,10,3,8.9410,29.4050,converged,87947.57,52909.13,-2.9416,0.00,0.0000,0.0079,0.0020,,,,,,,
38.4876,9,3,9.9978,48.4848,converged,87947.57,52909.13,-2.9416,0.00,0.0000,0.0084,0.0030,,,,,,,
30.8612,10,3,10.7347,41.5957,converged,87947.57,52909.13,-2.9416,0.00,0.0000,0.0089,0.0030,,,,,,,
57.6631,6,3,13.6573,71.3204,converged,87947.57,52909.13,-2.9416,0.00,0.0000,0.0101,0.0178,,,,,,,
45.2865,8,3,9.6475,54.9335,converged,87947.57,52909.13,-2.9416,0.00,0.0000,0.0093,0.0039,,,,,,,
41.9771,8,3,10.5130,52.4900,converged,87947.57,52909.13,-2.9416,0.00,0.0000,0.0087,0.0048,,,,,,,
34.2600,9,3,9.6479,43.9079,converged,87947.57,52909.13,-2.9416,0.00,0.0000,0.0065,0.0055,,,,,,,
51.0227,7,3,11.5064,62.5284,converged,87947.57,52909.13,-2.9416,0.00,0.0000,0.0102,0.0078,,,,,,,
33.2947,10,3,10.8954,44.1894,converged,87947.57,52909.13,-2.9416,0.00,0.0000,0.0081,0.0033,,,,,,,
31.1249,10,3,10.1216,41.2457,converged,87947.57,52909.13,-2.9416,0.00,0.0000,0.0071,0.0022,,,,,,,
52.1302,6,3,9.0865,61.2166,converged,87947.57,52909.13,-2.9416,0.00,0.0000,0.0093,0.0238,,,,,,,
43.5142,8,3,8.9739,52.4880,converged,87947.57,52909.13,-2.9416,0.00,0.0000,0.0103,0.0030,,,,,,,
45.1992,8,3,10.0955,55.2945,converged,87947.57,52909.13,-2.9416,0.00,0.0000,0.0089,0.0041,,,,,,,
49.9984,7,3,9.9813,59.9794,converged,87947.57,52909.13,-2.9416,0.00,0.0000,0.0080,0.0079,,,,,,,
51.4522,7,3,9.3442,60.7963,converged,87947.57,52909.13,-2.9416,0.00,0.0000,0.0093,0.0097,,,,,,,
43.9534,8,3,9.1153,53.0683,converged,87947.57,52909.13,-2.9416,0.00,0.0000,0.0074,0.0055,,,,,,,
31.0394,10,3,9.1120,40.1510,converged,87947.57,52909.13,-2.9416,0.00,0.0000,0.0084,0.0023,,,,,,,
30.5636,10,3,9.4948,40.0579,converged,87947.57,52909.13,-2.9416,0.00,0.0000,0.0079,0.0026,,,,,,,
41.7157,8,3,9.0072,50.7223,converged,87947.57,52909.13,-2.9416,0.00,0.0000,0.0091,0.0038,,,,,,,
42.6557,8,3,10.5220,53.1771,converged,87947.57,52909.13,-2.9416,0.00,0.0000,0.0091,0.0041,,,,,,,
29.3252,10,3,9.1451,38.4701,converged,87947.57,52909.13,-2.9416,0.00,0.0000,0.0081,0.0025,,,,,,,
44.1387,8,3,10.0860,54.2240,converged,87947.57,52909.13,-2.9416,0.00,0.0000,0.0102,0.0036,,,,,,,
49.5581,7,3,9.7027,59.2607,converged,87947.57,52909.13,-2.9416,0.00,0.0000,0.0086,0.0100,,,,,,,
42.7691,8,3,9.3104,52.0794,converged,87947.57,52909.13,-2.9416,0.00,0.0000,0.0082,0.0056,,,,,,,
52.0391,6,3,9.1731,61.2122,converged,87947.57,52909.13,-2.9416,0.00,0.0000,0.0099,0.0223,,,,,,,
21.6449,10,3,8.9206,30.5646,converged,87947.57,52909.13,-2.9416,0.00,0.0000,0.0087,0.0029,,,,,,,
53.4448,6,3,8.8716,62.3156,converged,87947.57,52909.13,-2.9416,0.00,0.0000,0.0086,0.0185,,,,,,,
30.1299,10,3,11.5208,41.6498,converged,87947.57,52909.13,-2.9416,0.00,0.0000,0.0084,0.0024,,,,,,,
52.2580,6,3,8.9809,61.2379,converged,87947.57,52909.13,-2.9416,0.00,0.0000,0.0086,0.0252,,,,,,,
41.7337,8,3,9.9824,51.7154,converged,87947.57,52909.13,-2.9416,0.00,0.0000,0.0090,0.0039,,,,,,,
28.1412,10,3,9.3355,37.4766,converged,87947.57,52909.13,-2.9416,0.00,0.0000,0.0087,0.0028,,,,,,,
40.4049,8,3,9.4843,49.8884,converged,87947.57,52909.13,-2.9416,0.00,0.0000,0.0092,0.0060,,,,,,,
55.5904,6,3,9.3331,64.9231,converged,87947.57,52909.13,-2.9416,0.00,0.0000,0.0098,0.0203,,,,,,,
46.5682,7,3,12.3205,58.8885,converged,87947.57,52909.13,-2.9416,0.00,0.0000,0.0094,0.0104,,,,,,,
43.0576,8,3,9.1771,52.2341,converged,87947.57,52909.13,-2.9416,0.00,0.0000,0.0077,0.0049,,,,,,,
21.7175,10,3,12.6637,34.3808,converged,87947.57,52909.13,-2.9416,0.00,0.0000,0.0073,0.0021,,,,,,,
50.8463,7,3,10.0094,60.8554,converged,87947.57,52909.13,-2.9416,0.00,0.0000,0.0090,0.0118,,,,,,,
42.3382,8,3,10.0834,52.4215,converged,87947.57,52909.13,-2.9416,0.00,0.0000,0.0094,0.0035,,,,,,,
53.1876,6,3,9.0803,62.2674,converged,87947.57,52909.13,-2.9416,0.00,0.0000,0.0087,0.0247,,,,,,,
25.0865,10,3,9.2984,34.3844,converged,87947.57,52909.13,-2.9416,0.00,0.0000,0.0074,0.0022,,,,,,,
48.3732,7,3,12.7375,61.1105,converged,87947.57,52909.13,-2.9416,0.00,0.0000,0.0089,0.0087,,,,,,,
29.4774,10,3,9.5101,38.9872,converged,87947.57,52909.13,-2.9416,0.00,0.0000,0.0079,0.0025,,,,,,,
26.6336,10,3,9.0006,35.6336,converged,87947.57,52909.13,-2.9416,0.00,0.0000,0.0068,0.0022,,,,,,,
20.9374,10,3,9.4889,30.4260,converged,87947.57,52909.13,-2.9416,0.00,0.0000,0.0088,0.0030,,,,,,,
53.8126,6,3,9.9105,63.7225,converged,87947.57,52909.13,-2.9416,0.00,0.0000,0.0126,0.0144,,,,,,,
41.8024,8,3,9.3351,51.1371,converged,87947.57,52909.13,-2.9416,0.00,0.0000,0.0081,0.0053,,,,,,,
43.5266,8,3,9.8940,53.4201,converged,87947.57,52909.13,-2.9416,0.00,0.0000,0.0094,0.0048,,,,,,,
37.0549,9,3,10.2488,47.3028,converged,87947.57,52909.13,-2.9416,0.00,0.0000,0.0082,0.0028,,,,,,,
41.2075,8,3,10.0253,51.2323,converged,87947.57,52909.13,-2.9416,0.00,0.0000,0.0086,0.0037,,,,,,,
39.0933,9,3,9.1745,48.2676,converged,87947.57,52909.13,-2.9416,0.00,0.0000,0.0088,0.0029,,,,,,,
50.1701,7,3,9.2869,59.4569,converged,87947.57,52909.13,-2.9416,0.00,0.0000,0.0100,0.0066,,,,,,,
37.3429,9,3,10.1958,47.5378,converged,87947.57,52909.13,-2.9416,0.00,0.0000,0.0089,0.0025,,,,,,,
49.4559,7,3,9.6250,59.0801,converged,87947.57,52909.13,-2.9416,0.00,0.0000,0.0091,0.0043,,,,,,,
59.7838,5,3,9.5071,69.2901,converged,87947.57,52909.13,-2.9416,0.00,0.0000,0.0134,0.0343,,,,,,,
22.8733,10,3,9.0769,31.9500,converged,87947.57,52909.13,-2.9416,0.00,0.0000,0.0085,0.0024,,,,,,,
24.9646,10,3,9.4944,34.4584,converged,87947.57,52909.13,-2.9416,0.00,0.0000,0.0078,0.0019,,,,,,,
40.3918,8,3,9.3714,49.7625,converged,87947.57,52909.13,-2.9416,0.00,0.0000,0.0083,0.0052,,,,,,,
21.0090,10,3,9.6366,30.6456,converged,87947.57,52909.13,-2.9416,0.00,0.0000,0.0081,0.0021,,,,,,,
42.7990,8,3,9.0800,51.8791,converged,87947.57,52909.13,-2.9416,0.00,0.0000,0.0083,0.0044,,,,,,,
57.3438,6,3,9.7480,67.0910,converged,87947.57,52909.13,-2.9416,0.00,0.0000,0.0088,0.0172,,,,,,,
47.0511,7,3,9.6331,56.6841,converged,87947.57,52909.13,-2.9416,0.00,0.0000,0.0095,0.0079,,,,,,,
57.5487,6,3,10.2020,67.7501,converged,87947.57,52909.13,-2.9416,0.00,0.0000,0.0091,0.0225,,,,,,,
59.1826,5,3,11.3499,70.5319,converged,87947.57,52909.13,-2.9416,0.00,0.0000,0.0082,0.0481,,,,,,,
40.5158,8,3,12.4415,52.9565,converged,87947.57,52909.13,-2.9416,0.00,0.0000,0.0098,0.0038,,,,,,,
27.6921,10,3,9.5875,37.2795,converged,87947.57,52909.13,-2.9416,0.00,0.0000,0.0072,0.0030,,,,,,,
40.3905,8,3,8.9296,49.3196,converged,87947.57,52909.13,-2.9416,0.00,0.0000,0.0103,0.0046,,,,,,,
53.1397,6,3,9.7657,62.9047,converged,87947.57,52909.13,-2.9416,0.00,0.0000,0.0084,0.0176,,,,,,,
43.5433,8,3,9.6421,53.1852,converged,87947.57,52909.13,-2.9416,0.00,0.0000,0.0103,0.0040,,,,,,,
54.8059,6,3,9.0197,63.8247,converged,87947.57,52909.13,-2.9416,0.00,0.0000,0.0098,0.0200,,,,,,,
55.9082,6,3,9.1120,65.0200,converged,87947.57,52909.13,-2.9416,0.00,0.0000,0.0095,0.0260,,,,,,,
52.3591,6,3,9.1271,61.4862,converged,87947.57,52909.13,-2.9416,0.00,0.0000,0.0102,0.0141,,,,,,,
30.8188,10,3,10.1395,40.9575,converged,87947.57,52909.13,-2.9416,0.00,0.0000,0.0075,0.0022,,,,,,,
52.8240,6,3,9.9505,62.7745,converged,87947.57,52909.13,-2.9416,0.00,0.0000,0.0111,0.0156,,,,,,,
22.3196,10,3,9.8361,32.1552,converged,87947.57,52909.13,-2.9416,0.00,0.0000,0.0071,0.0020,,,,,,,
20.0482,10,3,9.6584,29.7065,converged,87947.57,52909.13,-2.9416,0.00,0.0000,0.0086,0.0028,,,,,,,
40.8961,8,3,9.4774,50.3735,converged,87947.57,52909.13,-2.9416,0.00,0.0000,0.0091,0.0048,,,,,,,
50.7164,7,3,9.1157,59.8317,converged,87947.57,52909.13,-2.9416,0.00,0.0000,0.0101,0.0058,,,,,,,
20.2733,10,3,9.2355,29.5085,converged,87947.57,52909.13,-2.9416,0.00,0.0000,0.0074,0.0021,,,,,,,
45.7207,8,3,9.4194,55.1394,converged,87947.57,52909.13,-2.9416,0.00,0.0000,0.0093,0.0037,,,,,,,
43.7102,8,3,9.3489,53.0590,converged,87947.57,52909.13,-2.9416,0.00,0.0000,0.0086,0.0039,,,,,,,
25.2312,10,3,11.0875,36.3185,converged,87947.57,52909.13,-2.9416,0.00,0.0000,0.0065,0.0019,,,,,,,
40.2277,8,3,9.9929,50.2199,converged,87947.57,52909.13,-2.9416,0.00,0.0000,0.0093,0.0035,,,,,,,
22.4079,10,3,9.4323,31.8394,converged,87947.57,52909.13,-2.9416,0.00,0.0000,0.0084,0.0025,,,,,,,
29.1522,10,3,8.7763,37.9283,converged,87947.57,52909.13,-2.9416,0.00,0.0000,0.0101,0.0060,,,,,,,
25.9392,10,3,9.4816,35.4207,converged,87947.57,52909.13,-2.9416,0.00,0.0000,0.0071,0.0023,,,,,,,
59.8160,5,3,9.4168,69.2318,converged,87947.57,52909.13,-2.9416,0.00,0.0000,0.0082,0.0421,,,,,,,
21.4823,10,3,10.2356,31.7176,converged,87947.57,52909.13,-2.9416,0.00,0.0000,0.0095,0.0036,,,,,,,
38.5159,9,3,9.4937,48.0087,converged,87947.57,52909.13,-2.9416,0.00,0.0000,0.0083,0.0022,,,,,,,
21.6136,10,3,9.4050,31.0180,converged,87947.57,52909.13,-2.9416,0.00,0.0000,0.0084,0.0029,,,,,,,
47.4377,7,3,12.5999,60.0369,converged,87947.57,52909.13,-2.9416,0.00,0.0000,0.0104,0.0060,,,,,,,
25.1998,10,3,9.5087,34.7077,converged,87947.57,52909.13,-2.9416,0.00,0.0000,0.0066,0.0023,,,,,,,
23.2352,10,3,9.9953,33.2304,converged,87947.57,52909.13,-2.9416,0.00,0.0000,0.0068,0.0021,,,,,,,
47.2002,7,3,9.2455,56.4456,converged,87947.57,52909.13,-2.9416,0.00,0.0000,0.0108,0.0059,,,,,,,
42.1875,8,3,13.6367,55.8238,converged,87947.57,52909.13,-2.9416,0.00,0.0000,0.0089,0.0028,,,,,,,
50.7534,7,3,9.6126,60.3656,converged,87947.57,52909.13,-2.9416,0.00,0.0000,0.0089,0.0094,,,,,,,
35.9914,9,3,9.6705,45.6615,converged,87947.57,52909.13,-2.9416,0.00,0.0000,0.0075,0.0031,,,,,,,
58.1980,5,3,8.8676,67.0657,converged,87947.57,52909.13,-2.9416,0.00,0.0000,0.0087,0.0457,,,,,,,
43.3645,8,3,11.6380,55.0020,converged,87947.57,52909.13,-2.9416,0.00,0.0000,0.0086,0.0033,,,,,,,
21.7819,10,3,10.5607,32.3417,converged,87947.57,52909.13,-2.9416,0.00,0.0000,0.0079,0.0025,,,,,,,
29.5676,10,3,9.0321,38.5992,converged,87947.57,52909.13,-2.9416,0.00,0.0000,0.0085,0.0024,,,,,,,
35.6463,9,3,9.1402,44.7862,converged,87947.57,52909.13,-2.9416,0.00,0.0000,0.0077,0.0041,,,,,,,
57.0486,6,3,10.2422,67.2902,converged,87947.57,52909.13,-2.9416,0.00,0.0000,0.0088,0.0266,,,,,,,
55.5213,6,3,9.4441,64.9652,converged,87947.57,52909.13,-2.9416,0.00,0.0000,0.0093,0.0180,,,,,,,
35.0052,9,3,9.2951,44.3002,converged,87947.57,52909.13,-2.9416,0.00,0.0000,0.0081,0.0022,,,,,,,
57.6344,6,3,8.9280,66.5620,converged,87947.57,52909.13,-2.9416,0.00,0.0000,0.0079,0.0251,,,,,,,
42.9475,8,3,9.2182,52.1653,converged,87947.57,52909.13,-2.9416,0.00,0.0000,0.0098,0.0027,,,,,,,
57.1202,6,3,11.4766,68.5966,converged,87947.57,52909.13,-2.9416,0.00,0.0000,0.0108,0.0214,,,,,,,
50.5264,7,3,12.5373,63.0633,converged,87947.57,52909.13,-2.9416,0.00,0.0000,0.0097,0.0124,,,,,,,
51.3148,7,3,9.5235,60.8376,converged,87947.57,52909.13,-2.9416,0.00,0.0000,0.0097,0.0026,,,,,,,
43.4060,8,3,12.4407,55.8457,converged,87947.57,52909.13,-2.9416,0.00,0.0000,0.0091,0.0068,,,,,,,
34.8876,9,3,9.1602,44.0473,converged,87947.57,52909.13,-2.9416,0.00,0.0000,0.0089,0.0026,,,,,,,
36.5880,9,3,9.8092,46.3962,converged,87947.57,52909.13,-2.9416,0.00,0.0000,0.0078,0.0026,,,,,,,
49.7444,7,3,9.5517,59.2958,converged,87947.57,52909.13,-2.9416,0.00,0.0000,0.0096,0.0126,,,,,,,
27.9823,10,3,9.0779,37.0600,converged,87947.57,52909.13,-2.9416,0.00,0.0000,0.0093,0.0025,,,,,,,
36.3118,9,3,8.8246,45.1356,converged,87947.57,52909.13,-2.9416,0.00,0.0000,0.0077,0.0031,,,,,,,
58.2572,5,3,8.6938,66.9508,converged,87947.57,52909.13,-2.9416,0.00,0.0000,0.0092,0.0395,,,,,,,
48.8812,7,3,9.2181,58.0991,converged,87947.57,52909.13,-2.9416,0.00,0.0000,0.0080,0.0127,,,,,,,
27.0035,10,3,10.0790,37.0820,converged,87947.57,52909.13,-2.9416,0.00,0.0000,0.0082,0.0020,,,,,,,
38.0204,9,3,9.2678,47.2878,converged,87947.57,52909.13,-2.9416,0.00,0.0000,0.0093,0.0025,,,,,,,
38.8650,9,3,8.7997,47.6637,converged,87947.57,52909.13,-2.9416,0.00,0.0000,0.0085,0.0024,,,,,,,
32.3402,10,3,9.6001,41.9401,converged,87947.57,52909.13,-2.9416,0.00,0.0000,0.0093,0.0031,,,,,,,
32.8627,10,3,10.8876,43.7496,converged,87947.57,52909.13,-2.9416,0.00,0.0000,0.0071,0.0022,,,,,,,
21.2210,10,3,8.7901,30.0102,converged,87947.57,52909.13,-2.9416,0.00,0.0000,0.0092,0.0030,,,,,,,
48.7785,7,3,9.3830,58.1611,converged,87947.57,52909.13,-2.9416,0.00,0.0000,0.0077,0.0065,,,,,,,
24.5349,10,3,9.2987,33.8327,converged,87947.57,52909.13,-2.9416,0.00,0.0000,0.0075,0.0028,,,,,,,
46.5841,7,3,9.1463,55.7303,converged,87947.57,52909.13,-2.9416,0.00,0.0000,0.0113,0.0095,,,,,,,
32.2609,10,3,9.1172,41.3772,converged,87947.57,52909.13,-2.9416,0.00,0.0000,0.0081,0.0025,,,,,,,
49.0194,7,3,9.5315,58.5505,converged,87947.57,52909.13,-2.9416,0.00,0.0000,0.0110,0.0075,,,,,,,
21.8900,10,3,9.2044,31.0944,converged,87947.57,52909.13,-2.9416,0.00,0.0000,0.0063,0.0024,,,,,,,
51.2107,7,3,9.4287,60.6388,converged,87947.57,52909.13,-2.9416,0.00,0.0000,0.0085,0.0116,,,,,,,
25.3363,10,3,9.4306,34.7666,converged,87947.57,52909.13,-2.9416,0.00,0.0000,0.0079,0.0022,,,,,,,
33.6323,10,3,8.9347,42.5668,converged,87947.57,52909.13,-2.9416,0.00,0.0000,0.0088,0.0027,,,,,,,
54.6021,6,3,9.2998,63.9018,converged,87947.57,52909.13,-2.9416,0.00,0.0000,0.0093,0.0153,,,,,,,
46.8828,7,3,10.3861,57.2681,converged,87947.57,52909.13,-2.9416,0.00,0.0000,0.0083,0.0081,,,,,,,
42.8803,8,3,9.1481,52.0281,converged,87947.57,52909.13,-2.9416,0.00,0.0000,0.0084,0.0042,,,,,,,
45.1117,8,3,9.7864,54.8974,converged,87947.57,52909.13,-2.9416,0.00,0.0000,0.0094,0.0042,,,,,,,
27.0388,10,3,9.5710,36.6091,converged,87947.57,52909.13,-2.9416,0.00,0.0000,0.0078,0.0020,,,,,,,
32.2046,10,3,9.8088,42.0129,converged,87947.57,52909.13,-2.9416,0.00,0.0000,0.0070,0.0022,,,,,,,
41.2883,8,3,10.2350,51.5230,converged,87947.57,52909.13,-2.9416,0.00,0.0000,0.0094,0.0026,,,,,,,
56.1814,6,3,9.7172,65.8982,converged,87947.57,52909.13,-2.9416,0.00,0.0000,0.0089,0.0153,,,,,,,
44.3827,8,3,9.8186,54.2006,converged,87947.57,52909.13,-2.9416,0.00,0.0000,0.0080,0.0050,,,,,,,
25.7948,10,3,11.6245,37.4186,converged,87947.57,52909.13,-2.9416,0.00,0.0000,0.0082,0.0024,,,,,,,
29.9782,10,3,9.2764,39.2545,converged,87947.57,52909.13,-2.9416,0.00,0.0000,0.0091,0.0023,,,,,,,
21.1772,10,3,8.9936,30.1706,converged,87947.57,52909.13,-2.9416,0.00,0.0000,0.0070,0.0022,,,,,,,
30.6505,10,3,9.2568,39.9068,converged,87947.57,52909.13,-2.9416,0.00,0.0000,0.0077,0.0019,,,,,,,
24.1800,10,3,9.1919,33.3719,converged,87947.57,52909.13,-2.9416,0.00,0.0000,0.0071,0.0020,,,,,,,
55.7556,6,3,9.4748,65.2298,converged,87947.57,52909.13,-2.9416,0.00,0.0000,0.0085,0.0174,,,,,,,
30.2263,10,3,9.6205,39.8466,converged,87947.57,52909.13,-2.9416,0.00,0.0000,0.0084,0.0033,,,,,,,
42.3652,8,3,13.0945,55.4595,converged,87947.57,52909.13,-2.9416,0.00,0.0000,0.0084,0.0036,,,,,,,
34.2669,9,3,8.8676,43.1337,converged,87947.57,52909.13,-2.9416,0.00,0.0000,0.0074,0.0027,,,,,,,
28.3712,10,3,9.3227,37.6938,converged,87947.57,52909.13,-2.9416,0.00,0.0000,0.0080,0.0021,,,,,,,
58.6818,5,3,9.5684,68.2495,converged,87947.57,52909.13,-2.9416,0.00,0.0000,0.0081,0.0380,,,,,,,
48.6523,7,3,9.3629,58.0149,converged,87947.57,52909.13,-2.9416,0.00,0.0000,0.0078,0.0109,,,,,,,
37.4882,9,3,9.3067,46.7947,converged,87947.57,52909.13,-2.9416,0.00,0.0000,0.0087,0.0023,,,,,,,
29.5037,10,3,9.3731,38.8761,converged,87947.57,52909.13,-2.9416,0.00,0.0000,0.0089,0.0025,,,,,,,
42.0025,8,3,8.7525,50.7545,converged,87947.57,52909.13,-2.9416,0.00,0.0000,0.0087,0.0066,,,,,,,
53.3129,6,3,9.3035,62.6155,converged,87947.57,52909.13,-2.9416,0.00,0.0000,0.0091,0.0183,,,,,,,
41.2889,8,3,8.9815,50.2695,converged,87947.57,52909.13,-2.9416,0.00,0.0000,0.0122,0.0054,,,,,,,
55.5769,6,3,9.6298,65.2058,converged,87947.57,52909.13,-2.9416,0.00,0.0000,0.0102,0.0129,,,,,,,
41.9785,8,3,9.1463,51.1243,converged,87947.57,52909.13,-2.9416,0.00,0.0000,0.0098,0.0027,,,,,,,
48.4755,7,3,10.0165,58.4915,converged,87947.57,52909.13,-2.9416,0.00,0.0000,0.0094,0.0072,,,,,,,
29.1228,10,3,9.2929,38.4149,converged,87947.57,52909.13,-2.9416,0.00,0.0000,0.0074,0.0023,,,,,,,
33.3460,10,3,8.8872,42.2332,converged,87947.57,52909.13,-2.9416,0.00,0.0000,0.0086,0.0023,,,,,,,
57.4039,6,3,9.7344,67.1374,converged,87947.57,52909.13,-2.9416,0.00,0.0000,0.0094,0.0153,,,,,,,
29.8548,10,3,9.5747,39.4287,converged,87947.57,52909.13,-2.9416,0.00,0.0000,0.0087,0.0026,,,,,,,
41.3612,8,3,11.2429,52.6039,converged,87947.57,52909.13,-2.9416,0.00,0.0000,0.0098,0.0038,,,,,,,
58.7704,5,3,8.9029,67.6729,converged,87947.57,52909.13,-2.9416,0.00,0.0000,0.0114,0.0381,,,,,,,
23.4257,10,3,9.4770,32.9021,converged,87947.57,52909.13,-2.9416,0.00,0.0000,0.0080,0.0015,,,,,,,
52.3231,6,3,9.1225,61.4456,converged,87947.57,52909.13,-2.9416,0.00,0.0000,0.0079,0.0257,,,,,,,
53.7544,6,3,9.5290,63.2831,converged,87947.57,52909.13,-2.9416,0.00,0.0000,0.0099,0.0290,,,,,,,
22.6914,10,3,8.8703,31.5613,converged,87947.57,52909.13,-2.9416,0.00,0.0000,0.0070,0.0022,,,,,,,
42.8030,8,3,10.6994,53.5024,converged,87947.57,52909.13,-2.9416,0.00,0.0000,0.0094,0.0036,,,,,,,
28.2947,10,3,8.7994,37.0934,converged,87947.57,52909.13,-2.9416,0.00,0.0000,0.0074,0.0023,,,,,,,
50.3396,7,3,8.9587,59.2978,converged,87947.57,52909.13,-2.9416,0.00,0.0000,0.0097,0.0115,,,,,,,
29.7145,10,3,8.9165,38.6305,converged,87947.57,52909.13,-2.9416,0.00,0.0000,0.0068,0.0022,,,,,,,
22.5309,10,3,15.0056,37.5357,converged,87947.57,52909.13,-2.9416,0.00,0.0000,0.0082,0.0021,,,,,,,
26.3745,10,3,9.9993,36.3733,converged,87947.57,52909.13,-2.9416,0.00,0.0000,0.0078,0.0015,,,,,,,
21.6683,10,3,10.3420,32.0100,converged,87947.57,52909.13,-2.9416,0.00,0.0000,0.0082,0.0028,,,,,,,
24.7466,10,3,8.6329,33.3790,converged,87947.57,52909.13,-2.9416,0.00,0.0000,0.0091,0.0029,,,,,,,
59.1231,5,3,10.2657,69.3888,converged,87947.57,52909.13,-2.9416,0.00,0.0000,0.0083,0.0358,,,,,,,
25.4215,10,3,11.6005,37.0215,converged,87947.57,52909.13,-2.9416,0.00,0.0000,0.0089,0.0028,,,,,,,
44.3555,8,3,9.8879,54.2429,converged,87947.57,52909.13,-2.9416,0.00,0.0000,0.0097,0.0048,,,,,,,
43.5197,8,3,10.1220,53.6410,converged,87947.57,52909.13,-2.9416,0.00,0.0000,0.0073,0.0057,,,,,,,
57.8787,6,3,8.9512,66.8292,converged,87947.57,52909.13,-2.9416,0.00,0.0000,0.0083,0.0150,,,,,,,
52.5551,6,3,9.2545,61.8095,converged,87947.57,52909.13,-2.9416,0.00,0.0000,0.0131,0.0145,,,,,,,
49.0879,7,3,12.9556,62.0426,converged,87947.57,52909.13,-2.9416,0.00,0.0000,0.0090,0.0103,,,,,,,
38.9457,9,3,10.4728,49.4179,converged,87947.57,52909.13,-2.9416,0.00,0.0000,0.0091,0.0025,,,,,,,
41.6067,8,3,11.2884,52.8945,converged,87947.57,52909.13,-2.9416,0.00,0.0000,0.0097,0.0037,,,,,,,
57.6564,6,3,10.7909,68.4469,converged,87947.57,52909.13,-2.9416,0.00,0.0000,0.0099,0.0228,,,,,,,
29.0280,10,3,9.9728,38.9998,converged,87947.57,52909.13,-2.9416,0.00,0.0000,0.0093,0.0035,,,,,,,
29.7419,10,3,9.9394,39.6805,converged,87947.57,52909.13,-2.9416,0.00,0.0000,0.0079,0.0020,,,,,,,
31.7284,10,3,9.6523,41.3803,converged,87947.57,52909.13,-2.9416,0.00,0.0000,0.0072,0.0024,,,,,,,
54.8607,6,3,11.7128,66.5728,converged,87947.57,52909.13,-2.9416,0.00,0.0000,0.0097,0.0199,,,,,,,
51.1227,7,3,9.0363,60.1583,converged,87947.57,52909.13,-2.9416,0.00,0.0000,0.0111,0.0044,,,,,,,
51.5697,7,3,9.7217,61.2907,converged,87947.57,52909.13,-2.9416,0.00,0.0000,0.0096,0.0091,,,,,,,
56.5346,6,3,10.0784,66.6125,converged,87947.57,52909.13,-2.9416,0.00,0.0000,0.0109,0.0238,,,,,,,
59.6144,5,3,13.2381,72.8521,converged,87947.57,52909.13,-2.9416,0.00,0.0000,0.0099,0.0460,,,,,,,
46.7623,7,3,13.5562,60.3182,converged,87947.57,52909.13,-2.9416,0.00,0.0000,0.0093,0.0074,,,,,,,
52.1661,6,3,13.0168,65.1828,converged,87947.57,52909.13,-2.9416,0.00,0.0000,0.0125,0.0164,,,,,,,
47.9205,7,3,13.3859,61.3060,converged,87947.57,52909.13,-2.9416,0.00,0.0000,0.0099,0.0090,,,,,,,
27.1213,10,3,13.2470,40.3680,converged,87947.57,52909.13,-2.9416,0.00,0.0000,0.0084,0.0026,,,,,,,
56.0153,6,3,9.4505,65.4655,converged,87947.57,52909.13,-2.9416,0.00,0.0000,0.0081,0.0162,,,,,,,
20.0158,10,3,9.2797,29.2948,converged,87947.57,52909.13,-2.9416,0.00,0.0000,0.0074,0.0021,,,,,,,
27.7070,10,3,10.3398,38.0469,converged,87947.57,52909.13,-2.9416,0.00,0.0000,0.0066,0.0024,,,,,,,
41.2009,8,3,9.6900,50.8900,converged,87947.57,52909.13,-2.9416,0.00,0.0000,0.0081,0.0056,,,,,,,
51.1352,7,3,9.0417,60.1767,converged,87947.57,52909.13,-2.9416,0.00,0.0000,0.0105,0.0091,,,,,,,
28.5480,10,3,10.1951,38.7431,converged,87947.57,52909.13,-2.9416,0.00,0.0000,0.0072,0.0021,,,,,,,
51.7731,7,3,9.0714,60.8444,converged,87947.57,52909.13,-2.9416,0.00,0.0000,0.0100,0.0095,,,,,,,
28.9306,10,3,10.2843,39.2143,converged,87947.57,52909.13,-2.9416,0.00,0.0000,0.0078,0.0021,,,,,,,
48.6908,7,3,9.4467,58.1368,converged,87947.57,52909.13,-2.9416,0.00,0.0000,0.0117,0.0059,,,,,,,
33.5168,10,3,9.2777,42.7937,converged,87947.57,52909.13,-2.9416,0.00,0.0000,0.0078,0.0021,,,,,,,
34.5045,9,3,9.0430,43.5471,converged,87947.57,52909.13,-2.9416,0.00,0.0000,0.0084,0.0028,,,,,,,
35.5794,9,3,10.0020,45.5810,converged,87947.57,52909.13,-2.9416,0.00,0.0000,0.0081,0.0026,,,,,,,
52.5932,6,3,10.7183,63.3113,converged,87947.57,52909.13,-2.9416,0.00,0.0000,0.0085,0.0220,,,,,,,
53.7163,6,3,9.1511,62.8672,converged,87947.57,52909.13,-2.9416,0.00,0.0000,0.0092,0.0170,,,,,,,
27.7637,10,3,12.0480,39.8111,converged,87947.57,52909.13,-2.9416,0.00,0.0000,0.0076,0.0026,,,,,,,
39.3959,9,3,9.8167,49.2118,converged,87947.57,52909.13,-2.9416,0.00,0.0000,0.0078,0.0030,,,,,,,
26.5800,10,3,9.4612,36.0413,converged,87947.57,52909.13,-2.9416,0.00,0.0000,0.0066,0.0020,,,,,,,
32.5307,10,3,9.4549,41.9850,converged,87947.57,52909.13,-2.9416,0.00,0.0000,0.0085,0.0027,,,,,,,
39.8960,9,3,9.7096,49.6046,converged,87947.57,52909.13,-2.9416,0.00,0.0000,0.0087,0.0027,,,,,,,
48.1014,7,3,11.4056,59.5066,converged,87947.57,52909.13,-2.9416,0.00,0.0000,0.0099,0.0068,,,,,,,
33.4597,10,3,9.0819,42.5409,converged,87947.57,52909.13,-2.9416,0.00,0.0000,0.0079,0.0025,,,,,,,
21.0100,10,3,13.1270,34.1370,converged,87947.57,52909.13,-2.9416,0.00,0.0000,0.0093,0.0028,,,,,,,
25.4734,10,3,9.1737,34.6468,converged,87947.57,52909.13,-2.9416,0.00,0.0000,0.0069,0.0023,,,,,,,
47.0294,7,3,8.9187,55.9477,converged,87947.57,52909.13,-2.9416,0.00,0.0000,0.0104,0.0094,,,,,,,
55.2034,6,3,9.3098,64.5128,converged,87947.57,52909.13,-2.9416,0.00,0.0000,0.0078,0.0182,,,,,,,
46.2055,7,3,8.9995,55.2045,converged,87947.57,52909.13,-2.9416,0.00,0.0000,0.0102,0.0078,,,,,,,
53.8809,6,3,8.8255,62.7056,converged,87947.57,52909.13,-2.9416,0.00,0.0000,0.0100,0.0206,,,,,,,
41.0814,8,3,9.0151,50.0961,converged,87947.57,52909.13,-2.9416,0.00,0.0000,0.0088,0.0024,,,,,,,
37.2781,9,3,9.2453,46.5233,converged,87947.57,52909.13,-2.9416,0.00,0.0000,0.0088,0.0024,,,,,,,
59.9245,5,3,9.6609,69.5849,converged,87947.57,52909.13,-2.9416,0.00,0.0000,0.0106,0.0437,,,,,,,
35.7438,9,3,10.4610,46.2040,converged,87947.57,52909.13,-2.9416,0.00,0.0000,0.0077,0.0023,,,,,,,
20.9974,10,3,9.1576,30.1546,converged,87947.57,52909.13,-2.9416,0.00,0.0000,0.0035,0.0044,,,,,,,
23.4508,10,3,9.1372,32.5873,converged,87947.57,52909.13,-2.9416,0.00,0.0000,0.0091,0.0039,,,,,,,
51.2448,7,3,9.2911,60.5352,converged,87947.57,52909.13,-2.9416,0.00,0.0000,0.0095,0.0111,,,,,,,
25.9975,10,3,9.0721,35.0692,converged,87947.57,52909.13,-2.9416,0.00,0.0000,0.0084,0.0028,,,,,,,
52.6032,6,3,9.3071,61.9101,converged,87947.57,52909.13,-2.9416,0.00,0.0000,0.0087,0.0198,,,,,,,
40.0703,8,3,9.4319,49.5019,converged,87947.57,52909.13,-2.9416,0.00,0.0000,0.0086,0.0054,,,,,,,
53.1027,6,3,9.5603,62.6623,converged,87947.57,52909.13,-2.9416,0.00,0.0000,0.0120,0.0152,,,,,,,
53.3048,6,3,10.1587,63.4627,converged,87947.57,52909.13,-2.9416,0.00,0.0000,0.0097,0.0156,,,,,,,
36.7644,9,3,8.9403,45.7043,converged,87947.57,52909.13,-2.9416,0.00,0.0000,0.0088,0.0027,,,,,,,
26.6973,10,3,9.3992,36.0962,converged,87947.57,52909.13,-2.9416,0.00,0.0000,0.0084,0.0019,,,,,,,
22.1452,10,3,9.0601,31.2052,converged,87947.57,52909.13,-2.9416,0.00,0.0000,0.0079,0.0024,,,,,,,
41.5996,8,3,9.2609,50.8599,converged,87947.57,52909.13,-2.9416,0.00,0.0000,0.0087,0.0053,,,,,,,
23.4216,10,3,9.5938,33.0149,converged,87947.57,52909.13,-2.9416,0.00,0.0000,0.0084,0.0027,,,,,,,
26.8514,10,3,9.9385,36.7895,converged,87947.57,52909.13,-2.9416,0.00,0.0000,0.0094,0.0033,,,,,,,
58.7189,5,3,9.9358,68.6538,converged,87947.57,52909.13,-2.9416,0.00,0.0000,0.0083,0.0382,,,,,,,
37.1975,9,3,9.5241,46.7211,converged,87947.57,52909.13,-2.9416,0.00,0.0000,0.0089,0.0028,,,,,,,
38.3368,9,3,11.1286,49.4646,converged,87947.57,52909.13,-2.9416,0.00,0.0000,0.0095,0.0024,,,,,,,
38.7735,9,3,10.3680,49.1410,converged,87947.57,52909.13,-2.9416,0.00,0.0000,0.0081,0.0023,,,,,,,
32.3222,10,3,9.5773,41.8994,converged,87947.57,52909.13,-2.9416,0.00,0.0000,0.0080,0.0026,,,,,,,
42.4682,8,3,10.2432,52.7112,converged,87947.57,52909.13,-2.9416,0.00,0.0000,0.0093,0.0044,,,,,,,
24.2070,10,3,9.2777,33.4837,converged,87947.57,52909.13,-2.9416,0.00,0.0000,0.0072,0.0020,,,,,,,
53.7019,6,3,10.5607,64.2617,converged,87947.57,52909.13,-2.9416,0.00,0.0000,0.0113,0.0032,,,,,,,
50.7351,7,3,10.2222,60.9572,converged,87947.57,52909.13,-2.9416,0.00,0.0000,0.0109,0.0110,,,,,,,
49.5556,7,3,8.9891,58.5441,converged,87947.57,52909.13,-2.9416,0.00,0.0000,0.0090,0.0087,,,,,,,
52.6629,6,3,9.0054,61.6674,converged,87947.57,52909.13,-2.9416,0.00,0.0000,0.0097,0.0188,,,,,,,
23.6483,10,3,8.9918,32.6398,converged,87947.57,52909.13,-2.9416,0.00,0.0000,0.0069,0.0018,,,,,,,
43.8354,8,3,9.0238,52.8589,converged,87947.57,52909.13,-2.9416,0.00,0.0000,0.0079,0.0058,,,,,,,
24.2129,10,3,9.4897,33.7017,converged,87947.57,52909.13,-2.9416,0.00,0.0000,0.0085,0.0026,,,,,,,
34.8619,9,3,9.0843,43.9453,converged,87947.57,52909.13,-2.9416,0.00,0.0000,0.0093,0.0020,,,,,,,
44.5445,8,3,8.9706,53.5146,converged,87947.57,52909.13,-2.9416,0.00,0.0000,0.0083,0.0064,,,,,,,
56.6093,6,3,9.9415,66.5505,converged,87947.57,52909.13,-2.9416,0.00,0.0000,0.0079,0.0211,,,,,,,
45.1963,8,3,9.5761,54.7721,converged,87947.57,52909.13,-2.9416,0.00,0.0000,0.0085,0.0063,,,,,,,
27.4303,10,3,9.7519,37.1819,converged,87947.57,52909.13,-2.9416,0.00,0.0000,0.0081,0.0020,,,,,,,
34.5429,9,3,9.7111,44.2531,converged,87947.57,52909.13,-2.9416,0.00,0.0000,0.0088,0.0023,,,,,,,
31.2466,10,3,9.2352,40.4812,converged,87947.57,52909.13,-2.9416,0.00,0.0000,0.0079,0.0019,,,,,,,
39.1379,9,3,8.8050,47.9420,converged,87947.57,52909.13,-2.9416,0.00,0.0000,0.0086,0.0025,,,,,,,
20.5611,10,3,10.0944,30.6554,converged,87947.57,52909.13,-2.9416,0.00,0.0000,0.0078,0.0022,,,,,,,
31.9249,10,3,9.3667,41.2907,converged,87947.57,52909.13,-2.9416,0.00,0.0000,0.0094,0.0027,,,,,,,
25.2831,10,3,8.8836,34.1666,converged,87947.57,52909.13,-2.9416,0.00,0.0000,0.0086,0.0020,,,,,,,
41.3540,8,3,9.5039,50.8579,converged,87947.57,52909.13,-2.9416,0.00,0.0000,0.0098,0.0038,,,,,,,
55.8226,6,3,10.1841,66.0061,converged,87947.57,52909.13,-2.9416,0.00,0.0000,0.0098,0.0222,,,,,,,
29.4089,10,3,13.5045,42.9125,converged,87947.57,52909.13,-2.9416,0.00,0.0000,0.0075,0.0023,,,,,,,
38.8522,9,3,12.3958,51.2479,converged,87947.57,52909.13,-2.9416,0.00,0.0000,0.0124,0.0027,,,,,,,
33.9119,10,3,9.1627,43.0737,converged,87947.57,52909.13,-2.9416,0.00,0.0000,0.0082,0.0023,,,,,,,
36.3711,9,3,9.2223,45.5934,converged,87947.57,52909.13,-2.9416,0.00,0.0000,0.0079,0.0032,,,,,,,
55.4675,6,3,9.0413,64.5084,converged,87947.57,52909.13,-2.9416,0.00,0.0000,0.0082,0.0254,,,,,,,
36.7563,9,3,9.1223,45.8783,converged,87947.57,52909.13,-2.9416,0.00,0.0000,0.0094,0.0024,,,,,,,
57.3992,6,3,8.8856,66.2846,converged,87947.57,52909.13,-2.9416,0.00,0.0000,0.0099,0.0148,,,,,,,
52.4986,6,3,9.3114,61.8094,converged,87947.57,52909.13,-2.9416,0.00,0.0000,0.0085,0.0197,,,,,,,
27.2912,10,3,8.6802,35.9712,converged,87947.57,52909.13,-2.9416,0.00,0.0000,0.0062,0.0018,,,,,,,
46.0096,7,3,9.4748,55.4838,converged,87947.57,52909.13,-2.9416,0.00,0.0000,0.0095,0.0068,,,,,,,
20.7783,10,3,9.1343,29.9123,converged,87947.57,52909.13,-2.9416,0.00,0.0000,0.0079,0.0018,,,,,,,
40.1836,8,3,9.3493,49.5324,converged,87947.57,52909.13,-2.9416,0.00,0.0000,0.0093,0.0036,,,,,,,
59.5974,5,3,9.9332,69.5303,converged,87947.57,52909.13,-2.9416,0.00,0.0000,0.0104,0.0436,,,,,,,
47.6059,7,3,12.5288,60.1339,converged,87947.57,52909.13,-2.9416,0.00,0.0000,0.0090,0.0122,,,,,,,
26.2149,10,3,12.2941,38.5082,converged,87947.57,52909.13,-2.9416,0.00,0.0000,0.0081,0.0026,,,,,,,
34.4212,9,3,9.8606,44.2817,converged,87947.57,52909.13,-2.9416,0.00,0.0000,0.0074,0.0035,,,,,,,
54.9028,6,3,9.4472,64.3492,converged,87947.57,52909.13,-2.9416,0.00,0.0000,0.0080,0.0184,,,,,,,
53.9903,6,3,8.7689,62.7589,converged,87947.57,52909.13,-2.9416,0.00,0.0000,0.0107,0.0207,,,,,,,
33.8239,10,3,9.9262,43.7492,converged,87947.57,52909.13,-2.9416,0.00,0.0000,0.0100,0.0042,,,,,,,
25.9507,10,3,9.0109,34.9609,converged,87947.57,52909.13,-2.9416,0.00,0.0000,0.0086,0.0032,,,,,,,
22.1694,10,3,10.2442,32.4132,converged,87947.57,52909.13,-2.9416,0.00,0.0000,0.0076,0.0028,,,,,,,
36.3386,9,3,9.1989,45.5369,converged,87947.57,52909.13,-2.9416,0.00,0.0000,0.0076,0.0033,,,,,,,
21.6934,10,3,10.1582,31.8512,converged,87947.57,52909.13,-2.9416,0.00,0.0000,0.0069,0.0021,,,,,,,
38.5453,9,3,8.8079,47.3529,converged,87947.57,52909.13,-2.9416,0.00,0.0000,0.0079,0.0027,,,,,,,
21.8198,10,3,12.5417,34.3607,converged,87947.57,52909.13,-2.9416,0.00,0.0000,0.0082,0.0028,,,,,,,
26.3685,10,3,8.8287,35.1967,converged,87947.57,52909.13,-2.9416,0.00,0.0000,0.0081,0.0025,,,,,,,
24.8345,10,3,8.6684,33.5024,converged,87947.57,52909.13,-2.9416,0.00,0.0000,0.0080,0.0024,,,,,,,
53.5736,6,3,13.2816,66.8547,converged,87947.57,52909.13,-2.9416,0.00,0.0000,0.0109,0.0248,,,,,,,
30.1608,10,3,8.9499,39.1099,converged,87947.57,52909.13,-2.9416,0.00,0.0000,0.0071,0.0018,,,,,,,
27.3940,10,3,9.3903,36.7843,converged,87947.57,52909.13,-2.9416,0.00,0.0000,0.0080,0.0024,,,,,,,
44.6722,8,3,9.5169,54.1889,converged,87947.57,52909.13,-2.9416,0.00,0.0000,0.0108,0.0020,,,,,,,
21.8250,10,3,9.3960,31.2211,converged,87947.57,52909.13,-2.9416,0.00,0.0000,0.0071,0.0020,,,,,,,
46.3722,7,3,9.0373,55.4094,converged,87947.57,52909.13,-2.9416,0.00,0.0000,0.0091,0.0115,,,,,,,
28.1292,10,3,9.2755,37.4045,converged,87947.57,52909.13,-2.9416,0.00,0.0000,0.0090,0.0026,,,,,,,
34.2327,9,3,9.3845,43.6166,converged,87947.57,52909.13,-2.9416,0.00,0.0000,0.0088,0.0026,,,,,,,
20.0061,10,3,9.4883,29.4944,converged,87947.57,52909.13,-2.9416,0.00,0.0000,0.0074,0.0024,,,,,,,
50.6267,7,3,9.5874,60.2135,converged,87947.57,52909.13,-2.9416,0.00,0.0000,0.0087,0.0070,,,,,,,
26.0677,10,3,9.4010,35.4680,converged,87947.57,52909.13,-2.9416,0.00,0.0000,0.0076,0.0024,,,,,,,
47.9800,7,3,12.5224,60.5025,converged,87947.57,52909.13,-2.9416,0.00,0.0000,0.0088,0.0078,,,,,,,
23.9410,10,3,9.1711,33.1122,converged,87947.57,52909.13,-2.9416,0.00,0.0000,0.0068,0.0034,,,,,,,
52.6539,6,3,9.1006,61.7536,converged,87947.57,52909.13,-2.9416,0.00,0.0000,0.0095,0.0154,,,,,,,
31.6346,10,3,9.3883,41.0224,converged,87947.57,52909.13,-2.9416,0.00,0.0000,0.0083,0.0027,,,,,,,
33.0533,10,3,9.2758,42.3288,converged,87947.57,52909.13,-2.9416,0.00,0.0000,0.0085,0.0026,,,,,,,
27.0614,10,3,9.0198,36.0809,converged,87947.57,52909.13,-2.9416,0.00,0.0000,0.0070,0.0020,,,,,,,
23.8208,10,3,9.8937,33.7137,converged,87947.57,52909.13,-2.9416,0.00,0.0000,0.0086,0.0023,,,,,,,
56.2468,6,3,10.9547,67.2007,converged,87947.57,52909.13,-2.9416,0.00,0.0000,0.0115,0.0192,,,,,,,
30.8293,10,3,9.0054,39.8344,converged,87947.57,52909.13,-2.9416,0.00,0.0000,0.0082,0.0022,,,,,,,
33.7831,10,3,9.0385,42.8216,converged,87947.57,52909.13,-2.9416,0.00,0.0000,0.0076,0.0024,,,,,,,
39.3127,9,3,9.4033,48.7153,converged,87947.57,52909.13,-2.9416,0.00,0.0000,0.0089,0.0025,,,,,,,
23.3352,10,3,9.0053,32.3403,converged,87947.57,52909.13,-2.9416,0.00,0.0000,0.0074,0.0023,,,,,,,
38.5806,9,3,9.3371,47.9171,converged,87947.57,52909.13,-2.9416,0.00,0.0000,0.0098,0.0026,,,,,,,
54.3890,6,3,8.9190,63.3080,converged,87947.57,52909.13,-2.9416,0.00,0.0000,0.0107,0.0201,,,,,,,
26.6000,10,3,9.0327,35.6327,converged,87947.57,52909.13,-2.9416,0.00,0.0000,0.0074,0.0024,,,,,,,
46.3405,7,3,9.9111,56.2511,converged,87947.57,52909.13,-2.9416,0.00,0.0000,0.0086,0.0090,,,,,,,
26.5285,10,3,9.5182,36.0462,converged,87947.57,52909.13,-2.9416,0.00,0.0000,0.0076,0.0023,,,,,,,
52.8063,6,3,10.4996,63.3057,converged,87947.57,52909.13,-2.9416,0.00,0.0000,0.0092,0.0205,,,,,,,
52.0866,6,3,9.8490,61.9350,converged,87947.57,52909.13,-2.9416,0.00,0.0000,0.0095,0.0164,,,,,,,
38.4759,9,3,9.4284,47.9035,converged,87947.57,52909.13,-2.9416,0.00,0.0000,0.0094,0.0036,,,,,,,
58.0135,5,3,9.4377,67.4507,converged,87947.57,52909.13,-2.9416,0.00,0.0000,0.0128,0.0298,,,,,,,
42.7027,8,3,9.0112,51.7133,converged,87947.57,52909.13,-2.9416,0.00,0.0000,0.0106,0.0022,,,,,,,
45.0249,8,3,8.9475,53.9715,converged,87947.57,52909.13,-2.9416,0.00,0.0000,0.0089,0.0048,,,,,,,
54.3339,6,3,12.2380,66.5711,converged,87947.57,52909.13,-2.9416,0.00,0.0000,0.0094,0.0174,,,,,,,
34.3697,9,3,9.3355,43.7045,converged,87947.57,52909.13,-2.9416,0.00,0.0000,0.0085,0.0020,,,,,,,
48.6325,7,3,9.5493,58.1813,converged,87947.57,52909.13,-2.9416,0.00,0.0000,0.0089,0.0106,,,,,,,
29.8966,10,3,13.3571,43.2532,converged,87947.57,52909.13,-2.9416,0.00,0.0000,0.0065,0.0023,,,,,,,
54.6055,6,3,11.1613,65.7663,converged,87947.57,52909.13,-2.9416,0.00,0.0000,0.0102,0.0198,,,,,,,
46.2560,7,3,10.2996,56.5546,converged,87947.57,52909.13,-2.9416,0.00,0.0000,0.0070,0.0106,,,,,,,
49.1375,7,3,11.0733,60.2103,converged,87947.57,52909.13,-2.9416,0.00,0.0000,0.0099,0.0043,,,,,,,
38.4066,9,3,8.7287,47.1347,converged,87947.57,52909.13,-2.9416,0.00,0.0000,0.0089,0.0025,,,,,,,
48.8045,7,3,8.9707,57.7747,converged,87947.57,52909.13,-2.9416,0.00,0.0000,0.0092,0.0136,,,,,,,
35.9620,9,3,9.0602,45.0212,converged,87947.57,52909.13,-2.9416,0.00,0.0000,0.0083,0.0033,,,,,,,
33.9472,10,3,9.3903,43.3374,converged,87947.57,52909.13,-2.9416,0.00,0.0000,0.0073,0.0024,,,,,,,
27.9001,10,3,8.9880,36.8881,converged,87947.57,52909.13,-2.9416,0.00,0.0000,0.0077,0.0024,,,,,,,
58.6233,5,3,9.2840,67.9071,converged,87947.57,52909.13,-2.9416,0.00,0.0000,0.0109,0.0340,,,,,,,
55.9212,6,3,8.9288,64.8498,converged,87947.57,52909.13,-2.9416,0.00,0.0000,0.0097,0.0221,,,,,,,
40.6691,8,3,11.1473,51.8163,converged,87947.57,52909.13,-2.9416,0.00,0.0000,0.0096,0.0039,,,,,,,
26.0716,10,3,9.0136,35.0846,converged,87947.57,52909.13,-2.9416,0.00,0.0000,0.0086,0.0046,,,,,,,
25.5511,10,3,10.3911,35.9421,converged,87947.57,52909.13,-2.9416,0.00,0.0000,0.0077,0.0024,,,,,,,
27.6080,10,3,8.7763,36.3834,converged,87947.57,52909.13,-2.9416,0.00,0.0000,0.0072,0.0020,,,,,,,
20.9290,10,3,9.5078,30.4358,converged,87947.57,52909.13,-2.9416,0.00,0.0000,0.0085,0.0026,,,,,,,
42.8542,8,3,9.5627,52.4167,converged,87947.57,52909.13,-2.9416,0.00,0.0000,0.0095,0.0046,,,,,,,
45.7620,8,3,9.3159,55.0780,converged,87947.57,52909.13,-2.9416,0.00,0.0000,0.0087,0.0049,,,,,,,
59.7836,5,3,9.4310,69.2140,converged,87947.57,52909.13,-2.9416,0.00,0.0000,0.0072,0.0411,,,,,,,
39.7846,9,3,12.8731,52.6571,converged,87947.57,52909.13,-2.9416,0.00,0.0000,0.0085,0.0020,,,,,,,
41.4234,8,3,8.7502,50.1732,converged,87947.57,52909.13,-2.9416,0.00,0.0000,0.0101,0.0044,,,,,,,
22.5045,10,3,9.4229,31.9269,converged,87947.57,52909.13,-2.9416,0.00,0.0000,0.0083,0.0027,,,,,,,
54.7744,6,3,9.4117,64.1857,converged,87947.57,52909.13,-2.9416,0.00,0.0000,0.0082,0.0207,,,,,,,
32.8071,10,3,9.9986,42.8057,converged,87947.57,52909.13,-2.9416,0.00,0.0000,0.0083,0.0023,,,,,,,
21.1700,10,3,9.0255,30.1945,converged,87947.57,52909.13,-2.9416,0.00,0.0000,0.0094,0.0035,,,,,,,
39.3266,9,3,9.2646,48.5906,converged,87947.57,52909.13,-2.9416,0.00,0.0000,0.0099,0.0030,,,,,,,
33.0611,10,3,9.8762,42.9372,converged,87947.57,52909.13,-2.9416,0.00,0.0000,0.0076,0.0016,,,,,,,
32.4814,10,3,10.4725,42.9536,converged,87947.57,52909.13,-2.9416,0.00,0.0000,0.0085,0.0029,,,,,,,
37.0324,9,3,9.5017,46.5338,converged,87947.57,52909.13,-2.9416,0.00,0.0000,0.0094,0.0028,,,,,,,
34.2969,9,3,9.9766,44.2726,converged,87947.57,52909.13,-2.9416,0.00,0.0000,0.0074,0.0040,,,,,,,
21.2544,10,3,12.8775,34.1315,converged,87947.57,52909.13,-2.9416,0.00,0.0000,0.0080,0.0024,,,,,,,
37.4524,9,3,9.7605,47.2125,converged,87947.57,52909.13,-2.9416,0.00,0.0000,0.0093,0.0030,,,,,,,
39.5634,9,3,12.4781,52.0411,converged,87947.57,52909.13,-2.9416,0.00,0.0000,0.0084,0.0031,,,,,,,
49.2955,7,3,9.7455,59.0405,converged,87947.57,52909.13,-2.9416,0.00,0.0000,0.0089,0.0116,,,,,,,
33.8685,10,3,11.7020,45.5700,converged,87947.57,52909.13,-2.9416,0.00,0.0000,0.0079,0.0025,,,,,,,
23.1977,10,3,8.8202,32.0172,converged,87947.57,52909.13,-2.9416,0.00,0.0000,0.0090,0.0030,,,,,,,
27.1509,10,3,9.1502,36.3002,converged,87947.57,52909.13,-2.9416,0.00,0.0000,0.0090,0.0034,,,,,,,
32.0812,10,3,9.3155,41.3965,converged,87947.57,52909.13,-2.9416,0.00,0.0000,0.0075,0.0020,,,,,,,
44.5870,8,3,8.9514,53.5384,converged,87947.57,52909.13,-2.9416,0.00,0.0000,0.0107,0.0025,,,,,,,
59.6412,5,3,9.3590,69.0000,converged,87947.57,52909.13,-2.9416,0.00,0.0000,0.0097,0.0414,,,,,,,
52.2138,6,3,10.0678,62.2809,converged,87947.57,52909.13,-2.9416,0.00,0.0000,0.0112,0.0210,,,,,,,
51.9457,7,3,9.6042,61.5493,converged,87947.57,52909.13,-2.9416,0.00,0.0000,0.0073,0.0121,,,,,,,
21.6515,10,3,10.8130,32.4641,converged,87947.57,52909.13,-2.9416,0.00,0.0000,0.0074,0.0018,,,,,,,
50.0659,7,3,9.6934,59.7584,converged,87947.57,52909.13,-2.9416,0.00,0.0000,0.0091,0.0077,,,,,,,
49.1519,7,3,9.0649,58.2160,converged,87947.57,52909.13,-2.9416,0.00,0.0000,0.0092,0.0088,,,,,,,
38.7438,9,3,9.1938,47.9369,converged,87947.57,52909.13,-2.9416,0.00,0.0000,0.0092,0.0021,,,,,,,
29.2130,10,3,9.0599,38.2719,converged,87947.57,52909.13,-2.9416,0.00,0.0000,0.0071,0.0027,,,,,,,
25.7334,10,3,9.1783,34.9113,converged,87947.57,52909.13,-2.9416,0.00,0.0000,0.0070,0.0025,,,,,,,
49.4913,7,3,9.1497,58.6407,converged,87947.57,52909.13,-2.9416,0.00,0.0000,0.0107,0.0052,,,,,,,
55.6205,6,3,10.4313,66.0513,converged,87947.57,52909.13,-2.9416,0.00,0.0000,0.0096,0.0183,,,,,,,
43.6825,8,3,9.7856,53.4676,converged,87947.57,52909.13,-2.9416,0.00,0.0000,0.0085,0.0047,,,,,,,
24.0997,10,3,9.5243,33.6234,converged,87947.57,52909.13,-2.9416,0.00,0.0000,0.0074,0.0022,,,,,,,
49.3909,7,3,12.4750,61.8650,converged,87947.57,52909.13,-2.9416,0.00,0.0000,0.0098,0.0098,,,,,,,
51.6811,7,3,10.1664,61.8475,converged,87947.57,52909.13,-2.9416,0.00,0.0000,0.0094,0.0049,,,,,,,
58.6158,5,3,9.4765,68.0915,converged,87947.57,52909.13,-2.9416,0.00,0.0000,0.0097,0.0425,,,,,,,
43.8416,8,3,9.1700,53.0111,converged,87947.57,52909.13,-2.9416,0.00,0.0000,0.0098,0.0045,,,,,,,
23.5628,10,3,10.7524,34.3144,converged,87947.57,52909.13,-2.9416,0.00,0.0000,0.0067,0.0024,,,,,,,
25.0635,10,3,9.3803,34.4433,converged,87947.57,52909.13,-2.9416,0.00,0.0000,0.0095,0.0027,,,,,,,
40.8551,8,3,9.6851,50.5402,converged,87947.57,52909.13,-2.9416,0.00,0.0000,0.0081,0.0063,,,,,,,
54.0091,6,3,8.9388,62.9479,converged,87947.57,52909.13,-2.9416,0.00,0.0000,0.0089,0.0185,,,,,,,
36.1234,9,3,9.8292,45.9523,converged,87947.57,52909.13,-2.9416,0.00,0.0000,0.0087,0.0032,,,,,,,
37.0903,9,3,9.1496,46.2396,converged,87947.57,52909.13,-2.9416,0.00,0.0000,0.0102,0.0031,,,,,,,
27.6140,10,3,9.3620,36.9761,converged,87947.57,52909.13,-2.9416,0.00,0.0000,0.0083,0.0022,,,,,,,
53.3976,6,3,9.1949,62.5920,converged,87947.57,52909.13,-2.9416,0.00,0.0000,0.0079,0.0219,,,,,,,
28.0267,10,3,9.0944,37.1205,converged,87947.57,52909.13,-2.9416,0.00,0.0000,0.0083,0.0028,,,,,,,
33.9628,10,3,8.8209,42.7830,converged,87947.57,52909.13,-2.9416,0.00,0.0000,0.0078,0.0022,,,,,,,
52.6160,6,3,12.9129,65.5290,converged,87947.57,52909.13,-2.9416,0.00,0.0000,0.0087,0.0191,,,,,,,
28.3175,10,3,9.5690,37.8861,converged,87947.57,52909.13,-2.9416,0.00,0.0000,0.0077,0.0025,,,,,,,
36.9619,9,3,9.3506,46.3116,converged,87947.57,52909.13,-2.9416,0.00,0.0000,0.0087,0.0021,,,,,,,
30.6106,10,3,8.9299,39.5400,converged,87947.57,52909.13,-2.9416,0.00,0.0000,0.0088,0.0029,,,,,,,
49.4923,7,3,9.1830,58.6751,converged,87947.57,52909.13,-2.9416,0.00,0.0000,0.0097,0.0045,,,,,,,
59.3627,5,3,9.4804,68.8425,converged,87947.57,52909.13,-2.9416,0.00,0.0000,0.0093,0.0525,,,,,,,
45.6154,8,3,10.3936,56.0086,converged,87947.57,52909.13,-2.9416,0.00,0.0000,0.0087,0.0040,,,,,,,
34.1755,9,3,10.3215,44.4965,converged,87947.57,52909.13,-2.9416,0.00,0.0000,0.0086,0.0027,,,,,,,
42.9626,8,3,9.1890,52.1510,converged,87947.57,52909.13,-2.9416,0.00,0.0000,0.0092,0.0043,,,,,,,
32.7861,10,3,9.6176,42.4037,converged,87947.57,52909.13,-2.9416,0.00,0.0000,0.0081,0.0024,,,,,,,
50.3094,7,3,10.0753,60.3844,converged,87947.57,52909.13,-2.9416,0.00,0.0000,0.0078,0.0135,,,,,,,
38.5429,9,3,8.8951,47.4372,converged,87947.57,52909.13,-2.9416,0.00,0.0000,0.0098,0.0017,,,,,,,
38.6039,9,3,9.0360,47.6390,converged,87947.57,52909.13,-2.9416,0.00,0.0000,0.0085,0.0022,,,,,,,
57.1613,6,3,9.7909,66.9519,converged,87947.57,52909.13,-2.9416,0.00,0.0000,0.0112,0.0175,,,,,,,
59.6396,5,3,10.0707,69.7097,converged,87947.57,52909.13,-2.9416,0.00,0.0000,0.0073,0.0343,,,,,,,
22.2666,10,3,9.7334,31.9994,converged,87947.57,52909.13,-2.9416,0.00,0.0000,0.0034,0.0163,,,,,,,
45.9571,8,3,9.4240,55.3810,converged,87947.57,52909.13,-2.9416,0.00,0.0000,0.0082,0.0062,,,,,,,
43.4213,8,3,8.9254,52.3465,converged,87947.57,52909.13,-2.9416,0.00,0.0000,0.0085,0.0064,,,,,,,
50.4492,7,3,11.0579,61.5069,converged,87947.57,52909.13,-2.9416,0.00,0.0000,0.0098,0.0078,,,,,,,
58.8280,5,3,10.0978,68.9258,converged,87947.57,52909.13,-2.9416,0.00,0.0000,0.0086,0.0455,,,,,,,
50.9848,7,3,9.3050,60.2891,converged,87947.57,52909.13,-2.9416,0.00,0.0000,0.0100,0.0091,,,,,,,
26.9277,10,3,9.2512,36.1782,converged,87947.57,52909.13,-2.9416,0.00,0.0000,0.0081,0.0026,,,,,,,
33.8183,10,3,8.6407,42.4588,converged,87947.57,52909.13,-2.9416,0.00,0.0000,0.0072,0.0024,,,,,,,
31.6539,10,3,9.2426,40.8957,converged,87947.57,52909.13,-2.9416,0.00,0.0000,0.0078,0.0017,,,,,,,
27.9207,10,3,9.6141,37.5341,converged,87947.57,52909.13,-2.9416,0.00,0.0000,0.0070,0.0022,,,,,,,
36.0357,9,3,8.8787,44.9138,converged,87947.57,52909.13,-2.9416,0.00,0.0000,0.0086,0.0022,,,,,,,
30.0557,10,3,9.2576,39.3126,converged,87947.57,52909.13,-2.9416,0.00,0.0000,0.0085,0.0024,,,,,,,
40.9596,8,3,9.4860,50.4450,converged,87947.57,52909.13,-2.9416,0.00,0.0000,0.0091,0.0056,,,,,,,
30.9603,10,3,9.6956,40.6556,converged,87947.57,52909.13,-2.9416,0.00,0.0000,0.0076,0.0019,,,,,,,
54.4317,6,3,9.0766,63.5076,converged,87947.57,52909.13,-2.9416,0.00,0.0000,0.0103,0.0156,,,,,,,
43.5038,8,3,9.9712,53.4742,converged,87947.57,52909.13,-2.9416,0.00,0.0000,0.0089,0.0023,,,,,,,
20.6485,10,3,9.2088,29.8568,converged,87947.57,52909.13,-2.9416,0.00,0.0000,0.0073,0.0023,,,,,,,
57.6006,6,3,10.1968,67.7969,converged,87947.57,52909.13,-2.9416,0.00,0.0000,0.0095,0.0229,,,,,,,
31.0154,10,3,10.3494,41.3644,converged,87947.57,52909.13,-2.9416,0.00,0.0000,0.0083,0.0023,,,,,,,
45.9732,8,3,9.2845,55.2575,converged,87947.57,52909.13,-2.9416,0.00,0.0000,0.0076,0.0043,,,,,,,
45.7912,8,3,9.8211,55.6121,converged,87947.57,52909.13,-2.9416,0.00,0.0000,0.0092,0.0051,,,,,,,
40.9176,8,3,9.6575,50.5745,converged,87947.57,52909.13,-2.9416,0.00,0.0000,0.0096,0.0040,,,,,,,
20.2699,10,3,9.8496,30.1187,converged,87947.57,52909.13,-2.9416,0.00,0.0000,0.0065,0.0023,,,,,,,
44.6321,8,3,8.9225,53.5546,converged,87947.57,52909.13,-2.9416,0.00,0.0000,0.0095,0.0024,,,,,,,
28.0625,10,3,11.3551,39.4171,converged,87947.57,52909.13,-2.9416,0.00,0.0000,0.0086,0.0025,,,,,,,
37.1921,9,3,9.8672,47.0593,converged,87947.57,52909.13,-2.9416,0.00,0.0000,0.0087,0.0025,,,,,,,
47.0208,7,3,8.8933,55.9134,converged,87947.57,52909.13,-2.9416,0.00,0.0000,0.0112,0.0070,,,,,,,
56.6449,6,3,10.1216,66.7657,converged,87947.57,52909.13,-2.9416,0.00,0.0000,0.0090,0.0176,,,,,,,
24.7261,10,3,9.7968,34.5228,converged,87947.57,52909.13,-2.9416,0.00,0.0000,0.0088,0.0031,,,,,,,
56.4087,6,3,9.6768,66.0848,converged,87947.57,52909.13,-2.9416,0.00,0.0000,0.0097,0.0133,,,,,,,
46.0584,7,3,10.1688,56.2269,converged,87947.57,52909.13,-2.9416,0.00,0.0000,0.0078,0.0089,,,,,,,
40.0985,8,3,8.9744,49.0724,converged,87947.57,52909.13,-2.9416,0.00,0.0000,0.0086,0.0058,,,,,,,
34.3723,9,3,12.8262,47.1983,converged,87947.57,52909.13,-2.9416,0.00,0.0000,0.0086,0.0020,,,,,,,
57.0164,6,3,9.0304,66.0465,converged,87947.57,52909.13,-2.9416,0.00,0.0000,0.0093,0.0189,,,,,,,
59.7731,5,3,8.9502,68.7232,converged,87947.57,52909.13,-2.9416,0.00,0.0000,0.0075,0.0488,,,,,,,
34.1966,9,3,8.9389,43.1349,converged,87947.57,52909.13,-2.9416,0.00,0.0000,0.0083,0.0027,,,,,,,
29.2193,10,3,9.2770,38.4960,converged,87947.57,52909.13,-2.9416,0.00,0.0000,0.0081,0.0018,,,,,,,
54.3940,6,3,9.0654,63.4584,converged,87947.57,52909.13,-2.9416,0.00,0.0000,0.0095,0.0182,,,,,,,
39.5937,9,3,9.8157,49.4087,converged,87947.57,52909.13,-2.9416,0.00,0.0000,0.0087,0.0022,,,,,,,
59.5024,5,3,10.1942,69.6967,converged,87947.57,52909.13,-2.9416,0.00,0.0000,0.0079,0.0400,,,,,,,
55.0905,6,3,9.4361,64.5262,converged,87947.57,52909.13,-2.9416,0.00,0.0000,0.0107,0.0219,,,,,,,
20.6322,10,3,12.3966,33.0286,converged,87947.57,52909.13,-2.9416,0.00,0.0000,0.0080,0.0020,,,,,,,
50.3507,7,3,10.8217,61.1717,converged,87947.57,52909.13,-2.9416,0.00,0.0000,0.0086,0.0108,,,,,,,
45.3079,8,3,10.0706,55.3776,converged,87947.57,52909.13,-2.9416,0.00,0.0000,0.0077,0.0043,,,,,,,
51.0632,7,3,10.5525,61.6155,converged,87947.57,52909.13,-2.9416,0.00,0.0000,0.0089,0.0106,,,,,,,
