jitter_ms,planned_steps,actual_steps,denoise_ms,total_cycle_ms,stop_reason,ego_x,ego_y,ego_yaw,ego_vx,delta_0,delta_1,delta_2,delta_3,delta_4,delta_5,delta_6,delta_7,delta_8,delta_9
46.6155,7,7,41.2521,87.8672,converged,81377.36,49916.91,0.5889,0.00,0.0000,0.4645,0.9569,5.0909,0.7857,0.1318,0.0275,,,
32.1562,10,4,61.0691,93.2251,deadline,81377.36,49916.91,0.5889,0.00,0.0000,0.2447,0.1623,0.9932,,,,,,
51.9391,7,5,41.7021,93.6411,deadline,81377.36,49916.91,0.5890,0.00,0.0000,0.0255,0.9146,4.4312,1.3027,,,,,
33.0781,10,9,50.0624,83.1404,converged,81377.36,49916.91,0.5890,0.00,0.0000,0.4053,0.3492,2.0214,2.8852,0.3014,0.3422,0.1277,0.0201,
24.2659,10,8,41.5040,65.7691,converged,81377.36,49916.91,0.5889,0.00,0.0000,0.3919,0.3317,2.4858,3.2348,0.3766,0.1655,0.0626,,
47.0130,7,7,39.9570,86.9700,converged,81377.36,49916.91,0.5889,0.00,0.0000,0.1118,0.5081,4.1241,1.5489,0.1892,0.0372,,,
21.7082,10,10,54.6336,76.3417,completed,81377.36,49916.91,0.5889,0.00,0.0000,0.4313,1.3659,2.2538,2.6202,5.6523,0.7928,0.7164,0.4959,0.3060
40.3020,8,8,44.4389,84.7399,converged,81377.36,49916.91,0.5889,0.00,0.0000,0.5559,0.9531,5.0671,0.7018,0.9443,0.1062,0.0415,,
59.1693,5,5,33.3786,92.5476,completed,81377.36,49916.91,0.5889,0.00,0.0000,1.1554,5.9001,0.9936,0.1873,,,,,
44.8692,8,8,47.2044,92.0735,completed,81377.36,49916.91,0.5889,0.00,0.0000,0.0818,0.9531,0.4559,5.8772,0.9582,1.0795,0.5931,,
34.7619,9,7,27.8000,62.5610,converged,81377.36,49916.91,0.5889,0.00,0.0000,0.6159,0.6018,2.9465,1.2318,0.1156,0.0475,,,
37.7942,9,8,43.5885,81.3826,converged,81377.36,49916.91,0.5889,0.00,0.0000,1.1980,1.5328,3.2600,1.3994,0.1771,0.4066,0.0193,,
27.0465,10,9,41.1003,68.1464,converged,81377.36,49916.91,0.5890,0.00,0.0000,0.7540,0.9674,2.9923,3.1331,0.3115,0.3621,0.1966,0.0235,
23.0159,10,3,13.4415,36.4566,converged,81377.36,49916.91,0.5890,0.00,0.0000,0.2619,0.0562,,,,,,,
45.5044,8,6,28.0307,73.5347,converged,81377.36,49916.91,0.5889,0.00,0.0000,1.2996,3.1515,2.9437,0.4540,0.0415,,,,
49.8930,7,6,45.5082,95.4002,deadline,81377.36,49916.91,0.5889,0.00,0.0000,0.0915,1.5405,1.3228,3.1844,1.1176,,,,
59.4327,5,5,21.4564,80.8885,converged,81377.36,49916.91,0.5889,0.00,0.0000,1.1735,6.4612,1.0903,0.0523,,,,,
35.5765,9,9,50.6305,86.2065,completed,81377.36,49916.91,0.5889,0.00,0.0000,0.1673,1.3302,0.9332,1.5845,1.9769,0.3455,0.5311,0.4021,
52.3304,6,6,43.3847,95.7148,completed,81377.36,49916.91,0.5889,0.00,0.0000,0.2931,1.4308,3.1342,1.8508,0.1201,,,,
26.8232,10,10,64.3952,91.2183,completed,81377.36,49916.91,0.5889,0.00,0.0000,0.5154,1.5888,2.1420,0.5648,0.6862,1.3951,1.0130,0.5175,0.3090
58.9586,5,5,30.0987,89.0567,converged,81377.36,49916.91,0.5889,0.00,0.0000,2.4377,5.4383,0.6419,0.0417,,,,,
53.5936,6,6,40.4418,94.0349,completed,81377.36,49916.91,0.5889,0.00,0.0000,0.8232,3.5571,2.5608,1.6521,0.7264,,,,
35.3107,9,9,44.1085,79.4185,completed,81377.36,49916.91,0.5890,0.00,0.0000,0.2078,1.4005,2.4835,5.5965,2.1569,1.3463,1.1221,0.3985,
36.6664,9,8,43.2005,79.8666,converged,81377.36,49916.91,0.5890,0.00,0.0000,0.1331,0.4756,1.8550,4.3149,1.0690,0.3988,0.0297,,
30.7462,10,9,34.3991,65.1452,converged,81377.36,49916.91,0.5890,0.00,0.0000,0.2109,0.3294,0.1565,4.2679,0.1141,0.5597,0.9654,0.0994,
57.5774,6,6,40.0477,97.6247,completed,81377.36,49916.91,0.5890,0.00,0.0000,0.2016,1.6210,0.2655,0.6972,0.4982,,,,
25.1423,10,10,57.1944,82.3364,completed,81377.36,49916.91,0.5890,0.00,0.0000,0.0867,0.3078,0.6911,1.1561,0.4071,0.8310,0.5421,0.4653,0.2402
44.7942,8,8,49.1388,93.9328,completed,81377.36,49916.91,0.5890,0.00,0.0000,0.1370,0.6071,0.8260,1.2431,2.3633,1.6557,0.7194,,
59.0241,5,5,36.0168,95.0408,completed,81377.36,49916.91,0.5890,0.00,0.0000,0.2452,1.0744,1.6704,0.8767,,,,,
27.0866,10,10,55.1668,82.2528,completed,81377.36,49916.91,0.5890,0.00,0.0000,0.0201,0.2145,0.3930,1.0132,1.9299,0.3254,0.3926,0.3570,0.2341
40.0599,8,8,51.0680,91.1270,completed,81377.36,49916.91,0.5890,0.00,0.0000,0.1804,0.1186,3.8456,1.1726,0.9596,0.4341,0.5296,,
23.6157,10,8,50.5616,74.1766,converged,81377.36,49916.91,0.5890,0.00,0.0000,0.0410,0.1480,2.9429,6.4689,1.2451,0.4367,0.0375,,
28.6285,10,10,37.7163,66.3444,completed,81377.36,49916.91,0.5889,0.00,0.0000,0.4623,1.5831,1.6150,1.1108,0.5724,1.2120,0.8034,0.3059,0.2808
36.2490,9,9,37.2292,73.4782,completed,81377.36,49916.91,0.5889,0.00,0.0000,0.1223,0.6607,0.3298,1.1820,1.0537,0.1305,0.5961,0.3921,
56.8064,6,6,22.2243,79.0303,completed,81377.36,49916.91,0.5889,0.00,0.0000,0.2849,2.1185,1.5397,1.1269,0.5521,,,,
45.7510,8,7,23.8909,69.6410,converged,81377.36,49916.91,0.5889,0.00,0.0000,0.2051,0.8096,5.8926,2.2734,0.8237,0.0327,,,
49.2973,7,7,26.4401,75.7371,completed,81377.36,49916.91,0.5889,0.00,0.0000,0.6415,1.5067,4.8610,0.7612,0.2649,0.1528,,,
30.4336,10,8,34.8517,65.2847,converged,81377.36,49916.91,0.5889,0.00,0.0000,0.6827,0.7848,3.4824,4.7371,0.6911,0.1522,0.0348,,
49.6519,7,7,36.9015,86.5525,completed,81377.36,49916.91,0.5889,0.00,0.0000,0.2753,1.2695,0.5602,0.1536,0.7055,0.5623,,,
28.8006,10,10,55.8127,84.6127,completed,81377.36,49916.91,0.5889,0.00,0.0000,0.1525,0.9757,0.7771,3.0506,0.5806,0.1649,0.2793,0.1146,0.1391
25.8334,10,9,34.8414,60.6744,converged,81377.36,49916.91,0.5889,0.00,0.0000,0.6773,0.7221,3.1967,6.3396,0.6805,0.2321,0.1367,0.0057,
37.4974,9,6,20.9979,58.4950,converged,81377.36,49916.91,0.5889,0.00,0.0000,0.9700,1.4789,5.9552,3.2823,0.0484,,,,
40.2048,8,7,22.1305,62.3345,converged,81377.36,49916.91,0.5890,0.00,0.0000,0.5279,0.5399,3.7925,0.4053,0.1284,0.0136,,,
45.3397,8,4,18.1939,63.5329,converged,81377.36,49916.91,0.5890,0.00,0.0000,0.0630,1.5756,0.0514,,,,,,
47.6836,7,6,27.3542,75.0372,converged,81377.36,49916.91,0.5888,0.00,0.0000,1.4513,3.5393,4.2704,0.1222,0.0583,,,,
46.9402,7,6,34.1902,81.1302,converged,81377.36,49916.91,0.5888,0.00,0.0000,1.5664,3.5564,5.4389,0.2756,0.0241,,,,
31.6216,10,9,44.0700,75.6910,converged,81377.37,49916.92,0.5882,0.00,0.0000,0.3872,0.2701,0.6529,2.1806,3.8114,3.2347,0.9787,0.0369,
39.0685,9,8,34.8113,73.8794,converged,81377.37,49916.92,0.5882,0.00,0.0000,0.7144,0.6175,4.0416,4.8812,0.5479,0.1770,0.0100,,
24.2645,10,8,43.3593,67.6234,converged,81377.38,49916.92,0.5881,0.00,0.0000,0.8535,0.8495,3.1317,7.6724,1.1501,0.1275,0.0294,,
51.9881,7,7,35.7907,87.7787,converged,81377.38,49916.92,0.5881,0.00,0.0000,1.2484,1.4833,7.5710,2.1135,0.3011,0.0564,,,
39.6850,9,3,10.0844,49.7694,converged,81377.39,49916.93,0.5881,0.00,0.0000,0.4335,0.0297,,,,,,,
40.8948,8,7,24.0931,64.9872,converged,81377.39,49916.93,0.5881,0.00,0.0000,0.7449,0.7514,8.1043,7.2190,1.2632,0.0247,,,
36.8503,9,8,39.9583,76.8083,converged,81377.39,49916.93,0.5880,0.00,0.0000,0.0322,0.2672,6.1482,5.9858,3.3576,0.2813,0.0254,,
39.9093,9,9,33.7434,73.6525,completed,81377.39,49916.93,0.5880,0.00,0.0000,0.3325,0.8044,1.3194,5.8478,1.1228,0.8441,0.5606,0.4003,
55.5965,6,6,32.6523,88.2503,completed,81377.40,49916.93,0.5881,0.00,0.0000,1.0236,0.4178,9.4766,1.8489,0.7723,,,,
36.2673,9,9,44.2486,80.5159,completed,81377.40,49916.93,0.5881,0.00,0.0000,0.5078,0.8914,2.3936,7.6027,1.1848,1.0870,0.5071,0.2344,
48.5772,7,7,39.3510,87.9280,completed,81377.43,49916.95,0.5883,0.15,0.0000,1.2187,2.5218,1.8138,0.5612,0.9323,0.5898,,,
55.6274,6,6,25.7511,81.3782,completed,81377.43,49916.95,0.5883,0.15,0.0000,1.5392,2.2618,2.9298,1.0185,0.8382,,,,
22.5342,10,10,50.0881,72.6221,completed,81377.48,49916.99,0.5883,0.22,0.0000,0.7145,1.2881,0.9856,2.7878,12.6909,2.5506,0.5426,0.6106,0.3244
52.9563,6,6,26.6432,79.5993,completed,81377.48,49916.99,0.5883,0.22,0.0000,1.4421,2.1354,1.9569,1.0987,0.7183,,,,
56.6992,6,6,27.3039,84.0029,completed,81377.54,49917.03,0.5880,0.31,0.0000,0.7142,0.1807,4.5928,3.5186,0.8467,,,,
59.4440,5,5,21.9332,81.3763,completed,81377.54,49917.03,0.5880,0.31,0.0000,0.3128,12.1730,6.1620,2.3859,,,,,
28.8616,10,10,49.5727,78.4338,completed,81377.65,49917.10,0.5882,0.50,0.0000,0.4909,0.9661,0.9542,0.2096,1.4450,3.0788,0.4585,0.5476,0.2597
37.8925,9,9,43.0493,80.9414,completed,81377.65,49917.10,0.5882,0.50,0.0000,0.3583,0.6769,0.8301,10.0578,7.4591,0.1812,0.1304,0.1810,
36.2271,9,9,50.2181,86.4452,completed,81377.77,49917.19,0.5884,0.55,0.0000,0.5649,1.1559,1.4868,1.5906,0.4499,0.6887,0.4986,0.3748,
47.6446,7,7,27.2175,74.8616,completed,81377.77,49917.19,0.5884,0.55,0.0000,0.9186,1.8774,0.5004,1.3700,0.3217,0.4141,,,
55.9939,6,6,23.6377,79.6308,completed,81377.94,49917.30,0.5885,0.71,0.0000,1.0484,1.7557,1.3938,1.0455,0.2008,,,,
35.4375,9,9,34.0202,69.4573,completed,81377.94,49917.30,0.5885,0.71,0.0000,0.3404,0.6605,0.9788,9.8942,8.8306,0.5760,0.1721,0.1889,
50.1403,7,7,44.0426,94.1826,completed,81378.15,49917.44,0.5896,0.94,0.0000,0.6798,0.8759,3.0055,10.9455,2.6521,0.9677,,,
22.0834,10,10,53.8975,75.9805,completed,81378.15,49917.44,0.5896,0.94,0.0000,0.6405,1.2019,1.5567,1.2767,2.0842,2.0206,0.3383,0.4934,0.3644
46.3142,7,7,31.0524,77.3664,completed,81378.43,49917.62,0.5901,1.13,0.0000,0.8475,1.3907,1.9150,9.0717,1.9049,0.7474,,,
30.7162,10,10,41.6015,72.3175,completed,81378.43,49917.62,0.5901,1.13,0.0000,0.4631,0.8744,0.8953,0.5925,5.0924,5.7610,0.5302,0.2804,0.2048
22.4318,10,10,46.5046,68.9356,completed,81378.73,49917.83,0.5886,1.33,0.0000,0.3316,0.5856,0.1056,3.5687,13.1191,2.2115,0.3554,0.1862,0.1994
39.2013,9,4,13.0641,52.2652,converged,81378.73,49917.83,0.5886,1.33,0.0000,0.4518,0.7640,0.0722,,,,,,
26.2138,10,10,41.2363,67.4493,completed,81379.04,49918.03,0.5884,1.47,0.0000,0.2289,0.1806,1.5389,11.8099,9.2696,4.0049,1.7143,0.4975,0.1740
50.7843,7,7,27.3900,78.1740,completed,81379.04,49918.03,0.5884,1.47,0.0000,1.1765,1.7812,2.4290,9.2591,1.7936,0.7804,,,
28.3142,10,10,41.5115,69.8255,completed,81379.42,49918.29,0.5889,1.63,0.0000,0.9839,1.5547,1.9901,1.9750,1.8548,2.2138,0.9363,0.6113,0.3770
55.4084,6,6,24.8859,80.2939,completed,81379.42,49918.29,0.5889,1.63,0.0000,1.4057,1.3921,4.1386,2.5625,0.6891,,,,
44.8194,8,8,41.9544,86.7735,completed,81379.79,49918.54,0.5881,1.70,0.0000,1.0247,1.4726,0.2832,3.8761,2.6794,0.9079,0.2888,,
35.3533,9,9,45.8840,81.2370,completed,81379.79,49918.54,0.5881,1.70,0.0000,0.7657,1.1700,0.1793,5.4432,6.9998,1.0436,0.2596,0.2248,
51.0105,7,7,30.7965,81.8065,completed,81380.24,49918.84,0.5852,1.79,0.0000,1.3056,0.6059,5.8366,6.1392,1.8530,0.5478,,,
20.7914,10,10,57.9480,78.7390,completed,81380.24,49918.84,0.5852,1.79,0.0000,0.5601,0.7284,0.4850,5.4997,12.6832,3.1932,0.7569,0.3377,0.2622
36.0011,9,9,41.1312,77.1322,completed,81380.69,49919.14,0.5836,1.85,0.0000,0.7865,1.1981,0.2950,2.5915,6.1567,0.7616,0.2563,0.2494,
30.6879,10,10,51.8638,82.5508,completed,81380.69,49919.14,0.5836,1.85,0.0000,0.7937,0.9822,0.3489,2.7778,12.8437,2.8302,1.0679,0.4392,0.2143
55.1570,6,6,27.5740,82.7310,completed,81381.17,49919.46,0.5815,2.00,0.0000,0.1936,2.1316,5.9515,2.0855,0.7073,,,,
34.0280,9,9,49.7306,83.7587,completed,81381.17,49919.46,0.5815,2.00,0.0000,0.7353,0.7655,0.1832,0.7598,3.7846,0.7346,0.3622,0.2728,
38.7954,9,9,55.9971,94.7921,completed,81381.74,49919.83,0.5795,2.27,0.0000,0.2105,0.2680,0.4662,3.1451,1.5433,0.8934,0.4416,0.2446,
45.6189,8,8,30.9132,76.5312,completed,81381.74,49919.83,0.5795,2.27,0.0000,0.8509,0.7399,0.9589,5.3430,2.1045,0.8107,0.1498,,
35.1537,9,9,52.3225,87.4756,completed,81382.38,49920.25,0.5775,2.67,0.0000,0.3354,0.5970,1.2252,1.3204,2.1472,0.5255,0.3648,0.2721,
30.9684,10,10,39.3328,70.3008,completed,81382.38,49920.25,0.5775,2.67,0.0000,0.5198,0.7768,1.7206,3.7360,2.0893,0.8028,0.5805,0.4158,0.2147
43.7883,8,8,55.2594,99.0474,completed,81383.10,49920.72,0.5750,2.99,0.0000,1.0913,2.4076,5.9040,9.4241,1.9317,0.7783,0.2319,,
20.5997,10,3,12.7899,33.3889,converged,81383.10,49920.72,0.5750,2.99,0.0000,0.0867,0.0939,,,,,,,
49.9276,7,7,43.1146,93.0416,completed,81383.99,49921.29,0.5743,3.51,0.0000,0.5487,1.6418,0.3281,3.0942,1.1789,0.4998,,,
59.0697,5,5,29.0906,88.1596,completed,81383.99,49921.29,0.5743,3.51,0.0000,0.6332,6.6278,4.3775,1.5790,,,,,
36.8925,9,8,31.8801,68.7722,converged,81385.00,49921.94,0.5747,3.94,0.0000,0.3343,0.4231,1.0101,6.8615,3.4555,0.3609,0.0826,,
55.5799,6,6,24.3626,79.9417,completed,81385.00,49921.94,0.5747,3.94,0.0000,1.2505,3.1747,10.3120,2.8387,1.0527,,,,
20.3556,10,10,44.3344,64.6894,completed,81385.97,49922.57,0.5780,4.32,0.0000,0.1611,0.3678,0.2310,4.0923,5.2055,1.9105,0.5376,0.3997,0.2673
33.0508,10,10,35.2043,68.2543,completed,81385.97,49922.57,0.5780,4.32,0.0000,0.2203,0.3737,1.1313,3.1602,3.9467,2.0601,0.4070,0.4265,0.4182
47.8734,7,7,34.4920,82.3650,completed,81387.02,49923.25,0.5816,4.51,0.0000,0.6989,0.7976,3.3069,3.6081,1.3206,0.2917,,,
35.0222,9,9,41.1186,76.1406,completed,81387.02,49923.25,0.5816,4.51,0.0000,0.4425,1.0505,0.9690,2.5229,1.9952,1.0063,0.4432,0.2847,
28.3402,10,10,40.1287,68.4688,completed,81388.16,49923.99,0.5730,4.57,0.0000,0.4807,0.9437,0.2771,2.7545,4.1657,0.8208,0.7760,0.3183,0.2134
25.4978,10,10,51.8544,77.3514,completed,81388.16,49923.99,0.5730,4.57,0.0000,0.5323,1.1060,0.9464,0.7961,2.9943,3.8260,0.8742,0.4475,0.2940
22.5406,10,10,46.8661,69.4061,completed,81389.16,49924.63,0.5733,4.69,0.0000,0.6759,1.1915,0.5520,2.1259,3.0932,0.9980,1.0544,0.4768,0.1896
45.1660,8,8,36.6197,81.7848,completed,81389.16,49924.63,0.5733,4.69,0.0000,0.9486,1.3218,1.9405,6.6237,2.1316,0.9413,0.4132,,
34.3211,9,9,41.5011,75.8222,completed,81390.31,49925.37,0.5735,4.90,0.0000,0.6003,1.1051,0.3603,3.5757,2.9281,0.6158,0.5030,0.4627,
55.3421,6,6,30.6519,85.9939,completed,81390.31,49925.37,0.5735,4.90,0.0000,1.4333,0.2529,6.0459,2.1278,0.9419,,,,
42.5587,8,8,35.9143,78.4724,completed,81391.57,49926.18,0.5775,5.06,0.0000,0.4866,0.8612,1.6009,7.7100,3.4899,1.6855,0.4981,,
48.1709,7,7,29.3901,77.5601,completed,81391.57,49926.18,0.5775,5.06,0.0000,1.0856,1.3020,3.6937,4.0392,1.2048,0.4952,,,
46.4507,7,7,27.7068,74.1569,completed,81392.76,49926.96,0.5834,5.06,0.0000,0.8998,1.3717,1.4760,2.8047,0.8319,0.5421,,,
28.5738,10,10,38.2626,66.8356,completed,81392.76,49926.96,0.5834,5.06,0.0000,0.4506,0.9144,0.5528,1.7009,3.9563,1.9522,0.8062,0.3909,0.2850
29.2707,10,10,41.5331,70.8032,completed,81394.02,49927.81,0.5910,5.03,0.0000,0.1648,0.5729,0.2584,1.7141,5.1077,1.5802,0.4220,0.3851,0.3568
22.6100,10,10,35.2653,57.8743,completed,81394.02,49927.81,0.5910,5.03,0.0000,0.2782,0.6141,0.1379,3.7598,6.6750,2.4468,1.9459,0.4116,0.3233
51.5666,7,7,32.5353,84.1013,completed,81395.06,49928.51,0.5963,5.04,0.0000,0.1629,0.1427,3.9958,5.3080,1.4960,0.8720,,,
36.0527,9,9,48.1815,84.2335,completed,81395.06,49928.51,0.5963,5.04,0.0000,0.5205,1.1771,0.5232,2.0608,1.7008,0.5414,0.4815,0.3944,
20.0110,10,10,41.7508,61.7618,completed,81396.40,49929.43,0.6054,5.07,0.0000,0.1519,0.5465,0.5681,0.4932,3.3914,0.5639,0.9019,0.2961,0.2045
35.9696,9,9,42.6331,78.6022,completed,81396.40,49929.43,0.6054,5.07,0.0000,0.4958,1.1808,0.8757,1.3957,2.6718,1.0657,1.0528,0.5017,
33.0106,10,10,44.4378,77.4479,completed,81397.52,49930.22,0.6159,5.17,0.0000,0.1600,0.6819,0.8493,0.3670,4.6540,1.2872,1.6884,0.8691,0.3249
44.8278,8,8,38.0515,82.8786,completed,81397.52,49930.22,0.6159,5.17,0.0000,0.4208,0.8658,1.6128,5.7202,1.9700,0.5938,0.3935,,
25.8038,10,10,35.8713,61.6743,completed,81398.86,49931.19,0.6335,5.40,0.0000,0.0558,0.3604,0.2236,1.0758,4.1830,1.2089,0.3293,0.6130,0.6174
41.6930,8,8,46.0080,87.7001,completed,81398.86,49931.19,0.6335,5.40,0.0000,0.6566,1.1932,0.6169,3.7556,0.8074,0.3949,0.3357,,
28.2200,10,9,72.2254,100.4445,deadline,81400.19,49932.19,0.6471,5.60,0.0000,0.0812,0.5447,0.8101,0.4778,3.7333,1.1708,0.6506,0.4667,
42.4099,8,8,42.6585,85.0676,completed,81400.19,49932.19,0.6471,5.60,0.0000,0.6587,1.3497,0.8732,1.7342,2.4551,0.8857,0.8073,,
53.2085,6,6,41.0578,94.2658,completed,81402.00,49933.57,0.6578,5.76,0.0000,0.0997,0.1080,4.7769,2.8756,1.1295,,,,
44.0685,8,8,46.9981,91.0661,completed,81402.00,49933.57,0.6578,5.76,0.0000,0.2030,0.5455,0.8830,5.3087,2.1344,0.7758,0.5027,,
34.5278,9,9,48.3713,82.8984,completed,81403.61,49934.85,0.6824,5.97,0.0000,0.8405,0.4397,0.2132,1.2582,1.0176,0.3131,0.1798,0.4925,
22.8237,10,10,56.5258,79.3489,completed,81403.61,49934.85,0.6824,5.97,0.0000,0.0977,0.3994,0.2254,1.1361,4.3179,0.6096,0.1807,0.4502,0.5888
22.6894,10,10,50.6519,73.3410,completed,81405.25,49936.20,0.6937,6.13,0.0000,1.2285,1.0314,0.1140,1.2351,2.5544,1.6399,0.5697,0.5763,0.4634
53.9340,6,6,39.4352,93.3693,completed,81405.25,49936.20,0.6937,6.13,0.0000,0.1819,0.4844,2.9595,0.5425,0.6026,,,,
56.7723,6,6,33.3218,90.0939,completed,81406.81,49937.50,0.7019,6.13,0.0000,1.9777,1.7734,5.3468,3.0104,1.6544,,,,
50.1567,7,7,43.7240,93.8801,completed,81406.81,49937.50,0.7019,6.13,0.0000,1.1178,0.9068,2.1504,3.5068,1.1468,0.9958,,,
53.2516,6,6,26.4723,79.8582,completed,81408.49,49938.93,0.7124,6.26,0.0000,2.9597,2.4337,1.3489,0.6880,0.5583,,,,
28.4384,10,10,58.6964,87.1345,completed,81408.49,49938.93,0.7124,6.26,0.0000,0.3943,0.2473,0.1702,1.6789,3.1506,1.6174,0.7932,0.7095,0.5728
56.0892,6,6,30.8883,86.9773,completed,81409.99,49940.24,0.7190,6.38,0.0000,2.3248,1.3737,2.7478,0.8989,0.4885,,,,
22.7328,10,10,42.2189,64.9509,completed,81409.99,49940.24,0.7190,6.38,0.0000,0.1946,0.5536,0.7790,0.7826,2.0586,1.0140,1.0399,0.5173,0.1807
26.7501,10,10,38.8591,65.6091,completed,81411.45,49941.51,0.7206,6.53,0.0000,1.3139,1.0673,0.3551,2.2840,2.1000,1.7835,0.7150,0.3724,0.2147
48.7601,7,7,38.2910,87.0510,completed,81411.45,49941.51,0.7206,6.53,0.0000,0.9050,0.4949,1.2749,3.3285,2.1571,1.4015,,,
57.5717,6,6,25.9866,83.5576,completed,81412.89,49942.77,0.7242,6.79,0.0000,2.3674,1.7906,6.5476,3.3292,1.7492,,,,
51.9032,7,7,32.3250,84.2280,completed,81412.89,49942.77,0.7242,6.79,0.0000,1.1981,0.3377,1.9590,0.7925,0.4087,0.4554,,,
25.6030,10,10,40.1046,65.7067,completed,81414.52,49944.22,0.7283,7.02,0.0000,1.5567,1.3319,0.2405,0.8857,0.3100,0.5237,0.3360,0.2865,0.2502
58.5418,5,5,25.3495,83.8905,completed,81414.52,49944.22,0.7283,7.02,0.0000,2.3763,0.5938,1.2572,1.0274,,,,,
21.7347,10,4,15.4593,37.1934,converged,81415.94,49945.50,0.7341,7.21,0.0000,1.0131,0.7579,0.0851,,,,,,
29.2985,10,10,41.2051,70.5031,completed,81415.94,49945.50,0.7341,7.21,0.0000,0.9742,0.4033,0.1905,0.8740,1.5677,1.1768,1.2746,0.7563,0.4946
52.8130,6,6,27.0113,79.8233,completed,81417.20,49946.63,0.7343,7.46,0.0000,0.2728,0.7794,1.0103,1.7752,0.7381,,,,
42.9321,8,8,30.6058,73.5378,completed,81417.20,49946.63,0.7343,7.46,0.0000,0.9994,0.1364,0.7548,1.2332,0.5995,0.4350,0.2785,,
42.0195,8,8,30.3870,72.4061,completed,81418.90,49948.16,0.7334,7.77,0.0000,0.5348,0.6210,1.5363,3.4533,1.5724,0.6511,0.3614,,
40.9237,8,8,31.6618,72.5848,completed,81418.90,49948.16,0.7334,7.77,0.0000,0.5616,0.2773,2.1656,3.1478,1.3896,0.7946,0.1326,,
22.0685,10,10,34.8562,56.9242,completed,81420.67,49949.75,0.7306,8.06,0.0000,0.7420,0.1801,0.4778,0.4643,2.3885,0.3651,0.2976,0.3325,0.3052
49.5492,7,7,36.6845,86.2336,completed,81420.67,49949.75,0.7306,8.06,0.0000,1.3782,0.3347,0.8051,3.7525,1.8415,1.2383,,,
45.4277,8,8,43.2071,88.6342,completed,81422.43,49951.32,0.7284,8.27,0.0000,0.2125,0.3098,1.3447,3.1744,1.4435,1.0342,0.7883,,
46.5030,7,7,35.2221,81.7252,completed,81422.43,49951.32,0.7284,8.27,0.0000,0.8847,0.4821,0.5928,3.9895,1.3786,0.7375,,,
24.1611,10,4,15.4848,39.6459,converged,81424.38,49953.06,0.7266,8.35,0.0000,0.5347,0.1241,0.0547,,,,,,
35.5712,9,9,45.0090,80.5800,completed,81424.38,49953.06,0.7266,8.35,0.0000,1.1705,0.5960,0.8865,4.5491,2.2893,0.8204,0.5391,0.4112,
30.1078,10,10,41.1494,71.2564,completed,81426.07,49954.57,0.7254,8.43,0.0000,0.3132,0.2196,0.7737,3.8144,3.6774,1.4238,0.4549,0.4640,0.4325
37.6663,9,9,41.9371,79.6031,completed,81426.07,49954.57,0.7254,8.43,0.0000,0.5983,0.2001,0.3679,3.0159,3.2898,1.8217,1.5131,0.9087,
35.6453,9,9,37.2056,72.8507,completed,81427.98,49956.26,0.7198,8.52,0.0000,0.9857,0.4024,0.5770,1.2931,0.8277,0.4105,0.1711,0.3060,
59.3205,5,5,26.9308,86.2508,completed,81427.98,49956.26,0.7198,8.52,0.0000,0.6946,0.9348,3.9710,2.5575,,,,,
53.4217,6,6,26.0671,79.4882,completed,81430.11,49958.11,0.7134,8.60,0.0000,1.6411,0.4130,1.4389,0.7277,0.3954,,,,
30.7219,10,10,45.8298,76.5508,completed,81430.11,49958.11,0.7134,8.60,0.0000,0.6961,0.1266,0.4664,1.0230,0.7536,1.4950,1.1943,0.4123,0.1264
25.8599,10,10,42.1849,68.1987,completed,81432.06,49959.81,0.7077,8.64,0.0000,0.5686,0.1342,1.0043,3.4945,5.3346,2.6139,0.9341,0.4917,0.2729
48.9509,7,7,25.7229,74.6729,completed,81432.06,49959.81,0.7077,8.64,0.0000,0.6724,1.0115,3.7932,3.5716,1.6150,1.1062,,,
35.2016,9,9,38.5874,73.7884,completed,81433.84,49961.32,0.6987,8.66,0.0000,0.8014,0.5244,0.7262,3.5656,1.6070,0.4486,0.2580,0.2091,
49.0057,7,7,39.2917,88.2968,completed,81433.84,49961.32,0.6987,8.66,0.0000,1.1790,0.6863,1.9252,2.7236,1.6479,1.0437,,,
51.0545,7,7,28.2243,79.2783,completed,81436.05,49963.15,0.6865,8.68,0.0000,0.6882,0.2112,1.7466,1.5944,0.9279,0.3945,,,
47.3263,7,7,31.7670,79.0931,completed,81436.05,49963.15,0.6865,8.68,0.0000,0.8770,1.0784,0.8231,0.8079,1.0903,0.2481,,,
51.1821,7,7,34.8581,86.0402,completed,81437.86,49964.64,0.6774,8.68,0.0000,0.3142,0.2352,2.9187,2.0629,0.8701,0.3123,,,
31.3119,10,3,13.3532,44.6642,converged,81437.86,49964.64,0.6774,8.68,0.0000,0.0752,0.0479,,,,,,,
28.6446,10,3,11.4026,40.0467,converged,81439.76,49966.15,0.6674,8.67,0.0000,0.1656,0.0785,,,,,,,
54.9977,6,6,36.2159,91.2129,completed,81439.76,49966.15,0.6674,8.67,0.0000,0.0501,0.2193,3.1575,0.9760,0.4778,,,,
57.7491,6,6,30.8393,88.5883,completed,81441.46,49967.48,0.6577,8.65,0.0000,0.5267,0.3585,5.1734,1.7893,0.8173,,,,
21.0973,10,10,45.0993,66.1963,completed,81441.46,49967.48,0.6577,8.65,0.0000,0.1632,0.1706,0.2471,0.1707,1.2397,0.3919,0.2297,0.1939,0.1632
59.5178,5,5,22.4471,81.9641,completed,81443.51,49969.06,0.6495,8.64,0.0000,2.0106,4.3517,2.0984,0.7459,,,,,
26.5131,10,3,11.6479,38.1610,converged,81443.51,49969.06,0.6495,8.64,0.0000,0.0626,0.0757,,,,,,,
54.7681,6,6,26.0983,80.8663,completed,81445.23,49970.36,0.6424,8.62,0.0000,0.1036,0.4476,2.4191,0.8011,0.5286,,,,
23.2591,10,10,37.3729,60.6319,completed,81445.23,49970.36,0.6424,8.62,0.0000,0.1121,0.4197,1.3693,2.2019,2.3467,2.0319,0.5626,0.2264,0.2137
46.9761,7,7,28.6141,75.5901,completed,81447.16,49971.80,0.6348,8.59,0.0000,0.1504,0.1583,1.3430,1.8594,1.3214,0.6544,,,
30.8660,10,10,40.3470,71.2121,completed,81447.16,49971.80,0.6348,8.59,0.0000,0.0914,0.1241,0.3169,0.3934,0.9844,0.7708,0.9083,0.6472,0.3733
40.1361,8,8,32.9262,73.0623,completed,81449.02,49973.17,0.6287,8.57,0.0000,0.1916,0.2618,0.8101,4.3704,1.0632,0.4649,0.2363,,
32.6592,10,10,40.3584,73.0174,completed,81449.02,49973.17,0.6287,8.57,0.0000,0.1816,0.4116,0.5606,0.6355,1.1268,0.7345,0.3615,0.2296,0.1933
41.7476,8,8,40.7030,82.4501,completed,81451.10,49974.67,0.6216,8.54,0.0000,0.1268,0.2076,0.4102,3.0044,1.2099,0.6139,0.3957,,
24.3311,10,10,55.3916,79.7227,completed,81451.10,49974.67,0.6216,8.54,0.0000,0.2116,0.4916,1.4574,2.8484,3.4335,1.9987,1.1893,0.4611,0.1726
34.4359,9,9,40.4693,74.9043,completed,81453.18,49976.15,0.6145,8.52,0.0000,0.0948,0.1823,0.8051,1.9156,1.6134,1.1617,0.5540,0.2604,
33.2413,10,10,41.2938,74.5348,completed,81453.18,49976.15,0.6145,8.52,0.0000,0.5867,1.1630,2.4573,3.4734,5.3147,1.7381,0.6525,0.4353,0.2716
25.4776,10,10,42.7839,68.2609,completed,81455.06,49977.48,0.6105,8.50,0.0000,0.2552,0.4227,0.8397,1.1952,1.7458,1.7359,1.1137,0.5162,0.2652
28.2008,10,10,39.8322,68.0323,completed,81455.06,49977.48,0.6105,8.50,0.0000,0.2455,0.3072,0.1554,0.9872,1.2652,1.4764,0.5443,0.4048,0.2682
28.9616,10,10,41.1530,70.1140,completed,81456.87,49978.74,0.6057,8.49,0.0000,0.2087,0.2766,0.4007,0.8695,1.8693,0.3928,0.5876,0.5637,0.4154
36.8597,9,9,37.8257,74.6847,completed,81456.87,49978.74,0.6057,8.49,0.0000,0.4580,0.9527,1.6484,4.2661,3.6707,0.6959,0.4006,0.4394,
39.2350,9,9,33.1110,72.3460,completed,81458.76,49980.04,0.6013,8.49,0.0000,0.1563,0.3972,0.3158,0.7776,1.5479,0.7349,0.4750,0.4013,
42.4480,8,8,34.9419,77.3899,completed,81458.76,49980.04,0.6013,8.49,0.0000,0.8463,2.1781,5.5321,6.2304,2.2682,0.8272,0.3938,,
50.2705,7,7,37.5203,87.7904,completed,81460.65,49981.33,0.5968,8.49,0.0000,1.6793,5.7975,11.6876,5.7868,2.1836,0.9085,,,
31.8137,10,10,38.9900,70.8030,completed,81460.65,49981.33,0.5968,8.49,0.0000,0.5914,0.7906,1.0501,2.8775,2.3666,2.6397,1.2060,0.5976,0.4339
27.4640,10,10,35.7854,63.2484,completed,81462.76,49982.76,0.5912,8.50,0.0000,0.1296,0.2605,0.9016,2.7072,3.3459,2.0481,1.3858,0.6921,0.2949
21.7036,10,10,37.2013,58.9043,completed,81462.76,49982.76,0.5912,8.50,0.0000,0.2181,0.3907,0.2726,0.4923,2.1850,2.2289,0.4289,0.3159,0.3382
45.4027,8,8,33.2763,78.6783,completed,81464.59,49983.99,0.5842,8.51,0.0000,0.1946,0.3158,1.4231,2.1739,2.0943,1.2095,0.4923,,
36.8957,9,9,32.9616,69.8566,completed,81464.59,49983.99,0.5842,8.51,0.0000,0.5442,1.2580,2.1344,2.3914,2.3844,0.6720,0.7095,0.3860,
58.5063,5,5,21.3299,79.8359,completed,81466.51,49985.25,0.5821,8.52,0.0000,0.3867,1.3862,3.3690,1.7046,,,,,
43.9011,8,8,39.8924,83.7934,completed,81466.51,49985.25,0.5821,8.52,0.0000,0.6416,1.8838,5.2161,4.3757,4.9197,1.6632,0.3618,,
42.5436,8,8,37.0189,79.5619,completed,81468.67,49986.66,0.5757,8.52,0.0000,0.0907,0.2078,0.3264,1.5790,2.0938,1.0141,0.4851,,
23.4318,10,10,61.1994,84.6305,completed,81468.67,49986.66,0.5757,8.52,0.0000,0.4895,1.0347,1.7724,1.7816,1.2782,1.3492,0.8593,0.3606,0.2739
35.5110,9,9,32.8484,68.3595,completed,81470.80,49988.03,0.5667,8.52,0.0000,0.5781,0.9987,1.4349,1.1334,2.6259,1.5225,0.6865,0.4586,
21.4771,10,10,45.6143,67.0913,completed,81470.80,49988.03,0.5667,8.52,0.0000,0.1195,0.3897,0.6260,1.5502,3.4842,1.7639,0.8126,0.4204,0.3131
35.5063,9,9,38.7557,74.2617,completed,81472.73,49989.26,0.5592,8.52,0.0000,0.0764,0.1082,0.1991,0.4210,2.5069,1.2121,0.5450,0.3400,
48.5528,7,7,27.4152,75.9672,completed,81472.73,49989.26,0.5592,8.52,0.0000,1.0209,2.8050,2.1583,3.7248,0.8107,0.6044,,,
59.7174,5,5,19.4887,79.2057,completed,81474.76,49990.52,0.5516,8.51,0.0000,0.5393,1.2195,4.0840,2.5374,,,,,
55.1762,6,6,23.5526,78.7287,completed,81474.76,49990.52,0.5516,8.51,0.0000,0.6550,2.0704,5.5019,1.7961,1.0731,,,,
42.7274,8,8,34.1455,76.8725,completed,81476.79,49991.76,0.5431,8.50,0.0000,0.0990,0.3371,1.7053,1.3492,0.4717,0.3696,0.2011,,
42.0336,8,8,33.0138,75.0468,completed,81476.79,49991.76,0.5431,8.50,0.0000,0.2904,0.5776,1.6816,5.5547,1.5280,0.4639,0.3055,,
20.1323,10,10,37.1715,57.3035,completed,81478.76,49992.94,0.5339,8.50,0.0000,0.1666,0.2946,1.0093,1.8537,1.4040,0.7137,0.5311,0.3238,0.2885
40.5009,8,8,36.7012,77.2012,completed,81478.76,49992.94,0.5339,8.50,0.0000,0.3996,1.2471,2.8890,2.3836,1.6264,0.4518,0.4417,,
20.7131,10,3,12.2110,32.9240,converged,81480.95,49994.23,0.5229,8.48,0.0000,0.0704,0.0675,,,,,,,
24.0406,10,10,53.6092,77.6493,completed,81480.95,49994.23,0.5229,8.48,0.0000,0.1067,0.1354,0.3369,0.7363,2.9850,1.9626,0.9279,0.6780,0.5027
38.5599,9,9,59.2936,97.8526,completed,81482.64,49995.19,0.5137,8.47,0.0000,0.1030,0.2197,0.2060,1.2449,1.5721,1.1602,0.4755,0.3417,
30.1024,10,10,54.8602,84.9623,completed,81482.64,49995.19,0.5137,8.47,0.0000,0.0941,0.1016,0.2523,0.6981,2.4358,1.4431,0.7205,0.5950,0.4701
38.7689,9,9,39.2703,78.0384,completed,81485.15,49996.59,0.5022,8.47,0.0000,0.0507,0.1767,0.5244,1.0389,0.8601,0.9640,0.6402,0.4162,
48.9477,7,7,33.1307,82.0777,completed,81485.15,49996.59,0.5022,8.47,0.0000,0.1794,0.1374,0.6203,2.9858,1.7490,1.0188,,,
22.4229,10,3,13.9018,36.3238,converged,81487.38,49997.79,0.4896,8.47,0.0000,0.0714,0.0995,,,,,,,
23.7208,10,10,42.1487,65.8688,completed,81487.38,49997.79,0.4896,8.47,0.0000,0.8189,1.0251,2.0059,5.6988,16.6789,12.6048,2.9305,0.7543,0.6905
59.4465,5,5,18.5406,77.9867,completed,81489.10,49998.69,0.4807,8.46,0.0000,0.3080,0.6985,1.9320,1.1499,,,,,
51.3163,7,7,30.4191,81.7351,completed,81489.10,49998.69,0.4807,8.46,0.0000,0.9664,2.4108,3.4497,3.1752,1.2450,0.3318,,,
31.2445,10,3,10.0488,41.2929,converged,81491.35,49999.86,0.4693,8.46,0.0000,0.0572,0.0654,,,,,,,
38.8701,9,9,35.2029,74.0729,completed,81491.35,49999.86,0.4693,8.46,0.0000,0.5227,0.7714,0.9780,1.9830,1.4569,0.7339,0.9375,0.8349,
41.1913,8,8,29.1805,70.3716,completed,81493.39,50000.87,0.4541,8.46,0.0000,0.1678,0.2797,0.7959,0.6584,1.3200,0.8901,0.4454,,
50.6694,7,7,27.1560,77.8250,completed,81493.39,50000.87,0.4541,8.46,0.0000,1.0964,1.5020,2.0120,1.5202,0.2719,0.4978,,,
39.9580,9,9,39.0291,78.9861,completed,81495.52,50001.91,0.4453,8.45,0.0000,0.2096,0.4649,1.4165,2.6843,1.6133,1.0653,1.0191,0.6041,
35.3326,9,9,40.6856,76.0176,completed,81495.52,50001.91,0.4453,8.45,0.0000,0.9545,1.2310,0.5712,1.1962,0.5489,0.8681,0.5721,0.3713,
32.2454,10,10,46.6772,78.9222,completed,81497.60,50002.88,0.4316,8.44,0.0000,0.1379,0.3441,0.9724,2.5379,1.8641,0.6205,0.8896,0.8761,0.7708
51.1153,7,7,26.6340,77.7491,completed,81497.60,50002.88,0.4316,8.44,0.0000,1.4248,1.5861,2.0342,1.7560,1.0082,1.1462,,,
42.5932,8,3,10.1244,52.7175,converged,81499.63,50003.81,0.4191,8.44,0.0000,0.1451,0.0865,,,,,,,
49.2173,7,7,28.2179,77.4349,completed,81499.63,50003.81,0.4191,8.44,0.0000,1.2598,1.5198,1.4505,0.6412,0.4776,0.4805,,,
36.0080,9,3,12.2830,48.2910,converged,81501.67,50004.71,0.4087,8.43,0.0000,0.0821,0.0678,,,,,,,
35.0353,9,9,40.6009,75.6359,completed,81502.59,50005.11,0.4054,8.43,0.0000,0.1758,0.3427,0.5953,3.1557,1.8861,1.0030,1.0469,0.8442,
30.2573,10,10,43.8854,74.1424,completed,81502.59,50005.11,0.4054,8.43,0.0000,0.1414,0.2212,0.6097,2.1619,1.7833,0.8676,0.7277,0.6962,0.5595
27.1200,10,10,45.8369,72.9569,completed,81504.76,50006.04,0.3959,8.42,0.0000,0.1478,0.2542,0.6583,3.1068,2.8322,0.6939,0.8484,0.6935,0.4659
50.1924,7,7,29.5978,79.7898,completed,81504.76,50006.04,0.3959,8.42,0.0000,0.3153,0.9489,2.9278,2.6436,1.7260,1.0767,,,
29.5579,10,10,44.7684,74.3254,completed,81506.59,50006.80,0.3886,8.41,0.0000,0.3658,0.5158,0.6817,2.7023,2.9245,0.8284,0.9777,1.0946,0.8660
33.7605,10,10,41.3216,75.0817,completed,81506.59,50006.80,0.3886,8.41,0.0000,0.2259,0.3505,1.2334,0.5577,1.0500,1.2890,0.8594,0.5411,0.4435
56.7284,6,6,26.2025,82.9305,completed,81509.04,50007.79,0.3737,8.40,0.0000,0.3374,0.8998,2.8440,0.6837,0.5800,,,,
57.4016,6,6,35.5814,92.9825,completed,81509.04,50007.79,0.3737,8.40,0.0000,0.2858,0.5205,1.0394,1.2125,1.0656,,,,
29.0860,10,10,43.3338,72.4198,completed,81511.39,50008.69,0.3603,8.40,0.0000,0.4661,0.6489,1.1843,3.0579,7.5184,5.5449,2.2914,1.0586,0.5838
45.8704,8,8,39.9702,85.8402,completed,81511.39,50008.69,0.3603,8.40,0.0000,0.6385,0.2350,1.1309,3.1866,1.1560,0.2375,0.3004,,
27.2300,10,10,43.7721,71.0012,completed,81513.75,50009.56,0.3458,8.40,0.0000,0.2665,0.1299,0.3909,1.3584,1.5070,0.7653,0.5413,0.9197,0.7644
29.6621,10,10,52.7246,82.3866,completed,81513.75,50009.56,0.3458,8.40,0.0000,0.5330,0.4807,0.6437,2.1725,5.3597,3.4860,1.1583,0.4857,0.3227
32.7511,10,10,42.2742,75.0252,completed,81515.88,50010.31,0.3322,8.39,0.0000,0.2235,0.2186,0.6890,1.4385,2.3614,1.9348,0.5894,0.3390,0.5782
24.7464,10,10,37.3427,62.0887,completed,81515.88,50010.31,0.3322,8.39,0.0000,0.4607,0.1096,1.8910,2.9350,2.9357,1.4986,0.1660,0.3645,0.4221
57.7385,6,6,31.5122,89.2502,completed,81518.10,50011.07,0.3222,8.38,0.0000,0.3471,2.1827,3.9187,2.2185,0.8749,,,,
26.0030,10,10,43.0334,69.0364,completed,81518.10,50011.07,0.3222,8.38,0.0000,0.3584,0.1195,1.6058,4.9615,6.2025,2.7791,0.5431,0.1847,0.1685
46.8890,7,7,35.6843,82.5723,completed,81520.48,50011.86,0.3085,8.37,0.0000,0.0864,0.3216,2.6647,2.0109,0.8104,0.3863,,,
56.9070,6,6,32.9118,89.8189,completed,81520.48,50011.86,0.3085,8.37,0.0000,0.1692,2.2053,6.5078,2.7146,0.9690,,,,
48.1653,7,3,14.8258,62.9909,converged,81523.04,50012.66,0.2936,8.39,0.0000,0.0876,0.0999,,,,,,,
34.2375,9,9,39.9525,74.1895,completed,81523.04,50012.66,0.2936,8.39,0.0000,0.1262,0.1151,0.2269,1.4088,1.5292,1.1324,1.2224,0.6453,
35.3633,9,9,44.3414,79.7044,completed,81525.29,50013.32,0.2817,8.41,0.0000,0.3017,0.5305,0.6194,1.1677,1.3888,0.9795,0.8693,0.5786,
35.7796,9,9,36.1808,71.9598,completed,81525.29,50013.32,0.2817,8.41,0.0000,0.3257,0.4313,0.1540,1.2290,0.9520,0.2564,0.3837,0.3676,
28.3759,10,10,38.8725,67.2475,completed,81527.72,50014.01,0.2713,8.42,0.0000,0.2456,0.4171,0.5155,0.6725,1.8994,0.2204,0.7122,0.6952,0.4714
46.5303,7,7,26.6018,73.1319,completed,81527.72,50014.01,0.2713,8.42,0.0000,0.3709,0.2283,1.0435,2.0914,1.1948,0.7604,,,
20.5066,10,10,39.2368,59.7428,completed,81529.74,50014.56,0.2593,8.42,0.0000,0.1647,0.2854,0.4953,0.9282,1.7257,1.5193,0.5620,0.2387,0.2896
55.8612,6,6,27.1027,82.9638,completed,81529.74,50014.56,0.2593,8.42,0.0000,0.2363,0.1766,0.8676,1.0688,0.8567,,,,
42.0962,8,8,30.9947,73.0907,completed,81532.18,50015.20,0.2494,8.41,0.0000,0.2617,0.5021,0.2637,1.1203,1.2925,0.5584,0.3804,,
29.6323,10,10,46.0481,75.6801,completed,81532.18,50015.20,0.2494,8.41,0.0000,0.2827,0.5021,0.5907,0.4380,0.6621,0.8151,0.9409,0.7216,0.4295
37.5416,9,3,11.0001,48.5411,converged,81534.52,50015.79,0.2408,8.41,0.0000,0.0500,0.0361,,,,,,,
22.1894,10,10,36.3908,58.5799,completed,81534.52,50015.79,0.2408,8.41,0.0000,0.1310,0.1486,0.1525,0.3365,0.5901,0.8316,0.4265,0.3347,0.2273
27.0118,10,3,12.1941,39.2051,converged,81536.27,50016.21,0.2339,8.41,0.0000,0.0633,0.0379,,,,,,,
32.5425,10,10,37.3093,69.8513,completed,81536.27,50016.21,0.2339,8.41,0.0000,0.1235,0.1449,0.1268,0.4602,2.2954,3.4667,2.7177,1.4383,0.6595
54.1302,6,6,23.8500,77.9800,completed,81538.47,50016.73,0.2280,8.40,0.0000,0.0369,0.6581,1.1007,0.7353,0.2794,,,,
36.0747,9,3,10.6577,46.7317,converged,81538.47,50016.73,0.2280,8.40,0.0000,0.0715,0.0781,,,,,,,
20.2755,10,3,10.1630,30.4380,converged,81540.61,50017.22,0.2231,8.42,0.0000,0.0844,0.0556,,,,,,,
45.8033,8,4,14.1471,59.9501,converged,81540.61,50017.22,0.2231,8.42,0.0000,0.0732,0.1345,0.0392,,,,,,
35.2768,9,9,43.0093,78.2853,completed,81542.41,50017.64,0.2175,8.42,0.0000,0.0696,0.1031,0.7018,1.4866,1.3452,0.7113,0.2717,0.1591,
26.9002,10,3,11.5574,38.4575,converged,81542.41,50017.64,0.2175,8.42,0.0000,0.0627,0.0941,,,,,,,
57.2455,6,6,24.3962,81.6413,converged,81544.21,50018.03,0.2145,8.36,0.0000,0.0725,0.2623,1.3286,0.3536,0.0965,,,,
34.4797,9,3,12.8053,47.2843,converged,81544.21,50018.03,0.2145,8.36,0.0000,0.1100,0.0959,,,,,,,
58.8440,5,5,25.0982,83.9412,completed,81546.50,50018.53,0.2093,8.36,0.0000,0.1322,0.2154,2.5245,1.5954,,,,,
44.9291,8,8,39.8559,84.7849,completed,81546.50,50018.53,0.2093,8.36,0.0000,0.1083,0.3465,0.1597,0.1694,0.4680,0.5130,0.4021,,
52.6326,6,6,29.7385,82.3706,completed,81548.96,50019.04,0.2045,8.35,0.0000,0.0686,0.1522,1.4231,0.7118,0.3842,,,,
21.6331,10,10,40.4481,62.0811,completed,81548.96,50019.04,0.2045,8.35,0.0000,0.2245,0.3511,0.4550,1.0956,0.4948,0.5066,0.5919,0.5238,0.3298
21.6607,10,10,43.4385,65.0985,completed,81551.25,50019.51,0.1979,8.34,0.0000,0.0662,0.1469,0.2378,0.3469,0.2289,0.8283,0.9824,0.7811,0.4468
24.5272,10,10,41.8243,66.3513,completed,81551.25,50019.51,0.1979,8.34,0.0000,0.2346,0.2972,0.2192,0.2803,1.0799,1.3528,0.9214,0.6319,0.3259
25.1504,10,3,9.9746,35.1246,converged,81553.63,50019.98,0.1924,8.33,0.0000,0.0763,0.0746,,,,,,,
48.3318,7,7,26.6401,74.9711,completed,81553.63,50019.98,0.1924,8.33,0.0000,0.3153,0.4063,0.9965,0.4522,0.6957,0.5888,,,
39.4525,9,3,13.0625,52.5145,converged,81555.50,50020.34,0.1891,8.33,0.0000,0.0935,0.0964,,,,,,,
37.8601,9,9,33.4403,71.3003,completed,81555.50,50020.34,0.1891,8.33,0.0000,0.1060,0.1130,0.4345,1.1862,0.4263,0.7178,0.5175,0.3314,
50.9792,7,7,25.0176,75.9967,completed,81557.55,50020.73,0.1869,8.34,0.0000,0.0795,0.1383,0.6457,1.0470,0.6219,0.3656,,,
28.1398,10,3,10.5334,38.6725,converged,81557.55,50020.73,0.1869,8.34,0.0000,0.0576,0.0862,,,,,,,
22.2431,10,3,14.3116,36.5547,converged,81559.60,50021.12,0.1848,8.33,0.0000,0.0354,0.0118,,,,,,,
53.1832,6,6,26.0224,79.2054,completed,81559.60,50021.12,0.1848,8.33,0.0000,0.2391,0.3593,0.7493,1.1818,1.1269,,,,
45.3219,8,8,30.0514,75.3725,completed,81561.64,50021.50,0.1829,8.33,0.0000,0.1324,0.1523,0.2172,1.4592,2.2040,1.6438,0.8128,,
48.4388,7,7,35.7513,84.1893,completed,81561.64,50021.50,0.1829,8.33,0.0000,0.1360,0.4019,1.1782,0.5826,0.5043,0.3773,,,
37.1991,9,3,10.4156,47.6663,converged,81564.10,50021.96,0.1818,8.35,0.0000,0.0691,0.0271,,,,,,,
56.1049,6,6,34.5252,90.6292,completed,81564.10,50021.96,0.1818,8.35,0.0000,0.0526,0.4195,2.6512,0.9473,0.5723,,,,
32.6763,10,3,11.3788,44.0548,converged,81566.47,50022.39,0.1803,8.38,0.0000,0.0619,0.0277,,,,,,,
27.8484,10,3,9.2451,37.0932,converged,81566.47,50022.39,0.1803,8.38,0.0000,0.0124,0.0738,,,,,,,
30.8124,10,3,12.7587,43.5707,converged,81568.22,50022.72,0.1803,8.39,0.0000,0.0564,0.0556,,,,,,,
42.8374,8,3,10.4089,53.2459,converged,81568.22,50022.72,0.1803,8.39,0.0000,0.0562,0.0313,,,,,,,
36.1712,9,3,11.8496,48.0206,converged,81570.29,50023.09,0.1794,8.40,0.0000,0.0610,0.0083,,,,,,,
50.9984,7,6,21.3023,72.3004,converged,81570.29,50023.09,0.1794,8.40,0.0000,0.0264,0.1291,0.4955,0.6204,0.0970,,,,
24.1897,10,3,13.9926,38.1817,converged,81572.35,50023.47,0.1793,8.40,0.0000,0.0442,0.0358,,,,,,,
20.1175,10,3,16.2816,36.3987,converged,81572.35,50023.47,0.1793,8.40,0.0000,0.0583,0.0728,,,,,,,
20.8634,10,3,13.7612,34.6243,converged,81574.01,50023.77,0.1795,8.40,0.0000,0.0271,0.0175,,,,,,,
25.9229,10,3,11.1710,37.0930,converged,81574.01,50023.77,0.1795,8.40,0.0000,0.0157,0.0598,,,,,,,
48.5863,7,7,26.6327,75.2188,completed,81575.66,50024.06,0.1794,8.40,0.0000,0.0306,0.1349,1.2134,0.1707,0.7052,0.5388,,,
25.4071,10,10,39.4768,64.8838,completed,81575.66,50024.06,0.1794,8.40,0.0000,0.0534,0.1372,0.4919,1.4973,1.9955,0.4739,0.3912,0.1759,0.2116
50.8525,7,7,28.3478,79.1999,completed,81577.90,50024.46,0.1791,8.40,0.0000,0.0466,0.2275,1.9869,1.3734,0.8658,0.1491,,,
27.8187,10,10,35.8311,63.6492,completed,81577.90,50024.46,0.1791,8.40,0.0000,0.0555,0.1109,0.3413,0.9134,1.8949,0.2836,0.2665,0.2088,0.1712
53.0507,6,6,24.2856,77.3356,completed,81580.22,50024.88,0.1794,8.39,0.0000,0.0338,0.2340,1.0705,0.5036,0.5244,,,,
44.0424,8,8,35.3948,79.4368,completed,81580.22,50024.88,0.1794,8.39,0.0000,0.1464,0.4855,2.0783,2.9794,1.5128,0.7731,0.2767,,
22.7861,10,3,10.3477,33.1337,converged,81582.58,50025.31,0.1794,8.29,0.0000,0.0133,0.0182,,,,,,,
42.6738,8,8,35.8052,78.4782,completed,81582.58,50025.31,0.1794,8.29,0.0000,0.1123,0.2625,1.3944,2.3751,0.4083,0.2708,0.1944,,
39.4489,9,3,14.5798,54.0279,converged,81584.48,50025.66,0.1798,8.23,0.0000,0.0296,0.0671,,,,,,,
38.3194,9,3,11.4983,49.8173,converged,81584.48,50025.66,0.1798,8.23,0.0000,0.0592,0.0928,,,,,,,
36.3558,9,3,11.8685,48.2235,converged,81586.59,50026.05,0.1800,8.24,0.0000,0.0139,0.0264,,,,,,,
26.0656,10,3,14.3472,40.4122,converged,81586.59,50026.05,0.1800,8.24,0.0000,0.0531,0.0701,,,,,,,
23.4693,10,3,18.2811,41.7501,converged,81588.38,50026.38,0.1802,8.26,0.0000,0.0360,0.0574,,,,,,,
33.5012,10,3,18.1987,51.6997,converged,81588.38,50026.38,0.1802,8.26,0.0000,0.0567,0.0703,,,,,,,
22.0966,10,3,10.7809,32.8770,converged,81590.19,50026.71,0.1804,8.28,0.0000,0.0511,0.0894,,,,,,,
43.0541,8,8,34.8621,77.9161,completed,81590.99,50026.85,0.1805,8.28,0.0000,0.1608,0.3002,0.7972,1.8837,0.6101,0.4691,0.3393,,
31.1391,10,3,10.4568,41.5958,converged,81590.99,50026.85,0.1805,8.28,0.0000,0.0661,0.0745,,,,,,,
24.3896,10,10,41.1099,65.4990,completed,81593.11,50027.23,0.1808,8.30,0.0000,0.1207,0.1854,0.1557,0.4066,0.6326,1.2031,1.0872,0.6910,0.3371
27.2682,10,10,41.4321,68.7002,completed,81593.11,50027.23,0.1808,8.30,0.0000,0.0880,0.1088,0.1393,0.7485,1.1475,0.6510,0.6474,0.4747,0.3119
56.5550,6,6,22.8834,79.4374,completed,81595.32,50027.63,0.1811,8.32,0.0000,0.1512,0.2438,1.4743,0.4790,0.6474,,,,
26.0829,10,3,9.2454,35.3274,converged,81595.32,50027.63,0.1811,8.32,0.0000,0.0632,0.0804,,,,,,,
36.3237,9,3,12.0227,48.3457,converged,81597.21,50027.98,0.1815,8.32,0.0000,0.0619,0.0473,,,,,,,
34.6435,9,3,12.9008,47.5438,converged,81597.21,50027.98,0.1815,8.32,0.0000,0.0693,0.0961,,,,,,,
25.9582,10,3,16.3190,42.2771,converged,81599.01,50028.31,0.1814,8.33,0.0000,0.0620,0.0804,,,,,,,
38.2157,9,9,40.0475,78.2625,completed,81599.01,50028.31,0.1814,8.33,0.0000,0.1320,0.1602,0.2417,1.6260,0.1187,0.6094,0.4673,0.4218,
34.9010,9,3,13.7406,48.6407,converged,81601.09,50028.69,0.1827,8.34,0.0000,0.0684,0.0804,,,,,,,
20.8614,10,10,34.6661,55.5272,completed,81601.09,50028.69,0.1827,8.34,0.0000,0.0366,0.1046,0.4860,2.2831,2.7318,0.7490,0.2243,0.2088,0.2436
23.4315,10,3,10.3202,33.7513,converged,81602.94,50029.03,0.1831,8.34,0.0000,0.0455,0.0455,,,,,,,
55.0722,6,6,25.2769,80.3489,completed,81602.94,50029.03,0.1831,8.34,0.0000,0.1064,0.2085,2.3037,0.6077,0.1286,,,,
34.7941,9,3,9.6554,44.4494,converged,81604.91,50029.40,0.1829,8.35,0.0000,0.0725,0.0842,,,,,,,
42.1360,8,3,13.6111,55.7461,converged,81604.91,50029.40,0.1829,8.35,0.0000,0.1272,0.0580,,,,,,,
46.6079,7,7,36.4364,83.0435,completed,81607.05,50029.79,0.1839,8.35,0.0000,0.1299,0.2255,0.6816,0.5369,0.8292,0.6750,,,
48.0800,7,7,39.5063,87.5853,completed,81607.05,50029.79,0.1839,8.35,0.0000,0.2698,0.3531,0.8434,1.2168,0.6147,0.7228,,,
34.4907,9,9,43.7548,78.2449,completed,81609.68,50030.28,0.1852,8.36,0.0000,0.1468,0.1579,0.5010,1.2013,0.6150,0.8561,0.3189,0.1671,
55.9360,6,3,9.5350,65.4711,converged,81609.68,50030.28,0.1852,8.36,0.0000,0.1221,0.0369,,,,,,,
23.5061,10,10,46.3002,69.8062,completed,81611.89,50030.70,0.1864,8.27,0.0000,0.3110,0.8844,4.2145,10.5674,6.0320,4.9075,2.5284,0.8309,0.3524
43.1630,8,8,33.0006,76.1626,completed,81611.89,50030.70,0.1864,8.27,0.0000,0.3867,0.3860,0.6676,1.1870,1.1996,1.0243,0.4411,,
39.0965,9,3,9.5458,48.6419,converged,81614.39,50031.17,0.1874,8.21,0.0000,0.0731,0.0532,,,,,,,
34.9616,9,9,48.9432,83.9042,completed,81614.39,50031.17,0.1874,8.21,0.0000,0.2464,0.2121,0.1965,0.2001,0.1737,0.3517,0.3590,0.3247,
22.7556,10,5,24.4763,47.2313,converged,81616.58,50031.58,0.1876,8.24,0.0000,0.0140,0.1420,0.2416,0.0825,,,,,
49.6143,7,7,30.9778,80.5918,completed,81616.58,50031.58,0.1876,8.24,0.0000,0.3136,0.2793,0.4750,0.2958,0.3015,0.3478,,,
22.5602,10,9,34.8827,57.4427,converged,81618.61,50031.97,0.1884,8.27,0.0000,0.3012,0.3766,0.2793,0.2597,0.7333,0.1533,0.1733,0.0968,
49.4139,7,7,36.2347,85.6477,completed,81618.61,50031.97,0.1884,8.27,0.0000,0.1770,0.2588,0.2578,1.1753,0.7506,0.3698,,,
21.5557,10,3,10.9451,32.5002,converged,81620.56,50032.34,0.1885,8.30,0.0000,0.0541,0.0583,,,,,,,
52.9405,6,6,21.8838,74.8238,completed,81620.56,50032.34,0.1885,8.30,0.0000,0.0702,0.3529,1.5613,2.2777,1.5267,,,,
46.9761,7,7,42.5496,89.5256,completed,81622.70,50032.74,0.1888,8.33,0.0000,0.0728,0.2906,0.9147,1.4234,0.8033,0.3447,,,
30.5650,10,3,10.1400,40.7050,converged,81622.70,50032.74,0.1888,8.33,0.0000,0.0504,0.0300,,,,,,,
58.8288,5,5,19.0137,77.8417,completed,81624.75,50033.13,0.1889,8.35,0.0000,0.1397,0.4194,0.7916,0.3378,,,,,
49.6007,7,7,37.1732,86.7732,completed,81624.75,50033.13,0.1889,8.35,0.0000,0.0280,0.1211,0.5985,0.3917,0.8581,0.5763,,,
42.9371,8,8,40.6658,83.6029,completed,81627.14,50033.58,0.1892,8.37,0.0000,0.0487,0.4119,1.5911,2.6658,1.6241,1.0413,0.2431,,
34.4248,9,3,11.3811,45.8052,converged,81627.14,50033.58,0.1892,8.37,0.0000,0.0205,0.0311,,,,,,,
26.9755,10,3,12.0096,38.9846,converged,81629.12,50033.96,0.1899,8.38,0.0000,0.1619,0.0463,,,,,,,
37.5339,9,3,9.2885,46.8215,converged,81629.12,50033.96,0.1899,8.38,0.0000,0.0540,0.0399,,,,,,,
36.4908,9,9,40.3773,76.8673,completed,81630.94,50034.31,0.1902,8.38,0.0000,0.1795,0.4267,0.8932,3.9593,2.0407,0.3363,0.1642,0.1156,
20.3364,10,3,12.0390,32.3750,converged,81630.94,50034.31,0.1902,8.38,0.0000,0.0327,0.0271,,,,,,,
53.7678,6,6,26.4133,80.1803,completed,81632.96,50034.69,0.1906,8.39,0.0000,0.5048,1.3958,5.2355,1.5985,1.0998,,,,
58.9653,5,5,24.4627,83.4277,completed,81632.96,50034.69,0.1906,8.39,0.0000,0.2142,0.8749,2.7175,1.2900,,,,,
37.6178,9,3,9.4776,47.0946,converged,81635.47,50035.18,0.1910,8.39,0.0000,0.0815,0.0926,,,,,,,
53.5148,6,6,26.2665,79.7805,completed,81635.47,50035.18,0.1910,8.39,0.0000,0.3029,0.5605,2.4147,1.2514,0.5834,,,,
26.3218,10,10,40.1342,66.4553,converged,81637.53,50035.57,0.1910,8.39,0.0000,0.0703,0.1397,0.1257,0.4683,1.0868,0.9349,0.6196,0.2048,0.0574
39.0070,9,9,31.8966,70.9026,completed,81637.53,50035.57,0.1910,8.39,0.0000,0.1449,0.3287,0.4528,1.0441,1.5586,1.4608,0.8246,0.3072,
55.4755,6,3,12.4641,67.9391,converged,81639.83,50036.02,0.1913,8.38,0.0000,0.1374,0.0993,,,,,,,
59.0457,5,5,31.6865,90.7315,completed,81639.83,50036.02,0.1913,8.38,0.0000,0.1435,0.6956,0.7364,0.8388,,,,,
24.8685,10,10,55.6581,80.5261,converged,81642.46,50036.54,0.1919,8.37,0.0000,0.1236,0.1951,0.1058,0.5918,2.0204,1.0026,0.4767,0.1789,0.0734
54.3231,6,3,9.9645,64.2875,converged,81642.46,50036.54,0.1919,8.37,0.0000,0.0625,0.0689,,,,,,,
21.6028,10,3,15.0228,36.6248,converged,81644.92,50037.02,0.1918,8.36,0.0000,0.0358,0.0694,,,,,,,
52.7200,6,6,24.4233,77.1433,completed,81644.92,50037.02,0.1918,8.36,0.0000,0.0301,0.1527,0.2771,0.6862,0.6377,,,,
55.9384,6,6,24.1356,80.0736,completed,81646.73,50037.37,0.1917,8.36,0.0000,0.2600,0.5458,1.7181,0.3325,0.2705,,,,
45.6404,8,3,11.3083,56.9483,converged,81646.73,50037.37,0.1917,8.36,0.0000,0.0179,0.0414,,,,,,,
55.9230,6,6,28.5154,84.4375,completed,81649.03,50037.81,0.1913,8.36,0.0000,0.1721,0.5575,1.1749,0.7463,0.5477,,,,
49.9046,7,7,26.7176,76.6216,completed,81649.03,50037.81,0.1913,8.36,0.0000,0.2310,0.1989,0.6295,1.1169,0.6809,0.2903,,,
45.9225,8,8,32.4451,78.3671,completed,81651.49,50038.28,0.1913,8.36,0.0000,0.0839,0.1820,0.6758,1.8881,1.3428,0.9146,0.2176,,
25.5984,10,3,12.5275,38.1256,converged,81651.49,50038.28,0.1913,8.36,0.0000,0.0881,0.0796,,,,,,,
36.2558,9,9,38.5139,74.7689,completed,81653.29,50038.63,0.1912,8.35,0.0000,0.2025,0.2642,0.3341,1.1788,1.1436,0.4593,0.6145,0.4177,
45.9388,8,8,46.4378,92.3759,completed,81653.29,50038.63,0.1912,8.35,0.0000,0.1796,0.2402,0.3304,1.2781,1.2421,0.5806,0.1873,,
33.7964,10,3,9.5622,43.3582,converged,81655.75,50039.11,0.1912,8.35,0.0000,0.0304,0.0495,,,,,,,
32.0274,10,3,14.8486,46.8757,converged,81655.75,50039.11,0.1912,8.35,0.0000,0.0499,0.0652,,,,,,,
28.9505,10,10,41.0956,70.0456,completed,81657.64,50039.48,0.1911,8.35,0.0000,0.1906,0.2576,0.3402,0.6316,1.0911,0.9551,0.5375,0.2290,0.2649
56.2684,6,6,29.4874,85.7555,completed,81657.64,50039.48,0.1911,8.35,0.0000,0.1626,0.1039,1.9642,0.7908,0.6828,,,,
31.0115,10,10,42.8105,73.8216,completed,81659.85,50039.91,0.1906,8.35,0.0000,0.0948,0.1940,0.3852,1.0234,1.3985,0.8173,0.3975,0.1853,0.1987
34.7491,9,9,33.0949,67.8439,completed,81659.85,50039.91,0.1906,8.35,0.0000,0.2142,0.3370,0.3732,0.8284,0.9886,0.7578,0.3410,0.1290,
52.8005,6,6,25.7916,78.5917,completed,81661.98,50040.32,0.1906,8.35,0.0000,0.1283,0.6527,2.2971,0.5650,0.2311,,,,
38.6776,9,9,33.8752,72.5523,completed,81661.98,50040.32,0.1906,8.35,0.0000,0.1817,0.2567,0.2435,0.6320,0.8373,0.7386,0.2241,0.1082,
40.2768,8,8,25.7784,66.0545,converged,81664.19,50040.75,0.1901,8.35,0.0000,0.2703,0.4169,0.6710,1.1549,0.8064,0.2674,0.0651,,
58.1399,5,5,26.3228,84.4618,completed,81664.19,50040.75,0.1901,8.35,0.0000,0.5283,0.8565,1.5771,0.5621,,,,,
59.5559,5,5,21.6035,81.1585,completed,81666.65,50041.23,0.1901,8.34,0.0000,0.4178,0.9683,1.3819,0.4638,,,,,
43.4526,8,3,9.4608,52.9129,converged,81666.65,50041.23,0.1901,8.34,0.0000,0.0476,0.0586,,,,,,,
28.1936,10,10,33.7535,61.9466,converged,81668.86,50041.65,0.1894,8.33,0.0000,0.0925,0.1437,0.1515,0.4584,1.2498,0.9756,0.3178,0.1122,0.0867
29.4637,10,3,9.5386,39.0016,converged,81668.86,50041.65,0.1894,8.33,0.0000,0.0610,0.0790,,,,,,,
47.4119,7,3,10.0637,57.4748,converged,81670.74,50042.01,0.1895,8.34,0.0000,0.0912,0.0754,,,,,,,
29.3165,10,10,40.8969,70.2129,completed,81670.74,50042.01,0.1895,8.34,0.0000,0.1341,0.2006,0.1445,0.6565,1.1665,0.5467,0.3345,0.1238,0.1080
20.9461,10,10,41.9829,62.9290,completed,81672.95,50042.43,0.1886,8.34,0.0000,0.1403,0.2487,0.2980,0.6641,1.4369,0.8721,0.4739,0.2102,0.2977
52.4379,6,6,26.6413,79.0784,completed,81672.95,50042.43,0.1886,8.34,0.0000,0.2577,0.2608,1.8431,0.9837,0.4984,,,,
34.7416,9,9,46.0517,80.7927,completed,81675.40,50042.90,0.1875,8.34,0.0000,0.1055,0.1837,0.1106,1.1540,1.0206,0.3164,0.2345,0.1561,
34.0000,9,9,52.0772,86.0772,completed,81675.40,50042.90,0.1875,8.34,0.0000,0.2478,0.4808,0.7409,1.5149,1.1016,0.7346,0.2640,0.2626,
59.9233,5,5,27.6769,87.6000,completed,81677.86,50043.36,0.1871,8.34,0.0000,0.1973,0.4680,1.9475,0.8801,,,,,
32.1089,10,10,49.0877,81.1957,completed,81677.86,50043.36,0.1871,8.34,0.0000,0.1181,0.1895,0.1542,0.2949,1.0674,1.1283,0.5058,0.2516,0.2041
21.5263,10,4,15.4279,36.9539,converged,81680.57,50043.87,0.1845,8.34,0.0000,0.1349,0.1854,0.0496,,,,,,
23.9085,10,3,10.9078,34.8159,converged,81680.57,50043.87,0.1845,8.34,0.0000,0.1178,0.0957,,,,,,,
25.9459,10,4,19.4559,45.4010,converged,81682.16,50044.17,0.1834,8.34,0.0000,0.1150,0.1417,0.0697,,,,,,
38.4926,9,9,43.7952,82.2873,completed,81682.16,50044.17,0.1834,8.34,0.0000,0.0452,0.1413,0.9081,1.8252,0.7636,1.0061,0.4281,0.1755,
57.3541,6,6,38.7639,96.1180,completed,81684.26,50044.56,0.1823,8.34,0.0000,0.1820,0.1589,0.4594,0.3398,0.2736,,,,
59.5296,5,5,29.7487,89.2777,completed,81684.26,50044.56,0.1823,8.34,0.0000,0.3281,0.5021,0.4821,0.4945,,,,,
42.4141,8,3,11.8491,54.2631,converged,81686.87,50045.05,0.1821,8.20,0.0000,0.1141,0.0907,,,,,,,
58.0334,5,5,20.9534,78.9864,completed,81686.87,50045.05,0.1821,8.20,0.0000,0.0937,1.0657,0.3087,0.3689,,,,,
22.7942,10,3,15.8781,38.6721,converged,81688.61,50045.36,0.1789,8.13,0.0000,0.0658,0.0704,,,,,,,
23.4750,10,3,10.2345,33.7096,converged,81688.61,50045.36,0.1789,8.13,0.0000,0.0606,0.0843,,,,,,,
41.0076,8,8,40.7927,81.7997,completed,81690.31,50045.67,0.1781,8.12,0.0000,0.0459,0.2279,0.6750,0.2600,0.2852,0.2972,0.3394,,
51.1776,7,3,13.8634,65.0404,converged,81690.31,50045.67,0.1781,8.12,0.0000,0.2206,0.0907,,,,,,,
58.0507,5,5,20.4114,78.4614,completed,81692.87,50046.13,0.1752,8.01,0.0000,0.0719,0.7294,0.4275,0.4651,,,,,
35.6715,9,9,52.9747,88.6458,completed,81692.87,50046.13,0.1752,8.01,0.0000,0.0713,0.1170,0.5358,0.8177,0.4118,0.6231,0.4393,0.2404,
35.7146,9,3,13.4277,49.1418,converged,81694.93,50046.49,0.1725,7.74,0.0000,0.0805,0.0695,,,,,,,
36.5648,9,3,11.6989,48.2629,converged,81694.93,50046.49,0.1725,7.74,0.0000,0.1099,0.0709,,,,,,,
24.0645,10,3,14.0313,38.0953,converged,81696.88,50046.83,0.1683,7.42,0.0000,0.0561,0.0284,,,,,,,
30.4647,10,3,15.5707,46.0347,converged,81696.88,50046.83,0.1683,7.42,0.0000,0.0649,0.0230,,,,,,,
41.0337,8,3,10.4051,51.4381,converged,81698.45,50047.10,0.1675,7.12,0.0000,0.1125,0.0398,,,,,,,
46.3829,7,7,25.8654,72.2475,completed,81698.45,50047.10,0.1675,7.12,0.0000,0.2533,0.1926,0.2399,1.2870,0.9689,0.3087,,,
28.8410,10,3,10.1283,38.9694,converged,81700.03,50047.37,0.1700,6.86,0.0000,0.1018,0.0753,,,,,,,
37.3668,9,3,9.5679,46.9339,converged,81700.03,50047.37,0.1700,6.86,0.0000,0.1375,0.0948,,,,,,,
22.7041,10,10,39.9172,62.6212,completed,81701.69,50047.66,0.1721,6.64,0.0000,0.1493,0.1336,0.1606,0.6351,0.3168,0.3803,0.8993,0.5982,0.3135
49.8574,7,3,13.0442,62.9012,converged,81701.69,50047.66,0.1721,6.64,0.0000,0.1874,0.0498,,,,,,,
34.9518,9,4,18.3773,53.3283,converged,81703.30,50047.94,0.1738,6.46,0.0000,0.1806,0.1616,0.0696,,,,,,
47.4935,7,7,32.7934,80.2864,completed,81703.30,50047.94,0.1738,6.46,0.0000,0.2225,0.1866,0.2727,0.8196,0.4707,0.5254,,,
36.0761,9,3,9.7167,45.7927,converged,81704.86,50048.22,0.1843,6.25,0.0000,0.0698,0.0898,,,,,,,
29.5845,10,3,10.4026,39.9867,converged,81704.86,50048.22,0.1843,6.25,0.0000,0.0451,0.0304,,,,,,,
28.4950,10,10,51.8632,80.3572,completed,81706.06,50048.45,0.1979,6.05,0.0000,0.1904,0.2138,0.1151,0.1997,0.2941,0.3749,0.4407,0.6007,0.4518
24.0586,10,4,18.2834,42.3414,converged,81706.06,50048.45,0.1979,6.05,0.0000,0.1407,0.1389,0.0776,,,,,,
29.8755,10,4,17.6808,47.5558,converged,81707.50,50048.75,0.2144,5.71,0.0000,0.2326,0.2103,0.0757,,,,,,
41.9258,8,3,8.8496,50.7746,converged,81707.50,50048.75,0.2144,5.71,0.0000,0.0995,0.0380,,,,,,,
30.3554,10,4,19.1651,49.5202,converged,81708.85,50049.06,0.2453,5.44,0.0000,0.1342,0.1178,0.0986,,,,,,
31.2284,10,4,19.7969,51.0250,converged,81708.85,50049.06,0.2453,5.44,0.0000,0.1441,0.1336,0.0533,,,,,,
45.4851,8,4,18.1850,63.6700,converged,81709.98,50049.36,0.2755,5.22,0.0000,0.2264,0.1233,0.0894,,,,,,
30.4984,10,3,10.8595,41.3576,converged,81709.98,50049.36,0.2755,5.22,0.0000,0.1190,0.0944,,,,,,,
37.9030,9,9,37.2793,75.1814,completed,81711.34,50049.77,0.3261,4.97,0.0000,0.3278,0.3482,0.3701,0.2883,0.3679,0.4375,0.5371,0.5461,
25.0037,10,10,37.0581,62.0611,completed,81711.34,50049.77,0.3261,4.97,0.0000,0.1825,0.1768,0.1381,0.2409,0.2921,0.3852,0.4967,0.5515,0.4752
20.1564,10,4,12.9073,33.0634,converged,81712.47,50050.19,0.3804,4.76,0.0000,0.1752,0.1445,0.0677,,,,,,
49.1786,7,3,9.6213,58.7993,converged,81712.47,50050.19,0.3804,4.76,0.0000,0.1880,0.0927,,,,,,,
21.6455,10,3,10.2318,31.8769,converged,81713.55,50050.65,0.4458,4.65,0.0000,0.1686,0.0766,,,,,,,
44.0114,8,8,34.8706,78.8817,completed,81713.55,50050.65,0.4458,4.65,0.0000,0.1985,0.1660,0.1851,0.4260,0.3105,0.4012,0.5180,,
40.6789,8,8,33.7809,74.4589,completed,81714.57,50051.17,0.5203,4.50,0.0000,0.2390,0.1802,0.2036,0.2774,0.2364,0.2429,0.4187,,
30.3008,10,3,9.8843,40.1844,converged,81714.57,50051.17,0.5203,4.50,0.0000,0.1381,0.0996,,,,,,,
58.2275,5,5,20.6973,78.9243,completed,81715.50,50051.75,0.6000,4.30,0.0000,0.2733,0.4714,1.4410,0.9177,,,,,
37.0102,9,3,9.3568,46.3668,converged,81715.50,50051.75,0.6000,4.30,0.0000,0.1352,0.0689,,,,,,,
31.5533,10,3,11.7573,43.3103,converged,81716.34,50052.36,0.6733,4.12,0.0000,0.0756,0.0690,,,,,,,
58.6267,5,5,29.4533,88.0794,completed,81716.34,50052.36,0.6733,4.12,0.0000,0.1046,0.2016,0.3826,0.4831,,,,,
41.2232,8,8,30.5644,71.7874,completed,81717.17,50053.06,0.7632,3.98,0.0000,0.0643,0.1692,0.3059,0.8947,1.9226,1.2435,0.6377,,
39.2713,9,3,10.9774,50.2484,converged,81717.17,50053.06,0.7632,3.98,0.0000,0.0500,0.0223,,,,,,,
45.2733,8,8,29.0238,74.2968,completed,81717.93,50053.84,0.8605,3.87,0.0000,0.0727,0.1488,0.2387,0.9090,1.4632,1.0142,0.7022,,
58.6675,5,5,19.7724,78.4394,completed,81717.93,50053.84,0.8605,3.87,0.0000,0.0300,0.2620,0.3801,0.5347,,,,,
54.9079,6,6,31.1684,86.0754,completed,81718.60,50054.68,0.9551,3.86,0.0000,0.0903,0.1932,0.4095,0.2334,0.4702,,,,
48.6601,7,7,34.1238,82.7838,completed,81718.60,50054.68,0.9551,3.86,0.0000,0.1202,0.1994,0.2140,0.8070,1.0141,0.8004,,,
36.8501,9,3,13.0621,49.9121,converged,81719.21,50055.62,1.0556,3.87,0.0000,0.0302,0.0964,,,,,,,
53.6133,6,6,32.3737,85.9867,completed,81719.21,50055.62,1.0556,3.87,0.0000,0.1794,0.4789,1.8022,2.2487,1.2171,,,,
54.8128,6,6,25.3116,80.1237,completed,81719.66,50056.47,1.1364,3.91,0.0000,0.0209,0.1694,1.1939,1.6864,1.0190,,,,
26.1529,10,3,12.0478,38.1998,converged,81719.66,50056.47,1.1364,3.91,0.0000,0.0437,0.0826,,,,,,,
30.9066,10,3,13.9572,44.8632,converged,81720.09,50057.48,1.2259,3.96,0.0000,0.0123,0.0580,,,,,,,
39.7636,9,3,12.1148,51.8779,converged,81720.09,50057.48,1.2259,3.96,0.0000,0.0272,0.0407,,,,,,,
34.3261,9,3,11.0855,45.4116,converged,81720.38,50058.38,1.2999,4.04,0.0000,0.0816,0.0583,,,,,,,
36.9738,9,3,10.5901,47.5632,converged,81720.38,50058.38,1.2999,4.04,0.0000,0.0228,0.0360,,,,,,,
32.2617,10,3,10.9356,43.1966,converged,81720.60,50059.22,1.3640,4.16,0.0000,0.0334,0.0404,,,,,,,
39.7970,9,3,10.2897,50.0867,converged,81720.60,50059.22,1.3640,4.16,0.0000,0.0182,0.0545,,,,,,,
21.3331,10,3,11.7450,33.0781,converged,81720.78,50060.17,1.4293,4.28,0.0000,0.0496,0.0345,,,,,,,
38.2002,9,3,10.4906,48.6906,converged,81720.78,50060.17,1.4293,4.28,0.0000,0.1208,0.0812,,,,,,,
22.7380,10,3,9.3015,32.0396,converged,81720.90,50061.11,1.4871,4.39,0.0000,0.0489,0.0610,,,,,,,
57.3605,6,6,29.8178,87.1778,completed,81720.90,50061.11,1.4871,4.39,0.0000,0.1415,0.8378,3.3403,2.0001,0.9128,,,,
35.3618,9,9,41.4795,76.8405,completed,81720.97,50062.24,1.5533,4.52,0.0000,0.0272,0.1580,1.0234,2.0974,1.0563,0.1680,0.1732,0.4141,
26.0352,10,10,48.4611,74.4961,completed,81720.97,50062.24,1.5533,4.52,0.0000,0.0154,0.1182,0.6414,2.7684,6.8899,5.2009,0.7188,0.3964,0.2211
40.7498,8,8,38.4376,79.1866,completed,81720.97,50063.44,1.6130,4.62,0.0000,0.0466,0.2823,2.0400,0.8958,0.8620,0.3717,0.3148,,
24.3309,10,10,43.1317,67.4618,completed,81720.97,50063.44,1.6130,4.62,0.0000,0.0489,0.2068,0.8212,3.8825,12.0580,4.1824,0.9872,0.4981,0.2697
40.2022,8,3,12.1489,52.3509,converged,81720.89,50064.75,1.6711,4.73,0.0000,0.1907,0.0500,,,,,,,
49.0517,7,7,31.9705,81.0215,completed,81720.89,50064.75,1.6711,4.73,0.0000,0.6158,1.3035,6.2112,7.2289,1.0881,0.4628,,,
45.0049,8,8,30.3160,75.3201,completed,81720.76,50065.93,1.7181,4.90,0.0000,1.3225,1.5943,2.0510,8.0602,3.0475,1.3569,0.4648,,
58.7013,5,5,25.1283,83.8293,completed,81720.76,50065.93,1.7181,4.90,0.0000,0.6366,0.5488,1.6444,0.9175,,,,,
36.9632,9,9,32.9645,69.9275,completed,81720.52,50067.41,1.7576,5.13,0.0000,0.9411,1.6387,2.4297,6.2939,4.3856,2.1198,0.9986,0.3329,
47.5823,7,7,30.7419,78.3239,completed,81720.52,50067.41,1.7576,5.13,0.0000,1.9862,4.4208,13.3982,7.7378,2.6278,0.7530,,,
30.4405,10,10,46.7195,77.1596,completed,81720.23,50068.97,1.7796,5.46,0.0000,1.0020,1.6965,1.9479,1.2057,0.2383,0.6251,0.3920,0.4390,0.3906
31.1908,10,10,43.1077,74.2977,completed,81720.23,50068.97,1.7796,5.46,0.0000,1.0435,1.5688,1.5214,1.1387,1.9051,1.0111,0.3063,0.3098,0.2894
20.6085,10,10,40.6895,61.2976,completed,81719.90,50070.55,1.7899,5.74,0.0000,0.9860,1.6800,2.1698,2.9152,1.9088,2.7647,1.1329,0.5974,0.4283
40.4547,8,8,41.9848,82.4389,completed,81719.90,50070.55,1.7899,5.74,0.0000,1.3308,2.2977,3.9241,9.4024,4.2220,1.9227,0.6329,,
49.0803,7,7,27.3131,76.3931,completed,81719.55,50072.17,1.7927,6.04,0.0000,1.1938,2.5809,4.1867,2.1607,0.7774,0.5735,,,
36.2013,9,9,36.7250,72.9260,completed,81719.55,50072.17,1.7927,6.04,0.0000,1.1004,2.0277,2.7254,3.3400,0.4479,0.8373,0.5557,0.4305,
55.8295,6,6,32.6428,88.4718,completed,81719.15,50073.98,1.7926,6.31,0.0000,1.6036,0.8833,4.1779,2.9994,1.3539,,,,
53.9906,6,6,26.2599,80.2499,completed,81719.15,50073.98,1.7926,6.31,0.0000,1.7258,2.0523,1.2524,0.7773,0.5384,,,,
23.6666,10,10,42.9016,66.5676,completed,81718.73,50075.88,1.7916,6.64,0.0000,0.7460,1.5580,1.9423,0.2902,0.8378,0.5796,0.1473,0.2148,0.1559
30.4096,10,10,47.6045,78.0135,completed,81718.73,50075.88,1.7916,6.64,0.0000,0.7704,1.2826,0.6311,1.6607,2.8649,1.9928,0.6625,0.1989,0.1546
43.7910,8,8,40.1309,83.9219,completed,81718.29,50077.88,1.7874,6.96,0.0000,0.9375,1.8355,1.5885,1.1230,0.2338,0.3195,0.1462,,
46.4799,7,7,27.6946,74.1736,completed,81718.29,50077.88,1.7874,6.96,0.0000,1.4226,1.1910,3.1795,3.6905,1.9617,0.8452,,,
57.9404,6,6,30.1529,88.0929,completed,81717.79,50080.18,1.7839,7.29,0.0000,2.3766,0.8049,2.9006,1.4406,0.5833,,,,
40.4092,8,8,40.5043,80.9133,completed,81717.79,50080.18,1.7839,7.29,0.0000,1.9437,4.3664,11.4211,2.9806,1.8493,1.0341,0.4758,,
35.8893,9,9,38.7870,74.6760,completed,81717.32,50082.36,1.7806,7.63,0.0000,1.8607,4.1416,9.0913,8.9677,1.5379,0.9060,0.4774,0.1639,
32.5431,10,10,40.8782,73.4212,completed,81717.32,50082.36,1.7806,7.63,0.0000,1.2481,2.0985,5.9071,5.6501,0.3234,0.3167,0.3644,0.2334,0.1327
59.9263,5,5,20.2448,80.1708,completed,81716.89,50084.40,1.7763,7.92,0.0000,0.7325,3.3007,2.4666,1.0124,,,,,
30.0645,10,10,36.7061,66.7701,completed,81716.89,50084.40,1.7763,7.92,0.0000,0.9195,1.4966,3.6047,9.9396,1.4759,0.3423,0.2416,0.1314,0.1111
36.9848,9,9,37.4532,74.4372,completed,81716.46,50086.44,1.7737,8.18,0.0000,0.6708,0.9934,1.4700,2.5756,0.5759,0.6154,0.4821,0.3994,
21.1774,10,10,46.1006,67.2776,completed,81716.46,50086.44,1.7737,8.18,0.0000,0.5771,0.4905,0.7749,5.3228,7.2914,1.1742,0.4405,0.2528,0.1643
36.0700,9,9,32.6204,68.6905,completed,81716.01,50088.62,1.7700,8.38,0.0000,1.7461,2.2928,2.1298,2.1919,0.8010,0.2580,0.2275,0.2914,
58.2852,5,5,25.2099,83.4950,completed,81716.01,50088.62,1.7700,8.38,0.0000,3.9691,20.3876,9.5174,4.9162,,,,,
43.0413,8,8,30.0496,73.0906,completed,81715.56,50090.84,1.7669,8.51,0.0000,2.2595,7.2966,15.1723,14.8225,2.8055,2.5383,1.3020,,
53.4619,6,6,21.8160,75.2770,completed,81715.56,50090.84,1.7669,8.51,0.0000,5.0571,4.3291,0.4140,1.1081,0.3310,,,,
52.9184,6,6,23.2600,76.1780,completed,81715.08,50093.18,1.7636,8.59,0.0000,11.3049,6.6904,3.9817,1.7847,0.6231,,,,
23.4693,10,10,35.9250,59.3940,completed,81715.08,50093.18,1.7636,8.59,0.0000,3.1811,0.5514,15.7839,32.4172,5.6866,0.8638,0.5734,0.3898,0.2355
58.8718,5,5,22.7724,81.6434,completed,81714.66,50095.27,1.7618,8.63,0.0000,2.0251,1.6456,1.0146,0.4033,,,,,
48.1996,7,7,37.3907,85.5897,completed,81714.66,50095.27,1.7618,8.63,0.0000,11.2323,13.2239,6.1056,2.2278,0.7263,0.3379,,,
52.7051,6,6,36.4131,89.1181,completed,81714.13,50098.04,1.7651,8.53,0.0000,2.2261,10.3982,1.1806,1.6134,0.8339,,,,
50.6096,7,7,29.7192,80.3283,completed,81714.13,50098.04,1.7651,8.53,0.0000,2.8660,1.3734,0.3454,6.2930,2.1353,0.6720,,,
40.0731,8,8,37.9208,77.9938,completed,81713.61,50100.54,1.7767,8.48,0.0000,1.4638,2.2121,2.0708,1.1201,1.5005,0.7916,0.2845,,
27.7258,10,10,46.8256,74.5506,completed,81713.61,50100.54,1.7767,8.48,0.0000,2.0044,2.0449,1.6395,0.2407,0.7902,0.7259,0.6618,0.3247,0.2943
39.7964,9,9,33.8676,73.6636,completed,81713.15,50102.76,1.7691,8.41,0.0000,1.8209,2.6443,3.2798,0.4663,1.7070,1.2685,0.4900,0.2591,
46.3853,7,7,30.8684,77.2535,completed,81713.15,50102.76,1.7691,8.41,0.0000,2.7303,2.9792,7.0595,4.1451,1.5540,0.3156,,,
40.3487,8,8,32.4187,72.7668,completed,81712.71,50104.98,1.7619,8.38,0.0000,2.2714,2.5706,1.5552,0.3052,0.5312,0.3177,0.2625,,
53.0362,6,6,22.3173,75.3533,completed,81712.71,50104.98,1.7619,8.38,0.0000,9.7902,6.3443,1.5609,1.1496,0.5414,,,,
23.7429,10,10,40.8315,64.5735,completed,81712.27,50107.28,1.7565,8.35,0.0000,1.1712,0.9351,1.3824,0.6108,1.9675,1.6634,1.4791,0.7930,0.3587
45.8772,8,8,30.3956,76.2727,completed,81712.27,50107.28,1.7565,8.35,0.0000,4.2567,3.9456,2.0716,5.3783,1.0613,0.6669,0.3919,,
29.5214,10,10,37.0194,66.5404,completed,81711.90,50109.33,1.7525,8.33,0.0000,2.2158,2.3613,2.1696,1.7598,1.9396,0.4964,0.5789,0.3570,0.2661
27.9829,10,9,35.1700,63.1520,converged,81711.90,50109.33,1.7525,8.33,0.0000,5.3410,5.9673,4.3003,1.9526,0.5731,0.7668,0.2042,0.0936,
23.2025,10,10,41.9755,65.1777,completed,81711.51,50111.54,1.7507,8.32,0.0000,2.6446,2.6734,2.2334,1.9029,0.2982,0.6563,0.6629,0.3632,0.2160
25.5383,10,10,46.9363,72.4743,completed,81711.51,50111.54,1.7507,8.32,0.0000,4.0159,1.4444,8.4912,15.3857,7.2299,0.6875,0.7909,0.2499,0.1835
32.8267,10,10,45.7292,78.5552,completed,81711.07,50114.00,1.7492,8.31,0.0000,0.6307,0.4839,0.6490,0.2596,0.6923,0.6021,0.8063,0.3999,0.2498
20.8898,10,10,41.9356,62.8246,completed,81711.07,50114.00,1.7492,8.31,0.0000,1.3741,9.4883,27.9200,18.8556,4.7402,1.2401,0.7451,0.2698,0.2867
48.9235,7,7,33.0778,82.0008,completed,81710.66,50116.28,1.7474,8.31,0.0000,0.8869,0.8458,0.2180,0.5063,0.2632,0.2962,,,
51.0311,7,7,30.8897,81.9207,completed,81710.66,50116.28,1.7474,8.31,0.0000,2.2676,1.1767,1.8875,2.9121,0.5928,0.2056,,,
38.9091,9,9,37.4938,76.4028,completed,81710.19,50118.89,1.7498,8.16,0.0000,0.6904,0.4179,0.2671,1.5283,0.8233,0.5425,0.5147,0.3618,
38.7870,9,9,36.8666,75.6527,completed,81710.19,50118.89,1.7498,8.16,0.0000,1.1430,0.5295,1.7615,5.3659,4.5434,0.5674,0.3980,0.2203,
32.7753,10,10,45.4722,78.2472,completed,81709.77,50121.11,1.7499,8.03,0.0000,0.4664,0.1301,0.7277,0.5405,3.5460,3.2618,1.6415,0.6924,0.3318
37.8212,9,9,32.7504,70.5714,completed,81709.77,50121.11,1.7499,8.03,0.0000,2.0689,1.5418,1.0205,2.5441,3.3965,0.8342,0.1993,0.1464,
50.8522,7,7,30.1040,80.9560,completed,81709.36,50123.33,1.7506,8.02,0.0000,1.2293,1.5336,2.5249,1.4902,0.5322,0.1410,,,
34.3658,9,9,40.4331,74.7982,completed,81709.36,50123.33,1.7506,8.02,0.0000,0.1952,1.0878,1.2218,5.1302,5.0302,1.1500,0.5335,0.3664,
47.8083,7,7,33.2660,81.0741,completed,81708.92,50125.68,1.7497,8.07,0.0000,0.9147,0.7558,1.4507,1.6865,0.6890,0.3270,,,
57.8799,6,6,24.7620,82.6410,completed,81708.92,50125.68,1.7497,8.07,0.0000,0.5733,0.7797,3.2065,0.8478,0.4987,,,,
27.2200,10,10,43.6672,70.8862,completed,81708.53,50127.80,1.7496,8.12,0.0000,0.4298,0.2366,0.4659,2.5855,3.5902,1.9377,0.3824,0.1769,0.1857
44.7294,8,8,34.2040,78.9331,completed,81708.53,50127.80,1.7496,8.12,0.0000,0.2809,2.1342,3.1216,2.0438,1.0061,0.5778,0.2332,,
46.2233,7,7,27.6339,73.8569,completed,81708.07,50130.31,1.7499,8.18,0.0000,0.1376,1.9255,4.5814,4.2201,1.4665,0.5852,,,
48.8063,7,7,29.7270,78.5330,completed,81708.07,50130.31,1.7499,8.18,0.0000,1.2525,2.4406,2.8400,2.0403,0.8694,0.3588,,,
32.7473,10,10,37.1654,69.9124,completed,81707.69,50132.50,1.7496,8.23,0.0000,0.2953,0.1434,0.2256,2.4907,5.8934,2.3794,0.6735,0.1940,0.1275
56.1781,6,6,32.4760,88.6540,completed,81707.69,50132.50,1.7496,8.23,0.0000,1.1742,0.9378,2.2941,0.7457,0.2652,,,,
47.2241,7,7,30.7207,77.9447,completed,81707.22,50135.11,1.7507,8.27,0.0000,0.3877,0.7705,2.1522,3.7057,1.1087,0.4904,,,
32.8455,10,3,11.6076,44.4526,converged,81707.22,50135.11,1.7507,8.27,0.0000,0.4308,0.0517,,,,,,,
29.9240,10,10,49.7342,79.6582,completed,81706.83,50137.25,1.7506,8.29,0.0000,0.6887,0.6816,1.3821,1.3915,2.8069,1.4514,0.3838,0.1540,0.1071
51.3441,7,7,29.9982,81.3422,completed,81706.83,50137.25,1.7506,8.29,0.0000,1.8627,1.2042,1.7500,1.2969,0.4614,0.3048,,,
46.8574,7,7,33.8033,80.6603,completed,81706.42,50139.55,1.7497,8.31,0.0000,2.6920,3.0784,0.4241,0.6873,0.3440,0.3571,,,
39.0221,9,9,38.0113,77.0333,completed,81706.42,50139.55,1.7497,8.31,0.0000,2.2563,2.5308,2.0488,1.7687,0.8601,0.1545,0.2492,0.2267,
31.7432,10,10,37.5891,69.3321,completed,81706.01,50141.77,1.7500,8.32,0.0000,0.9927,1.0425,1.1267,0.5264,0.5984,0.9843,0.3833,0.1342,0.1344
46.2014,7,7,28.0200,74.2210,completed,81706.01,50141.77,1.7500,8.32,0.0000,5.0697,6.3323,4.1267,1.6837,0.8587,0.3234,,,
59.9192,5,5,27.6808,87.5999,completed,81705.56,50144.23,1.7500,8.33,0.0000,5.2881,2.7974,1.4831,0.6082,,,,,
29.0065,10,10,48.3835,77.3895,completed,81705.56,50144.23,1.7500,8.33,0.0000,1.7676,0.2647,3.0175,1.7132,8.8917,1.7913,0.9996,0.4239,0.3087
27.1811,10,10,37.4176,64.5987,converged,81705.14,50146.60,1.7496,8.33,0.0000,3.2873,3.4687,3.1163,0.5739,1.0115,0.2862,0.6847,0.2625,0.0899
22.9262,10,10,43.2855,66.2115,completed,81705.14,50146.60,1.7496,8.33,0.0000,3.6394,3.7020,3.4354,3.3114,1.2369,0.6413,0.2642,0.1896,0.1379
20.9430,10,10,47.9940,68.9370,converged,81704.71,50148.91,1.7503,8.33,0.0000,3.4391,3.4872,3.4304,1.0265,1.8568,0.1739,0.3052,0.1133,0.0638
26.6883,10,10,44.2119,70.8999,completed,81704.71,50148.91,1.7503,8.33,0.0000,3.7668,3.7308,3.9805,6.1748,1.9307,1.4992,0.5197,0.2911,0.1404
43.4858,8,8,39.0622,82.5473,completed,81704.34,50150.99,1.7510,8.33,0.0000,0.9808,3.0090,7.3530,2.1395,2.3885,1.5794,0.4845,,
52.6860,6,6,24.9534,77.6395,completed,81704.34,50150.99,1.7510,8.33,0.0000,0.3428,18.5788,11.6150,4.4739,1.6401,,,,
40.0711,8,8,30.2503,70.3213,completed,81703.94,50153.19,1.7513,8.33,0.0000,4.1754,4.0865,1.0284,0.5290,0.2501,0.5235,0.1173,,
39.3483,9,9,38.3691,77.7171,completed,81703.94,50153.19,1.7513,8.33,0.0000,7.0736,8.5859,9.4554,4.8484,3.6714,1.6345,0.4387,0.1292,
21.9711,10,10,38.2667,60.2378,completed,81703.52,50155.49,1.7549,8.24,0.0000,4.1099,4.4040,5.4854,2.1942,3.4769,0.8719,0.3797,0.1839,0.1695
44.4660,8,8,38.3371,82.8032,completed,81703.52,50155.49,1.7549,8.24,0.0000,0.2346,8.1779,21.1517,6.8876,2.5635,1.2160,0.4820,,
53.9246,6,6,22.8119,76.7360,completed,81703.05,50157.92,1.7754,8.21,0.0000,1.9333,1.6002,4.5198,0.6127,0.2747,,,,
20.1691,10,10,36.2477,56.4167,completed,81703.05,50157.92,1.7754,8.21,0.0000,0.2940,3.3689,11.8248,16.2705,4.2101,1.0221,0.8758,0.3477,0.2179
31.5329,10,10,45.3050,76.8370,completed,81702.60,50160.18,1.7682,8.11,0.0000,0.5271,2.4785,8.2242,7.9908,1.1689,3.5366,2.6802,1.0892,0.4751
41.9967,8,8,32.0375,74.0335,completed,81702.60,50160.18,1.7682,8.11,0.0000,4.4343,1.4637,1.6052,4.3872,3.4136,1.3502,0.9323,,
58.5639,5,5,21.7722,80.3352,completed,81702.12,50162.52,1.7779,7.67,0.0000,4.1172,1.4908,1.7544,0.9844,,,,,
46.0287,7,7,29.0724,75.1004,completed,81702.12,50162.52,1.7779,7.67,0.0000,6.5299,7.2146,2.2683,1.5464,2.0327,1.0890,,,
34.2339,9,9,36.1677,70.4008,converged,81701.71,50164.56,1.7626,7.27,0.0000,2.3266,2.6780,4.8357,1.2017,3.5289,0.4313,0.2243,0.0777,
48.2276,7,7,32.2682,80.4953,completed,81701.71,50164.56,1.7626,7.27,0.0000,7.4089,10.7236,7.2480,2.2541,1.7045,0.8541,,,
33.3126,10,10,52.6485,85.9606,completed,81701.31,50166.66,1.7585,6.97,0.0000,4.5954,3.0906,0.8554,2.1776,2.7757,1.6688,1.3172,0.6205,0.1976
40.0157,8,8,36.8846,76.8996,completed,81701.31,50166.66,1.7585,6.97,0.0000,4.6447,1.1929,12.6083,8.9526,1.6915,1.1141,0.4184,,
40.3474,8,8,38.1008,78.4478,completed,81700.91,50168.83,1.7550,6.88,0.0000,1.2298,0.9551,8.0357,7.9633,1.7259,0.1895,0.1202,,
20.1597,10,10,47.9058,68.0648,completed,81700.91,50168.83,1.7550,6.88,0.0000,2.8578,2.0846,3.1068,7.6485,4.7721,0.9420,0.7854,0.7678,0.6030
44.2462,8,8,29.7715,74.0175,converged,81700.53,50170.87,1.7530,6.91,0.0000,10.7671,11.0533,12.8627,5.1265,0.2551,0.2556,0.0977,,
33.3751,10,10,34.4420,67.8170,converged,81700.53,50170.87,1.7530,6.91,0.0000,5.4688,8.5625,9.9990,14.8241,7.1045,1.5197,0.4701,0.1598,0.0553
25.7436,10,10,40.2371,65.9802,completed,81700.22,50172.57,1.7512,6.88,0.0000,2.6417,0.6161,8.1985,10.3153,0.5320,0.6375,0.5363,0.2883,0.2015
55.7231,6,6,26.5728,82.2958,completed,81700.22,50172.57,1.7512,6.88,0.0000,4.2185,1.4914,6.2557,1.8285,0.9124,,,,
24.0734,10,10,54.0062,78.0793,completed,81699.89,50174.40,1.7502,6.91,0.0000,1.6651,0.6447,3.8753,4.4497,2.5735,0.9321,0.8995,0.3818,0.2257
47.6419,7,7,36.5557,84.1967,completed,81699.89,50174.40,1.7502,6.91,0.0000,3.2001,1.5577,8.1257,2.9134,1.5227,1.0784,,,
27.7383,10,10,42.1176,69.8557,completed,81699.51,50176.47,1.7485,7.08,0.0000,1.0008,0.5434,2.0123,3.4199,2.1670,0.8948,0.7444,0.1337,0.1681
57.2145,6,6,35.3048,92.5188,completed,81699.51,50176.47,1.7485,7.08,0.0000,3.1999,2.1094,4.2018,0.3640,0.6404,,,,
39.9820,9,9,42.9035,82.8855,completed,81699.12,50178.57,1.7528,6.98,0.0000,4.5920,3.8739,6.0876,5.9804,1.5667,0.4968,0.4062,0.3291,
48.7362,7,7,30.6799,79.4159,completed,81699.12,50178.57,1.7528,6.98,0.0000,1.7002,3.3222,5.0030,1.4553,0.7673,0.4160,,,
56.4880,6,6,26.1306,82.6187,completed,81698.75,50180.55,1.7515,6.62,0.0000,22.3828,33.3451,14.6630,4.9309,1.9407,,,,
47.5051,7,7,26.0738,73.5788,completed,81698.75,50180.55,1.7515,6.62,0.0000,2.2312,3.5941,5.7265,0.8925,0.8603,0.5706,,,
22.1602,10,10,41.9346,64.0946,completed,81698.42,50182.35,1.7481,6.44,0.0000,0.9398,1.6732,0.4871,5.0581,1.5176,0.3003,0.4198,0.2457,0.1748
55.6524,6,6,23.3357,78.9877,completed,81698.42,50182.35,1.7481,6.44,0.0000,9.1515,26.6923,10.1790,2.8635,1.3975,,,,
35.1106,9,9,33.7995,68.9095,completed,81698.14,50183.92,1.7461,6.37,0.0000,0.8360,0.6328,2.4250,3.0578,0.7314,0.4972,0.3968,0.2503,
38.6380,9,9,31.5961,70.2331,converged,81698.14,50183.92,1.7461,6.37,0.0000,7.3115,12.6071,14.5496,6.6488,1.0146,0.4473,0.2076,0.0936,
27.5134,10,9,31.1221,58.6351,converged,81697.81,50185.78,1.7562,6.22,0.0000,1.9103,4.8030,9.5394,16.6019,19.7130,5.1972,0.4692,0.0593,
28.8574,10,10,34.9914,63.8484,completed,81697.81,50185.78,1.7562,6.22,0.0000,6.1234,5.3093,3.3984,2.2931,1.6595,0.6315,0.7683,0.4917,0.1137
50.4603,7,7,30.2606,80.7206,completed,81697.52,50187.28,1.7683,6.04,0.0000,10.0966,39.2607,7.8249,2.0426,1.7351,0.8919,,,
42.1620,8,8,29.1214,71.2824,completed,81697.52,50187.28,1.7683,6.04,0.0000,4.3856,2.2057,2.0924,3.4141,0.8847,0.5457,0.2751,,
55.8240,6,6,28.1318,83.9549,completed,81697.16,50189.02,1.7749,5.95,0.0000,5.0806,11.0973,5.1133,0.6737,0.5330,,,,
46.3073,7,7,26.4273,72.7344,completed,81697.16,50189.02,1.7749,5.95,0.0000,4.2206,0.5537,2.1684,1.5424,0.2657,0.2559,,,
32.9787,10,10,46.9064,79.8845,completed,81696.81,50190.77,1.7698,6.03,0.0000,0.9012,1.5166,0.3772,2.8860,1.7804,0.6363,0.5390,0.1175,0.1293
57.4585,6,6,23.6173,81.0754,completed,81696.81,50190.77,1.7698,6.03,0.0000,1.3665,0.3261,0.2863,0.3634,0.3513,,,,
55.7603,6,6,28.3428,84.1028,completed,81696.47,50192.44,1.7636,6.21,0.0000,17.9764,24.2704,15.8725,4.1819,1.8622,,,,
58.2635,5,5,20.1269,78.3899,completed,81696.47,50192.44,1.7636,6.21,0.0000,0.7039,1.9829,2.5303,1.4335,,,,,
30.7207,10,10,31.3497,62.0698,converged,81696.16,50194.09,1.7611,6.28,0.0000,6.5706,12.1405,4.2758,10.3595,8.8737,0.6468,0.8239,0.3136,0.0790
28.5140,10,10,37.7955,66.3095,completed,81696.16,50194.09,1.7611,6.28,0.0000,0.2316,1.0679,1.8706,1.0996,1.4170,1.0937,1.0311,0.5539,0.3201
43.1534,8,8,33.3557,76.5088,completed,81695.83,50195.77,1.7589,6.44,0.0000,0.7528,0.3363,1.6206,1.1470,0.9147,0.5557,0.2984,,
22.1993,10,10,40.8146,63.0136,completed,81695.83,50195.77,1.7589,6.44,0.0000,0.3930,1.0526,2.1537,0.8796,0.5042,0.3506,0.4365,0.3075,0.1676
44.8831,8,8,32.5490,77.4321,completed,81695.49,50197.56,1.7567,6.53,0.0000,3.8931,9.4195,2.3518,6.9898,0.5960,0.4414,0.5035,,
40.9402,8,8,29.3583,70.2983,completed,81695.49,50197.56,1.7567,6.53,0.0000,1.6142,2.2907,0.3518,2.2591,2.1900,1.3508,0.5908,,
47.3235,7,7,47.2260,94.5491,completed,81695.14,50199.35,1.7799,6.57,0.0000,5.4128,0.8526,8.2107,1.2190,0.7769,0.1647,,,
32.0238,10,10,57.9484,89.9714,completed,81695.14,50199.35,1.7799,6.57,0.0000,0.5422,1.6068,1.8765,0.3134,1.4905,1.1419,0.4915,0.2704,0.1314
42.4071,8,8,38.2486,80.6556,completed,81694.60,50201.56,1.8216,6.82,0.0000,8.8612,7.8916,3.5122,13.7035,3.0824,0.5327,0.1950,,
48.4597,7,7,30.9333,79.3923,completed,81694.60,50201.56,1.8216,6.82,0.0000,0.8680,0.3867,0.6423,0.2645,0.3091,0.1982,,,
30.2275,10,10,37.2365,67.4635,completed,81694.11,50203.54,1.8086,6.82,0.0000,8.8931,18.7328,19.9391,3.8224,0.7843,1.3845,0.8002,0.4774,0.2542
35.1568,9,9,35.3320,70.4880,completed,81694.11,50203.54,1.8086,6.82,0.0000,1.2192,2.2490,2.4285,2.1354,0.4176,0.4436,0.2573,0.1695,
53.7014,6,6,26.7031,80.4041,completed,81693.71,50205.27,1.7907,6.92,0.0000,7.3714,13.1245,23.8356,8.8095,3.6747,,,,
26.8002,10,4,16.1216,42.9217,converged,81693.71,50205.27,1.7907,6.92,0.0000,0.9837,0.5544,0.0840,,,,,,
30.3559,10,10,49.8772,80.2322,converged,81693.35,50206.92,1.7785,7.06,0.0000,0.3063,0.4922,1.7456,1.3848,0.9746,0.7420,0.5281,0.1577,0.0846
51.9448,7,7,37.8551,89.7991,completed,81693.35,50206.92,1.7785,7.06,0.0000,2.3917,2.4078,0.9738,1.1768,0.8408,0.5826,,,
21.4747,10,10,44.7274,66.2015,completed,81692.91,50209.03,1.7660,7.33,0.0000,0.7137,0.4662,1.6821,2.4431,1.2274,0.2875,0.2075,0.2382,0.3176
52.2606,6,6,37.7932,90.0533,completed,81692.91,50209.03,1.7660,7.33,0.0000,7.5001,7.8538,14.5243,3.9229,1.9302,,,,
57.9137,6,6,23.5582,81.4712,completed,81692.44,50211.45,1.7546,7.63,0.0000,0.3332,5.5008,1.5813,1.3031,0.3195,,,,
45.7015,8,8,34.2186,79.9196,completed,81692.44,50211.45,1.7546,7.63,0.0000,4.1549,6.6873,13.9232,16.0542,2.7122,1.2889,0.5915,,
54.3016,6,6,24.1863,78.4874,completed,81692.06,50213.48,1.7720,7.66,0.0000,11.1319,16.9923,18.2957,6.1309,2.4307,,,,
20.3787,10,10,40.7789,61.1569,completed,81692.06,50213.48,1.7720,7.66,0.0000,2.4275,3.4389,3.2815,1.7341,8.0744,0.4236,0.4957,0.3915,0.5880
45.3937,8,8,33.1967,78.5897,completed,81691.58,50215.57,1.8219,7.60,0.0000,0.5163,1.8501,4.3433,1.9564,0.9744,0.4005,0.2218,,
20.7810,10,10,41.9704,62.7504,completed,81691.58,50215.57,1.8219,7.60,0.0000,3.4065,7.0915,14.2841,18.9606,4.9056,1.4040,1.4512,0.8701,0.4485
34.5850,9,9,28.9262,63.5113,converged,81691.09,50217.40,1.8305,7.52,0.0000,0.1585,2.3132,6.0314,2.2024,1.4121,1.3021,0.3030,0.0967,
54.9049,6,6,22.9079,77.8120,completed,81691.09,50217.40,1.8305,7.52,0.0000,1.1255,3.8051,0.9494,0.3954,0.4149,,,,
57.3637,6,6,23.1782,80.5412,completed,81690.61,50219.33,1.7891,7.23,0.0000,6.7845,4.5956,14.0252,5.0205,2.4673,,,,
31.9591,10,10,42.4194,74.3784,completed,81690.61,50219.33,1.7891,7.23,0.0000,0.2844,2.0700,5.8493,3.0566,1.2840,0.1817,0.2945,0.2763,0.2027
26.4850,10,10,41.7633,68.2473,completed,81690.22,50221.38,1.7506,6.61,0.0000,2.8999,2.2481,0.7984,3.7721,4.3727,0.9480,0.6336,0.2429,0.2432
54.2014,6,6,21.5202,75.7213,completed,81690.22,50221.38,1.7506,6.61,0.0000,3.2057,22.2918,8.1387,2.4898,0.4126,,,,
55.2861,6,6,35.3479,90.6339,completed,81689.95,50223.09,1.6955,5.84,0.0000,1.9312,1.9617,4.2230,1.9443,1.1009,,,,
23.7171,10,10,40.8163,64.5334,completed,81689.95,50223.09,1.6955,5.84,0.0000,0.3216,0.6054,0.6488,1.8622,4.0207,0.2914,0.4786,0.3957,0.1446
51.1565,7,7,38.3263,89.4823,completed,81689.80,50224.55,1.6308,5.12,0.0000,1.0156,1.3859,4.3257,1.9262,0.9810,0.4300,,,
37.1436,9,9,37.7025,74.8456,completed,81689.80,50224.55,1.6308,5.12,0.0000,0.2515,0.1976,0.4358,2.7081,0.8933,0.4850,0.3028,0.1798,
38.2748,9,9,41.8799,80.1540,completed,81689.75,50226.01,1.5668,4.66,0.0000,0.0551,0.3776,0.4047,5.6279,1.1666,0.2479,0.1862,0.1029,
48.5350,7,7,28.0157,76.5507,completed,81689.75,50226.01,1.5668,4.66,0.0000,0.0612,0.2236,1.9402,1.6924,0.7956,0.2397,,,
51.9146,7,7,37.0592,88.9732,completed,81689.76,50227.40,1.5778,4.68,0.0000,0.0912,0.4771,3.0249,1.9584,0.2212,0.1148,,,
47.8860,7,7,29.1559,77.0409,converged,81689.76,50227.40,1.5778,4.68,0.0000,0.0730,0.1231,1.2602,0.9345,0.2401,0.0711,,,
28.3806,10,9,35.3561,63.7362,converged,81689.70,50228.94,1.6218,4.95,0.0000,0.0628,0.2161,0.7781,2.2618,4.5929,0.9973,0.2347,0.0890,
27.9159,10,3,12.7964,40.7114,converged,81689.70,50228.94,1.6218,4.95,0.0000,0.0796,0.0490,,,,,,,
40.5907,8,8,50.0856,90.6756,completed,81689.62,50230.04,1.6474,5.19,0.0000,0.1927,0.3186,1.9944,4.5497,0.6644,0.6260,0.3229,,
40.1015,8,8,29.9337,70.0347,completed,81689.62,50230.04,1.6474,5.19,0.0000,0.0396,0.1594,0.3017,0.3277,0.4054,0.3176,0.2949,,
32.7847,10,10,48.2778,81.0618,completed,81689.49,50231.53,1.6704,5.44,0.0000,0.1124,0.3286,0.6311,1.3200,1.5728,0.5851,0.1435,0.1630,0.1219
39.8465,9,4,13.0640,52.9101,converged,81689.49,50231.53,1.6704,5.44,0.0000,0.0399,0.1041,0.0699,,,,,,
24.8753,10,8,26.8037,51.6787,converged,81689.34,50232.86,1.6858,5.67,0.0000,0.0967,0.1123,0.3839,1.1190,0.7517,0.3481,0.0695,,
58.4822,5,5,23.2446,81.7266,completed,81689.34,50232.86,1.6858,5.67,0.0000,0.1038,1.3458,1.8104,0.4148,,,,,
24.9151,10,8,27.8400,52.7550,converged,81689.14,50234.47,1.7027,5.91,0.0000,0.1184,0.1041,0.2616,0.4584,0.7793,0.3366,0.0394,,
51.2694,7,7,25.8028,77.0718,completed,81689.14,50234.47,1.7027,5.91,0.0000,0.0835,0.2693,3.2099,1.4770,0.5300,0.3044,,,
51.6352,7,7,28.6381,80.2731,completed,81688.91,50236.14,1.7200,6.09,0.0000,0.0737,0.1140,0.2420,0.9393,0.1392,0.3080,,,
28.9526,10,10,44.5171,73.4692,completed,81688.91,50236.14,1.7200,6.09,0.0000,0.1167,0.1335,0.2708,0.4670,2.5492,2.1663,0.8429,0.4105,0.3299
59.6023,5,5,24.3897,83.9917,completed,81688.67,50237.66,1.7315,6.25,0.0000,0.2432,0.3400,1.6189,0.5774,,,,,
35.4781,9,9,41.4910,76.9690,completed,81688.67,50237.66,1.7315,6.25,0.0000,0.1792,0.3027,0.2163,1.1604,1.1037,0.6735,0.1487,0.1348,
33.3972,10,10,38.4631,71.8601,completed,81688.36,50239.54,1.7424,6.46,0.0000,0.1102,0.1384,0.1096,0.4978,0.4356,1.0469,0.5171,0.1377,0.1306
44.6229,8,8,31.4387,76.0607,completed,81688.36,50239.54,1.7424,6.46,0.0000,0.6575,0.2929,0.8891,1.7049,1.3419,0.4273,0.2017,,
50.7358,7,3,9.8087,60.5438,converged,81688.02,50241.47,1.7491,6.63,0.0000,0.1029,0.0901,,,,,,,
53.5612,6,6,22.9157,76.4768,completed,81688.02,50241.47,1.7491,6.63,0.0000,1.5233,0.6025,1.1837,1.2736,0.5471,,,,
43.5705,8,4,15.1856,58.7556,converged,81687.72,50243.11,1.7531,6.72,0.0000,0.1093,0.1273,0.0571,,,,,,
37.3327,9,3,10.0922,47.4242,converged,81687.72,50243.11,1.7531,6.72,0.0000,0.1151,0.0836,,,,,,,
35.4044,9,9,34.5861,69.9901,completed,81687.42,50244.78,1.7558,6.78,0.0000,0.1801,0.1219,0.3056,0.2712,0.2681,0.4086,0.3045,0.1927,
49.8581,7,7,31.1030,80.9610,completed,81687.42,50244.78,1.7558,6.78,0.0000,0.1501,0.1604,0.3075,0.9573,0.8214,0.3066,,,
47.6303,7,3,10.2054,57.8355,converged,81687.08,50246.58,1.7579,6.84,0.0000,0.1867,0.0957,,,,,,,
22.2671,10,10,35.8023,58.0693,completed,81687.08,50246.58,1.7579,6.84,0.0000,0.1798,0.1832,0.1004,0.1495,0.2984,0.2701,0.3113,0.2442,0.2292
48.3987,7,7,54.2498,102.6478,completed,81686.74,50248.35,1.7585,6.99,0.0000,0.1689,0.1077,0.1877,0.3278,0.5457,0.4421,,,
37.6316,9,4,32.6492,70.2803,converged,81686.74,50248.35,1.7585,6.99,0.0000,0.1861,0.1962,0.0791,,,,,,
34.4041,9,5,18.2487,52.6527,converged,81686.25,50250.94,1.7608,7.22,0.0000,0.1456,0.1487,0.1484,0.0594,,,,,
53.3130,6,6,33.7866,87.0986,completed,81686.25,50250.94,1.7608,7.22,0.0000,0.2574,0.1789,0.4192,0.5112,0.4119,,,,
30.6315,10,4,13.8327,44.4638,converged,81685.84,50253.10,1.7612,7.38,0.0000,0.4415,0.4980,0.0313,,,,,,
42.1107,8,5,19.6607,61.7707,converged,81685.84,50253.10,1.7612,7.38,0.0000,0.2681,0.3701,0.3942,0.0844,,,,,
24.6949,10,10,42.9925,67.6865,completed,81685.46,50255.08,1.7618,7.58,0.0000,1.5110,2.1315,4.7730,0.1677,0.4983,0.1997,0.3235,0.6580,0.6883
59.8572,5,4,31.8940,91.7510,deadline,81685.46,50255.08,1.7618,7.58,0.0000,0.3294,0.1655,0.3670,,,,,,
54.7297,6,6,26.4507,81.1798,completed,81685.00,50257.45,1.7628,7.90,0.0000,2.0847,11.2922,12.6677,2.9128,0.8702,,,,
46.0335,7,7,30.4177,76.4507,completed,81685.00,50257.45,1.7628,7.90,0.0000,0.1696,0.2181,0.3146,0.3934,0.3918,0.5119,,,
36.8768,9,9,33.8637,70.7397,completed,81684.51,50259.98,1.7614,8.21,0.0000,1.9801,7.4202,8.5838,0.8113,2.6641,2.4416,1.0784,0.4264,
29.4757,10,3,12.4649,41.9399,converged,81684.51,50259.98,1.7614,8.21,0.0000,0.0786,0.0647,,,,,,,
24.3457,10,10,50.2530,74.5980,completed,81684.08,50262.18,1.7609,8.38,0.0000,0.5995,1.1536,0.2389,2.6843,1.8553,0.2471,0.4307,0.3535,0.2775
35.5487,9,9,37.2726,72.8206,completed,81684.08,50262.18,1.7609,8.38,0.0000,0.1488,0.1249,1.1913,1.1096,0.6824,0.3341,0.5875,0.5214,
39.3838,9,9,42.1178,81.5008,completed,81683.66,50264.34,1.7610,8.51,0.0000,0.5170,1.0720,0.2955,3.2206,1.7369,0.3018,0.3687,0.3225,
41.4011,8,8,30.5223,71.9233,completed,81683.66,50264.34,1.7610,8.51,0.0000,0.6655,1.0133,2.0525,0.4757,0.4549,0.5907,0.6586,,
27.6425,10,10,42.2518,69.8939,completed,81683.18,50266.87,1.7590,8.60,0.0000,0.3435,0.6574,0.2205,2.9010,2.3379,0.1399,0.2848,0.2291,0.3376
39.4560,9,9,33.9662,73.4212,completed,81683.18,50266.87,1.7590,8.60,0.0000,14.7148,15.6007,27.1747,16.8911,3.9165,0.7301,0.3318,0.4072,
24.2945,10,7,23.8123,48.1063,converged,81682.75,50269.16,1.7566,8.64,0.0000,0.1572,0.1522,1.0115,2.7296,1.9103,0.0931,,,
26.3183,10,10,41.2839,67.6019,completed,81682.75,50269.16,1.7566,8.64,0.0000,3.3606,6.1189,1.3785,11.0190,6.4791,1.3610,0.9703,0.4004,0.2758
59.1105,5,5,26.4890,85.5990,completed,81682.32,50271.46,1.7559,8.66,0.0000,0.3152,3.6705,1.6587,0.2303,,,,,
39.2938,9,9,49.6259,88.9189,completed,81682.32,50271.46,1.7559,8.66,0.0000,0.8731,1.3083,1.4602,5.9922,2.9909,0.2026,0.4812,0.3966,
36.2445,9,9,40.8973,77.1414,completed,81681.84,50274.01,1.7559,8.66,0.0000,0.5531,1.3054,0.2597,3.8451,2.8352,0.5618,0.7715,0.4628,
42.1228,8,8,35.3781,77.5002,completed,81681.84,50274.01,1.7559,8.66,0.0000,0.8306,2.6253,0.3706,4.7642,1.0519,0.4823,0.2919,,
38.8641,9,9,41.9660,80.8301,completed,81681.39,50276.39,1.7557,8.65,0.0000,0.3153,0.5765,2.2463,3.4714,1.6369,0.2433,0.3768,0.4705,
59.9249,5,5,19.6611,79.5851,completed,81681.39,50276.39,1.7557,8.65,0.0000,0.3904,2.1865,4.3078,0.7792,,,,,
56.2082,6,6,26.4196,82.6276,completed,81680.92,50278.94,1.7553,8.64,0.0000,1.1197,0.8371,5.8079,0.9530,0.2244,,,,
25.7596,10,10,40.8036,66.5626,completed,81680.92,50278.94,1.7553,8.64,0.0000,0.5923,1.2064,0.2901,4.4752,2.1475,0.7080,0.6021,0.2596,0.2401
20.4906,10,10,40.7056,61.1957,completed,81680.47,50281.31,1.7553,8.62,0.0000,1.0045,1.6404,0.5366,5.3543,3.6177,0.6287,0.4822,0.5556,0.4129
20.0679,10,10,40.7989,60.8659,completed,81680.47,50281.31,1.7553,8.62,0.0000,4.1572,8.2008,13.2513,22.6049,16.7589,3.2660,1.3061,0.7656,0.6161
59.1490,5,5,25.4336,84.5826,completed,81680.12,50283.17,1.7551,8.61,0.0000,1.3501,12.6801,5.6628,1.5470,,,,,
45.4064,8,8,37.5098,82.9159,completed,81680.12,50283.17,1.7551,8.61,0.0000,0.4779,0.8253,7.8708,6.1653,2.8783,0.5710,0.2772,,
43.7293,8,8,39.6316,83.3607,completed,81679.62,50285.88,1.7532,8.59,0.0000,0.5373,0.3883,3.7178,2.3078,0.2806,0.4487,0.4872,,
53.0742,6,6,34.5532,87.6273,completed,81679.62,50285.88,1.7532,8.59,0.0000,3.5789,0.3605,3.6114,0.7584,0.5571,,,,
35.2913,9,9,40.9183,76.2093,completed,81679.15,50288.45,1.7519,8.58,0.0000,0.2809,0.3811,2.7927,1.0542,0.4395,0.3390,0.5936,0.4713,
26.4845,10,10,49.4439,75.9279,completed,81679.15,50288.45,1.7519,8.58,0.0000,2.5979,3.9460,3.4189,0.6658,5.3949,1.0017,0.3671,0.3237,0.1710
40.6869,8,8,37.2171,77.9032,completed,81678.69,50290.95,1.7523,8.57,0.0000,4.3877,7.1081,2.6031,9.4929,4.0140,1.1771,0.2666,,
37.8089,9,9,36.6207,74.4287,completed,81678.69,50290.95,1.7523,8.57,0.0000,3.3020,4.6182,1.2421,4.2280,3.2277,0.6560,0.4466,0.3760,
57.9195,6,6,22.5484,80.4675,completed,81678.23,50293.48,1.7528,8.56,0.0000,0.4273,3.1356,0.6285,0.3224,0.3871,,,,
33.7103,10,10,38.4817,72.1917,completed,81678.23,50293.48,1.7528,8.56,0.0000,2.6187,4.3076,0.9298,6.7703,4.8793,0.3223,0.4519,0.3272,0.3315
44.2065,8,8,30.6030,74.8090,completed,81677.76,50296.00,1.7529,8.55,0.0000,0.2611,0.6940,1.3938,0.4229,1.4110,0.8784,0.6110,,
47.5125,7,7,35.1668,82.6789,completed,81677.76,50296.00,1.7529,8.55,0.0000,4.0032,7.6137,6.9977,4.2369,1.0247,0.5187,,,
31.0295,10,10,45.6074,76.6365,completed,81677.34,50298.28,1.7524,8.54,0.0000,0.1618,0.2543,0.5337,0.5228,0.6636,0.9398,0.6124,0.5576,0.4608
29.4752,10,10,40.5444,70.0195,completed,81677.34,50298.28,1.7524,8.54,0.0000,2.3694,3.1956,0.9497,2.3949,1.8606,1.3286,0.7959,0.4235,0.2957
38.4249,9,5,21.2279,59.6519,converged,81676.89,50300.70,1.7524,8.54,0.0000,0.3485,0.6506,1.0664,0.0814,,,,,
30.5344,10,10,41.2162,71.7502,completed,81676.89,50300.70,1.7524,8.54,0.0000,1.7790,3.0470,1.3906,4.9448,4.2937,0.4349,0.2989,0.3239,0.3086
20.1824,10,10,45.2648,65.4469,completed,81676.52,50302.72,1.7525,8.53,0.0000,0.1312,0.2288,0.9004,0.7165,0.8018,1.0459,0.5518,0.4505,0.4858
40.5539,8,8,36.7324,77.2854,completed,81676.52,50302.72,1.7525,8.53,0.0000,2.0466,2.7842,1.9436,2.8458,0.9168,0.5780,0.4216,,
47.2089,7,7,34.3775,81.5855,completed,81676.09,50305.07,1.7521,8.52,0.0000,0.6232,1.4495,6.6198,0.7188,0.4851,0.2909,,,
26.2470,10,10,37.9091,64.1551,completed,81676.09,50305.07,1.7521,8.52,0.0000,1.5743,2.3063,1.6730,1.7731,1.3019,1.1347,0.5976,0.3355,0.3407
49.6565,7,7,29.6463,79.3023,completed,81675.66,50307.41,1.7516,8.51,0.0000,2.8980,4.6979,9.8990,4.2999,1.7451,0.6034,,,
58.7166,5,5,22.0247,80.7407,completed,81675.66,50307.41,1.7516,8.51,0.0000,2.3469,1.8636,2.2286,1.2388,,,,,
24.1332,10,10,38.1280,62.2610,completed,81675.25,50309.67,1.7511,8.50,0.0000,1.4610,1.3170,1.3632,3.8264,4.3097,1.3844,1.0043,0.4689,0.2968
56.5298,6,6,25.2178,81.7468,completed,81675.25,50309.67,1.7511,8.50,0.0000,2.0379,1.5068,5.3104,0.7311,0.2295,,,,
51.7788,7,7,42.9279,94.7059,completed,81674.80,50312.18,1.7520,8.50,0.0000,1.3866,0.5647,0.8938,1.7718,0.9506,0.5161,,,
23.2553,10,10,46.2620,69.5170,completed,81674.80,50312.18,1.7520,8.50,0.0000,1.4727,1.7631,0.4650,2.4111,1.9775,1.3731,0.7803,0.4037,0.3446
30.1501,10,10,45.9955,76.1456,completed,81674.34,50314.69,1.7516,8.49,0.0000,0.1247,0.2018,0.8524,0.8312,0.4278,0.4664,0.4776,0.2819,0.3313
39.2233,9,9,36.1623,75.3854,completed,81674.34,50314.69,1.7516,8.49,0.0000,0.8740,1.0794,0.3530,3.2873,2.7874,1.2262,0.7767,0.4300,
38.8537,9,9,47.4139,86.2670,completed,81673.92,50316.95,1.7519,8.49,0.0000,0.3384,0.2591,2.5151,2.4291,0.4563,0.3151,0.2795,0.3593,
40.2652,8,8,35.7052,75.9702,completed,81673.92,50316.95,1.7519,8.49,0.0000,0.4877,0.5055,2.4679,3.6194,0.8677,0.2169,0.2661,,
22.4420,10,10,37.6136,60.0547,completed,81673.46,50319.46,1.7524,8.48,0.0000,0.2040,0.1738,0.2572,0.3627,0.9820,1.0900,0.6681,0.3296,0.3966
46.0217,7,7,36.9159,82.9370,completed,81673.46,50319.46,1.7524,8.48,0.0000,0.6655,0.8773,0.8980,2.1668,1.5594,0.6160,,,
36.6407,9,9,51.8842,88.5242,completed,81673.03,50321.80,1.7524,8.48,0.0000,0.1874,0.1982,0.1195,1.3397,1.6868,0.4439,0.3062,0.4035,
40.5671,8,8,36.9600,77.5270,completed,81673.03,50321.80,1.7524,8.48,0.0000,0.3841,0.7831,0.2841,1.2094,1.8214,1.0101,0.5892,,
23.4498,10,10,45.0596,68.5087,completed,81672.54,50324.47,1.7520,8.48,0.0000,0.1219,0.2052,0.2682,0.2980,0.5938,0.9247,0.7617,0.4331,0.4318
25.8902,10,10,42.2895,68.1796,completed,81672.54,50324.47,1.7520,8.48,0.0000,0.3078,0.8539,1.9732,3.8115,7.5415,3.3477,2.0231,0.8111,0.3567
28.7321,10,10,41.2778,70.0098,completed,81672.16,50326.59,1.7518,8.47,0.0000,0.1305,0.3117,1.2259,2.4144,2.6268,1.6226,0.3341,0.3047,0.3779
34.4362,9,9,45.2854,79.7214,completed,81672.16,50326.59,1.7518,8.47,0.0000,0.0641,0.2181,0.7932,1.6278,1.1552,1.4345,0.4819,0.3600,
47.4149,7,7,26.8257,74.2397,completed,81671.74,50328.85,1.7524,8.47,0.0000,0.2182,0.6052,1.3783,0.6920,0.6171,0.5819,,,
45.2887,8,8,34.7449,80.0330,completed,81671.74,50328.85,1.7524,8.47,0.0000,0.1879,0.3785,0.9231,1.2811,1.2887,0.7467,0.3606,,
57.4361,6,6,24.2395,81.6755,completed,81671.32,50331.15,1.7516,8.45,0.0000,0.4429,0.3182,0.9602,0.3814,0.6194,,,,
28.3851,10,4,14.3476,42.7326,converged,81671.32,50331.15,1.7516,8.45,0.0000,0.1205,0.1671,0.0865,,,,,,
24.1616,10,10,34.9134,59.0745,completed,81670.98,50333.00,1.7509,8.45,0.0000,0.1020,0.1689,0.5791,1.2168,0.6498,0.4122,0.2594,0.2217,0.3582
51.2036,7,7,27.9291,79.1321,completed,81670.98,50333.00,1.7509,8.45,0.0000,0.1863,0.5250,4.1831,4.3503,2.0933,1.1520,,,
23.5682,10,10,46.0175,69.5856,completed,81670.56,50335.31,1.7509,8.45,0.0000,0.1744,0.3051,0.6688,0.9791,0.6583,0.7288,0.6324,0.1848,0.2027
56.3158,6,6,24.2838,80.5988,completed,81670.56,50335.31,1.7509,8.45,0.0000,0.5451,0.2659,0.6285,0.9279,0.5876,,,,
44.6686,8,8,33.0464,77.7145,completed,81670.14,50337.63,1.7515,8.45,0.0000,0.2011,0.2885,0.6766,1.7874,1.2925,0.2897,0.1903,,
28.5490,10,10,39.6583,68.2073,completed,81670.14,50337.63,1.7515,8.45,0.0000,0.2177,0.2170,0.1342,0.1506,0.7162,0.1417,0.4977,0.4487,0.3494
26.1447,10,10,38.7798,64.9238,completed,81669.71,50339.95,1.7517,8.45,0.0000,0.3802,0.8274,1.6165,3.0534,5.2329,3.0150,1.6970,0.7544,0.3556
47.6389,7,7,27.9544,75.5924,completed,81669.71,50339.95,1.7517,8.45,0.0000,0.3402,0.2627,0.2788,0.8862,0.4384,0.4030,,,
56.7215,6,6,23.9107,80.6317,completed,81669.30,50342.20,1.7517,8.45,0.0000,0.1627,0.4448,3.1627,2.2332,1.1428,,,,
33.6659,10,10,40.0245,73.6896,completed,81669.30,50342.20,1.7517,8.45,0.0000,0.2261,0.2300,0.1126,0.3822,1.0532,0.6860,0.7272,0.5487,0.3596
51.7233,7,7,33.3380,85.0610,completed,81668.89,50344.44,1.7523,8.44,0.0000,0.2932,0.1746,2.3951,2.3455,1.5824,0.8233,,,
20.0644,10,4,16.0454,36.1095,converged,81668.89,50344.44,1.7523,8.44,0.0000,0.2767,0.2830,0.0591,,,,,,
28.3983,10,10,36.5451,64.9431,converged,81668.50,50346.60,1.7519,8.44,0.0000,0.3766,0.5030,0.6035,1.9939,3.2734,3.2153,1.1554,0.3106,0.0928
55.4423,6,6,29.9392,85.3812,completed,81668.50,50346.60,1.7519,8.44,0.0000,0.5313,0.3251,0.8853,0.5800,0.3676,,,,
28.0163,10,10,39.7916,67.8077,completed,81668.05,50349.04,1.7525,8.44,0.0000,0.2432,0.2722,0.2188,1.0465,2.3985,1.2773,1.0085,0.5268,0.3857
29.9733,10,10,47.2492,77.2222,completed,81668.05,50349.04,1.7525,8.44,0.0000,0.2217,0.2473,0.1581,0.2113,0.4954,0.5038,0.5373,0.3982,0.3709
20.7233,10,10,42.8290,63.5520,completed,81667.64,50351.25,1.7524,8.44,0.0000,0.3465,0.4154,0.3460,0.1844,0.7616,0.7945,0.4480,0.2834,0.2934
59.2077,5,5,30.2696,89.4766,completed,81667.64,50351.25,1.7524,8.44,0.0000,0.3577,0.2351,0.5296,0.4778,,,,,
56.2138,6,6,26.8079,83.0210,completed,81667.25,50353.40,1.7524,8.43,0.0000,0.4185,0.6558,4.9957,2.7796,1.3755,,,,
35.1039,9,4,20.5801,55.6831,converged,81667.25,50353.40,1.7524,8.43,0.0000,0.2516,0.2420,0.0813,,,,,,
44.3060,8,8,42.0692,86.3743,completed,81666.83,50355.68,1.7523,8.43,0.0000,0.2657,0.2340,0.3091,1.6750,1.2996,0.8755,0.5480,,
26.8759,10,10,42.3819,69.2569,completed,81666.83,50355.68,1.7523,8.43,0.0000,0.2403,0.2754,0.2581,0.4202,0.5339,0.3617,0.1630,0.1866,0.2840
31.2556,10,10,43.1177,74.3728,completed,81666.42,50357.90,1.7531,8.43,0.0000,0.2929,0.3725,0.4394,0.9811,1.5164,1.4969,0.8751,0.1543,0.1991
54.8144,6,6,27.8806,82.6946,completed,81666.42,50357.90,1.7531,8.43,0.0000,0.3380,0.1787,1.5102,1.1063,0.6639,,,,
48.6483,7,7,27.5569,76.2049,completed,81665.95,50360.44,1.7528,8.42,0.0000,0.2983,0.3289,0.2990,0.4251,0.2819,0.3097,,,
51.6434,7,7,30.9966,82.6397,completed,81665.95,50360.44,1.7528,8.42,0.0000,0.2941,0.2417,0.2255,0.6602,0.5127,0.3441,,,
34.2801,9,9,38.1025,72.3825,completed,81665.53,50362.68,1.7526,8.42,0.0000,0.1208,0.1449,0.3097,0.3471,0.5825,0.3942,0.3256,0.2539,
56.3686,6,6,23.5216,79.8896,completed,81665.53,50362.68,1.7526,8.42,0.0000,0.4519,0.6291,1.8487,1.8052,0.6661,,,,
48.6876,7,7,32.5103,81.1974,completed,81665.14,50364.84,1.7526,8.42,0.0000,0.2281,0.3928,1.0218,1.7396,1.2796,0.4080,,,
36.0685,9,9,37.4786,73.5466,completed,81665.14,50364.84,1.7526,8.42,0.0000,0.2251,0.2237,0.2152,0.2935,0.3233,0.5979,0.3737,0.2896,
51.2495,7,7,32.5689,83.8179,completed,81664.73,50367.08,1.7523,8.41,0.0000,0.2084,0.3679,1.3733,2.0518,1.7265,0.9986,,,
44.3913,8,8,31.4738,75.8649,completed,81664.73,50367.08,1.7523,8.41,0.0000,0.2115,0.1584,0.1132,0.3677,0.8588,0.5610,0.4251,,
37.2526,9,9,31.9861,69.2381,completed,81664.27,50369.57,1.7522,8.41,0.0000,0.2260,0.2643,0.4130,0.8190,0.9741,0.9036,0.4487,0.1295,
41.9938,8,8,49.5076,91.5006,completed,81664.27,50369.57,1.7522,8.41,0.0000,0.1675,0.2120,0.5047,2.1881,2.2676,1.2606,0.7189,,
45.2167,8,8,36.0917,81.3077,completed,81663.83,50371.98,1.7522,8.41,0.0000,0.0823,0.6839,1.5615,3.2832,3.1700,1.4751,0.7259,,
44.7244,8,8,42.7737,87.4977,completed,81663.83,50371.98,1.7522,8.41,0.0000,0.1764,0.1445,0.2739,0.5533,0.2153,0.3990,0.3510,,
26.5764,10,9,33.7777,60.3537,converged,81663.36,50374.53,1.7528,8.41,0.0000,0.1237,0.1447,0.2628,0.5283,0.4937,0.5203,0.3840,0.0731,
52.2511,6,6,32.0569,84.3079,completed,81663.36,50374.53,1.7528,8.41,0.0000,0.2058,0.2100,0.6698,0.4386,0.2783,,,,
56.3195,6,6,32.1678,88.4869,completed,81662.97,50376.60,1.7537,8.40,0.0000,0.1754,0.4036,0.6697,0.8408,0.3989,,,,
40.6117,8,8,31.4325,72.0436,completed,81662.97,50376.60,1.7537,8.40,0.0000,0.1209,0.2291,0.1220,0.3986,0.3959,0.4054,0.4403,,
53.2644,6,6,22.3849,75.6489,completed,81662.49,50379.24,1.7535,8.40,0.0000,0.0905,0.1854,0.5156,0.7581,0.4823,,,,
30.4542,10,5,17.8495,48.3036,converged,81662.49,50379.24,1.7535,8.40,0.0000,0.0791,0.1104,0.3176,0.0545,,,,,
56.3850,6,6,22.9620,79.3470,completed,81662.06,50381.56,1.7536,8.40,0.0000,0.0784,0.3915,0.6661,0.8614,0.5371,,,,
21.1455,10,10,39.6440,60.7891,completed,81662.06,50381.56,1.7536,8.40,0.0000,0.0571,0.2041,0.5244,0.7486,3.4539,1.2436,0.5351,0.4279,0.2494
43.1499,8,8,39.8099,82.9590,completed,81661.60,50384.03,1.7539,8.40,0.0000,0.0962,0.1222,0.4451,0.2702,0.5001,0.4324,0.1704,,
48.6711,7,7,29.0175,77.6885,completed,81661.60,50384.03,1.7539,8.40,0.0000,0.1287,0.2003,0.5485,0.6101,0.1852,0.1657,,,
55.6605,6,6,23.7715,79.4315,completed,81661.15,50386.51,1.7536,8.40,0.0000,0.1987,0.3804,1.0189,0.8982,0.3972,,,,
21.6670,10,3,14.5058,36.1718,converged,81661.15,50386.51,1.7536,8.40,0.0000,0.0871,0.0721,,,,,,,
41.9931,8,8,37.3561,79.3492,completed,81660.79,50388.42,1.7541,8.39,0.0000,0.1708,0.2743,0.6616,0.9311,1.6070,1.0496,0.4953,,
44.7699,8,8,39.0295,83.7986,completed,81660.79,50388.42,1.7541,8.39,0.0000,0.0530,0.4400,0.5598,1.0117,1.4920,0.8948,0.4137,,
55.0828,6,6,24.4063,79.4883,completed,81660.35,50390.80,1.7543,8.39,0.0000,0.0616,0.4138,0.2521,1.2325,0.6357,,,,
49.6376,7,7,25.1073,74.7443,completed,81660.35,50390.80,1.7543,8.39,0.0000,0.0935,0.1100,0.9189,1.5199,1.2921,0.2797,,,
49.4907,7,7,27.6692,77.1592,completed,81659.93,50393.11,1.7545,8.39,0.0000,0.0321,0.2816,0.1367,0.8962,1.2326,0.4789,,,
41.8924,8,8,28.1664,70.0585,completed,81659.93,50393.11,1.7545,8.39,0.0000,0.1711,0.9298,2.2274,1.1177,1.7324,0.9689,0.4575,,
55.4324,6,6,25.9721,81.4041,completed,81659.54,50395.17,1.7547,8.39,0.0000,0.2774,1.8634,0.6828,1.2641,0.6427,,,,
28.5564,10,4,13.8688,42.4248,converged,81659.54,50395.17,1.7547,8.39,0.0000,0.0648,0.1449,0.0670,,,,,,
38.3954,9,9,34.9056,73.3007,completed,81659.13,50397.40,1.7546,8.39,0.0000,0.0952,0.1239,0.3688,0.6987,0.5405,0.7726,0.5632,0.1743,
54.4054,6,6,25.2824,79.6875,completed,81659.13,50397.40,1.7546,8.39,0.0000,0.1654,0.8915,3.1840,0.6420,0.3325,,,,
56.6395,6,6,33.0485,89.6876,completed,81658.67,50399.87,1.7548,8.39,0.0000,0.1606,0.2850,0.8570,0.9385,0.5141,,,,
22.5981,10,10,35.8047,58.4027,completed,81658.67,50399.87,1.7548,8.39,0.0000,0.0684,0.3241,0.6254,0.1230,0.4080,0.7117,0.6895,0.3283,0.2183
34.0802,9,3,11.2935,45.3736,converged,81658.24,50402.18,1.7547,8.38,0.0000,0.1055,0.0968,,,,,,,
34.0743,9,5,19.3377,53.4117,converged,81658.24,50402.18,1.7547,8.38,0.0000,0.1225,0.6349,1.0831,0.0668,,,,,
29.5597,10,3,9.2217,38.7808,converged,81657.87,50404.19,1.7548,8.38,0.0000,0.0820,0.0659,,,,,,,
56.8691,6,6,23.4053,80.2743,completed,81657.87,50404.19,1.7548,8.38,0.0000,0.4955,1.8111,4.0066,1.3004,0.5609,,,,
23.1536,10,3,11.1399,34.2929,converged,81657.55,50405.88,1.7550,8.38,0.0000,0.0920,0.0747,,,,,,,
55.5130,6,6,27.0335,82.5466,completed,81657.55,50405.88,1.7550,8.38,0.0000,0.7155,1.8745,0.8212,0.6247,0.3280,,,,
43.8240,8,8,27.5002,71.3242,converged,81657.14,50408.10,1.7551,8.38,0.0000,0.0769,0.1914,0.1414,0.6926,0.6333,0.4029,0.0832,,
52.5853,6,6,23.2287,75.8137,completed,81657.14,50408.10,1.7551,8.38,0.0000,0.7510,0.7156,2.2055,1.0871,0.5264,,,,
56.0686,6,6,24.7865,80.8546,completed,81656.74,50410.24,1.7557,8.38,0.0000,0.1807,1.0556,2.1288,1.2541,0.6113,,,,
47.2855,7,7,26.2174,73.5025,completed,81656.74,50410.24,1.7557,8.38,0.0000,0.8942,2.7505,0.8857,1.3079,0.8845,0.4471,,,
49.0528,7,7,28.6204,77.6724,completed,81656.31,50412.46,1.7568,8.38,0.0000,0.1279,0.3081,0.6474,0.9425,0.7142,0.2513,,,
58.2249,5,5,27.3004,85.5245,completed,81656.31,50412.46,1.7568,8.38,0.0000,1.6048,0.1747,0.8558,0.5497,,,,,
52.4315,6,6,33.7909,86.2219,completed,81655.84,50414.92,1.7575,8.37,0.0000,0.1631,0.3618,0.4518,0.2187,0.2498,,,,
24.9965,10,10,46.5345,71.5305,completed,81655.84,50414.92,1.7575,8.37,0.0000,0.6989,1.6284,3.2111,3.6478,2.6678,1.3890,0.5981,0.2776,0.1546
52.8037,6,6,26.1480,78.9511,completed,81655.33,50417.62,1.7572,8.37,0.0000,0.0550,0.5618,0.6065,1.1005,0.6445,,,,
29.1892,10,10,47.5054,76.6945,completed,81655.33,50417.62,1.7572,8.37,0.0000,0.2643,0.5691,1.0945,0.9309,0.5724,0.3336,0.2577,0.1819,0.1456
24.0301,10,3,14.3525,38.3825,converged,81654.92,50419.85,1.7564,8.37,0.0000,0.0556,0.0592,,,,,,,
54.4752,6,6,23.6424,78.1174,completed,81654.92,50419.85,1.7564,8.37,0.0000,0.7436,1.9327,3.2356,1.9139,0.8625,,,,
36.5565,9,3,15.0209,51.5769,converged,81654.55,50421.85,1.7562,8.36,0.0000,0.0487,0.0655,,,,,,,
25.4412,10,10,48.6043,74.0454,converged,81654.55,50421.85,1.7562,8.36,0.0000,0.2741,0.5964,0.6963,0.5237,3.1702,0.7016,0.9574,0.4417,0.0779
44.2724,8,3,15.4789,59.7510,converged,81654.14,50424.03,1.7564,8.36,0.0000,0.0648,0.0902,,,,,,,
55.9147,6,6,40.1939,96.1080,completed,81654.14,50424.03,1.7564,8.36,0.0000,0.4328,1.0963,0.7644,1.1171,0.4521,,,,
59.6668,5,5,28.4172,88.0832,completed,81653.70,50426.38,1.7562,8.36,0.0000,0.0730,0.1137,0.7067,0.6628,,,,,
49.3995,7,7,29.4953,78.8943,completed,81653.70,50426.38,1.7562,8.36,0.0000,0.2935,1.0445,1.1641,1.1216,0.8911,0.3651,,,
32.9056,10,10,36.8315,69.7365,converged,81653.23,50428.89,1.7558,8.36,0.0000,0.0361,0.1683,0.3546,0.2277,0.6140,0.3790,0.4188,0.1903,0.0799
34.1383,9,9,37.5913,71.7293,completed,81653.23,50428.89,1.7558,8.36,0.0000,0.4565,1.0041,0.6348,0.6318,1.5740,0.5043,0.2164,0.1301,
52.3522,6,6,22.7250,75.0770,completed,81652.82,50431.11,1.7553,8.37,0.0000,0.1437,0.2838,1.1562,1.4075,0.9277,,,,
52.8261,6,6,28.4344,81.2604,completed,81652.82,50431.11,1.7553,8.37,0.0000,0.6441,0.4526,0.6562,0.2401,0.1106,,,,
40.1298,8,8,35.9480,76.0771,completed,81652.40,50433.41,1.7542,8.37,0.0000,0.0878,0.1085,0.2374,0.6583,0.5060,0.6147,0.2521,,
50.3170,7,7,34.6945,85.0115,completed,81652.40,50433.41,1.7542,8.37,0.0000,0.1762,0.7023,0.6987,0.8392,0.6985,0.3206,,,
48.2867,7,3,10.6969,58.9829,converged,81651.91,50436.05,1.7545,8.37,0.0000,0.0303,0.0625,,,,,,,
41.1281,8,8,44.5749,85.7030,completed,81651.91,50436.05,1.7545,8.37,0.0000,0.0502,0.3335,1.3422,2.3779,0.9277,0.7429,0.3100,,
49.5140,7,4,19.9600,69.4740,converged,81651.55,50437.93,1.7541,8.37,0.0000,0.0324,0.1738,0.0574,,,,,,
48.7022,7,7,41.3011,90.0031,completed,81651.55,50437.93,1.7541,8.37,0.0000,0.1017,0.3083,0.2564,0.8761,0.8658,0.3247,,,
57.6725,6,6,25.8098,83.4818,completed,81651.03,50440.73,1.7539,8.37,0.0000,0.0587,0.3542,0.5679,0.4195,0.3537,,,,
28.2070,10,3,15.0071,43.2141,converged,81651.03,50440.73,1.7539,8.37,0.0000,0.0216,0.0955,,,,,,,
53.6680,6,6,35.5331,89.2012,completed,81650.62,50442.92,1.7538,8.37,0.0000,0.1030,0.1266,0.5695,1.8117,1.1489,,,,
47.8193,7,7,31.7980,79.6171,completed,81650.62,50442.92,1.7538,8.37,0.0000,0.0284,0.4736,1.6407,0.4630,0.7408,0.2743,,,
55.9772,6,6,32.2313,88.2083,completed,81650.17,50445.33,1.7531,8.37,0.0000,0.0561,0.8191,1.9173,1.2449,0.6116,,,,
28.0551,10,10,36.0316,64.0866,completed,81650.17,50445.33,1.7531,8.37,0.0000,0.1291,0.3642,0.9186,0.7534,0.8633,0.3263,0.4823,0.3913,0.2703
20.2353,10,3,9.2784,29.5134,converged,81649.71,50447.79,1.7525,8.36,0.0000,0.0241,0.0928,,,,,,,
20.8611,10,10,37.8369,58.6980,completed,81649.71,50447.79,1.7525,8.36,0.0000,0.1301,0.2698,0.4402,0.5353,1.6124,1.1675,0.9422,0.5207,0.2499
34.1973,9,5,19.6695,53.8665,converged,81649.41,50449.44,1.7518,8.36,0.0000,0.0311,0.1582,0.5368,0.0757,,,,,
55.7578,6,6,25.8170,81.5740,completed,81649.41,50449.44,1.7518,8.36,0.0000,0.4761,1.4758,1.0632,1.0131,0.4103,,,,
37.8923,9,3,10.1802,48.0722,converged,81649.00,50451.66,1.7517,8.36,0.0000,0.0297,0.0897,,,,,,,
32.7119,10,10,48.4985,81.2100,completed,81649.00,50451.66,1.7517,8.36,0.0000,0.1087,0.2597,0.6185,0.9729,1.4249,0.9749,0.7711,0.4155,0.2104
28.3724,10,3,13.9110,42.2831,converged,81648.62,50453.79,1.7516,8.36,0.0000,0.0290,0.0941,,,,,,,
28.8450,10,10,45.7081,74.5521,completed,81648.62,50453.79,1.7516,8.36,0.0000,0.1330,0.3624,0.8276,0.6451,0.1524,0.2331,0.4813,0.2002,0.1812
34.8709,9,9,46.2372,81.1072,completed,81648.25,50455.83,1.7515,8.35,0.0000,0.0398,0.1572,0.5702,0.4220,0.3087,0.3196,0.1814,0.1377,
21.6802,10,10,41.4017,63.0817,completed,81648.25,50455.83,1.7515,8.35,0.0000,0.2007,0.4996,1.2356,1.2336,0.8832,1.0891,0.5911,0.3012,0.2548
45.6003,8,5,26.3266,71.9267,converged,81647.86,50457.98,1.7517,8.35,0.0000,0.0430,0.2396,0.7391,0.0919,,,,,
52.5003,6,6,24.1117,76.6117,completed,81647.86,50457.98,1.7517,8.35,0.0000,0.5464,1.8105,1.1545,1.0574,0.4670,,,,
50.2792,7,7,29.1461,79.4251,completed,81647.48,50460.04,1.7514,8.35,0.0000,0.0727,0.4911,0.6123,0.2277,0.2181,0.2025,,,
48.5965,7,7,36.0380,84.6341,completed,81647.48,50460.04,1.7514,8.35,0.0000,0.3771,0.8250,1.0074,0.1461,0.5679,0.1849,,,
46.1766,7,7,35.4761,81.6521,completed,81647.02,50462.56,1.7521,8.35,0.0000,0.0293,0.4501,1.9521,1.5494,1.1124,0.5095,,,
59.3792,5,5,25.0170,84.3960,completed,81647.02,50462.56,1.7521,8.35,0.0000,0.6430,1.7468,2.1581,1.1396,,,,,
29.5592,10,10,51.6140,81.1731,converged,81646.52,50465.28,1.7527,8.35,0.0000,0.0791,0.2155,0.6761,0.6412,0.4285,0.2380,0.6234,0.3381,0.0978
28.3093,10,10,55.8930,84.2020,completed,81646.52,50465.28,1.7527,8.35,0.0000,0.1554,0.4212,1.0243,0.5667,0.5037,0.3975,0.4370,0.4626,0.2829
59.1801,5,5,20.2610,79.4410,completed,81646.07,50467.75,1.7523,8.35,0.0000,0.0742,0.9629,1.0818,0.5350,,,,,
41.5385,8,8,30.4806,72.0186,completed,81646.07,50467.75,1.7523,8.35,0.0000,0.2133,0.5536,0.7202,0.9377,0.4123,0.3520,0.3440,,
34.5824,9,9,34.3320,68.9140,completed,81645.66,50469.98,1.7526,8.35,0.0000,0.0136,0.1446,0.6856,0.2290,0.1568,0.2186,0.2341,0.2251,
53.1037,6,6,21.8522,74.9552,completed,81645.66,50469.98,1.7526,8.35,0.0000,0.3736,2.6057,2.6766,2.2218,0.9894,,,,
47.9494,7,3,10.8930,58.8421,converged,81645.25,50472.20,1.7515,8.34,0.0000,0.0572,0.0859,,,,,,,
23.2124,10,3,11.5234,34.7354,converged,81645.25,50472.20,1.7515,8.34,0.0000,0.0252,0.0963,,,,,,,
46.1821,7,7,27.8953,74.0774,completed,81644.93,50473.94,1.7518,8.34,0.0000,0.0407,0.4832,1.7276,1.8411,1.6461,0.7163,,,
39.7338,9,3,11.2674,51.0004,converged,81644.93,50473.94,1.7518,8.34,0.0000,0.0868,0.0523,,,,,,,
55.6206,6,3,10.9710,66.5911,converged,81644.50,50476.30,1.7521,8.34,0.0000,0.0454,0.0844,,,,,,,
38.5855,9,9,29.2166,67.8016,converged,81644.50,50476.30,1.7521,8.34,0.0000,0.0213,0.1259,0.2656,0.1195,0.2484,0.3442,0.1706,0.0658,
54.1033,6,6,23.8152,77.9183,completed,81644.08,50478.60,1.7524,8.34,0.0000,0.0690,0.1552,0.4682,0.5125,0.4362,,,,
55.6861,6,6,22.0533,77.7393,completed,81644.08,50478.60,1.7524,8.34,0.0000,0.2490,1.1853,2.2849,2.1896,1.0532,,,,
55.9567,6,4,16.8386,72.7946,converged,81643.71,50480.61,1.7526,8.34,0.0000,0.0453,0.2485,0.0631,,,,,,
44.5688,8,4,15.8246,60.3927,converged,81643.71,50480.61,1.7526,8.34,0.0000,0.1091,0.2232,0.0725,,,,,,
55.5643,6,6,37.4649,93.0289,completed,81643.21,50483.35,1.7532,8.34,0.0000,0.0623,0.1383,0.6903,0.8851,0.3498,,,,
32.6771,10,3,13.9080,46.5850,converged,81643.21,50483.35,1.7532,8.34,0.0000,0.0308,0.0154,,,,,,,
31.2037,10,3,15.6773,46.8804,converged,81642.82,50485.50,1.7540,8.34,0.0000,0.0093,0.0538,,,,,,,
35.6214,9,3,9.3718,44.9929,converged,81642.82,50485.50,1.7540,8.34,0.0000,0.0120,0.0245,,,,,,,
20.8147,10,3,9.1908,30.0049,converged,81642.46,50487.46,1.7539,8.34,0.0000,0.0179,0.0268,,,,,,,
34.2307,9,3,10.2226,44.4527,converged,81642.46,50487.46,1.7539,8.34,0.0000,0.0328,0.0651,,,,,,,
57.5190,6,6,22.3622,79.8812,completed,81642.13,50489.27,1.7541,8.34,0.0000,0.0191,0.2159,0.1499,0.5782,0.3246,,,,
49.0144,7,7,27.2867,76.3007,completed,81642.13,50489.27,1.7541,8.34,0.0000,0.1467,0.1923,0.3648,0.9157,1.3912,0.6927,,,
32.5210,10,3,9.8153,42.3354,converged,81641.70,50491.56,1.7548,8.34,0.0000,0.0596,0.0522,,,,,,,
33.5220,10,10,40.9521,74.4731,completed,81641.70,50491.56,1.7548,8.34,0.0000,0.1433,0.1598,0.1317,0.1373,0.5280,0.6357,0.9422,0.6113,0.2251
22.9754,10,3,13.5296,36.5071,converged,81641.33,50493.53,1.7553,8.34,0.0000,0.0847,0.0754,,,,,,,
27.5138,10,3,22.0215,49.5345,converged,81641.18,50494.35,1.7552,8.34,0.0000,0.0337,0.0418,,,,,,,
21.2148,10,3,12.9158,34.1298,converged,81641.18,50494.35,1.7552,8.34,0.0000,0.0276,0.0157,,,,,,,
22.0564,10,3,9.1834,31.2394,converged,81640.87,50495.99,1.7553,8.34,0.0000,0.0142,0.0415,,,,,,,
56.8681,6,3,9.5401,66.4081,converged,81640.87,50495.99,1.7553,8.34,0.0000,0.1259,0.0971,,,,,,,
51.2225,7,3,9.9636,61.1857,converged,81640.52,50497.89,1.7554,8.34,0.0000,0.0476,0.0400,,,,,,,
23.3192,10,3,9.9930,33.3121,converged,81640.52,50497.89,1.7554,8.34,0.0000,0.0308,0.0674,,,,,,,
42.3167,8,3,10.4408,52.7569,converged,81640.13,50499.94,1.7554,8.35,0.0000,0.0343,0.0853,,,,,,,
27.2064,10,3,12.3873,39.5934,converged,81640.13,50499.94,1.7554,8.35,0.0000,0.0431,0.0758,,,,,,,
25.9894,10,3,20.6460,46.6351,converged,81639.79,50501.75,1.7556,8.35,0.0000,0.0113,0.0432,,,,,,,
56.2389,6,3,16.3874,72.6254,converged,81639.79,50501.75,1.7556,8.35,0.0000,0.0630,0.0314,,,,,,,
31.7596,10,3,9.4476,41.2066,converged,81639.43,50503.71,1.7551,8.35,0.0000,0.0411,0.0120,,,,,,,
32.0083,10,10,37.0236,69.0316,completed,81639.43,50503.71,1.7551,8.35,0.0000,0.1045,0.1285,0.1024,0.1775,0.1195,0.5369,1.0442,0.6767,0.2809
39.8730,9,3,18.9335,58.8056,converged,81639.07,50505.69,1.7549,8.35,0.0000,0.1331,0.0991,,,,,,,
59.7191,5,5,27.6019,87.3209,completed,81639.07,50505.69,1.7549,8.35,0.0000,0.2465,0.1826,1.3292,0.9576,,,,,
28.0251,10,3,9.9319,37.9569,converged,81638.64,50507.96,1.7554,8.35,0.0000,0.1208,0.0763,,,,,,,
48.6277,7,3,13.1884,61.8155,converged,81638.64,50507.96,1.7554,8.35,0.0000,0.1388,0.0913,,,,,,,
36.3652,9,3,13.4656,49.8306,converged,81638.29,50509.88,1.7555,8.35,0.0000,0.1577,0.0896,,,,,,,
53.5080,6,6,22.9811,76.4891,completed,81638.29,50509.88,1.7555,8.35,0.0000,0.3679,0.2296,1.2816,3.0020,1.3107,,,,
59.7021,5,5,23.3652,83.0672,completed,81637.92,50511.84,1.7559,8.35,0.0000,0.6671,0.2260,2.1609,0.9861,,,,,
46.8500,7,3,13.7416,60.5916,converged,81637.92,50511.84,1.7559,8.35,0.0000,0.0592,0.0916,,,,,,,
33.4654,10,3,12.4088,45.8738,converged,81637.47,50514.25,1.7567,8.35,0.0000,0.1076,0.0242,,,,,,,
20.0416,10,3,11.2938,31.3349,converged,81637.47,50514.25,1.7567,8.35,0.0000,0.0302,0.0265,,,,,,,
29.4502,10,4,13.3653,42.8154,converged,81637.14,50515.94,1.7572,8.35,0.0000,0.1399,0.1020,0.0475,,,,,,
50.6242,7,7,28.0637,78.6877,completed,81637.14,50515.94,1.7572,8.35,0.0000,0.0665,0.2752,1.7867,1.0865,0.1487,0.1387,,,
41.6055,8,8,29.9452,71.5502,completed,81636.73,50518.16,1.7566,8.35,0.0000,0.2888,0.1039,0.1486,0.9457,1.7111,0.9245,0.4099,,
58.3175,5,5,25.3196,83.6366,completed,81636.73,50518.16,1.7566,8.35,0.0000,0.2355,1.1890,0.3891,0.4291,,,,,
22.5098,10,4,14.0874,36.5965,converged,81636.27,50520.62,1.7566,8.34,0.0000,0.1884,0.2046,0.0251,,,,,,
49.9309,7,4,12.4634,62.3934,converged,81636.27,50520.62,1.7566,8.34,0.0000,0.0450,0.1183,0.0700,,,,,,
50.5093,7,7,32.7723,83.2813,completed,81635.93,50522.45,1.7571,8.31,0.0000,0.1683,0.1026,0.1620,1.5318,0.6656,0.2050,,,
53.0919,6,6,28.1320,81.2230,completed,81635.93,50522.45,1.7571,8.31,0.0000,0.4576,0.1386,0.7367,1.0346,0.4698,,,,
50.0376,7,7,30.7698,80.8069,completed,81635.41,50525.20,1.7572,8.30,0.0000,0.2917,0.2063,0.3583,1.4470,0.4867,0.2966,,,
57.0170,6,6,24.3199,81.3359,completed,81635.41,50525.20,1.7572,8.30,0.0000,0.1723,3.7257,6.4451,3.0988,1.5018,,,,
59.9982,5,5,28.3884,88.3864,completed,81635.00,50527.42,1.7563,8.31,0.0000,0.9671,1.0532,2.2623,0.7474,,,,,
30.4072,10,4,12.6677,43.0748,converged,81635.00,50527.42,1.7563,8.31,0.0000,0.4454,0.5373,0.0768,,,,,,
35.0335,9,9,32.4446,67.4777,completed,81634.54,50529.89,1.7566,8.31,0.0000,0.3150,0.5092,0.4650,0.3983,0.9786,0.7531,0.6656,0.2835,
40.4399,8,8,31.9652,72.4042,completed,81634.54,50529.89,1.7566,8.31,0.0000,0.4529,0.1233,3.0372,2.5126,2.0301,1.0231,0.3100,,
42.8001,8,8,36.2649,79.0649,completed,81634.08,50532.35,1.7568,8.32,0.0000,0.3190,0.7058,0.8206,1.9330,1.5182,0.5764,0.4791,,
53.3443,6,6,38.8897,92.2337,completed,81634.08,50532.35,1.7568,8.32,0.0000,0.6937,0.1572,0.2955,0.2976,0.5380,,,,
48.9048,7,7,29.4734,78.3775,completed,81633.63,50534.76,1.7559,8.32,0.0000,0.2006,0.5933,1.0903,1.8441,0.9840,0.5106,,,
41.9707,8,8,33.3636,75.3336,completed,81633.63,50534.76,1.7559,8.32,0.0000,0.3515,0.5438,0.2320,1.4820,0.7752,0.3824,0.2347,,
20.3165,10,10,44.0530,64.3690,completed,81633.20,50537.02,1.7572,8.30,0.0000,0.1894,0.3851,0.5200,0.6862,1.2202,0.8913,0.6105,0.1698,0.1793
50.4157,7,7,25.5857,76.0007,completed,81633.20,50537.02,1.7572,8.30,0.0000,0.2261,0.1320,0.4987,2.5865,0.6381,0.2259,,,
24.3060,10,10,41.3780,65.6831,completed,81632.79,50539.12,1.7568,8.31,0.0000,0.1286,0.3193,0.5023,0.5798,1.0543,0.5451,0.3744,0.2744,0.3894
38.0394,9,4,15.9129,53.9520,converged,81632.79,50539.12,1.7568,8.31,0.0000,0.1084,0.2109,0.0721,,,,,,
48.2927,7,7,33.7038,81.9958,completed,81632.41,50541.11,1.7559,8.31,0.0000,0.0799,0.2275,0.7087,2.0900,1.8058,0.8096,,,
25.7741,10,10,45.9460,71.7200,completed,81632.41,50541.11,1.7559,8.31,0.0000,0.0691,0.1596,0.1034,0.4340,1.4544,0.3791,0.4390,0.2808,0.1905
48.2720,7,7,33.2852,81.5572,completed,81631.99,50543.34,1.7534,8.32,0.0000,0.1551,0.5413,1.4120,1.5302,1.0984,0.5617,,,
37.2529,9,9,36.7479,73.9999,completed,81631.99,50543.34,1.7534,8.32,0.0000,0.0446,0.2598,0.4586,1.0421,0.7934,0.6562,0.8516,0.2438,
46.4576,7,7,29.5321,75.9891,completed,81631.55,50545.70,1.7516,8.32,0.0000,0.4651,0.4412,0.5497,1.0275,0.3574,0.4024,,,
38.8888,9,9,39.4743,78.3623,completed,81631.55,50545.70,1.7516,8.32,0.0000,0.1770,0.2279,0.5939,0.4691,0.7743,0.6939,0.2678,0.1662,
53.7824,6,6,24.1286,77.9106,completed,81631.14,50547.92,1.7467,8.33,0.0000,0.2620,0.7026,2.8414,1.0367,0.6732,,,,
32.4846,10,10,55.5004,87.9845,completed,81631.14,50547.92,1.7467,8.33,0.0000,0.0438,0.1117,0.1954,0.6314,0.8970,0.9246,1.0281,0.6068,0.2710
30.8691,10,10,42.0149,72.8839,completed,81630.70,50550.35,1.7458,8.33,0.0000,0.1542,0.1362,0.1436,0.1758,0.4155,0.3929,0.2427,0.2647,0.2909
44.5242,8,8,35.6897,80.2137,completed,81630.70,50550.35,1.7458,8.33,0.0000,0.0863,0.1511,0.3468,0.4274,0.3549,0.4432,0.3832,,
43.5365,8,8,43.9420,87.4781,completed,81630.24,50552.94,1.7390,8.33,0.0000,0.5519,0.6778,0.9252,0.8292,1.2665,0.3966,0.2537,,
31.7771,10,10,52.9241,84.7011,completed,81630.24,50552.94,1.7390,8.33,0.0000,0.1085,0.1377,0.2194,0.2431,0.5595,0.7935,0.9168,0.3942,0.2855
58.2603,5,5,22.0627,80.3227,completed,81629.85,50555.30,1.7361,8.33,0.0000,0.5435,0.8111,1.2641,0.5850,,,,,
36.8866,9,9,33.1321,70.0181,completed,81629.85,50555.30,1.7361,8.33,0.0000,0.1093,0.1476,0.3010,0.3999,0.7420,0.9453,0.7478,0.2737,
32.2128,10,10,37.2752,69.4872,completed,81629.43,50557.81,1.7270,8.33,0.0000,0.1559,0.1834,0.1836,0.2956,0.5479,0.8808,1.1344,0.4958,0.2554
31.5095,10,10,43.2879,74.7969,completed,81629.43,50557.81,1.7270,8.33,0.0000,0.1052,0.2027,0.4561,0.3153,0.6719,1.2541,0.6596,0.2247,0.2529
24.5902,10,10,48.3912,72.9812,completed,81629.09,50560.03,1.7204,8.28,0.0000,0.1300,0.1773,0.4251,0.5644,0.5906,0.5737,0.3331,0.4509,0.4441
45.1789,8,8,39.7235,84.9015,completed,81629.09,50560.03,1.7204,8.28,0.0000,0.0826,0.1655,0.4740,0.4300,0.6137,0.6907,0.2727,,
39.8246,9,3,10.1826,50.0066,converged,81628.70,50562.64,1.7158,8.03,0.0000,0.1288,0.0366,,,,,,,
30.7074,10,3,11.2742,41.9813,converged,81628.70,50562.64,1.7158,8.03,0.0000,0.0160,0.0308,,,,,,,
33.0613,10,3,10.1466,43.2077,converged,81628.46,50564.24,1.7156,7.67,0.0000,0.0308,0.0559,,,,,,,
58.7827,5,5,30.5815,89.3636,completed,81628.46,50564.24,1.7156,7.67,0.0000,0.1967,0.2734,0.9618,0.3728,,,,,
21.5592,10,3,14.4642,36.0233,converged,81628.18,50566.15,1.7231,7.25,0.0000,0.0270,0.0887,,,,,,,
57.6137,6,6,23.3961,81.0092,completed,81628.18,50566.15,1.7231,7.25,0.0000,0.0946,0.1867,0.3255,0.8891,0.5681,,,,
56.2324,6,6,39.5916,95.8236,completed,81627.89,50568.02,1.7388,6.91,0.0000,0.0571,0.4844,0.6840,0.4176,0.2166,,,,
46.5100,7,3,10.8163,57.3254,converged,81627.89,50568.02,1.7388,6.91,0.0000,0.0552,0.0641,,,,,,,
31.5228,10,10,47.0811,78.6031,completed,81627.56,50569.98,1.7567,6.48,0.0000,0.3569,0.1372,0.6393,2.4424,1.1046,1.0181,0.5728,0.2834,0.2865
51.5285,7,7,34.1491,85.6771,completed,81627.56,50569.98,1.7567,6.48,0.0000,0.0997,0.1887,0.5009,0.2765,0.3646,0.1507,,,
21.1611,10,3,10.9232,32.0842,converged,81627.25,50571.64,1.7788,6.15,0.0000,0.1119,0.0902,,,,,,,
55.4113,6,6,34.5549,89.9659,completed,81627.25,50571.64,1.7788,6.15,0.0000,0.1342,0.1980,0.8757,1.1387,0.2664,,,,
41.2459,8,3,14.1532,55.3982,converged,81626.87,50573.35,1.8075,5.77,0.0000,0.0937,0.0912,,,,,,,
45.7593,8,8,31.3891,77.1482,completed,81626.87,50573.35,1.8075,5.77,0.0000,0.0841,0.1133,0.2006,0.7419,0.4734,0.2517,0.1902,,
23.0878,10,4,21.1923,44.2793,converged,81626.50,50574.80,1.8329,5.23,0.0000,0.0896,0.1497,0.0477,,,,,,
35.8859,9,3,16.9209,52.8060,converged,81626.50,50574.80,1.8329,5.23,0.0000,0.0730,0.0864,,,,,,,
45.5027,8,3,9.7769,55.2790,converged,81626.21,50575.87,1.8514,4.77,0.0000,0.1572,0.0709,,,,,,,
41.1683,8,8,32.1656,73.3336,completed,81626.21,50575.87,1.8514,4.77,0.0000,0.0688,0.1156,0.3090,0.4299,0.9453,0.6726,0.1640,,
44.3938,8,8,30.6832,75.0762,completed,81625.88,50576.97,1.8879,4.30,0.0000,0.0802,0.1801,0.5937,0.5173,0.3998,0.4219,0.1887,,
55.7693,6,6,25.2091,80.9781,completed,81625.88,50576.97,1.8879,4.30,0.0000,0.0914,0.4212,0.3999,0.4356,0.3770,,,,
38.4092,9,9,50.8038,89.2128,completed,81625.51,50578.00,1.9405,3.78,0.0000,0.0693,0.1369,0.5171,1.0804,1.8042,0.6057,0.2536,0.1830,
39.4026,9,3,16.6360,56.0380,converged,81625.51,50578.00,1.9405,3.78,0.0000,0.0378,0.0873,,,,,,,
37.5235,9,3,13.8201,51.3431,converged,81625.10,50579.00,2.0103,3.61,0.0000,0.0604,0.0446,,,,,,,
33.8425,10,3,12.4673,46.3093,converged,81625.10,50579.00,2.0103,3.61,0.0000,0.0835,0.0545,,,,,,,
28.5120,10,3,10.1608,38.6718,converged,81624.73,50579.74,2.0790,3.60,0.0000,0.0644,0.0404,,,,,,,
53.4466,6,6,22.8026,76.2487,completed,81624.73,50579.74,2.0790,3.60,0.0000,0.1086,0.2639,0.3214,0.3141,0.2625,,,,
27.0344,10,3,10.4159,37.4499,converged,81624.22,50580.57,2.1654,3.69,0.0000,0.0807,0.0515,,,,,,,
32.1670,10,3,10.2623,42.4294,converged,81624.22,50580.57,2.1654,3.69,0.0000,0.0945,0.0461,,,,,,,
57.6083,6,6,23.1057,80.7137,completed,81623.74,50581.23,2.2386,3.77,0.0000,0.1180,0.5728,0.4467,0.9958,0.4611,,,,
37.2765,9,9,31.5339,68.8099,completed,81623.74,50581.23,2.2386,3.77,0.0000,0.0820,0.1106,0.6621,0.9080,0.2431,0.4265,0.4254,0.3043,
26.4338,10,3,9.2059,35.6389,converged,81623.04,50582.04,2.3310,3.89,0.0000,0.0432,0.0880,,,,,,,
34.7979,9,9,37.4293,72.2263,completed,81623.04,50582.04,2.3310,3.89,0.0000,0.0700,0.1481,0.7047,1.6067,1.3978,1.0990,0.6733,0.3752,
40.4003,8,8,29.4001,69.8001,completed,81622.37,50582.71,2.4091,4.00,0.0000,0.2042,0.1055,0.4684,0.5640,0.3677,0.1966,0.3059,,
56.5160,6,6,40.4221,96.9381,completed,81622.37,50582.71,2.4091,4.00,0.0000,0.2902,0.4131,1.4182,1.4823,0.5936,,,,
27.9570,10,3,15.9088,43.8658,converged,81621.36,50583.54,2.5228,4.11,0.0000,0.1252,0.0829,,,,,,,
21.8610,10,3,16.4915,38.3516,converged,81621.36,50583.54,2.5228,4.11,0.0000,0.0689,0.0382,,,,,,,
45.4350,8,3,19.3308,64.7658,converged,81620.49,50584.12,2.6100,4.24,0.0000,0.0356,0.0806,,,,,,,
43.3602,8,8,45.4680,88.8281,completed,81620.49,50584.12,2.6100,4.24,0.0000,0.0356,0.1304,0.7876,1.8626,2.1860,0.7041,0.3444,,
20.1013,10,3,14.3496,34.4506,converged,81619.26,50584.76,2.7339,4.30,0.0000,0.0232,0.0572,,,,,,,
46.3304,7,7,26.0162,72.3463,completed,81619.26,50584.76,2.7339,4.30,0.0000,0.0588,0.2593,0.9010,1.4198,0.7968,0.4140,,,
46.9843,7,3,11.1903,58.1743,converged,81618.23,50585.17,2.8281,4.34,0.0000,0.0493,0.0533,,,,,,,
42.6096,8,8,30.9695,73.5786,completed,81618.23,50585.17,2.8281,4.34,0.0000,0.0570,0.1525,0.3821,1.1591,1.9422,0.8532,0.4615,,
44.4982,8,3,11.3373,55.8354,converged,81617.13,50585.49,2.9153,4.38,0.0000,0.0276,0.0638,,,,,,,
55.9193,6,3,11.8066,67.7256,converged,81617.13,50585.49,2.9153,4.38,0.0000,0.0401,0.0715,,,,,,,
31.7109,10,3,10.4225,42.1326,converged,81616.04,50585.71,2.9964,4.42,0.0000,0.0691,0.0599,,,,,,,
23.3638,10,3,12.7284,36.0915,converged,81616.04,50585.71,2.9964,4.42,0.0000,0.0726,0.0672,,,,,,,
41.7719,8,3,13.3548,55.1258,converged,81615.16,50585.83,3.0521,4.51,0.0000,0.0628,0.0389,,,,,,,
45.4936,8,3,11.8102,57.3033,converged,81615.16,50585.83,3.0521,4.51,0.0000,0.0539,0.0243,,,,,,,
31.6946,10,3,10.6089,42.3030,converged,81614.05,50585.90,3.1207,4.74,0.0000,0.0809,0.0670,,,,,,,
26.6771,10,3,10.5244,37.2014,converged,81614.05,50585.90,3.1207,4.74,0.0000,0.0492,0.0364,,,,,,,
57.5398,6,3,9.8522,67.3913,converged,81612.92,50585.91,-3.1050,5.07,0.0000,0.1621,0.0443,,,,,,,
26.2134,10,4,12.7295,38.9425,converged,81612.92,50585.91,-3.1050,5.07,0.0000,0.1146,0.1216,0.0723,,,,,,
20.5413,10,5,16.1745,36.7155,converged,81611.88,50585.86,-3.0564,5.36,0.0000,0.1640,0.1985,0.1278,0.0477,,,,,
40.5595,8,3,11.0228,51.5818,converged,81611.88,50585.86,-3.0564,5.36,0.0000,0.0970,0.0685,,,,,,,
21.0074,10,10,41.4421,62.4492,completed,81610.65,50585.75,-3.0100,5.71,0.0000,0.2357,0.3555,0.3392,0.2450,0.3702,0.5804,0.6134,0.4375,0.2217
37.0156,9,9,34.4563,71.4714,completed,81610.65,50585.75,-3.0100,5.71,0.0000,0.1484,0.2463,0.3219,0.1825,0.2703,0.6907,0.5705,0.4316,
46.8236,7,7,27.9939,74.8169,completed,81609.24,50585.55,-2.9713,6.01,0.0000,0.2159,0.3119,0.1935,0.1810,0.3441,0.2423,,,
52.8275,6,6,23.1446,75.9716,completed,81609.24,50585.55,-2.9713,6.01,0.0000,0.2430,0.4445,0.6296,0.8658,0.7491,,,,
45.9600,8,8,28.7583,74.7184,completed,81607.41,50585.22,-2.9397,6.18,0.0000,0.1820,0.3176,0.3637,0.4676,1.2574,1.5450,0.9576,,
42.6748,8,8,44.8652,87.5392,completed,81607.41,50585.22,-2.9397,6.18,0.0000,0.0307,0.2097,0.3377,0.4050,0.6472,0.4625,0.2830,,
25.9487,10,10,56.4241,82.3722,completed,81605.59,50584.86,-2.9289,6.42,0.0000,0.0280,0.1405,0.2574,0.3751,0.2579,0.5843,0.4484,0.2314,0.2189
52.7286,6,6,26.2132,78.9413,completed,81605.59,50584.86,-2.9289,6.42,0.0000,0.1531,0.2552,0.5978,0.9265,0.5090,,,,
30.9162,10,3,12.3931,43.3091,converged,81603.64,50584.45,-2.9236,6.76,0.0000,0.0281,0.0613,,,,,,,
39.1007,9,3,11.3873,50.4873,converged,81603.64,50584.45,-2.9236,6.76,0.0000,0.0121,0.0970,,,,,,,
26.0422,10,3,12.6704,38.7125,converged,81602.10,50584.13,-2.9242,6.98,0.0000,0.0089,0.0905,,,,,,,
42.4376,8,8,48.7502,91.1872,completed,81602.10,50584.13,-2.9242,6.98,0.0000,0.0363,0.1500,0.3072,0.5578,0.6285,0.4252,0.2931,,
40.6778,8,8,30.9302,71.6072,completed,81600.26,50583.73,-2.9231,7.23,0.0000,0.0301,0.1528,0.2610,0.7115,0.7739,0.7921,0.6442,,
47.8342,7,7,34.4176,82.2516,completed,81600.26,50583.73,-2.9231,7.23,0.0000,0.0715,0.2205,1.0626,2.8758,4.7545,2.5800,,,
34.9502,9,3,11.4816,46.4316,converged,81598.13,50583.26,-2.9218,7.46,0.0000,0.0198,0.0380,,,,,,,
38.1254,9,9,35.8058,73.9308,completed,81598.13,50583.26,-2.9218,7.46,0.0000,0.0652,0.1687,0.2658,0.9418,0.9838,1.1994,0.7143,0.6033,
21.7927,10,3,12.4977,34.2898,converged,81596.23,50582.84,-2.9227,7.71,0.0000,0.0397,0.0772,,,,,,,
56.9855,6,6,23.0293,80.0143,completed,81596.23,50582.84,-2.9227,7.71,0.0000,0.1683,0.4967,2.0084,1.3953,0.7365,,,,
31.4222,10,3,11.8347,43.2567,converged,81594.37,50582.42,-2.9241,7.95,0.0000,0.0858,0.0655,,,,,,,
20.6613,10,10,41.1323,61.7933,completed,81594.37,50582.42,-2.9241,7.95,0.0000,0.0879,0.1487,0.1811,0.9651,1.8729,1.2559,0.5458,0.4624,0.3088
54.4769,6,6,32.9078,87.3838,completed,81592.53,50582.01,-2.9267,8.17,0.0000,0.2386,0.1070,1.6015,1.1940,0.4692,,,,
57.4354,6,6,21.4889,78.9239,completed,81592.53,50582.01,-2.9267,8.17,0.0000,0.3351,0.3066,1.9128,0.9414,0.3050,,,,
45.3540,8,3,13.1437,58.4977,converged,81590.11,50581.48,-2.9304,8.38,0.0000,0.0986,0.0560,,,,,,,
39.1052,9,9,49.0951,88.2001,completed,81590.11,50581.48,-2.9304,8.38,0.0000,0.3000,0.3394,0.2782,0.9457,1.7933,1.1951,0.5070,0.1586,
53.3891,6,6,38.9984,92.3874,completed,81587.61,50580.95,-2.9350,8.52,0.0000,0.1601,0.3508,0.6565,0.3864,0.1650,,,,
51.7162,7,7,26.7198,78.4358,completed,81587.61,50580.95,-2.9350,8.52,0.0000,0.0933,0.1875,0.7241,0.5816,0.5598,0.1910,,,
44.2287,8,8,46.1854,90.4135,completed,81585.12,50580.42,-2.9378,8.59,0.0000,0.2787,0.3714,0.3787,0.5937,0.9428,0.7280,0.3540,,
46.8214,7,7,26.2123,73.0333,completed,81585.12,50580.42,-2.9378,8.59,0.0000,0.4428,0.4310,0.9272,2.2054,1.5404,0.6363,,,
22.4884,10,10,42.3830,64.8710,completed,81582.58,50579.89,-2.9424,8.63,0.0000,0.1908,0.2092,0.2019,0.2232,0.5841,0.9448,0.4487,0.1753,0.1227
51.8627,7,7,26.7096,78.5716,completed,81582.58,50579.89,-2.9424,8.63,0.0000,0.3492,0.2998,0.5692,1.8414,1.5171,0.6839,,,
59.5394,5,5,20.4706,80.0096,completed,81580.27,50579.42,-2.9453,8.63,0.0000,0.3884,0.3055,0.9139,0.8207,,,,,
44.0732,8,8,46.2065,90.2796,completed,81580.27,50579.42,-2.9453,8.63,0.0000,0.3149,0.2818,0.1562,0.5532,1.9986,0.6948,0.3402,,
40.4287,8,8,29.1385,69.5665,completed,81577.51,50578.86,-2.9491,8.62,0.0000,0.2724,0.2494,0.2728,1.3058,0.6783,0.6416,0.3388,,
42.6084,8,8,34.4431,77.0512,completed,81577.51,50578.86,-2.9491,8.62,0.0000,0.5216,0.6150,0.2260,0.3877,2.6742,1.6003,0.5521,,
31.5977,10,10,44.6521,76.2491,completed,81575.26,50578.42,-2.9515,8.61,0.0000,0.3109,0.3067,0.1570,0.5310,1.4324,0.7170,0.4815,0.2937,0.2138
43.4322,8,8,33.3241,76.7561,completed,81575.26,50578.42,-2.9515,8.61,0.0000,0.2960,0.3460,0.3292,1.6700,0.3552,1.2225,0.3812,,
51.8794,7,7,30.7103,82.5894,completed,81573.00,50577.98,-2.9544,8.57,0.0000,0.7081,0.2450,1.5525,0.2703,0.6365,0.3451,,,
22.9930,10,4,15.1799,38.1729,converged,81573.00,50577.98,-2.9544,8.57,0.0000,0.2682,0.2689,0.0813,,,,,,
59.6023,5,5,20.8613,80.4633,completed,81570.77,50577.55,-2.9571,8.56,0.0000,1.0109,0.9534,2.5100,1.2112,,,,,
42.5166,8,8,33.1040,75.6200,completed,81570.77,50577.55,-2.9571,8.56,0.0000,0.4065,0.1058,1.7916,3.5409,1.9461,0.7613,0.4671,,
53.7284,6,6,28.9568,82.6848,completed,81568.53,50577.13,-2.9588,8.55,0.0000,0.7275,0.3726,4.2156,2.3543,0.9609,,,,
31.1471,10,10,54.0098,85.1568,completed,81568.53,50577.13,-2.9588,8.55,0.0000,0.4214,0.2872,0.8523,2.2860,1.1303,0.2875,0.7779,0.4868,0.2849
56.1371,6,6,21.2375,77.3745,completed,81566.01,50576.66,-2.9601,8.54,0.0000,0.3119,0.2663,1.5321,1.1859,0.3936,,,,
28.9956,10,3,10.0349,39.0299,converged,81566.01,50576.66,-2.9601,8.54,0.0000,0.3136,0.0485,,,,,,,
21.6280,10,10,51.7313,73.3594,completed,81563.86,50576.26,-2.9630,8.54,0.0000,0.2707,0.3947,0.4558,0.4921,2.1773,1.8434,1.2511,0.4802,0.1929
29.5941,10,10,43.6575,73.2517,completed,81563.86,50576.26,-2.9630,8.54,0.0000,0.2730,0.2905,0.1395,1.1724,1.8134,1.8435,0.6617,0.3000,0.1131
48.4817,7,7,31.5044,79.9855,completed,81561.51,50575.84,-2.9629,8.54,0.0000,0.3157,0.5621,0.4937,2.6531,0.7744,0.3566,,,
55.6141,6,6,24.1451,79.7591,completed,81561.51,50575.84,-2.9629,8.54,0.0000,0.4087,0.2416,1.5563,1.2566,0.8036,,,,
56.3158,6,6,41.8856,98.2006,completed,81559.01,50575.38,-2.9647,8.54,0.0000,0.1978,0.3257,1.1139,0.7873,0.6083,,,,
49.5756,7,7,34.4665,84.0416,completed,81559.01,50575.38,-2.9647,8.54,0.0000,0.2189,0.2540,0.9712,1.7209,0.8129,0.5441,,,
29.6259,10,10,36.8378,66.4629,completed,81556.48,50574.93,-2.9649,8.54,0.0000,0.1215,0.1982,0.1671,0.5501,1.5461,1.2177,0.8000,0.4667,0.2407
27.6232,10,10,50.5773,78.2004,completed,81556.48,50574.93,-2.9649,8.54,0.0000,0.1021,0.1430,0.1064,0.6067,1.0798,0.4530,0.5649,0.3633,0.3885
48.9365,7,7,28.8717,77.8077,completed,81554.24,50574.52,-2.9654,8.54,0.0000,0.1383,0.4215,0.9289,0.6894,0.6523,0.2511,,,
46.6715,7,3,15.1838,61.8548,converged,81554.24,50574.52,-2.9654,8.54,0.0000,0.1083,0.0993,,,,,,,
27.0239,10,3,16.5092,43.5322,converged,81552.00,50574.13,-2.9685,8.54,0.0000,0.0694,0.0860,,,,,,,
43.7452,8,8,34.6123,78.3573,completed,81552.00,50574.13,-2.9685,8.54,0.0000,0.1269,0.1299,0.5351,0.4960,0.4439,1.0206,0.4955,,
55.1604,6,6,24.9575,80.1175,completed,81549.75,50573.73,-2.9700,8.54,0.0000,0.1434,0.1545,0.6394,1.2191,0.7368,,,,
21.2510,10,4,17.5394,38.7904,converged,81549.75,50573.73,-2.9700,8.54,0.0000,0.1196,0.1211,0.0712,,,,,,
32.6368,10,4,18.1477,50.7837,converged,81547.79,50573.39,-2.9707,8.52,0.0000,0.0947,0.1235,0.0539,,,,,,
26.5647,10,3,17.0379,43.6019,converged,81547.79,50573.39,-2.9707,8.52,0.0000,0.0693,0.0601,,,,,,,
59.1876,5,5,18.3497,77.5367,completed,81545.83,50573.05,-2.9736,8.53,0.0000,0.1813,1.2255,1.0632,1.4161,,,,,
32.9439,10,10,37.0840,70.0271,completed,81545.83,50573.05,-2.9736,8.53,0.0000,0.1077,0.1808,0.5005,1.0696,0.3317,0.4855,0.4809,0.4006,0.3270
58.8022,5,5,19.6976,78.4997,completed,81543.72,50572.70,-2.9745,8.53,0.0000,0.2617,1.4129,1.8070,0.8154,,,,,
30.4609,10,3,13.0825,43.5426,converged,81543.72,50572.70,-2.9745,8.53,0.0000,0.0357,0.0793,,,,,,,
27.7203,10,10,46.6769,74.3969,completed,81541.32,50572.30,-2.9804,8.48,0.0000,0.0915,0.1625,0.3058,0.8337,1.0341,0.6935,0.4291,0.1991,0.3285
58.0085,5,5,26.1089,84.1169,completed,81541.32,50572.30,-2.9804,8.48,0.0000,0.1535,1.3169,0.8959,0.5059,,,,,
41.3774,8,8,35.7313,77.1083,completed,81538.84,50571.90,-2.9825,8.15,0.0000,0.1501,0.2861,0.6796,0.7219,0.3071,0.4342,0.2683,,
20.3578,10,10,37.7728,58.1298,completed,81538.84,50571.90,-2.9825,8.15,0.0000,0.0693,0.1355,0.2582,0.7563,0.9803,0.6037,0.2254,0.1810,0.1856
29.5734,10,10,34.6700,64.2430,completed,81536.75,50571.56,-2.9849,7.69,0.0000,0.0705,0.1037,0.1716,0.5062,0.4666,0.3592,0.4962,0.2581,0.2360
20.2268,10,10,35.0177,55.2437,completed,81536.75,50571.56,-2.9849,7.69,0.0000,0.0548,0.1119,0.1927,0.6291,0.8896,0.6658,0.4095,0.2338,0.2000
25.5392,10,3,11.4087,36.9477,converged,81534.86,50571.26,-2.9840,7.29,0.0000,0.0772,0.0645,,,,,,,
35.1913,9,3,14.6153,49.8063,converged,81534.86,50571.26,-2.9840,7.29,0.0000,0.0646,0.0810,,,,,,,
54.1323,6,6,22.5777,76.7098,completed,81533.38,50571.02,-2.9832,6.92,0.0000,0.0860,0.6023,1.5037,0.8425,0.4763,,,,
52.2604,6,6,21.8581,74.1182,completed,81533.38,50571.02,-2.9832,6.92,0.0000,0.1423,0.1437,0.3563,0.8301,0.1653,,,,
30.6393,10,3,11.0791,41.7181,converged,81531.48,50570.71,-2.9761,6.46,0.0000,0.0567,0.0357,,,,,,,
50.5652,7,3,11.1456,61.7107,converged,81531.48,50570.71,-2.9761,6.46,0.0000,0.1431,0.0645,,,,,,,
47.9945,7,7,26.6098,74.6038,completed,81529.97,50570.45,-2.9643,6.12,0.0000,0.0957,0.1676,0.8437,1.1498,0.8559,0.4272,,,
44.8589,8,3,10.1717,55.0298,converged,81529.97,50570.45,-2.9643,6.12,0.0000,0.1109,0.0410,,,,,,,
45.5251,8,3,11.2741,56.7992,converged,81528.60,50570.19,-2.9435,5.86,0.0000,0.1104,0.0954,,,,,,,
56.0533,6,6,24.6195,80.6726,completed,81528.60,50570.19,-2.9435,5.86,0.0000,0.1514,0.1511,1.0994,0.4343,0.4500,,,,
37.7600,9,4,15.2407,52.9997,converged,81527.11,50569.86,-2.9171,5.62,0.0000,0.2555,0.2445,0.0966,,,,,,
35.2755,9,9,32.2663,67.5413,completed,81527.11,50569.86,-2.9171,5.62,0.0000,0.1960,0.1728,0.1578,0.2129,0.5045,0.3802,0.2603,0.2828,
22.6412,10,10,39.4786,62.1196,completed,81525.86,50569.56,-2.8856,5.40,0.0000,0.2667,0.1835,0.3037,1.7772,4.2481,3.0023,1.4966,0.3503,0.1783
33.8011,10,10,38.6212,72.4223,completed,81525.86,50569.56,-2.8856,5.40,0.0000,0.1679,0.1175,0.1528,0.7602,2.0900,1.8488,0.8873,0.2859,0.1326
37.2648,9,9,31.4332,68.6972,completed,81524.50,50569.17,-2.8426,5.17,0.0000,0.3268,0.2910,0.1145,1.1740,1.0970,0.6490,0.4105,0.1939,
40.5032,8,8,37.1138,77.6168,completed,81524.50,50569.17,-2.8426,5.17,0.0000,0.2845,0.1395,0.9181,2.4370,0.2102,0.2954,0.2330,,
56.5748,6,6,22.7053,79.2793,completed,81523.22,50568.73,-2.7802,5.01,0.0000,0.3801,0.1582,3.5819,1.0661,0.2508,,,,
42.4691,8,3,13.9477,56.4167,converged,81523.22,50568.73,-2.7802,5.01,0.0000,0.2139,0.0746,,,,,,,
44.0127,8,3,14.6364,58.6484,converged,81521.86,50568.16,-2.7065,4.84,0.0000,0.2435,0.0451,,,,,,,
43.4941,8,3,9.3424,52.8368,converged,81521.86,50568.16,-2.7065,4.84,0.0000,0.1617,0.0239,,,,,,,
51.1229,7,7,23.9283,75.0503,completed,81520.87,50567.66,-2.6305,4.69,0.0000,0.1872,0.3394,2.9285,4.5810,1.2512,0.4922,,,
54.7771,6,6,31.7761,86.5532,completed,81520.87,50567.66,-2.6305,4.69,0.0000,0.2859,0.6296,3.8377,3.4078,0.8487,,,,
36.6777,9,9,37.8873,74.5644,completed,81519.70,50566.93,-2.5242,4.57,0.0000,0.2553,0.1278,0.7752,3.1515,4.8094,2.3559,0.8050,0.2198,
52.2233,6,6,41.1573,93.3803,completed,81519.70,50566.93,-2.5242,4.57,0.0000,0.3102,0.1468,1.8577,0.6061,0.5787,,,,
53.2359,6,6,25.0575,78.2925,completed,81518.65,50566.10,-2.4099,4.35,0.0000,0.6030,0.3661,1.6946,1.0059,0.8393,,,,
47.9848,7,7,35.6196,83.6036,completed,81518.65,50566.10,-2.4099,4.35,0.0000,0.4268,0.1859,1.4703,0.7372,0.6837,0.5857,,,
50.7755,7,7,27.0954,77.8704,completed,81517.76,50565.21,-2.2956,4.08,0.0000,0.6739,0.3235,0.8161,0.3704,0.6033,0.6531,,,
33.9508,10,10,41.7561,75.7062,completed,81517.76,50565.21,-2.2956,4.08,0.0000,0.4247,0.4419,0.1418,0.8649,0.7509,0.2012,0.3968,0.5174,0.4699
53.5170,6,6,22.6949,76.2109,completed,81517.09,50564.39,-2.2003,3.98,0.0000,0.5831,0.1323,0.4797,0.7844,0.5815,,,,
46.5732,7,7,35.2253,81.7983,completed,81517.09,50564.39,-2.2003,3.98,0.0000,0.4681,0.1972,1.8996,0.9542,0.6697,0.6765,,,
37.7248,9,9,50.2487,87.9727,completed,81516.43,50563.39,-2.0939,4.04,0.0000,0.2325,0.2530,0.1158,0.2724,0.4636,0.2097,0.4347,0.4965,
43.8337,8,8,42.6076,86.4407,completed,81516.43,50563.39,-2.0939,4.04,0.0000,0.3273,0.4076,0.1111,0.7370,0.4182,0.3913,0.5447,,
29.6765,10,10,36.4832,66.1593,completed,81515.87,50562.31,-1.9779,4.15,0.0000,0.1337,0.2632,0.3265,0.2075,1.3523,1.8156,1.2537,0.6999,0.4800
43.7120,8,8,28.9137,72.6257,completed,81515.87,50562.31,-1.9779,4.15,0.0000,0.2585,0.3992,0.1854,0.7242,0.5690,0.3612,0.4430,,
50.7323,7,7,31.2073,81.9393,completed,81515.42,50561.12,-1.8682,4.36,0.0000,0.1941,0.4851,0.3050,0.8685,0.6513,0.4915,,,
44.1152,8,8,47.9787,92.0938,completed,81515.42,50561.12,-1.8682,4.36,0.0000,0.1583,0.2665,0.2489,0.5008,0.5846,0.7277,0.5235,,
20.4842,10,10,42.8281,63.3121,completed,81515.03,50559.67,-1.7659,4.66,0.0000,0.0825,0.2990,0.6804,0.4350,0.2771,0.7488,0.5059,0.4897,0.3929
31.7153,10,10,40.3957,72.1107,completed,81515.03,50559.67,-1.7659,4.66,0.0000,0.1013,0.2620,0.4259,0.3369,0.2182,0.6521,0.3537,0.3028,0.3655
49.5955,7,7,31.4354,81.0305,completed,81514.83,50558.47,-1.6849,4.90,0.0000,0.6939,1.5293,1.5378,1.3990,0.4687,0.3949,,,
46.3170,7,7,24.4927,70.8087,completed,81514.83,50558.47,-1.6849,4.90,0.0000,0.5046,1.3580,0.9380,1.1818,0.4029,0.1772,,,
41.1097,8,8,43.7037,84.8128,completed,81514.71,50557.07,-1.6124,5.25,0.0000,0.1934,0.7669,0.9430,1.5203,0.5916,0.4993,0.1543,,
44.5366,8,8,31.2965,75.8325,completed,81514.71,50557.07,-1.6124,5.25,0.0000,0.1525,0.4991,0.3945,0.8412,0.5047,0.7842,0.2074,,
41.2156,8,8,38.4120,79.6270,completed,81514.69,50555.24,-1.5256,5.69,0.0000,0.4164,0.7596,0.3853,2.9307,1.0690,0.6977,0.3061,,
55.9919,6,6,27.4031,83.3941,completed,81514.69,50555.24,-1.5256,5.69,0.0000,0.5079,0.5441,1.8070,1.4475,0.7157,,,,
42.5071,8,8,34.3824,76.8895,completed,81514.82,50553.46,-1.4543,6.12,0.0000,0.1732,0.4822,0.7712,3.8999,0.4539,0.7302,0.2238,,
43.8130,8,8,33.2004,77.0124,completed,81514.82,50553.46,-1.4543,6.12,0.0000,0.4715,0.7055,0.4408,1.8977,0.9361,0.5569,0.1854,,
48.4096,7,7,35.0213,83.4304,completed,81515.03,50551.80,-1.4138,6.41,0.0000,0.2188,0.5355,2.2719,2.3256,0.5390,0.2832,,,
59.9862,5,5,20.1721,80.1582,completed,81515.03,50551.80,-1.4138,6.41,0.0000,0.7567,0.8067,2.0010,0.8463,,,,,
57.9074,6,6,34.7870,92.6941,completed,81515.36,50549.87,-1.3772,6.74,0.0000,0.8598,0.3466,2.7455,1.3604,0.5110,,,,
29.2370,10,10,36.5460,65.7820,converged,81515.36,50549.87,-1.3772,6.74,0.0000,0.3353,0.1085,0.1583,0.7059,2.3965,1.0433,0.7456,0.3289,0.0837
26.3263,10,10,37.9054,64.2314,completed,81515.77,50547.84,-1.3454,7.01,0.0000,0.4206,0.5086,0.3144,0.7063,1.6700,0.8946,0.9960,0.6939,0.4192
45.6475,8,8,35.8058,81.4529,completed,81515.77,50547.84,-1.3454,7.01,0.0000,0.5105,0.3063,0.4676,2.0278,0.9747,1.1360,0.6570,,
47.2360,7,7,30.8012,78.0373,completed,81516.26,50545.74,-1.3192,7.31,0.0000,0.3481,0.4303,1.1729,1.2809,0.7062,0.2047,,,
25.5091,10,10,54.3136,79.8226,completed,81516.26,50545.74,-1.3192,7.31,0.0000,0.2245,0.3524,0.2275,0.6625,0.6890,0.5741,0.9828,0.5669,0.3066
42.4760,8,8,29.6767,72.1517,completed,81516.78,50543.78,-1.2925,7.58,0.0000,0.1841,0.4676,0.2535,0.8422,0.1254,0.4246,0.3945,,
27.9967,10,4,13.5856,41.5816,converged,81516.78,50543.78,-1.2925,7.58,0.0000,0.0758,0.1100,0.0588,,,,,,
28.9293,10,10,53.6703,82.5994,completed,81517.32,50541.91,-1.2866,7.87,0.0000,0.1258,0.2302,0.2072,0.2674,0.1556,1.3773,1.2889,0.8806,0.5950
23.9160,10,10,44.3139,68.2299,completed,81517.32,50541.91,-1.2866,7.87,0.0000,0.1121,0.1200,0.1903,0.6103,0.2634,1.0427,0.5385,0.4709,0.3542
36.5749,9,3,11.3352,47.9092,converged,81517.93,50539.76,-1.2933,8.17,0.0000,0.0220,0.0858,,,,,,,
27.7169,10,10,39.6805,67.3965,completed,81517.93,50539.76,-1.2933,8.17,0.0000,0.0898,0.1143,0.1036,0.5218,0.2411,0.4593,0.2009,0.2011,0.2889
42.8045,8,8,32.8858,75.6898,completed,81518.46,50537.90,-1.2965,8.34,0.0000,0.0659,0.2459,0.3701,0.6364,0.2478,0.3362,0.4065,,
30.4079,10,10,36.5492,66.9562,completed,81518.46,50537.90,-1.2965,8.34,0.0000,0.1084,0.2311,0.2025,0.3603,0.2896,0.1280,0.2592,0.3788,0.3857
39.1218,9,9,38.5833,77.7043,completed,81519.06,50535.74,-1.3048,8.48,0.0000,0.1451,0.2441,0.3941,0.5057,0.3868,0.5522,0.2436,0.2723,
39.5386,9,9,34.7042,74.2423,completed,81519.06,50535.74,-1.3048,8.48,0.0000,0.1217,0.1845,0.5145,0.6621,0.4187,0.4456,0.1924,0.3061,
42.7445,8,8,31.6989,74.4429,completed,81519.66,50533.54,-1.3139,8.56,0.0000,0.1887,0.4174,0.5598,0.4501,0.2490,0.8544,0.7019,,
38.0149,9,9,48.3686,86.3827,completed,81519.66,50533.54,-1.3139,8.56,0.0000,0.1052,0.2036,0.4463,0.4632,0.3616,0.5565,0.7765,0.5314,
43.4306,8,8,44.0931,87.5231,completed,81520.35,50530.90,-1.3252,8.61,0.0000,0.6183,0.7254,2.6566,1.1055,0.5296,0.7981,0.6489,,
42.8774,8,8,34.4470,77.3241,completed,81520.35,50530.90,-1.3252,8.61,0.0000,0.2270,0.3573,1.0396,0.8564,0.4776,0.3273,0.3370,,
37.9770,9,9,30.8183,68.7943,completed,81520.94,50528.51,-1.3373,8.63,0.0000,1.8305,0.4399,6.2331,6.3115,2.4030,0.1863,0.5949,0.5732,
26.1641,10,10,41.3812,67.5453,completed,81520.94,50528.51,-1.3373,8.63,0.0000,0.5263,0.5161,0.6667,1.5661,1.1893,0.4122,0.3238,0.5484,0.4406
22.0958,10,10,56.5444,78.6395,completed,81521.46,50526.29,-1.3467,8.63,0.0000,2.8702,1.9565,1.6221,0.4478,8.4615,2.0727,0.6582,0.3467,0.1823
24.3614,10,10,36.5500,60.9111,completed,81521.46,50526.29,-1.3467,8.63,0.0000,2.5005,1.6832,5.7293,10.2173,2.6089,0.4732,0.9374,0.7407,0.4845
22.8751,10,10,45.0141,67.8891,completed,81521.98,50524.05,-1.3558,8.63,0.0000,0.2337,0.3409,0.2263,0.3784,0.3842,0.2499,0.2695,0.3150,0.2330
20.2310,10,10,44.9838,65.2138,completed,81521.98,50524.05,-1.3558,8.63,0.0000,0.9012,0.3644,0.5528,0.7163,1.5948,0.7060,0.5122,0.3163,0.2999
57.1561,6,6,23.8996,81.0556,completed,81522.47,50521.80,-1.3640,8.61,0.0000,0.4014,0.6750,2.4765,1.9703,1.2089,,,,
27.3147,10,10,44.8091,72.1231,completed,81522.47,50521.80,-1.3640,8.61,0.0000,1.5088,1.3665,0.6618,1.8417,4.1874,2.4330,1.1129,0.5691,0.3118
36.1094,9,9,37.2153,73.3243,completed,81522.94,50519.56,-1.3734,8.60,0.0000,1.4787,1.5642,3.3472,1.3605,0.1851,0.1555,0.3751,0.2881,
43.2141,8,8,35.0973,78.3113,completed,81522.94,50519.56,-1.3734,8.60,0.0000,0.6627,0.7333,0.5679,1.2763,0.4393,0.5591,0.5773,,
58.1585,5,5,24.0935,82.2515,completed,81523.45,50517.04,-1.3801,8.58,0.0000,0.6817,13.8939,4.0513,2.2995,,,,,
58.4049,5,5,34.5161,92.9202,completed,81523.45,50517.04,-1.3801,8.58,0.0000,0.9114,1.1040,0.7633,0.2633,,,,,
42.5189,8,8,30.2302,72.7482,completed,81524.00,50514.22,-1.3874,8.57,0.0000,0.8152,1.3151,13.1890,7.6809,2.6964,1.0003,0.2746,,
39.7180,9,9,39.4325,79.1505,completed,81524.00,50514.22,-1.3874,8.57,0.0000,0.6841,0.7327,0.9809,3.0758,2.1188,0.3725,0.4135,0.1831,
48.2605,7,7,29.3274,77.5875,completed,81524.42,50512.00,-1.3917,8.55,0.0000,1.2257,3.8661,4.6740,1.9318,0.5857,0.2152,,,
38.0730,9,9,36.3659,74.4389,completed,81524.42,50512.00,-1.3917,8.55,0.0000,0.7018,1.1812,1.0262,2.5688,3.0303,1.1175,0.3870,0.1999,
23.6427,10,10,38.8492,62.4913,converged,81524.83,50509.76,-1.3947,8.55,0.0000,0.3649,0.9313,0.4005,0.5808,1.9990,0.6450,0.1367,0.1175,0.0761
44.0814,8,8,36.4115,80.4926,completed,81524.83,50509.76,-1.3947,8.55,0.0000,1.7358,2.0909,2.9145,0.9027,0.8177,0.7517,0.3144,,
30.4687,10,10,37.9416,68.4096,completed,81525.24,50507.50,-1.3962,8.54,0.0000,0.3161,0.4220,0.5453,1.5947,3.6749,1.8216,0.8841,0.3247,0.1401
35.4863,9,9,32.4869,67.9730,completed,81525.24,50507.50,-1.3962,8.54,0.0000,1.2295,1.0335,1.4633,1.0337,1.0388,0.8193,0.5414,0.2448,
33.5038,10,10,42.6406,76.1436,completed,81525.61,50505.38,-1.3983,8.54,0.0000,0.2250,0.1245,0.1548,0.2163,0.6331,0.3346,0.7765,0.6659,0.2968
20.0691,10,10,36.3142,56.3833,converged,81525.61,50505.38,-1.3983,8.54,0.0000,1.1506,1.6646,1.2496,2.3082,1.9872,0.5355,0.4628,0.2756,0.0785
23.9624,10,3,11.4968,35.4588,converged,81526.03,50503.05,-1.3986,8.53,0.0000,0.0329,0.0489,,,,,,,
22.5683,10,4,21.3175,43.8856,converged,81526.03,50503.05,-1.3986,8.53,0.0000,0.3695,0.4868,0.0789,,,,,,
57.6686,6,6,35.7324,93.4004,completed,81526.32,50501.37,-1.3984,8.53,0.0000,1.1053,0.9219,2.2231,0.9916,0.4969,,,,
29.3020,10,10,40.9465,70.2486,completed,81526.32,50501.37,-1.3984,8.53,0.0000,0.4376,0.6322,0.3880,0.8146,1.6876,0.8049,0.7751,0.4727,0.2010
24.6995,10,10,56.0859,80.7850,completed,81526.72,50499.09,-1.3982,8.53,0.0000,0.2672,0.3753,0.2202,0.7411,1.3035,0.3690,0.6091,0.4678,0.1656
46.2023,7,7,24.7015,70.9035,completed,81526.72,50499.09,-1.3982,8.53,0.0000,0.1944,0.2248,1.3480,1.1568,2.0201,0.5492,,,
35.0076,9,4,14.5152,49.5222,converged,81527.21,50496.33,-1.3975,8.52,0.0000,0.1927,0.1567,0.0441,,,,,,
49.0413,7,7,36.3115,85.3526,completed,81527.21,50496.33,-1.3975,8.52,0.0000,0.2564,0.3731,1.3056,1.5726,1.9905,1.1798,,,
32.9717,10,4,18.7322,51.7033,converged,81527.61,50494.10,-1.3972,8.51,0.0000,0.2274,0.1903,0.0968,,,,,,
25.3406,10,4,12.6279,37.9679,converged,81527.61,50494.10,-1.3972,8.51,0.0000,0.0697,0.1479,0.0419,,,,,,
26.8438,10,10,45.5256,72.3687,converged,81527.95,50492.14,-1.3969,8.51,0.0000,0.2645,0.1244,0.3164,0.2886,0.4978,0.4176,0.4632,0.2000,0.0837
48.0068,7,7,23.9461,71.9521,converged,81527.95,50492.14,-1.3969,8.51,0.0000,0.0627,0.5746,0.6823,0.9697,0.1571,0.0848,,,
41.2929,8,8,40.3868,81.6789,completed,81528.39,50489.64,-1.3968,8.50,0.0000,0.1679,0.3088,0.4109,0.6115,0.3920,0.2374,0.1462,,
34.1949,9,3,10.6238,44.8178,converged,81528.39,50489.64,-1.3968,8.50,0.0000,0.0722,0.0971,,,,,,,
58.3436,5,5,18.2842,76.6273,completed,81528.79,50487.40,-1.3964,8.49,0.0000,0.2648,2.9402,1.5830,0.9727,,,,,
45.4722,8,8,37.2472,82.7192,completed,81528.79,50487.40,-1.3964,8.49,0.0000,0.1916,0.8887,2.8465,3.2998,2.2681,1.0498,0.4092,,
22.8265,10,3,11.0207,33.8467,converged,81529.23,50484.90,-1.3962,8.48,0.0000,0.0984,0.0695,,,,,,,
40.9069,8,8,28.0166,68.9226,completed,81529.23,50484.90,-1.3962,8.48,0.0000,0.7140,2.7269,41.1214,15.6961,4.1949,1.5813,0.7990,,
56.9157,6,6,25.4356,82.3507,completed,81529.57,50482.96,-1.3961,8.48,0.0000,0.0926,0.6188,0.4619,1.1100,0.7900,,,,
24.1211,10,9,30.7014,54.8224,converged,81529.57,50482.96,-1.3961,8.48,0.0000,0.1694,0.1371,0.9625,0.1843,1.2978,1.1672,0.1155,0.0766,
49.6289,7,7,37.3686,86.9966,completed,81530.02,50480.47,-1.3920,8.35,0.0000,0.4586,1.5614,0.2228,0.9296,0.8340,0.4817,,,
24.2086,10,10,54.5043,78.7123,completed,81530.02,50480.47,-1.3920,8.35,0.0000,0.1116,0.2223,0.3154,1.3846,3.3894,1.5193,1.3900,0.7310,0.3191
42.6329,8,8,29.7996,72.4316,completed,81530.50,50478.04,-1.3556,8.27,0.0000,0.4051,1.7440,2.6409,0.6183,0.7305,0.1438,0.1613,,
35.6252,9,9,42.4084,78.0334,completed,81530.50,50478.04,-1.3556,8.27,0.0000,0.1036,0.1907,1.4395,0.6321,1.0424,0.7030,0.3078,0.1863,
55.8802,6,6,23.9765,79.8566,completed,81530.99,50475.89,-1.3409,8.28,0.0000,1.2316,2.1554,0.5439,0.7604,0.3604,,,,
34.8327,9,9,41.9794,76.8115,completed,81530.99,50475.89,-1.3409,8.28,0.0000,0.2704,0.3394,0.5745,0.7272,1.7130,1.3535,0.8566,0.3685,
20.4909,10,10,45.7865,66.2766,completed,81531.55,50473.45,-1.3540,8.29,0.0000,0.8062,1.2846,1.2736,0.3132,1.7091,0.2482,0.4551,0.1899,0.1760
30.3595,10,3,8.6014,38.9605,converged,81531.55,50473.45,-1.3540,8.29,0.0000,0.1113,0.0496,,,,,,,
49.0446,7,7,27.8241,76.8681,completed,81531.94,50471.57,-1.3686,8.29,0.0000,1.4781,1.3883,5.4774,5.8881,1.6411,0.5271,,,
57.9966,6,6,26.0014,83.9974,completed,81531.94,50471.57,-1.3686,8.29,0.0000,0.4399,1.2333,0.9952,1.6546,1.0484,,,,
20.3637,10,10,46.7469,67.1099,completed,81532.45,50469.00,-1.3818,8.30,0.0000,1.1718,1.4553,1.0699,1.0178,3.0653,2.3418,0.5288,0.1989,0.1432
58.0161,5,5,22.2812,80.2972,completed,81532.45,50469.00,-1.3818,8.30,0.0000,0.4746,4.8258,1.9378,0.8448,,,,,
57.0394,6,6,31.4123,88.4513,completed,81532.88,50466.68,-1.3913,8.31,0.0000,0.1310,0.2765,0.2935,0.6932,0.3334,,,,
39.2424,9,9,31.9731,71.2152,completed,81532.88,50466.68,-1.3913,8.31,0.0000,0.0434,0.1214,1.5705,2.6901,0.7459,0.3157,0.3060,0.1416,
32.8575,10,10,38.8341,71.6912,converged,81533.32,50464.24,-1.3962,8.30,0.0000,0.1051,0.1535,0.1251,1.2242,2.4420,0.5089,0.2485,0.1763,0.0984
54.0788,6,6,23.4344,77.5125,completed,81533.32,50464.24,-1.3962,8.30,0.0000,0.0881,1.7596,4.2498,1.6751,0.6485,,,,
53.9674,6,6,25.0149,78.9819,completed,81533.71,50462.06,-1.3985,8.29,0.0000,1.9336,3.7108,6.8161,2.1383,0.5909,,,,
53.5878,6,6,29.5438,83.1309,completed,81533.71,50462.06,-1.3985,8.29,0.0000,0.0530,0.9737,2.9776,1.3831,0.5022,,,,
36.6357,9,9,48.4396,85.0747,completed,81534.19,50459.34,-1.4007,8.27,0.0000,0.0420,0.1044,0.2795,0.8143,0.2996,0.5998,0.2739,0.1204,
47.8205,7,7,36.2434,84.0634,completed,81534.19,50459.34,-1.4007,8.27,0.0000,0.1704,0.3184,3.7099,2.6794,1.6654,0.6973,,,
50.8716,7,7,35.4737,86.3447,completed,81534.61,50456.89,-1.4015,8.25,0.0000,0.3793,0.4888,0.7621,0.7416,0.3872,0.1314,,,
21.9520,10,10,38.0750,60.0270,completed,81534.61,50456.89,-1.4015,8.25,0.0000,0.1599,0.2345,0.1234,1.2861,0.2473,0.2268,0.8337,0.4405,0.1421
50.4403,7,7,31.8997,82.3397,completed,81535.03,50454.46,-1.4027,8.23,0.0000,0.5907,0.5392,1.0581,1.2586,1.0183,0.2877,,,
54.8483,6,6,41.9739,96.8219,completed,81535.03,50454.46,-1.4027,8.23,0.0000,0.4856,0.4492,0.6682,1.3491,0.4664,,,,
39.6984,9,9,45.5416,85.2397,completed,81535.50,50451.75,-1.4032,8.23,0.0000,0.0673,0.4829,1.6992,3.8433,2.2527,1.2524,0.3821,0.1537,
29.6769,10,4,20.3720,50.0480,converged,81535.50,50451.75,-1.4032,8.23,0.0000,0.2571,0.3562,0.0661,,,,,,
38.0447,9,9,34.9556,72.9996,completed,81535.91,50449.32,-1.4042,8.24,0.0000,0.1606,0.1864,0.7296,1.9980,1.3764,0.7915,0.3434,0.1543,
52.0852,6,6,26.2483,78.3333,completed,81535.91,50449.32,-1.4042,8.24,0.0000,0.4921,0.2051,1.0626,0.9817,0.4186,,,,
34.5876,9,9,33.2635,67.8505,completed,81536.31,50446.98,-1.4047,8.24,0.0000,0.4915,0.5762,0.3306,0.9998,1.0879,0.4241,0.3014,0.1566,
53.2315,6,6,26.1119,79.3429,completed,81536.31,50446.98,-1.4047,8.24,0.0000,0.5841,0.7502,0.3271,0.7815,0.2853,,,,
