jitter_ms,planned_steps,actual_steps,denoise_ms,total_cycle_ms,stop_reason,ego_x,ego_y,ego_yaw,ego_vx,delta_0,delta_1,delta_2,delta_3,delta_4,delta_5,delta_6,delta_7,delta_8,delta_9
43.9284,8,8,44.1041,88.0321,completed,81377.36,49916.91,0.5890,0.00,0.0000,0.0255,0.4569,0.9024,0.1638,0.4738,0.1958,0.4066,,
37.4268,9,9,49.3536,86.7796,completed,81377.36,49916.91,0.5890,0.00,0.0000,0.0169,0.1298,0.6873,0.8315,1.0415,0.2151,0.5014,0.4744,
32.5444,10,3,15.9408,48.4849,converged,81377.36,49916.91,0.5890,0.00,0.0000,0.0128,0.0867,,,,,,,
58.8747,5,5,31.4543,90.3283,completed,81377.36,49916.91,0.5890,0.00,0.0000,0.0992,1.2143,1.0191,0.9289,,,,,
26.3536,10,3,14.3036,40.6566,converged,81377.36,49916.91,0.5890,0.00,0.0000,0.0128,0.0867,,,,,,,
53.8075,6,6,31.4107,85.2178,completed,81377.36,49916.91,0.5890,0.00,0.0000,0.0541,0.7737,1.5413,0.4717,0.7248,,,,
41.0145,8,8,41.6807,82.6947,completed,81377.36,49916.91,0.5890,0.00,0.0000,0.0232,0.2132,0.9394,1.2474,0.4282,0.5299,0.5463,,
28.9071,10,8,45.3680,74.2750,converged,81377.36,49916.91,0.5890,0.00,0.0000,0.0087,0.1949,0.7063,0.4897,0.1478,0.4617,0.0674,,
36.8099,9,9,44.1245,80.9336,completed,81377.36,49916.91,0.5890,0.00,0.0000,0.0168,0.1298,0.6872,0.8314,1.0415,0.2151,0.5014,0.4744,
20.5344,10,3,18.7011,39.2351,converged,81377.36,49916.91,0.5890,0.00,0.0000,0.0128,0.0867,,,,,,,
21.2279,10,8,47.7821,69.0091,converged,81377.36,49916.91,0.5890,0.00,0.0000,0.0087,0.1949,0.7062,0.4896,0.1478,0.4618,0.0674,,
58.9515,5,5,27.7557,86.7067,completed,81377.36,49916.91,0.5890,0.00,0.0000,0.2003,1.1698,0.6254,0.3789,,,,,
56.1375,6,6,23.1322,79.2692,completed,81377.36,49916.91,0.5890,0.00,0.0000,0.0944,1.0924,0.2256,0.4146,0.4079,,,,
47.6147,7,7,45.9347,93.5487,completed,81377.36,49916.91,0.5890,0.00,0.0000,0.0482,0.7282,0.5572,0.5167,0.1102,0.4149,,,
55.2349,6,6,36.1908,91.4248,completed,81377.36,49916.91,0.5890,0.00,0.0000,0.0540,0.7736,1.5413,0.4716,0.7248,,,,
59.0997,5,5,32.3578,91.4568,completed,81377.36,49916.91,0.5890,0.00,0.0000,0.0992,1.2141,1.0190,0.9289,,,,,
59.9505,5,5,31.5187,91.4687,completed,81377.36,49916.91,0.5890,0.00,0.0000,0.0992,1.2140,1.0191,0.9289,,,,,
55.5768,6,6,33.7673,89.3433,completed,81377.36,49916.91,0.5890,0.00,0.0000,0.0540,0.7735,1.5413,0.4717,0.7248,,,,
47.0794,7,7,41.8972,88.9762,completed,81377.36,49916.91,0.5890,0.00,0.0000,0.0338,0.3947,1.0727,1.0907,0.5333,0.6345,,,
37.8173,9,9,61.9995,99.8166,completed,81377.36,49916.91,0.5890,0.00,0.0000,0.0168,0.1297,0.6871,0.8313,1.0416,0.2151,0.5015,0.4745,
20.6801,10,3,13.1253,33.8053,converged,81377.36,49916.91,0.5890,0.00,0.0000,0.0128,0.0866,,,,,,,
32.3187,10,3,12.1848,44.5028,converged,81377.36,49916.91,0.5890,0.00,0.0000,0.0128,0.0866,,,,,,,
27.4306,10,8,49.1771,76.6071,converged,81377.36,49916.91,0.5890,0.00,0.0000,0.0086,0.1949,0.7062,0.4896,0.1478,0.4618,0.0674,,
37.1877,9,9,40.5447,77.7317,completed,81377.36,49916.91,0.5890,0.00,0.0000,0.0132,0.2929,0.8832,0.1349,0.4296,0.2426,0.3043,0.3764,
53.0095,6,6,23.2830,76.2920,completed,81377.36,49916.91,0.5890,0.00,0.0000,0.0944,1.0925,0.2256,0.4146,0.4079,,,,
26.3502,10,3,10.1147,36.4648,converged,81377.36,49916.91,0.5890,0.00,0.0000,0.0197,0.0645,,,,,,,
36.6814,9,3,10.9558,47.6368,converged,81377.36,49916.91,0.5890,0.00,0.0000,0.0321,0.0672,,,,,,,
54.8827,6,6,40.0037,94.8858,completed,81377.36,49916.91,0.5890,0.00,0.0000,0.3384,1.5849,2.0795,1.7231,0.6861,,,,
21.2170,10,10,44.0063,65.2233,completed,81377.36,49916.91,0.5890,0.00,0.0000,0.1841,0.2567,0.9150,1.3771,1.5847,1.5181,0.7205,0.2243,0.1314
29.5538,10,10,61.5260,91.0790,converged,81377.36,49916.91,0.5890,0.00,0.0000,0.1641,0.3142,1.0564,2.0461,2.3027,1.1482,0.2958,0.1563,0.0832
20.0367,10,10,68.7159,88.7519,completed,81377.36,49916.91,0.5890,0.00,0.0000,0.0660,0.2340,0.4121,0.1840,0.5992,0.2663,0.4954,0.5065,0.4952
23.1283,10,10,67.2525,90.3805,completed,81377.36,49916.91,0.5890,0.00,0.0000,0.0840,0.1506,0.1360,0.6515,1.0087,0.3721,0.4469,0.5294,0.4875
21.7208,10,10,64.5263,86.2463,completed,81377.36,49916.91,0.5890,0.00,0.0000,0.0840,0.1505,0.1359,0.6517,1.0085,0.3720,0.4469,0.5293,0.4875
44.3045,8,8,53.3976,97.7017,completed,81377.36,49916.91,0.5890,0.00,0.0000,0.1119,0.2346,0.4805,1.1560,0.3163,0.5248,0.5889,,
58.2700,5,5,27.3095,85.5785,completed,81377.36,49916.91,0.5890,0.00,0.0000,0.2333,0.5120,1.0205,0.4108,,,,,
20.6057,10,10,61.3558,81.9609,completed,81377.36,49916.91,0.5890,0.00,0.0000,0.0838,0.1502,0.1353,0.6521,1.0095,0.3725,0.4467,0.5293,0.4875
54.8065,6,3,13.5204,68.3264,converged,81377.36,49916.91,0.5890,0.00,0.0000,0.1711,0.0698,,,,,,,
47.1148,7,7,35.4551,82.5691,completed,81377.36,49916.91,0.5890,0.00,0.0000,0.1351,0.2522,0.8158,1.0429,0.3395,0.6066,,,
27.2702,10,10,36.9905,64.2605,completed,81377.36,49916.91,0.5890,0.00,0.0000,0.0839,0.1503,0.1353,0.6523,1.0087,0.3723,0.4467,0.5293,0.4874
51.1173,7,7,31.9132,83.0302,completed,81377.36,49916.91,0.5890,0.00,0.0000,0.1349,0.2519,0.8161,1.0435,0.3395,0.6067,,,
40.2664,8,8,33.8954,74.1614,completed,81377.36,49916.91,0.5890,0.00,0.0000,0.1118,0.2344,0.4807,1.1564,0.3165,0.5247,0.5889,,
50.2879,7,7,29.6174,79.9044,completed,81377.36,49916.91,0.5890,0.00,0.0000,0.1346,0.2514,0.8162,1.0449,0.3393,0.6069,,,
51.3052,7,7,35.0256,86.3307,completed,81377.36,49916.91,0.5890,0.00,0.0000,0.1395,0.5130,0.2428,0.3116,0.5202,0.6496,,,
56.6231,6,3,13.1071,69.7301,converged,81377.36,49916.91,0.5890,0.00,0.0000,0.1708,0.0698,,,,,,,
37.3918,9,4,20.9436,58.3346,converged,81377.36,49916.91,0.5890,0.00,0.0000,0.0957,0.1876,0.0987,,,,,,
47.6372,7,7,34.1387,81.7757,completed,81377.36,49916.91,0.5890,0.00,0.0000,0.1396,0.5132,0.2430,0.3127,0.5208,0.6497,,,
29.7741,10,10,48.1309,77.9050,completed,81377.36,49916.91,0.5890,0.00,0.0000,0.0660,0.2340,0.4120,0.1839,0.5989,0.2666,0.4954,0.5065,0.4952
43.7293,8,8,40.1890,83.9180,completed,81377.36,49916.91,0.5890,0.00,0.0000,0.1046,0.3934,0.2837,0.6779,0.3059,0.5663,0.6036,,
57.3741,6,6,28.5834,85.9575,completed,81377.36,49916.91,0.5890,0.00,0.0000,0.1970,0.6070,0.6897,0.3321,0.6780,,,,
43.5319,8,8,42.3277,85.8587,completed,81377.36,49916.91,0.5890,0.00,0.0000,0.1046,0.3933,0.2837,0.6789,0.3050,0.5660,0.6035,,
21.7055,10,10,50.8044,72.5094,completed,81377.36,49916.91,0.5890,0.00,0.0000,0.0660,0.2339,0.4118,0.1837,0.6004,0.2651,0.4949,0.5065,0.4952
41.5505,8,8,39.0576,80.6076,completed,81377.36,49916.91,0.5890,0.00,0.0000,0.1115,0.2338,0.4806,1.1579,0.3171,0.5248,0.5891,,
30.0569,10,10,37.2420,67.2981,completed,81377.36,49916.91,0.5890,0.00,0.0000,0.0836,0.1499,0.1352,0.6514,1.0110,0.3731,0.4468,0.5296,0.4878
34.8091,9,4,14.7858,49.5949,converged,81377.36,49916.91,0.5890,0.00,0.0000,0.0955,0.1874,0.0991,,,,,,
47.2940,7,7,33.1830,80.4771,completed,81377.36,49916.91,0.5890,0.00,0.0000,0.1395,0.5130,0.2429,0.3123,0.5205,0.6496,,,
40.5443,8,8,55.4296,95.9737,completed,81377.36,49916.91,0.5890,0.00,0.0000,0.1045,0.3934,0.2838,0.6786,0.3053,0.5662,0.6036,,
29.1950,10,10,62.2819,91.4759,completed,81377.36,49916.91,0.5890,0.00,0.0000,0.0660,0.2340,0.4119,0.1838,0.5997,0.2658,0.4951,0.5065,0.4952
44.1725,8,8,43.7367,87.9088,completed,81377.36,49916.91,0.5890,0.00,0.0000,0.1046,0.3934,0.2837,0.6782,0.3056,0.5662,0.6036,,
53.0183,6,6,41.0867,94.1047,completed,81377.36,49916.91,0.5890,0.00,0.0000,0.1971,0.6073,0.6894,0.3325,0.6782,,,,
26.3241,10,10,55.1915,81.5155,completed,81377.36,49916.91,0.5890,0.00,0.0000,0.0840,0.1505,0.1358,0.6516,1.0084,0.3720,0.4469,0.5293,0.4875
28.5134,10,10,48.8719,77.3849,completed,81377.36,49916.91,0.5890,0.00,0.0000,0.0841,0.1508,0.1364,0.6511,1.0074,0.3717,0.4470,0.5292,0.4874
35.1596,9,4,17.3982,52.5572,converged,81377.36,49916.91,0.5890,0.00,0.0000,0.0960,0.1881,0.0983,,,,,,
33.7457,10,10,43.7465,77.4916,completed,81377.36,49916.91,0.5890,0.00,0.0000,0.0660,0.2340,0.4121,0.1840,0.5992,0.2664,0.4954,0.5064,0.4951
43.1543,8,8,55.1323,98.2864,completed,81377.36,49916.91,0.5890,0.00,0.0000,0.1046,0.3935,0.2839,0.6776,0.3064,0.5664,0.6036,,
31.8601,10,10,56.7351,88.5952,completed,81377.36,49916.91,0.5890,0.00,0.0000,0.0660,0.2340,0.4121,0.1840,0.5985,0.2671,0.4956,0.5064,0.4951
42.0340,8,8,33.2518,75.2858,completed,81377.36,49916.91,0.5890,0.00,0.0000,0.1046,0.3935,0.2839,0.6773,0.3066,0.5664,0.6036,,
47.4026,7,7,37.7145,85.1165,completed,81377.36,49916.91,0.5890,0.00,0.0000,0.1396,0.5133,0.2432,0.3136,0.5213,0.6498,,,
59.0321,5,5,28.0012,87.0332,completed,81377.36,49916.91,0.5890,0.00,0.0000,0.2998,0.3441,0.4718,0.6502,,,,,
40.2257,8,8,31.9816,72.2066,completed,81377.36,49916.91,0.5890,0.00,0.0000,0.1119,0.2348,0.4796,1.1565,0.3163,0.5249,0.5890,,
55.0111,6,3,11.0446,66.0557,converged,81377.36,49916.91,0.5890,0.00,0.0000,0.1710,0.0695,,,,,,,
25.4752,10,10,47.6655,73.1405,completed,81377.36,49916.91,0.5890,0.00,0.0000,0.0837,0.1501,0.1354,0.6515,1.0104,0.3728,0.4468,0.5295,0.4877
34.3352,9,4,17.3701,51.7051,converged,81377.36,49916.91,0.5890,0.00,0.0000,0.0957,0.1876,0.0989,,,,,,
42.3217,8,8,44.9943,87.3153,completed,81377.36,49916.91,0.5890,0.00,0.0000,0.1046,0.3933,0.2837,0.6778,0.3059,0.5661,0.6035,,
49.1970,7,7,29.3589,78.5559,completed,81377.36,49916.91,0.5890,0.00,0.0000,0.1353,0.2525,0.8153,1.0422,0.3397,0.6066,,,
51.2281,7,7,37.6673,88.8953,completed,81377.36,49916.91,0.5890,0.00,0.0000,0.1396,0.5132,0.2432,0.3137,0.5213,0.6498,,,
31.5058,10,10,48.0088,79.5139,completed,81377.36,49916.91,0.5890,0.00,0.0000,0.0661,0.2340,0.4121,0.1840,0.5980,0.2675,0.4957,0.5064,0.4952
45.3324,8,6,52.8619,98.1940,deadline,81377.36,49916.91,0.5890,0.00,0.0000,0.1046,0.3935,0.2838,0.6772,0.3067,,,,
24.0485,10,7,70.0545,94.1025,deadline,81377.36,49916.91,0.5890,0.00,0.0000,0.0660,0.2340,0.4121,0.1840,0.5987,0.2668,,,
57.6462,6,3,15.6854,73.3314,converged,81377.36,49916.91,0.5890,0.00,0.0000,0.1712,0.0696,,,,,,,
39.0774,9,4,18.0651,57.1421,converged,81377.36,49916.91,0.5890,0.00,0.0000,0.0958,0.1877,0.0986,,,,,,
56.2170,6,6,35.9114,92.1274,completed,81377.36,49916.91,0.5890,0.00,0.0000,0.1971,0.6077,0.6900,0.3323,0.6782,,,,
49.6214,7,7,32.5552,82.1762,completed,81377.36,49916.91,0.5890,0.00,0.0000,0.1350,0.2525,0.8149,1.0436,0.3397,0.6068,,,
40.5471,8,8,32.1637,72.7107,completed,81377.36,49916.91,0.5890,0.00,0.0000,0.1120,0.2349,0.4797,1.1552,0.3160,0.5248,0.5888,,
45.9140,8,8,32.0799,77.9940,completed,81377.36,49916.91,0.5890,0.00,0.0000,0.1046,0.3936,0.2844,0.6785,0.3055,0.5664,0.6037,,
20.7538,10,10,46.8863,67.6393,completed,81377.36,49916.91,0.5890,0.00,0.0000,0.0660,0.2340,0.4124,0.1842,0.5996,0.2661,0.4955,0.5066,0.4953
55.5212,6,6,37.1245,92.6455,completed,81377.36,49916.91,0.5890,0.00,0.0000,0.1971,0.6079,0.6907,0.3317,0.6780,,,,
47.2549,7,7,38.0968,85.3508,completed,81377.36,49916.91,0.5890,0.00,0.0000,0.1396,0.5133,0.2430,0.3114,0.5202,0.6496,,,
52.0287,6,6,45.1478,97.1758,completed,81377.36,49916.91,0.5890,0.00,0.0000,0.1970,0.6076,0.6907,0.3315,0.6779,,,,
44.1264,8,7,48.5005,92.6265,deadline,81377.36,49916.91,0.5890,0.00,0.0000,0.1046,0.3933,0.2839,0.6789,0.3049,0.5659,,,
31.0172,10,10,60.5376,91.5546,completed,81377.36,49916.91,0.5890,0.00,0.0000,0.0660,0.2339,0.4120,0.1838,0.5995,0.2659,0.4951,0.5064,0.4951
46.4852,7,7,42.3762,88.8613,completed,81377.36,49916.91,0.5890,0.00,0.0000,0.1396,0.5129,0.2428,0.3125,0.5205,0.6496,,,
57.9380,6,6,37.5110,95.4480,completed,81377.36,49916.91,0.5890,0.00,0.0000,0.1970,0.6071,0.6897,0.3321,0.6780,,,,
52.2611,6,6,29.4837,81.7448,completed,81377.36,49916.91,0.5890,0.00,0.0000,0.1970,0.6072,0.6898,0.3321,0.6781,,,,
42.9277,8,8,41.4987,84.4257,completed,81377.36,49916.91,0.5890,0.00,0.0000,0.1117,0.2343,0.4802,1.1564,0.3164,0.5249,0.5890,,
57.5761,6,3,12.0446,69.6206,converged,81377.36,49916.91,0.5890,0.00,0.0000,0.1707,0.0699,,,,,,,
49.6830,7,7,36.7218,86.4048,completed,81377.36,49916.91,0.5890,0.00,0.0000,0.1396,0.5131,0.2430,0.3126,0.5207,0.6497,,,
58.5692,5,5,33.3496,91.9187,completed,81377.36,49916.91,0.5890,0.00,0.0000,0.2998,0.3435,0.4716,0.6501,,,,,
41.7628,8,8,46.8913,88.6534,completed,81377.36,49916.91,0.5890,0.00,0.0000,0.1046,0.3934,0.2836,0.6781,0.3057,0.5662,0.6036,,
48.4220,7,7,31.4158,79.8379,completed,81377.36,49916.91,0.5890,0.00,0.0000,0.1396,0.5132,0.2431,0.3128,0.5208,0.6496,,,
36.8085,9,7,54.5854,91.4203,deadline,81377.36,49916.91,0.5890,0.00,0.0000,0.0817,0.3008,0.4273,0.4523,0.2938,0.4472,,,
50.7268,7,7,29.3635,80.0895,completed,81377.36,49916.91,0.5890,0.00,0.0000,0.1346,0.2515,0.8158,1.0445,0.3394,0.6068,,,
49.0293,7,6,43.0533,92.0824,deadline,81377.36,49916.91,0.5890,0.00,0.0000,0.1348,0.2516,0.8158,1.0438,0.3394,,,,
46.7880,7,7,34.0853,80.8724,completed,81377.36,49916.91,0.5890,0.00,0.0000,0.1347,0.2514,0.8163,1.0437,0.3394,0.6067,,,
24.0451,10,10,41.7976,65.8426,completed,81377.36,49916.91,0.5890,0.00,0.0000,0.0838,0.1501,0.1351,0.6522,1.0088,0.3724,0.4467,0.5293,0.4875
45.1194,8,8,35.9559,81.0749,completed,81377.36,49916.91,0.5890,0.00,0.0000,0.1117,0.2341,0.4814,1.1558,0.3165,0.5246,0.5887,,
40.0156,8,8,42.1735,82.1885,completed,81377.36,49916.91,0.5890,0.00,0.0000,0.1115,0.2338,0.4813,1.1570,0.3169,0.5246,0.5889,,
52.0711,6,3,12.2266,64.2976,converged,81377.36,49916.91,0.5890,0.00,0.0000,0.1705,0.0702,,,,,,,
54.6902,6,3,12.4436,67.1336,converged,81377.36,49916.91,0.5890,0.00,0.0000,0.1702,0.0702,,,,,,,
30.1855,10,10,50.7594,80.9444,completed,81377.36,49916.91,0.5890,0.00,0.0000,0.0659,0.2339,0.4118,0.1836,0.6009,0.2645,0.4946,0.5065,0.4952
49.1099,7,7,36.4378,85.5468,completed,81377.36,49916.91,0.5890,0.00,0.0000,0.1395,0.5129,0.2426,0.3108,0.5196,0.6494,,,
45.4401,8,8,45.3657,90.8057,completed,81377.36,49916.91,0.5890,0.00,0.0000,0.1045,0.3933,0.2837,0.6795,0.3042,0.5658,0.6034,,
23.1098,10,10,43.1219,66.2309,completed,81377.36,49916.91,0.5890,0.00,0.0000,0.0660,0.2338,0.4117,0.1836,0.6001,0.2652,0.4947,0.5064,0.4951
21.6978,10,10,41.0527,62.7498,completed,81377.36,49916.91,0.5890,0.00,0.0000,0.0835,0.1496,0.1343,0.6523,1.0107,0.3729,0.4466,0.5295,0.4877
35.5500,9,4,19.0908,54.6409,converged,81377.36,49916.91,0.5890,0.00,0.0000,0.0954,0.1870,0.0997,,,,,,
41.2314,8,8,33.4016,74.6326,completed,81377.36,49916.91,0.5890,0.00,0.0000,0.1115,0.2338,0.4814,1.1563,0.3166,0.5246,0.5888,,
35.3609,9,4,13.5906,48.9507,converged,81377.36,49916.91,0.5890,0.00,0.0000,0.0956,0.1874,0.0997,,,,,,
59.9289,5,5,24.4031,84.3312,completed,81377.36,49916.91,0.5890,0.00,0.0000,0.2332,0.5130,1.0196,0.4108,,,,,
32.2235,10,10,37.5146,69.7377,completed,81377.36,49916.91,0.5890,0.00,0.0000,0.0837,0.1500,0.1349,0.6523,1.0090,0.3724,0.4467,0.5294,0.4876
58.0130,5,5,27.5602,85.5732,completed,81377.36,49916.91,0.5890,0.00,0.0000,0.2330,0.5128,1.0203,0.4107,,,,,
32.0740,10,10,44.6911,76.7652,completed,81377.36,49916.91,0.5890,0.00,0.0000,0.0838,0.1500,0.1349,0.6522,1.0093,0.3725,0.4467,0.5294,0.4876
51.8931,7,7,30.1199,82.0130,completed,81377.36,49916.91,0.5890,0.00,0.0000,0.1348,0.2516,0.8163,1.0437,0.3395,0.6068,,,
41.9034,8,8,33.3263,75.2293,completed,81377.36,49916.91,0.5890,0.00,0.0000,0.1118,0.2342,0.4813,1.1556,0.3164,0.5246,0.5887,,
49.7900,7,7,31.5999,81.3899,completed,81377.36,49916.91,0.5890,0.00,0.0000,0.1349,0.2516,0.8164,1.0430,0.3394,0.6066,,,
51.9790,7,7,28.6656,80.6436,completed,81377.36,49916.91,0.5890,0.00,0.0000,0.1346,0.2511,0.8168,1.0442,0.3392,0.6066,,,
34.7683,9,4,14.1983,48.9663,converged,81377.36,49916.91,0.5890,0.00,0.0000,0.0954,0.1871,0.0994,,,,,,
22.9602,10,10,51.7112,74.6712,completed,81377.36,49916.91,0.5890,0.00,0.0000,0.0837,0.1500,0.1351,0.6518,1.0100,0.3727,0.4467,0.5295,0.4876
20.3351,10,10,47.0362,67.3712,completed,81377.36,49916.91,0.5890,0.00,0.0000,0.0838,0.1501,0.1353,0.6516,1.0099,0.3726,0.4468,0.5295,0.4877
40.2245,8,8,30.9678,71.1919,completed,81377.36,49916.91,0.5890,0.00,0.0000,0.1119,0.2347,0.4806,1.1552,0.3161,0.5248,0.5889,,
28.8300,10,10,40.3853,69.2143,completed,81377.36,49916.91,0.5890,0.00,0.0000,0.0840,0.1506,0.1357,0.6517,1.0078,0.3719,0.4469,0.5293,0.4875
56.8360,6,3,11.8076,68.6426,converged,81377.36,49916.91,0.5890,0.00,0.0000,0.1715,0.0699,,,,,,,
23.2811,10,10,51.6788,74.9599,completed,81377.36,49916.91,0.5890,0.00,0.0000,0.0841,0.1507,0.1360,0.6517,1.0077,0.3718,0.4470,0.5293,0.4875
30.8760,10,10,48.3578,79.2338,completed,81377.36,49916.91,0.5890,0.00,0.0000,0.0841,0.1506,0.1360,0.6516,1.0083,0.3720,0.4470,0.5294,0.4875
46.6254,7,7,35.4442,82.0692,completed,81377.36,49916.91,0.5889,0.00,0.0000,0.1351,0.2525,0.8155,1.0433,0.3397,0.6069,,,
55.9595,6,3,14.0347,69.9937,converged,81377.36,49916.91,0.5889,0.00,0.0000,0.1710,0.0698,,,,,,,
42.9302,8,8,39.0044,81.9344,completed,81377.36,49916.91,0.5890,0.00,0.0000,0.1117,0.2343,0.4803,1.1573,0.3167,0.5248,0.5890,,
49.0405,7,7,31.6660,80.7060,completed,81377.36,49916.91,0.5890,0.00,0.0000,0.1346,0.2515,0.8160,1.0450,0.3393,0.6068,,,
52.4430,6,3,10.4783,62.9203,converged,81377.36,49916.91,0.5890,0.00,0.0000,0.1705,0.0700,,,,,,,
31.0175,10,10,37.6089,68.6260,completed,81377.36,49916.91,0.5890,0.00,0.0000,0.0838,0.1501,0.1353,0.6519,1.0102,0.3727,0.4468,0.5295,0.4877
59.0544,5,5,23.7932,82.8472,completed,81377.36,49916.91,0.5890,0.00,0.0000,0.2335,0.5120,1.0198,0.4110,,,,,
52.4035,6,3,10.0686,62.4716,converged,81377.36,49916.91,0.5890,0.00,0.0000,0.1712,0.0700,,,,,,,
57.4490,6,3,13.6263,71.0754,converged,81377.36,49916.91,0.5890,0.00,0.0000,0.1712,0.0701,,,,,,,
57.0110,6,3,19.8113,76.8213,converged,81377.36,49916.91,0.5890,0.00,0.0000,0.1712,0.0701,,,,,,,
40.6175,8,8,32.7313,73.3483,completed,81377.36,49916.91,0.5890,0.00,0.0000,0.1118,0.2345,0.4811,1.1560,0.3164,0.5247,0.5888,,
41.7338,8,8,31.2257,72.9587,completed,81377.36,49916.91,0.5890,0.00,0.0000,0.1118,0.2345,0.4811,1.1561,0.3164,0.5247,0.5888,,
51.7109,7,7,27.5912,79.3012,completed,81377.36,49916.91,0.5890,0.00,0.0000,0.1350,0.2521,0.8158,1.0436,0.3396,0.6067,,,
49.8107,7,7,40.7566,90.5666,completed,81377.36,49916.91,0.5890,0.00,0.0000,0.1349,0.2520,0.8159,1.0439,0.3395,0.6068,,,
40.6598,8,8,42.1873,82.8464,completed,81377.36,49916.91,0.5890,0.00,0.0000,0.1118,0.2344,0.4807,1.1565,0.3166,0.5247,0.5889,,
28.4870,10,10,40.3064,68.7924,completed,81377.36,49916.91,0.5890,0.00,0.0000,0.0838,0.1502,0.1354,0.6519,1.0099,0.3727,0.4468,0.5294,0.4876
51.3248,7,7,29.0818,80.4058,completed,81377.36,49916.91,0.5890,0.00,0.0000,0.1349,0.2521,0.8157,1.0440,0.3395,0.6068,,,
42.0624,8,8,40.4568,82.5188,completed,81377.36,49916.91,0.5890,0.00,0.0000,0.1117,0.2343,0.4805,1.1570,0.3168,0.5248,0.5890,,
31.7967,10,10,47.8672,79.6632,completed,81377.36,49916.91,0.5890,0.00,0.0000,0.0837,0.1501,0.1352,0.6516,1.0108,0.3729,0.4468,0.5296,0.4877
50.5612,7,7,38.6110,89.1721,completed,81377.36,49916.91,0.5890,0.00,0.0000,0.1347,0.2517,0.8159,1.0449,0.3394,0.6069,,,
58.7275,5,5,29.7359,88.4630,completed,81377.36,49916.91,0.5890,0.00,0.0000,0.2331,0.5118,1.0210,0.4108,,,,,
55.3842,6,3,9.8025,65.1865,converged,81377.36,49916.91,0.5890,0.00,0.0000,0.1708,0.0699,,,,,,,
53.4495,6,3,10.2930,63.7421,converged,81377.36,49916.91,0.5889,0.00,0.0000,0.1706,0.0703,,,,,,,
35.3016,9,4,14.1282,49.4293,converged,81377.36,49916.91,0.5889,0.00,0.0000,0.0955,0.1872,0.0995,,,,,,
48.4000,7,3,9.8971,58.2961,converged,81377.36,49916.91,0.5890,0.00,0.0000,0.0095,0.0499,,,,,,,
35.9658,9,3,10.8336,46.7986,converged,81377.36,49916.91,0.5890,0.00,0.0000,0.0096,0.0107,,,,,,,
34.7252,9,3,10.0434,44.7684,converged,81377.36,49916.91,0.5890,0.00,0.0000,0.0096,0.0107,,,,,,,
39.8046,9,3,15.3476,55.1516,converged,81377.36,49916.91,0.5890,0.00,0.0000,0.0097,0.0107,,,,,,,
41.3874,8,3,16.5397,57.9267,converged,81377.36,49916.91,0.5890,0.00,0.0000,0.0097,0.0113,,,,,,,
36.5105,9,3,12.1944,48.7044,converged,81377.36,49916.91,0.5890,0.00,0.0000,0.0096,0.0107,,,,,,,
20.9512,10,3,14.0715,35.0225,converged,81377.36,49916.91,0.5890,0.00,0.0000,0.0094,0.0098,,,,,,,
39.6183,9,3,10.7588,50.3768,converged,81377.36,49916.91,0.5890,0.00,0.0000,0.0097,0.0107,,,,,,,
20.4292,10,3,11.9793,32.4083,converged,81377.36,49916.91,0.5890,0.00,0.0000,0.0094,0.0098,,,,,,,
48.6818,7,3,16.0821,64.7631,converged,81377.36,49916.91,0.5890,0.00,0.0000,0.0096,0.0501,,,,,,,
58.6492,5,5,37.2834,95.9325,completed,81377.36,49916.91,0.5890,0.00,0.0000,0.0133,0.3419,0.7095,0.1784,,,,,
49.7684,7,3,17.8530,67.6210,converged,81377.36,49916.91,0.5890,0.00,0.0000,0.0096,0.0501,,,,,,,
43.4654,8,3,10.5402,54.0053,converged,81377.36,49916.91,0.5890,0.00,0.0000,0.0098,0.0113,,,,,,,
56.0327,6,4,14.0754,70.1074,converged,81377.36,49916.91,0.5890,0.00,0.0000,0.0097,0.1681,0.0948,,,,,,
44.6492,8,8,31.0396,75.6886,completed,81377.36,49916.91,0.5890,0.00,0.0000,0.1117,0.2342,0.4816,1.1563,0.3167,0.5245,0.5887,,
58.0864,5,5,19.7087,77.7948,completed,81377.36,49916.91,0.5890,0.00,0.0000,0.2331,0.5129,1.0207,0.4106,,,,,
53.3213,6,3,13.2769,66.5980,converged,81377.36,49916.91,0.5890,0.00,0.0000,0.1708,0.0701,,,,,,,
54.8763,6,3,10.5771,65.4532,converged,81377.36,49916.91,0.5890,0.00,0.0000,0.1707,0.0701,,,,,,,
52.7130,6,4,13.5309,66.2429,converged,81377.36,49916.91,0.5890,0.00,0.0000,0.0097,0.1679,0.0946,,,,,,
43.7907,8,3,14.1632,57.9532,converged,81377.36,49916.91,0.5890,0.00,0.0000,0.0097,0.0112,,,,,,,
32.1242,10,3,12.7396,44.8637,converged,81377.36,49916.91,0.5890,0.00,0.0000,0.0094,0.0098,,,,,,,
29.2708,10,3,12.3349,41.6049,converged,81377.36,49916.91,0.5890,0.00,0.0000,0.0094,0.0098,,,,,,,
51.4639,7,3,11.9350,63.3980,converged,81377.36,49916.91,0.5890,0.00,0.0000,0.0096,0.0500,,,,,,,
29.4566,10,3,10.0230,39.4791,converged,81377.36,49916.91,0.5890,0.00,0.0000,0.0094,0.0098,,,,,,,
36.4175,9,3,9.8359,46.2529,converged,81377.36,49916.91,0.5890,0.00,0.0000,0.0096,0.0107,,,,,,,
47.0199,7,3,10.8477,57.8668,converged,81377.36,49916.91,0.5890,0.00,0.0000,0.0096,0.0501,,,,,,,
55.6145,6,4,17.9623,73.5763,converged,81377.36,49916.91,0.5890,0.00,0.0000,0.0097,0.1682,0.0950,,,,,,
21.8793,10,3,13.8835,35.7625,converged,81377.36,49916.91,0.5890,0.00,0.0000,0.0094,0.0098,,,,,,,
47.2237,7,3,10.3289,57.5520,converged,81377.36,49916.91,0.5890,0.00,0.0000,0.0096,0.0500,,,,,,,
59.3802,5,5,25.5674,84.9474,completed,81377.36,49916.91,0.5890,0.00,0.0000,0.0133,0.3418,0.7092,0.1780,,,,,
48.3020,7,7,34.3441,82.6452,completed,81377.36,49916.91,0.5890,0.00,0.0000,0.1352,0.2524,0.8156,1.0429,0.3396,0.6066,,,
28.7908,10,10,44.9936,73.7836,completed,81377.36,49916.91,0.5890,0.00,0.0000,0.0839,0.1504,0.1357,0.6519,1.0090,0.3724,0.4468,0.5293,0.4875
24.7837,10,10,41.7338,66.5169,completed,81377.36,49916.91,0.5890,0.00,0.0000,0.0840,0.1505,0.1361,0.6514,1.0088,0.3722,0.4469,0.5293,0.4875
59.5455,5,5,24.5675,84.1126,completed,81377.36,49916.91,0.5890,0.00,0.0000,0.2341,0.5108,1.0191,0.4111,,,,,
39.2235,9,3,17.3836,56.6067,converged,81377.36,49916.91,0.5890,0.00,0.0000,0.0096,0.0107,,,,,,,
24.7430,10,3,20.6783,45.4213,converged,81377.36,49916.91,0.5890,0.00,0.0000,0.0094,0.0098,,,,,,,
43.8110,8,3,21.3650,65.1760,converged,81377.36,49916.91,0.5890,0.00,0.0000,0.0097,0.0113,,,,,,,
39.3152,9,4,18.1383,57.4534,converged,81377.36,49916.91,0.5890,0.00,0.0000,0.0961,0.1884,0.0980,,,,,,
44.4011,8,8,38.2839,82.6849,completed,81377.36,49916.91,0.5890,0.00,0.0000,0.1124,0.2359,0.4790,1.1535,0.3155,0.5249,0.5887,,
31.0356,10,10,37.7174,68.7524,completed,81377.36,49916.91,0.5890,0.00,0.0000,0.0843,0.1511,0.1372,0.6505,1.0071,0.3717,0.4472,0.5292,0.4874
33.5756,10,10,54.9824,88.5574,completed,81377.36,49916.91,0.5890,0.00,0.0000,0.0845,0.1514,0.1378,0.6501,1.0062,0.3714,0.4473,0.5291,0.4873
38.3353,9,4,16.9101,55.2451,converged,81377.36,49916.91,0.5890,0.00,0.0000,0.0964,0.1892,0.0971,,,,,,
52.8704,6,3,18.4841,71.3542,converged,81377.36,49916.91,0.5891,0.00,0.0000,0.1725,0.0684,,,,,,,
39.6573,9,4,21.7523,61.4094,converged,81377.36,49916.91,0.5891,0.00,0.0000,0.0964,0.1892,0.0968,,,,,,
43.3630,8,8,35.5450,78.9070,completed,81377.36,49916.91,0.5891,0.00,0.0000,0.1128,0.2367,0.4777,1.1519,0.3148,0.5250,0.5886,,
41.4582,8,8,40.5686,82.0267,completed,81377.36,49916.91,0.5891,0.00,0.0000,0.1128,0.2367,0.4776,1.1520,0.3149,0.5250,0.5886,,
49.4567,7,3,10.0920,59.5481,converged,81377.36,49916.91,0.5891,0.00,0.0000,0.0095,0.0500,,,,,,,
53.6989,6,4,16.6051,70.3031,converged,81377.36,49916.91,0.5891,0.00,0.0000,0.0098,0.1682,0.0955,,,,,,
38.8467,9,3,12.7971,51.6432,converged,81377.36,49916.91,0.5888,0.00,0.0000,0.0097,0.0107,,,,,,,
24.9129,10,10,46.1704,71.0824,completed,81377.36,49916.91,0.5888,0.00,0.0000,0.0828,0.1484,0.1315,0.6559,1.0164,0.3744,0.4462,0.5302,0.4884
24.2833,10,10,43.4570,67.7401,completed,81377.38,49916.92,0.5886,0.13,0.0000,0.0793,0.1419,0.1189,0.6694,1.0349,0.3819,0.4437,0.5322,0.4903
33.4706,10,10,46.6759,80.1460,completed,81377.38,49916.92,0.5886,0.13,0.0000,0.0792,0.1420,0.1189,0.6695,1.0347,0.3819,0.4437,0.5322,0.4903
44.7925,8,3,13.7759,58.5679,converged,81377.42,49916.95,0.5885,0.24,0.0000,0.0108,0.0121,,,,,,,
50.5824,7,3,14.2432,64.8252,converged,81377.42,49916.95,0.5885,0.24,0.0000,0.0108,0.0502,,,,,,,
35.3921,9,3,11.6718,47.0638,converged,81377.47,49916.98,0.5882,0.37,0.0000,0.0110,0.0082,,,,,,,
59.4860,5,5,20.1851,79.6702,completed,81377.47,49916.98,0.5882,0.37,0.0000,0.0129,0.3494,0.7780,0.2476,,,,,
36.4054,9,9,36.3549,72.7600,completed,81377.54,49917.03,0.5879,0.50,0.0000,0.0128,0.1239,0.1561,1.6270,1.3299,0.2075,0.4870,0.5565,
42.0380,8,8,48.6222,90.6593,completed,81377.54,49917.03,0.5879,0.50,0.0000,0.0178,0.1826,0.7534,1.8507,0.7777,0.3373,0.5726,,
37.9852,9,3,19.1118,57.0969,converged,81377.68,49917.12,0.5878,0.70,0.0000,0.0054,0.0207,,,,,,,
42.4651,8,3,17.6183,60.0833,converged,81377.68,49917.12,0.5878,0.70,0.0000,0.0060,0.0441,,,,,,,
56.2062,6,6,35.0412,91.2472,completed,81377.82,49917.21,0.5872,0.90,0.0000,0.0060,0.2268,0.2612,0.5279,0.2038,,,,
56.3521,6,6,26.1910,82.5430,completed,81377.82,49917.21,0.5872,0.90,0.0000,0.0060,0.2271,0.2610,0.5287,0.2041,,,,
49.9785,7,3,12.7289,62.7070,converged,81378.06,49917.37,0.5848,1.11,0.0000,0.0079,0.0423,,,,,,,
44.5843,8,3,16.8929,61.4769,converged,81378.06,49917.37,0.5848,1.11,0.0000,0.0065,0.0112,,,,,,,
20.8702,10,3,25.3707,46.2408,converged,81378.29,49917.52,0.5815,1.27,0.0000,0.0418,0.0924,,,,,,,
43.0407,8,8,55.2277,98.2678,completed,81378.29,49917.52,0.5815,1.27,0.0000,0.0574,0.1242,1.3794,1.5585,0.7696,0.1043,0.3656,,
41.8224,8,3,18.6035,60.4255,converged,81378.62,49917.75,0.5776,1.47,0.0000,0.0632,0.0562,,,,,,,
53.9457,6,6,34.2358,88.1808,completed,81378.62,49917.75,0.5776,1.47,0.0000,0.0921,0.7504,2.2272,0.8697,0.1080,,,,
44.9046,8,3,14.1530,59.0571,converged,81378.98,49917.98,0.5774,1.81,0.0000,0.0460,0.0969,,,,,,,
27.4943,10,3,12.3283,39.8223,converged,81378.98,49917.98,0.5774,1.81,0.0000,0.0398,0.0337,,,,,,,
34.7172,9,3,12.6332,47.3502,converged,81379.26,49918.16,0.5783,2.07,0.0000,0.0288,0.0914,,,,,,,
35.0894,9,3,12.5138,47.6028,converged,81379.26,49918.16,0.5783,2.07,0.0000,0.0285,0.0920,,,,,,,
27.9596,10,3,11.7951,39.7542,converged,81379.63,49918.41,0.5801,2.41,0.0000,0.0264,0.0737,,,,,,,
44.5986,8,8,31.6473,76.2453,completed,81379.63,49918.41,0.5801,2.41,0.0000,0.0232,0.2853,2.0760,1.2137,0.4705,0.1217,0.1479,,
29.1868,10,3,11.6857,40.8718,converged,81380.07,49918.69,0.5824,2.73,0.0000,0.0511,0.0424,,,,,,,
34.8439,9,3,14.4093,49.2523,converged,81380.07,49918.69,0.5824,2.73,0.0000,0.0020,0.0055,,,,,,,
56.2070,6,3,10.5923,66.7983,converged,81380.49,49918.97,0.5843,3.05,0.0000,0.0067,0.0507,,,,,,,
51.2100,7,3,12.8906,64.0996,converged,81380.49,49918.97,0.5843,3.05,0.0000,0.0041,0.0227,,,,,,,
45.6249,8,3,15.2272,60.8512,converged,81381.13,49919.39,0.5854,3.47,0.0000,0.0666,0.0867,,,,,,,
48.6856,7,3,11.6129,60.2979,converged,81381.13,49919.39,0.5854,3.47,0.0000,0.0108,0.0451,,,,,,,
40.3342,8,3,10.4532,50.7873,converged,81381.72,49919.79,0.5841,3.60,0.0000,0.0436,0.0974,,,,,,,
23.1061,10,3,16.7785,39.8845,converged,81381.72,49919.79,0.5841,3.60,0.0000,0.0437,0.0440,,,,,,,
49.9809,7,7,35.7662,85.7462,completed,81382.24,49920.13,0.5832,3.64,0.0000,0.0569,8.5283,1.5942,0.3105,0.6149,0.3926,,,
57.5158,6,6,31.5711,89.0861,completed,81382.24,49920.13,0.5832,3.64,0.0000,0.5195,1.0729,0.5349,0.1860,0.2084,,,,
48.1740,7,7,30.6929,78.8669,completed,81382.93,49920.59,0.5834,3.60,0.0000,0.0367,0.1513,0.6804,0.9738,0.5776,0.4124,,,
59.8839,5,5,28.6033,88.4863,completed,81382.93,49920.59,0.5834,3.60,0.0000,0.2939,1.1133,0.5397,0.5464,,,,,
20.5846,10,3,13.5401,34.1241,converged,81383.74,49921.12,0.5845,3.56,0.0000,0.0159,0.0386,,,,,,,
40.3950,8,3,10.8817,51.2767,converged,81383.74,49921.12,0.5845,3.56,0.0000,0.0539,0.0622,,,,,,,
53.1630,6,6,36.0311,89.1942,completed,81384.28,49921.47,0.5853,3.54,0.0000,0.0378,0.3033,0.6237,0.7353,0.5244,,,,
23.5076,10,3,15.3478,38.8549,converged,81384.28,49921.47,0.5853,3.54,0.0000,0.0382,0.0406,,,,,,,
52.3312,6,6,30.4409,82.7719,completed,81384.93,49921.91,0.5865,3.61,0.0000,0.0499,0.2094,0.8362,0.7595,0.4056,,,,
59.0673,5,5,25.2044,84.2714,completed,81384.93,49921.91,0.5865,3.61,0.0000,0.0937,0.5842,0.9240,0.3622,,,,,
34.4262,9,9,46.1652,80.5912,completed,81385.64,49922.38,0.5889,3.79,0.0000,0.0189,0.3590,1.1555,1.3417,0.5114,0.9012,0.4475,0.2734,
27.7781,10,10,43.1342,70.9122,completed,81385.64,49922.38,0.5889,3.79,0.0000,0.1263,0.8807,3.0588,10.2003,4.2150,0.8739,0.5420,0.3516,0.2318
48.2625,7,7,25.0554,73.3174,completed,81386.47,49922.93,0.5910,4.10,0.0000,0.1443,1.4651,2.0261,0.6994,0.8471,0.3890,,,
57.8441,6,6,32.2436,90.0877,completed,81386.47,49922.93,0.5910,4.10,0.0000,0.7096,7.5594,6.6745,2.4022,0.8343,,,,
43.0198,8,8,42.1282,85.1472,completed,81387.26,49923.46,0.5946,4.50,0.0000,0.0403,0.1774,0.7558,0.9256,0.7619,0.5581,0.2967,,
29.6536,10,10,50.9491,80.6021,completed,81387.26,49923.46,0.5946,4.50,0.0000,0.0217,0.7525,2.1908,2.5467,0.6743,0.6914,0.6298,0.3341,0.2052
52.7181,6,6,32.0840,84.8021,completed,81388.29,49924.16,0.5987,5.06,0.0000,0.0658,0.6423,1.2270,0.6766,0.5223,,,,
36.1286,9,9,43.3146,79.4427,completed,81388.29,49924.16,0.5987,5.06,0.0000,0.0423,0.1788,0.4612,0.7393,0.3800,0.8679,0.4185,0.2352,
27.1979,10,3,10.5680,37.7651,converged,81389.35,49924.88,0.6026,5.66,0.0000,0.0401,0.0565,,,,,,,
48.1952,7,7,32.8860,81.0810,completed,81389.35,49924.88,0.6026,5.66,0.0000,0.0454,0.3606,0.8976,0.4603,0.4334,0.3371,,,
36.7274,9,3,13.1010,49.8280,converged,81390.34,49925.57,0.6067,6.18,0.0000,0.0389,0.0986,,,,,,,
24.0890,10,10,44.5743,68.6634,completed,81390.34,49925.57,0.6067,6.18,0.0000,0.0788,0.1028,0.2966,0.5149,0.5681,0.5649,0.5827,0.3083,0.2806
35.9636,9,3,11.6846,47.6476,converged,81391.40,49926.30,0.6098,6.61,0.0000,0.0300,0.0558,,,,,,,
42.3032,8,8,43.9948,86.2978,completed,81391.40,49926.30,0.6098,6.61,0.0000,0.0284,0.2114,1.1140,0.1103,0.3841,0.4120,0.3589,,
39.2467,9,3,15.8512,55.0973,converged,81392.72,49927.23,0.6181,7.22,0.0000,0.0322,0.0766,,,,,,,
43.1201,8,8,39.7293,82.8493,completed,81392.72,49927.23,0.6181,7.22,0.0000,0.0341,0.2466,1.5176,0.6564,0.3902,0.3826,0.3099,,
48.1003,7,7,32.0522,80.1522,completed,81393.93,49928.09,0.6226,7.63,0.0000,0.0450,0.2025,1.2380,0.7460,0.5875,0.4709,,,
57.3404,6,6,27.9331,85.2731,completed,81393.93,49928.09,0.6226,7.63,0.0000,0.0586,0.6989,1.0951,0.5283,0.5487,,,,
33.5645,10,3,13.3148,46.8788,converged,81395.53,49929.25,0.6327,8.06,0.0000,0.0305,0.0499,,,,,,,
48.9801,7,6,43.8064,92.7864,deadline,81396.19,49929.73,0.6373,8.19,0.0000,0.0785,0.3611,1.4757,0.6280,0.5867,,,,
50.4723,7,7,42.7545,93.2265,completed,81396.19,49929.73,0.6373,8.19,0.0000,0.0624,0.2674,1.2734,0.5658,0.5747,0.4536,,,
50.7060,7,7,39.6501,90.3561,completed,81397.78,49930.92,0.6448,8.55,0.0000,0.0659,0.3080,1.2895,0.6529,0.6112,0.5000,,,
50.2163,7,7,32.9972,83.2133,completed,81397.78,49930.92,0.6448,8.55,0.0000,0.0528,0.2855,1.2010,0.7211,0.6369,0.5505,,,
27.9106,10,3,14.6658,42.5759,converged,81399.77,49932.43,0.6519,8.88,0.0000,0.0323,0.0813,,,,,,,
24.7451,10,3,9.3482,34.0932,converged,81399.77,49932.43,0.6519,8.88,0.0000,0.0322,0.0898,,,,,,,
35.1742,9,9,37.0522,72.2263,completed,81401.04,49933.41,0.6582,8.88,0.0000,0.0368,0.1282,0.6715,0.7556,0.4116,0.4069,0.4248,0.3249,
30.1718,10,3,10.8997,41.0707,converged,81401.04,49933.41,0.6582,8.88,0.0000,0.0303,0.0842,,,,,,,
38.6004,9,3,11.0398,49.6398,converged,81402.43,49934.50,0.6646,8.81,0.0000,0.0224,0.0754,,,,,,,
45.7061,8,3,12.4077,58.1137,converged,81403.12,49935.04,0.6680,8.77,0.0000,0.0261,0.0843,,,,,,,
50.1943,7,7,32.6569,82.8510,completed,81403.12,49935.04,0.6680,8.77,0.0000,0.0477,0.3669,1.0302,0.5037,0.5407,0.4344,,,
25.0373,10,3,12.7916,37.8286,converged,81404.61,49936.23,0.6799,8.68,0.0000,0.0212,0.0549,,,,,,,
42.0735,8,8,46.1349,88.2079,completed,81404.61,49936.23,0.6799,8.68,0.0000,0.0363,0.1399,0.6423,0.8252,0.3389,0.6225,0.4927,,
48.0506,7,7,40.0843,88.1343,completed,81406.13,49937.47,0.6868,8.60,0.0000,0.0343,0.1115,0.5863,0.4955,0.5366,0.5063,,,
58.1731,5,5,29.0451,87.2181,completed,81406.13,49937.47,0.6868,8.60,0.0000,0.0681,1.0123,0.6389,0.5701,,,,,
56.6893,6,6,36.5897,93.2787,completed,81407.80,49938.86,0.7005,8.53,0.0000,0.0418,0.4247,0.9645,0.3327,0.3975,,,,
48.1585,7,7,41.1438,89.3018,completed,81407.80,49938.86,0.7005,8.53,0.0000,0.0363,0.2916,0.9753,0.7035,0.4785,0.4081,,,
29.1320,10,3,13.7654,42.8974,converged,81409.43,49940.25,0.7066,8.47,0.0000,0.0278,0.0579,,,,,,,
51.9987,7,7,36.5524,88.5504,completed,81409.43,49940.25,0.7066,8.47,0.0000,0.0477,0.2352,0.7134,0.7633,0.4948,0.4141,,,
40.3091,8,3,13.6971,54.0061,converged,81410.68,49941.32,0.7179,8.44,0.0000,0.0343,0.0887,,,,,,,
50.0201,7,7,33.8216,83.8417,completed,81410.68,49941.32,0.7179,8.44,0.0000,0.0587,0.2642,0.7406,0.7437,0.4676,0.4039,,,
51.3362,7,7,31.3790,82.7150,completed,81412.15,49942.62,0.7279,8.41,0.0000,0.0297,0.1069,0.3757,0.8203,0.4901,0.3281,,,
28.7112,10,3,11.7904,40.5014,converged,81412.15,49942.62,0.7279,8.41,0.0000,0.0299,0.0818,,,,,,,
49.8349,7,7,45.5470,95.3811,completed,81413.54,49943.85,0.7305,8.40,0.0000,0.0340,0.1162,0.4868,0.8011,0.4721,0.2923,,,
52.7206,6,6,29.0667,81.7867,completed,81413.54,49943.85,0.7305,8.40,0.0000,0.0610,0.4696,1.0131,0.5372,0.3435,,,,
47.9190,7,7,27.1559,75.0750,completed,81415.22,49945.35,0.7312,8.40,0.0000,0.0499,0.2214,0.8181,0.7427,0.3624,0.2773,,,
42.7734,8,8,33.3797,76.1527,completed,81415.22,49945.35,0.7312,8.40,0.0000,0.0362,0.1237,0.5807,0.6739,0.5355,0.3672,0.2449,,
20.3454,10,3,13.0502,33.3952,converged,81416.66,49946.65,0.7321,8.39,0.0000,0.0239,0.0524,,,,,,,
56.9292,6,6,29.4718,86.4008,completed,81417.29,49947.21,0.7327,8.39,0.0000,0.0425,0.3043,0.7473,0.7484,0.4011,,,,
41.3474,8,8,47.9380,89.2851,completed,81417.29,49947.21,0.7327,8.39,0.0000,0.0284,0.1083,0.4215,0.6574,0.5354,0.4462,0.3545,,
33.0183,10,3,16.4415,49.4595,converged,81418.84,49948.62,0.7348,8.39,0.0000,0.0168,0.0618,,,,,,,
26.3230,10,3,11.9518,38.2739,converged,81418.84,49948.62,0.7348,8.39,0.0000,0.0265,0.0663,,,,,,,
23.0865,10,3,11.6221,34.7081,converged,81419.90,49949.57,0.7335,8.38,0.0000,0.0180,0.0641,,,,,,,
38.6057,9,3,11.2275,49.8325,converged,81419.90,49949.57,0.7335,8.38,0.0000,0.0240,0.0872,,,,,,,
38.0540,9,3,13.3270,51.3800,converged,81420.90,49950.47,0.7314,8.37,0.0000,0.0224,0.0983,,,,,,,
54.3311,6,6,30.3263,84.6573,completed,81420.90,49950.47,0.7314,8.37,0.0000,0.0833,0.2615,0.7465,0.3038,0.4022,,,,
43.8032,8,3,12.0113,55.8143,converged,81422.40,49951.81,0.7304,8.37,0.0000,0.0367,0.0930,,,,,,,
45.5927,8,8,39.5103,85.1023,completed,81422.40,49951.81,0.7304,8.37,0.0000,0.0236,0.1308,0.4276,0.7959,0.4921,0.4535,0.3744,,
21.3747,10,3,14.7474,36.1214,converged,81423.83,49953.09,0.7290,8.36,0.0000,0.0127,0.0734,,,,,,,
42.4406,8,8,38.2976,80.7376,completed,81423.83,49953.09,0.7290,8.36,0.0000,0.0257,0.1389,0.4392,0.8252,0.4669,0.4476,0.3946,,
46.1925,7,3,11.3459,57.5379,converged,81425.19,49954.31,0.7292,8.36,0.0000,0.0250,0.0547,,,,,,,
49.8735,7,3,12.4679,62.3410,converged,81425.19,49954.31,0.7292,8.36,0.0000,0.0341,0.0908,,,,,,,
47.0831,7,3,12.3126,59.3956,converged,81426.32,49955.32,0.7254,8.36,0.0000,0.0154,0.0376,,,,,,,
56.6294,6,6,40.5529,97.1819,completed,81426.32,49955.32,0.7254,8.36,0.0000,0.0536,0.2111,0.7682,0.2828,0.4558,,,,
38.5712,9,3,13.4318,52.0028,converged,81427.89,49956.71,0.7230,8.38,0.0000,0.0168,0.0507,,,,,,,
44.0575,8,3,12.0572,56.1142,converged,81427.89,49956.71,0.7230,8.38,0.0000,0.0061,0.0380,,,,,,,
30.7560,10,3,10.2414,40.9974,converged,81429.02,49957.71,0.7191,8.40,0.0000,0.0222,0.0501,,,,,,,
33.1417,10,3,17.9815,51.1225,converged,81429.02,49957.71,0.7191,8.40,0.0000,0.0227,0.0474,,,,,,,
39.7899,9,3,12.6129,52.4020,converged,81430.12,49958.67,0.7136,8.41,0.0000,0.0059,0.0353,,,,,,,
38.8869,9,9,47.3149,86.2010,completed,81430.12,49958.67,0.7136,8.41,0.0000,0.0705,0.2452,0.1387,0.8871,0.4200,0.3987,0.3397,0.3428,
38.2987,9,9,38.0811,76.3791,completed,81431.35,49959.73,0.7086,8.41,0.0000,0.0799,0.3179,0.2429,1.0262,0.3648,0.3224,0.3871,0.4204,
23.6054,10,10,44.2430,67.8480,completed,81431.35,49959.73,0.7086,8.41,0.0000,0.0767,0.2740,0.3400,0.7460,0.7926,0.4142,0.4211,0.4059,0.4047
49.5354,7,3,12.1562,61.6912,converged,81432.84,49961.01,0.7031,8.42,0.0000,0.0121,0.0202,,,,,,,
27.5855,10,3,11.2406,38.8256,converged,81432.84,49961.01,0.7031,8.42,0.0000,0.0103,0.0299,,,,,,,
47.7493,7,7,32.4764,80.2255,completed,81433.93,49961.93,0.6972,8.42,0.0000,0.3228,0.8695,1.5859,1.5518,1.0581,0.7841,,,
52.3943,6,6,28.8402,81.2343,completed,81433.93,49961.93,0.6972,8.42,0.0000,0.2618,0.9151,1.4585,0.6924,0.8127,,,,
56.5301,6,6,29.6787,86.2088,completed,81435.68,49963.39,0.6873,8.44,0.0000,0.4562,0.8487,1.9283,2.5304,1.5229,,,,
49.1209,7,7,32.1341,81.2541,completed,81435.68,49963.39,0.6873,8.44,0.0000,0.2891,0.6480,1.0008,1.9111,1.9185,1.1976,,,
23.1698,10,10,46.6529,69.8219,completed,81437.19,49964.62,0.6766,8.45,0.0000,0.1869,0.3904,0.3641,0.8539,2.7028,1.6779,0.6390,0.4273,0.4293
55.3244,6,6,25.0767,80.4008,completed,81437.19,49964.62,0.6766,8.45,0.0000,0.3629,0.1299,2.8566,2.3186,1.2402,,,,
29.7072,10,10,44.8851,74.5921,completed,81438.70,49965.83,0.6623,8.43,0.0000,0.2663,0.4363,0.2509,1.6947,2.8738,0.4788,0.3840,0.2355,0.2789
40.3702,8,8,32.9823,73.3523,completed,81438.70,49965.83,0.6623,8.43,0.0000,0.3767,0.5249,2.0825,3.4286,0.9819,0.4276,0.3593,,
59.2139,5,5,20.7495,79.9626,completed,81440.17,49966.96,0.6492,8.42,0.0000,0.8528,3.2681,1.6430,0.6786,,,,,
33.8177,10,10,39.9533,73.7703,completed,81440.17,49966.96,0.6492,8.42,0.0000,0.5841,1.2111,2.4267,2.1547,1.2787,1.8732,0.6126,0.3112,0.2014
38.8282,9,9,37.7577,76.5858,completed,81441.84,49968.23,0.6350,8.41,0.0000,0.5684,0.7008,0.3638,2.5888,0.9463,0.6272,0.3424,0.4209,
29.0406,10,10,41.0786,70.1187,completed,81441.84,49968.23,0.6350,8.41,0.0000,0.5929,1.3365,2.9362,3.1387,1.9033,1.5647,0.5668,0.3978,0.2631
39.2091,9,9,38.3644,77.5734,completed,81443.40,49969.36,0.6223,8.40,0.0000,0.5607,0.7828,0.8431,3.4103,0.7782,0.4559,0.3656,0.1992,
22.2699,10,10,52.3244,74.5935,completed,81443.40,49969.36,0.6223,8.40,0.0000,0.6844,1.2440,1.9404,0.2499,1.1092,1.2681,1.4135,0.8784,0.7651
55.3753,6,6,31.1616,86.5366,completed,81444.90,49970.43,0.6132,8.39,0.0000,0.3740,1.8613,4.0712,0.7505,0.4823,,,,
24.9612,10,10,51.3464,76.3074,completed,81444.90,49970.43,0.6132,8.39,0.0000,0.4854,0.8737,1.4619,0.3292,0.2859,0.9241,0.6609,0.4358,0.2434
42.4391,8,8,42.3784,84.8174,completed,81446.61,49971.64,0.6068,8.37,0.0000,0.4965,0.4393,2.6282,4.0044,0.5828,0.4431,0.3152,,
58.4872,5,5,24.6702,83.1573,completed,81446.61,49971.64,0.6068,8.37,0.0000,0.7859,0.3826,0.9034,0.6942,,,,,
32.4611,10,10,37.3899,69.8509,completed,81448.23,49972.76,0.6040,8.36,0.0000,0.1283,0.1629,1.2936,0.1852,5.6566,3.1886,0.6421,0.8305,0.6409
26.4432,10,10,42.2365,68.6795,completed,81448.23,49972.76,0.6040,8.36,0.0000,0.3567,0.4197,1.0417,2.9368,5.0477,1.9971,0.6962,0.4975,0.2971
52.1814,6,6,24.8730,77.0541,completed,81449.83,49973.88,0.6024,8.35,0.0000,0.2516,0.2585,0.3500,0.4774,0.8676,,,,
37.5487,9,9,43.9329,81.4809,completed,81449.83,49973.88,0.6024,8.35,0.0000,0.0503,0.1814,0.3897,1.3206,0.6254,0.5103,0.9230,0.7917,
23.2803,10,3,16.5430,39.8231,converged,81451.41,49974.97,0.6026,8.34,0.0000,0.0399,0.0439,,,,,,,
55.5632,6,3,12.5368,68.0999,converged,81451.41,49974.97,0.6026,8.34,0.0000,0.0195,0.0212,,,,,,,
35.7422,9,4,14.3068,50.0488,converged,81452.80,49975.93,0.6033,8.33,0.0000,0.0617,0.1321,0.0933,,,,,,
38.6626,9,3,13.2295,51.8915,converged,81452.80,49975.93,0.6033,8.33,0.0000,0.0201,0.0105,,,,,,,
38.3909,9,4,21.6802,60.0702,converged,81453.95,49976.72,0.6024,8.33,0.0000,0.0827,0.1810,0.0960,,,,,,
50.4030,7,7,28.7423,79.1453,completed,81453.95,49976.72,0.6024,8.33,0.0000,0.6312,1.1934,0.9156,4.4384,1.7401,0.6363,,,
32.0916,10,3,13.3166,45.4077,converged,81455.52,49977.80,0.5985,8.32,0.0000,0.0183,0.0751,,,,,,,
58.7707,5,5,23.1557,81.9258,completed,81455.52,49977.80,0.5985,8.32,0.0000,2.6516,8.7200,4.8983,2.9954,,,,,
23.2355,10,10,47.5537,70.7888,completed,81456.69,49978.60,0.5976,8.31,0.0000,0.0982,0.5293,1.4970,4.8955,4.1532,0.9270,0.7195,0.8209,0.6110
33.8461,10,3,13.7732,47.6192,converged,81456.69,49978.60,0.5976,8.31,0.0000,0.0047,0.0182,,,,,,,
27.5820,10,10,62.0712,89.6523,completed,81458.18,49979.61,0.5971,8.32,0.0000,0.0239,0.1037,1.4660,2.7066,1.2755,0.5466,0.6603,0.7594,0.6230
44.4340,8,8,44.6095,89.0436,completed,81458.18,49979.61,0.5971,8.32,0.0000,0.8804,3.2032,5.6218,2.7572,2.2077,1.5962,0.9602,,
32.2475,10,3,13.9012,46.1483,converged,81460.13,49980.93,0.5953,8.24,0.0000,0.0181,0.0231,,,,,,,
59.8257,5,5,25.0544,84.8794,completed,81460.13,49980.93,0.5953,8.24,0.0000,2.5282,7.1895,4.5866,2.8049,,,,,
35.5991,9,9,40.8810,76.4800,completed,81461.49,49981.85,0.5937,8.21,0.0000,0.8921,3.0127,0.2404,6.3501,7.5033,2.1844,1.5213,1.3373,
25.5323,10,10,47.6241,73.1562,completed,81461.49,49981.85,0.5937,8.21,0.0000,0.0229,0.1439,0.2869,0.4230,0.3927,1.5146,1.1736,1.0544,1.0308
55.5488,6,6,28.3723,83.9204,completed,81463.25,49983.04,0.5926,8.23,0.0000,1.8731,2.4368,1.7365,2.0843,1.8569,,,,
30.9786,10,10,39.3497,70.3278,completed,81463.25,49983.04,0.5926,8.23,0.0000,0.0329,0.2363,0.4294,0.6695,0.3893,1.5483,1.3768,1.1624,1.0669
35.9659,9,3,12.4760,48.4410,converged,81464.89,49984.14,0.5889,8.21,0.0000,0.0275,0.0673,,,,,,,
57.2062,6,4,18.6380,75.8441,converged,81464.89,49984.14,0.5889,8.21,0.0000,0.0689,0.1607,0.0763,,,,,,
54.4108,6,6,23.9042,78.3142,completed,81466.26,49985.05,0.5855,8.23,0.0000,0.0455,0.1239,0.2026,0.2065,0.2318,,,,
31.8006,10,10,44.1139,75.9139,completed,81466.26,49985.05,0.5855,8.23,0.0000,0.0210,0.1511,0.3440,0.6284,0.3163,0.7758,1.1848,0.9164,0.8965
30.4629,10,10,40.9074,71.3695,completed,81467.84,49986.09,0.5818,8.21,0.0000,0.0470,0.5864,4.3927,1.2464,0.4075,0.7250,0.7919,0.5654,0.4237
20.0311,10,3,16.7597,36.7907,converged,81467.84,49986.09,0.5818,8.21,0.0000,0.0212,0.0647,,,,,,,
57.4109,6,3,20.8456,78.2557,converged,81469.17,49986.95,0.5781,8.18,0.0000,0.0362,0.0858,,,,,,,
42.2690,8,8,33.9265,76.1955,completed,81469.17,49986.95,0.5781,8.18,0.0000,0.0222,0.1645,0.4358,0.1923,0.8679,0.7790,0.7102,,
25.3248,10,10,43.2893,68.6133,completed,81470.57,49987.86,0.5736,8.07,0.0000,0.0392,1.1922,5.8191,1.3726,0.3602,0.4861,0.5845,0.3583,0.2307
38.8234,9,3,12.6650,51.4881,converged,81470.57,49987.86,0.5736,8.07,0.0000,0.0146,0.0533,,,,,,,
59.2911,5,5,21.6305,80.9216,completed,81472.11,49988.86,0.5691,7.94,0.0000,0.0252,0.1206,0.1805,0.5165,,,,,
21.3727,10,3,10.2223,31.5944,converged,81472.11,49988.86,0.5691,7.94,0.0000,0.0098,0.0242,,,,,,,
25.0658,10,3,11.9687,37.0337,converged,81473.24,49989.58,0.5628,7.84,0.0000,0.0105,0.0355,,,,,,,
56.9998,6,3,11.4459,68.4450,converged,81473.24,49989.58,0.5628,7.84,0.0000,0.0341,0.0442,,,,,,,
37.8343,9,3,15.3836,53.2176,converged,81474.55,49990.40,0.5567,7.69,0.0000,0.0100,0.0238,,,,,,,
20.0444,10,3,12.9160,32.9601,converged,81474.55,49990.40,0.5567,7.69,0.0000,0.0073,0.0142,,,,,,,
45.6355,8,8,35.9274,81.5624,completed,81475.65,49991.09,0.5515,7.58,0.0000,0.0267,0.2299,0.4546,0.3751,0.7020,0.5689,0.2890,,
53.3370,6,6,27.3230,80.6590,completed,81475.65,49991.09,0.5515,7.58,0.0000,0.7210,2.2680,0.5609,0.3819,0.3770,,,,
41.1157,8,8,31.9125,73.0275,completed,81477.31,49992.10,0.5429,7.44,0.0000,0.0270,0.2137,0.5630,0.3832,0.8067,0.6275,0.3038,,
26.4968,10,6,21.6818,48.1778,converged,81477.31,49992.10,0.5429,7.44,0.0000,0.0101,0.3439,1.3200,1.0855,0.0892,,,,
20.8401,10,3,10.5910,31.4310,converged,81478.58,49992.87,0.5356,7.40,0.0000,0.0104,0.0223,,,,,,,
28.1487,10,10,40.9574,69.1055,completed,81478.58,49992.87,0.5356,7.40,0.0000,0.0118,0.1006,0.5514,0.6181,0.1339,0.3551,0.3880,0.4453,0.3351
48.1793,7,7,26.7656,74.9446,completed,81479.66,49993.51,0.5290,7.39,0.0000,0.0318,0.2069,0.2462,0.4081,0.2234,0.3697,,,
40.4928,8,8,31.8784,72.3704,completed,81479.66,49993.51,0.5290,7.39,0.0000,0.0160,0.2195,0.7060,0.2435,0.1976,0.4105,0.3916,,
29.3402,10,3,18.3804,47.7204,converged,81481.12,49994.36,0.5210,7.30,0.0000,0.0083,0.0147,,,,,,,
43.9322,8,3,14.0201,57.9521,converged,81481.12,49994.36,0.5210,7.30,0.0000,0.0243,0.0476,,,,,,,
31.5758,10,3,13.7532,45.3283,converged,81482.19,49994.97,0.5133,7.22,0.0000,0.0091,0.0245,,,,,,,
49.3145,7,3,16.2899,65.6040,converged,81482.19,49994.97,0.5133,7.22,0.0000,0.0342,0.0424,,,,,,,
58.5340,5,3,12.5683,71.1013,converged,81483.61,49995.77,0.5034,6.99,0.0000,0.0287,0.0996,,,,,,,
48.1373,7,3,12.8093,60.9463,converged,81483.61,49995.77,0.5034,6.99,0.0000,0.0344,0.0527,,,,,,,
47.9849,7,3,11.1035,59.0875,converged,81484.93,49996.48,0.4942,6.72,0.0000,0.0178,0.0370,,,,,,,
44.9625,8,3,11.9210,56.8830,converged,81484.93,49996.48,0.4942,6.72,0.0000,0.0261,0.0549,,,,,,,
52.9928,6,6,27.1942,80.1862,completed,81486.08,49997.10,0.4868,6.43,0.0000,0.0267,0.2199,0.2891,0.5083,0.4381,,,,
21.2735,10,6,23.6505,44.9235,converged,81486.08,49997.10,0.4868,6.43,0.0000,0.7600,2.2829,4.5162,1.4358,0.0686,,,,
51.8307,7,3,11.8447,63.6747,converged,81487.19,49997.67,0.4795,6.17,0.0000,0.0135,0.0665,,,,,,,
49.9231,7,3,11.3868,61.3098,converged,81487.19,49997.67,0.4795,6.17,0.0000,0.0339,0.0356,,,,,,,
24.1171,10,3,11.3153,35.4324,converged,81488.25,49998.23,0.4735,5.94,0.0000,0.0096,0.0214,,,,,,,
30.5753,10,3,13.6578,44.2328,converged,81488.78,49998.49,0.4711,5.86,0.0000,0.0124,0.0306,,,,,,,
48.5616,7,3,13.9476,62.5087,converged,81489.29,49998.76,0.4686,5.76,0.0000,0.0155,0.0279,,,,,,,
30.1285,10,3,18.1613,48.2893,converged,81489.29,49998.76,0.4686,5.76,0.0000,0.0118,0.0376,,,,,,,
46.9671,7,3,14.7725,61.7395,converged,81490.30,49999.27,0.4633,5.59,0.0000,0.0114,0.0920,,,,,,,
52.3944,6,3,13.6638,66.0578,converged,81490.30,49999.27,0.4633,5.59,0.0000,0.0297,0.0386,,,,,,,
42.1191,8,8,37.3521,79.4711,completed,81491.38,49999.81,0.4579,5.41,0.0000,0.0148,0.1126,0.1361,0.2203,0.6805,0.3797,0.2712,,
26.8692,10,10,39.9560,66.8250,completed,81491.38,49999.81,0.4579,5.41,0.0000,0.0732,0.1074,0.4040,0.2759,0.7558,0.2709,0.4646,0.4780,0.4234
29.7778,10,10,41.4615,71.2385,completed,81492.47,50000.35,0.4525,5.26,0.0000,0.0915,0.1999,0.4413,0.4000,0.4021,0.3385,0.5015,0.6408,0.5383
41.2418,8,8,33.0987,74.3397,completed,81492.47,50000.35,0.4525,5.26,0.0000,0.0854,0.9298,0.8910,1.0938,0.4616,0.4829,0.4045,,
32.1792,10,3,11.5660,43.7450,converged,81493.64,50000.91,0.4481,5.18,0.0000,0.0051,0.0098,,,,,,,
51.9136,7,3,15.5677,67.4808,converged,81493.64,50000.91,0.4481,5.18,0.0000,0.0185,0.0348,,,,,,,
53.5252,6,5,24.1862,77.7112,converged,81494.43,50001.30,0.4463,5.19,0.0000,0.0063,0.1677,0.1071,0.0520,,,,,
46.3134,7,7,45.3472,91.6602,completed,81494.43,50001.30,0.4463,5.19,0.0000,0.0518,0.5223,0.3889,0.3049,0.6119,0.5265,,,
23.7486,10,10,58.6218,82.3698,completed,81495.69,50001.90,0.4406,5.19,0.0000,0.0438,0.1232,0.4199,0.3993,0.4577,0.3178,0.5371,0.5782,0.4457
46.5395,7,7,46.7810,93.3201,completed,81495.69,50001.90,0.4406,5.19,0.0000,0.0628,0.4197,0.4776,0.3522,0.6039,0.5064,,,
23.3959,10,3,10.2298,33.6248,converged,81497.00,50002.52,0.4350,5.14,0.0000,0.0075,0.0403,,,,,,,
38.0245,9,3,12.6426,50.6667,converged,81497.28,50002.65,0.4339,5.15,0.0000,0.0063,0.0087,,,,,,,
20.9844,10,3,11.7176,32.7016,converged,81497.85,50002.91,0.4317,5.18,0.0000,0.0052,0.0063,,,,,,,
25.9589,10,3,17.0985,43.0565,converged,81498.32,50003.13,0.4299,5.23,0.0000,0.0058,0.0141,,,,,,,
57.8309,6,3,14.3892,72.2192,converged,81498.80,50003.35,0.4290,5.25,0.0000,0.0110,0.0491,,,,,,,
48.5447,7,3,14.7973,63.3413,converged,81498.80,50003.35,0.4290,5.25,0.0000,0.0211,0.0267,,,,,,,
50.0158,7,3,15.5429,65.5579,converged,81499.85,50003.83,0.4250,5.18,0.0000,0.0511,0.0915,,,,,,,
44.1307,8,8,36.2576,80.3877,completed,81499.85,50003.83,0.4250,5.18,0.0000,0.0257,0.3844,1.0977,1.1610,0.3647,0.4957,0.3326,,
38.4984,9,9,45.5121,84.0102,completed,81500.91,50004.31,0.4194,4.95,0.0000,0.0549,0.1225,0.1459,0.6025,0.6619,0.2555,0.4214,0.3457,
54.1026,6,6,27.5319,81.6339,completed,81500.91,50004.31,0.4194,4.95,0.0000,0.0416,0.4799,1.2861,0.3843,0.4129,,,,
46.0495,7,5,21.4098,67.4599,converged,81502.01,50004.80,0.4149,4.77,0.0000,0.0111,0.1268,0.3560,0.0492,,,,,
38.5202,9,6,24.3632,62.8833,converged,81502.01,50004.80,0.4149,4.77,0.0000,0.0548,0.1089,0.5078,0.6735,0.0618,,,,
34.2931,9,9,37.1565,71.4496,completed,81502.87,50005.18,0.4085,4.70,0.0000,0.3386,0.9205,1.6550,2.3368,1.5183,0.4876,0.4422,0.2278,
20.5358,10,3,11.1202,31.6553,converged,81502.87,50005.18,0.4085,4.70,0.0000,0.0093,0.0357,,,,,,,
58.9894,5,5,21.7849,80.7739,completed,81503.64,50005.51,0.4049,4.59,0.0000,0.1607,1.7515,1.3849,0.3238,,,,,
53.6940,6,6,41.3284,95.0214,completed,81504.14,50005.73,0.4038,4.50,0.0000,2.2443,22.0413,6.4652,2.6011,1.2895,,,,
21.7916,10,7,41.6821,63.4731,converged,81504.14,50005.73,0.4038,4.50,0.0000,1.6009,5.9242,17.5258,1.2164,0.1197,0.0912,,,
59.5557,5,5,23.2037,82.7587,converged,81505.14,50006.16,0.3976,4.26,0.0000,0.0523,0.7029,0.1786,0.0753,,,,,
43.4917,8,6,29.6176,73.1086,converged,81505.14,50006.16,0.3976,4.26,0.0000,1.4553,13.3395,4.1899,0.1764,0.0970,,,,
48.0822,7,6,32.8206,80.9026,converged,81506.10,50006.56,0.3901,4.07,0.0000,0.0986,0.6834,0.9592,0.1145,0.0701,,,,
25.2563,10,7,41.9747,67.2307,converged,81506.10,50006.56,0.3901,4.07,0.0000,0.0234,0.6961,0.5651,0.3698,0.1586,0.0710,,,
31.3782,10,7,36.9209,68.3031,converged,81506.99,50006.92,0.3854,3.65,0.0000,0.0467,0.6402,0.7385,0.2203,0.1456,0.0650,,,
20.9234,10,10,58.1318,79.0549,completed,81506.99,50006.92,0.3854,3.65,0.0000,0.0371,0.2009,0.9130,1.5595,2.1130,0.3894,0.6656,0.3824,0.1689
32.3174,10,6,32.7931,65.1101,converged,81507.78,50007.24,0.3811,3.18,0.0000,0.0819,0.4500,0.7391,0.1993,0.0924,,,,
21.9145,10,10,59.5058,81.4199,completed,81507.78,50007.24,0.3811,3.18,0.0000,0.0392,0.1172,0.4672,1.5172,2.3142,0.2475,0.6772,0.3791,0.1626
39.0530,9,5,26.8657,65.9177,converged,81508.37,50007.47,0.3812,2.68,0.0000,0.0539,0.3925,1.1806,0.0972,,,,,
22.4159,10,6,27.8671,50.2821,converged,81508.37,50007.47,0.3812,2.68,0.0000,0.0338,0.1263,1.6199,0.3718,0.0312,,,,
22.7747,10,3,17.7584,40.5324,converged,81508.88,50007.68,0.3826,2.31,0.0000,0.0424,0.0631,,,,,,,
33.4002,10,3,16.8760,50.2760,converged,81508.88,50007.68,0.3826,2.31,0.0000,0.0355,0.0554,,,,,,,
55.4714,6,4,21.9936,77.4647,converged,81509.24,50007.82,0.3841,2.11,0.0000,0.0057,0.1215,0.0667,,,,,,
32.7130,10,10,56.1705,88.8826,completed,81509.24,50007.82,0.3841,2.11,0.0000,0.7979,0.2074,12.5337,19.5541,2.2579,0.4919,0.4890,0.3560,0.1737
58.1085,5,5,40.0927,98.2007,completed,81509.74,50008.03,0.3822,1.89,0.0000,0.0666,0.4164,0.3902,0.3117,,,,,
35.0094,9,3,15.6997,50.7087,converged,81509.74,50008.03,0.3822,1.89,0.0000,0.0349,0.0709,,,,,,,
52.3602,6,6,37.4073,89.7673,completed,81510.15,50008.20,0.3844,1.74,0.0000,0.0250,0.2840,1.2857,0.6535,0.3264,,,,
51.7590,7,7,45.4267,97.1848,completed,81510.15,50008.20,0.3844,1.74,0.0000,0.0678,0.3914,1.9906,1.1809,0.4406,0.2250,,,
49.2195,7,7,48.1045,97.3235,completed,81510.56,50008.37,0.3929,1.54,0.0000,0.0343,0.6331,4.1930,1.7180,0.2984,0.3039,,,
53.8311,6,6,34.0394,87.8704,completed,81510.56,50008.37,0.3929,1.54,0.0000,0.0849,1.2809,3.9229,0.7574,0.2523,,,,
21.7357,10,3,15.4010,37.1360,converged,81510.92,50008.52,0.3925,1.37,0.0000,0.0174,0.0476,,,,,,,
44.9170,8,8,49.5188,94.4348,converged,81510.92,50008.52,0.3925,1.37,0.0000,0.0462,0.2233,1.4783,2.6286,0.6330,0.3208,0.0729,,
42.6544,8,8,38.8573,81.5114,completed,81511.21,50008.65,0.3875,1.34,0.0000,0.0172,0.2206,1.9476,3.1572,0.5732,0.2081,0.1456,,
42.7493,8,8,41.8689,84.6179,completed,81511.21,50008.65,0.3875,1.34,0.0000,0.0313,0.1586,2.0235,3.1699,0.5366,0.2085,0.1890,,
53.5897,6,6,41.9380,95.5270,completed,81511.55,50008.79,0.3821,1.44,0.0000,0.0682,0.8299,2.7554,0.7048,0.2681,,,,
32.1750,10,3,14.0944,46.2695,converged,81511.55,50008.79,0.3821,1.44,0.0000,0.0158,0.0267,,,,,,,
37.0422,9,3,15.5148,52.5569,converged,81511.86,50008.91,0.3784,1.65,0.0000,0.0152,0.0773,,,,,,,
52.7886,6,6,27.3214,80.1095,completed,81511.86,50008.91,0.3784,1.65,0.0000,0.0132,1.1668,4.3668,0.7252,0.5582,,,,
20.1543,10,10,49.6040,69.7581,completed,81512.24,50009.07,0.3727,1.96,0.0000,0.0958,0.2257,0.1908,1.2263,1.9150,0.4591,0.2827,0.2335,0.3214
25.1831,10,3,11.3873,36.5703,converged,81512.24,50009.07,0.3727,1.96,0.0000,0.0087,0.0290,,,,,,,
25.4381,10,10,41.4916,66.9296,completed,81512.64,50009.22,0.3713,2.31,0.0000,0.0881,0.2079,0.2014,1.2875,1.9397,0.4621,0.3010,0.2215,0.3112
31.7534,10,3,16.7380,48.4981,converged,81512.64,50009.22,0.3713,2.31,0.0000,0.0332,0.0277,,,,,,,
42.5670,8,8,40.1233,82.6893,completed,81513.11,50009.41,0.3632,2.67,0.0000,0.2620,0.5670,0.7297,1.9961,0.5657,0.3466,0.2622,,
34.6157,9,9,41.6115,76.2265,completed,81513.11,50009.41,0.3632,2.67,0.0000,0.1068,0.3362,0.3457,3.2068,1.4228,0.5803,0.2465,0.2634,
40.1557,8,8,32.3613,72.5164,completed,81513.70,50009.63,0.3522,3.04,0.0000,0.1600,0.2981,0.8713,2.5320,0.5389,0.6680,0.2022,,
35.6035,9,9,33.4833,69.0864,completed,81513.70,50009.63,0.3522,3.04,0.0000,0.2261,0.5049,0.3303,2.5272,1.3175,0.9192,0.3173,0.1363,
27.4250,10,3,13.8900,41.3151,converged,81514.40,50009.88,0.3402,3.38,0.0000,0.0398,0.0863,,,,,,,
49.9007,7,7,41.6951,91.5951,completed,81514.40,50009.88,0.3402,3.38,0.0000,0.1625,0.2569,0.2868,0.7879,0.7236,0.4469,,,
54.7874,6,6,26.1899,80.9769,completed,81515.14,50010.14,0.3319,3.71,0.0000,0.1616,0.6707,0.3692,0.4870,0.6523,,,,
35.4627,9,9,39.4362,74.8982,completed,81515.14,50010.14,0.3319,3.71,0.0000,0.0774,0.2156,0.2659,0.1989,0.8526,0.3689,0.7188,0.3689,
54.6030,6,6,24.0769,78.6789,completed,81515.97,50010.43,0.3218,4.08,0.0000,0.1677,0.7433,0.3180,0.4147,0.6561,,,,
21.6592,10,10,50.5125,72.1715,completed,81515.97,50010.43,0.3218,4.08,0.0000,0.0548,0.1779,0.3454,0.3512,0.3802,0.5324,0.4640,0.6415,0.3472
58.1766,5,5,35.7078,93.8838,completed,81517.01,50010.78,0.3143,4.49,0.0000,0.2763,1.0760,0.3740,0.6637,,,,,
29.4544,10,10,56.3119,85.7659,completed,81517.01,50010.78,0.3143,4.49,0.0000,0.0524,0.2185,0.4877,0.5306,0.2317,0.3303,0.3440,0.5708,0.3642
33.8228,10,6,28.4670,62.2891,converged,81518.29,50011.19,0.3065,5.04,0.0000,0.0459,0.1947,0.3659,0.2654,0.0600,,,,
25.1678,10,6,34.1604,59.3274,converged,81518.29,50011.19,0.3065,5.04,0.0000,0.0537,0.2227,0.4236,0.3230,0.0977,,,,
57.0574,6,6,40.5884,97.6454,completed,81519.40,50011.55,0.3014,5.45,0.0000,0.1250,0.3610,0.1876,0.4803,0.1436,,,,
40.5174,8,7,37.0092,77.5262,converged,81519.40,50011.55,0.3014,5.45,0.0000,0.0698,0.3013,0.2200,0.1699,0.3856,0.0937,,,
46.0073,7,7,29.6330,75.6400,completed,81520.94,50012.03,0.2989,6.09,0.0000,0.0477,0.1826,0.2635,0.5647,0.6645,0.2721,,,
24.7834,10,10,31.5240,56.3071,converged,81520.94,50012.03,0.2989,6.09,0.0000,0.0267,0.1191,0.1685,0.1126,0.3270,0.4833,0.5481,0.1340,0.0992
24.5951,10,3,14.2535,38.8486,converged,81522.29,50012.44,0.2929,6.57,0.0000,0.0128,0.0582,,,,,,,
26.7045,10,10,55.7684,82.4725,completed,81522.29,50012.44,0.2929,6.57,0.0000,0.0399,0.1518,0.1427,0.2981,0.5781,0.8308,0.8006,0.3527,0.2332
59.9658,5,5,30.1666,90.1316,completed,81523.73,50012.87,0.2867,7.07,0.0000,0.1139,0.3231,1.2499,1.0368,,,,,
20.6158,10,4,14.4567,35.0717,converged,81523.73,50012.87,0.2867,7.07,0.0000,0.0302,0.1202,0.0889,,,,,,
40.1896,8,3,14.8650,55.0541,converged,81525.36,50013.34,0.2797,7.64,0.0000,0.0147,0.0434,,,,,,,
49.9991,7,3,18.3069,68.3060,converged,81525.36,50013.34,0.2797,7.64,0.0000,0.0229,0.0466,,,,,,,
20.9714,10,3,16.3862,37.3573,converged,81526.91,50013.78,0.2726,8.08,0.0000,0.0077,0.0289,,,,,,,
59.7042,5,5,28.1531,87.8571,completed,81526.91,50013.78,0.2726,8.08,0.0000,0.0427,0.5945,0.9765,1.0716,,,,,
29.8071,10,3,12.4133,42.2204,converged,81528.41,50014.19,0.2670,8.36,0.0000,0.0090,0.0274,,,,,,,
56.0850,6,6,38.1857,94.2707,completed,81528.41,50014.19,0.2670,8.36,0.0000,0.0272,0.1885,0.7435,1.3852,0.9714,,,,
51.1124,7,7,39.0309,90.1429,completed,81530.34,50014.71,0.2604,8.52,0.0000,0.0316,0.1004,0.5165,1.0827,1.5256,0.9533,,,
50.2547,7,7,45.2381,95.4921,completed,81530.34,50014.71,0.2604,8.52,0.0000,0.0343,0.1138,0.5909,1.1949,1.4810,0.8967,,,
50.2238,7,7,46.3282,96.5512,completed,81532.36,50015.25,0.2540,8.60,0.0000,0.0410,0.1655,0.3720,0.9191,1.4337,0.8984,,,
43.7230,8,4,24.4852,68.2082,converged,81532.36,50015.25,0.2540,8.60,0.0000,0.0331,0.1382,0.0471,,,,,,
49.0112,7,7,47.2464,96.2574,completed,81534.58,50015.81,0.2451,8.65,0.0000,0.0514,0.2314,0.1707,0.5805,1.2521,0.8492,,,
36.7695,9,9,54.9778,91.7468,completed,81534.58,50015.81,0.2451,8.65,0.0000,0.0339,0.1316,0.2219,0.4991,0.6760,1.2673,0.9131,0.6089,
40.4378,8,8,48.1545,88.5915,completed,81536.82,50016.36,0.2376,8.68,0.0000,0.0471,0.1964,0.3244,0.4190,0.4784,1.0290,0.7016,,
56.7300,6,6,42.6981,99.4272,completed,81536.82,50016.36,0.2376,8.68,0.0000,0.0959,0.4117,0.5710,1.2119,1.0031,,,,
31.7316,10,10,56.7375,88.4686,completed,81539.18,50016.93,0.2301,8.68,0.0000,0.0404,0.1275,0.3596,0.2221,0.2427,0.1174,0.8234,0.7431,0.5395
22.4428,10,5,30.0290,52.4711,converged,81539.18,50016.93,0.2301,8.68,0.0000,0.0333,0.1191,0.3312,0.0838,,,,,
40.4901,8,8,35.0598,75.5499,completed,81541.20,50017.40,0.2240,8.69,0.0000,0.0843,0.3114,0.5142,0.1317,0.1030,0.8766,0.6795,,
30.7413,10,5,17.6605,48.4015,converged,81541.20,50017.40,0.2240,8.69,0.0000,0.0372,0.1210,0.3514,0.0986,,,,,
59.6037,5,5,19.8084,79.4114,completed,81543.13,50017.84,0.2183,8.67,0.0000,0.2767,0.8084,0.6932,0.6064,,,,,
51.1383,7,4,17.3643,68.5024,converged,81543.13,50017.84,0.2183,8.67,0.0000,0.0736,0.3866,0.0518,,,,,,
20.5536,10,6,33.0552,53.6082,converged,81545.24,50018.31,0.2135,8.63,0.0000,0.1004,0.2638,0.5582,0.2967,0.0836,,,,
25.0693,10,5,25.1283,50.1974,converged,81545.24,50018.31,0.2135,8.63,0.0000,0.0509,0.1424,0.3746,0.0481,,,,,
34.8432,9,5,20.8687,55.7117,converged,81546.83,50018.64,0.2086,8.60,0.0000,0.1357,0.3560,0.5795,0.0283,,,,,
38.2969,9,9,40.1335,78.4296,completed,81546.83,50018.64,0.2086,8.60,0.0000,0.0622,0.1828,0.2897,0.3866,0.2297,0.8517,0.7428,0.6064,
23.0309,10,6,24.7479,47.7779,converged,81548.61,50019.02,0.2052,8.57,0.0000,0.0865,0.1933,0.3391,0.1710,0.0718,,,,
40.1506,8,4,18.2688,58.4188,converged,81548.61,50019.02,0.2052,8.57,0.0000,0.0618,0.1657,0.0770,,,,,,
36.9443,9,7,24.6348,61.5789,converged,81550.21,50019.35,0.2021,8.55,0.0000,0.1284,0.3052,0.5406,0.1157,0.4592,0.0621,,,
20.0863,10,3,10.4014,30.4874,converged,81550.21,50019.35,0.2021,8.55,0.0000,0.0432,0.0919,,,,,,,
46.3206,7,7,30.9191,77.2391,completed,81551.71,50019.65,0.1990,8.53,0.0000,0.2444,0.6368,0.4396,1.2319,0.1671,0.5170,,,
31.3647,10,3,15.2640,46.6280,converged,81551.71,50019.65,0.1990,8.53,0.0000,0.0491,0.0819,,,,,,,
52.2427,6,6,24.9985,77.2406,completed,81553.54,50020.02,0.1958,8.52,0.0000,0.4087,1.3332,1.2464,0.5874,0.5263,,,,
58.7789,5,5,22.1844,80.9624,completed,81553.54,50020.02,0.1958,8.52,0.0000,0.1171,0.3406,0.7970,0.9888,,,,,
34.8858,9,9,35.8889,70.7739,completed,81555.56,50020.41,0.1929,8.51,0.0000,0.2079,0.4949,0.8069,0.2972,1.1957,0.2992,0.5035,0.5123,
32.0116,10,3,12.8278,44.8388,converged,81555.56,50020.41,0.1929,8.51,0.0000,0.0476,0.0446,,,,,,,
58.4588,5,5,26.5649,85.0229,completed,81556.92,50020.68,0.1915,8.50,0.0000,0.1843,0.3308,0.8026,0.9904,,,,,
54.6035,6,3,11.3012,65.9042,converged,81556.92,50020.68,0.1915,8.50,0.0000,0.0492,0.0559,,,,,,,
24.5502,10,3,12.7694,37.3194,converged,81559.06,50021.09,0.1895,8.49,0.0000,0.0441,0.0447,,,,,,,
21.7217,10,3,10.3856,32.1066,converged,81559.73,50021.22,0.1887,8.49,0.0000,0.0403,0.0299,,,,,,,
23.9056,10,3,13.8323,37.7373,converged,81560.73,50021.41,0.1875,8.49,0.0000,0.0438,0.0481,,,,,,,
20.5994,10,3,10.3313,30.9304,converged,81561.33,50021.53,0.1871,8.49,0.0000,0.0113,0.0572,,,,,,,
40.5257,8,8,31.3271,71.8521,completed,81562.40,50021.73,0.1864,8.49,0.0000,0.0681,0.1227,0.2343,0.9838,0.5544,0.6537,0.4655,,
36.6517,9,3,10.4017,47.0528,converged,81562.40,50021.73,0.1864,8.49,0.0000,0.0590,0.0996,,,,,,,
20.1383,10,3,11.9734,32.1114,converged,81564.07,50022.04,0.1833,8.50,0.0000,0.0393,0.0801,,,,,,,
58.0629,5,5,22.4338,80.4959,completed,81564.91,50022.20,0.1822,8.51,0.0000,0.1362,0.1370,0.7035,0.5258,,,,,
41.4046,8,4,25.3068,66.7109,converged,81564.91,50022.20,0.1822,8.51,0.0000,0.0490,0.1637,0.0405,,,,,,
50.8177,7,7,32.2867,83.1037,completed,81566.77,50022.54,0.1813,8.52,0.0000,0.0961,0.2790,0.3106,0.6968,0.5283,0.3324,,,
36.9112,9,9,36.5067,73.4177,completed,81566.77,50022.54,0.1813,8.52,0.0000,0.0462,0.1434,0.1773,0.3837,0.4977,0.4056,0.3096,0.2332,
28.4396,10,10,39.1656,67.6046,completed,81568.68,50022.89,0.1797,8.53,0.0000,0.0441,0.1078,0.2105,0.1026,0.7636,0.2893,0.4270,0.2413,0.2047
27.4288,10,3,11.9273,39.3553,converged,81568.68,50022.89,0.1797,8.53,0.0000,0.0301,0.0838,,,,,,,
34.3165,9,9,44.7553,79.0714,completed,81570.36,50023.19,0.1800,8.53,0.0000,0.0360,0.1023,0.1641,0.4510,0.5950,0.4314,0.3001,0.2290,
59.2488,5,5,24.8874,84.1354,completed,81570.36,50023.19,0.1800,8.53,0.0000,0.1224,0.1010,0.7603,0.5312,,,,,
49.9810,7,7,29.2324,79.2125,completed,81572.36,50023.56,0.1792,8.53,0.0000,0.0417,0.1533,0.3664,0.7572,0.5649,0.3433,,,
41.8707,8,4,13.4542,55.3242,converged,81572.36,50023.56,0.1792,8.53,0.0000,0.0474,0.1658,0.0763,,,,,,
21.8493,10,3,10.5678,32.4169,converged,81574.14,50023.88,0.1783,8.53,0.0000,0.0262,0.0542,,,,,,,
52.3875,6,6,25.9346,78.3217,completed,81574.81,50024.00,0.1785,8.53,0.0000,0.1649,0.4423,0.9858,0.7362,0.6347,,,,
45.1817,8,4,18.2416,63.4227,converged,81574.81,50024.00,0.1785,8.53,0.0000,0.0335,0.1144,0.0932,,,,,,
39.2587,9,3,11.0624,50.3204,converged,81576.65,50024.33,0.1782,8.52,0.0000,0.0338,0.0986,,,,,,,
59.0423,5,5,33.9107,92.9528,completed,81576.65,50024.33,0.1782,8.52,0.0000,0.1576,0.3365,0.3816,0.3791,,,,,
25.8758,10,3,14.8723,40.7473,converged,81578.75,50024.70,0.1771,8.51,0.0000,0.0362,0.0880,,,,,,,
53.3322,6,6,36.9732,90.3053,completed,81578.75,50024.70,0.1771,8.51,0.0000,0.0939,0.2991,0.3089,0.7741,0.4416,,,,
34.6959,9,4,19.7711,54.4662,converged,81580.40,50025.00,0.1779,8.50,0.0000,0.0377,0.1017,0.0612,,,,,,
26.7389,10,3,12.4632,39.2012,converged,81580.40,50025.00,0.1779,8.50,0.0000,0.0309,0.0868,,,,,,,
38.2375,9,3,16.5334,54.8155,converged,81581.86,50025.26,0.1785,8.50,0.0000,0.0234,0.0646,,,,,,,
35.1121,9,5,22.8202,57.9322,converged,81581.86,50025.26,0.1785,8.50,0.0000,0.0456,0.1534,0.2443,0.0350,,,,,
22.9636,10,3,18.8445,41.8076,converged,81583.54,50025.56,0.1789,8.49,0.0000,0.0167,0.0380,,,,,,,
29.4395,10,3,11.0617,40.5007,converged,81583.54,50025.56,0.1789,8.49,0.0000,0.0247,0.0756,,,,,,,
48.8473,7,7,32.0486,80.8956,completed,81585.04,50025.84,0.1789,8.48,0.0000,0.0335,0.1119,0.4402,0.5769,0.6983,0.4363,,,
54.3706,6,6,25.6170,79.9870,completed,81585.04,50025.84,0.1789,8.48,0.0000,0.0324,0.1546,0.5265,0.7603,0.3368,,,,
25.2533,10,3,15.2635,40.5165,converged,81586.88,50026.18,0.1796,8.47,0.0000,0.0129,0.0281,,,,,,,
50.4738,7,3,13.0335,63.5065,converged,81586.88,50026.18,0.1796,8.47,0.0000,0.0228,0.0888,,,,,,,
22.1608,10,3,9.2943,31.4543,converged,81588.55,50026.48,0.1797,8.47,0.0000,0.0226,0.0483,,,,,,,
54.7272,6,6,26.5158,81.2428,completed,81589.22,50026.60,0.1797,8.46,0.0000,0.0570,0.1173,0.5370,0.6088,0.3718,,,,
20.2475,10,3,10.2364,30.4834,converged,81589.22,50026.60,0.1797,8.46,0.0000,0.0139,0.0305,,,,,,,
25.7532,10,3,11.9344,37.6875,converged,81590.88,50026.90,0.1797,8.45,0.0000,0.0317,0.0756,,,,,,,
24.6210,10,3,11.6126,36.2336,converged,81591.55,50027.02,0.1796,8.45,0.0000,0.0171,0.0375,,,,,,,
54.4336,6,3,10.8235,65.2565,converged,81592.55,50027.20,0.1791,8.44,0.0000,0.0943,0.0898,,,,,,,
51.5033,7,3,12.6952,64.1982,converged,81592.55,50027.20,0.1791,8.44,0.0000,0.0212,0.0648,,,,,,,
22.5278,10,4,15.5887,38.1157,converged,81594.21,50027.50,0.1792,8.44,0.0000,0.0428,0.1032,0.0875,,,,,,
24.6981,10,3,10.8761,35.5741,converged,81594.88,50027.62,0.1787,8.44,0.0000,0.0196,0.0427,,,,,,,
39.1164,9,3,10.4191,49.5351,converged,81595.88,50027.80,0.1782,8.44,0.0000,0.0319,0.0778,,,,,,,
40.7253,8,4,15.9497,56.6748,converged,81596.71,50027.95,0.1790,8.44,0.0000,0.0690,0.1549,0.0783,,,,,,
40.2098,8,4,19.4088,59.6179,converged,81597.54,50028.10,0.1794,8.44,0.0000,0.0685,0.1554,0.0805,,,,,,
31.6465,10,4,14.3766,46.0226,converged,81598.20,50028.22,0.1789,8.43,0.0000,0.0504,0.1191,0.0959,,,,,,
56.0949,6,6,24.9811,81.0751,completed,81599.20,50028.40,0.1778,8.43,0.0000,0.1081,0.1463,0.2130,0.4669,0.3817,,,,
53.7158,6,6,24.4568,78.1718,completed,81599.20,50028.40,0.1778,8.43,0.0000,0.0936,0.1267,0.2451,0.5427,0.3947,,,,
20.3533,10,3,17.0286,37.3816,converged,81601.27,50028.77,0.1782,8.42,0.0000,0.0301,0.0697,,,,,,,
48.3323,7,4,22.4645,70.7965,converged,81601.27,50028.77,0.1782,8.42,0.0000,0.0909,0.1785,0.0293,,,,,,
35.0150,9,4,16.3836,51.3977,converged,81602.71,50029.03,0.1784,8.42,0.0000,0.0559,0.1363,0.0865,,,,,,
27.7155,10,4,19.9683,47.6834,converged,81602.71,50029.03,0.1784,8.42,0.0000,0.0509,0.1150,0.0716,,,,,,
44.6299,8,4,20.8948,65.5238,converged,81604.17,50029.29,0.1794,8.42,0.0000,0.0729,0.1666,0.0519,,,,,,
24.0745,10,4,16.8108,40.8849,converged,81604.17,50029.29,0.1794,8.42,0.0000,0.0520,0.1169,0.0839,,,,,,
30.9846,10,3,11.9157,42.8997,converged,81605.83,50029.59,0.1796,8.42,0.0000,0.0149,0.0306,,,,,,,
41.0537,8,3,10.7275,51.7805,converged,81605.83,50029.59,0.1796,8.42,0.0000,0.0258,0.0657,,,,,,,
55.5717,6,3,12.1249,67.6959,converged,81607.49,50029.89,0.1808,8.42,0.0000,0.0271,0.0680,,,,,,,
53.7807,6,6,31.6515,85.4315,completed,81607.49,50029.89,0.1808,8.42,0.0000,0.0316,0.1988,0.2292,0.5482,0.2659,,,,
31.6255,10,3,13.5900,45.2150,converged,81609.31,50030.22,0.1821,8.42,0.0000,0.0155,0.0313,,,,,,,
42.5822,8,3,23.4023,65.9843,converged,81609.31,50030.22,0.1821,8.42,0.0000,0.0227,0.0492,,,,,,,
58.4579,5,5,26.4305,84.8876,completed,81611.00,50030.54,0.1830,8.42,0.0000,0.0795,0.5731,0.2181,0.2142,,,,,
46.4883,7,5,25.7529,72.2410,converged,81611.00,50030.54,0.1830,8.42,0.0000,0.0281,0.1157,0.5474,0.0947,,,,,
47.3983,7,7,37.1631,84.6307,completed,81613.06,50030.92,0.1838,8.42,0.0000,0.0645,0.1982,0.7166,0.1594,0.4995,0.1962,,,
58.3223,5,5,23.1316,81.4536,completed,81613.06,50030.92,0.1838,8.42,0.0000,0.0175,0.1237,0.1688,0.1662,,,,,
28.9240,10,3,11.7391,40.6631,converged,81615.11,50031.30,0.1853,8.43,0.0000,0.0090,0.0192,,,,,,,
54.8767,6,6,28.8248,83.7008,completed,81615.11,50031.30,0.1853,8.43,0.0000,0.0793,0.3861,0.6591,0.5851,0.2802,,,,
42.6713,8,8,43.7794,86.4504,completed,81616.77,50031.61,0.1855,8.43,0.0000,0.0607,0.1385,0.4888,0.4859,0.2354,0.3174,0.1518,,
29.2596,10,3,16.4910,45.7500,converged,81616.77,50031.61,0.1855,8.43,0.0000,0.0268,0.0746,,,,,,,
32.8803,10,3,16.1230,49.0030,converged,81618.59,50031.94,0.1861,8.43,0.0000,0.0346,0.0965,,,,,,,
27.3945,10,3,17.6612,45.0552,converged,81618.59,50031.94,0.1861,8.43,0.0000,0.0035,0.0183,,,,,,,
58.7969,5,5,23.6585,82.4545,completed,81620.09,50032.22,0.1862,8.43,0.0000,0.1219,0.5284,0.3104,0.3353,,,,,
43.1349,8,3,11.0919,54.2259,converged,81620.09,50032.22,0.1862,8.43,0.0000,0.0374,0.0912,,,,,,,
57.3998,6,6,32.5013,89.9003,completed,81621.75,50032.53,0.1867,8.43,0.0000,0.0479,0.1586,0.5778,0.4774,0.3896,,,,
47.6320,7,3,12.0574,59.6884,converged,81621.75,50032.53,0.1867,8.43,0.0000,0.0163,0.0272,,,,,,,
28.5745,10,3,10.2433,38.8173,converged,81623.84,50032.93,0.1864,8.43,0.0000,0.0130,0.0254,,,,,,,
23.3109,10,3,15.3600,38.6700,converged,81623.84,50032.93,0.1864,8.43,0.0000,0.0138,0.0479,,,,,,,
32.0900,10,3,10.5444,42.6334,converged,81624.90,50033.12,0.1867,8.43,0.0000,0.0227,0.0524,,,,,,,
47.9255,7,3,11.9477,59.8727,converged,81624.90,50033.12,0.1867,8.43,0.0000,0.0202,0.0320,,,,,,,
34.7138,9,3,10.6777,45.3907,converged,81626.56,50033.43,0.1869,8.43,0.0000,0.0205,0.0248,,,,,,,
53.7291,6,3,15.1895,68.9186,converged,81627.17,50033.54,0.1868,8.43,0.0000,0.0370,0.0902,,,,,,,
48.9649,7,3,15.8276,64.7916,converged,81627.17,50033.54,0.1868,8.43,0.0000,0.0321,0.0396,,,,,,,
22.7224,10,3,12.9271,35.6491,converged,81629.22,50033.93,0.1872,8.42,0.0000,0.0123,0.0227,,,,,,,
27.6478,10,3,12.3476,39.9946,converged,81629.22,50033.93,0.1872,8.42,0.0000,0.0202,0.0284,,,,,,,
56.6613,6,3,9.4365,66.0976,converged,81630.49,50034.17,0.1872,8.42,0.0000,0.0124,0.0390,,,,,,,
39.6325,9,3,10.0688,49.7009,converged,81630.49,50034.17,0.1872,8.42,0.0000,0.0122,0.0111,,,,,,,
47.5872,7,3,12.3238,59.9108,converged,81632.20,50034.49,0.1875,8.39,0.0000,0.0088,0.0385,,,,,,,
41.4324,8,3,13.2631,54.6951,converged,81632.20,50034.49,0.1875,8.39,0.0000,0.0138,0.0201,,,,,,,
39.8535,9,3,10.4694,50.3224,converged,81634.02,50034.83,0.1876,8.39,0.0000,0.0095,0.0171,,,,,,,
36.2319,9,3,10.9600,47.1911,converged,81634.02,50034.83,0.1876,8.39,0.0000,0.0105,0.0277,,,,,,,
24.3024,10,3,10.9276,35.2296,converged,81635.67,50035.15,0.1882,8.39,0.0000,0.0141,0.0165,,,,,,,
52.1931,6,3,10.7154,62.9084,converged,81636.33,50035.27,0.1883,8.38,0.0000,0.0133,0.0679,,,,,,,
56.1293,6,4,22.7006,78.8296,converged,81636.33,50035.27,0.1883,8.38,0.0000,0.0522,0.2340,0.0869,,,,,,
55.1009,6,3,20.9654,76.0655,converged,81638.14,50035.62,0.1881,8.36,0.0000,0.0227,0.0291,,,,,,,
48.3190,7,3,15.5734,63.8914,converged,81638.14,50035.62,0.1881,8.36,0.0000,0.0287,0.0775,,,,,,,
55.5324,6,6,33.4922,89.0243,completed,81640.24,50036.02,0.1877,8.38,0.0000,0.0019,0.1586,0.2126,0.5983,0.2337,,,,
45.2749,8,3,13.6686,58.9426,converged,81640.24,50036.02,0.1877,8.38,0.0000,0.0073,0.0232,,,,,,,
39.8613,9,3,14.4986,54.3596,converged,81642.24,50036.41,0.1887,8.28,0.0000,0.0026,0.0586,,,,,,,
50.0524,7,3,16.1234,66.1754,converged,81642.24,50036.41,0.1887,8.28,0.0000,0.0014,0.0206,,,,,,,
42.3456,8,8,38.2516,80.5967,converged,81644.00,50036.75,0.1886,8.13,0.0000,0.0052,0.1121,0.3653,0.2485,0.4206,0.2066,0.0914,,
43.1432,8,3,14.5008,57.6438,converged,81644.00,50036.75,0.1886,8.13,0.0000,0.0035,0.0164,,,,,,,
29.4499,10,3,17.9427,47.3918,converged,81645.81,50037.09,0.1885,7.92,0.0000,0.0044,0.0119,,,,,,,
27.1573,10,3,14.1153,41.2723,converged,81645.81,50037.09,0.1885,7.92,0.0000,0.0028,0.0152,,,,,,,
23.5068,10,3,13.5576,37.0636,converged,81647.12,50037.34,0.1884,7.79,0.0000,0.0045,0.0073,,,,,,,
43.1723,8,3,19.0583,62.2303,converged,81647.12,50037.34,0.1884,7.79,0.0000,0.0036,0.0314,,,,,,,
41.0459,8,3,10.3311,51.3761,converged,81648.64,50037.62,0.1886,7.68,0.0000,0.0034,0.0167,,,,,,,
55.8275,6,6,24.7974,80.6244,completed,81648.64,50037.62,0.1886,7.68,0.0000,0.0129,0.3113,0.1057,0.3940,0.1854,,,,
28.1992,10,3,12.3258,40.5248,converged,81650.36,50037.95,0.1877,7.63,0.0000,0.0143,0.0495,,,,,,,
59.3671,5,5,29.8875,89.2545,completed,81650.36,50037.95,0.1877,7.63,0.0000,0.0797,0.3389,0.3959,0.2846,,,,,
24.2372,10,3,17.3180,41.5551,converged,81651.86,50038.24,0.1881,7.68,0.0000,0.0032,0.0043,,,,,,,
20.7299,10,3,15.2374,35.9664,converged,81651.86,50038.24,0.1881,7.68,0.0000,0.0030,0.0032,,,,,,,
58.3364,5,5,27.9711,86.3071,completed,81653.15,50038.48,0.1880,7.70,0.0000,0.0244,0.1022,0.2648,0.2343,,,,,
51.6439,7,3,13.2818,64.9248,converged,81653.15,50038.48,0.1880,7.70,0.0000,0.0206,0.0630,,,,,,,
33.4177,10,3,10.2650,43.6821,converged,81654.85,50038.81,0.1877,7.74,0.0000,0.0022,0.0042,,,,,,,
43.4385,8,3,13.1294,56.5675,converged,81654.85,50038.81,0.1877,7.74,0.0000,0.0033,0.0096,,,,,,,
34.8491,9,3,9.9699,44.8189,converged,81656.35,50039.09,0.1880,7.79,0.0000,0.0043,0.0075,,,,,,,
36.0952,9,3,13.6760,49.7710,converged,81656.35,50039.09,0.1880,7.79,0.0000,0.0023,0.0119,,,,,,,
52.3056,6,3,12.9879,65.2929,converged,81657.73,50039.36,0.1886,7.82,0.0000,0.0066,0.0128,,,,,,,
32.6231,10,3,10.2687,42.8918,converged,81657.73,50039.36,0.1886,7.82,0.0000,0.0044,0.0066,,,,,,,
52.2404,6,3,11.6084,63.8485,converged,81659.11,50039.62,0.1883,7.84,0.0000,0.0047,0.0137,,,,,,,
21.9373,10,3,10.9966,32.9336,converged,81659.11,50039.62,0.1883,7.84,0.0000,0.0023,0.0428,,,,,,,
20.7237,10,3,11.8697,32.5927,converged,81660.65,50039.92,0.1883,7.82,0.0000,0.0018,0.0045,,,,,,,
46.5040,7,3,9.5944,56.0984,converged,81661.42,50040.07,0.1885,7.80,0.0000,0.0144,0.0926,,,,,,,
36.4286,9,3,11.5596,47.9877,converged,81661.42,50040.07,0.1885,7.80,0.0000,0.0092,0.0402,,,,,,,
57.2038,6,6,27.7746,84.9776,completed,81662.94,50040.36,0.1885,7.70,0.0000,0.0187,0.1817,0.2545,0.5212,0.3129,,,,
45.6494,8,3,10.1013,55.7503,converged,81662.94,50040.36,0.1885,7.70,0.0000,0.0155,0.0711,,,,,,,
23.6607,10,3,9.8853,33.5453,converged,81664.42,50040.64,0.1870,7.46,0.0000,0.0093,0.0323,,,,,,,
26.0798,10,3,14.1111,40.1901,converged,81665.00,50040.75,0.1869,7.33,0.0000,0.0075,0.0350,,,,,,,
58.2860,5,5,25.2598,83.5449,completed,81665.86,50040.91,0.1872,7.16,0.0000,0.0993,0.2375,0.5005,0.2682,,,,,
54.4087,6,3,13.4524,67.8634,converged,81665.86,50040.91,0.1872,7.16,0.0000,0.0071,0.0309,,,,,,,
57.7857,6,3,13.4036,71.1887,converged,81667.36,50041.20,0.1857,6.84,0.0000,0.0337,0.0241,,,,,,,
20.3868,10,3,15.7936,36.1796,converged,81667.36,50041.20,0.1857,6.84,0.0000,0.0029,0.0148,,,,,,,
26.7641,10,3,10.5334,37.2975,converged,81668.68,50041.44,0.1850,6.59,0.0000,0.0290,0.0815,,,,,,,
35.3824,9,3,11.3675,46.7495,converged,81668.68,50041.44,0.1850,6.59,0.0000,0.0280,0.0650,,,,,,,
49.4245,7,4,14.9550,64.3790,converged,81669.70,50041.63,0.1854,6.45,0.0000,0.0890,0.3206,0.0985,,,,,,
47.3494,7,3,11.1696,58.5186,converged,81669.70,50041.63,0.1854,6.45,0.0000,0.0662,0.0949,,,,,,,
25.7563,10,4,16.2041,41.9602,converged,81671.07,50041.89,0.1846,6.33,0.0000,0.0408,0.1068,0.0650,,,,,,
51.0841,7,3,11.9914,63.0754,converged,81671.69,50042.00,0.1846,6.27,0.0000,0.0078,0.0346,,,,,,,
45.3809,8,4,14.5158,59.8958,converged,81671.69,50042.00,0.1846,6.27,0.0000,0.1294,0.3647,0.0486,,,,,,
49.2829,7,3,13.1130,62.3951,converged,81672.91,50042.23,0.1853,6.17,0.0000,0.0288,0.0480,,,,,,,
26.8784,10,5,22.0207,48.8987,converged,81672.91,50042.23,0.1853,6.17,0.0000,0.0672,0.2292,0.3993,0.0654,,,,,
21.5629,10,3,14.2050,35.7671,converged,81674.11,50042.46,0.1854,6.08,0.0000,0.0297,0.0475,,,,,,,
21.7873,10,10,43.3063,65.0933,completed,81674.58,50042.55,0.1856,6.04,0.0000,0.1038,0.2931,0.3075,0.2786,1.6053,0.6953,0.7973,0.3982,0.2343
21.7882,10,3,13.9329,35.7209,converged,81674.58,50042.55,0.1856,6.04,0.0000,0.0284,0.0436,,,,,,,
41.6402,8,4,17.1789,58.8189,converged,81675.82,50042.78,0.1861,5.94,0.0000,0.0883,0.2065,0.0461,,,,,,
57.6426,6,3,12.6678,70.3099,converged,81676.46,50042.90,0.1860,5.89,0.0000,0.0276,0.0472,,,,,,,
23.7267,10,10,46.9131,70.6391,completed,81676.46,50042.90,0.1860,5.89,0.0000,0.1056,0.4027,0.7496,0.1221,1.7888,1.2004,0.5311,0.3111,0.3985
46.1363,7,7,33.3356,79.4716,completed,81677.72,50043.13,0.1855,5.82,0.0000,0.2986,1.3175,1.1115,2.7782,1.1734,0.5966,,,
57.9680,6,6,27.6502,85.6183,completed,81677.72,50043.13,0.1855,5.82,0.0000,0.4853,0.9715,2.6944,3.5712,1.6230,,,,
49.7434,7,7,30.7434,80.4864,completed,81679.03,50043.38,0.1859,5.74,0.0000,0.2928,0.7776,0.6768,0.1224,0.2074,0.2020,,,
35.5320,9,9,38.1904,73.7215,completed,81679.03,50043.38,0.1859,5.74,0.0000,0.1915,0.5797,0.3990,1.2792,1.1518,0.5949,0.4198,0.2754,
22.9069,10,3,11.9846,34.8906,converged,81680.31,50043.62,0.1860,5.62,0.0000,0.0400,0.0978,,,,,,,
23.3742,10,10,42.6620,66.0360,completed,81680.31,50043.62,0.1860,5.62,0.0000,0.0336,0.2221,0.5899,0.7314,0.9739,0.3973,0.3015,0.2695,0.2649
35.2945,9,9,39.3292,74.6232,completed,81681.24,50043.80,0.1861,5.52,0.0000,0.0104,0.1651,0.2510,0.8790,0.4625,0.3585,0.2299,0.2876,
50.1627,7,7,26.6239,76.7859,completed,81681.24,50043.80,0.1861,5.52,0.0000,0.1224,0.2801,0.2911,0.1745,0.1972,0.1607,,,
37.0101,9,9,40.9276,77.9376,completed,81682.57,50044.05,0.1858,5.36,0.0000,0.3209,1.9756,2.4564,4.8406,4.4598,1.0676,0.3278,0.3304,
47.9721,7,4,20.0220,67.9941,converged,81682.57,50044.05,0.1858,5.36,0.0000,0.0420,0.1132,0.0518,,,,,,
34.0173,9,5,28.2615,62.2785,converged,81683.84,50044.30,0.1861,5.16,0.0000,0.0495,0.1659,0.1811,0.0998,,,,,
59.3941,5,5,28.9345,88.3285,completed,81683.84,50044.30,0.1861,5.16,0.0000,0.0848,0.1148,0.3648,0.2569,,,,,
24.5527,10,3,12.9375,37.4895,converged,81684.89,50044.49,0.1857,5.02,0.0000,0.0195,0.0658,,,,,,,
55.0577,6,3,13.1980,68.2551,converged,81684.89,50044.49,0.1857,5.02,0.0000,0.0209,0.0791,,,,,,,
55.0427,6,4,18.4738,73.5159,converged,81685.68,50044.64,0.1854,4.97,0.0000,0.0549,0.1427,0.0856,,,,,,
55.5850,6,6,28.5728,84.1579,completed,81685.68,50044.64,0.1854,4.97,0.0000,1.0115,5.2868,6.5658,3.3507,0.4087,,,,
33.2429,10,3,17.4277,50.6697,converged,81686.76,50044.84,0.1846,4.98,0.0000,0.0103,0.0268,,,,,,,
36.0168,9,9,33.2973,69.3133,converged,81686.76,50044.84,0.1846,4.98,0.0000,0.6088,4.2494,3.8669,0.2845,0.5497,0.3445,0.1615,0.0948,
39.9905,9,3,11.6839,51.6740,converged,81687.78,50045.04,0.1843,4.99,0.0000,0.0125,0.0316,,,,,,,
41.8499,8,3,11.2311,53.0801,converged,81687.78,50045.04,0.1843,4.99,0.0000,0.0322,0.0983,,,,,,,
48.3520,7,7,35.4578,83.8089,completed,81688.76,50045.22,0.1846,4.99,0.0000,0.3031,0.7389,0.2538,0.2919,0.1908,0.1195,,,
58.3978,5,5,28.2720,86.6690,completed,81688.76,50045.22,0.1846,4.99,0.0000,0.0370,0.1049,0.3109,0.1502,,,,,
40.3896,8,3,10.4093,50.7984,converged,81689.95,50045.44,0.1834,5.02,0.0000,0.0164,0.0323,,,,,,,
56.9060,6,6,26.2021,83.1081,completed,81690.49,50045.54,0.1831,5.03,0.0000,2.3063,7.9361,3.4189,0.9085,0.4169,,,,
44.1970,8,3,11.4598,55.6558,converged,81690.49,50045.54,0.1831,5.03,0.0000,0.0189,0.0189,,,,,,,
43.7572,8,6,26.2044,69.9614,converged,81691.58,50045.75,0.1830,5.06,0.0000,0.1438,1.6779,2.0352,0.1759,0.0726,,,,
28.1240,10,6,32.6092,60.7332,converged,81691.58,50045.75,0.1830,5.06,0.0000,0.0328,0.2833,1.1487,1.6527,0.0802,,,,
46.7992,7,6,34.9252,81.7243,converged,81692.58,50045.93,0.1819,5.08,0.0000,0.9439,8.3837,10.4509,0.4471,0.0661,,,,
29.6537,10,6,32.1130,61.7660,converged,81692.58,50045.93,0.1819,5.08,0.0000,0.0319,0.2481,0.6652,1.1679,0.0747,,,,
23.1842,10,3,15.7398,38.9239,converged,81693.84,50046.17,0.1817,4.92,0.0000,0.0030,0.0235,,,,,,,
44.9481,8,3,12.2484,57.1964,converged,81693.84,50046.17,0.1817,4.92,0.0000,0.0302,0.0842,,,,,,,
28.3922,10,10,45.7092,74.1013,completed,81694.66,50046.32,0.1813,4.58,0.0000,0.3112,2.4098,4.7593,8.6670,0.9781,0.1233,0.1364,0.1961,0.1381
56.3208,6,6,24.1676,80.4877,completed,81694.66,50046.32,0.1813,4.58,0.0000,0.0123,0.1746,0.1281,0.5315,0.2305,,,,
44.9423,8,8,32.0074,76.9494,completed,81695.63,50046.50,0.1846,4.02,0.0000,1.3570,3.7540,1.4559,0.8776,0.3270,0.1671,0.1439,,
21.3298,10,3,11.6488,32.9779,converged,81695.63,50046.50,0.1846,4.02,0.0000,0.0083,0.0497,,,,,,,
48.2197,7,7,33.2808,81.4998,completed,81696.36,50046.63,0.1844,3.46,0.0000,0.0175,0.1182,0.2704,0.2440,0.2020,0.1264,,,
40.0880,8,7,25.4742,65.5612,converged,81696.36,50046.63,0.1844,3.46,0.0000,0.1208,0.4112,0.6073,0.2730,0.2003,0.0897,,,
20.6288,10,8,32.2722,52.9003,converged,81697.10,50046.77,0.1810,2.92,0.0000,0.0619,1.4772,2.3392,1.6956,0.4026,0.1932,0.0900,,
21.4421,10,10,46.5012,67.9432,completed,81697.10,50046.77,0.1810,2.92,0.0000,0.4533,2.5307,3.6696,3.5367,1.4060,0.2052,0.2661,0.1381,0.1175
51.5960,7,7,30.0926,81.6877,completed,81697.62,50046.87,0.1801,2.54,0.0000,0.5639,2.6005,1.2014,1.4660,1.3395,0.6847,,,
29.7395,10,3,10.7812,40.5202,converged,81697.62,50046.87,0.1801,2.54,0.0000,0.0155,0.0146,,,,,,,
48.0479,7,3,11.9818,60.0288,converged,81698.15,50046.97,0.1800,2.19,0.0000,0.0689,0.0547,,,,,,,
58.8067,5,5,20.3724,79.1785,completed,81698.15,50046.97,0.1800,2.19,0.0000,0.0213,0.4440,0.6746,0.3673,,,,,
24.4144,10,8,31.7038,56.1179,converged,81698.55,50047.04,0.1791,1.98,0.0000,0.0018,0.1385,0.2398,0.4305,0.6281,0.2871,0.0796,,
33.1081,10,8,33.4811,66.5891,converged,81698.55,50047.04,0.1791,1.98,0.0000,0.0047,0.1277,0.1092,0.4599,0.6469,0.2613,0.0821,,
39.8580,9,3,10.5373,50.3943,converged,81698.97,50047.12,0.1783,1.84,0.0000,0.0042,0.0975,,,,,,,
56.2394,6,6,23.8557,80.0947,completed,81698.97,50047.12,0.1783,1.84,0.0000,0.0861,0.1378,1.1086,0.4777,0.4161,,,,
52.8593,6,6,26.9095,79.7685,completed,81699.36,50047.19,0.1820,1.70,0.0000,0.1069,1.1372,2.3829,1.5791,0.8897,,,,
24.5182,10,8,36.3843,60.9023,converged,81699.36,50047.19,0.1820,1.70,0.0000,0.2102,0.1623,0.6033,0.7047,1.2611,0.1498,0.0573,,
59.6813,5,3,11.4141,71.0951,converged,81699.71,50047.26,0.1986,1.60,0.0000,0.0160,0.0422,,,,,,,
52.2986,6,3,13.1393,65.4374,converged,81699.71,50047.26,0.1986,1.60,0.0000,0.0054,0.0354,,,,,,,
58.3856,5,5,23.7168,82.1019,completed,81700.06,50047.34,0.2165,1.49,0.0000,0.2844,1.0677,1.6185,0.9827,,,,,
40.3868,8,3,17.5960,57.9820,converged,81700.06,50047.34,0.2165,1.49,0.0000,0.0201,0.0431,,,,,,,
20.3939,10,7,24.4553,44.8483,converged,81700.36,50047.41,0.2313,1.31,0.0000,0.0613,0.1606,0.4085,0.2532,0.2405,0.0734,,,
29.3842,10,3,12.2866,41.6707,converged,81700.36,50047.41,0.2313,1.31,0.0000,0.2272,0.0722,,,,,,,
43.2294,8,5,23.8410,67.0701,converged,81700.54,50047.45,0.2481,1.23,0.0000,0.1007,0.3507,0.1449,0.0360,,,,,
44.0354,8,3,12.3603,56.3953,converged,81700.54,50047.45,0.2481,1.23,0.0000,0.2015,0.0664,,,,,,,
27.5416,10,10,39.0435,66.5846,completed,81700.77,50047.52,0.2726,1.12,0.0000,0.0758,0.1926,1.0472,1.1877,0.7757,0.3569,0.2328,0.2938,0.2863
54.1764,6,6,23.7772,77.9533,completed,81700.77,50047.52,0.2726,1.12,0.0000,0.2342,0.6348,0.6433,0.4562,0.2615,,,,
26.1761,10,3,10.9515,37.1275,converged,81701.03,50047.60,0.2940,0.97,0.0000,0.1093,0.0565,,,,,,,
34.3990,9,9,46.7643,81.1624,completed,81701.03,50047.60,0.2940,0.97,0.0000,0.1397,0.1816,0.6140,0.7866,0.5589,0.4102,0.2132,0.2172,
29.6399,10,10,45.5664,75.2055,completed,81701.20,50047.65,0.3018,0.92,0.0000,0.1535,0.1869,0.3385,1.7961,0.3237,0.4708,0.2692,0.4088,0.4502
46.7687,7,5,25.7733,72.5413,converged,81701.20,50047.65,0.3018,0.92,0.0000,1.3866,7.0499,2.3495,0.0432,,,,,
30.5019,10,3,11.6030,42.1040,converged,81701.41,50047.72,0.3027,0.84,0.0000,0.0253,0.0775,,,,,,,
59.6921,5,5,23.1412,82.8332,completed,81701.41,50047.72,0.3027,0.84,0.0000,0.3406,0.3073,0.5500,0.3264,,,,,
59.1602,5,5,22.5425,81.7026,completed,81701.59,50047.78,0.2953,0.76,0.0000,0.6131,3.0407,1.1734,0.4466,,,,,
49.9081,7,3,12.7298,62.6378,converged,81701.59,50047.78,0.2953,0.76,0.0000,0.0091,0.0341,,,,,,,
29.0445,10,10,41.8593,70.9033,completed,81701.74,50047.82,0.2887,0.61,0.0000,0.1460,0.3710,1.3275,1.4910,1.0359,1.7368,0.4813,0.2560,0.1582
36.7495,9,3,17.7049,54.4540,converged,81701.74,50047.82,0.2887,0.61,0.0000,0.0027,0.0122,,,,,,,
29.0320,10,10,43.5603,72.5913,converged,81701.84,50047.86,0.2823,0.52,0.0000,0.0839,0.4403,1.4948,0.6669,0.1687,0.1790,0.1908,0.1081,0.0566
21.9606,10,3,16.5793,38.5393,converged,81701.84,50047.86,0.2823,0.52,0.0000,0.0009,0.0024,,,,,,,
26.1456,10,3,13.7144,39.8594,converged,81701.93,50047.88,0.2782,0.37,0.0000,0.0024,0.0053,,,,,,,
27.9667,10,3,15.2078,43.1739,converged,81701.96,50047.89,0.2771,0.30,0.0000,0.0006,0.0026,,,,,,,
57.0592,6,3,12.7278,69.7868,converged,81701.99,50047.90,0.2759,0.26,0.0000,0.0021,0.0212,,,,,,,
27.8549,10,3,11.1234,38.9775,converged,81701.99,50047.90,0.2759,0.26,0.0000,0.0007,0.0029,,,,,,,
59.8738,5,3,15.9866,75.8596,converged,81702.02,50047.91,0.2744,0.19,0.0000,0.0027,0.0214,,,,,,,
44.2999,8,7,32.4941,76.7931,converged,81702.02,50047.91,0.2744,0.19,0.0000,0.3603,2.2838,5.7582,1.7931,0.2707,0.0720,,,
26.5832,10,9,43.9554,70.5384,converged,81702.05,50047.92,0.2732,0.11,0.0000,0.1364,0.4811,2.4537,4.6092,2.4846,0.5153,0.1284,0.0535,
32.4576,10,8,30.2462,62.7033,converged,81702.05,50047.92,0.2732,0.11,0.0000,0.2324,0.8888,3.9934,4.2024,0.8995,0.1629,0.0694,,
59.1799,5,3,9.9003,69.0793,converged,81702.07,50047.93,0.2731,0.00,0.0000,0.0049,0.0206,,,,,,,
50.2096,7,3,13.3605,63.5695,converged,81702.07,50047.93,0.2731,0.00,0.0000,0.0036,0.0101,,,,,,,
36.3903,9,3,12.4832,48.8733,converged,81702.07,50047.93,0.2731,0.00,0.0000,0.0032,0.0090,,,,,,,
54.6828,6,3,10.0854,64.7674,converged,81702.07,50047.93,0.2731,0.00,0.0000,0.0050,0.0185,,,,,,,
42.5588,8,3,12.2903,54.8484,converged,81702.06,50047.93,0.2731,0.00,0.0000,0.0029,0.0109,,,,,,,
45.9907,8,3,20.7985,66.7886,converged,81702.06,50047.93,0.2731,0.00,0.0000,0.0019,0.0082,,,,,,,
50.1199,7,7,28.2227,78.3417,converged,81702.06,50047.93,0.2730,0.00,0.0000,0.1433,1.1284,4.1393,2.5592,0.3378,0.0811,,,
34.0872,9,8,26.7890,60.8760,converged,81702.06,50047.93,0.2730,0.00,0.0000,0.1229,0.4273,2.3835,3.4520,1.5179,0.2282,0.0817,,
58.5477,5,5,21.1334,79.6804,completed,81702.06,50047.94,0.2730,0.00,0.0000,0.6891,4.3381,1.9977,0.1670,,,,,
21.7699,10,8,40.5290,62.2980,converged,81702.06,50047.94,0.2730,0.00,0.0000,0.2739,0.7795,1.9889,1.0400,0.4525,0.1338,0.0390,,
59.9240,5,5,25.4838,85.4078,converged,81702.06,50047.94,0.2730,0.00,0.0000,0.6947,1.4162,0.4420,0.0395,,,,,
24.5497,10,7,34.6138,59.1629,converged,81702.06,50047.94,0.2730,0.00,0.0000,0.0917,0.2558,0.4939,0.1924,0.2139,0.0952,,,
36.4603,9,3,10.4316,46.8917,converged,81702.06,50047.94,0.2729,0.00,0.0000,0.0007,0.0015,,,,,,,
59.8767,5,3,10.8855,70.7616,converged,81702.06,50047.94,0.2729,0.00,0.0000,0.0014,0.0196,,,,,,,
41.4464,8,7,28.7772,70.2233,converged,81702.06,50047.94,0.2729,0.00,0.0000,0.1436,0.5498,0.3644,0.4936,0.1802,0.0191,,,
57.2024,6,3,12.4328,69.6348,converged,81702.06,50047.94,0.2729,0.00,0.0000,0.0009,0.0064,,,,,,,
58.6588,5,3,10.3131,68.9711,converged,81702.06,50047.94,0.2729,0.00,0.0000,0.0013,0.0234,,,,,,,
22.7138,10,3,9.5137,32.2267,converged,81702.06,50047.94,0.2729,0.00,0.0000,0.0005,0.0008,,,,,,,
42.6805,8,3,13.4207,56.1007,converged,81702.06,50047.94,0.2729,0.00,0.0000,0.0006,0.0013,,,,,,,
24.2114,10,3,9.9349,34.1460,converged,81702.06,50047.94,0.2729,0.00,0.0000,0.0005,0.0008,,,,,,,
21.0685,10,3,11.1713,32.2394,converged,81702.06,50047.94,0.2728,0.00,0.0000,0.0005,0.0009,,,,,,,
49.3443,7,3,12.8548,62.1988,converged,81702.06,50047.94,0.2728,0.00,0.0000,0.0007,0.0030,,,,,,,
50.6572,7,3,11.8346,62.4917,converged,81702.06,50047.94,0.2728,0.00,0.0000,0.0008,0.0028,,,,,,,
37.7131,9,3,10.2435,47.9566,converged,81702.06,50047.94,0.2728,0.00,0.0000,0.0005,0.0009,,,,,,,
36.1369,9,3,10.2125,46.3485,converged,81702.06,50047.94,0.2728,0.00,0.0000,0.0005,0.0009,,,,,,,
20.5396,10,8,29.3254,49.8644,converged,81702.06,50047.94,0.2727,0.00,0.0000,0.2329,0.5738,1.1402,0.2010,1.5994,0.6590,0.0209,,
34.2051,9,3,10.7167,44.9217,converged,81702.06,50047.94,0.2727,0.00,0.0000,0.0006,0.0009,,,,,,,
49.6496,7,3,12.4030,62.0520,converged,81702.06,50047.95,0.2727,0.00,0.0000,0.0008,0.0025,,,,,,,
23.0203,10,3,10.3938,33.4139,converged,81702.06,50047.95,0.2727,0.00,0.0000,0.0006,0.0008,,,,,,,
28.0277,10,3,13.1979,41.2249,converged,81702.06,50047.95,0.2727,0.00,0.0000,0.0006,0.0009,,,,,,,
21.0539,10,3,11.6789,32.7319,converged,81702.06,50047.95,0.2727,0.00,0.0000,0.0006,0.0009,,,,,,,
53.1590,6,3,14.9406,68.0987,converged,81702.06,50047.95,0.2727,0.00,0.0000,0.0012,0.0061,,,,,,,
25.5123,10,3,11.2556,36.7677,converged,81702.06,50047.95,0.2727,0.00,0.0000,0.0006,0.0009,,,,,,,
51.1668,7,3,9.9894,61.1554,converged,81702.06,50047.95,0.2727,0.00,0.0000,0.0010,0.0028,,,,,,,
39.2080,9,8,31.5859,70.7929,converged,81702.06,50047.95,0.2727,0.00,0.0000,0.3565,0.9716,1.4097,1.1202,1.7469,0.2986,0.0123,,
31.8602,10,8,29.4289,61.2890,converged,81702.06,50047.95,0.2727,0.00,0.0000,0.3064,0.7265,1.5139,0.3194,1.9874,1.0117,0.0420,,
30.3399,10,3,14.1645,44.5036,converged,81702.06,50047.95,0.2727,0.00,0.0000,0.0006,0.0009,,,,,,,
29.5386,10,3,10.5087,40.0467,converged,81702.06,50047.95,0.2726,0.00,0.0000,0.0006,0.0009,,,,,,,
55.8979,6,6,22.6758,78.5728,converged,81702.06,50047.95,0.2726,0.00,0.0000,0.7014,2.0070,2.2396,0.9654,0.0172,,,,
52.5822,6,6,21.9120,74.4940,converged,81702.06,50047.95,0.2726,0.00,0.0000,0.7045,2.0175,2.2532,0.9822,0.0173,,,,
57.6695,6,3,11.8123,69.4813,converged,81702.06,50047.95,0.2726,0.00,0.0000,0.0012,0.0061,,,,,,,
54.6016,6,3,14.2750,68.8761,converged,81702.06,50047.95,0.2726,0.00,0.0000,0.0012,0.0061,,,,,,,
33.9735,10,3,9.7221,43.6951,converged,81702.06,50047.95,0.2726,0.00,0.0000,0.0006,0.0009,,,,,,,
53.6562,6,3,11.3843,65.0403,converged,81702.06,50047.95,0.2726,0.00,0.0000,0.0012,0.0060,,,,,,,
50.0308,7,3,9.8841,59.9141,converged,81702.06,50047.95,0.2726,0.00,0.0000,0.0010,0.0028,,,,,,,
41.7810,8,3,19.7421,61.5231,converged,81702.06,50047.95,0.2726,0.00,0.0000,0.0008,0.0013,,,,,,,
45.6925,8,3,10.6737,56.3657,converged,81702.06,50047.95,0.2726,0.00,0.0000,0.0008,0.0013,,,,,,,
31.0017,10,8,33.2347,64.2357,converged,81702.06,50047.95,0.2727,0.00,0.0000,0.3070,0.7234,1.5075,0.3085,1.9939,1.0417,0.0442,,
31.6789,10,8,33.7037,65.3818,converged,81702.06,50047.95,0.2727,0.00,0.0000,0.3070,0.7237,1.5074,0.3091,1.9951,1.0428,0.0442,,
27.3871,10,3,14.9966,42.3837,converged,81702.06,50047.95,0.2726,0.00,0.0000,0.0006,0.0009,,,,,,,
47.0750,7,3,10.5082,57.5832,converged,81702.06,50047.95,0.2726,0.00,0.0000,0.0010,0.0028,,,,,,,
31.8707,10,3,11.3692,43.2392,converged,81702.06,50047.95,0.2726,0.00,0.0000,0.0006,0.0009,,,,,,,
45.5699,8,3,14.6291,60.1982,converged,81702.06,50047.95,0.2726,0.00,0.0000,0.0009,0.0013,,,,,,,
41.2000,8,3,16.4093,57.6084,converged,81702.06,50047.95,0.2726,0.00,0.0000,0.0008,0.0013,,,,,,,
23.0497,10,3,11.7979,34.8470,converged,81702.06,50047.95,0.2726,0.00,0.0000,0.0006,0.0009,,,,,,,
45.7282,8,7,31.5837,77.3117,converged,81702.06,50047.95,0.2726,0.00,0.0000,0.4262,1.3345,0.8747,2.1645,1.1211,0.0199,,,
34.7113,9,8,34.4675,69.1785,converged,81702.06,50047.95,0.2726,0.00,0.0000,0.3559,0.9608,1.3905,1.1030,1.7843,0.3173,0.0123,,
46.0998,7,3,13.0412,59.1402,converged,81702.06,50047.95,0.2726,0.00,0.0000,0.0010,0.0028,,,,,,,
20.2651,10,3,13.4783,33.7433,converged,81702.06,50047.95,0.2726,0.00,0.0000,0.0006,0.0009,,,,,,,
57.1058,6,3,9.9257,67.0307,converged,81702.06,50047.95,0.2726,0.00,0.0000,0.0012,0.0060,,,,,,,
53.9742,6,6,22.7571,76.7311,converged,81702.06,50047.95,0.2726,0.00,0.0000,0.6988,1.9854,2.2338,1.0015,0.0175,,,,
37.9608,9,8,33.5183,71.4784,converged,81702.06,50047.95,0.2727,0.00,0.0000,0.3576,0.9627,1.3959,1.1008,1.8031,0.3255,0.0123,,
46.0418,7,3,11.8611,57.9022,converged,81702.06,50047.95,0.2727,0.00,0.0000,0.0010,0.0028,,,,,,,
39.2594,9,3,19.9859,59.2449,converged,81702.06,50047.95,0.2727,0.00,0.0000,0.0007,0.0011,,,,,,,
55.7981,6,3,9.6829,65.4810,converged,81702.06,50047.95,0.2727,0.00,0.0000,0.0012,0.0060,,,,,,,
55.2719,6,6,22.5031,77.7741,converged,81702.06,50047.95,0.2727,0.00,0.0000,0.6980,1.9800,2.2355,1.0082,0.0175,,,,
57.9736,6,6,23.5257,81.4988,converged,81702.06,50047.95,0.2727,0.00,0.0000,0.6969,1.9758,2.2326,1.0049,0.0174,,,,
48.7228,7,7,29.9846,78.7067,converged,81702.06,50047.96,0.2727,0.00,0.0000,0.5268,1.7964,1.0422,2.2632,0.2733,0.0083,,,
54.1846,6,3,15.1618,69.3459,converged,81702.06,50047.96,0.2727,0.00,0.0000,0.0012,0.0060,,,,,,,
55.3672,6,3,15.6497,71.0168,converged,81702.06,50047.96,0.2726,0.00,0.0000,0.0012,0.0060,,,,,,,
56.9111,6,3,16.0073,72.9184,converged,81702.06,50047.96,0.2726,0.00,0.0000,0.0012,0.0060,,,,,,,
20.3752,10,3,10.1552,30.5302,converged,81702.06,50047.96,0.2726,0.00,0.0000,0.0006,0.0009,,,,,,,
20.9088,10,3,11.1942,32.1022,converged,81702.06,50047.96,0.2726,0.00,0.0000,0.0006,0.0009,,,,,,,
45.0077,8,3,11.2118,56.2188,converged,81702.06,50047.96,0.2727,0.00,0.0000,0.0009,0.0013,,,,,,,
46.8487,7,3,10.6538,57.5018,converged,81702.06,50047.96,0.2727,0.00,0.0000,0.0010,0.0028,,,,,,,
52.4191,6,6,21.8902,74.3093,converged,81702.06,50047.96,0.2727,0.00,0.0000,0.7006,1.9866,2.2452,1.0301,0.0177,,,,
31.3422,10,3,10.0016,41.4299,converged,81702.06,50047.96,0.2727,0.00,0.0000,0.0006,0.0009,,,,,,,
44.3599,8,3,11.7035,56.0625,converged,81702.06,50047.96,0.2727,0.00,0.0000,0.0008,0.0013,,,,,,,
27.2286,10,3,11.2774,38.5055,converged,81702.06,50047.96,0.2727,0.00,0.0000,0.0006,0.0009,,,,,,,
58.9334,5,3,10.4062,69.3392,converged,81702.06,50047.96,0.2727,0.00,0.0000,0.0016,0.0205,,,,,,,
35.4627,9,3,20.7112,56.1733,converged,81702.06,50047.96,0.2727,0.00,0.0000,0.0007,0.0011,,,,,,,
37.5023,9,3,10.6867,48.1887,converged,81702.06,50047.96,0.2727,0.00,0.0000,0.0007,0.0011,,,,,,,
55.8234,6,3,12.7672,68.5902,converged,81702.06,50047.96,0.2727,0.00,0.0000,0.0012,0.0060,,,,,,,
27.2256,10,8,27.6775,54.9026,converged,81702.06,50047.96,0.2727,0.00,0.0000,0.3049,0.7127,1.4773,0.2917,1.9856,1.0677,0.0463,,
21.5761,10,3,9.7700,31.3460,converged,81702.06,50047.96,0.2727,0.00,0.0000,0.0006,0.0009,,,,,,,
52.3045,6,3,17.0734,69.3774,converged,81702.06,50047.96,0.2727,0.00,0.0000,0.0012,0.0060,,,,,,,
22.4026,10,8,39.9823,62.3843,converged,81702.06,50047.96,0.2727,0.00,0.0000,0.3059,0.7146,1.4821,0.2919,1.9927,1.0798,0.0472,,
33.2848,10,8,27.1296,60.4136,converged,81702.06,50047.96,0.2727,0.00,0.0000,0.3068,0.7155,1.4859,0.2906,1.9963,1.0902,0.0480,,
53.6190,6,3,11.1694,64.7885,converged,81702.06,50047.96,0.2727,0.00,0.0000,0.0013,0.0060,,,,,,,
35.2613,9,3,12.8504,48.1114,converged,81702.06,50047.96,0.2727,0.00,0.0000,0.0007,0.0011,,,,,,,
24.1429,10,3,17.4875,41.6296,converged,81702.06,50047.96,0.2727,0.00,0.0000,0.0006,0.0010,,,,,,,
43.7583,8,7,26.4825,70.2405,converged,81702.06,50047.96,0.2726,0.00,0.0000,0.4282,1.3278,0.8639,2.1722,1.1826,0.0201,,,
36.0465,9,8,40.8062,76.8522,converged,81702.06,50047.96,0.2726,0.00,0.0000,0.3577,0.9560,1.3829,1.0889,1.8371,0.3422,0.0124,,
22.4258,10,8,40.2188,62.6439,converged,81702.06,50047.96,0.2726,0.00,0.0000,0.3072,0.7151,1.4854,0.2879,2.0002,1.1016,0.0489,,
38.3177,9,8,33.3178,71.6348,converged,81702.06,50047.96,0.2726,0.00,0.0000,0.3551,0.9497,1.3683,1.0852,1.8213,0.3360,0.0123,,
53.1966,6,3,10.9354,64.1314,converged,81702.06,50047.96,0.2726,0.00,0.0000,0.0012,0.0060,,,,,,,
23.9161,10,3,13.9536,37.8696,converged,81702.06,50047.96,0.2726,0.00,0.0000,0.0006,0.0010,,,,,,,
32.6113,10,3,9.8441,42.4552,converged,81702.06,50047.96,0.2727,0.00,0.0000,0.0006,0.0010,,,,,,,
35.4196,9,3,11.7039,47.1229,converged,81702.06,50047.96,0.2727,0.00,0.0000,0.0007,0.0011,,,,,,,
39.6443,9,3,14.5137,54.1577,converged,81702.06,50047.96,0.2727,0.00,0.0000,0.0007,0.0011,,,,,,,
57.0285,6,3,13.4281,70.4561,converged,81702.06,50047.96,0.2727,0.00,0.0000,0.0013,0.0060,,,,,,,
26.2905,10,8,33.9859,60.2760,converged,81702.06,50047.96,0.2727,0.00,0.0000,0.3099,0.7202,1.4991,0.2890,2.0168,1.1308,0.0512,,
31.0431,10,8,36.1785,67.2215,converged,81702.06,50047.96,0.2727,0.00,0.0000,0.3090,0.7183,1.4937,0.2887,2.0111,1.1219,0.0505,,
22.9382,10,8,35.8843,58.8224,converged,81702.06,50047.96,0.2727,0.00,0.0000,0.3081,0.7161,1.4877,0.2868,2.0053,1.1160,0.0501,,
43.2232,8,3,13.0995,56.3225,converged,81702.06,50047.96,0.2727,0.00,0.0000,0.0008,0.0013,,,,,,,
50.8319,7,7,26.7635,77.5945,converged,81702.06,50047.96,0.2727,0.00,0.0000,0.5264,1.7830,1.0240,2.2993,0.2913,0.0084,,,
48.8653,7,7,25.4338,74.2988,converged,81702.06,50047.96,0.2727,0.00,0.0000,0.5302,1.7970,1.0302,2.3233,0.3008,0.0084,,,
36.6543,9,8,32.1118,68.7658,converged,81702.06,50047.96,0.2727,0.00,0.0000,0.3604,0.9601,1.3940,1.0866,1.8685,0.3565,0.0125,,
22.0850,10,3,18.9203,41.0054,converged,81702.06,50047.96,0.2727,0.00,0.0000,0.0006,0.0010,,,,,,,
26.7141,10,3,13.8781,40.5921,converged,81702.06,50047.96,0.2727,0.00,0.0000,0.0006,0.0010,,,,,,,
52.5288,6,6,30.9560,83.4840,converged,81702.06,50047.96,0.2727,0.00,0.0000,0.7002,1.9750,2.2485,1.0637,0.0179,,,,
46.4770,7,3,17.6869,64.1639,converged,81702.06,50047.96,0.2727,0.00,0.0000,0.0010,0.0028,,,,,,,
46.1767,7,3,18.3215,64.4975,converged,81702.06,50047.96,0.2727,0.00,0.0000,0.0010,0.0027,,,,,,,
20.8110,10,3,18.0657,38.8758,converged,81702.06,50047.96,0.2727,0.00,0.0000,0.0006,0.0010,,,,,,,
55.8171,6,3,13.0840,68.9010,converged,81702.06,50047.96,0.2727,0.00,0.0000,0.0013,0.0060,,,,,,,
36.7076,9,8,30.5925,67.2995,converged,81702.05,50047.96,0.2727,0.00,0.0000,0.3568,0.9511,1.3722,1.0832,1.8484,0.3476,0.0124,,
35.9185,9,3,13.8425,49.7605,converged,81702.05,50047.96,0.2727,0.00,0.0000,0.0007,0.0011,,,,,,,
37.0804,9,3,10.1261,47.2062,converged,81702.05,50047.96,0.2727,0.00,0.0000,0.0007,0.0011,,,,,,,
39.3317,9,3,11.0466,50.3777,converged,81702.05,50047.96,0.2727,0.00,0.0000,0.0007,0.0011,,,,,,,
31.0162,10,3,9.9868,41.0028,converged,81702.05,50047.96,0.2727,0.00,0.0000,0.0006,0.0010,,,,,,,
30.0230,10,3,11.3822,41.4042,converged,81702.05,50047.96,0.2727,0.00,0.0000,0.0006,0.0010,,,,,,,
45.4438,8,3,9.4719,54.9149,converged,81702.05,50047.96,0.2727,0.00,0.0000,0.0008,0.0013,,,,,,,
45.8416,8,3,9.5925,55.4335,converged,81702.05,50047.96,0.2727,0.00,0.0000,0.0008,0.0013,,,,,,,
50.4507,7,7,23.4203,73.8704,converged,81702.05,50047.96,0.2727,0.00,0.0000,0.5265,1.7799,1.0213,2.3077,0.2960,0.0084,,,
25.5579,10,3,14.3383,39.8954,converged,81702.05,50047.96,0.2727,0.00,0.0000,0.0006,0.0010,,,,,,,
42.2112,8,3,14.5972,56.8083,converged,81702.05,50047.96,0.2727,0.00,0.0000,0.0009,0.0013,,,,,,,
30.2912,10,3,10.8656,41.1566,converged,81702.06,50047.96,0.2727,0.00,0.0000,0.0006,0.0010,,,,,,,
51.8675,7,3,9.6639,61.5310,converged,81702.06,50047.96,0.2727,0.00,0.0000,0.0010,0.0028,,,,,,,
20.8550,10,8,27.5031,48.3571,converged,81702.06,50047.96,0.2727,0.00,0.0000,0.3082,0.7148,1.4849,0.2837,2.0065,1.1282,0.0511,,
52.3417,6,3,12.7943,65.1354,converged,81702.05,50047.96,0.2727,0.00,0.0000,0.0013,0.0060,,,,,,,
58.5513,5,3,10.1676,68.7186,converged,81702.05,50047.96,0.2727,0.00,0.0000,0.0016,0.0202,,,,,,,
45.5169,8,3,15.7533,61.2693,converged,81702.06,50047.96,0.2727,0.00,0.0000,0.0009,0.0013,,,,,,,
50.4041,7,7,26.8385,77.2426,converged,81702.06,50047.96,0.2727,0.00,0.0000,0.5275,1.7825,1.0201,2.3161,0.3008,0.0084,,,
47.8067,7,3,10.7191,58.5251,converged,81702.06,50047.96,0.2727,0.00,0.0000,0.0010,0.0027,,,,,,,
42.4801,8,3,17.8350,60.3150,converged,81702.06,50047.96,0.2727,0.00,0.0000,0.0008,0.0013,,,,,,,
30.7893,10,3,10.4903,41.2794,converged,81702.06,50047.96,0.2728,0.00,0.0000,0.0006,0.0010,,,,,,,
44.3546,8,3,12.9282,57.2823,converged,81702.06,50047.96,0.2728,0.00,0.0000,0.0009,0.0013,,,,,,,
28.6122,10,8,33.0184,61.6304,converged,81702.06,50047.96,0.2728,0.00,0.0000,0.3083,0.7141,1.4837,0.2824,2.0040,1.1306,0.0515,,
26.4729,10,8,28.7417,55.2137,converged,81702.06,50047.96,0.2728,0.00,0.0000,0.3082,0.7141,1.4836,0.2826,2.0041,1.1304,0.0514,,
58.4937,5,3,19.9744,78.4675,converged,81702.06,50047.96,0.2728,0.00,0.0000,0.0016,0.0202,,,,,,,
25.0855,10,3,13.9448,39.0299,converged,81702.06,50047.96,0.2728,0.00,0.0000,0.0007,0.0010,,,,,,,
42.2947,8,3,13.9473,56.2414,converged,81702.06,50047.96,0.2727,0.00,0.0000,0.0009,0.0013,,,,,,,
30.0878,10,3,13.3049,43.3919,converged,81702.06,50047.96,0.2727,0.00,0.0000,0.0007,0.0010,,,,,,,
57.4074,6,3,14.2457,71.6527,converged,81702.06,50047.96,0.2727,0.00,0.0000,0.0013,0.0060,,,,,,,
57.9780,6,3,11.2099,69.1880,converged,81702.06,50047.96,0.2727,0.00,0.0000,0.0013,0.0060,,,,,,,
23.6306,10,8,31.9872,55.6172,converged,81702.06,50047.96,0.2728,0.00,0.0000,0.3054,0.7080,1.4671,0.2787,1.9864,1.1070,0.0496,,
39.2756,9,3,13.8964,53.1715,converged,81702.06,50047.96,0.2728,0.00,0.0000,0.0007,0.0011,,,,,,,
51.3150,7,3,14.7666,66.0806,converged,81702.06,50047.96,0.2728,0.00,0.0000,0.0010,0.0028,,,,,,,
50.8404,7,3,11.2426,62.0828,converged,81702.06,50047.96,0.2728,0.00,0.0000,0.0010,0.0028,,,,,,,
41.1282,8,7,25.5926,66.7206,converged,81702.05,50047.96,0.2728,0.00,0.0000,0.4252,1.3118,0.8456,2.1578,1.1921,0.0200,,,
48.2541,7,7,25.7700,74.0241,converged,81702.05,50047.96,0.2728,0.00,0.0000,0.5272,1.7801,1.0171,2.3175,0.3023,0.0084,,,
36.6259,9,3,12.4228,49.0478,converged,81702.05,50047.96,0.2728,0.00,0.0000,0.0007,0.0011,,,,,,,
31.1713,10,3,10.6049,41.7760,converged,81702.05,50047.96,0.2728,0.00,0.0000,0.0006,0.0010,,,,,,,
48.4429,7,3,12.4354,60.8774,converged,81702.05,50047.96,0.2728,0.00,0.0000,0.0010,0.0027,,,,,,,
49.2726,7,7,26.1933,75.4654,converged,81702.05,50047.96,0.2728,0.00,0.0000,0.5277,1.7811,1.0160,2.3241,0.3056,0.0084,,,
55.0737,6,6,22.1383,77.2114,converged,81702.05,50047.96,0.2728,0.00,0.0000,0.6973,1.9593,2.2416,1.0754,0.0179,,,,
33.8807,10,3,13.2135,47.0936,converged,81702.05,50047.96,0.2728,0.00,0.0000,0.0006,0.0010,,,,,,,
28.2476,10,3,12.8892,41.1362,converged,81702.05,50047.96,0.2728,0.00,0.0000,0.0006,0.0010,,,,,,,
36.0169,9,3,15.4788,51.4948,converged,81702.05,50047.96,0.2728,0.00,0.0000,0.0007,0.0011,,,,,,,
43.6652,8,3,12.0657,55.7308,converged,81702.05,50047.96,0.2728,0.00,0.0000,0.0008,0.0013,,,,,,,
28.5292,10,3,11.3653,39.8943,converged,81702.05,50047.96,0.2728,0.00,0.0000,0.0006,0.0010,,,,,,,
48.0779,7,3,12.6662,60.7432,converged,81702.05,50047.96,0.2728,0.00,0.0000,0.0010,0.0027,,,,,,,
52.6189,6,6,23.2160,75.8341,converged,81702.05,50047.96,0.2728,0.00,0.0000,0.6952,1.9490,2.2361,1.0704,0.0179,,,,
59.3665,5,5,21.5872,80.9532,completed,81702.05,50047.96,0.2727,0.00,0.0000,1.0166,1.5613,3.0423,0.3394,,,,,
35.0066,9,8,30.5532,65.5592,converged,81702.05,50047.96,0.2727,0.00,0.0000,0.3561,0.9448,1.3609,1.0715,1.8542,0.3535,0.0124,,
44.3434,8,3,13.2774,57.6204,converged,81702.05,50047.96,0.2727,0.00,0.0000,0.0008,0.0013,,,,,,,
38.1991,9,3,9.1815,47.3805,converged,81702.05,50047.96,0.2727,0.00,0.0000,0.0007,0.0011,,,,,,,
29.8441,10,3,12.4222,42.2662,converged,81702.05,50047.96,0.2728,0.00,0.0000,0.0006,0.0010,,,,,,,
20.2663,10,3,9.7502,30.0162,converged,81702.05,50047.96,0.2728,0.00,0.0000,0.0006,0.0010,,,,,,,
59.4617,5,3,12.4559,71.9170,converged,81702.06,50047.96,0.2728,0.00,0.0000,0.0016,0.0202,,,,,,,
49.0206,7,7,28.8844,77.9045,converged,81702.06,50047.96,0.2728,0.00,0.0000,0.5323,1.7959,1.0202,2.3594,0.3216,0.0085,,,
26.6825,10,8,31.5089,58.1909,converged,81702.06,50047.96,0.2728,0.00,0.0000,0.3104,0.7160,1.4897,0.2799,2.0140,1.1594,0.0539,,
40.7052,8,3,11.8580,52.5631,converged,81702.06,50047.96,0.2728,0.00,0.0000,0.0009,0.0013,,,,,,,
23.7330,10,3,10.3801,34.1132,converged,81702.05,50047.96,0.2727,0.00,0.0000,0.0006,0.0010,,,,,,,
42.7325,8,7,27.1798,69.9118,converged,81702.05,50047.96,0.2727,0.00,0.0000,0.4273,1.3148,0.8484,2.1644,1.2179,0.0201,,,
29.5948,10,8,30.8962,60.4903,converged,81702.05,50047.96,0.2728,0.00,0.0000,0.3089,0.7133,1.4818,0.2779,2.0071,1.1485,0.0530,,
39.1095,9,3,13.1929,52.3019,converged,81702.05,50047.96,0.2728,0.00,0.0000,0.0007,0.0011,,,,,,,
26.3578,10,3,10.4129,36.7699,converged,81702.05,50047.96,0.2727,0.00,0.0000,0.0006,0.0010,,,,,,,
23.7896,10,3,10.5662,34.3552,converged,81702.05,50047.96,0.2727,0.00,0.0000,0.0006,0.0010,,,,,,,
22.4893,10,3,11.2490,33.7380,converged,81702.06,50047.96,0.2727,0.00,0.0000,0.0006,0.0010,,,,,,,
26.1996,10,3,16.4366,42.6356,converged,81702.06,50047.96,0.2727,0.00,0.0000,0.0006,0.0010,,,,,,,
55.8860,6,3,10.5384,66.4245,converged,81702.06,50047.96,0.2727,0.00,0.0000,0.0013,0.0060,,,,,,,
53.8214,6,3,12.0839,65.9050,converged,81702.06,50047.96,0.2727,0.00,0.0000,0.0013,0.0060,,,,,,,
50.9714,7,7,34.4252,85.3963,converged,81702.06,50047.96,0.2728,0.00,0.0000,0.5302,1.7874,1.0146,2.3451,0.3169,0.0085,,,
28.2514,10,8,41.8168,70.0678,converged,81702.06,50047.96,0.2728,0.00,0.0000,0.3089,0.7128,1.4815,0.2778,2.0047,1.1487,0.0531,,
57.2952,6,6,30.3411,87.6361,converged,81702.06,50047.96,0.2728,0.00,0.0000,0.6970,1.9570,2.2376,1.0833,0.0180,,,,
50.7049,7,7,35.5691,86.2732,converged,81702.06,50047.96,0.2728,0.00,0.0000,0.5299,1.7863,1.0143,2.3430,0.3162,0.0085,,,
45.4441,8,7,33.9549,79.3989,converged,81702.06,50047.96,0.2728,0.00,0.0000,0.4276,1.3146,0.8498,2.1613,1.2222,0.0201,,,
32.4643,10,8,30.2061,62.6702,converged,81702.06,50047.96,0.2728,0.00,0.0000,0.3085,0.7115,1.4785,0.2769,2.0019,1.1472,0.0531,,
50.8359,7,3,11.3304,62.1655,converged,81702.06,50047.96,0.2728,0.00,0.0000,0.0010,0.0028,,,,,,,
31.5324,10,3,9.8998,41.4319,converged,81702.06,50047.96,0.2728,0.00,0.0000,0.0006,0.0010,,,,,,,
56.4892,6,3,11.9393,68.4283,converged,81702.06,50047.96,0.2728,0.00,0.0000,0.0013,0.0060,,,,,,,
25.0345,10,8,28.3577,53.3918,converged,81702.06,50047.96,0.2728,0.00,0.0000,0.3072,0.7091,1.4711,0.2755,1.9947,1.1356,0.0521,,
58.2548,5,3,13.2379,71.4920,converged,81702.06,50047.96,0.2728,0.00,0.0000,0.0016,0.0201,,,,,,,
46.8489,7,3,9.8140,56.6620,converged,81702.06,50047.96,0.2728,0.00,0.0000,0.0010,0.0027,,,,,,,
47.5442,7,3,10.4542,57.9982,converged,81702.06,50047.96,0.2728,0.00,0.0000,0.0010,0.0027,,,,,,,
38.0563,9,3,13.8295,51.8856,converged,81702.06,50047.96,0.2728,0.00,0.0000,0.0007,0.0011,,,,,,,
55.7348,6,3,17.0022,72.7363,converged,81702.06,50047.96,0.2727,0.00,0.0000,0.0012,0.0060,,,,,,,
49.3677,7,3,17.3885,66.7556,converged,81702.06,50047.96,0.2727,0.00,0.0000,0.0010,0.0028,,,,,,,
28.2409,10,3,13.0568,41.2968,converged,81702.06,50047.96,0.2728,0.00,0.0000,0.0006,0.0010,,,,,,,
54.1251,6,3,12.2305,66.3555,converged,81702.06,50047.96,0.2728,0.00,0.0000,0.0013,0.0060,,,,,,,
43.6479,8,7,25.7052,69.3523,converged,81702.06,50047.96,0.2728,0.00,0.0000,0.4293,1.3190,0.8531,2.1728,1.2418,0.0202,,,
36.2913,9,3,10.9676,47.2586,converged,81702.06,50047.96,0.2728,0.00,0.0000,0.0007,0.0011,,,,,,,
40.2718,8,3,15.2245,55.4955,converged,81702.06,50047.96,0.2728,0.00,0.0000,0.0009,0.0013,,,,,,,
51.1735,7,7,35.2114,86.3845,converged,81702.06,50047.96,0.2728,0.00,0.0000,0.5267,1.7726,1.0076,2.3320,0.3118,0.0085,,,
46.1795,7,7,25.7458,71.9248,converged,81702.06,50047.96,0.2728,0.00,0.0000,0.5253,1.7671,1.0047,2.3225,0.3082,0.0084,,,
49.4645,7,7,30.6095,80.0735,converged,81702.06,50047.96,0.2728,0.00,0.0000,0.5249,1.7655,1.0040,2.3200,0.3071,0.0084,,,
43.1511,8,7,26.2207,69.3717,converged,81702.06,50047.96,0.2728,0.00,0.0000,0.4238,1.3018,0.8340,2.1487,1.2041,0.0200,,,
38.3247,9,8,26.8115,65.1356,converged,81702.06,50047.96,0.2728,0.00,0.0000,0.3552,0.9407,1.3537,1.0632,1.8533,0.3558,0.0124,,
59.9894,5,3,14.5625,74.5515,converged,81702.06,50047.96,0.2728,0.00,0.0000,0.0016,0.0200,,,,,,,
25.0303,10,3,9.9135,34.9435,converged,81702.06,50047.96,0.2728,0.00,0.0000,0.0006,0.0010,,,,,,,
28.5654,10,3,11.3185,39.8835,converged,81702.05,50047.96,0.2728,0.00,0.0000,0.0006,0.0010,,,,,,,
58.5526,5,3,10.3232,68.8752,converged,81702.05,50047.96,0.2728,0.00,0.0000,0.0016,0.0200,,,,,,,
40.0357,8,3,9.0216,49.0566,converged,81702.05,50047.96,0.2728,0.00,0.0000,0.0008,0.0013,,,,,,,
42.5034,8,3,15.2468,57.7499,converged,81702.06,50047.96,0.2728,0.00,0.0000,0.0008,0.0013,,,,,,,
20.8997,10,3,9.7910,30.6900,converged,81702.06,50047.96,0.2728,0.00,0.0000,0.0006,0.0010,,,,,,,
42.7081,8,3,10.5796,53.2876,converged,81702.05,50047.96,0.2728,0.00,0.0000,0.0009,0.0013,,,,,,,
21.1228,10,8,38.4189,59.5409,converged,81702.05,50047.96,0.2728,0.00,0.0000,0.3090,0.7122,1.4780,0.2743,2.0112,1.1617,0.0540,,
26.3520,10,3,9.8577,36.2087,converged,81702.06,50047.96,0.2728,0.00,0.0000,0.0007,0.0010,,,,,,,
41.0019,8,3,9.7741,50.7751,converged,81702.06,50047.97,0.2728,0.00,0.0000,0.0009,0.0013,,,,,,,
41.1686,8,3,12.9665,54.1345,converged,81702.06,50047.97,0.2728,0.00,0.0000,0.0009,0.0014,,,,,,,
34.1641,9,8,40.4038,74.5678,converged,81702.06,50047.97,0.2728,0.00,0.0000,0.3596,0.9506,1.3768,1.0698,1.8918,0.3726,0.0125,,
50.3166,7,7,29.1951,79.5112,converged,81702.06,50047.97,0.2728,0.00,0.0000,0.5276,1.7749,1.0068,2.3431,0.3174,0.0085,,,
39.3888,9,3,14.8965,54.2846,converged,81702.06,50047.97,0.2728,0.00,0.0000,0.0007,0.0011,,,,,,,
34.4396,9,3,11.1934,45.6324,converged,81702.06,50047.97,0.2728,0.00,0.0000,0.0007,0.0011,,,,,,,
48.3537,7,7,29.9707,78.3237,converged,81702.06,50047.97,0.2728,0.00,0.0000,0.5254,1.7656,1.0030,2.3258,0.3101,0.0084,,,
49.0855,7,7,29.0941,78.1791,converged,81702.06,50047.97,0.2728,0.00,0.0000,0.5280,1.7748,1.0073,2.3411,0.3164,0.0085,,,
28.5546,10,3,14.6850,43.2390,converged,81702.06,50047.97,0.2728,0.00,0.0000,0.0006,0.0010,,,,,,,
38.1840,9,3,12.9230,51.1060,converged,81702.06,50047.97,0.2728,0.00,0.0000,0.0007,0.0011,,,,,,,
50.4986,7,3,10.3582,60.8562,converged,81702.06,50047.97,0.2728,0.00,0.0000,0.0010,0.0028,,,,,,,
57.5209,6,6,21.9166,79.4367,converged,81702.06,50047.97,0.2728,0.00,0.0000,0.6980,1.9559,2.2458,1.1017,0.0181,,,,
59.2696,5,5,20.3309,79.6000,completed,81702.06,50047.97,0.2728,0.00,0.0000,1.0157,1.5546,3.0498,0.3525,,,,,
48.9501,7,3,10.8621,59.8121,converged,81702.06,50047.97,0.2728,0.00,0.0000,0.0010,0.0028,,,,,,,
22.1756,10,3,10.8722,33.0472,converged,81702.06,50047.97,0.2728,0.00,0.0000,0.0006,0.0010,,,,,,,
21.2740,10,3,10.6664,31.9394,converged,81702.06,50047.97,0.2728,0.00,0.0000,0.0006,0.0010,,,,,,,
24.0752,10,3,11.8614,35.9364,converged,81702.06,50047.97,0.2728,0.00,0.0000,0.0006,0.0010,,,,,,,
35.2886,9,3,12.6067,47.8947,converged,81702.06,50047.97,0.2728,0.00,0.0000,0.0007,0.0011,,,,,,,
27.4494,10,3,11.3678,38.8169,converged,81702.06,50047.97,0.2728,0.00,0.0000,0.0006,0.0010,,,,,,,
35.3576,9,3,10.1543,45.5113,converged,81702.06,50047.97,0.2728,0.00,0.0000,0.0007,0.0011,,,,,,,
36.5947,9,3,11.3991,47.9931,converged,81702.06,50047.97,0.2728,0.00,0.0000,0.0007,0.0011,,,,,,,
59.0840,5,3,12.7446,71.8287,converged,81702.06,50047.97,0.2728,0.00,0.0000,0.0016,0.0200,,,,,,,
55.8840,6,3,19.6675,75.5515,converged,81702.06,50047.97,0.2728,0.00,0.0000,0.0013,0.0060,,,,,,,
34.2937,9,3,13.8026,48.0956,converged,81702.06,50047.97,0.2728,0.00,0.0000,0.0007,0.0011,,,,,,,
31.2731,10,8,31.3299,62.6029,converged,81702.06,50047.97,0.2728,0.00,0.0000,0.3077,0.7086,1.4690,0.2719,1.9985,1.1512,0.0534,,
38.6724,9,3,16.6810,55.3531,converged,81702.06,50047.97,0.2728,0.00,0.0000,0.0007,0.0011,,,,,,,
40.2835,8,3,20.6955,60.9785,converged,81702.05,50047.97,0.2728,0.00,0.0000,0.0008,0.0013,,,,,,,
25.3260,10,3,9.6083,34.9334,converged,81702.05,50047.97,0.2728,0.00,0.0000,0.0006,0.0010,,,,,,,
27.6887,10,8,27.4464,55.1344,converged,81702.05,50047.97,0.2728,0.00,0.0000,0.3061,0.7058,1.4598,0.2694,1.9950,1.1421,0.0525,,
27.0728,10,3,10.1262,37.1982,converged,81702.05,50047.97,0.2728,0.00,0.0000,0.0006,0.0010,,,,,,,
48.4237,7,3,13.5369,61.9599,converged,81702.05,50047.96,0.2728,0.00,0.0000,0.0010,0.0027,,,,,,,
38.4555,9,3,9.4714,47.9264,converged,81702.05,50047.96,0.2728,0.00,0.0000,0.0007,0.0011,,,,,,,
33.9426,10,3,10.3226,44.2646,converged,81702.05,50047.97,0.2728,0.00,0.0000,0.0006,0.0010,,,,,,,
27.3095,10,3,13.8192,41.1282,converged,81702.05,50047.97,0.2728,0.00,0.0000,0.0006,0.0010,,,,,,,
27.1538,10,3,13.4535,40.6066,converged,81702.05,50047.97,0.2728,0.00,0.0000,0.0006,0.0010,,,,,,,
58.1457,5,3,11.3530,69.4980,converged,81702.05,50047.97,0.2728,0.00,0.0000,0.0016,0.0200,,,,,,,
40.5117,8,3,10.3052,50.8163,converged,81702.05,50047.97,0.2728,0.00,0.0000,0.0009,0.0014,,,,,,,
24.2774,10,10,45.9379,70.2149,completed,81702.05,50047.97,0.2728,0.00,0.0000,0.0265,0.1141,0.2678,0.2363,0.4432,0.1375,0.2036,0.2062,0.1058
31.4312,10,8,38.1985,69.6296,converged,81702.05,50047.97,0.2728,0.00,0.0000,0.3077,0.7086,1.4684,0.2704,2.0021,1.1566,0.0537,,
41.1073,8,7,27.0188,68.1258,converged,81702.05,50047.97,0.2728,0.00,0.0000,0.4254,1.3043,0.8353,2.1573,1.2252,0.0200,,,
42.6806,8,8,34.6387,77.3187,completed,81702.05,50047.97,0.2728,0.00,0.0000,0.0246,0.2287,0.2775,0.5342,0.1129,0.2630,0.1688,,
47.9492,7,7,37.6624,85.6114,completed,81702.05,50047.97,0.2728,0.00,0.0000,0.0283,0.3165,0.4226,0.2376,0.2250,0.2224,,,
44.6519,8,8,35.6777,80.3287,completed,81702.05,50047.97,0.2728,0.00,0.0000,0.0246,0.2288,0.2773,0.5345,0.1128,0.2631,0.1688,,
36.8960,9,9,34.4290,71.3251,completed,81702.05,50047.97,0.2728,0.00,0.0000,0.0255,0.1608,0.2772,0.4207,0.2058,0.1636,0.2475,0.1335,
26.8605,10,10,40.5327,67.3927,completed,81702.05,50047.97,0.2728,0.00,0.0000,0.0266,0.1141,0.2677,0.2356,0.4438,0.1370,0.2042,0.2062,0.1054
56.9837,6,6,22.9577,79.9407,converged,81702.07,50047.97,0.2728,0.00,0.0000,0.6909,1.9331,2.2071,1.0765,0.0181,,,,
48.0993,7,7,26.9302,75.0293,converged,81702.07,50047.97,0.2728,0.00,0.0000,0.5256,1.7660,0.9972,2.3221,0.3142,0.0085,,,
39.5932,9,8,33.6288,73.2218,converged,81702.11,50047.98,0.2725,0.23,0.0000,0.3596,0.9433,1.4015,1.0053,1.8424,0.3780,0.0131,,
42.7407,8,8,35.1286,77.8686,completed,81702.11,50047.98,0.2725,0.23,0.0000,0.0241,0.2361,0.2963,0.5344,0.1210,0.2533,0.1771,,
48.4123,7,7,24.0474,72.4594,completed,81702.15,50047.99,0.2723,0.20,0.0000,0.0269,0.3389,0.4748,0.2354,0.1910,0.2323,,,
55.0883,6,6,28.8538,83.9418,completed,81702.15,50047.99,0.2723,0.20,0.0000,0.0484,0.4200,0.6150,0.2031,0.2858,,,,
46.6842,7,7,39.9125,86.5965,completed,81702.19,50048.01,0.2724,0.22,0.0000,0.0272,0.3495,0.5048,0.2431,0.1702,0.2371,,,
31.1717,10,10,51.9364,83.1074,completed,81702.19,50048.01,0.2724,0.22,0.0000,0.0261,0.1240,0.3009,0.3075,0.3984,0.1814,0.1542,0.2084,0.1477
43.6212,8,8,34.7693,78.3903,completed,81702.26,50048.02,0.2718,0.35,0.0000,0.0195,0.2371,0.3481,0.2722,0.3367,0.2023,0.2310,,
52.8142,6,6,25.4900,78.4837,completed,81702.26,50048.02,0.2718,0.35,0.0000,0.0550,0.4344,0.3232,0.3880,0.2908,,,,
20.0518,10,10,40.7791,60.8301,completed,81702.37,50048.05,0.2701,0.54,0.0000,0.4951,0.8176,2.2887,1.7659,0.5684,0.3694,0.3214,0.2407,0.2126
31.8443,10,10,42.2663,74.2043,completed,81702.37,50048.05,0.2701,0.54,0.0000,0.4950,0.8177,2.2891,1.7662,0.5679,0.3691,0.3216,0.2408,0.2127
57.7626,6,6,36.5093,94.2713,completed,81702.53,50048.10,0.2668,0.78,0.0000,0.8101,3.2844,1.9692,0.4236,0.2225,,,,
54.7554,6,6,26.7840,81.5390,completed,81702.53,50048.10,0.2668,0.78,0.0000,0.8096,3.2809,1.9618,0.4217,0.2226,,,,
27.4887,10,10,39.3716,66.8596,completed,81702.75,50048.16,0.2622,1.07,0.0000,0.0132,0.1521,0.4403,0.3494,0.4250,0.3955,0.1312,0.1466,0.1551
56.8285,6,6,30.8879,87.7170,completed,81702.75,50048.16,0.2622,1.07,0.0000,0.6493,2.8662,2.4393,0.4331,0.1775,,,,
25.3131,10,10,56.5614,81.8744,completed,81703.07,50048.24,0.2549,1.33,0.0000,0.3215,0.2672,1.2364,2.7484,1.9606,0.8090,0.3255,0.1508,0.1241
45.6434,8,8,33.1944,78.8374,completed,81703.07,50048.24,0.2549,1.33,0.0000,0.0118,0.3998,0.6641,0.5596,0.4302,0.1501,0.1487,,
53.3594,6,6,23.9642,77.3233,completed,81703.40,50048.33,0.2478,1.55,0.0000,0.0480,0.9839,0.5613,0.3927,0.1779,,,,
43.0670,8,8,36.9097,79.9989,completed,81703.40,50048.33,0.2478,1.55,0.0000,0.0214,0.4536,0.7748,0.6840,0.4089,0.1290,0.1454,,
54.8275,6,6,34.6212,89.4483,completed,81703.78,50048.42,0.2424,1.83,0.0000,0.0385,0.9877,0.6279,0.3254,0.1669,,,,
57.2516,6,6,28.5703,85.8214,completed,81703.78,50048.42,0.2424,1.83,0.0000,0.0385,0.9896,0.6267,0.3253,0.1668,,,,
52.9928,6,6,33.5117,86.5037,completed,81704.30,50048.55,0.2331,2.13,0.0000,0.0303,0.8380,0.7238,0.2567,0.1800,,,,
36.1404,9,9,41.2298,77.3698,completed,81704.30,50048.55,0.2331,2.13,0.0000,0.0274,0.2312,0.6664,0.2673,0.7488,0.1076,0.1404,0.1636,
36.9428,9,9,35.7327,72.6747,completed,81704.77,50048.66,0.2159,2.36,0.0000,0.0149,0.1714,0.4913,0.4434,0.7216,0.1144,0.1368,0.1737,
32.2456,10,10,57.4964,89.7414,completed,81704.77,50048.66,0.2159,2.36,0.0000,0.0197,0.1127,0.4353,0.1039,0.8411,0.2997,0.1137,0.1429,0.1590
37.3739,9,4,16.9545,54.3275,converged,81705.44,50048.80,0.1957,2.66,0.0000,0.0239,0.1032,0.0755,,,,,,
37.4913,9,3,16.0055,53.4965,converged,81705.44,50048.80,0.1957,2.66,0.0000,0.0226,0.0973,,,,,,,
21.4245,10,3,11.5365,32.9605,converged,81705.94,50048.90,0.1874,2.89,0.0000,0.0217,0.0862,,,,,,,
47.4796,7,7,39.9154,87.3944,completed,81705.94,50048.90,0.1874,2.89,0.0000,0.0473,0.2271,0.2560,0.4501,0.2033,0.2491,,,
33.6233,10,3,11.2319,44.8549,converged,81706.54,50049.01,0.1871,3.11,0.0000,0.0190,0.0964,,,,,,,
21.8514,10,3,13.8706,35.7216,converged,81706.54,50049.01,0.1871,3.11,0.0000,0.0190,0.0950,,,,,,,
32.0706,10,10,41.3940,73.4641,completed,81707.01,50049.11,0.1932,3.24,0.0000,0.0238,0.1070,0.2694,0.1724,0.4209,0.1442,0.2340,0.1848,0.1933
25.6288,10,10,45.0736,70.7016,completed,81707.01,50049.11,0.1932,3.24,0.0000,0.0239,0.1036,0.2582,0.1656,0.4275,0.1447,0.2504,0.1849,0.1940
42.4512,8,8,34.5914,77.0424,completed,81707.83,50049.28,0.2043,3.44,0.0000,0.0217,0.1875,0.2080,0.5222,0.2379,0.2434,0.2411,,
53.8402,6,6,26.6770,80.5171,completed,81707.83,50049.28,0.2043,3.44,0.0000,0.0559,0.1908,0.8132,0.2787,0.2997,,,,
46.0070,7,7,29.0223,75.0293,completed,81708.64,50049.45,0.2195,3.58,0.0000,0.0157,0.2148,0.7310,0.1904,0.2263,0.2377,,,
43.9345,8,8,31.0202,74.9542,completed,81708.64,50049.45,0.2195,3.58,0.0000,0.0089,0.1350,0.3098,0.4946,0.1958,0.2265,0.2150,,
55.2580,6,6,31.0622,86.3203,completed,81709.43,50049.64,0.2374,3.70,0.0000,0.0185,0.1107,0.5894,0.2244,0.2391,,,,
20.0475,10,3,12.3791,32.4262,converged,81709.43,50049.64,0.2374,3.70,0.0000,0.0087,0.0475,,,,,,,
57.3647,6,6,33.4205,90.7846,completed,81710.15,50049.82,0.2608,3.79,0.0000,0.0116,0.1017,0.5917,0.2084,0.2266,,,,
27.0982,10,3,15.1803,42.2783,converged,81710.15,50049.82,0.2608,3.79,0.0000,0.0165,0.0176,,,,,,,
34.7919,9,3,16.7935,51.5846,converged,81710.93,50050.05,0.2903,3.87,0.0000,0.0271,0.0303,,,,,,,
36.2077,9,3,15.9452,52.1522,converged,81710.93,50050.05,0.2903,3.87,0.0000,0.0188,0.0177,,,,,,,
54.6847,6,3,15.1904,69.8744,converged,81711.68,50050.28,0.3271,3.92,0.0000,0.0402,0.0880,,,,,,,
57.7255,6,6,35.5042,93.2292,completed,81711.68,50050.28,0.3271,3.92,0.0000,0.0544,0.2895,0.9076,0.2847,0.2585,,,,
57.3256,6,3,15.0715,72.3966,converged,81712.66,50050.65,0.3845,3.94,0.0000,0.0580,0.0781,,,,,,,
23.0757,10,3,11.0993,34.1744,converged,81712.66,50050.65,0.3845,3.94,0.0000,0.0421,0.0450,,,,,,,
23.8510,10,3,13.2056,37.0557,converged,81713.39,50050.96,0.4332,3.94,0.0000,0.0448,0.0370,,,,,,,
20.0216,10,3,13.1518,33.1728,converged,81713.39,50050.96,0.4332,3.94,0.0000,0.0458,0.0419,,,,,,,
59.2013,5,5,23.1096,82.3106,completed,81713.86,50051.19,0.4665,3.94,0.0000,0.0783,0.4836,0.3065,0.3555,,,,,
30.6608,10,3,16.1102,46.7702,converged,81713.86,50051.19,0.4665,3.94,0.0000,0.0459,0.0287,,,,,,,
52.1025,6,6,31.1262,83.2282,completed,81714.56,50051.56,0.5210,3.92,0.0000,0.0576,0.1648,0.8630,0.7866,0.4750,,,,
44.9122,8,3,19.9133,64.8253,converged,81714.56,50051.56,0.5210,3.92,0.0000,0.0509,0.0515,,,,,,,
40.8607,8,3,14.4960,55.3561,converged,81715.34,50052.03,0.5883,3.88,0.0000,0.0437,0.0557,,,,,,,
54.0217,6,6,25.1506,79.1717,completed,81715.34,50052.03,0.5883,3.88,0.0000,0.0519,0.1508,0.7076,1.0590,0.5808,,,,
52.0474,6,6,25.7389,77.7859,completed,81716.07,50052.55,0.6601,3.83,0.0000,0.0323,0.1561,0.5526,0.9185,0.6378,,,,
45.0147,8,3,12.5841,57.5981,converged,81716.07,50052.55,0.6601,3.83,0.0000,0.0312,0.0667,,,,,,,
29.2059,10,3,10.7762,39.9812,converged,81716.75,50053.11,0.7357,3.81,0.0000,0.0183,0.0268,,,,,,,
55.4034,6,6,37.5901,92.9932,completed,81716.75,50053.11,0.7357,3.81,0.0000,0.0207,0.2412,0.4465,0.9730,0.5852,,,,
42.3348,8,3,14.3960,56.7300,converged,81717.39,50053.72,0.8063,3.80,0.0000,0.0170,0.0521,,,,,,,
34.7136,9,9,53.5273,88.2403,completed,81717.39,50053.72,0.8063,3.80,0.0000,0.0231,0.2558,0.4383,0.3819,1.8440,0.9872,0.4557,0.1916,
48.7484,7,7,33.3140,82.0620,completed,81717.95,50054.33,0.8755,3.80,0.0000,0.0304,0.1212,0.7236,1.2779,0.5965,0.4414,,,
28.3448,10,10,40.3807,68.7247,completed,81717.95,50054.33,0.8755,3.80,0.0000,0.0115,0.1305,0.1604,0.4965,0.5028,1.0545,0.3010,0.2826,0.2015
52.7331,6,6,26.4120,79.1450,completed,81718.46,50054.98,0.9508,3.86,0.0000,0.0569,0.2299,0.1500,0.7144,0.6751,,,,
59.9075,5,5,25.1801,85.0871,completed,81718.46,50054.98,0.9508,3.86,0.0000,0.0270,0.4761,1.0058,0.6145,,,,,
22.6782,10,3,15.2172,37.8953,converged,81719.03,50055.84,1.0434,3.95,0.0000,0.0223,0.0300,,,,,,,
38.9269,9,3,15.5243,54.4503,converged,81719.03,50055.84,1.0434,3.95,0.0000,0.0228,0.0239,,,,,,,
55.3377,6,3,9.8320,65.1690,converged,81719.39,50056.49,1.1135,4.03,0.0000,0.0205,0.0612,,,,,,,
22.4259,10,3,10.9720,33.3970,converged,81719.39,50056.49,1.1135,4.03,0.0000,0.0071,0.0247,,,,,,,
28.4621,10,3,12.8974,41.3594,converged,81719.68,50057.11,1.1815,4.11,0.0000,0.0097,0.0286,,,,,,,
43.7526,8,3,9.2784,53.0304,converged,81719.83,50057.48,1.2244,4.16,0.0000,0.0112,0.0418,,,,,,,
36.7318,9,3,13.8502,50.5813,converged,81719.94,50057.80,1.2612,4.21,0.0000,0.0098,0.0287,,,,,,,
54.7866,6,3,13.1557,67.9417,converged,81720.07,50058.20,1.3045,4.27,0.0000,0.0090,0.0640,,,,,,,
22.0747,10,3,15.1099,37.1839,converged,81720.07,50058.20,1.3045,4.27,0.0000,0.0048,0.0159,,,,,,,
34.8031,9,3,10.3406,45.1436,converged,81720.28,50059.05,1.3835,4.39,0.0000,0.0066,0.0140,,,,,,,
46.0997,7,3,10.5506,56.6496,converged,81720.36,50059.48,1.4185,4.44,0.0000,0.0132,0.0437,,,,,,,
40.2694,8,3,12.0769,52.3459,converged,81720.42,50059.91,1.4519,4.47,0.0000,0.0114,0.0207,,,,,,,
56.1503,6,3,10.5820,66.7320,converged,81720.48,50060.36,1.4847,4.49,0.0000,0.0154,0.0890,,,,,,,
52.7235,6,3,10.9614,63.6845,converged,81720.48,50060.36,1.4847,4.49,0.0000,0.0081,0.0358,,,,,,,
58.5937,5,5,35.5037,94.0967,completed,81720.55,50061.32,1.5377,4.50,0.0000,0.0275,0.1167,0.3829,0.2657,,,,,
42.0533,8,3,22.0256,64.0787,converged,81720.55,50061.32,1.5377,4.50,0.0000,0.0115,0.0219,,,,,,,
57.9635,6,6,31.7524,89.7154,completed,81720.58,50062.44,1.5817,4.51,0.0000,0.0269,0.1498,0.2623,0.2680,0.2457,,,,
32.8022,10,3,10.6700,43.4720,converged,81720.58,50062.44,1.5817,4.51,0.0000,0.0128,0.0252,,,,,,,
22.5111,10,3,16.1120,38.6231,converged,81720.58,50063.36,1.6220,4.58,0.0000,0.0191,0.0348,,,,,,,
28.9196,10,3,14.2412,43.1603,converged,81720.58,50063.36,1.6220,4.58,0.0000,0.0158,0.0233,,,,,,,
50.1711,7,7,32.5064,82.6774,completed,81720.54,50064.11,1.6513,4.68,0.0000,0.0260,0.1370,0.2245,0.3059,0.3661,0.2561,,,
39.8098,9,3,12.9812,52.7902,converged,81720.54,50064.11,1.6513,4.68,0.0000,0.0193,0.0335,,,,,,,
30.3058,10,3,13.1388,43.4438,converged,81720.44,50065.21,1.6850,4.88,0.0000,0.0414,0.0388,,,,,,,
56.6647,6,6,33.3405,90.0048,completed,81720.44,50065.21,1.6850,4.88,0.0000,0.0706,0.1243,0.2333,0.4247,0.2997,,,,
37.3790,9,9,42.7095,80.0875,completed,81720.33,50066.22,1.7132,5.14,0.0000,0.0457,0.1135,0.2530,0.2039,0.3967,0.4398,0.2147,0.1552,
35.9214,9,9,40.3655,76.2866,completed,81720.33,50066.22,1.7132,5.14,0.0000,0.0450,0.1163,0.2766,0.2484,0.4270,0.6196,0.3001,0.1749,
42.8733,8,8,29.6817,72.5547,completed,81720.15,50067.42,1.7416,5.46,0.0000,0.0822,0.2568,0.3598,0.1743,0.5644,0.3207,0.2100,,
56.1213,6,6,24.1103,80.2313,completed,81720.15,50067.42,1.7416,5.46,0.0000,0.1563,0.4956,0.3732,0.6089,0.3930,,,,
44.4565,8,8,44.4696,88.9257,completed,81719.94,50068.66,1.7543,5.83,0.0000,0.1841,0.4629,0.5170,0.4231,0.3844,0.2552,0.1706,,
27.1926,10,10,40.7483,67.9404,completed,81719.94,50068.66,1.7543,5.83,0.0000,0.0994,0.2645,0.3784,0.3709,0.2468,0.3927,0.3439,0.2057,0.1358
49.0991,7,7,28.9749,78.0739,completed,81719.63,50070.34,1.7625,6.36,0.0000,0.3094,0.6265,0.8782,0.2089,0.2374,0.1646,,,
38.8838,9,9,42.6860,81.5691,completed,81719.63,50070.34,1.7625,6.36,0.0000,0.1823,0.4226,0.5196,0.4514,0.1098,0.3784,0.2000,0.1408,
31.6751,10,10,46.6486,78.3236,completed,81719.39,50071.62,1.7654,6.68,0.0000,0.1493,0.3155,0.4111,0.6823,0.3051,0.2150,0.3182,0.1637,0.1251
51.0975,7,7,38.8549,89.9520,completed,81719.39,50071.62,1.7654,6.68,0.0000,0.2634,0.5037,0.9086,0.2943,0.2414,0.1864,,,
39.3979,9,9,45.9631,85.3601,completed,81719.04,50073.48,1.7660,7.28,0.0000,0.0851,0.1422,0.4880,0.5986,0.2376,0.2397,0.2693,0.2047,
31.4921,10,10,45.2921,76.7841,completed,81719.04,50073.48,1.7660,7.28,0.0000,0.1159,0.2304,0.3298,0.5770,0.2465,0.1791,0.2177,0.1779,0.1373
20.7223,10,10,35.8965,56.6185,completed,81718.72,50075.18,1.7664,7.67,0.0000,0.0630,0.1115,0.2563,0.6225,0.2177,0.1823,0.2682,0.2376,0.1821
22.9079,10,10,38.7890,61.6960,completed,81718.72,50075.18,1.7664,7.67,0.0000,0.0896,0.1599,0.2597,0.5209,0.2229,0.2103,0.2394,0.2090,0.1564
40.7262,8,8,36.4264,77.1525,completed,81718.39,50076.88,1.7663,7.92,0.0000,0.0548,0.1217,0.6756,0.1594,0.1438,0.3780,0.2950,,
42.4921,8,8,31.6870,74.1791,completed,81718.39,50076.88,1.7663,7.92,0.0000,0.0840,0.1556,0.6772,0.2252,0.1707,0.3343,0.2613,,
52.6101,6,6,24.5873,77.1973,completed,81718.01,50078.82,1.7651,8.14,0.0000,0.0761,0.4603,0.3461,0.2168,0.3907,,,,
44.4996,8,8,32.0154,76.5144,completed,81718.01,50078.82,1.7651,8.14,0.0000,0.0987,0.1791,0.6670,0.1770,0.1520,0.3679,0.2780,,
49.1131,7,7,26.9692,76.0822,completed,81717.65,50080.70,1.7651,8.25,0.0000,0.1113,0.3415,0.8652,0.1489,0.3169,0.3353,,,
48.4855,7,7,31.4359,79.9209,completed,81717.65,50080.70,1.7651,8.25,0.0000,0.1728,0.4307,0.8217,0.1783,0.2914,0.2868,,,
39.5846,9,9,46.4158,85.9999,completed,81717.27,50082.59,1.7651,8.33,0.0000,0.0912,0.2192,0.8421,0.8065,0.1297,0.3256,0.4137,0.4267,
27.3391,10,7,31.6284,58.9674,converged,81717.27,50082.59,1.7651,8.33,0.0000,0.0905,0.2037,0.5347,0.9311,0.2010,0.0942,,,
41.4219,8,8,30.6462,72.0673,completed,81716.90,50084.51,1.7644,8.38,0.0000,0.1212,0.4583,1.7454,0.8505,0.1160,0.4737,0.6160,,
48.6300,7,7,25.9888,74.6188,completed,81716.90,50084.51,1.7644,8.38,0.0000,0.2051,0.8486,1.7196,0.2967,0.3987,0.5265,,,
51.2266,7,7,24.0051,75.2311,completed,81716.52,50086.41,1.7642,8.41,0.0000,0.1637,0.9435,2.0710,0.6172,0.3969,0.6496,,,
51.4350,7,7,27.9125,79.3476,completed,81716.52,50086.41,1.7642,8.41,0.0000,0.2289,1.1020,2.1173,0.3491,0.4507,0.6440,,,
50.0420,7,7,34.0800,84.1221,completed,81716.14,50088.33,1.7637,8.43,0.0000,0.1328,0.9072,2.0055,0.7299,0.3934,0.6827,,,
29.4749,10,10,39.8110,69.2851,completed,81716.14,50088.33,1.7637,8.43,0.0000,0.1005,0.3899,1.1638,1.7677,0.4998,0.1937,0.5663,0.6643,0.6277
26.9554,10,10,51.0233,77.9784,completed,81715.76,50090.28,1.7630,8.43,0.0000,0.0267,0.1826,0.7046,1.3439,0.8389,0.3161,0.4231,0.6600,0.6826
37.7674,9,9,35.3637,73.1307,completed,81715.76,50090.28,1.7630,8.43,0.0000,0.0919,0.4832,1.4678,1.3687,0.3747,0.4998,0.6977,0.7069,
51.1893,7,7,25.1851,76.3741,completed,81715.38,50092.18,1.7626,8.43,0.0000,0.0311,0.4787,1.4953,1.0102,0.3217,0.6464,,,
25.2987,10,10,41.8970,67.1950,completed,81715.38,50092.18,1.7626,8.43,0.0000,0.0730,0.4053,1.1741,1.6430,0.1858,0.5245,0.5672,0.6196,0.5776
49.7974,7,7,46.7180,96.5150,completed,81715.03,50093.96,1.7625,8.43,0.0000,0.0344,0.5198,1.6023,0.9364,0.3487,0.6599,,,
54.7734,6,6,37.5953,92.3684,completed,81715.03,50093.96,1.7625,8.43,0.0000,0.2017,1.7118,0.7648,0.6968,0.5667,,,,
41.1461,8,8,37.1081,78.2541,completed,81714.57,50096.29,1.7619,8.42,0.0000,0.0924,0.1032,1.0793,1.8341,0.2830,0.3198,0.5803,,
26.3258,10,10,43.4959,69.8210,completed,81714.57,50096.29,1.7619,8.42,0.0000,0.0336,0.2000,0.6582,1.1417,0.2634,0.9217,0.6379,0.4597,0.4975
54.1860,6,6,26.1574,80.3434,completed,81714.17,50098.36,1.7606,8.41,0.0000,0.1113,0.6758,2.3960,0.4843,0.3207,,,,
52.1746,6,6,23.2360,75.4100,completed,81714.17,50098.36,1.7606,8.41,0.0000,0.1830,1.2726,0.5604,0.9127,0.5908,,,,
35.2353,9,3,11.4550,46.6901,converged,81713.83,50100.13,1.7600,8.41,0.0000,0.0972,0.0641,,,,,,,
50.8024,7,7,28.7670,79.5691,completed,81713.83,50100.13,1.7600,8.41,0.0000,0.0815,0.4004,1.5139,0.8123,0.6037,0.4119,,,
40.6075,8,3,10.4752,51.0822,converged,81713.53,50101.66,1.7594,8.40,0.0000,0.1151,0.0601,,,,,,,
58.6676,5,5,24.9868,83.6538,completed,81713.53,50101.66,1.7594,8.40,0.0000,0.2073,1.5476,0.8326,0.6261,,,,,
24.1614,10,10,38.0021,62.1631,completed,81713.14,50103.70,1.7589,8.40,0.0000,0.0977,0.1327,0.1916,1.3133,1.8997,0.2173,0.3025,0.4319,0.5456
56.9363,6,6,29.0182,85.9543,completed,81713.14,50103.70,1.7589,8.40,0.0000,0.1754,1.1975,0.5131,0.8978,0.5979,,,,
26.8594,10,10,41.1068,67.9658,completed,81712.82,50105.34,1.7584,8.39,0.0000,0.0947,0.1248,0.2589,1.4449,1.9809,0.2460,0.3296,0.4193,0.4889
30.4562,10,10,46.6067,77.0627,completed,81712.82,50105.34,1.7584,8.39,0.0000,0.0535,0.1700,0.7298,0.9584,0.9170,1.1805,0.5894,0.3873,0.4034
50.7582,7,3,21.1092,71.8673,converged,81712.48,50107.15,1.7575,8.39,0.0000,0.1457,0.0541,,,,,,,
25.6195,10,3,15.1178,40.7369,converged,81712.48,50107.15,1.7575,8.39,0.0000,0.0219,0.0463,,,,,,,
45.1394,8,8,36.3338,81.4729,completed,81712.18,50108.80,1.7558,8.39,0.0000,0.1250,0.1630,1.2480,2.4680,0.2134,0.3290,0.4632,,
45.8780,8,3,10.5914,56.4695,converged,81712.18,50108.80,1.7558,8.39,0.0000,0.0582,0.0488,,,,,,,
25.8376,10,4,23.7309,49.5680,converged,81711.81,50110.81,1.7556,8.39,0.0000,0.1108,0.1840,0.0957,,,,,,
53.9815,6,6,37.4135,91.3946,completed,81711.81,50110.81,1.7556,8.39,0.0000,0.1066,0.6935,0.4777,0.8168,0.5559,,,,
40.1001,8,8,37.6705,77.7705,completed,81711.50,50112.47,1.7546,8.38,0.0000,0.0736,0.1514,1.3125,0.5292,0.9319,0.5718,0.4566,,
50.4913,7,3,11.1660,61.6571,converged,81711.50,50112.47,1.7546,8.38,0.0000,0.1420,0.0721,,,,,,,
37.3241,9,9,36.4261,73.7501,completed,81711.16,50114.40,1.7539,8.38,0.0000,0.0536,0.1784,0.9461,0.4003,1.0633,0.9831,0.5476,0.5578,
36.2429,9,3,14.3097,50.5517,converged,81711.16,50114.40,1.7539,8.38,0.0000,0.0379,0.0702,,,,,,,
51.8892,7,7,32.0584,83.9474,completed,81710.85,50116.05,1.7540,8.38,0.0000,0.1263,0.5766,0.4441,1.5472,0.9858,0.6897,,,
49.2178,7,7,25.7785,74.9955,completed,81710.85,50116.05,1.7540,8.38,0.0000,0.0170,0.2430,0.9828,1.1543,0.8119,0.5460,,,
47.9398,7,7,30.8621,78.8012,completed,81710.51,50117.86,1.7542,8.38,0.0000,0.0592,0.1203,0.6085,1.4532,1.0115,0.6435,,,
23.7169,10,3,13.8175,37.5336,converged,81710.51,50117.86,1.7542,8.38,0.0000,0.0163,0.0788,,,,,,,
31.4577,10,3,13.5180,44.9750,converged,81710.18,50119.62,1.7541,8.38,0.0000,0.0412,0.0998,,,,,,,
44.7483,8,8,29.5759,74.3239,completed,81710.18,50119.62,1.7541,8.38,0.0000,0.0463,0.2429,0.2238,1.5675,1.2590,0.7580,0.3616,,
28.6088,10,3,10.2124,38.8205,converged,81709.89,50121.16,1.7544,8.38,0.0000,0.0307,0.0658,,,,,,,
27.5968,10,3,12.9327,40.5288,converged,81709.89,50121.16,1.7544,8.38,0.0000,0.0194,0.0403,,,,,,,
26.5719,10,3,12.1072,38.6782,converged,81709.60,50122.65,1.7543,8.39,0.0000,0.0365,0.0837,,,,,,,
21.3010,10,3,11.0770,32.3771,converged,81709.42,50123.61,1.7540,8.39,0.0000,0.0175,0.0414,,,,,,,
47.6677,7,3,14.3685,62.0355,converged,81709.29,50124.31,1.7536,8.40,0.0000,0.1013,0.0469,,,,,,,
37.4443,9,3,11.9902,49.4342,converged,81709.29,50124.31,1.7536,8.40,0.0000,0.0400,0.0959,,,,,,,
59.6424,5,5,28.4953,88.1374,completed,81708.95,50126.13,1.7530,8.37,0.0000,0.0848,0.1850,1.2152,0.9161,,,,,
22.3368,10,3,10.3177,32.6537,converged,81708.95,50126.13,1.7530,8.37,0.0000,0.0302,0.0503,,,,,,,
37.8634,9,3,10.2968,48.1598,converged,81708.65,50127.79,1.7520,8.36,0.0000,0.0289,0.0362,,,,,,,
40.4947,8,3,10.2067,50.7007,converged,81708.65,50127.79,1.7520,8.36,0.0000,0.0413,0.0909,,,,,,,
59.1153,5,5,27.6854,86.8005,completed,81708.34,50129.44,1.7527,8.35,0.0000,0.0708,0.3012,1.3941,0.9830,,,,,
42.1036,8,8,42.6190,84.7220,completed,81708.34,50129.44,1.7527,8.35,0.0000,0.0527,0.1193,0.2644,0.7796,1.3705,0.6321,0.3584,,
48.8420,7,3,13.8440,62.6861,converged,81707.97,50131.48,1.7520,8.35,0.0000,0.0630,0.0546,,,,,,,
53.9638,6,6,28.6565,82.6195,completed,81707.97,50131.48,1.7520,8.35,0.0000,0.1114,0.2522,0.8187,1.3027,0.6581,,,,
33.1916,10,3,10.2882,43.4793,converged,81707.63,50133.40,1.7525,8.35,0.0000,0.0303,0.0460,,,,,,,
34.1135,9,9,42.0683,76.1814,completed,81707.63,50133.40,1.7525,8.35,0.0000,0.0771,0.1734,0.2758,0.2133,1.7602,1.0639,0.4106,0.2535,
28.1268,10,3,17.4983,45.6243,converged,81707.37,50134.79,1.7524,8.35,0.0000,0.0362,0.0710,,,,,,,
54.6090,6,6,24.8937,79.5018,completed,81707.37,50134.79,1.7524,8.35,0.0000,0.1545,0.1204,1.5164,1.5414,0.6975,,,,
41.7292,8,8,30.4818,72.2109,completed,81707.07,50136.43,1.7524,8.35,0.0000,0.0750,0.1817,0.1255,1.1178,1.4089,0.6421,0.4249,,
23.5768,10,10,40.4074,63.9834,completed,81707.07,50136.43,1.7524,8.35,0.0000,0.0558,0.1129,0.1745,0.1319,1.6384,1.8693,0.6145,0.2845,0.1827
31.5612,10,5,22.2832,53.8442,converged,81706.72,50138.36,1.7522,8.35,0.0000,0.0810,0.2168,0.2321,0.0552,,,,,
40.7540,8,8,42.4059,83.1589,completed,81706.72,50138.36,1.7522,8.35,0.0000,0.0882,0.2574,0.4148,1.8110,1.7600,0.5576,0.2708,,
48.1366,7,7,31.9786,80.1146,completed,81706.42,50140.01,1.7521,8.35,0.0000,0.2293,0.5842,0.1183,2.0310,0.8183,0.4982,,,
57.0334,6,6,33.1980,90.2311,completed,81706.42,50140.01,1.7521,8.35,0.0000,0.0853,0.5673,1.7726,1.2225,0.5396,,,,
34.3345,9,9,48.5268,82.8609,completed,81706.06,50141.95,1.7526,8.36,0.0000,0.1498,0.4192,1.0184,0.3165,2.0958,0.7756,0.2759,0.2747,
22.1729,10,10,51.3047,73.4767,completed,81706.06,50141.95,1.7526,8.36,0.0000,0.0515,0.1819,0.4577,0.2187,1.8455,1.4993,0.4882,0.2129,0.1192
42.7801,8,8,36.1537,78.9338,completed,81705.65,50144.14,1.7530,8.36,0.0000,0.1840,0.8034,2.7367,0.1173,0.5432,0.4630,0.3896,,
36.7131,9,9,36.7770,73.4901,completed,81705.65,50144.14,1.7530,8.36,0.0000,0.0892,0.3338,0.7613,0.7510,2.1056,0.6494,0.2295,0.2120,
43.1749,8,8,38.1545,81.3286,completed,81705.32,50145.95,1.7529,8.36,0.0000,0.1320,0.5238,1.0488,2.2483,1.3278,0.4129,0.3502,,
46.5368,7,7,29.3298,75.8658,completed,81705.32,50145.95,1.7529,8.36,0.0000,0.1075,0.5113,0.5866,2.0460,0.6331,0.2895,,,
22.4884,10,10,45.1974,67.6854,completed,81704.95,50147.98,1.7532,8.36,0.0000,0.1320,0.3728,1.8145,1.7228,0.7732,0.4247,0.2497,0.4701,0.4537
24.5798,10,10,50.5059,75.0849,completed,81704.95,50147.98,1.7532,8.36,0.0000,0.0520,0.1867,0.2731,0.3951,1.4601,1.1716,0.3614,0.2345,0.2596
23.7404,10,10,53.8981,77.6381,completed,81704.59,50149.90,1.7532,8.36,0.0000,0.3073,0.7712,2.6086,2.5874,0.9161,0.6369,0.3465,0.4985,0.4365
47.1389,7,7,38.8098,85.9478,completed,81704.59,50149.90,1.7532,8.36,0.0000,0.0783,0.3228,0.2723,1.2482,0.7005,0.5367,,,
28.4905,10,10,49.3513,77.8413,completed,81704.26,50151.72,1.7535,8.36,0.0000,0.0863,0.2742,1.0179,1.1654,1.3368,1.1295,0.5857,0.4879,0.4685
39.6559,9,9,61.6162,101.2713,completed,81704.26,50151.72,1.7535,8.36,0.0000,0.0332,0.1274,0.1443,0.8150,0.8227,0.6104,0.3290,0.3269,
38.3010,9,7,33.2552,71.5563,converged,81703.84,50154.03,1.7535,8.36,0.0000,0.3212,0.9228,2.8999,1.5143,1.6324,0.0441,,,
43.3584,8,8,48.0691,91.4272,completed,81703.84,50154.03,1.7535,8.36,0.0000,0.0360,0.1094,0.5341,0.6615,0.8720,0.4319,0.4139,,
24.1541,10,10,66.3859,90.5400,completed,81703.51,50155.85,1.7535,8.36,0.0000,0.0657,0.1867,0.5525,0.3360,1.4729,0.9085,0.5768,0.5183,0.4944
49.6047,7,7,38.1273,87.7313,completed,81703.51,50155.85,1.7535,8.36,0.0000,0.0512,0.1124,0.9864,0.8466,0.4435,0.3992,,,
22.3716,10,10,53.5726,75.9437,completed,81703.09,50158.16,1.7543,8.35,0.0000,0.0566,0.1339,0.2768,0.1242,1.5036,0.7798,0.5879,0.5321,0.5041
32.2993,10,3,9.6432,41.9423,converged,81703.09,50158.16,1.7543,8.35,0.0000,0.0274,0.0596,,,,,,,
54.9429,6,6,28.7667,83.7087,completed,81702.79,50159.81,1.7540,8.35,0.0000,0.4287,2.7594,1.9038,0.2265,0.5206,,,,
42.6975,8,3,12.3808,55.0778,converged,81702.79,50159.81,1.7540,8.35,0.0000,0.0380,0.0759,,,,,,,
41.8117,8,8,36.0294,77.8404,completed,81702.38,50162.03,1.7545,8.35,0.0000,0.1262,0.5801,1.6519,1.6416,0.2350,0.7250,0.6791,,
56.4041,6,6,26.9236,83.3276,completed,81702.38,50162.03,1.7545,8.35,0.0000,0.0321,0.2584,1.0160,0.9282,0.6975,,,,
42.8558,8,8,32.8807,75.7357,completed,81702.03,50163.94,1.7550,8.35,0.0000,0.1055,0.1982,0.1620,2.5215,1.0838,0.7390,0.6873,,
25.3717,10,3,20.5018,45.8729,converged,81702.03,50163.94,1.7550,8.35,0.0000,0.0101,0.0231,,,,,,,
54.4361,6,6,32.2847,86.7208,completed,81701.73,50165.60,1.7552,8.35,0.0000,0.2096,0.3419,2.6171,1.2560,0.9407,,,,
44.2749,8,3,9.7621,54.0361,converged,81701.73,50165.60,1.7552,8.35,0.0000,0.0133,0.0326,,,,,,,
45.2546,8,8,29.1136,74.3676,completed,81701.43,50167.24,1.7550,8.35,0.0000,0.0897,0.1639,0.4356,1.8049,0.7926,0.7039,0.6723,,
37.4319,9,3,10.4785,47.9095,converged,81701.43,50167.24,1.7550,8.35,0.0000,0.0165,0.0308,,,,,,,
54.5847,6,6,28.9627,83.5468,completed,81701.09,50169.06,1.7554,8.35,0.0000,0.0378,0.1181,1.0941,0.7271,0.6578,,,,
32.7914,10,3,11.9853,44.7763,converged,81701.09,50169.06,1.7554,8.35,0.0000,0.0119,0.0209,,,,,,,
21.1099,10,3,10.3064,31.4154,converged,81700.79,50170.70,1.7555,8.35,0.0000,0.0140,0.0354,,,,,,,
48.6128,7,7,27.3325,75.9446,completed,81700.66,50171.36,1.7558,8.35,0.0000,0.0194,0.1409,0.8272,0.6698,0.3238,0.3370,,,
44.4847,8,3,11.9556,56.4396,converged,81700.66,50171.36,1.7558,8.35,0.0000,0.0115,0.0255,,,,,,,
35.6180,9,3,9.0164,44.6334,converged,81700.32,50173.14,1.7566,8.35,0.0000,0.0145,0.0486,,,,,,,
21.5338,10,3,14.2813,35.8143,converged,81700.20,50173.83,1.7564,8.35,0.0000,0.0059,0.0108,,,,,,,
21.2744,10,3,10.7874,32.0615,converged,81700.04,50174.65,1.7560,8.35,0.0000,0.0128,0.0369,,,,,,,
51.9207,7,3,13.2578,65.1779,converged,81699.89,50175.47,1.7561,8.35,0.0000,0.0107,0.0438,,,,,,,
21.5623,10,3,17.8039,39.3660,converged,81699.89,50175.47,1.7561,8.35,0.0000,0.0104,0.0252,,,,,,,
36.0467,9,3,9.8943,45.9404,converged,81699.55,50177.26,1.7564,8.35,0.0000,0.0132,0.0464,,,,,,,
32.1211,10,3,9.8584,41.9794,converged,81699.42,50177.94,1.7561,8.35,0.0000,0.0078,0.0264,,,,,,,
30.4000,10,3,14.1614,44.5615,converged,81699.27,50178.76,1.7560,8.35,0.0000,0.0130,0.0364,,,,,,,
49.2151,7,7,34.4114,83.6264,completed,81699.11,50179.58,1.7564,8.35,0.0000,0.0691,0.2551,1.5115,0.9286,0.3524,0.1903,,,
50.6225,7,7,42.3381,92.9601,completed,81699.11,50179.58,1.7564,8.35,0.0000,0.0126,0.1938,0.9129,0.8030,0.3322,0.1802,,,
50.7970,7,7,37.0614,87.8584,completed,81698.72,50181.66,1.7557,8.35,0.0000,0.0392,0.1791,1.2237,1.0062,0.2571,0.1584,,,
27.4630,10,3,12.8054,40.2684,converged,81698.72,50181.66,1.7557,8.35,0.0000,0.0186,0.0095,,,,,,,
22.2988,10,3,14.9252,37.2232,converged,81698.39,50183.42,1.7558,8.35,0.0000,0.0178,0.0213,,,,,,,
21.9905,10,3,10.4550,32.4451,converged,81698.39,50183.42,1.7558,8.35,0.0000,0.0178,0.0472,,,,,,,
36.6583,9,3,10.6930,47.3510,converged,81698.15,50184.67,1.7564,8.35,0.0000,0.0744,0.0839,,,,,,,
48.7110,7,7,34.1534,82.8634,completed,81698.15,50184.67,1.7564,8.35,0.0000,0.0152,0.1849,1.0975,1.3564,0.5109,0.2447,,,
26.9099,10,3,11.9113,38.8203,converged,81697.82,50186.43,1.7552,8.35,0.0000,0.0216,0.0101,,,,,,,
26.3050,10,3,10.7688,37.0738,converged,81697.82,50186.43,1.7552,8.35,0.0000,0.0271,0.0741,,,,,,,
57.5213,6,6,27.4694,84.9904,completed,81697.57,50187.79,1.7539,8.37,0.0000,0.0460,0.5300,1.5330,1.0570,0.3839,,,,
57.3929,6,6,23.5956,80.9877,completed,81697.57,50187.79,1.7539,8.37,0.0000,0.0700,0.5328,1.2598,1.0227,0.4280,,,,
40.9454,8,8,32.2893,73.2343,completed,81697.17,50189.98,1.7532,8.37,0.0000,0.0362,0.1780,0.7861,1.1553,0.8441,0.3214,0.1848,,
45.7077,8,8,31.6339,77.3409,completed,81697.17,50189.98,1.7532,8.37,0.0000,0.0389,0.1814,0.7784,1.0509,0.8188,0.4227,0.2280,,
43.8232,8,3,11.1539,54.9769,converged,81696.83,50191.89,1.7530,8.36,0.0000,0.0132,0.0616,,,,,,,
34.5318,9,9,39.0571,73.5882,completed,81696.83,50191.89,1.7530,8.36,0.0000,0.0224,0.1010,0.5369,1.1441,1.0092,0.7379,0.2126,0.1667,
21.2212,10,3,10.9370,32.1580,converged,81696.53,50193.53,1.7530,8.35,0.0000,0.0381,0.0728,,,,,,,
57.1349,6,6,26.5903,83.7244,completed,81696.53,50193.53,1.7530,8.35,0.0000,0.0670,0.4678,0.9006,0.6082,0.2588,,,,
49.7185,7,3,10.8652,61.6017,converged,81696.23,50195.16,1.7527,8.35,0.0000,0.0178,0.0177,,,,,,,
44.7801,8,3,11.3394,56.1195,converged,81696.23,50195.16,1.7527,8.35,0.0000,0.0139,0.0115,,,,,,,
37.0588,9,3,10.7431,47.8012,converged,81695.98,50196.54,1.7525,8.34,0.0000,0.0257,0.0649,,,,,,,
37.9316,9,3,15.2784,53.2094,converged,81695.98,50196.54,1.7525,8.34,0.0000,0.0344,0.0713,,,,,,,
25.7428,10,3,14.1639,39.9059,converged,81695.73,50197.90,1.7525,8.34,0.0000,0.0316,0.0555,,,,,,,
39.4077,9,3,9.5812,48.9882,converged,81695.73,50197.90,1.7525,8.34,0.0000,0.0033,0.0077,,,,,,,
53.5976,6,3,12.8615,66.4585,converged,81695.45,50199.42,1.7522,8.34,0.0000,0.0075,0.0328,,,,,,,
21.5943,10,3,9.4324,31.0264,converged,81695.45,50199.42,1.7522,8.34,0.0000,0.0073,0.0391,,,,,,,
21.6807,10,3,11.8512,33.5312,converged,81695.18,50200.89,1.7519,8.35,0.0000,0.0305,0.0570,,,,,,,
43.8160,8,3,10.1289,53.9440,converged,81695.03,50201.71,1.7519,8.35,0.0000,0.0037,0.0117,,,,,,,
46.9458,7,7,26.2884,73.2334,completed,81694.88,50202.53,1.7520,8.36,0.0000,0.0375,0.1216,0.4734,0.1472,0.1571,0.1904,,,
55.5790,6,6,35.8049,91.3840,completed,81694.88,50202.53,1.7520,8.36,0.0000,0.0269,0.6769,0.9942,0.5668,0.3567,,,,
21.6654,10,3,18.6401,40.3052,converged,81694.48,50204.72,1.7515,8.35,0.0000,0.0219,0.0669,,,,,,,
29.6454,10,3,10.2295,39.8745,converged,81694.48,50204.72,1.7515,8.35,0.0000,0.0134,0.0747,,,,,,,
29.3017,10,3,9.9351,39.2362,converged,81694.25,50205.97,1.7513,8.35,0.0000,0.0404,0.0865,,,,,,,
30.0837,10,3,14.5394,44.6224,converged,81694.25,50205.97,1.7513,8.35,0.0000,0.0167,0.0738,,,,,,,
42.6242,8,5,22.4682,65.0923,converged,81693.97,50207.45,1.7523,8.34,0.0000,0.0508,0.1190,0.2283,0.0839,,,,,
34.9610,9,3,14.8965,49.8566,converged,81693.97,50207.45,1.7523,8.34,0.0000,0.0168,0.0834,,,,,,,
29.7595,10,3,10.4015,40.1606,converged,81693.64,50209.25,1.7515,8.34,0.0000,0.0253,0.0617,,,,,,,
39.9216,9,3,17.2289,57.1500,converged,81693.64,50209.25,1.7515,8.34,0.0000,0.0140,0.0986,,,,,,,
53.5186,6,4,12.3927,65.9107,converged,81693.35,50210.86,1.7524,8.33,0.0000,0.0294,0.1038,0.0910,,,,,,
54.8173,6,6,28.3771,83.1942,completed,81693.35,50210.86,1.7524,8.33,0.0000,0.0959,1.2145,1.9397,0.7577,0.5189,,,,
47.7115,7,3,12.1505,59.8615,converged,81692.97,50212.91,1.7523,8.34,0.0000,0.0077,0.0475,,,,,,,
26.8696,10,7,31.8580,58.7270,converged,81692.97,50212.91,1.7523,8.34,0.0000,0.0274,0.1063,0.5052,1.0415,0.6616,0.0647,,,
34.1346,9,6,28.0927,62.2267,converged,81692.68,50214.55,1.7523,8.32,0.0000,0.0638,0.2272,0.3315,0.7041,0.0445,,,,
41.7924,8,8,40.4817,82.2737,completed,81692.68,50214.55,1.7523,8.32,0.0000,0.0946,0.1671,0.5455,1.7286,0.9824,0.3125,0.2413,,
42.3841,8,8,38.2061,80.5901,completed,81692.33,50216.44,1.7526,8.26,0.0000,0.0752,0.2380,0.2913,0.3347,0.4360,0.2595,0.2436,,
24.1135,10,10,45.3379,69.4509,completed,81692.33,50216.44,1.7526,8.26,0.0000,0.0478,0.1524,0.2067,0.7196,0.9387,0.4585,0.2846,0.2055,0.1651
43.1326,8,4,14.8439,57.9759,converged,81692.00,50218.20,1.7529,8.22,0.0000,0.0551,0.1161,0.0189,,,,,,
44.7214,8,3,10.8595,55.5806,converged,81692.00,50218.20,1.7529,8.22,0.0000,0.0052,0.0156,,,,,,,
43.2549,8,3,11.0297,54.2837,converged,81691.70,50219.84,1.7523,8.20,0.0000,0.0148,0.0306,,,,,,,
54.8357,6,6,25.8516,80.6867,completed,81691.70,50219.84,1.7523,8.20,0.0000,0.2391,0.5921,1.2521,0.8497,0.4791,,,,
51.5635,7,4,22.5389,74.1019,converged,81691.39,50221.57,1.7524,8.16,0.0000,0.0758,0.1482,0.0872,,,,,,
20.2123,10,10,46.5202,66.7322,completed,81691.39,50221.57,1.7524,8.16,0.0000,0.0955,0.2804,0.4115,0.8159,1.0817,0.4511,0.3510,0.1740,0.1867
27.9629,10,3,12.9635,40.9256,converged,81691.04,50223.45,1.7527,8.16,0.0000,0.0050,0.0232,,,,,,,
40.1452,8,8,38.0300,78.1751,completed,81691.04,50223.45,1.7527,8.16,0.0000,0.1509,0.4237,0.9502,1.9435,0.8709,0.3544,0.2686,,
38.5547,9,9,37.4090,75.9630,completed,81690.75,50225.01,1.7531,8.17,0.0000,0.1222,0.2669,0.1016,0.6947,0.2687,0.6135,0.3716,0.3556,
57.0275,6,6,24.8593,81.8864,completed,81690.75,50225.01,1.7531,8.17,0.0000,0.2622,0.6719,2.3258,1.1035,0.5758,,,,
25.8382,10,10,49.6550,75.4930,completed,81690.40,50226.90,1.7527,8.17,0.0000,0.1121,0.3080,0.4005,0.6983,1.1582,0.4764,0.4100,0.2260,0.2323
56.7192,6,6,38.5118,95.2309,completed,81690.40,50226.90,1.7527,8.17,0.0000,0.2723,0.6596,1.8785,1.1121,0.5676,,,,
44.5827,8,8,44.9799,89.5619,completed,81690.01,50229.05,1.7526,8.20,0.0000,0.2139,0.4867,0.5971,1.2544,0.6705,0.4403,0.4006,,
37.8628,9,9,46.1973,84.0594,completed,81690.01,50229.05,1.7526,8.20,0.0000,0.1598,0.4377,0.5211,1.2258,0.7279,0.6519,0.2790,0.2537,
51.2797,7,7,27.0936,78.4051,completed,81689.66,50230.93,1.7524,8.24,0.0000,0.1184,0.2196,4.3523,1.2571,0.8753,0.6913,,,
38.8051,9,9,40.2182,79.0232,completed,81689.66,50230.93,1.7524,8.24,0.0000,0.1803,0.4743,0.5449,1.2206,0.7169,0.6769,0.3068,0.2827,
55.3893,6,6,23.1543,78.5433,completed,81689.27,50233.09,1.7525,8.27,0.0000,0.0927,0.3948,0.9743,0.4150,0.3981,,,,
43.0499,8,3,10.4164,53.4655,converged,81689.27,50233.09,1.7525,8.27,0.0000,0.0230,0.0404,,,,,,,
44.2342,8,8,32.2002,76.4342,completed,81688.96,50234.73,1.7525,8.29,0.0000,0.2444,0.3905,0.3669,0.6871,0.6267,0.5207,0.4743,,
54.2894,6,6,26.8327,81.1218,completed,81688.96,50234.73,1.7525,8.29,0.0000,0.3654,0.7738,1.2432,0.9504,0.5691,,,,
29.2970,10,10,53.5250,82.8210,completed,81688.62,50236.60,1.7526,8.30,0.0000,0.1547,0.3653,0.2253,0.2661,0.4560,0.6808,0.6083,0.3950,0.3639
43.0879,8,8,48.1429,91.2300,completed,81688.62,50236.60,1.7526,8.30,0.0000,0.1652,0.4149,0.3638,0.8086,0.7354,0.4529,0.3465,,
42.7686,8,8,41.4506,84.2186,completed,81688.21,50238.80,1.7527,8.32,0.0000,0.4759,1.0894,1.6383,0.6812,1.1150,0.6775,0.6461,,
36.9708,9,9,40.4007,77.3707,completed,81688.21,50238.80,1.7527,8.32,0.0000,0.2779,0.9167,0.9334,1.4243,1.5706,1.0187,0.8072,0.7973,
23.6094,10,10,39.3705,62.9796,completed,81687.86,50240.68,1.7526,8.33,0.0000,0.3463,0.8966,0.9834,1.7560,0.3092,0.8539,0.4518,0.4708,0.5061
42.5228,8,3,12.8542,55.3763,converged,81687.86,50240.68,1.7526,8.33,0.0000,0.0404,0.0665,,,,,,,
39.1320,9,9,38.7678,77.8988,completed,81687.56,50242.31,1.7527,8.33,0.0000,0.4427,1.1433,1.3488,0.8673,0.9809,0.6469,0.5860,0.6203,
25.2841,10,10,42.4869,67.7710,completed,81687.56,50242.31,1.7527,8.33,0.0000,0.3568,1.1383,1.1347,0.7453,1.0334,1.6217,0.9405,0.9097,0.8871
58.2982,5,5,31.6106,89.9087,completed,81687.20,50244.23,1.7521,8.34,0.0000,0.2309,5.1044,2.1749,0.9564,,,,,
51.6676,7,7,27.7171,79.3841,completed,81687.20,50244.23,1.7521,8.34,0.0000,0.7411,1.7935,0.5501,2.3405,1.6367,1.3918,,,
29.5893,10,10,44.7140,74.3030,completed,81686.80,50246.41,1.7519,8.34,0.0000,0.2528,0.6092,1.6067,0.4440,0.2549,0.6253,0.3963,0.8139,0.8030
32.4778,10,10,45.3032,77.7803,completed,81686.80,50246.41,1.7519,8.34,0.0000,0.4313,1.4424,1.7577,0.9020,2.4270,1.9928,1.3748,0.6858,0.5305
23.9210,10,10,34.7460,58.6661,completed,81686.47,50248.21,1.7514,8.34,0.0000,0.1344,0.3164,3.8107,5.0582,5.4172,0.6578,1.0481,0.5986,0.4312
36.3282,9,3,8.9780,45.3060,converged,81686.47,50248.21,1.7514,8.34,0.0000,0.0297,0.0500,,,,,,,
50.3470,7,7,28.4119,78.7590,completed,81686.20,50249.69,1.7514,8.34,0.0000,1.7117,13.9259,2.4105,1.1153,0.1355,0.3497,,,
29.4134,10,10,36.7729,66.1860,completed,81686.20,50249.69,1.7514,8.34,0.0000,0.3236,1.2262,1.8157,1.0658,4.0365,1.5037,0.7655,0.5494,0.3926
35.8284,9,3,12.1939,48.0219,converged,81685.87,50251.50,1.7513,8.34,0.0000,0.0136,0.0492,,,,,,,
39.6655,9,9,37.5773,77.2423,completed,81685.87,50251.50,1.7513,8.34,0.0000,0.3031,1.1667,1.7109,1.5518,2.0447,0.6480,0.4326,0.2596,
50.5564,7,7,34.6465,85.2025,completed,81685.55,50253.26,1.7518,8.34,0.0000,0.1925,6.6003,11.0206,4.0716,0.5772,0.2931,,,
39.3842,9,3,15.5719,54.9559,converged,81685.55,50253.26,1.7518,8.34,0.0000,0.0204,0.0518,,,,,,,
53.5601,6,6,26.3349,79.8950,completed,81685.20,50255.18,1.7519,8.34,0.0000,0.5497,0.9613,0.5550,1.6261,1.0446,,,,
29.5402,10,3,14.9880,44.5281,converged,81685.20,50255.18,1.7519,8.34,0.0000,0.0133,0.0378,,,,,,,
46.7516,7,7,40.1307,86.8817,completed,81684.91,50256.81,1.7517,8.29,0.0000,0.3174,5.5950,3.2965,1.0888,0.1559,0.1603,,,
35.4608,9,9,44.0285,79.4885,completed,81684.91,50256.81,1.7517,8.29,0.0000,0.0992,2.0341,7.8822,3.6434,1.7146,0.5522,0.2644,0.1190,
22.3632,10,3,10.5352,32.8982,converged,81684.56,50258.69,1.7518,8.09,0.0000,0.0085,0.0544,,,,,,,
54.3466,6,6,25.5986,79.9446,completed,81684.56,50258.69,1.7518,8.09,0.0000,0.2253,0.8162,1.0970,0.4215,0.2088,,,,
55.0958,6,6,30.1195,85.2146,completed,81684.28,50260.25,1.7514,7.94,0.0000,0.0291,0.4172,0.7237,0.3923,0.3115,,,,
46.4451,7,7,30.3030,76.7480,completed,81684.28,50260.25,1.7514,7.94,0.0000,0.2627,1.8550,1.1667,1.2127,0.5086,0.3414,,,
48.4933,7,7,33.5826,82.0756,completed,81683.94,50262.07,1.7514,7.85,0.0000,0.0403,0.4032,0.2477,0.3238,0.1958,0.1403,,,
45.3472,8,8,38.2495,83.5965,completed,81683.94,50262.07,1.7514,7.85,0.0000,0.2749,1.7982,4.7181,0.9207,0.7889,0.5890,0.3503,,
49.6635,7,7,34.3781,84.0961,completed,81683.64,50263.76,1.7511,7.87,0.0000,0.0389,0.4640,0.2788,0.3454,0.1954,0.1473,,,
37.7156,9,9,44.1435,81.8586,completed,81683.64,50263.76,1.7511,7.87,0.0000,0.2204,0.7353,1.2688,0.4367,0.7363,0.4219,0.2517,0.1123,
41.4580,8,8,29.6580,71.1151,completed,81683.28,50265.70,1.7518,7.97,0.0000,0.0092,0.2065,0.5373,0.4271,0.1389,0.2868,0.2596,,
50.4716,7,7,32.5707,83.0417,converged,81683.28,50265.70,1.7518,7.97,0.0000,0.2044,0.9581,0.5470,0.4699,0.1994,0.0835,,,
32.6477,10,3,15.3419,47.9890,converged,81682.90,50267.80,1.7512,8.08,0.0000,0.0112,0.0359,,,,,,,
31.7456,10,10,53.3632,85.1082,completed,81682.90,50267.80,1.7512,8.08,0.0000,1.8891,6.8075,7.1020,0.7951,0.4548,0.3061,1.0876,0.7095,0.3649
24.2027,10,3,18.9020,43.1040,converged,81682.60,50269.40,1.7515,8.14,0.0000,0.0171,0.0782,,,,,,,
27.5773,10,10,47.9363,75.5133,completed,81682.60,50269.40,1.7515,8.14,0.0000,0.1194,0.3471,1.4404,0.9421,0.5828,0.6293,0.5540,0.3264,0.1949
27.1530,10,3,15.0481,42.2002,converged,81682.28,50271.15,1.7517,8.21,0.0000,0.0102,0.0737,,,,,,,
57.0061,6,6,28.0271,85.0331,completed,81682.28,50271.15,1.7517,8.21,0.0000,0.1326,0.8002,0.9532,0.2234,0.1138,,,,
57.4686,6,6,24.0841,81.5522,completed,81682.01,50272.63,1.7520,8.23,0.0000,0.0164,0.4326,0.2010,0.1114,0.4827,,,,
40.6650,8,8,33.5636,74.2277,completed,81682.01,50272.63,1.7520,8.23,0.0000,0.0566,0.3359,0.7239,0.2588,0.1687,0.2387,0.2289,,
29.8151,10,3,15.3220,45.1371,converged,81681.67,50274.51,1.7515,8.26,0.0000,0.0075,0.0305,,,,,,,
37.7316,9,9,49.2498,86.9809,completed,81681.67,50274.51,1.7515,8.26,0.0000,0.0608,0.2606,0.7656,0.2475,0.3005,0.2292,0.2407,0.2236,
56.2207,6,5,31.5728,87.7928,converged,81681.34,50276.30,1.7514,8.29,0.0000,0.0153,0.6282,0.2664,0.0980,,,,,
51.4288,7,7,38.6550,90.0830,completed,81681.34,50276.30,1.7514,8.29,0.0000,0.0988,0.7294,0.4876,0.7798,0.1978,0.1885,,,
58.8880,5,5,24.8884,83.7764,completed,81680.93,50278.59,1.7515,8.32,0.0000,0.0376,0.7753,0.4206,0.2647,,,,,
37.7661,9,9,38.0213,75.7873,completed,81680.93,50278.59,1.7515,8.32,0.0000,0.1178,0.5202,1.3806,0.5554,0.5214,0.1463,0.1586,0.1427,
42.2244,8,3,13.6434,55.8675,converged,81680.60,50280.39,1.7520,8.34,0.0000,0.0185,0.0745,,,,,,,
33.5854,10,10,44.3306,77.9157,completed,81680.60,50280.39,1.7520,8.34,0.0000,0.0990,0.5217,1.9477,1.4102,0.5525,0.4818,0.1322,0.1645,0.1418
28.9290,10,3,11.6089,40.5369,converged,81680.27,50282.16,1.7517,8.36,0.0000,0.0072,0.0333,,,,,,,
21.8635,10,10,35.0617,56.9247,completed,81680.27,50282.16,1.7517,8.36,0.0000,0.0692,0.2825,0.9995,0.6428,0.1789,0.4180,0.1741,0.2080,0.1934
50.6099,7,7,29.9565,80.5655,completed,81680.03,50283.52,1.7517,8.36,0.0000,0.0134,0.1448,0.3246,0.2537,0.2363,0.3720,,,
45.5160,8,8,33.6671,79.1831,completed,81680.03,50283.52,1.7517,8.36,0.0000,0.1785,0.9897,1.6483,0.2393,0.2785,0.2376,0.2230,,
55.7274,6,6,24.0333,79.7604,completed,81679.62,50285.74,1.7517,8.37,0.0000,0.0656,0.4868,0.4461,0.2423,0.3343,,,,
29.8095,10,10,44.4845,74.2936,completed,81679.62,50285.74,1.7517,8.37,0.0000,0.0998,0.3153,0.9795,0.5698,0.3969,0.1865,0.2320,0.2038,0.1667
22.5517,10,3,15.7039,38.2549,converged,81679.28,50287.63,1.7525,8.38,0.0000,0.0139,0.0567,,,,,,,
20.1986,10,10,39.1070,59.3051,completed,81679.28,50287.63,1.7525,8.38,0.0000,0.1073,0.3214,1.1139,0.7448,0.4692,0.3063,0.2476,0.2184,0.1835
45.1556,8,8,34.9902,80.1452,completed,81679.02,50289.02,1.7527,8.38,0.0000,0.0203,0.1671,0.5496,0.1927,0.2743,0.2642,0.2478,,
49.0519,7,7,29.3853,78.4364,completed,81679.02,50289.02,1.7527,8.38,0.0000,0.2928,1.1898,0.6303,0.3234,0.5261,0.3301,,,
49.5236,7,7,28.5543,78.0773,completed,81678.67,50290.93,1.7525,8.38,0.0000,0.0529,0.3550,0.2185,0.2643,0.2104,0.2500,,,
23.9767,10,10,37.6895,61.6656,completed,81678.67,50290.93,1.7525,8.38,0.0000,0.1056,0.2368,0.9808,0.6350,0.1959,0.6453,0.3343,0.3150,0.2684
50.4700,7,7,46.4599,96.9289,completed,81678.34,50292.74,1.7521,8.38,0.0000,0.0365,0.2133,0.2455,0.3652,0.1778,0.3048,,,
25.6220,10,10,48.5741,74.1961,completed,81678.34,50292.74,1.7521,8.38,0.0000,0.0652,0.1706,0.5534,0.3418,0.1575,0.2845,0.1878,0.2415,0.2207
35.4393,9,3,11.6140,47.0531,converged,81677.96,50294.80,1.7522,8.38,0.0000,0.0103,0.0114,,,,,,,
20.1418,10,3,11.9164,32.0574,converged,81677.96,50294.80,1.7522,8.38,0.0000,0.0223,0.0613,,,,,,,
55.5304,6,6,45.4844,101.0144,completed,81677.74,50296.04,1.7522,8.38,0.0000,0.0687,0.3169,0.7869,0.1834,0.3822,,,,
24.1638,10,10,59.3418,83.5048,completed,81677.74,50296.04,1.7522,8.38,0.0000,0.0523,0.1373,0.4288,0.2882,0.1044,0.2364,0.2321,0.2994,0.2684
36.6139,9,3,20.2095,56.8225,converged,81677.31,50298.35,1.7527,8.37,0.0000,0.0265,0.0366,,,,,,,
25.5410,10,6,28.8382,54.3792,converged,81677.31,50298.35,1.7527,8.37,0.0000,0.0429,0.1186,0.4359,0.2970,0.0828,,,,
22.9494,10,3,14.6669,37.6159,converged,81677.01,50299.99,1.7531,8.37,0.0000,0.0027,0.0060,,,,,,,
52.1934,6,6,33.9592,86.1522,completed,81677.01,50299.99,1.7531,8.37,0.0000,0.0639,0.8050,0.2875,0.7577,0.5017,,,,
39.6321,9,3,12.7233,52.3553,converged,81676.71,50301.64,1.7535,8.37,0.0000,0.0264,0.0944,,,,,,,
46.0899,7,7,40.2424,86.3315,completed,81676.71,50301.64,1.7535,8.37,0.0000,0.0650,0.2366,0.1644,0.7059,0.7601,0.4459,,,
20.3437,10,3,10.2889,30.6320,converged,81676.35,50303.58,1.7532,8.37,0.0000,0.0367,0.0947,,,,,,,
48.4438,7,7,29.6949,78.1379,completed,81676.35,50303.58,1.7532,8.37,0.0000,0.1934,1.0697,0.6172,0.3258,0.5961,0.3637,,,
47.0535,7,3,12.7449,59.7980,converged,81676.05,50305.24,1.7531,8.37,0.0000,0.0405,0.0446,,,,,,,
33.1518,10,10,49.1669,82.3180,completed,81676.05,50305.24,1.7531,8.37,0.0000,0.0543,0.1195,0.2628,0.1288,0.1004,0.1928,0.1719,0.2372,0.2066
23.5527,10,3,19.2123,42.7643,converged,81675.70,50307.14,1.7527,8.37,0.0000,0.0049,0.0164,,,,,,,
50.5103,7,4,19.6355,70.1456,converged,81675.70,50307.14,1.7527,8.37,0.0000,0.0931,0.2835,0.0445,,,,,,
28.6782,10,3,12.2629,40.9409,converged,81675.39,50308.79,1.7520,8.36,0.0000,0.0197,0.0153,,,,,,,
28.4027,10,10,39.2588,67.6609,completed,81675.39,50308.79,1.7520,8.36,0.0000,0.0721,0.1041,0.3240,0.1119,0.2419,0.3238,0.4123,0.3333,0.2790
48.7609,7,7,42.9693,91.7294,completed,81675.14,50310.16,1.7521,8.36,0.0000,0.0705,0.1181,0.1052,0.1744,0.2088,0.2427,,,
51.6084,7,7,27.4555,79.0635,completed,81675.14,50310.16,1.7521,8.36,0.0000,0.1196,0.2302,0.1526,0.1780,0.3282,0.3265,,,
52.0826,6,6,28.9570,81.0390,completed,81674.75,50312.34,1.7513,8.36,0.0000,0.0527,0.3052,1.1234,0.4909,0.1808,,,,
24.9186,10,3,13.8641,38.7821,converged,81674.75,50312.34,1.7513,8.36,0.0000,0.0517,0.0949,,,,,,,
46.7128,7,7,26.4819,73.1940,completed,81674.45,50313.99,1.7514,8.36,0.0000,0.0596,0.1710,0.6255,0.7202,0.1812,0.2062,,,
47.8721,7,7,29.5371,77.4092,completed,81674.45,50313.99,1.7514,8.36,0.0000,0.0999,0.1016,0.3154,0.2141,0.3114,0.2492,,,
40.1150,8,8,35.6386,75.7526,completed,81674.09,50315.93,1.7520,8.36,0.0000,0.0494,0.1292,0.3190,0.5123,0.2914,0.1784,0.2589,,
42.5273,8,3,15.1809,57.7080,converged,81674.09,50315.93,1.7520,8.36,0.0000,0.0580,0.0559,,,,,,,
59.2666,5,5,22.2666,81.5326,completed,81673.74,50317.86,1.7522,8.36,0.0000,0.2443,0.6229,0.5323,0.2364,,,,,
26.0676,10,5,18.5520,44.6190,converged,81673.74,50317.86,1.7522,8.36,0.0000,0.0817,0.1959,0.3201,0.0422,,,,,
57.7217,6,6,27.0620,84.7831,completed,81673.44,50319.51,1.7528,8.35,0.0000,0.1696,0.5157,0.9222,0.4653,0.2044,,,,
43.6130,8,8,28.9833,72.5953,completed,81673.44,50319.51,1.7528,8.35,0.0000,0.2274,1.6364,2.4448,0.2572,0.1823,0.2275,0.1395,,
41.6162,8,8,29.6518,71.2679,completed,81673.09,50321.40,1.7528,8.35,0.0000,0.1151,0.3170,0.3512,0.3192,0.3799,0.1830,0.2972,,
25.4097,10,10,35.5746,60.9837,completed,81673.09,50321.40,1.7528,8.35,0.0000,0.1325,0.3298,1.4862,0.1806,0.2544,0.1704,0.3142,0.1780,0.1452
50.2290,7,7,30.4704,80.7009,completed,81672.76,50323.21,1.7536,8.35,0.0000,0.1530,0.3448,0.1368,0.4828,0.3318,0.1762,,,
33.8914,10,10,52.8370,86.7280,completed,81672.76,50323.21,1.7536,8.35,0.0000,0.1002,0.2341,0.6661,0.2332,0.1929,0.1946,0.3883,0.1370,0.1143
29.5626,10,10,50.5097,80.0717,completed,81672.41,50325.12,1.7540,8.35,0.0000,0.0986,0.2191,0.3649,0.5166,0.7470,0.9589,0.2558,0.2482,0.2805
32.7301,10,6,22.6593,55.3893,converged,81672.41,50325.12,1.7540,8.35,0.0000,0.0867,0.2076,0.2954,0.2469,0.0897,,,,
32.2809,10,3,11.5586,43.8387,converged,81672.08,50326.91,1.7542,8.35,0.0000,0.0478,0.0801,,,,,,,
52.2228,6,6,29.5778,81.7998,completed,81672.08,50326.91,1.7542,8.35,0.0000,0.0522,1.4951,0.3308,0.3250,0.1562,,,,
52.4008,6,6,29.4914,81.8914,completed,81671.80,50328.42,1.7545,8.35,0.0000,0.2094,0.4415,0.4896,0.5301,0.1732,,,,
30.3195,10,3,11.5325,41.8515,converged,81671.80,50328.42,1.7545,8.35,0.0000,0.0404,0.0602,,,,,,,
29.7853,10,10,42.9009,72.6860,completed,81671.47,50330.19,1.7545,8.35,0.0000,0.0885,0.2309,0.3884,0.3494,0.3920,0.6586,0.2326,0.2904,0.3043
20.7788,10,3,10.7281,31.5061,converged,81671.47,50330.19,1.7545,8.35,0.0000,0.0234,0.0376,,,,,,,
39.0410,9,9,45.3139,84.3549,completed,81671.16,50331.84,1.7546,8.35,0.0000,0.1132,0.3017,0.4236,0.4216,0.7667,0.4543,0.2369,0.3215,
56.2270,6,6,22.9238,79.1508,completed,81671.16,50331.84,1.7546,8.35,0.0000,0.1133,0.6947,0.2308,0.3528,0.1899,,,,
29.6038,10,10,45.2801,74.8831,completed,81670.81,50333.74,1.7552,8.35,0.0000,0.1589,0.3766,0.7141,0.9404,0.8908,1.0032,0.2002,0.2721,0.3226
40.7903,8,8,44.3577,85.1477,completed,81670.81,50333.74,1.7552,8.35,0.0000,0.0603,0.7241,1.2265,0.1674,0.2298,0.1470,0.1982,,
21.5973,10,10,42.7451,64.3422,completed,81670.42,50335.81,1.7554,8.35,0.0000,0.1021,0.2522,0.3756,0.4314,0.5191,0.6524,0.1787,0.3169,0.3283
56.5411,6,6,26.5985,83.1396,completed,81670.42,50335.81,1.7554,8.35,0.0000,0.0208,5.1155,1.1239,0.3479,0.2107,,,,
44.1639,8,8,33.1449,77.3080,completed,81670.05,50337.84,1.7555,8.35,0.0000,0.1496,0.3720,0.4981,0.6498,0.7712,0.1146,0.3014,,
33.1841,10,7,27.2386,60.4227,converged,81670.05,50337.84,1.7555,8.35,0.0000,0.0182,0.1534,4.6471,2.9908,0.1878,0.0866,,,
50.6597,7,7,28.6255,79.2846,completed,81669.74,50339.48,1.7554,8.35,0.0000,0.2147,0.5567,0.7148,1.0306,0.2552,0.3125,,,
20.5497,10,10,42.3611,62.9101,completed,81669.74,50339.48,1.7554,8.35,0.0000,0.0449,0.1188,2.4110,0.6064,0.3361,0.2086,0.2689,0.2982,0.3000
42.1227,8,8,30.1048,72.2268,completed,81669.41,50341.29,1.7554,8.35,0.0000,0.1414,0.3558,0.4244,0.3578,0.5554,0.2758,0.3391,,
39.7536,9,9,44.0052,83.7582,completed,81669.41,50341.29,1.7554,8.35,0.0000,0.0108,0.1328,1.9512,0.6109,0.2917,0.2850,0.3345,0.3505,
54.0542,6,6,25.5565,79.6106,completed,81669.02,50343.33,1.7557,8.35,0.0000,0.2553,0.8513,0.8693,0.8140,0.1474,,,,
37.1206,9,9,35.4969,72.6170,completed,81669.02,50343.33,1.7557,8.35,0.0000,0.0555,0.1495,0.8621,0.2688,0.2669,0.2122,0.2662,0.2559,
49.3329,7,7,27.8010,77.1330,completed,81668.67,50345.23,1.7552,8.35,0.0000,0.1965,0.6624,0.7184,0.9908,0.2479,0.3124,,,
30.4169,10,3,10.8832,41.2993,converged,81668.67,50345.23,1.7552,8.35,0.0000,0.0703,0.0942,,,,,,,
59.0109,5,5,30.3467,89.3567,completed,81668.41,50346.62,1.7552,8.35,0.0000,0.3521,0.9625,0.7917,0.1306,,,,,
46.5643,7,7,27.7569,74.3209,completed,81668.41,50346.62,1.7552,8.35,0.0000,0.1105,1.6621,1.8117,0.5559,0.4449,0.3574,,,
45.0932,8,8,30.6554,75.7485,completed,81668.06,50348.51,1.7551,8.35,0.0000,0.1469,0.4512,0.6456,0.1901,0.3898,0.3623,0.3940,,
25.0495,10,3,10.0619,35.1109,converged,81668.06,50348.51,1.7551,8.35,0.0000,0.0972,0.0396,,,,,,,
44.4285,8,8,27.2562,71.6842,completed,81667.75,50350.15,1.7548,8.35,0.0000,0.1474,0.4552,0.6540,0.1470,0.3067,0.4118,0.4232,,
39.1258,9,9,44.6622,83.7873,completed,81667.75,50350.15,1.7548,8.35,0.0000,0.1487,0.4166,1.6915,0.2247,0.2743,0.2758,0.3710,0.3418,
47.0910,7,6,29.6283,76.7193,converged,81667.39,50352.08,1.7549,8.35,0.0000,0.1912,0.7378,0.9157,0.9599,0.0901,,,,
45.5679,8,6,25.1747,70.7418,converged,81667.39,50352.08,1.7549,8.35,0.0000,0.1589,0.4976,0.6658,0.1165,0.0821,,,,
26.4283,10,10,40.2815,66.7095,completed,81667.01,50354.15,1.7546,8.35,0.0000,0.1043,0.2746,0.7157,0.7806,0.4412,0.8239,0.1082,0.4410,0.4377
52.3664,6,4,13.7845,66.1506,converged,81667.01,50354.15,1.7546,8.35,0.0000,0.2388,0.7705,0.0844,,,,,,
49.1774,7,7,30.4454,79.6224,completed,81666.73,50355.65,1.7548,8.35,0.0000,0.1911,0.7707,0.9608,0.8352,0.1106,0.4420,,,
45.8832,8,8,32.2047,78.0877,completed,81666.73,50355.65,1.7548,8.35,0.0000,0.1480,0.4281,0.5888,0.3955,0.2148,0.3846,0.3704,,
45.3958,8,8,35.0448,80.4398,completed,81666.38,50357.54,1.7552,8.34,0.0000,0.1505,0.4919,0.9800,0.2924,0.5504,0.3578,0.4586,,
49.8529,7,7,38.1929,88.0449,completed,81666.38,50357.54,1.7552,8.34,0.0000,0.1571,1.1091,0.6444,0.8918,0.5194,0.4387,,,
32.5884,10,10,41.7951,74.3831,completed,81665.99,50359.63,1.7550,8.34,0.0000,0.1087,0.2572,0.5318,0.4084,0.1141,0.2966,0.3519,0.4046,0.3616
36.8175,9,9,33.3969,70.2139,completed,81665.99,50359.63,1.7550,8.34,0.0000,0.1352,0.2698,1.5460,0.9813,1.2343,0.5607,0.3549,0.3161,
54.6366,6,4,18.3248,72.9608,converged,81665.66,50361.40,1.7550,8.34,0.0000,0.2646,0.7624,0.0953,,,,,,
56.4404,6,6,27.9233,84.3634,completed,81665.66,50361.40,1.7550,8.34,0.0000,0.2107,0.8998,1.4098,0.8259,0.5349,,,,
26.7963,10,6,28.9213,55.7173,converged,81665.25,50363.58,1.7547,8.35,0.0000,0.1186,0.3129,0.6943,0.6690,0.0933,,,,
26.1296,10,10,58.9628,85.0918,completed,81665.25,50363.58,1.7547,8.35,0.0000,0.1116,0.2195,0.3563,0.1799,0.4951,0.3808,0.5514,0.4182,0.4001
26.4545,10,10,58.5379,84.9919,completed,81664.89,50365.50,1.7545,8.35,0.0000,0.1149,0.3170,0.7883,0.8511,0.2131,0.4519,0.6198,0.6231,0.5107
44.2166,8,8,42.2611,86.4772,completed,81664.89,50365.50,1.7545,8.35,0.0000,0.1519,0.2704,0.2940,0.7071,0.6245,0.5601,0.4742,,
42.7459,8,8,39.1274,81.8725,completed,81664.51,50367.56,1.7547,8.34,0.0000,0.1445,0.4461,0.7470,0.1348,0.1441,0.7169,0.5534,,
21.9051,10,10,42.4209,64.3260,completed,81664.51,50367.56,1.7547,8.34,0.0000,0.1100,0.1280,0.1923,0.2150,1.0554,0.7084,0.4718,0.3959,0.4036
39.4997,9,9,40.6403,80.1393,completed,81664.14,50369.55,1.7552,8.34,0.0000,0.1320,0.3662,0.7603,0.3517,0.1124,0.6381,0.6395,0.5359,
58.6512,5,5,28.4393,87.0904,completed,81664.14,50369.55,1.7552,8.34,0.0000,0.3647,0.6610,0.5303,0.6375,,,,,
31.4622,10,10,38.2826,69.7447,completed,81663.77,50371.50,1.7552,8.34,0.0000,0.0850,0.2529,0.7795,1.1092,0.5536,0.4161,0.7003,0.7550,0.6028
27.4004,10,10,47.3406,74.7407,completed,81663.77,50371.50,1.7552,8.34,0.0000,0.0947,0.2449,0.4394,0.3745,0.2885,0.3585,0.7562,0.5187,0.4778
20.7865,10,10,39.4426,60.2287,completed,81663.42,50373.43,1.7545,8.34,0.0000,0.0822,0.2464,0.7564,1.1236,0.5513,0.2496,0.8099,0.7822,0.6145
51.6125,7,7,30.5656,82.1777,completed,81663.42,50373.43,1.7545,8.34,0.0000,0.1889,0.5427,0.4547,0.3684,0.8164,0.6707,,,
34.7561,9,9,46.7153,81.4713,completed,81663.07,50375.34,1.7547,8.34,0.0000,0.0983,0.3154,0.9449,0.8418,0.4983,0.6382,0.8525,0.6664,
37.2674,9,5,22.9599,60.2269,converged,81663.07,50375.34,1.7547,8.34,0.0000,0.1206,0.2818,0.4554,0.0730,,,,,
39.5556,9,9,43.4936,83.0486,completed,81662.76,50376.98,1.7549,8.34,0.0000,0.1009,0.3102,0.8081,0.6471,0.2897,0.8363,0.8796,0.6668,
50.7904,7,7,37.1068,87.8968,completed,81662.76,50376.98,1.7549,8.34,0.0000,0.1917,0.3945,0.1856,0.7672,0.7707,0.5996,,,
32.2444,10,6,24.2125,56.4566,converged,81662.38,50379.04,1.7550,8.34,0.0000,0.0796,0.2240,0.4195,0.4801,0.0859,,,,
40.1035,8,8,40.2875,80.3906,completed,81662.38,50379.04,1.7550,8.34,0.0000,0.1418,0.3138,0.3029,0.4336,0.8734,0.7312,0.6011,,
20.7821,10,7,35.1890,55.9710,converged,81661.99,50381.09,1.7548,8.34,0.0000,0.0659,0.2003,0.5162,0.7593,0.3232,0.0926,,,
26.7233,10,10,57.3448,84.0678,completed,81661.99,50381.09,1.7548,8.34,0.0000,0.0858,0.2299,0.3373,0.2532,0.2900,0.6688,0.9634,0.6437,0.5447
33.1017,10,10,54.6636,87.7647,completed,81661.69,50382.73,1.7548,8.34,0.0000,0.0546,0.1696,0.4016,0.6215,0.2929,0.2817,1.1881,0.9221,0.6867
46.4412,7,7,41.2651,87.7061,completed,81661.69,50382.73,1.7548,8.34,0.0000,0.1724,0.3267,0.1989,0.8719,0.9690,0.7267,,,
27.4971,10,6,19.6587,47.1557,converged,81661.30,50384.78,1.7553,8.34,0.0000,0.0572,0.1636,0.2306,0.2888,0.0745,,,,
43.6016,8,8,34.2275,77.8285,completed,81661.30,50384.78,1.7553,8.34,0.0000,0.1364,0.2808,0.1859,0.5133,1.0397,0.7735,0.6193,,
33.4813,10,6,22.5805,56.0615,converged,81660.97,50386.55,1.7549,8.34,0.0000,0.0560,0.1572,0.2421,0.2875,0.0682,,,,
32.7440,10,10,46.2017,78.9448,completed,81660.97,50386.55,1.7549,8.34,0.0000,0.1000,0.2106,0.2885,0.1648,0.4686,0.8203,0.7207,0.5085,0.4701
27.6804,10,6,31.9139,59.5939,converged,81660.62,50388.47,1.7551,8.34,0.0000,0.0520,0.1457,0.1845,0.1880,0.0755,,,,
52.3043,6,6,32.1879,84.4920,completed,81660.62,50388.47,1.7551,8.34,0.0000,0.2109,0.4784,0.5153,0.9448,0.7443,,,,
29.7333,10,5,19.9000,49.6330,converged,81660.29,50390.24,1.7547,8.34,0.0000,0.0492,0.1382,0.1355,0.0983,,,,,
46.7706,7,7,33.8163,80.5863,completed,81660.29,50390.24,1.7547,8.34,0.0000,0.1607,0.4019,0.2909,0.7785,0.7648,0.6387,,,
22.6180,10,5,26.2655,48.8826,converged,81660.01,50391.75,1.7549,8.34,0.0000,0.0491,0.1431,0.1090,0.0441,,,,,
27.9630,10,10,40.0628,68.0258,completed,81660.01,50391.75,1.7549,8.34,0.0000,0.0881,0.1585,0.3748,0.2710,0.5027,0.7243,0.5979,0.4874,0.4381
52.9284,6,6,25.6821,78.6102,completed,81659.71,50393.38,1.7547,8.34,0.0000,0.1416,0.1368,0.2052,1.2238,0.9546,,,,
34.2991,9,9,37.5376,71.8367,completed,81659.71,50393.38,1.7547,8.34,0.0000,0.0902,0.1732,0.4776,0.3465,0.6019,0.7063,0.5508,0.4767,
41.2003,8,4,13.8237,55.0237,converged,81659.33,50395.44,1.7543,8.34,0.0000,0.0673,0.1539,0.0573,,,,,,
34.6370,9,9,42.5682,77.2042,completed,81659.20,50396.09,1.7543,8.34,0.0000,0.0863,0.1877,0.2084,0.2989,0.5578,0.7756,0.5420,0.5106,
55.3637,6,6,32.8366,88.1996,completed,81659.20,50396.09,1.7543,8.34,0.0000,0.1416,0.1144,0.2209,1.0941,0.8447,,,,
35.6815,9,4,22.4327,58.1137,converged,81658.79,50398.31,1.7541,8.34,0.0000,0.0728,0.1586,0.0898,,,,,,
39.6000,9,4,18.2224,57.8224,converged,81658.79,50398.31,1.7541,8.34,0.0000,0.0506,0.1301,0.0374,,,,,,
44.1384,8,8,42.7393,86.8774,completed,81658.53,50399.70,1.7537,8.34,0.0000,0.0757,0.1595,0.1486,0.2735,0.8396,0.6719,0.5672,,
52.9442,6,3,14.0676,67.0116,converged,81658.53,50399.70,1.7537,8.34,0.0000,0.0924,0.0489,,,,,,,
45.2439,8,8,45.6810,90.9240,completed,81658.11,50402.00,1.7538,8.34,0.0000,0.0577,0.1046,0.1592,0.2975,0.8849,0.7456,0.5932,,
24.5149,10,3,17.5758,42.0899,converged,81658.11,50402.00,1.7538,8.34,0.0000,0.0289,0.0801,,,,,,,
57.1772,6,6,39.3253,96.5024,completed,81657.77,50403.79,1.7540,8.34,0.0000,0.1380,0.2314,0.4966,0.8916,0.7240,,,,
32.4092,10,3,19.1800,51.5890,converged,81657.77,50403.79,1.7540,8.34,0.0000,0.0415,0.0944,,,,,,,
25.2824,10,10,55.6347,80.9167,completed,81657.42,50405.68,1.7538,8.34,0.0000,0.0612,0.1243,0.1388,0.2141,0.2827,0.7173,0.6653,0.4551,0.4396
41.8268,8,3,13.4897,55.3157,converged,81657.42,50405.68,1.7538,8.34,0.0000,0.0485,0.0930,,,,,,,
20.3103,10,3,14.7561,35.0661,converged,81657.08,50407.56,1.7531,8.34,0.0000,0.0482,0.0968,,,,,,,
42.2210,8,3,11.4573,53.7264,converged,81657.08,50407.56,1.7531,8.34,0.0000,0.0473,0.0848,,,,,,,
55.6854,6,6,31.2656,86.9507,completed,81656.82,50408.97,1.7535,8.34,0.0000,0.1267,0.1594,0.3874,0.9832,0.7315,,,,
20.0095,10,3,10.7093,30.7183,converged,81656.82,50408.97,1.7535,8.34,0.0000,0.0356,0.0783,,,,,,,
55.1064,6,6,24.9705,80.0765,completed,81656.44,50411.01,1.7536,8.34,0.0000,0.1247,0.1109,0.3991,1.0138,0.7505,,,,
52.7024,6,3,10.5497,63.2517,converged,81656.44,50411.01,1.7536,8.34,0.0000,0.0754,0.0813,,,,,,,
30.3472,10,3,15.6040,45.9510,converged,81656.11,50412.79,1.7537,8.34,0.0000,0.0473,0.0895,,,,,,,
29.5213,10,3,13.2833,42.8043,converged,81656.11,50412.79,1.7537,8.34,0.0000,0.0275,0.0608,,,,,,,
33.0431,10,3,10.4118,43.4548,converged,81655.83,50414.28,1.7540,8.34,0.0000,0.0337,0.0640,,,,,,,
30.3941,10,3,11.0109,41.4049,converged,81655.67,50415.10,1.7537,8.34,0.0000,0.0220,0.0456,,,,,,,
57.7184,6,6,32.2314,89.9494,completed,81655.52,50415.92,1.7536,8.34,0.0000,0.0551,0.1674,0.3231,1.3515,0.8799,,,,
34.7026,9,3,11.6225,46.3245,converged,81655.52,50415.92,1.7536,8.34,0.0000,0.0257,0.0545,,,,,,,
33.9984,10,3,10.8213,44.8194,converged,81655.22,50417.56,1.7535,8.34,0.0000,0.0355,0.0628,,,,,,,
47.3064,7,7,29.5834,76.8895,completed,81655.22,50417.56,1.7535,8.34,0.0000,0.0821,0.1890,0.1921,0.4283,0.8764,0.6391,,,
55.4830,6,6,23.9196,79.4026,completed,81654.90,50419.34,1.7527,8.34,0.0000,0.0514,0.2450,0.4925,1.5097,0.8973,,,,
39.5157,9,9,36.4557,75.9708,completed,81654.90,50419.34,1.7527,8.34,0.0000,0.0592,0.1215,0.1361,0.2260,0.3566,1.0079,0.5599,0.4523,
25.2780,10,3,16.4481,41.7262,converged,81654.55,50421.25,1.7522,8.34,0.0000,0.0456,0.0769,,,,,,,
38.8130,9,3,10.9955,49.8075,converged,81654.55,50421.25,1.7522,8.34,0.0000,0.0517,0.0872,,,,,,,
21.1158,10,3,13.9124,35.0275,converged,81654.30,50422.63,1.7524,8.34,0.0000,0.0276,0.0497,,,,,,,
38.6885,9,9,37.5292,76.2172,completed,81654.30,50422.63,1.7524,8.34,0.0000,0.0618,0.1401,0.2907,0.1838,0.7031,0.9861,0.5651,0.4164,
26.0546,10,3,12.6706,38.7246,converged,81654.00,50424.28,1.7522,8.34,0.0000,0.0421,0.0727,,,,,,,
59.1708,5,5,27.4934,86.6634,completed,81654.00,50424.28,1.7522,8.34,0.0000,0.1272,0.2811,1.2305,0.9416,,,,,
42.3470,8,8,33.8904,76.2375,completed,81653.68,50426.03,1.7520,8.34,0.0000,0.0844,0.1214,0.3776,0.6326,1.3214,0.7990,0.5187,,
51.2585,7,7,32.3290,83.5871,completed,81653.68,50426.03,1.7520,8.34,0.0000,0.0750,0.2456,0.2864,1.2522,0.9731,0.6311,,,
37.7943,9,3,12.1179,49.9119,converged,81653.31,50428.04,1.7518,8.34,0.0000,0.0511,0.0754,,,,,,,
40.1903,8,8,37.4767,77.6667,completed,81653.31,50428.04,1.7518,8.34,0.0000,0.0811,0.1940,0.2550,0.5893,1.1654,0.7802,0.5034,,
22.2386,10,3,17.6199,39.8580,converged,81652.99,50429.85,1.7513,8.34,0.0000,0.0483,0.0865,,,,,,,
22.2286,10,10,61.2424,83.4704,completed,81652.99,50429.85,1.7513,8.34,0.0000,0.0620,0.1157,0.1077,0.2852,0.5365,0.9355,0.9196,0.4375,0.3607
43.7103,8,3,16.3153,60.0253,converged,81652.69,50431.48,1.7518,8.34,0.0000,0.0506,0.0649,,,,,,,
42.7076,8,8,47.3671,90.0742,completed,81652.69,50431.48,1.7518,8.34,0.0000,0.0900,0.1674,0.1016,0.7060,1.2433,0.8219,0.5138,,
55.6275,6,6,36.4822,92.1092,completed,81652.31,50433.54,1.7517,8.34,0.0000,0.0998,0.4262,1.1689,1.9250,0.9166,,,,
42.2551,8,4,17.3414,59.5964,converged,81652.31,50433.54,1.7517,8.34,0.0000,0.0851,0.1788,0.0610,,,,,,
30.7945,10,10,41.9898,72.7838,completed,81651.96,50435.41,1.7527,8.34,0.0000,0.0587,0.1104,0.2006,0.9707,0.8222,1.2477,1.0507,0.3952,0.3498
35.3672,9,4,13.5473,48.9144,converged,81651.96,50435.41,1.7527,8.34,0.0000,0.0797,0.1536,0.0708,,,,,,
52.9679,6,6,33.0618,86.0289,completed,81651.63,50437.22,1.7528,8.34,0.0000,0.1455,0.3554,1.5380,1.8563,0.8931,,,,
23.2342,10,10,48.2114,71.4454,completed,81651.63,50437.22,1.7528,8.34,0.0000,0.0669,0.1280,0.1057,0.4793,0.7748,1.0676,0.9714,0.4081,0.3414
33.3218,10,3,11.1512,44.4722,converged,81651.30,50439.02,1.7533,8.34,0.0000,0.0353,0.0725,,,,,,,
58.8502,5,5,19.3200,78.1701,completed,81651.30,50439.02,1.7533,8.34,0.0000,0.2180,1.2848,2.2235,1.2216,,,,,
48.2227,7,7,28.2174,76.4394,completed,81651.00,50440.63,1.7538,8.34,0.0000,0.0684,0.1404,0.4331,1.2338,1.4086,0.9168,,,
33.5934,10,10,41.8522,75.4453,completed,81651.00,50440.63,1.7538,8.34,0.0000,0.0643,0.1322,0.2204,1.1722,1.1946,1.5847,1.0944,0.3786,0.3332
20.6701,10,3,15.8982,36.5683,converged,81650.64,50442.53,1.7542,8.34,0.0000,0.0409,0.0861,,,,,,,
42.1435,8,8,38.1339,80.2770,completed,81650.64,50442.53,1.7542,8.34,0.0000,0.1151,0.2069,0.4486,1.2375,1.5391,0.8140,0.4928,,
20.9212,10,3,11.7879,32.7089,converged,81650.31,50444.32,1.7538,8.34,0.0000,0.0306,0.0773,,,,,,,
48.9673,7,7,37.3987,86.3658,completed,81650.31,50444.32,1.7538,8.34,0.0000,0.0969,0.1352,1.0409,1.4049,1.1807,0.6200,,,
59.0457,5,5,30.4211,89.4661,completed,81649.99,50446.06,1.7540,8.34,0.0000,0.0788,0.5694,1.7123,1.2189,,,,,
29.6371,10,3,15.8934,45.5304,converged,81649.99,50446.06,1.7540,8.34,0.0000,0.0385,0.0900,,,,,,,
55.7453,6,6,30.7672,86.5123,completed,81649.62,50448.01,1.7541,8.34,0.0000,0.0617,0.1282,0.7033,1.4841,1.0668,,,,
52.9243,6,6,25.8209,78.7449,completed,81649.62,50448.01,1.7541,8.34,0.0000,0.0858,0.4499,1.5398,1.8693,0.8624,,,,
49.7600,7,3,10.7944,60.5544,converged,81649.23,50450.16,1.7543,8.34,0.0000,0.0370,0.0714,,,,,,,
53.3677,6,6,27.2844,80.6514,completed,81649.23,50450.16,1.7543,8.34,0.0000,0.0990,0.2679,1.3578,1.6621,0.7993,,,,
50.9565,7,7,33.7236,84.6797,completed,81648.92,50451.79,1.7544,8.34,0.0000,0.0372,0.2008,0.9914,1.5490,1.2666,0.7091,,,
56.0739,6,6,33.3780,89.4511,completed,81648.92,50451.79,1.7544,8.34,0.0000,0.1094,0.1062,1.2220,1.5599,0.7648,,,,
56.9245,6,6,27.5216,84.4457,completed,81648.53,50453.88,1.7545,8.34,0.0000,0.0606,0.4117,1.2189,1.7061,0.9116,,,,
26.5287,10,3,11.9244,38.4524,converged,81648.53,50453.88,1.7545,8.34,0.0000,0.0309,0.0759,,,,,,,
23.2651,10,3,14.3118,37.5768,converged,81648.21,50455.64,1.7540,8.34,0.0000,0.0214,0.0435,,,,,,,
35.2543,9,3,12.5632,47.8172,converged,81648.21,50455.64,1.7540,8.34,0.0000,0.0367,0.0852,,,,,,,
58.7106,5,5,25.1426,83.8526,completed,81647.95,50457.03,1.7543,8.34,0.0000,0.1056,0.8875,1.9428,1.1503,,,,,
32.1916,10,3,14.3568,46.5479,converged,81647.95,50457.03,1.7543,8.34,0.0000,0.0463,0.0942,,,,,,,
28.2703,10,3,13.4896,41.7596,converged,81647.65,50458.67,1.7542,8.34,0.0000,0.0411,0.0592,,,,,,,
53.1347,6,3,15.5864,68.7205,converged,81647.65,50458.67,1.7542,8.34,0.0000,0.1081,0.0671,,,,,,,
49.7219,7,7,48.3497,98.0708,completed,81647.35,50460.31,1.7540,8.34,0.0000,0.0707,0.1750,0.9221,1.3578,1.2614,0.7129,,,
37.3181,9,3,14.1834,51.5014,converged,81647.35,50460.31,1.7540,8.34,0.0000,0.0486,0.0961,,,,,,,
33.9921,10,3,13.7966,47.7886,converged,81647.01,50462.16,1.7532,8.34,0.0000,0.0460,0.0668,,,,,,,
44.5477,8,3,13.9904,58.5375,converged,81647.01,50462.16,1.7532,8.34,0.0000,0.0413,0.0757,,,,,,,
22.1980,10,3,15.8905,38.0885,converged,81646.72,50463.71,1.7535,8.34,0.0000,0.0427,0.0574,,,,,,,
40.7559,8,3,15.2387,55.9937,converged,81646.72,50463.71,1.7535,8.34,0.0000,0.0450,0.0761,,,,,,,
35.2377,9,3,16.5542,51.7912,converged,81646.39,50465.48,1.7540,8.34,0.0000,0.0547,0.0782,,,,,,,
33.4494,10,3,18.6574,52.1064,converged,81646.39,50465.48,1.7540,8.34,0.0000,0.0353,0.0673,,,,,,,
25.8892,10,3,13.2380,39.1271,converged,81646.11,50466.98,1.7541,8.34,0.0000,0.0442,0.0655,,,,,,,
21.0431,10,3,14.1509,35.1940,converged,81646.11,50466.98,1.7541,8.34,0.0000,0.0371,0.0684,,,,,,,
57.0307,6,6,28.4695,85.4995,completed,81645.83,50468.52,1.7542,8.33,0.0000,0.0923,0.2048,0.8591,1.5030,0.8228,,,,
28.1603,10,3,17.3751,45.5352,converged,81645.83,50468.52,1.7542,8.33,0.0000,0.0398,0.0734,,,,,,,
45.7381,8,3,16.8415,62.5796,converged,81645.53,50470.16,1.7536,8.33,0.0000,0.0443,0.0596,,,,,,,
32.2006,10,3,16.5342,48.7342,converged,81645.53,50470.16,1.7536,8.33,0.0000,0.0368,0.0497,,,,,,,
25.6035,10,3,16.8441,42.4471,converged,81645.23,50471.80,1.7536,8.33,0.0000,0.0233,0.0405,,,,,,,
40.4230,8,3,19.2487,59.6707,converged,81645.23,50471.80,1.7536,8.33,0.0000,0.0477,0.0407,,,,,,,
48.0619,7,3,10.9122,58.9732,converged,81644.93,50473.42,1.7533,8.34,0.0000,0.0543,0.0505,,,,,,,
53.0011,6,6,23.1325,76.1335,completed,81644.93,50473.42,1.7533,8.34,0.0000,0.0479,0.4340,1.3994,1.1564,0.4944,,,,
36.6296,9,3,12.5179,49.1469,converged,81644.63,50475.06,1.7530,8.36,0.0000,0.0301,0.0241,,,,,,,
26.8194,10,3,13.3309,40.1500,converged,81644.63,50475.06,1.7530,8.36,0.0000,0.0278,0.0564,,,,,,,
28.7184,10,3,14.5261,43.2441,converged,81644.35,50476.56,1.7532,8.36,0.0000,0.0221,0.0302,,,,,,,
57.2310,6,3,11.0494,68.2804,converged,81644.35,50476.56,1.7532,8.36,0.0000,0.0191,0.0689,,,,,,,
34.7472,9,3,13.2763,48.0233,converged,81644.02,50478.36,1.7532,8.35,0.0000,0.0414,0.0829,,,,,,,
37.1349,9,3,17.6987,54.8328,converged,81644.02,50478.36,1.7532,8.35,0.0000,0.0154,0.0286,,,,,,,
42.2510,8,3,13.0083,55.2583,converged,81643.72,50480.00,1.7533,8.33,0.0000,0.0473,0.0925,,,,,,,
59.6476,5,3,10.7477,70.3947,converged,81643.72,50480.00,1.7533,8.33,0.0000,0.0392,0.0875,,,,,,,
43.8662,8,3,9.8903,53.7564,converged,81643.43,50481.62,1.7538,8.30,0.0000,0.0393,0.0817,,,,,,,
22.9001,10,3,12.4038,35.3038,converged,81643.43,50481.62,1.7538,8.30,0.0000,0.0119,0.0318,,,,,,,
30.3202,10,3,10.9258,41.2458,converged,81643.16,50483.11,1.7537,8.29,0.0000,0.0061,0.0145,,,,,,,
36.4664,9,3,10.3287,46.7947,converged,81643.01,50483.92,1.7538,8.29,0.0000,0.0207,0.0079,,,,,,,
25.0420,10,3,11.6017,36.6438,converged,81642.86,50484.73,1.7541,8.29,0.0000,0.0059,0.0126,,,,,,,
35.5431,9,3,12.0409,47.5839,converged,81642.71,50485.55,1.7542,8.30,0.0000,0.0072,0.0194,,,,,,,
40.2097,8,3,9.6925,49.9015,converged,81642.56,50486.37,1.7541,8.30,0.0000,0.0162,0.0349,,,,,,,
36.1894,9,3,9.5298,45.7188,converged,81642.40,50487.19,1.7536,8.30,0.0000,0.0044,0.0111,,,,,,,
50.4304,7,3,13.0627,63.4927,converged,81642.25,50488.01,1.7533,8.30,0.0000,0.0125,0.0256,,,,,,,
32.7081,10,3,11.6284,44.3364,converged,81642.25,50488.01,1.7533,8.30,0.0000,0.0281,0.0304,,,,,,,
26.8084,10,3,13.7490,40.5571,converged,81641.95,50489.64,1.7525,8.30,0.0000,0.0050,0.0140,,,,,,,
52.3595,6,3,17.0644,69.4234,converged,81641.80,50490.46,1.7522,8.30,0.0000,0.0208,0.0133,,,,,,,
23.3064,10,3,14.7013,38.0073,converged,81641.80,50490.46,1.7522,8.30,0.0000,0.0125,0.0184,,,,,,,
55.4974,6,3,15.8921,71.3892,converged,81641.50,50492.09,1.7528,8.30,0.0000,0.0126,0.0372,,,,,,,
26.5955,10,3,15.4302,42.0253,converged,81641.50,50492.09,1.7528,8.30,0.0000,0.0093,0.0113,,,,,,,
29.1977,10,3,14.0514,43.2484,converged,81641.20,50493.72,1.7529,8.28,0.0000,0.0049,0.0077,,,,,,,
37.7865,9,3,10.1705,47.9566,converged,81641.05,50494.54,1.7532,8.27,0.0000,0.0017,0.0029,,,,,,,
43.5843,8,3,14.2973,57.8813,converged,81640.90,50495.35,1.7538,8.25,0.0000,0.0072,0.0113,,,,,,,
56.5918,6,3,12.6317,69.2227,converged,81640.90,50495.35,1.7538,8.25,0.0000,0.0098,0.0196,,,,,,,
24.2341,10,3,10.8323,35.0663,converged,81640.60,50496.97,1.7537,8.23,0.0000,0.0062,0.0069,,,,,,,
27.7842,10,3,11.2050,38.9891,converged,81640.45,50497.78,1.7530,8.21,0.0000,0.0028,0.0196,,,,,,,
35.2445,9,3,14.4797,49.7238,converged,81640.30,50498.59,1.7529,8.18,0.0000,0.0047,0.0140,,,,,,,
30.8073,10,3,15.4193,46.2264,converged,81640.30,50498.59,1.7529,8.18,0.0000,0.0052,0.0053,,,,,,,
22.1832,10,3,11.4989,33.6820,converged,81640.00,50500.19,1.7541,8.11,0.0000,0.0056,0.0018,,,,,,,
51.1585,7,3,12.3127,63.4707,converged,81639.85,50500.98,1.7533,8.07,0.0000,0.0035,0.0364,,,,,,,
30.0000,10,3,11.4333,41.4334,converged,81639.85,50500.98,1.7533,8.07,0.0000,0.0080,0.0104,,,,,,,
41.8243,8,3,11.4853,53.3093,converged,81639.56,50502.57,1.7528,8.00,0.0000,0.0049,0.0515,,,,,,,
40.7946,8,3,13.7151,54.5091,converged,81639.42,50503.36,1.7530,7.99,0.0000,0.0015,0.0122,,,,,,,
47.6060,7,3,16.1639,63.7700,converged,81639.28,50504.14,1.7527,8.00,0.0000,0.0024,0.0160,,,,,,,
26.4671,10,3,13.7396,40.2066,converged,81639.28,50504.14,1.7527,8.00,0.0000,0.0082,0.0012,,,,,,,
59.9934,5,5,31.8479,91.8410,completed,81638.99,50505.71,1.7524,7.93,0.0000,0.0164,0.1037,0.2598,0.1105,,,,,
39.4581,9,3,13.5511,53.0091,converged,81638.99,50505.71,1.7524,7.93,0.0000,0.0038,0.0346,,,,,,,
20.8906,10,3,9.5505,30.4405,converged,81638.68,50507.40,1.7510,7.83,0.0000,0.0017,0.0076,,,,,,,
41.7032,8,3,13.4255,55.1285,converged,81638.68,50507.40,1.7510,7.83,0.0000,0.0048,0.0355,,,,,,,
54.5510,6,6,28.8621,83.4121,completed,81638.40,50508.94,1.7515,7.73,0.0000,0.0202,0.1761,0.1498,0.1763,0.2081,,,,
31.6855,10,3,14.3915,46.0766,converged,81638.40,50508.94,1.7515,7.73,0.0000,0.0049,0.0101,,,,,,,
50.5389,7,3,22.4590,72.9970,converged,81638.15,50510.30,1.7514,7.62,0.0000,0.0097,0.0195,,,,,,,
56.9849,6,5,18.4009,75.3849,converged,81638.15,50510.30,1.7514,7.62,0.0000,0.0043,0.1506,0.2871,0.0803,,,,,
47.3039,7,3,11.2418,58.5448,converged,81637.86,50511.92,1.7513,7.51,0.0000,0.0006,0.0532,,,,,,,
54.2859,6,3,10.0134,64.2985,converged,81637.86,50511.92,1.7513,7.51,0.0000,0.0038,0.0595,,,,,,,
45.4165,8,3,13.3394,58.7555,converged,81637.55,50513.61,1.7513,7.38,0.0000,0.0072,0.0244,,,,,,,
31.6219,10,3,12.0921,43.7131,converged,81637.55,50513.61,1.7513,7.38,0.0000,0.0067,0.0272,,,,,,,
54.6712,6,3,11.3186,65.9896,converged,81637.35,50514.69,1.7518,7.31,0.0000,0.0225,0.0340,,,,,,,
57.5498,6,6,27.5908,85.1398,completed,81637.35,50514.69,1.7518,7.31,0.0000,0.0171,0.1220,0.2866,0.1260,0.1537,,,,
21.9900,10,3,12.7887,34.7788,converged,81637.02,50516.47,1.7516,7.19,0.0000,0.0062,0.0089,,,,,,,
29.7416,10,3,21.7265,51.4675,converged,81637.02,50516.47,1.7516,7.19,0.0000,0.0082,0.0220,,,,,,,
46.5053,7,3,14.2510,60.7560,converged,81636.81,50517.66,1.7507,7.11,0.0000,0.0123,0.0277,,,,,,,
39.3808,9,3,12.8310,52.2110,converged,81636.81,50517.66,1.7507,7.11,0.0000,0.0149,0.0087,,,,,,,
45.7894,8,3,13.9613,59.7503,converged,81636.56,50519.04,1.7506,6.96,0.0000,0.0248,0.0429,,,,,,,
55.5521,6,3,12.5335,68.0855,converged,81636.56,50519.04,1.7506,6.96,0.0000,0.0221,0.0360,,,,,,,
27.8604,10,3,12.1984,40.0585,converged,81636.32,50520.39,1.7505,6.83,0.0000,0.0123,0.0187,,,,,,,
48.2278,7,3,10.8698,59.0968,converged,81636.32,50520.39,1.7505,6.83,0.0000,0.0116,0.0236,,,,,,,
34.7291,9,3,11.4860,46.2151,converged,81636.10,50521.60,1.7511,6.72,0.0000,0.0134,0.0556,,,,,,,
57.1691,6,3,16.4226,73.5916,converged,81636.10,50521.60,1.7511,6.72,0.0000,0.0139,0.0412,,,,,,,
48.5024,7,3,11.2245,59.7266,converged,81635.83,50523.04,1.7510,6.60,0.0000,0.0095,0.0645,,,,,,,
40.5910,8,3,14.0209,54.6109,converged,81635.83,50523.04,1.7510,6.60,0.0000,0.0058,0.0074,,,,,,,
29.4250,10,10,42.1733,71.5974,completed,81635.60,50524.33,1.7512,6.50,0.0000,0.0391,0.1178,0.1899,0.2713,0.4101,0.1230,0.1240,0.1880,0.1869
48.9470,7,3,15.9912,64.9373,converged,81635.60,50524.33,1.7512,6.50,0.0000,0.0035,0.0255,,,,,,,
23.2186,10,3,12.4977,35.7157,converged,81635.36,50525.61,1.7516,6.39,0.0000,0.0126,0.0506,,,,,,,
26.6317,10,3,10.0696,36.7007,converged,81635.36,50525.61,1.7516,6.39,0.0000,0.0020,0.0068,,,,,,,
35.4992,9,3,14.1388,49.6378,converged,81635.18,50526.62,1.7516,6.32,0.0000,0.0020,0.0190,,,,,,,
52.6453,6,4,20.9499,73.5950,converged,81635.05,50527.37,1.7516,6.27,0.0000,0.0187,0.1344,0.0433,,,,,,
50.2660,7,3,13.5397,63.8057,converged,81635.05,50527.37,1.7516,6.27,0.0000,0.0098,0.0891,,,,,,,
44.9634,8,3,12.9339,57.8970,converged,81634.80,50528.72,1.7513,6.15,0.0000,0.0142,0.0612,,,,,,,
51.3255,7,3,15.3991,66.7242,converged,81634.80,50528.72,1.7513,6.15,0.0000,0.0311,0.0116,,,,,,,
49.0235,7,3,13.8609,62.8839,converged,81634.58,50529.93,1.7509,6.06,0.0000,0.0317,0.0964,,,,,,,
23.1842,10,3,13.2624,36.4464,converged,81634.58,50529.93,1.7509,6.06,0.0000,0.0136,0.0483,,,,,,,
29.4473,10,3,23.3273,52.7743,converged,81634.33,50531.28,1.7511,5.91,0.0000,0.0114,0.0342,,,,,,,
32.9658,10,3,12.5120,45.4770,converged,81634.33,50531.28,1.7511,5.91,0.0000,0.0029,0.0027,,,,,,,
42.5943,8,3,15.0569,57.6509,converged,81634.17,50532.15,1.7522,5.82,0.0000,0.0217,0.0559,,,,,,,
33.9904,10,3,11.0689,45.0589,converged,81634.17,50532.15,1.7522,5.82,0.0000,0.0159,0.0429,,,,,,,
21.0815,10,3,11.3618,32.4428,converged,81633.96,50533.29,1.7526,5.72,0.0000,0.0135,0.0391,,,,,,,
52.8698,6,3,10.5391,63.4081,converged,81633.86,50533.85,1.7522,5.67,0.0000,0.0033,0.0949,,,,,,,
30.8900,10,3,11.7054,42.5945,converged,81633.86,50533.85,1.7522,5.67,0.0000,0.0081,0.0235,,,,,,,
43.5796,8,3,16.1604,59.7394,converged,81633.66,50534.95,1.7519,5.55,0.0000,0.0046,0.0063,,,,,,,
58.9142,5,5,25.3776,84.2917,completed,81633.56,50535.49,1.7516,5.50,0.0000,0.0467,0.1111,0.2722,0.2818,,,,,
50.1911,7,3,12.3662,62.5573,converged,81633.56,50535.49,1.7516,5.50,0.0000,0.0174,0.0667,,,,,,,
39.1559,9,3,14.9166,54.0716,converged,81633.35,50536.67,1.7513,5.38,0.0000,0.0143,0.0496,,,,,,,
33.3357,10,3,12.0246,45.3596,converged,81633.35,50536.67,1.7513,5.38,0.0000,0.0157,0.0477,,,,,,,
51.1445,7,3,15.6148,66.7588,converged,81633.17,50537.62,1.7515,5.30,0.0000,0.0215,0.0812,,,,,,,
53.1014,6,3,11.7972,64.8983,converged,81633.17,50537.62,1.7515,5.30,0.0000,0.0242,0.0906,,,,,,,
51.1740,7,7,28.9917,80.1648,completed,81632.96,50538.75,1.7525,5.18,0.0000,0.0228,0.1016,0.1192,0.1020,0.2608,0.1463,,,
28.3771,10,3,11.9187,40.2957,converged,81632.96,50538.75,1.7525,5.18,0.0000,0.0115,0.0324,,,,,,,
42.5007,8,3,14.9198,57.4199,converged,81632.77,50539.76,1.7527,5.09,0.0000,0.0191,0.0628,,,,,,,
57.8159,6,3,15.8738,73.6889,converged,81632.77,50539.76,1.7527,5.09,0.0000,0.0168,0.0695,,,,,,,
37.5242,9,3,12.9356,50.4597,converged,81632.57,50540.82,1.7533,4.98,0.0000,0.0149,0.0450,,,,,,,
32.3557,10,3,13.4802,45.8352,converged,81632.57,50540.82,1.7533,4.98,0.0000,0.0083,0.0239,,,,,,,
28.6131,10,3,15.8860,44.4991,converged,81632.41,50541.72,1.7535,4.89,0.0000,0.0031,0.0115,,,,,,,
27.5225,10,3,11.5299,39.0519,converged,81632.34,50542.11,1.7535,4.84,0.0000,0.0105,0.0313,,,,,,,
38.1524,9,3,13.9398,52.0919,converged,81632.25,50542.58,1.7533,4.79,0.0000,0.0059,0.0193,,,,,,,
48.4268,7,3,15.7987,64.2248,converged,81632.16,50543.05,1.7528,4.75,0.0000,0.0266,0.0892,,,,,,,
29.8762,10,3,16.6540,46.5300,converged,81632.16,50543.05,1.7528,4.75,0.0000,0.0149,0.0434,,,,,,,
37.6759,9,3,13.7595,51.4346,converged,81632.01,50543.89,1.7524,4.67,0.0000,0.0067,0.0268,,,,,,,
48.0866,7,3,10.1442,58.2303,converged,81631.91,50544.44,1.7523,4.62,0.0000,0.0290,0.0824,,,,,,,
35.4478,9,3,10.4394,45.8864,converged,81631.91,50544.44,1.7523,4.62,0.0000,0.0115,0.0300,,,,,,,
29.5035,10,3,12.9652,42.4683,converged,81631.74,50545.34,1.7525,4.51,0.0000,0.0047,0.0131,,,,,,,
24.8641,10,3,9.8213,34.6853,converged,81631.66,50545.78,1.7527,4.46,0.0000,0.0079,0.0232,,,,,,,
42.3677,8,3,10.7201,53.0871,converged,81631.58,50546.22,1.7526,4.40,0.0000,0.0088,0.0360,,,,,,,
38.4644,9,3,11.7698,50.2338,converged,81631.58,50546.22,1.7526,4.40,0.0000,0.0077,0.0281,,,,,,,
51.5964,7,3,11.3259,62.9219,converged,81631.42,50547.07,1.7524,4.28,0.0000,0.0519,0.0864,,,,,,,
24.5863,10,3,12.0542,36.6402,converged,81631.42,50547.07,1.7524,4.28,0.0000,0.0358,0.0725,,,,,,,
29.2982,10,3,10.9993,40.2973,converged,81631.27,50547.90,1.7521,4.17,0.0000,0.0034,0.0095,,,,,,,
35.5126,9,4,14.6025,50.1146,converged,81631.19,50548.31,1.7523,4.12,0.0000,0.0472,0.1018,0.0661,,,,,,
27.4350,10,3,14.1245,41.5596,converged,81631.11,50548.71,1.7529,4.07,0.0000,0.0258,0.0591,,,,,,,
44.3851,8,3,12.3344,56.7194,converged,81631.04,50549.11,1.7531,4.03,0.0000,0.0380,0.0740,,,,,,,
20.2657,10,3,10.9174,31.1825,converged,81630.96,50549.51,1.7531,3.98,0.0000,0.0071,0.0217,,,,,,,
39.3539,9,4,13.8657,53.2188,converged,81630.89,50549.90,1.7535,3.93,0.0000,0.0622,0.1391,0.0901,,,,,,
27.1611,10,3,11.3293,38.4904,converged,81630.89,50549.90,1.7535,3.93,0.0000,0.0044,0.0159,,,,,,,
25.8667,10,4,19.6655,45.5316,converged,81630.74,50550.67,1.7544,3.84,0.0000,0.0544,0.1317,0.0701,,,,,,
53.0785,6,3,15.8438,68.9218,converged,81630.67,50551.04,1.7544,3.79,0.0000,0.0451,0.0658,,,,,,,
23.0716,10,3,10.7498,33.8209,converged,81630.67,50551.04,1.7544,3.79,0.0000,0.0121,0.0476,,,,,,,
25.2753,10,3,11.4021,36.6771,converged,81630.54,50551.78,1.7541,3.69,0.0000,0.0182,0.0445,,,,,,,
35.3719,9,4,17.9188,53.2898,converged,81630.47,50552.13,1.7537,3.64,0.0000,0.0559,0.1554,0.0191,,,,,,
48.8709,7,7,33.0833,81.9534,converged,81630.41,50552.49,1.7532,3.58,0.0000,0.0761,0.1945,0.7905,0.3597,0.1643,0.0493,,,
20.1181,10,10,52.0416,72.1597,converged,81630.41,50552.49,1.7532,3.58,0.0000,0.0664,0.1985,0.2958,0.7638,0.9546,0.1387,0.1727,0.1054,0.0747
20.9404,10,3,16.0239,36.9640,converged,81630.25,50553.31,1.7524,3.44,0.0000,0.0025,0.0057,,,,,,,
37.2894,9,3,14.4607,51.7498,converged,81630.25,50553.31,1.7524,3.44,0.0000,0.0034,0.0076,,,,,,,
26.5102,10,3,11.5693,38.0794,converged,81630.14,50553.91,1.7522,3.33,0.0000,0.0066,0.0213,,,,,,,
40.5871,8,4,14.7980,55.3850,converged,81630.14,50553.91,1.7522,3.33,0.0000,0.0512,0.2143,0.0663,,,,,,
48.3227,7,3,12.6638,60.9858,converged,81630.03,50554.50,1.7516,3.22,0.0000,0.0064,0.0105,,,,,,,
59.0735,5,3,17.5586,76.6316,converged,81630.03,50554.50,1.7516,3.22,0.0000,0.0086,0.0336,,,,,,,
21.2633,10,3,12.5219,33.7849,converged,81629.91,50555.18,1.7506,3.11,0.0000,0.0015,0.0273,,,,,,,
49.8143,7,7,24.8585,74.6726,converged,81629.86,50555.42,1.7507,3.07,0.0000,0.0668,0.3786,0.6242,0.4480,0.1397,0.0764,,,
42.0048,8,4,16.6840,58.6881,converged,81629.86,50555.42,1.7507,3.07,0.0000,0.0193,0.1003,0.0264,,,,,,
41.6824,8,3,15.2987,56.9808,converged,81629.74,50556.08,1.7504,2.97,0.0000,0.0032,0.0138,,,,,,,
31.3721,10,3,16.7841,48.1562,converged,81629.74,50556.08,1.7504,2.97,0.0000,0.0028,0.0234,,,,,,,
41.2613,8,3,18.8921,60.1531,converged,81629.64,50556.65,1.7502,2.87,0.0000,0.0159,0.0938,,,,,,,
41.4954,8,8,38.3441,79.8392,completed,81629.64,50556.65,1.7502,2.87,0.0000,0.0563,0.4168,0.4975,1.4593,0.1551,0.1564,0.1512,,
49.9306,7,4,13.9686,63.8986,converged,81629.53,50557.25,1.7515,2.76,0.0000,0.0029,0.1494,0.0532,,,,,,
28.6534,10,3,11.7895,40.4426,converged,81629.53,50557.25,1.7515,2.76,0.0000,0.0044,0.0255,,,,,,,
28.1576,10,3,19.5109,47.6679,converged,81629.44,50557.74,1.7524,2.68,0.0000,0.0048,0.0184,,,,,,,
33.9489,10,7,37.5576,71.5056,converged,81629.44,50557.74,1.7524,2.68,0.0000,0.0178,0.1402,0.4385,0.2249,1.0016,0.0971,,,
35.2849,9,3,14.8694,50.1535,converged,81629.33,50558.30,1.7525,2.60,0.0000,0.0061,0.0320,,,,,,,
49.8232,7,3,12.0412,61.8643,converged,81629.33,50558.30,1.7525,2.60,0.0000,0.0084,0.0510,,,,,,,
42.9368,8,4,16.2959,59.2319,converged,81629.25,50558.76,1.7518,2.51,0.0000,0.0240,0.1814,0.0819,,,,,,
45.8956,8,4,16.4623,62.3573,converged,81629.25,50558.76,1.7518,2.51,0.0000,0.0184,0.1035,0.0572,,,,,,
57.4457,6,6,28.9522,86.3972,converged,81629.15,50559.26,1.7510,2.42,0.0000,0.0487,0.2339,0.7326,0.1052,0.0332,,,,
50.3204,7,5,17.2739,67.5940,converged,81629.15,50559.26,1.7510,2.42,0.0000,0.0173,0.1746,0.2656,0.0878,,,,,
32.8961,10,3,10.3957,43.2917,converged,81629.06,50559.78,1.7509,2.32,0.0000,0.0068,0.0561,,,,,,,
43.6912,8,3,10.5710,54.2620,converged,81629.06,50559.78,1.7509,2.32,0.0000,0.0150,0.0687,,,,,,,
59.1253,5,5,23.4030,82.5281,converged,81628.97,50560.22,1.7506,2.25,0.0000,0.0328,0.1080,0.1053,0.0792,,,,,
25.0135,10,3,11.0852,36.0983,converged,81628.97,50560.22,1.7506,2.25,0.0000,0.0017,0.0199,,,,,,,
20.6241,10,3,20.1633,40.7873,converged,81628.91,50560.59,1.7503,2.18,0.0000,0.0045,0.0210,,,,,,,
55.9793,6,3,13.7303,69.7093,converged,81628.91,50560.59,1.7503,2.18,0.0000,0.0161,0.0522,,,,,,,
54.1894,6,3,17.4489,71.6379,converged,81628.82,50561.05,1.7511,2.09,0.0000,0.0097,0.0899,,,,,,,
49.9608,7,3,14.5586,64.5186,converged,81628.82,50561.05,1.7511,2.09,0.0000,0.0020,0.0738,,,,,,,
57.1546,6,3,11.7606,68.9146,converged,81628.74,50561.48,1.7510,2.00,0.0000,0.0089,0.0914,,,,,,,
25.6474,10,3,15.5240,41.1710,converged,81628.74,50561.48,1.7510,2.00,0.0000,0.0025,0.0024,,,,,,,
20.0047,10,3,14.7243,34.7284,converged,81628.67,50561.84,1.7517,1.92,0.0000,0.0032,0.0021,,,,,,,
56.1255,6,3,16.3889,72.5139,converged,81628.67,50561.84,1.7517,1.92,0.0000,0.0040,0.0626,,,,,,,
34.3756,9,3,13.6148,47.9898,converged,81628.60,50562.22,1.7512,1.83,0.0000,0.0010,0.0293,,,,,,,
54.0930,6,3,11.9703,66.0634,converged,81628.60,50562.22,1.7512,1.83,0.0000,0.0033,0.0633,,,,,,,
40.8748,8,3,10.3621,51.2361,converged,81628.53,50562.57,1.7525,1.75,0.0000,0.0018,0.0427,,,,,,,
49.8670,7,3,12.0061,61.8731,converged,81628.53,50562.57,1.7525,1.75,0.0000,0.0063,0.0615,,,,,,,
32.3198,10,3,15.4275,47.7465,converged,81628.48,50562.85,1.7534,1.68,0.0000,0.0009,0.0203,,,,,,,
28.0078,10,3,20.7100,48.7170,converged,81628.45,50563.01,1.7532,1.64,0.0000,0.0022,0.0237,,,,,,,
49.8643,7,3,19.0012,68.8653,converged,81628.45,50563.01,1.7532,1.64,0.0000,0.0026,0.0315,,,,,,,
30.5702,10,3,13.8420,44.4121,converged,81628.39,50563.34,1.7533,1.56,0.0000,0.0035,0.0255,,,,,,,
36.8021,9,3,18.0052,54.8073,converged,81628.39,50563.34,1.7533,1.56,0.0000,0.0037,0.0307,,,,,,,
37.2685,9,3,16.6085,53.8765,converged,81628.34,50563.61,1.7522,1.49,0.0000,0.0016,0.0110,,,,,,,
20.8208,10,3,10.6120,31.4320,converged,81628.34,50563.61,1.7522,1.49,0.0000,0.0016,0.0086,,,,,,,
47.1486,7,3,10.3285,57.4766,converged,81628.29,50563.86,1.7507,1.43,0.0000,0.0021,0.0184,,,,,,,
54.5178,6,3,10.1023,64.6193,converged,81628.29,50563.86,1.7507,1.43,0.0000,0.0236,0.0487,,,,,,,
54.7894,6,3,9.4936,64.2826,converged,81628.25,50564.13,1.7494,1.35,0.0000,0.0027,0.0291,,,,,,,
22.4378,10,3,11.9258,34.3629,converged,81628.25,50564.13,1.7494,1.35,0.0000,0.0011,0.0033,,,,,,,
37.6853,9,3,10.5275,48.2126,converged,81628.20,50564.39,1.7492,1.29,0.0000,0.0015,0.0046,,,,,,,
30.3887,10,3,12.2379,42.6259,converged,81628.18,50564.51,1.7493,1.25,0.0000,0.0009,0.0031,,,,,,,
29.4043,10,3,13.7070,43.1110,converged,81628.16,50564.61,1.7492,1.21,0.0000,0.0014,0.0031,,,,,,,
55.1669,6,3,11.4515,66.6175,converged,81628.14,50564.74,1.7491,1.17,0.0000,0.0030,0.0252,,,,,,,
31.8061,10,3,11.6289,43.4350,converged,81628.14,50564.74,1.7491,1.17,0.0000,0.0018,0.0029,,,,,,,
41.0356,8,3,10.3108,51.3458,converged,81628.10,50564.96,1.7509,1.08,0.0000,0.0027,0.0056,,,,,,,
20.8899,10,3,10.6532,31.5422,converged,81628.10,50564.96,1.7509,1.08,0.0000,0.0274,0.0734,,,,,,,
39.9457,9,3,10.3636,50.3086,converged,81628.07,50565.14,1.7532,1.02,0.0000,0.0027,0.0032,,,,,,,
36.4371,9,3,19.6424,56.0794,converged,81628.05,50565.25,1.7546,0.98,0.0000,0.0029,0.0023,,,,,,,
47.4921,7,3,10.2680,57.7601,converged,81628.03,50565.33,1.7560,0.94,0.0000,0.0039,0.0054,,,,,,,
48.9506,7,3,13.6141,62.5641,converged,81628.03,50565.33,1.7560,0.94,0.0000,0.0036,0.0085,,,,,,,
41.4250,8,4,18.2485,59.6736,converged,81627.99,50565.53,1.7626,0.85,0.0000,0.0852,0.3096,0.0504,,,,,,
57.1087,6,3,16.3417,73.4497,converged,81627.99,50565.53,1.7626,0.85,0.0000,0.0041,0.0097,,,,,,,
34.6785,9,3,21.0126,55.6906,converged,81627.96,50565.68,1.7718,0.77,0.0000,0.0031,0.0020,,,,,,,
50.0200,7,7,38.3635,88.3825,completed,81627.96,50565.68,1.7718,0.77,0.0000,0.2085,0.6057,0.5954,0.3821,0.3075,0.1292,,,
36.1772,9,9,43.3387,79.5157,converged,81627.93,50565.83,1.7861,0.69,0.0000,0.1765,0.5915,0.6775,1.5108,0.8663,0.5301,0.2380,0.0693,
51.9748,7,7,39.1418,91.1158,completed,81627.93,50565.83,1.7861,0.69,0.0000,0.2091,1.0173,0.8219,1.2639,0.9794,0.3259,,,
41.0542,8,8,37.3469,78.4009,completed,81627.90,50565.99,1.8021,0.55,0.0000,0.1573,0.6586,0.6757,2.9819,1.8083,1.0394,0.1689,,
43.2595,8,8,48.7325,91.9915,completed,81627.90,50565.99,1.8021,0.55,0.0000,0.1581,0.6525,0.6638,3.0399,1.8421,1.0855,0.1779,,
59.6406,5,5,25.1804,84.8204,completed,81627.87,50566.10,1.8129,0.42,0.0000,0.3023,1.0846,1.1734,0.2467,,,,,
34.2968,9,9,33.5219,67.8180,converged,81627.87,50566.10,1.8129,0.42,0.0000,0.0851,0.3203,0.5808,1.6350,1.0381,1.4135,0.2120,0.0659,
51.3589,7,7,31.0997,82.4577,completed,81627.85,50566.19,1.8201,0.35,0.0000,0.1125,0.5198,1.1932,1.2093,0.3460,0.1400,,,
22.1179,10,10,52.1038,74.2208,completed,81627.85,50566.19,1.8201,0.35,0.0000,0.0570,0.1969,0.5891,0.4342,1.0048,1.8397,0.2954,0.1503,0.1095
45.3041,8,8,30.8866,76.1906,completed,81627.83,50566.26,1.8224,0.28,0.0000,0.0797,0.3159,0.4552,0.5487,0.6985,0.1360,0.1293,,
57.4673,6,6,24.2702,81.7373,completed,81627.83,50566.26,1.8224,0.28,0.0000,0.1437,0.7446,0.6583,0.3798,0.1298,,,,
48.3605,7,7,27.5080,75.8680,completed,81627.81,50566.32,1.8225,0.19,0.0000,0.1087,0.4904,1.0380,1.1922,0.3071,0.1068,,,
44.2537,8,8,34.0931,78.3461,completed,81627.81,50566.32,1.8225,0.19,0.0000,0.1118,0.4207,0.7241,1.7720,1.1447,0.1705,0.1479,,
20.3684,10,3,17.9724,38.3405,converged,81627.80,50566.35,1.8222,0.12,0.0000,0.0005,0.0027,,,,,,,
28.8406,10,3,18.7753,47.6153,converged,81627.80,50566.35,1.8222,0.12,0.0000,0.0005,0.0031,,,,,,,
43.1436,8,3,10.9064,54.0494,converged,81627.80,50566.36,1.8219,0.00,0.0000,0.0006,0.0089,,,,,,,
38.5551,9,8,31.8930,70.4480,converged,81627.80,50566.36,1.8219,0.00,0.0000,0.1158,0.4067,0.9674,2.4176,0.2891,0.7286,0.0701,,
20.4892,10,10,48.5797,69.0688,completed,81627.80,50566.36,1.8218,0.00,0.0000,0.0959,0.3006,0.8966,1.0632,1.7475,1.8887,0.3037,0.1393,0.1715
53.3640,6,3,10.8963,64.2604,converged,81627.80,50566.36,1.8218,0.00,0.0000,0.0018,0.0132,,,,,,,
49.6107,7,3,18.7296,68.3397,converged,81627.80,50566.36,1.8218,0.00,0.0000,0.0011,0.0094,,,,,,,
40.1980,8,3,10.0174,50.2145,converged,81627.80,50566.36,1.8218,0.00,0.0000,0.0010,0.0061,,,,,,,
33.7073,10,3,12.2273,45.9343,converged,81627.80,50566.36,1.8217,0.00,0.0000,0.0009,0.0033,,,,,,,
47.5793,7,3,16.8005,64.3795,converged,81627.80,50566.36,1.8217,0.00,0.0000,0.0014,0.0085,,,,,,,
53.1431,6,3,14.3310,67.4740,converged,81627.80,50566.36,1.8217,0.00,0.0000,0.0020,0.0118,,,,,,,
58.1711,5,5,18.9041,77.0751,converged,81627.80,50566.36,1.8217,0.00,0.0000,1.4593,4.6161,0.9059,0.0352,,,,,
43.3504,8,6,20.7371,64.0871,converged,81627.80,50566.36,1.8216,0.00,0.0000,0.5940,1.9290,3.3259,1.9103,0.0581,,,,
42.9101,8,6,21.8137,64.7238,converged,81627.80,50566.36,1.8216,0.00,0.0000,0.5710,1.9310,3.7083,2.6362,0.0682,,,,
38.1143,9,3,14.3037,52.4177,converged,81627.79,50566.36,1.8215,0.00,0.0000,0.0014,0.0041,,,,,,,
24.5091,10,3,11.6859,36.1950,converged,81627.79,50566.36,1.8215,0.00,0.0000,0.0013,0.0024,,,,,,,
47.5648,7,3,11.1850,58.7490,converged,81627.79,50566.36,1.8216,0.00,0.0000,0.0022,0.0093,,,,,,,
23.6435,10,8,41.5456,65.1887,converged,81627.79,50566.36,1.8216,0.00,0.0000,0.2528,0.7530,2.0358,3.5880,3.4813,0.1660,0.0357,,
45.7433,8,3,17.3955,63.1385,converged,81627.79,50566.36,1.8216,0.00,0.0000,0.0019,0.0055,,,,,,,
42.7331,8,3,15.1329,57.8660,converged,81627.79,50566.36,1.8216,0.00,0.0000,0.0019,0.0052,,,,,,,
48.3393,7,3,9.9300,58.2690,converged,81627.79,50566.35,1.8216,0.00,0.0000,0.0023,0.0076,,,,,,,
51.0956,7,3,10.8241,61.9191,converged,81627.79,50566.35,1.8216,0.00,0.0000,0.0022,0.0069,,,,,,,
53.6048,6,6,27.8699,81.4740,converged,81627.79,50566.35,1.8215,0.00,0.0000,0.6957,1.3817,3.1179,0.1796,0.0208,,,,
47.4339,7,6,20.1077,67.5407,converged,81627.79,50566.35,1.8215,0.00,0.0000,0.5401,1.0004,2.7405,0.4076,0.0537,,,,
56.5916,6,3,10.5687,67.1598,converged,81627.79,50566.35,1.8215,0.00,0.0000,0.0026,0.0080,,,,,,,
41.0737,8,3,14.0724,55.1455,converged,81627.79,50566.35,1.8215,0.00,0.0000,0.0018,0.0037,,,,,,,
36.9790,9,3,9.6229,46.6009,converged,81627.79,50566.35,1.8215,0.00,0.0000,0.0015,0.0023,,,,,,,
50.9811,7,3,13.7606,64.7416,converged,81627.79,50566.35,1.8215,0.00,0.0000,0.0021,0.0059,,,,,,,
34.4803,9,7,28.2688,62.7489,converged,81627.79,50566.35,1.8215,0.00,0.0000,0.3623,0.6627,0.6447,2.4114,0.2013,0.0715,,,
44.6991,8,3,11.1393,55.8383,converged,81627.79,50566.35,1.8215,0.00,0.0000,0.0018,0.0037,,,,,,,
30.0564,10,3,11.3221,41.3782,converged,81627.79,50566.35,1.8215,0.00,0.0000,0.0013,0.0019,,,,,,,
46.3424,7,3,12.0845,58.4266,converged,81627.79,50566.35,1.8215,0.00,0.0000,0.0021,0.0060,,,,,,,
29.0059,10,8,30.8400,59.8451,converged,81627.79,50566.35,1.8215,0.00,0.0000,0.3092,0.5377,0.5948,1.8554,1.1906,0.1073,0.0342,,
53.8304,6,6,22.0178,75.8478,converged,81627.79,50566.35,1.8215,0.00,0.0000,0.6297,0.9776,2.8103,0.1982,0.0208,,,,
22.4018,10,3,20.1682,42.5693,converged,81627.79,50566.35,1.8215,0.00,0.0000,0.0014,0.0019,,,,,,,
26.3061,10,3,15.5139,41.8200,converged,81627.79,50566.35,1.8215,0.00,0.0000,0.0014,0.0019,,,,,,,
22.4697,10,8,32.9512,55.4202,converged,81627.79,50566.35,1.8215,0.00,0.0000,0.3078,0.5342,0.5906,1.8456,1.2014,0.1088,0.0344,,
49.1029,7,6,24.2798,73.3818,converged,81627.79,50566.35,1.8215,0.00,0.0000,0.4980,0.8639,2.6347,0.5052,0.0605,,,,
50.3026,7,3,12.7068,63.0089,converged,81627.79,50566.35,1.8215,0.00,0.0000,0.0022,0.0060,,,,,,,
49.3364,7,3,15.0645,64.4005,converged,81627.79,50566.35,1.8215,0.00,0.0000,0.0022,0.0060,,,,,,,
30.2008,10,8,36.1350,66.3351,converged,81627.79,50566.35,1.8215,0.00,0.0000,0.3075,0.5327,0.5845,1.8180,1.1478,0.1056,0.0340,,
35.9418,9,7,26.4590,62.4001,converged,81627.79,50566.35,1.8214,0.00,0.0000,0.3521,0.6419,0.6160,2.5556,0.2656,0.0775,,,
57.9559,6,6,20.5381,78.4931,converged,81627.79,50566.35,1.8214,0.00,0.0000,0.6274,0.9718,2.7278,0.1908,0.0207,,,,
36.6544,9,3,10.1958,46.8498,converged,81627.79,50566.35,1.8215,0.00,0.0000,0.0015,0.0023,,,,,,,
31.8613,10,3,9.4928,41.3538,converged,81627.79,50566.35,1.8215,0.00,0.0000,0.0014,0.0019,,,,,,,
57.9885,6,3,11.2524,69.2404,converged,81627.79,50566.35,1.8214,0.00,0.0000,0.0026,0.0080,,,,,,,
31.0829,10,8,30.4491,61.5415,converged,81627.79,50566.35,1.8214,0.00,0.0000,0.3063,0.5319,0.5908,1.8189,1.1743,0.1080,0.0344,,
43.7543,8,3,15.9092,59.6633,converged,81627.79,50566.35,1.8215,0.00,0.0000,0.0018,0.0038,,,,,,,
40.4004,8,3,17.2775,57.6776,converged,81627.79,50566.35,1.8215,0.00,0.0000,0.0018,0.0038,,,,,,,
48.2842,7,3,14.7477,63.0317,converged,81627.79,50566.35,1.8215,0.00,0.0000,0.0021,0.0060,,,,,,,
39.9372,9,7,25.0110,64.9481,converged,81627.79,50566.35,1.8215,0.00,0.0000,0.3512,0.6409,0.6174,2.5563,0.2697,0.0779,,,
20.9339,10,8,30.7167,51.6497,converged,81627.79,50566.35,1.8215,0.00,0.0000,0.3061,0.5309,0.5869,1.8040,1.1485,0.1065,0.0342,,
38.3755,9,3,11.1380,49.5131,converged,81627.79,50566.35,1.8215,0.00,0.0000,0.0016,0.0023,,,,,,,
44.4871,8,3,20.4778,64.9649,converged,81627.79,50566.35,1.8214,0.00,0.0000,0.0018,0.0038,,,,,,,
33.9799,10,8,42.6408,76.6199,converged,81627.79,50566.35,1.8214,0.00,0.0000,0.3058,0.5299,0.5840,1.7931,1.1244,0.1051,0.0341,,
57.7724,6,6,29.1872,86.9593,converged,81627.79,50566.35,1.8214,0.00,0.0000,0.6235,0.9660,2.6901,0.1897,0.0207,,,,
41.3141,8,7,38.7819,80.0960,converged,81627.79,50566.35,1.8214,0.00,0.0000,0.4104,0.7652,1.2266,1.9097,0.1452,0.0269,,,
22.0504,10,8,34.3754,56.4254,converged,81627.79,50566.35,1.8214,0.00,0.0000,0.3053,0.5290,0.5844,1.7863,1.1265,0.1056,0.0341,,
46.2116,7,6,28.2701,74.4812,converged,81627.79,50566.35,1.8214,0.00,0.0000,0.4947,0.8626,2.5637,0.4825,0.0603,,,,
54.7306,6,6,21.4478,76.1779,converged,81627.79,50566.35,1.8214,0.00,0.0000,0.6223,0.9610,2.6790,0.1893,0.0207,,,,
25.2768,10,8,32.1372,57.4132,converged,81627.79,50566.35,1.8214,0.00,0.0000,0.3050,0.5280,0.5819,1.7809,1.1202,0.1054,0.0341,,
24.4406,10,3,11.5737,36.0137,converged,81627.79,50566.35,1.8214,0.00,0.0000,0.0189,0.0625,,,,,,,
26.1239,10,3,11.8774,38.0005,converged,81627.79,50566.35,1.8214,0.00,0.0000,0.0189,0.0625,,,,,,,
46.2038,7,7,30.1753,76.3785,completed,81627.79,50566.35,1.8214,0.00,0.0000,0.0292,0.3585,0.2179,0.4714,0.3211,0.2583,,,
55.6687,6,6,26.1887,81.8567,completed,81627.79,50566.35,1.8214,0.00,0.0000,0.0428,0.5818,0.2827,0.4885,0.3202,,,,
40.0026,8,8,34.7758,74.7779,completed,81627.79,50566.35,1.8214,0.00,0.0000,0.0236,0.1933,0.4233,0.2284,0.5681,0.2443,0.1945,,
34.7048,9,9,49.7359,84.4400,completed,81627.79,50566.35,1.8214,0.00,0.0000,0.0208,0.1073,0.5061,0.2210,0.4062,0.4599,0.2805,0.1509,
40.3078,8,8,47.0194,87.3265,completed,81627.78,50566.37,1.8210,0.12,0.0000,0.0233,0.1899,0.4208,0.2238,0.5734,0.2438,0.1913,,
45.7113,8,8,45.9214,91.6324,completed,81627.78,50566.37,1.8210,0.12,0.0000,0.0233,0.1900,0.4210,0.2239,0.5732,0.2438,0.1913,,
52.9594,6,6,34.0528,87.0119,completed,81627.77,50566.43,1.8202,0.30,0.0000,0.0379,0.5395,0.4032,0.4679,0.2989,,,,
34.1475,9,3,14.3825,48.5296,converged,81627.77,50566.43,1.8202,0.30,0.0000,0.0194,0.0922,,,,,,,
41.4658,8,3,10.6450,52.1100,converged,81627.74,50566.53,1.8190,0.49,0.0000,0.0216,0.0776,,,,,,,
30.6084,10,9,37.3285,67.9366,converged,81627.74,50566.53,1.8190,0.49,0.0000,0.1723,0.3578,1.7523,3.2206,2.8561,1.2104,0.2356,0.0512,
52.2135,6,6,27.1224,79.3355,completed,81627.71,50566.66,1.8173,0.67,0.0000,0.2114,1.6257,1.7604,0.9233,0.3130,,,,
59.4317,5,5,23.7605,83.1915,completed,81627.71,50566.66,1.8173,0.67,0.0000,0.0564,0.4047,0.3172,0.1848,,,,,
54.9795,6,6,24.7444,79.7235,completed,81627.66,50566.83,1.8140,0.88,0.0000,0.0386,0.1633,0.4263,0.4162,0.2086,,,,
57.2694,6,6,25.0899,82.3590,completed,81627.66,50566.83,1.8140,0.88,0.0000,0.0386,0.1633,0.4285,0.4160,0.2084,,,,
24.2001,10,3,11.7486,35.9487,converged,81627.60,50567.08,1.8086,1.13,0.0000,0.0173,0.0374,,,,,,,
44.9272,8,3,12.9010,57.8281,converged,81627.57,50567.20,1.8061,1.26,0.0000,0.0264,0.0950,,,,,,,
50.8618,7,7,34.1558,85.0168,converged,81627.57,50567.20,1.8061,1.26,0.0000,0.0821,0.3060,1.7265,0.7169,0.2670,0.0982,,,
30.4071,10,10,36.1426,66.5497,completed,81627.50,50567.50,1.8006,1.52,0.0000,0.1470,0.1566,1.2434,2.2414,1.2351,0.5555,0.4881,0.7422,0.6245
51.9383,7,7,27.6307,79.5687,completed,81627.50,50567.50,1.8006,1.52,0.0000,0.1868,1.0120,1.2811,2.3090,0.7266,0.3249,,,
41.1581,8,8,33.3768,74.5348,completed,81627.40,50567.92,1.7960,1.86,0.0000,0.3378,1.2760,6.9072,1.4125,0.3344,0.1507,0.2161,,
29.8663,10,3,15.9457,45.8118,converged,81627.40,50567.92,1.7960,1.86,0.0000,0.1842,0.0987,,,,,,,
28.4084,10,10,41.0872,69.4952,completed,81627.32,50568.29,1.7900,2.05,0.0000,0.1914,0.2058,1.0796,1.4336,1.0836,0.3642,0.3191,0.2076,0.1459
45.2704,8,8,30.6779,75.9479,completed,81627.32,50568.29,1.7900,2.05,0.0000,0.3591,1.5875,4.3539,0.6833,0.1614,0.1875,0.2316,,
24.9410,10,10,44.6004,69.5414,completed,81627.21,50568.77,1.7824,2.24,0.0000,0.2238,0.5482,2.5827,1.0606,0.6605,0.3645,0.1403,0.1621,0.1530
49.6645,7,7,29.3050,78.9691,completed,81627.21,50568.77,1.7824,2.24,0.0000,0.3472,2.4944,1.4364,0.7972,0.1664,0.2009,,,
49.6357,7,7,40.7135,90.3485,completed,81627.11,50569.27,1.7803,2.37,0.0000,0.4713,3.3730,5.0594,1.2556,0.1492,0.1748,,,
23.1583,10,10,37.8082,60.9662,converged,81627.11,50569.27,1.7803,2.37,0.0000,0.5092,0.8639,2.7782,1.7857,0.8853,0.2920,0.3132,0.1401,0.0809
36.6941,9,9,41.3490,78.0431,converged,81626.99,50569.82,1.7750,2.38,0.0000,0.7482,1.2011,4.7158,3.7430,0.8457,0.3539,0.1697,0.0785,
53.1420,6,6,25.1320,78.2740,completed,81626.99,50569.82,1.7750,2.38,0.0000,1.1550,5.0204,3.5111,0.9970,0.3223,,,,
56.6668,6,6,30.0786,86.7447,completed,81626.87,50570.40,1.7697,2.39,0.0000,0.4223,1.0934,1.1352,0.4466,0.3010,,,,
57.2004,6,6,33.8785,91.0786,completed,81626.87,50570.40,1.7697,2.39,0.0000,0.4433,1.0614,1.2941,0.4538,0.3032,,,,
54.6262,6,6,26.8467,81.4727,completed,81626.76,50570.96,1.7671,2.50,0.0000,0.0339,0.5422,0.5540,0.4587,0.3251,,,,
28.2672,10,3,12.3349,40.6019,converged,81626.76,50570.96,1.7671,2.50,0.0000,0.0581,0.0526,,,,,,,
45.9573,8,8,33.2741,79.2311,completed,81626.65,50571.52,1.7690,2.71,0.0000,0.0204,0.1876,0.5458,0.5250,0.3268,0.2867,0.2389,,
47.5352,7,7,28.6105,76.1455,completed,81626.65,50571.52,1.7690,2.71,0.0000,0.1540,0.7777,1.0768,0.4217,0.2922,0.2303,,,
53.7607,6,6,25.6728,79.4329,completed,81626.51,50572.22,1.7742,2.99,0.0000,0.0224,0.5233,0.4514,0.4322,0.3110,,,,
50.5875,7,7,32.4031,82.9902,completed,81626.51,50572.22,1.7742,2.99,0.0000,0.0096,0.3208,0.5587,0.3797,0.3845,0.2695,,,
26.1664,10,10,49.9952,76.1612,completed,81626.36,50572.90,1.7863,3.26,0.0000,0.0065,0.1127,0.5384,0.6165,0.2967,0.1370,0.1754,0.2768,0.2425
44.7828,8,8,40.0425,84.8246,completed,81626.36,50572.90,1.7863,3.26,0.0000,0.0151,0.3031,0.7689,0.4300,0.1912,0.2003,0.3085,,
59.4539,5,5,30.2724,89.7255,completed,81626.20,50573.62,1.7998,3.48,0.0000,0.1080,1.0766,0.3334,0.2422,,,,,
21.8880,10,10,60.5798,82.4669,completed,81626.20,50573.62,1.7998,3.48,0.0000,0.0417,0.5449,1.0692,0.7756,0.3787,0.1320,0.1763,0.2229,0.2034
43.9874,8,8,45.4922,89.4792,completed,81625.96,50574.61,1.8259,3.74,0.0000,0.0110,0.2108,0.3976,0.1359,0.1240,0.1810,0.3151,,
34.3763,9,6,29.1165,63.4926,converged,81625.96,50574.61,1.8259,3.74,0.0000,0.0147,0.1488,0.5490,0.3590,0.0922,,,,
31.9560,10,3,11.2307,43.1858,converged,81625.69,50575.59,1.8563,3.97,0.0000,0.0172,0.0511,,,,,,,
44.0975,8,8,33.6502,77.7472,completed,81625.69,50575.59,1.8563,3.97,0.0000,0.0267,0.1542,0.3003,0.1731,0.1657,0.2128,0.2407,,
23.8076,10,3,10.4300,34.2371,converged,81625.45,50576.39,1.8882,4.08,0.0000,0.0200,0.0428,,,,,,,
35.7132,9,3,11.3433,47.0563,converged,81625.45,50576.39,1.8882,4.08,0.0000,0.0283,0.0665,,,,,,,
22.4095,10,3,10.6685,33.0775,converged,81625.23,50577.02,1.9162,4.13,0.0000,0.0198,0.0450,,,,,,,
43.7242,8,8,31.5771,75.3012,completed,81625.23,50577.02,1.9162,4.13,0.0000,0.0288,0.1180,0.1869,0.4209,0.2608,0.2441,0.2069,,
51.9206,7,7,29.0071,80.9272,completed,81624.94,50577.80,1.9585,4.15,0.0000,0.0301,0.1800,0.3230,0.1285,0.3565,0.2437,,,
30.0325,10,3,11.8763,41.9083,converged,81624.94,50577.80,1.9585,4.15,0.0000,0.0301,0.0230,,,,,,,
28.9197,10,3,15.2842,44.2032,converged,81624.61,50578.56,2.0170,4.18,0.0000,0.0264,0.0261,,,,,,,
24.1869,10,3,10.6813,34.8674,converged,81624.61,50578.56,2.0170,4.18,0.0000,0.0267,0.0220,,,,,,,
53.1888,6,6,26.8936,80.0817,completed,81624.29,50579.19,2.0681,4.21,0.0000,0.0228,0.1069,0.6832,0.2524,0.2625,,,,
42.0777,8,3,13.7230,55.8000,converged,81624.29,50579.19,2.0681,4.21,0.0000,0.0222,0.0655,,,,,,,
40.7836,8,3,17.5350,58.3180,converged,81623.87,50579.93,2.1283,4.20,0.0000,0.0238,0.0362,,,,,,,
29.9939,10,3,11.1401,41.1332,converged,81623.87,50579.93,2.1283,4.20,0.0000,0.0193,0.0238,,,,,,,
52.6077,6,3,12.5281,65.1352,converged,81623.42,50580.62,2.1901,4.13,0.0000,0.0345,0.0983,,,,,,,
29.6429,10,3,17.9750,47.6171,converged,81623.42,50580.62,2.1901,4.13,0.0000,0.0211,0.0160,,,,,,,
21.1369,10,3,9.7503,30.8864,converged,81622.98,50581.22,2.2495,4.09,0.0000,0.0296,0.0327,,,,,,,
28.9015,10,3,12.2506,41.1517,converged,81622.73,50581.53,2.2867,4.09,0.0000,0.0254,0.0200,,,,,,,
50.1262,7,7,31.6221,81.7482,completed,81622.46,50581.84,2.3236,4.10,0.0000,0.0375,0.1038,0.5765,0.1259,0.4342,0.2010,,,
34.1073,9,3,10.0861,44.1931,converged,81622.46,50581.84,2.3236,4.10,0.0000,0.0245,0.0267,,,,,,,
57.6923,6,6,31.4215,89.1135,completed,81621.88,50582.43,2.3941,4.13,0.0000,0.0393,0.1567,0.6003,0.7082,0.4398,,,,
49.8839,7,3,9.3352,59.2182,converged,81621.88,50582.43,2.3941,4.13,0.0000,0.0276,0.0679,,,,,,,
45.8072,8,3,9.9589,55.7660,converged,81621.20,50583.03,2.4682,4.15,0.0000,0.0226,0.0628,,,,,,,
33.7356,10,3,14.5978,48.3328,converged,81621.20,50583.03,2.4682,4.15,0.0000,0.0179,0.0506,,,,,,,
56.1028,6,6,34.6584,90.7604,completed,81620.55,50583.53,2.5404,4.11,0.0000,0.0439,0.1481,0.5006,0.7768,0.5967,,,,
44.8555,8,8,46.4326,91.2876,completed,81620.55,50583.53,2.5404,4.11,0.0000,0.0273,0.1165,0.1261,0.3090,0.7019,0.2627,0.2101,,
28.8890,10,3,10.2055,39.0935,converged,81619.69,50584.08,2.6339,4.07,0.0000,0.0171,0.0727,,,,,,,
44.7969,8,8,30.3938,75.1898,completed,81619.69,50584.08,2.6339,4.07,0.0000,0.0297,0.1328,0.1484,0.3267,0.4797,0.3020,0.2437,,
38.0930,9,9,39.0000,77.0930,completed,81618.87,50584.50,2.7140,4.08,0.0000,0.0314,0.1127,0.1815,0.2599,0.1561,0.4528,0.4284,0.3442,
56.1619,6,6,25.5171,81.6781,completed,81618.87,50584.50,2.7140,4.08,0.0000,0.0864,0.3114,0.4257,0.4391,0.4541,,,,
25.6340,10,3,15.5920,41.2251,converged,81617.96,50584.89,2.7997,4.02,0.0000,0.0255,0.0862,,,,,,,
26.3061,10,3,10.8405,37.1466,converged,81617.96,50584.89,2.7997,4.02,0.0000,0.0233,0.0945,,,,,,,
21.0893,10,3,10.9688,32.0578,converged,81617.31,50585.11,2.8579,4.05,0.0000,0.0228,0.0794,,,,,,,
55.6920,6,6,24.1354,79.8264,completed,81617.31,50585.11,2.8579,4.05,0.0000,0.0556,0.3606,0.2868,0.5994,0.5451,,,,
53.9268,6,6,35.9189,89.8450,completed,81616.63,50585.30,2.9209,4.01,0.0000,0.0450,0.3258,0.4848,0.6759,0.6309,,,,
54.2261,6,6,33.1855,87.4115,completed,81616.63,50585.30,2.9209,4.01,0.0000,0.0375,0.3316,0.4211,0.5664,0.5141,,,,
29.3488,10,3,15.7729,45.1210,converged,81615.70,50585.48,3.0060,4.01,0.0000,0.0173,0.0427,,,,,,,
45.6850,8,3,10.7223,56.4074,converged,81615.70,50585.48,3.0060,4.01,0.0000,0.0253,0.0741,,,,,,,
59.2777,5,5,20.5093,79.7863,completed,81614.86,50585.58,3.0799,4.10,0.0000,0.0562,0.3787,0.4011,0.4311,,,,,
51.2877,7,3,14.2862,65.5732,converged,81614.86,50585.58,3.0799,4.10,0.0000,0.0297,0.0927,,,,,,,
53.5663,6,3,10.5617,64.1277,converged,81614.04,50585.61,3.1411,4.15,0.0000,0.0544,0.0818,,,,,,,
42.3323,8,3,15.5491,57.8811,converged,81614.04,50585.61,3.1411,4.15,0.0000,0.0258,0.0228,,,,,,,
29.9902,10,3,10.8117,40.8018,converged,81613.05,50585.60,-3.0901,4.23,0.0000,0.0292,0.0558,,,,,,,
50.0326,7,3,11.0227,61.0548,converged,81613.05,50585.60,-3.0901,4.23,0.0000,0.0447,0.0248,,,,,,,
34.2542,9,3,16.7876,51.0416,converged,81612.37,50585.57,-3.0594,4.31,0.0000,0.0397,0.0803,,,,,,,
45.8438,8,3,12.0004,57.8434,converged,81612.37,50585.57,-3.0594,4.31,0.0000,0.0424,0.0639,,,,,,,
58.8066,5,5,23.6779,82.4839,completed,81611.51,50585.50,-3.0251,4.48,0.0000,0.0931,0.2061,0.5698,0.3014,,,,,
27.7883,10,3,14.1526,41.9407,converged,81611.51,50585.50,-3.0251,4.48,0.0000,0.0235,0.0327,,,,,,,
55.8850,6,3,11.8650,67.7490,converged,81610.61,50585.39,-2.9969,4.65,0.0000,0.0536,0.0801,,,,,,,
28.7277,10,3,12.3152,41.0422,converged,81610.61,50585.39,-2.9969,4.65,0.0000,0.0202,0.0428,,,,,,,
27.0902,10,3,13.1266,40.2166,converged,81609.67,50585.25,-2.9700,4.89,0.0000,0.0198,0.0670,,,,,,,
46.8715,7,3,12.4178,59.2888,converged,81609.67,50585.25,-2.9700,4.89,0.0000,0.0231,0.0383,,,,,,,
35.8160,9,3,15.1026,50.9176,converged,81608.84,50585.11,-2.9533,5.05,0.0000,0.0183,0.0732,,,,,,,
37.6637,9,3,11.8169,49.4799,converged,81608.84,50585.11,-2.9533,5.05,0.0000,0.0122,0.0546,,,,,,,
25.7366,10,3,11.0418,36.7779,converged,81607.92,50584.94,-2.9449,5.28,0.0000,0.0130,0.0600,,,,,,,
28.5813,10,3,12.1172,40.6983,converged,81607.92,50584.94,-2.9449,5.28,0.0000,0.0077,0.0431,,,,,,,
30.3857,10,3,10.9193,41.3044,converged,81606.86,50584.74,-2.9387,5.54,0.0000,0.0148,0.0617,,,,,,,
24.1029,10,3,9.9055,34.0075,converged,81606.37,50584.64,-2.9365,5.67,0.0000,0.0143,0.0586,,,,,,,
42.3233,8,4,14.5233,56.8463,converged,81605.75,50584.52,-2.9349,5.78,0.0000,0.0288,0.1217,0.0329,,,,,,
54.5195,6,3,12.5255,67.0445,converged,81605.75,50584.52,-2.9349,5.78,0.0000,0.0545,0.0963,,,,,,,
44.2947,8,4,15.7977,60.0917,converged,81604.47,50584.26,-2.9334,6.07,0.0000,0.0213,0.1175,0.0776,,,,,,
24.3279,10,3,17.1207,41.4478,converged,81604.47,50584.26,-2.9334,6.07,0.0000,0.0179,0.0703,,,,,,,
35.0716,9,3,15.4730,50.5440,converged,81603.26,50584.01,-2.9349,6.30,0.0000,0.0053,0.0103,,,,,,,
22.2636,10,3,10.2383,32.5014,converged,81603.26,50584.01,-2.9349,6.30,0.0000,0.0062,0.0171,,,,,,,
53.8567,6,4,15.1517,69.0077,converged,81602.13,50583.78,-2.9342,6.49,0.0000,0.0672,0.1524,0.0540,,,,,,
56.0106,6,3,13.9126,69.9226,converged,81602.13,50583.78,-2.9342,6.49,0.0000,0.0155,0.0793,,,,,,,
46.0031,7,3,15.2937,61.2967,converged,81600.70,50583.49,-2.9341,6.78,0.0000,0.0069,0.0176,,,,,,,
45.0018,8,3,10.1261,55.1271,converged,81600.70,50583.49,-2.9341,6.78,0.0000,0.0080,0.0162,,,,,,,
56.5171,6,3,9.4172,65.9343,converged,81599.36,50583.21,-2.9348,7.01,0.0000,0.0672,0.0719,,,,,,,
50.0348,7,5,18.4468,68.4808,converged,81599.36,50583.21,-2.9348,7.01,0.0000,0.0492,0.1005,0.2070,0.0635,,,,,
48.6921,7,3,11.1111,59.8031,converged,81597.97,50582.92,-2.9347,7.23,0.0000,0.0422,0.0923,,,,,,,
37.7353,9,3,10.6440,48.3790,converged,81597.97,50582.92,-2.9347,7.23,0.0000,0.0045,0.0139,,,,,,,
25.2717,10,3,13.6129,38.8839,converged,81596.54,50582.62,-2.9356,7.34,0.0000,0.0041,0.0051,,,,,,,
58.8841,5,5,24.2866,83.1706,completed,81596.54,50582.62,-2.9356,7.34,0.0000,0.0745,0.1558,0.1723,0.2496,,,,,
43.9553,8,3,11.6636,55.6186,converged,81594.88,50582.28,-2.9366,7.43,0.0000,0.0238,0.0672,,,,,,,
38.3003,9,3,15.4843,53.7844,converged,81594.88,50582.28,-2.9366,7.43,0.0000,0.0050,0.0096,,,,,,,
27.0032,10,3,15.8450,42.8481,converged,81593.61,50582.02,-2.9374,7.50,0.0000,0.0060,0.0070,,,,,,,
48.0878,7,3,13.3283,61.4153,converged,81593.61,50582.02,-2.9374,7.50,0.0000,0.0082,0.0292,,,,,,,
49.4349,7,3,11.8586,61.2926,converged,81592.17,50581.72,-2.9390,7.53,0.0000,0.0074,0.0295,,,,,,,
42.8566,8,3,22.6090,65.4650,converged,81592.17,50581.72,-2.9390,7.53,0.0000,0.0101,0.0135,,,,,,,
52.8614,6,3,10.9837,63.8447,converged,81590.66,50581.41,-2.9402,7.63,0.0000,0.0127,0.0316,,,,,,,
27.0763,10,3,13.0713,40.1474,converged,81590.66,50581.41,-2.9402,7.63,0.0000,0.0070,0.0282,,,,,,,
35.6859,9,3,11.5700,47.2551,converged,81589.18,50581.10,-2.9414,7.74,0.0000,0.0211,0.0181,,,,,,,
28.5466,10,3,11.8800,40.4260,converged,81589.18,50581.10,-2.9414,7.74,0.0000,0.0148,0.0126,,,,,,,
56.8496,6,3,14.3661,71.2151,converged,81587.97,50580.85,-2.9423,7.76,0.0000,0.0318,0.0696,,,,,,,
53.7704,6,3,11.2922,65.0623,converged,81587.97,50580.85,-2.9423,7.76,0.0000,0.0126,0.0286,,,,,,,
58.1899,5,3,11.1068,69.2958,converged,81586.14,50580.48,-2.9448,7.82,0.0000,0.0104,0.0211,,,,,,,
59.3453,5,3,12.0018,71.3468,converged,81586.14,50580.48,-2.9448,7.82,0.0000,0.0230,0.0365,,,,,,,
34.7761,9,3,14.8805,49.6565,converged,81584.38,50580.13,-2.9467,7.78,0.0000,0.0158,0.0105,,,,,,,
30.0660,10,3,15.2516,45.3167,converged,81584.38,50580.13,-2.9467,7.78,0.0000,0.0221,0.0164,,,,,,,
45.4362,8,6,24.9908,70.4268,converged,81583.24,50579.90,-2.9483,7.71,0.0000,0.0324,0.1131,0.1058,0.3251,0.0350,,,,
24.0715,10,3,17.2426,41.3137,converged,81583.24,50579.90,-2.9483,7.71,0.0000,0.0027,0.0087,,,,,,,
37.5971,9,3,12.6669,50.2639,converged,81581.59,50579.58,-2.9510,7.61,0.0000,0.0043,0.0459,,,,,,,
21.3919,10,3,10.9466,32.3376,converged,81581.59,50579.58,-2.9510,7.61,0.0000,0.0102,0.0081,,,,,,,
25.7554,10,3,11.9273,37.6824,converged,81580.25,50579.32,-2.9521,7.55,0.0000,0.0034,0.0474,,,,,,,
33.7660,10,3,10.6925,44.4575,converged,81579.66,50579.20,-2.9526,7.52,0.0000,0.0027,0.0321,,,,,,,
58.4199,5,5,35.6917,94.1107,completed,81578.77,50579.03,-2.9535,7.49,0.0000,0.0609,0.3333,0.4127,0.1920,,,,,
27.9606,10,3,20.0073,47.9673,converged,81578.77,50579.03,-2.9535,7.49,0.0000,0.0040,0.0203,,,,,,,
20.1803,10,3,10.5540,30.7340,converged,81577.15,50578.72,-2.9554,7.51,0.0000,0.0092,0.0556,,,,,,,
33.7024,10,3,10.5374,44.2394,converged,81577.15,50578.72,-2.9554,7.51,0.0000,0.0015,0.0115,,,,,,,
21.6444,10,3,15.2051,36.8491,converged,81575.97,50578.49,-2.9570,7.55,0.0000,0.0087,0.0514,,,,,,,
32.7897,10,3,15.0760,47.8651,converged,81575.08,50578.32,-2.9576,7.56,0.0000,0.0050,0.0392,,,,,,,
32.4048,10,3,10.9779,43.3819,converged,81574.42,50578.20,-2.9580,7.54,0.0000,0.0099,0.0577,,,,,,,
32.6009,10,3,13.1577,45.8881,converged,81573.60,50578.05,-2.9586,7.53,0.0000,0.0056,0.0476,,,,,,,
40.2530,8,8,36.0157,76.2687,completed,81573.01,50577.94,-2.9592,7.51,0.0000,0.0095,0.1028,0.1420,0.2687,0.2327,0.1604,0.1309,,
39.4747,9,3,10.1429,49.6169,converged,81571.98,50577.75,-2.9604,7.51,0.0000,0.0066,0.0735,,,,,,,
49.8839,7,7,34.8986,84.7816,completed,81571.98,50577.75,-2.9604,7.51,0.0000,0.0122,0.1607,0.2548,0.3487,0.3052,0.1232,,,
51.9364,7,7,39.6297,91.5657,completed,81570.50,50577.47,-2.9620,7.50,0.0000,0.0151,0.1787,0.3309,0.3865,0.4118,0.1566,,,
31.6464,10,3,11.0518,42.6979,converged,81570.50,50577.47,-2.9620,7.50,0.0000,0.0034,0.0138,,,,,,,
33.7905,10,3,13.1155,46.9056,converged,81569.03,50577.20,-2.9638,7.50,0.0000,0.0045,0.0110,,,,,,,
25.6814,10,3,13.3852,39.0663,converged,81569.03,50577.20,-2.9638,7.50,0.0000,0.0061,0.0459,,,,,,,
31.5054,10,3,10.2679,41.7729,converged,81567.70,50576.96,-2.9645,7.45,0.0000,0.0087,0.0516,,,,,,,
42.6455,8,3,10.4198,53.0648,converged,81567.70,50576.96,-2.9645,7.45,0.0000,0.0050,0.0409,,,,,,,
34.8229,9,3,12.8421,47.6641,converged,81566.40,50576.73,-2.9651,7.31,0.0000,0.0059,0.0500,,,,,,,
54.6242,6,6,37.7518,92.3759,completed,81565.54,50576.57,-2.9653,7.26,0.0000,0.0386,0.2102,0.1792,0.4501,0.2417,,,,
21.0242,10,3,11.3136,32.3376,converged,81565.54,50576.57,-2.9653,7.26,0.0000,0.0039,0.0287,,,,,,,
58.5672,5,3,13.3612,71.9282,converged,81564.13,50576.32,-2.9659,7.09,0.0000,0.4389,0.0919,,,,,,,
42.2239,8,3,13.8273,56.0503,converged,81564.13,50576.32,-2.9659,7.09,0.0000,0.0086,0.0469,,,,,,,
50.5006,7,4,22.5325,73.0325,converged,81562.75,50576.07,-2.9667,7.01,0.0000,0.0289,0.1383,0.0931,,,,,,
32.7203,10,3,10.7355,43.4556,converged,81562.75,50576.07,-2.9667,7.01,0.0000,0.0090,0.0455,,,,,,,
27.7618,10,3,12.4870,40.2480,converged,81561.39,50575.83,-2.9670,6.86,0.0000,0.0128,0.0631,,,,,,,
39.9188,9,3,10.7537,50.6717,converged,81561.39,50575.83,-2.9670,6.86,0.0000,0.0063,0.0467,,,,,,,
31.0315,10,3,11.6655,42.6966,converged,81560.23,50575.63,-2.9672,6.73,0.0000,0.0140,0.0427,,,,,,,
45.2583,8,3,10.4015,55.6595,converged,81559.40,50575.48,-2.9676,6.63,0.0000,0.0146,0.0889,,,,,,,
44.0822,8,8,34.8072,78.8905,completed,81559.40,50575.48,-2.9676,6.63,0.0000,0.0241,0.8109,0.1606,1.4454,1.8209,0.5442,0.3288,,
25.8068,10,10,42.6133,68.4193,completed,81557.98,50575.23,-2.9686,6.51,0.0000,0.0057,0.7567,1.0655,1.7691,2.6935,1.3822,0.3738,0.4324,0.3331
27.4352,10,3,16.6776,44.1126,converged,81557.98,50575.23,-2.9686,6.51,0.0000,0.0069,0.0371,,,,,,,
46.3328,7,4,15.1035,61.4355,converged,81556.83,50575.02,-2.9692,6.46,0.0000,0.0293,0.1868,0.0877,,,,,,
41.8415,8,3,13.7929,55.6339,converged,81556.83,50575.02,-2.9692,6.46,0.0000,0.0098,0.0496,,,,,,,
35.5685,9,3,10.0609,45.6290,converged,81555.44,50574.78,-2.9696,6.39,0.0000,0.0075,0.0241,,,,,,,
57.9240,6,6,31.7897,89.7127,converged,81555.44,50574.78,-2.9696,6.39,0.0000,0.0432,0.2543,0.1288,0.3084,0.0859,,,,
56.4637,6,6,29.7783,86.2413,completed,81554.19,50574.56,-2.9703,6.30,0.0000,0.0259,0.2293,0.1915,0.3322,0.2153,,,,
48.7036,7,5,23.2308,71.9339,converged,81554.19,50574.56,-2.9703,6.30,0.0000,0.0042,0.1683,0.1737,0.0584,,,,,
27.2159,10,4,14.8746,42.0896,converged,81552.75,50574.31,-2.9707,6.08,0.0000,0.0191,0.1131,0.0750,,,,,,
55.2828,6,6,25.3489,80.6309,completed,81552.75,50574.31,-2.9707,6.08,0.0000,0.0066,0.3055,0.3423,0.2193,0.4693,,,,
54.4546,6,6,23.6031,78.0571,completed,81551.61,50574.11,-2.9716,5.90,0.0000,0.0177,0.2013,0.1262,0.3418,0.2332,,,,
51.2707,7,4,13.7420,65.0120,converged,81551.61,50574.11,-2.9716,5.90,0.0000,0.0226,0.1586,0.0558,,,,,,
52.6096,6,6,38.1902,90.7992,completed,81550.29,50573.88,-2.9719,5.69,0.0000,0.0132,0.1774,0.1258,0.3359,0.2451,,,,
51.8295,7,4,24.1352,75.9642,converged,81550.29,50573.88,-2.9719,5.69,0.0000,0.0236,0.1548,0.0507,,,,,,
37.9776,9,3,18.9012,56.8782,converged,81548.96,50573.65,-2.9724,5.55,0.0000,0.0131,0.0706,,,,,,,
21.4703,10,10,52.4033,73.8734,completed,81548.96,50573.65,-2.9724,5.55,0.0000,0.2309,1.8991,2.6105,1.8221,2.8539,0.5007,0.1462,0.1942,0.1425
41.7738,8,8,40.6172,82.3902,completed,81547.71,50573.44,-2.9733,5.51,0.0000,0.2087,2.1471,2.7081,1.8882,0.3583,0.2187,0.1762,,
20.7398,10,10,37.8844,58.6234,completed,81547.71,50573.44,-2.9733,5.51,0.0000,0.0245,0.6977,1.1783,1.1719,1.0607,0.2863,0.1432,0.1826,0.1434
56.7056,6,6,25.8121,82.5171,completed,81546.45,50573.22,-2.9740,5.56,0.0000,0.0744,0.2456,1.1809,0.2518,0.1661,,,,
21.4786,10,3,13.7049,35.1830,converged,81546.45,50573.22,-2.9740,5.56,0.0000,0.0093,0.0408,,,,,,,
57.5757,6,4,15.8904,73.4655,converged,81545.38,50573.04,-2.9735,5.59,0.0000,0.0395,0.1840,0.0750,,,,,,
32.6910,10,3,10.3517,43.0417,converged,81545.38,50573.04,-2.9735,5.59,0.0000,0.0112,0.0408,,,,,,,
29.4595,10,3,14.6624,44.1214,converged,81544.12,50572.83,-2.9737,5.61,0.0000,0.0240,0.0693,,,,,,,
32.8483,10,3,12.3361,45.1842,converged,81543.57,50572.73,-2.9744,5.60,0.0000,0.0263,0.0846,,,,,,,
40.0856,8,3,11.7074,51.7924,converged,81543.12,50572.66,-2.9752,5.59,0.0000,0.0276,0.0778,,,,,,,
35.8453,9,3,10.3538,46.1989,converged,81542.46,50572.54,-2.9761,5.58,0.0000,0.0209,0.0626,,,,,,,
30.5887,10,3,13.5293,44.1174,converged,81541.90,50572.45,-2.9767,5.56,0.0000,0.0142,0.0366,,,,,,,
52.4197,6,6,31.3496,83.7686,completed,81541.47,50572.38,-2.9774,5.53,0.0000,0.0297,0.1652,0.3336,0.5432,0.2815,,,,
34.0705,9,3,16.9645,51.0345,converged,81541.47,50572.38,-2.9774,5.53,0.0000,0.0132,0.0362,,,,,,,
52.1330,6,6,33.2608,85.3929,completed,81540.16,50572.16,-2.9798,5.47,0.0000,0.0253,0.1382,0.2626,0.6703,0.3828,,,,
26.5062,10,3,11.5891,38.0951,converged,81540.16,50572.16,-2.9798,5.47,0.0000,0.0083,0.0216,,,,,,,
47.6028,7,3,12.1748,59.7768,converged,81539.08,50571.99,-2.9809,5.40,0.0000,0.0151,0.0587,,,,,,,
33.9495,10,3,11.9218,45.8708,converged,81539.08,50571.99,-2.9809,5.40,0.0000,0.0068,0.0179,,,,,,,
36.2799,9,3,9.6916,45.9706,converged,81538.02,50571.82,-2.9806,5.33,0.0000,0.0076,0.0301,,,,,,,
22.7890,10,3,11.4197,34.2087,converged,81538.02,50571.82,-2.9806,5.33,0.0000,0.0054,0.0143,,,,,,,
32.2083,10,3,15.8409,48.0490,converged,81537.08,50571.66,-2.9810,5.27,0.0000,0.0088,0.0209,,,,,,,
56.0506,6,3,10.7536,66.8037,converged,81536.70,50571.60,-2.9809,5.25,0.0000,0.0105,0.0573,,,,,,,
37.3592,9,3,9.6515,47.0105,converged,81536.70,50571.60,-2.9809,5.25,0.0000,0.0106,0.0334,,,,,,,
31.3374,10,3,10.8953,42.2323,converged,81535.64,50571.42,-2.9797,5.15,0.0000,0.0079,0.0164,,,,,,,
23.5568,10,3,15.5501,39.1061,converged,81535.03,50571.32,-2.9792,5.10,0.0000,0.0100,0.0327,,,,,,,
51.6199,7,3,11.0165,62.6355,converged,81534.53,50571.24,-2.9791,5.07,0.0000,0.0153,0.0518,,,,,,,
51.2015,7,3,11.9481,63.1491,converged,81534.53,50571.24,-2.9791,5.07,0.0000,0.0112,0.0889,,,,,,,
54.3126,6,3,14.5106,68.8226,converged,81533.44,50571.06,-2.9777,4.97,0.0000,0.0205,0.0467,,,,,,,
54.9050,6,4,15.6432,70.5483,converged,81533.44,50571.06,-2.9777,4.97,0.0000,0.0181,0.1193,0.0911,,,,,,
42.6617,8,3,11.7422,54.4032,converged,81532.32,50570.87,-2.9762,4.86,0.0000,0.0149,0.0425,,,,,,,
29.2881,10,3,14.3806,43.6687,converged,81532.32,50570.87,-2.9762,4.86,0.0000,0.0047,0.0195,,,,,,,
27.4996,10,3,11.1508,38.6499,converged,81531.51,50570.73,-2.9730,4.77,0.0000,0.0143,0.0243,,,,,,,
56.3695,6,3,18.4230,74.7920,converged,81531.51,50570.73,-2.9730,4.77,0.0000,0.0179,0.0800,,,,,,,
23.2754,10,3,16.9041,40.1792,converged,81530.58,50570.57,-2.9685,4.68,0.0000,0.0094,0.0206,,,,,,,
36.3745,9,3,13.8236,50.1977,converged,81530.58,50570.57,-2.9685,4.68,0.0000,0.0258,0.0370,,,,,,,
55.3192,6,3,14.2757,69.5947,converged,81529.75,50570.42,-2.9639,4.62,0.0000,0.0327,0.0747,,,,,,,
33.4716,10,3,13.9077,47.3787,converged,81529.75,50570.42,-2.9639,4.62,0.0000,0.0279,0.0520,,,,,,,
31.1375,10,3,12.2714,43.4085,converged,81528.76,50570.24,-2.9536,4.53,0.0000,0.0079,0.0174,,,,,,,
37.1913,9,3,13.0044,50.1954,converged,81528.76,50570.24,-2.9536,4.53,0.0000,0.0190,0.0255,,,,,,,
47.8957,7,3,11.1022,58.9972,converged,81527.98,50570.08,-2.9411,4.46,0.0000,0.0121,0.0392,,,,,,,
38.6509,9,3,10.3149,48.9649,converged,81527.98,50570.08,-2.9411,4.46,0.0000,0.0089,0.0202,,,,,,,
53.2673,6,6,26.9302,80.1972,completed,81527.10,50569.89,-2.9210,4.38,0.0000,0.0309,0.2295,0.2390,0.3016,0.3883,,,,
24.3431,10,3,11.9208,36.2638,converged,81527.10,50569.89,-2.9210,4.38,0.0000,0.0091,0.0459,,,,,,,
42.7151,8,8,30.9143,73.6294,completed,81526.25,50569.69,-2.8927,4.32,0.0000,0.0243,0.1380,0.4313,0.1705,0.1802,0.4468,0.4089,,
32.2032,10,3,10.5937,42.7968,converged,81526.25,50569.69,-2.8927,4.32,0.0000,0.0094,0.0390,,,,,,,
58.6959,5,5,24.8904,83.5854,completed,81525.42,50569.46,-2.8589,4.28,0.0000,0.0436,0.4496,0.1853,0.4467,,,,,
59.4100,5,5,23.7896,83.1986,completed,81525.42,50569.46,-2.8589,4.28,0.0000,0.0579,0.5716,0.2295,0.4738,,,,,
50.5709,7,3,15.5771,66.1471,converged,81524.41,50569.14,-2.8103,4.25,0.0000,0.0258,0.0526,,,,,,,
20.2725,10,3,13.3953,33.6673,converged,81524.41,50569.14,-2.8103,4.25,0.0000,0.0132,0.0219,,,,,,,
23.0082,10,3,15.5086,38.5166,converged,81523.73,50568.89,-2.7741,4.25,0.0000,0.0103,0.0393,,,,,,,
57.8173,6,6,28.3744,86.1915,completed,81523.73,50568.89,-2.7741,4.25,0.0000,0.0287,0.3681,0.5176,0.5668,0.4311,,,,
25.8598,10,3,16.7329,42.5920,converged,81522.94,50568.57,-2.7267,4.22,0.0000,0.0279,0.0214,,,,,,,
50.3535,7,7,38.5671,88.9201,completed,81522.94,50568.57,-2.7267,4.22,0.0000,0.0194,0.2710,0.5780,0.3549,0.4779,0.3612,,,
42.9399,8,3,10.5089,53.4479,converged,81522.10,50568.17,-2.6716,4.19,0.0000,0.0411,0.0427,,,,,,,
23.2200,10,3,12.7974,36.0174,converged,81522.10,50568.17,-2.6716,4.19,0.0000,0.0227,0.0477,,,,,,,
34.3525,9,3,15.5093,49.8614,converged,81521.45,50567.82,-2.6225,4.15,0.0000,0.0349,0.0474,,,,,,,
42.8349,8,8,35.7042,78.5382,completed,81521.45,50567.82,-2.6225,4.15,0.0000,0.0219,0.2059,0.5292,0.5697,0.4336,0.2547,0.2046,,
31.8730,10,3,10.9037,42.7758,converged,81520.74,50567.39,-2.5635,4.10,0.0000,0.0372,0.0221,,,,,,,
26.2866,10,3,11.5762,37.8622,converged,81520.74,50567.39,-2.5635,4.10,0.0000,0.0349,0.0398,,,,,,,
41.5264,8,3,9.3469,50.8729,converged,81520.13,50566.98,-2.5070,4.05,0.0000,0.0462,0.0468,,,,,,,
47.3408,7,3,11.7694,59.1094,converged,81519.88,50566.78,-2.4815,4.02,0.0000,0.0532,0.0726,,,,,,,
47.3676,7,3,11.6165,58.9836,converged,81519.88,50566.78,-2.4815,4.02,0.0000,0.0519,0.0624,,,,,,,
25.5930,10,3,10.5265,36.1195,converged,81519.20,50566.22,-2.4093,3.95,0.0000,0.0435,0.0314,,,,,,,
38.7451,9,3,9.1717,47.9167,converged,81518.91,50565.96,-2.3746,3.93,0.0000,0.0494,0.0816,,,,,,,
41.7921,8,3,12.5386,54.3306,converged,81518.69,50565.74,-2.3469,3.90,0.0000,0.0512,0.0552,,,,,,,
38.8800,9,3,10.3482,49.2272,converged,81518.69,50565.74,-2.3469,3.90,0.0000,0.0465,0.0635,,,,,,,
40.1349,8,8,34.6546,74.7886,completed,81518.12,50565.11,-2.2691,3.87,0.0000,0.0569,0.1009,0.2133,0.2404,0.1927,0.2183,0.1875,,
59.6509,5,5,25.6133,85.2633,completed,81518.12,50565.11,-2.2691,3.87,0.0000,0.1124,0.3930,0.2541,0.2939,,,,,
27.3542,10,3,14.2162,41.5702,converged,81517.54,50564.38,-2.1813,3.81,0.0000,0.0365,0.0449,,,,,,,
57.8775,6,6,33.6863,91.5633,completed,81517.54,50564.38,-2.1813,3.81,0.0000,0.0592,0.1826,0.3717,0.2017,0.3301,,,,
41.1472,8,3,12.8638,54.0109,converged,81517.17,50563.82,-2.1174,3.84,0.0000,0.0207,0.0365,,,,,,,
29.8249,10,3,14.3050,44.1290,converged,81517.17,50563.82,-2.1174,3.84,0.0000,0.0210,0.0264,,,,,,,
41.4556,8,3,13.1651,54.6201,converged,81516.79,50563.16,-2.0528,3.86,0.0000,0.0178,0.0397,,,,,,,
33.4293,10,3,11.5327,44.9618,converged,81516.79,50563.16,-2.0528,3.86,0.0000,0.0114,0.0360,,,,,,,
43.1174,8,3,9.6582,52.7752,converged,81516.44,50562.47,-1.9824,3.83,0.0000,0.0189,0.0502,,,,,,,
46.0014,7,3,9.8841,55.8852,converged,81516.44,50562.47,-1.9824,3.83,0.0000,0.0236,0.0684,,,,,,,
27.9418,10,3,9.8373,37.7784,converged,81516.18,50561.84,-1.9089,3.85,0.0000,0.0187,0.0688,,,,,,,
42.7274,8,3,14.0329,56.7599,converged,81516.08,50561.55,-1.8751,3.89,0.0000,0.0325,0.0916,,,,,,,
50.1710,7,7,28.4621,78.6321,completed,81516.08,50561.55,-1.8751,3.89,0.0000,0.0413,0.1396,0.1642,0.2657,0.2680,0.1671,,,
45.4048,8,8,33.8468,79.2509,completed,81515.84,50560.64,-1.7767,3.96,0.0000,0.0346,0.1228,0.2262,0.1533,0.4148,0.3318,0.1832,,
26.7416,10,3,17.2847,44.0257,converged,81515.84,50560.64,-1.7767,3.96,0.0000,0.0237,0.0797,,,,,,,
26.1256,10,3,11.7625,37.8875,converged,81515.69,50559.84,-1.7010,4.02,0.0000,0.0195,0.0382,,,,,,,
43.7946,8,8,37.7853,81.5794,completed,81515.69,50559.84,-1.7010,4.02,0.0000,0.0241,0.1284,0.5443,0.5216,0.8279,0.3446,0.1314,,
22.6373,10,3,9.3019,31.9389,converged,81515.61,50559.05,-1.6362,4.14,0.0000,0.0382,0.0416,,,,,,,
47.7865,7,7,40.7110,88.4970,completed,81515.61,50559.05,-1.6362,4.14,0.0000,0.0394,0.1247,0.7877,0.7791,0.7628,0.1752,,,
50.6002,7,3,10.3175,60.9175,converged,81515.57,50558.19,-1.5708,4.23,0.0000,0.0595,0.0950,,,,,,,
32.9332,10,3,11.4053,44.3383,converged,81515.57,50558.19,-1.5708,4.23,0.0000,0.0445,0.0687,,,,,,,
20.0168,10,3,13.4352,33.4513,converged,81515.58,50557.36,-1.5178,4.36,0.0000,0.0418,0.0703,,,,,,,
33.2049,10,3,10.9646,44.1687,converged,81515.58,50557.36,-1.5178,4.36,0.0000,0.0324,0.0337,,,,,,,
35.7096,9,3,10.9853,46.6944,converged,81515.63,50556.57,-1.4840,4.48,0.0000,0.0453,0.0648,,,,,,,
41.2608,8,8,26.4779,67.7379,converged,81515.66,50556.21,-1.4687,4.56,0.0000,0.0569,0.1026,0.1889,0.6022,0.6195,0.2721,0.0984,,
54.2405,6,6,29.3518,83.5918,completed,81515.66,50556.21,-1.4687,4.56,0.0000,0.0719,0.1011,0.9630,0.7423,0.1823,,,,
51.2521,7,3,14.0653,65.3174,converged,81515.78,50555.10,-1.4266,4.75,0.0000,0.0205,0.0829,,,,,,,
58.9832,5,5,27.4986,86.4816,completed,81515.78,50555.10,-1.4266,4.75,0.0000,0.0409,0.3903,0.7669,0.3041,,,,,
38.0131,9,9,36.8982,74.9112,completed,81515.94,50553.97,-1.4116,4.88,0.0000,0.0215,0.1456,0.4074,0.6708,0.6844,0.4612,0.2506,0.1487,
20.3141,10,10,35.3542,55.6682,converged,81515.94,50553.97,-1.4116,4.88,0.0000,0.0135,0.1021,0.3175,0.6265,0.7309,0.6775,0.3247,0.1620,0.0863
56.8987,6,6,26.9651,83.8632,completed,81516.12,50552.88,-1.3978,5.03,0.0000,0.1345,0.5503,0.7682,0.6492,0.3648,,,,
50.0115,7,7,30.4703,80.4814,completed,81516.12,50552.88,-1.3978,5.03,0.0000,0.0464,0.3053,0.9726,0.7931,0.5111,0.2598,,,
38.2993,9,9,40.1253,78.4243,completed,81516.35,50551.51,-1.3891,5.30,0.0000,0.1076,0.2779,0.3428,1.0591,1.2301,0.1891,0.2289,0.2618,
36.5104,9,9,37.8104,74.3205,completed,81516.35,50551.51,-1.3891,5.30,0.0000,0.0422,0.1682,0.3510,0.3379,0.3881,0.2777,0.1965,0.2433,
22.0746,10,4,14.4037,36.4778,converged,81516.53,50550.47,-1.3857,5.55,0.0000,0.0421,0.1088,0.0898,,,,,,
34.8394,9,4,16.2934,51.1324,converged,81516.53,50550.47,-1.3857,5.55,0.0000,0.0386,0.1048,0.0868,,,,,,
37.6681,9,9,36.7184,74.3864,converged,81516.74,50549.33,-1.3846,5.80,0.0000,0.0460,0.1286,0.1199,0.4379,0.3550,0.2386,0.1777,0.0943,
30.8672,10,10,44.2797,75.1468,completed,81516.74,50549.33,-1.3846,5.80,0.0000,0.0454,0.1176,0.1657,0.1637,0.5600,0.1594,0.2542,0.1336,0.1126
31.4127,10,3,11.1947,42.6068,converged,81516.95,50548.20,-1.3853,6.14,0.0000,0.0386,0.0955,,,,,,,
45.0361,8,4,16.1221,61.1581,converged,81516.95,50548.20,-1.3853,6.14,0.0000,0.0521,0.1398,0.0706,,,,,,
44.5325,8,8,32.3792,76.9112,completed,81517.19,50546.88,-1.3848,6.61,0.0000,0.0558,0.1294,0.1094,0.4149,0.2538,0.1393,0.1950,,
47.6047,7,7,31.8699,79.4740,completed,81517.19,50546.88,-1.3848,6.61,0.0000,0.0688,0.1541,0.3682,0.3760,0.1445,0.1566,,,
22.8724,10,3,11.5867,34.4588,converged,81517.48,50545.33,-1.3849,7.09,0.0000,0.0432,0.0889,,,,,,,
36.2218,9,9,37.5144,73.7355,completed,81517.48,50545.33,-1.3849,7.09,0.0000,0.0589,0.1196,0.1059,0.5421,0.3943,0.1298,0.1487,0.2636,
56.7152,6,6,33.7443,90.4594,completed,81517.71,50544.12,-1.3848,7.39,0.0000,0.1038,0.1483,0.5973,0.2011,0.1882,,,,
39.4688,9,4,15.1762,54.6442,converged,81517.71,50544.12,-1.3848,7.39,0.0000,0.0614,0.1195,0.0911,,,,,,
57.6443,6,3,14.3457,71.9897,converged,81518.06,50542.25,-1.3863,7.78,0.0000,0.1122,0.0887,,,,,,,
55.8592,6,3,12.5943,68.4533,converged,81518.06,50542.25,-1.3863,7.78,0.0000,0.1213,0.0838,,,,,,,
33.3634,10,3,12.7923,46.1554,converged,81518.39,50540.53,-1.3875,8.10,0.0000,0.0607,0.0881,,,,,,,
47.5242,7,7,33.9057,81.4297,completed,81518.39,50540.53,-1.3875,8.10,0.0000,0.0917,0.1251,0.5971,0.3828,0.1889,0.2591,,,
45.3778,8,8,37.7992,83.2194,completed,81518.69,50538.91,-1.3880,8.32,0.0000,0.1086,0.1013,0.4485,0.9248,0.1930,0.3186,0.3662,,
59.6881,5,5,21.3182,81.0062,completed,81518.69,50538.91,-1.3880,8.32,0.0000,0.1458,0.4458,0.4817,0.2672,,,,,
57.1763,6,6,25.9202,83.0962,completed,81519.12,50536.60,-1.3897,8.36,0.0000,0.1207,0.1120,0.9303,0.3501,0.3478,,,,
53.4687,6,3,11.2095,64.6776,converged,81519.12,50536.60,-1.3897,8.36,0.0000,0.0733,0.0841,,,,,,,
25.1820,10,3,11.6795,36.8615,converged,81519.45,50534.79,-1.3920,8.34,0.0000,0.0560,0.0764,,,,,,,
52.3595,6,6,32.8352,85.1942,completed,81519.45,50534.79,-1.3920,8.34,0.0000,0.0441,0.1406,0.1926,0.1347,0.2388,,,,
37.8528,9,3,11.6259,49.4779,converged,81519.75,50533.15,-1.3936,8.32,0.0000,0.0687,0.0966,,,,,,,
31.7961,10,3,11.7943,43.5904,converged,81519.75,50533.15,-1.3936,8.32,0.0000,0.0148,0.0307,,,,,,,
25.9236,10,3,10.7174,36.6404,converged,81520.02,50531.68,-1.3941,8.30,0.0000,0.0434,0.0670,,,,,,,
37.2015,9,3,14.1661,51.3671,converged,81520.14,50531.03,-1.3946,8.29,0.0000,0.0216,0.0398,,,,,,,
57.7141,6,6,35.9119,93.6260,completed,81520.30,50530.12,-1.3961,8.28,0.0000,0.1111,0.2486,0.8048,0.5395,0.4980,,,,
41.8788,8,3,12.5256,54.4037,converged,81520.30,50530.12,-1.3961,8.28,0.0000,0.0242,0.0377,,,,,,,
22.9209,10,10,42.9028,65.8228,completed,81520.63,50528.26,-1.3986,8.25,0.0000,0.3524,0.9199,1.5693,1.6800,6.0641,2.1691,0.4682,0.3643,0.4133
45.3234,8,8,37.9836,83.3067,completed,81520.63,50528.26,-1.3986,8.25,0.0000,0.0936,0.1568,0.2549,0.6347,0.2548,0.3160,0.3280,,
50.7478,7,7,38.6270,89.3740,completed,81520.95,50526.39,-1.4024,8.23,0.0000,0.5853,1.7838,2.5477,4.4419,1.4042,0.8834,,,
50.4233,7,7,28.3312,78.7543,completed,81520.95,50526.39,-1.4024,8.23,0.0000,0.0581,0.1056,0.7811,0.2304,0.4572,0.3674,,,
44.0193,8,8,36.2778,80.2969,completed,81521.27,50524.53,-1.4071,8.22,0.0000,0.3258,1.0522,0.2567,4.4198,1.9078,0.7473,0.5808,,
22.2504,10,3,11.6955,33.9456,converged,81521.27,50524.53,-1.4071,8.22,0.0000,0.0116,0.0412,,,,,,,
56.8989,6,6,22.9660,79.8640,completed,81521.54,50522.90,-1.4114,8.21,0.0000,0.1201,0.7445,3.2237,1.3748,0.7431,,,,
34.8617,9,3,11.8307,46.6917,converged,81521.54,50522.90,-1.4114,8.21,0.0000,0.0179,0.0553,,,,,,,
47.4744,7,7,30.9432,78.4172,completed,81521.83,50521.12,-1.4175,8.20,0.0000,0.1654,0.8195,1.9187,1.9976,1.0405,0.6142,,,
53.1487,6,4,21.2084,74.3565,converged,81521.83,50521.12,-1.4175,8.20,0.0000,0.0384,0.1517,0.0851,,,,,,
45.0468,8,8,41.8471,86.8931,completed,81522.14,50519.10,-1.4259,8.20,0.0000,0.0181,0.1334,0.2451,0.1084,0.3488,0.6306,0.3888,,
56.5882,6,6,28.1076,84.6958,completed,81522.14,50519.10,-1.4259,8.20,0.0000,0.0453,0.2007,0.1073,0.5817,0.3401,,,,
54.8503,6,6,29.3993,84.2493,completed,81522.44,50517.07,-1.4333,8.19,0.0000,0.0170,0.2067,0.1328,0.7409,0.5040,,,,
35.4739,9,3,18.5420,54.0151,converged,81522.44,50517.07,-1.4333,8.19,0.0000,0.0152,0.0725,,,,,,,
36.2517,9,3,18.0386,54.2897,converged,81522.68,50515.29,-1.4402,8.20,0.0000,0.0151,0.0372,,,,,,,
42.0765,8,3,11.1141,53.1902,converged,81522.68,50515.29,-1.4402,8.20,0.0000,0.0323,0.0829,,,,,,,
59.2428,5,5,25.7460,84.9881,completed,81522.90,50513.66,-1.4453,8.20,0.0000,0.0320,0.3346,0.2695,0.5380,,,,,
37.6289,9,3,19.2630,56.8910,converged,81522.90,50513.66,-1.4453,8.20,0.0000,0.0322,0.0659,,,,,,,
55.6326,6,6,34.0027,89.6347,completed,81523.13,50511.80,-1.4498,8.20,0.0000,0.0173,0.2014,0.2334,0.7040,0.4867,,,,
50.6177,7,3,13.6987,64.3157,converged,81523.13,50511.80,-1.4498,8.20,0.0000,0.0411,0.0760,,,,,,,
30.9640,10,3,9.6328,40.5959,converged,81523.36,50509.97,-1.4544,8.21,0.0000,0.0169,0.0125,,,,,,,
48.5325,7,5,17.0429,65.5756,converged,81523.36,50509.97,-1.4544,8.21,0.0000,0.0093,0.1072,0.2783,0.0942,,,,,
35.2979,9,3,14.0678,49.3649,converged,81523.52,50508.54,-1.4576,8.22,0.0000,0.0135,0.0265,,,,,,,
33.6794,10,3,11.0107,44.6897,converged,81523.52,50508.54,-1.4576,8.22,0.0000,0.0025,0.0327,,,,,,,
57.1992,6,6,24.0221,81.2212,completed,81523.71,50506.91,-1.4601,8.22,0.0000,0.0307,0.1152,0.1473,0.6388,0.4917,,,,
46.6729,7,7,33.5078,80.1798,completed,81523.71,50506.91,-1.4601,8.22,0.0000,0.0067,0.1035,0.3046,0.1222,0.6918,0.3020,,,
43.6066,8,3,11.0848,54.6908,converged,81523.94,50504.87,-1.4629,8.23,0.0000,0.0235,0.0320,,,,,,,
42.9329,8,3,12.4455,55.3776,converged,81523.94,50504.87,-1.4629,8.23,0.0000,0.0101,0.0501,,,,,,,
44.0486,8,3,10.2209,54.2689,converged,81524.12,50503.24,-1.4645,8.24,0.0000,0.0158,0.0329,,,,,,,
46.9441,7,3,15.1142,62.0582,converged,81524.19,50502.59,-1.4650,8.24,0.0000,0.0052,0.0838,,,,,,,
28.1305,10,3,14.4808,42.6109,converged,81524.19,50502.59,-1.4650,8.24,0.0000,0.0102,0.0131,,,,,,,
56.9169,6,6,29.0756,85.9917,completed,81524.38,50500.79,-1.4655,8.24,0.0000,0.0094,0.1644,0.1404,0.6172,0.3824,,,,
32.7840,10,3,17.3998,50.1839,converged,81524.38,50500.79,-1.4655,8.24,0.0000,0.0119,0.0083,,,,,,,
46.2827,7,3,12.6154,58.8974,converged,81524.58,50498.99,-1.4660,8.24,0.0000,0.0169,0.0479,,,,,,,
23.2364,10,3,11.9958,35.2318,converged,81524.58,50498.99,-1.4660,8.24,0.0000,0.0138,0.0106,,,,,,,
24.9089,10,3,12.8701,37.7782,converged,81524.73,50497.52,-1.4646,8.24,0.0000,0.0091,0.0072,,,,,,,
31.3958,10,3,10.9042,42.2992,converged,81524.82,50496.70,-1.4636,8.24,0.0000,0.0153,0.0138,,,,,,,
30.5559,10,3,10.5744,41.1294,converged,81524.89,50496.04,-1.4630,8.24,0.0000,0.0078,0.0492,,,,,,,
25.1857,10,3,11.7483,36.9334,converged,81525.00,50495.06,-1.4626,8.24,0.0000,0.0132,0.0085,,,,,,,
36.6554,9,3,13.3200,49.9750,converged,81525.07,50494.41,-1.4621,8.24,0.0000,0.0168,0.0890,,,,,,,
37.8402,9,3,9.7415,47.5815,converged,81525.18,50493.43,-1.4609,8.24,0.0000,0.0206,0.0159,,,,,,,
26.3440,10,3,12.0011,38.3451,converged,81525.25,50492.77,-1.4600,8.24,0.0000,0.0011,0.0306,,,,,,,
32.2375,10,3,10.9073,43.1443,converged,81525.34,50491.95,-1.4588,8.25,0.0000,0.0292,0.0319,,,,,,,
46.7538,7,3,10.7717,57.5248,converged,81525.44,50491.13,-1.4575,8.25,0.0000,0.0239,0.0154,,,,,,,
41.4751,8,3,9.8897,51.3647,converged,81525.53,50490.35,-1.4560,8.25,0.0000,0.0299,0.0381,,,,,,,
44.0243,8,3,10.5618,54.5858,converged,81525.63,50489.50,-1.4542,8.25,0.0000,0.0218,0.0231,,,,,,,
40.3681,8,3,11.2018,51.5698,converged,81525.63,50489.50,-1.4542,8.25,0.0000,0.0213,0.0327,,,,,,,
59.9943,5,3,10.6694,70.6634,converged,81525.84,50487.70,-1.4500,8.25,0.0000,0.0441,0.0939,,,,,,,
28.2119,10,3,11.5995,39.8106,converged,81525.84,50487.70,-1.4500,8.25,0.0000,0.0282,0.0442,,,,,,,
25.1726,10,3,11.8916,37.0637,converged,81526.04,50486.06,-1.4453,8.25,0.0000,0.0329,0.0661,,,,,,,
40.8161,8,3,10.8893,51.7053,converged,81526.12,50485.41,-1.4428,8.24,0.0000,0.0940,0.0650,,,,,,,
45.9772,8,8,30.2403,76.2173,completed,81526.25,50484.43,-1.4391,8.24,0.0000,0.1588,0.2377,1.2778,1.1676,0.2072,0.2670,0.2484,,
53.0786,6,6,35.0337,88.1117,completed,81526.25,50484.43,-1.4391,8.24,0.0000,0.2694,0.6231,2.3217,0.4150,0.4077,,,,
20.0948,10,10,41.6624,61.7564,completed,81526.49,50482.64,-1.4324,8.24,0.0000,0.1006,0.3571,0.8115,1.9534,2.0447,0.1558,0.2340,0.1670,0.1813
30.0233,10,10,39.6752,69.6983,completed,81526.49,50482.64,-1.4324,8.24,0.0000,0.1413,0.4538,0.5806,2.9126,3.8567,0.5870,0.2399,0.1500,0.1807
33.7920,10,10,38.4246,72.2166,completed,81526.76,50480.77,-1.4234,8.25,0.0000,0.1694,0.4433,1.4653,2.5929,2.2549,0.2154,0.2072,0.2083,0.2371
40.1232,8,8,32.7892,72.9122,completed,81526.76,50480.77,-1.4234,8.25,0.0000,0.2612,0.6360,1.8602,6.5352,1.7624,0.4960,0.3199,,
33.6034,10,10,39.8237,73.4267,completed,81527.04,50478.90,-1.4118,8.23,0.0000,0.7260,2.0718,8.9485,7.8714,4.3106,0.1866,0.2731,0.2692,0.1946
20.2863,10,10,49.3203,69.6063,completed,81527.04,50478.90,-1.4118,8.23,0.0000,0.1462,0.4143,2.8484,5.6693,3.6060,0.3500,0.2701,0.2571,0.2081
57.6830,6,6,27.9320,85.6140,completed,81527.31,50477.28,-1.4068,8.20,0.0000,1.6842,14.2741,3.5232,0.6284,0.3770,,,,
46.8253,7,7,40.3122,87.1373,completed,81527.31,50477.28,-1.4068,8.20,0.0000,0.0863,2.2678,6.5461,0.5658,0.3743,0.3046,,,
42.4518,8,8,38.6450,81.0960,completed,81527.68,50475.10,-1.4015,8.19,0.0000,0.3023,5.0091,11.4623,1.0135,0.6749,0.2654,0.2374,,
48.4916,7,7,26.3063,74.7973,completed,81527.68,50475.10,-1.4015,8.19,0.0000,0.2123,4.1775,9.2817,0.9272,0.4398,0.3173,,,
53.8314,6,6,23.6682,77.4992,completed,81527.95,50473.52,-1.4007,8.20,0.0000,1.4901,7.9024,1.3861,0.4562,0.2691,,,,
46.6600,7,7,28.2132,74.8733,completed,81527.95,50473.52,-1.4007,8.20,0.0000,0.3378,4.6465,5.9828,0.8560,0.3630,0.2737,,,
30.9676,10,6,25.9926,56.9597,converged,81528.31,50471.46,-1.3989,8.21,0.0000,0.0765,0.4160,0.6651,0.1406,0.0854,,,,
22.8486,10,10,46.0300,68.8781,completed,81528.31,50471.46,-1.3989,8.21,0.0000,0.1089,0.5717,1.2302,0.6890,0.2732,0.3267,0.2974,0.1711,0.2128
48.0556,7,4,25.6737,73.7288,converged,81528.62,50469.68,-1.3974,8.22,0.0000,0.0274,0.3020,0.0934,,,,,,
28.3369,10,10,51.5072,79.8432,completed,81528.62,50469.68,-1.3974,8.22,0.0000,0.0247,0.3151,0.7896,0.5596,0.1519,0.2439,0.2690,0.1930,0.2278
33.2881,10,3,10.5278,43.8159,converged,81528.96,50467.74,-1.3961,8.23,0.0000,0.0193,0.0380,,,,,,,
35.0855,9,3,12.2201,47.3051,converged,81528.96,50467.74,-1.3961,8.23,0.0000,0.0084,0.0870,,,,,,,
26.0159,10,3,19.3233,45.3384,converged,81529.23,50466.22,-1.3955,8.24,0.0000,0.0180,0.0191,,,,,,,
51.8760,7,7,47.3820,99.2570,completed,81529.23,50466.22,-1.3955,8.24,0.0000,0.0221,0.1168,0.1781,0.2729,0.2891,0.2769,,,
37.1247,9,3,11.7308,48.8549,converged,81529.57,50464.33,-1.3956,8.24,0.0000,0.0173,0.0665,,,,,,,
54.7584,6,6,25.0952,79.8532,completed,81529.57,50464.33,-1.3956,8.24,0.0000,0.0742,0.1989,0.3705,0.4067,0.2683,,,,
44.3247,8,8,49.8901,94.2142,completed,81529.85,50462.70,-1.3958,8.24,0.0000,0.0623,0.2530,0.4442,0.4591,0.3597,0.3379,0.3329,,
23.0454,10,10,51.7459,74.7910,completed,81529.85,50462.70,-1.3958,8.24,0.0000,0.0417,0.1176,0.1538,0.3375,0.1352,0.2416,0.2768,0.1495,0.1872
52.5692,6,6,24.7209,77.2899,completed,81530.28,50460.30,-1.3958,8.23,0.0000,0.0658,0.4967,0.4922,0.3142,0.6536,,,,
39.5146,9,9,34.5641,74.0781,completed,81530.28,50460.30,-1.3958,8.23,0.0000,0.0442,0.2347,0.4531,0.5419,0.2744,0.3038,0.2840,0.3353,
20.7315,10,10,42.5682,63.2992,completed,81530.60,50458.48,-1.3947,8.22,0.0000,0.0245,0.1016,0.3484,0.3987,0.1460,0.2484,0.2253,0.4786,0.4766
49.0085,7,7,34.7998,83.8079,completed,81530.60,50458.48,-1.3947,8.22,0.0000,0.0393,0.2499,0.4687,0.3643,0.2695,0.2429,,,
47.5046,7,7,41.2407,88.7447,completed,81530.92,50456.71,-1.3940,8.21,0.0000,0.0509,0.3163,0.5382,0.4616,0.3637,0.3187,,,
39.4415,9,9,38.5218,77.9628,completed,81530.92,50456.71,-1.3940,8.21,0.0000,0.0143,0.2166,0.8024,0.2495,0.6328,0.3273,0.1812,0.1676,
31.1873,10,10,55.8130,87.0001,completed,81531.29,50454.61,-1.3936,8.20,0.0000,0.0290,0.1008,0.2842,0.2941,0.2154,0.3468,0.3120,0.2031,0.2684
37.5788,9,9,48.9234,86.5014,completed,81531.29,50454.61,-1.3936,8.20,0.0000,0.0187,0.1937,0.6575,0.4045,0.6086,0.3859,0.1956,0.1669,
46.1661,7,7,34.6475,80.8136,completed,81531.68,50452.47,-1.3925,8.20,0.0000,0.0704,0.3872,0.5059,0.3613,0.3812,0.3470,,,
46.1528,7,7,37.1205,83.2725,completed,81531.68,50452.47,-1.3925,8.20,0.0000,0.0258,0.7497,0.4349,1.2456,0.3999,0.2163,,,
28.9930,10,3,10.7757,39.7678,converged,81532.02,50450.58,-1.3918,8.20,0.0000,0.0253,0.0886,,,,,,,
38.2631,9,9,37.2692,75.5322,completed,81532.02,50450.58,-1.3918,8.20,0.0000,0.0194,0.2492,1.2918,0.6264,1.5946,0.3880,0.2276,0.1667,
50.1793,7,7,29.0505,79.2296,completed,81532.31,50448.97,-1.3914,8.21,0.0000,0.0811,0.3382,0.2171,0.1413,0.2942,0.3081,,,
36.6767,9,9,32.5383,69.2143,completed,81532.31,50448.97,-1.3914,8.21,0.0000,1.7674,3.8661,7.0861,0.6286,1.8297,0.2956,0.2273,0.1615,
41.5906,8,8,35.9434,77.5335,completed,81532.64,50447.19,-1.3920,8.22,0.0000,0.0746,0.2710,0.3061,0.1989,0.2966,0.2347,0.3284,,
41.9884,8,8,45.8654,87.8535,completed,81532.64,50447.19,-1.3920,8.22,0.0000,3.2653,7.7412,4.9122,1.5216,0.6006,0.2768,0.1849,,
21.9946,10,3,11.8152,33.8092,converged,81533.00,50445.18,-1.3918,8.24,0.0000,0.0356,0.0969,,,,,,,
53.0346,6,6,26.2846,79.3187,completed,81533.00,50445.18,-1.3918,8.24,0.0000,3.5833,9.5062,1.1030,0.6006,1.0307,,,,
38.5030,9,3,12.0430,50.5461,converged,81533.30,50443.54,-1.3919,8.25,0.0000,0.0291,0.0898,,,,,,,
50.3438,7,7,33.0846,83.4276,completed,81533.30,50443.54,-1.3919,8.25,0.0000,0.1251,0.1508,0.8556,1.1543,0.2092,0.1561,,,
40.3911,8,8,32.8870,73.2780,completed,81533.59,50441.96,-1.3922,8.24,0.0000,0.0222,0.1031,0.1933,0.1051,0.2054,0.3403,0.4079,,
50.9354,7,3,10.6072,61.5422,converged,81533.59,50441.96,-1.3922,8.24,0.0000,0.0740,0.0850,,,,,,,
30.2350,10,3,11.2701,41.5051,converged,81533.91,50440.21,-1.3930,8.25,0.0000,0.0052,0.0196,,,,,,,
58.4594,5,5,25.5826,84.0416,completed,81533.91,50440.21,-1.3930,8.25,0.0000,0.0875,0.6132,0.9377,0.3469,,,,,
39.6682,9,3,11.4201,51.0881,converged,81534.19,50438.66,-1.3928,8.26,0.0000,0.0098,0.0544,,,,,,,
24.2474,10,3,14.8201,39.0672,converged,81534.19,50438.66,-1.3928,8.26,0.0000,0.0173,0.0814,,,,,,,
20.2748,10,3,10.7171,30.9911,converged,81534.47,50437.08,-1.3933,8.27,0.0000,0.0246,0.0506,,,,,,,
52.6180,6,6,29.5315,82.1485,completed,81534.47,50437.08,-1.3933,8.27,0.0000,0.0234,0.1992,0.1344,0.2236,0.7889,,,,
42.8240,8,8,40.4083,83.2313,completed,81534.73,50435.64,-1.3939,8.27,0.0000,0.1365,0.2856,0.5723,0.2851,0.7499,0.3511,0.2840,,
22.1021,10,3,12.4032,34.5052,converged,81534.73,50435.64,-1.3939,8.27,0.0000,0.0076,0.0271,,,,,,,
30.1279,10,3,17.1268,47.2538,converged,81535.03,50434.02,-1.3944,8.20,0.0000,0.0245,0.0570,,,,,,,
52.8148,6,6,27.0029,79.8169,completed,81535.03,50434.02,-1.3944,8.20,0.0000,0.0273,0.4646,0.2592,0.2884,0.8105,,,,
53.3922,6,6,26.7020,80.0940,completed,81535.31,50432.42,-1.3944,8.03,0.0000,0.1284,0.7899,1.1661,1.0711,0.6110,,,,
22.5985,10,3,18.9359,41.5339,converged,81535.31,50432.42,-1.3944,8.03,0.0000,0.0066,0.0135,,,,,,,
36.1946,9,9,41.8278,78.0219,completed,81535.59,50430.86,-1.3958,7.81,0.0000,0.1631,0.1305,2.8704,2.4146,1.3450,0.8217,0.2455,0.2551,
43.5019,8,3,10.1826,53.6837,converged,81535.59,50430.86,-1.3958,7.81,0.0000,0.0088,0.0149,,,,,,,
59.8973,5,5,20.9970,80.8941,completed,81535.90,50429.17,-1.3956,7.46,0.0000,0.3705,3.4837,2.2301,1.0285,,,,,
53.1623,6,3,11.5839,64.7460,converged,81535.90,50429.17,-1.3956,7.46,0.0000,0.0103,0.0811,,,,,,,
53.1909,6,6,29.9590,83.1490,completed,81536.22,50427.35,-1.3971,6.96,0.0000,0.1153,1.2965,1.5867,1.2135,0.7129,,,,
20.3847,10,10,51.4447,71.8287,completed,81536.22,50427.35,-1.3971,6.96,0.0000,0.0178,0.1078,0.4881,0.7361,0.2242,0.1931,0.2256,0.5460,0.4894
31.9388,10,3,19.1310,51.0691,converged,81536.47,50425.89,-1.3982,6.45,0.0000,0.0660,0.0720,,,,,,,
34.2382,9,3,13.7342,47.9722,converged,81536.47,50425.89,-1.3982,6.45,0.0000,0.0081,0.0444,,,,,,,
28.7982,10,10,41.9788,70.7768,completed,81536.66,50424.78,-1.3986,6.09,0.0000,0.0986,0.4490,0.5437,3.3636,2.4002,1.2197,0.5640,0.2718,0.2846
40.4442,8,3,14.6707,55.1148,converged,81536.66,50424.78,-1.3986,6.09,0.0000,0.0075,0.0344,,,,,,,
35.4721,9,3,18.4606,53.9326,converged,81536.88,50423.56,-1.3980,5.68,0.0000,0.1395,0.0850,,,,,,,
58.4927,5,5,34.6860,93.1781,completed,81536.88,50423.56,-1.3980,5.68,0.0000,0.0348,0.4237,0.3114,0.4144,,,,,
26.6617,10,3,11.2374,37.8984,converged,81537.09,50422.32,-1.3991,5.27,0.0000,0.0581,0.0557,,,,,,,
38.0120,9,3,11.2479,49.2590,converged,81537.09,50422.32,-1.3991,5.27,0.0000,0.0047,0.0330,,,,,,,
52.7709,6,6,33.3011,86.0711,completed,81537.25,50421.43,-1.3991,4.97,0.0000,0.2254,1.9874,3.3615,1.6067,0.7240,,,,
50.1112,7,3,12.4680,62.5791,converged,81537.25,50421.43,-1.3991,4.97,0.0000,0.0049,0.0200,,,,,,,
28.5917,10,3,11.6131,40.2042,converged,81537.44,50420.34,-1.3976,4.68,0.0000,0.1167,0.0894,,,,,,,
49.1531,7,3,10.2792,59.4322,converged,81537.44,50420.34,-1.3976,4.68,0.0000,0.0075,0.0358,,,,,,,
32.6354,10,10,43.5976,76.2326,completed,81537.57,50419.57,-1.3978,4.50,0.0000,0.1319,0.3064,0.9253,2.4779,1.7698,1.0081,0.2547,0.2323,0.2901
57.9997,6,3,10.9880,68.9870,converged,81537.57,50419.57,-1.3978,4.50,0.0000,0.0034,0.0310,,,,,,,
46.8412,7,7,34.4686,81.3096,completed,81537.74,50418.60,-1.3979,4.25,0.0000,0.1296,0.9719,2.9395,1.6875,0.5052,0.4256,,,
57.6480,6,6,29.9247,87.5717,completed,81537.74,50418.60,-1.3979,4.25,0.0000,0.0215,0.1115,0.3025,0.2431,0.3744,,,,
42.5235,8,8,37.0094,79.5324,completed,81537.92,50417.60,-1.3971,3.95,0.0000,0.4547,5.1234,2.3651,2.2302,0.7024,0.2552,0.3913,,
23.0719,10,3,10.1402,33.2113,converged,81537.92,50417.60,-1.3971,3.95,0.0000,0.0133,0.0136,,,,,,,
23.2355,10,10,39.5770,62.8120,completed,81538.06,50416.82,-1.3965,3.72,0.0000,0.0681,0.1469,0.5768,0.5124,0.2285,0.6239,0.2105,0.2053,0.2014
59.9350,5,5,30.7350,90.6701,completed,81538.06,50416.82,-1.3965,3.72,0.0000,0.0369,0.4731,0.4295,0.2790,,,,,
46.5766,7,7,36.1816,82.7576,completed,81538.20,50416.04,-1.3954,3.45,0.0000,0.0529,0.4717,0.3787,0.6979,0.3650,0.3340,,,
25.0387,10,3,10.9300,35.9681,converged,81538.20,50416.04,-1.3954,3.45,0.0000,0.0183,0.0175,,,,,,,
34.0610,9,3,12.5214,46.5824,converged,81538.32,50415.39,-1.3953,3.15,0.0000,0.0141,0.0375,,,,,,,
25.8758,10,3,14.2356,40.3513,converged,81538.32,50415.39,-1.3953,3.15,0.0000,0.0155,0.0221,,,,,,,
26.6719,10,3,9.8113,36.4823,converged,81538.41,50414.88,-1.3936,2.82,0.0000,0.0194,0.0371,,,,,,,
52.8695,6,6,26.9694,79.8384,completed,81538.45,50414.66,-1.3931,2.61,0.0000,0.0395,0.4155,0.8280,0.2398,0.1647,,,,
46.6436,7,7,28.7188,75.3619,completed,81538.45,50414.66,-1.3931,2.61,0.0000,0.0228,0.2047,0.8808,0.2207,0.1699,0.1928,,,
53.3843,6,6,22.6395,76.0235,completed,81538.55,50414.12,-1.3975,1.99,0.0000,0.0698,0.8277,0.7452,0.2540,0.1832,,,,
52.3659,6,6,23.0847,75.4498,completed,81538.59,50413.89,-1.3970,1.65,0.0000,0.4437,3.8263,0.9036,0.1564,0.3775,,,,
58.4465,5,5,19.8163,78.2623,completed,81538.59,50413.89,-1.3970,1.65,0.0000,0.1014,1.1268,0.3781,0.1183,,,,,
34.0973,9,9,32.7205,66.8175,completed,81538.65,50413.55,-1.3850,1.12,0.0000,1.0445,9.2551,13.2650,1.3857,1.0220,0.5467,0.4621,0.6775,
42.6738,8,7,26.0363,68.7093,converged,81538.65,50413.55,-1.3850,1.12,0.0000,0.0979,0.2619,0.4543,0.2545,0.1365,0.0339,,,
51.2231,7,7,33.3287,84.5518,completed,81538.69,50413.37,-1.3741,0.73,0.0000,0.2947,7.8061,19.3031,4.3849,1.3530,0.4773,,,
40.1184,8,6,26.7595,66.8776,converged,81538.69,50413.37,-1.3741,0.73,0.0000,0.5510,1.5531,6.0746,0.1419,0.0796,,,,
20.0071,10,10,38.4134,58.4204,completed,81538.72,50413.25,-1.3658,0.46,0.0000,0.1112,2.9895,6.4173,0.8209,1.2323,0.7335,0.4759,0.4449,0.6145
33.4398,10,10,50.6252,84.0643,completed,81538.72,50413.25,-1.3658,0.46,0.0000,1.2561,0.5603,0.7828,5.4295,6.0483,1.6566,0.2877,0.1948,0.1398
22.7198,10,10,42.7202,65.4392,completed,81538.73,50413.19,-1.3616,0.28,0.0000,0.7864,2.8714,11.0626,3.8232,1.2507,0.7205,0.3827,0.3705,0.5048
55.9191,6,6,21.8402,77.7592,completed,81538.73,50413.19,-1.3616,0.28,0.0000,1.4968,11.5227,9.8234,2.8725,0.9067,,,,
21.4452,10,10,41.9802,63.4253,completed,81538.75,50413.13,-1.3579,0.20,0.0000,0.7782,1.8317,8.1802,2.4660,1.1307,0.6274,0.3634,0.3510,0.4687
38.8131,9,9,41.3952,80.2082,completed,81538.75,50413.13,-1.3579,0.20,0.0000,2.0659,0.3364,7.7027,14.0864,0.7297,0.6518,0.2979,0.1778,
43.8071,8,8,41.6103,85.4173,completed,81538.76,50413.10,-1.3549,0.23,0.0000,1.5182,4.1977,13.1489,0.8474,0.4106,0.3442,0.4124,,
33.3523,10,6,20.2139,53.5659,converged,81538.76,50413.10,-1.3549,0.23,0.0000,1.8874,3.3433,4.1212,0.5657,0.0858,,,,
51.3408,7,5,15.8218,67.1618,converged,81538.78,50413.03,-1.3523,0.38,0.0000,3.5731,9.8842,0.8976,0.0329,,,,,
55.9240,6,5,20.2549,76.1780,converged,81538.78,50413.03,-1.3523,0.38,0.0000,2.3964,1.1225,0.1588,0.0515,,,,,
26.8206,10,6,25.5205,52.3405,converged,81538.81,50412.93,-1.3513,0.60,0.0000,2.0140,3.3115,3.5212,0.6300,0.0965,,,,
30.2642,10,6,21.6313,51.8953,converged,81538.81,50412.93,-1.3513,0.60,0.0000,0.8440,1.1114,0.1424,0.1746,0.0726,,,,
21.8639,10,6,24.5599,46.4229,converged,81538.84,50412.79,-1.3509,0.85,0.0000,1.4249,2.1737,1.3950,0.4818,0.0955,,,,
20.1806,10,6,22.3821,42.5622,converged,81538.84,50412.79,-1.3509,0.85,0.0000,0.7750,1.0641,0.1868,0.2666,0.0765,,,,
40.8615,8,6,34.2104,75.0714,converged,81538.87,50412.65,-1.3511,1.01,0.0000,1.4244,2.4290,0.4061,0.1276,0.0325,,,,
20.1014,10,6,32.3735,52.4745,converged,81538.87,50412.65,-1.3511,1.01,0.0000,0.8851,1.3500,0.7827,0.3857,0.0832,,,,
50.9897,7,5,17.8141,68.8031,converged,81538.93,50412.39,-1.3516,1.37,0.0000,2.2078,4.8853,0.3447,0.0863,,,,,
33.4327,10,7,23.3992,56.8312,converged,81538.93,50412.39,-1.3516,1.37,0.0000,1.3707,2.3353,3.4571,0.5038,0.1029,0.0374,,,
27.9349,10,7,27.0420,54.9760,converged,81539.00,50412.09,-1.3508,1.70,0.0000,1.7383,2.9363,7.5618,0.9586,0.1275,0.0500,,,
58.2929,5,5,23.1345,81.4266,converged,81539.00,50412.09,-1.3508,1.70,0.0000,4.4569,9.8898,0.2046,0.0261,,,,,
44.8868,8,8,34.2693,79.1553,converged,81539.10,50411.67,-1.3493,2.09,0.0000,2.1706,3.3754,6.9720,9.6562,3.8521,0.1546,0.0367,,
34.9627,9,7,32.0168,66.9788,converged,81539.10,50411.67,-1.3493,2.09,0.0000,1.8760,3.3602,10.6062,2.9597,0.1560,0.0294,,,
54.3343,6,6,36.8204,91.1544,completed,81539.21,50411.16,-1.3475,2.50,0.0000,0.9968,7.3723,2.1705,0.9393,0.4240,,,,
44.6929,8,8,42.5519,87.2439,completed,81539.21,50411.16,-1.3475,2.50,0.0000,0.0396,0.5769,0.3352,0.4447,0.4292,0.2987,0.3144,,
58.3205,5,5,21.2037,79.5238,completed,81539.39,50410.41,-1.3445,3.11,0.0000,0.0793,0.6811,0.5254,0.5551,,,,,
38.2701,9,3,10.1350,48.5366,converged,81539.39,50410.41,-1.3445,3.11,0.0000,0.0320,0.0644,,,,,,,
23.4716,10,3,11.5960,35.0670,converged,81539.52,50409.83,-1.3424,3.54,0.0000,0.0192,0.0459,,,,,,,
43.4232,8,8,39.5756,82.9986,completed,81539.52,50409.83,-1.3424,3.54,0.0000,0.3372,2.5144,4.7454,1.7470,0.3524,0.2182,0.3180,,
23.6956,10,10,41.1538,64.8489,completed,81539.71,50409.05,-1.3400,4.00,0.0000,0.5032,1.4653,5.1836,9.9269,2.7063,0.3013,0.8293,0.4204,0.3208
56.2451,6,6,25.2614,81.5065,completed,81539.71,50409.05,-1.3400,4.00,0.0000,0.0375,0.1266,0.5584,0.9572,0.9727,,,,
28.2562,10,3,13.5333,41.7893,converged,81539.92,50408.15,-1.3407,4.38,0.0000,0.0129,0.0474,,,,,,,
46.3433,7,7,32.1687,78.5118,completed,81539.92,50408.15,-1.3407,4.38,0.0000,0.0270,0.1150,0.3437,0.5964,1.2172,1.0550,,,
32.0752,10,3,10.1423,42.2174,converged,81540.12,50407.29,-1.3422,4.67,0.0000,0.0131,0.0504,,,,,,,
41.9955,8,3,11.9765,53.9715,converged,81540.12,50407.29,-1.3422,4.67,0.0000,0.0199,0.0864,,,,,,,
47.5949,7,3,14.4444,62.0384,converged,81540.32,50406.46,-1.3397,4.98,0.0000,0.0258,0.0896,,,,,,,
38.9785,9,3,21.5062,60.4843,converged,81540.32,50406.46,-1.3397,4.98,0.0000,0.0123,0.0539,,,,,,,
47.4806,7,7,40.5993,88.0794,completed,81540.57,50405.41,-1.3384,5.39,0.0000,0.0293,0.1252,0.7689,0.5650,0.9848,0.8564,,,
40.6121,8,3,10.8480,51.4600,converged,81540.57,50405.41,-1.3384,5.39,0.0000,0.0185,0.0683,,,,,,,
45.9984,8,3,11.0139,57.0120,converged,81540.86,50404.18,-1.3361,5.88,0.0000,0.0276,0.0707,,,,,,,
30.1862,10,3,18.5149,48.7009,converged,81540.86,50404.18,-1.3361,5.88,0.0000,0.0162,0.0482,,,,,,,
37.5787,9,3,17.7582,55.3362,converged,81541.10,50403.17,-1.3323,6.25,0.0000,0.0263,0.0646,,,,,,,
26.3084,10,3,16.2661,42.5741,converged,81541.10,50403.17,-1.3323,6.25,0.0000,0.0187,0.0514,,,,,,,
54.2780,6,6,29.9024,84.1795,completed,81541.41,50401.91,-1.3300,6.71,0.0000,0.0576,0.4187,0.6450,0.6663,0.5515,,,,
59.5996,5,5,21.3765,80.9756,completed,81541.41,50401.91,-1.3300,6.71,0.0000,0.0752,0.7969,0.7151,0.7969,,,,,
39.0655,9,3,12.5771,51.6421,converged,81541.80,50400.35,-1.3272,7.23,0.0000,0.0274,0.0603,,,,,,,
33.7904,10,3,14.5392,48.3293,converged,81541.80,50400.35,-1.3272,7.23,0.0000,0.0226,0.0551,,,,,,,
23.4337,10,3,16.3073,39.7403,converged,81542.09,50399.19,-1.3239,7.57,0.0000,0.0220,0.0510,,,,,,,
58.2434,5,5,27.7990,86.0420,completed,81542.09,50399.19,-1.3239,7.57,0.0000,0.0767,0.8070,0.5981,0.5665,,,,,
40.2752,8,8,29.5338,69.8088,converged,81542.55,50397.37,-1.3207,8.08,0.0000,0.0289,0.1344,0.4596,0.2212,0.2148,0.2092,0.0694,,
55.5930,6,6,36.2668,91.8588,completed,81542.55,50397.37,-1.3207,8.08,0.0000,0.0541,0.4152,0.5543,0.4794,0.3331,,,,
37.3370,9,3,13.0027,50.3397,converged,81543.03,50395.52,-1.3183,8.46,0.0000,0.0222,0.0862,,,,,,,
24.2801,10,3,11.8607,36.1407,converged,81543.24,50394.70,-1.3174,8.61,0.0000,0.0183,0.0600,,,,,,,
24.0586,10,3,19.4038,43.4619,converged,81543.46,50393.84,-1.3172,8.76,0.0000,0.0173,0.0617,,,,,,,
53.9509,6,6,34.0316,87.9816,completed,81543.73,50392.81,-1.3169,8.85,0.0000,0.0593,0.2759,0.2431,0.3940,0.2426,,,,
39.9467,9,3,19.5226,59.4687,converged,81543.73,50392.81,-1.3169,8.85,0.0000,0.0232,0.0850,,,,,,,
42.6763,8,5,29.2587,71.9348,converged,81544.28,50390.71,-1.3160,8.87,0.0000,0.0408,0.1358,0.2243,0.0960,,,,,
35.9289,9,9,42.8887,78.8168,completed,81544.28,50390.71,-1.3160,8.87,0.0000,0.0304,0.1012,0.1548,0.1514,0.1918,0.4760,0.3504,0.1212,
45.9770,8,8,31.4507,77.4277,completed,81544.80,50388.70,-1.3169,8.85,0.0000,0.0636,0.1663,0.1386,0.1064,0.4487,0.4953,0.2084,,
29.0259,10,4,14.0654,43.0904,converged,81544.80,50388.70,-1.3169,8.85,0.0000,0.0334,0.1042,0.0803,,,,,,
31.0253,10,4,15.0096,46.0346,converged,81545.24,50386.99,-1.3184,8.83,0.0000,0.0436,0.1314,0.0698,,,,,,
56.7431,6,6,33.6042,90.3472,completed,81545.46,50386.13,-1.3197,8.82,0.0000,0.0873,0.2331,0.3304,0.5945,0.3110,,,,
20.9165,10,4,15.3044,36.2204,converged,81545.46,50386.13,-1.3197,8.82,0.0000,0.0495,0.1414,0.0641,,,,,,
45.9092,8,3,10.4999,56.4090,converged,81545.95,50384.24,-1.3213,8.78,0.0000,0.0489,0.0568,,,,,,,
37.7275,9,9,33.7205,71.4475,converged,81545.95,50384.24,-1.3213,8.78,0.0000,0.0752,0.1071,0.4258,0.3911,0.3001,0.4126,0.2496,0.0903,
43.4141,8,3,12.6786,56.0926,converged,81546.42,50382.37,-1.3241,8.74,0.0000,0.0440,0.0530,,,,,,,
54.6981,6,6,30.7956,85.4936,completed,81546.42,50382.37,-1.3241,8.74,0.0000,0.1092,0.2167,0.2605,0.3089,0.1706,,,,
27.2497,10,3,19.7781,47.0271,converged,81546.90,50380.45,-1.3271,8.69,0.0000,0.0121,0.0314,,,,,,,
53.8557,6,6,27.8456,81.7007,completed,81546.90,50380.45,-1.3271,8.69,0.0000,0.0743,0.5122,0.3315,0.3356,0.1746,,,,
39.1068,9,9,39.6761,78.7821,completed,81547.37,50378.53,-1.3315,8.62,0.0000,0.0355,0.3048,1.0592,0.2803,0.1201,0.3760,0.2151,0.1112,
26.3235,10,9,32.2989,58.6219,converged,81547.37,50378.53,-1.3315,8.62,0.0000,0.0280,0.1503,1.0517,1.1766,0.3318,0.1737,0.2067,0.0858,
49.6804,7,7,39.9864,89.6665,completed,81547.78,50376.83,-1.3349,8.57,0.0000,0.1239,1.2980,1.2178,0.2434,0.3700,0.1185,,,
24.5496,10,9,38.4441,62.9931,converged,81547.78,50376.83,-1.3349,8.57,0.0000,0.0246,0.2335,1.2516,1.4824,0.4231,0.2098,0.1895,0.0755,
20.8295,10,6,20.9641,41.7931,converged,81548.30,50374.64,-1.3399,8.50,0.0000,0.1350,0.5325,1.5929,1.1275,0.0953,,,,
58.4472,5,5,25.8421,84.2891,completed,81548.30,50374.64,-1.3399,8.50,0.0000,0.3419,2.6170,0.8443,0.3789,,,,,
31.1425,10,9,36.5432,67.6852,converged,81548.67,50373.07,-1.3438,8.47,0.0000,0.1202,0.4578,1.2187,0.9757,0.1901,0.1963,0.2813,0.0927,
30.3710,10,9,28.3227,58.6937,converged,81548.67,50373.07,-1.3438,8.47,0.0000,0.0185,0.1502,0.8403,1.4155,0.7010,0.4615,0.1816,0.0662,
29.8056,10,9,30.8882,60.6932,converged,81549.07,50371.33,-1.3480,8.45,0.0000,0.0212,0.1485,0.6153,1.0150,0.5699,0.4315,0.1671,0.0650,
40.1987,8,8,33.1107,73.3088,converged,81549.07,50371.33,-1.3480,8.45,0.0000,0.0140,0.1957,0.9700,0.8243,0.6740,0.2384,0.0784,,
23.0014,10,9,36.9628,59.9877,converged,81549.50,50369.42,-1.3522,8.44,0.0000,0.0153,0.1068,0.4307,0.6874,0.3622,0.3218,0.1385,0.0648,
21.6169,10,9,43.6575,65.2735,converged,81549.50,50369.42,-1.3522,8.44,0.0000,0.0263,0.1759,0.5782,0.7764,0.3607,0.3076,0.1281,0.0649,
33.4030,10,8,33.5831,66.9862,converged,81549.87,50367.77,-1.3564,8.43,0.0000,0.0197,0.1025,0.3541,0.4787,0.2516,0.2711,0.0937,,
57.4812,6,6,23.7543,81.2353,completed,81549.87,50367.77,-1.3564,8.43,0.0000,0.0854,0.7248,0.6996,0.3944,0.1030,,,,
41.9325,8,7,28.7220,70.6540,converged,81550.27,50365.93,-1.3601,8.43,0.0000,0.0077,0.2081,0.7023,0.3443,0.2448,0.0823,,,
53.4179,6,6,33.5263,86.9433,completed,81550.27,50365.93,-1.3601,8.43,0.0000,0.0126,0.5898,0.6143,0.2916,0.1021,,,,
39.0734,9,3,13.6185,52.6915,converged,81550.70,50363.90,-1.3647,8.44,0.0000,0.0039,0.0325,,,,,,,
39.1621,9,3,20.6455,59.8076,converged,81550.70,50363.90,-1.3647,8.44,0.0000,0.0056,0.0057,,,,,,,
39.5146,9,3,13.2675,52.7815,converged,81551.03,50362.34,-1.3675,8.43,0.0000,0.0083,0.0774,,,,,,,
29.5779,10,3,16.3655,45.9425,converged,81551.03,50362.34,-1.3675,8.43,0.0000,0.0042,0.0217,,,,,,,
37.9318,9,7,36.3855,74.3165,converged,81551.33,50360.89,-1.3703,8.44,0.0000,0.0417,0.2262,0.6653,0.5926,0.1531,0.0934,,,
47.3077,7,7,32.7369,80.0440,completed,81551.33,50360.89,-1.3703,8.44,0.0000,0.0539,0.4438,1.0320,0.2454,0.1174,0.1332,,,
28.4312,10,8,39.7169,68.1479,converged,81551.72,50358.96,-1.3741,8.44,0.0000,0.1548,0.5320,1.2509,1.3774,0.3953,0.1592,0.0474,,
51.7290,7,7,24.8453,76.5733,converged,81551.72,50358.96,-1.3741,8.44,0.0000,0.0998,0.5145,1.1466,0.3158,0.2568,0.0855,,,
42.4953,8,7,23.8062,66.3013,converged,81552.10,50357.03,-1.3766,8.44,0.0000,0.4533,1.6780,2.7213,1.1265,0.3053,0.0535,,,
45.0256,8,8,28.5577,73.5827,converged,81552.10,50357.03,-1.3766,8.44,0.0000,0.2083,0.6149,1.3604,0.6490,0.6123,0.2193,0.0543,,
50.6727,7,7,26.2526,76.9246,converged,81552.43,50355.38,-1.3783,8.44,0.0000,0.8412,3.0642,3.6730,0.9591,0.3124,0.0428,,,
54.9703,6,6,33.5714,88.5416,completed,81552.43,50355.38,-1.3783,8.44,0.0000,0.5856,2.0258,1.2599,1.0543,0.3742,,,,
35.7091,9,7,31.4254,67.1344,converged,81552.87,50353.17,-1.3805,8.43,0.0000,0.9309,2.8741,5.8508,4.7276,0.6408,0.0833,,,
50.3237,7,7,31.1590,81.4820,completed,81552.87,50353.17,-1.3805,8.43,0.0000,0.7503,2.2392,2.3496,0.4132,0.4199,0.2174,,,
55.3697,6,6,36.1060,91.4750,completed,81553.19,50351.52,-1.3821,8.43,0.0000,1.9266,6.5867,5.4636,1.5871,0.3332,,,,
48.1937,7,7,31.4127,79.6058,completed,81553.19,50351.52,-1.3821,8.43,0.0000,0.8151,2.3756,2.5047,0.3728,0.3616,0.2032,,,
28.0652,10,8,27.4444,55.5094,converged,81553.58,50349.44,-1.3840,8.40,0.0000,0.8977,2.4780,5.6872,7.5468,2.7081,0.1533,0.0870,,
48.6623,7,7,34.8741,83.5368,completed,81553.58,50349.44,-1.3840,8.40,0.0000,1.2636,4.2011,5.1615,2.5045,1.1358,0.3255,,,
28.9181,10,7,35.8629,64.7810,converged,81553.97,50347.38,-1.3855,8.36,0.0000,0.8750,2.6114,7.0271,10.7929,2.2818,0.0593,,,
45.9027,8,8,32.8917,78.7938,converged,81553.97,50347.38,-1.3855,8.36,0.0000,1.1231,3.6237,6.6493,4.8120,1.5566,0.3423,0.0365,,
45.8245,8,7,28.0427,73.8668,converged,81554.29,50345.73,-1.3862,8.36,0.0000,1.3896,4.9793,11.1129,4.5427,0.1783,0.0773,,,
51.1224,7,7,39.3206,90.4426,completed,81554.29,50345.73,-1.3862,8.36,0.0000,1.4447,5.3537,7.4531,3.3088,0.9051,0.1168,,,
20.5427,10,7,24.4310,44.9730,converged,81554.65,50343.81,-1.3870,8.37,0.0000,0.9450,2.8463,7.6933,10.4359,1.3870,0.0969,,,
34.5460,9,8,27.6419,62.1869,converged,81554.65,50343.81,-1.3870,8.37,0.0000,0.9952,3.0473,7.2718,6.9835,1.5577,0.2709,0.0709,,
59.5459,5,5,19.9314,79.4765,completed,81554.90,50342.43,-1.3876,8.38,0.0000,3.9547,15.6434,2.2605,0.5837,,,,,
20.7253,10,9,34.1179,54.8429,converged,81554.90,50342.43,-1.3876,8.38,0.0000,0.7419,1.8992,4.2311,4.6473,2.9461,0.9375,0.2656,0.0767,
33.9192,10,7,30.5261,64.4452,converged,81555.26,50340.50,-1.3881,8.36,0.0000,0.9455,2.9528,8.2251,9.4497,0.7447,0.0879,,,
39.9873,9,8,33.4276,73.4146,converged,81555.26,50340.50,-1.3881,8.36,0.0000,0.9509,2.9648,7.0523,6.2491,1.2689,0.2133,0.0543,,
23.6875,10,6,24.6825,48.3695,converged,81555.62,50338.60,-1.3886,8.32,0.0000,1.0135,3.3220,9.1108,7.8094,0.0599,,,,
23.5965,10,7,24.4510,48.0470,converged,81555.62,50338.60,-1.3886,8.32,0.0000,0.9098,2.9865,8.6860,9.1483,0.5693,0.0709,,,
42.4186,8,6,28.8531,71.2712,converged,81555.87,50337.24,-1.3890,8.29,0.0000,1.5529,6.5945,15.4866,2.6027,0.0709,,,,
59.4806,5,5,32.7416,92.2216,completed,81555.87,50337.24,-1.3890,8.29,0.0000,3.7906,17.8530,2.7257,0.7322,,,,,
55.4004,6,6,29.1978,84.5979,completed,81556.25,50335.16,-1.3893,8.23,0.0000,2.6941,15.4744,8.9852,0.5950,0.2513,,,,
32.3304,10,7,26.9600,59.2900,converged,81556.25,50335.16,-1.3893,8.23,0.0000,0.8180,2.7847,8.8937,9.7375,0.8446,0.0209,,,
48.2676,7,5,16.2714,64.5384,converged,81556.57,50333.45,-1.3895,8.20,0.0000,1.8259,10.7275,11.8224,0.0600,,,,,
52.9172,6,6,24.4481,77.3652,completed,81556.57,50333.45,-1.3895,8.20,0.0000,2.4790,13.4031,3.6945,0.3211,0.1055,,,,
31.6963,10,8,34.1780,65.8741,converged,81556.92,50331.57,-1.3898,8.16,0.0000,0.8943,3.2148,10.3918,9.1585,0.2203,0.2070,0.0690,,
33.6838,10,7,26.9852,60.6682,converged,81556.92,50331.57,-1.3898,8.16,0.0000,0.8321,2.6072,6.5164,4.1452,0.2079,0.0154,,,
36.1307,9,7,31.3309,67.4609,converged,81557.16,50330.24,-1.3903,8.11,0.0000,0.2415,0.9182,1.2062,0.1706,0.1600,0.0561,,,
29.3101,10,7,34.6696,63.9797,converged,81557.16,50330.24,-1.3903,8.11,0.0000,0.2020,0.5235,1.0572,0.5013,0.1540,0.0239,,,
42.2609,8,8,34.4888,76.7489,completed,81557.45,50328.65,-1.3906,8.03,0.0000,0.3217,1.3347,0.8092,0.2542,0.1447,0.1316,0.1358,,
28.7748,10,7,26.1562,54.9302,converged,81557.45,50328.65,-1.3906,8.03,0.0000,0.1621,0.3965,0.8001,0.4677,0.1747,0.0141,,,
34.6222,9,7,25.2427,59.8647,converged,81557.74,50327.04,-1.3904,7.93,0.0000,0.1769,0.7653,0.8935,0.2287,0.1706,0.0350,,,
52.5029,6,6,24.1797,76.6817,completed,81557.74,50327.04,-1.3904,7.93,0.0000,0.3743,1.3644,0.8700,0.1150,0.1154,,,,
37.5363,9,7,30.2550,67.7910,converged,81558.07,50325.27,-1.3903,7.81,0.0000,0.0339,0.1175,0.1023,0.1383,0.1027,0.0205,,,
54.2572,6,5,18.5687,72.8257,converged,81558.07,50325.27,-1.3903,7.81,0.0000,0.1549,0.5533,0.2749,0.0416,,,,,
46.8411,7,7,25.1329,71.9739,completed,81558.35,50323.75,-1.3905,7.70,0.0000,0.0635,0.1195,0.3153,0.1851,0.1162,0.1767,,,
33.1951,10,3,12.5876,45.7826,converged,81558.35,50323.75,-1.3905,7.70,0.0000,0.0129,0.0409,,,,,,,
43.7050,8,3,12.8631,56.5682,converged,81558.65,50322.09,-1.3903,7.57,0.0000,0.0230,0.0250,,,,,,,
22.8677,10,3,14.7737,37.6408,converged,81558.65,50322.09,-1.3903,7.57,0.0000,0.0068,0.0384,,,,,,,
31.3532,10,3,12.0780,43.4310,converged,81558.89,50320.78,-1.3904,7.45,0.0000,0.0187,0.0421,,,,,,,
29.2324,10,3,13.7027,42.9347,converged,81559.04,50319.93,-1.3903,7.39,0.0000,0.0028,0.0065,,,,,,,
48.6711,7,3,12.5095,61.1806,converged,81559.15,50319.33,-1.3904,7.34,0.0000,0.0264,0.0515,,,,,,,
21.6973,10,3,11.6404,33.3374,converged,81559.15,50319.33,-1.3904,7.34,0.0000,0.0081,0.0210,,,,,,,
33.6159,10,3,17.1952,50.8102,converged,81559.42,50317.90,-1.3905,7.24,0.0000,0.0029,0.0048,,,,,,,
36.8192,9,3,9.7502,46.5693,converged,81559.57,50317.07,-1.3909,7.19,0.0000,0.0014,0.0193,,,,,,,
41.1265,8,3,9.8100,50.9360,converged,81559.67,50316.48,-1.3912,7.15,0.0000,0.0188,0.0118,,,,,,,
46.8324,7,3,10.0678,56.8998,converged,81559.80,50315.78,-1.3907,7.09,0.0000,0.0051,0.0572,,,,,,,
58.3504,5,4,15.3691,73.7192,converged,81559.93,50315.09,-1.3901,7.05,0.0000,0.0032,0.1659,0.0950,,,,,,
26.0060,10,3,16.2199,42.2249,converged,81559.93,50315.09,-1.3901,7.05,0.0000,0.0052,0.0187,,,,,,,
32.2938,10,3,10.3206,42.6137,converged,81560.20,50313.59,-1.3913,6.94,0.0000,0.0006,0.0045,,,,,,,
52.5366,6,3,14.6492,67.1852,converged,81560.31,50313.03,-1.3913,6.89,0.0000,0.0106,0.0556,,,,,,,
34.5403,9,3,11.2825,45.8226,converged,81560.31,50313.03,-1.3913,6.89,0.0000,0.0010,0.0131,,,,,,,
29.9868,10,3,13.5812,43.5672,converged,81560.58,50311.54,-1.3903,6.78,0.0000,0.0007,0.0066,,,,,,,
21.8767,10,3,11.5521,33.4281,converged,81560.69,50310.92,-1.3903,6.73,0.0000,0.0024,0.0015,,,,,,,
55.5488,6,3,13.6334,69.1814,converged,81560.79,50310.36,-1.3906,6.67,0.0000,0.0014,0.0143,,,,,,,
39.5079,9,3,10.7615,50.2685,converged,81560.79,50310.36,-1.3906,6.67,0.0000,0.0028,0.0018,,,,,,,
25.1322,10,3,11.6641,36.7962,converged,81561.05,50308.93,-1.3895,6.54,0.0000,0.0008,0.0018,,,,,,,
51.3956,7,3,14.3872,65.7822,converged,81561.17,50308.29,-1.3899,6.49,0.0000,0.0013,0.0055,,,,,,,
22.3908,10,3,9.4321,31.8221,converged,81561.17,50308.29,-1.3899,6.49,0.0000,0.0010,0.0048,,,,,,,
21.5292,10,3,11.3815,32.9106,converged,81561.41,50307.03,-1.3899,6.38,0.0000,0.0004,0.0014,,,,,,,
36.0171,9,3,9.5695,45.5865,converged,81561.50,50306.54,-1.3898,6.33,0.0000,0.0010,0.0027,,,,,,,
24.9939,10,3,18.7576,43.7506,converged,81561.61,50305.92,-1.3901,6.30,0.0000,0.0006,0.0014,,,,,,,
56.3093,6,3,9.7458,66.0548,converged,81561.73,50305.31,-1.3901,6.24,0.0000,0.0017,0.0342,,,,,,,
42.0536,8,3,10.0093,52.0624,converged,81561.73,50305.31,-1.3901,6.24,0.0000,0.0014,0.0057,,,,,,,
51.9437,7,3,15.7041,67.6472,converged,81561.98,50303.96,-1.3900,6.13,0.0000,0.0011,0.0154,,,,,,,
57.0015,6,3,13.9492,70.9503,converged,81561.98,50303.96,-1.3900,6.13,0.0000,0.0020,0.0422,,,,,,,
56.9766,6,3,11.6435,68.6195,converged,81562.21,50302.71,-1.3903,6.02,0.0000,0.0020,0.0395,,,,,,,
51.1430,7,3,17.6704,68.8125,converged,81562.21,50302.71,-1.3903,6.02,0.0000,0.0008,0.0079,,,,,,,
28.9893,10,3,14.2269,43.2159,converged,81562.42,50301.54,-1.3897,5.92,0.0000,0.0008,0.0014,,,,,,,
59.1891,5,3,14.5802,73.7693,converged,81562.42,50301.54,-1.3897,5.92,0.0000,0.0038,0.0673,,,,,,,
44.3825,8,3,14.6692,59.0512,converged,81562.63,50300.38,-1.3893,5.81,0.0000,0.0017,0.0058,,,,,,,
22.2054,10,3,16.5811,38.7861,converged,81562.63,50300.38,-1.3893,5.81,0.0000,0.0021,0.0030,,,,,,,
33.1941,10,3,10.4407,43.6347,converged,81562.82,50299.35,-1.3888,5.72,0.0000,0.0020,0.0034,,,,,,,
21.9172,10,3,11.1849,33.1019,converged,81562.91,50298.88,-1.3886,5.67,0.0000,0.0008,0.0025,,,,,,,
24.1765,10,3,12.7519,36.9525,converged,81563.01,50298.33,-1.3885,5.63,0.0000,0.0013,0.0010,,,,,,,
27.2572,10,3,12.5731,39.8302,converged,81563.12,50297.78,-1.3883,5.58,0.0000,0.0020,0.0024,,,,,,,
30.7914,10,3,10.0185,40.8095,converged,81563.24,50297.15,-1.3881,5.52,0.0000,0.0009,0.0015,,,,,,,
50.1061,7,3,11.8458,61.9518,converged,81563.32,50296.69,-1.3883,5.48,0.0000,0.0029,0.0141,,,,,,,
47.4597,7,3,10.8136,58.2727,converged,81563.44,50296.05,-1.3886,5.43,0.0000,0.0045,0.0218,,,,,,,
53.9220,6,3,11.9032,65.8252,converged,81563.44,50296.05,-1.3886,5.43,0.0000,0.0042,0.0332,,,,,,,
50.7291,7,3,10.2178,60.9468,converged,81563.64,50295.00,-1.3886,5.33,0.0000,0.0009,0.0061,,,,,,,
59.4368,5,3,19.8459,79.2819,converged,81563.64,50295.00,-1.3886,5.33,0.0000,0.0062,0.0524,,,,,,,
42.2119,8,3,14.5388,56.7498,converged,81563.84,50293.90,-1.3882,5.24,0.0000,0.0023,0.0063,,,,,,,
58.7460,5,3,15.5808,74.3268,converged,81563.84,50293.90,-1.3882,5.24,0.0000,0.0020,0.0513,,,,,,,
32.3176,10,3,10.6796,42.9966,converged,81564.06,50292.72,-1.3876,5.13,0.0000,0.0017,0.0024,,,,,,,
21.0379,10,3,12.2104,33.2475,converged,81564.06,50292.72,-1.3876,5.13,0.0000,0.0029,0.0051,,,,,,,
50.6578,7,3,10.3466,61.0036,converged,81564.19,50292.05,-1.3874,5.05,0.0000,0.0026,0.0127,,,,,,,
21.3084,10,3,9.8419,31.1500,converged,81564.19,50292.05,-1.3874,5.05,0.0000,0.0027,0.0041,,,,,,,
37.7283,9,3,12.0354,49.7634,converged,81564.37,50291.07,-1.3870,4.96,0.0000,0.0017,0.0024,,,,,,,
46.4583,7,3,14.7100,61.1680,converged,81564.46,50290.59,-1.3869,4.91,0.0000,0.0028,0.0106,,,,,,,
38.2641,9,3,10.3723,48.6363,converged,81564.46,50290.59,-1.3869,4.91,0.0000,0.0024,0.0031,,,,,,,
22.5878,10,3,11.6996,34.2867,converged,81564.64,50289.63,-1.3864,4.81,0.0000,0.0032,0.0044,,,,,,,
31.4454,10,3,10.7540,42.1991,converged,81564.73,50289.16,-1.3863,4.75,0.0000,0.0030,0.0035,,,,,,,
59.0643,5,3,10.4275,69.4915,converged,81564.82,50288.70,-1.3863,4.71,0.0000,0.0116,0.0558,,,,,,,
21.0457,10,3,21.3563,42.4013,converged,81564.82,50288.70,-1.3863,4.71,0.0000,0.0037,0.0044,,,,,,,
32.5223,10,3,10.6680,43.1900,converged,81565.00,50287.71,-1.3861,4.61,0.0000,0.0048,0.0067,,,,,,,
59.2176,5,3,14.0354,73.2524,converged,81565.08,50287.34,-1.3862,4.56,0.0000,0.0072,0.0381,,,,,,,
50.8962,7,3,12.6145,63.5105,converged,81565.08,50287.34,-1.3862,4.56,0.0000,0.0079,0.0211,,,,,,,
33.9300,10,3,10.3039,44.2339,converged,81565.27,50286.30,-1.3861,4.45,0.0000,0.0050,0.0060,,,,,,,
21.8429,10,3,10.3663,32.2084,converged,81565.27,50286.30,-1.3861,4.45,0.0000,0.0059,0.0076,,,,,,,
39.0674,9,3,10.3018,49.3688,converged,81565.41,50285.59,-1.3859,4.36,0.0000,0.0063,0.0080,,,,,,,
58.5003,5,3,11.0513,69.5514,converged,81565.49,50285.16,-1.3858,4.30,0.0000,0.0145,0.0302,,,,,,,
59.1638,5,3,12.1958,71.3589,converged,81565.49,50285.16,-1.3858,4.30,0.0000,0.0137,0.0275,,,,,,,
55.6087,6,3,20.8547,76.4627,converged,81565.66,50284.26,-1.3855,4.20,0.0000,0.0114,0.0262,,,,,,,
36.2562,9,3,13.2577,49.5137,converged,81565.66,50284.26,-1.3855,4.20,0.0000,0.0064,0.0069,,,,,,,
36.4265,9,3,10.5897,47.0157,converged,81565.83,50283.37,-1.3854,4.08,0.0000,0.0068,0.0086,,,,,,,
20.9023,10,3,15.2397,36.1418,converged,81565.83,50283.37,-1.3854,4.08,0.0000,0.0059,0.0060,,,,,,,
50.3979,7,3,10.9089,61.3060,converged,81565.97,50282.65,-1.3849,3.99,0.0000,0.0098,0.0177,,,,,,,
55.7229,6,3,16.4629,72.1850,converged,81565.97,50282.65,-1.3849,3.99,0.0000,0.0115,0.0211,,,,,,,
22.2587,10,3,11.4834,33.7414,converged,81566.12,50281.82,-1.3846,3.87,0.0000,0.0074,0.0103,,,,,,,
59.5500,5,3,13.4449,72.9949,converged,81566.12,50281.82,-1.3846,3.87,0.0000,0.0161,0.0252,,,,,,,
28.6735,10,3,10.7383,39.4113,converged,81566.27,50281.07,-1.3842,3.77,0.0000,0.0065,0.0094,,,,,,,
29.3928,10,3,12.4885,41.8806,converged,81566.27,50281.07,-1.3842,3.77,0.0000,0.0056,0.0062,,,,,,,
48.5582,7,3,10.3297,58.8877,converged,81566.39,50280.46,-1.3841,3.70,0.0000,0.0086,0.0159,,,,,,,
21.9955,10,3,15.5986,37.5937,converged,81566.39,50280.46,-1.3841,3.70,0.0000,0.0060,0.0084,,,,,,,
30.3419,10,3,14.3839,44.7250,converged,81566.52,50279.75,-1.3842,3.59,0.0000,0.0050,0.0065,,,,,,,
27.0416,10,3,10.6820,37.7230,converged,81566.59,50279.40,-1.3842,3.53,0.0000,0.0051,0.0075,,,,,,,
41.4898,8,3,10.2091,51.6981,converged,81566.65,50279.06,-1.3840,3.49,0.0000,0.0072,0.0138,,,,,,,
54.2365,6,3,12.0905,66.3266,converged,81566.65,50279.06,-1.3840,3.49,0.0000,0.0100,0.0209,,,,,,,
31.8320,10,3,11.1727,43.0037,converged,81566.80,50278.32,-1.3837,3.39,0.0000,0.0039,0.0052,,,,,,,
28.6706,10,3,10.2930,38.9630,converged,81566.85,50278.06,-1.3833,3.34,0.0000,0.0044,0.0068,,,,,,,
29.8372,10,3,10.5837,40.4207,converged,81566.91,50277.74,-1.3831,3.30,0.0000,0.0039,0.0060,,,,,,,
49.6904,7,3,11.1308,60.8209,converged,81566.97,50277.42,-1.3831,3.25,0.0000,0.0045,0.0066,,,,,,,
51.1060,7,3,14.6327,65.7387,converged,81566.97,50277.42,-1.3831,3.25,0.0000,0.0064,0.0136,,,,,,,
37.6942,9,3,11.5223,49.2163,converged,81567.11,50276.73,-1.3823,3.15,0.0000,0.0035,0.0062,,,,,,,
42.0280,8,3,9.1096,51.1377,converged,81567.11,50276.73,-1.3823,3.15,0.0000,0.0039,0.0075,,,,,,,
28.0991,10,3,10.0817,38.1807,converged,81567.21,50276.19,-1.3809,3.07,0.0000,0.0033,0.0054,,,,,,,
27.0796,10,3,11.9117,38.9907,converged,81567.27,50275.89,-1.3811,3.02,0.0000,0.0026,0.0044,,,,,,,
44.6708,8,3,10.7315,55.4016,converged,81567.33,50275.60,-1.3809,2.98,0.0000,0.0034,0.0068,,,,,,,
38.0931,9,3,13.7207,51.8138,converged,81567.39,50275.31,-1.3804,2.93,0.0000,0.0029,0.0055,,,,,,,
53.9228,6,3,10.5179,64.4399,converged,81567.46,50274.97,-1.3791,2.89,0.0000,0.0057,0.0097,,,,,,,
58.5862,5,3,13.2392,71.8252,converged,81567.46,50274.97,-1.3791,2.89,0.0000,0.0074,0.0255,,,,,,,
36.8589,9,3,9.9179,46.7760,converged,81567.58,50274.38,-1.3756,2.78,0.0000,0.0038,0.0071,,,,,,,
53.2557,6,3,11.9165,65.1715,converged,81567.58,50274.38,-1.3756,2.78,0.0000,0.0052,0.0111,,,,,,,
53.2914,6,3,15.1317,68.4227,converged,81567.68,50273.88,-1.3738,2.72,0.0000,0.0066,0.0103,,,,,,,
36.4313,9,3,14.8278,51.2588,converged,81567.68,50273.88,-1.3738,2.72,0.0000,0.0030,0.0058,,,,,,,
46.7994,7,3,16.0012,62.8003,converged,81567.79,50273.32,-1.3737,2.62,0.0000,0.0052,0.0104,,,,,,,
27.8790,10,3,11.4399,39.3189,converged,81567.79,50273.32,-1.3737,2.62,0.0000,0.0027,0.0050,,,,,,,
46.0174,7,3,9.6167,55.6338,converged,81567.89,50272.86,-1.3739,2.55,0.0000,0.0048,0.0095,,,,,,,
20.8753,10,3,11.9235,32.7985,converged,81567.89,50272.86,-1.3739,2.55,0.0000,0.0022,0.0044,,,,,,,
59.2678,5,3,11.4735,70.7405,converged,81567.98,50272.41,-1.3723,2.47,0.0000,0.0078,0.0300,,,,,,,
48.5721,7,3,10.7128,59.2849,converged,81567.98,50272.41,-1.3723,2.47,0.0000,0.0046,0.0079,,,,,,,
53.0475,6,3,11.4851,64.5328,converged,81568.09,50271.90,-1.3715,2.38,0.0000,0.0064,0.0107,,,,,,,
58.5648,5,3,13.6004,72.1645,converged,81568.09,50271.90,-1.3715,2.38,0.0000,0.0070,0.0288,,,,,,,
27.8198,10,3,10.7251,38.5441,converged,81568.19,50271.40,-1.3715,2.29,0.0000,0.0031,0.0054,,,,,,,
26.0175,10,3,13.2278,39.2449,converged,81568.19,50271.40,-1.3715,2.29,0.0000,0.0030,0.0048,,,,,,,
40.4280,8,3,11.0613,51.4883,converged,81568.27,50271.00,-1.3709,2.22,0.0000,0.0042,0.0076,,,,,,,
38.5976,9,3,13.1181,51.7152,converged,81568.31,50270.82,-1.3708,2.19,0.0000,0.0038,0.0063,,,,,,,
53.7205,6,3,16.4819,70.2019,converged,81568.31,50270.82,-1.3708,2.19,0.0000,0.0057,0.0163,,,,,,,
29.3397,10,3,10.8669,40.2060,converged,81568.41,50270.34,-1.3687,2.09,0.0000,0.0031,0.0061,,,,,,,
40.3570,8,3,16.5120,56.8690,converged,81568.41,50270.34,-1.3687,2.09,0.0000,0.0040,0.0098,,,,,,,
43.6005,8,3,10.2903,53.8903,converged,81568.49,50269.97,-1.3657,2.02,0.0000,0.0046,0.0101,,,,,,,
21.9812,10,3,11.0658,33.0469,converged,81568.49,50269.97,-1.3657,2.02,0.0000,0.0037,0.0059,,,,,,,
37.1319,9,3,9.8191,46.9501,converged,81568.57,50269.62,-1.3653,1.93,0.0000,0.0044,0.0073,,,,,,,
56.1782,6,3,9.9587,66.1367,converged,81568.61,50269.43,-1.3654,1.89,0.0000,0.0073,0.0129,,,,,,,
54.0352,6,3,11.8155,65.8505,converged,81568.61,50269.43,-1.3654,1.89,0.0000,0.0075,0.0101,,,,,,,
55.7883,6,3,13.4889,69.2770,converged,81568.69,50269.04,-1.3665,1.80,0.0000,0.0065,0.0178,,,,,,,
59.8369,5,3,12.7947,72.6307,converged,81568.69,50269.04,-1.3665,1.80,0.0000,0.0086,0.0214,,,,,,,
43.6251,8,3,13.2040,56.8290,converged,81568.77,50268.67,-1.3653,1.70,0.0000,0.0042,0.0066,,,,,,,
27.5885,10,3,10.2674,37.8554,converged,81568.77,50268.67,-1.3653,1.70,0.0000,0.0032,0.0046,,,,,,,
44.7888,8,3,9.8548,54.6428,converged,81568.84,50268.37,-1.3658,1.64,0.0000,0.0039,0.0055,,,,,,,
39.1333,9,3,9.6628,48.7959,converged,81568.84,50268.37,-1.3658,1.64,0.0000,0.0033,0.0042,,,,,,,
57.8476,6,3,10.5693,68.4164,converged,81568.90,50268.09,-1.3678,1.57,0.0000,0.0049,0.0076,,,,,,,
22.6016,10,3,15.7081,38.3092,converged,81568.90,50268.09,-1.3678,1.57,0.0000,0.0026,0.0034,,,,,,,
56.1226,6,3,10.8888,67.0109,converged,81568.96,50267.80,-1.3711,1.49,0.0000,0.0042,0.0064,,,,,,,
38.2028,9,3,11.1533,49.3553,converged,81568.96,50267.80,-1.3711,1.49,0.0000,0.0026,0.0033,,,,,,,
22.1669,10,3,10.7636,32.9297,converged,81569.02,50267.52,-1.3737,1.41,0.0000,0.0018,0.0026,,,,,,,
56.2361,6,3,9.5788,65.8148,converged,81569.05,50267.38,-1.3741,1.38,0.0000,0.0037,0.0038,,,,,,,
35.4285,9,3,9.7481,45.1761,converged,81569.05,50267.38,-1.3741,1.38,0.0000,0.0020,0.0028,,,,,,,
50.0182,7,3,10.3437,60.3617,converged,81569.11,50267.12,-1.3743,1.30,0.0000,0.0028,0.0036,,,,,,,
45.4973,8,3,10.5784,56.0754,converged,81569.11,50267.12,-1.3743,1.30,0.0000,0.0022,0.0030,,,,,,,
46.8104,7,3,9.6974,56.5074,converged,81569.16,50266.86,-1.3732,1.22,0.0000,0.0024,0.0030,,,,,,,
26.1292,10,3,9.5582,35.6872,converged,81569.16,50266.86,-1.3732,1.22,0.0000,0.0014,0.0026,,,,,,,
39.0373,9,3,10.4776,49.5146,converged,81569.21,50266.65,-1.3727,1.15,0.0000,0.0011,0.0024,,,,,,,
49.6490,7,3,11.9489,61.5979,converged,81569.23,50266.54,-1.3726,1.11,0.0000,0.0018,0.0026,,,,,,,
25.1216,10,3,9.4520,34.5730,converged,81569.23,50266.54,-1.3726,1.11,0.0000,0.0009,0.0023,,,,,,,
28.4431,10,3,10.4967,38.9397,converged,81569.28,50266.32,-1.3714,1.02,0.0000,0.0006,0.0020,,,,,,,
55.7666,6,3,12.2432,68.0093,converged,81569.30,50266.24,-1.3707,0.99,0.0000,0.0016,0.0026,,,,,,,
30.0788,10,3,9.7548,39.8328,converged,81569.30,50266.24,-1.3707,0.99,0.0000,0.0006,0.0020,,,,,,,
30.4852,10,3,9.6714,40.1564,converged,81569.34,50266.05,-1.3700,0.91,0.0000,0.0009,0.0017,,,,,,,
42.3040,8,3,9.7067,52.0107,converged,81569.36,50265.96,-1.3690,0.87,0.0000,0.0012,0.0027,,,,,,,
36.5950,9,3,10.2940,46.8881,converged,81569.38,50265.89,-1.3673,0.85,0.0000,0.0013,0.0019,,,,,,,
23.5028,10,3,12.6645,36.1665,converged,81569.39,50265.81,-1.3640,0.82,0.0000,0.0014,0.0014,,,,,,,
46.2545,7,3,14.3996,60.6537,converged,81569.41,50265.73,-1.3603,0.77,0.0000,0.0019,0.0031,,,,,,,
52.6199,6,3,10.5567,63.1757,converged,81569.41,50265.73,-1.3603,0.77,0.0000,0.0019,0.0050,,,,,,,
29.9281,10,3,14.6989,44.6269,converged,81569.45,50265.58,-1.3533,0.69,0.0000,0.0022,0.0018,,,,,,,
20.3710,10,3,15.5478,35.9188,converged,81569.46,50265.53,-1.3510,0.65,0.0000,0.0020,0.0011,,,,,,,
27.7928,10,3,15.7982,43.5904,converged,81569.48,50265.47,-1.3482,0.62,0.0000,0.0024,0.0021,,,,,,,
45.4861,8,3,9.7210,55.2070,converged,81569.49,50265.42,-1.3456,0.56,0.0000,0.0027,0.0024,,,,,,,
52.7171,6,3,10.3153,63.0324,converged,81569.49,50265.42,-1.3456,0.56,0.0000,0.0049,0.0076,,,,,,,
49.6547,7,3,9.8774,59.5315,converged,81569.52,50265.31,-1.3417,0.46,0.0000,0.0037,0.0047,,,,,,,
32.0541,10,3,12.9411,45.0089,converged,81569.52,50265.31,-1.3417,0.46,0.0000,0.0030,0.0031,,,,,,,
56.6471,6,3,10.6006,67.2480,converged,81569.54,50265.24,-1.3412,0.39,0.0000,0.0044,0.0052,,,,,,,
55.9669,6,3,15.5664,71.5325,converged,81569.54,50265.24,-1.3412,0.39,0.0000,0.0047,0.0053,,,,,,,
48.0873,7,3,13.2897,61.3767,converged,81569.56,50265.16,-1.3421,0.32,0.0000,0.0036,0.0043,,,,,,,
45.1770,8,3,10.1101,55.2872,converged,81569.56,50265.16,-1.3421,0.32,0.0000,0.0032,0.0030,,,,,,,
56.6197,6,3,18.7365,75.3555,converged,81569.58,50265.10,-1.3423,0.25,0.0000,0.0031,0.0050,,,,,,,
30.2249,10,3,11.0790,41.3030,converged,81569.58,50265.10,-1.3423,0.25,0.0000,0.0021,0.0010,,,,,,,
24.0541,10,3,10.9302,34.9842,converged,81569.59,50265.06,-1.3422,0.19,0.0000,0.0016,0.0011,,,,,,,
42.1084,8,3,12.2623,54.3703,converged,81569.60,50265.05,-1.3422,0.15,0.0000,0.0016,0.0020,,,,,,,
43.0452,8,3,14.9574,58.0024,converged,81569.60,50265.03,-1.3421,0.13,0.0000,0.0017,0.0020,,,,,,,
40.1913,8,3,11.2903,51.4813,converged,81569.61,50265.02,-1.3420,0.00,0.0000,0.0013,0.0025,,,,,,,
35.2998,9,3,12.2122,47.5112,converged,81569.61,50265.01,-1.3419,0.00,0.0000,0.0011,0.0019,,,,,,,
52.2545,6,3,11.5295,63.7835,converged,81569.61,50265.01,-1.3419,0.00,0.0000,0.0012,0.0088,,,,,,,
35.5050,9,3,14.0383,49.5434,converged,81569.61,50265.01,-1.3419,0.00,0.0000,0.0010,0.0020,,,,,,,
35.1114,9,3,9.8585,44.9695,converged,81569.61,50265.01,-1.3421,0.00,0.0000,0.0009,0.0020,,,,,,,
24.0519,10,3,10.9585,35.0096,converged,81569.62,50265.01,-1.3421,0.00,0.0000,0.0009,0.0016,,,,,,,
29.0772,10,3,10.8386,39.9157,converged,81569.62,50265.01,-1.3422,0.00,0.0000,0.0008,0.0016,,,,,,,
57.2457,6,3,10.6037,67.8487,converged,81569.62,50265.01,-1.3423,0.00,0.0000,0.0011,0.0089,,,,,,,
33.2972,10,3,14.5019,47.7989,converged,81569.62,50265.01,-1.3423,0.00,0.0000,0.0010,0.0017,,,,,,,
24.7960,10,3,10.6619,35.4580,converged,81569.62,50265.01,-1.3424,0.00,0.0000,0.0009,0.0016,,,,,,,
27.8332,10,3,11.0112,38.8443,converged,81569.62,50265.01,-1.3425,0.00,0.0000,0.0008,0.0017,,,,,,,
31.8520,10,3,10.1964,42.0474,converged,81569.62,50265.01,-1.3425,0.00,0.0000,0.0008,0.0017,,,,,,,
39.3184,9,3,14.9098,54.2416,converged,81569.63,50265.01,-1.3426,0.00,0.0000,0.0009,0.0023,,,,,,,
33.8647,10,3,10.3049,44.1690,converged,81569.63,50265.01,-1.3427,0.00,0.0000,0.0009,0.0018,,,,,,,
20.6181,10,3,10.8154,31.4335,converged,81569.63,50265.01,-1.3427,0.00,0.0000,0.0009,0.0018,,,,,,,
42.0365,8,3,9.9913,52.0273,converged,81569.63,50265.01,-1.3428,0.00,0.0000,0.0009,0.0039,,,,,,,
37.0232,9,3,12.0571,49.0801,converged,81569.63,50265.01,-1.3429,0.00,0.0000,0.0009,0.0026,,,,,,,
27.2757,10,3,10.8020,38.0770,converged,81569.63,50265.01,-1.3429,0.00,0.0000,0.0010,0.0020,,,,,,,
32.2565,10,3,9.8135,42.0695,converged,81569.63,50265.01,-1.3430,0.00,0.0000,0.0008,0.0020,,,,,,,
24.0145,10,3,10.3876,34.4017,converged,81569.64,50265.01,-1.3430,0.00,0.0000,0.0009,0.0021,,,,,,,
28.7530,10,3,14.9027,43.6558,converged,81569.64,50265.01,-1.3431,0.00,0.0000,0.0008,0.0020,,,,,,,
27.7060,10,3,10.0057,37.7118,converged,81569.64,50265.01,-1.3431,0.00,0.0000,0.0008,0.0020,,,,,,,
52.6544,6,3,9.3149,61.9689,converged,81569.64,50265.01,-1.3432,0.00,0.0000,0.0012,0.0100,,,,,,,
31.5141,10,3,9.3256,40.8397,converged,81569.64,50265.01,-1.3432,0.00,0.0000,0.0008,0.0019,,,,,,,
43.2817,8,3,11.6282,54.9092,converged,81569.64,50265.01,-1.3433,0.00,0.0000,0.0008,0.0040,,,,,,,
47.3982,7,3,8.9653,56.3633,converged,81569.64,50265.01,-1.3433,0.00,0.0000,0.0008,0.0065,,,,,,,
47.2177,7,3,9.9992,57.2162,converged,81569.64,50265.01,-1.3433,0.00,0.0000,0.0008,0.0065,,,,,,,
20.6663,10,3,11.7078,32.3738,converged,81569.64,50265.01,-1.3433,0.00,0.0000,0.0008,0.0019,,,,,,,
49.9716,7,3,9.9454,59.9164,converged,81569.64,50265.01,-1.3434,0.00,0.0000,0.0008,0.0064,,,,,,,
22.1552,10,3,10.4681,32.6231,converged,81569.64,50265.01,-1.3434,0.00,0.0000,0.0008,0.0019,,,,,,,
41.9658,8,3,9.3516,51.3166,converged,81569.65,50265.01,-1.3434,0.00,0.0000,0.0009,0.0038,,,,,,,
56.0004,6,3,10.2903,66.2904,converged,81569.65,50265.01,-1.3435,0.00,0.0000,0.0012,0.0095,,,,,,,
37.1697,9,3,9.3668,46.5358,converged,81569.65,50265.01,-1.3435,0.00,0.0000,0.0009,0.0025,,,,,,,
54.3335,6,3,10.0897,64.4227,converged,81569.65,50265.01,-1.3435,0.00,0.0000,0.0012,0.0095,,,,,,,
28.1708,10,3,9.6320,37.8021,converged,81569.65,50265.01,-1.3435,0.00,0.0000,0.0009,0.0019,,,,,,,
45.6486,8,3,10.0401,55.6881,converged,81569.65,50265.01,-1.3436,0.00,0.0000,0.0009,0.0037,,,,,,,
50.1503,7,3,10.1661,60.3161,converged,81569.65,50265.01,-1.3436,0.00,0.0000,0.0008,0.0063,,,,,,,
23.5776,10,3,15.5714,39.1484,converged,81569.65,50265.01,-1.3436,0.00,0.0000,0.0009,0.0019,,,,,,,
23.3122,10,3,11.5887,34.9011,converged,81569.65,50265.01,-1.3436,0.00,0.0000,0.0009,0.0019,,,,,,,
51.7598,7,3,10.8924,62.6514,converged,81569.65,50265.01,-1.3436,0.00,0.0000,0.0008,0.0063,,,,,,,
41.4113,8,3,10.9351,52.3462,converged,81569.65,50265.01,-1.3436,0.00,0.0000,0.0009,0.0037,,,,,,,
30.3179,10,3,11.9469,42.2639,converged,81569.65,50265.01,-1.3437,0.00,0.0000,0.0009,0.0019,,,,,,,
50.2211,7,3,10.4434,60.6644,converged,81569.65,50265.01,-1.3437,0.00,0.0000,0.0008,0.0063,,,,,,,
24.5009,10,3,10.0583,34.5583,converged,81569.65,50265.01,-1.3437,0.00,0.0000,0.0009,0.0019,,,,,,,
53.2637,6,3,9.4431,62.7061,converged,81569.65,50265.01,-1.3437,0.00,0.0000,0.0012,0.0095,,,,,,,
46.1897,7,3,11.9211,58.1102,converged,81569.65,50265.01,-1.3437,0.00,0.0000,0.0008,0.0062,,,,,,,
49.3221,7,3,13.6517,62.9737,converged,81569.66,50265.01,-1.3437,0.00,0.0000,0.0008,0.0062,,,,,,,
31.5242,10,3,14.5921,46.1161,converged,81569.66,50265.01,-1.3437,0.00,0.0000,0.0009,0.0019,,,,,,,
35.6916,9,3,10.5208,46.2119,converged,81569.66,50265.01,-1.3437,0.00,0.0000,0.0009,0.0025,,,,,,,
54.4878,6,3,9.1263,63.6134,converged,81569.66,50265.01,-1.3437,0.00,0.0000,0.0012,0.0095,,,,,,,
56.2267,6,3,9.8118,66.0378,converged,81569.66,50265.01,-1.3437,0.00,0.0000,0.0012,0.0094,,,,,,,
45.0538,8,3,13.6326,58.6857,converged,81569.66,50265.01,-1.3437,0.00,0.0000,0.0009,0.0037,,,,,,,
55.5280,6,3,10.6198,66.1478,converged,81569.66,50265.01,-1.3437,0.00,0.0000,0.0012,0.0094,,,,,,,
59.7468,5,3,12.2546,72.0006,converged,81569.66,50265.01,-1.3437,0.00,0.0000,0.0020,0.0097,,,,,,,
37.5047,9,3,14.4207,51.9248,converged,81569.66,50265.01,-1.3437,0.00,0.0000,0.0009,0.0025,,,,,,,
43.0629,8,3,11.7734,54.8355,converged,81569.66,50265.01,-1.3438,0.00,0.0000,0.0009,0.0037,,,,,,,
57.5962,6,3,18.5664,76.1625,converged,81569.66,50265.01,-1.3438,0.00,0.0000,0.0012,0.0094,,,,,,,
56.4891,6,3,12.9104,69.3995,converged,81569.66,50265.01,-1.3438,0.00,0.0000,0.0012,0.0094,,,,,,,
28.6430,10,3,12.3251,40.9672,converged,81569.66,50265.01,-1.3438,0.00,0.0000,0.0009,0.0018,,,,,,,
31.2945,10,3,8.8643,40.1583,converged,81569.66,50265.01,-1.3438,0.00,0.0000,0.0009,0.0018,,,,,,,
25.9945,10,3,10.4890,36.4831,converged,81569.66,50265.01,-1.3438,0.00,0.0000,0.0009,0.0018,,,,,,,
57.4320,6,3,10.4040,67.8350,converged,81569.66,50265.01,-1.3438,0.00,0.0000,0.0012,0.0094,,,,,,,
24.2632,10,3,9.9250,34.1880,converged,81569.66,50265.01,-1.3438,0.00,0.0000,0.0009,0.0018,,,,,,,
20.9992,10,3,14.1412,35.1403,converged,81569.66,50265.01,-1.3438,0.00,0.0000,0.0009,0.0018,,,,,,,
28.2723,10,3,10.0918,38.3638,converged,81569.66,50265.01,-1.3438,0.00,0.0000,0.0009,0.0018,,,,,,,
51.2403,7,3,9.0798,60.3199,converged,81569.66,50265.01,-1.3438,0.00,0.0000,0.0008,0.0062,,,,,,,
33.5077,10,3,9.1493,42.6563,converged,81569.66,50265.01,-1.3438,0.00,0.0000,0.0009,0.0018,,,,,,,
20.4530,10,3,10.3881,30.8402,converged,81569.66,50265.01,-1.3438,0.00,0.0000,0.0009,0.0018,,,,,,,
51.9218,7,3,10.7076,62.6287,converged,81569.67,50265.01,-1.3438,0.00,0.0000,0.0008,0.0062,,,,,,,
46.0866,7,3,12.5640,58.6500,converged,81569.67,50265.01,-1.3438,0.00,0.0000,0.0008,0.0062,,,,,,,
54.6917,6,3,11.0324,65.7235,converged,81569.67,50265.01,-1.3438,0.00,0.0000,0.0012,0.0094,,,,,,,
29.4040,10,3,9.3855,38.7896,converged,81569.67,50265.01,-1.3438,0.00,0.0000,0.0009,0.0018,,,,,,,
22.4843,10,3,14.4829,36.9669,converged,81569.67,50265.01,-1.3438,0.00,0.0000,0.0009,0.0018,,,,,,,
36.9983,9,3,11.3481,48.3461,converged,81569.67,50265.01,-1.3438,0.00,0.0000,0.0009,0.0024,,,,,,,
48.6003,7,3,9.3030,57.9030,converged,81569.67,50265.01,-1.3438,0.00,0.0000,0.0008,0.0062,,,,,,,
40.0700,8,3,9.9362,50.0062,converged,81569.67,50265.01,-1.3438,0.00,0.0000,0.0009,0.0037,,,,,,,
49.1505,7,3,10.0775,59.2275,converged,81569.67,50265.01,-1.3438,0.00,0.0000,0.0009,0.0062,,,,,,,
35.7390,9,3,9.4260,45.1640,converged,81569.67,50265.01,-1.3438,0.00,0.0000,0.0009,0.0024,,,,,,,
29.9354,10,3,11.2708,41.2058,converged,81569.67,50265.01,-1.3438,0.00,0.0000,0.0009,0.0018,,,,,,,
59.5041,5,3,15.1192,74.6232,converged,81569.67,50265.01,-1.3438,0.00,0.0000,0.0020,0.0097,,,,,,,
32.9239,10,3,12.5443,45.4673,converged,81569.67,50265.01,-1.3438,0.00,0.0000,0.0009,0.0018,,,,,,,
51.0800,7,3,10.1299,61.2099,converged,81569.67,50265.01,-1.3438,0.00,0.0000,0.0008,0.0062,,,,,,,
36.0418,9,3,10.0828,46.1238,converged,81569.67,50265.01,-1.3438,0.00,0.0000,0.0009,0.0024,,,,,,,
48.6777,7,3,10.3655,59.0425,converged,81569.67,50265.01,-1.3438,0.00,0.0000,0.0009,0.0062,,,,,,,
33.0735,10,3,10.1149,43.1879,converged,81569.67,50265.01,-1.3438,0.00,0.0000,0.0009,0.0018,,,,,,,
24.9780,10,3,10.7603,35.7383,converged,81569.67,50265.01,-1.3438,0.00,0.0000,0.0009,0.0018,,,,,,,
20.6115,10,3,11.5556,32.1666,converged,81569.67,50265.01,-1.3438,0.00,0.0000,0.0009,0.0018,,,,,,,
24.9160,10,3,10.0478,34.9628,converged,81569.67,50265.01,-1.3438,0.00,0.0000,0.0009,0.0018,,,,,,,
41.1068,8,3,10.5514,51.6575,converged,81569.67,50265.01,-1.3438,0.00,0.0000,0.0009,0.0037,,,,,,,
49.0189,7,3,12.8773,61.8953,converged,81569.67,50265.01,-1.3438,0.00,0.0000,0.0009,0.0062,,,,,,,
24.3493,10,3,16.3270,40.6760,converged,81569.67,50265.01,-1.3438,0.00,0.0000,0.0009,0.0018,,,,,,,
32.0668,10,3,11.9538,44.0198,converged,81569.67,50265.01,-1.3438,0.00,0.0000,0.0009,0.0018,,,,,,,
28.0708,10,3,10.0781,38.1481,converged,81569.67,50265.01,-1.3438,0.00,0.0000,0.0009,0.0018,,,,,,,
45.6367,8,3,11.5214,57.1574,converged,81569.67,50265.01,-1.3438,0.00,0.0000,0.0009,0.0037,,,,,,,
49.6606,7,3,8.7204,58.3805,converged,81569.67,50265.01,-1.3438,0.00,0.0000,0.0008,0.0062,,,,,,,
38.7928,9,3,9.9136,48.7056,converged,81569.67,50265.01,-1.3438,0.00,0.0000,0.0009,0.0024,,,,,,,
33.1533,10,3,10.5661,43.7191,converged,81569.67,50265.01,-1.3438,0.00,0.0000,0.0009,0.0018,,,,,,,
51.2049,7,3,10.0839,61.2880,converged,81569.67,50265.01,-1.3438,0.00,0.0000,0.0009,0.0062,,,,,,,
25.4830,10,3,14.4407,39.9238,converged,81569.67,50265.01,-1.3438,0.00,0.0000,0.0009,0.0018,,,,,,,
22.8234,10,3,10.4679,33.2910,converged,81569.67,50265.01,-1.3438,0.00,0.0000,0.0009,0.0018,,,,,,,
52.9971,6,3,14.3695,67.3666,converged,81569.67,50265.01,-1.3438,0.00,0.0000,0.0012,0.0094,,,,,,,
51.9737,7,3,14.8376,66.8107,converged,81569.67,50265.01,-1.3438,0.00,0.0000,0.0009,0.0062,,,,,,,
34.3453,9,3,17.1038,51.4488,converged,81569.67,50265.01,-1.3438,0.00,0.0000,0.0009,0.0024,,,,,,,
47.0162,7,3,12.8102,59.8262,converged,81569.67,50265.01,-1.3438,0.00,0.0000,0.0009,0.0062,,,,,,,
26.6400,10,3,10.1284,36.7684,converged,81569.68,50265.01,-1.3438,0.00,0.0000,0.0009,0.0018,,,,,,,
36.0133,9,3,9.0977,45.1107,converged,81569.68,50265.01,-1.3438,0.00,0.0000,0.0009,0.0024,,,,,,,
40.2685,8,3,10.5471,50.8151,converged,81569.68,50265.01,-1.3438,0.00,0.0000,0.0009,0.0037,,,,,,,
55.6038,6,3,10.5515,66.1546,converged,81569.68,50265.01,-1.3438,0.00,0.0000,0.0011,0.0094,,,,,,,
53.7543,6,3,13.8019,67.5560,converged,81569.68,50265.01,-1.3438,0.00,0.0000,0.0012,0.0094,,,,,,,
31.9330,10,3,10.0640,41.9971,converged,81569.68,50265.01,-1.3438,0.00,0.0000,0.0009,0.0018,,,,,,,
25.6464,10,3,10.8100,36.4561,converged,81569.68,50265.01,-1.3438,0.00,0.0000,0.0009,0.0018,,,,,,,
21.3608,10,3,11.7759,33.1359,converged,81569.68,50265.01,-1.3438,0.00,0.0000,0.0009,0.0018,,,,,,,
39.4938,9,3,9.4618,48.9548,converged,81569.68,50265.01,-1.3438,0.00,0.0000,0.0009,0.0024,,,,,,,
35.8502,9,3,10.0898,45.9398,converged,81569.68,50265.01,-1.3438,0.00,0.0000,0.0009,0.0024,,,,,,,
42.5621,8,3,13.0124,55.5744,converged,81569.68,50265.02,-1.3438,0.00,0.0000,0.0009,0.0037,,,,,,,
56.1570,6,3,9.9087,66.0647,converged,81569.68,50265.01,-1.3437,0.00,0.0000,0.0011,0.0094,,,,,,,
25.2279,10,3,12.6154,38.1152,converged,81569.68,50265.01,-1.3437,0.00,0.0000,0.0009,0.0018,,,,,,,
41.4793,8,3,10.1744,51.6534,converged,81569.68,50265.01,-1.3436,0.00,0.0000,0.0009,0.0037,,,,,,,
45.7117,8,3,10.0443,55.7553,converged,81569.68,50265.01,-1.3436,0.00,0.0000,0.0009,0.0037,,,,,,,
21.7207,10,3,11.1814,32.9015,converged,81569.68,50265.01,-1.3436,0.00,0.0000,0.0009,0.0018,,,,,,,
45.6874,8,3,12.6124,58.2994,converged,81569.68,50265.01,-1.3436,0.00,0.0000,0.0009,0.0037,,,,,,,
50.5350,7,3,10.0409,60.5759,converged,81569.68,50265.01,-1.3436,0.00,0.0000,0.0009,0.0062,,,,,,,
20.7980,10,3,10.4788,31.2759,converged,81569.68,50265.01,-1.3436,0.00,0.0000,0.0009,0.0018,,,,,,,
25.9930,10,3,12.0900,38.0820,converged,81569.68,50265.01,-1.3436,0.00,0.0000,0.0009,0.0018,,,,,,,
58.6327,5,3,11.1042,69.7362,converged,81569.68,50265.01,-1.3436,0.00,0.0000,0.0020,0.0097,,,,,,,
33.9570,10,3,9.5073,43.4634,converged,81569.68,50265.01,-1.3436,0.00,0.0000,0.0009,0.0018,,,,,,,
41.6118,8,3,9.5476,51.1586,converged,81569.68,50265.01,-1.3436,0.00,0.0000,0.0009,0.0037,,,,,,,
39.0315,9,3,10.0650,49.0960,converged,81569.68,50265.01,-1.3436,0.00,0.0000,0.0009,0.0024,,,,,,,
23.2536,10,3,10.0271,33.2801,converged,81569.68,50265.01,-1.3437,0.00,0.0000,0.0009,0.0018,,,,,,,
53.1916,6,3,10.7659,63.9569,converged,81569.68,50265.01,-1.3437,0.00,0.0000,0.0012,0.0094,,,,,,,
53.3587,6,3,9.6362,62.9943,converged,81569.68,50265.01,-1.3437,0.00,0.0000,0.0011,0.0094,,,,,,,
34.5350,9,3,10.9888,45.5239,converged,81569.68,50265.01,-1.3437,0.00,0.0000,0.0009,0.0024,,,,,,,
30.1155,10,3,16.2680,46.3830,converged,81569.68,50265.01,-1.3437,0.00,0.0000,0.0009,0.0018,,,,,,,
42.5940,8,3,17.1655,59.7595,converged,81569.68,50265.01,-1.3437,0.00,0.0000,0.0009,0.0037,,,,,,,
36.7580,9,3,12.2625,49.0205,converged,81569.68,50265.01,-1.3437,0.00,0.0000,0.0009,0.0024,,,,,,,
38.0696,9,3,11.6926,49.7616,converged,81569.68,50265.01,-1.3437,0.00,0.0000,0.0009,0.0024,,,,,,,
41.5810,8,3,9.3996,50.9806,converged,81569.68,50265.01,-1.3437,0.00,0.0000,0.0009,0.0037,,,,,,,
49.7962,7,3,13.5384,63.3344,converged,81569.68,50265.01,-1.3437,0.00,0.0000,0.0009,0.0062,,,,,,,
37.5476,9,3,10.6970,48.2440,converged,81569.68,50265.01,-1.3437,0.00,0.0000,0.0009,0.0024,,,,,,,
42.4102,8,3,9.3268,51.7368,converged,81569.68,50265.01,-1.3437,0.00,0.0000,0.0009,0.0037,,,,,,,
49.8565,7,3,10.0538,59.9099,converged,81569.68,50265.01,-1.3437,0.00,0.0000,0.0009,0.0062,,,,,,,
26.7652,10,3,13.1145,39.8795,converged,81569.68,50265.01,-1.3437,0.00,0.0000,0.0009,0.0018,,,,,,,
45.1337,8,3,11.3271,56.4601,converged,81569.68,50265.01,-1.3437,0.00,0.0000,0.0009,0.0037,,,,,,,
46.6890,7,3,12.8297,59.5187,converged,81569.68,50265.01,-1.3437,0.00,0.0000,0.0009,0.0062,,,,,,,
50.1829,7,3,11.4244,61.6065,converged,81569.68,50265.01,-1.3437,0.00,0.0000,0.0009,0.0062,,,,,,,
23.6332,10,3,12.9035,36.5365,converged,81569.68,50265.01,-1.3437,0.00,0.0000,0.0009,0.0018,,,,,,,
47.7937,7,3,13.0216,60.8146,converged,81569.68,50265.01,-1.3437,0.00,0.0000,0.0009,0.0062,,,,,,,
52.5158,6,3,12.2438,64.7588,converged,81569.68,50265.01,-1.3437,0.00,0.0000,0.0011,0.0094,,,,,,,
28.3285,10,3,9.5021,37.8301,converged,81569.68,50265.02,-1.3437,0.00,0.0000,0.0009,0.0018,,,,,,,
38.0300,9,3,12.1168,50.1458,converged,81569.68,50265.02,-1.3437,0.00,0.0000,0.0009,0.0024,,,,,,,
54.4407,6,3,10.9132,65.3533,converged,81569.68,50265.02,-1.3437,0.00,0.0000,0.0011,0.0094,,,,,,,
28.5458,10,3,11.3082,39.8533,converged,81569.68,50265.02,-1.3437,0.00,0.0000,0.0009,0.0018,,,,,,,
45.1294,8,3,9.2004,54.3294,converged,81569.68,50265.02,-1.3437,0.00,0.0000,0.0009,0.0037,,,,,,,
30.0479,10,3,11.3204,41.3674,converged,81569.68,50265.02,-1.3437,0.00,0.0000,0.0009,0.0018,,,,,,,
28.5912,10,3,13.3397,41.9307,converged,81569.68,50265.02,-1.3437,0.00,0.0000,0.0009,0.0018,,,,,,,
48.1832,7,3,11.2577,59.4408,converged,81569.68,50265.02,-1.3437,0.00,0.0000,0.0009,0.0062,,,,,,,
48.0587,7,3,9.4502,57.5082,converged,81569.68,50265.02,-1.3437,0.00,0.0000,0.0009,0.0062,,,,,,,
46.0697,7,3,10.0557,56.1248,converged,81569.68,50265.02,-1.3437,0.00,0.0000,0.0009,0.0062,,,,,,,
58.5244,5,3,10.4284,68.9524,converged,81569.68,50265.02,-1.3437,0.00,0.0000,0.0020,0.0098,,,,,,,
32.1403,10,3,10.9578,43.0978,converged,81569.68,50265.02,-1.3437,0.00,0.0000,0.0009,0.0018,,,,,,,
38.3906,9,3,11.3769,49.7670,converged,81569.68,50265.02,-1.3437,0.00,0.0000,0.0010,0.0024,,,,,,,
59.0824,5,3,10.7602,69.8422,converged,81569.68,50265.02,-1.3437,0.00,0.0000,0.0020,0.0098,,,,,,,
22.4874,10,3,10.1536,32.6406,converged,81569.68,50265.02,-1.3437,0.00,0.0000,0.0009,0.0018,,,,,,,
51.1199,7,3,10.4557,61.5747,converged,81569.68,50265.02,-1.3437,0.00,0.0000,0.0009,0.0062,,,,,,,
21.1899,10,3,11.3344,32.5235,converged,81569.68,50265.02,-1.3437,0.00,0.0000,0.0009,0.0018,,,,,,,
29.9066,10,3,10.1092,40.0153,converged,81569.68,50265.02,-1.3437,0.00,0.0000,0.0009,0.0018,,,,,,,
53.3570,6,3,10.5157,63.8718,converged,81569.68,50265.02,-1.3437,0.00,0.0000,0.0011,0.0094,,,,,,,
50.5067,7,3,10.9295,61.4356,converged,81569.68,50265.02,-1.3437,0.00,0.0000,0.0009,0.0062,,,,,,,
48.1700,7,3,14.0316,62.2016,converged,81569.68,50265.02,-1.3437,0.00,0.0000,0.0009,0.0062,,,,,,,
59.1824,5,3,12.7926,71.9746,converged,81569.68,50265.02,-1.3437,0.00,0.0000,0.0020,0.0098,,,,,,,
20.7911,10,3,8.9189,29.7100,converged,81569.68,50265.02,-1.3437,0.00,0.0000,0.0009,0.0018,,,,,,,
52.7530,6,3,9.9856,62.7377,converged,81569.68,50265.02,-1.3437,0.00,0.0000,0.0011,0.0094,,,,,,,
26.8282,10,3,10.1187,36.9467,converged,81569.68,50265.02,-1.3437,0.00,0.0000,0.0009,0.0018,,,,,,,
44.7062,8,3,9.8206,54.5266,converged,81569.69,50265.02,-1.3437,0.00,0.0000,0.0009,0.0036,,,,,,,
48.0651,7,3,10.1769,58.2420,converged,81569.69,50265.02,-1.3437,0.00,0.0000,0.0009,0.0062,,,,,,,
57.9667,6,3,13.6280,71.5941,converged,81569.69,50265.02,-1.3437,0.00,0.0000,0.0011,0.0094,,,,,,,
35.2379,9,3,12.5106,47.7476,converged,81569.69,50265.02,-1.3437,0.00,0.0000,0.0010,0.0024,,,,,,,
24.1371,10,3,10.3538,34.4909,converged,81569.69,50265.02,-1.3437,0.00,0.0000,0.0009,0.0018,,,,,,,
23.5662,10,3,11.0784,34.6444,converged,81569.69,50265.02,-1.3437,0.00,0.0000,0.0009,0.0018,,,,,,,
59.8869,5,3,12.2135,72.0995,converged,81569.69,50265.02,-1.3437,0.00,0.0000,0.0020,0.0098,,,,,,,
41.4512,8,3,14.9936,56.4447,converged,81569.69,50265.02,-1.3437,0.00,0.0000,0.0010,0.0036,,,,,,,
51.1706,7,3,9.5192,60.6892,converged,81569.69,50265.02,-1.3437,0.00,0.0000,0.0009,0.0062,,,,,,,
46.5163,7,3,9.9644,56.4805,converged,81569.69,50265.02,-1.3437,0.00,0.0000,0.0009,0.0062,,,,,,,
45.3389,8,3,10.5042,55.8423,converged,81569.69,50265.02,-1.3437,0.00,0.0000,0.0010,0.0037,,,,,,,
22.1017,10,3,9.4511,31.5521,converged,81569.69,50265.02,-1.3437,0.00,0.0000,0.0009,0.0018,,,,,,,
29.0452,10,3,11.1618,40.2068,converged,81569.69,50265.02,-1.3437,0.00,0.0000,0.0009,0.0018,,,,,,,
46.9719,7,3,9.8275,56.7986,converged,81569.69,50265.02,-1.3437,0.00,0.0000,0.0009,0.0062,,,,,,,
59.9625,5,3,13.4147,73.3768,converged,81569.69,50265.02,-1.3437,0.00,0.0000,0.0020,0.0098,,,,,,,
26.9010,10,3,13.5126,40.4126,converged,81569.69,50265.02,-1.3437,0.00,0.0000,0.0009,0.0018,,,,,,,
52.2377,6,3,14.4460,66.6830,converged,81569.69,50265.02,-1.3437,0.00,0.0000,0.0011,0.0094,,,,,,,
40.5321,8,3,12.3783,52.9103,converged,81569.69,50265.02,-1.3437,0.00,0.0000,0.0010,0.0036,,,,,,,
32.7761,10,3,11.0604,43.8364,converged,81569.69,50265.02,-1.3437,0.00,0.0000,0.0009,0.0018,,,,,,,
46.1214,7,3,20.2545,66.3755,converged,81569.69,50265.02,-1.3437,0.00,0.0000,0.0009,0.0062,,,,,,,
21.8244,10,3,10.6637,32.4877,converged,81569.69,50265.02,-1.3437,0.00,0.0000,0.0009,0.0018,,,,,,,
34.2862,9,3,12.6663,46.9523,converged,81569.69,50265.02,-1.3437,0.00,0.0000,0.0010,0.0024,,,,,,,
31.9350,10,3,10.4477,42.3818,converged,81569.69,50265.02,-1.3437,0.00,0.0000,0.0009,0.0018,,,,,,,
37.3146,9,3,11.5584,48.8725,converged,81569.69,50265.02,-1.3437,0.00,0.0000,0.0010,0.0024,,,,,,,
48.1591,7,3,9.8998,58.0589,converged,81569.69,50265.02,-1.3437,0.00,0.0000,0.0009,0.0062,,,,,,,
45.8737,8,3,10.1612,56.0342,converged,81569.69,50265.02,-1.3437,0.00,0.0000,0.0010,0.0036,,,,,,,
38.1014,9,3,9.6852,47.7863,converged,81569.69,50265.02,-1.3437,0.00,0.0000,0.0010,0.0024,,,,,,,
50.7840,7,3,12.8079,63.5910,converged,81569.69,50265.02,-1.3437,0.00,0.0000,0.0009,0.0062,,,,,,,
49.2455,7,3,11.2183,60.4633,converged,81569.69,50265.02,-1.3437,0.00,0.0000,0.0009,0.0062,,,,,,,
39.2494,9,3,15.8406,55.0896,converged,81569.69,50265.02,-1.3437,0.00,0.0000,0.0010,0.0024,,,,,,,
35.6262,9,3,9.9977,45.6237,converged,81569.69,50265.02,-1.3437,0.00,0.0000,0.0009,0.0024,,,,,,,
38.2595,9,3,10.6079,48.8669,converged,81569.69,50265.02,-1.3437,0.00,0.0000,0.0010,0.0024,,,,,,,
28.5917,10,3,11.9209,40.5120,converged,81569.69,50265.02,-1.3437,0.00,0.0000,0.0009,0.0018,,,,,,,
23.9563,10,3,10.0415,33.9975,converged,81569.69,50265.02,-1.3437,0.00,0.0000,0.0009,0.0018,,,,,,,
27.9811,10,3,12.0723,40.0534,converged,81569.69,50265.02,-1.3437,0.00,0.0000,0.0009,0.0018,,,,,,,
57.0777,6,3,10.6325,67.7095,converged,81569.69,50265.02,-1.3437,0.00,0.0000,0.0011,0.0094,,,,,,,
24.6536,10,3,9.2341,33.8871,converged,81569.69,50265.02,-1.3437,0.00,0.0000,0.0009,0.0018,,,,,,,
26.4595,10,3,12.2320,38.6911,converged,81569.69,50265.02,-1.3437,0.00,0.0000,0.0009,0.0018,,,,,,,
26.6427,10,3,9.6474,36.2894,converged,81569.69,50265.02,-1.3437,0.00,0.0000,0.0009,0.0018,,,,,,,
35.2247,9,3,10.6172,45.8413,converged,81569.69,50265.02,-1.3437,0.00,0.0000,0.0010,0.0024,,,,,,,
22.2537,10,3,10.9897,33.2427,converged,81569.69,50265.02,-1.3437,0.00,0.0000,0.0009,0.0018,,,,,,,
26.9966,10,3,12.7971,39.7931,converged,81569.69,50265.02,-1.3437,0.00,0.0000,0.0009,0.0018,,,,,,,
27.4226,10,3,10.8046,38.2266,converged,81569.69,50265.02,-1.3437,0.00,0.0000,0.0009,0.0018,,,,,,,
25.0538,10,3,10.8333,35.8863,converged,81569.69,50265.02,-1.3437,0.00,0.0000,0.0009,0.0018,,,,,,,
51.9353,6,3,9.8014,61.8187,converged,81569.69,50265.02,-1.3437,0.00,0.0000,0.0011,0.0094,,,,,,,
32.4217,10,3,10.3891,42.8102,converged,81569.69,50265.02,-1.3437,0.00,0.0000,0.0009,0.0018,,,,,,,
38.8462,9,3,15.5383,54.3844,converged,81569.69,50265.02,-1.3437,0.00,0.0000,0.0010,0.0024,,,,,,,
56.0332,6,3,15.5492,71.5823,converged,81569.69,50265.02,-1.3437,0.00,0.0000,0.0011,0.0094,,,,,,,
38.2639,9,3,10.8815,49.1445,converged,81569.69,50265.02,-1.3437,0.00,0.0000,0.0010,0.0024,,,,,,,
45.3836,8,3,12.7273,58.1103,converged,81569.69,50265.02,-1.3437,0.00,0.0000,0.0010,0.0036,,,,,,,
47.2726,7,3,10.8175,58.0896,converged,81569.69,50265.02,-1.3437,0.00,0.0000,0.0009,0.0062,,,,,,,
27.8437,10,3,12.4860,40.3291,converged,81569.69,50265.02,-1.3437,0.00,0.0000,0.0009,0.0018,,,,,,,
40.2573,8,3,11.2852,51.5423,converged,81569.69,50265.02,-1.3437,0.00,0.0000,0.0010,0.0036,,,,,,,
30.8491,10,3,9.8593,40.7084,converged,81569.69,50265.02,-1.3437,0.00,0.0000,0.0009,0.0018,,,,,,,
33.3699,10,3,11.3988,44.7678,converged,81569.69,50265.02,-1.3437,0.00,0.0000,0.0009,0.0018,,,,,,,
35.4209,9,3,9.9948,45.4149,converged,81569.69,50265.02,-1.3437,0.00,0.0000,0.0010,0.0024,,,,,,,
21.4422,10,3,10.7929,32.2350,converged,81569.69,50265.02,-1.3437,0.00,0.0000,0.0009,0.0018,,,,,,,
55.1088,6,3,10.3818,65.4898,converged,81569.69,50265.02,-1.3437,0.00,0.0000,0.0011,0.0094,,,,,,,
40.6127,8,3,9.6863,50.2983,converged,81569.69,50265.02,-1.3437,0.00,0.0000,0.0010,0.0036,,,,,,,
39.9897,9,3,13.9269,53.9160,converged,81569.69,50265.02,-1.3437,0.00,0.0000,0.0010,0.0024,,,,,,,
23.4322,10,3,13.0484,36.4804,converged,81569.69,50265.02,-1.3437,0.00,0.0000,0.0009,0.0018,,,,,,,
51.9584,7,3,9.0905,61.0485,converged,81569.69,50265.02,-1.3437,0.00,0.0000,0.0009,0.0062,,,,,,,
48.3657,7,3,10.2934,58.6585,converged,81569.69,50265.02,-1.3437,0.00,0.0000,0.0009,0.0062,,,,,,,
44.8343,8,3,10.1132,54.9472,converged,81569.69,50265.02,-1.3437,0.00,0.0000,0.0010,0.0036,,,,,,,
58.1811,5,3,9.7276,67.9086,converged,81569.69,50265.02,-1.3437,0.00,0.0000,0.0020,0.0098,,,,,,,
40.8518,8,3,14.4391,55.2902,converged,81569.69,50265.02,-1.3437,0.00,0.0000,0.0010,0.0036,,,,,,,
23.4112,10,3,9.9161,33.3280,converged,81569.69,50265.02,-1.3437,0.00,0.0000,0.0009,0.0018,,,,,,,
28.6099,10,3,9.9370,38.5460,converged,81569.69,50265.02,-1.3437,0.00,0.0000,0.0009,0.0018,,,,,,,
31.2209,10,3,12.5875,43.8075,converged,81569.69,50265.02,-1.3437,0.00,0.0000,0.0009,0.0018,,,,,,,
27.7553,10,3,17.3968,45.1518,converged,81569.69,50265.02,-1.3437,0.00,0.0000,0.0009,0.0018,,,,,,,
36.8358,9,3,12.8841,49.7191,converged,81569.69,50265.02,-1.3437,0.00,0.0000,0.0010,0.0024,,,,,,,
34.1800,9,3,9.8874,44.0674,converged,81569.69,50265.02,-1.3437,0.00,0.0000,0.0010,0.0024,,,,,,,
28.7980,10,3,11.6589,40.4569,converged,81569.69,50265.02,-1.3437,0.00,0.0000,0.0009,0.0018,,,,,,,
50.0126,7,3,9.5696,59.6020,converged,81569.69,50265.02,-1.3437,0.00,0.0000,0.0009,0.0062,,,,,,,
26.7936,10,3,13.8045,40.5975,converged,81569.69,50265.02,-1.3437,0.00,0.0000,0.0009,0.0018,,,,,,,
24.2946,10,3,13.6173,37.9114,converged,81569.69,50265.02,-1.3437,0.00,0.0000,0.0009,0.0018,,,,,,,
38.2991,9,3,10.4348,48.7339,converged,81569.69,50265.02,-1.3437,0.00,0.0000,0.0010,0.0024,,,,,,,
23.8469,10,3,11.1269,34.9729,converged,81569.69,50265.02,-1.3437,0.00,0.0000,0.0009,0.0018,,,,,,,
32.2552,10,3,10.3876,42.6427,converged,81569.69,50265.02,-1.3437,0.00,0.0000,0.0009,0.0018,,,,,,,
38.1515,9,3,10.1513,48.3023,converged,81569.69,50265.02,-1.3437,0.00,0.0000,0.0010,0.0024,,,,,,,
43.5585,8,3,9.3132,52.8712,converged,81569.69,50265.02,-1.3437,0.00,0.0000,0.0010,0.0036,,,,,,,
57.1724,6,3,8.8990,66.0711,converged,81569.69,50265.02,-1.3437,0.00,0.0000,0.0011,0.0094,,,,,,,
42.6361,8,3,15.6959,58.3320,converged,81569.69,50265.02,-1.3437,0.00,0.0000,0.0010,0.0036,,,,,,,
27.4054,10,3,10.7187,38.1237,converged,81569.69,50265.02,-1.3437,0.00,0.0000,0.0009,0.0018,,,,,,,
27.4875,10,3,10.9747,38.4617,converged,81569.69,50265.02,-1.3437,0.00,0.0000,0.0009,0.0018,,,,,,,
21.2444,10,3,10.5835,31.8275,converged,81569.69,50265.02,-1.3437,0.00,0.0000,0.0009,0.0018,,,,,,,
42.6275,8,3,8.5379,51.1650,converged,81569.69,50265.02,-1.3437,0.00,0.0000,0.0010,0.0036,,,,,,,
53.1883,6,3,11.0644,64.2524,converged,81569.69,50265.02,-1.3437,0.00,0.0000,0.0011,0.0094,,,,,,,
46.0332,7,3,10.9044,56.9374,converged,81569.69,50265.02,-1.3437,0.00,0.0000,0.0009,0.0062,,,,,,,
33.2761,10,3,10.6712,43.9472,converged,81569.69,50265.02,-1.3437,0.00,0.0000,0.0009,0.0018,,,,,,,
34.3251,9,3,9.3052,43.6303,converged,81569.69,50265.02,-1.3437,0.00,0.0000,0.0010,0.0024,,,,,,,
44.0141,8,3,8.8661,52.8801,converged,81569.69,50265.02,-1.3437,0.00,0.0000,0.0010,0.0036,,,,,,,
38.2248,9,3,8.9230,47.1471,converged,81569.69,50265.02,-1.3437,0.00,0.0000,0.0010,0.0024,,,,,,,
44.4490,8,3,11.3079,55.7570,converged,81569.69,50265.02,-1.3437,0.00,0.0000,0.0010,0.0036,,,,,,,
56.4823,6,3,10.4934,66.9754,converged,81569.69,50265.02,-1.3437,0.00,0.0000,0.0011,0.0094,,,,,,,
43.0906,8,3,11.4370,54.5271,converged,81569.69,50265.02,-1.3437,0.00,0.0000,0.0010,0.0036,,,,,,,
32.9058,10,3,10.1725,43.0775,converged,81569.69,50265.02,-1.3437,0.00,0.0000,0.0009,0.0018,,,,,,,
34.7586,9,3,15.4442,50.2023,converged,81569.69,50265.02,-1.3437,0.00,0.0000,0.0010,0.0024,,,,,,,
43.6891,8,3,10.5435,54.2325,converged,81569.69,50265.02,-1.3437,0.00,0.0000,0.0010,0.0036,,,,,,,
53.7676,6,3,10.3952,64.1623,converged,81569.69,50265.02,-1.3437,0.00,0.0000,0.0011,0.0094,,,,,,,
21.0641,10,3,14.5823,35.6464,converged,81569.69,50265.02,-1.3437,0.00,0.0000,0.0009,0.0018,,,,,,,
26.8983,10,3,14.9987,41.8967,converged,81569.69,50265.02,-1.3437,0.00,0.0000,0.0009,0.0018,,,,,,,
27.3923,10,3,10.3004,37.6925,converged,81569.69,50265.02,-1.3437,0.00,0.0000,0.0009,0.0018,,,,,,,
40.0951,8,3,17.6387,57.7337,converged,81569.69,50265.02,-1.3438,0.00,0.0000,0.0010,0.0036,,,,,,,
58.6161,5,3,14.1894,72.8054,converged,81569.69,50265.02,-1.3438,0.00,0.0000,0.0020,0.0098,,,,,,,
39.9099,9,3,10.5477,50.4568,converged,81569.69,50265.02,-1.3437,0.00,0.0000,0.0010,0.0024,,,,,,,
36.6315,9,3,9.9789,46.6100,converged,81569.69,50265.02,-1.3437,0.00,0.0000,0.0010,0.0024,,,,,,,
34.4284,9,3,9.3882,43.8162,converged,81569.69,50265.02,-1.3437,0.00,0.0000,0.0010,0.0024,,,,,,,
52.4863,6,3,10.6642,63.1502,converged,81569.69,50265.02,-1.3437,0.00,0.0000,0.0011,0.0094,,,,,,,
33.4499,10,3,10.1644,43.6135,converged,81569.69,50265.02,-1.3437,0.00,0.0000,0.0009,0.0018,,,,,,,
54.0622,6,3,15.8016,69.8637,converged,81569.69,50265.02,-1.3437,0.00,0.0000,0.0011,0.0094,,,,,,,
57.3331,6,3,14.4163,71.7494,converged,81569.69,50265.02,-1.3437,0.00,0.0000,0.0011,0.0094,,,,,,,
56.3460,6,3,9.7420,66.0871,converged,81569.69,50265.02,-1.3437,0.00,0.0000,0.0011,0.0094,,,,,,,
28.1299,10,3,9.4204,37.5495,converged,81569.69,50265.02,-1.3437,0.00,0.0000,0.0009,0.0018,,,,,,,
29.0323,10,3,10.7388,39.7708,converged,81569.69,50265.02,-1.3437,0.00,0.0000,0.0009,0.0018,,,,,,,
25.5813,10,3,10.0123,35.5933,converged,81569.69,50265.02,-1.3437,0.00,0.0000,0.0009,0.0018,,,,,,,
51.4425,7,3,10.9748,62.4168,converged,81569.69,50265.02,-1.3437,0.00,0.0000,0.0009,0.0062,,,,,,,
30.7484,10,3,17.8414,48.5894,converged,81569.69,50265.02,-1.3437,0.00,0.0000,0.0009,0.0018,,,,,,,
35.2280,9,3,10.8433,46.0713,converged,81569.69,50265.02,-1.3437,0.00,0.0000,0.0010,0.0024,,,,,,,
38.5210,9,3,11.1846,49.7047,converged,81569.69,50265.02,-1.3437,0.00,0.0000,0.0010,0.0024,,,,,,,
33.1211,10,3,15.6189,48.7400,converged,81569.69,50265.02,-1.3437,0.00,0.0000,0.0009,0.0018,,,,,,,
30.6204,10,3,15.7662,46.3863,converged,81569.69,50265.02,-1.3437,0.00,0.0000,0.0009,0.0018,,,,,,,
51.0945,7,3,17.2251,68.3192,converged,81569.69,50265.02,-1.3438,0.00,0.0000,0.0009,0.0062,,,,,,,
32.1816,10,3,10.5236,42.7046,converged,81569.69,50265.02,-1.3438,0.00,0.0000,0.0009,0.0018,,,,,,,
26.2044,10,3,10.7967,37.0008,converged,81569.69,50265.02,-1.3437,0.00,0.0000,0.0009,0.0018,,,,,,,
46.2863,7,3,14.4812,60.7672,converged,81569.69,50265.02,-1.3437,0.00,0.0000,0.0009,0.0062,,,,,,,
21.3202,10,3,14.9649,36.2849,converged,81569.69,50265.02,-1.3437,0.00,0.0000,0.0009,0.0018,,,,,,,
59.5087,5,3,18.7535,78.2615,converged,81569.69,50265.02,-1.3437,0.00,0.0000,0.0020,0.0097,,,,,,,
25.2458,10,3,9.7752,35.0202,converged,81569.69,50265.02,-1.3437,0.00,0.0000,0.0009,0.0018,,,,,,,
58.8676,5,3,14.0194,72.8864,converged,81569.69,50265.02,-1.3437,0.00,0.0000,0.0020,0.0097,,,,,,,
41.8562,8,3,10.1170,51.9731,converged,81569.69,50265.02,-1.3437,0.00,0.0000,0.0010,0.0036,,,,,,,
55.1092,6,3,19.2370,74.3461,converged,81569.69,50265.02,-1.3437,0.00,0.0000,0.0011,0.0094,,,,,,,
27.0783,10,3,10.5197,37.7387,converged,81569.69,50265.02,-1.3437,0.00,0.0000,0.0009,0.0018,,,,,,,
47.1882,7,3,11.0253,58.2133,converged,81569.69,50265.02,-1.3437,0.00,0.0000,0.0009,0.0062,,,,,,,
32.4948,10,3,11.5540,44.0480,converged,81569.69,50265.02,-1.3437,0.00,0.0000,0.0009,0.0018,,,,,,,
26.2789,10,3,15.8177,42.0958,converged,81569.69,50265.02,-1.3437,0.00,0.0000,0.0009,0.0018,,,,,,,
45.8980,8,3,11.0748,56.9718,converged,81569.69,50265.02,-1.3437,0.00,0.0000,0.0010,0.0036,,,,,,,
59.6849,5,3,13.5345,73.2185,converged,81569.69,50265.02,-1.3437,0.00,0.0000,0.0020,0.0097,,,,,,,
23.6052,10,3,9.8381,33.4432,converged,81569.69,50265.02,-1.3437,0.00,0.0000,0.0009,0.0018,,,,,,,
21.5889,10,3,10.4599,32.0480,converged,81569.69,50265.02,-1.3437,0.00,0.0000,0.0010,0.0018,,,,,,,
49.2537,7,3,11.6115,60.9231,converged,81569.70,50265.02,-1.3438,0.00,0.0000,0.0009,0.0061,,,,,,,
28.0134,10,3,15.1871,43.2001,converged,81569.70,50265.02,-1.3438,0.00,0.0000,0.0009,0.0018,,,,,,,
56.3639,6,3,17.6111,73.9741,converged,81569.70,50265.02,-1.3438,0.00,0.0000,0.0011,0.0094,,,,,,,
53.3504,6,3,10.6066,63.9573,converged,81569.70,50265.02,-1.3438,0.00,0.0000,0.0011,0.0094,,,,,,,
44.1037,8,3,14.3473,58.4503,converged,81569.70,50265.02,-1.3438,0.00,0.0000,0.0010,0.0036,,,,,,,
39.3081,9,3,17.5175,56.8255,converged,81569.70,50265.02,-1.3438,0.00,0.0000,0.0010,0.0024,,,,,,,
57.5955,6,3,13.6976,71.2927,converged,81569.70,50265.02,-1.3437,0.00,0.0000,0.0011,0.0094,,,,,,,
55.1228,6,3,10.2040,65.3261,converged,81569.70,50265.02,-1.3437,0.00,0.0000,0.0011,0.0094,,,,,,,
45.4517,8,3,14.8807,60.3318,converged,81569.70,50265.02,-1.3437,0.00,0.0000,0.0010,0.0036,,,,,,,
58.8392,5,3,11.2134,70.0524,converged,81569.70,50265.02,-1.3437,0.00,0.0000,0.0020,0.0097,,,,,,,
21.8750,10,3,11.2544,33.1284,converged,81569.70,50265.02,-1.3437,0.00,0.0000,0.0009,0.0018,,,,,,,
38.5114,9,3,13.7644,52.2754,converged,81569.70,50265.02,-1.3437,0.00,0.0000,0.0010,0.0024,,,,,,,
27.1414,10,3,10.6571,37.7981,converged,81569.70,50265.02,-1.3437,0.00,0.0000,0.0009,0.0018,,,,,,,
32.6396,10,3,13.1191,45.7581,converged,81569.70,50265.02,-1.3437,0.00,0.0000,0.0009,0.0018,,,,,,,
41.1073,8,3,16.9064,58.0135,converged,81569.70,50265.02,-1.3437,0.00,0.0000,0.0010,0.0036,,,,,,,
53.6821,6,3,15.3983,69.0803,converged,81569.70,50265.02,-1.3437,0.00,0.0000,0.0011,0.0094,,,,,,,
46.5882,7,3,10.0631,56.6512,converged,81569.70,50265.02,-1.3437,0.00,0.0000,0.0009,0.0062,,,,,,,
25.9200,10,3,10.1792,36.0992,converged,81569.70,50265.02,-1.3437,0.00,0.0000,0.0009,0.0018,,,,,,,
29.5720,10,3,13.8385,43.4096,converged,81569.70,50265.02,-1.3438,0.00,0.0000,0.0009,0.0018,,,,,,,
51.8657,7,3,14.9553,66.8204,converged,81569.70,50265.02,-1.3438,0.00,0.0000,0.0009,0.0062,,,,,,,
34.5878,9,3,11.1963,45.7833,converged,81569.70,50265.02,-1.3438,0.00,0.0000,0.0010,0.0024,,,,,,,
39.0729,9,3,10.8693,49.9413,converged,81569.70,50265.02,-1.3438,0.00,0.0000,0.0010,0.0024,,,,,,,
58.9187,5,3,12.3645,71.2825,converged,81569.70,50265.02,-1.3438,0.00,0.0000,0.0020,0.0097,,,,,,,
33.6183,10,3,15.0702,48.6883,converged,81569.70,50265.02,-1.3438,0.00,0.0000,0.0009,0.0018,,,,,,,
35.0027,9,3,9.1906,44.1926,converged,81569.70,50265.02,-1.3438,0.00,0.0000,0.0010,0.0024,,,,,,,
39.1174,9,3,9.6234,48.7404,converged,81569.70,50265.02,-1.3438,0.00,0.0000,0.0010,0.0024,,,,,,,
49.3849,7,3,10.2377,59.6218,converged,81569.70,50265.02,-1.3438,0.00,0.0000,0.0009,0.0062,,,,,,,
21.8456,10,3,14.6343,36.4794,converged,81569.70,50265.02,-1.3438,0.00,0.0000,0.0009,0.0018,,,,,,,
21.0178,10,3,14.1820,35.1990,converged,81569.70,50265.02,-1.3438,0.00,0.0000,0.0009,0.0018,,,,,,,
24.8156,10,3,10.7348,35.5499,converged,81569.70,50265.02,-1.3437,0.00,0.0000,0.0009,0.0012,,,,,,,
46.0409,7,3,12.1536,58.1937,converged,81569.70,50265.02,-1.3437,0.00,0.0000,0.0009,0.0041,,,,,,,
52.0154,6,3,13.5389,65.5540,converged,81569.70,50265.02,-1.3438,0.00,0.0000,0.0011,0.0051,,,,,,,
44.1737,8,3,15.9574,60.1304,converged,81569.70,50265.02,-1.3438,0.00,0.0000,0.0012,0.0022,,,,,,,
46.2877,7,3,11.4269,57.7139,converged,81569.70,50265.02,-1.3438,0.00,0.0000,0.0013,0.0033,,,,,,,
48.0002,7,3,11.6929,59.6929,converged,81569.70,50265.02,-1.3438,0.00,0.0000,0.0013,0.0032,,,,,,,
55.8019,6,3,9.6488,65.4498,converged,81569.69,50265.02,-1.3437,0.00,0.0000,0.0014,0.0059,,,,,,,
57.5514,6,3,10.3450,67.8960,converged,81569.69,50265.02,-1.3437,0.00,0.0000,0.0015,0.0059,,,,,,,
20.4544,10,3,11.5363,31.9904,converged,81569.70,50265.02,-1.3437,0.00,0.0000,0.0012,0.0015,,,,,,,
51.8188,7,3,11.4592,63.2773,converged,81569.70,50265.02,-1.3437,0.00,0.0000,0.0014,0.0041,,,,,,,
54.7421,6,3,17.6576,72.3996,converged,81569.70,50265.02,-1.3437,0.00,0.0000,0.0011,0.0066,,,,,,,
27.7930,10,3,11.9385,39.7315,converged,81569.70,50265.02,-1.3437,0.00,0.0000,0.0010,0.0015,,,,,,,
37.9939,9,3,9.7044,47.6974,converged,81569.70,50265.02,-1.3437,0.00,0.0000,0.0010,0.0021,,,,,,,
41.3003,8,3,10.7989,52.0989,converged,81569.70,50265.02,-1.3437,0.00,0.0000,0.0008,0.0033,,,,,,,
49.0741,7,3,10.2334,59.3074,converged,81569.70,50265.02,-1.3437,0.00,0.0000,0.0008,0.0047,,,,,,,
39.9651,9,3,10.8149,50.7799,converged,81569.70,50265.02,-1.3437,0.00,0.0000,0.0007,0.0022,,,,,,,
38.8346,9,3,9.8501,48.6842,converged,81569.70,50265.02,-1.3437,0.00,0.0000,0.0010,0.0024,,,,,,,
53.2243,6,3,14.6626,67.8867,converged,81569.70,50265.02,-1.3437,0.00,0.0000,0.0011,0.0094,,,,,,,
41.3277,8,3,14.3006,55.6277,converged,81569.70,50265.02,-1.3437,0.00,0.0000,0.0010,0.0036,,,,,,,
27.8068,10,3,14.7986,42.6047,converged,81569.70,50265.02,-1.3437,0.00,0.0000,0.0009,0.0018,,,,,,,
52.9660,6,3,11.7595,64.7245,converged,81569.70,50265.02,-1.3437,0.00,0.0000,0.0011,0.0094,,,,,,,
42.1948,8,3,11.3489,53.5430,converged,81569.70,50265.02,-1.3437,0.00,0.0000,0.0010,0.0036,,,,,,,
45.8404,8,3,9.9953,55.8353,converged,81569.70,50265.02,-1.3438,0.00,0.0000,0.0010,0.0036,,,,,,,
30.4635,10,3,14.9524,45.4155,converged,81569.70,50265.02,-1.3438,0.00,0.0000,0.0010,0.0018,,,,,,,
29.7496,10,3,15.6656,45.4146,converged,81569.70,50265.02,-1.3437,0.00,0.0000,0.0009,0.0018,,,,,,,
32.4506,10,3,11.1982,43.6482,converged,81569.70,50265.02,-1.3437,0.00,0.0000,0.0009,0.0018,,,,,,,
57.2219,6,3,14.4437,71.6648,converged,81569.70,50265.02,-1.3437,0.00,0.0000,0.0011,0.0094,,,,,,,
48.2211,7,3,12.7099,60.9309,converged,81569.70,50265.02,-1.3437,0.00,0.0000,0.0009,0.0062,,,,,,,
28.7267,10,3,11.7638,40.4898,converged,81569.70,50265.02,-1.3437,0.00,0.0000,0.0009,0.0018,,,,,,,
59.1592,5,3,16.0727,75.2317,converged,81569.70,50265.02,-1.3437,0.00,0.0000,0.0020,0.0098,,,,,,,
55.2994,6,3,10.0493,65.3483,converged,81569.70,50265.02,-1.3437,0.00,0.0000,0.0011,0.0094,,,,,,,
48.8187,7,3,12.2779,61.0960,converged,81569.70,50265.02,-1.3437,0.00,0.0000,0.0009,0.0061,,,,,,,
57.9631,6,3,11.7376,69.7007,converged,81569.70,50265.02,-1.3437,0.00,0.0000,0.0011,0.0094,,,,,,,
39.7898,9,3,17.2527,57.0417,converged,81569.70,50265.02,-1.3437,0.00,0.0000,0.0010,0.0024,,,,,,,
27.6229,10,3,11.3949,39.0170,converged,81569.70,50265.02,-1.3437,0.00,0.0000,0.0010,0.0018,,,,,,,
48.6504,7,3,11.7639,60.4139,converged,81569.70,50265.02,-1.3437,0.00,0.0000,0.0009,0.0062,,,,,,,
36.5828,9,3,10.7633,47.3453,converged,81569.70,50265.02,-1.3437,0.00,0.0000,0.0010,0.0024,,,,,,,
52.4792,6,3,12.1689,64.6479,converged,81569.70,50265.02,-1.3437,0.00,0.0000,0.0011,0.0094,,,,,,,
29.2186,10,3,10.1699,39.3880,converged,81569.70,50265.02,-1.3437,0.00,0.0000,0.0009,0.0018,,,,,,,
28.9666,10,3,11.0048,39.9708,converged,81569.70,50265.02,-1.3437,0.00,0.0000,0.0009,0.0018,,,,,,,
39.7507,9,3,11.1388,50.8889,converged,81569.70,50265.02,-1.3437,0.00,0.0000,0.0010,0.0024,,,,,,,
35.9790,9,3,11.1270,47.1051,converged,81569.70,50265.02,-1.3437,0.00,0.0000,0.0010,0.0024,,,,,,,
21.9534,10,3,11.7448,33.6978,converged,81569.70,50265.02,-1.3437,0.00,0.0000,0.0009,0.0018,,,,,,,
29.0859,10,3,13.6814,42.7664,converged,81569.70,50265.02,-1.3437,0.00,0.0000,0.0009,0.0018,,,,,,,
21.5962,10,3,16.5479,38.1440,converged,81569.70,50265.02,-1.3437,0.00,0.0000,0.0009,0.0018,,,,,,,
22.0736,10,3,10.0149,32.0879,converged,81569.70,50265.02,-1.3437,0.00,0.0000,0.0009,0.0018,,,,,,,
56.1376,6,3,11.8939,68.0309,converged,81569.70,50265.02,-1.3438,0.00,0.0000,0.0011,0.0094,,,,,,,
39.5502,9,3,13.5125,53.0625,converged,81569.70,50265.02,-1.3438,0.00,0.0000,0.0010,0.0024,,,,,,,
20.3763,10,3,14.7503,35.1263,converged,81569.70,50265.02,-1.3438,0.00,0.0000,0.0009,0.0018,,,,,,,
45.5028,8,3,18.1434,63.6455,converged,81569.70,50265.02,-1.3438,0.00,0.0000,0.0010,0.0036,,,,,,,
51.9132,7,3,15.8611,67.7742,converged,81569.70,50265.02,-1.3438,0.00,0.0000,0.0009,0.0061,,,,,,,
55.3914,6,3,12.9883,68.3793,converged,81569.70,50265.02,-1.3437,0.00,0.0000,0.0011,0.0094,,,,,,,
53.5445,6,3,10.7429,64.2869,converged,81569.70,50265.02,-1.3437,0.00,0.0000,0.0011,0.0094,,,,,,,
58.3865,5,3,12.0113,70.3974,converged,81569.70,50265.02,-1.3437,0.00,0.0000,0.0019,0.0098,,,,,,,
32.4480,10,3,16.0004,48.4474,converged,81569.70,50265.02,-1.3437,0.00,0.0000,0.0009,0.0018,,,,,,,
30.8018,10,3,10.1028,40.9038,converged,81569.70,50265.02,-1.3437,0.00,0.0000,0.0009,0.0018,,,,,,,
25.8342,10,3,11.0995,36.9335,converged,81569.70,50265.02,-1.3437,0.00,0.0000,0.0009,0.0018,,,,,,,
42.3256,8,3,10.1159,52.4409,converged,81569.70,50265.02,-1.3437,0.00,0.0000,0.0010,0.0036,,,,,,,
40.1289,8,3,11.1265,51.2546,converged,81569.70,50265.02,-1.3437,0.00,0.0000,0.0010,0.0036,,,,,,,
59.9096,5,3,15.5446,75.4536,converged,81569.70,50265.02,-1.3437,0.00,0.0000,0.0020,0.0098,,,,,,,
53.5147,6,3,18.7247,72.2387,converged,81569.70,50265.02,-1.3437,0.00,0.0000,0.0011,0.0094,,,,,,,
52.1584,6,3,11.7067,63.8647,converged,81569.70,50265.02,-1.3437,0.00,0.0000,0.0011,0.0094,,,,,,,
51.7679,7,3,11.2920,63.0590,converged,81569.70,50265.02,-1.3437,0.00,0.0000,0.0009,0.0062,,,,,,,
33.2451,10,3,16.0196,49.2647,converged,81569.70,50265.02,-1.3437,0.00,0.0000,0.0009,0.0018,,,,,,,
34.7400,9,3,9.9512,44.6912,converged,81569.70,50265.02,-1.3437,0.00,0.0000,0.0010,0.0024,,,,,,,
51.5324,7,3,13.1310,64.6630,converged,81569.70,50265.02,-1.3437,0.00,0.0000,0.0009,0.0062,,,,,,,
54.9452,6,3,10.8221,65.7671,converged,81569.70,50265.02,-1.3437,0.00,0.0000,0.0011,0.0094,,,,,,,
40.6514,8,3,13.5872,54.2382,converged,81569.70,50265.02,-1.3437,0.00,0.0000,0.0010,0.0036,,,,,,,
59.6935,5,3,9.0288,68.7218,converged,81569.70,50265.02,-1.3437,0.00,0.0000,0.0020,0.0098,,,,,,,
21.1065,10,3,15.5656,36.6716,converged,81569.70,50265.02,-1.3437,0.00,0.0000,0.0009,0.0018,,,,,,,
31.5299,10,3,25.0799,58.4278,converged,81569.70,50265.02,-1.3437,0.00,0.0000,0.0009,0.0018,,,,,,,
58.5832,5,3,18.3743,76.9574,converged,81569.70,50265.02,-1.3437,0.00,0.0000,0.0020,0.0097,,,,,,,
42.3195,8,3,12.6564,54.9755,converged,81569.70,50265.02,-1.3437,0.00,0.0000,0.0010,0.0036,,,,,,,
27.2320,10,3,15.0169,42.2489,converged,81569.70,50265.02,-1.3437,0.00,0.0000,0.0009,0.0018,,,,,,,
57.1213,6,3,10.2072,67.3282,converged,81569.70,50265.02,-1.3437,0.00,0.0000,0.0011,0.0094,,,,,,,
36.1119,9,3,13.8047,49.9157,converged,81569.70,50265.02,-1.3437,0.00,0.0000,0.0010,0.0024,,,,,,,
38.6299,9,3,10.6158,49.2448,converged,81569.70,50265.02,-1.3437,0.00,0.0000,0.0010,0.0024,,,,,,,
36.2834,9,3,13.5166,49.7996,converged,81569.70,50265.02,-1.3437,0.00,0.0000,0.0010,0.0024,,,,,,,
30.1827,10,3,11.0058,41.1879,converged,81569.70,50265.02,-1.3437,0.00,0.0000,0.0009,0.0018,,,,,,,
51.9473,7,3,16.8781,68.8251,converged,81569.70,50265.02,-1.3437,0.00,0.0000,0.0009,0.0062,,,,,,,
22.8993,10,3,17.9985,40.8976,converged,81569.70,50265.02,-1.3437,0.00,0.0000,0.0009,0.0018,,,,,,,
35.6818,9,3,11.3545,47.0356,converged,81569.70,50265.02,-1.3437,0.00,0.0000,0.0010,0.0024,,,,,,,
25.6299,10,3,9.4846,35.1136,converged,81569.70,50265.02,-1.3437,0.00,0.0000,0.0009,0.0018,,,,,,,
58.4161,5,3,16.3370,74.7530,converged,81569.70,50265.02,-1.3437,0.00,0.0000,0.0020,0.0098,,,,,,,
31.2921,10,3,9.1710,40.4631,converged,81569.70,50265.02,-1.3437,0.00,0.0000,0.0009,0.0018,,,,,,,
49.6943,7,3,12.8070,62.5010,converged,81569.70,50265.02,-1.3437,0.00,0.0000,0.0009,0.0061,,,,,,,
42.5489,8,3,10.0207,52.5687,converged,81569.70,50265.02,-1.3437,0.00,0.0000,0.0010,0.0036,,,,,,,
41.4604,8,3,10.5972,52.0672,converged,81569.70,50265.02,-1.3437,0.00,0.0000,0.0010,0.0036,,,,,,,
54.6840,6,3,11.2869,65.9710,converged,81569.70,50265.02,-1.3437,0.00,0.0000,0.0011,0.0094,,,,,,,
56.3289,6,3,12.8314,69.1594,converged,81569.70,50265.02,-1.3437,0.00,0.0000,0.0011,0.0094,,,,,,,
50.3420,7,3,17.2826,67.6246,converged,81569.70,50265.02,-1.3437,0.00,0.0000,0.0009,0.0062,,,,,,,
24.1951,10,3,14.8672,39.0622,converged,81569.70,50265.02,-1.3437,0.00,0.0000,0.0009,0.0018,,,,,,,
40.1682,8,3,10.4183,50.5864,converged,81569.70,50265.02,-1.3437,0.00,0.0000,0.0010,0.0036,,,,,,,
31.8901,10,3,10.0837,41.9737,converged,81569.70,50265.02,-1.3437,0.00,0.0000,0.0009,0.0018,,,,,,,
57.9554,6,3,9.0549,67.0099,converged,81569.70,50265.02,-1.3437,0.00,0.0000,0.0011,0.0094,,,,,,,
35.8472,9,3,10.1397,45.9867,converged,81569.70,50265.02,-1.3437,0.00,0.0000,0.0010,0.0024,,,,,,,
29.7510,10,3,9.5677,39.3188,converged,81569.70,50265.02,-1.3437,0.00,0.0000,0.0009,0.0018,,,,,,,
57.8548,6,3,12.8704,70.7244,converged,81569.70,50265.02,-1.3437,0.00,0.0000,0.0011,0.0094,,,,,,,
51.2271,7,3,10.6677,61.8948,converged,81569.70,50265.02,-1.3437,0.00,0.0000,0.0009,0.0062,,,,,,,
57.5199,6,3,18.5860,76.1050,converged,81569.70,50265.02,-1.3437,0.00,0.0000,0.0011,0.0094,,,,,,,
42.7812,8,3,11.7825,54.5636,converged,81569.70,50265.02,-1.3437,0.00,0.0000,0.0010,0.0036,,,,,,,
25.2380,10,3,11.2883,36.5253,converged,81569.70,50265.02,-1.3437,0.00,0.0000,0.0010,0.0018,,,,,,,
35.7726,9,3,9.9530,45.7250,converged,81569.70,50265.02,-1.3437,0.00,0.0000,0.0010,0.0024,,,,,,,
52.8517,6,3,12.5347,65.3857,converged,81569.70,50265.02,-1.3437,0.00,0.0000,0.0011,0.0094,,,,,,,
55.9330,6,3,9.8696,65.8016,converged,81569.70,50265.02,-1.3437,0.00,0.0000,0.0011,0.0094,,,,,,,
38.5037,9,3,12.8066,51.3097,converged,81569.70,50265.02,-1.3437,0.00,0.0000,0.0010,0.0024,,,,,,,
44.1266,8,3,11.0016,55.1276,converged,81569.70,50265.02,-1.3437,0.00,0.0000,0.0010,0.0036,,,,,,,
47.5295,7,3,16.1024,63.6315,converged,81569.70,50265.02,-1.3437,0.00,0.0000,0.0009,0.0062,,,,,,,
37.4500,9,3,9.7021,47.1521,converged,81569.70,50265.02,-1.3437,0.00,0.0000,0.0010,0.0024,,,,,,,
39.7302,9,3,10.9285,50.6585,converged,81569.70,50265.02,-1.3437,0.00,0.0000,0.0010,0.0024,,,,,,,
43.1893,8,3,11.8992,55.0883,converged,81569.70,50265.02,-1.3437,0.00,0.0000,0.0010,0.0036,,,,,,,
55.4282,6,3,18.1129,73.5410,converged,81569.70,50265.02,-1.3437,0.00,0.0000,0.0011,0.0094,,,,,,,
51.2246,7,3,19.7957,71.0197,converged,81569.70,50265.02,-1.3437,0.00,0.0000,0.0009,0.0061,,,,,,,
59.5232,5,3,16.7127,76.2358,converged,81569.70,50265.02,-1.3437,0.00,0.0000,0.0020,0.0098,,,,,,,
59.3299,5,3,10.3900,69.7191,converged,81569.70,50265.02,-1.3437,0.00,0.0000,0.0019,0.0098,,,,,,,
33.1650,10,3,11.8185,44.9826,converged,81569.70,50265.02,-1.3437,0.00,0.0000,0.0009,0.0018,,,,,,,
23.6133,10,3,17.7709,41.3839,converged,81569.70,50265.02,-1.3437,0.00,0.0000,0.0010,0.0018,,,,,,,
43.2533,8,3,10.1339,53.3870,converged,81569.70,50265.02,-1.3437,0.00,0.0000,0.0010,0.0036,,,,,,,
54.8319,6,3,13.1088,67.9398,converged,81569.70,50265.02,-1.3437,0.00,0.0000,0.0011,0.0094,,,,,,,
57.3771,6,3,10.6471,68.0241,converged,81569.70,50265.02,-1.3438,0.00,0.0000,0.0011,0.0094,,,,,,,
40.9842,8,3,19.3393,60.3233,converged,81569.70,50265.02,-1.3438,0.00,0.0000,0.0010,0.0036,,,,,,,
31.2139,10,3,14.7157,45.9287,converged,81569.70,50265.02,-1.3438,0.00,0.0000,0.0009,0.0018,,,,,,,
41.4920,8,3,12.0026,53.4936,converged,81569.70,50265.02,-1.3438,0.00,0.0000,0.0010,0.0036,,,,,,,
49.2298,7,3,10.6008,59.8298,converged,81569.70,50265.02,-1.3438,0.00,0.0000,0.0009,0.0061,,,,,,,
34.7452,9,3,17.1089,51.8540,converged,81569.70,50265.02,-1.3438,0.00,0.0000,0.0010,0.0024,,,,,,,
25.2536,10,3,13.0242,38.2773,converged,81569.70,50265.02,-1.3438,0.00,0.0000,0.0010,0.0018,,,,,,,
38.0469,9,3,14.1318,52.1779,converged,81569.70,50265.02,-1.3438,0.00,0.0000,0.0010,0.0024,,,,,,,
20.9911,10,3,11.1998,32.1909,converged,81569.70,50265.02,-1.3438,0.00,0.0000,0.0010,0.0018,,,,,,,
57.9794,6,3,12.0650,70.0441,converged,81569.70,50265.02,-1.3438,0.00,0.0000,0.0011,0.0094,,,,,,,
35.5351,9,3,10.0671,45.6022,converged,81569.70,50265.02,-1.3438,0.00,0.0000,0.0010,0.0024,,,,,,,
51.8104,7,3,13.5440,65.3540,converged,81569.70,50265.02,-1.3438,0.00,0.0000,0.0009,0.0061,,,,,,,
23.3103,10,3,10.0865,33.3965,converged,81569.70,50265.02,-1.3438,0.00,0.0000,0.0010,0.0018,,,,,,,
58.3293,5,3,11.5153,69.8443,converged,81569.70,50265.02,-1.3438,0.00,0.0000,0.0019,0.0097,,,,,,,
49.0621,7,3,12.5211,61.5831,converged,81569.70,50265.02,-1.3438,0.00,0.0000,0.0009,0.0061,,,,,,,
25.3275,10,3,10.1557,35.4827,converged,81569.70,50265.02,-1.3438,0.00,0.0000,0.0010,0.0018,,,,,,,
30.6365,10,3,11.9963,42.6323,converged,81569.70,50265.02,-1.3438,0.00,0.0000,0.0010,0.0018,,,,,,,
31.7894,10,3,12.8589,44.6479,converged,81569.70,50265.02,-1.3437,0.00,0.0000,0.0010,0.0018,,,,,,,
42.8800,8,3,15.8447,58.7237,converged,81569.70,50265.02,-1.3438,0.00,0.0000,0.0010,0.0036,,,,,,,
50.3869,7,3,15.7140,66.1001,converged,81569.70,50265.02,-1.3438,0.00,0.0000,0.0009,0.0061,,,,,,,
59.1592,5,3,10.7441,69.9031,converged,81569.70,50265.02,-1.3438,0.00,0.0000,0.0020,0.0097,,,,,,,
46.0165,7,3,12.5566,58.5726,converged,81569.70,50265.02,-1.3438,0.00,0.0000,0.0009,0.0061,,,,,,,
43.1513,8,3,15.1948,58.3458,converged,81569.70,50265.02,-1.3438,0.00,0.0000,0.0010,0.0036,,,,,,,
56.5984,6,3,11.2683,67.8664,converged,81569.70,50265.02,-1.3438,0.00,0.0000,0.0011,0.0094,,,,,,,
44.7748,8,3,17.1561,61.9301,converged,81569.70,50265.02,-1.3438,0.00,0.0000,0.0010,0.0036,,,,,,,
20.2447,10,3,11.6852,31.9293,converged,81569.70,50265.02,-1.3437,0.00,0.0000,0.0010,0.0018,,,,,,,
49.3397,7,3,10.3898,59.7288,converged,81569.70,50265.02,-1.3437,0.00,0.0000,0.0009,0.0061,,,,,,,
42.6933,8,3,11.0063,53.6994,converged,81569.70,50265.02,-1.3438,0.00,0.0000,0.0010,0.0036,,,,,,,
56.1830,6,3,15.8383,72.0214,converged,81569.70,50265.02,-1.3438,0.00,0.0000,0.0011,0.0094,,,,,,,
54.3615,6,3,12.3043,66.6653,converged,81569.70,50265.02,-1.3438,0.00,0.0000,0.0011,0.0094,,,,,,,
54.3072,6,3,11.0793,65.3864,converged,81569.70,50265.02,-1.3438,0.00,0.0000,0.0011,0.0094,,,,,,,
39.1470,9,3,15.2579,54.4040,converged,81569.70,50265.02,-1.3437,0.00,0.0000,0.0010,0.0024,,,,,,,
30.0682,10,3,9.2699,39.3380,converged,81569.70,50265.02,-1.3437,0.00,0.0000,0.0009,0.0018,,,,,,,
45.4468,8,3,10.3217,55.7677,converged,81569.70,50265.02,-1.3437,0.00,0.0000,0.0010,0.0036,,,,,,,
25.4165,10,3,11.5671,36.9832,converged,81569.70,50265.02,-1.3437,0.00,0.0000,0.0009,0.0018,,,,,,,
21.1338,10,3,17.4829,38.6159,converged,81569.70,50265.02,-1.3437,0.00,0.0000,0.0009,0.0018,,,,,,,
42.5780,8,3,9.7390,52.3171,converged,81569.70,50265.02,-1.3437,0.00,0.0000,0.0010,0.0036,,,,,,,
48.7802,7,3,15.0721,63.8522,converged,81569.70,50265.02,-1.3437,0.00,0.0000,0.0009,0.0061,,,,,,,
35.3345,9,3,11.4876,46.8216,converged,81569.70,50265.02,-1.3437,0.00,0.0000,0.0010,0.0024,,,,,,,
22.8269,10,3,12.6549,35.4810,converged,81569.70,50265.02,-1.3437,0.00,0.0000,0.0009,0.0018,,,,,,,
49.9357,7,3,11.5287,61.4637,converged,81569.70,50265.02,-1.3437,0.00,0.0000,0.0009,0.0061,,,,,,,
49.7180,7,3,12.8745,62.5926,converged,81569.70,50265.02,-1.3437,0.00,0.0000,0.0009,0.0062,,,,,,,
30.5130,10,3,10.4738,40.9868,converged,81569.70,50265.02,-1.3437,0.00,0.0000,0.0009,0.0018,,,,,,,
33.2143,10,3,12.9695,46.1835,converged,81569.70,50265.02,-1.3437,0.00,0.0000,0.0009,0.0018,,,,,,,
46.0264,7,3,16.6346,62.6606,converged,81569.70,50265.02,-1.3437,0.00,0.0000,0.0009,0.0061,,,,,,,
26.4440,10,3,10.4799,36.9229,converged,81569.70,50265.02,-1.3437,0.00,0.0000,0.0010,0.0018,,,,,,,
55.5187,6,3,10.2381,65.7562,converged,81569.70,50265.02,-1.3437,0.00,0.0000,0.0011,0.0094,,,,,,,
29.3976,10,3,11.6018,40.9988,converged,81569.70,50265.02,-1.3437,0.00,0.0000,0.0009,0.0018,,,,,,,
32.2187,10,3,11.0336,43.2516,converged,81569.70,50265.02,-1.3437,0.00,0.0000,0.0010,0.0018,,,,,,,
59.7835,5,3,17.5856,77.3686,converged,81569.70,50265.02,-1.3437,0.00,0.0000,0.0020,0.0098,,,,,,,
52.8885,6,3,10.1043,62.9923,converged,81569.70,50265.02,-1.3437,0.00,0.0000,0.0011,0.0094,,,,,,,
29.0745,10,3,12.4191,41.4931,converged,81569.70,50265.02,-1.3437,0.00,0.0000,0.0009,0.0018,,,,,,,
54.9357,6,3,10.4769,65.4120,converged,81569.70,50265.02,-1.3437,0.00,0.0000,0.0011,0.0094,,,,,,,
24.7865,10,3,9.6880,34.4740,converged,81569.70,50265.02,-1.3437,0.00,0.0000,0.0010,0.0018,,,,,,,
54.6507,6,3,11.1818,65.8318,converged,81569.70,50265.02,-1.3437,0.00,0.0000,0.0011,0.0094,,,,,,,
41.0842,8,3,10.8285,51.9125,converged,81569.70,50265.02,-1.3437,0.00,0.0000,0.0010,0.0036,,,,,,,
41.8251,8,3,11.3936,53.2186,converged,81569.70,50265.02,-1.3437,0.00,0.0000,0.0010,0.0036,,,,,,,
38.9608,9,3,9.6243,48.5843,converged,81569.70,50265.02,-1.3437,0.00,0.0000,0.0010,0.0024,,,,,,,
44.3045,8,3,10.1191,54.4231,converged,81569.70,50265.02,-1.3437,0.00,0.0000,0.0010,0.0036,,,,,,,
57.1629,6,3,13.6931,70.8551,converged,81569.70,50265.02,-1.3437,0.00,0.0000,0.0011,0.0094,,,,,,,
50.7028,7,3,9.4777,60.1797,converged,81569.70,50265.02,-1.3437,0.00,0.0000,0.0009,0.0061,,,,,,,
35.0668,9,3,17.4355,52.5015,converged,81569.70,50265.02,-1.3437,0.00,0.0000,0.0010,0.0024,,,,,,,
53.5266,6,3,14.3171,67.8431,converged,81569.70,50265.02,-1.3437,0.00,0.0000,0.0011,0.0094,,,,,,,
37.5539,9,3,10.7259,48.2789,converged,81569.70,50265.02,-1.3437,0.00,0.0000,0.0010,0.0024,,,,,,,
46.5773,7,3,9.8584,56.4354,converged,81569.70,50265.02,-1.3437,0.00,0.0000,0.0009,0.0061,,,,,,,
30.6044,10,3,13.3195,43.9235,converged,81569.70,50265.02,-1.3437,0.00,0.0000,0.0010,0.0018,,,,,,,
20.7258,10,3,12.8720,33.5970,converged,81569.70,50265.02,-1.3437,0.00,0.0000,0.0009,0.0018,,,,,,,
25.9275,10,3,9.9572,35.8843,converged,81569.70,50265.02,-1.3437,0.00,0.0000,0.0010,0.0018,,,,,,,
38.6433,9,3,12.2965,50.9396,converged,81569.70,50265.02,-1.3437,0.00,0.0000,0.0010,0.0024,,,,,,,
23.4661,10,3,15.6225,39.0885,converged,81569.70,50265.02,-1.3437,0.00,0.0000,0.0010,0.0018,,,,,,,
41.1827,8,3,11.1904,52.3724,converged,81569.70,50265.02,-1.3437,0.00,0.0000,0.0010,0.0036,,,,,,,
29.8191,10,3,11.9970,41.8160,converged,81569.70,50265.02,-1.3437,0.00,0.0000,0.0009,0.0018,,,,,,,
42.7805,8,3,12.2589,55.0390,converged,81569.70,50265.02,-1.3437,0.00,0.0000,0.0010,0.0036,,,,,,,
34.8371,9,3,12.0682,46.9053,converged,81569.70,50265.02,-1.3437,0.00,0.0000,0.0010,0.0024,,,,,,,
41.8526,8,3,14.8824,56.7345,converged,81569.70,50265.02,-1.3437,0.00,0.0000,0.0010,0.0036,,,,,,,
45.8089,8,3,10.7488,56.5568,converged,81569.70,50265.02,-1.3437,0.00,0.0000,0.0010,0.0036,,,,,,,
52.1083,6,3,10.0870,62.1950,converged,81569.70,50265.02,-1.3437,0.00,0.0000,0.0011,0.0094,,,,,,,
21.0181,10,3,11.1549,32.1729,converged,81569.70,50265.02,-1.3437,0.00,0.0000,0.0009,0.0018,,,,,,,
38.8104,9,3,10.2691,49.0792,converged,81569.70,50265.02,-1.3437,0.00,0.0000,0.0010,0.0024,,,,,,,
57.8610,6,3,18.3280,76.1881,converged,81569.70,50265.02,-1.3437,0.00,0.0000,0.0011,0.0094,,,,,,,
29.5225,10,3,10.8039,40.3260,converged,81569.70,50265.02,-1.3437,0.00,0.0000,0.0010,0.0018,,,,,,,
47.4871,7,3,13.9294,61.4164,converged,81569.70,50265.02,-1.3437,0.00,0.0000,0.0009,0.0061,,,,,,,
52.1272,6,3,12.9091,65.0362,converged,81569.70,50265.02,-1.3437,0.00,0.0000,0.0011,0.0094,,,,,,,
39.9117,9,3,12.3927,52.3037,converged,81569.70,50265.02,-1.3437,0.00,0.0000,0.0010,0.0024,,,,,,,
59.9974,5,3,12.6973,72.6944,converged,81569.70,50265.02,-1.3437,0.00,0.0000,0.0020,0.0098,,,,,,,
21.6890,10,3,10.8218,32.5109,converged,81569.70,50265.02,-1.3437,0.00,0.0000,0.0010,0.0018,,,,,,,
54.5783,6,3,9.8192,64.3972,converged,81569.70,50265.02,-1.3437,0.00,0.0000,0.0011,0.0094,,,,,,,
36.9618,9,3,11.8993,48.8603,converged,81569.70,50265.02,-1.3437,0.00,0.0000,0.0010,0.0024,,,,,,,
49.8506,7,3,9.8156,59.6656,converged,81569.70,50265.02,-1.3437,0.00,0.0000,0.0009,0.0061,,,,,,,
40.4134,8,3,9.8768,50.2899,converged,81569.70,50265.02,-1.3437,0.00,0.0000,0.0010,0.0036,,,,,,,
23.6757,10,3,11.5725,35.2476,converged,81569.70,50265.02,-1.3437,0.00,0.0000,0.0009,0.0018,,,,,,,
41.7174,8,3,9.8231,51.5402,converged,81569.70,50265.02,-1.3437,0.00,0.0000,0.0010,0.0036,,,,,,,
34.4496,9,3,10.7579,45.2069,converged,81569.70,50265.02,-1.3437,0.00,0.0000,0.0010,0.0024,,,,,,,
59.1128,5,3,11.0185,70.1306,converged,81569.70,50265.02,-1.3437,0.00,0.0000,0.0019,0.0098,,,,,,,
58.5977,5,3,14.9200,73.5170,converged,81569.70,50265.02,-1.3437,0.00,0.0000,0.0019,0.0098,,,,,,,
43.5476,8,3,15.2547,58.8018,converged,81569.70,50265.02,-1.3437,0.00,0.0000,0.0010,0.0036,,,,,,,
37.5663,9,3,20.1821,57.7481,converged,81569.70,50265.02,-1.3437,0.00,0.0000,0.0010,0.0024,,,,,,,
29.5442,10,3,10.2190,39.7631,converged,81569.70,50265.02,-1.3437,0.00,0.0000,0.0009,0.0018,,,,,,,
26.2180,10,3,11.8202,38.0382,converged,81569.70,50265.02,-1.3437,0.00,0.0000,0.0010,0.0018,,,,,,,
52.5094,6,3,11.4962,64.0052,converged,81569.70,50265.02,-1.3437,0.00,0.0000,0.0011,0.0094,,,,,,,
35.7450,9,3,13.7590,49.5030,converged,81569.70,50265.02,-1.3437,0.00,0.0000,0.0010,0.0024,,,,,,,
59.4630,5,3,11.2990,70.7611,converged,81569.70,50265.02,-1.3437,0.00,0.0000,0.0020,0.0098,,,,,,,
32.6785,10,3,10.6858,43.3638,converged,81569.70,50265.02,-1.3437,0.00,0.0000,0.0009,0.0018,,,,,,,
32.1545,10,3,10.7908,42.9449,converged,81569.70,50265.02,-1.3437,0.00,0.0000,0.0009,0.0018,,,,,,,
24.7435,10,3,10.0948,34.8378,converged,81569.70,50265.02,-1.3437,0.00,0.0000,0.0010,0.0018,,,,,,,
20.4070,10,3,11.2897,31.6967,converged,81569.70,50265.02,-1.3437,0.00,0.0000,0.0009,0.0018,,,,,,,
29.0754,10,3,10.9563,40.0314,converged,81569.70,50265.02,-1.3437,0.00,0.0000,0.0009,0.0018,,,,,,,
39.2081,9,3,9.8409,49.0489,converged,81569.70,50265.02,-1.3437,0.00,0.0000,0.0010,0.0024,,,,,,,
58.6270,5,3,17.1618,75.7879,converged,81569.70,50265.02,-1.3437,0.00,0.0000,0.0020,0.0098,,,,,,,
52.9655,6,3,11.2663,64.2313,converged,81569.70,50265.02,-1.3437,0.00,0.0000,0.0011,0.0094,,,,,,,
21.4797,10,3,10.1756,31.6547,converged,81569.70,50265.02,-1.3437,0.00,0.0000,0.0010,0.0018,,,,,,,
32.9178,10,3,13.7671,46.6842,converged,81569.70,50265.02,-1.3437,0.00,0.0000,0.0009,0.0018,,,,,,,
51.9629,7,3,13.2153,65.1773,converged,81569.70,50265.02,-1.3437,0.00,0.0000,0.0009,0.0061,,,,,,,
45.6859,8,3,13.0160,58.7010,converged,81569.70,50265.02,-1.3437,0.00,0.0000,0.0010,0.0036,,,,,,,
55.1833,6,3,13.5072,68.6902,converged,81569.70,50265.02,-1.3437,0.00,0.0000,0.0011,0.0094,,,,,,,
21.7495,10,3,9.8157,31.5647,converged,81569.70,50265.02,-1.3437,0.00,0.0000,0.0010,0.0018,,,,,,,
24.0207,10,3,9.6574,33.6774,converged,81569.70,50265.02,-1.3437,0.00,0.0000,0.0010,0.0018,,,,,,,
20.9412,10,3,10.8279,31.7689,converged,81569.70,50265.02,-1.3437,0.00,0.0000,0.0009,0.0018,,,,,,,
43.1159,8,3,10.6959,53.8109,converged,81569.70,50265.02,-1.3437,0.00,0.0000,0.0010,0.0036,,,,,,,
53.3758,6,3,9.3554,62.7305,converged,81569.70,50265.02,-1.3437,0.00,0.0000,0.0011,0.0094,,,,,,,
34.5242,9,3,16.9932,51.5173,converged,81569.70,50265.02,-1.3437,0.00,0.0000,0.0010,0.0024,,,,,,,
27.1816,10,3,10.7832,37.9642,converged,81569.70,50265.02,-1.3437,0.00,0.0000,0.0010,0.0018,,,,,,,
48.9074,7,3,10.0845,58.9915,converged,81569.70,50265.02,-1.3437,0.00,0.0000,0.0009,0.0061,,,,,,,
28.4060,10,3,10.4103,38.8154,converged,81569.70,50265.02,-1.3437,0.00,0.0000,0.0009,0.0018,,,,,,,
27.0499,10,3,10.3930,37.4421,converged,81569.70,50265.02,-1.3437,0.00,0.0000,0.0010,0.0018,,,,,,,
23.7197,10,3,9.9167,33.6358,converged,81569.70,50265.02,-1.3437,0.00,0.0000,0.0009,0.0018,,,,,,,
32.8485,10,3,10.2239,43.0719,converged,81569.70,50265.02,-1.3437,0.00,0.0000,0.0010,0.0018,,,,,,,
33.4707,10,3,10.8519,44.3220,converged,81569.70,50265.02,-1.3437,0.00,0.0000,0.0009,0.0018,,,,,,,
45.7491,8,3,12.4962,58.2452,converged,81569.70,50265.02,-1.3437,0.00,0.0000,0.0010,0.0036,,,,,,,
25.1570,10,3,10.0577,35.2148,converged,81569.70,50265.02,-1.3437,0.00,0.0000,0.0010,0.0018,,,,,,,
46.9137,7,3,10.7229,57.6359,converged,81569.70,50265.02,-1.3437,0.00,0.0000,0.0009,0.0061,,,,,,,
44.0559,8,3,11.0255,55.0805,converged,81569.70,50265.02,-1.3437,0.00,0.0000,0.0010,0.0036,,,,,,,
56.9674,6,3,9.4266,66.3937,converged,81569.70,50265.02,-1.3437,0.00,0.0000,0.0011,0.0094,,,,,,,
54.8544,6,3,16.7863,71.6404,converged,81569.70,50265.02,-1.3437,0.00,0.0000,0.0011,0.0094,,,,,,,
39.6962,9,3,12.2439,51.9400,converged,81569.70,50265.02,-1.3437,0.00,0.0000,0.0010,0.0024,,,,,,,
37.4552,9,3,11.8523,49.3073,converged,81569.70,50265.02,-1.3437,0.00,0.0000,0.0010,0.0024,,,,,,,
51.3981,7,3,17.0856,68.4837,converged,81569.70,50265.02,-1.3437,0.00,0.0000,0.0009,0.0061,,,,,,,
54.8325,6,3,12.7384,67.5705,converged,81569.70,50265.02,-1.3437,0.00,0.0000,0.0011,0.0094,,,,,,,
53.2543,6,3,10.6677,63.9218,converged,81569.70,50265.02,-1.3437,0.00,0.0000,0.0011,0.0094,,,,,,,
49.7634,7,3,12.9295,62.6925,converged,81569.70,50265.02,-1.3437,0.00,0.0000,0.0009,0.0061,,,,,,,
39.6814,9,3,14.9368,54.6179,converged,81569.70,50265.02,-1.3437,0.00,0.0000,0.0010,0.0024,,,,,,,
46.3571,7,3,14.6183,60.9754,converged,81569.70,50265.02,-1.3437,0.00,0.0000,0.0009,0.0061,,,,,,,
45.1887,8,3,14.5610,59.7491,converged,81569.70,50265.02,-1.3437,0.00,0.0000,0.0010,0.0036,,,,,,,
52.8373,6,3,13.9126,66.7497,converged,81569.70,50265.02,-1.3437,0.00,0.0000,0.0011,0.0094,,,,,,,
25.6349,10,3,10.3609,35.9949,converged,81569.70,50265.02,-1.3437,0.00,0.0000,0.0009,0.0018,,,,,,,
39.0429,9,3,9.6584,48.7004,converged,81569.70,50265.02,-1.3437,0.00,0.0000,0.0010,0.0024,,,,,,,
20.8957,10,3,9.6411,30.5361,converged,81569.70,50265.02,-1.3437,0.00,0.0000,0.0010,0.0018,,,,,,,
54.5812,6,3,15.2088,69.7899,converged,81569.70,50265.02,-1.3437,0.00,0.0000,0.0011,0.0094,,,,,,,
45.4186,8,3,13.5753,58.9933,converged,81569.70,50265.02,-1.3437,0.00,0.0000,0.0010,0.0036,,,,,,,
22.7089,10,3,9.8631,32.5711,converged,81569.70,50265.02,-1.3437,0.00,0.0000,0.0010,0.0018,,,,,,,
30.3257,10,3,10.9619,41.2869,converged,81569.70,50265.02,-1.3437,0.00,0.0000,0.0009,0.0018,,,,,,,
38.3553,9,3,14.2859,52.6409,converged,81569.70,50265.02,-1.3437,0.00,0.0000,0.0010,0.0024,,,,,,,
37.2095,9,3,12.0900,49.2990,converged,81569.70,50265.02,-1.3437,0.00,0.0000,0.0010,0.0024,,,,,,,
44.2760,8,3,10.0361,54.3121,converged,81569.70,50265.02,-1.3437,0.00,0.0000,0.0010,0.0036,,,,,,,
52.6592,6,3,10.0741,62.7331,converged,81569.70,50265.02,-1.3437,0.00,0.0000,0.0011,0.0094,,,,,,,
21.4341,10,3,10.9553,32.3893,converged,81569.70,50265.02,-1.3437,0.00,0.0000,0.0010,0.0018,,,,,,,
39.7667,9,3,10.4588,50.2249,converged,81569.70,50265.02,-1.3437,0.00,0.0000,0.0010,0.0024,,,,,,,
39.5816,9,3,10.0263,49.6073,converged,81569.70,50265.02,-1.3437,0.00,0.0000,0.0010,0.0024,,,,,,,
45.4101,8,3,10.3906,55.8006,converged,81569.70,50265.02,-1.3437,0.00,0.0000,0.0010,0.0036,,,,,,,
43.3147,8,3,9.5757,52.8897,converged,81569.70,50265.02,-1.3437,0.00,0.0000,0.0010,0.0036,,,,,,,
24.5028,10,3,10.9496,35.4516,converged,81569.70,50265.02,-1.3437,0.00,0.0000,0.0010,0.0018,,,,,,,
30.4151,10,3,11.7203,42.1354,converged,81569.70,50265.02,-1.3437,0.00,0.0000,0.0010,0.0018,,,,,,,
44.9389,8,3,10.9916,55.9296,converged,81569.70,50265.02,-1.3437,0.00,0.0000,0.0010,0.0036,,,,,,,
33.3542,10,3,9.7956,43.1496,converged,81569.70,50265.02,-1.3437,0.00,0.0000,0.0010,0.0018,,,,,,,
35.0441,9,3,10.2211,45.2651,converged,81569.70,50265.02,-1.3438,0.00,0.0000,0.0010,0.0024,,,,,,,
29.6016,10,3,11.7877,41.3887,converged,81569.70,50265.02,-1.3438,0.00,0.0000,0.0010,0.0018,,,,,,,
55.2691,6,3,9.3090,64.5780,converged,81569.70,50265.02,-1.3437,0.00,0.0000,0.0011,0.0094,,,,,,,
31.1583,10,3,10.5570,41.7150,converged,81569.70,50265.02,-1.3437,0.00,0.0000,0.0009,0.0018,,,,,,,
54.6704,6,3,12.5477,67.2177,converged,81569.70,50265.02,-1.3437,0.00,0.0000,0.0011,0.0094,,,,,,,
24.0381,10,3,9.9480,33.9860,converged,81569.70,50265.02,-1.3437,0.00,0.0000,0.0009,0.0018,,,,,,,
24.6232,10,3,13.7984,38.4214,converged,81569.70,50265.02,-1.3437,0.00,0.0000,0.0009,0.0018,,,,,,,
51.2565,7,3,11.0749,62.3309,converged,81569.70,50265.02,-1.3437,0.00,0.0000,0.0009,0.0061,,,,,,,
29.3979,10,3,9.9978,39.3949,converged,81569.70,50265.02,-1.3437,0.00,0.0000,0.0010,0.0018,,,,,,,
40.4204,8,3,10.1587,50.5787,converged,81569.70,50265.02,-1.3437,0.00,0.0000,0.0010,0.0036,,,,,,,
43.4560,8,3,11.2990,54.7550,converged,81569.70,50265.02,-1.3437,0.00,0.0000,0.0010,0.0036,,,,,,,
39.3426,9,3,10.6869,50.0289,converged,81569.70,50265.02,-1.3437,0.00,0.0000,0.0010,0.0024,,,,,,,
36.4915,9,3,11.2522,47.7432,converged,81569.70,50265.02,-1.3438,0.00,0.0000,0.0010,0.0024,,,,,,,
46.0393,7,3,10.6559,56.6950,converged,81569.70,50265.02,-1.3438,0.00,0.0000,0.0009,0.0061,,,,,,,
27.5121,10,3,11.3209,38.8330,converged,81569.70,50265.02,-1.3437,0.00,0.0000,0.0010,0.0018,,,,,,,
48.6974,7,3,11.3820,60.0790,converged,81569.70,50265.02,-1.3437,0.00,0.0000,0.0009,0.0061,,,,,,,
36.2887,9,3,11.0248,47.3128,converged,81569.70,50265.02,-1.3437,0.00,0.0000,0.0010,0.0024,,,,,,,
40.3624,8,3,9.9539,50.3160,converged,81569.70,50265.02,-1.3437,0.00,0.0000,0.0010,0.0036,,,,,,,
34.2945,9,3,9.5950,43.8890,converged,81569.70,50265.02,-1.3437,0.00,0.0000,0.0010,0.0024,,,,,,,
37.0056,9,3,9.9919,46.9970,converged,81569.70,50265.02,-1.3437,0.00,0.0000,0.0010,0.0024,,,,,,,
58.5222,5,3,14.2633,72.7853,converged,81569.70,50265.02,-1.3437,0.00,0.0000,0.0019,0.0098,,,,,,,
33.3860,10,3,13.0045,46.3896,converged,81569.70,50265.02,-1.3437,0.00,0.0000,0.0010,0.0018,,,,,,,
27.3220,10,3,9.8508,37.1718,converged,81569.70,50265.02,-1.3438,0.00,0.0000,0.0010,0.0018,,,,,,,
20.9713,10,3,12.9128,33.8838,converged,81569.70,50265.02,-1.3438,0.00,0.0000,0.0010,0.0018,,,,,,,
43.0019,8,3,10.4577,53.4587,converged,81569.70,50265.02,-1.3438,0.00,0.0000,0.0010,0.0036,,,,,,,
49.0014,7,3,12.0236,61.0246,converged,81569.70,50265.02,-1.3437,0.00,0.0000,0.0009,0.0061,,,,,,,
55.8094,6,3,13.1886,68.9976,converged,81569.70,50265.02,-1.3437,0.00,0.0000,0.0011,0.0094,,,,,,,
31.6197,10,3,11.1806,42.7997,converged,81569.70,50265.02,-1.3437,0.00,0.0000,0.0010,0.0018,,,,,,,
30.3818,10,3,13.1802,43.5613,converged,81569.70,50265.02,-1.3437,0.00,0.0000,0.0010,0.0018,,,,,,,
39.2257,9,3,9.5028,48.7278,converged,81569.70,50265.02,-1.3437,0.00,0.0000,0.0010,0.0024,,,,,,,
48.6318,7,3,11.1912,59.8222,converged,81569.70,50265.02,-1.3437,0.00,0.0000,0.0009,0.0061,,,,,,,
51.5466,7,3,10.7139,62.2599,converged,81569.70,50265.02,-1.3437,0.00,0.0000,0.0009,0.0061,,,,,,,
25.0922,10,3,9.9172,35.0093,converged,81569.70,50265.02,-1.3437,0.00,0.0000,0.0010,0.0018,,,,,,,
48.2519,7,3,15.0326,63.2836,converged,81569.70,50265.02,-1.3437,0.00,0.0000,0.0009,0.0061,,,,,,,
30.1897,10,3,10.4691,40.6581,converged,81569.70,50265.02,-1.3437,0.00,0.0000,0.0010,0.0018,,,,,,,
43.2402,8,3,11.9891,55.2291,converged,81569.70,50265.02,-1.3437,0.00,0.0000,0.0010,0.0036,,,,,,,
23.5961,10,3,10.1930,33.7890,converged,81569.70,50265.02,-1.3437,0.00,0.0000,0.0009,0.0018,,,,,,,
52.6189,6,3,14.5110,67.1290,converged,81569.70,50265.02,-1.3437,0.00,0.0000,0.0011,0.0094,,,,,,,
27.3769,10,3,10.1250,37.5010,converged,81569.70,50265.02,-1.3437,0.00,0.0000,0.0010,0.0018,,,,,,,
43.1404,8,3,13.0951,56.2351,converged,81569.70,50265.02,-1.3437,0.00,0.0000,0.0010,0.0036,,,,,,,
32.0478,10,3,10.5872,42.6342,converged,81569.70,50265.02,-1.3437,0.00,0.0000,0.0010,0.0018,,,,,,,
44.6381,8,3,9.2539,53.8919,converged,81569.70,50265.02,-1.3437,0.00,0.0000,0.0010,0.0036,,,,,,,
26.4348,10,3,11.2579,37.6919,converged,81569.70,50265.02,-1.3437,0.00,0.0000,0.0010,0.0018,,,,,,,
29.2234,10,3,10.2301,39.4531,converged,81569.70,50265.02,-1.3437,0.00,0.0000,0.0010,0.0018,,,,,,,
37.6550,9,3,10.2613,47.9163,converged,81569.70,50265.02,-1.3437,0.00,0.0000,0.0010,0.0024,,,,,,,
45.2750,8,3,12.0793,57.3544,converged,81569.70,50265.02,-1.3437,0.00,0.0000,0.0010,0.0036,,,,,,,
39.4236,9,3,11.6708,51.0938,converged,81569.70,50265.02,-1.3437,0.00,0.0000,0.0010,0.0024,,,,,,,
24.7449,10,3,9.7726,34.5167,converged,81569.70,50265.02,-1.3437,0.00,0.0000,0.0009,0.0018,,,,,,,
46.8854,7,3,12.7315,59.6165,converged,81569.70,50265.02,-1.3437,0.00,0.0000,0.0009,0.0061,,,,,,,
33.1083,10,3,10.6981,43.8062,converged,81569.70,50265.02,-1.3437,0.00,0.0000,0.0010,0.0018,,,,,,,
30.6315,10,3,10.1312,40.7623,converged,81569.70,50265.02,-1.3437,0.00,0.0000,0.0010,0.0018,,,,,,,
32.8143,10,3,12.4952,45.3093,converged,81569.70,50265.02,-1.3437,0.00,0.0000,0.0009,0.0018,,,,,,,
47.8053,7,3,11.8358,59.6409,converged,81569.70,50265.02,-1.3437,0.00,0.0000,0.0009,0.0061,,,,,,,
45.0026,8,3,9.6126,54.6146,converged,81569.70,50265.02,-1.3437,0.00,0.0000,0.0010,0.0036,,,,,,,
33.7160,10,3,10.1002,43.8162,converged,81569.70,50265.02,-1.3437,0.00,0.0000,0.0010,0.0018,,,,,,,
39.7219,9,3,9.2693,48.9904,converged,81569.70,50265.02,-1.3437,0.00,0.0000,0.0010,0.0024,,,,,,,
39.4491,9,3,14.1357,53.5847,converged,81569.70,50265.02,-1.3437,0.00,0.0000,0.0010,0.0024,,,,,,,
20.7218,10,3,13.1443,33.8654,converged,81569.70,50265.02,-1.3437,0.00,0.0000,0.0010,0.0018,,,,,,,
40.1839,8,3,10.3140,50.4970,converged,81569.70,50265.02,-1.3437,0.00,0.0000,0.0010,0.0036,,,,,,,
20.5831,10,3,10.2924,30.8754,converged,81569.70,50265.02,-1.3437,0.00,0.0000,0.0010,0.0018,,,,,,,
39.7200,9,3,9.6572,49.3772,converged,81569.70,50265.02,-1.3437,0.00,0.0000,0.0010,0.0024,,,,,,,
58.6549,5,3,13.9477,72.6017,converged,81569.70,50265.02,-1.3437,0.00,0.0000,0.0019,0.0097,,,,,,,
40.6473,8,3,13.0108,53.6578,converged,81569.70,50265.02,-1.3437,0.00,0.0000,0.0010,0.0036,,,,,,,
41.3504,8,3,11.2123,52.5623,converged,81569.70,50265.02,-1.3437,0.00,0.0000,0.0010,0.0036,,,,,,,
58.7912,5,3,10.1279,68.9190,converged,81569.70,50265.02,-1.3437,0.00,0.0000,0.0019,0.0097,,,,,,,
34.9355,9,3,11.3472,46.2822,converged,81569.70,50265.02,-1.3437,0.00,0.0000,0.0010,0.0024,,,,,,,
26.5461,10,3,13.7115,40.2575,converged,81569.70,50265.02,-1.3437,0.00,0.0000,0.0010,0.0018,,,,,,,
29.3730,10,3,10.5939,39.9659,converged,81569.70,50265.02,-1.3437,0.00,0.0000,0.0009,0.0018,,,,,,,
49.8812,7,3,19.2271,69.1081,converged,81569.70,50265.02,-1.3437,0.00,0.0000,0.0009,0.0061,,,,,,,
39.7729,9,3,12.4379,52.2099,converged,81569.70,50265.02,-1.3437,0.00,0.0000,0.0010,0.0024,,,,,,,
28.1238,10,3,10.7108,38.8339,converged,81569.70,50265.02,-1.3437,0.00,0.0000,0.0010,0.0018,,,,,,,
35.9823,9,3,11.5585,47.5406,converged,81569.70,50265.02,-1.3437,0.00,0.0000,0.0010,0.0024,,,,,,,
25.3755,10,3,10.8787,36.2538,converged,81569.70,50265.02,-1.3437,0.00,0.0000,0.0010,0.0018,,,,,,,
28.5522,10,3,10.6783,39.2303,converged,81569.70,50265.02,-1.3437,0.00,0.0000,0.0010,0.0018,,,,,,,
58.8308,5,3,12.7467,71.5768,converged,81569.70,50265.02,-1.3437,0.00,0.0000,0.0019,0.0097,,,,,,,
30.7750,10,3,10.4399,41.2139,converged,81569.70,50265.02,-1.3437,0.00,0.0000,0.0010,0.0018,,,,,,,
25.3239,10,3,12.1159,37.4390,converged,81569.70,50265.02,-1.3437,0.00,0.0000,0.0010,0.0018,,,,,,,
34.0314,9,3,13.8148,47.8459,converged,81569.70,50265.02,-1.3437,0.00,0.0000,0.0010,0.0024,,,,,,,
45.0429,8,3,14.6121,59.6542,converged,81569.70,50265.02,-1.3437,0.00,0.0000,0.0010,0.0036,,,,,,,
43.9234,8,3,12.1932,56.1162,converged,81569.70,50265.02,-1.3437,0.00,0.0000,0.0010,0.0036,,,,,,,
56.1544,6,3,13.2285,69.3825,converged,81569.70,50265.02,-1.3437,0.00,0.0000,0.0011,0.0094,,,,,,,
57.3114,6,3,9.9373,67.2483,converged,81569.70,50265.02,-1.3437,0.00,0.0000,0.0011,0.0094,,,,,,,
50.6674,7,3,13.4311,64.0981,converged,81569.70,50265.02,-1.3437,0.00,0.0000,0.0009,0.0061,,,,,,,
27.2861,10,3,10.0283,37.3143,converged,81569.70,50265.02,-1.3437,0.00,0.0000,0.0010,0.0018,,,,,,,
53.0526,6,3,12.3500,65.4020,converged,81569.70,50265.02,-1.3437,0.00,0.0000,0.0011,0.0094,,,,,,,
41.0216,8,3,11.0790,52.1000,converged,81569.70,50265.02,-1.3437,0.00,0.0000,0.0010,0.0036,,,,,,,
38.1292,9,3,10.3940,48.5230,converged,81569.70,50265.02,-1.3437,0.00,0.0000,0.0010,0.0024,,,,,,,
33.5875,10,3,14.1276,47.7147,converged,81569.70,50265.02,-1.3437,0.00,0.0000,0.0010,0.0018,,,,,,,
25.9933,10,3,10.0508,36.0438,converged,81569.70,50265.02,-1.3437,0.00,0.0000,0.0010,0.0018,,,,,,,
28.0089,10,3,10.1666,38.1746,converged,81569.70,50265.02,-1.3437,0.00,0.0000,0.0010,0.0018,,,,,,,
20.7590,10,3,12.9485,33.7075,converged,81569.70,50265.02,-1.3437,0.00,0.0000,0.0009,0.0018,,,,,,,
35.5351,9,3,17.7135,53.2486,converged,81569.70,50265.02,-1.3437,0.00,0.0000,0.0010,0.0024,,,,,,,
57.1798,6,3,19.6198,76.7989,converged,81569.70,50265.02,-1.3437,0.00,0.0000,0.0011,0.0094,,,,,,,
34.0027,9,3,12.8746,46.8767,converged,81569.70,50265.02,-1.3437,0.00,0.0000,0.0010,0.0024,,,,,,,
47.3944,7,3,14.1701,61.5641,converged,81569.70,50265.02,-1.3437,0.00,0.0000,0.0009,0.0061,,,,,,,
36.9518,9,3,11.8934,48.8444,converged,81569.70,50265.02,-1.3437,0.00,0.0000,0.0010,0.0024,,,,,,,
21.6847,10,3,10.2942,31.9783,converged,81569.70,50265.02,-1.3437,0.00,0.0000,0.0010,0.0018,,,,,,,
50.5828,7,3,11.2290,61.8110,converged,81569.70,50265.02,-1.3437,0.00,0.0000,0.0009,0.0061,,,,,,,
43.6040,8,3,9.2753,52.8794,converged,81569.70,50265.02,-1.3437,0.00,0.0000,0.0010,0.0036,,,,,,,
37.2175,9,3,10.1620,47.3790,converged,81569.70,50265.02,-1.3437,0.00,0.0000,0.0010,0.0024,,,,,,,
43.7895,8,3,9.6178,53.4068,converged,81569.70,50265.02,-1.3437,0.00,0.0000,0.0010,0.0036,,,,,,,
41.1392,8,3,9.9228,51.0619,converged,81569.70,50265.02,-1.3437,0.00,0.0000,0.0010,0.0036,,,,,,,
53.1651,6,3,11.9429,65.1080,converged,81569.70,50265.02,-1.3437,0.00,0.0000,0.0011,0.0094,,,,,,,
57.8262,6,3,9.2256,67.0517,converged,81569.70,50265.02,-1.3437,0.00,0.0000,0.0011,0.0093,,,,,,,
32.6833,10,3,10.0976,42.7807,converged,81569.70,50265.02,-1.3437,0.00,0.0000,0.0009,0.0018,,,,,,,
43.8913,8,3,9.7119,53.6029,converged,81569.70,50265.02,-1.3437,0.00,0.0000,0.0010,0.0036,,,,,,,
56.9432,6,3,12.7337,69.6768,converged,81569.70,50265.02,-1.3437,0.00,0.0000,0.0011,0.0093,,,,,,,
29.5662,10,3,10.0255,39.5915,converged,81569.70,50265.02,-1.3437,0.00,0.0000,0.0010,0.0018,,,,,,,
46.0347,7,3,10.4789,56.5129,converged,81569.70,50265.02,-1.3437,0.00,0.0000,0.0009,0.0061,,,,,,,
26.3700,10,3,11.2845,37.6545,converged,81569.70,50265.02,-1.3437,0.00,0.0000,0.0010,0.0018,,,,,,,
22.1580,10,3,11.0225,33.1805,converged,81569.70,50265.02,-1.3437,0.00,0.0000,0.0010,0.0018,,,,,,,
52.7942,6,3,10.6768,63.4708,converged,81569.70,50265.02,-1.3437,0.00,0.0000,0.0011,0.0094,,,,,,,
30.0057,10,3,13.4666,43.4716,converged,81569.70,50265.02,-1.3437,0.00,0.0000,0.0010,0.0018,,,,,,,
29.9372,10,3,10.5518,40.4888,converged,81569.70,50265.02,-1.3437,0.00,0.0000,0.0009,0.0018,,,,,,,
50.7809,7,3,9.2541,60.0341,converged,81569.70,50265.02,-1.3437,0.00,0.0000,0.0009,0.0061,,,,,,,
42.7639,8,3,11.4135,54.1765,converged,81569.70,50265.02,-1.3437,0.00,0.0000,0.0010,0.0036,,,,,,,
46.1901,7,3,11.8318,58.0219,converged,81569.70,50265.02,-1.3437,0.00,0.0000,0.0009,0.0061,,,,,,,
26.3079,10,3,12.3094,38.6164,converged,81569.70,50265.02,-1.3437,0.00,0.0000,0.0010,0.0018,,,,,,,
20.7116,10,3,12.8744,33.5854,converged,81569.70,50265.02,-1.3437,0.00,0.0000,0.0010,0.0018,,,,,,,
37.3554,9,3,11.2491,48.6042,converged,81569.70,50265.02,-1.3437,0.00,0.0000,0.0010,0.0024,,,,,,,
29.8110,10,3,10.3982,40.2082,converged,81569.70,50265.02,-1.3437,0.00,0.0000,0.0010,0.0018,,,,,,,
58.3168,5,3,9.5128,67.8288,converged,81569.70,50265.02,-1.3437,0.00,0.0000,0.0019,0.0097,,,,,,,
33.3613,10,3,9.6421,43.0032,converged,81569.70,50265.02,-1.3437,0.00,0.0000,0.0010,0.0018,,,,,,,
50.5062,7,3,15.2340,65.7400,converged,81569.70,50265.02,-1.3437,0.00,0.0000,0.0009,0.0061,,,,,,,
44.8168,8,3,14.3716,59.1876,converged,81569.70,50265.02,-1.3437,0.00,0.0000,0.0010,0.0036,,,,,,,
25.8174,10,3,9.6149,35.4319,converged,81569.70,50265.02,-1.3437,0.00,0.0000,0.0010,0.0018,,,,,,,
55.0291,6,3,11.4762,66.5052,converged,81569.70,50265.02,-1.3437,0.00,0.0000,0.0011,0.0094,,,,,,,
22.0755,10,3,11.2226,33.2977,converged,81569.70,50265.02,-1.3437,0.00,0.0000,0.0010,0.0018,,,,,,,
36.9443,9,3,9.3150,46.2590,converged,81569.70,50265.02,-1.3437,0.00,0.0000,0.0010,0.0024,,,,,,,
42.0434,8,3,9.9653,52.0083,converged,81569.70,50265.02,-1.3437,0.00,0.0000,0.0010,0.0036,,,,,,,
29.5446,10,3,13.9668,43.5108,converged,81569.70,50265.02,-1.3437,0.00,0.0000,0.0009,0.0018,,,,,,,
31.7061,10,3,14.2530,45.9590,converged,81569.70,50265.02,-1.3437,0.00,0.0000,0.0010,0.0018,,,,,,,
35.2868,9,3,11.1307,46.4168,converged,81569.70,50265.02,-1.3437,0.00,0.0000,0.0010,0.0024,,,,,,,
53.0464,6,3,10.7433,63.7894,converged,81569.70,50265.02,-1.3437,0.00,0.0000,0.0011,0.0094,,,,,,,
25.7771,10,3,14.4335,40.2105,converged,81569.70,50265.02,-1.3437,0.00,0.0000,0.0010,0.0018,,,,,,,
58.5225,5,3,23.7697,82.2917,converged,81569.70,50265.02,-1.3437,0.00,0.0000,0.0019,0.0097,,,,,,,
51.4600,7,3,20.2912,71.7502,converged,81569.70,50265.02,-1.3437,0.00,0.0000,0.0009,0.0061,,,,,,,
39.7698,9,3,18.8059,58.5749,converged,81569.70,50265.02,-1.3437,0.00,0.0000,0.0010,0.0024,,,,,,,
48.0181,7,3,10.9917,59.0098,converged,81569.70,50265.02,-1.3437,0.00,0.0000,0.0009,0.0061,,,,,,,
57.0550,6,3,12.5583,69.6134,converged,81569.70,50265.02,-1.3437,0.00,0.0000,0.0011,0.0094,,,,,,,
20.3751,10,3,16.6133,36.9883,converged,81569.70,50265.02,-1.3437,0.00,0.0000,0.0010,0.0018,,,,,,,
58.0254,5,3,13.5123,71.5373,converged,81569.70,50265.02,-1.3437,0.00,0.0000,0.0019,0.0097,,,,,,,
58.3742,5,3,19.6085,77.9826,converged,81569.70,50265.02,-1.3437,0.00,0.0000,0.0019,0.0097,,,,,,,
25.8019,10,3,11.8484,37.6495,converged,81569.70,50265.02,-1.3437,0.00,0.0000,0.0010,0.0018,,,,,,,
59.3646,5,3,12.9610,72.3250,converged,81569.70,50265.02,-1.3437,0.00,0.0000,0.0019,0.0097,,,,,,,
40.2402,8,3,15.5284,55.7684,converged,81569.70,50265.02,-1.3437,0.00,0.0000,0.0010,0.0036,,,,,,,
50.5428,7,3,11.0621,61.6041,converged,81569.70,50265.02,-1.3437,0.00,0.0000,0.0009,0.0061,,,,,,,
32.4591,10,3,10.3681,42.8272,converged,81569.70,50265.02,-1.3437,0.00,0.0000,0.0010,0.0018,,,,,,,
46.7540,7,3,11.6361,58.3891,converged,81569.70,50265.02,-1.3437,0.00,0.0000,0.0009,0.0061,,,,,,,
33.5810,10,3,13.3870,46.9680,converged,81569.70,50265.02,-1.3437,0.00,0.0000,0.0010,0.0018,,,,,,,
49.7025,7,3,12.0262,61.7282,converged,81569.70,50265.02,-1.3437,0.00,0.0000,0.0009,0.0061,,,,,,,
37.1541,9,3,11.9775,49.1316,converged,81569.70,50265.02,-1.3437,0.00,0.0000,0.0010,0.0024,,,,,,,
29.6620,10,3,17.3438,47.0048,converged,81569.70,50265.02,-1.3437,0.00,0.0000,0.0009,0.0018,,,,,,,
33.5757,10,3,11.6747,45.2498,converged,81569.70,50265.02,-1.3437,0.00,0.0000,0.0010,0.0018,,,,,,,
24.6261,10,3,10.7755,35.4015,converged,81569.70,50265.02,-1.3437,0.00,0.0000,0.0010,0.0018,,,,,,,
26.7615,10,3,9.3387,36.0997,converged,81569.70,50265.02,-1.3437,0.00,0.0000,0.0009,0.0018,,,,,,,
40.3564,8,3,15.1492,55.5052,converged,81569.70,50265.02,-1.3437,0.00,0.0000,0.0010,0.0036,,,,,,,
24.1015,10,3,11.2110,35.3120,converged,81569.70,50265.02,-1.3437,0.00,0.0000,0.0010,0.0018,,,,,,,
34.9754,9,3,11.3599,46.3350,converged,81569.70,50265.02,-1.3437,0.00,0.0000,0.0010,0.0024,,,,,,,
51.5463,7,3,12.4085,63.9545,converged,81569.70,50265.02,-1.3437,0.00,0.0000,0.0009,0.0061,,,,,,,
28.6645,10,3,13.1328,41.7968,converged,81569.70,50265.02,-1.3437,0.00,0.0000,0.0010,0.0018,,,,,,,
25.0777,10,3,9.4641,34.5411,converged,81569.70,50265.02,-1.3437,0.00,0.0000,0.0010,0.0018,,,,,,,
56.4314,6,3,12.5209,68.9519,converged,81569.70,50265.02,-1.3437,0.00,0.0000,0.0011,0.0094,,,,,,,
54.4421,6,3,13.6891,68.1312,converged,81569.70,50265.02,-1.3437,0.00,0.0000,0.0011,0.0094,,,,,,,
31.9939,10,3,10.6467,42.6398,converged,81569.70,50265.02,-1.3437,0.00,0.0000,0.0010,0.0018,,,,,,,
41.2683,8,3,11.5325,52.8006,converged,81569.70,50265.02,-1.3437,0.00,0.0000,0.0010,0.0036,,,,,,,
23.0455,10,3,10.6330,33.6780,converged,81569.70,50265.02,-1.3437,0.00,0.0000,0.0010,0.0018,,,,,,,
36.4967,9,3,10.9605,47.4565,converged,81569.70,50265.02,-1.3437,0.00,0.0000,0.0010,0.0024,,,,,,,
31.0921,10,3,10.6890,41.7810,converged,81569.70,50265.02,-1.3437,0.00,0.0000,0.0010,0.0018,,,,,,,
36.1459,9,3,11.6587,47.8037,converged,81569.70,50265.02,-1.3437,0.00,0.0000,0.0010,0.0024,,,,,,,
50.8583,7,3,10.0406,60.8987,converged,81569.70,50265.02,-1.3437,0.00,0.0000,0.0009,0.0062,,,,,,,
27.7912,10,3,14.8436,42.6347,converged,81569.70,50265.02,-1.3437,0.00,0.0000,0.0009,0.0018,,,,,,,
44.3596,8,3,10.1713,54.5304,converged,81569.70,50265.02,-1.3437,0.00,0.0000,0.0010,0.0036,,,,,,,
41.4651,8,3,9.3667,50.8317,converged,81569.70,50265.02,-1.3437,0.00,0.0000,0.0010,0.0036,,,,,,,
42.6989,8,3,9.0755,51.7735,converged,81569.70,50265.02,-1.3437,0.00,0.0000,0.0010,0.0036,,,,,,,
26.8789,10,3,10.7740,37.6521,converged,81569.70,50265.02,-1.3437,0.00,0.0000,0.0010,0.0018,,,,,,,
53.2159,6,3,10.4288,63.6438,converged,81569.70,50265.02,-1.3437,0.00,0.0000,0.0011,0.0094,,,,,,,
27.0461,10,3,12.2147,39.2607,converged,81569.70,50265.02,-1.3437,0.00,0.0000,0.0010,0.0018,,,,,,,
47.4056,7,3,11.5118,58.9168,converged,81569.70,50265.02,-1.3437,0.00,0.0000,0.0009,0.0061,,,,,,,
38.5589,9,3,9.6238,48.1818,converged,81569.70,50265.02,-1.3437,0.00,0.0000,0.0010,0.0024,,,,,,,
58.1120,5,3,13.2274,71.3384,converged,81569.70,50265.02,-1.3437,0.00,0.0000,0.0019,0.0098,,,,,,,
29.3545,10,3,9.4624,38.8164,converged,81569.70,50265.02,-1.3437,0.00,0.0000,0.0009,0.0018,,,,,,,
33.4514,10,3,11.2829,44.7339,converged,81569.70,50265.02,-1.3437,0.00,0.0000,0.0010,0.0018,,,,,,,
26.9658,10,3,10.4380,37.4030,converged,81569.70,50265.02,-1.3437,0.00,0.0000,0.0009,0.0018,,,,,,,
45.2714,8,3,10.4792,55.7502,converged,81569.70,50265.02,-1.3437,0.00,0.0000,0.0010,0.0036,,,,,,,
45.5432,8,3,9.8436,55.3866,converged,81569.70,50265.02,-1.3437,0.00,0.0000,0.0010,0.0036,,,,,,,
59.9809,5,3,9.4293,69.4093,converged,81569.70,50265.02,-1.3437,0.00,0.0000,0.0019,0.0098,,,,,,,
39.5275,9,3,9.2079,48.7349,converged,81569.70,50265.02,-1.3437,0.00,0.0000,0.0010,0.0024,,,,,,,
28.7698,10,3,11.1253,39.8944,converged,81569.70,50265.02,-1.3437,0.00,0.0000,0.0009,0.0018,,,,,,,
20.9776,10,3,11.2880,32.2650,converged,81569.70,50265.02,-1.3437,0.00,0.0000,0.0010,0.0018,,,,,,,
28.6329,10,3,14.5196,43.1517,converged,81569.70,50265.02,-1.3437,0.00,0.0000,0.0009,0.0018,,,,,,,
27.1792,10,3,11.8076,38.9866,converged,81569.70,50265.02,-1.3437,0.00,0.0000,0.0010,0.0018,,,,,,,
35.3942,9,3,12.9022,48.2962,converged,81569.70,50265.02,-1.3437,0.00,0.0000,0.0010,0.0024,,,,,,,
37.5632,9,3,10.1888,47.7518,converged,81569.70,50265.02,-1.3437,0.00,0.0000,0.0010,0.0024,,,,,,,
42.4813,8,3,11.9914,54.4724,converged,81569.70,50265.02,-1.3437,0.00,0.0000,0.0010,0.0036,,,,,,,
32.6010,10,3,17.4103,50.0103,converged,81569.70,50265.02,-1.3437,0.00,0.0000,0.0010,0.0018,,,,,,,
35.1772,9,3,9.5748,44.7518,converged,81569.70,50265.02,-1.3437,0.00,0.0000,0.0010,0.0024,,,,,,,
46.8338,7,3,11.4830,58.3160,converged,81569.70,50265.02,-1.3437,0.00,0.0000,0.0009,0.0061,,,,,,,
28.4581,10,3,11.1832,39.6412,converged,81569.70,50265.02,-1.3437,0.00,0.0000,0.0010,0.0018,,,,,,,
37.6374,9,3,9.5000,47.1370,converged,81569.70,50265.02,-1.3437,0.00,0.0000,0.0010,0.0024,,,,,,,
29.2493,10,3,10.0048,39.2539,converged,81569.70,50265.02,-1.3437,0.00,0.0000,0.0010,0.0018,,,,,,,
41.3225,8,3,10.2019,51.5240,converged,81569.70,50265.02,-1.3437,0.00,0.0000,0.0010,0.0036,,,,,,,
38.2438,9,3,11.3023,49.5453,converged,81569.70,50265.02,-1.3437,0.00,0.0000,0.0010,0.0024,,,,,,,
28.5771,10,3,12.7398,41.3168,converged,81569.70,50265.02,-1.3437,0.00,0.0000,0.0010,0.0018,,,,,,,
52.4801,6,3,10.5248,63.0048,converged,81569.70,50265.02,-1.3437,0.00,0.0000,0.0011,0.0094,,,,,,,
22.3674,10,3,12.2912,34.6582,converged,81569.70,50265.02,-1.3437,0.00,0.0000,0.0010,0.0018,,,,,,,
56.2976,6,3,12.3751,68.6722,converged,81569.70,50265.02,-1.3437,0.00,0.0000,0.0011,0.0094,,,,,,,
40.9194,8,3,11.4513,52.3703,converged,81569.70,50265.02,-1.3437,0.00,0.0000,0.0010,0.0036,,,,,,,
33.2093,10,3,13.8365,47.0455,converged,81569.70,50265.02,-1.3437,0.00,0.0000,0.0010,0.0018,,,,,,,
24.8381,10,3,9.9759,34.8140,converged,81569.70,50265.02,-1.3437,0.00,0.0000,0.0010,0.0018,,,,,,,
39.2239,9,3,9.9198,49.1428,converged,81569.70,50265.02,-1.3437,0.00,0.0000,0.0010,0.0024,,,,,,,
45.2929,8,3,11.4821,56.7742,converged,81569.70,50265.02,-1.3437,0.00,0.0000,0.0010,0.0036,,,,,,,
51.2891,7,3,12.3739,63.6630,converged,81569.70,50265.02,-1.3437,0.00,0.0000,0.0009,0.0061,,,,,,,
23.9396,10,3,12.1672,36.1062,converged,81569.70,50265.02,-1.3437,0.00,0.0000,0.0009,0.0018,,,,,,,
29.0167,10,3,14.5353,43.5513,converged,81569.70,50265.02,-1.3437,0.00,0.0000,0.0010,0.0018,,,,,,,
20.9936,10,3,10.8160,31.8090,converged,81569.70,50265.02,-1.3437,0.00,0.0000,0.0010,0.0018,,,,,,,
31.1288,10,3,11.9189,43.0469,converged,81569.70,50265.02,-1.3437,0.00,0.0000,0.0010,0.0018,,,,,,,
51.1648,7,3,9.7096,60.8736,converged,81569.70,50265.02,-1.3437,0.00,0.0000,0.0009,0.0061,,,,,,,
58.1683,5,3,13.4122,71.5803,converged,81569.70,50265.02,-1.3437,0.00,0.0000,0.0019,0.0098,,,,,,,
31.6323,10,3,9.5805,41.2125,converged,81569.70,50265.02,-1.3437,0.00,0.0000,0.0009,0.0018,,,,,,,
54.4160,6,3,10.5187,64.9347,converged,81569.70,50265.02,-1.3437,0.00,0.0000,0.0011,0.0094,,,,,,,
44.3022,8,3,12.3342,56.6362,converged,81569.70,50265.02,-1.3437,0.00,0.0000,0.0010,0.0036,,,,,,,
57.2343,6,3,11.0587,68.2927,converged,81569.70,50265.02,-1.3437,0.00,0.0000,0.0011,0.0094,,,,,,,
36.8245,9,3,10.9498,47.7739,converged,81569.70,50265.02,-1.3437,0.00,0.0000,0.0010,0.0024,,,,,,,
26.1408,10,3,11.8942,38.0343,converged,81569.70,50265.02,-1.3437,0.00,0.0000,0.0010,0.0018,,,,,,,
30.0018,10,3,14.6027,44.6037,converged,81569.70,50265.02,-1.3437,0.00,0.0000,0.0009,0.0018,,,,,,,
52.7737,6,3,11.5794,64.3525,converged,81569.70,50265.02,-1.3438,0.00,0.0000,0.0011,0.0094,,,,,,,
23.9890,10,3,12.2792,36.2682,converged,81569.70,50265.02,-1.3438,0.00,0.0000,0.0010,0.0018,,,,,,,
21.5637,10,3,10.5153,32.0783,converged,81569.70,50265.02,-1.3438,0.00,0.0000,0.0010,0.0018,,,,,,,
22.7462,10,3,15.5021,38.2481,converged,81569.70,50265.02,-1.3438,0.00,0.0000,0.0010,0.0018,,,,,,,
40.9553,8,3,10.7676,51.7227,converged,81569.70,50265.02,-1.3438,0.00,0.0000,0.0010,0.0036,,,,,,,
25.5271,10,3,15.9313,41.4584,converged,81569.70,50265.02,-1.3438,0.00,0.0000,0.0010,0.0018,,,,,,,
57.2625,6,3,17.0364,74.2985,converged,81569.70,50265.02,-1.3438,0.00,0.0000,0.0011,0.0094,,,,,,,
34.0877,9,3,10.0320,44.1190,converged,81569.70,50265.02,-1.3438,0.00,0.0000,0.0010,0.0024,,,,,,,
26.4665,10,3,9.0645,35.5306,converged,81569.70,50265.02,-1.3438,0.00,0.0000,0.0010,0.0018,,,,,,,
22.0495,10,3,14.0913,36.1403,converged,81569.70,50265.02,-1.3438,0.00,0.0000,0.0010,0.0018,,,,,,,
35.5483,9,3,14.3778,49.9258,converged,81569.70,50265.02,-1.3438,0.00,0.0000,0.0010,0.0024,,,,,,,
21.7060,10,3,9.2954,31.0005,converged,81569.70,50265.02,-1.3438,0.00,0.0000,0.0010,0.0018,,,,,,,
34.0294,9,3,10.5787,44.6077,converged,81569.70,50265.02,-1.3438,0.00,0.0000,0.0010,0.0024,,,,,,,
26.6439,10,3,10.0311,36.6742,converged,81569.70,50265.02,-1.3438,0.00,0.0000,0.0010,0.0018,,,,,,,
35.3310,9,3,12.9334,48.2644,converged,81569.70,50265.02,-1.3437,0.00,0.0000,0.0010,0.0024,,,,,,,
52.4997,6,3,12.6875,65.1866,converged,81569.70,50265.02,-1.3437,0.00,0.0000,0.0011,0.0094,,,,,,,
42.8510,8,3,11.3024,54.1525,converged,81569.70,50265.02,-1.3437,0.00,0.0000,0.0010,0.0036,,,,,,,
26.5620,10,3,10.0409,36.6030,converged,81569.70,50265.02,-1.3438,0.00,0.0000,0.0009,0.0018,,,,,,,
37.2830,9,3,11.2006,48.4826,converged,81569.70,50265.02,-1.3438,0.00,0.0000,0.0010,0.0024,,,,,,,
20.2709,10,3,9.2982,29.5683,converged,81569.70,50265.02,-1.3438,0.00,0.0000,0.0009,0.0018,,,,,,,
59.9869,5,3,13.1160,73.1020,converged,81569.70,50265.02,-1.3438,0.00,0.0000,0.0019,0.0097,,,,,,,
23.0717,10,3,9.5781,32.6492,converged,81569.70,50265.02,-1.3438,0.00,0.0000,0.0010,0.0018,,,,,,,
29.1571,10,3,11.8542,41.0112,converged,81569.70,50265.02,-1.3437,0.00,0.0000,0.0010,0.0018,,,,,,,
27.1801,10,3,9.6089,36.7889,converged,81569.70,50265.02,-1.3437,0.00,0.0000,0.0009,0.0018,,,,,,,
42.3566,8,3,9.8404,52.1964,converged,81569.70,50265.02,-1.3437,0.00,0.0000,0.0010,0.0036,,,,,,,
29.6067,10,3,14.4083,44.0143,converged,81569.70,50265.02,-1.3437,0.00,0.0000,0.0009,0.0018,,,,,,,
41.7159,8,3,13.0775,54.7925,converged,81569.70,50265.02,-1.3437,0.00,0.0000,0.0010,0.0036,,,,,,,
26.4605,10,3,16.5129,42.9729,converged,81569.70,50265.02,-1.3437,0.00,0.0000,0.0010,0.0018,,,,,,,
35.7303,9,3,11.3539,47.0839,converged,81569.70,50265.02,-1.3437,0.00,0.0000,0.0010,0.0024,,,,,,,
53.2900,6,3,9.5201,62.8101,converged,81569.70,50265.02,-1.3437,0.00,0.0000,0.0011,0.0094,,,,,,,
58.4827,5,3,11.8331,70.3151,converged,81569.70,50265.02,-1.3437,0.00,0.0000,0.0019,0.0097,,,,,,,
27.5932,10,3,10.3665,37.9595,converged,81569.70,50265.02,-1.3437,0.00,0.0000,0.0009,0.0018,,,,,,,
35.1481,9,3,18.2051,53.3531,converged,81569.70,50265.02,-1.3437,0.00,0.0000,0.0010,0.0024,,,,,,,
39.9114,9,3,9.8390,49.7500,converged,81569.70,50265.02,-1.3437,0.00,0.0000,0.0010,0.0024,,,,,,,
48.6141,7,3,9.9653,58.5794,converged,81569.70,50265.02,-1.3437,0.00,0.0000,0.0009,0.0061,,,,,,,
59.6625,5,3,12.3778,72.0398,converged,81569.70,50265.02,-1.3437,0.00,0.0000,0.0019,0.0097,,,,,,,
26.9545,10,3,14.5493,41.5034,converged,81569.70,50265.02,-1.3437,0.00,0.0000,0.0010,0.0018,,,,,,,
46.5078,7,3,10.1983,56.7054,converged,81569.70,50265.02,-1.3437,0.00,0.0000,0.0009,0.0061,,,,,,,
51.4306,7,3,10.0616,61.4916,converged,81569.70,50265.02,-1.3437,0.00,0.0000,0.0009,0.0061,,,,,,,
35.9824,9,3,10.6860,46.6680,converged,81569.70,50265.02,-1.3437,0.00,0.0000,0.0010,0.0024,,,,,,,
46.0433,7,3,10.3497,56.3928,converged,81569.70,50265.02,-1.3437,0.00,0.0000,0.0009,0.0061,,,,,,,
26.2420,10,3,9.5514,35.7934,converged,81569.70,50265.02,-1.3437,0.00,0.0000,0.0009,0.0018,,,,,,,
53.0563,6,3,9.9829,63.0390,converged,81569.70,50265.02,-1.3437,0.00,0.0000,0.0011,0.0094,,,,,,,
26.2648,10,3,11.0782,37.3422,converged,81569.70,50265.02,-1.3437,0.00,0.0000,0.0009,0.0018,,,,,,,
44.4250,8,3,10.8477,55.2727,converged,81569.70,50265.02,-1.3437,0.00,0.0000,0.0010,0.0036,,,,,,,
39.1183,9,3,10.4441,49.5622,converged,81569.70,50265.02,-1.3437,0.00,0.0000,0.0010,0.0024,,,,,,,
21.2878,10,3,10.4848,31.7719,converged,81569.70,50265.02,-1.3437,0.00,0.0000,0.0010,0.0018,,,,,,,
51.9579,7,3,11.7029,63.6599,converged,81569.70,50265.02,-1.3437,0.00,0.0000,0.0009,0.0061,,,,,,,
59.9258,5,3,14.0859,74.0109,converged,81569.70,50265.02,-1.3437,0.00,0.0000,0.0019,0.0097,,,,,,,
38.7392,9,3,11.8203,50.5594,converged,81569.70,50265.02,-1.3437,0.00,0.0000,0.0010,0.0024,,,,,,,
30.7241,10,3,10.8391,41.5632,converged,81569.70,50265.02,-1.3437,0.00,0.0000,0.0010,0.0018,,,,,,,
27.2739,10,3,10.8419,38.1150,converged,81569.70,50265.02,-1.3437,0.00,0.0000,0.0010,0.0018,,,,,,,
29.0077,10,3,13.7026,42.7097,converged,81569.70,50265.02,-1.3437,0.00,0.0000,0.0010,0.0018,,,,,,,
51.9582,7,3,10.9768,62.9348,converged,81569.70,50265.02,-1.3437,0.00,0.0000,0.0009,0.0061,,,,,,,
34.6930,9,3,13.2713,47.9644,converged,81569.70,50265.02,-1.3437,0.00,0.0000,0.0010,0.0024,,,,,,,
33.9036,10,3,10.1037,44.0068,converged,81569.70,50265.02,-1.3437,0.00,0.0000,0.0010,0.0018,,,,,,,
54.5197,6,3,10.5905,65.1096,converged,81569.70,50265.02,-1.3437,0.00,0.0000,0.0011,0.0094,,,,,,,
28.1154,10,3,16.2560,44.3710,converged,81569.70,50265.02,-1.3437,0.00,0.0000,0.0010,0.0018,,,,,,,
54.5084,6,3,14.3480,68.8561,converged,81569.70,50265.02,-1.3437,0.00,0.0000,0.0011,0.0094,,,,,,,
53.7556,6,3,12.0573,65.8123,converged,81569.70,50265.02,-1.3437,0.00,0.0000,0.0011,0.0094,,,,,,,
44.2175,8,3,11.4480,55.6650,converged,81569.70,50265.02,-1.3437,0.00,0.0000,0.0010,0.0036,,,,,,,
31.6591,10,3,10.7356,42.3946,converged,81569.70,50265.02,-1.3437,0.00,0.0000,0.0010,0.0018,,,,,,,
32.3533,10,3,9.8897,42.2427,converged,81569.70,50265.02,-1.3437,0.00,0.0000,0.0010,0.0018,,,,,,,
38.4164,9,3,11.9172,50.3332,converged,81569.70,50265.02,-1.3437,0.00,0.0000,0.0010,0.0024,,,,,,,
20.2391,10,3,16.9860,37.2250,converged,81569.70,50265.02,-1.3437,0.00,0.0000,0.0010,0.0018,,,,,,,
36.3248,9,3,10.8345,47.1585,converged,81569.70,50265.02,-1.3437,0.00,0.0000,0.0010,0.0024,,,,,,,
29.3118,10,3,10.9092,40.2202,converged,81569.70,50265.02,-1.3437,0.00,0.0000,0.0010,0.0018,,,,,,,
43.4064,8,3,10.6792,54.0852,converged,81569.70,50265.02,-1.3437,0.00,0.0000,0.0010,0.0036,,,,,,,
33.3063,10,3,13.1029,46.4089,converged,81569.70,50265.02,-1.3437,0.00,0.0000,0.0010,0.0018,,,,,,,
32.2473,10,3,10.6229,42.8699,converged,81569.70,50265.02,-1.3437,0.00,0.0000,0.0010,0.0018,,,,,,,
35.0282,9,3,11.3636,46.3916,converged,81569.70,50265.02,-1.3437,0.00,0.0000,0.0010,0.0024,,,,,,,
33.1952,10,3,14.5311,47.7262,converged,81569.70,50265.02,-1.3437,0.00,0.0000,0.0010,0.0018,,,,,,,
47.0224,7,3,10.2158,57.2379,converged,81569.70,50265.02,-1.3437,0.00,0.0000,0.0009,0.0061,,,,,,,
56.3149,6,3,11.7044,68.0184,converged,81569.70,50265.02,-1.3437,0.00,0.0000,0.0011,0.0094,,,,,,,
22.1635,10,3,11.3331,33.4962,converged,81569.70,50265.02,-1.3437,0.00,0.0000,0.0010,0.0018,,,,,,,
37.4679,9,3,10.4693,47.9363,converged,81569.70,50265.02,-1.3437,0.00,0.0000,0.0010,0.0024,,,,,,,
26.4129,10,3,15.3741,41.7862,converged,81569.70,50265.02,-1.3437,0.00,0.0000,0.0009,0.0018,,,,,,,
33.1512,10,3,9.6949,42.8459,converged,81569.70,50265.02,-1.3437,0.00,0.0000,0.0010,0.0018,,,,,,,
40.8756,8,3,9.7761,50.6511,converged,81569.70,50265.02,-1.3437,0.00,0.0000,0.0010,0.0036,,,,,,,
31.7497,10,3,10.5060,42.2550,converged,81569.70,50265.02,-1.3437,0.00,0.0000,0.0010,0.0018,,,,,,,
32.6801,10,3,12.1739,44.8539,converged,81569.70,50265.02,-1.3437,0.00,0.0000,0.0010,0.0018,,,,,,,
25.4159,10,3,9.2986,34.7136,converged,81569.70,50265.02,-1.3437,0.00,0.0000,0.0010,0.0018,,,,,,,
59.3314,5,3,18.0199,77.3509,converged,81569.70,50265.02,-1.3437,0.00,0.0000,0.0019,0.0097,,,,,,,
48.7072,7,3,15.4932,64.2003,converged,81569.70,50265.02,-1.3437,0.00,0.0000,0.0009,0.0061,,,,,,,
51.5454,7,3,15.7393,67.2844,converged,81569.70,50265.02,-1.3437,0.00,0.0000,0.0009,0.0061,,,,,,,
44.7659,8,3,13.5195,58.2845,converged,81569.70,50265.02,-1.3437,0.00,0.0000,0.0010,0.0036,,,,,,,
58.5882,5,3,10.9568,69.5449,converged,81569.70,50265.02,-1.3437,0.00,0.0000,0.0019,0.0097,,,,,,,
54.0999,6,3,13.8047,67.9038,converged,81569.70,50265.02,-1.3437,0.00,0.0000,0.0011,0.0094,,,,,,,
40.9443,8,3,12.7275,53.6715,converged,81569.70,50265.02,-1.3437,0.00,0.0000,0.0010,0.0036,,,,,,,
45.3170,8,3,14.2560,59.5721,converged,81569.70,50265.02,-1.3437,0.00,0.0000,0.0010,0.0036,,,,,,,
32.2484,10,3,11.7865,44.0345,converged,81569.70,50265.02,-1.3437,0.00,0.0000,0.0010,0.0018,,,,,,,
50.8995,7,3,10.4528,61.3518,converged,81569.70,50265.02,-1.3437,0.00,0.0000,0.0009,0.0061,,,,,,,
22.7929,10,3,9.2426,32.0346,converged,81569.70,50265.02,-1.3437,0.00,0.0000,0.0010,0.0018,,,,,,,
45.9084,8,3,10.5618,56.4699,converged,81569.70,50265.02,-1.3437,0.00,0.0000,0.0010,0.0036,,,,,,,
41.6674,8,3,10.8801,52.5471,converged,81569.70,50265.02,-1.3437,0.00,0.0000,0.0010,0.0036,,,,,,,
52.1693,6,3,12.1209,64.2900,converged,81569.70,50265.02,-1.3437,0.00,0.0000,0.0011,0.0094,,,,,,,
28.2456,10,3,11.9434,40.1884,converged,81569.70,50265.02,-1.3437,0.00,0.0000,0.0009,0.0018,,,,,,,
42.4857,8,3,11.3320,53.8170,converged,81569.70,50265.02,-1.3437,0.00,0.0000,0.0010,0.0036,,,,,,,
56.4759,6,3,18.0679,74.5429,converged,81569.70,50265.02,-1.3437,0.00,0.0000,0.0011,0.0094,,,,,,,
50.3765,7,3,20.2315,70.6076,converged,81569.70,50265.02,-1.3437,0.00,0.0000,0.0009,0.0061,,,,,,,
56.7393,6,3,11.2188,67.9579,converged,81569.70,50265.02,-1.3437,0.00,0.0000,0.0011,0.0094,,,,,,,
54.0744,6,3,10.3050,64.3790,converged,81569.70,50265.02,-1.3437,0.00,0.0000,0.0011,0.0094,,,,,,,
46.2949,7,3,9.2795,55.5735,converged,81569.70,50265.02,-1.3437,0.00,0.0000,0.0009,0.0061,,,,,,,
41.0452,8,3,18.1722,59.2173,converged,81569.70,50265.02,-1.3437,0.00,0.0000,0.0010,0.0036,,,,,,,
59.1678,5,3,8.9436,68.1106,converged,81569.70,50265.02,-1.3437,0.00,0.0000,0.0019,0.0097,,,,,,,
40.1977,8,3,9.9257,50.1228,converged,81569.70,50265.02,-1.3437,0.00,0.0000,0.0010,0.0036,,,,,,,
45.2637,8,3,11.2196,56.4827,converged,81569.70,50265.02,-1.3437,0.00,0.0000,0.0010,0.0036,,,,,,,
46.3913,7,3,10.7717,57.1627,converged,81569.70,50265.02,-1.3437,0.00,0.0000,0.0009,0.0061,,,,,,,
45.8097,8,3,15.3925,61.2015,converged,81569.70,50265.02,-1.3437,0.00,0.0000,0.0010,0.0036,,,,,,,
53.7572,6,3,9.8941,63.6511,converged,81569.70,50265.02,-1.3437,0.00,0.0000,0.0011,0.0094,,,,,,,
21.6677,10,3,10.7914,32.4584,converged,81569.70,50265.02,-1.3437,0.00,0.0000,0.0010,0.0018,,,,,,,
52.0961,6,3,10.9947,63.0908,converged,81569.70,50265.02,-1.3437,0.00,0.0000,0.0011,0.0094,,,,,,,
50.1852,7,3,12.2844,62.4695,converged,81569.70,50265.02,-1.3437,0.00,0.0000,0.0009,0.0061,,,,,,,
27.2365,10,3,10.2095,37.4455,converged,81569.70,50265.02,-1.3437,0.00,0.0000,0.0010,0.0018,,,,,,,
44.2829,8,3,15.3571,59.6391,converged,81569.70,50265.02,-1.3437,0.00,0.0000,0.0010,0.0036,,,,,,,
31.5755,10,3,10.0079,41.5830,converged,81569.70,50265.02,-1.3437,0.00,0.0000,0.0010,0.0018,,,,,,,
22.1618,10,3,10.2990,32.4601,converged,81569.70,50265.02,-1.3437,0.00,0.0000,0.0010,0.0018,,,,,,,
45.5697,8,3,9.5405,55.1095,converged,81569.70,50265.02,-1.3437,0.00,0.0000,0.0010,0.0036,,,,,,,
27.6789,10,3,15.6267,43.3047,converged,81569.70,50265.02,-1.3437,0.00,0.0000,0.0010,0.0018,,,,,,,
35.0688,9,3,12.3017,47.3697,converged,81569.70,50265.02,-1.3438,0.00,0.0000,0.0010,0.0024,,,,,,,
38.3787,9,3,10.2209,48.5989,converged,81569.70,50265.02,-1.3437,0.00,0.0000,0.0010,0.0024,,,,,,,
27.0804,10,3,11.6262,38.7062,converged,81569.70,50265.02,-1.3437,0.00,0.0000,0.0010,0.0018,,,,,,,
32.0546,10,3,12.3425,44.3965,converged,81569.70,50265.02,-1.3437,0.00,0.0000,0.0010,0.0018,,,,,,,
23.3751,10,3,9.4194,32.7944,converged,81569.70,50265.02,-1.3437,0.00,0.0000,0.0010,0.0018,,,,,,,
49.1901,7,3,10.0536,59.2436,converged,81569.70,50265.02,-1.3437,0.00,0.0000,0.0009,0.0061,,,,,,,
43.9788,8,3,10.1402,54.1182,converged,81569.70,50265.02,-1.3437,0.00,0.0000,0.0010,0.0036,,,,,,,
38.7486,9,3,10.7919,49.5399,converged,81569.70,50265.02,-1.3437,0.00,0.0000,0.0010,0.0024,,,,,,,
48.7021,7,3,10.6361,59.3382,converged,81569.70,50265.02,-1.3437,0.00,0.0000,0.0009,0.0061,,,,,,,
23.2189,10,3,9.2816,32.4996,converged,81569.70,50265.02,-1.3437,0.00,0.0000,0.0009,0.0018,,,,,,,
45.9824,8,3,12.2815,58.2636,converged,81569.70,50265.02,-1.3437,0.00,0.0000,0.0010,0.0036,,,,,,,
45.6574,8,3,9.9910,55.6480,converged,81569.70,50265.02,-1.3437,0.00,0.0000,0.0010,0.0036,,,,,,,
32.0066,10,3,10.8319,42.8379,converged,81569.70,50265.02,-1.3437,0.00,0.0000,0.0010,0.0018,,,,,,,
46.1896,7,3,13.7643,59.9533,converged,81569.70,50265.02,-1.3437,0.00,0.0000,0.0009,0.0061,,,,,,,
33.8507,10,3,10.5064,44.3565,converged,81569.70,50265.02,-1.3437,0.00,0.0000,0.0010,0.0018,,,,,,,
49.8222,7,3,10.5851,60.4072,converged,81569.70,50265.02,-1.3437,0.00,0.0000,0.0009,0.0061,,,,,,,
38.2772,9,3,11.0190,49.2961,converged,81569.70,50265.02,-1.3437,0.00,0.0000,0.0010,0.0024,,,,,,,
36.9901,9,3,15.0563,52.0463,converged,81569.70,50265.02,-1.3437,0.00,0.0000,0.0010,0.0024,,,,,,,
32.1703,10,3,11.1081,43.2781,converged,81569.70,50265.02,-1.3437,0.00,0.0000,0.0010,0.0018,,,,,,,
36.4769,9,3,10.1438,46.6198,converged,81569.70,50265.02,-1.3437,0.00,0.0000,0.0010,0.0024,,,,,,,
22.1490,10,3,9.4081,31.5572,converged,81569.70,50265.02,-1.3437,0.00,0.0000,0.0010,0.0018,,,,,,,
40.2871,8,3,9.4185,49.7056,converged,81569.70,50265.02,-1.3437,0.00,0.0000,0.0010,0.0036,,,,,,,
22.4729,10,3,9.6671,32.1391,converged,81569.70,50265.02,-1.3437,0.00,0.0000,0.0010,0.0018,,,,,,,
38.3826,9,3,9.8455,48.2275,converged,81569.70,50265.02,-1.3437,0.00,0.0000,0.0010,0.0024,,,,,,,
27.1171,10,3,9.1095,36.2265,converged,81569.70,50265.02,-1.3437,0.00,0.0000,0.0009,0.0018,,,,,,,
49.5265,7,3,10.4879,60.0139,converged,81569.70,50265.02,-1.3437,0.00,0.0000,0.0009,0.0061,,,,,,,
24.9822,10,3,9.4691,34.4511,converged,81569.70,50265.02,-1.3437,0.00,0.0000,0.0009,0.0018,,,,,,,
22.0957,10,3,13.9957,36.0907,converged,81569.70,50265.02,-1.3437,0.00,0.0000,0.0010,0.0018,,,,,,,
57.3495,6,3,11.4207,68.7698,converged,81569.70,50265.02,-1.3437,0.00,0.0000,0.0011,0.0094,,,,,,,
49.0282,7,3,11.2897,60.3192,converged,81569.70,50265.02,-1.3437,0.00,0.0000,0.0009,0.0061,,,,,,,
56.9118,6,3,21.1166,78.0277,converged,81569.70,50265.02,-1.3437,0.00,0.0000,0.0011,0.0094,,,,,,,
55.4811,6,3,14.9660,70.4470,converged,81569.70,50265.02,-1.3437,0.00,0.0000,0.0011,0.0094,,,,,,,
24.1260,10,3,10.8129,34.9380,converged,81569.70,50265.02,-1.3437,0.00,0.0000,0.0010,0.0018,,,,,,,
34.1616,9,3,10.8297,44.9907,converged,81569.70,50265.02,-1.3437,0.00,0.0000,0.0010,0.0024,,,,,,,
24.7938,10,3,11.9796,36.7726,converged,81569.70,50265.02,-1.3437,0.00,0.0000,0.0010,0.0018,,,,,,,
36.4616,9,3,10.0320,46.4930,converged,81569.70,50265.02,-1.3437,0.00,0.0000,0.0010,0.0024,,,,,,,
43.6898,8,3,10.5829,54.2719,converged,81569.70,50265.02,-1.3437,0.00,0.0000,0.0010,0.0036,,,,,,,
34.5771,9,3,10.2599,44.8369,converged,81569.70,50265.02,-1.3437,0.00,0.0000,0.0010,0.0024,,,,,,,
36.8958,9,3,12.0351,48.9302,converged,81569.70,50265.02,-1.3437,0.00,0.0000,0.0010,0.0024,,,,,,,
49.2128,7,3,12.2949,61.5069,converged,81569.71,50265.02,-1.3437,0.00,0.0000,0.0009,0.0061,,,,,,,
41.4600,8,3,9.5230,50.9820,converged,81569.71,50265.02,-1.3437,0.00,0.0000,0.0010,0.0036,,,,,,,
29.6787,10,3,10.5196,40.1976,converged,81569.70,50265.02,-1.3437,0.00,0.0000,0.0010,0.0018,,,,,,,
54.0100,6,3,10.6417,64.6517,converged,81569.70,50265.02,-1.3437,0.00,0.0000,0.0011,0.0093,,,,,,,
45.2683,8,3,17.5563,62.8243,converged,81569.70,50265.02,-1.3437,0.00,0.0000,0.0010,0.0036,,,,,,,
46.0751,7,3,16.3164,62.3915,converged,81569.70,50265.02,-1.3437,0.00,0.0000,0.0009,0.0061,,,,,,,
37.4533,9,3,11.5393,48.9923,converged,81569.70,50265.02,-1.3437,0.00,0.0000,0.0010,0.0024,,,,,,,
54.5009,6,3,12.1487,66.6487,converged,81569.70,50265.02,-1.3437,0.00,0.0000,0.0011,0.0094,,,,,,,
21.9284,10,3,15.7888,37.7169,converged,81569.70,50265.02,-1.3437,0.00,0.0000,0.0010,0.0018,,,,,,,
49.0184,7,3,12.2206,61.2386,converged,81569.70,50265.02,-1.3437,0.00,0.0000,0.0009,0.0061,,,,,,,
48.2771,7,3,10.3686,58.6457,converged,81569.70,50265.02,-1.3437,0.00,0.0000,0.0009,0.0061,,,,,,,
29.5647,10,3,11.2831,40.8471,converged,81569.70,50265.02,-1.3437,0.00,0.0000,0.0010,0.0018,,,,,,,
40.7677,8,3,11.6686,52.4356,converged,81569.70,50265.02,-1.3437,0.00,0.0000,0.0010,0.0036,,,,,,,
26.9936,10,3,9.0949,36.0879,converged,81569.70,50265.02,-1.3437,0.00,0.0000,0.0010,0.0018,,,,,,,
53.8967,6,3,10.1769,64.0729,converged,81569.70,50265.02,-1.3437,0.00,0.0000,0.0011,0.0093,,,,,,,
33.0034,10,3,11.3095,44.3125,converged,81569.70,50265.02,-1.3437,0.00,0.0000,0.0010,0.0018,,,,,,,
35.4330,9,3,10.0908,45.5238,converged,81569.70,50265.02,-1.3437,0.00,0.0000,0.0010,0.0024,,,,,,,
20.7614,10,3,13.5051,34.2661,converged,81569.70,50265.02,-1.3437,0.00,0.0000,0.0010,0.0018,,,,,,,
31.3966,10,3,11.1342,42.5302,converged,81569.70,50265.02,-1.3437,0.00,0.0000,0.0010,0.0018,,,,,,,
33.0505,10,3,15.2016,48.2516,converged,81569.70,50265.02,-1.3437,0.00,0.0000,0.0010,0.0018,,,,,,,
52.2216,6,3,13.6705,65.8915,converged,81569.70,50265.02,-1.3437,0.00,0.0000,0.0011,0.0094,,,,,,,
26.4174,10,3,18.5764,44.9934,converged,81569.70,50265.02,-1.3437,0.00,0.0000,0.0010,0.0018,,,,,,,
53.8354,6,3,11.3374,65.1724,converged,81569.70,50265.02,-1.3437,0.00,0.0000,0.0011,0.0094,,,,,,,
26.5562,10,3,10.5299,37.0859,converged,81569.70,50265.02,-1.3437,0.00,0.0000,0.0010,0.0018,,,,,,,
23.2929,10,3,10.2359,33.5280,converged,81569.70,50265.02,-1.3437,0.00,0.0000,0.0010,0.0018,,,,,,,
41.9318,8,3,11.6165,53.5476,converged,81569.70,50265.02,-1.3437,0.00,0.0000,0.0010,0.0036,,,,,,,
47.2905,7,3,11.3335,58.6236,converged,81569.70,50265.02,-1.3437,0.00,0.0000,0.0009,0.0061,,,,,,,
30.4629,10,3,12.4855,42.9475,converged,81569.70,50265.02,-1.3437,0.00,0.0000,0.0010,0.0018,,,,,,,
43.0320,8,3,10.3656,53.3966,converged,81569.70,50265.02,-1.3437,0.00,0.0000,0.0010,0.0036,,,,,,,
22.4814,10,3,9.9619,32.4429,converged,81569.70,50265.02,-1.3437,0.00,0.0000,0.0010,0.0018,,,,,,,
21.6840,10,3,13.6859,35.3699,converged,81569.70,50265.02,-1.3437,0.00,0.0000,0.0010,0.0018,,,,,,,
46.0516,7,3,10.9914,57.0425,converged,81569.70,50265.02,-1.3437,0.00,0.0000,0.0009,0.0061,,,,,,,
46.4278,7,3,10.4278,56.8549,converged,81569.70,50265.02,-1.3437,0.00,0.0000,0.0009,0.0061,,,,,,,
47.8294,7,3,10.6275,58.4565,converged,81569.70,50265.02,-1.3437,0.00,0.0000,0.0009,0.0061,,,,,,,
50.0760,7,3,10.4888,60.5639,converged,81569.70,50265.02,-1.3437,0.00,0.0000,0.0009,0.0061,,,,,,,
42.3797,8,3,13.4474,55.8265,converged,81569.70,50265.02,-1.3437,0.00,0.0000,0.0010,0.0036,,,,,,,
44.0361,8,3,10.7052,54.7412,converged,81569.70,50265.02,-1.3437,0.00,0.0000,0.0010,0.0036,,,,,,,
26.9586,10,3,10.2594,37.2174,converged,81569.70,50265.02,-1.3437,0.00,0.0000,0.0010,0.0018,,,,,,,
33.6596,10,3,11.5081,45.1672,converged,81569.70,50265.02,-1.3437,0.00,0.0000,0.0010,0.0018,,,,,,,
51.9972,7,3,12.5234,64.5204,converged,81569.70,50265.02,-1.3438,0.00,0.0000,0.0009,0.0061,,,,,,,
41.4006,8,3,10.2458,51.6458,converged,81569.70,50265.02,-1.3438,0.00,0.0000,0.0010,0.0036,,,,,,,
24.2478,10,3,9.9955,34.2425,converged,81569.70,50265.02,-1.3437,0.00,0.0000,0.0010,0.0018,,,,,,,
46.8452,7,3,10.8299,57.6749,converged,81569.70,50265.02,-1.3437,0.00,0.0000,0.0009,0.0061,,,,,,,
33.2252,10,3,16.3990,49.6241,converged,81569.70,50265.02,-1.3437,0.00,0.0000,0.0010,0.0018,,,,,,,
55.5095,6,3,11.5902,67.0993,converged,81569.70,50265.02,-1.3437,0.00,0.0000,0.0011,0.0094,,,,,,,
37.6473,9,3,10.1964,47.8435,converged,81569.70,50265.02,-1.3437,0.00,0.0000,0.0010,0.0024,,,,,,,
44.0968,8,3,9.8833,53.9793,converged,81569.70,50265.02,-1.3437,0.00,0.0000,0.0013,0.0024,,,,,,,
27.7921,10,3,10.8508,38.6428,converged,81569.70,50265.02,-1.3437,0.00,0.0000,0.0012,0.0013,,,,,,,
29.7090,10,3,10.4480,40.1570,converged,81569.70,50265.02,-1.3437,0.00,0.0000,0.0010,0.0018,,,,,,,
55.2278,6,3,12.5283,67.7553,converged,81569.70,50265.02,-1.3437,0.00,0.0000,0.0011,0.0094,,,,,,,
43.6832,8,3,10.8463,54.5293,converged,81569.70,50265.02,-1.3437,0.00,0.0000,0.0010,0.0036,,,,,,,
54.9792,6,3,13.4584,68.4375,converged,81569.70,50265.02,-1.3437,0.00,0.0000,0.0011,0.0094,,,,,,,
39.6282,9,3,11.3621,50.9901,converged,81569.70,50265.02,-1.3437,0.00,0.0000,0.0010,0.0024,,,,,,,
47.5486,7,3,9.7710,57.3190,converged,81569.70,50265.02,-1.3437,0.00,0.0000,0.0009,0.0061,,,,,,,
37.3363,9,3,10.4693,47.8053,converged,81569.70,50265.02,-1.3437,0.00,0.0000,0.0010,0.0024,,,,,,,
47.2336,7,3,9.8165,57.0496,converged,81569.70,50265.02,-1.3437,0.00,0.0000,0.0009,0.0061,,,,,,,
37.0808,9,3,12.4311,49.5111,converged,81569.70,50265.02,-1.3437,0.00,0.0000,0.0010,0.0024,,,,,,,
30.6515,10,3,9.9747,40.6257,converged,81569.70,50265.02,-1.3437,0.00,0.0000,0.0010,0.0018,,,,,,,
22.8616,10,3,9.7747,32.6357,converged,81569.70,50265.02,-1.3437,0.00,0.0000,0.0010,0.0018,,,,,,,
53.4486,6,3,11.5613,65.0094,converged,81569.70,50265.02,-1.3437,0.00,0.0000,0.0011,0.0094,,,,,,,
34.9211,9,3,10.4024,45.3234,converged,81569.70,50265.02,-1.3437,0.00,0.0000,0.0010,0.0024,,,,,,,
37.5101,9,3,13.1406,50.6506,converged,81569.70,50265.02,-1.3437,0.00,0.0000,0.0010,0.0024,,,,,,,
47.6694,7,3,10.0364,57.7055,converged,81569.70,50265.02,-1.3437,0.00,0.0000,0.0009,0.0061,,,,,,,
38.8487,9,3,11.1156,49.9636,converged,81569.70,50265.02,-1.3437,0.00,0.0000,0.0010,0.0024,,,,,,,
35.2354,9,3,11.1239,46.3589,converged,81569.70,50265.02,-1.3437,0.00,0.0000,0.0010,0.0024,,,,,,,
50.4605,7,3,9.7582,60.2183,converged,81569.70,50265.02,-1.3437,0.00,0.0000,0.0009,0.0061,,,,,,,
49.1098,7,3,10.6223,59.7313,converged,81569.70,50265.02,-1.3437,0.00,0.0000,0.0009,0.0061,,,,,,,
50.1993,7,3,11.3026,61.5017,converged,81569.70,50265.02,-1.3437,0.00,0.0000,0.0009,0.0061,,,,,,,
55.3767,6,3,12.6265,68.0026,converged,81569.70,50265.02,-1.3437,0.00,0.0000,0.0011,0.0094,,,,,,,
32.5265,10,3,9.9524,42.4784,converged,81569.70,50265.02,-1.3437,0.00,0.0000,0.0010,0.0018,,,,,,,
43.7686,8,3,14.0506,57.8186,converged,81569.70,50265.02,-1.3437,0.00,0.0000,0.0010,0.0036,,,,,,,
49.2059,7,3,10.2763,59.4813,converged,81569.70,50265.02,-1.3437,0.00,0.0000,0.0009,0.0061,,,,,,,
38.6834,9,3,10.7798,49.4628,converged,81569.70,50265.02,-1.3437,0.00,0.0000,0.0010,0.0024,,,,,,,
42.1785,8,3,10.0331,52.2112,converged,81569.70,50265.02,-1.3437,0.00,0.0000,0.0010,0.0036,,,,,,,
51.8993,7,3,10.6104,62.5094,converged,81569.70,50265.02,-1.3437,0.00,0.0000,0.0009,0.0061,,,,,,,
56.2173,6,3,11.7492,67.9663,converged,81569.70,50265.02,-1.3437,0.00,0.0000,0.0011,0.0094,,,,,,,
32.6550,10,3,9.9587,42.6127,converged,81569.70,50265.02,-1.3437,0.00,0.0000,0.0009,0.0018,,,,,,,
23.0939,10,3,10.0872,33.1802,converged,81569.70,50265.02,-1.3437,0.00,0.0000,0.0010,0.0018,,,,,,,
46.7014,7,3,9.6572,56.3582,converged,81569.70,50265.02,-1.3437,0.00,0.0000,0.0009,0.0061,,,,,,,
53.3152,6,3,12.5363,65.8513,converged,81569.70,50265.02,-1.3437,0.00,0.0000,0.0011,0.0094,,,,,,,
36.9314,9,3,11.4353,48.3663,converged,81569.70,50265.02,-1.3437,0.00,0.0000,0.0010,0.0024,,,,,,,
59.9052,5,3,12.2913,72.1964,converged,81569.70,50265.02,-1.3436,0.00,0.0000,0.0019,0.0098,,,,,,,
35.1212,9,3,10.3493,45.4704,converged,81569.70,50265.02,-1.3436,0.00,0.0000,0.0010,0.0024,,,,,,,
38.1416,9,3,10.7284,48.8695,converged,81569.70,50265.02,-1.3436,0.00,0.0000,0.0010,0.0024,,,,,,,
41.0241,8,3,15.8723,56.8963,converged,81569.70,50265.02,-1.3436,0.00,0.0000,0.0010,0.0036,,,,,,,
34.3919,9,3,10.7481,45.1391,converged,81569.70,50265.02,-1.3437,0.00,0.0000,0.0010,0.0024,,,,,,,
36.8270,9,3,9.2009,46.0280,converged,81569.70,50265.02,-1.3437,0.00,0.0000,0.0010,0.0024,,,,,,,
43.2021,8,3,9.9114,53.1134,converged,81569.70,50265.02,-1.3437,0.00,0.0000,0.0010,0.0036,,,,,,,
43.5296,8,3,15.3757,58.9048,converged,81569.70,50265.02,-1.3437,0.00,0.0000,0.0010,0.0036,,,,,,,
59.0167,5,3,11.9980,71.0140,converged,81569.70,50265.02,-1.3437,0.00,0.0000,0.0019,0.0098,,,,,,,
33.3983,10,3,10.1947,43.5927,converged,81569.70,50265.02,-1.3437,0.00,0.0000,0.0010,0.0018,,,,,,,
44.0694,8,3,9.6140,53.6830,converged,81569.70,50265.02,-1.3437,0.00,0.0000,0.0010,0.0036,,,,,,,
33.5463,10,3,12.6179,46.1639,converged,81569.70,50265.02,-1.3437,0.00,0.0000,0.0010,0.0018,,,,,,,
47.9487,7,3,9.7051,57.6531,converged,81569.70,50265.02,-1.3437,0.00,0.0000,0.0009,0.0061,,,,,,,
28.8340,10,3,10.6133,39.4473,converged,81569.70,50265.02,-1.3437,0.00,0.0000,0.0010,0.0018,,,,,,,
37.8206,9,3,9.9880,47.8081,converged,81569.70,50265.02,-1.3437,0.00,0.0000,0.0010,0.0024,,,,,,,
59.0276,5,3,10.5346,69.5616,converged,81569.70,50265.02,-1.3437,0.00,0.0000,0.0019,0.0098,,,,,,,
58.8644,5,3,18.7077,77.5717,converged,81569.70,50265.02,-1.3437,0.00,0.0000,0.0019,0.0098,,,,,,,
59.4856,5,3,12.2540,71.7390,converged,81569.70,50265.02,-1.3437,0.00,0.0000,0.0019,0.0098,,,,,,,
34.4592,9,3,16.4583,50.9174,converged,81569.70,50265.02,-1.3437,0.00,0.0000,0.0010,0.0024,,,,,,,
47.5189,7,3,10.3257,57.8438,converged,81569.70,50265.02,-1.3437,0.00,0.0000,0.0009,0.0061,,,,,,,
41.7508,8,3,11.7911,53.5412,converged,81569.70,50265.02,-1.3437,0.00,0.0000,0.0010,0.0036,,,,,,,
44.8793,8,3,10.4291,55.3082,converged,81569.70,50265.02,-1.3437,0.00,0.0000,0.0010,0.0036,,,,,,,
55.3577,6,3,23.0812,78.4383,converged,81569.70,50265.02,-1.3437,0.00,0.0000,0.0011,0.0094,,,,,,,
56.8158,6,3,17.6954,74.5105,converged,81569.70,50265.02,-1.3437,0.00,0.0000,0.0011,0.0094,,,,,,,
58.0486,5,3,18.3067,76.3547,converged,81569.70,50265.02,-1.3437,0.00,0.0000,0.0019,0.0098,,,,,,,
48.9643,7,3,14.8296,63.7937,converged,81569.70,50265.02,-1.3437,0.00,0.0000,0.0009,0.0061,,,,,,,
37.7183,9,3,13.3075,51.0256,converged,81569.70,50265.02,-1.3437,0.00,0.0000,0.0010,0.0024,,,,,,,
38.3465,9,3,12.3190,50.6651,converged,81569.70,50265.02,-1.3437,0.00,0.0000,0.0010,0.0024,,,,,,,
22.3063,10,3,17.4604,39.7664,converged,81569.70,50265.02,-1.3437,0.00,0.0000,0.0010,0.0018,,,,,,,
39.1334,9,3,9.0191,48.1521,converged,81569.70,50265.02,-1.3437,0.00,0.0000,0.0010,0.0024,,,,,,,
35.6885,9,3,19.7394,55.4274,converged,81569.70,50265.02,-1.3437,0.00,0.0000,0.0010,0.0024,,,,,,,
33.3134,10,3,12.2670,45.5800,converged,81569.70,50265.02,-1.3437,0.00,0.0000,0.0010,0.0018,,,,,,,
37.5966,9,3,11.3861,48.9821,converged,81569.70,50265.02,-1.3437,0.00,0.0000,0.0010,0.0024,,,,,,,
57.5993,6,3,10.1777,67.7767,converged,81569.70,50265.02,-1.3437,0.00,0.0000,0.0011,0.0094,,,,,,,
27.5035,10,3,9.7560,37.2590,converged,81569.70,50265.02,-1.3437,0.00,0.0000,0.0010,0.0018,,,,,,,
36.4489,9,3,13.2368,49.6848,converged,81569.70,50265.02,-1.3437,0.00,0.0000,0.0010,0.0024,,,,,,,
25.7999,10,3,16.1114,41.9104,converged,81569.70,50265.02,-1.3437,0.00,0.0000,0.0010,0.0018,,,,,,,
56.1159,6,3,14.7195,70.8346,converged,81569.70,50265.02,-1.3437,0.00,0.0000,0.0011,0.0094,,,,,,,
30.0501,10,3,15.1473,45.1973,converged,81569.70,50265.02,-1.3437,0.00,0.0000,0.0010,0.0018,,,,,,,
26.5999,10,3,13.9700,40.5690,converged,81569.70,50265.02,-1.3437,0.00,0.0000,0.0010,0.0018,,,,,,,
38.4440,9,3,14.9557,53.3997,converged,81569.70,50265.02,-1.3437,0.00,0.0000,0.0010,0.0024,,,,,,,
57.3492,6,3,10.4344,67.7835,converged,81569.70,50265.02,-1.3437,0.00,0.0000,0.0011,0.0094,,,,,,,
39.7620,9,3,10.3929,50.1549,converged,81569.70,50265.02,-1.3437,0.00,0.0000,0.0010,0.0024,,,,,,,
25.8759,10,3,11.2882,37.1633,converged,81569.70,50265.02,-1.3437,0.00,0.0000,0.0010,0.0018,,,,,,,
48.8156,7,3,10.2539,59.0689,converged,81569.70,50265.02,-1.3437,0.00,0.0000,0.0009,0.0061,,,,,,,
54.4952,6,3,15.7372,70.2322,converged,81569.70,50265.02,-1.3437,0.00,0.0000,0.0011,0.0094,,,,,,,
55.9732,6,3,14.9104,70.8834,converged,81569.70,50265.02,-1.3437,0.00,0.0000,0.0011,0.0094,,,,,,,
58.1914,5,3,17.6035,75.7945,converged,81569.70,50265.02,-1.3437,0.00,0.0000,0.0019,0.0097,,,,,,,
48.9780,7,3,13.6944,62.6715,converged,81569.70,50265.02,-1.3437,0.00,0.0000,0.0009,0.0061,,,,,,,
41.2350,8,3,8.5625,49.7965,converged,81569.70,50265.02,-1.3437,0.00,0.0000,0.0010,0.0036,,,,,,,
46.0567,7,3,12.2542,58.3102,converged,81569.70,50265.02,-1.3437,0.00,0.0000,0.0009,0.0061,,,,,,,
45.6620,8,3,16.1787,61.8398,converged,81569.70,50265.02,-1.3437,0.00,0.0000,0.0010,0.0036,,,,,,,
54.2618,6,3,8.9928,63.2538,converged,81569.70,50265.02,-1.3437,0.00,0.0000,0.0011,0.0094,,,,,,,
49.9253,7,3,10.9428,60.8678,converged,81569.70,50265.02,-1.3437,0.00,0.0000,0.0009,0.0061,,,,,,,
24.6202,10,3,14.5595,39.1795,converged,81569.70,50265.02,-1.3437,0.00,0.0000,0.0010,0.0018,,,,,,,
25.9232,10,3,18.9889,44.9119,converged,81569.70,50265.02,-1.3437,0.00,0.0000,0.0010,0.0018,,,,,,,
41.4103,8,3,13.3179,54.7279,converged,81569.70,50265.02,-1.3437,0.00,0.0000,0.0010,0.0036,,,,,,,
25.7584,10,3,13.8182,39.5762,converged,81569.70,50265.02,-1.3437,0.00,0.0000,0.0010,0.0018,,,,,,,
34.7224,9,3,14.5738,49.2959,converged,81569.70,50265.02,-1.3437,0.00,0.0000,0.0010,0.0024,,,,,,,
57.4331,6,3,18.8771,76.3101,converged,81569.70,50265.02,-1.3437,0.00,0.0000,0.0011,0.0094,,,,,,,
35.8887,9,3,15.8187,51.7067,converged,81569.70,50265.02,-1.3437,0.00,0.0000,0.0010,0.0024,,,,,,,
55.1258,6,3,18.4080,73.5330,converged,81569.70,50265.02,-1.3437,0.00,0.0000,0.0011,0.0094,,,,,,,
39.8908,9,3,17.6720,57.5621,converged,81569.71,50265.02,-1.3437,0.00,0.0000,0.0010,0.0024,,,,,,,
23.2489,10,3,12.0811,35.3291,converged,81569.71,50265.02,-1.3437,0.00,0.0000,0.0010,0.0018,,,,,,,
29.2203,10,3,9.2023,38.4223,converged,81569.70,50265.02,-1.3437,0.00,0.0000,0.0010,0.0018,,,,,,,
38.8973,9,3,12.3841,51.2811,converged,81569.70,50265.02,-1.3437,0.00,0.0000,0.0010,0.0024,,,,,,,
24.4631,10,3,9.4682,33.9313,converged,81569.71,50265.02,-1.3437,0.00,0.0000,0.0010,0.0018,,,,,,,
28.5905,10,3,10.6532,39.2432,converged,81569.71,50265.02,-1.3437,0.00,0.0000,0.0010,0.0018,,,,,,,
51.7472,7,3,12.1541,63.9011,converged,81569.70,50265.02,-1.3437,0.00,0.0000,0.0009,0.0061,,,,,,,
39.1381,9,3,10.5911,49.7291,converged,81569.70,50265.02,-1.3437,0.00,0.0000,0.0010,0.0024,,,,,,,
22.9835,10,3,15.2305,38.2136,converged,81569.70,50265.02,-1.3437,0.00,0.0000,0.0010,0.0018,,,,,,,
21.2781,10,3,10.0893,31.3673,converged,81569.70,50265.02,-1.3437,0.00,0.0000,0.0010,0.0018,,,,,,,
49.2417,7,3,11.7640,61.0050,converged,81569.70,50265.02,-1.3437,0.00,0.0000,0.0009,0.0061,,,,,,,
37.7001,9,3,9.6759,47.3759,converged,81569.70,50265.02,-1.3437,0.00,0.0000,0.0010,0.0024,,,,,,,
55.5368,6,3,12.3072,67.8433,converged,81569.70,50265.02,-1.3437,0.00,0.0000,0.0011,0.0094,,,,,,,
21.9411,10,3,13.1315,35.0725,converged,81569.70,50265.02,-1.3437,0.00,0.0000,0.0010,0.0018,,,,,,,
31.9436,10,3,10.0990,42.0420,converged,81569.70,50265.02,-1.3437,0.00,0.0000,0.0010,0.0018,,,,,,,
48.4977,7,3,11.6928,60.1898,converged,81569.70,50265.02,-1.3437,0.00,0.0000,0.0009,0.0061,,,,,,,
43.5748,8,3,10.1268,53.7008,converged,81569.70,50265.02,-1.3437,0.00,0.0000,0.0010,0.0036,,,,,,,
29.9005,10,3,12.8229,42.7229,converged,81569.70,50265.02,-1.3437,0.00,0.0000,0.0010,0.0018,,,,,,,
25.6863,10,3,10.2387,35.9247,converged,81569.70,50265.02,-1.3437,0.00,0.0000,0.0010,0.0018,,,,,,,
53.0013,6,3,13.0028,66.0038,converged,81569.70,50265.02,-1.3437,0.00,0.0000,0.0011,0.0094,,,,,,,
30.5022,10,3,9.8985,40.4005,converged,81569.70,50265.02,-1.3437,0.00,0.0000,0.0010,0.0018,,,,,,,
37.5227,9,3,11.1026,48.6247,converged,81569.70,50265.02,-1.3437,0.00,0.0000,0.0010,0.0024,,,,,,,
55.0708,6,3,9.7538,64.8238,converged,81569.70,50265.02,-1.3437,0.00,0.0000,0.0011,0.0094,,,,,,,
49.2819,7,3,12.8153,62.0964,converged,81569.70,50265.02,-1.3437,0.00,0.0000,0.0009,0.0061,,,,,,,
49.3106,7,3,14.8971,64.2072,converged,81569.70,50265.02,-1.3437,0.00,0.0000,0.0009,0.0061,,,,,,,
42.6231,8,3,12.9699,55.5929,converged,81569.71,50265.02,-1.3437,0.00,0.0000,0.0010,0.0036,,,,,,,
46.3447,7,3,12.4020,58.7460,converged,81569.71,50265.02,-1.3437,0.00,0.0000,0.0009,0.0061,,,,,,,
43.5271,8,3,11.1571,54.6841,converged,81569.71,50265.02,-1.3437,0.00,0.0000,0.0010,0.0036,,,,,,,
52.0727,6,3,10.9420,63.0140,converged,81569.71,50265.02,-1.3437,0.00,0.0000,0.0011,0.0094,,,,,,,
44.9814,8,3,10.5749,55.5560,converged,81569.71,50265.02,-1.3437,0.00,0.0000,0.0010,0.0036,,,,,,,
20.2151,10,3,10.1847,30.3998,converged,81569.71,50265.02,-1.3437,0.00,0.0000,0.0010,0.0018,,,,,,,
40.0583,8,3,11.0855,51.1436,converged,81569.71,50265.02,-1.3437,0.00,0.0000,0.0010,0.0036,,,,,,,
29.9675,10,3,11.4700,41.4371,converged,81569.71,50265.02,-1.3437,0.00,0.0000,0.0010,0.0018,,,,,,,
25.2392,10,3,14.2023,39.4414,converged,81569.71,50265.02,-1.3437,0.00,0.0000,0.0010,0.0018,,,,,,,
30.0950,10,3,11.8573,41.9524,converged,81569.71,50265.02,-1.3437,0.00,0.0000,0.0010,0.0018,,,,,,,
36.1131,9,3,9.8423,45.9553,converged,81569.71,50265.02,-1.3437,0.00,0.0000,0.0010,0.0024,,,,,,,
55.9206,6,3,11.1055,67.0255,converged,81569.71,50265.02,-1.3437,0.00,0.0000,0.0011,0.0094,,,,,,,
26.9315,10,3,11.1804,38.1114,converged,81569.71,50265.02,-1.3437,0.00,0.0000,0.0010,0.0018,,,,,,,
45.9910,8,3,10.4721,56.4621,converged,81569.71,50265.02,-1.3437,0.00,0.0000,0.0010,0.0036,,,,,,,
53.2663,6,3,10.3750,63.6411,converged,81569.71,50265.02,-1.3437,0.00,0.0000,0.0011,0.0094,,,,,,,
20.7967,10,3,9.3435,30.1395,converged,81569.71,50265.02,-1.3437,0.00,0.0000,0.0010,0.0018,,,,,,,
59.4339,5,3,12.2144,71.6475,converged,81569.71,50265.02,-1.3437,0.00,0.0000,0.0019,0.0097,,,,,,,
20.0796,10,3,10.5212,30.6002,converged,81569.71,50265.02,-1.3437,0.00,0.0000,0.0010,0.0018,,,,,,,
39.0653,9,3,11.6556,50.7206,converged,81569.71,50265.02,-1.3437,0.00,0.0000,0.0010,0.0024,,,,,,,
20.6126,10,3,9.7449,30.3569,converged,81569.71,50265.02,-1.3437,0.00,0.0000,0.0010,0.0018,,,,,,,
44.4911,8,3,9.4287,53.9197,converged,81569.70,50265.02,-1.3437,0.00,0.0000,0.0010,0.0036,,,,,,,
45.5612,8,3,10.5916,56.1526,converged,81569.70,50265.02,-1.3437,0.00,0.0000,0.0010,0.0036,,,,,,,
34.3276,9,3,10.9349,45.2619,converged,81569.71,50265.02,-1.3437,0.00,0.0000,0.0010,0.0024,,,,,,,
59.3030,5,3,11.8222,71.1242,converged,81569.71,50265.02,-1.3437,0.00,0.0000,0.0019,0.0097,,,,,,,
45.9880,8,3,11.4556,57.4426,converged,81569.71,50265.02,-1.3437,0.00,0.0000,0.0010,0.0036,,,,,,,
29.1785,10,3,11.3476,40.5257,converged,81569.71,50265.02,-1.3437,0.00,0.0000,0.0010,0.0018,,,,,,,
24.3112,10,3,10.2135,34.5245,converged,81569.71,50265.02,-1.3437,0.00,0.0000,0.0010,0.0018,,,,,,,
59.1979,5,3,14.5128,73.7099,converged,81569.70,50265.02,-1.3437,0.00,0.0000,0.0019,0.0097,,,,,,,
39.3941,9,3,9.9501,49.3442,converged,81569.70,50265.02,-1.3437,0.00,0.0000,0.0010,0.0024,,,,,,,
26.4230,10,3,11.1815,37.6035,converged,81569.71,50265.02,-1.3437,0.00,0.0000,0.0010,0.0018,,,,,,,
29.3571,10,3,12.0239,41.3810,converged,81569.71,50265.02,-1.3437,0.00,0.0000,0.0010,0.0018,,,,,,,
55.3402,6,3,10.3923,65.7323,converged,81569.71,50265.02,-1.3437,0.00,0.0000,0.0011,0.0094,,,,,,,
50.3674,7,3,10.0067,60.3737,converged,81569.71,50265.02,-1.3437,0.00,0.0000,0.0009,0.0061,,,,,,,
48.0309,7,3,9.6434,57.6734,converged,81569.71,50265.02,-1.3437,0.00,0.0000,0.0009,0.0061,,,,,,,
23.2994,10,3,12.0649,35.3640,converged,81569.71,50265.02,-1.3437,0.00,0.0000,0.0010,0.0018,,,,,,,
21.1226,10,3,15.1248,36.2469,converged,81569.71,50265.02,-1.3437,0.00,0.0000,0.0010,0.0018,,,,,,,
45.8263,8,3,11.5765,57.4026,converged,81569.71,50265.02,-1.3437,0.00,0.0000,0.0010,0.0036,,,,,,,
48.4773,7,3,10.6022,59.0792,converged,81569.71,50265.02,-1.3437,0.00,0.0000,0.0009,0.0061,,,,,,,
25.4013,10,3,12.1559,37.5570,converged,81569.71,50265.02,-1.3437,0.00,0.0000,0.0010,0.0018,,,,,,,
39.7564,9,3,14.6831,54.4391,converged,81569.70,50265.02,-1.3437,0.00,0.0000,0.0010,0.0024,,,,,,,
50.0824,7,3,10.0081,60.0901,converged,81569.70,50265.02,-1.3437,0.00,0.0000,0.0009,0.0061,,,,,,,
25.1434,10,3,13.0333,38.1763,converged,81569.70,50265.02,-1.3437,0.00,0.0000,0.0010,0.0018,,,,,,,
59.5742,5,3,12.9120,72.4860,converged,81569.70,50265.02,-1.3437,0.00,0.0000,0.0019,0.0097,,,,,,,
50.4897,7,3,10.0472,60.5362,converged,81569.70,50265.02,-1.3437,0.00,0.0000,0.0009,0.0061,,,,,,,
49.9732,7,3,9.6203,59.5933,converged,81569.70,50265.02,-1.3437,0.00,0.0000,0.0009,0.0061,,,,,,,
47.8887,7,3,12.9759,60.8639,converged,81569.70,50265.02,-1.3437,0.00,0.0000,0.0009,0.0061,,,,,,,
37.5532,9,3,12.0621,49.6151,converged,81569.70,50265.02,-1.3437,0.00,0.0000,0.0010,0.0024,,,,,,,
34.8041,9,3,10.3592,45.1632,converged,81569.70,50265.02,-1.3437,0.00,0.0000,0.0010,0.0024,,,,,,,
54.2585,6,3,10.1615,64.4195,converged,81569.70,50265.02,-1.3437,0.00,0.0000,0.0011,0.0094,,,,,,,
50.1145,7,3,9.6626,59.7766,converged,81569.70,50265.02,-1.3437,0.00,0.0000,0.0009,0.0061,,,,,,,
50.4167,7,3,12.3717,62.7878,converged,81569.71,50265.02,-1.3437,0.00,0.0000,0.0009,0.0061,,,,,,,
44.0670,8,3,11.7017,55.7677,converged,81569.71,50265.02,-1.3437,0.00,0.0000,0.0010,0.0036,,,,,,,
45.0202,8,3,15.6362,60.6563,converged,81569.71,50265.02,-1.3437,0.00,0.0000,0.0010,0.0036,,,,,,,
28.8445,10,3,10.0243,38.8683,converged,81569.71,50265.02,-1.3437,0.00,0.0000,0.0010,0.0018,,,,,,,
48.2040,7,3,10.5054,58.7084,converged,81569.71,50265.02,-1.3437,0.00,0.0000,0.0009,0.0061,,,,,,,
34.9491,9,3,12.4552,47.4043,converged,81569.71,50265.02,-1.3437,0.00,0.0000,0.0010,0.0024,,,,,,,
52.1309,6,3,9.5000,61.6300,converged,81569.71,50265.02,-1.3437,0.00,0.0000,0.0011,0.0094,,,,,,,
59.4936,5,3,15.8891,75.3821,converged,81569.70,50265.02,-1.3437,0.00,0.0000,0.0019,0.0097,,,,,,,
29.5961,10,3,14.3207,43.9168,converged,81569.70,50265.02,-1.3437,0.00,0.0000,0.0010,0.0018,,,,,,,
41.0984,8,3,10.5874,51.6854,converged,81569.70,50265.02,-1.3437,0.00,0.0000,0.0010,0.0036,,,,,,,
46.3731,7,3,11.8261,58.1992,converged,81569.70,50265.02,-1.3437,0.00,0.0000,0.0009,0.0061,,,,,,,
46.3594,7,3,10.2995,56.6585,converged,81569.70,50265.02,-1.3437,0.00,0.0000,0.0009,0.0061,,,,,,,
41.4782,8,3,10.3154,51.7934,converged,81569.70,50265.02,-1.3437,0.00,0.0000,0.0010,0.0036,,,,,,,
30.6659,10,3,9.3897,40.0548,converged,81569.70,50265.02,-1.3437,0.00,0.0000,0.0010,0.0018,,,,,,,
38.3439,9,3,11.8837,50.2267,converged,81569.70,50265.02,-1.3437,0.00,0.0000,0.0010,0.0024,,,,,,,
55.1470,6,3,10.3012,65.4472,converged,81569.70,50265.02,-1.3437,0.00,0.0000,0.0011,0.0094,,,,,,,
52.3923,6,3,13.5175,65.9095,converged,81569.70,50265.02,-1.3437,0.00,0.0000,0.0011,0.0094,,,,,,,
30.2798,10,3,10.3161,40.5951,converged,81569.71,50265.02,-1.3437,0.00,0.0000,0.0010,0.0018,,,,,,,
51.7414,7,3,10.8410,62.5821,converged,81569.71,50265.02,-1.3437,0.00,0.0000,0.0009,0.0061,,,,,,,
57.9112,6,3,19.5105,77.4216,converged,81569.71,50265.02,-1.3437,0.00,0.0000,0.0011,0.0094,,,,,,,
30.0870,10,3,10.7236,40.8107,converged,81569.71,50265.02,-1.3437,0.00,0.0000,0.0010,0.0018,,,,,,,
46.0723,7,3,10.0092,56.0812,converged,81569.71,50265.02,-1.3437,0.00,0.0000,0.0009,0.0061,,,,,,,
38.1679,9,3,9.9000,48.0671,converged,81569.71,50265.02,-1.3437,0.00,0.0000,0.0010,0.0024,,,,,,,
35.1820,9,3,14.4887,49.6708,converged,81569.71,50265.02,-1.3437,0.00,0.0000,0.0010,0.0024,,,,,,,
44.1611,8,3,9.0339,53.1950,converged,81569.71,50265.02,-1.3437,0.00,0.0000,0.0010,0.0036,,,,,,,
33.3835,10,3,11.9468,45.3298,converged,81569.71,50265.02,-1.3437,0.00,0.0000,0.0009,0.0018,,,,,,,
36.4526,9,3,14.2013,50.6534,converged,81569.71,50265.02,-1.3437,0.00,0.0000,0.0010,0.0024,,,,,,,
40.8549,8,3,10.3671,51.2211,converged,81569.71,50265.02,-1.3437,0.00,0.0000,0.0010,0.0036,,,,,,,
57.9010,6,3,16.4506,74.3517,converged,81569.71,50265.02,-1.3437,0.00,0.0000,0.0011,0.0094,,,,,,,
39.8879,9,3,11.4980,51.3850,converged,81569.71,50265.02,-1.3437,0.00,0.0000,0.0010,0.0024,,,,,,,
48.6274,7,3,15.5812,64.2083,converged,81569.71,50265.02,-1.3437,0.00,0.0000,0.0009,0.0061,,,,,,,
47.2901,7,3,17.0395,64.3295,converged,81569.71,50265.02,-1.3437,0.00,0.0000,0.0009,0.0061,,,,,,,
30.9628,10,3,10.2980,41.2601,converged,81569.71,50265.02,-1.3437,0.00,0.0000,0.0010,0.0018,,,,,,,
36.7528,9,3,9.5265,46.2785,converged,81569.70,50265.02,-1.3437,0.00,0.0000,0.0010,0.0024,,,,,,,
57.5718,6,3,9.2351,66.8061,converged,81569.70,50265.02,-1.3437,0.00,0.0000,0.0011,0.0094,,,,,,,
54.5992,6,3,12.4412,67.0402,converged,81569.71,50265.02,-1.3437,0.00,0.0000,0.0011,0.0094,,,,,,,
20.5161,10,3,9.8657,30.3818,converged,81569.71,50265.02,-1.3437,0.00,0.0000,0.0010,0.0018,,,,,,,
51.7978,7,3,11.3728,63.1699,converged,81569.70,50265.02,-1.3437,0.00,0.0000,0.0009,0.0061,,,,,,,
23.3318,10,3,11.5541,34.8852,converged,81569.70,50265.02,-1.3437,0.00,0.0000,0.0010,0.0018,,,,,,,
35.4799,9,3,10.7183,46.1973,converged,81569.70,50265.02,-1.3437,0.00,0.0000,0.0010,0.0024,,,,,,,
41.5820,8,3,16.8039,58.3849,converged,81569.70,50265.02,-1.3437,0.00,0.0000,0.0010,0.0036,,,,,,,
27.3626,10,3,14.9443,42.3063,converged,81569.70,50265.02,-1.3437,0.00,0.0000,0.0010,0.0018,,,,,,,
52.5625,6,3,10.5928,63.1548,converged,81569.70,50265.02,-1.3437,0.00,0.0000,0.0011,0.0094,,,,,,,
43.6330,8,3,11.1678,54.9518,converged,81569.70,50265.02,-1.3437,0.00,0.0000,0.0010,0.0036,,,,,,,
35.6583,9,3,14.2732,49.9313,converged,81569.71,50265.02,-1.3437,0.00,0.0000,0.0010,0.0024,,,,,,,
59.2622,5,3,15.8505,75.1125,converged,81569.71,50265.02,-1.3437,0.00,0.0000,0.0019,0.0097,,,,,,,
46.4536,7,3,14.7845,61.2376,converged,81569.71,50265.02,-1.3437,0.00,0.0000,0.0009,0.0061,,,,,,,
38.2730,9,3,14.8814,53.1535,converged,81569.71,50265.02,-1.3437,0.00,0.0000,0.0010,0.0024,,,,,,,
21.4215,10,3,10.6293,32.0503,converged,81569.71,50265.02,-1.3437,0.00,0.0000,0.0010,0.0018,,,,,,,
