38.8809,9,9,48.9661,87.8461,completed,3684.07,73774.90,-2.2441,0.00,0.0000,0.2662,0.4350,0.3286,0.5083,0.4348,0.7805,0.5441,0.3371,
24.6302,10,10,39.0690,63.6990,completed,3684.07,73774.90,-2.2441,0.00,0.0000,0.1485,0.2414,0.1952,0.2475,0.2374,0.3990,0.4415,0.5162,0.4475
32.7991,10,10,39.8853,72.6844,completed,3684.07,73774.90,-2.2441,0.00,0.0000,0.2415,0.4228,0.4479,0.5560,0.5921,0.7416,1.0616,0.5484,0.3056
47.7670,7,7,24.9066,72.6727,completed,3684.07,73774.90,-2.2441,0.00,0.0000,0.2201,0.2976,0.4468,0.7860,0.6951,0.6712,,,
45.5410,8,8,28.7774,74.3185,completed,3684.07,73774.90,-2.2441,0.00,0.0000,0.1519,0.2751,0.4748,2.3319,2.5170,1.0415,0.4720,,
58.0559,5,5,18.6315,76.6866,completed,3684.07,73774.90,-2.2441,0.00,0.0000,0.1108,0.2186,0.8235,1.1221,,,,,
38.3394,9,9,33.0576,71.3966,completed,3684.07,73774.90,-2.2441,0.02,0.0000,0.0915,0.2756,0.4118,0.9512,0.8096,1.3094,1.0531,0.5412,
37.5808,9,9,30.7678,68.3478,completed,3684.07,73774.90,-2.2441,0.02,0.0000,0.0837,0.2416,0.3865,0.8219,0.6390,0.9909,0.9191,0.4508,
24.1260,10,3,10.4612,34.5873,converged,3684.06,73774.89,-2.2442,0.07,0.0000,0.0495,0.0444,,,,,,,
54.2475,6,6,24.3408,78.5878,completed,3684.06,73774.89,-2.2442,0.07,0.0000,0.0791,0.1891,0.9965,0.7209,0.5247,,,,
37.3292,9,9,33.5841,70.9131,completed,3684.05,73774.87,-2.2444,0.12,0.0000,0.0668,0.1585,0.1719,0.4757,0.5698,0.9122,0.4231,0.2274,
32.7141,10,3,9.3472,42.0612,converged,3684.05,73774.87,-2.2444,0.12,0.0000,0.0129,0.0483,,,,,,,
46.3284,7,7,23.9675,70.2956,completed,3684.03,73774.84,-2.2448,0.18,0.0000,0.0800,0.1853,0.3107,1.1826,0.4901,0.2846,,,
36.3686,9,9,33.1445,69.5126,converged,3684.03,73774.84,-2.2448,0.18,0.0000,0.0404,0.1068,0.1416,0.4841,0.5672,0.2841,0.1859,0.0837,
54.1809,6,6,21.0370,75.2171,completed,3683.99,73774.80,-2.2453,0.26,0.0000,0.1069,0.1680,0.4829,0.5925,0.4665,,,,
32.7428,10,4,13.3137,46.0557,converged,3683.99,73774.80,-2.2453,0.26,0.0000,0.0324,0.1035,0.0956,,,,,,
59.9076,5,5,20.0625,79.9695,completed,3683.94,73774.74,-2.2456,0.37,0.0000,0.0432,0.1048,0.8560,0.7070,,,,,
32.7681,10,3,9.6147,42.3827,converged,3683.94,73774.74,-2.2456,0.37,0.0000,0.0080,0.0893,,,,,,,
32.2822,10,4,12.4478,44.7298,converged,3683.89,73774.67,-2.2454,0.47,0.0000,0.0706,0.1408,0.0927,,,,,,
41.3488,8,8,31.3941,72.7421,completed,3683.89,73774.67,-2.2454,0.47,0.0000,0.0886,0.1268,0.1081,0.3158,0.2888,0.2001,0.1463,,
22.6839,10,3,10.0594,32.7424,converged,3683.81,73774.57,-2.2450,0.58,0.0000,0.0200,0.0468,,,,,,,
57.9722,6,6,27.4736,85.4456,completed,3683.81,73774.57,-2.2450,0.58,0.0000,0.1107,0.1297,0.8243,0.8706,0.4749,,,,
41.9700,8,3,9.9664,51.9354,converged,3683.71,73774.45,-2.2443,0.72,0.0000,0.0155,0.0474,,,,,,,
39.8509,9,3,8.9995,48.8495,converged,3683.71,73774.45,-2.2443,0.72,0.0000,0.0348,0.0837,,,,,,,
31.4571,10,3,9.8785,41.3356,converged,3683.61,73774.32,-2.2433,0.85,0.0000,0.0242,0.0876,,,,,,,
38.9584,9,9,31.4877,70.4458,completed,3683.61,73774.32,-2.2433,0.85,0.0000,0.0235,0.1192,0.1451,0.2450,0.6497,0.3683,0.2667,0.1197,
44.9448,8,8,33.9987,78.9427,completed,3683.48,73774.16,-2.2417,1.01,0.0000,0.0514,0.1300,0.1787,0.5450,0.7014,0.3380,0.2190,,
59.4791,5,5,28.0133,87.4923,completed,3683.48,73774.16,-2.2417,1.01,0.0000,0.0171,0.2449,0.6358,0.6267,,,,,
44.7202,8,3,15.4430,60.1631,converged,3683.27,73773.90,-2.2395,1.24,0.0000,0.0310,0.0996,,,,,,,
20.4159,10,3,10.4213,30.8364,converged,3683.27,73773.90,-2.2395,1.24,0.0000,0.0132,0.0348,,,,,,,
25.4351,10,3,9.7518,35.1868,converged,3683.09,73773.66,-2.2382,1.42,0.0000,0.0301,0.0657,,,,,,,
40.0229,8,3,11.1054,51.1275,converged,3683.09,73773.66,-2.2382,1.42,0.0000,0.0115,0.0826,,,,,,,
28.6980,10,3,10.7215,39.4196,converged,3682.88,73773.39,-2.2374,1.62,0.0000,0.0329,0.0344,,,,,,,
31.1261,10,3,9.3203,40.4464,converged,3682.88,73773.39,-2.2374,1.62,0.0000,0.0541,0.0451,,,,,,,
49.8739,7,3,9.5000,59.3731,converged,3682.67,73773.13,-2.2375,1.80,0.0000,0.0323,0.0984,,,,,,,
58.6314,5,5,27.3950,86.0261,completed,3682.67,73773.13,-2.2375,1.80,0.0000,0.0494,0.3135,0.5827,0.3652,,,,,
37.8120,9,3,9.7414,47.5524,converged,3682.31,73772.67,-2.2361,2.04,0.0000,0.0264,0.0080,,,,,,,
52.4572,6,6,22.2986,74.7557,completed,3682.31,73772.67,-2.2361,2.04,0.0000,0.0365,0.1103,0.1660,0.4450,0.4368,,,,
27.7996,10,3,10.4528,38.2518,converged,3682.01,73772.29,-2.2347,2.21,0.0000,0.0428,0.0901,,,,,,,
46.2927,7,3,11.0883,57.3803,converged,3682.01,73772.29,-2.2347,2.21,0.0000,0.0475,0.0572,,,,,,,
44.2312,8,3,10.8367,55.0677,converged,3681.70,73771.89,-2.2353,2.36,0.0000,0.0326,0.0217,,,,,,,
41.3387,8,3,9.5722,50.9102,converged,3681.70,73771.89,-2.2353,2.36,0.0000,0.0578,0.0658,,,,,,,
28.3039,10,3,9.5828,37.8858,converged,3681.36,73771.46,-2.2366,2.49,0.0000,0.0308,0.0306,,,,,,,
46.6688,7,7,26.3347,73.0027,completed,3681.36,73771.46,-2.2366,2.49,0.0000,0.0728,0.1867,0.4488,0.5744,0.6597,0.2816,,,
46.7006,7,3,10.0477,56.7477,converged,3681.01,73771.01,-2.2363,2.62,0.0000,0.0443,0.0933,,,,,,,
56.1755,6,6,26.8342,83.0092,completed,3681.01,73771.01,-2.2363,2.62,0.0000,0.0973,0.1847,0.2909,0.4144,0.1481,,,,
54.8853,6,6,22.1317,77.0167,completed,3680.59,73770.48,-2.2362,2.73,0.0000,0.0590,0.1279,0.3469,0.3678,0.4249,,,,
47.5834,7,7,24.5307,72.1137,completed,3680.59,73770.48,-2.2362,2.73,0.0000,0.0750,0.1274,0.1985,0.5565,0.5055,0.1274,,,
53.9096,6,6,25.0482,78.9572,completed,3680.12,73769.88,-2.2385,2.85,0.0000,0.0675,0.1165,0.1479,0.5984,0.6397,,,,
59.1152,5,5,22.0595,81.1745,completed,3680.12,73769.88,-2.2385,2.85,0.0000,0.0944,0.1758,0.5052,0.3779,,,,,
47.1688,7,7,25.7750,72.9430,completed,3679.62,73769.25,-2.2454,2.96,0.0000,0.1181,0.2015,0.4369,0.6842,0.4695,0.2858,,,
24.9476,10,3,9.9331,34.8801,converged,3679.62,73769.25,-2.2454,2.96,0.0000,0.0357,0.0588,,,,,,,
55.0651,6,6,22.6920,77.7571,completed,3679.20,73768.73,-2.2473,3.04,0.0000,0.0871,0.1987,0.6377,0.9068,0.1651,,,,
21.5924,10,3,13.4281,35.0202,converged,3679.20,73768.73,-2.2473,3.04,0.0000,0.0550,0.0743,,,,,,,
25.9137,10,3,13.5603,39.4733,converged,3678.77,73768.19,-2.2471,3.10,0.0000,0.0282,0.0372,,,,,,,
43.9134,8,3,10.3044,54.2175,converged,3678.77,73768.19,-2.2471,3.10,0.0000,0.0950,0.0815,,,,,,,
25.5512,10,3,9.3705,34.9215,converged,3678.33,73767.64,-2.2473,3.14,0.0000,0.0382,0.0407,,,,,,,
51.3279,7,7,24.7651,76.0921,completed,3678.33,73767.64,-2.2473,3.14,0.0000,0.0265,0.1021,0.3056,0.5878,0.4110,0.2885,,,
36.6363,9,9,32.5814,69.2175,completed,3677.88,73767.09,-2.2434,3.17,0.0000,0.0547,0.1034,0.2120,0.4801,0.8641,0.3998,0.2560,0.2072,
36.2918,9,3,10.1247,46.4157,converged,3677.88,73767.09,-2.2434,3.17,0.0000,0.0253,0.0450,,,,,,,
46.6622,7,3,10.1964,56.8584,converged,3677.39,73766.46,-2.2360,3.17,0.0000,0.0482,0.0385,,,,,,,
23.6968,10,3,14.5584,38.2544,converged,3677.39,73766.46,-2.2360,3.17,0.0000,0.0224,0.0409,,,,,,,
41.2891,8,8,28.5107,69.7997,completed,3676.96,73765.90,-2.2274,3.15,0.0000,0.0595,0.1816,0.3431,0.4340,0.4306,0.4203,0.3008,,
46.6630,7,3,9.7793,56.4413,converged,3676.96,73765.90,-2.2274,3.15,0.0000,0.0259,0.0750,,,,,,,
51.9288,7,7,25.8982,77.8263,completed,3676.48,73765.28,-2.2127,3.11,0.0000,0.0664,0.1293,0.8971,2.0093,0.6175,0.1776,,,
57.0323,6,6,22.1413,79.1733,completed,3676.48,73765.28,-2.2127,3.11,0.0000,0.0490,0.2224,0.4719,0.3551,0.3221,,,,
55.6525,6,6,34.0317,89.6837,completed,3675.98,73764.59,-2.1977,3.07,0.0000,0.1004,0.4569,0.9409,0.7292,0.3042,,,,
58.2302,5,5,18.3287,76.5587,completed,3675.98,73764.59,-2.1977,3.07,0.0000,0.1015,0.3457,0.6078,0.2828,,,,,
32.9462,10,10,35.4214,68.3674,completed,3675.50,73763.91,-2.1717,2.98,0.0000,0.1065,0.1607,0.1845,0.3127,0.7954,0.4095,0.3376,0.1885,0.1615
24.9889,10,3,9.5827,34.5707,converged,3675.50,73763.91,-2.1717,2.98,0.0000,0.0519,0.0614,,,,,,,
25.4217,10,3,9.8021,35.2231,converged,3675.13,73763.37,-2.1345,2.87,0.0000,0.0648,0.0521,,,,,,,
48.4292,7,3,9.5907,58.0197,converged,3675.13,73763.37,-2.1345,2.87,0.0000,0.0796,0.0951,,,,,,,
51.0323,7,7,24.4387,75.4707,completed,3674.81,73762.82,-2.0860,2.76,0.0000,0.1762,0.2219,1.2142,1.3952,0.6051,0.3434,,,
43.6575,8,8,28.4491,72.1061,completed,3674.81,73762.82,-2.0860,2.76,0.0000,0.1417,0.2223,0.1951,1.5770,0.5248,0.2845,0.2236,,
45.9178,8,8,31.6304,77.5474,completed,3674.46,73762.16,-2.0232,2.69,0.0000,0.2663,0.4043,0.5390,1.6029,0.3622,0.5058,0.3855,,
45.9350,8,8,31.1426,77.0766,completed,3674.46,73762.16,-2.0232,2.69,0.0000,0.2649,0.4030,0.8633,1.1590,0.6391,0.4629,0.2646,,
57.7777,6,6,21.0672,78.8442,completed,3674.18,73761.55,-1.9758,2.66,0.0000,0.4400,0.6134,4.8617,2.4704,0.8855,,,,
44.2182,8,8,30.8789,75.0969,completed,3674.18,73761.55,-1.9758,2.66,0.0000,0.1385,0.1943,0.3701,1.3936,0.8241,0.4214,0.2843,,
48.6115,7,7,25.6331,74.2442,completed,3673.90,73760.82,-1.8971,2.60,0.0000,0.2429,1.0551,3.5539,1.3169,0.9374,0.4459,,,
46.4274,7,7,26.0259,72.4530,completed,3673.90,73760.82,-1.8971,2.60,0.0000,0.2826,0.5615,0.9143,3.5410,1.6080,0.4685,,,
50.9545,7,7,26.5352,77.4892,completed,3673.70,73760.13,-1.8092,2.58,0.0000,0.7840,0.6106,2.7076,2.9871,1.2453,0.9324,,,
32.5742,10,10,38.9405,71.5145,completed,3673.70,73760.13,-1.8092,2.58,0.0000,0.1678,0.1510,0.4088,1.6246,1.3433,0.3624,0.3560,0.3014,0.2680
52.4383,6,6,23.2009,75.6389,completed,3673.58,73759.50,-1.7157,2.58,0.0000,0.4934,2.7631,3.0785,1.2673,0.5164,,,,
43.9291,8,8,29.2914,73.2205,completed,3673.58,73759.50,-1.7157,2.58,0.0000,0.6552,1.3932,1.5913,4.1066,2.2516,0.8019,0.6985,,
49.6408,7,7,25.7579,75.3980,completed,3673.51,73758.80,-1.6134,2.50,0.0000,0.1627,0.6509,2.1126,1.5894,0.2145,0.3304,,,
26.7827,10,10,35.8471,62.6291,completed,3673.51,73758.80,-1.6134,2.50,0.0000,0.1538,0.2696,0.4749,1.9109,1.1670,0.2516,0.2691,0.2944,0.3148
41.1869,8,8,28.3869,69.5730,completed,3673.51,73758.19,-1.5187,2.43,0.0000,0.1560,0.3046,1.0837,1.1522,0.7783,0.8336,0.3679,,
35.6331,9,9,31.3244,66.9575,completed,3673.51,73758.19,-1.5187,2.43,0.0000,0.1454,0.1993,0.5260,1.5707,0.4478,0.3753,0.1985,0.2671,
24.0197,10,10,35.3812,59.4002,completed,3673.58,73757.60,-1.4128,2.33,0.0000,0.0731,0.1640,0.4765,1.3349,0.9696,0.3228,0.3677,0.1732,0.1908
57.6667,6,6,24.8408,82.5069,completed,3673.58,73757.60,-1.4128,2.33,0.0000,0.5499,0.6289,1.5561,0.7077,0.4186,,,,
47.3033,7,7,29.0026,76.3056,completed,3673.70,73757.03,-1.3035,2.32,0.0000,0.2487,0.4595,3.0621,4.9232,1.9606,0.3473,,,
40.8080,8,8,27.8411,68.6491,completed,3673.70,73757.03,-1.3035,2.32,0.0000,0.3730,0.5708,0.5571,0.3817,0.3749,0.2756,0.1133,,
27.6636,10,10,35.0080,62.6711,completed,3673.91,73756.42,-1.1821,2.42,0.0000,0.2339,0.3604,0.5681,0.9719,2.1294,4.3568,2.7155,0.8486,0.3477
33.1456,10,10,35.6865,68.8315,completed,3673.91,73756.42,-1.1821,2.42,0.0000,0.0962,0.1490,0.1710,0.1964,0.2564,0.5399,0.2363,0.3297,0.3776
26.6096,10,3,9.2170,35.8260,converged,3674.14,73755.91,-1.0773,2.52,0.0000,0.0604,0.0738,,,,,,,
42.3235,8,3,9.8054,52.1284,converged,3674.14,73755.91,-1.0773,2.52,0.0000,0.0542,0.0886,,,,,,,
29.1937,10,3,10.0229,39.2160,converged,3674.41,73755.47,-0.9837,2.59,0.0000,0.0220,0.0810,,,,,,,
45.6634,8,3,10.6183,56.2814,converged,3674.41,73755.47,-0.9837,2.59,0.0000,0.0463,0.0558,,,,,,,
51.9084,7,7,25.5592,77.4673,completed,3674.76,73755.00,-0.8771,2.67,0.0000,0.0845,0.1388,0.8124,5.2679,3.9148,2.0811,,,
26.9055,10,3,11.0055,37.9105,converged,3674.76,73755.00,-0.8771,2.67,0.0000,0.0426,0.0806,,,,,,,
29.1474,10,3,10.1745,39.3216,converged,3675.22,73754.51,-0.7620,2.74,0.0000,0.0202,0.0439,,,,,,,
45.0950,8,3,9.2706,54.3646,converged,3675.22,73754.51,-0.7620,2.74,0.0000,0.0736,0.0887,,,,,,,
51.8959,7,7,29.1968,81.0918,completed,3675.64,73754.14,-0.6727,2.77,0.0000,0.0783,0.2646,0.7676,1.5546,0.5171,0.2048,,,
26.3603,10,10,32.4821,58.8422,converged,3675.64,73754.14,-0.6727,2.77,0.0000,0.0336,0.1181,0.1535,0.1005,0.3505,0.2828,0.4791,0.2123,0.0978
48.3960,7,7,24.8060,73.2020,completed,3676.20,73753.75,-0.5588,2.75,0.0000,0.0968,0.1889,0.4005,0.7130,0.2369,0.1963,,,
47.9260,7,7,37.4475,85.3735,completed,3676.20,73753.75,-0.5588,2.75,0.0000,0.0948,0.3217,0.4374,0.2406,0.4949,0.2287,,,
56.8772,6,6,31.6477,88.5247,completed,3676.86,73753.39,-0.4365,2.67,0.0000,0.1069,0.3057,0.2445,0.5481,0.4963,,,,
48.7357,7,7,35.8656,84.6006,completed,3676.86,73753.39,-0.4365,2.67,0.0000,0.0198,0.1940,0.1368,0.5243,0.7689,0.3147,,,
33.8157,10,4,13.5172,47.3322,converged,3677.65,73753.08,-0.3068,2.57,0.0000,0.0551,0.1020,0.0994,,,,,,
56.6242,6,3,13.6992,70.3233,converged,3677.65,73753.08,-0.3068,2.57,0.0000,0.0764,0.0783,,,,,,,
26.1556,10,10,36.0093,62.1643,completed,3678.26,73752.92,-0.2172,2.49,0.0000,0.0385,0.1154,0.1675,0.3256,0.9618,1.1012,0.6316,0.3022,0.1411
44.5066,8,3,11.3792,55.8852,converged,3678.26,73752.92,-0.2172,2.49,0.0000,0.0353,0.0567,,,,,,,
44.9416,8,3,9.7365,54.6775,converged,3678.87,73752.81,-0.1218,2.45,0.0000,0.0421,0.0273,,,,,,,
52.5440,6,6,21.0813,73.6243,completed,3678.87,73752.81,-0.1218,2.45,0.0000,0.0923,0.1054,0.3024,0.6668,0.5222,,,,
21.0735,10,3,9.5187,30.5917,converged,3679.48,73752.77,-0.0257,2.45,0.0000,0.0622,0.0580,,,,,,,
40.8991,8,8,28.4784,69.3774,completed,3679.48,73752.77,-0.0257,2.45,0.0000,0.0707,0.1033,0.9268,1.1690,0.8997,0.6907,0.2893,,
56.8288,6,3,9.7514,66.5794,converged,3680.03,73752.78,0.0537,2.48,0.0000,0.1342,0.0989,,,,,,,
59.1625,5,5,18.8092,77.9713,completed,3680.03,73752.78,0.0537,2.48,0.0000,0.0937,0.1138,0.9699,0.8414,,,,,
55.0108,6,6,21.6369,76.6469,completed,3680.65,73752.84,0.1313,2.52,0.0000,0.0950,0.2145,0.6076,1.7634,0.7381,,,,
32.9012,10,3,10.3057,43.2067,converged,3680.65,73752.84,0.1313,2.52,0.0000,0.0276,0.0511,,,,,,,
39.7182,9,3,9.9843,49.7024,converged,3681.22,73752.93,0.1946,2.57,0.0000,0.0636,0.0626,,,,,,,
54.1120,6,3,10.4562,64.5683,converged,3681.22,73752.93,0.1946,2.57,0.0000,0.0283,0.0878,,,,,,,
27.8291,10,3,10.5750,38.4040,converged,3681.85,73753.07,0.2569,2.58,0.0000,0.0403,0.0334,,,,,,,
34.3209,9,3,10.3863,44.7064,converged,3681.85,73753.07,0.2569,2.58,0.0000,0.0146,0.0497,,,,,,,
32.5838,10,3,9.3396,41.9227,converged,3682.28,73753.20,0.2991,2.61,0.0000,0.0320,0.0645,,,,,,,
55.9971,6,6,22.3410,78.3380,completed,3682.28,73753.20,0.2991,2.61,0.0000,0.1194,0.1488,0.6809,0.4644,0.1436,,,,
50.2105,7,3,10.7926,61.0027,converged,3682.91,73753.41,0.3467,2.70,0.0000,0.0483,0.0835,,,,,,,
35.9835,9,3,9.0890,45.0721,converged,3682.91,73753.41,0.3467,2.70,0.0000,0.0668,0.0368,,,,,,,
57.0744,6,6,26.4639,83.5379,completed,3683.49,73753.63,0.3803,2.78,0.0000,0.0459,0.1703,0.1763,0.9472,0.6243,,,,
25.2693,10,3,10.2587,35.5278,converged,3683.49,73753.63,0.3803,2.78,0.0000,0.0502,0.0401,,,,,,,
41.5339,8,3,11.1054,52.6384,converged,3684.07,73753.87,0.4059,2.80,0.0000,0.0362,0.0921,,,,,,,
49.6659,7,7,29.4062,79.0713,completed,3684.07,73753.87,0.4059,2.80,0.0000,0.0614,0.1571,0.1129,0.4256,0.3765,0.2897,,,
54.0216,6,6,23.3155,77.3365,completed,3684.72,73754.16,0.4269,2.88,0.0000,0.0746,0.1193,0.6309,2.1409,0.9964,,,,
43.6083,8,8,31.6015,75.2095,completed,3684.72,73754.16,0.4269,2.88,0.0000,0.0258,0.1489,0.1821,0.5168,0.1006,0.1755,0.1273,,
24.6471,10,3,12.3532,37.0003,converged,3685.45,73754.50,0.4500,3.03,0.0000,0.0483,0.0431,,,,,,,
51.0673,7,7,28.2174,79.2844,completed,3685.45,73754.50,0.4500,3.03,0.0000,0.0374,0.2043,0.1460,0.6604,0.7425,0.3987,,,
29.5308,10,3,10.7352,40.2652,converged,3686.08,73754.81,0.4635,3.19,0.0000,0.0201,0.0737,,,,,,,
28.6365,10,3,11.1042,39.7402,converged,3686.08,73754.81,0.4635,3.19,0.0000,0.0401,0.0548,,,,,,,
26.0225,10,3,10.6624,36.6844,converged,3686.66,73755.11,0.4721,3.38,0.0000,0.0212,0.0723,,,,,,,
41.5434,8,8,43.1107,84.6538,completed,3686.97,73755.26,0.4761,3.47,0.0000,0.0257,0.1090,0.2254,0.1129,0.1071,0.1966,0.1619,,
21.3914,10,3,10.6267,32.0177,converged,3686.97,73755.26,0.4761,3.47,0.0000,0.0313,0.0833,,,,,,,
45.6836,8,8,30.0896,75.7726,completed,3687.76,73755.68,0.4841,3.72,0.0000,0.0446,0.1129,0.2022,0.1011,0.3177,0.6600,0.3649,,
57.7485,6,6,22.0691,79.8171,completed,3687.76,73755.68,0.4841,3.72,0.0000,0.0245,0.1778,0.3763,0.7331,0.8375,,,,
25.2638,10,3,9.5347,34.7978,converged,3688.71,73756.18,0.4891,4.07,0.0000,0.0142,0.0447,,,,,,,
33.4080,10,3,11.3785,44.7866,converged,3688.71,73756.18,0.4891,4.07,0.0000,0.0406,0.0786,,,,,,,
38.2986,9,3,10.7563,49.0543,converged,3689.36,73756.52,0.4905,4.29,0.0000,0.0151,0.0750,,,,,,,
35.3624,9,3,12.6816,48.0437,converged,3689.36,73756.52,0.4905,4.29,0.0000,0.0137,0.0531,,,,,,,
36.8154,9,3,14.3867,51.2018,converged,3690.23,73756.99,0.4917,4.54,0.0000,0.0090,0.0703,,,,,,,
55.4154,6,6,23.3608,78.7759,completed,3690.23,73756.99,0.4917,4.54,0.0000,0.0264,0.1513,0.2258,0.6496,0.3233,,,,
30.0761,10,3,10.9625,41.0385,converged,3691.37,73757.60,0.4921,4.90,0.0000,0.0479,0.0755,,,,,,,
51.2128,7,3,9.6178,60.8299,converged,3691.37,73757.60,0.4921,4.90,0.0000,0.0185,0.0627,,,,,,,
38.2154,9,3,10.7785,48.9936,converged,3692.38,73758.14,0.4914,5.20,0.0000,0.0480,0.0505,,,,,,,
42.7944,8,3,9.5712,52.3652,converged,3692.38,73758.14,0.4914,5.20,0.0000,0.0672,0.0843,,,,,,,
39.2113,9,3,10.6722,49.8833,converged,3693.31,73758.64,0.4902,5.40,0.0000,0.0724,0.0795,,,,,,,
41.7924,8,4,14.2742,56.0663,converged,3693.31,73758.64,0.4902,5.40,0.0000,0.0784,0.1422,0.0784,,,,,,
53.0417,6,6,22.6462,75.6872,completed,3694.41,73759.22,0.4883,5.61,0.0000,0.1196,0.1477,0.2483,0.8680,0.1879,,,,
32.9837,10,3,9.9311,42.9141,converged,3694.41,73759.22,0.4883,5.61,0.0000,0.0113,0.0403,,,,,,,
44.0934,8,3,9.2748,53.3679,converged,3695.67,73759.89,0.4875,5.80,0.0000,0.0366,0.0809,,,,,,,
42.7865,8,4,14.2202,57.0062,converged,3695.67,73759.89,0.4875,5.80,0.0000,0.0928,0.1173,0.0494,,,,,,
23.8219,10,4,15.7391,39.5601,converged,3696.83,73760.51,0.4858,5.93,0.0000,0.1396,0.1670,0.0831,,,,,,
50.3769,7,4,14.0952,64.4712,converged,3696.83,73760.51,0.4858,5.93,0.0000,0.1266,0.1781,0.0742,,,,,,
40.9828,8,4,13.2443,54.2264,converged,3698.03,73761.14,0.4840,6.03,0.0000,0.1418,0.1568,0.0337,,,,,,
32.5073,10,8,35.9836,68.4906,converged,3698.03,73761.14,0.4840,6.03,0.0000,0.1094,0.1611,0.1063,0.3085,0.3824,0.6304,0.0836,,
39.6188,9,9,41.2517,80.8698,completed,3699.23,73761.77,0.4829,6.09,0.0000,0.0830,0.1390,0.1143,0.1710,0.5652,0.4397,0.3712,0.1768,
56.1188,6,6,23.1166,79.2346,completed,3699.23,73761.77,0.4829,6.09,0.0000,0.3146,0.2765,0.3145,1.3745,0.5081,,,,
31.1992,10,4,13.6939,44.8929,converged,3700.86,73762.62,0.4823,6.12,0.0000,0.0506,0.1054,0.0801,,,,,,
52.9775,6,6,23.3577,76.3347,completed,3700.86,73762.62,0.4823,6.12,0.0000,0.3992,0.3333,0.1030,1.2957,0.4733,,,,
47.9809,7,7,28.0883,76.0684,completed,3702.08,73763.26,0.4818,6.13,0.0000,0.3852,0.3066,0.5721,1.1062,0.9486,0.3103,,,
46.6170,7,7,25.6666,72.2836,completed,3702.08,73763.26,0.4818,6.13,0.0000,0.3890,0.4462,0.4385,0.6661,0.9142,0.2526,,,
52.6633,6,6,23.9047,76.5677,completed,3703.57,73764.04,0.4798,6.15,0.0000,0.4469,0.3736,4.5279,2.8724,1.4982,,,,
26.7176,10,10,31.3151,58.0322,converged,3703.57,73764.04,0.4798,6.15,0.0000,0.3505,0.4848,0.3276,0.1986,0.1579,1.0562,0.6837,0.2082,0.0589
42.1020,8,8,29.1373,71.2393,completed,3704.95,73764.75,0.4774,6.22,0.0000,0.4595,0.5356,0.4143,0.3974,1.4123,0.6088,0.1765,,
43.2154,8,8,28.5265,71.7415,completed,3704.95,73764.75,0.4774,6.22,0.0000,0.2824,0.3121,0.8782,3.5851,3.1353,1.6224,0.7244,,
30.1153,10,4,14.4057,44.5207,converged,3706.33,73765.47,0.4749,6.28,0.0000,0.3063,0.3669,0.0191,,,,,,
30.9986,10,10,34.8191,65.8171,completed,3706.33,73765.47,0.4749,6.28,0.0000,0.2459,0.3534,0.1211,0.9114,1.3847,0.5008,0.6544,0.3747,0.1790
31.1227,10,10,37.2421,68.3641,converged,3707.59,73766.12,0.4746,6.32,0.0000,0.3517,0.4488,0.1403,0.9288,0.6228,1.1529,0.7262,0.2466,0.0843
33.1987,10,4,17.9796,51.1777,converged,3707.59,73766.12,0.4746,6.32,0.0000,0.3035,0.3406,0.0933,,,,,,
27.6670,10,10,33.1339,60.8009,completed,3709.00,73766.84,0.4754,6.35,0.0000,0.2423,0.2495,0.1011,1.3505,1.9009,1.0879,0.3883,0.2163,0.2116
24.1334,10,4,12.4812,36.6142,converged,3709.00,73766.84,0.4754,6.35,0.0000,0.2607,0.2828,0.0232,,,,,,
20.5375,10,10,33.2874,53.8244,completed,3710.28,73767.50,0.4760,6.37,0.0000,0.2189,0.2184,0.1639,1.6329,2.7159,1.5411,0.5198,0.3046,0.2324
22.9326,10,4,13.1348,36.0668,converged,3710.28,73767.50,0.4760,6.37,0.0000,0.2330,0.2584,0.0235,,,,,,
55.2446,6,6,19.1562,74.4002,converged,3711.41,73768.08,0.4762,6.36,0.0000,0.4993,0.3476,1.7366,0.2834,0.0873,,,,
28.6072,10,4,20.4481,49.0552,converged,3711.41,73768.08,0.4762,6.36,0.0000,0.1839,0.2784,0.0567,,,,,,
48.7618,7,7,24.7728,73.5339,completed,3712.68,73768.73,0.4763,6.32,0.0000,0.3610,0.1246,3.5120,3.2858,1.2400,0.5939,,,
58.2245,5,5,22.1538,80.3779,completed,3712.68,73768.73,0.4763,6.32,0.0000,0.6946,0.3391,0.6089,0.4704,,,,,
22.7759,10,10,30.7634,53.5384,converged,3714.22,73769.53,0.4759,6.32,0.0000,0.2266,0.3342,0.1405,1.0942,2.1712,1.2795,0.5565,0.2182,0.0971
31.2337,10,10,33.1171,64.3501,completed,3714.22,73769.53,0.4759,6.32,0.0000,0.2878,0.4478,0.3379,0.8639,1.1832,0.4375,0.6926,0.2417,0.1114
43.0535,8,8,26.8075,69.8605,completed,3715.49,73770.18,0.4763,6.35,0.0000,0.3091,0.6061,0.6937,0.7987,1.7948,1.3053,0.6886,,
30.7801,10,10,33.5409,64.3209,completed,3715.49,73770.18,0.4763,6.35,0.0000,0.2471,0.3802,0.1984,0.6531,1.1629,0.8437,0.3839,0.1669,0.1234
47.8567,7,7,27.7273,75.5834,completed,3716.90,73770.91,0.4760,6.34,0.0000,0.4021,0.4701,1.1312,1.7445,0.1156,0.1545,,,
42.4573,8,8,30.6598,73.1169,completed,3716.90,73770.91,0.4760,6.34,0.0000,0.2669,0.1676,2.1322,9.3139,2.7773,1.3659,0.6358,,
49.4153,7,7,27.5038,76.9189,completed,3718.44,73771.71,0.4746,6.29,0.0000,0.4593,0.4412,0.4585,0.7530,1.3854,0.7987,,,
23.1322,10,10,34.0932,57.2252,completed,3718.44,73771.71,0.4746,6.29,0.0000,0.1590,0.2208,0.1156,2.3250,5.6946,2.1813,0.6165,0.4821,0.1403
20.3076,10,4,15.7694,36.0764,converged,3719.83,73772.42,0.4723,6.18,0.0000,0.1731,0.2762,0.0400,,,,,,
46.3661,7,7,24.8578,71.2238,completed,3719.83,73772.42,0.4723,6.18,0.0000,0.3534,0.2675,1.6999,2.4598,0.8127,0.6907,,,
50.1876,7,7,24.9364,75.1234,completed,3721.05,73773.04,0.4699,5.98,0.0000,0.5658,0.6266,0.3250,0.6025,1.1379,0.7636,,,
21.5957,10,10,39.5132,61.1083,completed,3721.05,73773.04,0.4699,5.98,0.0000,0.2154,0.3168,0.2338,0.1625,0.2301,0.9503,0.7977,0.6400,0.2860
54.4531,6,3,9.8421,64.2952,converged,3722.36,73773.70,0.4679,5.79,0.0000,0.4016,0.0427,,,,,,,
36.1420,9,4,13.5907,49.7328,converged,3722.36,73773.70,0.4679,5.79,0.0000,0.2309,0.2950,0.0796,,,,,,
32.6963,10,10,37.5354,70.2314,completed,3723.51,73774.29,0.4699,5.69,0.0000,0.4096,0.4939,0.1625,0.5248,0.4071,0.8978,0.7083,0.7056,0.5026
55.1129,6,6,25.9954,81.1075,completed,3723.51,73774.29,0.4699,5.69,0.0000,0.3828,0.2373,0.6984,0.9715,0.7911,,,,
55.3570,6,6,22.9911,78.3481,completed,3724.89,73774.99,0.4715,5.60,0.0000,0.6568,2.3954,9.3239,3.0261,1.3070,,,,
45.3993,8,8,27.4731,72.8721,completed,3724.89,73774.99,0.4715,5.60,0.0000,0.2705,0.6150,0.7409,1.1721,0.7481,0.5300,0.2421,,
51.7254,7,7,24.6942,76.4193,completed,3726.26,73775.69,0.4749,5.53,0.0000,1.3301,2.4858,1.6643,3.2129,1.1050,0.6122,,,
49.4435,7,7,24.8829,74.3259,completed,3726.26,73775.69,0.4749,5.53,0.0000,0.5532,0.6082,0.5027,1.3408,0.2814,0.3435,,,
42.7965,8,8,31.5632,74.3592,completed,3727.48,73776.31,0.4770,5.44,0.0000,0.8871,1.4764,1.5892,5.0872,0.7410,0.4338,0.1893,,
30.5171,10,10,36.7420,67.2590,completed,3727.48,73776.31,0.4770,5.44,0.0000,0.3528,0.1294,3.5671,8.2484,0.8446,1.0091,0.5048,0.3456,0.3183
54.5678,6,6,21.4924,76.0594,completed,3728.66,73776.94,0.4924,5.27,0.0000,0.7178,3.1519,2.7876,1.7225,0.8597,,,,
44.7223,8,8,27.0451,71.7672,completed,3728.66,73776.94,0.4924,5.27,0.0000,0.6082,0.2979,4.8817,1.8421,1.4029,0.6196,0.2917,,
55.2076,6,6,24.0197,79.2267,completed,3729.90,73777.61,0.4996,4.96,0.0000,0.5054,1.7279,2.1581,2.0421,0.9590,,,,
39.3057,9,9,36.0644,75.3694,completed,3729.90,73777.61,0.4996,4.96,0.0000,0.1540,0.6889,1.7454,0.8561,0.9983,0.9081,0.4794,0.2607,
28.9760,10,10,35.4481,64.4241,completed,3730.94,73778.17,0.4965,4.42,0.0000,0.3879,0.8820,0.8179,2.1909,1.9213,0.3609,0.5167,0.2219,0.1497
43.1153,8,8,28.6894,71.8045,completed,3730.94,73778.17,0.4965,4.42,0.0000,0.0521,0.4486,4.5056,4.9270,1.2344,0.5863,0.3992,,
24.0814,10,10,33.6095,57.6906,completed,3731.83,73778.67,0.5205,3.67,0.0000,0.3780,0.8096,1.0122,1.4747,2.2214,0.3641,0.3443,0.2294,0.1516
34.8078,9,9,31.0698,65.8768,completed,3731.83,73778.67,0.5205,3.67,0.0000,0.3884,1.0390,1.4417,4.2370,1.0004,0.1512,0.3405,0.3494,
20.2743,10,10,34.0572,54.3312,completed,3732.53,73779.09,0.5865,2.93,0.0000,0.2292,0.3041,0.2429,1.1671,1.3220,0.2545,0.2670,0.2330,0.1942
41.7046,8,8,27.7102,69.4142,completed,3732.53,73779.09,0.5865,2.93,0.0000,0.4313,1.0924,1.4155,0.5955,0.8205,0.4989,0.4010,,
41.6180,8,8,24.4203,66.0373,converged,3733.02,73779.45,0.6519,2.49,0.0000,0.2578,0.2922,0.9421,2.0407,0.4012,0.1054,0.0998,,
46.2537,7,7,27.9586,74.2116,completed,3733.02,73779.45,0.6519,2.49,0.0000,0.2799,0.1687,1.6533,1.0389,0.4084,0.2417,,,
56.8335,6,6,24.3579,81.1909,completed,3733.52,73779.85,0.7020,2.26,0.0000,0.5324,1.5461,4.9115,0.6769,0.9998,,,,
48.8585,7,7,25.0374,73.8954,completed,3733.52,73779.85,0.7020,2.26,0.0000,0.5466,3.4822,5.4007,0.5801,0.4332,0.4643,,,
33.2401,10,10,34.1499,67.3899,completed,3733.99,73780.25,0.7150,2.16,0.0000,0.1786,0.2176,0.9083,2.3184,1.9685,0.7827,0.3315,0.2053,0.1445
39.4263,9,9,34.8777,74.3037,completed,3733.99,73780.25,0.7150,2.16,0.0000,0.1769,0.4160,0.8235,0.7569,0.4415,0.3724,0.3664,0.6777,
57.0610,6,6,21.4582,78.5192,completed,3734.39,73780.59,0.6941,2.08,0.0000,0.3689,0.2555,1.5057,0.7793,0.5104,,,,
47.2024,7,7,26.8311,74.0332,completed,3734.39,73780.59,0.6941,2.08,0.0000,0.2119,0.1666,0.9860,1.4797,0.7622,0.2864,,,
26.4231,10,10,32.6754,59.0984,completed,3734.83,73780.94,0.6520,1.99,0.0000,0.1734,0.3308,0.6029,0.7439,0.6222,1.3518,1.3276,0.2100,0.3013
38.4194,9,3,9.2615,47.6806,converged,3734.83,73780.94,0.6520,1.99,0.0000,0.1098,0.0826,,,,,,,
32.4860,10,3,13.6606,46.1466,converged,3735.18,73781.21,0.6211,1.91,0.0000,0.0590,0.0461,,,,,,,
36.7520,9,9,37.8589,74.6110,completed,3735.18,73781.21,0.6211,1.91,0.0000,0.1358,0.2220,0.5549,1.0425,1.8356,1.1302,0.2922,0.1888,
47.6789,7,7,25.1872,72.8653,completed,3735.56,73781.47,0.5850,1.79,0.0000,0.1973,0.1609,1.3748,0.7618,0.2968,0.2445,,,
43.3623,8,3,9.7898,53.1518,converged,3735.56,73781.47,0.5850,1.79,0.0000,0.2235,0.0342,,,,,,,
48.6128,7,7,24.6195,73.2316,completed,3735.92,73781.70,0.5479,1.65,0.0000,0.2979,1.0070,1.6623,1.3690,0.3858,0.3140,,,
38.1654,9,9,31.0880,69.2531,completed,3735.92,73781.70,0.5479,1.65,0.0000,0.2981,0.2948,0.8175,0.7659,1.0054,0.2712,0.7068,0.5567,
58.0193,5,5,18.7679,76.7869,completed,3736.25,73781.89,0.5209,1.43,0.0000,0.1471,0.8055,0.4298,0.8389,,,,,
49.6343,7,7,24.3350,73.9690,completed,3736.25,73781.89,0.5209,1.43,0.0000,0.4329,0.2283,0.3201,0.6367,0.3971,0.5175,,,
33.6663,10,3,9.1518,42.8179,converged,3736.55,73782.06,0.5048,1.29,0.0000,0.0669,0.0646,,,,,,,
40.4283,8,8,30.6900,71.1180,completed,3736.55,73782.06,0.5048,1.29,0.0000,0.1940,0.1457,0.2675,0.1261,0.5362,0.7445,0.5025,,
58.8392,5,5,18.3917,77.2308,completed,3736.80,73782.19,0.4864,1.27,0.0000,0.1996,0.8320,0.3021,1.0162,,,,,
48.7208,7,7,24.7674,73.4874,completed,3736.80,73782.19,0.4864,1.27,0.0000,0.0324,1.2157,5.5101,2.5974,1.1839,0.4005,,,
45.5588,8,8,27.6628,73.2208,completed,3737.12,73782.36,0.4548,1.38,0.0000,0.0492,0.2996,2.0500,0.8230,0.8215,0.6833,0.5523,,
20.9780,10,3,9.9095,30.8865,converged,3737.12,73782.36,0.4548,1.38,0.0000,0.0515,0.0308,,,,,,,
52.8399,6,6,21.8087,74.6478,completed,3737.38,73782.48,0.4294,1.49,0.0000,0.2077,2.5440,2.5285,3.2727,1.7124,,,,
20.9748,10,3,10.5491,31.5231,converged,3737.38,73782.48,0.4294,1.49,0.0000,0.0516,0.0704,,,,,,,
34.5061,9,3,9.4463,43.9524,converged,3737.70,73782.62,0.3974,1.54,0.0000,0.0184,0.0387,,,,,,,
20.3637,10,3,9.4653,29.8283,converged,3737.70,73782.62,0.3974,1.54,0.0000,0.0222,0.0182,,,,,,,
25.1068,10,3,9.6601,34.7662,converged,3737.98,73782.73,0.3670,1.53,0.0000,0.0117,0.0129,,,,,,,
40.7070,8,8,39.2030,79.9090,completed,3738.12,73782.79,0.3521,1.51,0.0000,0.1268,0.7040,5.9277,4.9430,1.6563,0.7291,0.4046,,
58.9561,5,5,19.2737,78.2297,completed,3738.12,73782.79,0.3521,1.51,0.0000,0.0448,0.2247,0.3920,0.4669,,,,,
56.0273,6,6,24.1133,80.1403,completed,3738.52,73782.92,0.3131,1.55,0.0000,0.0632,0.1492,0.7049,1.1498,1.0829,,,,
38.4666,9,3,10.2981,48.7641,converged,3738.52,73782.92,0.3131,1.55,0.0000,0.0233,0.0134,,,,,,,
43.8054,8,3,9.6046,53.4097,converged,3738.90,73783.04,0.2752,1.59,0.0000,0.0148,0.0716,,,,,,,
59.3552,5,5,18.2334,77.5884,completed,3738.90,73783.04,0.2752,1.59,0.0000,0.0718,0.1526,1.0794,1.0603,,,,,
20.6491,10,3,9.7084,30.3577,converged,3739.25,73783.13,0.2364,1.63,0.0000,0.0135,0.0203,,,,,,,
57.7764,6,3,9.7300,67.5061,converged,3739.25,73783.13,0.2364,1.63,0.0000,0.0276,0.0552,,,,,,,
47.1355,7,3,10.4437,57.5787,converged,3739.61,73783.21,0.1953,1.69,0.0000,0.0209,0.0514,,,,,,,
49.0732,7,3,10.4957,59.5688,converged,3739.61,73783.21,0.1953,1.69,0.0000,0.0603,0.0669,,,,,,,
55.4545,6,3,9.6084,65.0624,converged,3739.99,73783.28,0.1533,1.75,0.0000,0.0529,0.0708,,,,,,,
34.0664,9,3,9.3364,43.4024,converged,3739.99,73783.28,0.1533,1.75,0.0000,0.0532,0.0482,,,,,,,
20.0626,10,3,10.6087,30.6707,converged,3740.34,73783.33,0.1139,1.79,0.0000,0.0395,0.0126,,,,,,,
21.2170,10,3,10.5208,31.7378,converged,3740.34,73783.33,0.1139,1.79,0.0000,0.0614,0.0313,,,,,,,
28.2676,10,3,10.7004,38.9676,converged,3740.70,73783.36,0.0719,1.84,0.0000,0.0559,0.0441,,,,,,,
43.3468,8,3,9.6505,52.9965,converged,3740.89,73783.37,0.0499,1.86,0.0000,0.0413,0.0661,,,,,,,
26.7616,10,3,9.6961,36.4571,converged,3740.89,73783.37,0.0499,1.86,0.0000,0.0420,0.0323,,,,,,,
58.7240,5,5,19.2804,78.0034,completed,3741.26,73783.38,0.0029,1.89,0.0000,0.1301,0.2327,0.5099,0.5319,,,,,
49.5694,7,3,9.5013,59.0704,converged,3741.26,73783.38,0.0029,1.89,0.0000,0.0794,0.0527,,,,,,,
33.5325,10,3,13.3359,46.8680,converged,3741.74,73783.37,-0.0614,1.91,0.0000,0.0767,0.0796,,,,,,,
37.8159,9,3,9.4505,47.2655,converged,3741.74,73783.37,-0.0614,1.91,0.0000,0.0614,0.0361,,,,,,,
51.9906,7,7,24.9664,76.9564,completed,3742.12,73783.33,-0.1158,1.93,0.0000,0.1290,0.2476,4.5008,9.7339,1.5200,0.5313,,,
43.3089,8,3,10.1583,53.4664,converged,3742.12,73783.33,-0.1158,1.93,0.0000,0.0732,0.0453,,,,,,,
48.6413,7,3,10.5772,59.2183,converged,3742.60,73783.26,-0.1830,1.96,0.0000,0.0892,0.0936,,,,,,,
22.0948,10,3,13.4810,35.5771,converged,3742.60,73783.26,-0.1830,1.96,0.0000,0.0466,0.0333,,,,,,,
49.7776,7,3,9.2750,59.0520,converged,3743.03,73783.17,-0.2409,1.95,0.0000,0.0366,0.0523,,,,,,,
21.0352,10,3,9.2739,30.3089,converged,3743.03,73783.17,-0.2409,1.95,0.0000,0.0264,0.0450,,,,,,,
23.7809,10,3,10.9454,34.7254,converged,3743.45,73783.05,-0.3014,1.95,0.0000,0.0175,0.0559,,,,,,,
22.8622,10,3,9.8442,32.7062,converged,3743.45,73783.05,-0.3014,1.95,0.0000,0.0161,0.0592,,,,,,,
35.6676,9,3,13.5141,49.1812,converged,3743.78,73782.94,-0.3479,2.00,0.0000,0.0461,0.0404,,,,,,,
34.3270,9,3,9.4168,43.7438,converged,3743.78,73782.94,-0.3479,2.00,0.0000,0.0204,0.0518,,,,,,,
37.5317,9,3,9.3533,46.8844,converged,3744.16,73782.79,-0.3937,2.10,0.0000,0.0197,0.0703,,,,,,,
30.0315,10,3,9.1813,39.2123,converged,3744.16,73782.79,-0.3937,2.10,0.0000,0.0254,0.0201,,,,,,,
48.2368,7,3,10.1015,58.3375,converged,3744.56,73782.62,-0.4344,2.19,0.0000,0.0175,0.0357,,,,,,,
25.3061,10,3,9.9123,35.2183,converged,3744.56,73782.62,-0.4344,2.19,0.0000,0.0224,0.0185,,,,,,,
28.3944,10,3,9.0175,37.4116,converged,3745.01,73782.40,-0.4810,2.28,0.0000,0.0126,0.0428,,,,,,,
47.2222,7,3,9.6024,56.8244,converged,3745.01,73782.40,-0.4810,2.28,0.0000,0.0312,0.0730,,,,,,,
21.8042,10,3,9.9230,31.7270,converged,3745.41,73782.17,-0.5269,2.32,0.0000,0.0099,0.0308,,,,,,,
22.8965,10,3,9.3511,32.2471,converged,3745.41,73782.17,-0.5269,2.32,0.0000,0.0143,0.0151,,,,,,,
25.4039,10,3,12.9622,38.3652,converged,3745.76,73781.96,-0.5710,2.33,0.0000,0.0207,0.0172,,,,,,,
23.4824,10,3,9.5507,33.0328,converged,3745.76,73781.96,-0.5710,2.33,0.0000,0.0087,0.0361,,,,,,,
55.4844,6,3,9.2953,64.7793,converged,3746.14,73781.70,-0.6253,2.31,0.0000,0.0552,0.0905,,,,,,,
28.5886,10,3,9.1861,37.7741,converged,3746.14,73781.70,-0.6253,2.31,0.0000,0.0049,0.0241,,,,,,,
56.1073,6,3,9.4811,65.5881,converged,3746.55,73781.39,-0.6906,2.28,0.0000,0.0300,0.0657,,,,,,,
55.8605,6,3,9.5424,65.4024,converged,3746.55,73781.39,-0.6906,2.28,0.0000,0.0167,0.0944,,,,,,,
34.0095,9,3,9.1392,43.1483,converged,3746.97,73781.01,-0.7614,2.25,0.0000,0.0101,0.0314,,,,,,,
21.0773,10,3,10.0574,31.1345,converged,3746.97,73781.01,-0.7614,2.25,0.0000,0.0085,0.0112,,,,,,,
51.7451,7,3,9.4122,61.1572,converged,3747.29,73780.69,-0.8145,2.23,0.0000,0.0474,0.0729,,,,,,,
41.4010,8,3,9.2283,50.6294,converged,3747.29,73780.69,-0.8145,2.23,0.0000,0.0522,0.0851,,,,,,,
58.6466,5,3,9.2738,67.9199,converged,3747.66,73780.27,-0.8757,2.25,0.0000,0.0252,0.0921,,,,,,,
49.5762,7,3,11.3255,60.9015,converged,3747.66,73780.27,-0.8757,2.25,0.0000,0.0456,0.0783,,,,,,,
56.7127,6,3,10.9236,67.6356,converged,3748.01,73779.83,-0.9303,2.32,0.0000,0.0802,0.0762,,,,,,,
44.6696,8,3,9.4127,54.0817,converged,3748.01,73779.83,-0.9303,2.32,0.0000,0.0485,0.0583,,,,,,,
22.4995,10,3,9.7332,32.2322,converged,3748.32,73779.39,-0.9720,2.42,0.0000,0.0314,0.0276,,,,,,,
38.5112,9,3,9.3578,47.8688,converged,3748.32,73779.39,-0.9720,2.42,0.0000,0.0093,0.0185,,,,,,,
38.6845,9,3,9.4612,48.1453,converged,3748.59,73778.98,-1.0040,2.54,0.0000,0.0343,0.0199,,,,,,,
27.1941,10,3,13.4571,40.6511,converged,3748.59,73778.98,-1.0040,2.54,0.0000,0.0460,0.0490,,,,,,,
55.9618,6,3,13.3421,69.3032,converged,3748.87,73778.53,-1.0310,2.68,0.0000,0.1245,0.0738,,,,,,,
23.5778,10,3,9.4882,33.0653,converged,3748.87,73778.53,-1.0310,2.68,0.0000,0.0432,0.0522,,,,,,,
24.7159,10,3,10.2124,34.9274,converged,3749.18,73778.00,-1.0533,2.86,0.0000,0.0808,0.0821,,,,,,,
44.5422,8,3,9.3575,53.8995,converged,3749.18,73778.00,-1.0533,2.86,0.0000,0.0895,0.0944,,,,,,,
55.1497,6,3,9.6900,64.8391,converged,3749.50,73777.42,-1.0689,3.04,0.0000,0.1193,0.0335,,,,,,,
20.3842,10,3,9.4874,29.8714,converged,3749.50,73777.42,-1.0689,3.04,0.0000,0.0492,0.0552,,,,,,,
53.3217,6,3,10.0837,63.4048,converged,3749.80,73776.87,-1.0808,3.19,0.0000,0.1862,0.0336,,,,,,,
39.8260,9,4,12.6446,52.4707,converged,3749.80,73776.87,-1.0808,3.19,0.0000,0.1048,0.1023,0.0170,,,,,,
35.9177,9,9,29.2147,65.1317,converged,3750.14,73776.22,-1.0924,3.35,0.0000,0.1122,0.1286,0.1203,0.4277,0.1329,0.2759,0.2777,0.0936,
47.6258,7,3,13.1698,60.7949,converged,3750.14,73776.22,-1.0924,3.35,0.0000,0.1211,0.0342,,,,,,,
39.4114,9,3,12.8487,52.2597,converged,3750.53,73775.46,-1.1027,3.48,0.0000,0.1021,0.0827,,,,,,,
32.6092,10,4,12.6163,45.2253,converged,3750.53,73775.46,-1.1027,3.48,0.0000,0.0937,0.1046,0.0721,,,,,,
46.7826,7,7,24.1315,70.9135,completed,3750.89,73774.75,-1.1091,3.56,0.0000,0.1699,0.1054,0.6537,0.8834,0.1520,0.1000,,,
40.3047,8,3,13.7861,54.0901,converged,3750.89,73774.75,-1.1091,3.56,0.0000,0.1010,0.0536,,,,,,,
41.0628,8,8,27.6163,68.6783,completed,3751.29,73773.94,-1.1116,3.62,0.0000,0.1771,0.1389,0.3248,0.9403,0.1811,1.3126,0.5168,,
33.5440,10,10,35.7938,69.3369,completed,3751.29,73773.94,-1.1116,3.62,0.0000,0.1140,0.1690,0.1659,0.1225,0.6860,0.1310,0.3145,0.6195,0.3354
48.8097,7,7,25.2475,74.0566,completed,3751.69,73773.13,-1.1126,3.64,0.0000,0.3005,0.2442,1.2486,1.2299,0.5279,0.1993,,,
35.2192,9,4,16.1091,51.3282,converged,3751.69,73773.13,-1.1126,3.64,0.0000,0.1360,0.1474,0.0838,,,,,,
54.2829,6,6,21.8632,76.1453,completed,3752.05,73772.40,-1.1120,3.60,0.0000,0.4259,0.1889,1.7232,1.0754,0.3837,,,,
24.9751,10,10,31.8457,56.8207,completed,3752.05,73772.40,-1.1120,3.60,0.0000,0.1008,0.1850,0.3573,0.6331,0.2664,0.1058,0.3687,0.5329,0.3148
55.1668,6,6,21.9765,77.1426,completed,3752.45,73771.59,-1.1102,3.56,0.0000,0.5338,0.8274,1.5251,1.3978,0.5852,,,,
21.8614,10,4,12.8958,34.7568,converged,3752.45,73771.59,-1.1102,3.56,0.0000,0.1541,0.2197,0.0462,,,,,,
23.0688,10,10,47.6583,70.7263,completed,3752.80,73770.88,-1.1091,3.55,0.0000,0.2081,0.1350,0.5744,2.5068,2.6407,1.0820,1.2383,0.5324,0.1913
47.2349,7,3,9.1068,56.3409,converged,3752.80,73770.88,-1.1091,3.55,0.0000,0.2934,0.0450,,,,,,,
53.4169,6,6,20.5612,73.9772,completed,3753.20,73770.09,-1.1081,3.55,0.0000,0.1134,0.1930,0.6219,0.4708,0.4494,,,,
29.6795,10,10,33.9977,63.6767,completed,3753.20,73770.09,-1.1081,3.55,0.0000,0.1900,0.3079,0.3464,0.1624,0.2617,0.6408,0.4603,0.3273,0.2298
26.1528,10,3,9.2661,35.4181,converged,3753.59,73769.29,-1.1073,3.54,0.0000,0.0648,0.0954,,,,,,,
22.1849,10,10,33.1073,55.2914,completed,3753.59,73769.29,-1.1073,3.54,0.0000,0.1966,0.3127,0.3372,0.1772,0.8673,0.9981,0.4816,0.3653,0.2731
36.8530,9,3,9.8409,46.6940,converged,3753.95,73768.58,-1.1066,3.55,0.0000,0.0749,0.0746,,,,,,,
43.4298,8,8,27.3726,70.8016,completed,3753.95,73768.58,-1.1066,3.55,0.0000,0.1404,0.3126,0.2328,1.6706,1.7296,0.5681,0.1772,,
31.5886,10,10,39.0761,70.6641,completed,3754.31,73767.86,-1.1055,3.62,0.0000,0.1243,0.1901,0.1593,0.2966,0.9211,0.6360,0.5397,0.5889,0.3714
55.1885,6,6,21.6471,76.8351,completed,3754.31,73767.86,-1.1055,3.62,0.0000,0.2971,0.3431,1.0625,1.8022,1.1071,,,,
51.5356,7,7,24.2535,75.7886,completed,3754.72,73767.04,-1.1047,3.71,0.0000,0.0492,0.1063,0.3574,0.4291,0.2405,0.4669,,,
22.1221,10,5,15.4932,37.6153,converged,3754.72,73767.04,-1.1047,3.71,0.0000,0.0516,0.1129,0.1751,0.0841,,,,,
32.1555,10,3,9.5521,41.7071,converged,3755.10,73766.29,-1.1040,3.78,0.0000,0.0223,0.0381,,,,,,,
44.7981,8,8,27.5926,72.3906,completed,3755.10,73766.29,-1.1040,3.78,0.0000,0.1212,0.7154,1.0867,1.7678,0.8708,0.5901,0.4941,,
35.6337,9,3,9.2883,44.9213,converged,3755.48,73765.53,-1.1040,3.79,0.0000,0.0279,0.0434,,,,,,,
21.0561,10,3,9.8687,30.9247,converged,3755.48,73765.53,-1.1040,3.79,0.0000,0.1440,0.0722,,,,,,,
48.0484,7,7,24.8099,72.8580,completed,3755.83,73764.85,-1.1044,3.82,0.0000,0.0296,0.1660,0.1018,0.5326,0.2889,0.4586,,,
47.6214,7,7,24.3724,71.9934,completed,3755.83,73764.85,-1.1044,3.82,0.0000,0.1735,0.6727,1.5209,1.3226,0.6051,0.5299,,,
32.1211,10,3,9.7604,41.8815,converged,3756.30,73763.91,-1.1043,3.83,0.0000,0.0525,0.0574,,,,,,,
47.9040,7,7,24.3371,72.2411,completed,3756.30,73763.91,-1.1043,3.83,0.0000,0.0308,0.5214,1.3515,1.0450,0.9277,0.7562,,,
55.7420,6,3,9.4956,65.2366,converged,3756.68,73763.15,-1.1036,3.75,0.0000,0.0652,0.0525,,,,,,,
47.1387,7,3,9.7516,56.8896,converged,3756.68,73763.15,-1.1036,3.75,0.0000,0.1942,0.0327,,,,,,,
27.0159,10,3,9.7517,36.7667,converged,3757.06,73762.41,-1.1034,3.63,0.0000,0.0391,0.0704,,,,,,,
39.7908,9,4,12.1640,51.9541,converged,3757.06,73762.41,-1.1034,3.63,0.0000,0.1755,0.1348,0.0860,,,,,,
34.7463,9,3,9.3359,44.0819,converged,3757.38,73761.76,-1.1038,3.56,0.0000,0.0331,0.0431,,,,,,,
59.4043,5,5,18.2271,77.6312,completed,3757.38,73761.76,-1.1038,3.56,0.0000,0.2844,0.1372,0.4048,0.4234,,,,,
33.0455,10,3,9.2649,42.3099,converged,3757.74,73761.06,-1.1051,3.47,0.0000,0.0276,0.0958,,,,,,,
56.1144,6,6,21.4358,77.5499,completed,3757.74,73761.06,-1.1051,3.47,0.0000,0.3497,0.6965,0.6140,0.2468,0.2936,,,,
21.4457,10,10,34.0460,55.4911,completed,3758.12,73760.29,-1.1057,3.40,0.0000,0.0651,0.1337,0.1277,0.2719,0.8043,0.3559,0.5220,0.5163,0.4535
39.1795,9,4,11.9162,51.0952,converged,3758.12,73760.29,-1.1057,3.40,0.0000,0.1662,0.1211,0.0758,,,,,,
24.9048,10,3,9.1473,34.0513,converged,3758.46,73759.61,-1.1053,3.35,0.0000,0.0310,0.0791,,,,,,,
52.1997,6,6,21.1150,73.3140,completed,3758.46,73759.61,-1.1053,3.35,0.0000,0.0563,0.3097,1.0892,0.7120,0.8658,,,,
21.7573,10,10,32.2395,53.9966,completed,3758.80,73758.94,-1.1049,3.28,0.0000,0.0679,0.1598,0.1744,0.4171,0.8225,0.1385,0.2558,0.4748,0.5058
55.1453,6,6,23.2883,78.4334,completed,3758.80,73758.94,-1.1049,3.28,0.0000,0.1173,0.3229,0.8353,0.8431,0.9070,,,,
20.3504,10,10,34.8256,55.1757,completed,3759.16,73758.22,-1.1062,3.23,0.0000,0.0764,0.1507,0.1615,0.3840,0.5188,0.3420,0.2555,0.3392,0.4951
55.1171,6,6,20.9728,76.0899,completed,3759.16,73758.22,-1.1062,3.23,0.0000,0.0306,0.1421,0.8510,0.3715,0.5475,,,,
43.1954,8,8,27.8602,71.0553,completed,3759.53,73757.50,-1.1022,3.23,0.0000,0.0497,0.1089,0.1921,0.5823,0.2532,0.5800,0.5298,,
41.7663,8,8,30.6319,72.3979,completed,3759.53,73757.50,-1.1022,3.23,0.0000,0.0449,0.1850,0.3347,0.6933,0.4633,0.7369,0.6187,,
22.9760,10,10,32.6555,55.6306,completed,3759.89,73756.78,-1.0926,3.25,0.0000,0.0624,0.1210,0.1100,0.4137,0.4944,0.9228,0.3777,0.3981,0.5850
21.3401,10,3,9.2626,30.6027,converged,3759.89,73756.78,-1.0926,3.25,0.0000,0.0132,0.0915,,,,,,,
33.2659,10,10,31.9984,65.2634,completed,3760.20,73756.20,-1.0811,3.25,0.0000,0.1833,0.2451,0.2686,0.6012,0.5940,0.4157,0.8042,0.6039,0.5053
50.2844,7,7,26.7603,77.0444,completed,3760.20,73756.20,-1.0811,3.25,0.0000,0.1305,0.2626,0.3843,0.5394,1.1266,0.7661,,,
35.1552,9,9,40.0386,75.1936,completed,3760.62,73755.42,-1.0594,3.25,0.0000,0.1850,0.3074,0.3756,0.8377,0.6559,0.8346,0.8403,0.4691,
25.5468,10,3,9.6461,35.1921,converged,3760.62,73755.42,-1.0594,3.25,0.0000,0.0246,0.0750,,,,,,,
25.1351,10,3,10.0564,35.1914,converged,3760.99,73754.79,-1.0368,3.23,0.0000,0.0208,0.0453,,,,,,,
42.2756,8,3,9.1916,51.4666,converged,3760.99,73754.79,-1.0368,3.23,0.0000,0.0793,0.0433,,,,,,,
29.0258,10,10,42.0110,71.0360,completed,3761.32,73754.24,-1.0129,3.19,0.0000,0.1714,0.2400,0.1577,0.4178,1.1460,2.4688,0.9596,0.2926,0.4712
52.2211,6,6,33.0475,85.2686,completed,3761.32,73754.24,-1.0129,3.19,0.0000,0.0612,0.3022,0.4656,1.1885,0.8791,,,,
30.2338,10,4,14.1583,44.3914,converged,3761.80,73753.51,-0.9738,3.15,0.0000,0.0867,0.1225,0.0414,,,,,,
28.8925,10,4,13.4190,42.3111,converged,3761.80,73753.51,-0.9738,3.15,0.0000,0.1035,0.1335,0.0470,,,,,,
28.2397,10,4,12.3321,40.5712,converged,3762.20,73752.93,-0.9358,3.12,0.0000,0.1041,0.1214,0.0379,,,,,,
45.7731,8,3,10.0472,55.8202,converged,3762.20,73752.93,-0.9358,3.12,0.0000,0.0799,0.0607,,,,,,,
46.0470,7,7,23.0307,69.0767,completed,3762.58,73752.44,-0.8956,3.07,0.0000,0.3665,0.4703,0.4352,0.5955,0.6468,0.4038,,,
49.3558,7,3,9.5512,58.9063,converged,3762.58,73752.44,-0.8956,3.07,0.0000,0.0589,0.0659,,,,,,,
35.2547,9,3,9.3803,44.6343,converged,3763.07,73751.86,-0.8332,3.01,0.0000,0.0582,0.0512,,,,,,,
33.3151,10,10,33.4489,66.7640,completed,3763.07,73751.86,-0.8332,3.01,0.0000,0.1008,0.1429,0.1076,0.3966,6.1966,8.1703,1.5087,0.2858,0.1244
58.9833,5,5,18.0543,77.0373,completed,3763.54,73751.38,-0.7721,2.92,0.0000,0.1630,0.2011,0.7994,0.5329,,,,,
53.1552,6,3,12.2869,65.4419,converged,3763.54,73751.38,-0.7721,2.92,0.0000,0.0384,0.0394,,,,,,,
41.2770,8,8,33.6657,74.9418,completed,3764.12,73750.85,-0.6938,2.81,0.0000,0.1322,0.2305,0.2545,1.0068,2.8172,0.6853,0.3497,,
57.3307,6,3,9.5086,66.8387,converged,3764.12,73750.85,-0.6938,2.81,0.0000,0.0637,0.0647,,,,,,,
45.2637,8,3,11.4176,56.6807,converged,3764.67,73750.43,-0.6175,2.68,0.0000,0.0566,0.0968,,,,,,,
47.1544,7,7,23.8179,70.9719,completed,3764.67,73750.43,-0.6175,2.68,0.0000,0.0649,0.1224,0.2721,1.5321,0.6925,0.3849,,,
33.8224,10,3,13.4563,47.2784,converged,3765.22,73750.08,-0.5376,2.57,0.0000,0.0388,0.0791,,,,,,,
34.3168,9,4,13.4412,47.7572,converged,3765.22,73750.08,-0.5376,2.57,0.0000,0.0427,0.1465,0.0567,,,,,,
37.1468,9,4,17.2449,54.3909,converged,3765.72,73749.80,-0.4668,2.53,0.0000,0.0613,0.1142,0.0699,,,,,,
44.5322,8,8,27.0768,71.6088,completed,3765.72,73749.80,-0.4668,2.53,0.0000,0.0487,0.1415,0.1112,0.7731,0.3053,0.1880,0.5459,,
29.2895,10,4,12.2968,41.5859,converged,3766.23,73749.56,-0.3941,2.51,0.0000,0.0885,0.1798,0.0960,,,,,,
46.4131,7,7,23.7493,70.1624,completed,3766.23,73749.56,-0.3941,2.51,0.0000,0.0853,0.1771,0.4476,0.6066,0.3574,0.3969,,,
55.2016,6,3,9.1864,64.3874,converged,3766.82,73749.35,-0.3083,2.53,0.0000,0.1617,0.0820,,,,,,,
36.5309,9,9,31.2009,67.7309,completed,3766.82,73749.35,-0.3083,2.53,0.0000,0.0595,0.1518,0.1562,0.5614,1.1259,1.1682,0.4131,0.3803,
20.7308,10,4,12.7810,33.5110,converged,3767.37,73749.20,-0.2273,2.56,0.0000,0.0593,0.1248,0.0619,,,,,,
36.5295,9,3,9.4765,46.0056,converged,3767.62,73749.14,-0.1911,2.57,0.0000,0.0292,0.0293,,,,,,,
58.0888,5,5,17.8464,75.9345,completed,3767.62,73749.14,-0.1911,2.57,0.0000,0.1490,0.1964,1.5290,0.6461,,,,,
26.0015,10,3,13.1555,39.1565,converged,3768.20,73749.06,-0.1095,2.56,0.0000,0.0548,0.0991,,,,,,,
36.5863,9,3,9.2599,45.8460,converged,3768.20,73749.06,-0.1095,2.56,0.0000,0.0400,0.0375,,,,,,,
56.7743,6,3,10.3819,67.1560,converged,3768.71,73749.02,-0.0383,2.57,0.0000,0.1204,0.0562,,,,,,,
57.1824,6,6,21.7488,78.9308,completed,3768.71,73749.02,-0.0383,2.57,0.0000,0.1246,0.1292,1.1794,1.1257,0.5478,,,,
39.8718,9,3,9.6272,49.4983,converged,3769.42,73749.02,0.0512,2.66,0.0000,0.0472,0.0844,,,,,,,
31.5602,10,3,13.5975,45.1575,converged,3769.42,73749.02,0.0512,2.66,0.0000,0.0396,0.0698,,,,,,,
58.5274,5,5,17.9937,76.5208,completed,3769.96,73749.07,0.1125,2.75,0.0000,0.2782,0.3738,0.1815,0.7094,,,,,
39.8948,9,3,9.9198,49.8138,converged,3769.96,73749.07,0.1125,2.75,0.0000,0.0434,0.0812,,,,,,,
42.0214,8,8,26.5932,68.6143,completed,3770.65,73749.17,0.1869,2.80,0.0000,0.0241,0.1672,0.2599,1.1028,0.8369,0.8083,0.3552,,
40.8021,8,8,27.8140,68.6160,completed,3770.65,73749.17,0.1869,2.80,0.0000,0.0364,0.1383,0.1706,1.2387,1.2605,0.5688,0.2762,,
24.9761,10,3,9.4194,34.3955,converged,3771.34,73749.33,0.2592,2.88,0.0000,0.1100,0.0509,,,,,,,
56.3658,6,6,20.9832,77.3483,completed,3771.34,73749.33,0.2592,2.88,0.0000,0.3277,0.5367,0.2595,0.6603,0.3751,,,,
51.6774,7,7,25.1692,76.8462,completed,3771.97,73749.52,0.3124,2.97,0.0000,0.1028,0.1668,0.6091,0.1828,0.7116,0.4076,,,
25.7563,10,10,32.7115,58.4676,completed,3771.97,73749.52,0.3124,2.97,0.0000,0.1177,0.1203,0.2604,0.5996,0.5515,0.2070,0.5142,0.2674,0.1237
52.7308,6,6,27.4319,80.1619,completed,3772.68,73749.77,0.3623,3.10,0.0000,0.1970,0.1276,0.4189,1.3557,0.6336,,,,
56.9304,6,6,21.7572,78.6872,completed,3772.68,73749.77,0.3623,3.10,0.0000,0.5950,1.6386,17.4287,7.2949,1.7827,,,,
48.0752,7,7,25.0908,73.1658,completed,3773.50,73750.10,0.4071,3.26,0.0000,0.1315,0.1865,0.1332,1.3418,0.6925,0.3188,,,
53.1025,6,6,21.7485,74.8505,completed,3773.50,73750.10,0.4071,3.26,0.0000,0.1472,0.1810,1.0540,1.4623,0.6424,,,,
45.5257,8,3,10.2303,55.7553,converged,3774.26,73750.44,0.4441,3.42,0.0000,0.0408,0.0595,,,,,,,
31.9904,10,4,12.8621,44.8521,converged,3774.26,73750.44,0.4441,3.42,0.0000,0.0866,0.1358,0.0944,,,,,,
47.4394,7,7,23.5461,70.9851,completed,3774.96,73750.79,0.4703,3.58,0.0000,0.1091,0.1206,0.3508,2.4035,1.1372,0.4402,,,
36.6254,9,9,30.9871,67.6121,completed,3774.96,73750.79,0.4703,3.58,0.0000,0.0760,0.1312,0.1399,0.2634,0.5411,0.8088,1.1522,0.4255,
52.4279,6,6,20.6567,73.0837,completed,3775.86,73751.26,0.4897,3.81,0.0000,0.1997,0.3568,0.3838,0.8046,1.0036,,,,
49.6130,7,7,22.2482,71.8603,completed,3775.86,73751.26,0.4897,3.81,0.0000,0.1035,0.1815,0.5249,0.6382,1.0875,0.7680,,,
58.9283,5,3,10.1410,69.0691,converged,3776.73,73751.73,0.5006,4.07,0.0000,0.3684,0.0989,,,,,,,
46.9760,7,3,9.7127,56.6887,converged,3776.73,73751.73,0.5006,4.07,0.0000,0.0925,0.0995,,,,,,,
26.2305,10,3,9.6567,35.8868,converged,3777.55,73752.18,0.5044,4.29,0.0000,0.1256,0.0809,,,,,,,
34.8522,9,9,32.3456,67.1976,completed,3777.55,73752.18,0.5044,4.29,0.0000,0.2583,0.2188,0.4720,1.8843,1.7672,0.9720,0.3786,0.2015,
37.2467,9,3,13.7797,51.0257,converged,3778.42,73752.66,0.5043,4.53,0.0000,0.2117,0.0936,,,,,,,
44.5188,8,8,26.3749,70.8929,completed,3778.42,73752.66,0.5043,4.53,0.0000,0.1385,0.1273,0.1830,1.3241,1.1667,0.6633,0.3155,,
20.1489,10,4,12.5186,32.6666,converged,3779.34,73753.17,0.5035,4.78,0.0000,0.1690,0.1574,0.0390,,,,,,
28.7756,10,4,13.2778,42.0529,converged,3779.34,73753.17,0.5035,4.78,0.0000,0.2953,0.3421,0.0304,,,,,,
21.9338,10,4,16.1468,38.0799,converged,3780.19,73753.64,0.5029,4.98,0.0000,0.2563,0.2681,0.0418,,,,,,
51.8276,7,7,24.7277,76.5547,completed,3780.19,73753.64,0.5029,4.98,0.0000,0.3081,0.1352,0.9819,1.0755,0.9128,0.3829,,,
29.5439,10,10,32.4469,61.9900,completed,3781.20,73754.19,0.5013,5.21,0.0000,0.2540,0.2026,0.1430,1.0663,1.1680,0.6782,0.2881,0.2305,0.1707
50.2049,7,3,9.4387,59.6428,converged,3781.20,73754.19,0.5013,5.21,0.0000,0.3949,0.0537,,,,,,,
53.6430,6,6,21.3720,75.0140,completed,3782.25,73754.76,0.5000,5.44,0.0000,0.3210,0.1487,1.0435,0.4443,0.4081,,,,
39.0272,9,3,9.6861,48.7132,converged,3782.25,73754.76,0.5000,5.44,0.0000,0.1534,0.0771,,,,,,,
54.0162,6,6,21.3479,75.3639,completed,3783.46,73755.42,0.4988,5.57,0.0000,0.1076,1.4275,6.1420,3.2487,1.3042,,,,
42.6257,8,3,9.2099,51.8350,converged,3783.46,73755.42,0.4988,5.57,0.0000,0.2576,0.0514,,,,,,,
39.4228,9,9,30.2283,69.6503,completed,3784.57,73756.03,0.4983,5.67,0.0000,0.0683,0.2679,1.7629,5.5496,8.0423,3.4372,1.5990,0.7843,
38.2020,9,9,30.4041,68.6061,completed,3784.57,73756.03,0.4983,5.67,0.0000,0.1815,0.1408,0.4701,1.2679,1.4165,1.0765,0.8295,0.2370,
38.1648,9,3,9.3855,47.5496,converged,3785.83,73756.71,0.4962,5.74,0.0000,0.1675,0.0474,,,,,,,
46.5220,7,7,22.7328,69.2538,completed,3785.83,73756.71,0.4962,5.74,0.0000,0.1082,1.1354,14.3432,8.9158,2.8683,0.8337,,,
24.9055,10,3,8.6605,33.5655,converged,3787.09,73757.39,0.4938,5.77,0.0000,0.1316,0.0835,,,,,,,
52.5384,6,6,20.7360,73.2741,completed,3787.09,73757.39,0.4938,5.77,0.0000,0.1787,1.6004,5.3753,1.5529,0.6079,,,,
44.4658,8,3,9.4842,53.9492,converged,3788.24,73758.01,0.4915,5.83,0.0000,0.1428,0.0987,,,,,,,
57.9788,6,6,22.9188,80.8969,completed,3788.24,73758.01,0.4915,5.83,0.0000,0.2456,2.3170,10.4076,3.4802,1.9684,,,,
36.7693,9,3,9.4523,46.2213,converged,3789.40,73758.63,0.4924,5.79,0.0000,0.0693,0.0638,,,,,,,
35.6170,9,4,12.7203,48.3374,converged,3789.40,73758.63,0.4924,5.79,0.0000,0.2282,0.4622,0.0682,,,,,,
58.4767,5,5,18.3491,76.8251,completed,3790.54,73759.25,0.5019,5.73,0.0000,0.0985,2.4182,0.7455,0.5441,,,,,
22.7689,10,10,33.0647,55.8327,completed,3790.54,73759.25,0.5019,5.73,0.0000,0.1668,0.1436,0.6106,2.8168,2.7784,0.8650,0.8328,0.2339,0.1457
20.0113,10,3,9.2465,29.2575,converged,3791.78,73759.93,0.5007,5.69,0.0000,0.0375,0.0402,,,,,,,
38.3325,9,3,10.5823,48.9143,converged,3791.78,73759.93,0.5007,5.69,0.0000,0.0714,0.0739,,,,,,,
27.5477,10,3,9.0335,36.5805,converged,3792.78,73760.48,0.4965,5.71,0.0000,0.0860,0.0582,,,,,,,
30.6675,10,3,9.1552,39.8222,converged,3792.78,73760.48,0.4965,5.71,0.0000,0.0823,0.0813,,,,,,,
31.1859,10,4,12.3901,43.5752,converged,3793.67,73760.95,0.4934,5.75,0.0000,0.1560,0.1846,0.0446,,,,,,
23.8176,10,10,31.5895,55.4065,completed,3793.67,73760.95,0.4934,5.75,0.0000,0.1198,0.1015,0.6558,3.6419,5.6813,1.0521,0.6066,0.5876,0.3426
40.3975,8,8,26.9252,67.3224,completed,3794.82,73761.57,0.4904,5.83,0.0000,0.0830,0.1001,1.2142,3.8316,0.9811,0.3869,0.2175,,
41.0997,8,8,27.6249,68.7240,completed,3794.82,73761.57,0.4904,5.83,0.0000,0.0985,0.2147,2.4044,3.6735,0.6256,0.4456,0.2258,,
22.1805,10,3,9.6298,31.8098,converged,3795.98,73762.19,0.4898,5.91,0.0000,0.0567,0.0183,,,,,,,
49.9170,7,7,24.6218,74.5388,completed,3796.50,73762.47,0.4897,5.95,0.0000,0.0586,0.6123,6.7845,5.1656,1.9097,0.8418,,,
50.4742,7,3,10.7083,61.1823,converged,3796.50,73762.47,0.4897,5.95,0.0000,0.0756,0.0358,,,,,,,
31.2245,10,3,10.8219,42.0460,converged,3797.83,73763.17,0.4883,6.04,0.0000,0.1172,0.0906,,,,,,,
57.1513,6,6,21.8506,79.0016,completed,3797.83,73763.17,0.4883,6.04,0.0000,0.2254,1.0498,4.4027,1.0392,0.4937,,,,
34.3519,9,9,30.5930,64.9440,completed,3799.03,73763.81,0.4864,6.09,0.0000,0.0705,0.1135,0.9063,1.7772,0.4089,0.9740,0.6006,0.2726,
34.7139,9,9,29.6976,64.4106,completed,3799.03,73763.81,0.4864,6.09,0.0000,0.0688,0.3385,1.4555,2.8652,0.9423,1.2860,0.7242,0.3076,
41.0916,8,8,25.2151,66.3062,completed,3800.38,73764.52,0.4849,6.10,0.0000,0.1051,0.1535,2.4152,7.0345,1.2115,0.6302,0.5562,,
52.9333,6,6,20.5637,73.4967,completed,3800.38,73764.52,0.4849,6.10,0.0000,0.2153,0.3791,1.2283,0.5333,0.5039,,,,
47.3461,7,7,24.6407,71.9867,completed,3801.72,73765.23,0.4847,6.01,0.0000,0.0285,0.1927,1.1698,1.1319,0.4147,0.2907,,,
31.7701,10,10,33.2403,65.0103,completed,3801.72,73765.23,0.4847,6.01,0.0000,0.0573,0.2558,1.2519,5.1604,8.3797,1.2555,0.2888,0.3631,0.2879
58.0668,5,5,17.3250,75.3911,completed,3803.04,73765.92,0.4823,5.90,0.0000,0.0874,1.2976,0.7944,0.5010,,,,,
53.8462,6,6,21.0655,74.9115,completed,3803.04,73765.92,0.4823,5.90,0.0000,0.1861,4.3806,12.9217,3.4611,1.2190,,,,
50.2234,7,7,24.0110,74.2341,completed,3804.34,73766.60,0.4791,5.77,0.0000,0.0565,0.1722,0.2141,0.4226,0.3398,0.2221,,,
42.4270,8,3,9.1031,51.5291,converged,3804.34,73766.60,0.4791,5.77,0.0000,0.0554,0.0956,,,,,,,
29.6145,10,10,31.5913,61.2054,completed,3805.59,73767.25,0.4771,5.55,0.0000,0.0569,0.1038,0.2693,0.5233,2.5880,2.5381,0.1231,0.2002,0.1788
49.3920,7,3,8.8356,58.2276,converged,3805.59,73767.25,0.4771,5.55,0.0000,0.0483,0.0875,,,,,,,
26.6394,10,10,29.9036,56.5426,converged,3806.68,73767.81,0.4766,5.30,0.0000,0.0596,0.1028,0.2815,1.2586,0.6755,0.6318,0.4182,0.1812,0.0957
21.8048,10,3,9.5768,31.3808,converged,3806.68,73767.81,0.4766,5.30,0.0000,0.0336,0.0568,,,,,,,
37.5865,9,3,9.2908,46.8768,converged,3807.60,73768.29,0.4783,5.13,0.0000,0.0316,0.0709,,,,,,,
54.6993,6,3,9.6290,64.3280,converged,3807.60,73768.29,0.4783,5.13,0.0000,0.0676,0.0808,,,,,,,
46.2949,7,7,23.8875,70.1815,completed,3808.73,73768.87,0.4824,5.01,0.0000,0.0944,0.1272,0.2437,0.1163,0.4116,0.1538,,,
50.1836,7,3,8.8962,59.0793,converged,3808.73,73768.87,0.4824,5.01,0.0000,0.0482,0.0573,,,,,,,
37.2930,9,3,9.1575,46.4505,converged,3809.72,73769.40,0.4852,4.98,0.0000,0.0380,0.0687,,,,,,,
22.8312,10,3,9.0342,31.8652,converged,3809.72,73769.40,0.4852,4.98,0.0000,0.0327,0.0726,,,,,,,
40.0635,8,3,13.4119,53.4749,converged,3810.60,73769.86,0.4867,4.95,0.0000,0.0510,0.0867,,,,,,,
52.8341,6,6,21.3579,74.1920,completed,3810.60,73769.86,0.4867,4.95,0.0000,0.0768,0.1766,0.1531,0.2729,0.2619,,,,
30.0940,10,3,9.3766,39.4697,converged,3811.69,73770.44,0.4875,4.92,0.0000,0.0410,0.0663,,,,,,,
26.3476,10,3,9.2214,35.5684,converged,3811.69,73770.44,0.4875,4.92,0.0000,0.0584,0.0822,,,,,,,
36.4674,9,3,10.2141,46.6812,converged,3812.56,73770.90,0.4876,4.90,0.0000,0.0687,0.0878,,,,,,,
41.9192,8,3,12.9218,54.8409,converged,3812.56,73770.90,0.4876,4.90,0.0000,0.0643,0.0868,,,,,,,
53.9826,6,3,9.0950,63.0770,converged,3813.42,73771.35,0.4871,4.83,0.0000,0.1035,0.0940,,,,,,,
30.2184,10,3,9.1788,39.3968,converged,3813.42,73771.35,0.4871,4.83,0.0000,0.0422,0.0616,,,,,,,
54.6256,6,6,20.0691,74.6941,completed,3814.37,73771.86,0.4852,4.76,0.0000,0.0389,0.1758,0.4102,0.4088,0.3289,,,,
24.8726,10,3,9.1129,33.9850,converged,3814.37,73771.86,0.4852,4.76,0.0000,0.0502,0.0864,,,,,,,
41.1856,8,3,8.8392,50.0242,converged,3815.31,73772.35,0.4801,4.68,0.0000,0.0521,0.0452,,,,,,,
57.1891,6,3,9.4429,66.6319,converged,3815.31,73772.35,0.4801,4.68,0.0000,0.0562,0.0987,,,,,,,
58.0410,5,5,18.4502,76.4904,completed,3816.34,73772.88,0.4694,4.59,0.0000,0.1112,0.1278,0.5782,0.2267,,,,,
55.0686,6,6,20.9551,76.0231,completed,3816.34,73772.88,0.4694,4.59,0.0000,0.1138,0.1007,0.3934,0.6474,0.3203,,,,
45.9742,8,3,9.5500,55.5241,converged,3817.46,73773.43,0.4442,4.47,0.0000,0.0897,0.0832,,,,,,,
43.2065,8,8,27.1045,70.3106,completed,3817.46,73773.43,0.4442,4.47,0.0000,0.0883,0.1344,0.1818,1.0201,0.5061,0.2165,0.2595,,
47.0809,7,7,24.7934,71.8735,completed,3818.47,73773.89,0.4105,4.37,0.0000,0.1382,0.1500,0.3587,0.3284,0.3723,0.4465,,,
42.6195,8,8,26.6350,69.2541,completed,3818.47,73773.89,0.4105,4.37,0.0000,0.1248,0.1077,0.1366,0.6624,0.2904,0.2017,0.3661,,
31.5430,10,10,32.7829,64.3259,completed,3819.47,73774.30,0.3636,4.28,0.0000,0.1058,0.1286,0.1230,0.1940,0.3593,0.2262,0.2296,0.3996,0.3240
44.3568,8,8,33.6866,78.0426,completed,3819.47,73774.30,0.3636,4.28,0.0000,0.1800,0.1970,0.2777,0.6028,0.4999,0.2852,0.4717,,
54.3953,6,6,20.0703,74.4653,completed,3820.46,73774.65,0.3046,4.19,0.0000,0.3124,0.2140,0.3001,0.6268,0.3658,,,,
21.1843,10,10,31.9710,53.1550,completed,3820.46,73774.65,0.3046,4.19,0.0000,0.1898,0.2830,0.3351,0.4967,0.2797,0.5242,0.4010,0.2766,0.3895
51.0265,7,4,12.5399,63.5660,converged,3821.46,73774.92,0.2318,4.12,0.0000,0.3529,0.2621,0.0689,,,,,,
48.1417,7,7,25.0771,73.2181,completed,3821.46,73774.92,0.2318,4.12,0.0000,0.3491,0.1760,0.5373,0.3011,0.2523,0.4123,,,
35.8024,9,4,12.4414,48.2434,converged,3822.47,73775.12,0.1516,4.07,0.0000,0.2528,0.2659,0.0947,,,,,,
44.5372,8,8,27.8903,72.4274,completed,3822.47,73775.12,0.1516,4.07,0.0000,0.2704,0.1971,0.3499,0.2360,0.4738,0.5086,0.6146,,
37.9920,9,9,30.4606,68.4516,completed,3823.37,73775.22,0.0768,4.02,0.0000,0.2429,0.2866,0.1804,0.2582,0.3250,0.5774,0.3243,0.3245,
58.3059,5,5,18.3697,76.6747,completed,3823.37,73775.22,0.0768,4.02,0.0000,0.5428,0.7654,0.4978,0.3370,,,,,
48.3120,7,7,23.9830,72.2940,completed,3824.37,73775.26,-0.0036,3.97,0.0000,0.3017,0.5241,0.5824,0.7593,0.6434,0.3045,,,
33.6755,10,10,32.0100,65.6851,completed,3824.37,73775.26,-0.0036,3.97,0.0000,0.1647,0.2851,0.2614,0.2309,0.2673,0.4138,0.2218,0.2504,0.4170
24.2428,10,10,33.7871,58.0291,completed,3825.35,73775.22,-0.0794,3.92,0.0000,0.1394,0.2561,0.2857,0.3036,0.2335,0.2791,0.2473,0.3156,0.3562
27.7624,10,10,32.4484,60.2104,completed,3825.35,73775.22,-0.0794,3.92,0.0000,0.1088,0.1949,0.2085,0.2073,0.2316,0.3195,0.2333,0.3367,0.3938
55.0657,6,6,22.8611,77.9262,completed,3826.32,73775.10,-0.1666,3.89,0.0000,0.2033,0.3067,0.6513,0.3853,0.2196,,,,
41.1717,8,8,27.2480,68.4190,completed,3826.32,73775.10,-0.1666,3.89,0.0000,0.1112,0.2229,0.2441,0.4086,0.1874,0.3133,0.4091,,
43.0279,8,8,27.0878,70.1148,completed,3827.27,73774.89,-0.2656,3.87,0.0000,0.1135,0.2219,0.3172,0.6670,0.2020,0.7453,0.6086,,
53.0705,6,6,22.3194,75.3894,completed,3827.27,73774.89,-0.2656,3.87,0.0000,0.1426,0.1903,0.6595,0.3939,0.3220,,,,
48.6266,7,7,23.8628,72.4888,completed,3828.28,73774.56,-0.3763,3.85,0.0000,0.1120,0.2324,0.5237,0.4639,0.3462,0.3244,,,
59.8778,5,5,17.5009,77.3779,completed,3828.28,73774.56,-0.3763,3.85,0.0000,0.1111,0.3463,1.0222,0.4254,,,,,
27.2186,10,10,36.3235,63.5415,completed,3829.15,73774.16,-0.4680,3.85,0.0000,0.0788,0.1274,0.1054,0.1857,0.6347,0.3355,0.4387,0.1548,0.1963
28.2667,10,3,13.2528,41.5188,converged,3829.15,73774.16,-0.4680,3.85,0.0000,0.0467,0.0985,,,,,,,
43.9241,8,8,27.8244,71.7484,completed,3829.91,73773.74,-0.5471,3.86,0.0000,0.0429,0.1005,0.1604,0.8039,0.2976,0.1406,0.1856,,
43.9750,8,3,9.3027,53.2767,converged,3829.91,73773.74,-0.5471,3.86,0.0000,0.0230,0.0861,,,,,,,
26.8531,10,3,8.9400,35.7930,converged,3830.71,73773.21,-0.6324,3.85,0.0000,0.0384,0.0262,,,,,,,
42.6954,8,3,9.6184,52.3134,converged,3830.71,73773.21,-0.6324,3.85,0.0000,0.0127,0.0625,,,,,,,
46.1867,7,7,23.9463,70.1323,completed,3831.39,73772.67,-0.7029,3.86,0.0000,0.0342,0.1192,0.3631,0.5277,0.2194,0.1285,,,
52.8930,6,3,9.9701,62.8631,converged,3831.39,73772.67,-0.7029,3.86,0.0000,0.0256,0.0781,,,,,,,
36.3790,9,3,9.5963,45.9753,converged,3832.11,73772.02,-0.7758,3.87,0.0000,0.0329,0.0896,,,,,,,
43.7247,8,3,10.3224,54.0465,converged,3832.11,73772.02,-0.7758,3.87,0.0000,0.0228,0.0481,,,,,,,
28.9945,10,3,10.8641,39.8581,converged,3832.65,73771.46,-0.8301,3.89,0.0000,0.0373,0.0637,,,,,,,
35.7541,9,3,9.2850,45.0391,converged,3832.91,73771.17,-0.8562,3.89,0.0000,0.0264,0.0598,,,,,,,
25.0601,10,3,9.7434,34.8034,converged,3832.91,73771.17,-0.8562,3.89,0.0000,0.0280,0.0630,,,,,,,
49.5250,7,7,26.6602,76.1852,completed,3833.40,73770.57,-0.9040,3.88,0.0000,0.0491,0.1296,0.1544,0.2460,0.3204,0.1729,,,
38.0465,9,3,13.6297,51.6757,converged,3833.40,73770.57,-0.9040,3.88,0.0000,0.0336,0.0787,,,,,,,
28.6768,10,3,9.0036,37.6797,converged,3833.98,73769.79,-0.9540,3.88,0.0000,0.0311,0.0664,,,,,,,
59.1592,5,5,18.7742,77.9332,completed,3833.98,73769.79,-0.9540,3.88,0.0000,0.1403,0.1743,0.2257,0.1448,,,,,
49.5275,7,3,12.0821,61.6091,converged,3834.52,73768.99,-0.9945,3.89,0.0000,0.0467,0.0781,,,,,,,
38.9031,9,3,9.3942,48.2972,converged,3834.52,73768.99,-0.9945,3.89,0.0000,0.0304,0.0596,,,,,,,
51.4094,7,5,15.7565,67.1655,converged,3834.99,73768.25,-1.0266,3.88,0.0000,0.0574,0.1322,0.2627,0.0760,,,,,
33.1199,10,3,9.0314,42.1504,converged,3834.99,73768.25,-1.0266,3.88,0.0000,0.0284,0.0558,,,,,,,
49.8920,7,3,9.9568,59.8478,converged,3835.43,73767.49,-1.0549,3.87,0.0000,0.0486,0.0698,,,,,,,
30.8785,10,3,9.7205,40.5986,converged,3835.43,73767.49,-1.0549,3.87,0.0000,0.0205,0.0387,,,,,,,
58.2886,5,3,10.0461,68.3341,converged,3835.85,73766.73,-1.0793,3.88,0.0000,0.0678,0.0813,,,,,,,
22.7676,10,3,9.2483,32.0154,converged,3835.85,73766.73,-1.0793,3.88,0.0000,0.0154,0.0373,,,,,,,
37.9271,9,3,9.7238,47.6509,converged,3836.21,73766.04,-1.0956,3.91,0.0000,0.0087,0.0332,,,,,,,
32.2236,10,3,9.6486,41.8716,converged,3836.21,73766.04,-1.0956,3.91,0.0000,0.0092,0.0317,,,,,,,
34.8069,9,3,9.4483,44.2544,converged,3836.57,73765.34,-1.1078,3.96,0.0000,0.0093,0.0402,,,,,,,
24.0116,10,3,9.2608,33.2718,converged,3836.57,73765.34,-1.1078,3.96,0.0000,0.0117,0.0275,,,,,,,
37.0648,9,3,10.5239,47.5879,converged,3836.88,73764.71,-1.1150,3.99,0.0000,0.0098,0.0414,,,,,,,
22.8190,10,3,9.3694,32.1884,converged,3836.88,73764.71,-1.1150,3.99,0.0000,0.0066,0.0257,,,,,,,
50.8098,7,3,9.4186,60.2276,converged,3837.23,73763.99,-1.1199,4.01,0.0000,0.0136,0.0434,,,,,,,
35.6216,9,3,9.3234,44.9444,converged,3837.23,73763.99,-1.1199,4.01,0.0000,0.0152,0.0400,,,,,,,
25.5723,10,3,9.4506,35.0226,converged,3837.62,73763.18,-1.1219,3.99,0.0000,0.0080,0.0256,,,,,,,
36.3554,9,3,9.8068,46.1619,converged,3837.62,73763.18,-1.1219,3.99,0.0000,0.0113,0.0366,,,,,,,
49.7639,7,3,10.0506,59.8137,converged,3837.96,73762.47,-1.1224,3.94,0.0000,0.0162,0.0349,,,,,,,
29.1447,10,3,9.8756,39.0197,converged,3837.96,73762.47,-1.1224,3.94,0.0000,0.0065,0.0230,,,,,,,
32.2836,10,8,27.8217,60.1048,converged,3838.34,73761.68,-1.1222,3.83,0.0000,0.0963,0.1292,0.1687,0.7744,0.4805,0.2365,0.0748,,
57.5916,6,3,9.4549,67.0459,converged,3838.34,73761.68,-1.1222,3.83,0.0000,0.0207,0.0661,,,,,,,
50.9637,7,7,30.0597,81.0227,completed,3838.71,73760.92,-1.1215,3.70,0.0000,0.4597,0.5355,0.9277,1.9875,0.5613,0.1631,,,
26.5167,10,3,9.3705,35.8866,converged,3838.71,73760.92,-1.1215,3.70,0.0000,0.0073,0.0093,,,,,,,
37.7064,9,3,9.6660,47.3720,converged,3839.10,73760.10,-1.1204,3.53,0.0000,0.0140,0.0115,,,,,,,
51.1251,7,3,9.5893,60.7144,converged,3839.10,73760.10,-1.1204,3.53,0.0000,0.0144,0.0284,,,,,,,
39.9367,9,3,9.2582,49.1942,converged,3839.41,73759.48,-1.1198,3.42,0.0000,0.0072,0.0153,,,,,,,
54.4096,6,3,9.1030,63.5120,converged,3839.41,73759.48,-1.1198,3.42,0.0000,0.0125,0.0254,,,,,,,
57.1263,6,3,9.0929,66.2189,converged,3839.74,73758.80,-1.1194,3.32,0.0000,0.0184,0.0247,,,,,,,
57.0888,6,3,9.3407,66.4287,converged,3839.74,73758.80,-1.1194,3.32,0.0000,0.0159,0.0221,,,,,,,
38.3367,9,3,10.5935,48.9296,converged,3840.09,73758.06,-1.1205,3.21,0.0000,0.0181,0.0127,,,,,,,
52.3978,6,3,9.9569,62.3539,converged,3840.09,73758.06,-1.1205,3.21,0.0000,0.0178,0.0172,,,,,,,
34.8511,9,3,9.3835,44.2345,converged,3840.40,73757.42,-1.1193,3.10,0.0000,0.0300,0.0201,,,,,,,
20.4697,10,3,9.7635,30.2326,converged,3840.40,73757.42,-1.1193,3.10,0.0000,0.0077,0.0087,,,,,,,
44.8982,8,3,9.4745,54.3725,converged,3840.67,73756.87,-1.1175,2.98,0.0000,0.0548,0.0181,,,,,,,
22.9704,10,3,13.2986,36.2687,converged,3840.67,73756.87,-1.1175,2.98,0.0000,0.0120,0.0146,,,,,,,
24.1982,10,10,34.1536,58.3516,completed,3840.92,73756.35,-1.1172,2.87,0.0000,0.2982,0.2506,0.4796,1.1673,0.6006,0.1433,0.1789,0.1712,0.1534
34.2961,9,3,10.0367,44.3327,converged,3840.92,73756.35,-1.1172,2.87,0.0000,0.0135,0.0132,,,,,,,
42.8650,8,8,27.6167,70.4818,completed,3841.20,73755.78,-1.1177,2.73,0.0000,0.1985,0.7387,0.5307,0.7942,0.6781,0.6790,0.3996,,
59.1252,5,5,15.3933,74.5183,converged,3841.20,73755.78,-1.1177,2.73,0.0000,0.0478,0.1343,0.2692,0.0932,,,,,
22.2763,10,3,9.1197,31.3957,converged,3841.52,73755.13,-1.1187,2.56,0.0000,0.0293,0.0461,,,,,,,
51.6448,7,3,9.7568,61.4008,converged,3841.52,73755.13,-1.1187,2.56,0.0000,0.0137,0.0542,,,,,,,
35.3520,9,3,9.3556,44.7077,converged,3841.74,73754.68,-1.1179,2.47,0.0000,0.0155,0.0555,,,,,,,
33.0617,10,3,9.1969,42.2579,converged,3841.74,73754.68,-1.1179,2.47,0.0000,0.0187,0.0413,,,,,,,
26.5155,10,3,10.2636,36.7786,converged,3841.95,73754.23,-1.1178,2.45,0.0000,0.0695,0.0751,,,,,,,
56.6695,6,3,9.5320,66.2010,converged,3841.95,73754.23,-1.1178,2.45,0.0000,0.0327,0.0164,,,,,,,
52.5839,6,3,9.1060,61.6891,converged,3842.16,73753.80,-1.1178,2.41,0.0000,0.0188,0.0496,,,,,,,
36.5574,9,3,9.5977,46.1547,converged,3842.16,73753.80,-1.1178,2.41,0.0000,0.0182,0.0348,,,,,,,
33.4013,10,3,10.5901,43.9912,converged,3842.40,73753.32,-1.1178,2.31,0.0000,0.0171,0.0529,,,,,,,
52.4522,6,3,9.4863,61.9383,converged,3842.40,73753.32,-1.1178,2.31,0.0000,0.0743,0.0471,,,,,,,
28.3618,10,3,9.3366,37.6976,converged,3842.62,73752.87,-1.1194,2.15,0.0000,0.0483,0.0897,,,,,,,
37.8937,9,3,8.7281,46.6212,converged,3842.62,73752.87,-1.1194,2.15,0.0000,0.0149,0.0196,,,,,,,
30.8515,10,3,9.4625,40.3135,converged,3842.78,73752.54,-1.1200,2.00,0.0000,0.0383,0.0960,,,,,,,
51.3840,7,7,22.5190,73.9030,completed,3842.78,73752.54,-1.1200,2.00,0.0000,0.1630,0.2320,0.3482,1.3232,1.1766,0.4855,,,
27.1270,10,10,32.9339,60.0599,completed,3842.96,73752.16,-1.1204,1.78,0.0000,0.1341,0.2713,0.1054,0.2647,0.1942,0.2885,0.6670,0.2253,0.1823
59.6881,5,5,18.3360,78.0240,completed,3842.96,73752.16,-1.1204,1.78,0.0000,0.2848,0.3163,1.7697,1.1865,,,,,
27.4421,10,10,33.7086,61.1506,completed,3843.14,73751.78,-1.1233,1.53,0.0000,0.1155,0.1138,0.3483,1.1462,1.2944,0.2552,0.3253,0.1457,0.1756
59.8785,5,5,17.3782,77.2562,completed,3843.14,73751.78,-1.1233,1.53,0.0000,0.3163,2.1755,0.2642,0.3502,,,,,
50.5335,7,7,27.1162,77.6492,completed,3843.31,73751.44,-1.1290,1.27,0.0000,0.2162,0.6507,1.7179,0.1379,0.3689,0.1685,,,
33.2612,10,4,18.2433,51.5043,converged,3843.31,73751.44,-1.1290,1.27,0.0000,0.1606,0.2385,0.0745,,,,,,
22.7216,10,10,36.5357,59.2567,completed,3843.43,73751.17,-1.1282,1.08,0.0000,0.4539,1.2633,1.8851,1.3976,0.7348,0.2816,0.6308,0.3039,0.1003
32.0634,10,4,12.6782,44.7412,converged,3843.43,73751.17,-1.1282,1.08,0.0000,0.1550,0.2152,0.0617,,,,,,
26.8941,10,10,31.3508,58.2449,completed,3843.53,73750.97,-1.1240,0.92,0.0000,0.0880,0.2641,0.3273,0.4540,0.6568,0.3468,0.3477,0.1467,0.1446
30.3469,10,10,30.5249,60.8709,completed,3843.53,73750.97,-1.1240,0.92,0.0000,0.1664,0.3122,0.5741,0.4588,0.5491,0.1528,0.3142,0.3932,0.3285
34.0460,9,9,33.2758,67.3219,completed,3843.61,73750.79,-1.1197,0.82,0.0000,0.2719,0.4024,0.6964,1.3213,0.1157,0.1868,0.1489,0.2298,
55.4580,6,6,23.8523,79.3093,completed,3843.61,73750.79,-1.1197,0.82,0.0000,0.1210,0.1012,0.5103,0.3036,0.2120,,,,
44.7607,8,3,9.4645,54.2245,converged,3843.70,73750.62,-1.1190,0.75,0.0000,0.0205,0.0895,,,,,,,
48.5527,7,7,22.1430,70.6950,completed,3843.70,73750.62,-1.1190,0.75,0.0000,0.0617,0.1229,0.6187,0.6045,0.8219,0.2462,,,
54.8529,6,6,20.0707,74.9228,completed,3843.77,73750.48,-1.1181,0.60,0.0000,0.0634,0.2532,0.7141,1.1383,0.5173,,,,
38.7113,9,3,9.6452,48.3562,converged,3843.77,73750.48,-1.1181,0.60,0.0000,0.0437,0.0386,,,,,,,
20.3784,10,4,13.2490,33.6271,converged,3843.82,73750.36,-1.1152,0.41,0.0000,0.1184,0.1605,0.0415,,,,,,
38.3142,9,3,9.7241,48.0381,converged,3843.82,73750.36,-1.1152,0.41,0.0000,0.0436,0.0179,,,,,,,
42.6105,8,3,9.5295,52.1396,converged,3843.85,73750.31,-1.1148,0.32,0.0000,0.0109,0.0354,,,,,,,
30.4630,10,3,9.5916,40.0546,converged,3843.85,73750.31,-1.1148,0.32,0.0000,0.0475,0.0621,,,,,,,
44.0025,8,3,10.0900,54.0921,converged,3843.88,73750.25,-1.1165,0.24,0.0000,0.0549,0.0716,,,,,,,
54.2040,6,6,20.4586,74.6627,completed,3843.88,73750.25,-1.1165,0.24,0.0000,0.0822,0.1636,0.3914,0.5072,0.1066,,,,
58.2946,5,5,17.8493,76.1433,completed,3843.90,73750.21,-1.1187,0.12,0.0000,0.1470,0.2230,0.8346,0.6067,,,,,
52.1928,6,3,9.5596,61.7516,converged,3843.90,73750.21,-1.1187,0.12,0.0000,0.0959,0.0768,,,,,,,
35.6595,9,3,10.0472,45.7062,converged,3843.90,73750.20,-1.1198,0.01,0.0000,0.0429,0.0245,,,,,,,
49.4802,7,7,23.4914,72.9714,completed,3843.90,73750.20,-1.1198,0.01,0.0000,0.0528,0.1487,0.1628,0.9244,0.3973,0.4705,,,
47.5819,7,3,8.7733,56.3543,converged,3843.90,73750.20,-1.1198,0.00,0.0000,0.0664,0.0440,,,,,,,
24.6746,10,3,11.2565,35.9305,converged,3843.90,73750.20,-1.1198,0.00,0.0000,0.0277,0.0500,,,,,,,
26.8130,10,3,10.1762,36.9892,converged,3843.90,73750.20,-1.1198,0.00,0.0000,0.0315,0.0208,,,,,,,
55.8898,6,6,31.8310,87.7200,completed,3843.90,73750.20,-1.1198,0.00,0.0000,0.0235,0.1006,0.2567,0.2950,0.2150,,,,
51.4430,7,3,9.2929,60.7349,converged,3843.90,73750.19,-1.1200,0.02,0.0000,0.0616,0.0489,,,,,,,
24.1879,10,3,8.9975,33.1845,converged,3843.90,73750.19,-1.1200,0.02,0.0000,0.0379,0.0553,,,,,,,
24.6560,10,3,9.2264,33.8824,converged,3843.91,73750.19,-1.1213,0.05,0.0000,0.0453,0.0543,,,,,,,
39.8691,9,3,9.0165,48.8855,converged,3843.91,73750.19,-1.1213,0.05,0.0000,0.0528,0.0646,,,,,,,
36.8092,9,3,8.9738,45.7828,converged,3843.91,73750.18,-1.1228,0.07,0.0000,0.0298,0.0447,,,,,,,
21.4346,10,3,9.2639,30.6979,converged,3843.91,73750.18,-1.1228,0.07,0.0000,0.0182,0.0350,,,,,,,
41.5057,8,3,9.7810,51.2861,converged,3843.92,73750.16,-1.1239,0.11,0.0000,0.0154,0.0297,,,,,,,
51.6197,7,7,23.1041,74.7231,completed,3843.92,73750.16,-1.1239,0.11,0.0000,0.0793,0.1611,0.4061,1.2798,1.0427,0.2247,,,
54.0340,6,6,21.5398,75.5728,completed,3843.93,73750.13,-1.1249,0.19,0.0000,0.0363,0.2802,0.8788,1.2217,0.2910,,,,
20.9868,10,3,9.7725,30.7585,converged,3843.93,73750.13,-1.1249,0.19,0.0000,0.0170,0.0671,,,,,,,
20.4828,10,3,8.6919,29.1739,converged,3843.96,73750.09,-1.1255,0.28,0.0000,0.0200,0.0361,,,,,,,
37.3993,9,3,9.1537,46.5527,converged,3843.96,73750.09,-1.1255,0.28,0.0000,0.0285,0.0638,,,,,,,
50.5599,7,3,9.2992,59.8583,converged,3843.98,73750.03,-1.1257,0.38,0.0000,0.0211,0.0326,,,,,,,
45.8680,8,8,38.8442,84.7113,completed,3843.98,73750.03,-1.1257,0.38,0.0000,0.0309,0.1148,0.1948,0.2290,0.2469,0.2339,0.1501,,
23.2046,10,3,9.3897,32.5938,converged,3844.03,73749.92,-1.1254,0.53,0.0000,0.0239,0.0147,,,,,,,
37.6756,9,3,9.8825,47.5575,converged,3844.03,73749.92,-1.1254,0.53,0.0000,0.0109,0.0777,,,,,,,
24.2663,10,3,9.9581,34.2241,converged,3844.08,73749.82,-1.1246,0.66,0.0000,0.0452,0.0144,,,,,,,
38.1886,9,9,30.5824,68.7704,completed,3844.08,73749.82,-1.1246,0.66,0.0000,0.0694,0.1078,0.3518,0.5578,1.1850,0.6724,0.1461,0.1855,
50.3987,7,7,30.4484,80.8465,completed,3844.15,73749.68,-1.1228,0.80,0.0000,0.0965,0.2390,0.3505,0.4158,0.1534,0.1787,,,
38.4485,9,3,9.3057,47.7537,converged,3844.15,73749.68,-1.1228,0.80,0.0000,0.0306,0.0179,,,,,,,
36.7083,9,9,30.8139,67.5220,completed,3844.25,73749.48,-1.1176,0.98,0.0000,0.0307,0.1146,0.2319,0.2284,0.5309,0.5497,0.1188,0.1278,
26.1143,10,3,9.4637,35.5777,converged,3844.25,73749.48,-1.1176,0.98,0.0000,0.0251,0.0171,,,,,,,
41.6843,8,8,31.4161,73.1002,completed,3844.35,73749.27,-1.1112,1.11,0.0000,0.0741,0.1132,0.2853,0.5632,2.1258,1.1315,0.1895,,
54.9631,6,6,19.8075,74.7705,completed,3844.35,73749.27,-1.1112,1.11,0.0000,0.0856,0.1749,0.5649,1.2202,0.6975,,,,
36.8657,9,3,9.4184,46.2835,converged,3844.48,73749.01,-1.1034,1.27,0.0000,0.0144,0.0514,,,,,,,
56.5601,6,3,9.1026,65.6627,converged,3844.48,73749.01,-1.1034,1.27,0.0000,0.0255,0.0886,,,,,,,
44.8204,8,3,9.4329,54.2529,converged,3844.62,73748.74,-1.0934,1.40,0.0000,0.0107,0.0164,,,,,,,
51.8023,7,3,9.3376,61.1397,converged,3844.62,73748.74,-1.0934,1.40,0.0000,0.0675,0.0754,,,,,,,
20.9008,10,3,9.7016,30.6016,converged,3844.77,73748.45,-1.0821,1.53,0.0000,0.0154,0.0332,,,,,,,
26.6062,10,3,10.7368,37.3428,converged,3844.77,73748.45,-1.0821,1.53,0.0000,0.0173,0.0190,,,,,,,
52.6738,6,3,11.0640,63.7370,converged,3844.92,73748.16,-1.0716,1.68,0.0000,0.0362,0.0412,,,,,,,
38.5510,9,3,11.2466,49.7976,converged,3844.92,73748.16,-1.0716,1.68,0.0000,0.0183,0.0696,,,,,,,
24.5007,10,3,9.7778,34.2778,converged,3845.12,73747.82,-1.0554,1.86,0.0000,0.0196,0.0364,,,,,,,
27.9875,10,3,9.2556,37.2426,converged,3845.12,73747.82,-1.0554,1.86,0.0000,0.0395,0.0437,,,,,,,
47.4472,7,3,9.6298,57.0768,converged,3845.28,73747.52,-1.0402,1.99,0.0000,0.0376,0.0975,,,,,,,
56.6837,6,3,10.0567,66.7397,converged,3845.28,73747.52,-1.0402,1.99,0.0000,0.0408,0.0810,,,,,,,
47.9428,7,3,9.1739,57.1159,converged,3845.52,73747.13,-1.0168,2.12,0.0000,0.0433,0.0715,,,,,,,
28.6391,10,3,11.3373,39.9763,converged,3845.52,73747.13,-1.0168,2.12,0.0000,0.0190,0.0179,,,,,,,
33.8220,10,3,9.5066,43.3277,converged,3845.79,73746.71,-0.9897,2.24,0.0000,0.0289,0.0717,,,,,,,
21.1407,10,3,10.9652,32.1052,converged,3845.79,73746.71,-0.9897,2.24,0.0000,0.0811,0.0661,,,,,,,
27.1168,10,3,12.7309,39.8469,converged,3846.01,73746.38,-0.9660,2.31,0.0000,0.0345,0.0438,,,,,,,
32.3278,10,3,9.7578,42.0849,converged,3846.01,73746.38,-0.9660,2.31,0.0000,0.0154,0.0321,,,,,,,
43.0602,8,8,25.4715,68.5321,completed,3846.28,73746.00,-0.9351,2.35,0.0000,0.0396,0.1562,0.2232,0.3347,0.1621,0.3419,0.3202,,
51.0983,7,3,9.5939,60.6919,converged,3846.28,73746.00,-0.9351,2.35,0.0000,0.0272,0.0932,,,,,,,
56.2173,6,3,10.3969,66.6139,converged,3846.64,73745.54,-0.8901,2.37,0.0000,0.0658,0.0886,,,,,,,
24.8991,10,3,9.6106,34.5096,converged,3846.64,73745.54,-0.8901,2.37,0.0000,0.0150,0.0342,,,,,,,
56.0027,6,3,13.4639,69.4660,converged,3846.99,73745.13,-0.8445,2.34,0.0000,0.0343,0.0880,,,,,,,
55.5393,6,6,20.7551,76.2941,completed,3846.99,73745.13,-0.8445,2.34,0.0000,0.0286,0.1844,0.1628,0.6181,0.4472,,,,
47.3290,7,7,23.4334,70.7624,completed,3847.38,73744.71,-0.7901,2.28,0.0000,0.0505,0.1118,0.1866,0.7225,0.3555,0.3046,,,
23.3074,10,3,9.4284,32.7355,converged,3847.38,73744.71,-0.7901,2.28,0.0000,0.0223,0.0303,,,,,,,
56.5957,6,6,20.8307,77.4258,completed,3847.71,73744.40,-0.7424,2.24,0.0000,0.0261,0.2689,0.2217,0.6405,0.6119,,,,
45.0659,8,3,9.5066,54.5717,converged,3847.71,73744.40,-0.7424,2.24,0.0000,0.0506,0.0300,,,,,,,
55.5829,6,6,21.0598,76.6419,completed,3848.12,73744.04,-0.6784,2.18,0.0000,0.0264,0.2652,0.5925,0.7033,0.2370,,,,
46.2704,7,3,9.2339,55.5039,converged,3848.12,73744.04,-0.6784,2.18,0.0000,0.0555,0.0592,,,,,,,
39.2793,9,3,8.9247,48.2038,converged,3848.55,73743.71,-0.6119,2.12,0.0000,0.0709,0.0564,,,,,,,
49.1025,7,7,27.4184,76.5204,completed,3848.55,73743.71,-0.6119,2.12,0.0000,0.0461,0.1136,0.2589,0.5849,1.1328,0.5275,,,
46.8685,7,3,14.2991,61.1672,converged,3848.99,73743.43,-0.5416,2.07,0.0000,0.0625,0.0909,,,,,,,
29.2176,10,3,9.5327,38.7498,converged,3848.99,73743.43,-0.5416,2.07,0.0000,0.0606,0.0348,,,,,,,
44.0195,8,3,9.7014,53.7204,converged,3849.35,73743.23,-0.4840,2.05,0.0000,0.0554,0.0924,,,,,,,
32.9470,10,3,9.7559,42.7020,converged,3849.35,73743.23,-0.4840,2.05,0.0000,0.0706,0.0258,,,,,,,
59.6997,5,3,9.3299,69.0290,converged,3849.76,73743.03,-0.4162,2.03,0.0000,0.0871,0.0801,,,,,,,
48.3509,7,3,9.1406,57.4906,converged,3849.76,73743.03,-0.4162,2.03,0.0000,0.0856,0.0508,,,,,,,
36.2739,9,3,9.7079,45.9810,converged,3850.19,73742.85,-0.3444,2.05,0.0000,0.0893,0.0467,,,,,,,
42.7939,8,3,9.4611,52.2541,converged,3850.19,73742.85,-0.3444,2.05,0.0000,0.0793,0.0335,,,,,,,
45.7702,8,3,9.4513,55.2213,converged,3850.63,73742.72,-0.2660,2.07,0.0000,0.0458,0.0758,,,,,,,
22.3686,10,3,9.7159,32.0840,converged,3850.63,73742.72,-0.2660,2.07,0.0000,0.0455,0.0481,,,,,,,
33.4435,10,3,9.5429,42.9859,converged,3851.04,73742.62,-0.1946,2.10,0.0000,0.0309,0.0718,,,,,,,
26.2663,10,3,9.6030,35.8690,converged,3851.04,73742.62,-0.1946,2.10,0.0000,0.0184,0.0645,,,,,,,
41.4976,8,3,9.5184,51.0154,converged,3851.45,73742.55,-0.1239,2.12,0.0000,0.0511,0.0894,,,,,,,
42.5235,8,3,9.2785,51.8015,converged,3851.45,73742.55,-0.1239,2.12,0.0000,0.0452,0.0999,,,,,,,
57.1898,6,3,13.2943,70.4833,converged,3851.88,73742.52,-0.0553,2.15,0.0000,0.0647,0.0500,,,,,,,
21.6641,10,3,11.3631,33.0271,converged,3851.88,73742.52,-0.0553,2.15,0.0000,0.0287,0.0415,,,,,,,
42.1881,8,3,9.8822,52.0702,converged,3852.37,73742.51,0.0170,2.21,0.0000,0.0302,0.0320,,,,,,,
59.8309,5,5,18.2549,78.0850,completed,3852.37,73742.51,0.0170,2.21,0.0000,0.0559,0.1496,0.7690,0.6113,,,,,
29.8845,10,3,9.6442,39.5283,converged,3852.93,73742.54,0.0886,2.30,0.0000,0.0338,0.0338,,,,,,,
40.8711,8,3,9.0717,49.9427,converged,3852.93,73742.54,0.0886,2.30,0.0000,0.0214,0.0264,,,,,,,
50.9784,7,3,10.8404,61.8184,converged,3853.40,73742.59,0.1418,2.37,0.0000,0.0648,0.0789,,,,,,,
36.0786,9,3,10.7943,46.8723,converged,3853.40,73742.59,0.1418,2.37,0.0000,0.0263,0.0336,,,,,,,
43.6993,8,3,8.9034,52.6025,converged,3853.93,73742.68,0.1980,2.43,0.0000,0.0386,0.0548,,,,,,,
21.3186,10,3,9.3956,30.7136,converged,3853.93,73742.68,0.1980,2.43,0.0000,0.0330,0.0424,,,,,,,
30.1819,10,3,9.0767,39.2577,converged,3854.41,73742.79,0.2466,2.53,0.0000,0.0487,0.0412,,,,,,,
45.3263,8,3,9.7999,55.1259,converged,3854.41,73742.79,0.2466,2.53,0.0000,0.0686,0.0267,,,,,,,
32.9036,10,3,9.7858,42.6888,converged,3854.91,73742.93,0.2902,2.68,0.0000,0.0298,0.0425,,,,,,,
42.5286,8,3,9.6018,52.1299,converged,3854.91,73742.93,0.2902,2.68,0.0000,0.0427,0.0458,,,,,,,
47.6932,7,7,25.2613,72.9543,completed,3855.44,73743.10,0.3291,2.84,0.0000,0.1588,0.1829,0.1087,0.4217,0.7952,0.4084,,,
20.0452,10,4,12.6215,32.6665,converged,3855.44,73743.10,0.3291,2.84,0.0000,0.1175,0.1196,0.0723,,,,,,
47.3545,7,3,9.5241,56.8781,converged,3856.06,73743.33,0.3669,3.05,0.0000,0.1320,0.0389,,,,,,,
49.1683,7,7,25.0784,74.2464,completed,3856.06,73743.33,0.3669,3.05,0.0000,0.1507,0.1495,0.2021,0.5771,0.5162,0.4004,,,
57.5643,6,3,8.9375,66.5016,converged,3856.79,73743.62,0.4024,3.26,0.0000,0.2618,0.0850,,,,,,,
54.8989,6,6,22.5261,77.4241,completed,3856.79,73743.62,0.4024,3.26,0.0000,0.1175,0.1494,0.6379,0.5492,0.4220,,,,
49.9314,7,3,9.5711,59.5021,converged,3857.56,73743.96,0.4367,3.47,0.0000,0.0522,0.0682,,,,,,,
44.2648,8,3,9.3775,53.6415,converged,3857.56,73743.96,0.4367,3.47,0.0000,0.1079,0.0859,,,,,,,
28.7023,10,3,9.4973,38.1993,converged,3858.29,73744.32,0.4659,3.70,0.0000,0.0702,0.0403,,,,,,,
26.7384,10,3,9.9589,36.6970,converged,3858.29,73744.32,0.4659,3.70,0.0000,0.0548,0.0204,,,,,,,
28.0426,10,3,9.5330,37.5751,converged,3858.88,73744.62,0.4836,3.88,0.0000,0.0499,0.0405,,,,,,,
54.9760,6,6,21.3378,76.3139,completed,3858.88,73744.62,0.4836,3.88,0.0000,0.0578,0.1011,1.1683,2.7492,1.0052,,,,
24.4050,10,4,12.6097,37.0137,converged,3859.67,73745.05,0.4992,4.11,0.0000,0.0871,0.1240,0.0233,,,,,,
23.9988,10,3,9.9081,33.9062,converged,3860.03,73745.24,0.5041,4.20,0.0000,0.0325,0.0334,,,,,,,
20.4023,10,3,9.7566,30.1586,converged,3860.40,73745.45,0.5079,4.27,0.0000,0.0236,0.0412,,,,,,,
24.5438,10,3,10.4151,34.9581,converged,3860.78,73745.66,0.5105,4.33,0.0000,0.0247,0.0449,,,,,,,
50.7152,7,3,9.7061,60.4212,converged,3861.16,73745.87,0.5117,4.39,0.0000,0.0364,0.0759,,,,,,,
26.1768,10,3,9.5317,35.7077,converged,3861.16,73745.87,0.5117,4.39,0.0000,0.0378,0.0931,,,,,,,
35.2685,9,3,9.3457,44.6138,converged,3861.94,73746.31,0.5107,4.53,0.0000,0.0289,0.0436,,,,,,,
20.9540,10,3,10.0514,31.0055,converged,3861.94,73746.31,0.5107,4.53,0.0000,0.0374,0.0624,,,,,,,
42.5945,8,3,9.1549,51.7489,converged,3862.74,73746.76,0.5085,4.71,0.0000,0.0168,0.0330,,,,,,,
30.8677,10,3,9.2421,40.1091,converged,3862.74,73746.76,0.5085,4.71,0.0000,0.0407,0.0467,,,,,,,
42.6261,8,4,11.7520,54.3781,converged,3863.58,73747.23,0.5061,4.88,0.0000,0.1240,0.1159,0.0526,,,,,,
26.8846,10,4,12.1663,39.0503,converged,3863.58,73747.23,0.5061,4.88,0.0000,0.0908,0.1200,0.0391,,,,,,
56.7372,6,6,22.0251,78.7621,completed,3864.45,73747.71,0.5040,5.03,0.0000,0.1807,0.1118,0.6172,1.5418,0.9428,,,,
59.9912,5,5,19.1027,79.0937,completed,3864.45,73747.71,0.5040,5.03,0.0000,0.0167,0.1859,2.0378,1.4566,,,,,
46.2145,7,7,23.5231,69.7371,completed,3865.80,73748.45,0.5009,5.23,0.0000,0.1662,0.1487,0.1553,1.2845,1.0799,0.4281,,,
34.9836,9,4,12.4026,47.3857,converged,3865.80,73748.45,0.5009,5.23,0.0000,0.1356,0.1485,0.0294,,,,,,
55.1569,6,3,9.3025,64.4586,converged,3866.84,73749.02,0.4987,5.32,0.0000,0.1452,0.0862,,,,,,,
47.5794,7,3,9.1160,56.6951,converged,3866.84,73749.02,0.4987,5.32,0.0000,0.0983,0.0458,,,,,,,
24.2241,10,3,10.3533,34.5774,converged,3867.90,73749.59,0.4963,5.34,0.0000,0.0849,0.0935,,,,,,,
23.5405,10,3,12.2865,35.8265,converged,3867.90,73749.59,0.4963,5.34,0.0000,0.0685,0.0621,,,,,,,
46.2012,7,7,24.2699,70.4719,completed,3868.84,73750.10,0.4945,5.38,0.0000,0.1588,0.1520,0.1979,1.1988,0.9301,0.7870,,,
27.0574,10,3,9.5155,36.5726,converged,3868.84,73750.10,0.4945,5.38,0.0000,0.0725,0.0611,,,,,,,
44.5653,8,4,12.7588,57.3238,converged,3869.91,73750.68,0.4926,5.45,0.0000,0.1428,0.1262,0.0648,,,,,,
33.8049,10,10,32.5630,66.3671,completed,3869.91,73750.68,0.4926,5.45,0.0000,0.1302,0.1863,0.1418,0.1170,0.8555,0.8920,0.6795,0.3907,0.1960
30.0256,10,5,15.7058,45.7308,converged,3871.00,73751.26,0.4908,5.51,0.0000,0.1021,0.1446,0.1224,0.0888,,,,,
36.2380,9,4,12.8936,49.1306,converged,3871.00,73751.26,0.4908,5.51,0.0000,0.1288,0.1519,0.0696,,,,,,
49.8806,7,3,10.3028,60.1829,converged,3872.10,73751.85,0.4889,5.55,0.0000,0.0850,0.0675,,,,,,,
51.3729,7,7,25.2861,76.6581,completed,3872.10,73751.85,0.4889,5.55,0.0000,0.1723,0.1397,0.2275,0.8100,0.4908,0.1122,,,
20.3597,10,4,12.5483,32.9073,converged,3873.33,73752.50,0.4875,5.58,0.0000,0.0686,0.1079,0.0547,,,,,,
46.0495,7,4,12.7193,58.7683,converged,3873.33,73752.50,0.4875,5.58,0.0000,0.1859,0.1869,0.0831,,,,,,
47.8398,7,3,10.0938,57.9328,converged,3874.32,73753.02,0.4869,5.59,0.0000,0.1270,0.0943,,,,,,,
57.1590,6,3,10.1380,67.2971,converged,3874.32,73753.02,0.4869,5.59,0.0000,0.0453,0.0706,,,,,,,
52.1949,6,6,20.2680,72.4620,completed,3875.55,73753.67,0.4859,5.57,0.0000,0.1530,0.1701,0.6563,0.5369,0.1622,,,,
20.4017,10,3,9.0032,29.4042,converged,3875.55,73753.67,0.4859,5.57,0.0000,0.0418,0.0811,,,,,,,
32.3565,10,3,9.3941,41.7501,converged,3876.53,73754.19,0.4852,5.53,0.0000,0.0279,0.0456,,,,,,,
47.4144,7,3,9.6818,57.0958,converged,3876.53,73754.19,0.4852,5.53,0.0000,0.0599,0.0953,,,,,,,
58.7102,5,3,9.9028,68.6128,converged,3877.63,73754.77,0.4844,5.51,0.0000,0.1395,0.0784,,,,,,,
26.0406,10,3,9.5752,35.6152,converged,3877.63,73754.77,0.4844,5.51,0.0000,0.0213,0.0261,,,,,,,
28.7726,10,3,12.5454,41.3174,converged,3878.61,73755.28,0.4839,5.52,0.0000,0.0317,0.0488,,,,,,,
47.8747,7,7,25.3326,73.2067,completed,3878.61,73755.28,0.4839,5.52,0.0000,0.0807,0.1332,0.3343,1.0217,0.6609,0.2810,,,
55.2647,6,6,21.8234,77.0874,completed,3879.71,73755.86,0.4832,5.52,0.0000,0.0584,0.1032,0.8485,0.6840,0.2487,,,,
30.3629,10,3,13.1416,43.5037,converged,3879.71,73755.86,0.4832,5.52,0.0000,0.0125,0.0235,,,,,,,
39.8235,9,9,37.2561,77.0791,completed,3880.93,73756.50,0.4825,5.52,0.0000,0.0427,0.1013,0.2252,0.2530,0.8484,0.3860,0.1837,0.1121,
49.3699,7,3,9.7343,59.1034,converged,3880.93,73756.50,0.4825,5.52,0.0000,0.0277,0.0737,,,,,,,
27.0008,10,10,32.9187,59.9187,completed,3882.27,73757.20,0.4815,5.46,0.0000,0.1193,0.2030,0.2767,0.1116,1.0632,0.5084,0.4113,0.2450,0.1376
21.4015,10,3,10.0736,31.4747,converged,3882.27,73757.20,0.4815,5.46,0.0000,0.0330,0.0590,,,,,,,
40.6623,8,8,25.7392,66.4013,completed,3883.23,73757.70,0.4804,5.38,0.0000,0.0816,0.1665,0.2188,0.8933,0.7795,0.2828,0.2071,,
20.9017,10,10,35.6483,56.5493,completed,3883.23,73757.70,0.4804,5.38,0.0000,0.0512,0.1126,0.2185,0.1764,0.5697,0.2489,0.1821,0.1351,0.1018
42.4479,8,8,39.0821,81.5291,completed,3884.29,73758.26,0.4798,5.24,0.0000,0.0643,0.1202,0.2567,1.0231,0.6279,0.2636,0.1794,,
21.6079,10,3,9.6483,31.2553,converged,3884.29,73758.26,0.4798,5.24,0.0000,0.0481,0.0954,,,,,,,
20.0551,10,10,37.5787,57.6337,completed,3885.44,73758.85,0.4795,5.10,0.0000,0.0984,0.1688,0.2435,0.1629,1.1801,0.4823,0.1918,0.1134,0.1553
23.3405,10,3,9.6329,32.9729,converged,3885.44,73758.85,0.4795,5.10,0.0000,0.0203,0.0440,,,,,,,
52.2830,6,6,20.7141,72.9961,completed,3886.33,73759.32,0.4793,5.02,0.0000,0.1553,0.2899,0.9740,0.6283,0.2777,,,,
48.6839,7,7,22.5370,71.2200,completed,3886.33,73759.32,0.4793,5.02,0.0000,0.1268,0.2627,0.1716,0.5823,0.3330,0.1254,,,
53.4572,6,6,20.2248,73.6819,completed,3887.44,73759.90,0.4783,4.98,0.0000,0.1717,0.2269,0.9480,0.4187,0.1927,,,,
44.7040,8,8,30.2815,74.9845,completed,3887.44,73759.90,0.4783,4.98,0.0000,0.0870,0.1572,0.2161,0.8049,0.5104,0.1646,0.2190,,
59.5115,5,5,17.6811,77.1922,completed,3888.66,73760.52,0.4769,4.94,0.0000,0.2248,0.2090,1.0062,0.5411,,,,,
47.8690,7,7,27.6872,75.5552,completed,3888.66,73760.52,0.4769,4.94,0.0000,0.1273,0.2139,0.3207,0.6427,0.1090,0.1793,,,
36.6527,9,4,13.7692,50.4212,converged,3889.75,73761.09,0.4753,4.87,0.0000,0.1162,0.1846,0.0967,,,,,,
37.8756,9,9,33.8312,71.7063,completed,3889.75,73761.09,0.4753,4.87,0.0000,0.1010,0.1751,0.1753,0.3848,0.3807,0.3655,0.1130,0.2107,
49.8599,7,7,24.2847,74.1438,completed,3890.82,73761.64,0.4734,4.79,0.0000,0.1803,0.2385,0.5270,0.4264,0.3606,0.1385,,,
49.0159,7,7,22.8812,71.8962,completed,3890.82,73761.64,0.4734,4.79,0.0000,0.1179,0.2175,0.2523,0.7797,0.1775,0.3136,,,
42.0287,8,8,27.0906,69.1187,completed,3891.88,73762.18,0.4704,4.74,0.0000,0.1169,0.1697,0.1129,0.8054,0.1639,0.1658,0.1645,,
28.3825,10,10,34.4617,62.8437,completed,3891.88,73762.18,0.4704,4.74,0.0000,0.0716,0.1039,0.1294,0.1780,0.6929,0.1184,0.1725,0.2701,0.1436
39.1137,9,9,28.7504,67.8634,completed,3892.93,73762.71,0.4679,4.65,0.0000,0.1425,0.2330,0.2219,0.4161,0.5250,0.8366,0.2898,0.1676,
48.9632,7,7,23.7140,72.6771,completed,3892.93,73762.71,0.4679,4.65,0.0000,0.1072,0.1835,0.3433,0.5787,0.2572,0.1202,,,
29.4143,10,3,9.6896,39.1036,converged,3893.96,73763.23,0.4662,4.58,0.0000,0.0696,0.0985,,,,,,,
31.8515,10,10,32.7891,64.6401,completed,3893.96,73763.23,0.4662,4.58,0.0000,0.0805,0.1093,0.1004,0.1999,0.6768,0.1162,0.1425,0.1786,0.1305
34.6219,9,3,9.1255,43.7465,converged,3894.87,73763.69,0.4647,4.51,0.0000,0.0692,0.0801,,,,,,,
45.6501,8,3,10.5062,56.1562,converged,3894.87,73763.69,0.4647,4.51,0.0000,0.0654,0.0753,,,,,,,
57.6014,6,3,9.7412,67.3422,converged,3895.67,73764.09,0.4626,4.47,0.0000,0.0731,0.0998,,,,,,,
38.9127,9,9,29.6451,68.5572,completed,3895.67,73764.09,0.4626,4.47,0.0000,0.0876,0.1302,0.1690,0.3300,0.3025,0.4070,0.1134,0.1675,
26.7417,10,3,8.7932,35.5343,converged,3896.67,73764.58,0.4604,4.41,0.0000,0.0373,0.0664,,,,,,,
28.1540,10,3,9.1518,37.3048,converged,3896.67,73764.58,0.4604,4.41,0.0000,0.0428,0.0520,,,,,,,
57.9395,6,3,10.0595,67.9985,converged,3897.35,73764.92,0.4610,4.34,0.0000,0.0781,0.0985,,,,,,,
55.3870,6,6,20.1544,75.5405,completed,3897.35,73764.92,0.4610,4.34,0.0000,0.1118,0.1219,0.4580,0.5247,0.2570,,,,
46.4874,7,7,24.7287,71.2158,completed,3898.31,73765.40,0.4635,4.19,0.0000,0.0680,0.1794,0.5483,0.9376,0.9105,0.3835,,,
36.5853,9,3,10.1659,46.7509,converged,3898.31,73765.40,0.4635,4.19,0.0000,0.0486,0.0513,,,,,,,
35.1079,9,3,9.2964,44.4034,converged,3899.23,73765.86,0.4687,4.03,0.0000,0.0695,0.0638,,,,,,,
26.5305,10,3,10.1076,36.6377,converged,3899.23,73765.86,0.4687,4.03,0.0000,0.0303,0.0385,,,,,,,
38.3376,9,3,10.4682,48.8052,converged,3899.85,73766.18,0.4739,3.92,0.0000,0.0328,0.0662,,,,,,,
48.7842,7,7,23.2035,71.9875,completed,3899.85,73766.18,0.4739,3.92,0.0000,0.0507,0.1138,0.2288,0.6293,0.8760,0.5181,,,
34.4109,9,3,10.3815,44.7916,converged,3900.62,73766.58,0.4828,3.77,0.0000,0.0267,0.0593,,,,,,,
26.5559,10,3,10.1938,36.7488,converged,3900.62,73766.58,0.4828,3.77,0.0000,0.0179,0.0387,,,,,,,
48.2937,7,7,23.7151,72.0082,completed,3901.35,73766.97,0.4964,3.63,0.0000,0.0781,0.2100,0.3909,0.1781,0.2008,0.3341,,,
22.0648,10,3,10.3745,32.4385,converged,3901.35,73766.97,0.4964,3.63,0.0000,0.0304,0.0534,,,,,,,
35.6004,9,9,32.8080,68.4080,completed,3902.06,73767.36,0.5167,3.52,0.0000,0.1230,0.1748,0.1354,0.2698,0.6063,0.9888,0.5893,0.2951,
25.5181,10,10,35.8680,61.3861,completed,3902.06,73767.36,0.5167,3.52,0.0000,0.0761,0.1461,0.1646,0.1279,0.2613,0.3409,0.6142,0.4956,0.4239
29.3258,10,10,32.1414,61.4664,completed,3902.80,73767.80,0.5482,3.40,0.0000,0.0892,0.1530,0.1817,0.1105,0.1553,0.5678,0.7798,0.4103,0.3044
32.6418,10,10,31.2311,63.8721,completed,3902.80,73767.80,0.5482,3.40,0.0000,0.0620,0.1316,0.1660,0.1660,0.2780,0.5151,0.5554,0.3442,0.2837
25.6868,10,3,8.9695,34.6556,converged,3903.44,73768.20,0.5828,3.27,0.0000,0.0272,0.0424,,,,,,,
28.5494,10,3,9.8700,38.4191,converged,3903.44,73768.20,0.5828,3.27,0.0000,0.0545,0.0508,,,,,,,
52.0356,6,3,9.0523,61.0873,converged,3903.90,73768.51,0.6144,3.16,0.0000,0.0564,0.0767,,,,,,,
36.4483,9,3,9.3335,45.7816,converged,3903.90,73768.51,0.6144,3.16,0.0000,0.0454,0.0493,,,,,,,
26.7177,10,3,10.3476,37.0646,converged,3904.46,73768.93,0.6648,3.04,0.0000,0.0306,0.0443,,,,,,,
25.4467,10,3,9.6748,35.1208,converged,3904.46,73768.93,0.6648,3.04,0.0000,0.0220,0.0319,,,,,,,
52.3305,6,3,9.4740,61.8040,converged,3904.87,73769.26,0.7104,2.97,0.0000,0.1178,0.0557,,,,,,,
20.6543,10,3,10.0673,30.7214,converged,3904.87,73769.26,0.7104,2.97,0.0000,0.0150,0.0270,,,,,,,
31.9126,10,3,9.2957,41.2077,converged,3905.36,73769.71,0.7751,2.90,0.0000,0.0137,0.0484,,,,,,,
31.3544,10,3,8.8684,40.2224,converged,3905.36,73769.71,0.7751,2.90,0.0000,0.0122,0.0406,,,,,,,
52.0000,6,3,9.5062,61.5062,converged,3905.71,73770.07,0.8283,2.85,0.0000,0.0288,0.0672,,,,,,,
24.5265,10,3,8.9754,33.5015,converged,3905.71,73770.07,0.8283,2.85,0.0000,0.0492,0.0383,,,,,,,
51.0001,7,7,26.3729,77.3729,completed,3906.12,73770.55,0.9004,2.79,0.0000,0.0185,0.2087,0.1489,0.9838,0.4248,0.3085,,,
57.1385,6,6,21.4236,78.5617,completed,3906.12,73770.55,0.9004,2.79,0.0000,0.0284,0.1988,0.2939,0.7348,0.4977,,,,
35.0065,9,3,9.3984,44.4044,converged,3906.56,73771.17,0.9964,2.71,0.0000,0.0451,0.0549,,,,,,,
45.4333,8,4,11.6815,57.1146,converged,3906.56,73771.17,0.9964,2.71,0.0000,0.0215,0.1072,0.0933,,,,,,
28.3048,10,3,8.8119,37.1160,converged,3906.84,73771.63,1.0712,2.63,0.0000,0.1000,0.0578,,,,,,,
49.9921,7,3,12.2043,62.1963,converged,3906.84,73771.63,1.0712,2.63,0.0000,0.0539,0.0725,,,,,,,
33.0805,10,3,11.9111,44.9911,converged,3907.09,73772.15,1.1567,2.53,0.0000,0.0760,0.0367,,,,,,,
42.9035,8,8,26.6475,69.5505,completed,3907.09,73772.15,1.1567,2.53,0.0000,0.0547,0.1403,0.1427,0.2802,0.3374,0.3155,0.1634,,
44.8864,8,3,13.8431,58.7291,converged,3907.30,73772.68,1.2438,2.50,0.0000,0.0480,0.0726,,,,,,,
32.0289,10,3,10.0628,42.0909,converged,3907.30,73772.68,1.2438,2.50,0.0000,0.0440,0.0436,,,,,,,
31.6246,10,3,10.2814,41.9054,converged,3907.45,73773.21,1.3405,2.48,0.0000,0.0921,0.0458,,,,,,,
37.2383,9,3,12.8109,50.0489,converged,3907.45,73773.21,1.3405,2.48,0.0000,0.0221,0.0690,,,,,,,
59.3823,5,5,23.0705,82.4526,completed,3907.54,73773.70,1.4272,2.44,0.0000,0.0866,0.4785,0.2223,0.3592,,,,,
36.3387,9,3,8.9762,45.3142,converged,3907.54,73773.70,1.4272,2.44,0.0000,0.0334,0.0382,,,,,,,
41.0121,8,3,12.7632,53.7752,converged,3907.60,73774.30,1.5287,2.42,0.0000,0.0657,0.0926,,,,,,,
52.3976,6,3,9.6225,62.0195,converged,3907.60,73774.30,1.5287,2.42,0.0000,0.0726,0.0824,,,,,,,
47.4783,7,7,23.2672,70.7453,completed,3907.59,73774.90,1.6271,2.35,0.0000,0.1901,0.1191,0.8421,0.3713,0.3322,0.2578,,,
48.3456,7,3,9.1604,57.5055,converged,3907.59,73774.90,1.6271,2.35,0.0000,0.0787,0.0969,,,,,,,
44.0316,8,3,9.3555,53.3865,converged,3907.54,73775.47,1.7139,2.27,0.0000,0.1160,0.0432,,,,,,,
36.5478,9,3,9.1467,45.6938,converged,3907.54,73775.47,1.7139,2.27,0.0000,0.0490,0.0785,,,,,,,
46.6039,7,3,9.5261,56.1291,converged,3907.46,73775.91,1.7734,2.22,0.0000,0.1523,0.0604,,,,,,,
32.3894,10,3,13.0491,45.4382,converged,3907.46,73775.91,1.7734,2.22,0.0000,0.0260,0.0462,,,,,,,
55.4204,6,6,20.4414,75.8614,completed,3907.34,73776.40,1.8292,2.19,0.0000,0.1134,0.1071,0.8094,0.2299,0.1647,,,,
45.2476,8,3,9.2975,54.5446,converged,3907.34,73776.40,1.8292,2.19,0.0000,0.0242,0.0570,,,,,,,
51.5375,7,3,9.4947,61.0317,converged,3907.19,73776.92,1.8839,2.21,0.0000,0.0638,0.0447,,,,,,,
24.6160,10,3,8.9880,33.6030,converged,3907.19,73776.92,1.8839,2.21,0.0000,0.0539,0.0385,,,,,,,
56.7567,6,6,21.5673,78.3234,completed,3907.02,73777.40,1.9282,2.27,0.0000,0.1557,0.2194,0.4801,0.3776,0.1600,,,,
30.9907,10,3,9.5850,40.5750,converged,3907.02,73777.40,1.9282,2.27,0.0000,0.0346,0.0338,,,,,,,
49.7001,7,3,9.5942,59.2942,converged,3906.83,73777.88,1.9673,2.35,0.0000,0.0383,0.0767,,,,,,,
53.3564,6,3,9.2948,62.6508,converged,3906.83,73777.88,1.9673,2.35,0.0000,0.0452,0.0466,,,,,,,
23.8830,10,3,9.6831,33.5651,converged,3906.59,73778.43,2.0030,2.49,0.0000,0.0177,0.0586,,,,,,,
54.4143,6,6,21.1889,75.6029,completed,3906.59,73778.43,2.0030,2.49,0.0000,0.0218,0.1406,0.4102,0.2225,0.3365,,,,
43.0186,8,4,16.8604,59.8785,converged,3906.37,73778.89,2.0264,2.62,0.0000,0.0221,0.1097,0.0962,,,,,,
44.2736,8,3,9.3114,53.5845,converged,3906.37,73778.89,2.0264,2.62,0.0000,0.0125,0.0843,,,,,,,
53.1246,6,6,22.3719,75.4959,completed,3906.06,73779.50,2.0503,2.84,0.0000,0.0588,0.2036,0.2879,0.2244,0.3243,,,,
49.0545,7,3,9.0819,58.1360,converged,3906.06,73779.50,2.0503,2.84,0.0000,0.0214,0.0805,,,,,,,
40.0433,8,3,8.9483,48.9913,converged,3905.71,73780.16,2.0688,3.12,0.0000,0.0655,0.0150,,,,,,,
42.6676,8,3,9.5722,52.2392,converged,3905.71,73780.16,2.0688,3.12,0.0000,0.0180,0.0759,,,,,,,
25.0318,10,3,9.2346,34.2656,converged,3905.36,73780.79,2.0824,3.34,0.0000,0.0495,0.0235,,,,,,,
53.7516,6,6,20.7247,74.4758,completed,3905.36,73780.79,2.0824,3.34,0.0000,0.0226,0.1336,0.2014,0.3767,0.3368,,,,
51.0563,7,3,9.7672,60.8233,converged,3904.98,73781.47,2.0933,3.58,0.0000,0.0330,0.0201,,,,,,,
42.0814,8,3,13.5950,55.6760,converged,3904.98,73781.47,2.0933,3.58,0.0000,0.0302,0.0706,,,,,,,
52.9776,6,6,21.0450,74.0220,completed,3904.56,73782.19,2.0984,3.81,0.0000,0.0689,0.1073,0.2973,0.2548,0.1177,,,,
30.2689,10,3,10.7069,40.9750,converged,3904.56,73782.19,2.0984,3.81,0.0000,0.0733,0.0628,,,,,,,
46.2911,7,3,11.4900,57.7810,converged,3904.06,73783.04,2.0979,4.05,0.0000,0.0724,0.0411,,,,,,,
21.1463,10,3,10.5451,31.6912,converged,3904.06,73783.04,2.0979,4.05,0.0000,0.0348,0.0178,,,,,,,
45.5804,8,3,14.9636,60.5436,converged,3903.65,73783.76,2.0951,4.25,0.0000,0.0208,0.0578,,,,,,,
27.8143,10,3,13.4391,41.2531,converged,3903.65,73783.76,2.0951,4.25,0.0000,0.0645,0.0403,,,,,,,
55.5827,6,6,21.6892,77.2712,completed,3903.16,73784.61,2.0912,4.47,0.0000,0.0713,0.1982,0.5973,0.4128,0.3333,,,,
41.8567,8,3,9.3687,51.2247,converged,3903.16,73784.61,2.0912,4.47,0.0000,0.0558,0.0254,,,,,,,
51.1634,7,3,9.3231,60.4862,converged,3902.59,73785.61,2.0866,4.75,0.0000,0.0784,0.0868,,,,,,,
35.4087,9,3,10.4719,45.8800,converged,3902.59,73785.61,2.0866,4.75,0.0000,0.0730,0.0212,,,,,,,
27.7032,10,3,8.9989,36.7019,converged,3902.05,73786.56,2.0822,4.98,0.0000,0.0475,0.0263,,,,,,,
31.7569,10,3,8.7615,40.5175,converged,3902.05,73786.56,2.0822,4.98,0.0000,0.0344,0.0174,,,,,,,
57.9663,6,6,21.5002,79.4663,completed,3901.62,73787.34,2.0783,5.16,0.0000,0.0836,0.1986,0.6190,0.1788,0.2042,,,,
39.8155,9,3,9.7575,49.5726,converged,3901.62,73787.34,2.0783,5.16,0.0000,0.0695,0.0295,,,,,,,
40.8159,8,3,9.9543,50.7693,converged,3900.98,73788.49,2.0726,5.42,0.0000,0.0519,0.0821,,,,,,,
38.5908,9,3,13.5782,52.1682,converged,3900.98,73788.49,2.0726,5.42,0.0000,0.0672,0.0296,,,,,,,
34.3371,9,3,12.6718,47.0088,converged,3900.38,73789.59,2.0679,5.61,0.0000,0.0141,0.0649,,,,,,,
28.5263,10,3,9.1998,37.7259,converged,3900.38,73789.59,2.0679,5.61,0.0000,0.0138,0.0472,,,,,,,
26.2338,10,3,9.1962,35.4292,converged,3899.77,73790.71,2.0645,5.76,0.0000,0.0099,0.0477,,,,,,,
31.7367,10,3,10.4774,42.2135,converged,3899.77,73790.71,2.0645,5.76,0.0000,0.0287,0.0167,,,,,,,
39.9403,9,3,9.6083,49.5483,converged,3899.22,73791.74,2.0619,5.88,0.0000,0.0129,0.0265,,,,,,,
47.3578,7,3,8.7948,56.1519,converged,3899.22,73791.74,2.0619,5.88,0.0000,0.0250,0.0292,,,,,,,
48.4678,7,3,9.5389,58.0059,converged,3898.67,73792.78,2.0598,5.95,0.0000,0.0406,0.0700,,,,,,,
49.3369,7,3,10.4592,59.7953,converged,3898.67,73792.78,2.0598,5.95,0.0000,0.0504,0.0843,,,,,,,
20.9823,10,3,9.2951,30.2772,converged,3898.04,73793.97,2.0577,5.99,0.0000,0.0298,0.0585,,,,,,,
49.5608,7,3,9.7156,59.2757,converged,3898.04,73793.97,2.0577,5.99,0.0000,0.0293,0.0750,,,,,,,
50.9317,7,7,25.5611,76.4921,completed,3897.40,73795.16,2.0558,6.03,0.0000,0.0896,0.1217,0.3790,0.8439,0.4211,0.1822,,,
39.3267,9,3,9.5224,48.8485,converged,3897.40,73795.16,2.0558,6.03,0.0000,0.0513,0.0905,,,,,,,
31.1451,10,3,9.7606,40.9056,converged,3896.77,73796.36,2.0545,6.03,0.0000,0.0330,0.0772,,,,,,,
52.8996,6,3,9.4904,62.3894,converged,3896.77,73796.36,2.0545,6.03,0.0000,0.0938,0.0668,,,,,,,
27.8852,10,9,26.2309,54.1160,converged,3896.14,73797.56,2.0534,6.00,0.0000,0.0837,0.1437,0.1134,0.1497,0.5697,0.2825,0.1648,0.0744,
33.0944,10,3,9.2108,42.3048,converged,3896.14,73797.56,2.0534,6.00,0.0000,0.0538,0.0836,,,,,,,
31.0680,10,10,29.0462,60.1132,converged,3895.59,73798.62,2.0530,5.96,0.0000,0.1075,0.1642,0.1210,0.1778,0.6724,0.3978,0.3105,0.1947,0.0869
40.4622,8,7,20.5222,60.9842,converged,3895.59,73798.62,2.0530,5.96,0.0000,0.0768,0.1289,0.1259,0.4679,0.2128,0.0997,,,
35.3869,9,3,8.9882,44.3742,converged,3894.97,73799.81,2.0525,5.89,0.0000,0.0739,0.0990,,,,,,,
56.7647,6,6,21.0674,77.8315,completed,3894.97,73799.81,2.0525,5.89,0.0000,0.1355,0.1323,0.5398,0.3958,0.3537,,,,
52.6561,6,6,21.9326,74.5886,completed,3894.36,73800.97,2.0522,5.80,0.0000,0.1758,0.1125,0.6162,0.4909,0.3048,,,,
36.2199,9,3,10.7563,46.9754,converged,3894.36,73800.97,2.0522,5.80,0.0000,0.0562,0.0766,,,,,,,
49.6676,7,7,19.9161,69.5832,converged,3893.76,73802.12,2.0521,5.73,0.0000,0.1182,0.1455,0.2931,0.2813,0.1563,0.0945,,,
57.4200,6,3,9.2652,66.6853,converged,3893.76,73802.12,2.0521,5.73,0.0000,0.1311,0.0779,,,,,,,
27.8457,10,3,9.3368,37.1818,converged,3893.10,73803.38,2.0519,5.66,0.0000,0.0614,0.0908,,,,,,,
37.3916,9,3,9.4628,46.8539,converged,3893.10,73803.38,2.0519,5.66,0.0000,0.0360,0.0478,,,,,,,
26.9218,10,3,9.5948,36.5158,converged,3892.58,73804.38,2.0518,5.59,0.0000,0.0368,0.0664,,,,,,,
42.8259,8,3,10.1617,52.9868,converged,3892.58,73804.38,2.0518,5.59,0.0000,0.0435,0.0992,,,,,,,
39.8903,9,4,11.6046,51.4946,converged,3892.07,73805.36,2.0517,5.52,0.0000,0.0616,0.1117,0.0317,,,,,,
27.3641,10,3,9.0637,36.4277,converged,3892.07,73805.36,2.0517,5.52,0.0000,0.0131,0.0287,,,,,,,
44.1902,8,3,9.2977,53.4878,converged,3891.56,73806.34,2.0517,5.45,0.0000,0.0474,0.0831,,,,,,,
30.0301,10,3,10.5154,40.5454,converged,3891.56,73806.34,2.0517,5.45,0.0000,0.0253,0.0542,,,,,,,
23.5838,10,3,9.3791,32.9622,converged,3891.06,73807.30,2.0517,5.38,0.0000,0.0314,0.0482,,,,,,,
36.3987,9,3,9.4526,45.8507,converged,3891.06,73807.30,2.0517,5.38,0.0000,0.0378,0.0723,,,,,,,
44.9435,8,3,9.2388,54.1819,converged,3890.57,73808.24,2.0515,5.28,0.0000,0.0273,0.0307,,,,,,,
40.4216,8,3,8.8440,49.2651,converged,3890.57,73808.24,2.0515,5.28,0.0000,0.0162,0.0255,,,,,,,
51.5312,7,3,9.3811,60.9121,converged,3890.08,73809.17,2.0513,5.17,0.0000,0.0715,0.0939,,,,,,,
42.7368,8,3,8.9755,51.7115,converged,3890.08,73809.17,2.0513,5.17,0.0000,0.0277,0.0371,,,,,,,
44.8470,8,3,9.7846,54.6306,converged,3889.55,73810.19,2.0513,5.06,0.0000,0.0455,0.0607,,,,,,,
20.2006,10,3,9.1125,29.3126,converged,3889.55,73810.19,2.0513,5.06,0.0000,0.0233,0.0435,,,,,,,
55.6834,6,3,9.5283,65.2114,converged,3889.09,73811.08,2.0515,4.94,0.0000,0.0877,0.0524,,,,,,,
25.2100,10,3,9.1886,34.3976,converged,3889.09,73811.08,2.0515,4.94,0.0000,0.0288,0.0622,,,,,,,
51.1653,7,3,9.5959,60.7609,converged,3888.64,73811.94,2.0516,4.84,0.0000,0.0571,0.0702,,,,,,,
50.1582,7,3,9.1836,59.3417,converged,3888.64,73811.94,2.0516,4.84,0.0000,0.0286,0.0481,,,,,,,
44.9766,8,3,9.1154,54.0915,converged,3888.09,73813.00,2.0514,4.69,0.0000,0.0362,0.0409,,,,,,,
51.7186,7,3,9.3086,61.0266,converged,3888.09,73813.00,2.0514,4.69,0.0000,0.0182,0.0382,,,,,,,
52.5419,6,3,9.0965,61.6375,converged,3887.61,73813.92,2.0515,4.55,0.0000,0.0570,0.0862,,,,,,,
50.9776,7,3,10.0773,61.0543,converged,3887.61,73813.92,2.0515,4.55,0.0000,0.0299,0.0578,,,,,,,
21.8822,10,3,8.8397,30.7217,converged,3887.14,73814.81,2.0517,4.41,0.0000,0.0188,0.0423,,,,,,,
41.7944,8,3,9.6915,51.4856,converged,3887.14,73814.81,2.0517,4.41,0.0000,0.0184,0.0550,,,,,,,
39.9779,9,3,10.1842,50.1613,converged,3886.74,73815.59,2.0519,4.29,0.0000,0.0156,0.0486,,,,,,,
48.2523,7,3,10.1388,58.3908,converged,3886.74,73815.59,2.0519,4.29,0.0000,0.0188,0.0411,,,,,,,
24.6674,10,3,10.6549,35.3220,converged,3886.30,73816.43,2.0522,4.17,0.0000,0.0209,0.0459,,,,,,,
31.9635,10,3,11.7590,43.7220,converged,3886.30,73816.43,2.0522,4.17,0.0000,0.0109,0.0361,,,,,,,
33.9112,10,3,13.0040,46.9150,converged,3885.92,73817.16,2.0524,4.06,0.0000,0.0186,0.0456,,,,,,,
21.3486,10,3,9.5330,30.8811,converged,3885.92,73817.16,2.0524,4.06,0.0000,0.0082,0.0334,,,,,,,
31.5255,10,3,9.6705,41.1955,converged,3885.54,73817.87,2.0525,3.95,0.0000,0.0124,0.0358,,,,,,,
53.1175,6,3,9.3185,62.4355,converged,3885.54,73817.87,2.0525,3.95,0.0000,0.0235,0.0371,,,,,,,
59.6476,5,3,10.6516,70.2987,converged,3885.14,73818.64,2.0525,3.82,0.0000,0.0692,0.0683,,,,,,,
41.2975,8,3,8.8154,50.1124,converged,3885.14,73818.64,2.0525,3.82,0.0000,0.0111,0.0438,,,,,,,
52.1343,6,6,22.1917,74.3257,completed,3884.75,73819.39,2.0528,3.69,0.0000,0.0644,0.1090,0.1049,0.3890,0.3757,,,,
36.9947,9,3,9.6766,46.6706,converged,3884.75,73819.39,2.0528,3.69,0.0000,0.0057,0.0198,,,,,,,
21.8234,10,3,9.8692,31.6922,converged,3884.33,73820.19,2.0533,3.56,0.0000,0.0218,0.0403,,,,,,,
35.1400,9,3,9.3921,44.5321,converged,3884.33,73820.19,2.0533,3.56,0.0000,0.0039,0.0248,,,,,,,
20.8938,10,3,9.7258,30.6188,converged,3884.04,73820.74,2.0535,3.49,0.0000,0.0107,0.0323,,,,,,,
29.3760,10,3,11.3475,40.7225,converged,3884.04,73820.74,2.0535,3.49,0.0000,0.0039,0.0140,,,,,,,
31.5453,10,3,9.8654,41.4104,converged,3883.72,73821.35,2.0536,3.40,0.0000,0.0073,0.0346,,,,,,,
43.2626,8,3,12.0349,55.2969,converged,3883.72,73821.35,2.0536,3.40,0.0000,0.0070,0.0259,,,,,,,
28.4344,10,3,9.7015,38.1356,converged,3883.37,73822.02,2.0541,3.30,0.0000,0.0219,0.0397,,,,,,,
39.2427,9,3,9.3728,48.6148,converged,3883.37,73822.02,2.0541,3.30,0.0000,0.0089,0.0147,,,,,,,
42.2999,8,3,9.3048,51.6038,converged,3883.07,73822.60,2.0543,3.22,0.0000,0.0061,0.0074,,,,,,,
30.9063,10,3,9.7898,40.6959,converged,3883.07,73822.60,2.0543,3.22,0.0000,0.0050,0.0126,,,,,,,
39.9937,9,3,10.1305,50.1235,converged,3882.77,73823.16,2.0546,3.14,0.0000,0.0047,0.0098,,,,,,,
32.8817,10,3,9.5169,42.3980,converged,3882.77,73823.16,2.0546,3.14,0.0000,0.0056,0.0164,,,,,,,
45.8955,8,3,10.4025,56.2976,converged,3882.49,73823.71,2.0548,3.05,0.0000,0.0065,0.0170,,,,,,,
52.7642,6,3,10.9395,63.7036,converged,3882.49,73823.71,2.0548,3.05,0.0000,0.0102,0.0119,,,,,,,
36.2937,9,3,9.7704,46.0634,converged,3882.10,73824.43,2.0541,2.92,0.0000,0.0079,0.0181,,,,,,,
59.3610,5,3,9.4103,68.7713,converged,3882.10,73824.43,2.0541,2.92,0.0000,0.0134,0.0364,,,,,,,
57.0114,6,3,9.6272,66.6382,converged,3881.81,73825.00,2.0529,2.79,0.0000,0.0115,0.0272,,,,,,,
56.3018,6,3,9.5262,65.8272,converged,3881.81,73825.00,2.0529,2.79,0.0000,0.0116,0.0369,,,,,,,
43.2671,8,3,10.0828,53.3499,converged,3881.49,73825.60,2.0529,2.63,0.0000,0.0185,0.0183,,,,,,,
56.1554,6,3,9.2680,65.4231,converged,3881.49,73825.60,2.0529,2.63,0.0000,0.0170,0.0379,,,,,,,
30.7420,10,3,10.0670,40.8090,converged,3881.22,73826.11,2.0527,2.48,0.0000,0.0127,0.0107,,,,,,,
52.4718,6,3,10.5179,62.9889,converged,3881.22,73826.11,2.0527,2.48,0.0000,0.0290,0.0443,,,,,,,
57.2616,6,3,8.9869,66.2479,converged,3880.97,73826.59,2.0531,2.33,0.0000,0.0175,0.0275,,,,,,,
54.7787,6,3,8.7287,63.5067,converged,3880.97,73826.59,2.0531,2.33,0.0000,0.0242,0.0264,,,,,,,
55.4948,6,3,10.5998,66.0938,converged,3880.74,73827.04,2.0525,2.20,0.0000,0.0162,0.0106,,,,,,,
33.0362,10,3,10.3156,43.3517,converged,3880.74,73827.04,2.0525,2.20,0.0000,0.0092,0.0118,,,,,,,
32.1921,10,3,9.2026,41.3946,converged,3880.52,73827.47,2.0510,2.07,0.0000,0.0076,0.0095,,,,,,,
59.6681,5,3,10.3605,70.0286,converged,3880.52,73827.47,2.0510,2.07,0.0000,0.0358,0.0303,,,,,,,
21.9481,10,3,9.1827,31.1307,converged,3880.31,73827.87,2.0498,1.94,0.0000,0.0115,0.0167,,,,,,,
21.5624,10,3,9.1428,30.7048,converged,3880.31,73827.87,2.0498,1.94,0.0000,0.0119,0.0167,,,,,,,
30.2900,10,3,11.9033,42.1923,converged,3880.16,73828.16,2.0495,1.84,0.0000,0.0094,0.0113,,,,,,,
29.6632,10,3,9.5102,39.1732,converged,3880.16,73828.16,2.0495,1.84,0.0000,0.0131,0.0168,,,,,,,
52.6600,6,3,11.8855,64.5455,converged,3879.99,73828.48,2.0488,1.72,0.0000,0.0168,0.0068,,,,,,,
53.0020,6,3,9.3259,62.3280,converged,3879.99,73828.48,2.0488,1.72,0.0000,0.0145,0.0180,,,,,,,
52.3507,6,3,9.8084,62.1585,converged,3879.80,73828.84,2.0475,1.58,0.0000,0.0125,0.0115,,,,,,,
22.4923,10,3,10.9842,33.4762,converged,3879.80,73828.84,2.0475,1.58,0.0000,0.0083,0.0106,,,,,,,
48.0140,7,3,10.2535,58.2675,converged,3879.66,73829.11,2.0476,1.47,0.0000,0.0157,0.0147,,,,,,,
27.8222,10,3,8.9413,36.7633,converged,3879.66,73829.11,2.0476,1.47,0.0000,0.0100,0.0123,,,,,,,
20.7485,10,3,9.6080,30.3561,converged,3879.53,73829.36,2.0473,1.35,0.0000,0.0039,0.0054,,,,,,,
27.2205,10,3,9.2517,36.4717,converged,3879.53,73829.36,2.0473,1.35,0.0000,0.0110,0.0097,,,,,,,
53.5093,6,3,9.4081,62.9171,converged,3879.43,73829.57,2.0470,1.26,0.0000,0.0169,0.0253,,,,,,,
30.2058,10,3,9.2113,39.4164,converged,3879.43,73829.57,2.0470,1.26,0.0000,0.0103,0.0072,,,,,,,
31.4852,10,3,9.5763,41.0613,converged,3879.31,73829.81,2.0467,1.13,0.0000,0.0098,0.0090,,,,,,,
55.1656,6,3,12.2948,67.4599,converged,3879.31,73829.81,2.0467,1.13,0.0000,0.0105,0.0154,,,,,,,
42.1427,8,3,9.0099,51.1520,converged,3879.19,73830.02,2.0474,1.01,0.0000,0.0078,0.0067,,,,,,,
55.6100,6,3,8.9846,64.5946,converged,3879.19,73830.02,2.0474,1.01,0.0000,0.0070,0.0103,,,,,,,
55.3202,6,3,9.8282,65.1483,converged,3879.10,73830.21,2.0498,0.87,0.0000,0.0172,0.0097,,,,,,,
57.4073,6,3,10.3267,67.7337,converged,3879.10,73830.21,2.0498,0.87,0.0000,0.0030,0.0163,,,,,,,
32.8115,10,3,10.6927,43.5037,converged,3879.01,73830.38,2.0517,0.68,0.0000,0.0058,0.0059,,,,,,,
58.8097,5,3,9.1976,68.0066,converged,3879.01,73830.38,2.0517,0.68,0.0000,0.0047,0.0412,,,,,,,
35.3557,9,3,9.6687,45.0237,converged,3878.95,73830.50,2.0512,0.50,0.0000,0.0079,0.0081,,,,,,,
40.3212,8,3,8.8679,49.1890,converged,3878.95,73830.50,2.0512,0.50,0.0000,0.0082,0.0027,,,,,,,
35.6094,9,3,8.7613,44.3704,converged,3878.91,73830.57,2.0502,0.36,0.0000,0.0068,0.0057,,,,,,,
57.2739,6,3,9.1352,66.4082,converged,3878.91,73830.57,2.0502,0.36,0.0000,0.0081,0.0181,,,,,,,
22.1476,10,3,9.7028,31.8498,converged,3878.88,73830.63,2.0491,0.27,0.0000,0.0047,0.0028,,,,,,,
24.8479,10,3,8.6986,33.5456,converged,3878.88,73830.63,2.0491,0.27,0.0000,0.0053,0.0022,,,,,,,
47.9441,7,3,9.6917,57.6358,converged,3878.86,73830.67,2.0486,0.21,0.0000,0.0052,0.0039,,,,,,,
29.1286,10,3,10.1946,39.3227,converged,3878.86,73830.67,2.0486,0.21,0.0000,0.0044,0.0020,,,,,,,
29.6549,10,3,9.6302,39.2842,converged,3878.84,73830.70,2.0492,0.15,0.0000,0.0050,0.0020,,,,,,,
37.9960,9,3,9.2788,47.2749,converged,3878.84,73830.70,2.0492,0.15,0.0000,0.0050,0.0015,,,,,,,
56.3914,6,3,9.5013,65.8923,converged,3878.83,73830.73,2.0505,0.08,0.0000,0.0056,0.0169,,,,,,,
49.2101,7,3,10.0258,59.2358,converged,3878.83,73830.73,2.0505,0.08,0.0000,0.0040,0.0083,,,,,,,
24.4017,10,3,13.9600,38.3610,converged,3878.82,73830.74,2.0509,0.01,0.0000,0.0030,0.0020,,,,,,,
23.9600,10,3,9.2869,33.2469,converged,3878.82,73830.74,2.0509,0.01,0.0000,0.0028,0.0024,,,,,,,
46.8419,7,3,9.2365,56.0776,converged,3878.82,73830.74,2.0509,0.00,0.0000,0.0030,0.0037,,,,,,,
29.5313,10,3,9.2157,38.7467,converged,3878.82,73830.74,2.0509,0.00,0.0000,0.0033,0.0019,,,,,,,
42.3723,8,3,9.0587,51.4307,converged,3878.82,73830.74,2.0509,0.00,0.0000,0.0032,0.0030,,,,,,,
49.0703,7,3,13.8927,62.9628,converged,3878.82,73830.74,2.0509,0.00,0.0000,0.0032,0.0053,,,,,,,
47.2580,7,3,9.7893,57.0473,converged,3878.82,73830.74,2.0509,0.00,0.0000,0.0025,0.0057,,,,,,,
59.0297,5,3,9.7003,68.7293,converged,3878.82,73830.74,2.0509,0.00,0.0000,0.0036,0.0158,,,,,,,
38.2826,9,3,8.9623,47.2444,converged,3878.82,73830.74,2.0509,0.00,0.0000,0.0030,0.0025,,,,,,,
52.4267,6,3,9.4977,61.9237,converged,3878.82,73830.74,2.0509,0.00,0.0000,0.0034,0.0030,,,,,,,
27.3479,10,3,10.7684,38.1154,converged,3878.82,73830.74,2.0509,0.00,0.0000,0.0027,0.0022,,,,,,,
40.4977,8,3,10.8220,51.3190,converged,3878.82,73830.74,2.0509,0.00,0.0000,0.0032,0.0019,,,,,,,
35.9329,9,3,9.2769,45.2089,converged,3878.82,73830.74,2.0509,0.00,0.0000,0.0027,0.0027,,,,,,,
20.5819,10,3,9.6252,30.2063,converged,3878.82,73830.74,2.0509,0.00,0.0000,0.0031,0.0020,,,,,,,
57.8551,6,3,9.3768,67.2319,converged,3878.82,73830.74,2.0509,0.00,0.0000,0.0024,0.0054,,,,,,,
25.7906,10,3,9.9388,35.7288,converged,3878.82,73830.74,2.0509,0.00,0.0000,0.0022,0.0022,,,,,,,
37.8035,9,3,9.1131,46.9162,converged,3878.82,73830.74,2.0509,0.00,0.0000,0.0034,0.0028,,,,,,,
51.0121,7,3,13.6623,64.6743,converged,3878.82,73830.74,2.0509,0.00,0.0000,0.0029,0.0053,,,,,,,
25.3039,10,3,10.0275,35.3305,converged,3878.82,73830.74,2.0509,0.00,0.0000,0.0027,0.0038,,,,,,,
29.5129,10,3,9.8193,39.3314,converged,3878.82,73830.74,2.0509,0.00,0.0000,0.0023,0.0034,,,,,,,
24.1939,10,3,9.0528,33.2458,converged,3878.82,73830.74,2.0509,0.00,0.0000,0.0027,0.0043,,,,,,,
21.5545,10,3,9.5715,31.1256,converged,3878.82,73830.74,2.0509,0.00,0.0000,0.0023,0.0027,,,,,,,
25.7680,10,3,8.8289,34.5970,converged,3878.82,73830.74,2.0509,0.00,0.0000,0.0027,0.0023,,,,,,,
46.1147,7,3,9.3526,55.4666,converged,3878.82,73830.74,2.0509,0.00,0.0000,0.0030,0.0071,,,,,,,
34.9171,9,3,9.5624,44.4794,converged,3878.82,73830.74,2.0509,0.00,0.0000,0.0047,0.0038,,,,,,,
30.8444,10,3,10.4793,41.3233,converged,3878.82,73830.74,2.0509,0.00,0.0000,0.0024,0.0023,,,,,,,
26.1464,10,3,10.2414,36.3875,converged,3878.82,73830.74,2.0509,0.00,0.0000,0.0028,0.0019,,,,,,,
47.9236,7,3,9.2304,57.1535,converged,3878.82,73830.74,2.0509,0.00,0.0000,0.0029,0.0096,,,,,,,
50.5611,7,3,9.7641,60.3251,converged,3878.82,73830.74,2.0509,0.00,0.0000,0.0039,0.0077,,,,,,,
51.1902,7,3,13.1771,64.3671,converged,3878.82,73830.74,2.0509,0.00,0.0000,0.0032,0.0060,,,,,,,
40.3990,8,3,8.8593,49.2573,converged,3878.82,73830.74,2.0509,0.00,0.0000,0.0040,0.0043,,,,,,,
49.8365,7,3,9.5795,59.4155,converged,3878.82,73830.74,2.0509,0.00,0.0000,0.0033,0.0091,,,,,,,
57.3764,6,3,9.5241,66.9002,converged,3878.82,73830.74,2.0509,0.00,0.0000,0.0029,0.0067,,,,,,,
38.4345,9,3,9.5330,47.9670,converged,3878.82,73830.74,2.0509,0.00,0.0000,0.0030,0.0043,,,,,,,
30.6846,10,3,9.2095,39.8935,converged,3878.82,73830.74,2.0509,0.00,0.0000,0.0031,0.0026,,,,,,,
41.2252,8,3,12.5348,53.7598,converged,3878.82,73830.74,2.0509,0.00,0.0000,0.0037,0.0045,,,,,,,
40.5390,8,3,9.8815,50.4205,converged,3878.82,73830.74,2.0509,0.00,0.0000,0.0032,0.0042,,,,,,,
37.6897,9,3,10.0585,47.7475,converged,3878.82,73830.74,2.0509,0.00,0.0000,0.0030,0.0033,,,,,,,
31.4059,10,3,10.6346,42.0396,converged,3878.82,73830.74,2.0509,0.00,0.0000,0.0028,0.0029,,,,,,,
54.4094,6,3,9.9434,64.3524,converged,3878.82,73830.74,2.0509,0.00,0.0000,0.0028,0.0090,,,,,,,
46.3751,7,3,10.1502,56.5253,converged,3878.82,73830.74,2.0509,0.00,0.0000,0.0033,0.0044,,,,,,,
44.2709,8,3,9.3940,53.6640,converged,3878.82,73830.74,2.0509,0.00,0.0000,0.0033,0.0026,,,,,,,
34.6714,9,3,9.2166,43.8877,converged,3878.82,73830.74,2.0509,0.00,0.0000,0.0032,0.0028,,,,,,,
52.7190,6,3,10.2572,62.9762,converged,3878.82,73830.74,2.0509,0.00,0.0000,0.0028,0.0117,,,,,,,
25.0056,10,3,9.8391,34.8441,converged,3878.82,73830.74,2.0509,0.00,0.0000,0.0035,0.0026,,,,,,,
50.6054,7,3,9.2228,59.8279,converged,3878.82,73830.74,2.0509,0.00,0.0000,0.0028,0.0071,,,,,,,
45.6207,8,3,9.3829,55.0029,converged,3878.82,73830.74,2.0509,0.00,0.0000,0.0038,0.0034,,,,,,,
50.3423,7,3,13.4169,63.7589,converged,3878.82,73830.74,2.0509,0.00,0.0000,0.0026,0.0090,,,,,,,
58.5928,5,3,11.2619,69.8540,converged,3878.82,73830.74,2.0509,0.00,0.0000,0.0035,0.0218,,,,,,,
58.5597,5,3,8.8094,67.3684,converged,3878.82,73830.74,2.0509,0.00,0.0000,0.0037,0.0112,,,,,,,
24.3497,10,3,8.7861,33.1351,converged,3878.82,73830.74,2.0509,0.00,0.0000,0.0031,0.0022,,,,,,,
42.1327,8,3,10.7581,52.8901,converged,3878.82,73830.74,2.0509,0.00,0.0000,0.0039,0.0048,,,,,,,
35.6174,9,3,9.5461,45.1631,converged,3878.82,73830.74,2.0509,0.00,0.0000,0.0036,0.0030,,,,,,,
37.5054,9,3,9.0508,46.5558,converged,3878.82,73830.74,2.0509,0.00,0.0000,0.0040,0.0035,,,,,,,
51.2112,7,3,10.9261,62.1372,converged,3878.82,73830.74,2.0509,0.00,0.0000,0.0034,0.0052,,,,,,,
38.1659,9,3,9.3126,47.4776,converged,3878.82,73830.74,2.0509,0.00,0.0000,0.0033,0.0032,,,,,,,
37.4366,9,3,10.7640,48.2001,converged,3878.82,73830.74,2.0509,0.00,0.0000,0.0034,0.0037,,,,,,,
28.3402,10,3,10.2910,38.6311,converged,3878.82,73830.74,2.0509,0.00,0.0000,0.0040,0.0024,,,,,,,
25.8995,10,3,10.0241,35.9231,converged,3878.82,73830.74,2.0509,0.00,0.0000,0.0028,0.0034,,,,,,,
42.6930,8,3,9.1721,51.8651,converged,3878.82,73830.74,2.0509,0.00,0.0000,0.0036,0.0039,,,,,,,
55.4999,6,3,9.2188,64.7178,converged,3878.82,73830.74,2.0509,0.00,0.0000,0.0029,0.0075,,,,,,,
48.5687,7,3,11.7146,60.2827,converged,3878.82,73830.74,2.0509,0.00,0.0000,0.0035,0.0060,,,,,,,
47.6800,7,3,9.1421,56.8211,converged,3878.82,73830.74,2.0509,0.00,0.0000,0.0030,0.0070,,,,,,,
25.6380,10,3,8.9369,34.5739,converged,3878.82,73830.74,2.0509,0.00,0.0000,0.0036,0.0032,,,,,,,
45.2179,8,3,8.9562,54.1732,converged,3878.82,73830.74,2.0509,0.00,0.0000,0.0039,0.0024,,,,,,,
38.8492,9,3,9.0673,47.9163,converged,3878.82,73830.74,2.0509,0.00,0.0000,0.0039,0.0037,,,,,,,
59.8154,5,3,8.6804,68.4954,converged,3878.82,73830.74,2.0509,0.00,0.0000,0.0046,0.0197,,,,,,,
43.6139,8,3,9.6124,53.2254,converged,3878.82,73830.74,2.0509,0.00,0.0000,0.0033,0.0044,,,,,,,
33.8854,10,3,9.3380,43.2231,converged,3878.82,73830.74,2.0509,0.00,0.0000,0.0024,0.0025,,,,,,,
52.6454,6,3,10.0090,62.6540,converged,3878.82,73830.74,2.0509,0.00,0.0000,0.0031,0.0127,,,,,,,
24.6659,10,3,9.2957,33.9608,converged,3878.82,73830.74,2.0509,0.00,0.0000,0.0023,0.0043,,,,,,,
41.6107,8,3,10.0344,51.6444,converged,3878.82,73830.74,2.0509,0.00,0.0000,0.0048,0.0041,,,,,,,
44.7327,8,3,10.3087,55.0407,converged,3878.82,73830.74,2.0509,0.00,0.0000,0.0027,0.0044,,,,,,,
52.8555,6,3,9.1502,62.0052,converged,3878.82,73830.74,2.0509,0.00,0.0000,0.0030,0.0133,,,,,,,
51.5041,7,3,9.6071,61.1112,converged,3878.82,73830.74,2.0509,0.00,0.0000,0.0033,0.0079,,,,,,,
51.4132,7,3,9.9773,61.3903,converged,3878.82,73830.74,2.0509,0.00,0.0000,0.0026,0.0072,,,,,,,
26.8632,10,3,9.1721,36.0351,converged,3878.82,73830.74,2.0509,0.00,0.0000,0.0033,0.0029,,,,,,,
55.2327,6,3,8.9292,64.1612,converged,3878.82,73830.74,2.0509,0.00,0.0000,0.0053,0.0083,,,,,,,
43.1373,8,3,11.1629,54.2999,converged,3878.82,73830.74,2.0509,0.00,0.0000,0.0042,0.0023,,,,,,,
51.5235,7,3,10.3302,61.8532,converged,3878.82,73830.74,2.0509,0.00,0.0000,0.0038,0.0069,,,,,,,
39.5115,9,3,9.4319,48.9429,converged,3878.82,73830.74,2.0509,0.00,0.0000,0.0041,0.0031,,,,,,,
52.6803,6,3,9.6532,62.3333,converged,3878.82,73830.74,2.0509,0.00,0.0000,0.0035,0.0133,,,,,,,
28.4045,10,3,9.1226,37.5266,converged,3878.82,73830.74,2.0509,0.00,0.0000,0.0037,0.0026,,,,,,,
27.4590,10,3,9.0981,36.5561,converged,3878.82,73830.74,2.0509,0.00,0.0000,0.0036,0.0028,,,,,,,
21.5622,10,3,12.4227,33.9847,converged,3878.82,73830.74,2.0509,0.00,0.0000,0.0034,0.0027,,,,,,,
30.7425,10,3,9.4575,40.1995,converged,3878.82,73830.74,2.0509,0.00,0.0000,0.0030,0.0029,,,,,,,
48.5003,7,3,9.3559,57.8559,converged,3878.82,73830.74,2.0509,0.00,0.0000,0.0024,0.0018,,,,,,,
20.2985,10,3,9.1348,29.4328,converged,3878.82,73830.74,2.0509,0.00,0.0000,0.0025,0.0020,,,,,,,
33.5497,10,3,8.9677,42.5167,converged,3878.82,73830.74,2.0509,0.00,0.0000,0.0031,0.0026,,,,,,,
34.9661,9,3,9.4883,44.4544,converged,3878.82,73830.74,2.0509,0.00,0.0000,0.0028,0.0038,,,,,,,
26.9891,10,3,8.9995,35.9885,converged,3878.82,73830.74,2.0509,0.00,0.0000,0.0025,0.0030,,,,,,,
32.6395,10,3,8.9286,41.5676,converged,3878.82,73830.74,2.0509,0.00,0.0000,0.0042,0.0021,,,,,,,
36.9787,9,3,8.8300,45.8081,converged,3878.82,73830.74,2.0509,0.00,0.0000,0.0031,0.0026,,,,,,,
35.5790,9,3,9.9160,45.4950,converged,3878.82,73830.74,2.0509,0.00,0.0000,0.0038,0.0036,,,,,,,
45.8905,8,3,8.9635,54.8536,converged,3878.82,73830.74,2.0509,0.00,0.0000,0.0024,0.0048,,,,,,,
56.6422,6,3,9.4158,66.0578,converged,3878.82,73830.74,2.0509,0.00,0.0000,0.0034,0.0134,,,,,,,
40.1392,8,3,9.0652,49.2042,converged,3878.82,73830.74,2.0509,0.00,0.0000,0.0030,0.0052,,,,,,,
34.0168,9,3,8.7952,42.8113,converged,3878.82,73830.74,2.0509,0.00,0.0000,0.0030,0.0042,,,,,,,
59.7046,5,3,8.9376,68.6417,converged,3878.82,73830.74,2.0509,0.00,0.0000,0.0061,0.0245,,,,,,,
58.2087,5,3,9.5446,67.7527,converged,3878.82,73830.74,2.0509,0.00,0.0000,0.0041,0.0214,,,,,,,
22.7639,10,3,13.3603,36.1233,converged,3878.82,73830.74,2.0509,0.00,0.0000,0.0035,0.0020,,,,,,,
40.6955,8,3,8.8542,49.5492,converged,3878.82,73830.74,2.0509,0.00,0.0000,0.0029,0.0055,,,,,,,
54.1018,6,3,8.7603,62.8613,converged,3878.82,73830.74,2.0509,0.00,0.0000,0.0035,0.0094,,,,,,,
45.6566,8,3,9.1284,54.7844,converged,3878.82,73830.74,2.0509,0.00,0.0000,0.0031,0.0051,,,,,,,
21.5970,10,3,9.0036,30.6007,converged,3878.82,73830.74,2.0509,0.00,0.0000,0.0031,0.0025,,,,,,,
38.3294,9,3,9.0476,47.3766,converged,3878.82,73830.74,2.0509,0.00,0.0000,0.0041,0.0034,,,,,,,
21.2977,10,3,9.9491,31.2461,converged,3878.82,73830.74,2.0509,0.00,0.0000,0.0031,0.0021,,,,,,,
23.9503,10,3,8.9129,32.8629,converged,3878.82,73830.74,2.0509,0.00,0.0000,0.0036,0.0027,,,,,,,
57.7060,6,3,9.3095,67.0155,converged,3878.82,73830.74,2.0509,0.00,0.0000,0.0029,0.0068,,,,,,,
48.3567,7,3,9.7805,58.1365,converged,3878.82,73830.74,2.0509,0.00,0.0000,0.0026,0.0077,,,,,,,
32.7713,10,3,9.6320,42.4030,converged,3878.82,73830.74,2.0509,0.00,0.0000,0.0026,0.0025,,,,,,,
47.3228,7,3,9.2907,56.6128,converged,3878.82,73830.74,2.0509,0.00,0.0000,0.0027,0.0066,,,,,,,
21.5763,10,3,8.7579,30.3339,converged,3878.82,73830.74,2.0509,0.00,0.0000,0.0020,0.0027,,,,,,,
38.0780,9,3,10.0640,48.1421,converged,3878.82,73830.74,2.0509,0.00,0.0000,0.0033,0.0039,,,,,,,
41.2178,8,3,8.9437,50.1607,converged,3878.82,73830.74,2.0509,0.00,0.0000,0.0033,0.0056,,,,,,,
46.8144,7,3,16.8040,63.6180,converged,3878.82,73830.74,2.0509,0.00,0.0000,0.0039,0.0044,,,,,,,
41.8452,8,3,9.7147,51.5597,converged,3878.82,73830.74,2.0509,0.00,0.0000,0.0028,0.0047,,,,,,,
30.5348,10,3,9.0915,39.6255,converged,3878.82,73830.74,2.0509,0.00,0.0000,0.0033,0.0026,,,,,,,
29.0601,10,3,9.5726,38.6327,converged,3878.82,73830.74,2.0509,0.00,0.0000,0.0031,0.0022,,,,,,,
55.4093,6,3,9.1485,64.5575,converged,3878.82,73830.74,2.0509,0.00,0.0000,0.0028,0.0099,,,,,,,
44.7654,8,3,9.1937,53.9587,converged,3878.82,73830.74,2.0509,0.00,0.0000,0.0028,0.0040,,,,,,,
23.5802,10,3,10.0037,33.5838,converged,3878.82,73830.74,2.0509,0.00,0.0000,0.0035,0.0024,,,,,,,
42.5329,8,3,9.4013,51.9334,converged,3878.82,73830.74,2.0509,0.00,0.0000,0.0031,0.0032,,,,,,,
56.4512,6,3,11.6010,68.0520,converged,3878.82,73830.74,2.0509,0.00,0.0000,0.0042,0.0094,,,,,,,
49.0478,7,3,9.4648,58.5118,converged,3878.82,73830.74,2.0509,0.00,0.0000,0.0036,0.0064,,,,,,,
34.7426,9,3,9.6906,44.4327,converged,3878.82,73830.74,2.0509,0.00,0.0000,0.0035,0.0037,,,,,,,
26.5712,10,3,10.3066,36.8777,converged,3878.82,73830.74,2.0509,0.00,0.0000,0.0037,0.0018,,,,,,,
30.3139,10,3,10.0560,40.3690,converged,3878.82,73830.74,2.0509,0.00,0.0000,0.0027,0.0031,,,,,,,
30.4941,10,3,9.3842,39.8782,converged,3878.82,73830.74,2.0509,0.00,0.0000,0.0038,0.0026,,,,,,,
21.7117,10,3,8.9543,30.6654,converged,3878.82,73830.74,2.0509,0.00,0.0000,0.0025,0.0033,,,,,,,
56.4162,6,3,9.0235,65.4395,converged,3878.82,73830.74,2.0509,0.00,0.0000,0.0048,0.0094,,,,,,,
54.3041,6,3,9.6064,63.9104,converged,3878.82,73830.74,2.0509,0.00,0.0000,0.0051,0.0038,,,,,,,
35.4415,9,3,9.2988,44.7399,converged,3878.82,73830.74,2.0509,0.00,0.0000,0.0024,0.0033,,,,,,,
52.2583,6,3,9.5733,61.8313,converged,3878.82,73830.74,2.0509,0.00,0.0000,0.0034,0.0123,,,,,,,
49.8147,7,3,9.7127,59.5267,converged,3878.82,73830.74,2.0509,0.00,0.0000,0.0030,0.0053,,,,,,,
21.1069,10,3,9.7032,30.8093,converged,3878.82,73830.74,2.0509,0.00,0.0000,0.0032,0.0016,,,,,,,
20.3560,10,3,9.2060,29.5620,converged,3878.82,73830.74,2.0509,0.00,0.0000,0.0052,0.0027,,,,,,,
46.6032,7,3,10.8054,57.4084,converged,3878.82,73830.74,2.0509,0.00,0.0000,0.0031,0.0072,,,,,,,
54.6126,6,3,10.1039,64.7160,converged,3878.82,73830.74,2.0509,0.00,0.0000,0.0034,0.0108,,,,,,,
45.3780,8,3,9.4548,54.8318,converged,3878.82,73830.74,2.0509,0.00,0.0000,0.0031,0.0045,,,,,,,
25.7716,10,3,9.4585,35.2295,converged,3878.82,73830.74,2.0509,0.00,0.0000,0.0032,0.0020,,,,,,,
39.3708,9,3,9.2567,48.6268,converged,3878.82,73830.74,2.0509,0.00,0.0000,0.0036,0.0035,,,,,,,
45.4589,8,3,9.2834,54.7415,converged,3878.82,73830.74,2.0509,0.00,0.0000,0.0043,0.0043,,,,,,,
55.4549,6,3,9.8872,65.3413,converged,3878.82,73830.74,2.0509,0.00,0.0000,0.0032,0.0078,,,,,,,
48.3333,7,3,9.1779,57.5110,converged,3878.82,73830.74,2.0509,0.00,0.0000,0.0034,0.0056,,,,,,,
46.6190,7,3,9.1454,55.7645,converged,3878.82,73830.74,2.0509,0.00,0.0000,0.0022,0.0078,,,,,,,
57.5138,6,3,9.1942,66.7073,converged,3878.82,73830.74,2.0509,0.00,0.0000,0.0034,0.0083,,,,,,,
20.1791,10,3,13.4420,33.6210,converged,3878.82,73830.74,2.0509,0.00,0.0000,0.0034,0.0013,,,,,,,
28.0625,10,3,12.4080,40.4701,converged,3878.82,73830.74,2.0509,0.00,0.0000,0.0034,0.0024,,,,,,,
29.2641,10,3,9.7338,38.9978,converged,3878.82,73830.74,2.0509,0.00,0.0000,0.0030,0.0022,,,,,,,
50.9665,7,3,9.7237,60.6898,converged,3878.82,73830.74,2.0509,0.00,0.0000,0.0029,0.0061,,,,,,,
31.4868,10,3,9.3587,40.8448,converged,3878.82,73830.74,2.0509,0.00,0.0000,0.0036,0.0022,,,,,,,
21.6249,10,3,10.5190,32.1431,converged,3878.82,73830.74,2.0509,0.00,0.0000,0.0029,0.0027,,,,,,,
47.4472,7,3,9.1081,56.5551,converged,3878.82,73830.74,2.0509,0.00,0.0000,0.0031,0.0066,,,,,,,
42.0860,8,3,9.2308,51.3168,converged,3878.82,73830.74,2.0509,0.00,0.0000,0.0039,0.0047,,,,,,,
59.6853,5,3,9.3692,69.0542,converged,3878.82,73830.74,2.0509,0.00,0.0000,0.0040,0.0195,,,,,,,
23.1116,10,3,8.6643,31.7753,converged,3878.82,73830.74,2.0509,0.00,0.0000,0.0028,0.0028,,,,,,,
31.7261,10,3,13.2040,44.9300,converged,3878.82,73830.74,2.0509,0.00,0.0000,0.0035,0.0020,,,,,,,
28.7894,10,3,9.8450,38.6341,converged,3878.82,73830.74,2.0509,0.00,0.0000,0.0030,0.0029,,,,,,,
43.6013,8,3,8.6824,52.2834,converged,3878.82,73830.74,2.0509,0.00,0.0000,0.0033,0.0062,,,,,,,
43.7132,8,3,9.0830,52.7961,converged,3878.82,73830.74,2.0509,0.00,0.0000,0.0043,0.0036,,,,,,,
44.0460,8,3,9.1277,53.1728,converged,3878.82,73830.74,2.0509,0.00,0.0000,0.0039,0.0021,,,,,,,
59.6793,5,3,9.5965,69.2756,converged,3878.82,73830.74,2.0509,0.00,0.0000,0.0042,0.0215,,,,,,,
33.9778,10,3,8.9496,42.9267,converged,3878.82,73830.74,2.0509,0.00,0.0000,0.0026,0.0031,,,,,,,
22.5895,10,3,9.1835,31.7725,converged,3878.82,73830.74,2.0509,0.00,0.0000,0.0029,0.0017,,,,,,,
29.2594,10,3,10.0775,39.3365,converged,3878.82,73830.74,2.0509,0.00,0.0000,0.0026,0.0023,,,,,,,
47.5106,7,3,10.4782,57.9882,converged,3878.82,73830.74,2.0509,0.00,0.0000,0.0041,0.0030,,,,,,,
42.8972,8,3,8.9678,51.8648,converged,3878.82,73830.74,2.0509,0.00,0.0000,0.0036,0.0042,,,,,,,
24.2307,10,3,9.8400,34.0700,converged,3878.82,73830.74,2.0509,0.00,0.0000,0.0028,0.0028,,,,,,,
48.1370,7,3,8.9147,57.0517,converged,3878.82,73830.74,2.0509,0.00,0.0000,0.0053,0.0020,,,,,,,
34.7954,9,3,9.4663,44.2613,converged,3878.82,73830.74,2.0509,0.00,0.0000,0.0029,0.0047,,,,,,,
43.2985,8,3,11.3833,54.6814,converged,3878.82,73830.74,2.0509,0.00,0.0000,0.0028,0.0045,,,,,,,
52.7310,6,3,10.8891,63.6191,converged,3878.82,73830.74,2.0509,0.00,0.0000,0.0037,0.0144,,,,,,,
43.9718,8,3,9.0898,53.0608,converged,3878.82,73830.74,2.0509,0.00,0.0000,0.0047,0.0040,,,,,,,
54.1582,6,3,9.4312,63.5892,converged,3878.82,73830.74,2.0509,0.00,0.0000,0.0024,0.0139,,,,,,,
53.6791,6,3,9.1174,62.7964,converged,3878.82,73830.74,2.0509,0.00,0.0000,0.0038,0.0105,,,,,,,
50.7264,7,3,13.8271,64.5531,converged,3878.82,73830.74,2.0509,0.00,0.0000,0.0036,0.0064,,,,,,,
42.0044,8,3,9.3746,51.3787,converged,3878.82,73830.74,2.0509,0.00,0.0000,0.0040,0.0039,,,,,,,
44.9089,8,3,9.3602,54.2683,converged,3878.82,73830.74,2.0509,0.00,0.0000,0.0036,0.0044,,,,,,,
38.6792,9,3,8.9897,47.6688,converged,3878.82,73830.74,2.0509,0.00,0.0000,0.0034,0.0031,,,,,,,
49.5041,7,3,9.3107,58.8147,converged,3878.82,73830.74,2.0509,0.00,0.0000,0.0031,0.0093,,,,,,,
53.3693,6,3,13.8926,67.2616,converged,3878.82,73830.74,2.0509,0.00,0.0000,0.0042,0.0157,,,,,,,
25.8942,10,3,9.5445,35.4385,converged,3878.82,73830.74,2.0509,0.00,0.0000,0.0028,0.0029,,,,,,,
32.3875,10,3,12.9764,45.3634,converged,3878.82,73830.74,2.0509,0.00,0.0000,0.0025,0.0027,,,,,,,
24.7133,10,3,12.1855,36.8985,converged,3878.82,73830.74,2.0509,0.00,0.0000,0.0027,0.0033,,,,,,,
58.2762,5,3,9.2184,67.4944,converged,3878.82,73830.74,2.0509,0.00,0.0000,0.0031,0.0240,,,,,,,
48.8930,7,3,9.6012,58.4943,converged,3878.82,73830.74,2.0509,0.00,0.0000,0.0035,0.0063,,,,,,,
56.6572,6,3,9.1680,65.8250,converged,3878.82,73830.74,2.0509,0.00,0.0000,0.0033,0.0080,,,,,,,
58.9318,5,3,8.8572,67.7882,converged,3878.82,73830.74,2.0509,0.00,0.0000,0.0034,0.0200,,,,,,,
51.0432,7,3,9.2821,60.3251,converged,3878.82,73830.74,2.0509,0.00,0.0000,0.0035,0.0053,,,,,,,
57.9297,6,3,10.0060,67.9351,converged,3878.82,73830.74,2.0509,0.00,0.0000,0.0028,0.0171,,,,,,,
56.9231,6,3,9.4645,66.3876,converged,3878.82,73830.74,2.0509,0.00,0.0000,0.0034,0.0139,,,,,,,
26.9432,10,3,9.0009,35.9439,converged,3878.82,73830.74,2.0509,0.00,0.0000,0.0049,0.0023,,,,,,,
20.7878,10,3,9.5659,30.3529,converged,3878.82,73830.74,2.0509,0.00,0.0000,0.0031,0.0025,,,,,,,
48.8008,7,3,9.6185,58.4186,converged,3878.82,73830.74,2.0509,0.00,0.0000,0.0046,0.0037,,,,,,,
23.8293,10,3,10.1574,33.9864,converged,3878.82,73830.74,2.0509,0.00,0.0000,0.0032,0.0031,,,,,,,
34.9313,9,3,9.7704,44.7014,converged,3878.82,73830.74,2.0509,0.00,0.0000,0.0024,0.0047,,,,,,,
43.3738,8,3,10.5645,53.9376,converged,3878.82,73830.74,2.0509,0.00,0.0000,0.0028,0.0057,,,,,,,
40.1788,8,3,9.2928,49.4709,converged,3878.82,73830.74,2.0509,0.00,0.0000,0.0030,0.0049,,,,,,,
55.2978,6,3,10.4784,65.7754,converged,3878.82,73830.74,2.0509,0.00,0.0000,0.0087,0.0037,,,,,,,
44.0333,8,3,9.5345,53.5676,converged,3878.82,73830.74,2.0509,0.00,0.0000,0.0023,0.0058,,,,,,,
28.4721,10,3,9.4601,37.9321,converged,3878.82,73830.74,2.0509,0.00,0.0000,0.0030,0.0025,,,,,,,
28.9091,10,3,10.2419,39.1510,converged,3878.82,73830.74,2.0509,0.00,0.0000,0.0033,0.0016,,,,,,,
50.2940,7,3,8.7589,59.0529,converged,3878.82,73830.74,2.0509,0.00,0.0000,0.0047,0.0083,,,,,,,
27.5993,10,3,11.8256,39.4247,converged,3878.82,73830.74,2.0509,0.00,0.0000,0.0028,0.0027,,,,,,,
24.1717,10,3,12.9404,37.1114,converged,3878.82,73830.74,2.0509,0.00,0.0000,0.0030,0.0028,,,,,,,
39.5095,9,3,9.0123,48.5213,converged,3878.82,73830.74,2.0509,0.00,0.0000,0.0028,0.0049,,,,,,,
41.3400,8,3,9.1410,50.4800,converged,3878.82,73830.74,2.0509,0.00,0.0000,0.0036,0.0052,,,,,,,
31.5480,10,3,9.5017,41.0497,converged,3878.82,73830.74,2.0509,0.00,0.0000,0.0029,0.0028,,,,,,,
42.7491,8,3,9.7320,52.4810,converged,3878.82,73830.74,2.0509,0.00,0.0000,0.0023,0.0051,,,,,,,
41.1079,8,3,10.3196,51.4266,converged,3878.82,73830.74,2.0509,0.00,0.0000,0.0031,0.0043,,,,,,,
51.0995,7,3,11.1971,62.2962,converged,3878.82,73830.74,2.0509,0.00,0.0000,0.0028,0.0051,,,,,,,
55.8571,6,3,9.1163,64.9733,converged,3878.82,73830.74,2.0509,0.00,0.0000,0.0049,0.0088,,,,,,,
42.8214,8,3,9.4550,52.2761,converged,3878.82,73830.74,2.0509,0.00,0.0000,0.0022,0.0058,,,,,,,
45.7688,8,3,9.2170,54.9851,converged,3878.82,73830.74,2.0509,0.00,0.0000,0.0042,0.0029,,,,,,,
52.1361,6,3,9.0370,61.1730,converged,3878.82,73830.74,2.0509,0.00,0.0000,0.0031,0.0105,,,,,,,
50.4645,7,3,9.4576,59.9216,converged,3878.82,73830.74,2.0509,0.00,0.0000,0.0036,0.0067,,,,,,,
53.5365,6,3,10.0156,63.5516,converged,3878.82,73830.74,2.0509,0.00,0.0000,0.0034,0.0187,,,,,,,
53.1886,6,3,9.8323,63.0203,converged,3878.82,73830.74,2.0509,0.00,0.0000,0.0029,0.0104,,,,,,,
25.9113,10,3,10.2616,36.1726,converged,3878.82,73830.74,2.0509,0.00,0.0000,0.0030,0.0028,,,,,,,
53.5759,6,3,9.0164,62.5914,converged,3878.82,73830.74,2.0509,0.00,0.0000,0.0039,0.0124,,,,,,,
27.0862,10,3,9.0150,36.1010,converged,3878.82,73830.74,2.0509,0.00,0.0000,0.0040,0.0023,,,,,,,
46.2888,7,3,9.5668,55.8548,converged,3878.82,73830.74,2.0509,0.00,0.0000,0.0028,0.0092,,,,,,,
59.8574,5,3,9.5261,69.3832,converged,3878.82,73830.74,2.0509,0.00,0.0000,0.0032,0.0137,,,,,,,
46.7162,7,3,8.9552,55.6712,converged,3878.82,73830.74,2.0509,0.00,0.0000,0.0037,0.0080,,,,,,,
53.1919,6,3,13.4054,66.5964,converged,3878.82,73830.74,2.0509,0.00,0.0000,0.0049,0.0086,,,,,,,
44.0222,8,3,13.5007,57.5227,converged,3878.82,73830.74,2.0509,0.00,0.0000,0.0034,0.0039,,,,,,,
31.3371,10,3,9.4773,40.8143,converged,3878.82,73830.74,2.0509,0.00,0.0000,0.0030,0.0028,,,,,,,
21.1058,10,3,10.0660,31.1710,converged,3878.82,73830.74,2.0509,0.00,0.0000,0.0027,0.0022,,,,,,,
55.2127,6,3,9.0365,64.2485,converged,3878.82,73830.74,2.0509,0.00,0.0000,0.0040,0.0048,,,,,,,
30.4128,10,3,9.1653,39.5773,converged,3878.82,73830.74,2.0509,0.00,0.0000,0.0030,0.0027,,,,,,,
27.2717,10,3,10.6452,37.9162,converged,3878.82,73830.74,2.0509,0.00,0.0000,0.0031,0.0027,,,,,,,
51.0217,7,3,8.9197,59.9407,converged,3878.82,73830.74,2.0509,0.00,0.0000,0.0044,0.0025,,,,,,,
30.0047,10,3,9.7930,39.7971,converged,3878.82,73830.74,2.0509,0.00,0.0000,0.0026,0.0031,,,,,,,
27.7745,10,3,9.9870,37.7611,converged,3878.82,73830.74,2.0509,0.00,0.0000,0.0033,0.0024,,,,,,,
43.4846,8,3,9.1104,52.5944,converged,3878.82,73830.74,2.0509,0.00,0.0000,0.0032,0.0055,,,,,,,
45.7514,8,3,12.8499,58.6009,converged,3878.82,73830.74,2.0509,0.00,0.0000,0.0026,0.0054,,,,,,,
38.7183,9,3,9.5298,48.2478,converged,3878.82,73830.74,2.0509,0.00,0.0000,0.0043,0.0033,,,,,,,
47.0593,7,3,9.4376,56.4967,converged,3878.82,73830.74,2.0509,0.00,0.0000,0.0032,0.0043,,,,,,,
43.0987,8,3,8.7830,51.8810,converged,3878.82,73830.74,2.0509,0.00,0.0000,0.0036,0.0044,,,,,,,
37.9731,9,3,10.0286,48.0016,converged,3878.82,73830.74,2.0509,0.00,0.0000,0.0035,0.0023,,,,,,,
53.5307,6,3,9.2042,62.7343,converged,3878.82,73830.74,2.0509,0.00,0.0000,0.0047,0.0047,,,,,,,
55.9880,6,3,9.6858,65.6738,converged,3878.82,73830.74,2.0509,0.00,0.0000,0.0033,0.0094,,,,,,,
33.5912,10,3,9.4176,43.0086,converged,3878.82,73830.74,2.0509,0.00,0.0000,0.0037,0.0032,,,,,,,
49.9008,7,3,9.5500,59.4501,converged,3878.82,73830.74,2.0509,0.00,0.0000,0.0025,0.0086,,,,,,,
46.8028,7,3,9.0596,55.8616,converged,3878.82,73830.74,2.0509,0.00,0.0000,0.0034,0.0063,,,,,,,
33.2585,10,3,8.9535,42.2115,converged,3878.82,73830.74,2.0509,0.00,0.0000,0.0028,0.0027,,,,,,,
40.9811,8,3,8.8640,49.8450,converged,3878.82,73830.74,2.0509,0.00,0.0000,0.0028,0.0047,,,,,,,
20.1448,10,3,8.9015,29.0455,converged,3878.82,73830.74,2.0509,0.00,0.0000,0.0024,0.0026,,,,,,,
28.2710,10,3,9.1631,37.4341,converged,3878.82,73830.74,2.0509,0.00,0.0000,0.0023,0.0030,,,,,,,
24.4569,10,3,9.3151,33.7711,converged,3878.82,73830.74,2.0509,0.00,0.0000,0.0037,0.0029,,,,,,,
21.5550,10,3,9.9361,31.4912,converged,3878.82,73830.74,2.0509,0.00,0.0000,0.0030,0.0019,,,,,,,
47.8288,7,3,8.8548,56.6828,converged,3878.82,73830.74,2.0509,0.00,0.0000,0.0033,0.0068,,,,,,,
20.3685,10,3,9.7834,30.1515,converged,3878.82,73830.74,2.0509,0.00,0.0000,0.0029,0.0027,,,,,,,
23.8238,10,3,8.8731,32.6961,converged,3878.82,73830.74,2.0509,0.00,0.0000,0.0037,0.0025,,,,,,,
40.9924,8,3,8.8241,49.8161,converged,3878.82,73830.74,2.0509,0.00,0.0000,0.0037,0.0038,,,,,,,
56.8235,6,3,8.7494,65.5724,converged,3878.82,73830.74,2.0509,0.00,0.0000,0.0034,0.0111,,,,,,,
56.7515,6,3,9.1871,65.9381,converged,3878.82,73830.74,2.0509,0.00,0.0000,0.0034,0.0113,,,,,,,
32.0792,10,3,9.1480,41.2271,converged,3878.82,73830.74,2.0509,0.00,0.0000,0.0040,0.0029,,,,,,,
59.8264,5,3,9.6828,69.5088,converged,3878.82,73830.74,2.0509,0.00,0.0000,0.0040,0.0209,,,,,,,
31.7611,10,3,9.5333,41.2943,converged,3878.82,73830.74,2.0509,0.00,0.0000,0.0034,0.0023,,,,,,,
56.5945,6,3,9.8935,66.4875,converged,3878.82,73830.74,2.0509,0.00,0.0000,0.0026,0.0138,,,,,,,
54.0580,6,3,8.8151,62.8721,converged,3878.82,73830.74,2.0509,0.00,0.0000,0.0038,0.0145,,,,,,,
39.5509,9,3,9.0286,48.5786,converged,3878.82,73830.74,2.0509,0.00,0.0000,0.0032,0.0038,,,,,,,
43.4262,8,3,8.9352,52.3612,converged,3878.82,73830.74,2.0509,0.00,0.0000,0.0042,0.0045,,,,,,,
55.8326,6,3,11.3256,67.1577,converged,3878.82,73830.74,2.0509,0.00,0.0000,0.0029,0.0103,,,,,,,
55.2263,6,3,9.6817,64.9077,converged,3878.82,73830.74,2.0509,0.00,0.0000,0.0032,0.0116,,,,,,,
52.6497,6,3,9.2635,61.9128,converged,3878.82,73830.74,2.0509,0.00,0.0000,0.0030,0.0036,,,,,,,
52.0475,6,3,8.7451,60.7922,converged,3878.82,73830.74,2.0509,0.00,0.0000,0.0029,0.0088,,,,,,,
33.0425,10,3,8.9709,42.0129,converged,3878.82,73830.74,2.0509,0.00,0.0000,0.0036,0.0027,,,,,,,
37.6042,9,3,9.3085,46.9125,converged,3878.82,73830.74,2.0509,0.00,0.0000,0.0028,0.0040,,,,,,,
48.3419,7,3,9.5298,57.8708,converged,3878.82,73830.74,2.0509,0.00,0.0000,0.0028,0.0072,,,,,,,
24.0546,10,3,9.4571,33.5111,converged,3878.82,73830.74,2.0509,0.00,0.0000,0.0033,0.0028,,,,,,,
33.2920,10,3,9.3190,42.6110,converged,3878.82,73830.74,2.0509,0.00,0.0000,0.0027,0.0033,,,,,,,
47.3364,7,3,9.4129,56.7489,converged,3878.82,73830.74,2.0509,0.00,0.0000,0.0036,0.0037,,,,,,,
37.0493,9,3,8.9660,46.0150,converged,3878.82,73830.74,2.0509,0.00,0.0000,0.0033,0.0031,,,,,,,
51.2537,7,3,9.4653,60.7184,converged,3878.82,73830.74,2.0509,0.00,0.0000,0.0027,0.0063,,,,,,,
44.5457,8,3,9.5479,54.0930,converged,3878.82,73830.74,2.0509,0.00,0.0000,0.0042,0.0016,,,,,,,
44.0481,8,3,9.9363,53.9843,converged,3878.82,73830.74,2.0509,0.00,0.0000,0.0023,0.0061,,,,,,,
32.6374,10,3,10.4218,43.0589,converged,3878.82,73830.74,2.0509,0.00,0.0000,0.0029,0.0029,,,,,,,
51.4180,7,3,9.3211,60.7392,converged,3878.82,73830.74,2.0509,0.00,0.0000,0.0036,0.0029,,,,,,,
26.4345,10,3,9.2835,35.7175,converged,3878.82,73830.74,2.0509,0.00,0.0000,0.0035,0.0030,,,,,,,
42.0748,8,3,9.0892,51.1632,converged,3878.82,73830.74,2.0509,0.00,0.0000,0.0031,0.0034,,,,,,,
52.7939,6,3,8.8392,61.6322,converged,3878.82,73830.74,2.0509,0.00,0.0000,0.0028,0.0100,,,,,,,
37.4381,9,3,9.4651,46.9032,converged,3878.82,73830.74,2.0509,0.00,0.0000,0.0028,0.0038,,,,,,,
47.7480,7,3,8.8461,56.5931,converged,3878.82,73830.74,2.0509,0.00,0.0000,0.0028,0.0079,,,,,,,
56.0982,6,3,9.6697,65.7677,converged,3878.82,73830.74,2.0509,0.00,0.0000,0.0033,0.0112,,,,,,,
47.6018,7,3,9.7334,57.3344,converged,3878.82,73830.74,2.0509,0.00,0.0000,0.0037,0.0076,,,,,,,
59.1643,5,3,9.4066,68.5706,converged,3878.82,73830.74,2.0509,0.00,0.0000,0.0044,0.0223,,,,,,,
45.9474,8,3,9.1466,55.0937,converged,3878.82,73830.74,2.0509,0.00,0.0000,0.0032,0.0042,,,,,,,
26.3144,10,3,9.2607,35.5747,converged,3878.82,73830.74,2.0509,0.00,0.0000,0.0036,0.0026,,,,,,,
53.4296,6,3,8.8131,62.2421,converged,3878.82,73830.74,2.0509,0.00,0.0000,0.0037,0.0129,,,,,,,
46.6776,7,3,9.0390,55.7160,converged,3878.82,73830.74,2.0509,0.00,0.0000,0.0028,0.0047,,,,,,,
54.7063,6,3,9.2465,63.9525,converged,3878.82,73830.74,2.0509,0.00,0.0000,0.0047,0.0065,,,,,,,
47.2000,7,3,9.3096,56.5086,converged,3878.82,73830.74,2.0509,0.00,0.0000,0.0028,0.0061,,,,,,,
39.1074,9,3,12.9544,52.0614,converged,3878.82,73830.74,2.0509,0.00,0.0000,0.0042,0.0034,,,,,,,
39.5219,9,3,9.1853,48.7063,converged,3878.82,73830.74,2.0509,0.00,0.0000,0.0038,0.0032,,,,,,,
28.5165,10,3,9.5188,38.0348,converged,3878.82,73830.74,2.0509,0.00,0.0000,0.0024,0.0022,,,,,,,
39.4738,9,3,8.9437,48.4167,converged,3878.82,73830.74,2.0509,0.00,0.0000,0.0025,0.0042,,,,,,,
20.0459,10,3,9.5966,29.6416,converged,3878.82,73830.74,2.0509,0.00,0.0000,0.0023,0.0029,,,,,,,
25.2765,10,3,8.9215,34.1975,converged,3878.82,73830.74,2.0509,0.00,0.0000,0.0030,0.0031,,,,,,,
29.2486,10,3,8.8017,38.0498,converged,3878.82,73830.74,2.0509,0.00,0.0000,0.0031,0.0018,,,,,,,
25.6849,10,3,9.1989,34.8830,converged,3878.82,73830.74,2.0509,0.00,0.0000,0.0034,0.0029,,,,,,,
28.8615,10,3,8.7223,37.5834,converged,3878.82,73830.74,2.0509,0.00,0.0000,0.0033,0.0028,,,,,,,
43.2597,8,3,9.0492,52.3082,converged,3878.82,73830.74,2.0509,0.00,0.0000,0.0032,0.0051,,,,,,,
40.5117,8,3,9.4317,49.9427,converged,3878.82,73830.74,2.0509,0.00,0.0000,0.0031,0.0053,,,,,,,
58.6565,5,3,9.5412,68.1973,converged,3878.82,73830.74,2.0509,0.00,0.0000,0.0043,0.0257,,,,,,,
47.9839,7,3,9.3468,57.3299,converged,3878.82,73830.74,2.0509,0.00,0.0000,0.0030,0.0109,,,,,,,
48.6610,7,3,9.9734,58.6334,converged,3878.82,73830.74,2.0509,0.00,0.0000,0.0036,0.0054,,,,,,,
51.7789,7,3,12.7728,64.5508,converged,3878.82,73830.74,2.0509,0.00,0.0000,0.0038,0.0050,,,,,,,
56.7779,6,3,13.0005,69.7776,converged,3878.82,73830.74,2.0509,0.00,0.0000,0.0029,0.0138,,,,,,,
55.8465,6,3,9.0933,64.9393,converged,3878.82,73830.74,2.0509,0.00,0.0000,0.0081,0.0051,,,,,,,
22.1662,10,3,9.4487,31.6147,converged,3878.82,73830.74,2.0509,0.00,0.0000,0.0030,0.0025,,,,,,,
23.6306,10,3,16.1545,39.7846,converged,3878.82,73830.74,2.0509,0.00,0.0000,0.0040,0.0022,,,,,,,
48.3091,7,3,9.8834,58.1924,converged,3878.82,73830.74,2.0509,0.00,0.0000,0.0030,0.0074,,,,,,,
20.2480,10,3,9.6567,29.9037,converged,3878.82,73830.74,2.0509,0.00,0.0000,0.0035,0.0021,,,,,,,
50.3741,7,3,9.5001,59.8742,converged,3878.82,73830.74,2.0509,0.00,0.0000,0.0031,0.0061,,,,,,,
37.6282,9,3,9.0491,46.6771,converged,3878.82,73830.74,2.0509,0.00,0.0000,0.0024,0.0021,,,,,,,
23.2422,10,3,9.4581,32.7001,converged,3878.82,73830.74,2.0509,0.00,0.0000,0.0033,0.0022,,,,,,,
52.4514,6,3,9.4045,61.8555,converged,3878.82,73830.74,2.0509,0.00,0.0000,0.0039,0.0064,,,,,,,
23.5168,10,3,9.4390,32.9550,converged,3878.82,73830.74,2.0509,0.00,0.0000,0.0027,0.0029,,,,,,,
27.8470,10,3,9.9214,37.7674,converged,3878.82,73830.74,2.0509,0.00,0.0000,0.0029,0.0023,,,,,,,
52.9700,6,3,9.0682,62.0382,converged,3878.82,73830.74,2.0509,0.00,0.0000,0.0037,0.0098,,,,,,,
30.7240,10,3,13.5176,44.2417,converged,3878.82,73830.74,2.0509,0.00,0.0000,0.0032,0.0027,,,,,,,
49.1139,7,3,8.9297,58.0427,converged,3878.82,73830.74,2.0509,0.00,0.0000,0.0036,0.0057,,,,,,,
21.0215,10,3,9.1942,30.2152,converged,3878.82,73830.74,2.0509,0.00,0.0000,0.0034,0.0023,,,,,,,
42.9963,8,3,8.9758,51.9719,converged,3878.82,73830.74,2.0509,0.00,0.0000,0.0023,0.0065,,,,,,,
54.6498,6,3,9.1159,63.7650,converged,3878.82,73830.74,2.0509,0.00,0.0000,0.0033,0.0115,,,,,,,
34.0004,9,3,8.9627,42.9627,converged,3878.82,73830.74,2.0509,0.00,0.0000,0.0034,0.0029,,,,,,,
50.1335,7,3,9.4970,59.6300,converged,3878.82,73830.74,2.0509,0.00,0.0000,0.0032,0.0095,,,,,,,
44.3918,8,3,9.0076,53.3987,converged,3878.82,73830.74,2.0509,0.00,0.0000,0.0028,0.0061,,,,,,,
43.1399,8,3,10.0891,53.2281,converged,3878.82,73830.74,2.0509,0.00,0.0000,0.0030,0.0042,,,,,,,
41.0181,8,3,9.4447,50.4628,converged,3878.82,73830.74,2.0509,0.00,0.0000,0.0034,0.0040,,,,,,,
28.8082,10,3,9.3500,38.1581,converged,3878.82,73830.74,2.0509,0.00,0.0000,0.0028,0.0027,,,,,,,
40.0771,8,3,9.3148,49.3918,converged,3878.82,73830.74,2.0509,0.00,0.0000,0.0031,0.0047,,,,,,,
52.4319,6,3,8.6253,61.0563,converged,3878.82,73830.74,2.0509,0.00,0.0000,0.0029,0.0113,,,,,,,
49.6776,7,3,8.7176,58.3947,converged,3878.82,73830.74,2.0509,0.00,0.0000,0.0037,0.0048,,,,,,,
44.7965,8,3,8.7818,53.5779,converged,3878.82,73830.74,2.0509,0.00,0.0000,0.0036,0.0037,,,,,,,
23.3187,10,3,9.1450,32.4630,converged,3878.82,73830.74,2.0509,0.00,0.0000,0.0025,0.0029,,,,,,,
59.2870,5,3,9.4770,68.7630,converged,3878.82,73830.74,2.0509,0.00,0.0000,0.0037,0.0224,,,,,,,
38.2569,9,3,9.3641,47.6201,converged,3878.82,73830.74,2.0509,0.00,0.0000,0.0036,0.0030,,,,,,,
34.8415,9,3,9.8390,44.6800,converged,3878.82,73830.74,2.0509,0.00,0.0000,0.0031,0.0025,,,,,,,
41.4245,8,3,9.6250,51.0490,converged,3878.82,73830.74,2.0509,0.00,0.0000,0.0049,0.0043,,,,,,,
29.2834,10,3,9.3527,38.6357,converged,3878.82,73830.74,2.0509,0.00,0.0000,0.0032,0.0023,,,,,,,
20.0087,10,3,8.9785,28.9865,converged,3878.82,73830.74,2.0509,0.00,0.0000,0.0028,0.0023,,,,,,,
21.3544,10,3,9.1910,30.5451,converged,3878.82,73830.74,2.0509,0.00,0.0000,0.0044,0.0028,,,,,,,
21.0120,10,3,9.4701,30.4822,converged,3878.82,73830.74,2.0509,0.00,0.0000,0.0028,0.0033,,,,,,,
41.0065,8,3,10.3686,51.3747,converged,3878.82,73830.74,2.0509,0.00,0.0000,0.0024,0.0068,,,,,,,
41.7992,8,3,8.9705,50.7695,converged,3878.82,73830.74,2.0509,0.00,0.0000,0.0040,0.0031,,,,,,,
52.0762,6,3,9.5570,61.6330,converged,3878.82,73830.74,2.0509,0.00,0.0000,0.0041,0.0075,,,,,,,
28.7225,10,3,8.9509,37.6730,converged,3878.82,73830.74,2.0509,0.00,0.0000,0.0033,0.0031,,,,,,,
32.5095,10,3,8.9008,41.4098,converged,3878.82,73830.74,2.0509,0.00,0.0000,0.0033,0.0027,,,,,,,
35.2547,9,3,9.0061,44.2602,converged,3878.82,73830.74,2.0509,0.00,0.0000,0.0033,0.0032,,,,,,,
58.5650,5,3,9.3489,67.9130,converged,3878.82,73830.74,2.0509,0.00,0.0000,0.0039,0.0212,,,,,,,
55.1752,6,3,10.3985,65.5735,converged,3878.82,73830.74,2.0509,0.00,0.0000,0.0047,0.0045,,,,,,,
29.2709,10,3,10.2585,39.5285,converged,3878.82,73830.74,2.0509,0.00,0.0000,0.0024,0.0028,,,,,,,
26.9588,10,3,9.2066,36.1647,converged,3878.82,73830.74,2.0509,0.00,0.0000,0.0037,0.0027,,,,,,,
35.3369,9,3,9.4215,44.7575,converged,3878.82,73830.74,2.0509,0.00,0.0000,0.0031,0.0040,,,,,,,
35.2231,9,3,9.2239,44.4470,converged,3878.82,73830.74,2.0509,0.00,0.0000,0.0027,0.0042,,,,,,,
43.3844,8,3,9.6461,53.0301,converged,3878.82,73830.74,2.0509,0.00,0.0000,0.0039,0.0024,,,,,,,
35.7239,9,3,9.2048,44.9278,converged,3878.82,73830.74,2.0509,0.00,0.0000,0.0024,0.0034,,,,,,,
23.2093,10,3,10.0539,33.2630,converged,3878.82,73830.74,2.0509,0.00,0.0000,0.0024,0.0036,,,,,,,
36.5656,9,3,9.1523,45.7173,converged,3878.82,73830.74,2.0509,0.00,0.0000,0.0029,0.0040,,,,,,,
34.7054,9,3,9.2155,43.9205,converged,3878.82,73830.74,2.0509,0.00,0.0000,0.0039,0.0039,,,,,,,
32.0074,10,3,10.1698,42.1768,converged,3878.82,73830.74,2.0509,0.00,0.0000,0.0030,0.0027,,,,,,,
32.1296,10,3,9.3871,41.5162,converged,3878.82,73830.74,2.0509,0.00,0.0000,0.0026,0.0028,,,,,,,
42.7907,8,3,9.3127,52.1028,converged,3878.82,73830.74,2.0509,0.00,0.0000,0.0031,0.0043,,,,,,,
28.1996,10,3,9.4636,37.6627,converged,3878.82,73830.74,2.0509,0.00,0.0000,0.0037,0.0027,,,,,,,
39.7429,9,3,13.1161,52.8581,converged,3878.82,73830.74,2.0509,0.00,0.0000,0.0030,0.0028,,,,,,,
35.5526,9,3,9.6942,45.2462,converged,3878.82,73830.74,2.0509,0.00,0.0000,0.0030,0.0026,,,,,,,
47.6294,7,3,9.4148,57.0439,converged,3878.82,73830.74,2.0509,0.00,0.0000,0.0027,0.0108,,,,,,,
53.1615,6,3,9.1534,62.3144,converged,3878.82,73830.74,2.0509,0.00,0.0000,0.0028,0.0132,,,,,,,
21.5094,10,3,8.9682,30.4772,converged,3878.82,73830.74,2.0509,0.00,0.0000,0.0035,0.0030,,,,,,,
44.3182,8,3,9.5263,53.8443,converged,3878.82,73830.74,2.0509,0.00,0.0000,0.0041,0.0046,,,,,,,
40.9242,8,3,10.0821,51.0061,converged,3878.82,73830.74,2.0509,0.00,0.0000,0.0024,0.0054,,,,,,,
24.5639,10,3,10.0692,34.6322,converged,3878.82,73830.74,2.0509,0.00,0.0000,0.0030,0.0024,,,,,,,
45.5314,8,3,8.9079,54.4389,converged,3878.82,73830.74,2.0509,0.00,0.0000,0.0031,0.0050,,,,,,,
57.4824,6,3,9.3631,66.8452,converged,3878.82,73830.74,2.0509,0.00,0.0000,0.0030,0.0091,,,,,,,
23.6702,10,3,9.2749,32.9450,converged,3878.82,73830.74,2.0509,0.00,0.0000,0.0040,0.0024,,,,,,,
38.6344,9,3,8.7592,47.3933,converged,3878.82,73830.74,2.0509,0.00,0.0000,0.0037,0.0034,,,,,,,
25.8680,10,3,9.0833,34.9514,converged,3878.82,73830.74,2.0509,0.00,0.0000,0.0040,0.0022,,,,,,,
59.6255,5,3,10.5998,70.2248,converged,3878.82,73830.74,2.0509,0.00,0.0000,0.0045,0.0211,,,,,,,
34.5266,9,3,9.1417,43.6678,converged,3878.82,73830.74,2.0509,0.00,0.0000,0.0030,0.0040,,,,,,,
30.4795,10,3,9.7238,40.2029,converged,3878.82,73830.74,2.0509,0.00,0.0000,0.0030,0.0026,,,,,,,
52.0974,6,3,9.7120,61.8091,converged,3878.82,73830.74,2.0509,0.00,0.0000,0.0034,0.0111,,,,,,,
21.6727,10,3,9.1366,30.8087,converged,3878.82,73830.74,2.0509,0.00,0.0000,0.0031,0.0031,,,,,,,
34.1693,9,3,9.4907,43.6598,converged,3878.82,73830.74,2.0509,0.00,0.0000,0.0029,0.0028,,,,,,,
45.1472,8,3,9.3852,54.5322,converged,3878.82,73830.74,2.0509,0.00,0.0000,0.0030,0.0044,,,,,,,
40.4404,8,3,9.9606,50.4007,converged,3878.82,73830.74,2.0509,0.00,0.0000,0.0030,0.0042,,,,,,,
58.1338,5,3,9.1466,67.2796,converged,3878.82,73830.74,2.0509,0.00,0.0000,0.0037,0.0222,,,,,,,
50.3898,7,3,9.4302,59.8193,converged,3878.82,73830.74,2.0509,0.00,0.0000,0.0034,0.0068,,,,,,,
51.7802,7,3,9.0843,60.8643,converged,3878.82,73830.74,2.0509,0.00,0.0000,0.0039,0.0071,,,,,,,
54.1164,6,3,9.0832,63.1992,converged,3878.82,73830.74,2.0509,0.00,0.0000,0.0043,0.0099,,,,,,,
55.3921,6,3,9.2224,64.6144,converged,3878.82,73830.74,2.0509,0.00,0.0000,0.0048,0.0098,,,,,,,
58.3269,5,3,8.9116,67.2376,converged,3878.82,73830.74,2.0509,0.00,0.0000,0.0044,0.0198,,,,,,,
58.3972,5,3,8.7674,67.1644,converged,3878.82,73830.74,2.0509,0.00,0.0000,0.0038,0.0199,,,,,,,
20.3108,10,3,8.7990,29.1090,converged,3878.82,73830.74,2.0509,0.00,0.0000,0.0026,0.0030,,,,,,,
24.2767,10,3,13.1553,37.4314,converged,3878.82,73830.74,2.0509,0.00,0.0000,0.0029,0.0023,,,,,,,
47.4071,7,3,9.2384,56.6454,converged,3878.82,73830.74,2.0509,0.00,0.0000,0.0029,0.0040,,,,,,,
29.8236,10,3,9.0677,38.8908,converged,3878.82,73830.74,2.0509,0.00,0.0000,0.0038,0.0026,,,,,,,
46.4998,7,3,9.1613,55.6603,converged,3878.82,73830.74,2.0509,0.00,0.0000,0.0038,0.0082,,,,,,,
29.9568,10,3,8.8702,38.8262,converged,3878.82,73830.74,2.0509,0.00,0.0000,0.0034,0.0024,,,,,,,
37.9475,9,3,13.9876,51.9346,converged,3878.82,73830.74,2.0509,0.00,0.0000,0.0037,0.0033,,,,,,,
48.2402,7,3,9.5239,57.7640,converged,3878.82,73830.74,2.0509,0.00,0.0000,0.0023,0.0053,,,,,,,
33.8886,10,3,9.3832,43.2712,converged,3878.82,73830.74,2.0509,0.00,0.0000,0.0024,0.0035,,,,,,,
24.0510,10,3,8.8500,32.9000,converged,3878.82,73830.74,2.0509,0.00,0.0000,0.0046,0.0030,,,,,,,
51.7831,7,3,10.3210,62.1040,converged,3878.82,73830.74,2.0509,0.00,0.0000,0.0038,0.0078,,,,,,,
28.2437,10,3,9.6921,37.9352,converged,3878.82,73830.74,2.0509,0.00,0.0000,0.0027,0.0029,,,,,,,
43.9200,8,3,9.6637,53.5828,converged,3878.82,73830.74,2.0509,0.00,0.0000,0.0055,0.0043,,,,,,,
55.3801,6,3,10.5418,65.9218,converged,3878.82,73830.74,2.0509,0.00,0.0000,0.0047,0.0065,,,,,,,
38.2234,9,3,8.8390,47.0621,converged,3878.82,73830.74,2.0509,0.00,0.0000,0.0028,0.0045,,,,,,,
39.3407,9,3,8.9673,48.3074,converged,3878.82,73830.74,2.0509,0.00,0.0000,0.0027,0.0030,,,,,,,
24.4308,10,3,12.8476,37.2777,converged,3878.82,73830.74,2.0509,0.00,0.0000,0.0031,0.0030,,,,,,,
25.0945,10,3,9.1357,34.2297,converged,3878.82,73830.74,2.0509,0.00,0.0000,0.0040,0.0027,,,,,,,
50.0150,7,3,10.8339,60.8489,converged,3878.82,73830.74,2.0509,0.00,0.0000,0.0036,0.0055,,,,,,,
24.2708,10,3,11.7239,35.9939,converged,3878.82,73830.74,2.0509,0.00,0.0000,0.0030,0.0029,,,,,,,
47.3189,7,3,9.1038,56.4218,converged,3878.82,73830.74,2.0509,0.00,0.0000,0.0029,0.0092,,,,,,,
59.1214,5,3,9.1903,68.3113,converged,3878.82,73830.74,2.0509,0.00,0.0000,0.0042,0.0126,,,,,,,
21.8344,10,3,9.1959,31.0299,converged,3878.82,73830.74,2.0509,0.00,0.0000,0.0038,0.0027,,,,,,,
29.3988,10,3,8.7413,38.1394,converged,3878.82,73830.74,2.0509,0.00,0.0000,0.0046,0.0024,,,,,,,
29.6899,10,3,8.9784,38.6674,converged,3878.82,73830.74,2.0509,0.00,0.0000,0.0029,0.0013,,,,,,,
47.6366,7,3,9.4889,57.1249,converged,3878.82,73830.74,2.0509,0.00,0.0000,0.0030,0.0060,,,,,,,
24.4428,10,3,9.3969,33.8390,converged,3878.82,73830.74,2.0509,0.00,0.0000,0.0019,0.0034,,,,,,,
20.4171,10,3,9.1957,29.6127,converged,3878.82,73830.74,2.0509,0.00,0.0000,0.0029,0.0024,,,,,,,
58.1174,5,3,9.2105,67.3275,converged,3878.82,73830.74,2.0509,0.00,0.0000,0.0042,0.0184,,,,,,,
52.1519,6,3,9.4343,61.5853,converged,3878.82,73830.74,2.0509,0.00,0.0000,0.0028,0.0090,,,,,,,
28.3794,10,3,10.2542,38.6332,converged,3878.82,73830.74,2.0509,0.00,0.0000,0.0025,0.0039,,,,,,,
52.7247,6,3,9.6955,62.4196,converged,3878.82,73830.74,2.0509,0.00,0.0000,0.0028,0.0091,,,,,,,
23.3185,10,3,9.6602,32.9783,converged,3878.82,73830.74,2.0509,0.00,0.0000,0.0032,0.0025,,,,,,,
24.6729,10,3,9.8253,34.4973,converged,3878.82,73830.74,2.0509,0.00,0.0000,0.0037,0.0023,,,,,,,
57.3828,6,3,10.1740,67.5561,converged,3878.82,73830.74,2.0509,0.00,0.0000,0.0028,0.0065,,,,,,,
26.1863,10,3,10.0334,36.2194,converged,3878.82,73830.74,2.0509,0.00,0.0000,0.0033,0.0028,,,,,,,
42.6990,8,3,9.5017,52.2008,converged,3878.82,73830.74,2.0509,0.00,0.0000,0.0029,0.0051,,,,,,,
38.6011,9,3,9.2526,47.8536,converged,3878.82,73830.74,2.0509,0.00,0.0000,0.0029,0.0023,,,,,,,
27.7367,10,3,9.9922,37.7282,converged,3878.82,73830.74,2.0509,0.00,0.0000,0.0043,0.0028,,,,,,,
44.0926,8,3,10.6351,54.7271,converged,3878.82,73830.74,2.0509,0.00,0.0000,0.0026,0.0046,,,,,,,
42.4388,8,3,9.6951,52.1331,converged,3878.82,73830.74,2.0509,0.00,0.0000,0.0030,0.0046,,,,,,,
30.7514,10,3,9.6809,40.4320,converged,3878.82,73830.74,2.0509,0.00,0.0000,0.0032,0.0028,,,,,,,
32.4630,10,3,9.9538,42.4168,converged,3878.82,73830.74,2.0509,0.00,0.0000,0.0033,0.0026,,,,,,,
27.4751,10,3,11.0541,38.5292,converged,3878.82,73830.74,2.0509,0.00,0.0000,0.0029,0.0026,,,,,,,
33.4106,10,3,9.0960,42.5060,converged,3878.82,73830.74,2.0509,0.00,0.0000,0.0023,0.0030,,,,,,,
56.4181,6,3,10.3399,66.7579,converged,3878.82,73830.74,2.0509,0.00,0.0000,0.0035,0.0120,,,,,,,
38.9229,9,3,10.8814,49.8034,converged,3878.82,73830.74,2.0509,0.00,0.0000,0.0032,0.0037,,,,,,,
39.7525,9,3,9.1324,48.8844,converged,3878.82,73830.74,2.0509,0.00,0.0000,0.0035,0.0039,,,,,,,
35.2930,9,3,8.9812,44.2742,converged,3878.82,73830.74,2.0509,0.00,0.0000,0.0021,0.0052,,,,,,,
23.1376,10,3,10.0434,33.1804,converged,3878.82,73830.74,2.0509,0.00,0.0000,0.0049,0.0018,,,,,,,
47.7692,7,3,9.8709,57.6400,converged,3878.82,73830.74,2.0509,0.00,0.0000,0.0033,0.0056,,,,,,,
32.8280,10,3,9.1869,42.0149,converged,3878.82,73830.74,2.0509,0.00,0.0000,0.0032,0.0035,,,,,,,
36.9069,9,3,9.6325,46.5386,converged,3878.82,73830.74,2.0509,0.00,0.0000,0.0034,0.0028,,,,,,,
49.7184,7,3,13.4031,63.1211,converged,3878.82,73830.74,2.0509,0.00,0.0000,0.0045,0.0030,,,,,,,
46.1279,7,3,9.0570,55.1841,converged,3878.82,73830.74,2.0509,0.00,0.0000,0.0032,0.0030,,,,,,,
20.8257,10,3,10.8107,31.6358,converged,3878.82,73830.74,2.0509,0.00,0.0000,0.0023,0.0032,,,,,,,
36.6801,9,3,9.1150,45.7950,converged,3878.82,73830.74,2.0509,0.00,0.0000,0.0041,0.0027,,,,,,,
23.3330,10,3,9.0676,32.3996,converged,3878.82,73830.74,2.0509,0.00,0.0000,0.0022,0.0034,,,,,,,
22.4862,10,3,9.2847,31.7707,converged,3878.82,73830.74,2.0509,0.00,0.0000,0.0028,0.0022,,,,,,,
53.6978,6,3,9.0122,62.7093,converged,3878.82,73830.74,2.0509,0.00,0.0000,0.0027,0.0146,,,,,,,
45.8501,8,3,9.0870,54.9370,converged,3878.82,73830.74,2.0509,0.00,0.0000,0.0033,0.0053,,,,,,,
45.0111,8,3,10.7321,55.7431,converged,3878.82,73830.74,2.0509,0.00,0.0000,0.0028,0.0039,,,,,,,
47.2391,7,3,9.2619,56.5010,converged,3878.82,73830.74,2.0509,0.00,0.0000,0.0030,0.0050,,,,,,,
51.6037,7,3,12.9280,64.5311,converged,3878.82,73830.74,2.0509,0.00,0.0000,0.0027,0.0062,,,,,,,
40.5086,8,3,9.0868,49.5949,converged,3878.82,73830.74,2.0509,0.00,0.0000,0.0045,0.0025,,,,,,,
38.9677,9,3,9.2822,48.2492,converged,3878.82,73830.74,2.0509,0.00,0.0000,0.0031,0.0042,,,,,,,
28.2304,10,3,9.1452,37.3752,converged,3878.82,73830.74,2.0509,0.00,0.0000,0.0031,0.0023,,,,,,,
28.5518,10,3,9.5197,38.0707,converged,3878.82,73830.74,2.0509,0.00,0.0000,0.0038,0.0028,,,,,,,
57.4452,6,3,9.6242,67.0693,converged,3878.82,73830.74,2.0509,0.00,0.0000,0.0035,0.0164,,,,,,,
37.6886,9,3,9.3428,47.0309,converged,3878.82,73830.74,2.0509,0.00,0.0000,0.0031,0.0031,,,,,,,
52.2674,6,3,9.9425,62.2096,converged,3878.82,73830.74,2.0509,0.00,0.0000,0.0030,0.0069,,,,,,,
51.7673,7,3,9.0237,60.7907,converged,3878.82,73830.74,2.0509,0.00,0.0000,0.0032,0.0071,,,,,,,
42.2939,8,3,9.4439,51.7369,converged,3878.82,73830.74,2.0509,0.00,0.0000,0.0027,0.0031,,,,,,,
45.4144,8,3,9.1693,54.5833,converged,3878.82,73830.74,2.0509,0.00,0.0000,0.0034,0.0050,,,,,,,
55.0981,6,3,9.1185,64.2166,converged,3878.82,73830.74,2.0509,0.00,0.0000,0.0025,0.0101,,,,,,,
41.6498,8,3,9.0512,50.7002,converged,3878.82,73830.74,2.0509,0.00,0.0000,0.0033,0.0048,,,,,,,
47.2183,7,3,9.3242,56.5422,converged,3878.82,73830.74,2.0509,0.00,0.0000,0.0036,0.0052,,,,,,,
33.9564,10,3,9.4996,43.4556,converged,3878.82,73830.74,2.0509,0.00,0.0000,0.0035,0.0029,,,,,,,
25.7621,10,3,9.2506,35.0127,converged,3878.82,73830.74,2.0509,0.00,0.0000,0.0036,0.0018,,,,,,,
28.5511,10,3,9.4788,38.0298,converged,3878.82,73830.74,2.0509,0.00,0.0000,0.0035,0.0028,,,,,,,
27.1247,10,3,9.2461,36.3702,converged,3878.82,73830.74,2.0509,0.00,0.0000,0.0030,0.0022,,,,,,,
22.3630,10,3,10.0602,32.4232,converged,3878.82,73830.74,2.0509,0.00,0.0000,0.0030,0.0018,,,,,,,
46.7604,7,3,8.7162,55.4763,converged,3878.82,73830.74,2.0509,0.00,0.0000,0.0029,0.0079,,,,,,,
26.4085,10,3,8.9532,35.3612,converged,3878.82,73830.74,2.0509,0.00,0.0000,0.0044,0.0015,,,,,,,
59.0101,5,3,9.6615,68.6715,converged,3878.82,73830.74,2.0509,0.00,0.0000,0.0037,0.0209,,,,,,,
50.9940,7,3,10.9327,61.9258,converged,3878.82,73830.74,2.0509,0.00,0.0000,0.0023,0.0108,,,,,,,
30.6176,10,3,9.8295,40.4465,converged,3878.82,73830.74,2.0509,0.00,0.0000,0.0036,0.0021,,,,,,,
40.2020,8,3,13.2790,53.4801,converged,3878.82,73830.74,2.0509,0.00,0.0000,0.0025,0.0022,,,,,,,
36.0726,9,3,9.3467,45.4188,converged,3878.82,73830.74,2.0509,0.00,0.0000,0.0030,0.0044,,,,,,,
43.9942,8,3,9.1285,53.1225,converged,3878.82,73830.74,2.0509,0.00,0.0000,0.0032,0.0032,,,,,,,
46.7300,7,3,10.0404,56.7695,converged,3878.82,73830.74,2.0509,0.00,0.0000,0.0033,0.0070,,,,,,,
37.1111,9,3,9.6738,46.7848,converged,3878.82,73830.74,2.0509,0.00,0.0000,0.0036,0.0019,,,,,,,
20.3240,10,3,9.0950,29.4180,converged,3878.82,73830.74,2.0509,0.00,0.0000,0.0042,0.0017,,,,,,,
53.6575,6,3,10.0805,63.7376,converged,3878.82,73830.74,2.0509,0.00,0.0000,0.0030,0.0118,,,,,,,
42.2094,8,3,9.0398,51.2488,converged,3878.82,73830.74,2.0509,0.00,0.0000,0.0032,0.0041,,,,,,,
46.7127,7,3,9.0268,55.7389,converged,3878.82,73830.74,2.0509,0.00,0.0000,0.0029,0.0068,,,,,,,
52.8170,6,3,9.2748,62.0909,converged,3878.82,73830.74,2.0509,0.00,0.0000,0.0034,0.0116,,,,,,,
21.9249,10,3,9.0733,30.9973,converged,3878.82,73830.74,2.0509,0.00,0.0000,0.0025,0.0026,,,,,,,
42.5782,8,3,8.9968,51.5749,converged,3878.82,73830.74,2.0509,0.00,0.0000,0.0025,0.0066,,,,,,,
22.4378,10,3,9.3183,31.7554,converged,3878.82,73830.74,2.0509,0.00,0.0000,0.0032,0.0029,,,,,,,
42.7610,8,3,9.1747,51.9347,converged,3878.82,73830.74,2.0509,0.00,0.0000,0.0027,0.0052,,,,,,,
51.5860,7,3,8.6581,60.2442,converged,3878.82,73830.74,2.0509,0.00,0.0000,0.0024,0.0076,,,,,,,
39.0145,9,3,9.2148,48.2289,converged,3878.82,73830.74,2.0509,0.00,0.0000,0.0024,0.0047,,,,,,,
36.0854,9,3,9.0311,45.1162,converged,3878.82,73830.74,2.0509,0.00,0.0000,0.0041,0.0028,,,,,,,
31.8153,10,3,9.9625,41.7776,converged,3878.82,73830.74,2.0509,0.00,0.0000,0.0030,0.0028,,,,,,,
48.0400,7,3,11.0226,59.0626,converged,3878.82,73830.74,2.0509,0.00,0.0000,0.0038,0.0075,,,,,,,
57.9156,6,3,9.5388,67.4539,converged,3878.82,73830.74,2.0509,0.00,0.0000,0.0032,0.0097,,,,,,,
35.5416,9,3,10.4598,46.0008,converged,3878.82,73830.74,2.0509,0.00,0.0000,0.0026,0.0038,,,,,,,
32.3277,10,3,10.0282,42.3552,converged,3878.82,73830.74,2.0509,0.00,0.0000,0.0028,0.0033,,,,,,,
46.1080,7,3,9.7748,55.8819,converged,3878.82,73830.74,2.0509,0.00,0.0000,0.0033,0.0060,,,,,,,
30.0357,10,3,9.8535,39.8885,converged,3878.82,73830.74,2.0509,0.00,0.0000,0.0036,0.0017,,,,,,,
20.7453,10,3,10.1221,30.8672,converged,3878.82,73830.74,2.0509,0.00,0.0000,0.0028,0.0030,,,,,,,
30.2082,10,3,9.2928,39.5008,converged,3878.82,73830.74,2.0509,0.00,0.0000,0.0022,0.0035,,,,,,,
21.4355,10,3,9.9649,31.3999,converged,3878.82,73830.74,2.0509,0.00,0.0000,0.0030,0.0029,,,,,,,
26.5005,10,3,8.6598,35.1598,converged,3878.82,73830.74,2.0509,0.00,0.0000,0.0026,0.0031,,,,,,,
47.4509,7,3,9.8036,57.2536,converged,3878.82,73830.74,2.0509,0.00,0.0000,0.0040,0.0076,,,,,,,
27.1972,10,3,9.5307,36.7277,converged,3878.82,73830.74,2.0509,0.00,0.0000,0.0027,0.0032,,,,,,,
25.7164,10,3,9.3580,35.0740,converged,3878.82,73830.74,2.0509,0.00,0.0000,0.0041,0.0030,,,,,,,
33.9692,10,3,9.1499,43.1189,converged,3878.82,73830.74,2.0509,0.00,0.0000,0.0031,0.0021,,,,,,,
30.0299,10,3,8.8251,38.8541,converged,3878.82,73830.74,2.0509,0.00,0.0000,0.0030,0.0026,,,,,,,
36.8159,9,3,9.4008,46.2159,converged,3878.82,73830.74,2.0509,0.00,0.0000,0.0028,0.0042,,,,,,,
51.3705,7,3,9.5684,60.9384,converged,3878.82,73830.74,2.0509,0.00,0.0000,0.0042,0.0030,,,,,,,
44.6289,8,3,9.8833,54.5114,converged,3878.82,73830.74,2.0509,0.00,0.0000,0.0039,0.0034,,,,,,,
51.0016,7,3,9.5543,60.5554,converged,3878.82,73830.74,2.0509,0.00,0.0000,0.0045,0.0064,,,,,,,
20.5774,10,3,8.8695,29.4466,converged,3878.82,73830.74,2.0509,0.00,0.0000,0.0037,0.0027,,,,,,,
20.4383,10,3,9.2051,29.6431,converged,3878.82,73830.74,2.0509,0.00,0.0000,0.0029,0.0027,,,,,,,
27.8872,10,3,9.8034,37.6904,converged,3878.82,73830.74,2.0509,0.00,0.0000,0.0036,0.0029,,,,,,,
28.8482,10,3,10.2975,39.1455,converged,3878.82,73830.74,2.0509,0.00,0.0000,0.0027,0.0030,,,,,,,
51.9979,7,3,11.4740,63.4710,converged,3878.82,73830.74,2.0509,0.00,0.0000,0.0029,0.0087,,,,,,,
48.2640,7,3,11.4157,59.6797,converged,3878.82,73830.74,2.0509,0.00,0.0000,0.0028,0.0058,,,,,,,
21.1853,10,3,14.2409,35.4286,converged,3878.82,73830.74,2.0509,0.00,0.0000,0.0035,0.0026,,,,,,,
34.9512,9,3,13.5283,48.4793,converged,3878.82,73830.74,2.0509,0.00,0.0000,0.0043,0.0018,,,,,,,
23.2346,10,3,10.2498,33.4838,converged,3878.82,73830.74,2.0509,0.00,0.0000,0.0024,0.0030,,,,,,,
21.8997,10,3,9.9384,31.8374,converged,3878.82,73830.74,2.0509,0.00,0.0000,0.0025,0.0024,,,,,,,
28.1762,10,3,9.9639,38.1399,converged,3878.82,73830.74,2.0509,0.00,0.0000,0.0036,0.0030,,,,,,,
31.7924,10,3,10.1388,41.9308,converged,3878.82,73830.74,2.0509,0.00,0.0000,0.0031,0.0025,,,,,,,
37.8001,9,3,9.5533,47.3533,converged,3878.82,73830.74,2.0509,0.00,0.0000,0.0041,0.0034,,,,,,,
39.2346,9,3,9.6382,48.8722,converged,3878.82,73830.74,2.0509,0.00,0.0000,0.0031,0.0036,,,,,,,
46.3512,7,3,10.1428,56.4938,converged,3878.82,73830.74,2.0509,0.00,0.0000,0.0041,0.0052,,,,,,,
49.2044,7,3,12.6196,61.8237,converged,3878.82,73830.74,2.0509,0.00,0.0000,0.0026,0.0060,,,,,,,
43.8444,8,3,9.3721,53.2161,converged,3878.82,73830.74,2.0509,0.00,0.0000,0.0030,0.0052,,,,,,,
21.2639,10,3,9.2406,30.5037,converged,3878.82,73830.74,2.0509,0.00,0.0000,0.0027,0.0028,,,,,,,
24.8017,10,3,10.2571,35.0582,converged,3878.82,73830.74,2.0509,0.00,0.0000,0.0030,0.0029,,,,,,,
37.7389,9,3,11.4886,49.2266,converged,3878.82,73830.74,2.0509,0.00,0.0000,0.0029,0.0036,,,,,,,
40.0338,8,3,9.8463,49.8794,converged,3878.82,73830.74,2.0509,0.00,0.0000,0.0026,0.0044,,,,,,,
29.9143,10,3,9.3000,39.2140,converged,3878.82,73830.74,2.0509,0.00,0.0000,0.0031,0.0031,,,,,,,
50.5867,7,3,9.8304,60.4164,converged,3878.82,73830.74,2.0509,0.00,0.0000,0.0030,0.0049,,,,,,,
36.3620,9,3,9.2210,45.5830,converged,3878.82,73830.74,2.0509,0.00,0.0000,0.0034,0.0035,,,,,,,
39.6689,9,3,12.9963,52.6643,converged,3878.82,73830.74,2.0509,0.00,0.0000,0.0029,0.0028,,,,,,,
54.2486,6,3,9.4305,63.6785,converged,3878.82,73830.74,2.0509,0.00,0.0000,0.0030,0.0150,,,,,,,
35.9697,9,3,9.1157,45.0847,converged,3878.82,73830.74,2.0509,0.00,0.0000,0.0033,0.0030,,,,,,,
58.2405,5,3,17.8139,76.0540,converged,3878.82,73830.74,2.0509,0.00,0.0000,0.0043,0.0262,,,,,,,
41.2239,8,3,9.8706,51.0937,converged,3878.82,73830.74,2.0509,0.00,0.0000,0.0040,0.0042,,,,,,,
37.7791,9,3,8.9576,46.7366,converged,3878.82,73830.74,2.0509,0.00,0.0000,0.0026,0.0057,,,,,,,
54.3171,6,3,9.5138,63.8308,converged,3878.82,73830.74,2.0509,0.00,0.0000,0.0033,0.0141,,,,,,,
27.0117,10,3,9.4928,36.5038,converged,3878.82,73830.74,2.0509,0.00,0.0000,0.0024,0.0031,,,,,,,
36.0135,9,3,9.1932,45.2062,converged,3878.82,73830.74,2.0509,0.00,0.0000,0.0028,0.0036,,,,,,,
20.6376,10,3,9.3726,30.0096,converged,3878.82,73830.74,2.0509,0.00,0.0000,0.0033,0.0021,,,,,,,
28.6583,10,3,9.1977,37.8557,converged,3878.82,73830.74,2.0509,0.00,0.0000,0.0030,0.0025,,,,,,,
34.1453,9,3,9.2690,43.4141,converged,3878.82,73830.74,2.0509,0.00,0.0000,0.0032,0.0043,,,,,,,
46.6848,7,3,9.6966,56.3807,converged,3878.82,73830.74,2.0509,0.00,0.0000,0.0032,0.0065,,,,,,,
27.3306,10,3,9.4008,36.7309,converged,3878.82,73830.74,2.0509,0.00,0.0000,0.0023,0.0036,,,,,,,
37.3623,9,3,9.1267,46.4888,converged,3878.82,73830.74,2.0509,0.00,0.0000,0.0041,0.0026,,,,,,,
57.9503,6,3,9.2500,67.2001,converged,3878.82,73830.74,2.0509,0.00,0.0000,0.0030,0.0093,,,,,,,
58.1780,5,3,10.7056,68.8836,converged,3878.82,73830.74,2.0509,0.00,0.0000,0.0041,0.0263,,,,,,,
38.0473,9,3,9.3869,47.4340,converged,3878.82,73830.74,2.0509,0.00,0.0000,0.0036,0.0030,,,,,,,
46.7638,7,3,8.7240,55.4870,converged,3878.82,73830.74,2.0509,0.00,0.0000,0.0033,0.0053,,,,,,,
25.2795,10,3,8.7374,34.0165,converged,3878.82,73830.74,2.0509,0.00,0.0000,0.0032,0.0031,,,,,,,
45.7616,8,3,10.2862,56.0472,converged,3878.82,73830.74,2.0509,0.00,0.0000,0.0034,0.0042,,,,,,,
55.9837,6,3,9.5510,65.5341,converged,3878.82,73830.74,2.0509,0.00,0.0000,0.0033,0.0079,,,,,,,
51.7102,7,3,9.0905,60.8006,converged,3878.82,73830.74,2.0509,0.00,0.0000,0.0033,0.0090,,,,,,,
42.5427,8,3,9.2692,51.8113,converged,3878.82,73830.74,2.0509,0.00,0.0000,0.0046,0.0039,,,,,,,
41.6657,8,3,8.9863,50.6514,converged,3878.82,73830.74,2.0509,0.00,0.0000,0.0038,0.0040,,,,,,,
53.2551,6,3,9.0708,62.3258,converged,3878.82,73830.74,2.0509,0.00,0.0000,0.0041,0.0171,,,,,,,
34.6217,9,3,8.8189,43.4400,converged,3878.82,73830.74,2.0509,0.00,0.0000,0.0032,0.0039,,,,,,,
33.2137,10,3,9.4283,42.6413,converged,3878.82,73830.74,2.0509,0.00,0.0000,0.0034,0.0033,,,,,,,
23.9499,10,3,8.7502,32.6993,converged,3878.82,73830.74,2.0509,0.00,0.0000,0.0026,0.0029,,,,,,,
43.3848,8,3,9.5479,52.9319,converged,3878.82,73830.74,2.0509,0.00,0.0000,0.0045,0.0048,,,,,,,
49.2023,7,3,9.2284,58.4304,converged,3878.82,73830.74,2.0509,0.00,0.0000,0.0041,0.0033,,,,,,,
29.2681,10,3,9.1424,38.4104,converged,3878.82,73830.74,2.0509,0.00,0.0000,0.0026,0.0029,,,,,,,
54.9791,6,3,9.4922,64.4712,converged,3878.82,73830.74,2.0509,0.00,0.0000,0.0046,0.0103,,,,,,,
30.7749,10,3,9.3025,40.0766,converged,3878.82,73830.74,2.0509,0.00,0.0000,0.0026,0.0032,,,,,,,
34.0386,9,3,9.2926,43.3307,converged,3878.82,73830.74,2.0509,0.00,0.0000,0.0024,0.0050,,,,,,,
21.8871,10,3,8.9568,30.8438,converged,3878.82,73830.74,2.0509,0.00,0.0000,0.0021,0.0034,,,,,,,
21.8356,10,3,9.5242,31.3592,converged,3878.82,73830.74,2.0509,0.00,0.0000,0.0032,0.0030,,,,,,,
42.8723,8,3,9.1772,52.0492,converged,3878.82,73830.74,2.0509,0.00,0.0000,0.0025,0.0061,,,,,,,
50.2232,7,3,9.4351,59.6581,converged,3878.82,73830.74,2.0509,0.00,0.0000,0.0044,0.0017,,,,,,,
46.9418,7,3,9.5265,56.4675,converged,3878.82,73830.74,2.0509,0.00,0.0000,0.0030,0.0061,,,,,,,
37.4056,9,3,9.0329,46.4379,converged,3878.82,73830.74,2.0509,0.00,0.0000,0.0035,0.0035,,,,,,,
46.1070,7,3,10.4597,56.5657,converged,3878.82,73830.74,2.0509,0.00,0.0000,0.0025,0.0080,,,,,,,
44.8492,8,3,9.5170,54.3660,converged,3878.82,73830.74,2.0509,0.00,0.0000,0.0042,0.0046,,,,,,,
39.8794,9,3,8.7303,48.6093,converged,3878.82,73830.74,2.0509,0.00,0.0000,0.0025,0.0047,,,,,,,
24.9072,10,3,9.2268,34.1339,converged,3878.82,73830.74,2.0509,0.00,0.0000,0.0037,0.0029,,,,,,,
29.3422,10,3,10.8617,40.2037,converged,3878.82,73830.74,2.0509,0.00,0.0000,0.0027,0.0027,,,,,,,
26.7749,10,3,8.9152,35.6892,converged,3878.82,73830.74,2.0509,0.00,0.0000,0.0029,0.0018,,,,,,,
36.3889,9,3,9.1886,45.5767,converged,3878.82,73830.74,2.0509,0.00,0.0000,0.0033,0.0040,,,,,,,
54.9229,6,3,9.0926,64.0147,converged,3878.82,73830.74,2.0509,0.00,0.0000,0.0033,0.0136,,,,,,,
52.8945,6,3,9.7629,62.6570,converged,3878.82,73830.74,2.0509,0.00,0.0000,0.0031,0.0075,,,,,,,
49.4977,7,3,9.2102,58.7072,converged,3878.82,73830.74,2.0509,0.00,0.0000,0.0039,0.0038,,,,,,,
39.7487,9,3,9.7763,49.5244,converged,3878.82,73830.74,2.0509,0.00,0.0000,0.0029,0.0038,,,,,,,
37.9742,9,3,9.9604,47.9344,converged,3878.82,73830.74,2.0509,0.00,0.0000,0.0034,0.0042,,,,,,,
33.2396,10,3,9.8929,43.1320,converged,3878.82,73830.74,2.0509,0.00,0.0000,0.0033,0.0028,,,,,,,
20.4060,10,3,14.4301,34.8362,converged,3878.82,73830.74,2.0509,0.00,0.0000,0.0024,0.0034,,,,,,,
50.6249,7,3,9.4400,60.0640,converged,3878.82,73830.74,2.0509,0.00,0.0000,0.0029,0.0092,,,,,,,
36.0733,9,3,9.3729,45.4459,converged,3878.82,73830.74,2.0509,0.00,0.0000,0.0041,0.0032,,,,,,,
51.7920,7,3,8.9998,60.7908,converged,3878.82,73830.74,2.0509,0.00,0.0000,0.0027,0.0087,,,,,,,
37.4299,9,3,8.9248,46.3538,converged,3878.82,73830.74,2.0509,0.00,0.0000,0.0028,0.0037,,,,,,,
45.8549,8,3,9.3019,55.1559,converged,3878.82,73830.74,2.0509,0.00,0.0000,0.0029,0.0036,,,,,,,
40.1136,8,3,8.9624,49.0754,converged,3878.82,73830.74,2.0509,0.00,0.0000,0.0039,0.0047,,,,,,,
54.7897,6,3,9.2723,64.0613,converged,3878.82,73830.74,2.0509,0.00,0.0000,0.0040,0.0070,,,,,,,
51.9757,7,3,9.3587,61.3337,converged,3878.82,73830.74,2.0509,0.00,0.0000,0.0042,0.0058,,,,,,,
59.1780,5,3,9.1868,68.3639,converged,3878.82,73830.74,2.0509,0.00,0.0000,0.0038,0.0171,,,,,,,
47.3224,7,3,8.9742,56.2962,converged,3878.82,73830.74,2.0509,0.00,0.0000,0.0033,0.0072,,,,,,,
50.6380,7,3,9.3172,59.9552,converged,3878.82,73830.74,2.0509,0.00,0.0000,0.0029,0.0053,,,,,,,
32.3065,10,3,9.3800,41.6861,converged,3878.82,73830.74,2.0509,0.00,0.0000,0.0034,0.0022,,,,,,,
59.4754,5,3,9.0311,68.5062,converged,3878.82,73830.74,2.0509,0.00,0.0000,0.0039,0.0248,,,,,,,
47.7795,7,3,9.5972,57.3763,converged,3878.82,73830.74,2.0509,0.00,0.0000,0.0049,0.0046,,,,,,,
52.9167,6,3,9.1561,62.0721,converged,3878.82,73830.74,2.0509,0.00,0.0000,0.0030,0.0110,,,,,,,
55.8300,6,3,8.7641,64.5942,converged,3878.82,73830.74,2.0509,0.00,0.0000,0.0040,0.0081,,,,,,,
55.5326,6,3,9.9121,65.4441,converged,3878.82,73830.74,2.0509,0.00,0.0000,0.0036,0.0108,,,,,,,
26.9465,10,3,9.7730,36.7190,converged,3878.82,73830.74,2.0509,0.00,0.0000,0.0031,0.0030,,,,,,,
47.6269,7,3,9.2391,56.8651,converged,3878.82,73830.74,2.0509,0.00,0.0000,0.0041,0.0060,,,,,,,
46.3803,7,3,9.4741,55.8542,converged,3878.82,73830.74,2.0509,0.00,0.0000,0.0041,0.0071,,,,,,,
22.4920,10,3,9.3998,31.8908,converged,3878.82,73830.74,2.0509,0.00,0.0000,0.0030,0.0030,,,,,,,
41.4330,8,3,10.4897,51.9217,converged,3878.82,73830.74,2.0509,0.00,0.0000,0.0028,0.0045,,,,,,,
34.6597,9,3,9.8153,44.4743,converged,3878.82,73830.74,2.0509,0.00,0.0000,0.0035,0.0026,,,,,,,
22.0037,10,3,9.1288,31.1318,converged,3878.82,73830.74,2.0509,0.00,0.0000,0.0027,0.0030,,,,,,,
59.6176,5,3,10.5052,70.1222,converged,3878.82,73830.74,2.0509,0.00,0.0000,0.0038,0.0256,,,,,,,
43.0803,8,3,10.1409,53.2210,converged,3878.82,73830.74,2.0509,0.00,0.0000,0.0040,0.0042,,,,,,,
22.9856,10,3,13.7074,36.6925,converged,3878.82,73830.74,2.0509,0.00,0.0000,0.0030,0.0027,,,,,,,
49.0930,7,3,9.3764,58.4684,converged,3878.82,73830.74,2.0509,0.00,0.0000,0.0047,0.0039,,,,,,,
33.6539,10,3,9.4002,43.0533,converged,3878.82,73830.74,2.0509,0.00,0.0000,0.0027,0.0029,,,,,,,
34.6864,9,3,9.6000,44.2861,converged,3878.82,73830.74,2.0509,0.00,0.0000,0.0032,0.0034,,,,,,,
31.2356,10,3,9.6125,40.8476,converged,3878.82,73830.74,2.0509,0.00,0.0000,0.0033,0.0026,,,,,,,
20.8595,10,3,9.6111,30.4701,converged,3878.82,73830.74,2.0509,0.00,0.0000,0.0037,0.0026,,,,,,,
41.7469,8,3,9.7714,51.5174,converged,3878.82,73830.74,2.0509,0.00,0.0000,0.0031,0.0038,,,,,,,
58.5235,5,3,9.9313,68.4543,converged,3878.82,73830.74,2.0509,0.00,0.0000,0.0036,0.0233,,,,,,,
50.2189,7,3,11.2515,61.4695,converged,3878.82,73830.74,2.0509,0.00,0.0000,0.0046,0.0046,,,,,,,
52.7650,6,3,9.5207,62.2848,converged,3878.82,73830.74,2.0509,0.00,0.0000,0.0030,0.0149,,,,,,,
38.7680,9,3,9.0909,47.8580,converged,3878.82,73830.74,2.0509,0.00,0.0000,0.0038,0.0026,,,,,,,
30.7469,10,3,9.1094,39.8555,converged,3878.82,73830.74,2.0509,0.00,0.0000,0.0025,0.0027,,,,,,,
22.5561,10,3,8.8089,31.3650,converged,3878.82,73830.74,2.0509,0.00,0.0000,0.0031,0.0035,,,,,,,
51.8219,7,3,10.6546,62.4757,converged,3878.82,73830.74,2.0509,0.00,0.0000,0.0034,0.0025,,,,,,,
51.8954,7,3,8.7924,60.6874,converged,3878.82,73830.74,2.0509,0.00,0.0000,0.0035,0.0057,,,,,,,
42.3890,8,3,9.4919,51.8809,converged,3878.82,73830.74,2.0509,0.00,0.0000,0.0025,0.0060,,,,,,,
32.7267,10,3,9.4453,42.1714,converged,3878.82,73830.74,2.0509,0.00,0.0000,0.0027,0.0028,,,,,,,
31.8493,10,3,9.9670,41.8161,converged,3878.82,73830.74,2.0509,0.00,0.0000,0.0031,0.0028,,,,,,,
28.2849,10,3,9.6630,37.9471,converged,3878.82,73830.74,2.0509,0.00,0.0000,0.0035,0.0023,,,,,,,
22.7595,10,3,9.9166,32.6756,converged,3878.82,73830.74,2.0509,0.00,0.0000,0.0027,0.0031,,,,,,,
57.0835,6,3,9.0958,66.1788,converged,3878.82,73830.74,2.0509,0.00,0.0000,0.0036,0.0112,,,,,,,
41.7321,8,3,11.9477,53.6798,converged,3878.82,73830.74,2.0509,0.00,0.0000,0.0032,0.0032,,,,,,,
25.5096,10,3,11.8349,37.3440,converged,3878.82,73830.74,2.0509,0.00,0.0000,0.0026,0.0028,,,,,,,
54.8241,6,3,9.5714,64.3955,converged,3878.82,73830.74,2.0509,0.00,0.0000,0.0033,0.0153,,,,,,,
28.4241,10,3,9.4860,37.9100,converged,3878.82,73830.74,2.0509,0.00,0.0000,0.0027,0.0032,,,,,,,
40.0494,8,3,9.1776,49.2266,converged,3878.82,73830.74,2.0509,0.00,0.0000,0.0049,0.0028,,,,,,,
22.2831,10,3,13.1696,35.4526,converged,3878.82,73830.74,2.0509,0.00,0.0000,0.0037,0.0026,,,,,,,
49.3467,7,3,9.7056,59.0517,converged,3878.82,73830.74,2.0509,0.00,0.0000,0.0028,0.0086,,,,,,,
55.7623,6,3,9.5111,65.2731,converged,3878.82,73830.74,2.0509,0.00,0.0000,0.0044,0.0130,,,,,,,
34.9257,9,3,8.8486,43.7737,converged,3878.82,73830.74,2.0509,0.00,0.0000,0.0030,0.0040,,,,,,,
59.0872,5,3,13.1195,72.2065,converged,3878.82,73830.74,2.0509,0.00,0.0000,0.0040,0.0095,,,,,,,
57.7072,6,3,9.2952,67.0022,converged,3878.82,73830.74,2.0509,0.00,0.0000,0.0032,0.0093,,,,,,,
33.3433,10,3,9.3997,42.7427,converged,3878.82,73830.74,2.0509,0.00,0.0000,0.0035,0.0028,,,,,,,
58.2707,5,3,8.8674,67.1374,converged,3878.82,73830.74,2.0509,0.00,0.0000,0.0035,0.0272,,,,,,,
32.3674,10,3,8.7538,41.1208,converged,3878.82,73830.74,2.0509,0.00,0.0000,0.0037,0.0022,,,,,,,
20.2676,10,3,9.7878,30.0548,converged,3878.82,73830.74,2.0509,0.00,0.0000,0.0032,0.0019,,,,,,,
37.5299,9,3,8.9282,46.4572,converged,3878.82,73830.74,2.0509,0.00,0.0000,0.0026,0.0047,,,,,,,
39.8001,9,3,9.4193,49.2194,converged,3878.82,73830.74,2.0509,0.00,0.0000,0.0022,0.0031,,,,,,,
44.4737,8,3,8.8716,53.3446,converged,3878.82,73830.74,2.0509,0.00,0.0000,0.0037,0.0042,,,,,,,
58.0330,5,3,9.4278,67.4609,converged,3878.82,73830.74,2.0509,0.00,0.0000,0.0034,0.0226,,,,,,,
40.7070,8,3,8.9160,49.6230,converged,3878.82,73830.74,2.0509,0.00,0.0000,0.0029,0.0045,,,,,,,
34.2326,9,3,8.9616,43.1936,converged,3878.82,73830.74,2.0509,0.00,0.0000,0.0041,0.0037,,,,,,,
25.7240,10,3,8.9266,34.6496,converged,3878.82,73830.74,2.0509,0.00,0.0000,0.0032,0.0030,,,,,,,
28.1255,10,3,8.7248,36.8498,converged,3878.82,73830.74,2.0509,0.00,0.0000,0.0030,0.0032,,,,,,,
46.0634,7,3,8.9605,55.0236,converged,3878.82,73830.74,2.0509,0.00,0.0000,0.0039,0.0067,,,,,,,
59.0618,5,3,9.0440,68.1051,converged,3878.82,73830.74,2.0509,0.00,0.0000,0.0041,0.0175,,,,,,,
26.4991,10,3,10.3779,36.8769,converged,3878.82,73830.74,2.0509,0.00,0.0000,0.0025,0.0037,,,,,,,
54.5051,6,3,10.3594,64.8644,converged,3878.82,73830.74,2.0509,0.00,0.0000,0.0031,0.0100,,,,,,,
22.2221,10,3,9.4921,31.7141,converged,3878.82,73830.74,2.0509,0.00,0.0000,0.0035,0.0025,,,,,,,
55.3933,6,3,9.2808,64.6738,converged,3878.82,73830.74,2.0509,0.00,0.0000,0.0030,0.0130,,,,,,,
33.5617,10,3,9.3061,42.8671,converged,3878.82,73830.74,2.0509,0.00,0.0000,0.0027,0.0029,,,,,,,
40.9418,8,3,9.3843,50.3253,converged,3878.82,73830.74,2.0509,0.00,0.0000,0.0033,0.0048,,,,,,,
49.1507,7,3,8.7249,57.8749,converged,3878.82,73830.74,2.0509,0.00,0.0000,0.0030,0.0079,,,,,,,
39.8012,9,3,9.1003,48.9013,converged,3878.82,73830.74,2.0509,0.00,0.0000,0.0034,0.0025,,,,,,,
33.4397,10,3,8.8347,42.2737,converged,3878.82,73830.74,2.0509,0.00,0.0000,0.0026,0.0031,,,,,,,
55.1177,6,3,9.0243,64.1413,converged,3878.82,73830.74,2.0509,0.00,0.0000,0.0034,0.0121,,,,,,,
45.4411,8,3,10.2631,55.7041,converged,3878.82,73830.74,2.0509,0.00,0.0000,0.0026,0.0032,,,,,,,
25.0463,10,3,8.9070,33.9530,converged,3878.82,73830.74,2.0509,0.00,0.0000,0.0026,0.0030,,,,,,,
51.1836,7,3,9.7781,60.9612,converged,3878.82,73830.74,2.0509,0.00,0.0000,0.0034,0.0062,,,,,,,
23.0772,10,3,9.2326,32.3096,converged,3878.82,73830.74,2.0509,0.00,0.0000,0.0027,0.0034,,,,,,,
25.8321,10,3,8.8295,34.6616,converged,3878.82,73830.74,2.0509,0.00,0.0000,0.0036,0.0028,,,,,,,
40.9418,8,3,11.2480,52.1890,converged,3878.82,73830.74,2.0509,0.00,0.0000,0.0031,0.0037,,,,,,,
50.9003,7,3,9.3281,60.2281,converged,3878.82,73830.74,2.0509,0.00,0.0000,0.0028,0.0087,,,,,,,
53.0509,6,3,9.5278,62.5778,converged,3878.82,73830.74,2.0509,0.00,0.0000,0.0046,0.0102,,,,,,,
31.7990,10,3,12.3551,44.1532,converged,3878.82,73830.74,2.0509,0.00,0.0000,0.0028,0.0032,,,,,,,
47.0311,7,3,9.9965,57.0275,converged,3878.82,73830.74,2.0509,0.00,0.0000,0.0029,0.0075,,,,,,,
30.7673,10,3,9.7074,40.4745,converged,3878.82,73830.74,2.0509,0.00,0.0000,0.0021,0.0037,,,,,,,
29.8575,10,3,9.5480,39.4050,converged,3878.82,73830.74,2.0509,0.00,0.0000,0.0034,0.0015,,,,,,,
34.2883,9,3,10.4215,44.7095,converged,3878.82,73830.74,2.0509,0.00,0.0000,0.0032,0.0033,,,,,,,
