31.0592,10,10,32.9300,63.9891,completed,3704.80,73765.74,0.4769,0.00,0.0000,0.1958,0.1511,0.2760,0.7768,1.0829,1.0586,0.7912,0.2980,0.1762
52.7945,6,3,10.7504,63.5445,converged,3704.80,73765.74,0.4769,0.00,0.0000,0.1384,0.0407,,,,,,,
42.2037,8,3,9.6875,51.8906,converged,3704.80,73765.74,0.4769,0.00,0.0000,0.1283,0.0519,,,,,,,
40.9129,8,8,25.7448,66.6569,completed,3704.80,73765.74,0.4769,0.00,0.0000,0.1103,0.1063,0.3660,0.8207,0.4265,0.3379,0.2724,,
59.8804,5,5,18.7468,78.6268,completed,3704.80,73765.74,0.4769,0.00,0.0000,0.1899,0.2045,1.3999,0.6207,,,,,
28.2626,10,3,9.3763,37.6384,converged,3704.80,73765.74,0.4769,0.00,0.0000,0.0461,0.0973,,,,,,,
52.0658,6,6,22.6883,74.7533,completed,3704.80,73765.74,0.4769,0.00,0.0000,0.2497,0.1278,1.8619,0.3573,0.3618,,,,
56.0335,6,6,27.2727,83.3058,completed,3704.80,73765.74,0.4769,0.00,0.0000,0.0849,0.5319,2.5244,1.3001,0.8514,,,,
35.5212,9,9,30.2099,65.7310,completed,3704.80,73765.74,0.4769,0.00,0.0000,0.1605,0.1191,0.3015,0.8273,1.1163,0.9423,0.2841,0.2182,
32.2455,10,10,32.4056,64.6506,completed,3704.80,73765.74,0.4769,0.00,0.0000,0.0241,0.1396,0.2747,0.8496,1.9574,1.1915,0.7977,0.5270,0.2796
43.0341,8,3,9.0862,52.1202,converged,3704.80,73765.74,0.4769,0.00,0.0000,0.1699,0.0980,,,,,,,
37.7681,9,9,28.1509,65.9189,completed,3704.80,73765.74,0.4769,0.02,0.0000,0.1511,0.1095,0.1566,0.4074,0.7738,0.3313,0.2094,0.2849,
32.4471,10,3,9.1876,41.6346,converged,3704.80,73765.74,0.4769,0.02,0.0000,0.0861,0.0383,,,,,,,
32.7505,10,3,9.4057,42.1557,converged,3704.81,73765.75,0.4769,0.04,0.0000,0.1265,0.0237,,,,,,,
47.8332,7,7,22.6212,70.4542,completed,3704.81,73765.75,0.4769,0.04,0.0000,0.1876,0.1405,0.2001,1.0952,0.2972,0.2613,,,
56.7027,6,6,20.4397,77.1418,completed,3704.82,73765.75,0.4768,0.13,0.0000,0.0956,0.1892,2.1533,1.1626,0.6352,,,,
59.5962,5,5,17.6075,77.2036,completed,3704.82,73765.75,0.4768,0.13,0.0000,0.4645,1.6566,1.4347,0.8845,,,,,
43.5344,8,3,9.4983,53.0323,converged,3704.87,73765.78,0.4768,0.28,0.0000,0.0278,0.0646,,,,,,,
39.9464,9,3,8.8535,48.7995,converged,3704.87,73765.78,0.4768,0.28,0.0000,0.0162,0.0301,,,,,,,
36.9224,9,3,9.5678,46.4898,converged,3704.93,73765.81,0.4767,0.40,0.0000,0.0430,0.0206,,,,,,,
46.8715,7,3,9.4916,56.3626,converged,3704.93,73765.81,0.4767,0.40,0.0000,0.0306,0.0645,,,,,,,
47.4433,7,3,9.0386,56.4816,converged,3705.03,73765.86,0.4767,0.55,0.0000,0.0416,0.0621,,,,,,,
50.7798,7,3,9.6212,60.4002,converged,3705.03,73765.86,0.4767,0.55,0.0000,0.0200,0.0812,,,,,,,
44.8425,8,3,10.1171,54.9591,converged,3705.15,73765.92,0.4766,0.70,0.0000,0.0167,0.0371,,,,,,,
50.9621,7,3,12.3663,63.3283,converged,3705.15,73765.92,0.4766,0.70,0.0000,0.0329,0.0741,,,,,,,
35.7788,9,3,20.8067,56.5848,converged,3705.33,73766.02,0.4762,0.90,0.0000,0.0095,0.0245,,,,,,,
55.3680,6,6,21.7538,77.1208,completed,3705.33,73766.02,0.4762,0.90,0.0000,0.0184,0.1239,0.3436,0.4038,0.1818,,,,
22.4713,10,3,9.5253,31.9964,converged,3705.55,73766.13,0.4751,1.13,0.0000,0.0140,0.0254,,,,,,,
32.3135,10,3,9.4097,41.7228,converged,3705.55,73766.13,0.4751,1.13,0.0000,0.0806,0.0739,,,,,,,
51.1899,7,3,10.2960,61.4851,converged,3705.77,73766.24,0.4740,1.32,0.0000,0.1331,0.0494,,,,,,,
58.3628,5,5,17.9118,76.2739,completed,3705.77,73766.24,0.4740,1.32,0.0000,0.1656,0.1642,0.3275,0.2726,,,,,
44.2526,8,3,9.7464,53.9984,converged,3706.09,73766.41,0.4726,1.57,0.0000,0.0954,0.0562,,,,,,,
34.0989,9,3,9.3982,43.4962,converged,3706.09,73766.41,0.4726,1.57,0.0000,0.0697,0.0484,,,,,,,
33.6395,10,3,10.1940,43.8331,converged,3706.43,73766.58,0.4719,1.81,0.0000,0.0586,0.0373,,,,,,,
21.6159,10,3,10.1989,31.8139,converged,3706.43,73766.58,0.4719,1.81,0.0000,0.0425,0.0283,,,,,,,
56.1541,6,3,13.5852,69.7392,converged,3706.77,73766.76,0.4716,2.02,0.0000,0.1233,0.0221,,,,,,,
36.1283,9,3,9.1483,45.2763,converged,3706.77,73766.76,0.4716,2.02,0.0000,0.0497,0.0410,,,,,,,
29.1966,10,3,10.3462,39.5423,converged,3707.20,73766.98,0.4718,2.27,0.0000,0.0394,0.0362,,,,,,,
24.3034,10,3,9.8651,34.1681,converged,3707.20,73766.98,0.4718,2.27,0.0000,0.0397,0.0410,,,,,,,
48.4973,7,3,9.1757,57.6727,converged,3707.63,73767.19,0.4728,2.49,0.0000,0.0927,0.0416,,,,,,,
55.2800,6,6,20.0803,75.3603,completed,3707.63,73767.19,0.4728,2.49,0.0000,0.0472,0.1008,0.2099,0.2804,0.5100,,,,
24.9464,10,3,8.9092,33.8553,converged,3708.21,73767.49,0.4747,2.77,0.0000,0.0571,0.0591,,,,,,,
40.2279,8,3,9.5215,49.7485,converged,3708.46,73767.62,0.4757,2.88,0.0000,0.0595,0.0367,,,,,,,
39.2561,9,3,8.7526,48.0087,converged,3708.46,73767.62,0.4757,2.88,0.0000,0.0766,0.0824,,,,,,,
49.7376,7,3,9.7631,59.5001,converged,3709.00,73767.90,0.4777,3.09,0.0000,0.0634,0.0150,,,,,,,
47.9856,7,3,8.8568,56.8418,converged,3709.00,73767.90,0.4777,3.09,0.0000,0.1134,0.0553,,,,,,,
53.5254,6,3,9.3230,62.8480,converged,3709.63,73768.23,0.4781,3.31,0.0000,0.1408,0.0245,,,,,,,
29.8135,10,3,9.0952,38.9083,converged,3709.63,73768.23,0.4781,3.31,0.0000,0.0775,0.0752,,,,,,,
55.1995,6,3,9.3402,64.5392,converged,3710.32,73768.58,0.4782,3.53,0.0000,0.1526,0.0661,,,,,,,
22.7168,10,4,12.1120,34.8280,converged,3710.32,73768.58,0.4782,3.53,0.0000,0.0835,0.1103,0.0138,,,,,,
48.4033,7,3,9.5033,57.9063,converged,3711.04,73768.96,0.4785,3.75,0.0000,0.0985,0.0501,,,,,,,
22.6995,10,4,12.3099,35.0090,converged,3711.04,73768.96,0.4785,3.75,0.0000,0.0834,0.1388,0.0519,,,,,,
23.4906,10,3,9.2108,32.7008,converged,3711.72,73769.31,0.4784,3.93,0.0000,0.0633,0.0489,,,,,,,
38.0996,9,9,28.7155,66.8146,completed,3711.72,73769.31,0.4784,3.93,0.0000,0.1022,0.1028,0.1337,0.4542,0.3047,0.3241,0.4338,0.4668,
31.6570,10,4,15.3746,47.0316,converged,3712.53,73769.73,0.4777,4.11,0.0000,0.0994,0.1007,0.0365,,,,,,
31.5257,10,4,11.8402,43.3652,converged,3712.53,73769.73,0.4777,4.11,0.0000,0.1188,0.1136,0.0648,,,,,,
53.5382,6,6,21.2943,74.8323,completed,3713.27,73770.11,0.4771,4.26,0.0000,0.1438,0.1236,0.4283,0.3181,0.8446,,,,
33.2133,10,4,17.5404,50.7535,converged,3713.27,73770.11,0.4771,4.26,0.0000,0.0979,0.1279,0.0452,,,,,,
58.8490,5,5,17.8014,76.6494,completed,3714.13,73770.56,0.4757,4.37,0.0000,0.2124,0.2966,0.1314,0.6697,,,,,
27.8633,10,4,12.6456,40.5086,converged,3714.13,73770.56,0.4757,4.37,0.0000,0.0996,0.1062,0.0535,,,,,,
37.6402,9,4,12.1673,49.8073,converged,3715.02,73771.01,0.4725,4.48,0.0000,0.1173,0.1449,0.0118,,,,,,
23.3349,10,3,9.2092,32.5432,converged,3715.52,73771.27,0.4714,4.54,0.0000,0.0772,0.0716,,,,,,,
26.7840,10,4,12.3960,39.1790,converged,3715.52,73771.27,0.4714,4.54,0.0000,0.1012,0.1662,0.0779,,,,,,
27.3504,10,3,9.1278,36.4778,converged,3716.24,73771.63,0.4701,4.62,0.0000,0.0812,0.0924,,,,,,,
43.6748,8,8,25.9929,69.6669,completed,3716.24,73771.63,0.4701,4.62,0.0000,0.1193,0.1125,0.1499,0.1821,0.5061,0.6551,0.5457,,
29.4703,10,3,9.1562,38.6262,converged,3717.17,73772.11,0.4690,4.70,0.0000,0.0452,0.0915,,,,,,,
50.3438,7,3,9.0835,59.4266,converged,3717.17,73772.11,0.4690,4.70,0.0000,0.0990,0.0697,,,,,,,
23.8108,10,3,9.1527,32.9627,converged,3718.02,73772.54,0.4698,4.77,0.0000,0.0632,0.0697,,,,,,,
54.9108,6,6,20.0614,74.9714,completed,3718.02,73772.54,0.4698,4.77,0.0000,0.0938,0.1822,0.5200,0.4904,0.1463,,,,
45.6148,8,3,9.2834,54.8974,converged,3718.98,73773.02,0.4712,4.82,0.0000,0.0289,0.0395,,,,,,,
47.2188,7,3,9.6758,56.8938,converged,3718.98,73773.02,0.4712,4.82,0.0000,0.0833,0.0762,,,,,,,
35.9104,9,3,10.4017,46.3118,converged,3719.95,73773.52,0.4717,4.85,0.0000,0.0682,0.0717,,,,,,,
54.6850,6,3,9.1571,63.8411,converged,3719.95,73773.52,0.4717,4.85,0.0000,0.1142,0.0972,,,,,,,
40.4711,8,3,9.2546,49.7257,converged,3720.92,73774.02,0.4724,4.87,0.0000,0.0511,0.0798,,,,,,,
51.5941,7,7,24.0911,75.6851,completed,3720.92,73774.02,0.4724,4.87,0.0000,0.1208,0.1172,0.5139,0.3966,0.4273,0.3877,,,
42.7501,8,8,27.6234,70.3735,completed,3721.90,73774.52,0.4728,4.88,0.0000,0.0624,0.1200,0.7377,0.7527,0.5132,0.5291,0.4109,,
33.9298,10,10,34.4328,68.3618,completed,3721.90,73774.52,0.4728,4.88,0.0000,0.0618,0.2520,0.9521,3.6757,5.2819,2.4428,1.6996,0.5737,0.3009
33.5928,10,3,9.4659,43.0579,converged,3722.99,73775.07,0.4748,4.87,0.0000,0.0441,0.0421,,,,,,,
39.6579,9,3,9.4129,49.0699,converged,3722.99,73775.07,0.4748,4.87,0.0000,0.0606,0.0908,,,,,,,
24.6245,10,4,13.8866,38.5107,converged,3723.85,73775.52,0.4759,4.81,0.0000,0.0948,0.1301,0.0412,,,,,,
40.3794,8,8,26.8284,67.2074,completed,3723.85,73775.52,0.4759,4.81,0.0000,0.0964,0.1321,0.1793,1.3022,0.3551,0.3546,0.1717,,
29.3663,10,3,9.4159,38.7819,converged,3724.80,73776.00,0.4735,4.66,0.0000,0.0583,0.0976,,,,,,,
30.0836,10,3,10.1422,40.2252,converged,3724.80,73776.00,0.4735,4.66,0.0000,0.0504,0.0588,,,,,,,
33.8056,10,4,13.8297,47.6347,converged,3725.62,73776.42,0.4727,4.56,0.0000,0.0641,0.1130,0.0446,,,,,,
56.6449,6,6,29.2852,85.9293,completed,3725.62,73776.42,0.4727,4.56,0.0000,0.0923,0.7366,0.7698,0.3714,0.1170,,,,
47.2692,7,7,32.6976,79.9666,completed,3726.62,73776.94,0.4752,4.49,0.0000,0.1823,0.2384,0.8686,1.1950,0.4704,0.2020,,,
20.7900,10,10,32.9150,53.7040,completed,3726.62,73776.94,0.4752,4.49,0.0000,0.0799,0.1549,0.1620,0.3806,1.1202,0.3418,0.6726,0.3228,0.1015
29.8618,10,10,32.1156,61.9766,completed,3727.62,73777.45,0.4776,4.44,0.0000,0.1324,0.2048,0.1150,0.1984,1.0026,0.1571,0.1568,0.1526,0.1382
34.7054,9,4,11.7658,46.4709,converged,3727.62,73777.45,0.4776,4.44,0.0000,0.1462,0.2323,0.0344,,,,,,
21.6305,10,5,15.3345,36.9646,converged,3728.50,73777.91,0.4780,4.36,0.0000,0.1212,0.1192,0.1394,0.0809,,,,,
49.7041,7,3,8.9472,58.6513,converged,3728.50,73777.91,0.4780,4.36,0.0000,0.2010,0.0907,,,,,,,
39.2568,9,9,28.6485,67.9045,completed,3729.26,73778.30,0.4754,4.28,0.0000,0.1021,0.1262,0.2630,0.1999,0.2953,0.3261,0.2861,0.1389,
30.9301,10,4,11.8974,42.8274,converged,3729.26,73778.30,0.4754,4.28,0.0000,0.1665,0.2333,0.0392,,,,,,
55.0196,6,3,9.6798,64.6988,converged,3730.11,73778.74,0.4710,4.19,0.0000,0.2302,0.0780,,,,,,,
56.1449,6,3,9.2173,65.3614,converged,3730.11,73778.74,0.4710,4.19,0.0000,0.2945,0.0486,,,,,,,
44.0820,8,8,28.1171,72.1981,completed,3731.04,73779.21,0.4646,4.10,0.0000,0.0418,0.1380,0.1027,0.5011,0.7187,0.2264,0.2005,,
48.9037,7,7,22.5519,71.4550,completed,3731.04,73779.21,0.4646,4.10,0.0000,0.1601,0.1823,0.4645,1.2318,2.0384,1.4624,,,
37.6750,9,3,9.7709,47.4459,converged,3731.95,73779.65,0.4532,4.02,0.0000,0.0588,0.0746,,,,,,,
26.0340,10,4,13.6420,39.6760,converged,3731.95,73779.65,0.4532,4.02,0.0000,0.1215,0.1553,0.0579,,,,,,
22.9517,10,3,9.3466,32.2977,converged,3732.66,73780.00,0.4417,3.96,0.0000,0.0708,0.0993,,,,,,,
27.4152,10,4,11.5907,39.0058,converged,3732.66,73780.00,0.4417,3.96,0.0000,0.0437,0.1001,0.0577,,,,,,
22.7599,10,10,31.1355,53.8945,completed,3733.38,73780.33,0.4231,3.93,0.0000,0.2023,0.3176,0.1905,0.1654,0.2572,0.2836,0.5530,0.1836,0.2322
45.4576,8,8,34.7787,80.2357,completed,3733.38,73780.33,0.4231,3.93,0.0000,0.2177,0.2260,0.3974,0.8114,0.9437,0.3196,0.4512,,
37.1035,9,4,12.0899,49.1929,converged,3734.27,73780.72,0.3877,3.85,0.0000,0.2614,0.3338,0.0793,,,,,,
35.5292,9,9,29.9400,65.4690,completed,3734.27,73780.72,0.3877,3.85,0.0000,0.1300,0.2352,0.1291,0.2519,0.5920,0.1781,0.1605,0.3743,
34.3567,9,4,13.5461,47.9021,converged,3735.08,73781.03,0.3511,3.80,0.0000,0.1786,0.2498,0.0750,,,,,,
43.9201,8,4,11.5587,55.4787,converged,3735.08,73781.03,0.3511,3.80,0.0000,0.2028,0.3292,0.0775,,,,,,
22.8090,10,4,12.1116,34.9206,converged,3735.88,73781.30,0.3069,3.74,0.0000,0.1215,0.1433,0.0454,,,,,,
32.6285,10,4,11.5304,44.1584,converged,3735.88,73781.30,0.3069,3.74,0.0000,0.1200,0.1271,0.0356,,,,,,
38.2117,9,4,11.9557,50.1668,converged,3736.50,73781.49,0.2667,3.71,0.0000,0.1160,0.1602,0.0371,,,,,,
44.9186,8,4,13.1646,58.0826,converged,3736.50,73781.49,0.2667,3.71,0.0000,0.0664,0.1858,0.0956,,,,,,
20.6256,10,5,15.1553,35.7803,converged,3737.31,73781.68,0.2110,3.69,0.0000,0.0844,0.1512,0.1039,0.0555,,,,,
54.3388,6,6,21.1502,75.4882,completed,3737.67,73781.76,0.1867,3.69,0.0000,0.0890,0.1569,0.3848,0.4295,0.3828,,,,
22.2714,10,3,13.3778,35.6488,converged,3737.67,73781.76,0.1867,3.69,0.0000,0.0266,0.0546,,,,,,,
49.1275,7,3,9.3402,58.4672,converged,3738.49,73781.89,0.1343,3.67,0.0000,0.0586,0.0971,,,,,,,
25.9395,10,3,9.1311,35.0702,converged,3738.49,73781.89,0.1343,3.67,0.0000,0.0301,0.0436,,,,,,,
28.9545,10,3,9.9799,38.9339,converged,3739.31,73781.98,0.0841,3.66,0.0000,0.0398,0.0907,,,,,,,
43.3341,8,4,14.1837,57.5177,converged,3739.31,73781.98,0.0841,3.66,0.0000,0.0355,0.1383,0.0913,,,,,,
41.9710,8,8,27.1095,69.0813,completed,3740.04,73782.02,0.0347,3.66,0.0000,0.0497,0.1267,0.1620,0.3543,0.2694,0.2626,0.3752,,
59.7615,5,5,16.9731,76.7341,completed,3740.04,73782.02,0.0347,3.66,0.0000,0.1374,0.3749,0.8012,0.2215,,,,,
24.4374,10,3,9.0422,33.4793,converged,3741.05,73782.01,-0.0522,3.65,0.0000,0.0465,0.0444,,,,,,,
48.9965,7,7,30.8176,79.8137,completed,3741.05,73782.01,-0.0522,3.65,0.0000,0.0468,0.1553,0.1442,0.9569,0.1996,0.4288,,,
53.9214,6,6,21.3143,75.2354,completed,3741.86,73781.94,-0.1294,3.61,0.0000,0.1718,0.2322,0.3541,0.5245,0.3513,,,,
37.2544,9,9,29.1097,66.3637,completed,3741.86,73781.94,-0.1294,3.61,0.0000,0.0706,0.1430,0.1276,0.1445,0.9807,0.4597,0.2349,0.4022,
36.3021,9,9,27.4493,63.7513,completed,3742.74,73781.79,-0.2217,3.54,0.0000,0.1456,0.2456,0.1217,0.2404,1.0413,0.5279,0.1908,0.3672,
37.7748,9,9,28.9145,66.6885,completed,3742.74,73781.79,-0.2217,3.54,0.0000,0.1358,0.2300,0.1085,0.1118,0.3445,0.2556,0.3236,0.3120,
29.0314,10,4,13.7601,42.7911,converged,3743.50,73781.58,-0.3105,3.45,0.0000,0.0890,0.1441,0.0526,,,,,,
30.9098,10,10,34.3959,65.3049,completed,3743.50,73781.58,-0.3105,3.45,0.0000,0.0816,0.1818,0.2391,0.1837,0.3160,0.1982,0.2309,0.2919,0.2251
38.4038,9,9,29.6178,68.0208,completed,3744.22,73781.31,-0.4039,3.38,0.0000,0.1101,0.1110,0.2509,1.1534,0.5230,0.9554,0.9899,0.3983,
41.2112,8,8,25.2186,66.4297,completed,3744.22,73781.31,-0.4039,3.38,0.0000,0.0858,0.1603,0.1033,0.3594,0.1794,0.2639,0.2962,,
44.8855,8,4,11.4479,56.3330,converged,3744.97,73780.95,-0.4966,3.33,0.0000,0.1502,0.1788,0.0986,,,,,,
29.1015,10,10,32.3267,61.4278,completed,3744.97,73780.95,-0.4966,3.33,0.0000,0.1660,0.2036,0.1697,0.1047,0.2115,0.1184,0.1528,0.1249,0.1794
20.4318,10,10,32.0678,52.4988,completed,3745.62,73780.56,-0.5717,3.33,0.0000,0.1548,0.2016,0.1999,0.2477,0.6396,0.4679,0.3254,0.2895,0.2066
26.2382,10,10,33.1904,59.4285,completed,3745.62,73780.56,-0.5717,3.33,0.0000,0.1186,0.1555,0.1405,0.2268,0.3860,0.6203,0.3748,0.1950,0.2269
57.0266,6,6,20.9612,77.9872,completed,3746.24,73780.13,-0.6438,3.38,0.0000,0.1986,0.1079,0.4991,0.3498,0.2892,,,,
26.6495,10,10,33.8186,60.4676,completed,3746.24,73780.13,-0.6438,3.38,0.0000,0.0926,0.1372,0.1342,0.3432,0.7984,0.3707,0.2084,0.2520,0.2215
20.8021,10,10,31.8020,52.6041,completed,3746.90,73779.60,-0.7205,3.43,0.0000,0.1564,0.2581,0.2907,0.5756,1.0683,0.7269,0.3274,0.3203,0.2250
27.5364,10,10,30.8209,58.3569,completed,3746.90,73779.60,-0.7205,3.43,0.0000,0.1873,0.2570,0.2137,0.4124,0.7985,0.7270,0.3299,0.1727,0.2122
55.4820,6,6,21.3078,76.7888,completed,3747.46,73779.07,-0.7791,3.48,0.0000,0.3660,0.3776,1.3885,1.5445,0.7555,,,,
51.7721,7,3,9.5099,61.2820,converged,3747.46,73779.07,-0.7791,3.48,0.0000,0.1748,0.0835,,,,,,,
55.6247,6,6,20.5625,76.1865,completed,3748.07,73778.43,-0.8344,3.58,0.0000,0.2133,0.1630,0.6104,0.4805,0.1695,,,,
52.0359,6,6,21.4579,73.4930,completed,3748.07,73778.43,-0.8344,3.58,0.0000,0.2501,0.1535,0.8640,0.2450,0.1980,,,,
29.1510,10,3,10.8262,39.9772,converged,3748.67,73777.74,-0.8828,3.71,0.0000,0.0841,0.0967,,,,,,,
34.6367,9,4,13.6853,48.3213,converged,3748.67,73777.74,-0.8828,3.71,0.0000,0.1043,0.1259,0.0534,,,,,,
55.4414,6,6,21.4892,76.9302,completed,3749.14,73777.15,-0.9199,3.83,0.0000,0.1978,0.1683,0.7849,0.9491,0.3886,,,,
28.1501,10,3,10.1387,38.2887,converged,3749.14,73777.15,-0.9199,3.83,0.0000,0.0659,0.0979,,,,,,,
42.3791,8,4,12.2023,54.5813,converged,3749.65,73776.44,-0.9613,3.94,0.0000,0.1293,0.1462,0.0536,,,,,,
59.5581,5,5,17.6738,77.2318,completed,3749.65,73776.44,-0.9613,3.94,0.0000,0.2062,0.2475,1.1980,0.9884,,,,,
23.7267,10,4,12.0971,35.8231,converged,3750.21,73775.61,-0.9998,4.04,0.0000,0.1181,0.1453,0.0501,,,,,,
41.4014,8,3,9.8074,51.2084,converged,3750.21,73775.61,-0.9998,4.04,0.0000,0.0669,0.0907,,,,,,,
28.3216,10,4,12.9681,41.2891,converged,3750.64,73774.92,-1.0267,4.08,0.0000,0.1106,0.1249,0.0609,,,,,,
59.5244,5,3,10.5574,70.0814,converged,3750.64,73774.92,-1.0267,4.08,0.0000,0.2018,0.0939,,,,,,,
28.1170,10,3,9.0410,37.1570,converged,3751.10,73774.13,-1.0506,4.10,0.0000,0.0875,0.0884,,,,,,,
59.1305,5,3,9.1324,68.2625,converged,3751.10,73774.13,-1.0506,4.10,0.0000,0.1884,0.0725,,,,,,,
35.4832,9,4,12.3092,47.7922,converged,3751.51,73773.41,-1.0661,4.13,0.0000,0.1306,0.1495,0.0297,,,,,,
47.3028,7,3,9.4613,56.7633,converged,3751.51,73773.41,-1.0661,4.13,0.0000,0.0615,0.0646,,,,,,,
43.6382,8,3,9.3096,52.9477,converged,3751.95,73772.59,-1.0788,4.18,0.0000,0.0949,0.0717,,,,,,,
50.1947,7,3,9.4249,59.6190,converged,3751.95,73772.59,-1.0788,4.18,0.0000,0.0893,0.0525,,,,,,,
29.0537,10,3,13.2194,42.2724,converged,3752.40,73771.75,-1.0868,4.25,0.0000,0.0694,0.0684,,,,,,,
45.6280,8,3,9.5038,55.1308,converged,3752.40,73771.75,-1.0868,4.25,0.0000,0.0899,0.0938,,,,,,,
47.9502,7,3,9.4030,57.3530,converged,3752.79,73770.99,-1.0908,4.30,0.0000,0.1092,0.0452,,,,,,,
28.0690,10,3,10.1204,38.1885,converged,3752.79,73770.99,-1.0908,4.30,0.0000,0.0699,0.0924,,,,,,,
53.8954,6,6,30.3965,84.2915,completed,3753.24,73770.13,-1.0927,4.34,0.0000,0.1467,0.1728,0.6946,0.9328,0.6040,,,,
51.1544,7,4,12.2332,63.3872,converged,3753.24,73770.13,-1.0927,4.34,0.0000,0.0928,0.1081,0.0905,,,,,,
29.9883,10,3,9.7693,39.7573,converged,3753.74,73769.16,-1.0931,4.37,0.0000,0.0622,0.0562,,,,,,,
22.5451,10,3,13.3751,35.9202,converged,3753.74,73769.16,-1.0931,4.37,0.0000,0.0604,0.0908,,,,,,,
57.8724,6,3,9.6126,67.4846,converged,3754.09,73768.49,-1.0931,4.36,0.0000,0.0668,0.0788,,,,,,,
32.5484,10,3,9.1348,41.6828,converged,3754.09,73768.49,-1.0931,4.36,0.0000,0.0342,0.0373,,,,,,,
36.6325,9,3,9.6239,46.2559,converged,3754.59,73767.52,-1.0934,4.36,0.0000,0.0410,0.0254,,,,,,,
28.5651,10,3,9.2743,37.8393,converged,3754.59,73767.52,-1.0934,4.36,0.0000,0.0299,0.0506,,,,,,,
33.2548,10,3,10.6982,43.9522,converged,3754.94,73766.84,-1.0937,4.34,0.0000,0.0220,0.0191,,,,,,,
38.1111,9,3,9.0560,47.1671,converged,3754.94,73766.84,-1.0937,4.34,0.0000,0.0365,0.0529,,,,,,,
36.2219,9,3,9.0937,45.3148,converged,3755.39,73765.98,-1.0943,4.29,0.0000,0.0285,0.0225,,,,,,,
32.8370,10,3,9.2638,42.1009,converged,3755.39,73765.98,-1.0943,4.29,0.0000,0.0436,0.0613,,,,,,,
51.6350,7,3,9.2791,60.9141,converged,3755.78,73765.22,-1.0949,4.23,0.0000,0.0452,0.0849,,,,,,,
20.5797,10,3,9.7566,30.3356,converged,3755.78,73765.22,-1.0949,4.23,0.0000,0.0378,0.0666,,,,,,,
31.9876,10,3,14.1409,46.1280,converged,3756.16,73764.48,-1.0957,4.17,0.0000,0.0189,0.0171,,,,,,,
32.4592,10,3,10.0589,42.5180,converged,3756.16,73764.48,-1.0957,4.17,0.0000,0.0215,0.0239,,,,,,,
34.8139,9,3,9.9507,44.7638,converged,3756.54,73763.74,-1.0969,4.09,0.0000,0.0210,0.0248,,,,,,,
49.0887,7,7,27.9819,77.0700,completed,3756.54,73763.74,-1.0969,4.09,0.0000,0.0658,0.1283,0.4431,0.8466,0.4002,0.3090,,,
50.2137,7,3,9.6251,59.8382,converged,3757.00,73762.84,-1.0984,3.98,0.0000,0.0299,0.0477,,,,,,,
40.5771,8,3,10.1431,50.7201,converged,3757.00,73762.84,-1.0984,3.98,0.0000,0.0263,0.0195,,,,,,,
42.7478,8,3,9.1540,51.9010,converged,3757.40,73762.05,-1.0998,3.89,0.0000,0.0265,0.0364,,,,,,,
36.7236,9,3,10.2956,47.0186,converged,3757.40,73762.05,-1.0998,3.89,0.0000,0.0400,0.0641,,,,,,,
53.5674,6,3,9.2505,62.8175,converged,3757.75,73761.37,-1.1018,3.82,0.0000,0.0502,0.0606,,,,,,,
21.0888,10,3,10.5908,31.6788,converged,3757.75,73761.37,-1.1018,3.82,0.0000,0.0294,0.0321,,,,,,,
27.3120,10,3,9.5840,36.8950,converged,3758.14,73760.61,-1.1042,3.75,0.0000,0.0413,0.0299,,,,,,,
57.2163,6,3,8.7962,66.0123,converged,3758.14,73760.61,-1.1042,3.75,0.0000,0.0468,0.0604,,,,,,,
28.3791,10,3,8.8997,37.2788,converged,3758.47,73759.94,-1.1064,3.69,0.0000,0.0564,0.0615,,,,,,,
25.0566,10,3,9.3166,34.3726,converged,3758.47,73759.94,-1.1064,3.69,0.0000,0.0526,0.0784,,,,,,,
42.7386,8,3,9.3682,52.1062,converged,3758.80,73759.29,-1.1085,3.63,0.0000,0.0759,0.0855,,,,,,,
37.0125,9,3,9.3010,46.3131,converged,3758.80,73759.29,-1.1085,3.63,0.0000,0.0562,0.0699,,,,,,,
45.3411,8,3,8.9232,54.2643,converged,3759.12,73758.64,-1.1103,3.55,0.0000,0.0763,0.0705,,,,,,,
45.5679,8,3,9.2203,54.7873,converged,3759.12,73758.64,-1.1103,3.55,0.0000,0.0837,0.0922,,,,,,,
56.8209,6,3,10.2152,67.0353,converged,3759.47,73757.94,-1.1122,3.46,0.0000,0.1384,0.0404,,,,,,,
55.9195,6,3,10.8901,66.8092,converged,3759.47,73757.94,-1.1122,3.46,0.0000,0.1308,0.0450,,,,,,,
24.6305,10,3,9.6867,34.3168,converged,3759.84,73757.18,-1.1151,3.33,0.0000,0.0786,0.0840,,,,,,,
28.2750,10,4,11.9471,40.2212,converged,3759.84,73757.18,-1.1151,3.33,0.0000,0.1073,0.1207,0.0692,,,,,,
33.7798,10,3,9.2083,42.9873,converged,3760.10,73756.66,-1.1161,3.25,0.0000,0.0887,0.0922,,,,,,,
44.3742,8,3,9.7624,54.1364,converged,3760.10,73756.66,-1.1161,3.25,0.0000,0.0952,0.0616,,,,,,,
39.0280,9,4,13.1571,52.1841,converged,3760.41,73756.01,-1.1144,3.15,0.0000,0.0968,0.1087,0.0501,,,,,,
24.6289,10,4,14.2602,38.8882,converged,3760.41,73756.01,-1.1144,3.15,0.0000,0.0981,0.1156,0.0393,,,,,,
23.4322,10,4,12.2626,35.6946,converged,3760.69,73755.45,-1.1107,3.08,0.0000,0.0846,0.1041,0.0481,,,,,,
52.7885,6,6,20.6325,73.4206,completed,3760.69,73755.45,-1.1107,3.08,0.0000,0.2150,0.1255,0.1098,0.6405,0.4132,,,,
33.8001,10,3,9.4685,43.2685,converged,3760.96,73754.91,-1.1043,3.02,0.0000,0.0854,0.0979,,,,,,,
44.0776,8,3,9.3132,53.3902,converged,3760.96,73754.91,-1.1043,3.02,0.0000,0.0745,0.0556,,,,,,,
21.2237,10,4,12.2035,33.4266,converged,3761.23,73754.38,-1.0940,2.98,0.0000,0.0877,0.1100,0.0395,,,,,,
33.3093,10,4,12.7427,46.0517,converged,3761.23,73754.38,-1.0940,2.98,0.0000,0.0982,0.1265,0.0416,,,,,,
24.4053,10,3,9.8209,34.2259,converged,3761.51,73753.85,-1.0769,2.94,0.0000,0.0531,0.0903,,,,,,,
20.3381,10,3,10.1671,30.5052,converged,3761.51,73753.85,-1.0769,2.94,0.0000,0.0376,0.0699,,,,,,,
31.6882,10,3,9.2666,40.9546,converged,3761.75,73753.40,-1.0576,2.93,0.0000,0.0207,0.0372,,,,,,,
28.2808,10,3,8.9961,37.2761,converged,3761.75,73753.40,-1.0576,2.93,0.0000,0.0329,0.0547,,,,,,,
36.5342,9,3,9.7012,46.2353,converged,3762.05,73752.90,-1.0308,2.93,0.0000,0.0473,0.0910,,,,,,,
52.8985,6,3,9.4403,62.3383,converged,3762.05,73752.90,-1.0308,2.93,0.0000,0.0470,0.0378,,,,,,,
58.5322,5,5,17.1427,75.6748,completed,3762.40,73752.34,-0.9896,2.91,0.0000,0.1506,0.2440,0.2376,0.2651,,,,,
32.0800,10,3,11.8070,43.8861,converged,3762.40,73752.34,-0.9896,2.91,0.0000,0.0175,0.0354,,,,,,,
48.7710,7,7,23.3177,72.0887,completed,3762.77,73751.81,-0.9372,2.86,0.0000,0.0534,0.1100,0.1794,0.1873,0.2324,0.2801,,,
38.6141,9,3,9.1050,47.7190,converged,3762.77,73751.81,-0.9372,2.86,0.0000,0.0278,0.0636,,,,,,,
39.1287,9,3,9.8972,49.0252,converged,3763.16,73751.30,-0.8746,2.80,0.0000,0.0264,0.0535,,,,,,,
28.9210,10,3,9.2836,38.2037,converged,3763.16,73751.30,-0.8746,2.80,0.0000,0.0209,0.0375,,,,,,,
34.3306,9,3,13.4843,47.8144,converged,3763.53,73750.89,-0.8098,2.71,0.0000,0.0311,0.0849,,,,,,,
28.4771,10,3,9.6419,38.1190,converged,3763.53,73750.89,-0.8098,2.71,0.0000,0.0261,0.0566,,,,,,,
34.5783,9,4,12.5541,47.1321,converged,3764.00,73750.43,-0.7236,2.56,0.0000,0.0551,0.1151,0.0733,,,,,,
39.6030,9,4,12.3374,51.9394,converged,3764.00,73750.43,-0.7236,2.56,0.0000,0.0481,0.1049,0.0680,,,,,,
37.1286,9,5,14.8167,51.9447,converged,3764.39,73750.11,-0.6523,2.45,0.0000,0.0589,0.1893,0.1858,0.0916,,,,,
40.1704,8,8,27.7796,67.9497,completed,3764.39,73750.11,-0.6523,2.45,0.0000,0.0301,0.1359,0.1375,0.2633,0.4011,0.2903,0.1389,,
53.8598,6,6,20.0990,73.9580,completed,3764.83,73749.81,-0.5673,2.33,0.0000,0.0776,0.3208,0.4697,0.5637,0.5388,,,,
30.6572,10,3,8.8678,39.5249,converged,3764.83,73749.81,-0.5673,2.33,0.0000,0.0372,0.0392,,,,,,,
50.5846,7,7,37.9092,88.4933,completed,3765.32,73749.53,-0.4665,2.19,0.0000,0.0844,0.1708,0.2519,0.6784,0.2745,0.4617,,,
26.8111,10,3,10.7732,37.5842,converged,3765.32,73749.53,-0.4665,2.19,0.0000,0.0233,0.0300,,,,,,,
39.7642,9,9,35.5071,75.2711,completed,3765.81,73749.31,-0.3634,2.08,0.0000,0.0706,0.1033,0.2448,0.1474,0.4870,0.7032,0.4200,0.3425,
29.0735,10,3,9.0203,38.0934,converged,3765.81,73749.31,-0.3634,2.08,0.0000,0.0222,0.0618,,,,,,,
47.5335,7,3,8.8249,56.3580,converged,3766.25,73749.17,-0.2724,2.04,0.0000,0.1414,0.0581,,,,,,,
40.7140,8,4,12.8566,53.5706,converged,3766.25,73749.17,-0.2724,2.04,0.0000,0.0263,0.1641,0.0481,,,,,,
40.3356,8,8,27.7074,68.0424,completed,3766.70,73749.06,-0.1828,2.12,0.0000,0.1167,0.1190,0.4807,0.8539,0.6872,0.3423,0.3469,,
53.8397,6,6,19.7632,73.6022,completed,3766.70,73749.06,-0.1828,2.12,0.0000,0.1174,0.1540,0.6026,0.2166,0.1260,,,,
27.8375,10,4,11.7177,39.5548,converged,3767.24,73748.99,-0.0821,2.23,0.0000,0.1152,0.1712,0.0242,,,,,,
28.8953,10,4,12.1651,41.0601,converged,3767.24,73748.99,-0.0821,2.23,0.0000,0.0812,0.1330,0.0651,,,,,,
24.7054,10,4,11.9584,36.6635,converged,3767.69,73748.97,-0.0060,2.28,0.0000,0.1173,0.1965,0.0418,,,,,,
29.8465,10,3,8.8949,38.7410,converged,3767.69,73748.97,-0.0060,2.28,0.0000,0.0295,0.0994,,,,,,,
57.3938,6,6,21.5254,78.9184,completed,3768.10,73748.98,0.0558,2.32,0.0000,0.2065,0.2714,1.4297,0.9259,0.3695,,,,
22.5265,10,4,12.6816,35.2076,converged,3768.10,73748.98,0.0558,2.32,0.0000,0.0408,0.1050,0.0688,,,,,,
57.1780,6,6,20.4992,77.6772,completed,3768.63,73749.03,0.1293,2.40,0.0000,0.1772,0.1113,0.2664,0.6410,0.1630,,,,
33.0231,10,3,10.1328,43.1559,converged,3768.63,73749.03,0.1293,2.40,0.0000,0.0276,0.0448,,,,,,,
37.6901,9,3,9.7104,47.4004,converged,3769.17,73749.12,0.1945,2.45,0.0000,0.0603,0.0723,,,,,,,
54.1868,6,6,21.0204,75.2064,completed,3769.17,73749.12,0.1945,2.45,0.0000,0.0703,0.1921,0.3463,0.7097,0.6669,,,,
43.8028,8,3,10.0149,53.8170,converged,3769.70,73749.24,0.2555,2.46,0.0000,0.0432,0.0609,,,,,,,
44.1783,8,3,8.9878,53.1658,converged,3769.70,73749.24,0.2555,2.46,0.0000,0.0582,0.0732,,,,,,,
35.9504,9,9,30.1301,66.0802,completed,3770.24,73749.40,0.3114,2.47,0.0000,0.0558,0.1676,0.2452,0.3424,0.8529,0.4825,0.3251,0.1905,
34.8471,9,3,9.2494,44.0964,converged,3770.24,73749.40,0.3114,2.47,0.0000,0.0203,0.0751,,,,,,,
30.0337,10,3,10.1680,40.2011,converged,3770.76,73749.58,0.3575,2.45,0.0000,0.0287,0.0655,,,,,,,
46.6550,7,3,9.0789,55.7329,converged,3770.76,73749.58,0.3575,2.45,0.0000,0.0218,0.0485,,,,,,,
22.7257,10,3,9.3365,32.0615,converged,3771.22,73749.76,0.3934,2.45,0.0000,0.0300,0.0616,,,,,,,
59.1317,5,5,17.6076,76.7386,completed,3771.22,73749.76,0.3934,2.45,0.0000,0.1309,0.3931,1.0006,0.7255,,,,,
28.5257,10,3,9.2979,37.8229,converged,3771.73,73749.98,0.4245,2.51,0.0000,0.0142,0.0442,,,,,,,
59.8596,5,5,28.2187,88.0777,completed,3771.73,73749.98,0.4245,2.51,0.0000,0.1407,0.4139,0.6861,0.4612,,,,,
42.2855,8,8,25.5556,67.8406,completed,3772.31,73750.25,0.4495,2.63,0.0000,0.0611,0.1203,0.2201,0.3520,0.7390,1.2542,0.5822,,
44.4280,8,8,39.0647,83.4928,completed,3772.31,73750.25,0.4495,2.63,0.0000,0.0638,0.1565,0.2505,0.3457,0.3089,0.7413,0.3816,,
54.4851,6,6,27.5964,82.0815,completed,3772.98,73750.59,0.4681,2.85,0.0000,0.0737,0.1796,0.4190,0.3817,0.5775,,,,
51.8829,7,3,9.7360,61.6181,converged,3772.98,73750.59,0.4681,2.85,0.0000,0.0234,0.0449,,,,,,,
54.5008,6,6,21.9053,76.4054,completed,3773.64,73750.92,0.4790,3.05,0.0000,0.0859,0.1120,0.9223,2.0245,1.0069,,,,
56.4395,6,3,12.9437,69.3827,converged,3773.64,73750.92,0.4790,3.05,0.0000,0.0650,0.0948,,,,,,,
31.7525,10,3,10.2754,42.0274,converged,3774.41,73751.33,0.4872,3.28,0.0000,0.0241,0.0338,,,,,,,
58.0844,5,3,9.1468,67.2309,converged,3774.41,73751.33,0.4872,3.28,0.0000,0.0575,0.0837,,,,,,,
58.6211,5,5,16.7218,75.3428,completed,3775.08,73751.69,0.4925,3.46,0.0000,0.0764,0.1511,0.7669,1.1658,,,,,
20.6232,10,3,9.7928,30.4158,converged,3775.08,73751.69,0.4925,3.46,0.0000,0.0178,0.0286,,,,,,,
57.7911,6,3,9.5162,67.3072,converged,3775.78,73752.06,0.4971,3.64,0.0000,0.0568,0.0786,,,,,,,
48.7139,7,3,10.5349,59.2479,converged,3775.78,73752.06,0.4971,3.64,0.0000,0.0256,0.0872,,,,,,,
42.5629,8,3,9.5370,52.0991,converged,3776.52,73752.47,0.5007,3.87,0.0000,0.0115,0.0515,,,,,,,
20.4828,10,3,9.1748,29.6569,converged,3776.52,73752.47,0.5007,3.87,0.0000,0.0304,0.0579,,,,,,,
36.4281,9,3,9.8361,46.2642,converged,3777.22,73752.85,0.5019,4.09,0.0000,0.0572,0.0764,,,,,,,
26.2641,10,3,8.7017,34.9657,converged,3777.22,73752.85,0.5019,4.09,0.0000,0.0117,0.0082,,,,,,,
59.9320,5,5,18.8725,78.8035,completed,3777.86,73753.20,0.5016,4.31,0.0000,0.0307,0.3989,0.3432,0.3545,,,,,
32.8185,10,3,9.7935,42.6115,converged,3777.86,73753.20,0.5016,4.31,0.0000,0.0127,0.0202,,,,,,,
27.3258,10,3,11.1509,38.4760,converged,3778.85,73753.74,0.4989,4.66,0.0000,0.0573,0.0467,,,,,,,
47.0158,7,3,9.1577,56.1727,converged,3778.85,73753.74,0.4989,4.66,0.0000,0.0841,0.0465,,,,,,,
53.2675,6,6,26.4580,79.7250,completed,3779.69,73754.20,0.4959,4.92,0.0000,0.0519,0.1031,0.6262,0.6650,0.6648,,,,
38.3586,9,3,9.0992,47.4572,converged,3779.69,73754.20,0.4959,4.92,0.0000,0.0400,0.0334,,,,,,,
42.5212,8,3,9.6527,52.1737,converged,3780.80,73754.80,0.4915,5.21,0.0000,0.0609,0.0557,,,,,,,
46.5641,7,3,9.8042,56.3682,converged,3780.80,73754.80,0.4915,5.21,0.0000,0.0662,0.0648,,,,,,,
33.7891,10,3,9.2143,43.0034,converged,3781.86,73755.36,0.4880,5.42,0.0000,0.0120,0.0113,,,,,,,
23.0497,10,3,9.5171,32.5662,converged,3781.86,73755.36,0.4880,5.42,0.0000,0.0577,0.0912,,,,,,,
24.6336,10,3,9.6088,34.2419,converged,3782.83,73755.88,0.4851,5.54,0.0000,0.0434,0.0677,,,,,,,
45.9656,8,3,10.2570,56.2221,converged,3782.83,73755.88,0.4851,5.54,0.0000,0.0365,0.0584,,,,,,,
45.5437,8,3,9.3756,54.9187,converged,3783.82,73756.40,0.4826,5.67,0.0000,0.0566,0.0415,,,,,,,
21.1206,10,3,9.7369,30.8570,converged,3783.82,73756.40,0.4826,5.67,0.0000,0.0266,0.0489,,,,,,,
58.1467,5,5,17.1546,75.3006,completed,3784.84,73756.93,0.4808,5.79,0.0000,0.0478,0.3542,0.8193,0.8694,,,,,
42.2889,8,3,9.0459,51.3339,converged,3784.84,73756.93,0.4808,5.79,0.0000,0.0325,0.0383,,,,,,,
58.5691,5,5,17.6141,76.1831,completed,3786.14,73757.60,0.4789,5.93,0.0000,0.0699,0.4776,0.5509,0.5675,,,,,
22.3009,10,3,9.2667,31.5668,converged,3786.14,73757.60,0.4789,5.93,0.0000,0.0400,0.0659,,,,,,,
58.3694,5,5,18.3751,76.7441,completed,3787.33,73758.22,0.4773,6.00,0.0000,0.0508,0.4092,0.4800,0.1187,,,,,
23.5803,10,3,8.7226,32.3027,converged,3787.33,73758.22,0.4773,6.00,0.0000,0.0669,0.0810,,,,,,,
53.9549,6,6,24.6471,78.6011,completed,3788.53,73758.84,0.4753,6.02,0.0000,0.0305,0.1520,0.5666,0.2215,0.3885,,,,
47.7259,7,7,23.4846,71.2096,completed,3788.53,73758.84,0.4753,6.02,0.0000,0.0674,0.2379,2.7062,0.5930,0.3018,0.3424,,,
44.4259,8,3,9.0612,53.4863,converged,3789.87,73759.53,0.4736,6.01,0.0000,0.0779,0.0588,,,,,,,
41.3944,8,8,25.4931,66.8871,completed,3789.87,73759.53,0.4736,6.01,0.0000,0.0320,0.1166,0.8939,1.0080,0.9568,1.3570,0.8264,,
59.5384,5,5,16.8801,76.4182,completed,3791.21,73760.21,0.4728,5.99,0.0000,0.0939,0.5779,0.5507,0.3685,,,,,
56.8587,6,6,20.0823,76.9403,completed,3791.21,73760.21,0.4728,5.99,0.0000,0.0603,0.1932,1.9713,0.9501,0.3473,,,,
35.5036,9,3,9.3637,44.8667,converged,3792.67,73760.96,0.4711,5.95,0.0000,0.0565,0.0576,,,,,,,
49.1948,7,7,24.1535,73.3475,completed,3792.67,73760.96,0.4711,5.95,0.0000,0.0563,0.2367,2.9905,2.3659,0.8050,0.5590,,,
31.8314,10,3,9.4767,41.3077,converged,3793.86,73761.56,0.4695,5.89,0.0000,0.0460,0.0283,,,,,,,
44.5648,8,8,27.0329,71.5970,completed,3793.86,73761.56,0.4695,5.89,0.0000,0.0130,0.1529,1.3061,0.9756,0.6300,0.2219,0.1635,,
57.0882,6,6,21.4084,78.4965,completed,3795.04,73762.16,0.4681,5.91,0.0000,0.0495,0.2987,1.3570,0.6563,0.1835,,,,
50.3771,7,3,9.4973,59.8744,converged,3795.04,73762.16,0.4681,5.91,0.0000,0.0359,0.0472,,,,,,,
35.5773,9,9,30.2552,65.8323,completed,3796.50,73762.90,0.4687,5.99,0.0000,0.0499,0.1155,0.1471,0.7794,0.6341,0.3224,0.2853,0.3930,
50.6112,7,7,22.6296,73.2407,completed,3796.50,73762.90,0.4687,5.99,0.0000,0.0733,0.2061,0.7448,0.3460,0.1498,0.3495,,,
56.5894,6,6,19.6958,76.2848,completed,3797.84,73763.58,0.4693,6.07,0.0000,0.0911,0.5171,1.7443,0.8818,0.3366,,,,
34.0804,9,9,29.0919,63.1719,completed,3797.84,73763.58,0.4693,6.07,0.0000,0.1025,0.2442,0.1904,0.2371,0.9462,1.0100,0.4787,0.3365,
57.9753,6,6,21.2552,79.2302,completed,3799.20,73764.27,0.4686,6.12,0.0000,0.0945,0.2051,1.0001,1.6430,0.6426,,,,
51.8267,7,3,9.8950,61.7210,converged,3799.20,73764.27,0.4686,6.12,0.0000,0.0305,0.0517,,,,,,,
30.1819,10,3,10.2619,40.4429,converged,3800.71,73765.03,0.4672,6.15,0.0000,0.1052,0.0810,,,,,,,
43.4694,8,3,9.0062,52.4753,converged,3800.71,73765.03,0.4672,6.15,0.0000,0.0525,0.0591,,,,,,,
55.3582,6,6,22.6767,78.0347,completed,3801.81,73765.59,0.4665,6.14,0.0000,0.1633,0.6057,4.1205,1.9716,1.3425,,,,
45.6135,8,8,26.4985,72.1115,completed,3801.81,73765.59,0.4665,6.14,0.0000,0.0901,0.1761,0.3316,1.8831,0.8473,0.3111,0.1559,,
55.8850,6,6,25.8655,81.7495,completed,3803.31,73766.34,0.4672,6.11,0.0000,0.0965,0.6763,3.2050,0.6831,0.1909,,,,
50.3274,7,7,29.6320,79.9591,completed,3803.31,73766.34,0.4672,6.11,0.0000,0.0633,0.3378,1.0566,1.1065,0.2778,0.3385,,,
47.5535,7,7,24.0559,71.6089,completed,3804.81,73767.10,0.4715,6.12,0.0000,0.0795,0.3308,1.7905,1.4101,0.2739,0.1936,,,
59.3048,5,5,18.5053,77.8093,completed,3804.81,73767.10,0.4715,6.12,0.0000,0.1008,0.1694,1.9683,0.4407,,,,,
45.8126,8,8,25.9688,71.7808,completed,3806.31,73767.87,0.4736,6.07,0.0000,0.1820,1.4636,5.4229,6.2499,1.5458,0.6512,0.4163,,
42.6464,8,3,9.3867,52.0328,converged,3806.31,73767.87,0.4736,6.07,0.0000,0.0472,0.0578,,,,,,,
27.4566,10,4,12.3822,39.8382,converged,3807.64,73768.56,0.4754,5.96,0.0000,0.1383,0.1748,0.0728,,,,,,
44.5205,8,8,31.3104,75.8305,completed,3807.64,73768.56,0.4754,5.96,0.0000,0.3148,0.5462,0.8044,1.6602,0.1392,0.1084,0.1236,,
27.6882,10,8,23.6092,51.2972,converged,3808.82,73769.16,0.4783,5.78,0.0000,0.2576,0.6206,1.1683,1.7932,2.0341,0.1802,0.0559,,
27.4511,10,3,9.2635,36.7146,converged,3808.82,73769.16,0.4783,5.78,0.0000,0.1032,0.0595,,,,,,,
43.9074,8,8,27.0252,70.9322,completed,3809.83,73769.69,0.4809,5.59,0.0000,0.1532,0.4277,2.1511,4.6250,1.3635,0.5281,0.2971,,
36.7558,9,9,30.2382,66.9932,completed,3809.83,73769.69,0.4809,5.59,0.0000,0.0692,0.1055,1.3816,4.8272,3.2536,1.0800,0.6974,0.3995,
33.1028,10,10,33.5795,66.6815,completed,3811.05,73770.32,0.4833,5.41,0.0000,0.2353,0.5842,0.9041,1.6575,2.1439,0.8015,1.5150,0.5614,0.2737
38.4407,9,9,27.0288,65.4688,converged,3811.05,73770.32,0.4833,5.41,0.0000,0.1674,0.2218,0.4601,2.1939,0.8331,0.2069,0.2063,0.0869,
53.7582,6,6,20.9010,74.6590,completed,3812.23,73770.95,0.4858,5.27,0.0000,0.7600,2.5206,3.0676,0.5154,0.2041,,,,
28.5490,10,10,33.3341,61.8821,completed,3812.23,73770.95,0.4858,5.27,0.0000,0.1807,0.3916,0.4596,0.8239,0.9267,0.2103,0.1885,0.1493,0.1235
41.0289,8,3,9.8727,50.9008,converged,3813.38,73771.55,0.4810,5.17,0.0000,0.1042,0.0301,,,,,,,
59.2055,5,5,17.5008,76.7059,completed,3813.38,73771.55,0.4810,5.17,0.0000,0.0552,0.4761,0.4082,0.6184,,,,,
21.2349,10,10,32.0176,53.2517,completed,3814.40,73772.08,0.4735,5.07,0.0000,0.0704,0.1710,0.9614,1.7929,4.3631,1.5917,1.1970,0.7475,0.4586
58.4809,5,5,17.3950,75.8750,completed,3814.40,73772.08,0.4735,5.07,0.0000,0.3022,0.1640,0.5579,1.0934,,,,,
28.9648,10,10,32.8575,61.8216,completed,3815.52,73772.65,0.4633,4.89,0.0000,0.2066,1.0061,4.6239,9.5550,3.2188,0.7084,0.4371,0.3244,0.3035
34.7482,9,9,28.7752,63.5232,completed,3815.52,73772.65,0.4633,4.89,0.0000,0.0691,0.2684,1.5762,5.5190,4.1863,0.8616,0.2765,0.1696,
52.4864,6,6,20.1320,72.6180,completed,3816.49,73773.13,0.4565,4.74,0.0000,0.0989,1.4269,0.7844,0.9367,0.4340,,,,
25.5305,10,3,9.5138,35.0438,converged,3816.49,73773.13,0.4565,4.74,0.0000,0.0548,0.0352,,,,,,,
30.3814,10,10,30.2877,60.6688,completed,3817.54,73773.63,0.4304,4.59,0.0000,0.1616,0.2856,0.9309,2.5434,3.1243,1.7986,0.7302,0.1478,0.1434
29.8687,10,10,34.1373,64.0054,completed,3817.54,73773.63,0.4304,4.59,0.0000,0.0469,0.1311,0.6495,1.9001,2.4990,2.1432,1.2663,0.3625,0.1500
40.7275,8,8,29.5779,70.3049,completed,3818.46,73774.04,0.4039,4.39,0.0000,0.1444,0.3946,0.9034,0.4061,2.9122,2.0426,0.7913,,
45.7672,8,8,27.4994,73.2664,completed,3818.46,73774.04,0.4039,4.39,0.0000,0.1206,0.6865,4.7902,7.4076,1.4369,0.6796,0.2334,,
59.5495,5,5,18.7431,78.2921,completed,3819.55,73774.48,0.3635,4.16,0.0000,0.1291,0.2619,0.4738,1.1888,,,,,
25.4582,10,3,13.9357,39.3937,converged,3819.55,73774.48,0.3635,4.16,0.0000,0.1539,0.0538,,,,,,,
41.0054,8,8,27.3055,68.3105,completed,3820.42,73774.79,0.3165,4.03,0.0000,0.1005,0.1412,0.5131,0.3699,0.4679,0.9651,0.9652,,
58.4957,5,5,19.7610,78.2560,completed,3820.42,73774.79,0.3165,4.03,0.0000,0.0580,1.2056,1.2231,1.4563,,,,,
40.9780,8,3,8.9105,49.8885,converged,3821.37,73775.07,0.2486,3.90,0.0000,0.1278,0.0993,,,,,,,
22.3582,10,3,8.9827,31.3408,converged,3821.37,73775.07,0.2486,3.90,0.0000,0.0421,0.0377,,,,,,,
44.4790,8,8,24.7000,69.1791,completed,3822.22,73775.25,0.1844,3.81,0.0000,0.1888,0.1910,0.7998,3.0878,2.0834,0.7955,1.0200,,
58.5399,5,5,17.3341,75.8731,completed,3822.22,73775.25,0.1844,3.81,0.0000,0.1394,0.1586,0.3794,0.6770,,,,,
55.5058,6,3,9.0389,64.5440,converged,3823.15,73775.39,0.1170,3.71,0.0000,0.3198,0.0979,,,,,,,
22.8498,10,3,9.1757,32.0247,converged,3823.15,73775.39,0.1170,3.71,0.0000,0.1129,0.0521,,,,,,,
32.0337,10,3,9.3259,41.3589,converged,3823.88,73775.46,0.0611,3.62,0.0000,0.1022,0.0812,,,,,,,
42.3276,8,8,25.0834,67.4104,completed,3823.88,73775.46,0.0611,3.62,0.0000,0.2361,0.2740,0.7173,4.4032,5.0029,1.9971,0.5672,,
58.9207,5,5,17.1751,76.0952,completed,3824.68,73775.48,-0.0008,3.53,0.0000,0.1334,0.5711,1.3544,0.8013,,,,,
40.1537,8,3,9.3206,49.4736,converged,3824.68,73775.48,-0.0008,3.53,0.0000,0.0743,0.0360,,,,,,,
49.2285,7,7,24.7847,74.0127,completed,3825.47,73775.45,-0.0731,3.47,0.0000,0.2720,0.1621,0.1766,1.2858,1.5369,1.2819,,,
53.7314,6,6,20.5590,74.2900,completed,3825.47,73775.45,-0.0731,3.47,0.0000,0.1911,0.1493,1.3407,0.6888,0.7403,,,,
20.6277,10,3,12.6578,33.2848,converged,3826.41,73775.34,-0.1633,3.48,0.0000,0.0579,0.0395,,,,,,,
33.2823,10,10,43.7916,77.0736,completed,3826.41,73775.34,-0.1633,3.48,0.0000,0.1551,0.2702,0.6521,5.9865,9.7259,1.8347,0.9161,0.3064,0.1803
22.4768,10,3,9.1049,31.5810,converged,3827.26,73775.16,-0.2531,3.48,0.0000,0.0224,0.0549,,,,,,,
24.1811,10,3,9.0597,33.2407,converged,3827.26,73775.16,-0.2531,3.48,0.0000,0.0294,0.0652,,,,,,,
47.4166,7,7,24.6260,72.0421,completed,3827.85,73774.99,-0.3236,3.47,0.0000,0.0780,0.1683,0.5409,1.4865,2.0606,1.0269,,,
41.2622,8,8,25.6970,66.9590,completed,3827.85,73774.99,-0.3236,3.47,0.0000,0.1260,0.1652,0.1349,1.1972,0.3484,0.3819,0.6197,,
49.4918,7,7,22.2427,71.7338,completed,3828.65,73774.67,-0.4280,3.43,0.0000,0.2348,0.1387,2.5177,5.1049,1.6175,0.9117,,,
36.8172,9,9,27.7241,64.5411,completed,3828.65,73774.67,-0.4280,3.43,0.0000,0.3206,0.3441,0.4596,1.6703,2.5436,1.9345,0.7628,0.4038,
27.7993,10,10,30.2125,58.0115,completed,3829.41,73774.28,-0.5180,3.43,0.0000,0.3216,0.5394,0.5003,0.6319,1.7236,1.6624,0.2806,0.1864,0.2131
52.4961,6,6,21.4270,73.9231,completed,3829.41,73774.28,-0.5180,3.43,0.0000,0.4481,0.5412,0.6330,1.6124,0.5477,,,,
59.1395,5,5,17.1148,76.2538,completed,3830.13,73773.83,-0.6027,3.40,0.0000,0.5969,1.4465,4.9487,1.7792,,,,,
24.7503,10,4,11.5508,36.3008,converged,3830.13,73773.83,-0.6027,3.40,0.0000,0.0560,0.1049,0.0732,,,,,,
59.9804,5,5,17.8420,77.8220,completed,3830.75,73773.38,-0.6695,3.36,0.0000,0.5252,2.3344,2.7873,1.4496,,,,,
43.8767,8,4,12.4038,56.2798,converged,3830.75,73773.38,-0.6695,3.36,0.0000,0.0584,0.1156,0.0701,,,,,,
34.6417,9,9,29.6682,64.3092,completed,3831.38,73772.84,-0.7388,3.27,0.0000,0.1483,0.1181,1.9183,4.7196,1.5786,1.1837,0.6888,0.3568,
53.2088,6,3,9.2095,62.4175,converged,3831.38,73772.84,-0.7388,3.27,0.0000,0.0583,0.0645,,,,,,,
44.8537,8,8,25.1294,69.9825,completed,3831.95,73772.28,-0.8021,3.14,0.0000,0.7811,1.6138,2.0040,2.8573,2.1437,0.5542,0.3317,,
34.9992,9,3,9.5924,44.5915,converged,3831.95,73772.28,-0.8021,3.14,0.0000,0.0124,0.0431,,,,,,,
59.0176,5,5,21.7796,80.7967,completed,3832.42,73771.77,-0.8513,3.04,0.0000,1.5115,2.1796,3.0726,1.6844,,,,,
21.3460,10,3,10.2405,31.5855,converged,3832.42,73771.77,-0.8513,3.04,0.0000,0.0083,0.0137,,,,,,,
38.7579,9,9,31.2264,69.9835,completed,3832.86,73771.25,-0.8949,2.98,0.0000,0.4891,0.8361,0.7660,0.9058,1.9246,1.3780,0.8878,0.5025,
29.2973,10,10,29.3562,58.6532,converged,3832.86,73771.25,-0.8949,2.98,0.0000,0.0522,0.1419,1.3267,1.9033,0.7973,1.1168,0.9440,0.1902,0.0630
21.7095,10,10,30.9983,52.7073,completed,3833.26,73770.72,-0.9362,2.92,0.0000,0.1564,0.2724,0.2100,0.1349,0.6161,1.2721,0.8943,0.4355,0.4030
52.0332,6,6,20.4725,72.5055,completed,3833.26,73770.72,-0.9362,2.92,0.0000,2.0809,2.8553,2.0997,1.9546,1.3911,,,,
46.1482,7,7,21.7231,67.8712,completed,3833.68,73770.13,-0.9800,2.87,0.0000,0.1178,0.2168,0.4325,1.2603,1.4800,1.2008,,,
55.9246,6,6,21.9044,77.8284,completed,3833.68,73770.13,-0.9800,2.87,0.0000,0.3071,2.0290,1.5200,1.9640,0.7580,,,,
46.8079,7,7,23.6429,70.4499,completed,3834.06,73769.53,-1.0155,2.83,0.0000,0.4029,0.3980,0.4144,0.4941,0.2095,0.3493,,,
29.6122,10,3,9.0153,38.6273,converged,3834.06,73769.53,-1.0155,2.83,0.0000,0.0019,0.0202,,,,,,,
37.1863,9,4,11.5050,48.6910,converged,3834.36,73769.05,-1.0378,2.88,0.0000,0.3302,0.3310,0.0419,,,,,,
33.4767,10,3,10.9660,44.4420,converged,3834.36,73769.05,-1.0378,2.88,0.0000,0.0094,0.0276,,,,,,,
35.0311,9,4,11.3167,46.3478,converged,3834.65,73768.55,-1.0585,2.89,0.0000,0.1607,0.1382,0.0645,,,,,,
23.6398,10,10,31.2335,54.8726,completed,3834.65,73768.55,-1.0585,2.89,0.0000,0.9611,1.6542,1.6801,1.2138,1.3615,0.8544,0.4813,0.3849,0.3442
29.1682,10,3,9.0866,38.2547,converged,3834.96,73767.98,-1.0855,2.84,0.0000,0.1046,0.0565,,,,,,,
20.2290,10,3,9.2073,29.4353,converged,3834.96,73767.98,-1.0855,2.84,0.0000,0.0213,0.0627,,,,,,,
35.0723,9,9,28.3875,63.4595,completed,3835.21,73767.48,-1.1027,2.80,0.0000,0.4322,0.4313,0.1657,0.3759,0.7202,0.7257,0.4074,0.3363,
58.7968,5,5,19.4542,78.2502,completed,3835.21,73767.48,-1.1027,2.80,0.0000,0.1129,0.2790,0.1877,0.1271,,,,,
56.7996,6,6,23.0917,79.8907,completed,3835.53,73766.85,-1.1130,2.80,0.0000,2.5843,2.5654,1.4042,0.8643,0.6005,,,,
57.8299,6,3,9.1378,66.9668,converged,3835.53,73766.85,-1.1130,2.80,0.0000,0.1377,0.0727,,,,,,,
27.1737,10,10,37.4605,64.6336,completed,3835.83,73766.23,-1.1180,2.78,0.0000,0.3793,0.4170,0.2025,0.1140,0.6425,0.4419,0.4447,0.3315,0.1466
25.0355,10,10,33.4835,58.5186,completed,3835.83,73766.23,-1.1180,2.78,0.0000,0.0907,0.1915,0.1909,0.3298,0.2110,0.4397,0.5946,0.2082,0.1914
20.6008,10,10,35.4772,56.0772,completed,3836.13,73765.60,-1.1231,2.76,0.0000,0.4304,0.2853,0.2297,0.5940,0.1449,0.5687,0.2734,0.1491,0.2439
23.6245,10,10,29.5670,53.1910,converged,3836.13,73765.60,-1.1231,2.76,0.0000,0.3654,0.5266,0.2608,1.2481,1.4513,0.1873,0.2390,0.1432,0.0747
38.2807,9,9,28.5490,66.8290,completed,3836.37,73765.11,-1.1248,2.69,0.0000,0.7379,1.4215,2.1881,0.7035,0.2638,0.5675,0.3569,0.2170,
35.3244,9,4,11.6482,46.9723,converged,3836.37,73765.11,-1.1248,2.69,0.0000,0.4824,0.5322,0.0480,,,,,,
24.9087,10,10,30.4204,55.3284,completed,3836.62,73764.58,-1.1258,2.53,0.0000,0.1990,0.1254,0.1006,0.2886,0.8365,0.6650,0.2488,0.1677,0.1535
57.4603,6,6,22.0302,79.4903,completed,3836.62,73764.58,-1.1258,2.53,0.0000,0.2953,0.4185,0.7084,0.8475,0.4524,,,,
48.2787,7,7,23.7965,72.0745,completed,3836.88,73764.04,-1.1281,2.22,0.0000,0.1816,0.2088,1.2094,0.9616,0.6494,0.5701,,,
49.0126,7,7,27.1484,76.1605,completed,3836.88,73764.04,-1.1281,2.22,0.0000,0.4288,3.1916,2.2467,0.8272,0.5120,0.1939,,,
26.6492,10,9,25.7121,52.3611,converged,3837.10,73763.57,-1.1250,1.99,0.0000,0.1748,0.1556,0.1330,0.3690,0.5966,1.0397,0.3386,0.0974,
27.1051,10,10,36.4941,63.5991,completed,3837.10,73763.57,-1.1250,1.99,0.0000,0.1061,0.1909,0.2916,0.1339,0.5678,0.7546,0.1780,0.2581,0.1525
59.5834,5,5,18.2842,77.8673,completed,3837.31,73763.13,-1.1212,1.95,0.0000,0.3506,0.2138,1.5254,0.2516,,,,,
27.5500,10,10,40.4589,68.0080,completed,3837.31,73763.13,-1.1212,1.95,0.0000,0.1819,0.2649,0.6771,1.0263,5.1223,1.9219,0.3734,0.1077,0.1282
41.2852,8,3,11.5597,52.8448,converged,3837.53,73762.69,-1.1165,1.96,0.0000,0.1707,0.0881,,,,,,,
32.9267,10,3,9.7358,42.6619,converged,3837.53,73762.69,-1.1165,1.96,0.0000,0.0790,0.0581,,,,,,,
24.6707,10,3,9.4907,34.1607,converged,3837.72,73762.30,-1.1146,1.94,0.0000,0.0776,0.0662,,,,,,,
20.7390,10,4,11.9023,32.6414,converged,3837.72,73762.30,-1.1146,1.94,0.0000,0.1094,0.1215,0.0715,,,,,,
21.1858,10,3,10.2487,31.4338,converged,3837.87,73761.99,-1.1157,2.02,0.0000,0.0254,0.0888,,,,,,,
59.8931,5,5,19.8687,79.7617,completed,3837.87,73761.99,-1.1157,2.02,0.0000,0.1779,0.3349,0.8476,0.3842,,,,,
22.1276,10,3,9.9349,32.0619,converged,3838.08,73761.56,-1.1163,2.21,0.0000,0.0556,0.0402,,,,,,,
20.8470,10,3,9.1772,30.0242,converged,3838.08,73761.56,-1.1163,2.21,0.0000,0.0492,0.0296,,,,,,,
47.9313,7,3,10.1988,58.1299,converged,3838.26,73761.20,-1.1148,2.43,0.0000,0.1155,0.0508,,,,,,,
37.7373,9,3,8.8359,46.5730,converged,3838.26,73761.20,-1.1148,2.43,0.0000,0.0696,0.0544,,,,,,,
21.4497,10,3,9.0677,30.5168,converged,3838.51,73760.68,-1.1120,2.74,0.0000,0.0223,0.0992,,,,,,,
33.6669,10,3,12.2766,45.9426,converged,3838.51,73760.68,-1.1120,2.74,0.0000,0.0659,0.0251,,,,,,,
47.6246,7,7,22.9621,70.5861,completed,3838.74,73760.22,-1.1102,3.01,0.0000,0.0815,0.1692,0.4856,1.0469,0.1917,0.2132,,,
42.1853,8,8,26.7998,68.9849,completed,3838.74,73760.22,-1.1102,3.01,0.0000,0.0749,0.2471,1.6383,2.2637,1.6444,1.0161,0.3404,,
37.3697,9,3,9.1290,46.4981,converged,3839.10,73759.51,-1.1074,3.38,0.0000,0.0541,0.0689,,,,,,,
37.1723,9,3,8.8230,45.9951,converged,3839.10,73759.51,-1.1074,3.38,0.0000,0.0661,0.0694,,,,,,,
30.0124,10,3,10.0109,40.0229,converged,3839.41,73758.88,-1.1050,3.58,0.0000,0.0731,0.0560,,,,,,,
38.7549,9,3,8.8190,47.5730,converged,3839.41,73758.88,-1.1050,3.58,0.0000,0.0416,0.0848,,,,,,,
28.8219,10,3,8.6268,37.4479,converged,3839.74,73758.23,-1.1031,3.72,0.0000,0.0633,0.0267,,,,,,,
47.2638,7,7,26.1024,73.3654,completed,3839.74,73758.23,-1.1031,3.72,0.0000,0.0734,0.5165,5.3220,5.6683,2.2927,0.8476,,,
47.4874,7,7,22.4655,69.9525,completed,3840.16,73757.39,-1.1013,3.81,0.0000,0.1539,0.1714,0.2367,0.9742,0.4541,0.2576,,,
31.2958,10,10,35.3982,66.6932,completed,3840.16,73757.39,-1.1013,3.81,0.0000,0.0235,0.1090,0.4610,0.7558,0.5663,0.5541,0.1065,0.2396,0.1808
24.9443,10,3,10.3351,35.2792,converged,3840.55,73756.62,-1.0989,3.85,0.0000,0.0941,0.0542,,,,,,,
43.0681,8,8,27.6813,70.7493,completed,3840.55,73756.62,-1.0989,3.85,0.0000,0.0809,0.1555,0.7865,1.1891,0.7780,0.2890,0.2303,,
29.3334,10,3,9.8248,39.1578,converged,3840.95,73755.85,-1.0984,3.85,0.0000,0.0713,0.0383,,,,,,,
25.3592,10,3,9.7078,35.0668,converged,3840.95,73755.85,-1.0984,3.85,0.0000,0.1315,0.0985,,,,,,,
51.7106,7,7,24.2819,75.9919,completed,3841.30,73755.16,-1.1031,3.86,0.0000,0.0672,0.1446,0.1071,0.7283,0.3117,0.2742,,,
42.9723,8,8,29.4999,72.4720,completed,3841.30,73755.16,-1.1031,3.86,0.0000,0.0551,0.2097,0.8202,0.2369,0.5605,0.4337,0.2953,,
22.0230,10,3,9.7257,31.7477,converged,3841.73,73754.30,-1.1054,3.85,0.0000,0.0095,0.0854,,,,,,,
27.9377,10,3,10.1674,38.1044,converged,3841.73,73754.30,-1.1054,3.85,0.0000,0.0327,0.0373,,,,,,,
47.5684,7,7,22.4305,69.9985,completed,3842.03,73753.70,-1.1052,3.84,0.0000,0.0329,0.1784,0.1946,0.6849,0.9886,0.4710,,,
23.2502,10,10,34.4126,57.6627,completed,3842.03,73753.70,-1.1052,3.84,0.0000,0.0426,0.1040,0.3018,0.4601,0.4944,0.4223,0.4582,0.2722,0.2466
46.9613,7,4,13.0659,60.0270,converged,3842.46,73752.84,-1.1066,3.81,0.0000,0.0356,0.2027,0.0729,,,,,,
58.4751,5,5,16.3534,74.8284,completed,3842.46,73752.84,-1.1066,3.81,0.0000,0.0516,0.3001,0.9508,0.7328,,,,,
44.2442,8,3,9.5611,53.8051,converged,3842.84,73752.08,-1.1115,3.79,0.0000,0.0456,0.0927,,,,,,,
24.4443,10,3,9.1848,33.6289,converged,3842.84,73752.08,-1.1115,3.79,0.0000,0.0097,0.0245,,,,,,,
34.1730,9,3,8.9714,43.1435,converged,3843.18,73751.40,-1.1183,3.77,0.0000,0.0303,0.0336,,,,,,,
54.8470,6,6,22.1316,76.9777,completed,3843.18,73751.40,-1.1183,3.77,0.0000,0.0273,0.2128,0.4726,0.4679,0.4909,,,,
32.4153,10,3,13.6793,46.0944,converged,3843.54,73750.64,-1.1292,3.78,0.0000,0.0367,0.0531,,,,,,,
59.8330,5,5,17.8214,77.6544,completed,3843.54,73750.64,-1.1292,3.78,0.0000,0.0944,0.1413,1.1083,0.7894,,,,,
36.0784,9,5,14.4725,50.5505,converged,3843.94,73749.78,-1.1466,3.80,0.0000,0.0552,0.1077,0.2260,0.0877,,,,,
48.9254,7,3,10.3788,59.3039,converged,3843.94,73749.78,-1.1466,3.80,0.0000,0.0711,0.0496,,,,,,,
34.5187,9,5,15.5116,50.0296,converged,3844.29,73748.99,-1.1660,3.83,0.0000,0.0814,0.1495,0.2800,0.0786,,,,,
34.0398,9,3,9.0849,43.1239,converged,3844.29,73748.99,-1.1660,3.83,0.0000,0.0323,0.0581,,,,,,,
36.6171,9,9,36.1977,72.8147,completed,3844.58,73748.28,-1.1872,3.84,0.0000,0.0699,0.1415,0.3301,0.1842,0.3920,0.4083,0.3886,0.3307,
24.7524,10,3,9.4877,34.2398,converged,3844.58,73748.28,-1.1872,3.84,0.0000,0.0297,0.0325,,,,,,,
31.2341,10,3,12.5891,43.8231,converged,3844.89,73747.48,-1.2173,3.83,0.0000,0.0579,0.0497,,,,,,,
34.5460,9,3,13.9301,48.4761,converged,3844.89,73747.48,-1.2173,3.83,0.0000,0.0333,0.0420,,,,,,,
49.8260,7,3,9.2588,59.0848,converged,3845.15,73746.76,-1.2491,3.82,0.0000,0.0340,0.0414,,,,,,,
51.5673,7,3,12.5116,64.0787,converged,3845.15,73746.76,-1.2491,3.82,0.0000,0.0458,0.0549,,,,,,,
47.3459,7,7,27.1094,74.4544,completed,3845.43,73745.85,-1.2946,3.79,0.0000,0.0712,0.1401,0.2748,0.3101,0.4765,0.2515,,,
57.0781,6,3,9.6495,66.7276,converged,3845.43,73745.85,-1.2946,3.79,0.0000,0.0371,0.0544,,,,,,,
46.3382,7,7,23.3285,69.6666,completed,3845.66,73744.93,-1.3488,3.76,0.0000,0.0918,0.1778,0.3661,0.5181,0.4763,0.2256,,,
20.6939,10,3,9.2833,29.9763,converged,3845.66,73744.93,-1.3488,3.76,0.0000,0.0227,0.0600,,,,,,,
27.2006,10,3,9.5327,36.7328,converged,3845.82,73744.11,-1.4026,3.70,0.0000,0.0467,0.0913,,,,,,,
53.5700,6,6,19.8532,73.4223,completed,3845.82,73744.11,-1.4026,3.70,0.0000,0.0995,0.1694,0.3445,2.2536,1.1854,,,,
44.7621,8,3,8.9804,53.7425,converged,3845.93,73743.38,-1.4495,3.63,0.0000,0.0367,0.0236,,,,,,,
48.4446,7,7,22.5273,70.9713,completed,3845.93,73743.38,-1.4495,3.63,0.0000,0.0780,0.1751,0.3091,0.1489,0.2970,0.1972,,,
50.4195,7,7,24.9371,75.3561,completed,3846.01,73742.49,-1.5143,3.60,0.0000,0.1357,0.2115,0.4279,0.4597,0.2068,0.1209,,,
28.1124,10,10,35.9412,64.0532,completed,3846.01,73742.49,-1.5143,3.60,0.0000,0.0560,0.1134,0.1120,0.1011,0.1703,0.5479,0.2602,0.1620,0.1321
38.7360,9,4,12.7101,51.4462,converged,3846.03,73741.59,-1.5930,3.59,0.0000,0.1451,0.1936,0.0948,,,,,,
32.1192,10,10,31.2430,63.3620,completed,3846.03,73741.59,-1.5930,3.59,0.0000,0.1332,0.1909,0.1215,0.1376,0.2181,0.6190,0.4045,0.1849,0.1545
20.7483,10,4,11.6323,32.3803,converged,3845.98,73740.78,-1.6667,3.60,0.0000,0.1131,0.1253,0.0394,,,,,,
23.6259,10,4,14.1943,37.8193,converged,3845.98,73740.78,-1.6667,3.60,0.0000,0.0999,0.1321,0.0553,,,,,,
57.7902,6,6,20.1797,77.9698,completed,3845.90,73740.16,-1.7250,3.61,0.0000,0.2998,0.1956,0.2026,0.9586,0.5888,,,,
54.6259,6,3,9.0444,63.6695,converged,3845.90,73740.16,-1.7250,3.61,0.0000,0.1460,0.0905,,,,,,,
24.3999,10,4,12.0539,36.4529,converged,3845.72,73739.27,-1.8074,3.63,0.0000,0.1190,0.1465,0.0497,,,,,,
26.5037,10,3,13.2682,39.7712,converged,3845.72,73739.27,-1.8074,3.63,0.0000,0.0445,0.0531,,,,,,,
59.6022,5,5,18.8800,78.4820,completed,3845.53,73738.57,-1.8727,3.66,0.0000,0.4060,0.1302,0.2162,0.2860,,,,,
54.7438,6,6,23.0413,77.7844,completed,3845.53,73738.57,-1.8727,3.66,0.0000,0.1156,0.1398,1.4574,1.6584,0.6636,,,,
43.8823,8,4,13.1575,57.0395,converged,3845.19,73737.61,-1.9602,3.70,0.0000,0.1808,0.2149,0.0712,,,,,,
28.8409,10,4,12.4132,41.2533,converged,3845.19,73737.61,-1.9602,3.70,0.0000,0.1026,0.1472,0.0725,,,,,,
56.3916,6,6,20.7925,77.1835,completed,3844.88,73736.94,-2.0243,3.73,0.0000,0.2281,0.1467,0.2556,0.2815,0.3000,,,,
54.9351,6,6,22.4395,77.3745,completed,3844.88,73736.94,-2.0243,3.73,0.0000,0.1611,0.1423,0.2331,0.6814,0.5397,,,,
30.6086,10,10,31.1377,61.7458,completed,3844.40,73736.04,-2.1118,3.71,0.0000,0.1081,0.1751,0.1518,0.1612,0.1526,0.1863,0.2233,0.2939,0.1970
45.9586,8,8,25.0821,71.0401,completed,3844.40,73736.04,-2.1118,3.71,0.0000,0.1841,0.2508,0.2048,0.2178,0.2866,0.3376,0.2726,,
44.2460,8,8,24.8547,69.1007,completed,3843.94,73735.34,-2.1821,3.70,0.0000,0.1382,0.1829,0.1457,0.1634,0.1192,0.1636,0.1818,,
25.8377,10,4,11.6991,37.5361,converged,3843.94,73735.34,-2.1821,3.70,0.0000,0.0784,0.1430,0.0968,,,,,,
37.8522,9,9,28.5554,66.4075,completed,3843.44,73734.67,-2.2479,3.69,0.0000,0.0854,0.1553,0.1564,0.2824,0.1541,0.3107,0.3145,0.2273,
36.5797,9,4,12.3901,48.9691,converged,3843.44,73734.67,-2.2479,3.69,0.0000,0.0972,0.1360,0.0772,,,,,,
32.6030,10,6,20.3691,52.9711,converged,3842.90,73734.04,-2.3094,3.76,0.0000,0.0661,0.1196,0.1286,0.1576,0.0857,,,,
21.8230,10,9,27.1912,49.0132,converged,3842.90,73734.04,-2.3094,3.76,0.0000,0.0750,0.1440,0.1281,0.1307,0.1320,0.3366,0.1356,0.0719,
57.0023,6,6,20.0165,77.0185,completed,3842.30,73733.42,-2.3653,3.86,0.0000,0.0989,0.1778,0.2125,0.2212,0.4498,,,,
47.8622,7,7,23.8859,71.7479,completed,3842.30,73733.42,-2.3653,3.86,0.0000,0.0499,0.1161,0.2079,0.2380,0.3274,0.2553,,,
20.1633,10,3,9.0533,29.2164,converged,3841.59,73732.76,-2.4238,3.93,0.0000,0.0158,0.0705,,,,,,,
28.2619,10,3,9.0524,37.3134,converged,3841.29,73732.50,-2.4460,3.96,0.0000,0.0268,0.0777,,,,,,,
39.1972,9,3,8.9918,48.1889,converged,3841.29,73732.50,-2.4460,3.96,0.0000,0.0074,0.0476,,,,,,,
30.3380,10,3,10.5696,40.9076,converged,3840.67,73732.01,-2.4854,4.02,0.0000,0.0087,0.0394,,,,,,,
24.3451,10,3,8.9913,33.3364,converged,3840.67,73732.01,-2.4854,4.02,0.0000,0.0176,0.0553,,,,,,,
37.4982,9,3,8.8115,46.3095,converged,3840.01,73731.52,-2.5183,4.10,0.0000,0.0097,0.0669,,,,,,,
34.8874,9,3,9.2587,44.1458,converged,3840.01,73731.52,-2.5183,4.10,0.0000,0.0321,0.0886,,,,,,,
20.8185,10,3,9.2757,30.0937,converged,3839.33,73731.05,-2.5499,4.20,0.0000,0.0230,0.0542,,,,,,,
58.7322,5,3,9.6818,68.4138,converged,3838.98,73730.81,-2.5652,4.26,0.0000,0.1019,0.0584,,,,,,,
53.3346,6,3,9.9567,63.2907,converged,3838.98,73730.81,-2.5652,4.26,0.0000,0.0759,0.0651,,,,,,,
49.5219,7,3,9.5326,59.0536,converged,3838.16,73730.30,-2.5972,4.37,0.0000,0.0642,0.0880,,,,,,,
36.1157,9,3,10.8287,46.9437,converged,3838.16,73730.30,-2.5972,4.37,0.0000,0.0200,0.0237,,,,,,,
22.8262,10,3,9.3186,32.1446,converged,3837.30,73729.79,-2.6241,4.47,0.0000,0.0339,0.0547,,,,,,,
49.6547,7,3,9.1247,58.7787,converged,3837.30,73729.79,-2.6241,4.47,0.0000,0.0286,0.0185,,,,,,,
28.5885,10,3,9.8243,38.4124,converged,3836.51,73729.36,-2.6443,4.57,0.0000,0.0263,0.0696,,,,,,,
50.3445,7,3,9.1861,59.5302,converged,3836.51,73729.36,-2.6443,4.57,0.0000,0.0264,0.0347,,,,,,,
50.7156,7,3,12.8357,63.5507,converged,3835.69,73728.92,-2.6626,4.67,0.0000,0.0434,0.0746,,,,,,,
33.1585,10,3,9.0194,42.1774,converged,3835.69,73728.92,-2.6626,4.67,0.0000,0.0053,0.0162,,,,,,,
30.3740,10,3,8.9849,39.3579,converged,3834.74,73728.44,-2.6785,4.78,0.0000,0.0143,0.0285,,,,,,,
59.6668,5,3,9.0340,68.7000,converged,3834.74,73728.44,-2.6785,4.78,0.0000,0.0312,0.0722,,,,,,,
23.4674,10,3,9.3041,32.7711,converged,3833.77,73727.96,-2.6893,4.89,0.0000,0.0067,0.0348,,,,,,,
43.2251,8,3,9.8615,53.0866,converged,3833.77,73727.96,-2.6893,4.89,0.0000,0.0111,0.0243,,,,,,,
48.1533,7,3,9.5740,57.7271,converged,3832.88,73727.53,-2.6954,4.97,0.0000,0.0242,0.0473,,,,,,,
48.0158,7,3,9.2778,57.2929,converged,3832.88,73727.53,-2.6954,4.97,0.0000,0.0136,0.0290,,,,,,,
23.6709,10,3,9.2572,32.9272,converged,3831.86,73727.05,-2.6980,5.04,0.0000,0.0142,0.0246,,,,,,,
43.2040,8,3,10.9350,54.1391,converged,3831.86,73727.05,-2.6980,5.04,0.0000,0.0020,0.0133,,,,,,,
24.8062,10,3,9.2929,34.0989,converged,3830.95,73726.61,-2.6979,5.07,0.0000,0.0064,0.0154,,,,,,,
22.7298,10,3,9.1868,31.9158,converged,3830.95,73726.61,-2.6979,5.07,0.0000,0.0145,0.0330,,,,,,,
52.8540,6,3,10.9169,63.7699,converged,3830.15,73726.23,-2.6974,5.06,0.0000,0.0215,0.0150,,,,,,,
27.1374,10,3,8.7846,35.9216,converged,3830.15,73726.23,-2.6974,5.06,0.0000,0.0066,0.0195,,,,,,,
51.4784,7,3,11.9012,63.3792,converged,3829.24,73725.80,-2.6970,5.03,0.0000,0.0217,0.0305,,,,,,,
59.4141,5,3,8.7578,68.1719,converged,3829.24,73725.80,-2.6970,5.03,0.0000,0.0478,0.0425,,,,,,,
33.2496,10,3,8.9539,42.2030,converged,3828.11,73725.26,-2.6965,4.96,0.0000,0.0097,0.0195,,,,,,,
47.2107,7,3,9.2892,56.4992,converged,3828.11,73725.26,-2.6965,4.96,0.0000,0.0297,0.0344,,,,,,,
32.9165,10,3,9.1270,42.0431,converged,3827.11,73724.79,-2.6959,4.86,0.0000,0.0197,0.0303,,,,,,,
50.9647,7,3,9.3924,60.3564,converged,3827.11,73724.79,-2.6959,4.86,0.0000,0.0245,0.0358,,,,,,,
39.8088,9,3,9.3051,49.1131,converged,3826.14,73724.32,-2.6949,4.75,0.0000,0.0223,0.0339,,,,,,,
35.7071,9,3,9.0059,44.7130,converged,3826.14,73724.32,-2.6949,4.75,0.0000,0.0143,0.0215,,,,,,,
32.3569,10,3,10.2660,42.6221,converged,3825.29,73723.91,-2.6940,4.63,0.0000,0.0262,0.0459,,,,,,,
26.9881,10,3,9.7458,36.7339,converged,3825.29,73723.91,-2.6940,4.63,0.0000,0.0128,0.0276,,,,,,,
40.5635,8,3,9.5476,50.1106,converged,3824.47,73723.52,-2.6930,4.52,0.0000,0.0427,0.0709,,,,,,,
31.0264,10,3,9.1311,40.1571,converged,3824.47,73723.52,-2.6930,4.52,0.0000,0.0147,0.0327,,,,,,,
23.2271,10,3,8.9440,32.1711,converged,3823.66,73723.13,-2.6921,4.40,0.0000,0.0306,0.0549,,,,,,,
54.2860,6,3,9.3658,63.6518,converged,3823.27,73722.94,-2.6916,4.35,0.0000,0.0414,0.0310,,,,,,,
46.8312,7,3,9.7766,56.6076,converged,3823.27,73722.94,-2.6916,4.35,0.0000,0.0384,0.0476,,,,,,,
20.9131,10,3,8.9717,29.8847,converged,3822.40,73722.52,-2.6904,4.21,0.0000,0.0208,0.0416,,,,,,,
39.3459,9,3,9.4605,48.8056,converged,3822.40,73722.52,-2.6904,4.21,0.0000,0.0178,0.0487,,,,,,,
34.1891,9,3,10.2855,44.4745,converged,3821.65,73722.16,-2.6892,4.11,0.0000,0.0174,0.0336,,,,,,,
31.8077,10,3,8.9018,40.7088,converged,3821.65,73722.16,-2.6892,4.11,0.0000,0.0197,0.0478,,,,,,,
23.4935,10,3,9.0919,32.5849,converged,3821.01,73721.85,-2.6879,4.01,0.0000,0.0141,0.0379,,,,,,,
45.8717,8,3,10.1685,56.0395,converged,3821.01,73721.85,-2.6879,4.01,0.0000,0.0256,0.0482,,,,,,,
21.2584,10,3,8.9505,30.2085,converged,3820.21,73721.45,-2.6859,3.90,0.0000,0.0071,0.0307,,,,,,,
25.7073,10,3,9.9706,35.6776,converged,3820.21,73721.45,-2.6859,3.90,0.0000,0.0210,0.0410,,,,,,,
46.6120,7,3,8.9096,55.5217,converged,3819.61,73721.16,-2.6848,3.80,0.0000,0.0198,0.0639,,,,,,,
53.0149,6,3,9.7705,62.7846,converged,3819.61,73721.16,-2.6848,3.80,0.0000,0.0505,0.0875,,,,,,,
47.0583,7,3,11.2485,58.3065,converged,3818.85,73720.79,-2.6838,3.69,0.0000,0.0376,0.0743,,,,,,,
20.2644,10,3,9.4292,29.6933,converged,3818.85,73720.79,-2.6838,3.69,0.0000,0.0172,0.0416,,,,,,,
48.4524,7,3,12.2484,60.7005,converged,3818.20,73720.46,-2.6826,3.58,0.0000,0.0244,0.0601,,,,,,,
20.2200,10,3,9.5217,29.7407,converged,3818.20,73720.46,-2.6826,3.58,0.0000,0.0129,0.0307,,,,,,,
42.2240,8,3,9.2907,51.5147,converged,3817.49,73720.11,-2.6820,3.46,0.0000,0.0085,0.0346,,,,,,,
46.4885,7,3,10.8139,57.3019,converged,3817.49,73720.11,-2.6820,3.46,0.0000,0.0187,0.0595,,,,,,,
31.0486,10,3,10.6279,41.6759,converged,3816.81,73719.77,-2.6816,3.35,0.0000,0.0042,0.0167,,,,,,,
32.4607,10,3,9.3541,41.8142,converged,3816.81,73719.77,-2.6816,3.35,0.0000,0.0083,0.0300,,,,,,,
45.7487,8,3,9.1156,54.8636,converged,3816.21,73719.48,-2.6804,3.26,0.0000,0.0091,0.0346,,,,,,,
40.4474,8,3,9.4861,49.9331,converged,3816.21,73719.48,-2.6804,3.26,0.0000,0.0056,0.0231,,,,,,,
25.9402,10,3,9.5959,35.5359,converged,3815.64,73719.19,-2.6800,3.17,0.0000,0.0076,0.0213,,,,,,,
52.6468,6,3,10.4361,63.0822,converged,3815.64,73719.19,-2.6800,3.17,0.0000,0.0373,0.0708,,,,,,,
49.6765,7,3,8.8232,58.4992,converged,3815.08,73718.92,-2.6801,3.06,0.0000,0.0161,0.0384,,,,,,,
37.5674,9,3,9.0281,46.5951,converged,3815.08,73718.92,-2.6801,3.06,0.0000,0.0129,0.0303,,,,,,,
24.1568,10,3,9.1341,33.2901,converged,3814.47,73718.61,-2.6805,2.94,0.0000,0.0211,0.0430,,,,,,,
48.6685,7,3,9.0430,57.7111,converged,3814.21,73718.48,-2.6806,2.89,0.0000,0.0283,0.0393,,,,,,,
50.4144,7,3,9.0718,59.4858,converged,3814.21,73718.48,-2.6806,2.89,0.0000,0.0169,0.0268,,,,,,,
56.9798,6,3,10.2200,67.1991,converged,3813.64,73718.20,-2.6804,2.77,0.0000,0.0355,0.0474,,,,,,,
29.7639,10,3,10.8899,40.6530,converged,3813.64,73718.20,-2.6804,2.77,0.0000,0.0101,0.0235,,,,,,,
59.4579,5,3,9.1160,68.5730,converged,3813.15,73717.96,-2.6791,2.67,0.0000,0.0214,0.0168,,,,,,,
44.2102,8,3,8.8678,53.0778,converged,3813.15,73717.96,-2.6791,2.67,0.0000,0.0141,0.0209,,,,,,,
28.5806,10,3,9.0881,37.6681,converged,3812.63,73717.70,-2.6786,2.56,0.0000,0.0119,0.0274,,,,,,,
46.0510,7,3,10.5329,56.5840,converged,3812.63,73717.70,-2.6786,2.56,0.0000,0.0118,0.0135,,,,,,,
41.0803,8,3,10.0669,51.1469,converged,3812.12,73717.45,-2.6793,2.44,0.0000,0.0106,0.0180,,,,,,,
34.0457,9,3,9.2053,43.2503,converged,3812.12,73717.45,-2.6793,2.44,0.0000,0.0130,0.0200,,,,,,,
51.4688,7,3,9.4371,60.9052,converged,3811.70,73717.23,-2.6790,2.34,0.0000,0.0167,0.0168,,,,,,,
48.3876,7,3,8.8213,57.2083,converged,3811.70,73717.23,-2.6790,2.34,0.0000,0.0208,0.0200,,,,,,,
55.4083,6,3,9.7130,65.1211,converged,3811.24,73717.00,-2.6788,2.22,0.0000,0.0211,0.0193,,,,,,,
27.2413,10,3,9.5887,36.8297,converged,3811.24,73717.00,-2.6788,2.22,0.0000,0.0073,0.0102,,,,,,,
35.8936,9,3,10.6964,46.5894,converged,3810.80,73716.79,-2.6791,2.10,0.0000,0.0254,0.0277,,,,,,,
54.3780,6,3,11.5651,65.9422,converged,3810.80,73716.79,-2.6791,2.10,0.0000,0.0399,0.0211,,,,,,,
31.3823,10,3,10.3106,41.6927,converged,3810.44,73716.60,-2.6786,1.98,0.0000,0.0266,0.0304,,,,,,,
50.5675,7,3,9.6424,60.2094,converged,3810.44,73716.60,-2.6786,1.98,0.0000,0.0374,0.0233,,,,,,,
24.0035,10,3,9.1321,33.1352,converged,3810.05,73716.41,-2.6774,1.84,0.0000,0.0209,0.0237,,,,,,,
42.5908,8,3,10.7027,53.2928,converged,3810.05,73716.41,-2.6774,1.84,0.0000,0.0243,0.0344,,,,,,,
27.1818,10,3,9.0605,36.2415,converged,3809.73,73716.25,-2.6770,1.72,0.0000,0.0213,0.0236,,,,,,,
57.2608,6,3,8.9998,66.2599,converged,3809.73,73716.25,-2.6770,1.72,0.0000,0.0343,0.0390,,,,,,,
57.5091,6,3,9.4823,66.9913,converged,3809.40,73716.09,-2.6764,1.57,0.0000,0.0307,0.0128,,,,,,,
41.5692,8,3,9.4191,50.9881,converged,3809.40,73716.09,-2.6764,1.57,0.0000,0.0238,0.0383,,,,,,,
49.1075,7,3,9.0072,58.1142,converged,3809.10,73715.93,-2.6759,1.43,0.0000,0.0245,0.0240,,,,,,,
30.6109,10,3,12.7802,43.3903,converged,3809.10,73715.93,-2.6759,1.43,0.0000,0.0124,0.0146,,,,,,,
27.5220,10,3,10.1492,37.6713,converged,3808.83,73715.80,-2.6769,1.29,0.0000,0.0139,0.0175,,,,,,,
47.8675,7,3,9.7053,57.5723,converged,3808.83,73715.80,-2.6769,1.29,0.0000,0.0147,0.0149,,,,,,,
59.9891,5,3,9.3445,69.3335,converged,3808.61,73715.69,-2.6781,1.18,0.0000,0.0247,0.0185,,,,,,,
21.3682,10,3,9.6924,31.0604,converged,3808.61,73715.69,-2.6781,1.18,0.0000,0.0109,0.0123,,,,,,,
53.8592,6,3,9.4221,63.2811,converged,3808.41,73715.59,-2.6795,1.07,0.0000,0.0179,0.0173,,,,,,,
32.1902,10,3,9.2761,41.4662,converged,3808.41,73715.59,-2.6795,1.07,0.0000,0.0102,0.0089,,,,,,,
21.9753,10,3,12.5472,34.5222,converged,3808.22,73715.50,-2.6815,0.97,0.0000,0.0119,0.0140,,,,,,,
32.4595,10,3,10.8365,43.2956,converged,3808.22,73715.50,-2.6815,0.97,0.0000,0.0098,0.0086,,,,,,,
20.8660,10,3,8.9330,29.7980,converged,3808.06,73715.41,-2.6836,0.89,0.0000,0.0068,0.0065,,,,,,,
38.0945,9,3,8.6254,46.7194,converged,3808.06,73715.41,-2.6836,0.89,0.0000,0.0069,0.0029,,,,,,,
54.8206,6,3,9.5223,64.3423,converged,3807.92,73715.35,-2.6857,0.81,0.0000,0.0123,0.0137,,,,,,,
21.8340,10,3,9.1420,30.9751,converged,3807.92,73715.35,-2.6857,0.81,0.0000,0.0066,0.0022,,,,,,,
58.3623,5,3,9.7412,68.1032,converged,3807.79,73715.28,-2.6890,0.68,0.0000,0.0171,0.0111,,,,,,,
53.9550,6,3,11.3744,65.3294,converged,3807.79,73715.28,-2.6890,0.68,0.0000,0.0152,0.0098,,,,,,,
59.4053,5,3,8.8439,68.2489,converged,3807.66,73715.22,-2.6940,0.49,0.0000,0.0148,0.0187,,,,,,,
59.1555,5,3,8.7304,67.8854,converged,3807.66,73715.22,-2.6940,0.49,0.0000,0.0114,0.0339,,,,,,,
38.3007,9,3,9.9314,48.2315,converged,3807.56,73715.17,-2.6983,0.34,0.0000,0.0087,0.0051,,,,,,,
41.7153,8,3,9.9717,51.6868,converged,3807.56,73715.17,-2.6983,0.34,0.0000,0.0127,0.0028,,,,,,,
45.6150,8,3,9.1909,54.8059,converged,3807.51,73715.15,-2.6995,0.27,0.0000,0.0098,0.0036,,,,,,,
35.4795,9,3,9.0168,44.4959,converged,3807.51,73715.15,-2.6995,0.27,0.0000,0.0104,0.0028,,,,,,,
34.1156,9,3,8.6876,42.8026,converged,3807.46,73715.13,-2.6994,0.16,0.0000,0.0078,0.0036,,,,,,,
35.0229,9,3,9.3797,44.4017,converged,3807.46,73715.13,-2.6994,0.16,0.0000,0.0113,0.0042,,,,,,,
42.9461,8,3,13.6841,56.6301,converged,3807.44,73715.12,-2.6985,0.04,0.0000,0.0125,0.0036,,,,,,,
46.3339,7,3,9.3345,55.6675,converged,3807.44,73715.12,-2.6985,0.04,0.0000,0.0096,0.0053,,,,,,,
50.4660,7,3,8.7553,59.2214,converged,3807.44,73715.12,-2.6983,0.00,0.0000,0.0102,0.0051,,,,,,,
20.8910,10,3,9.9820,30.8720,converged,3807.44,73715.12,-2.6983,0.00,0.0000,0.0077,0.0032,,,,,,,
45.5201,8,3,9.1364,54.6564,converged,3807.44,73715.12,-2.6983,0.00,0.0000,0.0079,0.0028,,,,,,,
36.3414,9,3,8.7091,45.0501,converged,3807.44,73715.12,-2.6983,0.00,0.0000,0.0064,0.0022,,,,,,,
22.5130,10,3,12.5591,35.0712,converged,3807.44,73715.12,-2.6983,0.00,0.0000,0.0072,0.0031,,,,,,,
53.3123,6,3,8.8433,62.1553,converged,3807.44,73715.12,-2.6983,0.00,0.0000,0.0091,0.0100,,,,,,,
55.5824,6,3,8.9465,64.5285,converged,3807.44,73715.12,-2.6983,0.00,0.0000,0.0080,0.0097,,,,,,,
50.3916,7,3,8.9458,59.3369,converged,3807.44,73715.12,-2.6983,0.00,0.0000,0.0070,0.0042,,,,,,,
46.8514,7,3,8.9374,55.7884,converged,3807.44,73715.12,-2.6983,0.00,0.0000,0.0062,0.0033,,,,,,,
26.9226,10,3,8.9774,35.8994,converged,3807.44,73715.12,-2.6983,0.00,0.0000,0.0060,0.0021,,,,,,,
29.3780,10,3,9.2438,38.6218,converged,3807.44,73715.12,-2.6983,0.00,0.0000,0.0053,0.0016,,,,,,,
49.3093,7,3,8.9475,58.2565,converged,3807.44,73715.12,-2.6983,0.00,0.0000,0.0103,0.0037,,,,,,,
21.1128,10,3,8.7564,29.8685,converged,3807.44,73715.12,-2.6983,0.00,0.0000,0.0087,0.0066,,,,,,,
59.1242,5,3,10.1211,69.2452,converged,3807.44,73715.12,-2.6983,0.00,0.0000,0.0105,0.0249,,,,,,,
42.6898,8,3,8.7833,51.4723,converged,3807.44,73715.12,-2.6983,0.00,0.0000,0.0090,0.0026,,,,,,,
27.9328,10,3,11.9897,39.9218,converged,3807.44,73715.12,-2.6983,0.00,0.0000,0.0081,0.0033,,,,,,,
36.0056,9,3,8.9291,44.9342,converged,3807.44,73715.12,-2.6983,0.00,0.0000,0.0086,0.0022,,,,,,,
43.0097,8,3,9.4564,52.4654,converged,3807.44,73715.12,-2.6983,0.00,0.0000,0.0089,0.0044,,,,,,,
36.8247,9,3,9.6168,46.4408,converged,3807.44,73715.12,-2.6983,0.00,0.0000,0.0081,0.0023,,,,,,,
35.7141,9,3,9.7365,45.4506,converged,3807.44,73715.12,-2.6983,0.00,0.0000,0.0086,0.0034,,,,,,,
25.6482,10,3,9.4882,35.1363,converged,3807.44,73715.12,-2.6983,0.00,0.0000,0.0088,0.0030,,,,,,,
26.1414,10,3,12.7626,38.9036,converged,3807.44,73715.12,-2.6983,0.00,0.0000,0.0086,0.0031,,,,,,,
47.8630,7,3,13.3886,61.2506,converged,3807.44,73715.12,-2.6983,0.00,0.0000,0.0112,0.0056,,,,,,,
46.2960,7,3,9.3560,55.6510,converged,3807.44,73715.12,-2.6983,0.00,0.0000,0.0098,0.0101,,,,,,,
27.8926,10,3,9.1388,37.0308,converged,3807.44,73715.12,-2.6983,0.00,0.0000,0.0106,0.0048,,,,,,,
47.5514,7,3,9.3986,56.9496,converged,3807.44,73715.12,-2.6983,0.00,0.0000,0.0150,0.0055,,,,,,,
34.2330,9,3,9.3534,43.5855,converged,3807.44,73715.12,-2.6983,0.00,0.0000,0.0108,0.0029,,,,,,,
43.7250,8,3,8.9277,52.6527,converged,3807.44,73715.12,-2.6983,0.00,0.0000,0.0122,0.0034,,,,,,,
28.1571,10,3,9.0766,37.2337,converged,3807.44,73715.12,-2.6983,0.00,0.0000,0.0088,0.0024,,,,,,,
56.0905,6,3,9.3857,65.4757,converged,3807.44,73715.12,-2.6983,0.00,0.0000,0.0153,0.0278,,,,,,,
57.6299,6,3,9.8671,67.4961,converged,3807.44,73715.12,-2.6983,0.00,0.0000,0.0140,0.0210,,,,,,,
43.2868,8,3,10.0266,53.3126,converged,3807.44,73715.12,-2.6983,0.00,0.0000,0.0128,0.0028,,,,,,,
47.7341,7,3,12.2024,59.9364,converged,3807.44,73715.12,-2.6983,0.00,0.0000,0.0119,0.0070,,,,,,,
56.5150,6,3,9.1978,65.7119,converged,3807.44,73715.12,-2.6983,0.00,0.0000,0.0117,0.0313,,,,,,,
51.8002,7,3,9.8506,61.6507,converged,3807.44,73715.12,-2.6983,0.00,0.0000,0.0144,0.0040,,,,,,,
59.3792,5,3,10.0126,69.3916,converged,3807.44,73715.12,-2.6983,0.00,0.0000,0.0133,0.0529,,,,,,,
39.3605,9,3,9.9464,49.3064,converged,3807.44,73715.12,-2.6983,0.00,0.0000,0.0098,0.0024,,,,,,,
45.1745,8,3,9.0757,54.2497,converged,3807.44,73715.12,-2.6983,0.00,0.0000,0.0113,0.0040,,,,,,,
39.7309,9,3,9.0470,48.7770,converged,3807.44,73715.12,-2.6983,0.00,0.0000,0.0121,0.0046,,,,,,,
56.8082,6,3,9.6680,66.4760,converged,3807.44,73715.12,-2.6983,0.00,0.0000,0.0137,0.0344,,,,,,,
37.2668,9,3,9.1393,46.4054,converged,3807.44,73715.12,-2.6983,0.00,0.0000,0.0117,0.0044,,,,,,,
49.2492,7,3,9.0896,58.3387,converged,3807.44,73715.12,-2.6983,0.00,0.0000,0.0137,0.0083,,,,,,,
27.0900,10,3,9.0936,36.1826,converged,3807.44,73715.12,-2.6983,0.00,0.0000,0.0119,0.0071,,,,,,,
41.6096,8,3,9.2288,50.8378,converged,3807.44,73715.12,-2.6983,0.00,0.0000,0.0126,0.0037,,,,,,,
42.7225,8,3,9.0127,51.7347,converged,3807.44,73715.12,-2.6983,0.00,0.0000,0.0113,0.0041,,,,,,,
34.8628,9,3,8.7714,43.6335,converged,3807.44,73715.12,-2.6983,0.00,0.0000,0.0098,0.0030,,,,,,,
43.5165,8,3,8.7112,52.2272,converged,3807.44,73715.12,-2.6983,0.00,0.0000,0.0093,0.0088,,,,,,,
51.1626,7,3,9.5329,60.6949,converged,3807.44,73715.12,-2.6983,0.00,0.0000,0.0118,0.0113,,,,,,,
21.6077,10,3,9.1484,30.7554,converged,3807.44,73715.12,-2.6983,0.00,0.0000,0.0098,0.0039,,,,,,,
21.1557,10,3,9.1799,30.3349,converged,3807.44,73715.12,-2.6983,0.00,0.0000,0.0094,0.0021,,,,,,,
46.6152,7,3,9.4197,56.0347,converged,3807.44,73715.12,-2.6983,0.00,0.0000,0.0120,0.0089,,,,,,,
23.4981,10,3,9.2270,32.7251,converged,3807.44,73715.12,-2.6983,0.00,0.0000,0.0094,0.0032,,,,,,,
51.8553,7,3,10.0904,61.9454,converged,3807.44,73715.12,-2.6983,0.00,0.0000,0.0111,0.0164,,,,,,,
33.9721,10,3,8.7751,42.7471,converged,3807.44,73715.12,-2.6983,0.00,0.0000,0.0096,0.0034,,,,,,,
49.8345,7,3,9.3521,59.1861,converged,3807.44,73715.12,-2.6983,0.00,0.0000,0.0152,0.0072,,,,,,,
54.8532,6,3,9.0547,63.9077,converged,3807.44,73715.12,-2.6983,0.00,0.0000,0.0145,0.0164,,,,,,,
44.9074,8,3,9.9586,54.8656,converged,3807.44,73715.12,-2.6983,0.00,0.0000,0.0103,0.0059,,,,,,,
49.7598,7,3,9.8538,59.6128,converged,3807.44,73715.12,-2.6983,0.00,0.0000,0.0121,0.0088,,,,,,,
49.7836,7,3,8.8217,58.6047,converged,3807.44,73715.12,-2.6983,0.00,0.0000,0.0142,0.0048,,,,,,,
28.6742,10,3,10.3286,39.0027,converged,3807.44,73715.12,-2.6983,0.00,0.0000,0.0088,0.0028,,,,,,,
30.3179,10,3,12.8358,43.1528,converged,3807.44,73715.12,-2.6983,0.00,0.0000,0.0092,0.0030,,,,,,,
49.3233,7,3,8.9507,58.2737,converged,3807.44,73715.12,-2.6983,0.00,0.0000,0.0112,0.0095,,,,,,,
42.1231,8,3,9.7013,51.8244,converged,3807.44,73715.12,-2.6983,0.00,0.0000,0.0118,0.0034,,,,,,,
47.5057,7,3,9.7894,57.2945,converged,3807.44,73715.12,-2.6983,0.00,0.0000,0.0133,0.0101,,,,,,,
32.3617,10,3,9.3478,41.7089,converged,3807.44,73715.12,-2.6983,0.00,0.0000,0.0092,0.0036,,,,,,,
28.3152,10,3,10.0585,38.3735,converged,3807.44,73715.12,-2.6983,0.00,0.0000,0.0098,0.0024,,,,,,,
26.7277,10,3,12.3736,39.1007,converged,3807.44,73715.12,-2.6983,0.00,0.0000,0.0105,0.0044,,,,,,,
23.1623,10,3,8.6614,31.8235,converged,3807.44,73715.12,-2.6983,0.00,0.0000,0.0104,0.0044,,,,,,,
29.6989,10,3,8.7824,38.4804,converged,3807.44,73715.12,-2.6983,0.00,0.0000,0.0107,0.0047,,,,,,,
30.2446,10,3,9.1291,39.3732,converged,3807.44,73715.12,-2.6983,0.00,0.0000,0.0114,0.0030,,,,,,,
47.2288,7,3,9.3097,56.5377,converged,3807.44,73715.12,-2.6983,0.00,0.0000,0.0109,0.0135,,,,,,,
21.4879,10,3,9.1939,30.6809,converged,3807.44,73715.12,-2.6983,0.00,0.0000,0.0120,0.0042,,,,,,,
43.8776,8,3,9.1309,53.0079,converged,3807.44,73715.12,-2.6983,0.00,0.0000,0.0140,0.0040,,,,,,,
39.7132,9,3,9.1501,48.8631,converged,3807.44,73715.12,-2.6983,0.00,0.0000,0.0103,0.0040,,,,,,,
20.8698,10,3,9.2057,30.0747,converged,3807.44,73715.12,-2.6983,0.00,0.0000,0.0095,0.0023,,,,,,,
55.8062,6,3,8.8413,64.6473,converged,3807.44,73715.12,-2.6983,0.00,0.0000,0.0153,0.0157,,,,,,,
45.2043,8,3,10.6801,55.8841,converged,3807.44,73715.12,-2.6983,0.00,0.0000,0.0114,0.0054,,,,,,,
39.4427,9,3,9.2739,48.7159,converged,3807.44,73715.12,-2.6983,0.00,0.0000,0.0109,0.0036,,,,,,,
24.5062,10,3,9.2727,33.7787,converged,3807.44,73715.12,-2.6983,0.00,0.0000,0.0098,0.0035,,,,,,,
38.9732,9,3,10.5308,49.5039,converged,3807.44,73715.12,-2.6983,0.00,0.0000,0.0092,0.0037,,,,,,,
34.2126,9,3,9.2924,43.5044,converged,3807.44,73715.12,-2.6983,0.00,0.0000,0.0113,0.0026,,,,,,,
42.5822,8,3,13.7208,56.3029,converged,3807.44,73715.12,-2.6983,0.00,0.0000,0.0118,0.0032,,,,,,,
27.2761,10,3,9.9926,37.2687,converged,3807.44,73715.12,-2.6983,0.00,0.0000,0.0115,0.0044,,,,,,,
47.7826,7,3,8.8710,56.6531,converged,3807.44,73715.12,-2.6983,0.00,0.0000,0.0150,0.0056,,,,,,,
50.0181,7,3,9.0036,59.0216,converged,3807.44,73715.12,-2.6983,0.00,0.0000,0.0110,0.0112,,,,,,,
55.0953,6,3,9.1928,64.2879,converged,3807.44,73715.12,-2.6983,0.00,0.0000,0.0092,0.0325,,,,,,,
29.7387,10,3,8.9428,38.6809,converged,3807.44,73715.12,-2.6983,0.00,0.0000,0.0095,0.0044,,,,,,,
31.2461,10,3,8.7786,40.0246,converged,3807.44,73715.12,-2.6983,0.00,0.0000,0.0125,0.0070,,,,,,,
26.7776,10,3,9.0204,35.7975,converged,3807.44,73715.12,-2.6983,0.00,0.0000,0.0105,0.0045,,,,,,,
36.2204,9,3,9.5803,45.8004,converged,3807.44,73715.12,-2.6983,0.00,0.0000,0.0089,0.0023,,,,,,,
41.7297,8,3,8.6146,50.3436,converged,3807.44,73715.12,-2.6983,0.00,0.0000,0.0114,0.0033,,,,,,,
53.4353,6,3,9.1590,62.5941,converged,3807.44,73715.12,-2.6983,0.00,0.0000,0.0157,0.0256,,,,,,,
37.4607,9,3,12.4317,49.8918,converged,3807.44,73715.12,-2.6983,0.00,0.0000,0.0098,0.0027,,,,,,,
26.9959,10,3,9.4627,36.4578,converged,3807.44,73715.12,-2.6983,0.00,0.0000,0.0101,0.0036,,,,,,,
26.6688,10,3,8.9247,35.5927,converged,3807.44,73715.12,-2.6983,0.00,0.0000,0.0122,0.0074,,,,,,,
43.0404,8,3,9.4229,52.4629,converged,3807.44,73715.12,-2.6983,0.00,0.0000,0.0117,0.0041,,,,,,,
59.5413,5,3,8.7572,68.2982,converged,3807.44,73715.12,-2.6983,0.00,0.0000,0.0126,0.0648,,,,,,,
53.0133,6,3,10.0970,63.1100,converged,3807.44,73715.12,-2.6983,0.00,0.0000,0.0128,0.0309,,,,,,,
50.4562,7,3,8.9766,59.4327,converged,3807.44,73715.12,-2.6983,0.00,0.0000,0.0142,0.0064,,,,,,,
45.3239,8,3,8.7661,54.0892,converged,3807.44,73715.12,-2.6983,0.00,0.0000,0.0110,0.0031,,,,,,,
32.5021,10,3,8.6389,41.1409,converged,3807.44,73715.12,-2.6983,0.00,0.0000,0.0094,0.0044,,,,,,,
35.8340,9,3,8.9706,44.8036,converged,3807.44,73715.12,-2.6983,0.00,0.0000,0.0107,0.0030,,,,,,,
32.2930,10,3,9.1036,41.3967,converged,3807.44,73715.12,-2.6983,0.00,0.0000,0.0127,0.0060,,,,,,,
48.0968,7,3,8.7660,56.8620,converged,3807.44,73715.12,-2.6983,0.00,0.0000,0.0148,0.0046,,,,,,,
43.1245,8,3,13.1737,56.2977,converged,3807.44,73715.12,-2.6983,0.00,0.0000,0.0121,0.0031,,,,,,,
39.6476,9,3,11.9447,51.5917,converged,3807.44,73715.12,-2.6983,0.00,0.0000,0.0111,0.0023,,,,,,,
38.0063,9,3,9.0069,47.0130,converged,3807.44,73715.12,-2.6983,0.00,0.0000,0.0113,0.0032,,,,,,,
56.8490,6,3,9.0675,65.9155,converged,3807.44,73715.12,-2.6983,0.00,0.0000,0.0201,0.0158,,,,,,,
28.4371,10,3,9.3103,37.7473,converged,3807.44,73715.12,-2.6983,0.00,0.0000,0.0090,0.0033,,,,,,,
45.9719,8,3,8.9561,54.9271,converged,3807.44,73715.12,-2.6983,0.00,0.0000,0.0098,0.0050,,,,,,,
45.2263,8,3,9.7267,54.9528,converged,3807.44,73715.12,-2.6983,0.00,0.0000,0.0134,0.0054,,,,,,,
24.4464,10,3,8.8398,33.2858,converged,3807.44,73715.12,-2.6983,0.00,0.0000,0.0094,0.0028,,,,,,,
41.0166,8,3,10.1573,51.1733,converged,3807.44,73715.12,-2.6983,0.00,0.0000,0.0136,0.0059,,,,,,,
30.6501,10,3,9.9652,40.6152,converged,3807.44,73715.12,-2.6983,0.00,0.0000,0.0114,0.0058,,,,,,,
49.0741,7,3,8.8680,57.9420,converged,3807.44,73715.12,-2.6983,0.00,0.0000,0.0144,0.0082,,,,,,,
24.4847,10,3,9.8066,34.2906,converged,3807.44,73715.12,-2.6983,0.00,0.0000,0.0125,0.0056,,,,,,,
44.2490,8,3,9.6773,53.9264,converged,3807.44,73715.12,-2.6983,0.00,0.0000,0.0128,0.0048,,,,,,,
20.8727,10,3,9.3027,30.1748,converged,3807.44,73715.12,-2.6983,0.00,0.0000,0.0095,0.0029,,,,,,,
44.8346,8,3,9.9746,54.8087,converged,3807.44,73715.12,-2.6983,0.00,0.0000,0.0071,0.0144,,,,,,,
30.6501,10,3,9.1836,39.8336,converged,3807.44,73715.12,-2.6983,0.00,0.0000,0.0111,0.0046,,,,,,,
26.7954,10,3,9.5879,36.3829,converged,3807.44,73715.12,-2.6983,0.00,0.0000,0.0088,0.0027,,,,,,,
45.6235,8,3,9.8184,55.4414,converged,3807.44,73715.12,-2.6983,0.00,0.0000,0.0125,0.0032,,,,,,,
30.6763,10,3,9.3119,39.9879,converged,3807.44,73715.12,-2.6983,0.00,0.0000,0.0092,0.0028,,,,,,,
49.9894,7,3,10.0169,60.0059,converged,3807.44,73715.12,-2.6983,0.00,0.0000,0.0106,0.0046,,,,,,,
46.1958,7,3,9.3223,55.5173,converged,3807.44,73715.12,-2.6983,0.00,0.0000,0.0098,0.0214,,,,,,,
47.6292,7,3,9.8824,57.5115,converged,3807.44,73715.12,-2.6983,0.00,0.0000,0.0095,0.0104,,,,,,,
36.9844,9,3,8.6463,45.6303,converged,3807.44,73715.12,-2.6983,0.00,0.0000,0.0129,0.0080,,,,,,,
36.5109,9,3,9.6938,46.2038,converged,3807.44,73715.12,-2.6983,0.00,0.0000,0.0093,0.0023,,,,,,,
30.9882,10,3,9.9435,40.9316,converged,3807.44,73715.12,-2.6983,0.00,0.0000,0.0084,0.0032,,,,,,,
49.7713,7,3,10.5422,60.3132,converged,3807.44,73715.12,-2.6983,0.00,0.0000,0.0132,0.0114,,,,,,,
57.5787,6,3,9.2666,66.8447,converged,3807.44,73715.12,-2.6983,0.00,0.0000,0.0172,0.0169,,,,,,,
29.1778,10,3,10.1354,39.3124,converged,3807.44,73715.12,-2.6983,0.00,0.0000,0.0092,0.0026,,,,,,,
48.1388,7,3,9.5233,57.6613,converged,3807.44,73715.12,-2.6983,0.00,0.0000,0.0125,0.0144,,,,,,,
47.5095,7,3,9.2745,56.7835,converged,3807.44,73715.12,-2.6983,0.00,0.0000,0.0143,0.0106,,,,,,,
59.3325,5,3,9.9988,69.3309,converged,3807.44,73715.12,-2.6983,0.00,0.0000,0.0115,0.0411,,,,,,,
35.2727,9,3,10.8352,46.1072,converged,3807.44,73715.12,-2.6983,0.00,0.0000,0.0110,0.0022,,,,,,,
53.7147,6,3,9.5147,63.2288,converged,3807.44,73715.12,-2.6983,0.00,0.0000,0.0121,0.0396,,,,,,,
39.4475,9,3,10.1262,49.5732,converged,3807.44,73715.12,-2.6983,0.00,0.0000,0.0107,0.0026,,,,,,,
34.7549,9,3,9.9689,44.7229,converged,3807.44,73715.12,-2.6983,0.00,0.0000,0.0087,0.0033,,,,,,,
55.1528,6,3,8.6407,63.7927,converged,3807.44,73715.12,-2.6983,0.00,0.0000,0.0159,0.0228,,,,,,,
27.6905,10,3,10.2335,37.9235,converged,3807.44,73715.12,-2.6983,0.00,0.0000,0.0096,0.0035,,,,,,,
30.5340,10,3,12.4825,43.0155,converged,3807.44,73715.12,-2.6983,0.00,0.0000,0.0083,0.0040,,,,,,,
26.3269,10,3,8.7874,35.1135,converged,3807.44,73715.12,-2.6983,0.00,0.0000,0.0129,0.0076,,,,,,,
32.6719,10,3,8.9312,41.6023,converged,3807.44,73715.12,-2.6983,0.00,0.0000,0.0100,0.0046,,,,,,,
21.8279,10,3,8.9993,30.8263,converged,3807.44,73715.12,-2.6983,0.00,0.0000,0.0122,0.0072,,,,,,,
37.2961,9,3,8.9130,46.2090,converged,3807.44,73715.12,-2.6983,0.00,0.0000,0.0129,0.0038,,,,,,,
52.8136,6,3,9.7067,62.5197,converged,3807.44,73715.12,-2.6983,0.00,0.0000,0.0110,0.0204,,,,,,,
58.7488,5,3,9.2298,67.9779,converged,3807.44,73715.12,-2.6983,0.00,0.0000,0.0139,0.0364,,,,,,,
23.7665,10,3,9.2429,33.0089,converged,3807.44,73715.12,-2.6983,0.00,0.0000,0.0087,0.0029,,,,,,,
53.2385,6,3,9.5525,62.7905,converged,3807.44,73715.12,-2.6983,0.00,0.0000,0.0128,0.0347,,,,,,,
37.1125,9,3,9.3048,46.4169,converged,3807.44,73715.12,-2.6983,0.00,0.0000,0.0111,0.0028,,,,,,,
28.2053,10,3,13.9512,42.1562,converged,3807.44,73715.12,-2.6983,0.00,0.0000,0.0098,0.0038,,,,,,,
58.6315,5,3,9.8579,68.4890,converged,3807.44,73715.12,-2.6983,0.00,0.0000,0.0133,0.0519,,,,,,,
37.0385,9,3,9.5448,46.5828,converged,3807.44,73715.12,-2.6983,0.00,0.0000,0.0102,0.0030,,,,,,,
50.7763,7,3,9.5427,60.3187,converged,3807.44,73715.12,-2.6983,0.00,0.0000,0.0149,0.0046,,,,,,,
59.5406,5,3,9.2957,68.8358,converged,3807.44,73715.12,-2.6983,0.00,0.0000,0.0102,0.0512,,,,,,,
46.4445,7,3,9.8594,56.3034,converged,3807.44,73715.12,-2.6983,0.00,0.0000,0.0114,0.0090,,,,,,,
55.6990,6,3,9.5581,65.2572,converged,3807.44,73715.12,-2.6983,0.00,0.0000,0.0118,0.0292,,,,,,,
28.8994,10,3,9.5802,38.4792,converged,3807.44,73715.12,-2.6983,0.00,0.0000,0.0089,0.0028,,,,,,,
49.3406,7,3,8.9092,58.2492,converged,3807.44,73715.12,-2.6983,0.00,0.0000,0.0136,0.0060,,,,,,,
30.9629,10,3,9.1257,40.0877,converged,3807.44,73715.12,-2.6983,0.00,0.0000,0.0097,0.0027,,,,,,,
39.9701,9,3,8.7401,48.7101,converged,3807.44,73715.12,-2.6983,0.00,0.0000,0.0090,0.0049,,,,,,,
50.6137,7,3,8.7846,59.3976,converged,3807.44,73715.12,-2.6983,0.00,0.0000,0.0142,0.0041,,,,,,,
27.3558,10,3,9.8615,37.2166,converged,3807.44,73715.12,-2.6983,0.00,0.0000,0.0109,0.0044,,,,,,,
38.7272,9,3,9.9337,48.6607,converged,3807.44,73715.12,-2.6983,0.00,0.0000,0.0123,0.0037,,,,,,,
53.0953,6,3,8.8867,61.9818,converged,3807.44,73715.12,-2.6983,0.00,0.0000,0.0130,0.0218,,,,,,,
27.9601,10,3,8.8832,36.8432,converged,3807.44,73715.12,-2.6983,0.00,0.0000,0.0082,0.0035,,,,,,,
22.1925,10,3,9.4977,31.6897,converged,3807.44,73715.12,-2.6983,0.00,0.0000,0.0089,0.0018,,,,,,,
33.0253,10,3,9.2147,42.2397,converged,3807.44,73715.12,-2.6983,0.00,0.0000,0.0096,0.0042,,,,,,,
26.6299,10,3,10.1622,36.7912,converged,3807.44,73715.12,-2.6983,0.00,0.0000,0.0086,0.0030,,,,,,,
52.9856,6,3,9.9138,62.8988,converged,3807.44,73715.12,-2.6983,0.00,0.0000,0.0130,0.0260,,,,,,,
24.1117,10,3,8.5435,32.6545,converged,3807.44,73715.12,-2.6983,0.00,0.0000,0.0160,0.0148,,,,,,,
26.0299,10,3,9.1025,35.1316,converged,3807.44,73715.12,-2.6983,0.00,0.0000,0.0104,0.0049,,,,,,,
37.2838,9,3,8.7039,45.9870,converged,3807.44,73715.12,-2.6983,0.00,0.0000,0.0137,0.0050,,,,,,,
49.5701,7,3,10.2000,59.7701,converged,3807.44,73715.12,-2.6983,0.00,0.0000,0.0148,0.0055,,,,,,,
24.2683,10,3,8.6934,32.9614,converged,3807.44,73715.12,-2.6983,0.00,0.0000,0.0126,0.0073,,,,,,,
32.4893,10,3,8.5868,41.0758,converged,3807.44,73715.12,-2.6983,0.00,0.0000,0.0095,0.0032,,,,,,,
59.3797,5,3,8.9950,68.3741,converged,3807.44,73715.12,-2.6983,0.00,0.0000,0.0210,0.0637,,,,,,,
37.6906,9,3,9.1996,46.8896,converged,3807.44,73715.12,-2.6983,0.00,0.0000,0.0109,0.0026,,,,,,,
22.9281,10,3,9.2274,32.1554,converged,3807.44,73715.12,-2.6983,0.00,0.0000,0.0081,0.0017,,,,,,,
40.3613,8,3,9.8490,50.2100,converged,3807.44,73715.12,-2.6983,0.00,0.0000,0.0112,0.0048,,,,,,,
54.1828,6,3,8.9620,63.1441,converged,3807.44,73715.12,-2.6983,0.00,0.0000,0.0131,0.0301,,,,,,,
53.9705,6,3,8.7407,62.7108,converged,3807.44,73715.12,-2.6983,0.00,0.0000,0.0120,0.0160,,,,,,,
40.4663,8,3,10.2826,50.7486,converged,3807.44,73715.12,-2.6983,0.00,0.0000,0.0125,0.0036,,,,,,,
45.3773,8,3,9.2654,54.6424,converged,3807.44,73715.12,-2.6983,0.00,0.0000,0.0095,0.0062,,,,,,,
47.8996,7,3,8.9616,56.8606,converged,3807.44,73715.12,-2.6983,0.00,0.0000,0.0098,0.0159,,,,,,,
46.1808,7,3,9.0535,55.2336,converged,3807.44,73715.12,-2.6983,0.00,0.0000,0.0125,0.0073,,,,,,,
44.8206,8,3,8.6326,53.4526,converged,3807.44,73715.12,-2.6983,0.00,0.0000,0.0117,0.0048,,,,,,,
23.7670,10,3,9.2507,33.0167,converged,3807.44,73715.12,-2.6983,0.00,0.0000,0.0100,0.0023,,,,,,,
31.8845,10,3,10.0607,41.9447,converged,3807.44,73715.12,-2.6983,0.00,0.0000,0.0097,0.0031,,,,,,,
24.2859,10,3,9.6681,33.9532,converged,3807.44,73715.12,-2.6983,0.00,0.0000,0.0091,0.0033,,,,,,,
56.8717,6,3,8.8764,65.7474,converged,3807.44,73715.12,-2.6983,0.00,0.0000,0.0107,0.0366,,,,,,,
41.3305,8,3,9.1303,50.4604,converged,3807.44,73715.12,-2.6983,0.00,0.0000,0.0117,0.0026,,,,,,,
27.4907,10,3,8.8202,36.3102,converged,3807.44,73715.12,-2.6983,0.00,0.0000,0.0143,0.0074,,,,,,,
20.3415,10,3,9.1082,29.4492,converged,3807.44,73715.12,-2.6983,0.00,0.0000,0.0094,0.0025,,,,,,,
51.0056,7,3,8.7967,59.8017,converged,3807.44,73715.12,-2.6983,0.00,0.0000,0.0124,0.0078,,,,,,,
20.4729,10,3,8.7875,29.2596,converged,3807.44,73715.12,-2.6983,0.00,0.0000,0.0113,0.0067,,,,,,,
27.2336,10,3,9.3922,36.6253,converged,3807.44,73715.12,-2.6983,0.00,0.0000,0.0103,0.0037,,,,,,,
54.7774,6,3,9.4475,64.2246,converged,3807.44,73715.12,-2.6983,0.00,0.0000,0.0125,0.0288,,,,,,,
47.0505,7,3,9.5698,56.6198,converged,3807.44,73715.12,-2.6983,0.00,0.0000,0.0150,0.0066,,,,,,,
34.7310,9,3,9.1820,43.9121,converged,3807.44,73715.12,-2.6983,0.00,0.0000,0.0092,0.0036,,,,,,,
41.3243,8,3,10.5848,51.9089,converged,3807.44,73715.12,-2.6983,0.00,0.0000,0.0128,0.0042,,,,,,,
53.1278,6,3,8.7901,61.9171,converged,3807.44,73715.12,-2.6983,0.00,0.0000,0.0119,0.0348,,,,,,,
23.2018,10,3,8.6277,31.8287,converged,3807.44,73715.12,-2.6983,0.00,0.0000,0.0116,0.0050,,,,,,,
50.9999,7,3,9.6519,60.6510,converged,3807.44,73715.12,-2.6983,0.00,0.0000,0.0148,0.0093,,,,,,,
27.0419,10,3,8.9644,36.0055,converged,3807.44,73715.12,-2.6983,0.00,0.0000,0.0088,0.0028,,,,,,,
57.9288,6,3,9.2723,67.2003,converged,3807.44,73715.12,-2.6983,0.00,0.0000,0.0180,0.0194,,,,,,,
24.3486,10,3,8.9259,33.2739,converged,3807.44,73715.12,-2.6983,0.00,0.0000,0.0084,0.0020,,,,,,,
23.3787,10,3,8.7108,32.0889,converged,3807.44,73715.12,-2.6983,0.00,0.0000,0.0094,0.0030,,,,,,,
27.5195,10,3,9.5591,37.0782,converged,3807.44,73715.12,-2.6983,0.00,0.0000,0.0098,0.0028,,,,,,,
26.3837,10,3,9.1796,35.5626,converged,3807.44,73715.12,-2.6983,0.00,0.0000,0.0084,0.0020,,,,,,,
40.1770,8,3,9.1351,49.3112,converged,3807.44,73715.12,-2.6983,0.00,0.0000,0.0097,0.0095,,,,,,,
53.2492,6,3,9.5375,62.7866,converged,3807.44,73715.12,-2.6983,0.00,0.0000,0.0137,0.0203,,,,,,,
21.8294,10,3,12.8813,34.7104,converged,3807.44,73715.12,-2.6983,0.00,0.0000,0.0089,0.0032,,,,,,,
20.0880,10,3,9.0230,29.1110,converged,3807.44,73715.12,-2.6983,0.00,0.0000,0.0095,0.0033,,,,,,,
52.2146,6,3,8.7041,60.9181,converged,3807.44,73715.12,-2.6983,0.00,0.0000,0.0148,0.0339,,,,,,,
53.0415,6,3,10.5798,63.6208,converged,3807.44,73715.12,-2.6983,0.00,0.0000,0.0147,0.0325,,,,,,,
21.1477,10,3,9.2160,30.3630,converged,3807.44,73715.12,-2.6983,0.00,0.0000,0.0088,0.0027,,,,,,,
27.6972,10,3,9.8326,37.5296,converged,3807.44,73715.12,-2.6983,0.00,0.0000,0.0095,0.0036,,,,,,,
48.4842,7,3,9.1672,57.6512,converged,3807.44,73715.12,-2.6983,0.00,0.0000,0.0104,0.0086,,,,,,,
25.9824,10,3,9.1919,35.1739,converged,3807.44,73715.12,-2.6983,0.00,0.0000,0.0108,0.0046,,,,,,,
33.9929,10,3,11.4906,45.4827,converged,3807.44,73715.12,-2.6983,0.00,0.0000,0.0103,0.0042,,,,,,,
58.7036,5,3,8.9997,67.7027,converged,3807.44,73715.12,-2.6983,0.00,0.0000,0.0184,0.0707,,,,,,,
57.1502,6,3,9.0110,66.1611,converged,3807.44,73715.12,-2.6983,0.00,0.0000,0.0136,0.0305,,,,,,,
52.7764,6,3,9.6045,62.3806,converged,3807.44,73715.12,-2.6983,0.00,0.0000,0.0105,0.0277,,,,,,,
56.3221,6,3,9.8754,66.1974,converged,3807.44,73715.12,-2.6983,0.00,0.0000,0.0142,0.0148,,,,,,,
20.7867,10,3,9.2955,30.0815,converged,3807.44,73715.12,-2.6983,0.00,0.0000,0.0102,0.0028,,,,,,,
50.9052,7,3,9.0285,59.9336,converged,3807.44,73715.12,-2.6983,0.00,0.0000,0.0132,0.0059,,,,,,,
41.7789,8,3,9.0499,50.8280,converged,3807.44,73715.12,-2.6983,0.00,0.0000,0.0089,0.0087,,,,,,,
58.5747,5,3,9.2905,67.8646,converged,3807.44,73715.12,-2.6983,0.00,0.0000,0.0103,0.0486,,,,,,,
26.3800,10,3,8.9767,35.3557,converged,3807.44,73715.12,-2.6983,0.00,0.0000,0.0098,0.0029,,,,,,,
34.2006,9,3,9.0068,43.2068,converged,3807.44,73715.12,-2.6983,0.00,0.0000,0.0104,0.0028,,,,,,,
32.4393,10,3,10.0275,42.4665,converged,3807.44,73715.12,-2.6983,0.00,0.0000,0.0085,0.0022,,,,,,,
24.0706,10,3,9.4660,33.5361,converged,3807.44,73715.12,-2.6983,0.00,0.0000,0.0111,0.0034,,,,,,,
47.8016,7,3,10.1693,57.9704,converged,3807.44,73715.12,-2.6983,0.00,0.0000,0.0134,0.0057,,,,,,,
35.5838,9,3,9.0809,44.6639,converged,3807.44,73715.12,-2.6983,0.00,0.0000,0.0118,0.0044,,,,,,,
28.5507,10,3,9.0330,37.5830,converged,3807.44,73715.12,-2.6983,0.00,0.0000,0.0135,0.0079,,,,,,,
32.1036,10,3,8.8709,40.9739,converged,3807.44,73715.12,-2.6983,0.00,0.0000,0.0098,0.0041,,,,,,,
23.0843,10,3,8.7661,31.8502,converged,3807.44,73715.12,-2.6983,0.00,0.0000,0.0087,0.0026,,,,,,,
55.8146,6,3,9.1342,64.9483,converged,3807.44,73715.12,-2.6983,0.00,0.0000,0.0097,0.0229,,,,,,,
38.8962,9,3,9.2011,48.0971,converged,3807.44,73715.12,-2.6983,0.00,0.0000,0.0112,0.0030,,,,,,,
38.6356,9,3,8.7762,47.4112,converged,3807.44,73715.12,-2.6983,0.00,0.0000,0.0087,0.0045,,,,,,,
51.1109,7,3,9.4233,60.5333,converged,3807.44,73715.12,-2.6983,0.00,0.0000,0.0114,0.0067,,,,,,,
31.9823,10,3,9.5900,41.5720,converged,3807.44,73715.12,-2.6983,0.00,0.0000,0.0099,0.0032,,,,,,,
21.3151,10,3,8.8647,30.1797,converged,3807.44,73715.12,-2.6983,0.00,0.0000,0.0106,0.0040,,,,,,,
58.0004,5,3,9.7227,67.7227,converged,3807.44,73715.12,-2.6983,0.00,0.0000,0.0153,0.0658,,,,,,,
52.1950,6,3,12.6024,64.7974,converged,3807.44,73715.12,-2.6983,0.00,0.0000,0.0152,0.0157,,,,,,,
22.5629,10,3,9.2947,31.8567,converged,3807.44,73715.12,-2.6983,0.00,0.0000,0.0100,0.0052,,,,,,,
25.7917,10,3,10.1024,35.8934,converged,3807.44,73715.12,-2.6983,0.00,0.0000,0.0095,0.0031,,,,,,,
25.9101,10,3,8.7377,34.6478,converged,3807.44,73715.12,-2.6983,0.00,0.0000,0.0093,0.0030,,,,,,,
35.8258,9,3,8.5833,44.4083,converged,3807.44,73715.12,-2.6983,0.00,0.0000,0.0110,0.0044,,,,,,,
21.1827,10,3,9.0225,30.2046,converged,3807.44,73715.12,-2.6983,0.00,0.0000,0.0089,0.0024,,,,,,,
55.6732,6,3,9.2609,64.9339,converged,3807.44,73715.12,-2.6983,0.00,0.0000,0.0148,0.0272,,,,,,,
54.8967,6,3,8.7747,63.6707,converged,3807.44,73715.12,-2.6983,0.00,0.0000,0.0172,0.0232,,,,,,,
56.7923,6,3,8.9121,65.7042,converged,3807.44,73715.12,-2.6983,0.00,0.0000,0.0106,0.0200,,,,,,,
36.1222,9,3,10.8230,46.9450,converged,3807.44,73715.12,-2.6983,0.00,0.0000,0.0114,0.0029,,,,,,,
38.2817,9,3,9.1914,47.4725,converged,3807.44,73715.12,-2.6983,0.00,0.0000,0.0094,0.0071,,,,,,,
52.3991,6,3,11.9570,64.3561,converged,3807.44,73715.12,-2.6983,0.00,0.0000,0.0124,0.0424,,,,,,,
31.0291,10,3,8.8496,39.8786,converged,3807.44,73715.12,-2.6983,0.00,0.0000,0.0111,0.0049,,,,,,,
43.2184,8,3,9.5921,52.8102,converged,3807.44,73715.12,-2.6983,0.00,0.0000,0.0129,0.0034,,,,,,,
37.0435,9,3,9.9426,46.9857,converged,3807.44,73715.12,-2.6983,0.00,0.0000,0.0134,0.0051,,,,,,,
43.5555,8,3,8.9764,52.5315,converged,3807.44,73715.12,-2.6983,0.00,0.0000,0.0123,0.0044,,,,,,,
31.4336,10,3,10.3441,41.7772,converged,3807.44,73715.12,-2.6983,0.00,0.0000,0.0098,0.0037,,,,,,,
56.9276,6,3,9.0449,65.9720,converged,3807.44,73715.12,-2.6983,0.00,0.0000,0.0117,0.0203,,,,,,,
51.3364,7,3,9.0032,60.3392,converged,3807.44,73715.12,-2.6983,0.00,0.0000,0.0111,0.0060,,,,,,,
40.7495,8,3,8.9133,49.6623,converged,3807.44,73715.12,-2.6983,0.00,0.0000,0.0123,0.0040,,,,,,,
25.8083,10,3,9.0419,34.8499,converged,3807.44,73715.12,-2.6983,0.00,0.0000,0.0099,0.0039,,,,,,,
43.1974,8,3,9.7971,52.9941,converged,3807.44,73715.12,-2.6983,0.00,0.0000,0.0109,0.0057,,,,,,,
58.7449,5,3,12.2573,71.0013,converged,3807.44,73715.12,-2.6983,0.00,0.0000,0.0120,0.0438,,,,,,,
46.1155,7,3,10.6423,56.7573,converged,3807.44,73715.12,-2.6983,0.00,0.0000,0.0146,0.0042,,,,,,,
52.5470,6,3,10.4525,62.9996,converged,3807.44,73715.12,-2.6983,0.00,0.0000,0.0130,0.0231,,,,,,,
24.1816,10,3,13.5205,37.7016,converged,3807.44,73715.12,-2.6983,0.00,0.0000,0.0096,0.0036,,,,,,,
53.9617,6,3,8.7668,62.7278,converged,3807.44,73715.12,-2.6983,0.00,0.0000,0.0160,0.0260,,,,,,,
31.4658,10,3,10.1365,41.6015,converged,3807.44,73715.12,-2.6983,0.00,0.0000,0.0107,0.0048,,,,,,,
35.2973,9,3,9.5380,44.8350,converged,3807.44,73715.12,-2.6983,0.00,0.0000,0.0126,0.0076,,,,,,,
57.5370,6,3,9.0509,66.5879,converged,3807.44,73715.12,-2.6983,0.00,0.0000,0.0158,0.0323,,,,,,,
26.7207,10,3,8.6501,35.3702,converged,3807.44,73715.12,-2.6983,0.00,0.0000,0.0083,0.0029,,,,,,,
30.9735,10,3,8.7416,39.7147,converged,3807.44,73715.12,-2.6983,0.00,0.0000,0.0104,0.0042,,,,,,,
57.6030,6,3,8.8542,66.4572,converged,3807.44,73715.12,-2.6983,0.00,0.0000,0.0159,0.0082,,,,,,,
33.4970,10,3,9.9399,43.4359,converged,3807.44,73715.12,-2.6983,0.00,0.0000,0.0087,0.0027,,,,,,,
46.0806,7,3,9.0070,55.0871,converged,3807.44,73715.12,-2.6983,0.00,0.0000,0.0139,0.0092,,,,,,,
58.8165,5,3,8.6125,67.4286,converged,3807.44,73715.12,-2.6983,0.00,0.0000,0.0146,0.0487,,,,,,,
41.1141,8,3,9.4596,50.5737,converged,3807.44,73715.12,-2.6983,0.00,0.0000,0.0130,0.0035,,,,,,,
21.8458,10,3,8.9642,30.8093,converged,3807.44,73715.12,-2.6983,0.00,0.0000,0.0111,0.0044,,,,,,,
28.6142,10,3,8.8979,37.5119,converged,3807.44,73715.12,-2.6983,0.00,0.0000,0.0097,0.0030,,,,,,,
49.5673,7,3,9.5279,59.0949,converged,3807.44,73715.12,-2.6983,0.00,0.0000,0.0126,0.0062,,,,,,,
47.6840,7,3,9.1953,56.8794,converged,3807.44,73715.12,-2.6983,0.00,0.0000,0.0130,0.0110,,,,,,,
55.3606,6,3,9.7779,65.1380,converged,3807.44,73715.12,-2.6983,0.00,0.0000,0.0106,0.0279,,,,,,,
57.6037,6,3,10.7344,68.3375,converged,3807.44,73715.12,-2.6983,0.00,0.0000,0.0152,0.0262,,,,,,,
57.0746,6,3,8.8596,65.9336,converged,3807.44,73715.12,-2.6983,0.00,0.0000,0.0098,0.0389,,,,,,,
53.7686,6,3,9.2941,63.0621,converged,3807.44,73715.12,-2.6983,0.00,0.0000,0.0126,0.0357,,,,,,,
27.6054,10,3,12.3584,39.9634,converged,3807.44,73715.12,-2.6983,0.00,0.0000,0.0134,0.0083,,,,,,,
44.0386,8,3,9.7229,53.7609,converged,3807.44,73715.12,-2.6983,0.00,0.0000,0.0116,0.0039,,,,,,,
59.1957,5,3,8.6403,67.8354,converged,3807.44,73715.12,-2.6983,0.00,0.0000,0.0140,0.0555,,,,,,,
38.0786,9,3,10.0005,48.0785,converged,3807.44,73715.12,-2.6983,0.00,0.0000,0.0103,0.0029,,,,,,,
51.2947,7,3,8.9582,60.2522,converged,3807.44,73715.12,-2.6983,0.00,0.0000,0.0119,0.0078,,,,,,,
57.6645,6,3,8.9336,66.5976,converged,3807.44,73715.12,-2.6983,0.00,0.0000,0.0124,0.0216,,,,,,,
55.6238,6,3,9.8119,65.4349,converged,3807.44,73715.12,-2.6983,0.00,0.0000,0.0125,0.0194,,,,,,,
23.8257,10,3,8.7255,32.5506,converged,3807.44,73715.12,-2.6983,0.00,0.0000,0.0114,0.0057,,,,,,,
54.1606,6,3,9.5492,63.7093,converged,3807.44,73715.12,-2.6983,0.00,0.0000,0.0153,0.0287,,,,,,,
47.9976,7,3,9.1330,57.1301,converged,3807.44,73715.12,-2.6983,0.00,0.0000,0.0136,0.0078,,,,,,,
50.6065,7,3,9.3394,59.9454,converged,3807.44,73715.12,-2.6983,0.00,0.0000,0.0154,0.0067,,,,,,,
44.1086,8,3,9.0938,53.2018,converged,3807.44,73715.12,-2.6983,0.00,0.0000,0.0117,0.0049,,,,,,,
44.9935,8,3,10.2930,55.2860,converged,3807.44,73715.12,-2.6983,0.00,0.0000,0.0101,0.0067,,,,,,,
52.1070,6,3,10.4435,62.5496,converged,3807.44,73715.12,-2.6983,0.00,0.0000,0.0142,0.0324,,,,,,,
42.5938,8,3,9.1828,51.7758,converged,3807.44,73715.12,-2.6983,0.00,0.0000,0.0089,0.0090,,,,,,,
26.9271,10,3,9.1319,36.0589,converged,3807.44,73715.12,-2.6983,0.00,0.0000,0.0087,0.0024,,,,,,,
49.6914,7,3,11.1655,60.8565,converged,3807.44,73715.12,-2.6983,0.00,0.0000,0.0103,0.0074,,,,,,,
37.1931,9,3,10.7140,47.9070,converged,3807.44,73715.12,-2.6983,0.00,0.0000,0.0101,0.0044,,,,,,,
34.9797,9,3,10.7760,45.7551,converged,3807.44,73715.12,-2.6983,0.00,0.0000,0.0106,0.0034,,,,,,,
51.2958,7,3,9.0814,60.3765,converged,3807.44,73715.12,-2.6983,0.00,0.0000,0.0147,0.0038,,,,,,,
47.8099,7,3,8.8585,56.6675,converged,3807.44,73715.12,-2.6983,0.00,0.0000,0.0127,0.0075,,,,,,,
26.8166,10,3,8.6960,35.5120,converged,3807.44,73715.12,-2.6983,0.00,0.0000,0.0085,0.0019,,,,,,,
20.9522,10,3,8.9958,29.9478,converged,3807.44,73715.12,-2.6983,0.00,0.0000,0.0108,0.0052,,,,,,,
46.5045,7,3,10.0390,56.5431,converged,3807.44,73715.12,-2.6983,0.00,0.0000,0.0132,0.0073,,,,,,,
23.6888,10,3,9.0224,32.7104,converged,3807.44,73715.12,-2.6983,0.00,0.0000,0.0088,0.0036,,,,,,,
21.1742,10,3,10.1604,31.3344,converged,3807.44,73715.12,-2.6983,0.00,0.0000,0.0141,0.0094,,,,,,,
45.5091,8,3,8.9260,54.4350,converged,3807.44,73715.12,-2.6983,0.00,0.0000,0.0096,0.0058,,,,,,,
39.5337,9,3,8.9158,48.4489,converged,3807.44,73715.12,-2.6983,0.00,0.0000,0.0093,0.0062,,,,,,,
38.2902,9,3,9.9661,48.2562,converged,3807.44,73715.12,-2.6983,0.00,0.0000,0.0110,0.0024,,,,,,,
30.3400,10,3,10.1760,40.5160,converged,3807.44,73715.12,-2.6983,0.00,0.0000,0.0075,0.0028,,,,,,,
48.4921,7,3,12.2610,60.7530,converged,3807.44,73715.12,-2.6983,0.00,0.0000,0.0112,0.0138,,,,,,,
37.1127,9,3,8.9182,46.0302,converged,3807.44,73715.12,-2.6983,0.00,0.0000,0.0085,0.0025,,,,,,,
52.5519,6,3,9.9684,62.5195,converged,3807.44,73715.12,-2.6983,0.00,0.0000,0.0150,0.0252,,,,,,,
28.8786,10,3,9.5399,38.4179,converged,3807.44,73715.12,-2.6983,0.00,0.0000,0.0108,0.0037,,,,,,,
30.5911,10,3,9.7882,40.3793,converged,3807.44,73715.12,-2.6983,0.00,0.0000,0.0099,0.0031,,,,,,,
45.6186,8,3,9.9777,55.5957,converged,3807.44,73715.12,-2.6983,0.00,0.0000,0.0140,0.0038,,,,,,,
49.8039,7,3,9.0469,58.8499,converged,3807.44,73715.12,-2.6983,0.00,0.0000,0.0136,0.0061,,,,,,,
30.2213,10,3,9.9980,40.2190,converged,3807.44,73715.12,-2.6983,0.00,0.0000,0.0090,0.0029,,,,,,,
37.2640,9,3,10.5829,47.8459,converged,3807.44,73715.12,-2.6983,0.00,0.0000,0.0121,0.0041,,,,,,,
23.1508,10,3,8.9846,32.1346,converged,3807.44,73715.12,-2.6983,0.00,0.0000,0.0103,0.0049,,,,,,,
27.6225,10,3,9.0237,36.6458,converged,3807.44,73715.12,-2.6983,0.00,0.0000,0.0118,0.0057,,,,,,,
51.1619,7,3,9.1416,60.3026,converged,3807.44,73715.12,-2.6983,0.00,0.0000,0.0150,0.0041,,,,,,,
26.8887,10,3,9.1298,36.0178,converged,3807.44,73715.12,-2.6983,0.00,0.0000,0.0093,0.0034,,,,,,,
56.7924,6,3,8.6962,65.4883,converged,3807.44,73715.12,-2.6983,0.00,0.0000,0.0145,0.0208,,,,,,,
45.9464,8,3,9.1215,55.0675,converged,3807.44,73715.12,-2.6983,0.00,0.0000,0.0123,0.0041,,,,,,,
32.8860,10,3,9.5376,42.4237,converged,3807.44,73715.12,-2.6983,0.00,0.0000,0.0116,0.0063,,,,,,,
59.8572,5,3,9.2274,69.0844,converged,3807.44,73715.12,-2.6983,0.00,0.0000,0.0201,0.0519,,,,,,,
28.0294,10,3,8.8034,36.8324,converged,3807.44,73715.12,-2.6983,0.00,0.0000,0.0099,0.0025,,,,,,,
23.3962,10,3,8.8725,32.2686,converged,3807.44,73715.12,-2.6983,0.00,0.0000,0.0095,0.0024,,,,,,,
37.6582,9,3,9.0567,46.7147,converged,3807.44,73715.12,-2.6983,0.00,0.0000,0.0123,0.0042,,,,,,,
20.0631,10,3,9.4207,29.4837,converged,3807.44,73715.12,-2.6983,0.00,0.0000,0.0095,0.0038,,,,,,,
56.9235,6,3,9.1658,66.0889,converged,3807.44,73715.12,-2.6983,0.00,0.0000,0.0177,0.0188,,,,,,,
43.3417,8,3,8.6078,51.9489,converged,3807.44,73715.12,-2.6983,0.00,0.0000,0.0109,0.0043,,,,,,,
40.6357,8,3,9.7464,50.3815,converged,3807.44,73715.12,-2.6983,0.00,0.0000,0.0112,0.0041,,,,,,,
55.7178,6,3,9.6738,65.3908,converged,3807.44,73715.12,-2.6983,0.00,0.0000,0.0129,0.0270,,,,,,,
29.0650,10,3,8.8224,37.8865,converged,3807.44,73715.12,-2.6983,0.00,0.0000,0.0097,0.0038,,,,,,,
56.2864,6,3,8.7254,65.0115,converged,3807.44,73715.12,-2.6983,0.00,0.0000,0.0155,0.0184,,,,,,,
23.5724,10,3,12.4798,36.0518,converged,3807.44,73715.12,-2.6983,0.00,0.0000,0.0110,0.0053,,,,,,,
26.2167,10,3,12.7675,38.9836,converged,3807.44,73715.12,-2.6983,0.00,0.0000,0.0097,0.0028,,,,,,,
55.7762,6,3,10.9039,66.6800,converged,3807.44,73715.12,-2.6983,0.00,0.0000,0.0127,0.0217,,,,,,,
45.6518,8,3,9.0842,54.7352,converged,3807.44,73715.12,-2.6983,0.00,0.0000,0.0116,0.0037,,,,,,,
54.8470,6,3,8.7191,63.5651,converged,3807.44,73715.12,-2.6983,0.00,0.0000,0.0141,0.0191,,,,,,,
39.0220,9,3,9.1521,48.1741,converged,3807.44,73715.12,-2.6983,0.00,0.0000,0.0119,0.0036,,,,,,,
26.4410,10,3,9.2280,35.6680,converged,3807.44,73715.12,-2.6983,0.00,0.0000,0.0112,0.0074,,,,,,,
32.8330,10,3,11.7701,44.6022,converged,3807.44,73715.12,-2.6983,0.00,0.0000,0.0093,0.0029,,,,,,,
30.1316,10,3,9.5337,39.6648,converged,3807.44,73715.12,-2.6983,0.00,0.0000,0.0100,0.0034,,,,,,,
57.4264,6,3,10.0568,67.4829,converged,3807.44,73715.12,-2.6983,0.00,0.0000,0.0147,0.0192,,,,,,,
21.8154,10,3,8.6471,30.4621,converged,3807.44,73715.12,-2.6983,0.00,0.0000,0.0120,0.0084,,,,,,,
52.5093,6,3,12.6720,65.1811,converged,3807.44,73715.12,-2.6983,0.00,0.0000,0.0134,0.0198,,,,,,,
51.8885,7,3,9.1039,60.9919,converged,3807.44,73715.12,-2.6983,0.00,0.0000,0.0096,0.0142,,,,,,,
28.9965,10,3,9.9478,38.9439,converged,3807.44,73715.12,-2.6983,0.00,0.0000,0.0095,0.0029,,,,,,,
52.3955,6,3,13.4905,65.8855,converged,3807.44,73715.12,-2.6983,0.00,0.0000,0.0116,0.0354,,,,,,,
56.7502,6,3,10.3065,67.0565,converged,3807.44,73715.12,-2.6983,0.00,0.0000,0.0104,0.0267,,,,,,,
21.8712,10,3,9.0135,30.8845,converged,3807.44,73715.12,-2.6983,0.00,0.0000,0.0109,0.0038,,,,,,,
36.3606,9,3,8.9805,45.3406,converged,3807.44,73715.12,-2.6983,0.00,0.0000,0.0131,0.0076,,,,,,,
44.5324,8,3,10.6151,55.1471,converged,3807.44,73715.12,-2.6983,0.00,0.0000,0.0112,0.0024,,,,,,,
27.2059,10,3,8.9447,36.1497,converged,3807.44,73715.12,-2.6983,0.00,0.0000,0.0100,0.0032,,,,,,,
44.3315,8,3,9.7037,54.0347,converged,3807.44,73715.12,-2.6983,0.00,0.0000,0.0113,0.0025,,,,,,,
46.8501,7,3,9.8182,56.6682,converged,3807.44,73715.12,-2.6983,0.00,0.0000,0.0129,0.0147,,,,,,,
43.9781,8,3,9.1458,53.1238,converged,3807.44,73715.12,-2.6983,0.00,0.0000,0.0107,0.0080,,,,,,,
56.3442,6,3,8.7386,65.0826,converged,3807.44,73715.12,-2.6983,0.00,0.0000,0.0103,0.0339,,,,,,,
24.0980,10,3,10.1609,34.2589,converged,3807.44,73715.12,-2.6983,0.00,0.0000,0.0106,0.0046,,,,,,,
33.6441,10,3,9.2822,42.9262,converged,3807.44,73715.12,-2.6983,0.00,0.0000,0.0103,0.0031,,,,,,,
49.4588,7,3,8.7309,58.1889,converged,3807.44,73715.12,-2.6983,0.00,0.0000,0.0131,0.0053,,,,,,,
31.5117,10,3,9.7652,41.2763,converged,3807.44,73715.12,-2.6983,0.00,0.0000,0.0111,0.0046,,,,,,,
38.7932,9,3,9.6467,48.4397,converged,3807.44,73715.12,-2.6983,0.00,0.0000,0.0084,0.0024,,,,,,,
55.1420,6,3,8.9104,64.0524,converged,3807.44,73715.12,-2.6983,0.00,0.0000,0.0122,0.0239,,,,,,,
23.7151,10,3,9.5087,33.2238,converged,3807.44,73715.12,-2.6983,0.00,0.0000,0.0099,0.0022,,,,,,,
24.2253,10,3,10.1114,34.3364,converged,3807.44,73715.12,-2.6983,0.00,0.0000,0.0094,0.0026,,,,,,,
54.1912,6,3,9.0505,63.2415,converged,3807.44,73715.12,-2.6983,0.00,0.0000,0.0151,0.0342,,,,,,,
40.4163,8,3,8.8778,49.2938,converged,3807.44,73715.12,-2.6983,0.00,0.0000,0.0108,0.0050,,,,,,,
45.7864,8,3,8.8552,54.6413,converged,3807.44,73715.12,-2.6983,0.00,0.0000,0.0118,0.0026,,,,,,,
21.6634,10,3,10.0017,31.6647,converged,3807.44,73715.12,-2.6983,0.00,0.0000,0.0100,0.0036,,,,,,,
35.0570,9,3,10.3216,45.3786,converged,3807.44,73715.12,-2.6983,0.00,0.0000,0.0109,0.0032,,,,,,,
23.5794,10,3,9.2793,32.8584,converged,3807.44,73715.12,-2.6983,0.00,0.0000,0.0098,0.0036,,,,,,,
46.1686,7,3,9.0531,55.2211,converged,3807.44,73715.12,-2.6983,0.00,0.0000,0.0125,0.0085,,,,,,,
48.4576,7,3,9.1504,57.6074,converged,3807.44,73715.12,-2.6983,0.00,0.0000,0.0130,0.0059,,,,,,,
52.4735,6,3,8.7244,61.1974,converged,3807.44,73715.12,-2.6983,0.00,0.0000,0.0136,0.0230,,,,,,,
39.5382,9,3,8.9175,48.4555,converged,3807.44,73715.12,-2.6983,0.00,0.0000,0.0107,0.0024,,,,,,,
45.3244,8,3,8.6895,54.0135,converged,3807.44,73715.12,-2.6983,0.00,0.0000,0.0129,0.0070,,,,,,,
45.7598,8,3,9.3700,55.1290,converged,3807.44,73715.12,-2.6983,0.00,0.0000,0.0091,0.0083,,,,,,,
25.1641,10,3,9.0656,34.2296,converged,3807.44,73715.12,-2.6983,0.00,0.0000,0.0111,0.0055,,,,,,,
42.6846,8,3,13.0962,55.7803,converged,3807.44,73715.12,-2.6983,0.00,0.0000,0.0114,0.0042,,,,,,,
31.7072,10,3,12.7490,44.4560,converged,3807.44,73715.12,-2.6983,0.00,0.0000,0.0122,0.0070,,,,,,,
54.4429,6,3,8.9560,63.3981,converged,3807.44,73715.12,-2.6983,0.00,0.0000,0.0112,0.0302,,,,,,,
31.9683,10,3,8.7236,40.6916,converged,3807.44,73715.12,-2.6983,0.00,0.0000,0.0095,0.0015,,,,,,,
57.6069,6,3,9.2531,66.8591,converged,3807.44,73715.12,-2.6983,0.00,0.0000,0.0130,0.0260,,,,,,,
32.3759,10,3,9.2914,41.6665,converged,3807.44,73715.12,-2.6983,0.00,0.0000,0.0100,0.0040,,,,,,,
58.3683,5,3,9.6136,67.9817,converged,3807.44,73715.12,-2.6983,0.00,0.0000,0.0133,0.0539,,,,,,,
35.1486,9,3,9.1957,44.3438,converged,3807.44,73715.12,-2.6983,0.00,0.0000,0.0108,0.0041,,,,,,,
35.8239,9,3,9.1167,44.9398,converged,3807.44,73715.12,-2.6983,0.00,0.0000,0.0095,0.0036,,,,,,,
55.5435,6,3,9.4977,65.0408,converged,3807.44,73715.12,-2.6983,0.00,0.0000,0.0124,0.0231,,,,,,,
41.5187,8,3,9.1574,50.6754,converged,3807.44,73715.12,-2.6983,0.00,0.0000,0.0071,0.0063,,,,,,,
57.1786,6,3,9.1382,66.3162,converged,3807.44,73715.12,-2.6983,0.00,0.0000,0.0082,0.0215,,,,,,,
52.9578,6,3,8.7669,61.7239,converged,3807.44,73715.12,-2.6983,0.00,0.0000,0.0143,0.0256,,,,,,,
46.4947,7,3,9.3921,55.8862,converged,3807.44,73715.12,-2.6983,0.00,0.0000,0.0113,0.0069,,,,,,,
23.4610,10,3,9.2960,32.7560,converged,3807.44,73715.12,-2.6983,0.00,0.0000,0.0110,0.0049,,,,,,,
35.3720,9,3,9.3936,44.7646,converged,3807.44,73715.12,-2.6983,0.00,0.0000,0.0106,0.0031,,,,,,,
47.2373,7,3,8.7930,56.0301,converged,3807.44,73715.12,-2.6983,0.00,0.0000,0.0084,0.0181,,,,,,,
59.9430,5,3,8.6777,68.6198,converged,3807.44,73715.12,-2.6983,0.00,0.0000,0.0172,0.0672,,,,,,,
27.2719,10,3,8.9979,36.2689,converged,3807.44,73715.12,-2.6983,0.00,0.0000,0.0102,0.0033,,,,,,,
53.2341,6,3,9.0258,62.2598,converged,3807.44,73715.12,-2.6983,0.00,0.0000,0.0139,0.0255,,,,,,,
23.5774,10,3,8.9828,32.5598,converged,3807.44,73715.12,-2.6983,0.00,0.0000,0.0101,0.0026,,,,,,,
28.8641,10,3,9.2879,38.1520,converged,3807.44,73715.12,-2.6983,0.00,0.0000,0.0096,0.0023,,,,,,,
22.1398,10,3,10.1786,32.3177,converged,3807.44,73715.12,-2.6983,0.00,0.0000,0.0115,0.0056,,,,,,,
47.0892,7,3,8.6139,55.7029,converged,3807.44,73715.12,-2.6983,0.00,0.0000,0.0123,0.0110,,,,,,,
25.5432,10,3,9.1371,34.6801,converged,3807.44,73715.12,-2.6983,0.00,0.0000,0.0085,0.0035,,,,,,,
46.1115,7,3,9.3890,55.5001,converged,3807.44,73715.12,-2.6983,0.00,0.0000,0.0122,0.0047,,,,,,,
21.9564,10,3,8.5687,30.5248,converged,3807.44,73715.12,-2.6983,0.00,0.0000,0.0085,0.0035,,,,,,,
37.8250,9,3,9.0917,46.9157,converged,3807.44,73715.12,-2.6983,0.00,0.0000,0.0129,0.0052,,,,,,,
20.0141,10,3,10.6708,30.6849,converged,3807.44,73715.12,-2.6983,0.00,0.0000,0.0108,0.0056,,,,,,,
51.4115,7,3,11.9741,63.3851,converged,3807.44,73715.12,-2.6983,0.00,0.0000,0.0149,0.0102,,,,,,,
20.4876,10,3,8.6517,29.1388,converged,3807.44,73715.12,-2.6983,0.00,0.0000,0.0108,0.0043,,,,,,,
34.1958,9,3,8.8307,43.0257,converged,3807.44,73715.12,-2.6983,0.00,0.0000,0.0106,0.0029,,,,,,,
21.7239,10,3,8.8256,30.5487,converged,3807.44,73715.12,-2.6983,0.00,0.0000,0.0110,0.0060,,,,,,,
22.7612,10,3,9.2990,32.0601,converged,3807.44,73715.12,-2.6983,0.00,0.0000,0.0090,0.0024,,,,,,,
48.5011,7,3,9.9548,58.4558,converged,3807.44,73715.12,-2.6983,0.00,0.0000,0.0124,0.0106,,,,,,,
21.7110,10,3,10.1147,31.8257,converged,3807.44,73715.12,-2.6983,0.00,0.0000,0.0135,0.0083,,,,,,,
45.5314,8,3,12.1509,57.6820,converged,3807.44,73715.12,-2.6983,0.00,0.0000,0.0092,0.0041,,,,,,,
31.7309,10,3,9.3089,41.0389,converged,3807.44,73715.12,-2.6983,0.00,0.0000,0.0095,0.0027,,,,,,,
28.3503,10,3,9.6012,37.9512,converged,3807.44,73715.12,-2.6983,0.00,0.0000,0.0098,0.0035,,,,,,,
42.8639,8,3,12.8706,55.7336,converged,3807.44,73715.12,-2.6983,0.00,0.0000,0.0100,0.0043,,,,,,,
23.3486,10,3,9.5894,32.9375,converged,3807.44,73715.12,-2.6983,0.00,0.0000,0.0090,0.0029,,,,,,,
25.9781,10,3,9.0530,35.0310,converged,3807.44,73715.12,-2.6983,0.00,0.0000,0.0098,0.0031,,,,,,,
34.8576,9,3,10.2807,45.1377,converged,3807.44,73715.12,-2.6983,0.00,0.0000,0.0113,0.0026,,,,,,,
30.3837,10,3,9.8163,40.1994,converged,3807.44,73715.12,-2.6983,0.00,0.0000,0.0104,0.0027,,,,,,,
28.8985,10,3,9.5408,38.4388,converged,3807.44,73715.12,-2.6983,0.00,0.0000,0.0097,0.0027,,,,,,,
51.3499,7,3,8.8158,60.1649,converged,3807.44,73715.12,-2.6983,0.00,0.0000,0.0119,0.0079,,,,,,,
52.3316,6,3,12.0330,64.3641,converged,3807.44,73715.12,-2.6983,0.00,0.0000,0.0132,0.0279,,,,,,,
20.1177,10,3,8.8727,28.9897,converged,3807.44,73715.12,-2.6983,0.00,0.0000,0.0138,0.0102,,,,,,,
26.0359,10,3,8.9801,35.0151,converged,3807.44,73715.12,-2.6983,0.00,0.0000,0.0116,0.0059,,,,,,,
45.1524,8,3,9.1663,54.3183,converged,3807.44,73715.12,-2.6983,0.00,0.0000,0.0113,0.0052,,,,,,,
29.1532,10,3,9.0530,38.2060,converged,3807.44,73715.12,-2.6983,0.00,0.0000,0.0107,0.0047,,,,,,,
31.2339,10,3,8.9411,40.1742,converged,3807.44,73715.12,-2.6983,0.00,0.0000,0.0099,0.0040,,,,,,,
58.2433,5,3,10.9063,69.1494,converged,3807.44,73715.12,-2.6983,0.00,0.0000,0.0140,0.0622,,,,,,,
41.7976,8,3,9.0739,50.8710,converged,3807.44,73715.12,-2.6983,0.00,0.0000,0.0098,0.0065,,,,,,,
46.2585,7,3,11.0213,57.2793,converged,3807.44,73715.12,-2.6983,0.00,0.0000,0.0130,0.0127,,,,,,,
30.3842,10,3,8.6556,39.0396,converged,3807.44,73715.12,-2.6983,0.00,0.0000,0.0121,0.0079,,,,,,,
43.8074,8,3,9.8036,53.6106,converged,3807.44,73715.12,-2.6983,0.00,0.0000,0.0093,0.0072,,,,,,,
55.7638,6,3,9.1222,64.8853,converged,3807.44,73715.12,-2.6983,0.00,0.0000,0.0170,0.0222,,,,,,,
41.7821,8,3,9.7211,51.5031,converged,3807.44,73715.12,-2.6983,0.00,0.0000,0.0103,0.0065,,,,,,,
42.5765,8,3,8.8506,51.4266,converged,3807.44,73715.12,-2.6983,0.00,0.0000,0.0106,0.0050,,,,,,,
21.7717,10,3,9.1841,30.9551,converged,3807.44,73715.12,-2.6983,0.00,0.0000,0.0116,0.0065,,,,,,,
42.6874,8,3,8.9667,51.6537,converged,3807.44,73715.12,-2.6983,0.00,0.0000,0.0100,0.0052,,,,,,,
32.6670,10,3,8.9708,41.6378,converged,3807.44,73715.12,-2.6983,0.00,0.0000,0.0100,0.0042,,,,,,,
27.4382,10,3,8.8584,36.2964,converged,3807.44,73715.12,-2.6983,0.00,0.0000,0.0090,0.0018,,,,,,,
51.6079,7,3,8.9948,60.6019,converged,3807.44,73715.12,-2.6983,0.00,0.0000,0.0107,0.0169,,,,,,,
23.6156,10,3,9.1382,32.7533,converged,3807.44,73715.12,-2.6983,0.00,0.0000,0.0106,0.0058,,,,,,,
51.7186,7,3,9.9209,61.6390,converged,3807.44,73715.12,-2.6983,0.00,0.0000,0.0107,0.0200,,,,,,,
47.2981,7,3,9.4240,56.7220,converged,3807.44,73715.12,-2.6983,0.00,0.0000,0.0167,0.0025,,,,,,,
44.7380,8,3,9.4026,54.1396,converged,3807.44,73715.12,-2.6983,0.00,0.0000,0.0116,0.0027,,,,,,,
28.6827,10,3,9.1049,37.7869,converged,3807.44,73715.12,-2.6983,0.00,0.0000,0.0079,0.0020,,,,,,,
44.1534,8,3,8.7368,52.8899,converged,3807.44,73715.12,-2.6983,0.00,0.0000,0.0102,0.0053,,,,,,,
28.2743,10,3,8.9392,37.2133,converged,3807.44,73715.12,-2.6983,0.00,0.0000,0.0092,0.0021,,,,,,,
26.9089,10,3,9.1387,36.0467,converged,3807.44,73715.12,-2.6983,0.00,0.0000,0.0103,0.0045,,,,,,,
37.8317,9,3,9.1103,46.9414,converged,3807.44,73715.12,-2.6983,0.00,0.0000,0.0108,0.0030,,,,,,,
28.1182,10,3,8.8012,36.9192,converged,3807.44,73715.12,-2.6983,0.00,0.0000,0.0116,0.0046,,,,,,,
33.4729,10,3,9.9010,43.3730,converged,3807.44,73715.12,-2.6983,0.00,0.0000,0.0105,0.0029,,,,,,,
44.2687,8,3,8.8846,53.1526,converged,3807.44,73715.12,-2.6983,0.00,0.0000,0.0141,0.0054,,,,,,,
34.1705,9,3,9.4663,43.6363,converged,3807.44,73715.12,-2.6983,0.00,0.0000,0.0106,0.0040,,,,,,,
43.1430,8,3,9.4119,52.5549,converged,3807.44,73715.12,-2.6983,0.00,0.0000,0.0121,0.0042,,,,,,,
50.0629,7,3,9.3637,59.4257,converged,3807.44,73715.12,-2.6983,0.00,0.0000,0.0111,0.0099,,,,,,,
43.1265,8,3,10.9342,54.0603,converged,3807.44,73715.12,-2.6983,0.00,0.0000,0.0139,0.0047,,,,,,,
47.1820,7,3,12.3692,59.5512,converged,3807.44,73715.12,-2.6983,0.00,0.0000,0.0120,0.0080,,,,,,,
41.5047,8,3,9.3012,50.8053,converged,3807.44,73715.12,-2.6983,0.00,0.0000,0.0089,0.0050,,,,,,,
50.7761,7,3,9.6889,60.4650,converged,3807.44,73715.12,-2.6983,0.00,0.0000,0.0136,0.0082,,,,,,,
33.5947,10,3,9.1774,42.7714,converged,3807.44,73715.12,-2.6983,0.00,0.0000,0.0102,0.0050,,,,,,,
38.6537,9,3,8.9952,47.6482,converged,3807.44,73715.12,-2.6983,0.00,0.0000,0.0110,0.0039,,,,,,,
35.6447,9,3,9.2113,44.8554,converged,3807.44,73715.12,-2.6983,0.00,0.0000,0.0140,0.0088,,,,,,,
48.0064,7,3,8.9490,56.9550,converged,3807.44,73715.12,-2.6983,0.00,0.0000,0.0141,0.0055,,,,,,,
40.1714,8,3,9.6844,49.8554,converged,3807.44,73715.12,-2.6983,0.00,0.0000,0.0132,0.0037,,,,,,,
23.8160,10,3,9.1488,32.9639,converged,3807.44,73715.12,-2.6983,0.00,0.0000,0.0088,0.0022,,,,,,,
53.1656,6,3,9.1601,62.3251,converged,3807.44,73715.12,-2.6983,0.00,0.0000,0.0175,0.0256,,,,,,,
30.8521,10,3,9.3565,40.2085,converged,3807.44,73715.12,-2.6983,0.00,0.0000,0.0100,0.0024,,,,,,,
23.1720,10,3,9.3437,32.5157,converged,3807.44,73715.12,-2.6983,0.00,0.0000,0.0099,0.0026,,,,,,,
35.8342,9,3,9.1105,44.9445,converged,3807.44,73715.12,-2.6983,0.00,0.0000,0.0099,0.0022,,,,,,,
51.9955,7,3,9.0070,61.0021,converged,3807.44,73715.12,-2.6983,0.00,0.0000,0.0173,0.0051,,,,,,,
42.5892,8,3,9.5702,52.1592,converged,3807.44,73715.12,-2.6983,0.00,0.0000,0.0090,0.0086,,,,,,,
31.5747,10,3,8.8718,40.4458,converged,3807.44,73715.12,-2.6983,0.00,0.0000,0.0095,0.0036,,,,,,,
44.8673,8,3,9.2727,54.1398,converged,3807.44,73715.12,-2.6983,0.00,0.0000,0.0102,0.0070,,,,,,,
35.6218,9,3,10.1946,45.8157,converged,3807.44,73715.12,-2.6983,0.00,0.0000,0.0103,0.0035,,,,,,,
31.3520,10,3,12.3555,43.7076,converged,3807.44,73715.12,-2.6983,0.00,0.0000,0.0108,0.0027,,,,,,,
59.7460,5,3,12.6343,72.3794,converged,3807.44,73715.12,-2.6983,0.00,0.0000,0.0167,0.0664,,,,,,,
37.2556,9,3,10.3866,47.6416,converged,3807.44,73715.12,-2.6983,0.00,0.0000,0.0106,0.0035,,,,,,,
50.8488,7,3,9.0874,59.9354,converged,3807.44,73715.12,-2.6983,0.00,0.0000,0.0120,0.0075,,,,,,,
47.5745,7,3,8.8684,56.4425,converged,3807.44,73715.12,-2.6983,0.00,0.0000,0.0089,0.0122,,,,,,,
32.9785,10,3,8.9997,41.9777,converged,3807.44,73715.12,-2.6983,0.00,0.0000,0.0118,0.0060,,,,,,,
48.9038,7,3,9.4140,58.3171,converged,3807.44,73715.12,-2.6983,0.00,0.0000,0.0139,0.0076,,,,,,,
30.2737,10,3,9.5077,39.7807,converged,3807.44,73715.12,-2.6983,0.00,0.0000,0.0098,0.0044,,,,,,,
45.4412,8,3,8.6706,54.1116,converged,3807.44,73715.12,-2.6983,0.00,0.0000,0.0149,0.0043,,,,,,,
36.4053,9,3,8.6742,45.0792,converged,3807.44,73715.12,-2.6983,0.00,0.0000,0.0103,0.0035,,,,,,,
43.7717,8,3,8.8419,52.6129,converged,3807.44,73715.12,-2.6983,0.00,0.0000,0.0098,0.0052,,,,,,,
52.9786,6,3,9.5701,62.5481,converged,3807.44,73715.12,-2.6983,0.00,0.0000,0.0167,0.0275,,,,,,,
58.6936,5,3,10.1419,68.8349,converged,3807.44,73715.12,-2.6983,0.00,0.0000,0.0148,0.0508,,,,,,,
27.5506,10,3,13.9388,41.4888,converged,3807.44,73715.12,-2.6983,0.00,0.0000,0.0086,0.0026,,,,,,,
39.5038,9,3,8.9035,48.4066,converged,3807.44,73715.12,-2.6983,0.00,0.0000,0.0113,0.0039,,,,,,,
51.8302,7,3,9.1287,60.9587,converged,3807.44,73715.12,-2.6983,0.00,0.0000,0.0131,0.0079,,,,,,,
33.4552,10,3,9.1285,42.5835,converged,3807.44,73715.12,-2.6983,0.00,0.0000,0.0094,0.0030,,,,,,,
47.7640,7,3,9.5470,57.3100,converged,3807.44,73715.12,-2.6983,0.00,0.0000,0.0136,0.0086,,,,,,,
54.5654,6,3,8.6694,63.2344,converged,3807.44,73715.12,-2.6983,0.00,0.0000,0.0121,0.0258,,,,,,,
50.3880,7,3,9.1115,59.4985,converged,3807.44,73715.12,-2.6983,0.00,0.0000,0.0104,0.0186,,,,,,,
35.5508,9,3,9.7247,45.2747,converged,3807.44,73715.12,-2.6983,0.00,0.0000,0.0114,0.0041,,,,,,,
53.1682,6,3,8.9979,62.1660,converged,3807.44,73715.12,-2.6983,0.00,0.0000,0.0142,0.0160,,,,,,,
53.7068,6,3,9.3079,63.0140,converged,3807.44,73715.12,-2.6983,0.00,0.0000,0.0111,0.0189,,,,,,,
55.4785,6,3,9.4956,64.9736,converged,3807.44,73715.12,-2.6983,0.00,0.0000,0.0134,0.0178,,,,,,,
29.8958,10,3,9.0617,38.9567,converged,3807.44,73715.12,-2.6983,0.00,0.0000,0.0104,0.0043,,,,,,,
58.1636,5,3,8.7022,66.8652,converged,3807.44,73715.12,-2.6983,0.00,0.0000,0.0181,0.0397,,,,,,,
54.5907,6,3,9.7137,64.3037,converged,3807.44,73715.12,-2.6983,0.00,0.0000,0.0141,0.0227,,,,,,,
39.9128,9,3,9.7369,49.6490,converged,3807.44,73715.12,-2.6983,0.00,0.0000,0.0091,0.0032,,,,,,,
35.3507,9,3,10.1139,45.4639,converged,3807.44,73715.12,-2.6983,0.00,0.0000,0.0113,0.0036,,,,,,,
48.5918,7,3,9.2013,57.7923,converged,3807.44,73715.12,-2.6983,0.00,0.0000,0.0145,0.0064,,,,,,,
37.3050,9,3,8.9825,46.2865,converged,3807.44,73715.12,-2.6983,0.00,0.0000,0.0106,0.0027,,,,,,,
20.4578,10,3,9.3721,29.8291,converged,3807.44,73715.12,-2.6983,0.00,0.0000,0.0087,0.0027,,,,,,,
57.5274,6,3,9.2467,66.7737,converged,3807.44,73715.12,-2.6983,0.00,0.0000,0.0127,0.0233,,,,,,,
25.2565,10,3,9.8547,35.1107,converged,3807.44,73715.12,-2.6983,0.00,0.0000,0.0083,0.0025,,,,,,,
28.7331,10,3,9.2265,37.9595,converged,3807.44,73715.12,-2.6983,0.00,0.0000,0.0087,0.0033,,,,,,,
48.0324,7,3,9.4765,57.5085,converged,3807.44,73715.12,-2.6983,0.00,0.0000,0.0154,0.0047,,,,,,,
56.7057,6,3,9.2503,65.9554,converged,3807.44,73715.12,-2.6983,0.00,0.0000,0.0087,0.0268,,,,,,,
33.7234,10,3,9.8382,43.5613,converged,3807.44,73715.12,-2.6983,0.00,0.0000,0.0083,0.0018,,,,,,,
48.4314,7,3,9.2059,57.6369,converged,3807.44,73715.12,-2.6983,0.00,0.0000,0.0142,0.0087,,,,,,,
31.7733,10,3,8.9484,40.7214,converged,3807.44,73715.12,-2.6983,0.00,0.0000,0.0105,0.0045,,,,,,,
34.3904,9,3,9.3131,43.7031,converged,3807.44,73715.12,-2.6983,0.00,0.0000,0.0121,0.0049,,,,,,,
42.2530,8,3,9.0747,51.3277,converged,3807.44,73715.12,-2.6983,0.00,0.0000,0.0129,0.0033,,,,,,,
47.1414,7,3,8.8511,55.9921,converged,3807.44,73715.12,-2.6983,0.00,0.0000,0.0100,0.0086,,,,,,,
22.2223,10,3,9.4437,31.6657,converged,3807.44,73715.12,-2.6983,0.00,0.0000,0.0088,0.0025,,,,,,,
41.1854,8,3,9.1513,50.3363,converged,3807.44,73715.12,-2.6983,0.00,0.0000,0.0120,0.0048,,,,,,,
55.5763,6,3,10.4243,66.0003,converged,3807.44,73715.12,-2.6983,0.00,0.0000,0.0168,0.0243,,,,,,,
43.5021,8,3,8.7263,52.2283,converged,3807.44,73715.12,-2.6983,0.00,0.0000,0.0136,0.0031,,,,,,,
22.0201,10,3,9.2268,31.2468,converged,3807.44,73715.12,-2.6983,0.00,0.0000,0.0110,0.0044,,,,,,,
37.0441,9,3,9.2563,46.3003,converged,3807.44,73715.12,-2.6983,0.00,0.0000,0.0108,0.0036,,,,,,,
37.8872,9,3,9.1006,46.9876,converged,3807.44,73715.12,-2.6983,0.00,0.0000,0.0126,0.0062,,,,,,,
31.1487,10,3,9.0477,40.1958,converged,3807.44,73715.12,-2.6983,0.00,0.0000,0.0092,0.0029,,,,,,,
30.8195,10,3,9.3702,40.1892,converged,3807.44,73715.12,-2.6983,0.00,0.0000,0.0114,0.0037,,,,,,,
38.5109,9,3,10.0333,48.5434,converged,3807.44,73715.12,-2.6983,0.00,0.0000,0.0103,0.0031,,,,,,,
50.0479,7,3,9.9808,60.0278,converged,3807.44,73715.12,-2.6983,0.00,0.0000,0.0136,0.0061,,,,,,,
51.4387,7,3,9.6656,61.1036,converged,3807.44,73715.12,-2.6983,0.00,0.0000,0.0108,0.0148,,,,,,,
36.1328,9,3,10.0472,46.1792,converged,3807.44,73715.12,-2.6983,0.00,0.0000,0.0111,0.0022,,,,,,,
37.1007,9,3,12.1801,49.2802,converged,3807.44,73715.12,-2.6983,0.00,0.0000,0.0127,0.0055,,,,,,,
29.0084,10,3,9.6802,38.6882,converged,3807.44,73715.12,-2.6983,0.00,0.0000,0.0106,0.0044,,,,,,,
31.4220,10,3,9.5081,40.9292,converged,3807.44,73715.12,-2.6983,0.00,0.0000,0.0095,0.0036,,,,,,,
42.1452,8,3,9.8936,52.0386,converged,3807.44,73715.12,-2.6983,0.00,0.0000,0.0110,0.0072,,,,,,,
34.8341,9,3,10.0588,44.8928,converged,3807.44,73715.12,-2.6983,0.00,0.0000,0.0138,0.0059,,,,,,,
51.5220,7,3,8.9334,60.4554,converged,3807.44,73715.12,-2.6983,0.00,0.0000,0.0157,0.0076,,,,,,,
29.2336,10,3,8.9447,38.1778,converged,3807.44,73715.12,-2.6983,0.00,0.0000,0.0125,0.0084,,,,,,,
53.0720,6,3,9.0668,62.1388,converged,3807.44,73715.12,-2.6983,0.00,0.0000,0.0182,0.0078,,,,,,,
47.2596,7,3,9.9175,57.1766,converged,3807.44,73715.12,-2.6983,0.00,0.0000,0.0127,0.0080,,,,,,,
36.2634,9,3,8.7106,44.9736,converged,3807.44,73715.12,-2.6983,0.00,0.0000,0.0120,0.0049,,,,,,,
41.2730,8,3,9.4985,50.7715,converged,3807.44,73715.12,-2.6983,0.00,0.0000,0.0089,0.0068,,,,,,,
29.6040,10,3,9.3664,38.9694,converged,3807.44,73715.12,-2.6983,0.00,0.0000,0.0097,0.0029,,,,,,,
27.3499,10,3,9.3783,36.7273,converged,3807.44,73715.12,-2.6983,0.00,0.0000,0.0099,0.0029,,,,,,,
22.0190,10,3,8.8034,30.8225,converged,3807.44,73715.12,-2.6983,0.00,0.0000,0.0147,0.0077,,,,,,,
37.2536,9,3,8.9482,46.2012,converged,3807.44,73715.12,-2.6983,0.00,0.0000,0.0112,0.0019,,,,,,,
32.4988,10,3,9.2968,41.7949,converged,3807.44,73715.12,-2.6983,0.00,0.0000,0.0108,0.0056,,,,,,,
44.9272,8,3,9.4380,54.3650,converged,3807.44,73715.12,-2.6983,0.00,0.0000,0.0141,0.0049,,,,,,,
41.6990,8,3,8.9911,50.6901,converged,3807.44,73715.12,-2.6983,0.00,0.0000,0.0113,0.0059,,,,,,,
42.0671,8,3,8.9039,50.9709,converged,3807.44,73715.12,-2.6983,0.00,0.0000,0.0097,0.0040,,,,,,,
47.9725,7,3,9.4218,57.3938,converged,3807.44,73715.12,-2.6983,0.00,0.0000,0.0101,0.0112,,,,,,,
28.4113,10,3,9.2225,37.6335,converged,3807.44,73715.12,-2.6983,0.00,0.0000,0.0106,0.0029,,,,,,,
51.4775,7,3,8.9410,60.4181,converged,3807.44,73715.12,-2.6983,0.00,0.0000,0.0117,0.0125,,,,,,,
27.4819,10,3,9.0530,36.5341,converged,3807.44,73715.12,-2.6983,0.00,0.0000,0.0114,0.0040,,,,,,,
22.6213,10,3,10.3386,32.9596,converged,3807.44,73715.12,-2.6983,0.00,0.0000,0.0087,0.0022,,,,,,,
59.6738,5,3,9.7237,69.3967,converged,3807.44,73715.12,-2.6983,0.00,0.0000,0.0121,0.0613,,,,,,,
40.2084,8,3,9.2996,49.5076,converged,3807.44,73715.12,-2.6983,0.00,0.0000,0.0115,0.0024,,,,,,,
35.6969,9,3,9.4349,45.1310,converged,3807.44,73715.12,-2.6983,0.00,0.0000,0.0128,0.0042,,,,,,,
53.8168,6,3,10.0702,63.8862,converged,3807.44,73715.12,-2.6983,0.00,0.0000,0.0125,0.0277,,,,,,,
34.8008,9,3,9.0075,43.8075,converged,3807.44,73715.12,-2.6983,0.00,0.0000,0.0116,0.0035,,,,,,,
59.5046,5,3,9.8576,69.3617,converged,3807.44,73715.12,-2.6983,0.00,0.0000,0.0130,0.0516,,,,,,,
32.5837,10,3,9.3528,41.9358,converged,3807.44,73715.12,-2.6983,0.00,0.0000,0.0119,0.0060,,,,,,,
36.7586,9,3,9.3995,46.1575,converged,3807.44,73715.12,-2.6983,0.00,0.0000,0.0106,0.0024,,,,,,,
52.5023,6,3,9.7082,62.2103,converged,3807.44,73715.12,-2.6983,0.00,0.0000,0.0169,0.0303,,,,,,,
54.0529,6,3,8.7019,62.7539,converged,3807.44,73715.12,-2.6983,0.00,0.0000,0.0125,0.0325,,,,,,,
35.2070,9,3,9.2871,44.4931,converged,3807.44,73715.12,-2.6983,0.00,0.0000,0.0097,0.0043,,,,,,,
32.3750,10,3,10.1985,42.5735,converged,3807.44,73715.12,-2.6983,0.00,0.0000,0.0102,0.0042,,,,,,,
38.7381,9,3,10.0486,48.7867,converged,3807.44,73715.12,-2.6983,0.00,0.0000,0.0141,0.0055,,,,,,,
57.7580,6,3,9.0360,66.7940,converged,3807.44,73715.12,-2.6983,0.00,0.0000,0.0120,0.0291,,,,,,,
30.4268,10,3,9.5298,39.9559,converged,3807.44,73715.12,-2.6983,0.00,0.0000,0.0111,0.0051,,,,,,,
37.1591,9,3,9.1474,46.3064,converged,3807.44,73715.12,-2.6983,0.00,0.0000,0.0115,0.0028,,,,,,,
40.1346,8,3,9.1014,49.2354,converged,3807.44,73715.12,-2.6983,0.00,0.0000,0.0116,0.0042,,,,,,,
25.7444,10,3,9.7409,35.4849,converged,3807.44,73715.12,-2.6983,0.00,0.0000,0.0099,0.0032,,,,,,,
53.1486,6,3,8.9339,62.0820,converged,3807.44,73715.12,-2.6983,0.00,0.0000,0.0169,0.0230,,,,,,,
31.2357,10,3,8.9702,40.2052,converged,3807.44,73715.12,-2.6983,0.00,0.0000,0.0103,0.0038,,,,,,,
36.2092,9,3,9.0206,45.2297,converged,3807.44,73715.12,-2.6983,0.00,0.0000,0.0085,0.0055,,,,,,,
29.8034,10,3,8.8964,38.6995,converged,3807.44,73715.12,-2.6983,0.00,0.0000,0.0094,0.0015,,,,,,,
50.7774,7,3,9.1221,59.8991,converged,3807.44,73715.12,-2.6983,0.00,0.0000,0.0167,0.0064,,,,,,,
22.5473,10,3,9.1779,31.7249,converged,3807.44,73715.12,-2.6983,0.00,0.0000,0.0088,0.0027,,,,,,,
47.7958,7,3,8.8707,56.6658,converged,3807.44,73715.12,-2.6983,0.00,0.0000,0.0114,0.0065,,,,,,,
47.7478,7,3,9.5138,57.2609,converged,3807.44,73715.12,-2.6983,0.00,0.0000,0.0149,0.0059,,,,,,,
59.1073,5,3,10.1178,69.2249,converged,3807.44,73715.12,-2.6983,0.00,0.0000,0.0147,0.0819,,,,,,,
43.6910,8,3,9.9571,53.6471,converged,3807.44,73715.12,-2.6983,0.00,0.0000,0.0107,0.0046,,,,,,,
30.7386,10,3,9.8304,40.5684,converged,3807.44,73715.12,-2.6983,0.00,0.0000,0.0115,0.0066,,,,,,,
55.3197,6,3,9.3847,64.7037,converged,3807.44,73715.12,-2.6983,0.00,0.0000,0.0177,0.0275,,,,,,,
20.1815,10,3,9.6935,29.8745,converged,3807.44,73715.12,-2.6983,0.00,0.0000,0.0095,0.0031,,,,,,,
31.4024,10,3,9.6095,41.0115,converged,3807.44,73715.12,-2.6983,0.00,0.0000,0.0123,0.0080,,,,,,,
34.4970,9,3,9.0806,43.5766,converged,3807.44,73715.12,-2.6983,0.00,0.0000,0.0102,0.0030,,,,,,,
28.4908,10,3,9.6062,38.0963,converged,3807.44,73715.12,-2.6983,0.00,0.0000,0.0114,0.0045,,,,,,,
41.0602,8,3,11.4473,52.5074,converged,3807.44,73715.12,-2.6983,0.00,0.0000,0.0114,0.0035,,,,,,,
26.4172,10,3,8.8938,35.3108,converged,3807.44,73715.12,-2.6983,0.00,0.0000,0.0108,0.0049,,,,,,,
35.1910,9,3,9.0196,44.2096,converged,3807.44,73715.12,-2.6983,0.00,0.0000,0.0098,0.0028,,,,,,,
40.0745,8,3,9.5230,49.5971,converged,3807.44,73715.12,-2.6983,0.00,0.0000,0.0121,0.0042,,,,,,,
54.6058,6,3,9.3793,63.9843,converged,3807.44,73715.12,-2.6983,0.00,0.0000,0.0183,0.0075,,,,,,,
48.3890,7,3,9.0346,57.4246,converged,3807.44,73715.12,-2.6983,0.00,0.0000,0.0096,0.0194,,,,,,,
54.8245,6,3,9.0769,63.9010,converged,3807.44,73715.12,-2.6983,0.00,0.0000,0.0178,0.0259,,,,,,,
34.2565,9,3,9.0150,43.2710,converged,3807.44,73715.12,-2.6983,0.00,0.0000,0.0114,0.0025,,,,,,,
55.8022,6,3,8.7413,64.5434,converged,3807.44,73715.12,-2.6983,0.00,0.0000,0.0141,0.0215,,,,,,,
50.5152,7,3,8.8313,59.3463,converged,3807.44,73715.12,-2.6983,0.00,0.0000,0.0124,0.0128,,,,,,,
50.0392,7,3,9.5406,59.5797,converged,3807.44,73715.12,-2.6983,0.00,0.0000,0.0135,0.0149,,,,,,,
56.3248,6,3,9.9427,66.2667,converged,3807.44,73715.12,-2.6983,0.00,0.0000,0.0134,0.0233,,,,,,,
59.5591,5,3,9.9161,69.4751,converged,3807.44,73715.12,-2.6983,0.00,0.0000,0.0160,0.0626,,,,,,,
41.0733,8,3,8.8471,49.9201,converged,3807.44,73715.12,-2.6983,0.00,0.0000,0.0115,0.0034,,,,,,,
39.9088,9,3,13.1771,53.0851,converged,3807.44,73715.12,-2.6983,0.00,0.0000,0.0125,0.0028,,,,,,,
57.2288,6,3,9.2998,66.5278,converged,3807.44,73715.12,-2.6983,0.00,0.0000,0.0155,0.0287,,,,,,,
39.0429,9,3,9.7970,48.8391,converged,3807.44,73715.12,-2.6983,0.00,0.0000,0.0114,0.0034,,,,,,,
50.8946,7,3,12.1059,62.9999,converged,3807.44,73715.12,-2.6983,0.00,0.0000,0.0087,0.0150,,,,,,,
48.4313,7,3,8.8240,57.2551,converged,3807.44,73715.12,-2.6983,0.00,0.0000,0.0082,0.0201,,,,,,,
32.7281,10,3,8.7471,41.4751,converged,3807.44,73715.12,-2.6983,0.00,0.0000,0.0099,0.0023,,,,,,,
49.0165,7,3,11.5823,60.5983,converged,3807.44,73715.12,-2.6983,0.00,0.0000,0.0129,0.0117,,,,,,,
20.7442,10,3,8.9624,29.7064,converged,3807.44,73715.12,-2.6983,0.00,0.0000,0.0102,0.0031,,,,,,,
31.2349,10,3,12.6811,43.9152,converged,3807.44,73715.12,-2.6983,0.00,0.0000,0.0095,0.0021,,,,,,,
55.4813,6,3,8.8598,64.3408,converged,3807.44,73715.12,-2.6983,0.00,0.0000,0.0121,0.0338,,,,,,,
37.9234,9,3,10.1775,48.1005,converged,3807.44,73715.12,-2.6983,0.00,0.0000,0.0114,0.0045,,,,,,,
34.3671,9,3,9.2526,43.6197,converged,3807.44,73715.12,-2.6983,0.00,0.0000,0.0109,0.0031,,,,,,,
24.2922,10,3,11.4856,35.7776,converged,3807.44,73715.12,-2.6983,0.00,0.0000,0.0112,0.0040,,,,,,,
59.3301,5,3,13.1597,72.4897,converged,3807.44,73715.12,-2.6983,0.00,0.0000,0.0140,0.0628,,,,,,,
38.4445,9,3,9.1224,47.5664,converged,3807.44,73715.12,-2.6983,0.00,0.0000,0.0111,0.0033,,,,,,,
20.0198,10,3,9.7534,29.7724,converged,3807.44,73715.12,-2.6983,0.00,0.0000,0.0097,0.0025,,,,,,,
58.0836,5,3,8.8355,66.9185,converged,3807.44,73715.12,-2.6983,0.00,0.0000,0.0108,0.0503,,,,,,,
30.2053,10,3,8.9151,39.1202,converged,3807.44,73715.12,-2.6983,0.00,0.0000,0.0096,0.0039,,,,,,,
25.3393,10,3,9.4666,34.8056,converged,3807.44,73715.12,-2.6983,0.00,0.0000,0.0111,0.0048,,,,,,,
22.8701,10,3,9.2594,32.1295,converged,3807.44,73715.12,-2.6983,0.00,0.0000,0.0123,0.0071,,,,,,,
44.6509,8,3,8.9923,53.6424,converged,3807.44,73715.12,-2.6983,0.00,0.0000,0.0131,0.0055,,,,,,,
30.0015,10,3,9.2506,39.2516,converged,3807.44,73715.12,-2.6983,0.00,0.0000,0.0104,0.0044,,,,,,,
31.5387,10,3,9.3506,40.8886,converged,3807.44,73715.12,-2.6983,0.00,0.0000,0.0096,0.0022,,,,,,,
51.1568,7,3,11.3485,62.5045,converged,3807.44,73715.12,-2.6983,0.00,0.0000,0.0134,0.0047,,,,,,,
57.8221,6,3,12.5363,70.3583,converged,3807.44,73715.12,-2.6983,0.00,0.0000,0.0147,0.0286,,,,,,,
55.4467,6,3,9.0937,64.5397,converged,3807.44,73715.12,-2.6983,0.00,0.0000,0.0126,0.0294,,,,,,,
57.8736,6,3,8.9332,66.8063,converged,3807.44,73715.12,-2.6983,0.00,0.0000,0.0164,0.0249,,,,,,,
29.5112,10,3,9.1249,38.6360,converged,3807.44,73715.12,-2.6983,0.00,0.0000,0.0128,0.0091,,,,,,,
44.1185,8,3,8.8149,52.9329,converged,3807.44,73715.12,-2.6983,0.00,0.0000,0.0110,0.0070,,,,,,,
54.5290,6,3,8.7539,63.2830,converged,3807.44,73715.12,-2.6983,0.00,0.0000,0.0138,0.0320,,,,,,,
53.0939,6,3,8.7810,61.8740,converged,3807.44,73715.12,-2.6983,0.00,0.0000,0.0129,0.0290,,,,,,,
20.2335,10,3,9.9159,30.1489,converged,3807.44,73715.12,-2.6983,0.00,0.0000,0.0109,0.0046,,,,,,,
57.5687,6,3,9.4090,66.9771,converged,3807.44,73715.12,-2.6983,0.00,0.0000,0.0140,0.0314,,,,,,,
33.8460,10,3,9.4552,43.3002,converged,3807.44,73715.12,-2.6983,0.00,0.0000,0.0084,0.0021,,,,,,,
54.0815,6,3,8.9963,63.0774,converged,3807.44,73715.12,-2.6983,0.00,0.0000,0.0125,0.0316,,,,,,,
41.6904,8,3,10.2904,51.9804,converged,3807.44,73715.12,-2.6983,0.00,0.0000,0.0125,0.0081,,,,,,,
32.6943,10,3,9.2131,41.9072,converged,3807.44,73715.12,-2.6983,0.00,0.0000,0.0121,0.0051,,,,,,,
35.1290,9,3,9.5242,44.6532,converged,3807.44,73715.12,-2.6983,0.00,0.0000,0.0135,0.0058,,,,,,,
52.4058,6,3,9.6571,62.0622,converged,3807.44,73715.12,-2.6983,0.00,0.0000,0.0153,0.0195,,,,,,,
27.2029,10,3,9.3738,36.5759,converged,3807.44,73715.12,-2.6983,0.00,0.0000,0.0108,0.0052,,,,,,,
42.7328,8,3,9.1117,51.8437,converged,3807.44,73715.12,-2.6983,0.00,0.0000,0.0113,0.0065,,,,,,,
28.5539,10,3,9.1246,37.6777,converged,3807.44,73715.12,-2.6983,0.00,0.0000,0.0088,0.0027,,,,,,,
56.2142,6,3,9.2056,65.4196,converged,3807.44,73715.12,-2.6983,0.00,0.0000,0.0130,0.0196,,,,,,,
41.4043,8,3,10.3433,51.7473,converged,3807.44,73715.12,-2.6983,0.00,0.0000,0.0121,0.0038,,,,,,,
41.0708,8,3,9.5910,50.6611,converged,3807.44,73715.12,-2.6983,0.00,0.0000,0.0096,0.0080,,,,,,,
42.1573,8,3,9.8491,52.0062,converged,3807.44,73715.12,-2.6983,0.00,0.0000,0.0116,0.0043,,,,,,,
34.8151,9,3,10.5269,45.3420,converged,3807.44,73715.12,-2.6983,0.00,0.0000,0.0138,0.0044,,,,,,,
53.0059,6,3,9.0924,62.0974,converged,3807.44,73715.12,-2.6983,0.00,0.0000,0.0115,0.0315,,,,,,,
29.5521,10,3,9.5171,39.0691,converged,3807.44,73715.12,-2.6983,0.00,0.0000,0.0103,0.0035,,,,,,,
48.3460,7,3,9.3824,57.7274,converged,3807.44,73715.12,-2.6983,0.00,0.0000,0.0149,0.0043,,,,,,,
24.6561,10,3,9.0780,33.7340,converged,3807.44,73715.12,-2.6983,0.00,0.0000,0.0108,0.0051,,,,,,,
59.4149,5,3,9.4429,68.8569,converged,3807.44,73715.12,-2.6983,0.00,0.0000,0.0116,0.0508,,,,,,,
44.4717,8,3,9.6071,54.0781,converged,3807.44,73715.12,-2.6983,0.00,0.0000,0.0097,0.0037,,,,,,,
27.2513,10,3,9.7213,36.9724,converged,3807.44,73715.12,-2.6983,0.00,0.0000,0.0104,0.0053,,,,,,,
20.6188,10,3,10.6662,31.2842,converged,3807.44,73715.12,-2.6983,0.00,0.0000,0.0088,0.0032,,,,,,,
39.8520,9,3,9.4755,49.3275,converged,3807.44,73715.12,-2.6983,0.00,0.0000,0.0130,0.0064,,,,,,,
50.5998,7,3,9.5506,60.1497,converged,3807.44,73715.12,-2.6983,0.00,0.0000,0.0079,0.0158,,,,,,,
34.0076,9,3,9.0417,43.0487,converged,3807.44,73715.12,-2.6983,0.00,0.0000,0.0120,0.0043,,,,,,,
40.7861,8,3,8.9283,49.7143,converged,3807.44,73715.12,-2.6983,0.00,0.0000,0.0145,0.0083,,,,,,,
49.8888,7,3,9.7167,59.6048,converged,3807.44,73715.12,-2.6983,0.00,0.0000,0.0141,0.0119,,,,,,,
49.1942,7,3,9.4516,58.6457,converged,3807.44,73715.12,-2.6983,0.00,0.0000,0.0121,0.0123,,,,,,,
28.7527,10,3,9.9563,38.7083,converged,3807.44,73715.12,-2.6983,0.00,0.0000,0.0100,0.0039,,,,,,,
45.9984,8,3,9.0911,55.0891,converged,3807.44,73715.12,-2.6983,0.00,0.0000,0.0090,0.0064,,,,,,,
57.8352,6,3,8.9484,66.7834,converged,3807.44,73715.12,-2.6983,0.00,0.0000,0.0114,0.0332,,,,,,,
20.1068,10,3,8.9754,29.0815,converged,3807.44,73715.12,-2.6983,0.00,0.0000,0.0085,0.0025,,,,,,,
28.6930,10,3,9.6659,38.3589,converged,3807.44,73715.12,-2.6983,0.00,0.0000,0.0099,0.0028,,,,,,,
21.1522,10,3,12.7030,33.8551,converged,3807.44,73715.12,-2.6983,0.00,0.0000,0.0112,0.0040,,,,,,,
38.7278,9,3,10.1033,48.8303,converged,3807.44,73715.12,-2.6983,0.00,0.0000,0.0115,0.0048,,,,,,,
55.7357,6,3,9.0308,64.7658,converged,3807.44,73715.12,-2.6983,0.00,0.0000,0.0122,0.0280,,,,,,,
59.0254,5,3,8.8819,67.9069,converged,3807.44,73715.12,-2.6983,0.00,0.0000,0.0047,0.0516,,,,,,,
38.8474,9,3,8.8921,47.7391,converged,3807.44,73715.12,-2.6983,0.00,0.0000,0.0112,0.0038,,,,,,,
53.8370,6,3,11.0362,64.8732,converged,3807.44,73715.12,-2.6983,0.00,0.0000,0.0106,0.0278,,,,,,,
41.8358,8,3,9.3443,51.1793,converged,3807.44,73715.12,-2.6983,0.00,0.0000,0.0121,0.0052,,,,,,,
26.6042,10,3,9.1496,35.7536,converged,3807.44,73715.12,-2.6983,0.00,0.0000,0.0101,0.0033,,,,,,,
38.0638,9,3,9.4258,47.4889,converged,3807.44,73715.12,-2.6983,0.00,0.0000,0.0102,0.0037,,,,,,,
34.7923,9,3,9.2096,44.0016,converged,3807.44,73715.12,-2.6983,0.00,0.0000,0.0109,0.0030,,,,,,,
22.5118,10,3,10.0758,32.5868,converged,3807.44,73715.12,-2.6983,0.00,0.0000,0.0086,0.0033,,,,,,,
41.0216,8,3,11.1072,52.1283,converged,3807.44,73715.12,-2.6983,0.00,0.0000,0.0111,0.0030,,,,,,,
47.2545,7,3,10.7359,57.9900,converged,3807.44,73715.12,-2.6983,0.00,0.0000,0.0119,0.0091,,,,,,,
57.4272,6,3,9.8367,67.2638,converged,3807.44,73715.12,-2.6983,0.00,0.0000,0.0158,0.0208,,,,,,,
46.5343,7,3,9.8975,56.4315,converged,3807.44,73715.12,-2.6983,0.00,0.0000,0.0135,0.0053,,,,,,,
49.9233,7,3,9.3335,59.2565,converged,3807.44,73715.12,-2.6983,0.00,0.0000,0.0130,0.0061,,,,,,,
27.4030,10,3,8.8540,36.2571,converged,3807.44,73715.12,-2.6983,0.00,0.0000,0.0091,0.0030,,,,,,,
24.6910,10,3,8.9295,33.6205,converged,3807.44,73715.12,-2.6983,0.00,0.0000,0.0102,0.0045,,,,,,,
59.8150,5,3,9.3046,69.1186,converged,3807.44,73715.12,-2.6983,0.00,0.0000,0.0115,0.0524,,,,,,,
31.2738,10,3,9.7853,41.0583,converged,3807.44,73715.12,-2.6983,0.00,0.0000,0.0083,0.0018,,,,,,,
53.7089,6,3,9.3971,63.1051,converged,3807.44,73715.12,-2.6983,0.00,0.0000,0.0106,0.0319,,,,,,,
27.8965,10,3,9.3847,37.2808,converged,3807.44,73715.12,-2.6983,0.00,0.0000,0.0100,0.0046,,,,,,,
26.1814,10,3,9.0662,35.2472,converged,3807.44,73715.12,-2.6983,0.00,0.0000,0.0099,0.0035,,,,,,,
54.6107,6,3,9.2263,63.8363,converged,3807.44,73715.12,-2.6983,0.00,0.0000,0.0167,0.0170,,,,,,,
42.4114,8,3,9.0145,51.4255,converged,3807.44,73715.12,-2.6983,0.00,0.0000,0.0144,0.0041,,,,,,,
31.2162,10,3,9.2126,40.4286,converged,3807.44,73715.12,-2.6983,0.00,0.0000,0.0093,0.0026,,,,,,,
28.1766,10,3,9.0300,37.2061,converged,3807.44,73715.12,-2.6983,0.00,0.0000,0.0104,0.0032,,,,,,,
40.3531,8,3,9.1696,49.5227,converged,3807.44,73715.12,-2.6983,0.00,0.0000,0.0117,0.0041,,,,,,,
51.4656,7,3,9.0264,60.4914,converged,3807.44,73715.12,-2.6983,0.00,0.0000,0.0108,0.0149,,,,,,,
36.0197,9,3,9.2245,45.2435,converged,3807.44,73715.12,-2.6983,0.00,0.0000,0.0190,0.0116,,,,,,,
47.6473,7,3,9.2586,56.9057,converged,3807.44,73715.12,-2.6983,0.00,0.0000,0.0129,0.0059,,,,,,,
44.2321,8,3,9.9492,54.1812,converged,3807.44,73715.12,-2.6983,0.00,0.0000,0.0124,0.0043,,,,,,,
27.7248,10,3,8.9837,36.7078,converged,3807.44,73715.12,-2.6983,0.00,0.0000,0.0120,0.0054,,,,,,,
44.6178,8,3,12.7131,57.3302,converged,3807.44,73715.12,-2.6983,0.00,0.0000,0.0104,0.0051,,,,,,,
34.4716,9,3,12.8762,47.3473,converged,3807.44,73715.12,-2.6983,0.00,0.0000,0.0097,0.0059,,,,,,,
33.1613,10,3,9.2712,42.4322,converged,3807.44,73715.12,-2.6983,0.00,0.0000,0.0108,0.0055,,,,,,,
52.5968,6,3,9.1499,61.7459,converged,3807.44,73715.12,-2.6983,0.00,0.0000,0.0149,0.0304,,,,,,,
54.2183,6,3,8.8405,63.0586,converged,3807.44,73715.12,-2.6983,0.00,0.0000,0.0129,0.0201,,,,,,,
36.0521,9,3,8.9944,45.0465,converged,3807.44,73715.12,-2.6983,0.00,0.0000,0.0086,0.0030,,,,,,,
33.5502,10,3,8.7874,42.3375,converged,3807.44,73715.12,-2.6983,0.00,0.0000,0.0118,0.0048,,,,,,,
36.6429,9,3,8.7127,45.3547,converged,3807.44,73715.12,-2.6983,0.00,0.0000,0.0094,0.0044,,,,,,,
26.1657,10,3,8.9929,35.1580,converged,3807.44,73715.12,-2.6983,0.00,0.0000,0.0110,0.0041,,,,,,,
34.9696,9,3,8.7450,43.7141,converged,3807.44,73715.12,-2.6983,0.00,0.0000,0.0103,0.0031,,,,,,,
47.2053,7,3,8.9471,56.1522,converged,3807.44,73715.12,-2.6983,0.00,0.0000,0.0110,0.0075,,,,,,,
48.6137,7,3,9.0203,57.6333,converged,3807.44,73715.12,-2.6983,0.00,0.0000,0.0134,0.0069,,,,,,,
52.3622,6,3,8.9343,61.2963,converged,3807.44,73715.12,-2.6983,0.00,0.0000,0.0115,0.0257,,,,,,,
43.7003,8,3,9.3070,53.0071,converged,3807.44,73715.12,-2.6983,0.00,0.0000,0.0113,0.0064,,,,,,,
21.4028,10,3,8.9999,30.4019,converged,3807.44,73715.12,-2.6983,0.00,0.0000,0.0101,0.0042,,,,,,,
37.2722,9,3,8.8609,46.1329,converged,3807.44,73715.12,-2.6983,0.00,0.0000,0.0116,0.0041,,,,,,,
32.3996,10,3,8.7085,41.1075,converged,3807.44,73715.12,-2.6983,0.00,0.0000,0.0125,0.0071,,,,,,,
21.1855,10,3,9.0800,30.2650,converged,3807.44,73715.12,-2.6983,0.00,0.0000,0.0098,0.0033,,,,,,,
49.4226,7,3,8.8420,58.2640,converged,3807.44,73715.12,-2.6983,0.00,0.0000,0.0172,0.0078,,,,,,,
58.9471,5,3,9.0279,67.9749,converged,3807.44,73715.12,-2.6983,0.00,0.0000,0.0067,0.0485,,,,,,,
47.4060,7,3,8.6391,56.0451,converged,3807.44,73715.12,-2.6983,0.00,0.0000,0.0118,0.0049,,,,,,,
55.3566,6,3,9.2189,64.5749,converged,3807.44,73715.12,-2.6983,0.00,0.0000,0.0122,0.0195,,,,,,,
57.2916,6,3,9.5272,66.8183,converged,3807.44,73715.12,-2.6983,0.00,0.0000,0.0147,0.0203,,,,,,,
27.6026,10,3,9.1440,36.7460,converged,3807.44,73715.12,-2.6983,0.00,0.0000,0.0124,0.0069,,,,,,,
36.0758,9,3,9.0773,45.1523,converged,3807.44,73715.12,-2.6983,0.00,0.0000,0.0092,0.0039,,,,,,,
37.6042,9,3,9.2101,46.8141,converged,3807.44,73715.12,-2.6983,0.00,0.0000,0.0125,0.0057,,,,,,,
29.1637,10,3,8.9478,38.1108,converged,3807.44,73715.12,-2.6983,0.00,0.0000,0.0103,0.0046,,,,,,,
55.2898,6,3,9.6939,64.9829,converged,3807.44,73715.12,-2.6983,0.00,0.0000,0.0097,0.0342,,,,,,,
45.5056,8,3,12.9684,58.4735,converged,3807.44,73715.12,-2.6983,0.00,0.0000,0.0129,0.0069,,,,,,,
38.9833,9,3,9.2913,48.2743,converged,3807.44,73715.12,-2.6983,0.00,0.0000,0.0100,0.0026,,,,,,,
46.1071,7,3,9.1265,55.2335,converged,3807.44,73715.12,-2.6983,0.00,0.0000,0.0155,0.0057,,,,,,,
33.8074,10,3,8.8180,42.6251,converged,3807.44,73715.12,-2.6983,0.00,0.0000,0.0104,0.0046,,,,,,,
44.4883,8,3,9.3925,53.8805,converged,3807.44,73715.12,-2.6983,0.00,0.0000,0.0098,0.0042,,,,,,,
34.5905,9,3,9.3205,43.9105,converged,3807.44,73715.12,-2.6983,0.00,0.0000,0.0109,0.0032,,,,,,,
40.3879,8,3,8.8306,49.2177,converged,3807.44,73715.12,-2.6983,0.00,0.0000,0.0128,0.0047,,,,,,,
39.7750,9,3,8.9888,48.7628,converged,3807.44,73715.12,-2.6983,0.00,0.0000,0.0116,0.0056,,,,,,,
26.6453,10,3,8.9169,35.5619,converged,3807.44,73715.12,-2.6983,0.00,0.0000,0.0105,0.0037,,,,,,,
48.3580,7,3,9.0031,57.3602,converged,3807.44,73715.12,-2.6983,0.00,0.0000,0.0137,0.0048,,,,,,,
30.6393,10,3,9.9166,40.5557,converged,3807.44,73715.12,-2.6983,0.00,0.0000,0.0105,0.0036,,,,,,,
23.3297,10,3,12.9140,36.2430,converged,3807.44,73715.12,-2.6983,0.00,0.0000,0.0100,0.0049,,,,,,,
42.2355,8,3,8.8418,51.0769,converged,3807.44,73715.12,-2.6983,0.00,0.0000,0.0123,0.0030,,,,,,,
43.8989,8,3,8.5568,52.4548,converged,3807.44,73715.12,-2.6983,0.00,0.0000,0.0101,0.0045,,,,,,,
53.5234,6,3,9.8019,63.3249,converged,3807.44,73715.12,-2.6983,0.00,0.0000,0.0137,0.0369,,,,,,,
22.1973,10,3,9.5798,31.7768,converged,3807.44,73715.12,-2.6983,0.00,0.0000,0.0099,0.0045,,,,,,,
48.3243,7,3,9.8158,58.1399,converged,3807.44,73715.12,-2.6983,0.00,0.0000,0.0152,0.0088,,,,,,,
47.7286,7,3,10.9807,58.7087,converged,3807.44,73715.12,-2.6983,0.00,0.0000,0.0113,0.0134,,,,,,,
43.2788,8,3,8.9779,52.2559,converged,3807.44,73715.12,-2.6983,0.00,0.0000,0.0132,0.0046,,,,,,,
31.4766,10,3,9.3853,40.8614,converged,3807.44,73715.12,-2.6983,0.00,0.0000,0.0109,0.0056,,,,,,,
33.1239,10,3,12.3198,45.4428,converged,3807.44,73715.12,-2.6983,0.00,0.0000,0.0086,0.0032,,,,,,,
59.6218,5,3,13.0897,72.7108,converged,3807.44,73715.12,-2.6983,0.00,0.0000,0.0190,0.0628,,,,,,,
24.0288,10,3,8.7650,32.7930,converged,3807.44,73715.12,-2.6983,0.00,0.0000,0.0107,0.0057,,,,,,,
35.4352,9,3,9.5030,44.9381,converged,3807.44,73715.12,-2.6983,0.00,0.0000,0.0104,0.0019,,,,,,,
28.0577,10,3,8.8980,36.9550,converged,3807.44,73715.12,-2.6983,0.00,0.0000,0.0099,0.0034,,,,,,,
49.4452,7,3,11.7849,61.2299,converged,3807.44,73715.12,-2.6983,0.00,0.0000,0.0117,0.0058,,,,,,,
45.3729,8,3,9.3565,54.7286,converged,3807.44,73715.12,-2.6983,0.00,0.0000,0.0150,0.0054,,,,,,,
31.8166,10,3,9.7394,41.5554,converged,3807.44,73715.12,-2.6983,0.00,0.0000,0.0124,0.0070,,,,,,,
39.3233,9,3,10.9596,50.2826,converged,3807.44,73715.12,-2.6983,0.00,0.0000,0.0108,0.0037,,,,,,,
35.0328,9,3,9.7090,44.7411,converged,3807.44,73715.12,-2.6983,0.00,0.0000,0.0115,0.0030,,,,,,,
42.4528,8,3,10.8419,53.2940,converged,3807.44,73715.12,-2.6983,0.00,0.0000,0.0135,0.0079,,,,,,,
20.5754,10,3,9.0365,29.6115,converged,3807.44,73715.12,-2.6983,0.00,0.0000,0.0115,0.0044,,,,,,,
58.6925,5,3,8.7898,67.4819,converged,3807.44,73715.12,-2.6983,0.00,0.0000,0.0126,0.0654,,,,,,,
53.3008,6,3,9.2632,62.5632,converged,3807.44,73715.12,-2.6983,0.00,0.0000,0.0132,0.0263,,,,,,,
38.9509,9,3,15.2294,54.1794,converged,3807.44,73715.12,-2.6983,0.00,0.0000,0.0092,0.0024,,,,,,,
41.9483,8,3,10.5093,52.4573,converged,3807.44,73715.12,-2.6983,0.00,0.0000,0.0103,0.0037,,,,,,,
30.4441,10,3,9.7416,40.1857,converged,3807.44,73715.12,-2.6983,0.00,0.0000,0.0087,0.0026,,,,,,,
32.4289,10,3,9.0630,41.4910,converged,3807.44,73715.12,-2.6983,0.00,0.0000,0.0131,0.0078,,,,,,,
56.4959,6,3,8.9746,65.4697,converged,3807.44,73715.12,-2.6983,0.00,0.0000,0.0166,0.0233,,,,,,,
22.2616,10,3,9.6422,31.9032,converged,3807.44,73715.12,-2.6983,0.00,0.0000,0.0084,0.0025,,,,,,,
56.7660,6,3,9.1472,65.9122,converged,3807.44,73715.12,-2.6983,0.00,0.0000,0.0153,0.0120,,,,,,,
28.3145,10,3,8.9943,37.3084,converged,3807.44,73715.12,-2.6983,0.00,0.0000,0.0104,0.0035,,,,,,,
32.0482,10,3,9.2221,41.2701,converged,3807.44,73715.12,-2.6983,0.00,0.0000,0.0128,0.0067,,,,,,,
50.5079,7,3,8.9683,59.4753,converged,3807.44,73715.12,-2.6983,0.00,0.0000,0.0101,0.0199,,,,,,,
51.5278,7,3,9.0045,60.5315,converged,3807.44,73715.12,-2.6983,0.00,0.0000,0.0111,0.0077,,,,,,,
35.9218,9,3,9.1194,45.0405,converged,3807.44,73715.12,-2.6983,0.00,0.0000,0.0100,0.0024,,,,,,,
32.8576,10,3,9.5160,42.3730,converged,3807.44,73715.12,-2.6983,0.00,0.0000,0.0074,0.0034,,,,,,,
25.0460,10,3,9.5573,34.6023,converged,3807.44,73715.12,-2.6983,0.00,0.0000,0.0089,0.0023,,,,,,,
51.4974,7,3,8.8747,60.3717,converged,3807.44,73715.12,-2.6983,0.00,0.0000,0.0128,0.0079,,,,,,,
32.3175,10,3,8.7105,41.0275,converged,3807.44,73715.12,-2.6983,0.00,0.0000,0.0100,0.0034,,,,,,,
21.5696,10,3,9.1086,30.6776,converged,3807.44,73715.12,-2.6983,0.00,0.0000,0.0073,0.0048,,,,,,,
40.5678,8,3,9.0013,49.5684,converged,3807.44,73715.12,-2.6983,0.00,0.0000,0.0106,0.0061,,,,,,,
34.4425,9,3,9.0059,43.4479,converged,3807.44,73715.12,-2.6983,0.00,0.0000,0.0110,0.0031,,,,,,,
28.8782,10,3,9.0004,37.8784,converged,3807.44,73715.12,-2.6983,0.00,0.0000,0.0094,0.0033,,,,,,,
26.2203,10,3,8.8914,35.1114,converged,3807.44,73715.12,-2.6983,0.00,0.0000,0.0095,0.0037,,,,,,,
27.8717,10,3,9.3237,37.1947,converged,3807.44,73715.12,-2.6983,0.00,0.0000,0.0096,0.0032,,,,,,,
43.6343,8,3,9.9241,53.5581,converged,3807.44,73715.12,-2.6983,0.00,0.0000,0.0111,0.0048,,,,,,,
44.5619,8,3,9.2015,53.7625,converged,3807.44,73715.12,-2.6983,0.00,0.0000,0.0133,0.0024,,,,,,,
49.9966,7,3,9.6275,59.6235,converged,3807.44,73715.12,-2.6983,0.00,0.0000,0.0095,0.0059,,,,,,,
54.1333,6,3,9.2390,63.3720,converged,3807.44,73715.12,-2.6983,0.00,0.0000,0.0131,0.0363,,,,,,,
42.3753,8,3,9.3121,51.6871,converged,3807.44,73715.12,-2.6983,0.00,0.0000,0.0144,0.0061,,,,,,,
37.9213,9,3,8.9849,46.9060,converged,3807.44,73715.12,-2.6983,0.00,0.0000,0.0123,0.0040,,,,,,,
50.2366,7,3,9.9861,60.2221,converged,3807.44,73715.12,-2.6983,0.00,0.0000,0.0103,0.0125,,,,,,,
50.5774,7,3,8.9660,59.5431,converged,3807.44,73715.12,-2.6983,0.00,0.0000,0.0107,0.0066,,,,,,,
35.2639,9,3,9.3247,44.5878,converged,3807.44,73715.12,-2.6983,0.00,0.0000,0.0124,0.0054,,,,,,,
29.9015,10,3,9.3127,39.2138,converged,3807.44,73715.12,-2.6983,0.00,0.0000,0.0093,0.0021,,,,,,,
36.1561,9,3,9.7725,45.9286,converged,3807.44,73715.12,-2.6983,0.00,0.0000,0.0107,0.0038,,,,,,,
57.4678,6,3,9.6319,67.0989,converged,3807.44,73715.12,-2.6983,0.00,0.0000,0.0125,0.0255,,,,,,,
26.6006,10,3,8.8777,35.4777,converged,3807.44,73715.12,-2.6983,0.00,0.0000,0.0103,0.0041,,,,,,,
20.4476,10,3,8.9429,29.3899,converged,3807.44,73715.12,-2.6983,0.00,0.0000,0.0102,0.0042,,,,,,,
43.8806,8,3,8.9670,52.8471,converged,3807.44,73715.12,-2.6983,0.00,0.0000,0.0123,0.0070,,,,,,,
20.7003,10,3,8.9758,29.6758,converged,3807.44,73715.12,-2.6983,0.00,0.0000,0.0097,0.0038,,,,,,,
38.3314,9,3,9.6278,47.9589,converged,3807.44,73715.12,-2.6983,0.00,0.0000,0.0096,0.0027,,,,,,,
32.1293,10,3,9.0251,41.1542,converged,3807.44,73715.12,-2.6983,0.00,0.0000,0.0110,0.0066,,,,,,,
31.7341,10,3,8.8684,40.6024,converged,3807.44,73715.12,-2.6983,0.00,0.0000,0.0099,0.0027,,,,,,,
23.7406,10,3,10.3580,34.0980,converged,3807.44,73715.12,-2.6983,0.00,0.0000,0.0111,0.0037,,,,,,,
43.5935,8,3,8.5933,52.1863,converged,3807.44,73715.12,-2.6983,0.00,0.0000,0.0130,0.0032,,,,,,,
20.7965,10,3,10.0974,30.8934,converged,3807.44,73715.12,-2.6983,0.00,0.0000,0.0094,0.0021,,,,,,,
21.4309,10,3,9.5840,31.0141,converged,3807.44,73715.12,-2.6983,0.00,0.0000,0.0098,0.0028,,,,,,,
28.7123,10,3,9.0543,37.7664,converged,3807.44,73715.12,-2.6983,0.00,0.0000,0.0097,0.0036,,,,,,,
40.8826,8,3,8.9290,49.8110,converged,3807.44,73715.12,-2.6983,0.00,0.0000,0.0103,0.0026,,,,,,,
53.9846,6,3,9.1232,63.1073,converged,3807.44,73715.12,-2.6983,0.00,0.0000,0.0127,0.0328,,,,,,,
45.3242,8,3,9.7122,55.0362,converged,3807.44,73715.12,-2.6983,0.00,0.0000,0.0110,0.0055,,,,,,,
55.0944,6,3,8.9637,64.0578,converged,3807.44,73715.12,-2.6983,0.00,0.0000,0.0136,0.0087,,,,,,,
58.6238,5,3,9.1206,67.7437,converged,3807.44,73715.12,-2.6983,0.00,0.0000,0.0071,0.0518,,,,,,,
54.5731,6,3,8.8410,63.4140,converged,3807.44,73715.12,-2.6983,0.00,0.0000,0.0134,0.0291,,,,,,,
25.8501,10,3,8.9550,34.8051,converged,3807.44,73715.12,-2.6983,0.00,0.0000,0.0103,0.0040,,,,,,,
46.0269,7,3,9.0229,55.0489,converged,3807.44,73715.12,-2.6983,0.00,0.0000,0.0162,0.0044,,,,,,,
36.2717,9,3,8.8561,45.1271,converged,3807.44,73715.12,-2.6983,0.00,0.0000,0.0112,0.0039,,,,,,,
45.5969,8,3,9.0801,54.6761,converged,3807.44,73715.12,-2.6983,0.00,0.0000,0.0108,0.0051,,,,,,,
40.4655,8,3,9.0840,49.5490,converged,3807.44,73715.12,-2.6983,0.00,0.0000,0.0113,0.0052,,,,,,,
36.2263,9,3,9.6342,45.8603,converged,3807.44,73715.12,-2.6983,0.00,0.0000,0.0130,0.0044,,,,,,,
58.3882,5,3,13.8673,72.2553,converged,3807.44,73715.12,-2.6983,0.00,0.0000,0.0160,0.0560,,,,,,,
33.6508,10,3,9.1912,42.8412,converged,3807.44,73715.12,-2.6983,0.00,0.0000,0.0097,0.0033,,,,,,,
33.9186,10,3,10.7333,44.6513,converged,3807.44,73715.12,-2.6983,0.00,0.0000,0.0107,0.0047,,,,,,,
29.7860,10,3,9.3117,39.0977,converged,3807.44,73715.12,-2.6983,0.00,0.0000,0.0100,0.0034,,,,,,,
46.1145,7,3,8.9839,55.0979,converged,3807.44,73715.12,-2.6983,0.00,0.0000,0.0128,0.0186,,,,,,,
31.2875,10,3,8.9053,40.1923,converged,3807.44,73715.12,-2.6983,0.00,0.0000,0.0094,0.0025,,,,,,,
36.9458,9,3,9.0625,46.0075,converged,3807.44,73715.12,-2.6983,0.00,0.0000,0.0121,0.0044,,,,,,,
27.1873,10,3,8.8808,36.0678,converged,3807.44,73715.12,-2.6983,0.00,0.0000,0.0133,0.0075,,,,,,,
52.2009,6,3,9.4801,61.6802,converged,3807.44,73715.12,-2.6983,0.00,0.0000,0.0137,0.0261,,,,,,,
30.8828,10,3,9.0119,39.8939,converged,3807.44,73715.12,-2.6983,0.00,0.0000,0.0085,0.0023,,,,,,,
54.3196,6,3,9.0597,63.3787,converged,3807.44,73715.12,-2.6983,0.00,0.0000,0.0127,0.0400,,,,,,,
39.6998,9,3,12.7024,52.4015,converged,3807.44,73715.12,-2.6983,0.00,0.0000,0.0115,0.0039,,,,,,,
32.8336,10,3,9.2769,42.1099,converged,3807.44,73715.12,-2.6983,0.00,0.0000,0.0081,0.0021,,,,,,,
35.7457,9,3,9.1388,44.8838,converged,3807.44,73715.12,-2.6983,0.00,0.0000,0.0074,0.0057,,,,,,,
24.1796,10,3,11.0667,35.2457,converged,3807.44,73715.12,-2.6983,0.00,0.0000,0.0085,0.0032,,,,,,,
39.5356,9,3,11.0482,50.5833,converged,3807.44,73715.12,-2.6983,0.00,0.0000,0.0101,0.0050,,,,,,,
31.9061,10,3,9.0170,40.9231,converged,3807.44,73715.12,-2.6983,0.00,0.0000,0.0151,0.0109,,,,,,,
35.9845,9,3,9.2084,45.1924,converged,3807.44,73715.12,-2.6983,0.00,0.0000,0.0105,0.0021,,,,,,,
49.9103,7,3,11.8340,61.7440,converged,3807.44,73715.12,-2.6983,0.00,0.0000,0.0121,0.0173,,,,,,,
40.6449,8,3,10.1401,50.7841,converged,3807.44,73715.12,-2.6983,0.00,0.0000,0.0115,0.0048,,,,,,,
34.5772,9,3,9.0922,43.6693,converged,3807.44,73715.12,-2.6983,0.00,0.0000,0.0095,0.0034,,,,,,,
24.1285,10,3,9.5890,33.7170,converged,3807.44,73715.12,-2.6983,0.00,0.0000,0.0098,0.0034,,,,,,,
48.6964,7,3,8.8910,57.5870,converged,3807.44,73715.12,-2.6983,0.00,0.0000,0.0129,0.0092,,,,,,,
23.0929,10,3,9.4804,32.5724,converged,3807.44,73715.12,-2.6983,0.00,0.0000,0.0106,0.0044,,,,,,,
28.5005,10,3,9.4915,37.9915,converged,3807.44,73715.12,-2.6983,0.00,0.0000,0.0092,0.0030,,,,,,,
46.0310,7,3,8.9502,54.9803,converged,3807.44,73715.12,-2.6983,0.00,0.0000,0.0157,0.0049,,,,,,,
22.6738,10,3,9.0671,31.7401,converged,3807.44,73715.12,-2.6983,0.00,0.0000,0.0130,0.0065,,,,,,,
57.2308,6,3,9.3631,66.5931,converged,3807.44,73715.12,-2.6983,0.00,0.0000,0.0149,0.0203,,,,,,,
45.2433,8,3,9.6658,54.9088,converged,3807.44,73715.12,-2.6983,0.00,0.0000,0.0111,0.0039,,,,,,,
41.7842,8,3,9.6575,51.4416,converged,3807.44,73715.12,-2.6983,0.00,0.0000,0.0182,0.0087,,,,,,,
30.3754,10,3,10.7464,41.1215,converged,3807.44,73715.12,-2.6983,0.00,0.0000,0.0095,0.0030,,,,,,,
26.4477,10,3,8.6757,35.1227,converged,3807.44,73715.12,-2.6983,0.00,0.0000,0.0093,0.0029,,,,,,,
21.5567,10,3,12.2879,33.8439,converged,3807.44,73715.12,-2.6983,0.00,0.0000,0.0110,0.0038,,,,,,,
42.5394,8,3,8.6711,51.2102,converged,3807.44,73715.12,-2.6983,0.00,0.0000,0.0109,0.0058,,,,,,,
21.5402,10,3,9.3946,30.9346,converged,3807.44,73715.12,-2.6983,0.00,0.0000,0.0118,0.0067,,,,,,,
25.6635,10,3,10.1146,35.7777,converged,3807.44,73715.12,-2.6983,0.00,0.0000,0.0091,0.0031,,,,,,,
40.7338,8,3,8.8860,49.6191,converged,3807.44,73715.12,-2.6983,0.00,0.0000,0.0138,0.0027,,,,,,,
58.1851,5,3,9.3750,67.5601,converged,3807.44,73715.12,-2.6983,0.00,0.0000,0.0090,0.0548,,,,,,,
48.0336,7,3,10.0491,58.0821,converged,3807.44,73715.12,-2.6983,0.00,0.0000,0.0126,0.0047,,,,,,,
54.0973,6,3,9.2780,63.3750,converged,3807.44,73715.12,-2.6983,0.00,0.0000,0.0154,0.0278,,,,,,,
49.7941,7,3,9.1274,58.9215,converged,3807.44,73715.12,-2.6983,0.00,0.0000,0.0131,0.0152,,,,,,,
47.9513,7,3,9.1112,57.0622,converged,3807.44,73715.12,-2.6983,0.00,0.0000,0.0131,0.0060,,,,,,,
30.9952,10,3,9.0979,40.0929,converged,3807.44,73715.12,-2.6983,0.00,0.0000,0.0103,0.0028,,,,,,,
36.4372,9,3,9.1706,45.6076,converged,3807.44,73715.12,-2.6983,0.00,0.0000,0.0116,0.0024,,,,,,,
34.2288,9,3,9.4825,43.7105,converged,3807.44,73715.12,-2.6983,0.00,0.0000,0.0111,0.0031,,,,,,,
41.4819,8,3,10.5331,52.0141,converged,3807.44,73715.12,-2.6983,0.00,0.0000,0.0094,0.0055,,,,,,,
27.5298,10,3,10.4126,37.9416,converged,3807.44,73715.12,-2.6983,0.00,0.0000,0.0122,0.0066,,,,,,,
51.7555,7,3,9.7957,61.5508,converged,3807.44,73715.12,-2.6983,0.00,0.0000,0.0105,0.0097,,,,,,,
39.8473,9,3,8.7321,48.5791,converged,3807.44,73715.12,-2.6983,0.00,0.0000,0.0115,0.0041,,,,,,,
44.4958,8,3,9.2594,53.7544,converged,3807.44,73715.12,-2.6983,0.00,0.0000,0.0130,0.0079,,,,,,,
38.6767,9,3,9.2988,47.9748,converged,3807.44,73715.12,-2.6983,0.00,0.0000,0.0132,0.0057,,,,,,,
51.9938,7,3,9.2769,61.2700,converged,3807.44,73715.12,-2.6983,0.00,0.0000,0.0128,0.0093,,,,,,,
42.0891,8,3,9.6010,51.6900,converged,3807.44,73715.12,-2.6983,0.00,0.0000,0.0127,0.0057,,,,,,,
30.4288,10,3,9.2399,39.6680,converged,3807.44,73715.12,-2.6983,0.00,0.0000,0.0113,0.0051,,,,,,,
51.4845,7,3,9.1432,60.6272,converged,3807.44,73715.12,-2.6983,0.00,0.0000,0.0107,0.0133,,,,,,,
48.7752,7,3,8.9702,57.7453,converged,3807.44,73715.12,-2.6983,0.00,0.0000,0.0141,0.0063,,,,,,,
37.9837,9,3,9.6042,47.5873,converged,3807.44,73715.12,-2.6983,0.00,0.0000,0.0105,0.0049,,,,,,,
51.7475,7,3,11.7286,63.4756,converged,3807.44,73715.12,-2.6983,0.00,0.0000,0.0143,0.0055,,,,,,,
36.4285,9,3,8.9076,45.3357,converged,3807.44,73715.12,-2.6983,0.00,0.0000,0.0115,0.0039,,,,,,,
47.9488,7,3,9.7322,57.6803,converged,3807.44,73715.12,-2.6983,0.00,0.0000,0.0147,0.0092,,,,,,,
47.7800,7,3,11.2619,59.0420,converged,3807.44,73715.12,-2.6983,0.00,0.0000,0.0142,0.0081,,,,,,,
52.9515,6,3,13.5379,66.4890,converged,3807.44,73715.12,-2.6983,0.00,0.0000,0.0183,0.0262,,,,,,,
43.5206,8,3,11.9240,55.4441,converged,3807.44,73715.12,-2.6983,0.00,0.0000,0.0143,0.0032,,,,,,,
21.3203,10,3,9.6116,30.9316,converged,3807.44,73715.12,-2.6983,0.00,0.0000,0.0099,0.0025,,,,,,,
21.7291,10,3,9.5473,31.2763,converged,3807.44,73715.12,-2.6983,0.00,0.0000,0.0100,0.0053,,,,,,,
23.1032,10,3,9.4692,32.5722,converged,3807.44,73715.12,-2.6983,0.00,0.0000,0.0113,0.0034,,,,,,,
30.4595,10,3,10.5321,40.9912,converged,3807.44,73715.12,-2.6983,0.00,0.0000,0.0090,0.0027,,,,,,,
55.6620,6,3,10.0217,65.6827,converged,3807.44,73715.12,-2.6983,0.00,0.0000,0.0112,0.0384,,,,,,,
21.6174,10,3,11.0401,32.6571,converged,3807.44,73715.12,-2.6983,0.00,0.0000,0.0103,0.0033,,,,,,,
52.4696,6,3,9.6653,62.1343,converged,3807.44,73715.12,-2.6983,0.00,0.0000,0.0148,0.0320,,,,,,,
39.9422,9,3,9.8368,49.7788,converged,3807.44,73715.12,-2.6983,0.00,0.0000,0.0116,0.0036,,,,,,,
24.3362,10,3,8.9268,33.2629,converged,3807.44,73715.12,-2.6983,0.00,0.0000,0.0106,0.0041,,,,,,,
41.9329,8,3,9.5325,51.4645,converged,3807.44,73715.12,-2.6983,0.00,0.0000,0.0130,0.0043,,,,,,,
51.9045,7,3,9.0692,60.9733,converged,3807.44,73715.12,-2.6983,0.00,0.0000,0.0115,0.0102,,,,,,,
54.6814,6,3,9.1647,63.8458,converged,3807.44,73715.12,-2.6983,0.00,0.0000,0.0164,0.0164,,,,,,,
55.6760,6,3,9.5253,65.2014,converged,3807.44,73715.12,-2.6983,0.00,0.0000,0.0152,0.0146,,,,,,,
38.5740,9,3,9.2678,47.8409,converged,3807.44,73715.12,-2.6983,0.00,0.0000,0.0119,0.0030,,,,,,,
27.2143,10,3,9.5376,36.7517,converged,3807.44,73715.12,-2.6983,0.00,0.0000,0.0083,0.0028,,,,,,,
32.0293,10,3,9.4948,41.5238,converged,3807.44,73715.12,-2.6983,0.00,0.0000,0.0104,0.0048,,,,,,,
36.6923,9,3,9.1394,45.8314,converged,3807.44,73715.12,-2.6983,0.00,0.0000,0.0081,0.0018,,,,,,,
46.4157,7,3,8.8044,55.2195,converged,3807.44,73715.12,-2.6983,0.00,0.0000,0.0155,0.0068,,,,,,,
35.6052,9,3,9.0337,44.6390,converged,3807.44,73715.12,-2.6983,0.00,0.0000,0.0100,0.0040,,,,,,,
32.4735,10,3,9.0552,41.5283,converged,3807.44,73715.12,-2.6983,0.00,0.0000,0.0105,0.0055,,,,,,,
20.1082,10,3,10.3476,30.4556,converged,3807.44,73715.12,-2.6983,0.00,0.0000,0.0093,0.0050,,,,,,,
53.5669,6,3,8.7230,62.2890,converged,3807.44,73715.12,-2.6983,0.00,0.0000,0.0104,0.0168,,,,,,,
41.7989,8,3,9.0823,50.8803,converged,3807.44,73715.12,-2.6983,0.00,0.0000,0.0141,0.0043,,,,,,,
44.7734,8,3,12.8561,57.6292,converged,3807.44,73715.12,-2.6983,0.00,0.0000,0.0111,0.0032,,,,,,,
20.9399,10,3,8.8719,29.8109,converged,3807.44,73715.12,-2.6983,0.00,0.0000,0.0091,0.0022,,,,,,,
22.8007,10,3,8.8373,31.6373,converged,3807.44,73715.12,-2.6983,0.00,0.0000,0.0089,0.0027,,,,,,,
44.3744,8,3,8.9714,53.3455,converged,3807.44,73715.12,-2.6983,0.00,0.0000,0.0105,0.0066,,,,,,,
27.0481,10,3,9.0078,36.0558,converged,3807.44,73715.12,-2.6983,0.00,0.0000,0.0100,0.0040,,,,,,,
20.1134,10,3,8.8339,28.9470,converged,3807.44,73715.12,-2.6983,0.00,0.0000,0.0108,0.0027,,,,,,,
27.2103,10,3,8.7987,36.0087,converged,3807.44,73715.12,-2.6983,0.00,0.0000,0.0116,0.0056,,,,,,,
56.6921,6,3,9.9939,66.6859,converged,3807.44,73715.12,-2.6983,0.00,0.0000,0.0176,0.0172,,,,,,,
56.5242,6,3,9.0725,65.5965,converged,3807.44,73715.12,-2.6983,0.00,0.0000,0.0157,0.0141,,,,,,,
55.0670,6,3,12.2730,67.3401,converged,3807.44,73715.12,-2.6983,0.00,0.0000,0.0101,0.0331,,,,,,,
43.4689,8,3,9.2659,52.7340,converged,3807.44,73715.12,-2.6983,0.00,0.0000,0.0131,0.0037,,,,,,,
55.8828,6,3,9.3828,65.2648,converged,3807.44,73715.12,-2.6983,0.00,0.0000,0.0152,0.0190,,,,,,,
58.2396,5,3,10.8927,69.1318,converged,3807.44,73715.12,-2.6983,0.00,0.0000,0.0133,0.0597,,,,,,,
53.9154,6,3,8.7870,62.7020,converged,3807.44,73715.12,-2.6983,0.00,0.0000,0.0125,0.0300,,,,,,,
47.9650,7,3,8.7499,56.7150,converged,3807.44,73715.12,-2.6983,0.00,0.0000,0.0138,0.0098,,,,,,,
22.3151,10,3,8.9248,31.2398,converged,3807.44,73715.12,-2.6983,0.00,0.0000,0.0090,0.0018,,,,,,,
35.6583,9,3,8.9214,44.5794,converged,3807.44,73715.12,-2.6983,0.00,0.0000,0.0119,0.0020,,,,,,,
28.9981,10,3,8.9047,37.9027,converged,3807.44,73715.12,-2.6983,0.00,0.0000,0.0109,0.0041,,,,,,,
32.5415,10,3,9.5038,42.0448,converged,3807.44,73715.12,-2.6983,0.00,0.0000,0.0092,0.0029,,,,,,,
50.3256,7,3,10.4842,60.8093,converged,3807.44,73715.12,-2.6983,0.00,0.0000,0.0130,0.0054,,,,,,,
20.0833,10,3,9.7204,29.8034,converged,3807.44,73715.12,-2.6983,0.00,0.0000,0.0088,0.0025,,,,,,,
47.6439,7,3,11.7121,59.3551,converged,3807.44,73715.12,-2.6983,0.00,0.0000,0.0138,0.0042,,,,,,,
56.0783,6,3,12.7493,68.8274,converged,3807.44,73715.12,-2.6983,0.00,0.0000,0.0110,0.0215,,,,,,,
25.3158,10,3,9.0662,34.3812,converged,3807.44,73715.12,-2.6983,0.00,0.0000,0.0096,0.0035,,,,,,,
50.6111,7,3,8.8651,59.4761,converged,3807.44,73715.12,-2.6983,0.00,0.0000,0.0086,0.0182,,,,,,,
59.5966,5,3,9.6673,69.2634,converged,3807.44,73715.12,-2.6983,0.00,0.0000,0.0104,0.0575,,,,,,,
57.1007,6,3,9.0040,66.1041,converged,3807.44,73715.12,-2.6983,0.00,0.0000,0.0105,0.0288,,,,,,,
53.2016,6,3,9.2725,62.4736,converged,3807.44,73715.12,-2.6983,0.00,0.0000,0.0147,0.0267,,,,,,,
22.0021,10,3,9.3852,31.3872,converged,3807.44,73715.12,-2.6983,0.00,0.0000,0.0100,0.0046,,,,,,,
50.6200,7,3,12.9120,63.5311,converged,3807.44,73715.12,-2.6983,0.00,0.0000,0.0119,0.0080,,,,,,,
29.0379,10,3,9.2942,38.3313,converged,3807.44,73715.12,-2.6983,0.00,0.0000,0.0121,0.0058,,,,,,,
46.1763,7,3,9.1192,55.2953,converged,3807.44,73715.12,-2.6983,0.00,0.0000,0.0110,0.0153,,,,,,,
50.6385,7,3,9.1374,59.7755,converged,3807.44,73715.12,-2.6983,0.00,0.0000,0.0137,0.0094,,,,,,,
46.8314,7,3,9.3872,56.2183,converged,3807.44,73715.12,-2.6983,0.00,0.0000,0.0118,0.0090,,,,,,,
46.2076,7,3,9.9137,56.1207,converged,3807.44,73715.12,-2.6983,0.00,0.0000,0.0111,0.0102,,,,,,,
37.0297,9,3,9.7054,46.7344,converged,3807.44,73715.12,-2.6983,0.00,0.0000,0.0106,0.0040,,,,,,,
26.5913,10,3,9.1441,35.7351,converged,3807.44,73715.12,-2.6983,0.00,0.0000,0.0121,0.0057,,,,,,,
35.2257,9,3,9.8820,45.1070,converged,3807.44,73715.12,-2.6983,0.00,0.0000,0.0106,0.0035,,,,,,,
52.0253,6,3,9.8463,61.8713,converged,3807.44,73715.12,-2.6983,0.00,0.0000,0.0124,0.0261,,,,,,,
36.6626,9,3,9.2961,45.9581,converged,3807.44,73715.12,-2.6983,0.00,0.0000,0.0119,0.0054,,,,,,,
48.1202,7,3,8.9116,57.0316,converged,3807.44,73715.12,-2.6983,0.00,0.0000,0.0116,0.0054,,,,,,,
37.4960,9,3,8.9823,46.4784,converged,3807.44,73715.12,-2.6983,0.00,0.0000,0.0093,0.0039,,,,,,,
31.0495,10,3,10.1832,41.2322,converged,3807.44,73715.12,-2.6983,0.00,0.0000,0.0105,0.0046,,,,,,,
35.5515,9,3,10.1382,45.6893,converged,3807.44,73715.12,-2.6983,0.00,0.0000,0.0116,0.0037,,,,,,,
44.9777,8,3,9.0062,53.9832,converged,3807.44,73715.12,-2.6983,0.00,0.0000,0.0113,0.0037,,,,,,,
48.3374,7,3,9.1913,57.5283,converged,3807.44,73715.12,-2.6983,0.00,0.0000,0.0145,0.0050,,,,,,,
26.0755,10,3,8.9793,35.0543,converged,3807.44,73715.12,-2.6983,0.00,0.0000,0.0100,0.0034,,,,,,,
20.5762,10,3,9.0033,29.5793,converged,3807.44,73715.12,-2.6983,0.00,0.0000,0.0086,0.0019,,,,,,,
56.4281,6,3,9.9418,66.3698,converged,3807.44,73715.12,-2.6983,0.00,0.0000,0.0125,0.0221,,,,,,,
31.7500,10,3,9.3040,41.0531,converged,3807.44,73715.12,-2.6983,0.00,0.0000,0.0122,0.0078,,,,,,,
50.0459,7,3,9.2459,59.2909,converged,3807.44,73715.12,-2.6983,0.00,0.0000,0.0119,0.0155,,,,,,,
52.4609,6,3,8.9382,61.3983,converged,3807.44,73715.12,-2.6983,0.00,0.0000,0.0146,0.0185,,,,,,,
59.3169,5,3,8.7678,68.0838,converged,3807.44,73715.12,-2.6983,0.00,0.0000,0.0142,0.0596,,,,,,,
33.3084,10,3,8.8009,42.1090,converged,3807.44,73715.12,-2.6983,0.00,0.0000,0.0091,0.0020,,,,,,,
53.4878,6,3,9.1454,62.6324,converged,3807.44,73715.12,-2.6983,0.00,0.0000,0.0123,0.0355,,,,,,,
27.8310,10,3,9.5199,37.3509,converged,3807.44,73715.12,-2.6983,0.00,0.0000,0.0106,0.0056,,,,,,,
52.8728,6,3,10.3680,63.2400,converged,3807.44,73715.12,-2.6983,0.00,0.0000,0.0153,0.0211,,,,,,,
41.7672,8,3,9.8416,51.6086,converged,3807.44,73715.12,-2.6983,0.00,0.0000,0.0106,0.0098,,,,,,,
57.0368,6,3,8.8326,65.8687,converged,3807.44,73715.12,-2.6983,0.00,0.0000,0.0108,0.0280,,,,,,,
51.0023,7,3,8.7478,59.7498,converged,3807.44,73715.12,-2.6983,0.00,0.0000,0.0120,0.0065,,,,,,,
38.2295,9,3,9.1860,47.4150,converged,3807.44,73715.12,-2.6983,0.00,0.0000,0.0105,0.0019,,,,,,,
36.8324,9,3,9.0138,45.8458,converged,3807.44,73715.12,-2.6983,0.00,0.0000,0.0105,0.0021,,,,,,,
27.4888,10,3,9.8278,37.3158,converged,3807.44,73715.12,-2.6983,0.00,0.0000,0.0098,0.0024,,,,,,,
46.3422,7,3,8.9497,55.2917,converged,3807.44,73715.12,-2.6983,0.00,0.0000,0.0128,0.0101,,,,,,,
46.3988,7,3,9.0392,55.4372,converged,3807.44,73715.12,-2.6983,0.00,0.0000,0.0135,0.0109,,,,,,,
29.9652,10,3,9.0856,39.0506,converged,3807.44,73715.12,-2.6983,0.00,0.0000,0.0098,0.0033,,,,,,,
56.0896,6,3,8.9232,65.0122,converged,3807.44,73715.12,-2.6983,0.00,0.0000,0.0141,0.0224,,,,,,,
50.0754,7,3,9.2343,59.3094,converged,3807.44,73715.12,-2.6983,0.00,0.0000,0.0125,0.0072,,,,,,,
42.7511,8,3,9.8830,52.6340,converged,3807.44,73715.12,-2.6983,0.00,0.0000,0.0114,0.0072,,,,,,,
23.9128,10,3,8.8950,32.8071,converged,3807.44,73715.12,-2.6983,0.00,0.0000,0.0125,0.0071,,,,,,,
20.8849,10,3,9.1343,30.0183,converged,3807.44,73715.12,-2.6983,0.00,0.0000,0.0085,0.0029,,,,,,,
43.4462,8,3,9.0854,52.5314,converged,3807.44,73715.12,-2.6983,0.00,0.0000,0.0119,0.0042,,,,,,,
58.4881,5,3,9.8563,68.3444,converged,3807.44,73715.12,-2.6983,0.00,0.0000,0.0103,0.0560,,,,,,,
55.8159,6,3,9.0235,64.8385,converged,3807.44,73715.12,-2.6983,0.00,0.0000,0.0143,0.0242,,,,,,,
55.8991,6,3,8.6794,64.5784,converged,3807.44,73715.12,-2.6983,0.00,0.0000,0.0128,0.0240,,,,,,,
43.7424,8,3,9.1166,52.8586,converged,3807.44,73715.12,-2.6983,0.00,0.0000,0.0137,0.0027,,,,,,,
54.9330,6,3,9.1528,64.0859,converged,3807.44,73715.12,-2.6983,0.00,0.0000,0.0167,0.0300,,,,,,,
37.9399,9,3,8.9402,46.8792,converged,3807.44,73715.12,-2.6983,0.00,0.0000,0.0114,0.0028,,,,,,,
53.6503,6,3,8.7505,62.4005,converged,3807.44,73715.12,-2.6983,0.00,0.0000,0.0156,0.0167,,,,,,,
58.5541,5,3,9.7175,68.2716,converged,3807.44,73715.12,-2.6983,0.00,0.0000,0.0170,0.0551,,,,,,,
43.5542,8,3,9.0460,52.6000,converged,3807.44,73715.12,-2.6983,0.00,0.0000,0.0104,0.0040,,,,,,,
41.2964,8,3,9.8293,51.1254,converged,3807.44,73715.12,-2.6983,0.00,0.0000,0.0115,0.0031,,,,,,,
42.5609,8,3,10.2727,52.8328,converged,3807.44,73715.12,-2.6983,0.00,0.0000,0.0121,0.0044,,,,,,,
47.1462,7,3,8.8462,55.9922,converged,3807.44,73715.12,-2.6983,0.00,0.0000,0.0120,0.0088,,,,,,,
26.0019,10,3,8.7758,34.7769,converged,3807.44,73715.12,-2.6983,0.00,0.0000,0.0106,0.0053,,,,,,,
49.7613,7,3,8.8931,58.6541,converged,3807.44,73715.12,-2.6983,0.00,0.0000,0.0106,0.0115,,,,,,,
24.7626,10,3,8.6653,33.4273,converged,3807.44,73715.12,-2.6983,0.00,0.0000,0.0102,0.0040,,,,,,,
23.7666,10,3,9.8787,33.6448,converged,3807.44,73715.12,-2.6983,0.00,0.0000,0.0105,0.0032,,,,,,,
42.0256,8,3,9.3873,51.4124,converged,3807.44,73715.12,-2.6983,0.00,0.0000,0.0141,0.0036,,,,,,,
49.7196,7,3,9.0309,58.7499,converged,3807.44,73715.12,-2.6983,0.00,0.0000,0.0163,0.0110,,,,,,,
46.2783,7,3,9.2608,55.5388,converged,3807.44,73715.12,-2.6983,0.00,0.0000,0.0149,0.0138,,,,,,,
33.7764,10,3,8.9350,42.7110,converged,3807.44,73715.12,-2.6983,0.00,0.0000,0.0085,0.0021,,,,,,,
58.9238,5,3,8.8952,67.8182,converged,3807.44,73715.12,-2.6983,0.00,0.0000,0.0117,0.0543,,,,,,,
28.7241,10,3,9.0923,37.8164,converged,3807.44,73715.12,-2.6983,0.00,0.0000,0.0086,0.0021,,,,,,,
23.5201,10,3,9.6920,33.2120,converged,3807.44,73715.12,-2.6983,0.00,0.0000,0.0089,0.0023,,,,,,,
37.6333,9,3,8.8990,46.5320,converged,3807.44,73715.12,-2.6983,0.00,0.0000,0.0117,0.0036,,,,,,,
41.6217,8,3,9.0960,50.7170,converged,3807.44,73715.12,-2.6983,0.00,0.0000,0.0103,0.0036,,,,,,,
33.5173,10,3,9.1631,42.6801,converged,3807.44,73715.12,-2.6983,0.00,0.0000,0.0098,0.0034,,,,,,,
21.5059,10,3,9.3876,30.8927,converged,3807.44,73715.12,-2.6983,0.00,0.0000,0.0092,0.0031,,,,,,,
40.9140,8,3,9.2019,50.1159,converged,3807.44,73715.12,-2.6983,0.00,0.0000,0.0110,0.0053,,,,,,,
53.8502,6,3,9.0623,62.9123,converged,3807.44,73715.12,-2.6983,0.00,0.0000,0.0178,0.0251,,,,,,,
21.7043,10,3,8.8431,30.5471,converged,3807.44,73715.12,-2.6983,0.00,0.0000,0.0098,0.0042,,,,,,,
52.3278,6,3,9.6728,61.9999,converged,3807.44,73715.12,-2.6983,0.00,0.0000,0.0093,0.0223,,,,,,,
47.4687,7,3,13.8640,61.3321,converged,3807.44,73715.12,-2.6983,0.00,0.0000,0.0109,0.0112,,,,,,,
41.4765,8,3,9.0277,50.5037,converged,3807.44,73715.12,-2.6983,0.00,0.0000,0.0145,0.0029,,,,,,,
42.9369,8,3,12.2688,55.2048,converged,3807.44,73715.12,-2.6983,0.00,0.0000,0.0107,0.0036,,,,,,,
34.8466,9,3,9.2009,44.0469,converged,3807.44,73715.12,-2.6983,0.00,0.0000,0.0136,0.0063,,,,,,,
40.5584,8,3,9.4665,50.0246,converged,3807.44,73715.12,-2.6983,0.00,0.0000,0.0115,0.0035,,,,,,,
50.2486,7,3,11.1002,61.3482,converged,3807.44,73715.12,-2.6983,0.00,0.0000,0.0135,0.0047,,,,,,,
25.9580,10,3,8.7717,34.7287,converged,3807.44,73715.12,-2.6983,0.00,0.0000,0.0105,0.0049,,,,,,,
38.6441,9,3,9.0245,47.6685,converged,3807.44,73715.12,-2.6983,0.00,0.0000,0.0097,0.0041,,,,,,,
35.9662,9,3,9.4356,45.4017,converged,3807.44,73715.12,-2.6983,0.00,0.0000,0.0096,0.0036,,,,,,,
50.3020,7,3,8.7268,59.0288,converged,3807.44,73715.12,-2.6983,0.00,0.0000,0.0115,0.0088,,,,,,,
46.2149,7,3,8.9979,55.2119,converged,3807.44,73715.12,-2.6983,0.00,0.0000,0.0106,0.0092,,,,,,,
57.7990,6,3,9.2681,67.0671,converged,3807.44,73715.12,-2.6983,0.00,0.0000,0.0117,0.0270,,,,,,,
52.7662,6,3,9.0186,61.7847,converged,3807.44,73715.12,-2.6983,0.00,0.0000,0.0127,0.0185,,,,,,,
38.6567,9,3,9.3969,48.0529,converged,3807.44,73715.12,-2.6983,0.00,0.0000,0.0104,0.0035,,,,,,,
57.8480,6,3,8.9896,66.8376,converged,3807.44,73715.12,-2.6983,0.00,0.0000,0.0118,0.0149,,,,,,,
56.5132,6,3,8.6480,65.1610,converged,3807.44,73715.12,-2.6983,0.00,0.0000,0.0132,0.0362,,,,,,,
56.8761,6,3,8.9066,65.7826,converged,3807.44,73715.12,-2.6983,0.00,0.0000,0.0151,0.0134,,,,,,,
42.2650,8,3,10.3067,52.5717,converged,3807.44,73715.12,-2.6983,0.00,0.0000,0.0145,0.0027,,,,,,,
31.5114,10,3,10.0541,41.5651,converged,3807.44,73715.12,-2.6983,0.00,0.0000,0.0099,0.0046,,,,,,,
33.5245,10,3,9.1075,42.6316,converged,3807.44,73715.12,-2.6983,0.00,0.0000,0.0096,0.0033,,,,,,,
55.3820,6,3,9.0758,64.4568,converged,3807.44,73715.12,-2.6983,0.00,0.0000,0.0122,0.0284,,,,,,,
47.4594,7,3,9.3181,56.7771,converged,3807.44,73715.12,-2.6983,0.00,0.0000,0.0077,0.0283,,,,,,,
32.6944,10,3,9.0163,41.7103,converged,3807.44,73715.12,-2.6983,0.00,0.0000,0.0112,0.0059,,,,,,,
32.7416,10,3,9.0805,41.8216,converged,3807.44,73715.12,-2.6983,0.00,0.0000,0.0111,0.0071,,,,,,,
35.3832,9,3,8.9495,44.3325,converged,3807.44,73715.12,-2.6983,0.00,0.0000,0.0139,0.0061,,,,,,,
36.4994,9,3,9.1819,45.6809,converged,3807.44,73715.12,-2.6983,0.00,0.0000,0.0098,0.0050,,,,,,,
57.8981,6,3,9.2055,67.1035,converged,3807.44,73715.12,-2.6983,0.00,0.0000,0.0124,0.0220,,,,,,,
43.9068,8,3,8.8906,52.7967,converged,3807.44,73715.12,-2.6983,0.00,0.0000,0.0132,0.0041,,,,,,,
46.3828,7,3,9.2457,55.6278,converged,3807.44,73715.12,-2.6983,0.00,0.0000,0.0108,0.0078,,,,,,,
51.4936,7,3,8.9423,60.4354,converged,3807.44,73715.12,-2.6983,0.00,0.0000,0.0128,0.0153,,,,,,,
44.0204,8,3,9.0200,53.0400,converged,3807.44,73715.12,-2.6983,0.00,0.0000,0.0117,0.0048,,,,,,,
23.9503,10,3,8.8363,32.7863,converged,3807.44,73715.12,-2.6983,0.00,0.0000,0.0100,0.0043,,,,,,,
48.9391,7,3,8.8181,57.7571,converged,3807.44,73715.12,-2.6983,0.00,0.0000,0.0157,0.0041,,,,,,,
42.1223,8,3,8.9526,51.0746,converged,3807.44,73715.12,-2.6983,0.00,0.0000,0.0155,0.0077,,,,,,,
35.0961,9,3,9.0114,44.1075,converged,3807.44,73715.12,-2.6983,0.00,0.0000,0.0118,0.0067,,,,,,,
48.4548,7,3,9.0693,57.5233,converged,3807.44,73715.12,-2.6983,0.00,0.0000,0.0104,0.0109,,,,,,,
48.0861,7,3,8.8489,56.9349,converged,3807.44,73715.12,-2.6983,0.00,0.0000,0.0122,0.0069,,,,,,,
29.7491,10,3,9.2455,38.9945,converged,3807.44,73715.12,-2.6983,0.00,0.0000,0.0096,0.0040,,,,,,,
53.9325,6,3,9.7245,63.6565,converged,3807.44,73715.12,-2.6983,0.00,0.0000,0.0137,0.0306,,,,,,,
53.8475,6,3,9.4814,63.3284,converged,3807.44,73715.12,-2.6983,0.00,0.0000,0.0115,0.0266,,,,,,,
49.8948,7,3,9.9201,59.8141,converged,3807.44,73715.12,-2.6983,0.00,0.0000,0.0113,0.0110,,,,,,,
34.7564,9,3,13.2653,48.0214,converged,3807.44,73715.12,-2.6983,0.00,0.0000,0.0111,0.0037,,,,,,,
21.3860,10,3,9.9120,31.2980,converged,3807.44,73715.12,-2.6983,0.00,0.0000,0.0105,0.0049,,,,,,,
30.3254,10,3,9.6370,39.9621,converged,3807.44,73715.12,-2.6983,0.00,0.0000,0.0115,0.0040,,,,,,,
23.7196,10,3,8.9434,32.6624,converged,3807.44,73715.12,-2.6983,0.00,0.0000,0.0089,0.0032,,,,,,,
28.6254,10,3,9.0045,37.6295,converged,3807.44,73715.12,-2.6983,0.00,0.0000,0.0106,0.0025,,,,,,,
33.0339,10,3,9.6633,42.6964,converged,3807.44,73715.12,-2.6983,0.00,0.0000,0.0108,0.0053,,,,,,,
34.3535,9,3,9.2926,43.6456,converged,3807.44,73715.12,-2.6983,0.00,0.0000,0.0113,0.0027,,,,,,,
37.3743,9,3,9.1682,46.5423,converged,3807.44,73715.12,-2.6983,0.00,0.0000,0.0110,0.0028,,,,,,,
53.4525,6,3,10.3076,63.7596,converged,3807.44,73715.12,-2.6983,0.00,0.0000,0.0204,0.0151,,,,,,,
40.8694,8,3,8.8862,49.7552,converged,3807.44,73715.12,-2.6983,0.00,0.0000,0.0121,0.0036,,,,,,,
25.8311,10,3,9.2831,35.1141,converged,3807.44,73715.12,-2.6983,0.00,0.0000,0.0093,0.0025,,,,,,,
42.8235,8,3,8.8284,51.6515,converged,3807.44,73715.12,-2.6983,0.00,0.0000,0.0140,0.0038,,,,,,,
57.9487,6,3,9.1466,67.0946,converged,3807.44,73715.12,-2.6983,0.00,0.0000,0.0116,0.0171,,,,,,,
48.1900,7,3,9.0416,57.2316,converged,3807.44,73715.12,-2.6983,0.00,0.0000,0.0116,0.0091,,,,,,,
45.7268,8,3,8.8681,54.5941,converged,3807.44,73715.12,-2.6983,0.00,0.0000,0.0117,0.0054,,,,,,,
30.9432,10,3,9.2145,40.1575,converged,3807.44,73715.12,-2.6983,0.00,0.0000,0.0089,0.0024,,,,,,,
55.7133,6,3,9.2412,64.9543,converged,3807.44,73715.12,-2.6983,0.00,0.0000,0.0061,0.0269,,,,,,,
53.1632,6,3,8.8974,62.0605,converged,3807.44,73715.12,-2.6983,0.00,0.0000,0.0143,0.0233,,,,,,,
44.8969,8,3,11.0902,55.9862,converged,3807.44,73715.12,-2.6983,0.00,0.0000,0.0120,0.0033,,,,,,,
41.0469,8,3,8.9947,50.0407,converged,3807.44,73715.12,-2.6983,0.00,0.0000,0.0103,0.0069,,,,,,,
43.0084,8,3,9.0213,52.0293,converged,3807.44,73715.12,-2.6983,0.00,0.0000,0.0134,0.0038,,,,,,,
24.6227,10,3,10.1986,34.8207,converged,3807.44,73715.12,-2.6983,0.00,0.0000,0.0096,0.0038,,,,,,,
22.1766,10,3,8.7316,30.9076,converged,3807.44,73715.12,-2.6983,0.00,0.0000,0.0088,0.0030,,,,,,,
26.0345,10,3,9.6816,35.7156,converged,3807.44,73715.12,-2.6983,0.00,0.0000,0.0091,0.0021,,,,,,,
30.7335,10,3,8.9829,39.7160,converged,3807.44,73715.12,-2.6983,0.00,0.0000,0.0130,0.0087,,,,,,,
31.8769,10,3,9.5893,41.4653,converged,3807.44,73715.12,-2.6983,0.00,0.0000,0.0101,0.0034,,,,,,,
36.7507,9,3,9.3987,46.1488,converged,3807.44,73715.12,-2.6983,0.00,0.0000,0.0116,0.0050,,,,,,,
41.9126,8,3,9.9166,51.8287,converged,3807.44,73715.12,-2.6983,0.00,0.0000,0.0107,0.0106,,,,,,,
47.3972,7,3,9.3103,56.7074,converged,3807.44,73715.12,-2.6983,0.00,0.0000,0.0108,0.0067,,,,,,,
32.8090,10,3,9.1454,41.9545,converged,3807.44,73715.12,-2.6983,0.00,0.0000,0.0105,0.0046,,,,,,,
42.2277,8,3,9.2335,51.4605,converged,3807.44,73715.12,-2.6983,0.00,0.0000,0.0106,0.0061,,,,,,,
25.7995,10,3,9.4596,35.2587,converged,3807.44,73715.12,-2.6983,0.00,0.0000,0.0094,0.0045,,,,,,,
31.6200,10,3,9.4834,41.1035,converged,3807.44,73715.12,-2.6983,0.00,0.0000,0.0085,0.0029,,,,,,,
20.1047,10,3,8.9931,29.0972,converged,3807.44,73715.12,-2.6983,0.00,0.0000,0.0093,0.0033,,,,,,,
40.0410,8,3,9.9593,50.0003,converged,3807.44,73715.12,-2.6983,0.00,0.0000,0.0108,0.0037,,,,,,,
58.5617,5,3,9.8128,68.3738,converged,3807.44,73715.12,-2.6983,0.00,0.0000,0.0122,0.0591,,,,,,,
46.8827,7,3,8.8100,55.6920,converged,3807.44,73715.12,-2.6983,0.00,0.0000,0.0115,0.0172,,,,,,,
55.4380,6,3,10.1112,65.5482,converged,3807.44,73715.12,-2.6983,0.00,0.0000,0.0158,0.0148,,,,,,,
21.4807,10,3,9.2837,30.7637,converged,3807.44,73715.12,-2.6983,0.00,0.0000,0.0124,0.0069,,,,,,,
28.2153,10,3,10.3923,38.6073,converged,3807.44,73715.12,-2.6983,0.00,0.0000,0.0102,0.0027,,,,,,,
25.9418,10,3,9.2267,35.1678,converged,3807.44,73715.12,-2.6983,0.00,0.0000,0.0092,0.0024,,,,,,,
31.2563,10,3,9.0948,40.3509,converged,3807.44,73715.12,-2.6983,0.00,0.0000,0.0092,0.0024,,,,,,,
49.7343,7,3,9.0051,58.7391,converged,3807.44,73715.12,-2.6983,0.00,0.0000,0.0123,0.0153,,,,,,,
54.7194,6,3,9.8366,64.5556,converged,3807.44,73715.12,-2.6983,0.00,0.0000,0.0141,0.0295,,,,,,,
34.5579,9,3,9.7977,44.3548,converged,3807.44,73715.12,-2.6983,0.00,0.0000,0.0101,0.0030,,,,,,,
26.5547,10,3,9.3630,35.9171,converged,3807.44,73715.12,-2.6983,0.00,0.0000,0.0095,0.0032,,,,,,,
46.9009,7,3,9.0527,55.9527,converged,3807.44,73715.12,-2.6983,0.00,0.0000,0.0118,0.0082,,,,,,,
20.1338,10,3,10.1415,30.2746,converged,3807.44,73715.12,-2.6983,0.00,0.0000,0.0084,0.0033,,,,,,,
22.0206,10,3,9.5847,31.6047,converged,3807.44,73715.12,-2.6983,0.00,0.0000,0.0100,0.0033,,,,,,,
43.4202,8,3,12.0258,55.4459,converged,3807.44,73715.12,-2.6983,0.00,0.0000,0.0117,0.0058,,,,,,,
51.9354,7,3,10.4152,62.3503,converged,3807.44,73715.12,-2.6983,0.00,0.0000,0.0111,0.0108,,,,,,,
42.2698,8,3,8.7883,51.0574,converged,3807.44,73715.12,-2.6983,0.00,0.0000,0.0074,0.0058,,,,,,,
49.9814,7,3,9.3577,59.3388,converged,3807.44,73715.12,-2.6983,0.00,0.0000,0.0151,0.0077,,,,,,,
38.7188,9,3,9.7474,48.4654,converged,3807.44,73715.12,-2.6983,0.00,0.0000,0.0103,0.0051,,,,,,,
54.1363,6,3,9.9617,64.0978,converged,3807.44,73715.12,-2.6983,0.00,0.0000,0.0091,0.0307,,,,,,,
28.8228,10,3,9.1651,37.9871,converged,3807.44,73715.12,-2.6983,0.00,0.0000,0.0102,0.0029,,,,,,,
54.6576,6,3,8.7490,63.4061,converged,3807.44,73715.12,-2.6983,0.00,0.0000,0.0176,0.0291,,,,,,,
51.8078,7,3,9.7509,61.5580,converged,3807.44,73715.12,-2.6983,0.00,0.0000,0.0125,0.0120,,,,,,,
20.7135,10,3,9.8789,30.5920,converged,3807.44,73715.12,-2.6983,0.00,0.0000,0.0090,0.0032,,,,,,,
50.9384,7,3,12.4308,63.3688,converged,3807.44,73715.12,-2.6983,0.00,0.0000,0.0107,0.0121,,,,,,,
58.2864,5,3,8.8235,67.1095,converged,3807.44,73715.12,-2.6983,0.00,0.0000,0.0177,0.0658,,,,,,,
49.1654,7,3,9.5277,58.6927,converged,3807.44,73715.12,-2.6983,0.00,0.0000,0.0126,0.0136,,,,,,,
56.3667,6,3,9.0894,65.4555,converged,3807.44,73715.12,-2.6983,0.00,0.0000,0.0142,0.0245,,,,,,,
54.3462,6,3,9.0666,63.4126,converged,3807.44,73715.12,-2.6983,0.00,0.0000,0.0103,0.0171,,,,,,,
42.1399,8,3,8.8236,50.9626,converged,3807.44,73715.12,-2.6983,0.00,0.0000,0.0090,0.0051,,,,,,,
45.8301,8,3,12.3680,58.1980,converged,3807.44,73715.12,-2.6983,0.00,0.0000,0.0096,0.0026,,,,,,,
29.3908,10,3,9.1509,38.5409,converged,3807.44,73715.12,-2.6983,0.00,0.0000,0.0089,0.0039,,,,,,,
40.7953,8,3,8.9700,49.7651,converged,3807.44,73715.12,-2.6983,0.00,0.0000,0.0114,0.0040,,,,,,,
55.4114,6,3,9.1906,64.6016,converged,3807.44,73715.12,-2.6983,0.00,0.0000,0.0097,0.0186,,,,,,,
58.8285,5,3,12.0798,70.9078,converged,3807.44,73715.12,-2.6983,0.00,0.0000,0.0138,0.0579,,,,,,,
44.9572,8,3,12.5771,57.5342,converged,3807.44,73715.12,-2.6983,0.00,0.0000,0.0118,0.0037,,,,,,,
42.0842,8,3,9.0102,51.0942,converged,3807.44,73715.12,-2.6983,0.00,0.0000,0.0112,0.0044,,,,,,,
50.6287,7,3,9.6367,60.2647,converged,3807.44,73715.12,-2.6983,0.00,0.0000,0.0132,0.0076,,,,,,,
35.6156,9,3,9.1625,44.7775,converged,3807.44,73715.12,-2.6983,0.00,0.0000,0.0087,0.0049,,,,,,,
38.8177,9,3,8.9212,47.7382,converged,3807.44,73715.12,-2.6983,0.00,0.0000,0.0097,0.0034,,,,,,,
28.3348,10,3,9.0463,37.3804,converged,3807.44,73715.12,-2.6983,0.00,0.0000,0.0116,0.0044,,,,,,,
26.5628,10,3,10.4183,36.9803,converged,3807.44,73715.12,-2.6983,0.00,0.0000,0.0094,0.0031,,,,,,,
44.4003,8,3,8.9518,53.3519,converged,3807.44,73715.12,-2.6983,0.00,0.0000,0.0101,0.0076,,,,,,,
32.3467,10,3,9.2491,41.5951,converged,3807.44,73715.12,-2.6983,0.00,0.0000,0.0083,0.0021,,,,,,,
49.2312,7,3,9.6244,58.8554,converged,3807.44,73715.12,-2.6983,0.00,0.0000,0.0129,0.0085,,,,,,,
34.2601,9,3,8.9799,43.2399,converged,3807.44,73715.12,-2.6983,0.00,0.0000,0.0123,0.0035,,,,,,,
57.6312,6,3,9.3673,66.9983,converged,3807.44,73715.12,-2.6983,0.00,0.0000,0.0124,0.0366,,,,,,,
48.4684,7,3,9.2831,57.7511,converged,3807.44,73715.12,-2.6983,0.00,0.0000,0.0125,0.0101,,,,,,,
52.8194,6,3,8.7438,61.5628,converged,3807.44,73715.12,-2.6983,0.00,0.0000,0.0101,0.0375,,,,,,,
50.5307,7,3,13.1018,63.6319,converged,3807.44,73715.12,-2.6983,0.00,0.0000,0.0132,0.0057,,,,,,,
41.6267,8,3,8.8427,50.4687,converged,3807.44,73715.12,-2.6983,0.00,0.0000,0.0129,0.0031,,,,,,,
20.5087,10,3,9.0284,29.5364,converged,3807.44,73715.12,-2.6983,0.00,0.0000,0.0092,0.0034,,,,,,,
27.2831,10,3,10.0693,37.3523,converged,3807.44,73715.12,-2.6983,0.00,0.0000,0.0111,0.0060,,,,,,,
30.7880,10,3,9.0757,39.8638,converged,3807.44,73715.12,-2.6983,0.00,0.0000,0.0112,0.0050,,,,,,,
34.4761,9,3,12.2010,46.6771,converged,3807.44,73715.12,-2.6983,0.00,0.0000,0.0109,0.0039,,,,,,,
57.0424,6,3,9.3228,66.3649,converged,3807.44,73715.12,-2.6983,0.00,0.0000,0.0086,0.0242,,,,,,,
55.2042,6,3,9.3154,64.5194,converged,3807.44,73715.12,-2.6983,0.00,0.0000,0.0153,0.0201,,,,,,,
49.4403,7,3,8.7470,58.1871,converged,3807.44,73715.12,-2.6983,0.00,0.0000,0.0149,0.0040,,,,,,,
53.3563,6,3,9.8204,63.1764,converged,3807.44,73715.12,-2.6983,0.00,0.0000,0.0163,0.0167,,,,,,,
48.2390,7,3,9.0444,57.2824,converged,3807.44,73715.12,-2.6983,0.00,0.0000,0.0107,0.0086,,,,,,,
23.0818,10,3,9.4508,32.5319,converged,3807.44,73715.12,-2.6983,0.00,0.0000,0.0093,0.0027,,,,,,,
49.2547,7,3,9.1507,58.4048,converged,3807.44,73715.12,-2.6983,0.00,0.0000,0.0118,0.0148,,,,,,,
41.5076,8,3,8.9424,50.4495,converged,3807.44,73715.12,-2.6983,0.00,0.0000,0.0112,0.0052,,,,,,,
53.3783,6,3,9.1043,62.4824,converged,3807.44,73715.12,-2.6983,0.00,0.0000,0.0152,0.0218,,,,,,,
43.8367,8,3,9.3632,53.1993,converged,3807.44,73715.12,-2.6983,0.00,0.0000,0.0144,0.0025,,,,,,,
32.1855,10,3,10.0488,42.2339,converged,3807.44,73715.12,-2.6983,0.00,0.0000,0.0100,0.0043,,,,,,,
28.6081,10,3,9.0969,37.7049,converged,3807.44,73715.12,-2.6983,0.00,0.0000,0.0097,0.0037,,,,,,,
37.3161,9,3,10.5962,47.9123,converged,3807.44,73715.12,-2.6983,0.00,0.0000,0.0105,0.0036,,,,,,,
33.4627,10,3,9.8311,43.2931,converged,3807.44,73715.12,-2.6983,0.00,0.0000,0.0109,0.0036,,,,,,,
20.7477,10,3,8.9499,29.6969,converged,3807.44,73715.12,-2.6983,0.00,0.0000,0.0103,0.0043,,,,,,,
25.4426,10,3,8.9214,34.3634,converged,3807.44,73715.12,-2.6983,0.00,0.0000,0.0089,0.0032,,,,,,,
32.5641,10,3,9.1308,41.6948,converged,3807.44,73715.12,-2.6983,0.00,0.0000,0.0133,0.0083,,,,,,,
28.6877,10,3,9.1289,37.8159,converged,3807.44,73715.12,-2.6983,0.00,0.0000,0.0110,0.0047,,,,,,,
48.1333,7,3,8.9883,57.1213,converged,3807.44,73715.12,-2.6983,0.00,0.0000,0.0074,0.0203,,,,,,,
36.5230,9,3,9.0958,45.6178,converged,3807.44,73715.12,-2.6983,0.00,0.0000,0.0119,0.0035,,,,,,,
41.0107,8,3,9.0671,50.0771,converged,3807.44,73715.12,-2.6983,0.00,0.0000,0.0102,0.0075,,,,,,,
54.0832,6,3,9.3130,63.3960,converged,3807.44,73715.12,-2.6983,0.00,0.0000,0.0086,0.0367,,,,,,,
23.4650,10,3,8.9975,32.4615,converged,3807.44,73715.12,-2.6983,0.00,0.0000,0.0092,0.0019,,,,,,,
49.5464,7,3,9.8035,59.3496,converged,3807.44,73715.12,-2.6983,0.00,0.0000,0.0123,0.0054,,,,,,,
46.7360,7,3,8.8020,55.5381,converged,3807.44,73715.12,-2.6983,0.00,0.0000,0.0124,0.0048,,,,,,,
26.1559,10,3,10.2794,36.4345,converged,3807.44,73715.12,-2.6983,0.00,0.0000,0.0107,0.0042,,,,,,,
23.5761,10,3,9.3545,32.9306,converged,3807.44,73715.12,-2.6983,0.00,0.0000,0.0102,0.0043,,,,,,,
