jitter_ms,planned_steps,actual_steps,denoise_ms,total_cycle_ms,stop_reason,ego_x,ego_y,ego_yaw,ego_vx,delta_0,delta_1,delta_2,delta_3,delta_4,delta_5,delta_6,delta_7,delta_8,delta_9
48.1586,7,7,29.943,78.101,completed,3641.81,73717.62,-2.0579,0.00,0.0000,0.0969,0.2637,0.2217,0.8220,0.8485,0.3809,,,
42.0790,8,8,30.6743,72.7523,completed,3641.81,73717.62,-2.0579,0.00,0.0000,0.0802,0.1016,0.4390,0.3267,0.9076,0.5488,0.2719,,
31.4501,10,10,36.1746,67.6247,completed,3641.81,73717.62,-2.0579,0.00,0.0000,0.0939,0.1339,0.3532,1.2326,1.5998,2.1834,1.3080,0.4391,0.2117
22.5192,10,10,32.4919,55.0109,completed,3641.81,73717.62,-2.0579,0.00,0.0000,0.1728,0.2649,0.4717,1.1250,0.7913,0.6897,0.3184,0.1694,0.1852
36.9902,9,9,30.3632,67.3533,completed,3641.81,73717.62,-2.0579,0.00,0.0000,0.1469,0.1802,0.3029,0.6898,0.3729,0.4085,0.5131,0.2674,
25.7777,10,3,9.8457,35.6227,converged,3641.81,73717.62,-2.0579,0.00,0.0000,0.0765,0.0839,,,,,,,
46.9215,7,7,23.0734,69.9944,completed,3641.81,73717.62,-2.0579,0.00,0.0000,0.1818,0.4960,3.1260,3.0606,1.4481,0.4853,,,
49.7061,7,7,28.5000,78.2061,completed,3641.81,73717.62,-2.0579,0.00,0.0000,0.1322,0.2090,0.9393,0.8749,0.3608,0.3174,,,
44.9852,8,8,37.5353,82.5203,completed,3641.81,73717.62,-2.0579,0.00,0.0000,0.1317,0.2169,1.4132,1.4850,2.2578,0.6815,0.2381,,
23.6837,10,3,12.9975,36.6805,converged,3641.81,73717.62,-2.0579,0.00,0.0000,0.0767,0.0978,,,,,,,
42.7425,8,8,30.1807,72.9227,completed,3641.81,73717.62,-2.0579,0.00,0.0000,0.1211,0.3578,1.8603,3.4229,2.3547,0.6375,0.1699,,
25.0854,10,10,35.3881,60.4732,completed,3641.81,73717.62,-2.0579,0.00,0.0000,0.1014,0.1384,0.3238,0.7539,0.4214,0.2629,0.4343,0.2154,0.2057
41.1416,8,4,12.6219,53.7630,converged,3641.81,73717.62,-2.0579,0.00,0.0000,0.0602,0.1015,0.0670,,,,,,
58.5622,5,5,17.3424,75.9045,completed,3641.81,73717.62,-2.0579,0.00,0.0000,0.1281,0.3766,1.1461,0.5557,,,,,
33.8054,10,10,31.9572,65.7622,completed,3641.81,73717.62,-2.0579,0.00,0.0000,0.1165,0.1578,0.3586,1.0075,0.1148,0.5557,0.2591,0.2096,0.2270
57.5019,6,6,20.3260,77.8270,completed,3641.81,73717.62,-2.0579,0.00,0.0000,0.1596,0.7016,2.2084,2.6382,1.0687,,,,
46.0449,7,7,24.2808,70.3249,completed,3641.81,73717.62,-2.0579,0.00,0.0000,0.1073,0.1112,0.7906,1.0073,0.5334,0.2725,,,
34.4592,9,9,29.9014,64.3604,completed,3641.81,73717.62,-2.0579,0.00,0.0000,0.1117,0.1571,0.6299,1.2728,0.4668,0.3549,0.1300,0.2248,
28.3525,10,3,8.8979,37.2499,converged,3641.81,73717.62,-2.0579,0.00,0.0000,0.0706,0.0745,,,,,,,
27.2509,10,10,30.8574,58.1074,completed,3641.81,73717.62,-2.0579,0.00,0.0000,0.1518,0.1705,0.3748,1.0461,0.7403,0.4466,0.4348,0.2519,0.2459
44.0057,8,8,28.0885,72.0936,completed,3641.81,73717.62,-2.0579,0.00,0.0000,0.1071,0.1649,0.8109,0.5080,0.2569,0.1768,0.1759,,
59.9092,5,5,18.3973,78.3063,completed,3641.81,73717.62,-2.0579,0.00,0.0000,0.2137,0.7466,0.5972,0.3473,,,,,
21.9474,10,3,10.5959,32.5429,converged,3641.81,73717.62,-2.0579,0.00,0.0000,0.0572,0.0709,,,,,,,
47.3308,7,7,23.0117,70.3417,completed,3641.81,73717.62,-2.0579,0.00,0.0000,0.1358,0.1844,1.0492,1.0011,0.7335,0.2800,,,
55.9514,6,6,20.8935,76.8445,completed,3641.81,73717.62,-2.0579,0.00,0.0000,0.1612,0.4801,0.5175,0.6113,0.3301,,,,
49.9626,7,7,24.4868,74.4489,completed,3641.81,73717.62,-2.0579,0.00,0.0000,0.3202,0.4267,0.2489,0.5888,0.3626,0.2171,,,
40.4195,8,8,25.6043,66.0233,completed,3641.81,73717.62,-2.0579,0.00,0.0000,0.0992,0.2429,0.9013,2.0124,1.9747,1.0421,0.2415,,
21.0648,10,10,31.0037,52.0689,completed,3641.81,73717.62,-2.0579,0.00,0.0000,0.3977,0.6669,0.6623,0.4068,0.2240,0.9778,0.5725,0.2782,0.1495
24.9439,10,10,29.3189,54.2619,converged,3641.81,73717.62,-2.0579,0.00,0.0000,0.2042,0.4213,0.2195,0.8181,1.1269,0.9600,0.5587,0.1159,0.0448
51.8397,7,7,23.4820,75.3211,completed,3641.81,73717.62,-2.0579,0.00,0.0000,0.1309,0.2879,2.3040,2.8465,1.9577,0.6980,,,
21.6360,10,3,9.0476,30.6837,converged,3641.81,73717.62,-2.0579,0.00,0.0000,0.0589,0.0717,,,,,,,
58.8612,5,5,19.4046,78.2656,completed,3641.81,73717.62,-2.0579,0.00,0.0000,0.1318,1.7917,1.7340,0.7256,,,,,
45.5229,8,8,25.5514,71.0735,completed,3641.81,73717.62,-2.0579,0.00,0.0000,0.0754,0.1203,0.9857,0.1758,0.9182,0.4431,0.2954,,
30.4700,10,10,31.2109,61.6799,completed,3641.81,73717.62,-2.0579,0.00,0.0000,0.0799,0.1064,0.4060,1.7955,3.3089,2.9323,1.1319,0.3250,0.1524
21.5365,10,3,8.7389,30.2749,converged,3641.81,73717.62,-2.0579,0.00,0.0000,0.0637,0.0727,,,,,,,
41.0383,8,8,37.0007,78.0388,completed,3641.81,73717.62,-2.0579,0.00,0.0000,0.0825,0.1126,0.5998,0.4894,1.0093,0.7335,0.2500,,
45.2497,8,8,26.5922,71.8413,completed,3641.81,73717.62,-2.0579,0.00,0.0000,0.1107,0.1690,1.0739,1.4970,0.7773,0.3304,0.1728,,
46.6972,7,7,22.2946,68.9917,completed,3641.81,73717.62,-2.0579,0.00,0.0000,0.1159,0.2341,1.0827,0.1748,0.2852,0.2513,,,
23.5555,10,3,8.9286,32.4836,converged,3641.81,73717.62,-2.0579,0.00,0.0000,0.0658,0.0836,,,,,,,
29.7009,10,10,30.9538,60.6538,completed,3641.81,73717.62,-2.0579,0.00,0.0000,0.0611,0.1406,0.1856,0.1258,0.5663,1.1916,0.5505,0.3135,0.1999
47.3651,7,7,31.0316,78.3966,completed,3641.81,73717.62,-2.0579,0.00,0.0000,0.0848,0.1220,0.8633,0.8848,0.3684,0.2908,,,
59.6373,5,5,18.4103,78.0474,completed,3641.81,73717.62,-2.0579,0.00,0.0000,0.1633,0.9064,0.5916,0.6322,,,,,
39.5780,9,9,38.7036,78.2816,completed,3641.81,73717.62,-2.0579,0.00,0.0000,0.1008,0.1387,0.4313,1.1632,0.2503,0.4454,0.2665,0.1986,
26.9706,10,3,12.3352,39.3053,converged,3641.81,73717.62,-2.0579,0.00,0.0000,0.0583,0.0795,,,,,,,
32.9082,10,10,33.9225,66.8305,completed,3641.81,73717.62,-2.0579,0.00,0.0000,0.0820,0.1148,0.3868,1.4706,1.1145,1.0913,0.2753,0.2323,0.1426
29.1570,10,3,9.7274,38.8845,converged,3641.81,73717.62,-2.0579,0.00,0.0000,0.0690,0.0877,,,,,,,
47.9502,7,6,17.2743,65.2243,converged,3641.81,73717.62,-2.0579,0.00,0.0000,0.1993,1.1727,24.9396,3.7485,0.0228,,,,
40.5380,8,8,31.3815,71.9186,completed,3641.81,73717.62,-2.0579,0.00,0.0000,0.0723,0.1202,0.2132,0.4081,1.5027,0.7267,0.3448,,
30.0157,10,10,32.4478,62.4629,completed,3641.81,73717.62,-2.0579,0.02,0.0000,0.0680,0.1115,0.1024,0.4531,0.5037,1.2244,0.5019,0.2889,0.2106
55.0359,6,6,21.4629,76.4979,completed,3641.81,73717.62,-2.0579,0.02,0.0000,0.2019,0.7919,1.5750,1.0088,0.5538,,,,
23.7280,10,4,13.8099,37.5379,converged,3641.80,73717.61,-2.0577,0.08,0.0000,0.0693,0.1430,0.0900,,,,,,
39.9206,9,9,30.2551,70.1752,completed,3641.80,73717.61,-2.0577,0.08,0.0000,0.0939,0.1125,0.3986,0.7859,0.3915,0.1994,0.2718,0.1818,
20.8313,10,3,9.6257,30.4567,converged,3641.79,73717.58,-2.0574,0.16,0.0000,0.0571,0.0744,,,,,,,
21.0470,10,9,27.2661,48.3131,converged,3641.79,73717.58,-2.0574,0.16,0.0000,0.1245,0.2083,0.8292,7.9137,20.8235,2.6594,0.1199,0.0348,
28.5470,10,3,10.3479,38.8939,converged,3641.77,73717.54,-2.0567,0.27,0.0000,0.0723,0.0794,,,,,,,
58.1054,5,5,17.6220,75.7270,completed,3641.77,73717.54,-2.0567,0.27,0.0000,0.1209,0.5443,0.4611,0.7292,,,,,
24.7870,10,3,9.1798,33.9668,converged,3641.74,73717.48,-2.0554,0.40,0.0000,0.0397,0.0961,,,,,,,
40.3452,8,8,36.4610,76.8060,completed,3641.74,73717.48,-2.0554,0.40,0.0000,0.0565,0.1194,0.1742,0.5147,0.5468,0.4758,0.3012,,
50.4362,7,7,24.4969,74.9329,completed,3641.69,73717.38,-2.0537,0.55,0.0000,0.1139,0.2433,0.8606,1.7132,0.7149,0.1479,,,
44.2482,8,8,27.0540,71.3020,completed,3641.69,73717.38,-2.0537,0.55,0.0000,0.1827,0.3149,0.2175,0.2340,1.4517,0.7740,0.4099,,
33.0008,10,3,8.9467,41.9467,converged,3641.61,73717.24,-2.0514,0.74,0.0000,0.0917,0.0670,,,,,,,
52.8328,6,6,20.1764,73.0084,completed,3641.61,73717.24,-2.0514,0.74,0.0000,0.1388,0.3817,1.8131,1.2913,0.4110,,,,
25.6758,10,10,31.8834,57.5585,completed,3641.52,73717.07,-2.0484,0.93,0.0000,0.0409,0.1250,0.1050,0.1371,0.2898,0.2213,0.1684,0.2834,0.2503
41.4207,8,8,28.2760,69.6960,completed,3641.52,73717.07,-2.0484,0.93,0.0000,0.0752,0.1763,0.1726,0.6075,0.3167,0.5176,0.2733,,
29.0263,10,3,10.1999,39.2259,converged,3641.40,73716.84,-2.0432,1.18,0.0000,0.0361,0.0810,,,,,,,
59.3096,5,3,9.2216,68.5306,converged,3641.40,73716.84,-2.0432,1.18,0.0000,0.1849,0.0893,,,,,,,
22.9035,10,4,12.2532,35.1562,converged,3641.27,73716.58,-2.0371,1.41,0.0000,0.0532,0.1200,0.0712,,,,,,
41.9983,8,8,25.6955,67.6935,completed,3641.27,73716.58,-2.0371,1.41,0.0000,0.0801,0.1996,0.2807,0.4247,0.7584,0.5435,0.2195,,
25.2486,10,6,16.9807,42.2287,converged,3641.12,73716.27,-2.0297,1.68,0.0000,0.0697,0.1628,0.1470,0.2932,0.0891,,,,
33.0787,10,10,30.6958,63.7739,completed,3641.12,73716.27,-2.0297,1.68,0.0000,0.1472,0.2664,0.2250,0.3617,0.2032,0.6976,0.6568,0.4700,0.3291
31.5936,10,10,32.7635,64.3565,completed,3640.94,73715.90,-2.0227,1.98,0.0000,0.1032,0.2271,0.2246,0.1473,0.6526,0.3868,0.8014,0.3953,0.2369
38.4897,9,4,12.6309,51.1199,converged,3640.94,73715.90,-2.0227,1.98,0.0000,0.0582,0.1580,0.0669,,,,,,
54.1347,6,6,20.4090,74.5431,completed,3640.73,73715.47,-2.0158,2.26,0.0000,0.1954,0.1999,1.1538,1.6348,0.5175,,,,
56.4151,6,6,21.9169,78.3320,completed,3640.73,73715.47,-2.0158,2.26,0.0000,0.2493,0.4027,0.4298,0.9260,0.6544,,,,
45.5094,8,8,28.9653,74.4743,completed,3640.44,73714.87,-2.0066,2.58,0.0000,0.1852,0.3580,0.2363,0.4320,0.8323,1.1990,0.5419,,
23.8549,10,10,33.2477,57.1018,completed,3640.44,73714.87,-2.0066,2.58,0.0000,0.1231,0.2505,0.1476,0.2348,0.9686,1.2057,0.7006,0.2270,0.1832
28.7356,10,10,32.3235,61.0585,completed,3640.16,73714.25,-1.9971,2.80,0.0000,0.1179,0.2431,0.1660,0.2350,0.5914,0.8703,1.1052,0.4811,0.2311
34.8503,9,9,29.8396,64.6897,completed,3640.16,73714.25,-1.9971,2.80,0.0000,0.1904,0.3644,0.1929,0.2619,0.5091,0.8273,0.5637,0.2955,
33.4487,10,10,34.4749,67.9230,completed,3639.90,73713.66,-1.9889,2.99,0.0000,0.2695,0.4704,0.3930,0.1826,0.4980,0.9879,1.5530,1.1016,0.5112
51.2049,7,7,24.4349,75.6390,completed,3639.90,73713.66,-1.9889,2.99,0.0000,0.1833,0.2633,0.4885,1.5763,1.0572,0.2049,,,
59.4003,5,5,16.9273,76.3273,completed,3639.56,73712.88,-1.9767,3.18,0.0000,0.5804,0.2522,1.4422,0.6041,,,,,
25.6028,10,10,31.3350,56.9371,completed,3639.56,73712.88,-1.9767,3.18,0.0000,0.2533,0.3922,0.2397,0.2995,0.7815,0.1357,0.7455,0.4843,0.3344
53.2092,6,6,21.6464,74.8555,completed,3639.24,73712.13,-1.9650,3.38,0.0000,0.5832,0.2350,1.3765,1.6751,0.7606,,,,
22.6639,10,10,34.0579,56.7209,completed,3639.24,73712.13,-1.9650,3.38,0.0000,0.3021,0.4466,0.2489,0.3273,0.4443,0.6871,1.1300,0.7698,0.4021
53.7324,6,6,19.2607,72.9927,completed,3638.94,73711.40,-1.9554,3.63,0.0000,0.5359,0.3745,1.1800,1.3598,0.7455,,,,
25.4065,10,10,34.7851,60.1912,completed,3638.94,73711.40,-1.9554,3.63,0.0000,0.3668,0.5000,0.3025,0.1257,0.3303,1.1956,1.5042,1.1228,0.5205
32.5859,10,10,33.5223,66.1074,completed,3638.59,73710.52,-1.9455,3.92,0.0000,0.4555,0.5938,0.3539,0.2712,0.5438,1.0114,1.3456,0.9593,0.4965
50.4420,7,7,25.9826,76.4247,completed,3638.59,73710.52,-1.9455,3.92,0.0000,0.6030,0.5757,0.4066,0.7356,1.4419,0.8077,,,
51.9456,7,7,30.3541,82.2992,completed,3638.22,73709.57,-1.9359,4.22,0.0000,0.6920,0.7049,0.2788,0.7045,1.5168,0.8687,,,
23.6888,10,10,30.0493,53.7373,completed,3638.22,73709.57,-1.9359,4.22,0.0000,0.3941,0.5033,0.3077,0.2240,0.4061,1.0573,1.5085,0.8617,0.4348
43.6282,8,8,27.3563,70.9844,completed,3637.83,73708.55,-1.9257,4.54,0.0000,0.4940,0.6026,0.2530,1.1466,1.1602,1.0681,0.6421,,
52.8412,6,6,21.3852,74.2263,completed,3637.83,73708.55,-1.9257,4.54,0.0000,0.7389,0.4887,0.5572,1.1950,0.7014,,,,
50.3589,7,7,22.8831,73.2412,completed,3637.39,73707.33,-1.9125,4.91,0.0000,0.4369,0.4954,0.4680,0.5793,0.7428,0.4326,,,
24.0431,10,10,31.5294,55.5725,completed,3637.39,73707.33,-1.9125,4.91,0.0000,0.3589,0.4860,0.2986,0.2751,0.5880,0.6141,0.8902,0.7515,0.3908
33.9858,10,10,36.6402,70.6253,completed,3636.98,73706.13,-1.8996,5.20,0.0000,0.3002,0.4259,0.2337,0.3011,0.2986,0.5490,0.7030,0.5801,0.4067
34.4584,9,9,29.9422,64.4002,completed,3636.98,73706.13,-1.8996,5.20,0.0000,0.4159,0.5571,0.2149,0.4044,0.4232,0.9998,0.9494,0.5212,
24.3640,10,10,32.1450,56.5090,completed,3636.55,73704.87,-1.8876,5.47,0.0000,0.3348,0.4060,0.2139,0.3074,0.6631,0.8028,0.8127,0.3440,0.2205
20.5877,10,10,32.4450,53.0321,completed,3636.55,73704.87,-1.8876,5.47,0.0000,0.3210,0.4169,0.2482,0.3451,0.7222,0.3707,0.9545,0.8488,0.4308
27.2807,10,10,30.7344,58.0144,completed,3636.17,73703.67,-1.8766,5.72,0.0000,0.3599,0.4519,0.2335,0.2031,0.3523,1.3075,1.4399,1.0424,0.4122
47.1359,7,7,24.9096,72.0446,completed,3636.17,73703.67,-1.8766,5.72,0.0000,0.5499,0.5033,0.2452,0.3080,1.2435,0.5940,,,
20.8061,10,10,33.0960,53.9020,completed,3635.74,73702.27,-1.8613,5.99,0.0000,0.2616,0.3387,0.1512,0.4373,0.4915,0.5408,0.3721,0.2216,0.2261
24.0734,10,10,36.5569,60.6299,completed,3635.74,73702.27,-1.8613,5.99,0.0000,0.2434,0.3065,0.1682,0.4754,2.3124,4.5616,1.2771,0.3607,0.2068
24.8845,10,10,35.3409,60.2249,completed,3635.35,73700.95,-1.8475,6.22,0.0000,0.2412,0.3221,0.1789,0.3098,0.3159,0.5707,0.6553,0.3056,0.2512
43.1566,8,8,25.0778,68.2339,completed,3635.35,73700.95,-1.8475,6.22,0.0000,0.3858,0.3810,0.1590,0.5905,0.7570,0.5597,0.3035,,
27.5853,10,4,12.0629,39.6480,converged,3634.93,73699.42,-1.8336,6.48,0.0000,0.2057,0.2573,0.0838,,,,,,
47.2806,7,7,23.9922,71.2723,completed,3634.93,73699.42,-1.8336,6.48,0.0000,0.4206,0.3754,0.3394,0.5255,1.4594,0.7985,,,
46.5194,7,5,15.1930,61.7121,converged,3634.55,73697.99,-1.8195,6.68,0.0000,0.3088,0.2484,0.4629,0.0774,,,,,
27.8064,10,10,31.3154,59.1215,completed,3634.55,73697.99,-1.8195,6.68,0.0000,0.2229,0.3007,0.2040,0.2273,0.6475,0.1254,0.3993,0.2866,0.1701
25.0456,10,4,13.0743,38.1193,converged,3634.15,73696.34,-1.8041,6.91,0.0000,0.1051,0.1261,0.0242,,,,,,
21.1418,10,4,11.9265,33.0675,converged,3634.15,73696.34,-1.8041,6.91,0.0000,0.1255,0.1439,0.0611,,,,,,
36.5190,9,4,12.0392,48.5583,converged,3633.87,73695.15,-1.7927,7.04,0.0000,0.1056,0.1190,0.0979,,,,,,
55.9775,6,3,9.2862,65.2632,converged,3633.87,73695.15,-1.7927,7.04,0.0000,0.1846,0.0652,,,,,,,
31.1903,10,3,8.9779,40.1680,converged,3633.53,73693.59,-1.7792,7.15,0.0000,0.0601,0.0832,,,,,,,
39.6649,9,4,12.1098,51.7738,converged,3633.53,73693.59,-1.7792,7.15,0.0000,0.0868,0.1188,0.0333,,,,,,
44.8854,8,3,8.6869,53.5719,converged,3633.24,73692.18,-1.7656,7.20,0.0000,0.0216,0.0444,,,,,,,
44.4920,8,4,12.5844,57.0765,converged,3633.24,73692.18,-1.7656,7.20,0.0000,0.0861,0.1050,0.0995,,,,,,
35.0923,9,3,12.5025,47.5946,converged,3632.94,73690.59,-1.7502,7.23,0.0000,0.0332,0.0574,,,,,,,
51.0423,7,7,25.2996,76.3417,completed,3632.94,73690.59,-1.7502,7.23,0.0000,0.1222,0.1167,0.3219,0.2814,0.4042,0.2690,,,
35.2474,9,3,8.8831,44.1301,converged,3632.64,73688.81,-1.7336,7.22,0.0000,0.0115,0.0231,,,,,,,
40.4559,8,3,8.7935,49.2486,converged,3632.64,73688.81,-1.7336,7.22,0.0000,0.0824,0.0880,,,,,,,
52.3516,6,3,8.8988,61.2499,converged,3632.41,73687.38,-1.7212,7.20,0.0000,0.0916,0.0294,,,,,,,
48.1602,7,7,22.9918,71.1518,completed,3632.41,73687.38,-1.7212,7.20,0.0000,0.1785,0.1137,0.1883,0.2756,0.9801,0.5521,,,
33.9796,10,4,15.5684,49.5475,converged,3632.16,73685.61,-1.7045,7.14,0.0000,0.0870,0.1209,0.0345,,,,,,
41.8298,8,4,15.1293,56.9583,converged,3632.16,73685.61,-1.7045,7.14,0.0000,0.0910,0.1461,0.0640,,,,,,
30.2438,10,3,10.1468,40.3898,converged,3631.96,73684.02,-1.6883,7.05,0.0000,0.0610,0.0925,,,,,,,
51.9887,7,3,9.1355,61.1236,converged,3631.96,73684.02,-1.6883,7.05,0.0000,0.0972,0.0888,,,,,,,
54.9575,6,3,9.5792,64.5363,converged,3631.78,73682.46,-1.6726,6.95,0.0000,0.0701,0.0635,,,,,,,
25.3888,10,4,11.6879,37.0759,converged,3631.78,73682.46,-1.6726,6.95,0.0000,0.0646,0.1047,0.0610,,,,,,
33.4479,10,3,8.8484,42.2954,converged,3631.65,73681.08,-1.6581,6.84,0.0000,0.0278,0.0441,,,,,,,
43.6581,8,4,11.9238,55.5818,converged,3631.65,73681.08,-1.6581,6.84,0.0000,0.0909,0.1544,0.0921,,,,,,
59.9916,5,5,19.3875,79.3785,completed,3631.53,73679.56,-1.6445,6.73,0.0000,0.1192,0.2194,1.1217,0.9272,,,,,
56.0698,6,6,21.0925,77.1616,completed,3631.53,73679.56,-1.6445,6.73,0.0000,0.0862,0.1102,0.2697,1.3107,0.5230,,,,
34.1910,9,4,11.3213,45.5124,converged,3631.41,73677.73,-1.6284,6.64,0.0000,0.1061,0.1203,0.0725,,,,,,
40.4144,8,3,9.0629,49.4769,converged,3631.41,73677.73,-1.6284,6.64,0.0000,0.0438,0.0567,,,,,,,
47.1669,7,3,9.4069,56.5730,converged,3631.34,73676.41,-1.6161,6.59,0.0000,0.0712,0.0661,,,,,,,
43.0992,8,3,9.1728,52.2718,converged,3631.34,73676.41,-1.6161,6.59,0.0000,0.0239,0.0258,,,,,,,
44.7766,8,3,8.8652,53.6412,converged,3631.29,73674.93,-1.5994,6.52,0.0000,0.0908,0.0326,,,,,,,
21.7257,10,3,8.7614,30.4865,converged,3631.29,73674.93,-1.5994,6.52,0.0000,0.0170,0.0152,,,,,,,
30.6103,10,3,9.8381,40.4482,converged,3631.26,73673.64,-1.5835,6.43,0.0000,0.0735,0.0372,,,,,,,
29.9588,10,3,10.0583,40.0163,converged,3631.26,73673.64,-1.5835,6.43,0.0000,0.0087,0.0262,,,,,,,
44.3840,8,8,24.7331,69.1161,completed,3631.25,73672.36,-1.5722,6.36,0.0000,0.0240,0.1277,0.4782,0.3715,1.3867,0.1766,0.1242,,
54.0294,6,6,21.1121,75.1412,completed,3631.25,73672.36,-1.5722,6.36,0.0000,0.0610,0.1023,0.3568,1.4213,0.3197,,,,
49.1297,7,7,23.6549,72.7839,completed,3631.26,73670.77,-1.5605,6.31,0.0000,0.0316,0.2472,0.4956,1.5945,0.6074,0.3869,,,
23.9016,10,3,9.2783,33.1794,converged,3631.26,73670.77,-1.5605,6.31,0.0000,0.0385,0.0165,,,,,,,
44.9841,8,3,8.8606,53.8446,converged,3631.28,73669.36,-1.5493,6.28,0.0000,0.0718,0.0491,,,,,,,
42.6825,8,3,8.7214,51.4034,converged,3631.28,73669.36,-1.5493,6.28,0.0000,0.0417,0.0249,,,,,,,
30.8482,10,3,8.7453,39.5933,converged,3631.32,73667.95,-1.5354,6.24,0.0000,0.0862,0.0638,,,,,,,
31.8123,10,3,8.6981,40.5101,converged,3631.32,73667.95,-1.5354,6.24,0.0000,0.0283,0.0119,,,,,,,
41.1394,8,8,28.1930,69.3320,completed,3631.37,73666.86,-1.5238,6.18,0.0000,0.0236,0.1374,0.4154,0.3237,0.3924,0.5325,0.1562,,
27.3387,10,3,9.2975,36.6355,converged,3631.37,73666.86,-1.5238,6.18,0.0000,0.0542,0.0615,,,,,,,
28.0421,10,3,8.9508,36.9928,converged,3631.44,73665.49,-1.5115,6.09,0.0000,0.0360,0.0148,,,,,,,
36.9388,9,3,9.5168,46.4548,converged,3631.44,73665.49,-1.5115,6.09,0.0000,0.0546,0.0420,,,,,,,
52.0543,6,6,21.4667,73.5208,completed,3631.52,73664.28,-1.5018,5.97,0.0000,0.0340,0.4222,0.2805,0.5078,0.4889,,,,
47.6824,7,7,22.0557,69.7377,converged,3631.52,73664.28,-1.5018,5.97,0.0000,0.0314,0.1973,0.3058,1.2731,0.2160,0.0428,,,
27.8241,10,3,9.7386,37.5626,converged,3631.64,73662.67,-1.4903,5.80,0.0000,0.0550,0.0366,,,,,,,
21.2316,10,3,9.6454,30.8764,converged,3631.64,73662.67,-1.4903,5.80,0.0000,0.0253,0.0453,,,,,,,
57.0168,6,6,20.7973,77.8133,completed,3631.72,73661.67,-1.4832,5.68,0.0000,0.0625,0.3525,0.7185,0.6044,0.5646,,,,
31.8188,10,3,9.3664,41.1845,converged,3631.72,73661.67,-1.4832,5.68,0.0000,0.0603,0.0549,,,,,,,
37.2034,9,3,8.8847,46.0877,converged,3631.85,73660.27,-1.4749,5.53,0.0000,0.0222,0.0748,,,,,,,
59.7602,5,5,19.6165,79.3765,completed,3631.85,73660.27,-1.4749,5.53,0.0000,0.0167,0.4540,0.2474,0.8504,,,,,
20.3522,10,3,9.6965,30.0486,converged,3631.99,73658.91,-1.4677,5.42,0.0000,0.0197,0.0391,,,,,,,
28.2935,10,3,11.8379,40.1310,converged,3631.99,73658.91,-1.4677,5.42,0.0000,0.0192,0.0903,,,,,,,
37.3172,9,3,9.4401,46.7572,converged,3632.10,73657.84,-1.4619,5.35,0.0000,0.0270,0.0830,,,,,,,
34.4467,9,3,9.4630,43.9090,converged,3632.10,73657.84,-1.4619,5.35,0.0000,0.0178,0.0866,,,,,,,
52.1224,6,6,19.3128,71.4348,converged,3632.22,73656.78,-1.4574,5.27,0.0000,0.0630,0.5104,0.3351,0.5993,0.0984,,,,
43.4968,8,8,28.1512,71.6472,completed,3632.22,73656.78,-1.4574,5.27,0.0000,0.0388,0.1230,0.3321,1.0934,0.9365,0.4725,0.4153,,
37.3740,9,3,11.1328,48.5058,converged,3632.38,73655.36,-1.4537,5.17,0.0000,0.0429,0.0611,,,,,,,
45.1170,8,8,27.1868,72.3028,completed,3632.38,73655.36,-1.4537,5.17,0.0000,0.0181,0.1140,0.3904,0.9637,0.5996,0.3262,0.4057,,
28.5307,10,3,13.1520,41.6821,converged,3632.52,73654.21,-1.4515,5.09,0.0000,0.0165,0.0679,,,,,,,
21.3844,10,3,9.4126,30.7966,converged,3632.52,73654.21,-1.4515,5.09,0.0000,0.0420,0.0456,,,,,,,
41.6606,8,8,25.5108,67.1708,completed,3632.64,73653.21,-1.4501,5.03,0.0000,0.0646,0.1836,0.1930,0.9238,0.5828,0.2628,0.3705,,
41.7823,8,8,25.3246,67.1066,completed,3632.64,73653.21,-1.4501,5.03,0.0000,0.0319,0.1166,0.4422,0.7448,0.4191,0.1801,0.3781,,
49.6120,7,7,26.3013,75.9123,completed,3632.79,73651.97,-1.4489,4.98,0.0000,0.0649,0.1795,0.4809,0.9849,0.1244,0.3243,,,
25.5159,10,10,33.5991,59.1141,completed,3632.79,73651.97,-1.4489,4.98,0.0000,0.0593,0.1347,0.3542,0.4131,0.4380,0.4119,0.3181,0.1824,0.2620
25.9837,10,10,33.0423,59.0253,completed,3632.96,73650.62,-1.4485,4.88,0.0000,0.0559,0.1079,0.1861,0.1149,0.5687,0.9559,0.8658,0.5589,0.2653
51.9730,7,7,22.8665,74.8385,completed,3632.96,73650.62,-1.4485,4.88,0.0000,0.1083,0.2706,0.1221,0.9177,0.3082,0.3443,,,
20.9126,10,10,31.5734,52.4854,completed,3633.09,73649.54,-1.4489,4.78,0.0000,0.0529,0.1101,0.1551,0.1590,0.5376,0.3520,0.1230,0.2125,0.2608
36.6809,9,9,30.2087,66.8888,completed,3633.09,73649.54,-1.4489,4.78,0.0000,0.0672,0.1338,0.1845,0.2525,0.7101,0.1983,0.2597,0.2833,
45.9697,8,4,13.0816,59.0506,converged,3633.23,73648.37,-1.4493,4.67,0.0000,0.0689,0.1425,0.0994,,,,,,
59.6211,5,5,17.3748,76.9958,completed,3633.23,73648.37,-1.4493,4.67,0.0000,0.1362,0.1644,0.4720,0.3038,,,,,
31.8358,10,3,9.2621,41.0971,converged,3633.37,73647.22,-1.4503,4.60,0.0000,0.0582,0.0837,,,,,,,
38.3352,9,9,32.5450,70.8800,completed,3633.37,73647.22,-1.4503,4.60,0.0000,0.0632,0.1359,0.1025,0.4397,0.7404,0.4928,0.3298,0.2290,
24.6468,10,3,8.9930,33.6390,converged,3633.50,73646.20,-1.4520,4.55,0.0000,0.0428,0.0657,,,,,,,
22.3773,10,3,9.1180,31.4951,converged,3633.50,73646.20,-1.4520,4.55,0.0000,0.0444,0.0603,,,,,,,
38.8287,9,3,8.7187,47.5467,converged,3633.59,73645.41,-1.4527,4.46,0.0000,0.0489,0.0749,,,,,,,
26.1640,10,3,8.6778,34.8418,converged,3633.59,73645.41,-1.4527,4.46,0.0000,0.0448,0.0507,,,,,,,
52.6157,6,6,22.9534,75.5685,completed,3633.69,73644.54,-1.4525,4.35,0.0000,0.0561,0.1185,0.2083,0.9641,0.5764,,,,
54.3790,6,6,20.0886,74.4667,completed,3633.69,73644.54,-1.4525,4.35,0.0000,0.0889,0.1171,0.3934,1.2502,0.8535,,,,
23.2656,10,3,9.2211,32.4862,converged,3633.83,73643.38,-1.4478,4.15,0.0000,0.0295,0.0652,,,,,,,
27.4954,10,3,9.5391,37.0341,converged,3633.83,73643.38,-1.4478,4.15,0.0000,0.0302,0.0467,,,,,,,
42.8431,8,8,26.4116,69.2547,completed,3633.94,73642.57,-1.4452,4.03,0.0000,0.0432,0.1012,0.1746,0.2142,0.2652,0.3676,0.3264,,
27.7174,10,3,9.0712,36.7882,converged,3633.94,73642.57,-1.4452,4.03,0.0000,0.0246,0.0456,,,,,,,
34.6030,9,3,8.6540,43.2571,converged,3634.05,73641.68,-1.4350,3.85,0.0000,0.0315,0.0668,,,,,,,
26.2882,10,3,9.4202,35.7083,converged,3634.05,73641.68,-1.4350,3.85,0.0000,0.0416,0.0667,,,,,,,
22.6781,10,3,9.2942,31.9722,converged,3634.16,73640.94,-1.4227,3.72,0.0000,0.0349,0.0603,,,,,,,
39.6925,9,3,9.1172,48.8093,converged,3634.16,73640.94,-1.4227,3.72,0.0000,0.0324,0.0551,,,,,,,
33.0544,10,3,9.3978,42.4519,converged,3634.26,73640.30,-1.4098,3.60,0.0000,0.0431,0.0920,,,,,,,
45.0564,8,3,8.8920,53.9480,converged,3634.26,73640.30,-1.4098,3.60,0.0000,0.0432,0.0736,,,,,,,
39.5609,9,3,9.3380,48.8981,converged,3634.38,73639.61,-1.3899,3.46,0.0000,0.0413,0.0905,,,,,,,
29.6763,10,3,8.9819,38.6579,converged,3634.38,73639.61,-1.3899,3.46,0.0000,0.0399,0.0436,,,,,,,
29.3236,10,3,9.0320,38.3550,converged,3634.51,73638.94,-1.3661,3.33,0.0000,0.0479,0.0465,,,,,,,
42.3356,8,3,9.9776,52.3127,converged,3634.51,73638.94,-1.3661,3.33,0.0000,0.0677,0.0675,,,,,,,
37.6303,9,3,8.7526,46.3827,converged,3634.67,73638.22,-1.3325,3.21,0.0000,0.0514,0.0460,,,,,,,
59.1349,5,5,17.7048,76.8389,completed,3634.67,73638.22,-1.3325,3.21,0.0000,0.0920,0.3513,0.7049,0.5989,,,,,
45.4010,8,4,12.6212,58.0212,converged,3634.85,73637.53,-1.2918,3.13,0.0000,0.1250,0.1573,0.0737,,,,,,
42.9959,8,8,27.4868,70.4819,completed,3634.85,73637.53,-1.2918,3.13,0.0000,0.0767,0.1610,0.4523,0.3065,0.3414,0.3387,0.3530,,
42.0675,8,3,9.2795,51.3465,converged,3635.08,73636.80,-1.2342,3.05,0.0000,0.0470,0.0524,,,,,,,
57.9979,6,3,9.3488,67.3458,converged,3635.08,73636.80,-1.2342,3.05,0.0000,0.0868,0.0949,,,,,,,
49.9212,7,3,10.5456,60.4666,converged,3635.32,73636.17,-1.1739,2.97,0.0000,0.0685,0.0394,,,,,,,
50.5956,7,3,13.8158,64.4108,converged,3635.32,73636.17,-1.1739,2.97,0.0000,0.0407,0.0437,,,,,,,
22.3228,10,3,9.6889,32.0110,converged,3635.63,73635.50,-1.0955,2.92,0.0000,0.0607,0.0712,,,,,,,
40.0724,8,4,13.5061,53.5782,converged,3635.63,73635.50,-1.0955,2.92,0.0000,0.0870,0.1167,0.0841,,,,,,
51.1450,7,3,8.8046,59.9487,converged,3635.92,73634.99,-1.0275,2.94,0.0000,0.0790,0.0621,,,,,,,
55.6048,6,3,9.4410,65.0450,converged,3635.92,73634.99,-1.0275,2.94,0.0000,0.0554,0.0501,,,,,,,
51.7346,7,3,8.9838,60.7178,converged,3636.33,73634.37,-0.9332,3.00,0.0000,0.0763,0.0646,,,,,,,
57.4410,6,3,9.0667,66.5068,converged,3636.33,73634.37,-0.9332,3.00,0.0000,0.0663,0.0366,,,,,,,
28.2015,10,3,8.9573,37.1583,converged,3636.76,73633.85,-0.8373,3.07,0.0000,0.0573,0.0713,,,,,,,
48.6306,7,7,26.9288,75.5589,completed,3636.76,73633.85,-0.8373,3.07,0.0000,0.0662,0.1431,0.2280,0.2473,0.1396,0.1870,,,
41.9888,8,8,25.8558,67.8438,completed,3637.26,73633.35,-0.7282,3.13,0.0000,0.0766,0.1077,0.1550,0.6422,0.7081,0.5076,0.2438,,
34.0088,9,9,28.0873,62.0953,completed,3637.26,73633.35,-0.7282,3.13,0.0000,0.0464,0.1117,0.1057,0.1945,0.2441,0.2085,0.2026,0.1667,
33.8618,10,3,8.8823,42.7433,converged,3637.88,73632.87,-0.5932,3.13,0.0000,0.0575,0.0698,,,,,,,
42.0863,8,8,25.5036,67.5897,completed,3637.88,73632.87,-0.5932,3.13,0.0000,0.0729,0.1317,0.1133,0.4412,1.5445,0.7574,0.3352,,
31.2037,10,3,9.5868,40.7898,converged,3638.47,73632.52,-0.4650,2.98,0.0000,0.0339,0.0686,,,,,,,
21.2684,10,3,9.6240,30.8920,converged,3638.47,73632.52,-0.4650,2.98,0.0000,0.0456,0.0804,,,,,,,
48.1133,7,3,9.0663,57.1793,converged,3638.94,73632.32,-0.3740,2.83,0.0000,0.0481,0.0641,,,,,,,
58.6729,5,5,18.6285,77.3006,completed,3638.94,73632.32,-0.3740,2.83,0.0000,0.1289,0.1118,0.3929,0.4820,,,,,
36.9636,9,4,12.5427,49.5057,converged,3639.58,73632.10,-0.2565,2.64,0.0000,0.0895,0.1681,0.0471,,,,,,
31.0866,10,4,12.5000,43.5860,converged,3639.58,73632.10,-0.2565,2.64,0.0000,0.0401,0.1005,0.0832,,,,,,
39.5999,9,3,9.3198,48.9188,converged,3640.09,73631.99,-0.1709,2.55,0.0000,0.0413,0.0602,,,,,,,
25.9014,10,4,13.9229,39.8240,converged,3640.09,73631.99,-0.1709,2.55,0.0000,0.0496,0.1051,0.0710,,,,,,
21.6565,10,4,13.0158,34.6719,converged,3640.59,73631.93,-0.0881,2.51,0.0000,0.0693,0.1060,0.0698,,,,,,
36.2657,9,3,9.1224,45.3874,converged,3640.84,73631.91,-0.0505,2.52,0.0000,0.0539,0.0687,,,,,,,
20.2826,10,3,9.2809,29.5629,converged,3640.84,73631.91,-0.0505,2.52,0.0000,0.0547,0.0797,,,,,,,
49.7658,7,3,8.9337,58.6987,converged,3641.35,73631.90,0.0199,2.58,0.0000,0.0421,0.0445,,,,,,,
52.2349,6,3,9.2286,61.4627,converged,3641.35,73631.90,0.0199,2.58,0.0000,0.0818,0.0895,,,,,,,
57.8684,6,6,20.1287,77.9967,completed,3642.01,73631.95,0.1035,2.70,0.0000,0.0430,0.1035,0.3537,0.4381,0.2763,,,,
34.7946,9,3,9.4226,44.2166,converged,3642.01,73631.95,0.1035,2.70,0.0000,0.0362,0.0320,,,,,,,
51.2920,7,3,9.3360,60.6270,converged,3642.62,73632.03,0.1736,2.82,0.0000,0.0480,0.0240,,,,,,,
43.2320,8,3,11.3178,54.5488,converged,3642.62,73632.03,0.1736,2.82,0.0000,0.0217,0.0210,,,,,,,
25.2322,10,3,10.7404,35.9724,converged,3643.25,73632.16,0.2423,2.89,0.0000,0.0299,0.0326,,,,,,,
57.1943,6,6,20.8953,78.0893,completed,3643.25,73632.16,0.2423,2.89,0.0000,0.0846,0.1246,0.4037,0.6781,0.2825,,,,
50.4715,7,3,8.8483,59.3193,converged,3643.89,73632.34,0.3108,2.96,0.0000,0.0621,0.0675,,,,,,,
29.8517,10,3,9.0604,38.9114,converged,3643.89,73632.34,0.3108,2.96,0.0000,0.0409,0.0583,,,,,,,
32.2161,10,3,9.1609,41.3769,converged,3644.52,73632.57,0.3698,3.04,0.0000,0.0632,0.0769,,,,,,,
26.1022,10,3,9.0747,35.1767,converged,3644.52,73632.57,0.3698,3.04,0.0000,0.0477,0.0932,,,,,,,
51.0613,7,7,23.1585,74.2195,completed,3645.02,73632.77,0.4043,3.08,0.0000,0.0733,0.1072,0.6145,1.1355,1.1942,0.4824,,,
45.6777,8,8,26.6922,72.3692,completed,3645.02,73632.77,0.4043,3.08,0.0000,0.0545,0.1530,0.2504,0.6994,0.3107,0.8333,0.3596,,
20.0952,10,4,12.1546,32.2496,converged,3645.81,73633.13,0.4543,3.24,0.0000,0.0800,0.1159,0.0799,,,,,,
58.6948,5,5,18.2296,76.9237,completed,3645.81,73633.13,0.4543,3.24,0.0000,0.1664,0.2230,0.3227,0.4767,,,,,
51.5417,7,7,22.8821,74.4231,completed,3646.47,73633.47,0.4852,3.35,0.0000,0.0451,0.1061,0.2270,0.3759,1.4859,0.7227,,,
40.9280,8,3,8.6452,49.5733,converged,3646.47,73633.47,0.4852,3.35,0.0000,0.0387,0.0561,,,,,,,
57.8549,6,6,20.9871,78.8411,completed,3647.14,73633.84,0.5142,3.44,0.0000,0.0543,0.1318,0.3502,0.3867,0.1692,,,,
36.4046,9,3,9.7774,46.1815,converged,3647.14,73633.84,0.5142,3.44,0.0000,0.0300,0.0422,,,,,,,
31.3731,10,3,10.0765,41.4496,converged,3647.89,73634.27,0.5371,3.49,0.0000,0.0396,0.0266,,,,,,,
40.2261,8,3,13.1584,53.3844,converged,3647.89,73634.27,0.5371,3.49,0.0000,0.0323,0.0464,,,,,,,
36.6565,9,3,9.3524,46.0085,converged,3648.49,73634.64,0.5495,3.54,0.0000,0.0330,0.0396,,,,,,,
56.5128,6,3,8.9594,65.4714,converged,3648.49,73634.64,0.5495,3.54,0.0000,0.0345,0.0713,,,,,,,
49.7493,7,7,23.0832,72.8322,completed,3649.18,73635.06,0.5513,3.69,0.0000,0.0774,0.1383,0.2155,0.7879,0.6497,0.6371,,,
47.6382,7,3,9.6323,57.2704,converged,3649.18,73635.06,0.5513,3.69,0.0000,0.0743,0.0346,,,,,,,
20.5153,10,3,9.5160,30.0310,converged,3650.00,73635.56,0.5459,3.96,0.0000,0.0116,0.0724,,,,,,,
47.3242,7,7,27.4822,74.8062,completed,3650.00,73635.56,0.5459,3.96,0.0000,0.0345,0.1047,0.4841,0.5407,0.1897,0.1812,,,
31.9195,10,3,9.7115,41.6305,converged,3650.79,73636.04,0.5398,4.24,0.0000,0.0297,0.0533,,,,,,,
31.5274,10,3,9.5256,41.0526,converged,3650.79,73636.04,0.5398,4.24,0.0000,0.0224,0.0479,,,,,,,
49.0490,7,3,9.3911,58.4392,converged,3651.54,73636.48,0.5348,4.48,0.0000,0.0557,0.0754,,,,,,,
25.9038,10,3,9.5064,35.4094,converged,3651.54,73636.48,0.5348,4.48,0.0000,0.0191,0.0418,,,,,,,
36.9501,9,3,10.0969,47.0469,converged,3652.33,73636.95,0.5295,4.72,0.0000,0.0120,0.0318,,,,,,,
22.8150,10,3,9.3843,32.1983,converged,3652.33,73636.95,0.5295,4.72,0.0000,0.0205,0.0364,,,,,,,
30.8320,10,3,9.2031,40.0342,converged,3653.17,73637.44,0.5236,5.00,0.0000,0.0658,0.0458,,,,,,,
51.4520,7,3,9.2368,60.6888,converged,3653.17,73637.44,0.5236,5.00,0.0000,0.0417,0.0656,,,,,,,
37.3870,9,3,9.5597,46.9457,converged,3654.06,73637.95,0.5175,5.24,0.0000,0.0469,0.0163,,,,,,,
33.2834,10,3,9.0879,42.3710,converged,3654.06,73637.95,0.5175,5.24,0.0000,0.0561,0.0356,,,,,,,
49.8414,7,3,9.2593,59.1003,converged,3654.99,73638.47,0.5116,5.44,0.0000,0.1380,0.0724,,,,,,,
27.2545,10,3,9.5157,36.7697,converged,3654.99,73638.47,0.5116,5.44,0.0000,0.0825,0.0710,,,,,,,
23.6005,10,3,9.5435,33.1436,converged,3656.08,73639.08,0.5054,5.62,0.0000,0.0996,0.0944,,,,,,,
49.4294,7,3,9.0918,58.5208,converged,3656.45,73639.29,0.5034,5.67,0.0000,0.1665,0.0949,,,,,,,
34.7130,9,4,11.7826,46.4956,converged,3656.45,73639.29,0.5034,5.67,0.0000,0.1334,0.1168,0.0482,,,,,,
29.1754,10,3,8.9277,38.1028,converged,3657.58,73639.90,0.4981,5.76,0.0000,0.1061,0.0993,,,,,,,
50.8159,7,3,9.3666,60.1817,converged,3657.58,73639.90,0.4981,5.76,0.0000,0.1569,0.0742,,,,,,,
35.0900,9,4,12.3739,47.4639,converged,3658.72,73640.52,0.4937,5.81,0.0000,0.1175,0.1013,0.0266,,,,,,
59.7152,5,5,18.5219,78.2369,completed,3658.72,73640.52,0.4937,5.81,0.0000,0.2804,0.1167,0.4996,0.4936,,,,,
23.4935,10,4,13.6046,37.0976,converged,3659.88,73641.14,0.4901,5.83,0.0000,0.0976,0.1055,0.0287,,,,,,
47.6159,7,4,12.2334,59.8485,converged,3659.88,73641.14,0.4901,5.83,0.0000,0.1446,0.1016,0.0701,,,,,,
29.0571,10,3,9.0204,38.0774,converged,3660.90,73641.69,0.4877,5.81,0.0000,0.0858,0.0811,,,,,,,
32.6078,10,4,12.8346,45.4416,converged,3660.90,73641.69,0.4877,5.81,0.0000,0.0870,0.1192,0.0488,,,,,,
46.9324,7,3,9.8849,56.8170,converged,3661.93,73642.23,0.4859,5.76,0.0000,0.1190,0.0545,,,,,,,
52.5918,6,3,9.0958,61.6868,converged,3661.93,73642.23,0.4859,5.76,0.0000,0.1558,0.0445,,,,,,,
40.5159,8,4,12.4342,52.9492,converged,3663.07,73642.83,0.4842,5.70,0.0000,0.0970,0.1421,0.0376,,,,,,
44.0020,8,4,11.5806,55.5826,converged,3663.07,73642.83,0.4842,5.70,0.0000,0.1176,0.1365,0.0664,,,,,,
47.1270,7,3,9.1817,56.3087,converged,3664.20,73643.42,0.4831,5.63,0.0000,0.0931,0.0849,,,,,,,
58.3503,5,3,9.1993,67.5494,converged,3664.20,73643.42,0.4831,5.63,0.0000,0.1638,0.0754,,,,,,,
30.5903,10,4,12.0364,42.6264,converged,3665.44,73644.07,0.4819,5.55,0.0000,0.0810,0.1018,0.0478,,,,,,
54.6574,6,4,13.8668,68.5238,converged,3665.44,73644.07,0.4819,5.55,0.0000,0.1558,0.1030,0.0689,,,,,,
29.3115,10,3,9.6224,38.9334,converged,3666.53,73644.65,0.4811,5.46,0.0000,0.0594,0.0931,,,,,,,
47.0289,7,6,18.5737,65.6018,converged,3666.53,73644.65,0.4811,5.46,0.0000,0.1356,0.1058,0.1666,0.1366,0.0787,,,,
43.2936,8,4,12.3194,55.6125,converged,3667.61,73645.21,0.4805,5.35,0.0000,0.0998,0.1295,0.0479,,,,,,
22.5660,10,4,11.7113,34.2773,converged,3667.61,73645.21,0.4805,5.35,0.0000,0.0750,0.1106,0.0628,,,,,,
24.2814,10,3,9.2107,33.4917,converged,3668.55,73645.70,0.4802,5.26,0.0000,0.0506,0.0949,,,,,,,
29.1024,10,3,8.9991,38.1011,converged,3668.55,73645.70,0.4802,5.26,0.0000,0.0658,0.0724,,,,,,,
41.4731,8,4,12.1834,53.6564,converged,3669.36,73646.12,0.4800,5.17,0.0000,0.0657,0.1033,0.0053,,,,,,
55.5139,6,6,20.2022,75.7153,completed,3669.36,73646.12,0.4800,5.17,0.0000,0.1094,0.1074,0.2132,0.1375,0.1091,,,,
22.6713,10,3,9.2707,31.9417,converged,3670.50,73646.71,0.4802,5.07,0.0000,0.0486,0.0860,,,,,,,
28.5656,10,4,11.6407,40.2057,converged,3670.50,73646.71,0.4802,5.07,0.0000,0.0683,0.1073,0.0562,,,,,,
47.2710,7,7,21.9418,69.2119,completed,3671.28,73647.12,0.4800,5.01,0.0000,0.0952,0.1131,0.1393,0.1516,0.1059,0.1461,,,
23.7506,10,3,8.9293,32.6794,converged,3671.28,73647.12,0.4800,5.01,0.0000,0.0604,0.0861,,,,,,,
29.8623,10,4,11.6407,41.5028,converged,3672.27,73647.63,0.4795,4.91,0.0000,0.0514,0.1017,0.0880,,,,,,
34.8977,9,3,10.0765,44.9736,converged,3672.27,73647.63,0.4795,4.91,0.0000,0.0530,0.0905,,,,,,,
28.6443,10,3,9.0298,37.6738,converged,3673.24,73648.14,0.4793,4.81,0.0000,0.0487,0.0680,,,,,,,
56.3185,6,3,9.6605,65.9785,converged,3673.24,73648.14,0.4793,4.81,0.0000,0.0835,0.0775,,,,,,,
30.5333,10,5,14.9438,45.4768,converged,3674.08,73648.58,0.4793,4.71,0.0000,0.0458,0.1081,0.1039,0.0170,,,,,
52.6027,6,3,9.1547,61.7567,converged,3674.08,73648.58,0.4793,4.71,0.0000,0.0857,0.0674,,,,,,,
29.4630,10,3,9.6648,39.1278,converged,3675.01,73649.06,0.4793,4.61,0.0000,0.0323,0.0577,,,,,,,
27.7069,10,3,9.7165,37.4225,converged,3675.01,73649.06,0.4793,4.61,0.0000,0.0387,0.0829,,,,,,,
49.7251,7,4,11.6301,61.3552,converged,3675.82,73649.48,0.4793,4.50,0.0000,0.0485,0.1331,0.0640,,,,,,
29.5742,10,3,10.6993,40.2734,converged,3675.82,73649.48,0.4793,4.50,0.0000,0.0266,0.0614,,,,,,,
52.9290,6,6,20.2205,73.1486,completed,3676.61,73649.89,0.4794,4.38,0.0000,0.0794,0.1971,0.1669,0.1670,0.1789,,,,
36.3921,9,3,9.9614,46.3534,converged,3676.61,73649.89,0.4794,4.38,0.0000,0.0394,0.0766,,,,,,,
46.9381,7,4,12.2495,59.1875,converged,3677.57,73650.39,0.4796,4.24,0.0000,0.0787,0.1141,0.0692,,,,,,
50.2343,7,4,12.0145,62.2486,converged,3677.57,73650.39,0.4796,4.24,0.0000,0.0542,0.1076,0.0125,,,,,,
37.7580,9,3,9.4947,47.2517,converged,3678.40,73650.82,0.4799,4.12,0.0000,0.0557,0.0967,,,,,,,
30.8752,10,3,9.8835,40.7585,converged,3678.40,73650.82,0.4799,4.12,0.0000,0.0195,0.0525,,,,,,,
24.2447,10,3,9.5513,33.7953,converged,3679.12,73651.20,0.4804,4.01,0.0000,0.0333,0.0592,,,,,,,
41.0182,8,3,9.3047,50.3228,converged,3679.12,73651.20,0.4804,4.01,0.0000,0.0291,0.0687,,,,,,,
53.1181,6,6,24.1089,77.2269,completed,3679.82,73651.56,0.4808,3.89,0.0000,0.1075,0.1739,0.1635,0.3588,0.2826,,,,
33.0941,10,3,9.7783,42.8723,converged,3679.82,73651.56,0.4808,3.89,0.0000,0.0270,0.0613,,,,,,,
32.8695,10,3,9.4513,42.3203,converged,3680.59,73651.96,0.4811,3.76,0.0000,0.0517,0.0737,,,,,,,
59.7732,5,3,9.2583,69.0313,converged,3680.92,73652.13,0.4814,3.70,0.0000,0.0821,0.0346,,,,,,,
20.4943,10,3,9.1780,29.6720,converged,3680.92,73652.13,0.4814,3.70,0.0000,0.0210,0.0602,,,,,,,
21.8940,10,3,9.5017,31.3948,converged,3681.64,73652.51,0.4819,3.58,0.0000,0.0294,0.0575,,,,,,,
31.2285,10,3,8.8486,40.0766,converged,3681.64,73652.51,0.4819,3.58,0.0000,0.0338,0.0591,,,,,,,
23.1277,10,3,9.2052,32.3323,converged,3682.19,73652.80,0.4822,3.49,0.0000,0.0193,0.0387,,,,,,,
34.1764,9,3,9.2913,43.4673,converged,3682.50,73652.96,0.4825,3.44,0.0000,0.0461,0.0784,,,,,,,
27.1681,10,3,10.2469,37.4149,converged,3682.80,73653.12,0.4828,3.40,0.0000,0.0129,0.0308,,,,,,,
25.7521,10,3,9.4496,35.2017,converged,3682.80,73653.12,0.4828,3.40,0.0000,0.0168,0.0336,,,,,,,
37.2366,9,3,9.6353,46.8713,converged,3683.47,73653.47,0.4832,3.29,0.0000,0.0310,0.0480,,,,,,,
43.5777,8,3,8.9487,52.5257,converged,3683.47,73653.47,0.4832,3.29,0.0000,0.0253,0.0596,,,,,,,
40.5647,8,3,10.3452,50.9092,converged,3684.04,73653.77,0.4830,3.20,0.0000,0.0188,0.0353,,,,,,,
41.7071,8,3,8.8491,50.5561,converged,3684.04,73653.77,0.4830,3.20,0.0000,0.0197,0.0440,,,,,,,
28.1660,10,3,8.9507,37.1167,converged,3684.60,73654.06,0.4830,3.11,0.0000,0.0121,0.0265,,,,,,,
58.4197,5,3,9.1685,67.5875,converged,3684.60,73654.06,0.4830,3.11,0.0000,0.0365,0.0242,,,,,,,
56.3665,6,3,11.1732,67.5392,converged,3685.21,73654.38,0.4826,2.99,0.0000,0.0248,0.0290,,,,,,,
32.0126,10,3,9.6115,41.6236,converged,3685.21,73654.38,0.4826,2.99,0.0000,0.0102,0.0235,,,,,,,
59.2004,5,3,9.7983,68.9983,converged,3685.79,73654.69,0.4816,2.87,0.0000,0.0317,0.0298,,,,,,,
44.3769,8,3,9.2462,53.6223,converged,3685.79,73654.69,0.4816,2.87,0.0000,0.0111,0.0200,,,,,,,
50.7129,7,3,9.1005,59.8126,converged,3686.35,73654.98,0.4806,2.74,0.0000,0.0172,0.0132,,,,,,,
53.1693,6,3,11.2203,64.3893,converged,3686.35,73654.98,0.4806,2.74,0.0000,0.0223,0.0182,,,,,,,
51.8792,7,3,9.3636,61.2427,converged,3686.94,73655.29,0.4810,2.60,0.0000,0.0201,0.0218,,,,,,,
32.3550,10,3,10.6686,43.0237,converged,3686.94,73655.29,0.4810,2.60,0.0000,0.0088,0.0174,,,,,,,
37.5366,9,3,8.8908,46.4268,converged,3687.45,73655.55,0.4819,2.49,0.0000,0.0111,0.0115,,,,,,,
34.1630,9,3,10.2853,44.4483,converged,3687.45,73655.55,0.4819,2.49,0.0000,0.0139,0.0142,,,,,,,
45.5017,8,3,9.8823,55.3833,converged,3687.88,73655.78,0.4826,2.37,0.0000,0.0225,0.0318,,,,,,,
32.1019,10,3,10.4195,42.5206,converged,3687.88,73655.78,0.4826,2.37,0.0000,0.0250,0.0424,,,,,,,
30.9962,10,3,9.5388,40.5349,converged,3688.34,73656.02,0.4831,2.24,0.0000,0.0181,0.0244,,,,,,,
31.0099,10,3,10.2640,41.2730,converged,3688.34,73656.02,0.4831,2.24,0.0000,0.0114,0.0275,,,,,,,
46.0291,7,3,9.9884,56.0174,converged,3688.68,73656.20,0.4821,2.14,0.0000,0.0386,0.0314,,,,,,,
58.4089,5,3,10.0426,68.4507,converged,3688.68,73656.20,0.4821,2.14,0.0000,0.0404,0.0274,,,,,,,
28.7667,10,3,9.2136,37.9796,converged,3689.14,73656.44,0.4796,2.00,0.0000,0.0318,0.0368,,,,,,,
41.3914,8,3,9.0904,50.4814,converged,3689.14,73656.44,0.4796,2.00,0.0000,0.0349,0.0347,,,,,,,
53.4448,6,3,9.4016,62.8457,converged,3689.49,73656.62,0.4786,1.90,0.0000,0.0468,0.0652,,,,,,,
32.9508,10,3,9.5343,42.4843,converged,3689.49,73656.62,0.4786,1.90,0.0000,0.0271,0.0294,,,,,,,
34.1635,9,3,9.1155,43.2785,converged,3689.86,73656.81,0.4768,1.79,0.0000,0.0242,0.0311,,,,,,,
30.6539,10,3,8.9289,39.5819,converged,3689.86,73656.81,0.4768,1.79,0.0000,0.0218,0.0297,,,,,,,
58.5559,5,3,8.9215,67.4766,converged,3690.17,73656.97,0.4752,1.69,0.0000,0.0466,0.0520,,,,,,,
23.7067,10,3,9.3159,33.0219,converged,3690.17,73656.97,0.4752,1.69,0.0000,0.0208,0.0254,,,,,,,
38.7533,9,3,9.3744,48.1274,converged,3690.49,73657.14,0.4745,1.58,0.0000,0.0237,0.0354,,,,,,,
59.6501,5,3,9.4676,69.1176,converged,3690.49,73657.14,0.4745,1.58,0.0000,0.0430,0.0175,,,,,,,
24.2503,10,3,9.9748,34.2248,converged,3690.80,73657.29,0.4744,1.46,0.0000,0.0137,0.0173,,,,,,,
26.0835,10,3,9.1343,35.2174,converged,3690.80,73657.29,0.4744,1.46,0.0000,0.0143,0.0162,,,,,,,
20.0718,10,3,9.1087,29.1798,converged,3691.02,73657.41,0.4749,1.37,0.0000,0.0128,0.0153,,,,,,,
37.1483,9,3,9.0233,46.1714,converged,3691.02,73657.41,0.4749,1.37,0.0000,0.0129,0.0137,,,,,,,
56.6025,6,3,10.6138,67.2158,converged,3691.25,73657.53,0.4751,1.26,0.0000,0.0180,0.0142,,,,,,,
43.2620,8,3,9.5681,52.8302,converged,3691.25,73657.53,0.4751,1.26,0.0000,0.0041,0.0044,,,,,,,
30.7394,10,3,9.7220,40.4610,converged,3691.49,73657.65,0.4756,1.13,0.0000,0.0079,0.0091,,,,,,,
36.9559,9,3,10.1333,47.0884,converged,3691.49,73657.65,0.4756,1.13,0.0000,0.0078,0.0060,,,,,,,
33.8867,10,3,11.3365,45.2225,converged,3691.68,73657.75,0.4757,1.02,0.0000,0.0056,0.0073,,,,,,,
54.3830,6,3,9.0018,63.3838,converged,3691.68,73657.75,0.4757,1.02,0.0000,0.0103,0.0169,,,,,,,
28.5137,10,3,9.0756,37.5887,converged,3691.85,73657.84,0.4754,0.90,0.0000,0.0112,0.0139,,,,,,,
51.7647,7,3,9.2751,61.0391,converged,3691.85,73657.84,0.4754,0.90,0.0000,0.0124,0.0125,,,,,,,
28.3284,10,3,9.2581,37.5862,converged,3692.01,73657.92,0.4745,0.73,0.0000,0.0069,0.0061,,,,,,,
49.9506,7,3,8.8095,58.7595,converged,3692.06,73657.94,0.4740,0.67,0.0000,0.0146,0.0149,,,,,,,
22.6645,10,3,9.0160,31.6800,converged,3692.06,73657.94,0.4740,0.67,0.0000,0.0064,0.0087,,,,,,,
52.6474,6,3,11.8459,64.4930,converged,3692.17,73658.00,0.4718,0.51,0.0000,0.0083,0.0117,,,,,,,
39.0196,9,3,9.6331,48.6522,converged,3692.17,73658.00,0.4718,0.51,0.0000,0.0046,0.0036,,,,,,,
22.5939,10,3,9.5913,32.1844,converged,3692.25,73658.04,0.4697,0.36,0.0000,0.0101,0.0064,,,,,,,
36.4484,9,3,9.6513,46.0993,converged,3692.25,73658.04,0.4697,0.36,0.0000,0.0035,0.0029,,,,,,,
36.8405,9,3,9.2699,46.1100,converged,3692.31,73658.07,0.4692,0.27,0.0000,0.0123,0.0043,,,,,,,
20.2398,10,3,9.5658,29.8048,converged,3692.31,73658.07,0.4692,0.27,0.0000,0.0083,0.0055,,,,,,,
28.4810,10,3,9.1243,37.6043,converged,3692.35,73658.09,0.4691,0.21,0.0000,0.0098,0.0057,,,,,,,
59.1703,5,3,9.2112,68.3812,converged,3692.36,73658.10,0.4692,0.18,0.0000,0.0137,0.0451,,,,,,,
54.5905,6,3,9.0254,63.6154,converged,3692.36,73658.10,0.4692,0.18,0.0000,0.0142,0.0127,,,,,,,
37.4528,9,3,9.4282,46.8802,converged,3692.40,73658.11,0.4703,0.11,0.0000,0.0091,0.0026,,,,,,,
33.3149,10,3,9.4653,42.7793,converged,3692.40,73658.11,0.4703,0.11,0.0000,0.0081,0.0034,,,,,,,
20.4624,10,3,9.4727,29.9348,converged,3692.41,73658.12,0.4708,0.05,0.0000,0.0098,0.0081,,,,,,,
38.7312,9,3,12.3346,51.0656,converged,3692.41,73658.12,0.4708,0.05,0.0000,0.0089,0.0025,,,,,,,
51.4148,7,3,9.5345,60.9485,converged,3692.41,73658.12,0.4709,0.00,0.0000,0.0088,0.0027,,,,,,,
37.5367,9,3,10.0784,47.6144,converged,3692.41,73658.12,0.4709,0.00,0.0000,0.0067,0.0027,,,,,,,
38.9375,9,3,9.3902,48.3272,converged,3692.41,73658.12,0.4709,0.00,0.0000,0.0064,0.0026,,,,,,,
33.9589,10,3,9.9050,43.8630,converged,3692.41,73658.12,0.4709,0.00,0.0000,0.0073,0.0031,,,,,,,
47.8120,7,3,10.4819,58.2939,converged,3692.41,73658.12,0.4709,0.00,0.0000,0.0090,0.0068,,,,,,,
50.0561,7,3,10.0599,60.1159,converged,3692.41,73658.12,0.4709,0.00,0.0000,0.0083,0.0020,,,,,,,
39.7643,9,3,9.1048,48.8689,converged,3692.41,73658.12,0.4709,0.00,0.0000,0.0073,0.0033,,,,,,,
41.3075,8,3,9.8746,51.1816,converged,3692.41,73658.12,0.4709,0.00,0.0000,0.0086,0.0020,,,,,,,
58.1639,5,3,9.4062,67.5693,converged,3692.41,73658.12,0.4709,0.00,0.0000,0.0114,0.0189,,,,,,,
57.4593,6,3,9.6282,67.0872,converged,3692.41,73658.12,0.4709,0.00,0.0000,0.0113,0.0089,,,,,,,
43.8563,8,3,9.1804,53.0365,converged,3692.41,73658.12,0.4709,0.00,0.0000,0.0090,0.0019,,,,,,,
44.6895,8,3,8.9508,53.6398,converged,3692.41,73658.12,0.4709,0.00,0.0000,0.0068,0.0015,,,,,,,
29.7442,10,3,9.0873,38.8313,converged,3692.41,73658.12,0.4709,0.00,0.0000,0.0079,0.0032,,,,,,,
34.7102,9,3,9.1592,43.8693,converged,3692.41,73658.12,0.4709,0.00,0.0000,0.0069,0.0019,,,,,,,
50.9023,7,3,10.6033,61.5053,converged,3692.41,73658.12,0.4709,0.00,0.0000,0.0112,0.0065,,,,,,,
44.2567,8,3,10.1778,54.4338,converged,3692.41,73658.12,0.4709,0.00,0.0000,0.0085,0.0035,,,,,,,
54.9773,6,3,8.7903,63.7673,converged,3692.41,73658.12,0.4709,0.00,0.0000,0.0103,0.0184,,,,,,,
31.9395,10,3,9.0660,41.0050,converged,3692.41,73658.12,0.4709,0.00,0.0000,0.0088,0.0055,,,,,,,
48.0457,7,3,10.1410,58.1860,converged,3692.41,73658.12,0.4709,0.00,0.0000,0.0087,0.0102,,,,,,,
43.1108,8,3,9.7922,52.9022,converged,3692.41,73658.12,0.4709,0.00,0.0000,0.0089,0.0050,,,,,,,
33.3331,10,3,12.0721,45.4052,converged,3692.41,73658.12,0.4709,0.00,0.0000,0.0074,0.0032,,,,,,,
43.6745,8,3,9.7682,53.4422,converged,3692.41,73658.12,0.4709,0.00,0.0000,0.0118,0.0025,,,,,,,
53.9669,6,3,10.3906,64.3567,converged,3692.41,73658.12,0.4709,0.00,0.0000,0.0123,0.0222,,,,,,,
51.6039,7,3,10.5509,62.1539,converged,3692.41,73658.12,0.4709,0.00,0.0000,0.0104,0.0146,,,,,,,
42.9589,8,3,12.2766,55.2346,converged,3692.41,73658.12,0.4709,0.00,0.0000,0.0103,0.0028,,,,,,,
46.1369,7,3,8.9204,55.0565,converged,3692.41,73658.12,0.4709,0.00,0.0000,0.0088,0.0097,,,,,,,
22.3839,10,3,9.0578,31.4408,converged,3692.41,73658.12,0.4709,0.00,0.0000,0.0083,0.0019,,,,,,,
24.3625,10,3,9.2079,33.5703,converged,3692.41,73658.12,0.4709,0.00,0.0000,0.0080,0.0027,,,,,,,
23.6342,10,3,9.0531,32.6871,converged,3692.41,73658.12,0.4709,0.00,0.0000,0.0093,0.0031,,,,,,,
35.2132,9,3,9.1301,44.3431,converged,3692.41,73658.12,0.4709,0.00,0.0000,0.0094,0.0026,,,,,,,
59.5618,5,3,10.8501,70.4111,converged,3692.41,73658.12,0.4709,0.00,0.0000,0.0088,0.0568,,,,,,,
25.3371,10,3,9.3627,34.6997,converged,3692.41,73658.12,0.4709,0.00,0.0000,0.0121,0.0057,,,,,,,
45.7740,8,3,12.6817,58.4557,converged,3692.41,73658.12,0.4709,0.00,0.0000,0.0111,0.0072,,,,,,,
26.5737,10,3,9.4219,35.9949,converged,3692.41,73658.12,0.4709,0.00,0.0000,0.0080,0.0030,,,,,,,
32.0811,10,3,9.1925,41.2735,converged,3692.41,73658.12,0.4709,0.00,0.0000,0.0086,0.0023,,,,,,,
50.2178,7,3,10.4487,60.6657,converged,3692.41,73658.12,0.4709,0.00,0.0000,0.0131,0.0091,,,,,,,
36.8100,9,3,9.6756,46.4857,converged,3692.41,73658.12,0.4709,0.00,0.0000,0.0097,0.0027,,,,,,,
37.8415,9,3,9.0570,46.8981,converged,3692.41,73658.12,0.4709,0.00,0.0000,0.0088,0.0024,,,,,,,
29.2544,10,3,9.2325,38.4865,converged,3692.41,73658.12,0.4709,0.00,0.0000,0.0074,0.0028,,,,,,,
35.7188,9,3,9.1754,44.8934,converged,3692.41,73658.12,0.4709,0.00,0.0000,0.0072,0.0027,,,,,,,
35.2375,9,3,8.9360,44.1730,converged,3692.41,73658.12,0.4709,0.00,0.0000,0.0090,0.0027,,,,,,,
58.8510,5,3,9.5429,68.3930,converged,3692.41,73658.12,0.4709,0.00,0.0000,0.0120,0.0584,,,,,,,
38.2485,9,3,8.8909,47.1389,converged,3692.41,73658.12,0.4709,0.00,0.0000,0.0105,0.0031,,,,,,,
41.0834,8,3,12.2668,53.3498,converged,3692.41,73658.12,0.4709,0.00,0.0000,0.0100,0.0065,,,,,,,
29.4862,10,3,9.4431,38.9291,converged,3692.41,73658.12,0.4709,0.00,0.0000,0.0081,0.0024,,,,,,,
22.7408,10,3,9.7061,32.4461,converged,3692.41,73658.12,0.4709,0.00,0.0000,0.0070,0.0022,,,,,,,
50.0919,7,3,9.0502,59.1413,converged,3692.41,73658.12,0.4709,0.00,0.0000,0.0095,0.0107,,,,,,,
56.7952,6,3,10.5622,67.3573,converged,3692.41,73658.12,0.4709,0.00,0.0000,0.0097,0.0343,,,,,,,
28.7437,10,3,9.2686,38.0117,converged,3692.41,73658.12,0.4709,0.00,0.0000,0.0088,0.0024,,,,,,,
40.3912,8,3,9.5530,49.9440,converged,3692.41,73658.12,0.4709,0.00,0.0000,0.0091,0.0034,,,,,,,
29.1656,10,3,8.8381,38.0031,converged,3692.41,73658.12,0.4709,0.00,0.0000,0.0106,0.0036,,,,,,,
35.7438,9,3,8.6538,44.3968,converged,3692.41,73658.12,0.4709,0.00,0.0000,0.0092,0.0023,,,,,,,
21.7485,10,3,9.0259,30.7739,converged,3692.41,73658.12,0.4709,0.00,0.0000,0.0084,0.0040,,,,,,,
25.5763,10,3,9.1701,34.7462,converged,3692.41,73658.12,0.4709,0.00,0.0000,0.0117,0.0044,,,,,,,
30.5975,10,3,9.0567,39.6537,converged,3692.41,73658.12,0.4709,0.00,0.0000,0.0096,0.0024,,,,,,,
46.7580,7,3,9.1857,55.9428,converged,3692.41,73658.12,0.4709,0.00,0.0000,0.0092,0.0149,,,,,,,
57.0182,6,3,9.0118,66.0298,converged,3692.41,73658.12,0.4709,0.00,0.0000,0.0107,0.0248,,,,,,,
27.8006,10,3,9.6040,37.4040,converged,3692.41,73658.12,0.4709,0.00,0.0000,0.0070,0.0019,,,,,,,
59.2274,5,3,10.1415,69.3685,converged,3692.41,73658.12,0.4709,0.00,0.0000,0.0097,0.0564,,,,,,,
53.8582,6,3,10.5347,64.3927,converged,3692.41,73658.12,0.4709,0.00,0.0000,0.0084,0.0255,,,,,,,
20.2003,10,3,8.9696,29.1696,converged,3692.41,73658.12,0.4709,0.00,0.0000,0.0076,0.0022,,,,,,,
27.8090,10,3,9.0218,36.8309,converged,3692.41,73658.12,0.4709,0.00,0.0000,0.0112,0.0043,,,,,,,
48.1251,7,3,9.9880,58.1130,converged,3692.41,73658.12,0.4709,0.00,0.0000,0.0081,0.0106,,,,,,,
43.4491,8,3,9.0625,52.5115,converged,3692.41,73658.12,0.4709,0.00,0.0000,0.0099,0.0054,,,,,,,
24.8127,10,3,13.1657,37.9777,converged,3692.41,73658.12,0.4709,0.00,0.0000,0.0085,0.0037,,,,,,,
32.0366,10,3,9.6524,41.6884,converged,3692.41,73658.12,0.4709,0.00,0.0000,0.0081,0.0025,,,,,,,
33.2319,10,3,9.7512,42.9822,converged,3692.41,73658.12,0.4709,0.00,0.0000,0.0071,0.0023,,,,,,,
44.5605,8,3,9.3174,53.8775,converged,3692.41,73658.12,0.4709,0.00,0.0000,0.0115,0.0046,,,,,,,
27.8752,10,3,10.5833,38.4584,converged,3692.41,73658.12,0.4709,0.00,0.0000,0.0085,0.0027,,,,,,,
24.6590,10,3,16.6828,41.3418,converged,3692.41,73658.12,0.4709,0.00,0.0000,0.0099,0.0022,,,,,,,
40.2971,8,3,9.6902,49.9872,converged,3692.41,73658.12,0.4709,0.00,0.0000,0.0100,0.0073,,,,,,,
54.8665,6,3,9.3338,64.1999,converged,3692.41,73658.12,0.4709,0.00,0.0000,0.0090,0.0345,,,,,,,
31.5253,10,3,9.5559,41.0810,converged,3692.41,73658.12,0.4709,0.00,0.0000,0.0107,0.0033,,,,,,,
41.2710,8,3,8.6694,49.9394,converged,3692.41,73658.12,0.4709,0.00,0.0000,0.0091,0.0038,,,,,,,
26.0984,10,3,9.1087,35.2067,converged,3692.41,73658.12,0.4709,0.00,0.0000,0.0095,0.0038,,,,,,,
59.3864,5,3,9.1604,68.5465,converged,3692.41,73658.12,0.4709,0.00,0.0000,0.0102,0.0607,,,,,,,
34.5099,9,3,12.3075,46.8165,converged,3692.41,73658.12,0.4709,0.00,0.0000,0.0105,0.0026,,,,,,,
29.2007,10,3,9.0347,38.2348,converged,3692.41,73658.12,0.4709,0.00,0.0000,0.0074,0.0023,,,,,,,
55.6197,6,3,10.2028,65.8218,converged,3692.41,73658.12,0.4709,0.00,0.0000,0.0106,0.0350,,,,,,,
25.9135,10,3,9.3065,35.2195,converged,3692.41,73658.12,0.4709,0.00,0.0000,0.0091,0.0022,,,,,,,
29.6819,10,3,9.0140,38.6951,converged,3692.41,73658.12,0.4709,0.00,0.0000,0.0081,0.0023,,,,,,,
46.0023,7,3,9.3426,55.3447,converged,3692.41,73658.12,0.4709,0.00,0.0000,0.0107,0.0120,,,,,,,
42.0755,8,3,9.6313,51.7063,converged,3692.41,73658.12,0.4709,0.00,0.0000,0.0096,0.0091,,,,,,,
47.3634,7,3,9.8309,57.1939,converged,3692.41,73658.12,0.4709,0.00,0.0000,0.0087,0.0128,,,,,,,
27.3306,10,3,11.7523,39.0823,converged,3692.41,73658.12,0.4709,0.00,0.0000,0.0080,0.0028,,,,,,,
58.3969,5,3,10.0604,68.4565,converged,3692.41,73658.12,0.4709,0.00,0.0000,0.0102,0.0664,,,,,,,
55.9723,6,3,8.9557,64.9278,converged,3692.41,73658.12,0.4709,0.00,0.0000,0.0126,0.0213,,,,,,,
31.0310,10,3,8.9525,39.9825,converged,3692.41,73658.12,0.4709,0.00,0.0000,0.0095,0.0046,,,,,,,
46.0655,7,3,8.9237,54.9887,converged,3692.41,73658.12,0.4709,0.00,0.0000,0.0108,0.0066,,,,,,,
56.8248,6,3,9.4142,66.2383,converged,3692.41,73658.12,0.4709,0.00,0.0000,0.0104,0.0318,,,,,,,
56.7558,6,3,9.3898,66.1449,converged,3692.41,73658.12,0.4709,0.00,0.0000,0.0081,0.0409,,,,,,,
50.7969,7,3,9.1127,59.9087,converged,3692.41,73658.12,0.4709,0.00,0.0000,0.0105,0.0129,,,,,,,
57.3650,6,3,8.9693,66.3333,converged,3692.41,73658.12,0.4709,0.00,0.0000,0.0084,0.0231,,,,,,,
42.7335,8,3,9.1839,51.9169,converged,3692.41,73658.12,0.4709,0.00,0.0000,0.0133,0.0038,,,,,,,
54.4630,6,3,8.7866,63.2486,converged,3692.41,73658.12,0.4709,0.00,0.0000,0.0113,0.0301,,,,,,,
41.6935,8,3,9.5089,51.2020,converged,3692.41,73658.12,0.4709,0.00,0.0000,0.0082,0.0043,,,,,,,
20.8716,10,3,9.0151,29.8861,converged,3692.41,73658.12,0.4709,0.00,0.0000,0.0081,0.0022,,,,,,,
53.4883,6,3,9.3630,62.8510,converged,3692.41,73658.12,0.4709,0.00,0.0000,0.0113,0.0238,,,,,,,
24.7418,10,3,8.7758,33.5168,converged,3692.41,73658.12,0.4709,0.00,0.0000,0.0075,0.0026,,,,,,,
50.3625,7,3,9.1375,59.4995,converged,3692.41,73658.12,0.4709,0.00,0.0000,0.0076,0.0175,,,,,,,
52.6030,6,3,9.7490,62.3511,converged,3692.41,73658.12,0.4709,0.00,0.0000,0.0097,0.0348,,,,,,,
44.1930,8,3,9.5778,53.7708,converged,3692.41,73658.12,0.4709,0.00,0.0000,0.0145,0.0031,,,,,,,
30.1368,10,3,9.7038,39.8399,converged,3692.41,73658.12,0.4709,0.00,0.0000,0.0092,0.0024,,,,,,,
21.4427,10,3,9.6356,31.0777,converged,3692.41,73658.12,0.4709,0.00,0.0000,0.0067,0.0025,,,,,,,
47.5060,7,3,9.2340,56.7391,converged,3692.41,73658.12,0.4709,0.00,0.0000,0.0088,0.0139,,,,,,,
26.3579,10,3,10.0950,36.4521,converged,3692.41,73658.12,0.4709,0.00,0.0000,0.0079,0.0022,,,,,,,
38.0035,9,3,9.0771,47.0801,converged,3692.41,73658.12,0.4709,0.00,0.0000,0.0077,0.0022,,,,,,,
30.1584,10,3,10.2699,40.4280,converged,3692.41,73658.12,0.4709,0.00,0.0000,0.0085,0.0023,,,,,,,
20.4825,10,3,9.4359,29.9179,converged,3692.41,73658.12,0.4709,0.00,0.0000,0.0083,0.0025,,,,,,,
39.4952,9,3,9.9352,49.4302,converged,3692.41,73658.12,0.4709,0.00,0.0000,0.0078,0.0023,,,,,,,
38.0459,9,3,9.0740,47.1190,converged,3692.41,73658.12,0.4709,0.00,0.0000,0.0091,0.0023,,,,,,,
46.4882,7,3,10.7437,57.2318,converged,3692.41,73658.12,0.4709,0.00,0.0000,0.0092,0.0089,,,,,,,
46.4954,7,3,13.0513,59.5463,converged,3692.41,73658.12,0.4709,0.00,0.0000,0.0091,0.0209,,,,,,,
29.5283,10,3,9.9438,39.4719,converged,3692.41,73658.12,0.4709,0.00,0.0000,0.0075,0.0025,,,,,,,
53.4426,6,3,9.3207,62.7628,converged,3692.41,73658.12,0.4709,0.00,0.0000,0.0099,0.0261,,,,,,,
41.6345,8,3,9.4747,51.1087,converged,3692.41,73658.12,0.4709,0.00,0.0000,0.0093,0.0075,,,,,,,
31.4736,10,3,9.1936,40.6666,converged,3692.41,73658.12,0.4709,0.00,0.0000,0.0102,0.0037,,,,,,,
58.7682,5,3,9.3383,68.1063,converged,3692.41,73658.12,0.4709,0.00,0.0000,0.0115,0.0519,,,,,,,
20.6639,10,3,8.7517,29.4148,converged,3692.41,73658.12,0.4709,0.00,0.0000,0.0061,0.0024,,,,,,,
50.7306,7,3,8.7266,59.4566,converged,3692.41,73658.12,0.4709,0.00,0.0000,0.0092,0.0061,,,,,,,
48.8807,7,3,8.7673,57.6473,converged,3692.41,73658.12,0.4709,0.00,0.0000,0.0078,0.0152,,,,,,,
39.8162,9,3,9.8206,49.6367,converged,3692.41,73658.12,0.4709,0.00,0.0000,0.0111,0.0030,,,,,,,
40.6511,8,3,10.1354,50.7864,converged,3692.41,73658.12,0.4709,0.00,0.0000,0.0104,0.0040,,,,,,,
23.1283,10,3,10.5541,33.6821,converged,3692.41,73658.12,0.4709,0.00,0.0000,0.0094,0.0029,,,,,,,
20.7635,10,3,9.9830,30.7461,converged,3692.41,73658.12,0.4709,0.00,0.0000,0.0105,0.0023,,,,,,,
56.7995,6,3,9.0940,65.8931,converged,3692.41,73658.12,0.4709,0.00,0.0000,0.0072,0.0240,,,,,,,
25.2578,10,3,9.2420,34.4990,converged,3692.41,73658.12,0.4709,0.00,0.0000,0.0105,0.0055,,,,,,,
53.1861,6,3,10.9560,64.1420,converged,3692.41,73658.12,0.4709,0.00,0.0000,0.0136,0.0236,,,,,,,
27.1252,10,3,10.4815,37.6065,converged,3692.41,73658.12,0.4709,0.00,0.0000,0.0079,0.0030,,,,,,,
40.4275,8,3,9.4451,49.8721,converged,3692.41,73658.12,0.4709,0.00,0.0000,0.0147,0.0043,,,,,,,
44.4833,8,3,9.0975,53.5805,converged,3692.41,73658.12,0.4709,0.00,0.0000,0.0087,0.0047,,,,,,,
26.6153,10,3,9.0969,35.7119,converged,3692.41,73658.12,0.4709,0.00,0.0000,0.0083,0.0023,,,,,,,
50.6361,7,3,12.7500,63.3860,converged,3692.41,73658.12,0.4709,0.00,0.0000,0.0108,0.0137,,,,,,,
42.9090,8,3,9.1893,52.0973,converged,3692.41,73658.12,0.4709,0.00,0.0000,0.0096,0.0043,,,,,,,
25.5455,10,3,9.5720,35.1171,converged,3692.41,73658.12,0.4709,0.00,0.0000,0.0078,0.0022,,,,,,,
51.3925,7,3,9.5272,60.9193,converged,3692.41,73658.12,0.4709,0.00,0.0000,0.0121,0.0089,,,,,,,
41.4481,8,3,8.8569,50.3050,converged,3692.41,73658.12,0.4709,0.00,0.0000,0.0103,0.0069,,,,,,,
57.4690,6,3,8.8490,66.3171,converged,3692.41,73658.12,0.4709,0.00,0.0000,0.0085,0.0193,,,,,,,
43.2937,8,3,9.4524,52.7455,converged,3692.41,73658.12,0.4709,0.00,0.0000,0.0089,0.0065,,,,,,,
34.5591,9,3,9.3296,43.8886,converged,3692.41,73658.12,0.4709,0.00,0.0000,0.0087,0.0031,,,,,,,
37.2693,9,3,9.5066,46.7756,converged,3692.41,73658.12,0.4709,0.00,0.0000,0.0099,0.0024,,,,,,,
24.1655,10,3,9.0108,33.1759,converged,3692.41,73658.12,0.4709,0.00,0.0000,0.0087,0.0023,,,,,,,
22.9334,10,3,8.9180,31.8510,converged,3692.41,73658.12,0.4709,0.00,0.0000,0.0105,0.0025,,,,,,,
38.9217,9,3,8.7649,47.6860,converged,3692.41,73658.12,0.4709,0.00,0.0000,0.0100,0.0031,,,,,,,
51.8263,7,3,8.6857,60.5117,converged,3692.41,73658.12,0.4709,0.00,0.0000,0.0101,0.0095,,,,,,,
32.5262,10,3,9.2092,41.7352,converged,3692.41,73658.12,0.4709,0.00,0.0000,0.0073,0.0026,,,,,,,
53.9746,6,3,8.7978,62.7719,converged,3692.41,73658.12,0.4709,0.00,0.0000,0.0114,0.0208,,,,,,,
47.6802,7,3,11.5890,59.2691,converged,3692.41,73658.12,0.4709,0.00,0.0000,0.0112,0.0065,,,,,,,
53.4574,6,3,9.8108,63.2678,converged,3692.41,73658.12,0.4709,0.00,0.0000,0.0103,0.0271,,,,,,,
55.2712,6,3,9.6071,64.8782,converged,3692.41,73658.12,0.4709,0.00,0.0000,0.0109,0.0303,,,,,,,
20.4426,10,3,9.3434,29.7854,converged,3692.41,73658.12,0.4709,0.00,0.0000,0.0073,0.0020,,,,,,,
22.9943,10,3,9.2317,32.2258,converged,3692.41,73658.12,0.4709,0.00,0.0000,0.0098,0.0029,,,,,,,
28.4357,10,3,8.9696,37.4047,converged,3692.41,73658.12,0.4709,0.00,0.0000,0.0092,0.0028,,,,,,,
59.4075,5,3,8.9081,68.3151,converged,3692.41,73658.12,0.4709,0.00,0.0000,0.0113,0.0629,,,,,,,
47.4304,7,3,9.1601,56.5901,converged,3692.41,73658.12,0.4709,0.00,0.0000,0.0125,0.0088,,,,,,,
56.8461,6,3,9.1400,65.9860,converged,3692.41,73658.12,0.4709,0.00,0.0000,0.0099,0.0313,,,,,,,
39.5984,9,3,11.6543,51.2524,converged,3692.41,73658.12,0.4709,0.00,0.0000,0.0122,0.0031,,,,,,,
27.0317,10,3,9.7273,36.7584,converged,3692.41,73658.12,0.4709,0.00,0.0000,0.0092,0.0021,,,,,,,
41.4895,8,3,9.4016,50.8906,converged,3692.41,73658.12,0.4709,0.00,0.0000,0.0101,0.0034,,,,,,,
46.5142,7,3,13.4474,59.9614,converged,3692.41,73658.12,0.4709,0.00,0.0000,0.0127,0.0112,,,,,,,
40.3553,8,3,13.0411,53.3962,converged,3692.41,73658.12,0.4709,0.00,0.0000,0.0100,0.0083,,,,,,,
50.2935,7,3,10.0574,60.3504,converged,3692.41,73658.12,0.4709,0.00,0.0000,0.0109,0.0070,,,,,,,
47.9856,7,3,9.2450,57.2300,converged,3692.41,73658.12,0.4709,0.00,0.0000,0.0116,0.0167,,,,,,,
42.1739,8,3,9.2455,51.4186,converged,3692.41,73658.12,0.4709,0.00,0.0000,0.0091,0.0051,,,,,,,
30.1248,10,3,8.7186,38.8426,converged,3692.41,73658.12,0.4709,0.00,0.0000,0.0088,0.0022,,,,,,,
31.7127,10,3,8.7678,40.4798,converged,3692.41,73658.12,0.4709,0.00,0.0000,0.0091,0.0027,,,,,,,
45.0204,8,3,9.2145,54.2345,converged,3692.41,73658.12,0.4709,0.00,0.0000,0.0126,0.0044,,,,,,,
46.9164,7,3,9.1187,56.0347,converged,3692.41,73658.12,0.4709,0.00,0.0000,0.0096,0.0141,,,,,,,
37.3869,9,3,9.9713,47.3573,converged,3692.41,73658.12,0.4709,0.00,0.0000,0.0107,0.0024,,,,,,,
56.5681,6,3,11.2823,67.8503,converged,3692.41,73658.12,0.4709,0.00,0.0000,0.0124,0.0246,,,,,,,
25.4231,10,3,8.9168,34.3399,converged,3692.41,73658.12,0.4709,0.00,0.0000,0.0081,0.0027,,,,,,,
23.3246,10,3,9.1125,32.4365,converged,3692.41,73658.12,0.4709,0.00,0.0000,0.0075,0.0027,,,,,,,
30.4967,10,3,10.3645,40.8606,converged,3692.41,73658.12,0.4709,0.00,0.0000,0.0090,0.0022,,,,,,,
54.0027,6,3,8.8505,62.8525,converged,3692.41,73658.12,0.4709,0.00,0.0000,0.0104,0.0320,,,,,,,
43.1297,8,3,8.8715,52.0005,converged,3692.41,73658.12,0.4709,0.00,0.0000,0.0125,0.0048,,,,,,,
52.6479,6,3,9.0683,61.7153,converged,3692.41,73658.12,0.4709,0.00,0.0000,0.0116,0.0216,,,,,,,
29.8925,10,3,9.0442,38.9362,converged,3692.41,73658.12,0.4709,0.00,0.0000,0.0077,0.0022,,,,,,,
42.2670,8,3,9.5045,51.7705,converged,3692.41,73658.12,0.4709,0.00,0.0000,0.0114,0.0032,,,,,,,
49.5421,7,3,9.1938,58.7359,converged,3692.41,73658.12,0.4709,0.00,0.0000,0.0095,0.0116,,,,,,,
24.7092,10,3,9.2282,33.9372,converged,3692.41,73658.12,0.4709,0.00,0.0000,0.0076,0.0024,,,,,,,
59.4885,5,3,9.5961,69.0841,converged,3692.41,73658.12,0.4709,0.00,0.0000,0.0071,0.0464,,,,,,,
44.1609,8,3,9.5373,53.6973,converged,3692.41,73658.12,0.4709,0.00,0.0000,0.0100,0.0048,,,,,,,
33.1059,10,3,9.3640,42.4690,converged,3692.41,73658.12,0.4709,0.00,0.0000,0.0071,0.0023,,,,,,,
42.2660,8,3,8.9909,51.2569,converged,3692.41,73658.12,0.4709,0.00,0.0000,0.0109,0.0048,,,,,,,
41.7479,8,3,9.0313,50.7784,converged,3692.41,73658.12,0.4709,0.00,0.0000,0.0124,0.0064,,,,,,,
52.0459,6,3,9.0303,61.0754,converged,3692.41,73658.12,0.4709,0.00,0.0000,0.0100,0.0359,,,,,,,
20.4236,10,3,9.7102,30.1332,converged,3692.41,73658.12,0.4709,0.00,0.0000,0.0100,0.0027,,,,,,,
24.3672,10,3,9.3108,33.6778,converged,3692.41,73658.12,0.4709,0.00,0.0000,0.0100,0.0022,,,,,,,
29.5468,10,3,9.2375,38.7835,converged,3692.41,73658.12,0.4709,0.00,0.0000,0.0079,0.0041,,,,,,,
30.8029,10,3,9.1932,39.9953,converged,3692.41,73658.12,0.4709,0.00,0.0000,0.0102,0.0025,,,,,,,
49.4478,7,3,9.9664,59.4134,converged,3692.41,73658.12,0.4709,0.00,0.0000,0.0124,0.0062,,,,,,,
39.6494,9,3,9.2798,48.9289,converged,3692.41,73658.12,0.4709,0.00,0.0000,0.0113,0.0028,,,,,,,
52.2979,6,3,12.9310,65.2280,converged,3692.41,73658.12,0.4709,0.00,0.0000,0.0125,0.0203,,,,,,,
33.7792,10,3,8.8274,42.6065,converged,3692.41,73658.12,0.4709,0.00,0.0000,0.0097,0.0028,,,,,,,
38.9101,9,3,9.7396,48.6496,converged,3692.41,73658.12,0.4709,0.00,0.0000,0.0109,0.0025,,,,,,,
30.6645,10,3,8.8834,39.5474,converged,3692.41,73658.12,0.4709,0.00,0.0000,0.0094,0.0024,,,,,,,
34.0712,9,3,10.9160,44.9870,converged,3692.41,73658.12,0.4709,0.00,0.0000,0.0096,0.0024,,,,,,,
42.6930,8,3,12.9466,55.6387,converged,3692.41,73658.12,0.4709,0.00,0.0000,0.0073,0.0112,,,,,,,
48.2687,7,3,10.0521,58.3202,converged,3692.41,73658.12,0.4709,0.00,0.0000,0.0112,0.0091,,,,,,,
56.1257,6,3,9.4195,65.5446,converged,3692.41,73658.12,0.4709,0.00,0.0000,0.0115,0.0301,,,,,,,
41.3502,8,3,10.0262,51.3762,converged,3692.41,73658.12,0.4709,0.00,0.0000,0.0094,0.0028,,,,,,,
35.8252,9,3,9.5984,45.4234,converged,3692.41,73658.12,0.4709,0.00,0.0000,0.0102,0.0031,,,,,,,
44.9577,8,3,9.0669,54.0240,converged,3692.41,73658.12,0.4709,0.00,0.0000,0.0096,0.0055,,,,,,,
30.5883,10,3,9.4704,40.0584,converged,3692.41,73658.12,0.4709,0.00,0.0000,0.0111,0.0029,,,,,,,
35.9043,9,3,9.1118,45.0158,converged,3692.41,73658.12,0.4709,0.00,0.0000,0.0085,0.0040,,,,,,,
24.9226,10,3,9.3897,34.3117,converged,3692.41,73658.12,0.4709,0.00,0.0000,0.0101,0.0030,,,,,,,
36.4709,9,3,12.7015,49.1715,converged,3692.41,73658.12,0.4709,0.00,0.0000,0.0087,0.0023,,,,,,,
43.2135,8,3,9.2794,52.4924,converged,3692.41,73658.12,0.4709,0.00,0.0000,0.0099,0.0098,,,,,,,
59.9359,5,3,8.8411,68.7762,converged,3692.41,73658.12,0.4709,0.00,0.0000,0.0069,0.0517,,,,,,,
54.7146,6,3,9.4991,64.2131,converged,3692.41,73658.12,0.4709,0.00,0.0000,0.0100,0.0136,,,,,,,
55.4937,6,3,9.6159,65.1089,converged,3692.41,73658.12,0.4709,0.00,0.0000,0.0121,0.0323,,,,,,,
31.1343,10,3,9.7572,40.8913,converged,3692.41,73658.12,0.4709,0.00,0.0000,0.0104,0.0027,,,,,,,
57.9552,6,3,9.5316,67.4866,converged,3692.41,73658.12,0.4709,0.00,0.0000,0.0134,0.0259,,,,,,,
27.1637,10,3,8.8680,36.0310,converged,3692.41,73658.12,0.4709,0.00,0.0000,0.0092,0.0027,,,,,,,
49.3363,7,3,8.9628,58.2988,converged,3692.41,73658.12,0.4709,0.00,0.0000,0.0103,0.0144,,,,,,,
59.1598,5,3,10.8497,70.0088,converged,3692.41,73658.12,0.4709,0.00,0.0000,0.0111,0.0671,,,,,,,
30.5429,10,3,9.8892,40.4312,converged,3692.41,73658.12,0.4709,0.00,0.0000,0.0078,0.0041,,,,,,,
56.5655,6,3,10.8112,67.3762,converged,3692.41,73658.12,0.4709,0.00,0.0000,0.0133,0.0209,,,,,,,
34.1777,9,3,10.5758,44.7528,converged,3692.41,73658.12,0.4709,0.00,0.0000,0.0089,0.0027,,,,,,,
42.8933,8,3,8.9155,51.8085,converged,3692.41,73658.12,0.4709,0.00,0.0000,0.0135,0.0037,,,,,,,
28.9023,10,3,9.9595,38.8616,converged,3692.41,73658.12,0.4709,0.00,0.0000,0.0080,0.0024,,,,,,,
44.1886,8,3,9.3891,53.5771,converged,3692.41,73658.12,0.4709,0.00,0.0000,0.0077,0.0066,,,,,,,
54.4490,6,3,9.0994,63.5474,converged,3692.41,73658.12,0.4709,0.00,0.0000,0.0082,0.0311,,,,,,,
43.2605,8,3,9.7170,52.9770,converged,3692.41,73658.12,0.4709,0.00,0.0000,0.0103,0.0041,,,,,,,
21.2269,10,3,10.5973,31.8233,converged,3692.41,73658.12,0.4709,0.00,0.0000,0.0095,0.0024,,,,,,,
33.8394,10,3,10.7118,44.5509,converged,3692.41,73658.12,0.4709,0.00,0.0000,0.0097,0.0025,,,,,,,
55.4947,6,3,9.5951,65.0891,converged,3692.41,73658.12,0.4709,0.00,0.0000,0.0122,0.0136,,,,,,,
34.7624,9,3,11.9345,46.6965,converged,3692.41,73658.12,0.4709,0.00,0.0000,0.0085,0.0027,,,,,,,
35.7451,9,3,8.9872,44.7322,converged,3692.41,73658.12,0.4709,0.00,0.0000,0.0103,0.0030,,,,,,,
59.9218,5,3,9.4772,69.3982,converged,3692.41,73658.12,0.4709,0.00,0.0000,0.0071,0.0623,,,,,,,
50.5022,7,3,11.7559,62.2579,converged,3692.41,73658.12,0.4709,0.00,0.0000,0.0121,0.0096,,,,,,,
36.4321,9,3,10.2773,46.7093,converged,3692.41,73658.12,0.4709,0.00,0.0000,0.0075,0.0023,,,,,,,
43.0509,8,3,10.8190,53.8690,converged,3692.41,73658.12,0.4709,0.00,0.0000,0.0096,0.0069,,,,,,,
59.7527,5,3,10.6113,70.3633,converged,3692.41,73658.12,0.4709,0.00,0.0000,0.0114,0.0633,,,,,,,
27.9856,10,3,9.7758,37.7608,converged,3692.41,73658.12,0.4709,0.00,0.0000,0.0091,0.0021,,,,,,,
40.1015,8,3,12.1410,52.2420,converged,3692.41,73658.12,0.4709,0.00,0.0000,0.0081,0.0072,,,,,,,
27.5653,10,3,10.0706,37.6356,converged,3692.41,73658.12,0.4709,0.00,0.0000,0.0079,0.0023,,,,,,,
26.4784,10,3,9.5427,36.0207,converged,3692.41,73658.12,0.4709,0.00,0.0000,0.0078,0.0022,,,,,,,
34.5492,9,3,9.5647,44.1137,converged,3692.41,73658.12,0.4709,0.00,0.0000,0.0085,0.0044,,,,,,,
35.8631,9,3,9.1808,45.0438,converged,3692.41,73658.12,0.4709,0.00,0.0000,0.0095,0.0030,,,,,,,
37.1919,9,3,9.2689,46.4599,converged,3692.41,73658.12,0.4709,0.00,0.0000,0.0091,0.0029,,,,,,,
26.0727,10,3,8.9100,34.9820,converged,3692.41,73658.12,0.4709,0.00,0.0000,0.0097,0.0024,,,,,,,
39.9684,9,3,9.0103,48.9783,converged,3692.41,73658.12,0.4709,0.00,0.0000,0.0095,0.0021,,,,,,,
21.5256,10,3,8.9815,30.5068,converged,3692.41,73658.12,0.4709,0.00,0.0000,0.0105,0.0023,,,,,,,
20.7378,10,3,12.3846,33.1217,converged,3692.41,73658.12,0.4709,0.00,0.0000,0.0082,0.0028,,,,,,,
38.8443,9,3,11.4468,50.2908,converged,3692.41,73658.12,0.4709,0.00,0.0000,0.0098,0.0029,,,,,,,
42.6913,8,3,8.7428,51.4338,converged,3692.41,73658.12,0.4709,0.00,0.0000,0.0122,0.0026,,,,,,,
43.5218,8,3,9.1506,52.6716,converged,3692.41,73658.12,0.4709,0.00,0.0000,0.0116,0.0043,,,,,,,
54.5715,6,3,8.9250,63.4960,converged,3692.41,73658.12,0.4709,0.00,0.0000,0.0115,0.0212,,,,,,,
27.6782,10,3,10.8508,38.5289,converged,3692.41,73658.12,0.4709,0.00,0.0000,0.0104,0.0048,,,,,,,
41.1936,8,3,9.2009,50.3939,converged,3692.41,73658.12,0.4709,0.00,0.0000,0.0108,0.0040,,,,,,,
59.5386,5,3,9.6519,69.1899,converged,3692.41,73658.12,0.4709,0.00,0.0000,0.0093,0.0565,,,,,,,
47.4597,7,3,9.1887,56.6477,converged,3692.41,73658.12,0.4709,0.00,0.0000,0.0083,0.0102,,,,,,,
43.3622,8,3,9.4317,52.7938,converged,3692.41,73658.12,0.4709,0.00,0.0000,0.0109,0.0043,,,,,,,
37.3012,9,3,9.7314,47.0324,converged,3692.41,73658.12,0.4709,0.00,0.0000,0.0091,0.0023,,,,,,,
59.2607,5,3,8.8708,68.1309,converged,3692.41,73658.12,0.4709,0.00,0.0000,0.0109,0.0483,,,,,,,
54.4861,6,3,9.0039,63.4899,converged,3692.41,73658.12,0.4709,0.00,0.0000,0.0080,0.0335,,,,,,,
37.1996,9,3,9.4984,46.6974,converged,3692.41,73658.12,0.4709,0.00,0.0000,0.0110,0.0046,,,,,,,
22.9316,10,3,9.1031,32.0341,converged,3692.41,73658.12,0.4709,0.00,0.0000,0.0091,0.0023,,,,,,,
20.0735,10,3,9.4668,29.5398,converged,3692.41,73658.12,0.4709,0.00,0.0000,0.0073,0.0023,,,,,,,
37.0613,9,3,10.2530,47.3141,converged,3692.41,73658.12,0.4709,0.00,0.0000,0.0080,0.0039,,,,,,,
26.9723,10,3,9.0744,36.0464,converged,3692.41,73658.12,0.4709,0.00,0.0000,0.0092,0.0029,,,,,,,
59.8317,5,3,10.7347,70.5657,converged,3692.41,73658.12,0.4709,0.00,0.0000,0.0113,0.0569,,,,,,,
53.3200,6,3,9.0318,62.3518,converged,3692.41,73658.12,0.4709,0.00,0.0000,0.0078,0.0419,,,,,,,
36.2803,9,3,9.5216,45.8016,converged,3692.41,73658.12,0.4709,0.00,0.0000,0.0105,0.0028,,,,,,,
56.1702,6,3,9.8054,65.9754,converged,3692.41,73658.12,0.4709,0.00,0.0000,0.0094,0.0213,,,,,,,
53.0446,6,3,8.9324,61.9764,converged,3692.41,73658.12,0.4709,0.00,0.0000,0.0131,0.0281,,,,,,,
44.9860,8,3,9.8870,54.8730,converged,3692.41,73658.12,0.4709,0.00,0.0000,0.0097,0.0062,,,,,,,
50.6642,7,3,9.3694,60.0334,converged,3692.41,73658.12,0.4709,0.00,0.0000,0.0097,0.0131,,,,,,,
37.2688,9,3,12.6001,49.8681,converged,3692.41,73658.12,0.4709,0.00,0.0000,0.0086,0.0034,,,,,,,
27.9782,10,3,10.2524,38.2304,converged,3692.41,73658.12,0.4709,0.00,0.0000,0.0091,0.0022,,,,,,,
41.0971,8,3,9.0907,50.1877,converged,3692.41,73658.12,0.4709,0.00,0.0000,0.0106,0.0077,,,,,,,
53.2483,6,3,10.1125,63.3605,converged,3692.41,73658.12,0.4709,0.00,0.0000,0.0111,0.0300,,,,,,,
25.8867,10,3,9.0480,34.9340,converged,3692.41,73658.12,0.4709,0.00,0.0000,0.0081,0.0024,,,,,,,
57.8675,6,3,9.5574,67.4244,converged,3692.41,73658.12,0.4709,0.00,0.0000,0.0140,0.0148,,,,,,,
26.8261,10,3,9.9024,36.7284,converged,3692.41,73658.12,0.4709,0.00,0.0000,0.0084,0.0020,,,,,,,
28.2445,10,3,9.5551,37.7991,converged,3692.41,73658.12,0.4709,0.00,0.0000,0.0069,0.0039,,,,,,,
24.1732,10,3,9.8230,33.9960,converged,3692.41,73658.12,0.4709,0.00,0.0000,0.0085,0.0025,,,,,,,
20.2808,10,3,8.8984,29.1784,converged,3692.41,73658.12,0.4709,0.00,0.0000,0.0077,0.0023,,,,,,,
43.0162,8,3,9.2166,52.2327,converged,3692.41,73658.12,0.4709,0.00,0.0000,0.0116,0.0026,,,,,,,
56.0331,6,3,13.0509,69.0840,converged,3692.41,73658.12,0.4709,0.00,0.0000,0.0103,0.0222,,,,,,,
45.6579,8,3,9.1301,54.7872,converged,3692.41,73658.12,0.4709,0.00,0.0000,0.0076,0.0085,,,,,,,
22.3132,10,3,9.3313,31.6444,converged,3692.41,73658.12,0.4709,0.00,0.0000,0.0096,0.0036,,,,,,,
27.9060,10,3,9.5474,37.4524,converged,3692.41,73658.12,0.4709,0.00,0.0000,0.0090,0.0022,,,,,,,
58.9224,5,3,9.2087,68.1307,converged,3692.41,73658.12,0.4709,0.00,0.0000,0.0116,0.0746,,,,,,,
54.2784,6,3,12.8676,67.1456,converged,3692.41,73658.12,0.4709,0.00,0.0000,0.0092,0.0233,,,,,,,
20.6425,10,3,9.2386,29.8806,converged,3692.41,73658.12,0.4709,0.00,0.0000,0.0130,0.0071,,,,,,,
37.1379,9,3,9.3040,46.4410,converged,3692.41,73658.12,0.4709,0.00,0.0000,0.0092,0.0026,,,,,,,
37.3133,9,3,9.4357,46.7487,converged,3692.41,73658.12,0.4709,0.00,0.0000,0.0093,0.0026,,,,,,,
26.6208,10,3,9.3755,35.9956,converged,3692.41,73658.12,0.4709,0.00,0.0000,0.0089,0.0026,,,,,,,
25.3860,10,3,9.1162,34.5022,converged,3692.41,73658.12,0.4709,0.00,0.0000,0.0105,0.0034,,,,,,,
43.8694,8,3,9.0195,52.8886,converged,3692.41,73658.12,0.4709,0.00,0.0000,0.0080,0.0037,,,,,,,
58.0620,5,3,12.6071,70.6692,converged,3692.41,73658.12,0.4709,0.00,0.0000,0.0074,0.0614,,,,,,,
55.4740,6,3,9.0063,64.4803,converged,3692.41,73658.12,0.4709,0.00,0.0000,0.0086,0.0340,,,,,,,
22.7379,10,3,9.1752,31.9122,converged,3692.41,73658.12,0.4709,0.00,0.0000,0.0083,0.0024,,,,,,,
25.5883,10,3,8.9135,34.5015,converged,3692.41,73658.12,0.4709,0.00,0.0000,0.0092,0.0032,,,,,,,
55.0138,6,3,9.2393,64.2524,converged,3692.41,73658.12,0.4709,0.00,0.0000,0.0120,0.0255,,,,,,,
41.8591,8,3,10.5955,52.4545,converged,3692.41,73658.12,0.4709,0.00,0.0000,0.0100,0.0054,,,,,,,
55.5345,6,3,9.4940,65.0281,converged,3692.41,73658.12,0.4709,0.00,0.0000,0.0108,0.0225,,,,,,,
26.0935,10,3,9.5729,35.6660,converged,3692.41,73658.12,0.4709,0.00,0.0000,0.0088,0.0025,,,,,,,
35.6689,9,3,10.5039,46.1719,converged,3692.41,73658.12,0.4709,0.00,0.0000,0.0099,0.0029,,,,,,,
21.3258,10,3,9.2242,30.5492,converged,3692.41,73658.12,0.4709,0.00,0.0000,0.0097,0.0038,,,,,,,
44.6476,8,3,10.2217,54.8687,converged,3692.41,73658.12,0.4709,0.00,0.0000,0.0087,0.0059,,,,,,,
49.4735,7,3,9.1882,58.6612,converged,3692.41,73658.12,0.4709,0.00,0.0000,0.0097,0.0150,,,,,,,
37.1551,9,3,10.2811,47.4362,converged,3692.41,73658.12,0.4709,0.00,0.0000,0.0097,0.0026,,,,,,,
33.9025,10,3,10.0203,43.9224,converged,3692.41,73658.12,0.4709,0.00,0.0000,0.0100,0.0029,,,,,,,
45.7593,8,3,8.9380,54.6970,converged,3692.41,73658.12,0.4709,0.00,0.0000,0.0123,0.0036,,,,,,,
26.8619,10,3,9.3150,36.1760,converged,3692.41,73658.12,0.4709,0.00,0.0000,0.0077,0.0028,,,,,,,
56.7347,6,3,10.2526,66.9866,converged,3692.41,73658.12,0.4709,0.00,0.0000,0.0147,0.0296,,,,,,,
55.2193,6,3,9.4657,64.6848,converged,3692.41,73658.12,0.4709,0.00,0.0000,0.0107,0.0286,,,,,,,
44.2802,8,3,9.3064,53.5864,converged,3692.41,73658.12,0.4709,0.00,0.0000,0.0088,0.0041,,,,,,,
26.8247,10,3,9.0660,35.8901,converged,3692.41,73658.12,0.4709,0.00,0.0000,0.0094,0.0024,,,,,,,
55.0690,6,3,9.9449,65.0139,converged,3692.41,73658.12,0.4709,0.00,0.0000,0.0130,0.0267,,,,,,,
30.0565,10,3,9.2036,39.2596,converged,3692.41,73658.12,0.4709,0.00,0.0000,0.0077,0.0024,,,,,,,
40.4045,8,3,10.0455,50.4495,converged,3692.41,73658.12,0.4709,0.00,0.0000,0.0104,0.0036,,,,,,,
58.5309,5,3,9.1376,67.6676,converged,3692.41,73658.12,0.4709,0.00,0.0000,0.0097,0.0539,,,,,,,
49.0328,7,3,9.0637,58.0957,converged,3692.41,73658.12,0.4709,0.00,0.0000,0.0094,0.0141,,,,,,,
43.1570,8,3,9.4343,52.5914,converged,3692.41,73658.12,0.4709,0.00,0.0000,0.0083,0.0078,,,,,,,
22.0409,10,3,10.4300,32.4701,converged,3692.41,73658.12,0.4709,0.00,0.0000,0.0084,0.0024,,,,,,,
47.8762,7,3,9.8823,57.7583,converged,3692.41,73658.12,0.4709,0.00,0.0000,0.0081,0.0135,,,,,,,
34.8454,9,3,9.8134,44.6585,converged,3692.41,73658.12,0.4709,0.00,0.0000,0.0075,0.0029,,,,,,,
43.1757,8,3,8.8783,52.0533,converged,3692.41,73658.12,0.4709,0.00,0.0000,0.0085,0.0057,,,,,,,
50.1004,7,3,9.4228,59.5229,converged,3692.41,73658.12,0.4709,0.00,0.0000,0.0094,0.0052,,,,,,,
30.7152,10,3,9.0606,39.7756,converged,3692.41,73658.12,0.4709,0.00,0.0000,0.0079,0.0022,,,,,,,
22.4885,10,3,8.8683,31.3563,converged,3692.41,73658.12,0.4709,0.00,0.0000,0.0074,0.0022,,,,,,,
59.4917,5,3,9.3073,68.7983,converged,3692.41,73658.12,0.4709,0.00,0.0000,0.0068,0.0626,,,,,,,
45.4694,8,3,10.1358,55.6049,converged,3692.41,73658.12,0.4709,0.00,0.0000,0.0094,0.0055,,,,,,,
22.3044,10,3,9.0709,31.3749,converged,3692.41,73658.12,0.4709,0.00,0.0000,0.0085,0.0020,,,,,,,
55.6070,6,3,9.1702,64.7762,converged,3692.41,73658.12,0.4709,0.00,0.0000,0.0111,0.0394,,,,,,,
33.7496,10,3,9.3409,43.0899,converged,3692.41,73658.12,0.4709,0.00,0.0000,0.0087,0.0021,,,,,,,
24.4987,10,3,8.8907,33.3887,converged,3692.41,73658.12,0.4709,0.00,0.0000,0.0079,0.0028,,,,,,,
48.3981,7,3,9.5899,57.9879,converged,3692.41,73658.12,0.4709,0.00,0.0000,0.0100,0.0130,,,,,,,
51.1962,7,3,9.1328,60.3288,converged,3692.41,73658.12,0.4709,0.00,0.0000,0.0093,0.0238,,,,,,,
46.5162,7,3,9.3749,55.8909,converged,3692.41,73658.12,0.4709,0.00,0.0000,0.0121,0.0062,,,,,,,
23.1564,10,3,9.2278,32.3838,converged,3692.41,73658.12,0.4709,0.00,0.0000,0.0075,0.0020,,,,,,,
23.2600,10,3,10.0263,33.2864,converged,3692.41,73658.12,0.4709,0.00,0.0000,0.0090,0.0023,,,,,,,
42.9777,8,3,9.2368,52.2138,converged,3692.41,73658.12,0.4709,0.00,0.0000,0.0094,0.0046,,,,,,,
23.6918,10,3,9.2724,32.9634,converged,3692.41,73658.12,0.4709,0.00,0.0000,0.0058,0.0041,,,,,,,
22.3930,10,3,9.5396,31.9316,converged,3692.41,73658.12,0.4709,0.00,0.0000,0.0094,0.0033,,,,,,,
30.5644,10,3,9.0886,39.6527,converged,3692.41,73658.12,0.4709,0.00,0.0000,0.0087,0.0031,,,,,,,
38.5577,9,3,9.3357,47.8927,converged,3692.41,73658.12,0.4709,0.00,0.0000,0.0087,0.0023,,,,,,,
46.8811,7,3,10.5821,57.4632,converged,3692.41,73658.12,0.4709,0.00,0.0000,0.0119,0.0070,,,,,,,
55.3159,6,3,10.2981,65.6132,converged,3692.41,73658.12,0.4709,0.00,0.0000,0.0102,0.0302,,,,,,,
54.0398,6,3,9.4635,63.5025,converged,3692.41,73658.12,0.4709,0.00,0.0000,0.0112,0.0337,,,,,,,
44.3286,8,3,9.2303,53.5583,converged,3692.41,73658.12,0.4709,0.00,0.0000,0.0110,0.0045,,,,,,,
56.2641,6,3,10.6644,66.9285,converged,3692.41,73658.12,0.4709,0.00,0.0000,0.0122,0.0234,,,,,,,
23.0010,10,3,9.9802,32.9803,converged,3692.41,73658.12,0.4709,0.00,0.0000,0.0100,0.0032,,,,,,,
39.5105,9,3,9.1942,48.7042,converged,3692.41,73658.12,0.4709,0.00,0.0000,0.0117,0.0027,,,,,,,
40.7993,8,3,10.0596,50.8586,converged,3692.41,73658.12,0.4709,0.00,0.0000,0.0119,0.0067,,,,,,,
41.6862,8,3,9.2731,50.9591,converged,3692.41,73658.12,0.4709,0.00,0.0000,0.0079,0.0082,,,,,,,
34.7646,9,3,13.1210,47.8851,converged,3692.41,73658.12,0.4709,0.00,0.0000,0.0077,0.0048,,,,,,,
47.0977,7,3,9.0033,56.1003,converged,3692.41,73658.12,0.4709,0.00,0.0000,0.0106,0.0063,,,,,,,
57.0332,6,3,10.1787,67.2117,converged,3692.41,73658.12,0.4709,0.00,0.0000,0.0103,0.0196,,,,,,,
58.3276,5,3,9.0021,67.3291,converged,3692.41,73658.12,0.4709,0.00,0.0000,0.0107,0.0624,,,,,,,
37.4417,9,3,10.5584,47.9994,converged,3692.41,73658.12,0.4709,0.00,0.0000,0.0085,0.0022,,,,,,,
33.2259,10,3,10.0683,43.2934,converged,3692.41,73658.12,0.4709,0.00,0.0000,0.0082,0.0022,,,,,,,
57.5358,6,3,9.6416,67.1766,converged,3692.41,73658.12,0.4709,0.00,0.0000,0.0089,0.0403,,,,,,,
46.6156,7,3,9.7026,56.3177,converged,3692.41,73658.12,0.4709,0.00,0.0000,0.0094,0.0075,,,,,,,
57.5551,6,3,9.7376,67.2965,converged,3692.41,73658.12,0.4709,0.00,0.0000,0.0096,0.0195,,,,,,,
41.9842,8,3,9.0212,51.0052,converged,3692.41,73658.12,0.4709,0.00,0.0000,0.0089,0.0080,,,,,,,
55.2949,6,3,9.3255,64.6196,converged,3692.41,73658.12,0.4709,0.00,0.0000,0.0116,0.0194,,,,,,,
28.5326,10,3,8.9892,37.5213,converged,3692.41,73658.12,0.4709,0.00,0.0000,0.0086,0.0025,,,,,,,
41.4468,8,3,9.2078,50.6538,converged,3692.41,73658.12,0.4709,0.00,0.0000,0.0128,0.0035,,,,,,,
53.7085,6,3,9.6820,63.3900,converged,3692.41,73658.12,0.4709,0.00,0.0000,0.0121,0.0265,,,,,,,
32.0093,10,3,11.6939,43.7030,converged,3692.41,73658.12,0.4709,0.00,0.0000,0.0093,0.0021,,,,,,,
26.2659,10,3,9.5766,35.8417,converged,3692.41,73658.12,0.4709,0.00,0.0000,0.0095,0.0032,,,,,,,
43.1192,8,3,9.1781,52.2972,converged,3692.41,73658.12,0.4709,0.00,0.0000,0.0092,0.0041,,,,,,,
40.7660,8,3,9.2381,50.0031,converged,3692.41,73658.12,0.4709,0.00,0.0000,0.0091,0.0064,,,,,,,
54.4837,6,3,8.8053,63.2883,converged,3692.41,73658.12,0.4709,0.00,0.0000,0.0111,0.0189,,,,,,,
55.6165,6,3,9.0548,64.6709,converged,3692.41,73658.12,0.4709,0.00,0.0000,0.0093,0.0161,,,,,,,
49.2169,7,3,9.8194,59.0354,converged,3692.41,73658.12,0.4709,0.00,0.0000,0.0088,0.0178,,,,,,,
35.6400,9,3,8.9338,44.5729,converged,3692.41,73658.12,0.4709,0.00,0.0000,0.0104,0.0033,,,,,,,
59.7150,5,3,9.2121,68.9271,converged,3692.41,73658.12,0.4709,0.00,0.0000,0.0075,0.0593,,,,,,,
58.9218,5,3,9.4463,68.3673,converged,3692.41,73658.12,0.4709,0.00,0.0000,0.0115,0.0652,,,,,,,
57.6511,6,3,9.8893,67.5403,converged,3692.41,73658.12,0.4709,0.00,0.0000,0.0103,0.0247,,,,,,,
23.1460,10,3,8.7968,31.9428,converged,3692.41,73658.12,0.4709,0.00,0.0000,0.0089,0.0028,,,,,,,
36.1430,9,3,9.7178,45.8608,converged,3692.41,73658.12,0.4709,0.00,0.0000,0.0080,0.0025,,,,,,,
49.8149,7,3,9.0804,58.8944,converged,3692.41,73658.12,0.4709,0.00,0.0000,0.0084,0.0169,,,,,,,
53.7843,6,3,8.9711,62.7551,converged,3692.41,73658.12,0.4709,0.00,0.0000,0.0094,0.0362,,,,,,,
59.6020,5,3,9.0946,68.6957,converged,3692.41,73658.12,0.4709,0.00,0.0000,0.0106,0.0557,,,,,,,
31.4881,10,3,12.0117,43.4998,converged,3692.41,73658.12,0.4709,0.00,0.0000,0.0093,0.0036,,,,,,,
34.1585,9,3,10.3784,44.5364,converged,3692.41,73658.12,0.4709,0.00,0.0000,0.0083,0.0024,,,,,,,
59.9720,5,3,9.2197,69.1918,converged,3692.41,73658.12,0.4709,0.00,0.0000,0.0074,0.0675,,,,,,,
53.7070,6,3,9.1346,62.8416,converged,3692.41,73658.12,0.4709,0.00,0.0000,0.0118,0.0168,,,,,,,
29.5181,10,3,9.1386,38.6567,converged,3692.41,73658.12,0.4709,0.00,0.0000,0.0072,0.0023,,,,,,,
38.0177,9,3,9.3980,47.4150,converged,3692.41,73658.12,0.4709,0.00,0.0000,0.0133,0.0023,,,,,,,
36.6330,9,3,9.8282,46.4602,converged,3692.41,73658.12,0.4709,0.00,0.0000,0.0095,0.0025,,,,,,,
20.6165,10,3,9.0164,29.6324,converged,3692.41,73658.12,0.4709,0.00,0.0000,0.0074,0.0024,,,,,,,
57.9096,6,3,8.9203,66.8293,converged,3692.41,73658.12,0.4709,0.00,0.0000,0.0064,0.0207,,,,,,,
53.5513,6,3,9.9655,63.5166,converged,3692.41,73658.12,0.4709,0.00,0.0000,0.0082,0.0337,,,,,,,
36.9104,9,3,8.8699,45.7799,converged,3692.41,73658.12,0.4709,0.00,0.0000,0.0098,0.0028,,,,,,,
42.9318,8,3,9.1472,52.0783,converged,3692.41,73658.12,0.4709,0.00,0.0000,0.0103,0.0047,,,,,,,
57.7536,6,3,10.1316,67.8847,converged,3692.41,73658.12,0.4709,0.00,0.0000,0.0163,0.0086,,,,,,,
29.5285,10,3,12.9118,42.4399,converged,3692.41,73658.12,0.4709,0.00,0.0000,0.0087,0.0022,,,,,,,
20.8132,10,3,8.9343,29.7473,converged,3692.41,73658.12,0.4709,0.00,0.0000,0.0089,0.0026,,,,,,,
57.1009,6,3,9.3253,66.4253,converged,3692.41,73658.12,0.4709,0.00,0.0000,0.0096,0.0324,,,,,,,
35.7439,9,3,9.7873,45.5304,converged,3692.41,73658.12,0.4709,0.00,0.0000,0.0090,0.0040,,,,,,,
28.3454,10,3,9.2514,37.5964,converged,3692.41,73658.12,0.4709,0.00,0.0000,0.0079,0.0020,,,,,,,
29.5546,10,3,9.1056,38.6596,converged,3692.41,73658.12,0.4709,0.00,0.0000,0.0102,0.0027,,,,,,,
31.7570,10,3,9.4500,41.2060,converged,3692.41,73658.12,0.4709,0.00,0.0000,0.0098,0.0038,,,,,,,
44.8305,8,3,10.8211,55.6511,converged,3692.41,73658.12,0.4709,0.00,0.0000,0.0111,0.0079,,,,,,,
37.1417,9,3,9.5452,46.6862,converged,3692.41,73658.12,0.4709,0.00,0.0000,0.0091,0.0027,,,,,,,
59.3794,5,3,9.6689,69.0480,converged,3692.41,73658.12,0.4709,0.00,0.0000,0.0090,0.0668,,,,,,,
27.0411,10,3,9.2846,36.3257,converged,3692.41,73658.12,0.4709,0.00,0.0000,0.0101,0.0028,,,,,,,
40.5828,8,3,9.0261,49.6081,converged,3692.41,73658.12,0.4709,0.00,0.0000,0.0089,0.0056,,,,,,,
53.8177,6,3,9.3134,63.1304,converged,3692.41,73658.12,0.4709,0.00,0.0000,0.0101,0.0299,,,,,,,
30.6450,10,3,9.1841,39.8281,converged,3692.41,73658.12,0.4709,0.00,0.0000,0.0103,0.0024,,,,,,,
55.6755,6,3,9.6282,65.3032,converged,3692.41,73658.12,0.4709,0.00,0.0000,0.0124,0.0304,,,,,,,
51.0680,7,3,10.0802,61.1482,converged,3692.41,73658.12,0.4709,0.00,0.0000,0.0132,0.0105,,,,,,,
24.5341,10,3,12.3535,36.8875,converged,3692.41,73658.12,0.4709,0.00,0.0000,0.0094,0.0023,,,,,,,
41.4569,8,3,9.5120,50.9680,converged,3692.41,73658.12,0.4709,0.00,0.0000,0.0100,0.0038,,,,,,,
22.2530,10,3,12.6569,34.9099,converged,3692.41,73658.12,0.4709,0.00,0.0000,0.0079,0.0026,,,,,,,
42.2611,8,3,9.5126,51.7736,converged,3692.41,73658.12,0.4709,0.00,0.0000,0.0096,0.0047,,,,,,,
40.4731,8,3,9.1510,49.6240,converged,3692.41,73658.12,0.4709,0.00,0.0000,0.0094,0.0073,,,,,,,
55.9191,6,3,8.6948,64.6139,converged,3692.41,73658.12,0.4709,0.00,0.0000,0.0094,0.0279,,,,,,,
47.0127,7,3,9.1498,56.1618,converged,3692.41,73658.12,0.4709,0.00,0.0000,0.0110,0.0062,,,,,,,
27.3725,10,3,9.2368,36.6089,converged,3692.41,73658.12,0.4709,0.00,0.0000,0.0095,0.0026,,,,,,,
54.2340,6,3,8.7317,62.9658,converged,3692.41,73658.12,0.4709,0.00,0.0000,0.0160,0.0182,,,,,,,
46.4152,7,3,9.3902,55.8053,converged,3692.41,73658.12,0.4709,0.00,0.0000,0.0113,0.0064,,,,,,,
56.2387,6,3,10.0008,66.2388,converged,3692.41,73658.12,0.4709,0.00,0.0000,0.0128,0.0411,,,,,,,
32.5578,10,3,10.6820,43.2390,converged,3692.41,73658.12,0.4709,0.00,0.0000,0.0075,0.0022,,,,,,,
20.0952,10,3,9.4646,29.5596,converged,3692.41,73658.12,0.4709,0.00,0.0000,0.0073,0.0023,,,,,,,
53.6942,6,3,9.1909,62.8850,converged,3692.41,73658.12,0.4709,0.00,0.0000,0.0141,0.0165,,,,,,,
46.5647,7,3,9.2418,55.8059,converged,3692.41,73658.12,0.4709,0.00,0.0000,0.0097,0.0119,,,,,,,
49.6076,7,3,9.0594,58.6665,converged,3692.41,73658.12,0.4709,0.00,0.0000,0.0150,0.0057,,,,,,,
30.4150,10,3,9.4449,39.8590,converged,3692.41,73658.12,0.4709,0.00,0.0000,0.0096,0.0025,,,,,,,
47.7367,7,3,9.0816,56.8176,converged,3692.41,73658.12,0.4709,0.00,0.0000,0.0094,0.0095,,,,,,,
39.6453,9,3,9.1126,48.7576,converged,3692.41,73658.12,0.4709,0.00,0.0000,0.0097,0.0040,,,,,,,
27.0208,10,3,9.3383,36.3584,converged,3692.41,73658.12,0.4709,0.00,0.0000,0.0111,0.0031,,,,,,,
45.8044,8,3,9.1693,54.9734,converged,3692.41,73658.12,0.4709,0.00,0.0000,0.0096,0.0066,,,,,,,
46.1561,7,3,9.3442,55.5002,converged,3692.41,73658.12,0.4709,0.00,0.0000,0.0098,0.0056,,,,,,,
53.0786,6,3,8.9270,62.0051,converged,3692.41,73658.12,0.4709,0.00,0.0000,0.0086,0.0199,,,,,,,
49.0322,7,3,9.8623,58.8943,converged,3692.41,73658.12,0.4709,0.00,0.0000,0.0117,0.0082,,,,,,,
53.4323,6,3,9.6118,63.0438,converged,3692.41,73658.12,0.4709,0.00,0.0000,0.0102,0.0276,,,,,,,
42.4438,8,3,10.1161,52.5591,converged,3692.41,73658.12,0.4709,0.00,0.0000,0.0111,0.0049,,,,,,,
40.2662,8,3,9.0625,49.3285,converged,3692.41,73658.12,0.4709,0.00,0.0000,0.0087,0.0064,,,,,,,
42.3683,8,3,9.2556,51.6236,converged,3692.41,73658.12,0.4709,0.00,0.0000,0.0125,0.0043,,,,,,,
37.8901,9,3,11.8223,49.7124,converged,3692.41,73658.12,0.4709,0.00,0.0000,0.0095,0.0030,,,,,,,
37.9189,9,3,8.9669,46.8849,converged,3692.41,73658.12,0.4709,0.00,0.0000,0.0100,0.0026,,,,,,,
55.7984,6,3,8.7520,64.5501,converged,3692.41,73658.12,0.4709,0.00,0.0000,0.0079,0.0169,,,,,,,
46.7983,7,3,9.4333,56.2314,converged,3692.41,73658.12,0.4709,0.00,0.0000,0.0085,0.0079,,,,,,,
39.2205,9,3,9.1523,48.3723,converged,3692.41,73658.12,0.4709,0.00,0.0000,0.0095,0.0026,,,,,,,
50.6388,7,3,10.0878,60.7258,converged,3692.41,73658.12,0.4709,0.00,0.0000,0.0106,0.0227,,,,,,,
55.6551,6,3,9.1727,64.8277,converged,3692.41,73658.12,0.4709,0.00,0.0000,0.0079,0.0179,,,,,,,
25.6642,10,3,9.7751,35.4391,converged,3692.41,73658.12,0.4709,0.00,0.0000,0.0087,0.0025,,,,,,,
26.2469,10,3,9.3920,35.6380,converged,3692.41,73658.12,0.4709,0.00,0.0000,0.0075,0.0033,,,,,,,
36.9248,9,3,10.4300,47.3540,converged,3692.41,73658.12,0.4709,0.00,0.0000,0.0091,0.0030,,,,,,,
43.2860,8,3,9.0559,52.3409,converged,3692.41,73658.12,0.4709,0.00,0.0000,0.0101,0.0028,,,,,,,
38.8618,9,3,8.9740,47.8350,converged,3692.41,73658.12,0.4709,0.00,0.0000,0.0076,0.0029,,,,,,,
44.7231,8,3,9.2175,53.9406,converged,3692.41,73658.12,0.4709,0.00,0.0000,0.0099,0.0058,,,,,,,
31.3120,10,3,9.1492,40.4603,converged,3692.41,73658.12,0.4709,0.00,0.0000,0.0083,0.0025,,,,,,,
24.5120,10,3,9.5747,34.0857,converged,3692.41,73658.12,0.4709,0.00,0.0000,0.0073,0.0021,,,,,,,
42.3507,8,3,9.4944,51.8444,converged,3692.41,73658.12,0.4709,0.00,0.0000,0.0109,0.0038,,,,,,,
45.0383,8,3,8.9814,54.0195,converged,3692.41,73658.12,0.4709,0.00,0.0000,0.0101,0.0049,,,,,,,
51.6351,7,3,10.6712,62.3062,converged,3692.41,73658.12,0.4709,0.00,0.0000,0.0133,0.0097,,,,,,,
56.2140,6,3,9.0527,65.2667,converged,3692.41,73658.12,0.4709,0.00,0.0000,0.0136,0.0186,,,,,,,
43.5633,8,3,9.0532,52.6162,converged,3692.41,73658.12,0.4709,0.00,0.0000,0.0102,0.0053,,,,,,,
51.0436,7,3,9.2967,60.3397,converged,3692.41,73658.12,0.4709,0.00,0.0000,0.0089,0.0100,,,,,,,
39.6425,9,3,9.4432,49.0852,converged,3692.41,73658.12,0.4709,0.00,0.0000,0.0091,0.0025,,,,,,,
26.8619,10,3,9.2336,36.0947,converged,3692.41,73658.12,0.4709,0.00,0.0000,0.0097,0.0021,,,,,,,
55.5247,6,3,8.6986,64.2226,converged,3692.41,73658.12,0.4709,0.00,0.0000,0.0123,0.0264,,,,,,,
33.5903,10,3,8.7782,42.3683,converged,3692.41,73658.12,0.4709,0.00,0.0000,0.0081,0.0025,,,,,,,
24.3125,10,3,9.0131,33.3251,converged,3692.41,73658.12,0.4709,0.00,0.0000,0.0079,0.0024,,,,,,,
33.3488,10,3,9.1351,42.4831,converged,3692.41,73658.12,0.4709,0.00,0.0000,0.0083,0.0027,,,,,,,
38.8744,9,3,9.1015,47.9755,converged,3692.41,73658.12,0.4709,0.00,0.0000,0.0087,0.0039,,,,,,,
52.9378,6,3,9.0857,62.0227,converged,3692.41,73658.12,0.4709,0.00,0.0000,0.0109,0.0296,,,,,,,
58.8374,5,3,9.1999,68.0369,converged,3692.41,73658.12,0.4709,0.00,0.0000,0.0086,0.0539,,,,,,,
42.1141,8,3,9.3435,51.4576,converged,3692.41,73658.12,0.4709,0.00,0.0000,0.0096,0.0044,,,,,,,
22.1722,10,3,9.1987,31.3707,converged,3692.41,73658.12,0.4709,0.00,0.0000,0.0096,0.0025,,,,,,,
53.7508,6,3,9.9063,63.6563,converged,3692.41,73658.12,0.4709,0.00,0.0000,0.0111,0.0249,,,,,,,
35.3943,9,3,9.4492,44.8433,converged,3692.41,73658.12,0.4709,0.00,0.0000,0.0086,0.0026,,,,,,,
23.8897,10,3,9.4562,33.3453,converged,3692.41,73658.12,0.4709,0.00,0.0000,0.0069,0.0023,,,,,,,
30.3306,10,3,12.2054,42.5354,converged,3692.41,73658.12,0.4709,0.00,0.0000,0.0095,0.0027,,,,,,,
53.6296,6,3,8.9093,62.5383,converged,3692.41,73658.12,0.4709,0.00,0.0000,0.0109,0.0203,,,,,,,
49.5776,7,3,9.0779,58.6549,converged,3692.41,73658.12,0.4709,0.00,0.0000,0.0098,0.0129,,,,,,,
41.5458,8,3,9.0533,50.5984,converged,3692.41,73658.12,0.4709,0.00,0.0000,0.0112,0.0051,,,,,,,
23.4351,10,3,9.1951,32.6301,converged,3692.41,73658.12,0.4709,0.00,0.0000,0.0095,0.0025,,,,,,,
33.8561,10,3,9.0292,42.8852,converged,3692.41,73658.12,0.4709,0.00,0.0000,0.0082,0.0025,,,,,,,
53.3876,6,3,9.7713,63.1584,converged,3692.41,73658.12,0.4709,0.00,0.0000,0.0078,0.0339,,,,,,,
24.1454,10,3,9.2753,33.4204,converged,3692.41,73658.12,0.4709,0.00,0.0000,0.0089,0.0019,,,,,,,
50.4778,7,3,9.3444,59.8214,converged,3692.41,73658.12,0.4709,0.00,0.0000,0.0099,0.0070,,,,,,,
28.9406,10,3,9.1145,38.0545,converged,3692.41,73658.12,0.4709,0.00,0.0000,0.0087,0.0025,,,,,,,
22.9904,10,3,10.2721,33.2622,converged,3692.41,73658.12,0.4709,0.00,0.0000,0.0094,0.0025,,,,,,,
49.0406,7,3,9.4054,58.4454,converged,3692.41,73658.12,0.4709,0.00,0.0000,0.0112,0.0156,,,,,,,
56.4350,6,3,9.2732,65.7083,converged,3692.41,73658.12,0.4709,0.00,0.0000,0.0114,0.0310,,,,,,,
38.4953,9,3,9.2821,47.7771,converged,3692.41,73658.12,0.4709,0.00,0.0000,0.0099,0.0032,,,,,,,
59.9590,5,3,10.0637,70.0218,converged,3692.41,73658.12,0.4709,0.00,0.0000,0.0067,0.0618,,,,,,,
31.7568,10,3,9.3102,41.0662,converged,3692.41,73658.12,0.4709,0.00,0.0000,0.0096,0.0039,,,,,,,
34.7352,9,3,9.1913,43.9263,converged,3692.41,73658.12,0.4709,0.00,0.0000,0.0109,0.0028,,,,,,,
27.8044,10,3,10.3254,38.1294,converged,3692.41,73658.12,0.4709,0.00,0.0000,0.0082,0.0021,,,,,,,
33.7041,10,3,9.7722,43.4762,converged,3692.41,73658.12,0.4709,0.00,0.0000,0.0097,0.0026,,,,,,,
49.0877,7,3,9.4026,58.4896,converged,3692.41,73658.12,0.4709,0.00,0.0000,0.0135,0.0105,,,,,,,
45.1481,8,3,9.4857,54.6337,converged,3692.41,73658.12,0.4709,0.00,0.0000,0.0109,0.0039,,,,,,,
50.2320,7,3,9.1374,59.3684,converged,3692.41,73658.12,0.4709,0.00,0.0000,0.0075,0.0117,,,,,,,
27.2895,10,3,9.0207,36.3097,converged,3692.41,73658.12,0.4709,0.00,0.0000,0.0097,0.0024,,,,,,,
33.2204,10,3,9.3205,42.5406,converged,3692.41,73658.12,0.4709,0.00,0.0000,0.0078,0.0025,,,,,,,
27.6252,10,3,9.8073,37.4323,converged,3692.41,73658.12,0.4709,0.00,0.0000,0.0073,0.0025,,,,,,,
33.0502,10,3,9.9701,43.0202,converged,3692.41,73658.12,0.4709,0.00,0.0000,0.0079,0.0019,,,,,,,
29.1528,10,3,9.5985,38.7505,converged,3692.41,73658.12,0.4709,0.00,0.0000,0.0091,0.0025,,,,,,,
43.9446,8,3,9.4217,53.3658,converged,3692.41,73658.12,0.4709,0.00,0.0000,0.0094,0.0085,,,,,,,
30.4155,10,3,9.6216,40.0367,converged,3692.41,73658.12,0.4709,0.00,0.0000,0.0100,0.0033,,,,,,,
35.7423,9,3,9.5933,45.3354,converged,3692.41,73658.12,0.4709,0.00,0.0000,0.0112,0.0046,,,,,,,
33.9721,10,3,9.8621,43.8341,converged,3692.41,73658.12,0.4709,0.00,0.0000,0.0092,0.0028,,,,,,,
21.3691,10,3,8.8309,30.1999,converged,3692.41,73658.12,0.4709,0.00,0.0000,0.0094,0.0030,,,,,,,
31.7348,10,3,10.0540,41.7880,converged,3692.41,73658.12,0.4709,0.00,0.0000,0.0096,0.0030,,,,,,,
40.3052,8,3,10.6746,50.9796,converged,3692.41,73658.12,0.4709,0.00,0.0000,0.0111,0.0038,,,,,,,
35.2550,9,3,9.4847,44.7387,converged,3692.41,73658.12,0.4709,0.00,0.0000,0.0092,0.0024,,,,,,,
31.3225,10,3,10.5745,41.8966,converged,3692.41,73658.12,0.4709,0.00,0.0000,0.0088,0.0027,,,,,,,
58.2982,5,3,9.2771,67.5751,converged,3692.41,73658.12,0.4709,0.00,0.0000,0.0067,0.0591,,,,,,,
54.6268,6,3,9.1281,63.7541,converged,3692.41,73658.12,0.4709,0.00,0.0000,0.0098,0.0239,,,,,,,
31.5949,10,3,9.1399,40.7340,converged,3692.41,73658.12,0.4709,0.00,0.0000,0.0081,0.0023,,,,,,,
23.4756,10,3,9.0537,32.5287,converged,3692.41,73658.12,0.4709,0.00,0.0000,0.0090,0.0023,,,,,,,
49.2897,7,3,8.8305,58.1196,converged,3692.41,73658.12,0.4709,0.00,0.0000,0.0138,0.0101,,,,,,,
39.6954,9,3,10.3934,50.0885,converged,3692.41,73658.12,0.4709,0.00,0.0000,0.0101,0.0027,,,,,,,
47.0485,7,3,9.3471,56.3952,converged,3692.41,73658.12,0.4709,0.00,0.0000,0.0081,0.0147,,,,,,,
26.0036,10,3,9.3578,35.3609,converged,3692.41,73658.12,0.4709,0.00,0.0000,0.0107,0.0053,,,,,,,
59.4935,5,3,10.0652,69.5582,converged,3692.41,73658.12,0.4709,0.00,0.0000,0.0087,0.0589,,,,,,,
44.4874,8,3,9.6577,54.1447,converged,3692.41,73658.12,0.4709,0.00,0.0000,0.0107,0.0044,,,,,,,
59.7781,5,3,10.5990,70.3770,converged,3692.41,73658.12,0.4709,0.00,0.0000,0.0060,0.0593,,,,,,,
30.1998,10,3,9.0524,39.2515,converged,3692.41,73658.12,0.4709,0.00,0.0000,0.0073,0.0023,,,,,,,
33.1082,10,3,8.9900,42.0980,converged,3692.41,73658.12,0.4709,0.00,0.0000,0.0096,0.0027,,,,,,,
50.8480,7,3,10.5530,61.4000,converged,3692.41,73658.12,0.4709,0.00,0.0000,0.0103,0.0156,,,,,,,
33.6319,10,3,11.4363,45.0673,converged,3692.41,73658.12,0.4709,0.00,0.0000,0.0090,0.0028,,,,,,,
50.1349,7,3,9.9911,60.1251,converged,3692.41,73658.12,0.4709,0.00,0.0000,0.0102,0.0108,,,,,,,
21.9175,10,3,10.1395,32.0565,converged,3692.41,73658.12,0.4709,0.00,0.0000,0.0091,0.0024,,,,,,,
56.3471,6,3,10.2513,66.5984,converged,3692.41,73658.12,0.4709,0.00,0.0000,0.0148,0.0254,,,,,,,
37.1069,9,3,9.2923,46.3983,converged,3692.41,73658.12,0.4709,0.00,0.0000,0.0071,0.0038,,,,,,,
28.0811,10,3,9.2436,37.3247,converged,3692.41,73658.12,0.4709,0.00,0.0000,0.0070,0.0021,,,,,,,
20.3964,10,3,9.1017,29.4977,converged,3692.41,73658.12,0.4709,0.00,0.0000,0.0101,0.0026,,,,,,,
45.0375,8,3,9.0219,54.0589,converged,3692.41,73658.12,0.4709,0.00,0.0000,0.0072,0.0093,,,,,,,
38.9193,9,3,8.8621,47.7811,converged,3692.41,73658.12,0.4709,0.00,0.0000,0.0105,0.0026,,,,,,,
28.9877,10,3,8.9259,37.9129,converged,3692.41,73658.12,0.4709,0.00,0.0000,0.0087,0.0034,,,,,,,
31.0921,10,3,9.0368,40.1288,converged,3692.41,73658.12,0.4709,0.00,0.0000,0.0090,0.0022,,,,,,,
58.1957,5,3,8.9176,67.1126,converged,3692.41,73658.12,0.4709,0.00,0.0000,0.0082,0.0621,,,,,,,
23.9501,10,3,9.0620,33.0120,converged,3692.41,73658.12,0.4709,0.00,0.0000,0.0078,0.0024,,,,,,,
21.8163,10,3,9.2769,31.0930,converged,3692.41,73658.12,0.4709,0.00,0.0000,0.0089,0.0025,,,,,,,
45.4666,8,3,9.2461,54.7122,converged,3692.41,73658.12,0.4709,0.00,0.0000,0.0105,0.0047,,,,,,,
51.3260,7,3,9.2538,60.5798,converged,3692.41,73658.12,0.4709,0.00,0.0000,0.0111,0.0115,,,,,,,
23.4865,10,3,9.0791,32.5652,converged,3692.41,73658.12,0.4709,0.00,0.0000,0.0081,0.0024,,,,,,,
39.0454,9,3,9.5506,48.5956,converged,3692.41,73658.12,0.4709,0.00,0.0000,0.0076,0.0031,,,,,,,
53.9435,6,3,9.6696,63.6127,converged,3692.41,73658.12,0.4709,0.00,0.0000,0.0122,0.0319,,,,,,,
25.0475,10,3,9.6422,34.6892,converged,3692.41,73658.12,0.4709,0.00,0.0000,0.0089,0.0023,,,,,,,
44.3336,8,3,9.4849,53.8179,converged,3692.41,73658.12,0.4709,0.00,0.0000,0.0117,0.0034,,,,,,,
51.4207,7,3,9.5995,61.0195,converged,3692.41,73658.12,0.4709,0.00,0.0000,0.0121,0.0064,,,,,,,
31.0374,10,3,9.7479,40.7971,converged,3692.41,73658.12,0.4709,0.00,0.0000,0.0079,0.0019,,,,,,,
46.1826,7,3,8.8398,55.0219,converged,3692.41,73658.12,0.4709,0.00,0.0000,0.0119,0.0126,,,,,,,
33.0511,10,3,9.0573,42.1083,converged,3692.41,73658.12,0.4709,0.00,0.0000,0.0082,0.0023,,,,,,,
34.6795,9,3,9.1453,43.8243,converged,3692.41,73658.12,0.4709,0.00,0.0000,0.0097,0.0025,,,,,,,
54.2162,6,3,8.9536,63.1697,converged,3692.41,73658.12,0.4709,0.00,0.0000,0.0084,0.0356,,,,,,,
47.2086,7,3,9.6015,56.8095,converged,3692.41,73658.12,0.4709,0.00,0.0000,0.0127,0.0048,,,,,,,
42.9308,8,3,9.6584,52.5884,converged,3692.41,73658.12,0.4709,0.00,0.0000,0.0073,0.0107,,,,,,,
37.7558,9,3,10.1561,47.9111,converged,3692.41,73658.12,0.4709,0.00,0.0000,0.0104,0.0026,,,,,,,
55.3942,6,3,8.8522,64.2463,converged,3692.41,73658.12,0.4709,0.00,0.0000,0.0103,0.0349,,,,,,,
37.8130,9,3,9.3366,47.1487,converged,3692.41,73658.12,0.4709,0.00,0.0000,0.0089,0.0029,,,,,,,
57.8442,6,3,8.9649,66.8089,converged,3692.41,73658.12,0.4709,0.00,0.0000,0.0097,0.0217,,,,,,,
24.2904,10,3,9.2504,33.5404,converged,3692.41,73658.12,0.4709,0.00,0.0000,0.0090,0.0033,,,,,,,
59.7062,5,3,9.1579,68.8640,converged,3692.41,73658.12,0.4709,0.00,0.0000,0.0093,0.0648,,,,,,,
45.0572,8,3,9.4430,54.5000,converged,3692.41,73658.12,0.4709,0.00,0.0000,0.0092,0.0026,,,,,,,
46.1177,7,3,9.4492,55.5662,converged,3692.41,73658.12,0.4709,0.00,0.0000,0.0090,0.0107,,,,,,,
54.9804,6,3,9.9235,64.9036,converged,3692.41,73658.12,0.4709,0.00,0.0000,0.0140,0.0168,,,,,,,
46.5462,7,3,9.5098,56.0559,converged,3692.41,73658.12,0.4709,0.00,0.0000,0.0104,0.0036,,,,,,,
36.1281,9,3,8.8653,44.9933,converged,3692.41,73658.12,0.4709,0.00,0.0000,0.0078,0.0032,,,,,,,
59.5613,5,3,9.2479,68.8089,converged,3692.41,73658.12,0.4709,0.00,0.0000,0.0126,0.0731,,,,,,,
58.4204,5,3,9.8894,68.3094,converged,3692.41,73658.12,0.4709,0.00,0.0000,0.0074,0.0460,,,,,,,
54.1029,6,3,9.3402,63.4422,converged,3692.41,73658.12,0.4709,0.00,0.0000,0.0130,0.0302,,,,,,,
20.8880,10,3,9.1062,29.9932,converged,3692.41,73658.12,0.4709,0.00,0.0000,0.0088,0.0026,,,,,,,
47.6191,7,3,9.1551,56.7741,converged,3692.41,73658.12,0.4709,0.00,0.0000,0.0123,0.0044,,,,,,,
59.4743,5,3,9.2144,68.6884,converged,3692.41,73658.12,0.4709,0.00,0.0000,0.0087,0.0618,,,,,,,
36.5685,9,3,9.2083,45.7763,converged,3692.41,73658.12,0.4709,0.00,0.0000,0.0074,0.0034,,,,,,,
54.9198,6,3,9.2622,64.1812,converged,3692.41,73658.12,0.4709,0.00,0.0000,0.0095,0.0205,,,,,,,
27.5622,10,3,9.2275,36.7896,converged,3692.41,73658.12,0.4709,0.00,0.0000,0.0079,0.0024,,,,,,,
38.7954,9,3,9.1356,47.9306,converged,3692.41,73658.12,0.4709,0.00,0.0000,0.0081,0.0053,,,,,,,
53.1120,6,3,10.0787,63.1898,converged,3692.41,73658.12,0.4709,0.00,0.0000,0.0091,0.0240,,,,,,,
50.9414,7,3,8.7633,59.7044,converged,3692.41,73658.12,0.4709,0.00,0.0000,0.0099,0.0123,,,,,,,
30.4787,10,3,8.7284,39.2064,converged,3692.41,73658.12,0.4709,0.00,0.0000,0.0069,0.0024,,,,,,,
44.5215,8,3,9.3323,53.8533,converged,3692.41,73658.12,0.4709,0.00,0.0000,0.0086,0.0074,,,,,,,
23.0798,10,3,9.1327,32.2117,converged,3692.41,73658.12,0.4709,0.00,0.0000,0.0087,0.0024,,,,,,,
46.6419,7,3,8.8882,55.5292,converged,3692.41,73658.12,0.4709,0.00,0.0000,0.0113,0.0041,,,,,,,
59.9771,5,3,9.0373,69.0143,converged,3692.41,73658.12,0.4709,0.00,0.0000,0.0072,0.0570,,,,,,,
44.4549,8,3,9.4743,53.9283,converged,3692.41,73658.12,0.4709,0.00,0.0000,0.0091,0.0062,,,,,,,
40.2769,8,3,8.9572,49.2332,converged,3692.41,73658.12,0.4709,0.00,0.0000,0.0085,0.0053,,,,,,,
27.9602,10,3,9.5008,37.4608,converged,3692.41,73658.12,0.4709,0.00,0.0000,0.0096,0.0032,,,,,,,
20.2378,10,3,9.0808,29.3179,converged,3692.41,73658.12,0.4709,0.00,0.0000,0.0088,0.0020,,,,,,,
54.3822,6,3,9.4812,63.8633,converged,3692.41,73658.12,0.4709,0.00,0.0000,0.0122,0.0313,,,,,,,
39.5321,9,3,8.9558,48.4879,converged,3692.41,73658.12,0.4709,0.00,0.0000,0.0102,0.0027,,,,,,,
22.0491,10,3,9.2114,31.2604,converged,3692.41,73658.12,0.4709,0.00,0.0000,0.0085,0.0023,,,,,,,
58.0047,5,3,9.4421,67.4461,converged,3692.41,73658.12,0.4709,0.00,0.0000,0.0104,0.0622,,,,,,,
20.0324,10,3,9.1728,29.2048,converged,3692.41,73658.12,0.4709,0.00,0.0000,0.0083,0.0025,,,,,,,
44.8534,8,3,9.9234,54.7764,converged,3692.41,73658.12,0.4709,0.00,0.0000,0.0115,0.0033,,,,,,,
20.3804,10,3,9.3012,29.6813,converged,3692.41,73658.12,0.4709,0.00,0.0000,0.0107,0.0031,,,,,,,
22.2313,10,3,8.9906,31.2217,converged,3692.41,73658.12,0.4709,0.00,0.0000,0.0088,0.0022,,,,,,,
58.5775,5,3,10.7008,69.2778,converged,3692.41,73658.12,0.4709,0.00,0.0000,0.0113,0.0451,,,,,,,
46.7323,7,3,9.6677,56.3997,converged,3692.41,73658.12,0.4709,0.00,0.0000,0.0092,0.0168,,,,,,,
21.4959,10,3,12.6111,34.1062,converged,3692.41,73658.12,0.4709,0.00,0.0000,0.0087,0.0020,,,,,,,
22.7657,10,3,8.9917,31.7567,converged,3692.41,73658.12,0.4709,0.00,0.0000,0.0089,0.0028,,,,,,,
45.4621,8,3,9.0726,54.5346,converged,3692.41,73658.12,0.4709,0.00,0.0000,0.0109,0.0031,,,,,,,
44.9836,8,3,9.4954,54.4785,converged,3692.41,73658.12,0.4709,0.00,0.0000,0.0105,0.0043,,,,,,,
56.2570,6,3,9.2749,65.5309,converged,3692.41,73658.12,0.4709,0.00,0.0000,0.0108,0.0331,,,,,,,
43.2161,8,3,9.3434,52.5594,converged,3692.41,73658.12,0.4709,0.00,0.0000,0.0084,0.0120,,,,,,,
20.2984,10,3,10.0122,30.3108,converged,3692.41,73658.12,0.4709,0.00,0.0000,0.0090,0.0027,,,,,,,
25.1753,10,3,9.9960,35.1710,converged,3692.41,73658.12,0.4709,0.00,0.0000,0.0095,0.0025,,,,,,,
59.7288,5,3,9.1377,68.8657,converged,3692.41,73658.12,0.4709,0.00,0.0000,0.0115,0.0571,,,,,,,
44.4551,8,3,9.8138,54.2688,converged,3692.41,73658.12,0.4709,0.00,0.0000,0.0093,0.0068,,,,,,,
28.4064,10,3,8.9864,37.3924,converged,3692.41,73658.12,0.4709,0.00,0.0000,0.0072,0.0024,,,,,,,
37.2648,9,3,8.9028,46.1668,converged,3692.41,73658.12,0.4709,0.00,0.0000,0.0082,0.0042,,,,,,,
53.9670,6,3,11.9579,65.9250,converged,3692.41,73658.12,0.4709,0.00,0.0000,0.0131,0.0270,,,,,,,
43.7164,8,3,11.3782,55.0943,converged,3692.41,73658.12,0.4709,0.00,0.0000,0.0096,0.0045,,,,,,,
26.8913,10,3,9.1124,36.0034,converged,3692.41,73658.12,0.4709,0.00,0.0000,0.0080,0.0027,,,,,,,
59.0882,5,3,9.3667,68.4547,converged,3692.41,73658.12,0.4709,0.00,0.0000,0.0101,0.0444,,,,,,,
37.5457,9,3,9.5426,47.0876,converged,3692.41,73658.12,0.4709,0.00,0.0000,0.0117,0.0029,,,,,,,
32.8738,10,3,10.6318,43.5048,converged,3692.41,73658.12,0.4709,0.00,0.0000,0.0081,0.0022,,,,,,,
51.0780,7,3,9.4311,60.5092,converged,3692.41,73658.12,0.4709,0.00,0.0000,0.0105,0.0165,,,,,,,
23.3993,10,3,9.5789,32.9779,converged,3692.41,73658.12,0.4709,0.00,0.0000,0.0062,0.0023,,,,,,,
37.4783,9,3,9.6818,47.1599,converged,3692.41,73658.12,0.4709,0.00,0.0000,0.0079,0.0027,,,,,,,
48.2420,7,3,8.9895,57.2305,converged,3692.41,73658.12,0.4709,0.00,0.0000,0.0132,0.0089,,,,,,,
35.7500,9,3,8.8487,44.5987,converged,3692.41,73658.12,0.4709,0.00,0.0000,0.0078,0.0056,,,,,,,
23.9838,10,3,9.9105,33.8936,converged,3692.41,73658.12,0.4709,0.00,0.0000,0.0084,0.0019,,,,,,,
54.4148,6,3,8.8652,63.2793,converged,3692.41,73658.12,0.4709,0.00,0.0000,0.0148,0.0292,,,,,,,
36.8622,9,3,9.4219,46.2839,converged,3692.41,73658.12,0.4709,0.00,0.0000,0.0097,0.0022,,,,,,,
47.4600,7,3,10.3781,57.8381,converged,3692.41,73658.12,0.4709,0.00,0.0000,0.0147,0.0078,,,,,,,
43.5520,8,3,8.7340,52.2860,converged,3692.41,73658.12,0.4709,0.00,0.0000,0.0114,0.0025,,,,,,,
40.6153,8,3,8.7170,49.3320,converged,3692.41,73658.12,0.4709,0.00,0.0000,0.0093,0.0053,,,,,,,
22.7473,10,3,9.1241,31.8711,converged,3692.41,73658.12,0.4709,0.00,0.0000,0.0087,0.0021,,,,,,,
40.3799,8,3,9.2055,49.5846,converged,3692.41,73658.12,0.4709,0.00,0.0000,0.0093,0.0046,,,,,,,
42.4529,8,3,9.2824,51.7344,converged,3692.41,73658.12,0.4709,0.00,0.0000,0.0125,0.0030,,,,,,,
22.1509,10,3,8.8257,30.9757,converged,3692.41,73658.12,0.4709,0.00,0.0000,0.0079,0.0020,,,,,,,
25.6043,10,3,8.8878,34.4918,converged,3692.41,73658.12,0.4709,0.00,0.0000,0.0097,0.0024,,,,,,,
42.3670,8,3,9.1551,51.5212,converged,3692.41,73658.12,0.4709,0.00,0.0000,0.0101,0.0037,,,,,,,
37.1795,9,3,10.2966,47.4896,converged,3692.41,73658.12,0.4709,0.00,0.0000,0.0084,0.0030,,,,,,,
28.4885,10,3,9.8290,38.3170,converged,3692.41,73658.12,0.4709,0.00,0.0000,0.0080,0.0020,,,,,,,
32.1613,10,3,9.2048,41.3658,converged,3692.41,73658.12,0.4709,0.00,0.0000,0.0068,0.0023,,,,,,,
29.2463,10,3,9.2600,38.5060,converged,3692.41,73658.12,0.4709,0.00,0.0000,0.0079,0.0049,,,,,,,
53.7414,6,3,9.0118,62.7528,converged,3692.41,73658.12,0.4709,0.00,0.0000,0.0092,0.0240,,,,,,,
46.7700,7,3,10.5370,57.3061,converged,3692.41,73658.12,0.4709,0.00,0.0000,0.0102,0.0031,,,,,,,
44.7972,8,3,9.8063,54.6033,converged,3692.41,73658.12,0.4709,0.00,0.0000,0.0105,0.0043,,,,,,,
49.8923,7,3,9.2402,59.1322,converged,3692.41,73658.12,0.4709,0.00,0.0000,0.0098,0.0094,,,,,,,
49.5048,7,3,8.8596,58.3636,converged,3692.41,73658.12,0.4709,0.00,0.0000,0.0082,0.0073,,,,,,,
48.4562,7,3,9.6921,58.1481,converged,3692.41,73658.12,0.4709,0.00,0.0000,0.0115,0.0079,,,,,,,
35.4967,9,3,8.9737,44.4698,converged,3692.41,73658.12,0.4709,0.00,0.0000,0.0084,0.0028,,,,,,,
45.0829,8,3,9.1920,54.2740,converged,3692.41,73658.12,0.4709,0.00,0.0000,0.0106,0.0053,,,,,,,
57.3708,6,3,9.2564,66.6265,converged,3692.41,73658.12,0.4709,0.00,0.0000,0.0079,0.0350,,,,,,,
39.7580,9,3,9.5041,49.2621,converged,3692.41,73658.12,0.4709,0.00,0.0000,0.0077,0.0026,,,,,,,
29.8851,10,3,9.1332,39.0182,converged,3692.41,73658.12,0.4709,0.00,0.0000,0.0096,0.0021,,,,,,,
30.2233,10,3,12.5589,42.7819,converged,3692.41,73658.12,0.4709,0.00,0.0000,0.0087,0.0026,,,,,,,
34.2507,9,3,9.9159,44.1659,converged,3692.41,73658.12,0.4709,0.00,0.0000,0.0097,0.0024,,,,,,,
34.5645,9,3,10.2818,44.8459,converged,3692.41,73658.12,0.4709,0.00,0.0000,0.0114,0.0054,,,,,,,
52.9652,6,3,9.0580,62.0230,converged,3692.41,73658.12,0.4709,0.00,0.0000,0.0143,0.0275,,,,,,,
38.5569,9,3,9.2998,47.8559,converged,3692.41,73658.12,0.4709,0.00,0.0000,0.0109,0.0037,,,,,,,
57.5309,6,3,9.6205,67.1505,converged,3692.41,73658.12,0.4709,0.00,0.0000,0.0103,0.0247,,,,,,,
57.1477,6,3,9.9375,67.0845,converged,3692.41,73658.12,0.4709,0.00,0.0000,0.0089,0.0347,,,,,,,
20.4801,10,3,9.4964,29.9764,converged,3692.41,73658.12,0.4709,0.00,0.0000,0.0093,0.0026,,,,,,,
55.2011,6,3,10.0173,65.2183,converged,3692.41,73658.12,0.4709,0.00,0.0000,0.0115,0.0203,,,,,,,
44.2710,8,3,8.9480,53.2181,converged,3692.41,73658.12,0.4709,0.00,0.0000,0.0112,0.0053,,,,,,,
26.0529,10,3,9.0112,35.0632,converged,3692.41,73658.12,0.4709,0.00,0.0000,0.0088,0.0029,,,,,,,
57.8241,6,3,9.6867,67.5107,converged,3692.41,73658.12,0.4709,0.00,0.0000,0.0113,0.0380,,,,,,,
25.6937,10,3,10.1423,35.8354,converged,3692.41,73658.12,0.4709,0.00,0.0000,0.0086,0.0024,,,,,,,
43.4585,8,3,10.7190,54.1770,converged,3692.41,73658.12,0.4709,0.00,0.0000,0.0089,0.0074,,,,,,,
49.6710,7,3,9.2066,58.8766,converged,3692.41,73658.12,0.4709,0.00,0.0000,0.0114,0.0080,,,,,,,
30.3722,10,3,10.2119,40.5840,converged,3692.41,73658.12,0.4709,0.00,0.0000,0.0086,0.0025,,,,,,,
40.3618,8,3,8.8440,49.2051,converged,3692.41,73658.12,0.4709,0.00,0.0000,0.0120,0.0026,,,,,,,
56.7682,6,3,9.3187,66.0867,converged,3692.41,73658.12,0.4709,0.00,0.0000,0.0120,0.0415,,,,,,,
22.2098,10,3,9.0460,31.2551,converged,3692.41,73658.12,0.4709,0.00,0.0000,0.0102,0.0041,,,,,,,
39.7683,9,3,10.9140,50.6820,converged,3692.41,73658.12,0.4709,0.00,0.0000,0.0102,0.0021,,,,,,,
40.4686,8,3,8.6969,49.1649,converged,3692.41,73658.12,0.4709,0.00,0.0000,0.0096,0.0045,,,,,,,
56.3860,6,3,8.8403,65.2254,converged,3692.41,73658.12,0.4709,0.00,0.0000,0.0103,0.0240,,,,,,,
32.4463,10,3,8.7140,41.1601,converged,3692.41,73658.12,0.4709,0.00,0.0000,0.0075,0.0021,,,,,,,
31.1014,10,3,10.1248,41.2258,converged,3692.41,73658.12,0.4709,0.00,0.0000,0.0097,0.0023,,,,,,,
36.1973,9,3,9.5856,45.7827,converged,3692.41,73658.12,0.4709,0.00,0.0000,0.0085,0.0025,,,,,,,
53.6644,6,3,9.0522,62.7162,converged,3692.41,73658.12,0.4709,0.00,0.0000,0.0084,0.0243,,,,,,,
29.5924,10,3,8.9690,38.5610,converged,3692.41,73658.12,0.4709,0.00,0.0000,0.0112,0.0029,,,,,,,
47.1062,7,3,9.3517,56.4577,converged,3692.41,73658.12,0.4709,0.00,0.0000,0.0121,0.0083,,,,,,,
28.8931,10,3,9.1946,38.0877,converged,3692.41,73658.12,0.4709,0.00,0.0000,0.0091,0.0024,,,,,,,
54.8693,6,3,9.4652,64.3342,converged,3692.41,73658.12,0.4709,0.00,0.0000,0.0118,0.0231,,,,,,,
21.8280,10,3,9.1024,30.9295,converged,3692.41,73658.12,0.4709,0.00,0.0000,0.0082,0.0022,,,,,,,
51.9563,7,3,10.0212,61.9772,converged,3692.41,73658.12,0.4709,0.00,0.0000,0.0117,0.0112,,,,,,,
40.8961,8,3,9.4527,50.3487,converged,3692.41,73658.12,0.4709,0.00,0.0000,0.0110,0.0042,,,,,,,
45.5163,8,3,9.2890,54.8050,converged,3692.41,73658.12,0.4709,0.00,0.0000,0.0076,0.0059,,,,,,,
35.8943,9,3,9.0566,44.9506,converged,3692.41,73658.12,0.4709,0.00,0.0000,0.0108,0.0027,,,,,,,
33.7431,10,3,8.7882,42.5313,converged,3692.41,73658.12,0.4709,0.00,0.0000,0.0086,0.0025,,,,,,,
36.6910,9,3,9.5205,46.2105,converged,3692.41,73658.12,0.4709,0.00,0.0000,0.0107,0.0024,,,,,,,
53.5168,6,3,9.0286,62.5446,converged,3692.41,73658.12,0.4709,0.00,0.0000,0.0091,0.0434,,,,,,,
30.7083,10,3,8.8017,39.5097,converged,3692.41,73658.12,0.4709,0.00,0.0000,0.0086,0.0026,,,,,,,
29.3853,10,3,9.2800,38.6651,converged,3692.41,73658.12,0.4709,0.00,0.0000,0.0083,0.0022,,,,,,,
55.9565,6,3,11.6693,67.6253,converged,3692.41,73658.12,0.4709,0.00,0.0000,0.0088,0.0189,,,,,,,
54.0581,6,3,9.1421,63.2001,converged,3692.41,73658.12,0.4709,0.00,0.0000,0.0092,0.0263,,,,,,,
59.4816,5,3,9.6368,69.1178,converged,3692.41,73658.12,0.4709,0.00,0.0000,0.0119,0.0599,,,,,,,
55.6852,6,3,9.4499,65.1349,converged,3692.41,73658.12,0.4709,0.00,0.0000,0.0085,0.0339,,,,,,,
55.2010,6,3,8.9873,64.1873,converged,3692.41,73658.12,0.4709,0.00,0.0000,0.0083,0.0337,,,,,,,
59.9314,5,3,9.6032,69.5342,converged,3692.41,73658.12,0.4709,0.00,0.0000,0.0097,0.0576,,,,,,,
56.6335,6,3,9.5229,66.1559,converged,3692.41,73658.12,0.4709,0.00,0.0000,0.0124,0.0223,,,,,,,
46.3622,7,3,9.3268,55.6888,converged,3692.41,73658.12,0.4709,0.00,0.0000,0.0116,0.0072,,,,,,,
57.6123,6,3,11.3353,68.9473,converged,3692.41,73658.12,0.4709,0.00,0.0000,0.0076,0.0293,,,,,,,
58.1337,5,3,9.3518,67.4849,converged,3692.41,73658.12,0.4709,0.00,0.0000,0.0081,0.0575,,,,,,,
41.4125,8,3,9.2756,50.6876,converged,3692.41,73658.12,0.4709,0.00,0.0000,0.0123,0.0036,,,,,,,
42.5959,8,3,9.3778,51.9728,converged,3692.41,73658.12,0.4709,0.00,0.0000,0.0131,0.0051,,,,,,,
40.4208,8,3,12.0825,52.5026,converged,3692.41,73658.12,0.4709,0.00,0.0000,0.0109,0.0059,,,,,,,
26.7479,10,3,9.4523,36.1993,converged,3692.41,73658.12,0.4709,0.00,0.0000,0.0081,0.0022,,,,,,,
41.2520,8,3,9.5554,50.8074,converged,3692.41,73658.12,0.4709,0.00,0.0000,0.0091,0.0080,,,,,,,
24.8867,10,3,9.4602,34.3462,converged,3692.41,73658.12,0.4709,0.00,0.0000,0.0098,0.0031,,,,,,,
54.2891,6,3,9.4132,63.7022,converged,3692.41,73658.12,0.4709,0.00,0.0000,0.0151,0.0266,,,,,,,
47.8281,7,3,9.9232,57.7512,converged,3692.41,73658.12,0.4709,0.00,0.0000,0.0095,0.0191,,,,,,,
48.4263,7,3,9.4306,57.8567,converged,3692.41,73658.12,0.4709,0.00,0.0000,0.0094,0.0127,,,,,,,
48.6597,7,3,9.3202,57.9792,converged,3692.41,73658.12,0.4709,0.00,0.0000,0.0112,0.0057,,,,,,,
25.5063,10,3,9.5133,35.0193,converged,3692.41,73658.12,0.4709,0.00,0.0000,0.0087,0.0025,,,,,,,
38.3982,9,3,9.5834,47.9815,converged,3692.41,73658.12,0.4709,0.00,0.0000,0.0076,0.0023,,,,,,,
27.3394,10,3,9.2466,36.5856,converged,3692.41,73658.12,0.4709,0.00,0.0000,0.0076,0.0023,,,,,,,
39.1459,9,3,9.7183,48.8633,converged,3692.41,73658.12,0.4709,0.00,0.0000,0.0101,0.0024,,,,,,,
53.6492,6,3,9.1321,62.7811,converged,3692.41,73658.12,0.4709,0.00,0.0000,0.0110,0.0336,,,,,,,
21.6745,10,3,8.9012,30.5752,converged,3692.41,73658.12,0.4709,0.00,0.0000,0.0067,0.0021,,,,,,,
56.2147,6,3,9.9333,66.1473,converged,3692.41,73658.12,0.4709,0.00,0.0000,0.0091,0.0415,,,,,,,
40.8742,8,3,8.6821,49.5561,converged,3692.41,73658.12,0.4709,0.00,0.0000,0.0097,0.0041,,,,,,,
32.5673,10,3,12.6668,45.2338,converged,3692.41,73658.12,0.4709,0.00,0.0000,0.0079,0.0031,,,,,,,
32.1885,10,3,10.8088,42.9968,converged,3692.41,73658.12,0.4709,0.00,0.0000,0.0077,0.0024,,,,,,,
40.8174,8,3,11.2562,52.0732,converged,3692.41,73658.12,0.4709,0.00,0.0000,0.0100,0.0033,,,,,,,
45.6733,8,3,9.8082,55.4812,converged,3692.41,73658.12,0.4709,0.00,0.0000,0.0107,0.0036,,,,,,,
25.0943,10,3,10.0584,35.1524,converged,3692.41,73658.12,0.4709,0.00,0.0000,0.0071,0.0021,,,,,,,
48.7187,7,3,9.2707,57.9887,converged,3692.41,73658.12,0.4709,0.00,0.0000,0.0096,0.0117,,,,,,,
37.9870,9,3,9.8319,47.8189,converged,3692.41,73658.12,0.4709,0.00,0.0000,0.0090,0.0024,,,,,,,
29.0932,10,3,9.1133,38.2063,converged,3692.41,73658.12,0.4709,0.00,0.0000,0.0094,0.0026,,,,,,,
52.5089,6,3,10.5960,63.1041,converged,3692.41,73658.12,0.4709,0.00,0.0000,0.0114,0.0284,,,,,,,
23.5907,10,3,9.7960,33.3861,converged,3692.41,73658.12,0.4709,0.00,0.0000,0.0086,0.0024,,,,,,,
27.6237,10,3,9.5762,37.1992,converged,3692.41,73658.12,0.4709,0.00,0.0000,0.0067,0.0047,,,,,,,
40.7935,8,3,11.1013,51.8943,converged,3692.41,73658.12,0.4709,0.00,0.0000,0.0094,0.0097,,,,,,,
22.2402,10,3,9.1940,31.4340,converged,3692.41,73658.12,0.4709,0.00,0.0000,0.0097,0.0037,,,,,,,
29.7135,10,3,9.8734,39.5864,converged,3692.41,73658.12,0.4709,0.00,0.0000,0.0097,0.0030,,,,,,,
45.8468,8,3,9.4338,55.2798,converged,3692.41,73658.12,0.4709,0.00,0.0000,0.0099,0.0064,,,,,,,
28.0959,10,3,9.9828,38.0778,converged,3692.41,73658.12,0.4709,0.00,0.0000,0.0072,0.0022,,,,,,,
39.6031,9,3,8.9755,48.5786,converged,3692.41,73658.12,0.4709,0.00,0.0000,0.0057,0.0032,,,,,,,
44.5380,8,3,9.0695,53.6075,converged,3692.41,73658.12,0.4709,0.00,0.0000,0.0132,0.0031,,,,,,,
48.2063,7,3,10.1035,58.3095,converged,3692.41,73658.12,0.4709,0.00,0.0000,0.0114,0.0113,,,,,,,
52.5353,6,3,9.3708,61.9058,converged,3692.41,73658.12,0.4709,0.00,0.0000,0.0126,0.0273,,,,,,,
45.2095,8,3,9.6726,54.8816,converged,3692.41,73658.12,0.4709,0.00,0.0000,0.0080,0.0084,,,,,,,
38.8734,9,3,9.8413,48.7143,converged,3692.41,73658.12,0.4709,0.00,0.0000,0.0084,0.0028,,,,,,,
59.6022,5,3,9.3147,68.9168,converged,3692.41,73658.12,0.4709,0.00,0.0000,0.0107,0.0523,,,,,,,
39.4032,9,3,9.2769,48.6799,converged,3692.41,73658.12,0.4709,0.00,0.0000,0.0090,0.0027,,,,,,,
35.5008,9,3,9.3626,44.8626,converged,3692.41,73658.12,0.4709,0.00,0.0000,0.0092,0.0046,,,,,,,
50.3858,7,3,8.8630,59.2481,converged,3692.41,73658.12,0.4709,0.00,0.0000,0.0101,0.0084,,,,,,,
53.1366,6,3,9.4098,62.5459,converged,3692.41,73658.12,0.4709,0.00,0.0000,0.0101,0.0205,,,,,,,
41.2786,8,3,8.9986,50.2767,converged,3692.41,73658.12,0.4709,0.00,0.0000,0.0123,0.0048,,,,,,,
36.7419,9,3,9.0739,45.8150,converged,3692.41,73658.12,0.4709,0.00,0.0000,0.0085,0.0029,,,,,,,
23.9169,10,3,9.4162,33.3323,converged,3692.41,73658.12,0.4709,0.00,0.0000,0.0077,0.0025,,,,,,,
33.0726,10,3,9.0935,42.1655,converged,3692.41,73658.12,0.4709,0.00,0.0000,0.0101,0.0035,,,,,,,
23.4837,10,3,9.3162,32.7993,converged,3692.41,73658.12,0.4709,0.00,0.0000,0.0079,0.0021,,,,,,,
48.1202,7,3,9.6611,57.7812,converged,3692.41,73658.12,0.4709,0.00,0.0000,0.0106,0.0045,,,,,,,
29.8212,10,3,9.2002,39.0212,converged,3692.41,73658.12,0.4709,0.00,0.0000,0.0078,0.0026,,,,,,,
55.1949,6,3,11.2370,66.4310,converged,3692.41,73658.12,0.4709,0.00,0.0000,0.0130,0.0315,,,,,,,
34.5209,9,3,10.1724,44.6925,converged,3692.41,73658.12,0.4709,0.00,0.0000,0.0100,0.0027,,,,,,,
44.8409,8,3,8.8910,53.7310,converged,3692.41,73658.12,0.4709,0.00,0.0000,0.0110,0.0028,,,,,,,
54.8925,6,3,9.1150,64.0070,converged,3692.41,73658.12,0.4709,0.00,0.0000,0.0113,0.0186,,,,,,,
43.3410,8,3,8.9124,52.2535,converged,3692.41,73658.12,0.4709,0.00,0.0000,0.0119,0.0030,,,,,,,
23.6761,10,3,8.9996,32.6756,converged,3692.41,73658.12,0.4709,0.00,0.0000,0.0086,0.0024,,,,,,,
38.6911,9,3,10.1948,48.8859,converged,3692.41,73658.12,0.4709,0.00,0.0000,0.0088,0.0026,,,,,,,
28.2352,10,3,9.6821,37.9171,converged,3692.41,73658.12,0.4709,0.00,0.0000,0.0090,0.0029,,,,,,,
24.2843,10,3,8.7248,33.0089,converged,3692.41,73658.12,0.4709,0.00,0.0000,0.0079,0.0021,,,,,,,
31.3907,10,3,9.1364,40.5264,converged,3692.41,73658.12,0.4709,0.00,0.0000,0.0084,0.0019,,,,,,,
39.4126,9,3,8.7164,48.1284,converged,3692.41,73658.12,0.4709,0.00,0.0000,0.0069,0.0040,,,,,,,
34.2656,9,3,9.7975,44.0626,converged,3692.41,73658.12,0.4709,0.00,0.0000,0.0091,0.0026,,,,,,,
50.7457,7,3,9.2758,60.0209,converged,3692.41,73658.12,0.4709,0.00,0.0000,0.0097,0.0200,,,,,,,
51.2945,7,3,9.6572,60.9512,converged,3692.41,73658.12,0.4709,0.00,0.0000,0.0088,0.0135,,,,,,,
27.4894,10,3,9.2984,36.7874,converged,3692.41,73658.12,0.4709,0.00,0.0000,0.0075,0.0023,,,,,,,
34.5579,9,3,9.3089,43.8659,converged,3692.41,73658.12,0.4709,0.00,0.0000,0.0103,0.0029,,,,,,,
54.1603,6,3,8.9597,63.1197,converged,3692.41,73658.12,0.4709,0.00,0.0000,0.0149,0.0177,,,,,,,
21.5650,10,3,9.3640,30.9281,converged,3692.41,73658.12,0.4709,0.00,0.0000,0.0104,0.0038,,,,,,,
34.2980,9,3,9.3728,43.6709,converged,3692.41,73658.12,0.4709,0.00,0.0000,0.0117,0.0028,,,,,,,
43.3511,8,3,10.0544,53.4055,converged,3692.41,73658.12,0.4709,0.00,0.0000,0.0080,0.0044,,,,,,,
37.0455,9,3,9.5091,46.5542,converged,3692.41,73658.12,0.4709,0.00,0.0000,0.0083,0.0021,,,,,,,
50.7587,7,3,9.7137,60.4718,converged,3692.41,73658.12,0.4709,0.00,0.0000,0.0081,0.0126,,,,,,,
33.8491,10,3,10.3669,44.2159,converged,3692.41,73658.12,0.4709,0.00,0.0000,0.0081,0.0028,,,,,,,
59.4056,5,3,10.5262,69.9313,converged,3692.41,73658.12,0.4709,0.00,0.0000,0.0110,0.0569,,,,,,,
49.8133,7,3,8.8837,58.6967,converged,3692.41,73658.12,0.4709,0.00,0.0000,0.0097,0.0088,,,,,,,
40.0320,8,3,9.4584,49.4904,converged,3692.41,73658.12,0.4709,0.00,0.0000,0.0090,0.0062,,,,,,,
39.1599,9,3,10.6646,49.8236,converged,3692.41,73658.12,0.4709,0.00,0.0000,0.0089,0.0028,,,,,,,
56.0391,6,3,10.1340,66.1730,converged,3692.41,73658.12,0.4709,0.00,0.0000,0.0163,0.0112,,,,,,,
43.4846,8,3,9.2433,52.7273,converged,3692.41,73658.12,0.4709,0.00,0.0000,0.0085,0.0034,,,,,,,
35.9805,9,3,8.9995,44.9796,converged,3692.41,73658.12,0.4709,0.00,0.0000,0.0104,0.0025,,,,,,,
41.8796,8,3,9.0819,50.9610,converged,3692.41,73658.12,0.4709,0.00,0.0000,0.0088,0.0072,,,,,,,
52.1382,6,3,8.9880,61.1261,converged,3692.41,73658.12,0.4709,0.00,0.0000,0.0154,0.0288,,,,,,,
36.9405,9,3,9.2387,46.1787,converged,3692.41,73658.12,0.4709,0.00,0.0000,0.0101,0.0034,,,,,,,
21.9589,10,3,9.0966,31.0547,converged,3692.41,73658.12,0.4709,0.00,0.0000,0.0101,0.0032,,,,,,,
33.9928,10,3,9.2030,43.1950,converged,3692.41,73658.12,0.4709,0.00,0.0000,0.0086,0.0024,,,,,,,
20.4365,10,3,12.5876,33.0237,converged,3692.41,73658.12,0.4709,0.00,0.0000,0.0079,0.0021,,,,,,,
27.8435,10,3,9.6437,37.4867,converged,3692.41,73658.12,0.4709,0.00,0.0000,0.0087,0.0024,,,,,,,
43.4532,8,3,10.1083,53.5613,converged,3692.41,73658.12,0.4709,0.00,0.0000,0.0107,0.0054,,,,,,,
32.5177,10,3,10.8095,43.3266,converged,3692.41,73658.12,0.4709,0.00,0.0000,0.0088,0.0019,,,,,,,
26.5498,10,3,9.2669,35.8159,converged,3692.41,73658.12,0.4709,0.00,0.0000,0.0096,0.0033,,,,,,,
25.7860,10,3,12.8329,38.6189,converged,3692.41,73658.12,0.4709,0.00,0.0000,0.0094,0.0024,,,,,,,
47.7388,7,3,10.9299,58.6680,converged,3692.41,73658.12,0.4709,0.00,0.0000,0.0113,0.0064,,,,,,,
52.2480,6,3,9.0025,61.2495,converged,3692.41,73658.12,0.4709,0.00,0.0000,0.0087,0.0276,,,,,,,
32.4729,10,3,9.0547,41.5267,converged,3692.41,73658.12,0.4709,0.00,0.0000,0.0072,0.0028,,,,,,,
40.9797,8,3,8.8628,49.8419,converged,3692.41,73658.12,0.4709,0.00,0.0000,0.0097,0.0037,,,,,,,
45.3559,8,3,9.9155,55.2705,converged,3692.41,73658.12,0.4709,0.00,0.0000,0.0081,0.0098,,,,,,,
22.7416,10,3,11.8038,34.5448,converged,3692.41,73658.12,0.4709,0.00,0.0000,0.0074,0.0026,,,,,,,
39.6246,9,3,9.2522,48.8762,converged,3692.41,73658.12,0.4709,0.00,0.0000,0.0085,0.0030,,,,,,,
34.0888,9,3,8.9845,43.0725,converged,3692.41,73658.12,0.4709,0.00,0.0000,0.0078,0.0028,,,,,,,
32.2892,10,3,8.7632,41.0522,converged,3692.41,73658.12,0.4709,0.00,0.0000,0.0100,0.0041,,,,,,,
40.0463,8,3,9.1724,49.2184,converged,3692.41,73658.12,0.4709,0.00,0.0000,0.0094,0.0067,,,,,,,
40.7262,8,3,9.0055,49.7316,converged,3692.41,73658.12,0.4709,0.00,0.0000,0.0133,0.0032,,,,,,,
51.8994,7,3,9.7069,61.6059,converged,3692.41,73658.12,0.4709,0.00,0.0000,0.0093,0.0120,,,,,,,
46.1913,7,3,9.0110,55.2021,converged,3692.41,73658.12,0.4709,0.00,0.0000,0.0113,0.0107,,,,,,,
47.6073,7,3,9.1590,56.7660,converged,3692.41,73658.12,0.4709,0.00,0.0000,0.0091,0.0137,,,,,,,
54.3082,6,3,9.2439,63.5519,converged,3692.41,73658.12,0.4709,0.00,0.0000,0.0109,0.0193,,,,,,,
44.2286,8,3,8.9798,53.2078,converged,3692.41,73658.12,0.4709,0.00,0.0000,0.0096,0.0061,,,,,,,
50.7396,7,3,9.0962,59.8352,converged,3692.41,73658.12,0.4709,0.00,0.0000,0.0108,0.0136,,,,,,,
26.4403,10,3,9.0547,35.4947,converged,3692.41,73658.12,0.4709,0.00,0.0000,0.0092,0.0029,,,,,,,
25.1303,10,3,9.0266,34.1566,converged,3692.41,73658.12,0.4709,0.00,0.0000,0.0099,0.0023,,,,,,,
58.3527,5,3,9.3014,67.6534,converged,3692.41,73658.12,0.4709,0.00,0.0000,0.0151,0.0753,,,,,,,
44.1358,8,3,9.2435,53.3813,converged,3692.41,73658.12,0.4709,0.00,0.0000,0.0090,0.0051,,,,,,,
37.8318,9,3,9.4705,47.3015,converged,3692.41,73658.12,0.4709,0.00,0.0000,0.0081,0.0026,,,,,,,
57.8809,6,3,9.5641,67.4441,converged,3692.41,73658.12,0.4709,0.00,0.0000,0.0101,0.0190,,,,,,,
56.6650,6,3,9.7996,66.4647,converged,3692.41,73658.12,0.4709,0.00,0.0000,0.0107,0.0314,,,,,,,
20.7202,10,3,9.1402,29.8603,converged,3692.41,73658.12,0.4709,0.00,0.0000,0.0076,0.0025,,,,,,,
26.6084,10,3,9.0571,35.6651,converged,3692.41,73658.12,0.4709,0.00,0.0000,0.0104,0.0034,,,,,,,
58.3007,5,3,8.9403,67.2403,converged,3692.41,73658.12,0.4709,0.00,0.0000,0.0079,0.0720,,,,,,,
37.0933,9,3,9.9148,47.0079,converged,3692.41,73658.12,0.4709,0.00,0.0000,0.0083,0.0023,,,,,,,
39.4298,9,3,9.8727,49.3017,converged,3692.41,73658.12,0.4709,0.00,0.0000,0.0103,0.0031,,,,,,,
51.6232,7,3,9.7193,61.3423,converged,3692.41,73658.12,0.4709,0.00,0.0000,0.0095,0.0112,,,,,,,
56.9780,6,3,9.1201,66.0971,converged,3692.41,73658.12,0.4709,0.00,0.0000,0.0109,0.0210,,,,,,,
45.4330,8,3,9.4838,54.9168,converged,3692.41,73658.12,0.4709,0.00,0.0000,0.0084,0.0044,,,,,,,
51.3089,7,3,9.1484,60.4565,converged,3692.41,73658.12,0.4709,0.00,0.0000,0.0108,0.0072,,,,,,,
23.1284,10,3,8.9935,32.1215,converged,3692.41,73658.12,0.4709,0.00,0.0000,0.0115,0.0050,,,,,,,
46.0746,7,3,10.3909,56.4649,converged,3692.41,73658.12,0.4709,0.00,0.0000,0.0129,0.0117,,,,,,,
22.0514,10,3,8.9854,31.0365,converged,3692.41,73658.12,0.4709,0.00,0.0000,0.0096,0.0032,,,,,,,
34.2609,9,3,9.3303,43.5903,converged,3692.41,73658.12,0.4709,0.00,0.0000,0.0090,0.0030,,,,,,,
43.2225,8,3,9.6377,52.8597,converged,3692.41,73658.12,0.4709,0.00,0.0000,0.0087,0.0060,,,,,,,
27.6733,10,3,8.8516,36.5246,converged,3692.41,73658.12,0.4709,0.00,0.0000,0.0093,0.0023,,,,,,,
56.1404,6,3,9.4356,65.5756,converged,3692.41,73658.12,0.4709,0.00,0.0000,0.0113,0.0107,,,,,,,
30.1567,10,3,8.8884,39.0444,converged,3692.41,73658.12,0.4709,0.00,0.0000,0.0093,0.0028,,,,,,,
35.7991,9,3,11.6993,47.4983,converged,3692.41,73658.12,0.4709,0.00,0.0000,0.0117,0.0028,,,,,,,
50.6788,7,3,9.4998,60.1778,converged,3692.41,73658.12,0.4709,0.00,0.0000,0.0082,0.0276,,,,,,,
57.6512,6,3,9.5437,67.1947,converged,3692.41,73658.12,0.4709,0.00,0.0000,0.0081,0.0224,,,,,,,
22.6665,10,3,11.8402,34.5062,converged,3692.41,73658.12,0.4709,0.00,0.0000,0.0088,0.0023,,,,,,,
36.1177,9,3,9.3600,45.4770,converged,3692.41,73658.12,0.4709,0.00,0.0000,0.0074,0.0025,,,,,,,
51.0763,7,3,8.9869,60.0629,converged,3692.41,73658.12,0.4709,0.00,0.0000,0.0142,0.0068,,,,,,,
58.7200,5,3,9.3792,68.0993,converged,3692.41,73658.12,0.4709,0.00,0.0000,0.0081,0.0565,,,,,,,
37.5589,9,3,11.7229,49.2810,converged,3692.41,73658.12,0.4709,0.00,0.0000,0.0076,0.0023,,,,,,,
24.2204,10,3,9.8256,34.0457,converged,3692.41,73658.12,0.4709,0.00,0.0000,0.0084,0.0028,,,,,,,
55.0319,6,3,9.8635,64.8945,converged,3692.41,73658.12,0.4709,0.00,0.0000,0.0128,0.0183,,,,,,,
24.3019,10,3,9.5949,33.8959,converged,3692.41,73658.12,0.4709,0.00,0.0000,0.0101,0.0024,,,,,,,
40.4617,8,3,9.8332,50.2942,converged,3692.41,73658.12,0.4709,0.00,0.0000,0.0100,0.0029,,,,,,,
54.9245,6,3,9.3894,64.3135,converged,3692.41,73658.12,0.4709,0.00,0.0000,0.0117,0.0274,,,,,,,
37.6237,9,3,9.4948,47.1179,converged,3692.41,73658.12,0.4709,0.00,0.0000,0.0091,0.0025,,,,,,,
20.1197,10,3,10.3247,30.4437,converged,3692.41,73658.12,0.4709,0.00,0.0000,0.0092,0.0022,,,,,,,
35.0320,9,3,9.2815,44.3126,converged,3692.41,73658.12,0.4709,0.00,0.0000,0.0095,0.0029,,,,,,,
48.6390,7,3,8.8692,57.5082,converged,3692.41,73658.12,0.4709,0.00,0.0000,0.0099,0.0141,,,,,,,
57.4753,6,3,8.8171,66.2921,converged,3692.41,73658.12,0.4709,0.00,0.0000,0.0087,0.0341,,,,,,,
42.2361,8,3,9.2085,51.4446,converged,3692.41,73658.12,0.4709,0.00,0.0000,0.0101,0.0077,,,,,,,
37.8804,9,3,9.0881,46.9682,converged,3692.41,73658.12,0.4709,0.00,0.0000,0.0117,0.0044,,,,,,,
56.8136,6,3,9.4615,66.2745,converged,3692.41,73658.12,0.4709,0.00,0.0000,0.0079,0.0212,,,,,,,
21.7365,10,3,9.0995,30.8355,converged,3692.41,73658.12,0.4709,0.00,0.0000,0.0098,0.0038,,,,,,,
40.5384,8,3,9.7089,50.2470,converged,3692.41,73658.12,0.4709,0.00,0.0000,0.0085,0.0049,,,,,,,
38.0219,9,3,9.5485,47.5695,converged,3692.41,73658.12,0.4709,0.00,0.0000,0.0093,0.0029,,,,,,,
53.5216,6,3,9.4062,62.9272,converged,3692.41,73658.12,0.4709,0.00,0.0000,0.0054,0.0266,,,,,,,
29.4447,10,3,9.4427,38.8867,converged,3692.41,73658.12,0.4709,0.00,0.0000,0.0089,0.0024,,,,,,,
59.0854,5,3,11.4849,70.5699,converged,3692.41,73658.12,0.4709,0.00,0.0000,0.0102,0.0515,,,,,,,
59.1799,5,3,9.0324,68.2115,converged,3692.41,73658.12,0.4709,0.00,0.0000,0.0090,0.0561,,,,,,,
38.7638,9,3,9.1067,47.8697,converged,3692.41,73658.12,0.4709,0.00,0.0000,0.0101,0.0024,,,,,,,
41.8146,8,3,10.0001,51.8142,converged,3692.41,73658.12,0.4709,0.00,0.0000,0.0102,0.0030,,,,,,,
25.1077,10,3,9.2225,34.3295,converged,3692.41,73658.12,0.4709,0.00,0.0000,0.0100,0.0031,,,,,,,
40.3585,8,3,9.2279,49.5859,converged,3692.41,73658.12,0.4709,0.00,0.0000,0.0086,0.0035,,,,,,,
48.6179,7,3,9.2050,57.8220,converged,3692.41,73658.12,0.4709,0.00,0.0000,0.0102,0.0038,,,,,,,
44.1733,8,3,12.1316,56.3046,converged,3692.41,73658.12,0.4709,0.00,0.0000,0.0092,0.0028,,,,,,,
52.6720,6,3,9.1198,61.7908,converged,3692.41,73658.12,0.4709,0.00,0.0000,0.0100,0.0274,,,,,,,
29.6747,10,3,9.2606,38.9346,converged,3692.41,73658.12,0.4709,0.00,0.0000,0.0079,0.0022,,,,,,,
25.4492,10,3,9.1478,34.5968,converged,3692.41,73658.12,0.4709,0.00,0.0000,0.0070,0.0017,,,,,,,
52.9285,6,3,8.7982,61.7263,converged,3692.41,73658.12,0.4709,0.00,0.0000,0.0085,0.0244,,,,,,,
36.4826,9,3,8.9500,45.4320,converged,3692.41,73658.12,0.4709,0.00,0.0000,0.0091,0.0028,,,,,,,
34.3095,9,3,8.7239,43.0329,converged,3692.41,73658.12,0.4709,0.00,0.0000,0.0087,0.0031,,,,,,,
54.3015,6,3,9.8549,64.1559,converged,3692.41,73658.12,0.4709,0.00,0.0000,0.0093,0.0257,,,,,,,
28.1998,10,3,9.7350,37.9341,converged,3692.41,73658.12,0.4709,0.00,0.0000,0.0084,0.0023,,,,,,,
54.3036,6,3,11.3468,65.6499,converged,3692.41,73658.12,0.4709,0.00,0.0000,0.0133,0.0217,,,,,,,
47.3918,7,3,9.5534,56.9444,converged,3692.41,73658.12,0.4709,0.00,0.0000,0.0123,0.0180,,,,,,,
34.4962,9,3,8.9019,43.3979,converged,3692.41,73658.12,0.4709,0.00,0.0000,0.0091,0.0021,,,,,,,
38.2750,9,3,9.3750,47.6491,converged,3692.41,73658.12,0.4709,0.00,0.0000,0.0089,0.0027,,,,,,,
38.5068,9,3,12.9622,51.4683,converged,3692.41,73658.12,0.4709,0.00,0.0000,0.0081,0.0033,,,,,,,
28.3311,10,3,12.7364,41.0674,converged,3692.41,73658.12,0.4709,0.00,0.0000,0.0078,0.0023,,,,,,,
42.5844,8,3,9.1130,51.6970,converged,3692.41,73658.12,0.4709,0.00,0.0000,0.0094,0.0062,,,,,,,
53.3192,6,3,10.0971,63.4162,converged,3692.41,73658.12,0.4709,0.00,0.0000,0.0107,0.0156,,,,,,,
33.2877,10,3,9.9365,43.2236,converged,3692.41,73658.12,0.4709,0.00,0.0000,0.0093,0.0024,,,,,,,
32.9464,10,3,9.4818,42.4278,converged,3692.41,73658.12,0.4709,0.00,0.0000,0.0085,0.0024,,,,,,,
55.7446,6,3,9.5822,65.3262,converged,3692.41,73658.12,0.4709,0.00,0.0000,0.0130,0.0199,,,,,,,
26.7951,10,3,9.8152,36.6102,converged,3692.41,73658.12,0.4709,0.00,0.0000,0.0067,0.0024,,,,,,,
56.4091,6,3,9.6915,66.1005,converged,3692.41,73658.12,0.4709,0.00,0.0000,0.0124,0.0279,,,,,,,
46.8809,7,3,9.5567,56.4368,converged,3692.41,73658.12,0.4709,0.00,0.0000,0.0084,0.0111,,,,,,,
44.9867,8,3,9.3456,54.3316,converged,3692.41,73658.12,0.4709,0.00,0.0000,0.0091,0.0043,,,,,,,
53.6577,6,3,9.1422,62.7993,converged,3692.41,73658.12,0.4709,0.00,0.0000,0.0141,0.0192,,,,,,,
36.2276,9,3,8.9809,45.2079,converged,3692.41,73658.12,0.4709,0.00,0.0000,0.0119,0.0048,,,,,,,
24.6948,10,3,9.3452,34.0392,converged,3692.41,73658.12,0.4709,0.00,0.0000,0.0088,0.0030,,,,,,,
58.3029,5,3,9.3744,67.6764,converged,3692.41,73658.12,0.4709,0.00,0.0000,0.0122,0.0530,,,,,,,
23.2264,10,3,9.2745,32.5005,converged,3692.41,73658.12,0.4709,0.00,0.0000,0.0092,0.0027,,,,,,,
20.6393,10,3,9.0868,29.7258,converged,3692.41,73658.12,0.4709,0.00,0.0000,0.0091,0.0023,,,,,,,
24.7405,10,3,9.1600,33.9000,converged,3692.41,73658.12,0.4709,0.00,0.0000,0.0104,0.0035,,,,,,,
36.5149,9,3,9.0065,45.5206,converged,3692.41,73658.12,0.4709,0.00,0.0000,0.0090,0.0030,,,,,,,
24.9044,10,3,8.7699,33.6740,converged,3692.41,73658.12,0.4709,0.00,0.0000,0.0068,0.0033,,,,,,,
52.3138,6,3,8.9110,61.2241,converged,3692.41,73658.12,0.4709,0.00,0.0000,0.0117,0.0268,,,,,,,
40.7744,8,3,10.9039,51.6779,converged,3692.41,73658.12,0.4709,0.00,0.0000,0.0117,0.0035,,,,,,,
47.2726,7,3,9.2436,56.5156,converged,3692.41,73658.12,0.4709,0.00,0.0000,0.0083,0.0066,,,,,,,
46.6039,7,3,9.6367,56.2398,converged,3692.41,73658.12,0.4709,0.00,0.0000,0.0073,0.0099,,,,,,,
23.6272,10,3,9.2450,32.8720,converged,3692.41,73658.12,0.4709,0.00,0.0000,0.0091,0.0020,,,,,,,
55.3192,6,3,12.9216,68.2406,converged,3692.41,73658.12,0.4709,0.00,0.0000,0.0104,0.0307,,,,,,,
53.3978,6,3,9.4369,62.8339,converged,3692.41,73658.12,0.4709,0.00,0.0000,0.0106,0.0314,,,,,,,
51.7351,7,3,9.0527,60.7877,converged,3692.41,73658.12,0.4709,0.00,0.0000,0.0093,0.0095,,,,,,,
50.4754,7,3,12.5779,63.0529,converged,3692.41,73658.12,0.4709,0.00,0.0000,0.0109,0.0045,,,,,,,
50.5496,7,3,8.9630,59.5120,converged,3692.41,73658.12,0.4709,0.00,0.0000,0.0097,0.0043,,,,,,,
29.8269,10,3,9.8136,39.6397,converged,3692.41,73658.12,0.4709,0.00,0.0000,0.0089,0.0027,,,,,,,
58.4388,5,3,9.3892,67.8272,converged,3692.41,73658.12,0.4709,0.00,0.0000,0.0084,0.0400,,,,,,,
22.0169,10,3,9.2221,31.2381,converged,3692.41,73658.12,0.4709,0.00,0.0000,0.0085,0.0022,,,,,,,
52.8586,6,3,8.6934,61.5515,converged,3692.41,73658.12,0.4709,0.00,0.0000,0.0159,0.0296,,,,,,,
51.3531,7,3,9.2863,60.6394,converged,3692.41,73658.12,0.4709,0.00,0.0000,0.0131,0.0059,,,,,,,
56.1440,6,3,10.5968,66.7409,converged,3692.41,73658.12,0.4709,0.00,0.0000,0.0097,0.0231,,,,,,,
45.3612,8,3,9.1798,54.5408,converged,3692.41,73658.12,0.4709,0.00,0.0000,0.0115,0.0029,,,,,,,
59.6907,5,3,8.7946,68.4846,converged,3692.41,73658.12,0.4709,0.00,0.0000,0.0124,0.0633,,,,,,,
21.7153,10,3,10.7886,32.5037,converged,3692.41,73658.12,0.4709,0.00,0.0000,0.0087,0.0028,,,,,,,
23.1869,10,3,9.0746,32.2606,converged,3692.41,73658.12,0.4709,0.00,0.0000,0.0106,0.0023,,,,,,,
56.7296,6,3,8.9590,65.6880,converged,3692.41,73658.12,0.4709,0.00,0.0000,0.0098,0.0282,,,,,,,
49.7006,7,3,10.1966,59.8966,converged,3692.41,73658.12,0.4709,0.00,0.0000,0.0105,0.0063,,,,,,,
21.1499,10,3,9.0114,30.1604,converged,3692.41,73658.12,0.4709,0.00,0.0000,0.0075,0.0027,,,,,,,
26.5613,10,3,9.9205,36.4815,converged,3692.41,73658.12,0.4709,0.00,0.0000,0.0074,0.0025,,,,,,,
52.3264,6,3,10.1853,62.5113,converged,3692.41,73658.12,0.4709,0.00,0.0000,0.0112,0.0231,,,,,,,
24.8485,10,3,9.4682,34.3163,converged,3692.41,73658.12,0.4709,0.00,0.0000,0.0100,0.0032,,,,,,,
50.7192,7,3,9.8501,60.5691,converged,3692.41,73658.12,0.4709,0.00,0.0000,0.0095,0.0177,,,,,,,
47.2268,7,3,10.4722,57.6983,converged,3692.41,73658.12,0.4709,0.00,0.0000,0.0101,0.0108,,,,,,,
20.8847,10,3,8.8959,29.7800,converged,3692.41,73658.12,0.4709,0.00,0.0000,0.0106,0.0034,,,,,,,
57.2156,6,3,9.4274,66.6424,converged,3692.41,73658.12,0.4709,0.00,0.0000,0.0084,0.0223,,,,,,,
36.0073,9,3,9.3894,45.3964,converged,3692.41,73658.12,0.4709,0.00,0.0000,0.0089,0.0029,,,,,,,
26.3528,10,3,9.8568,36.2088,converged,3692.41,73658.12,0.4709,0.00,0.0000,0.0089,0.0029,,,,,,,
45.6172,8,3,9.2402,54.8573,converged,3692.41,73658.12,0.4709,0.00,0.0000,0.0116,0.0037,,,,,,,
22.2475,10,3,8.9946,31.2416,converged,3692.41,73658.12,0.4709,0.00,0.0000,0.0092,0.0024,,,,,,,
57.9605,6,3,9.0371,66.9971,converged,3692.41,73658.12,0.4709,0.00,0.0000,0.0125,0.0306,,,,,,,
49.3290,7,3,9.3846,58.7126,converged,3692.41,73658.12,0.4709,0.00,0.0000,0.0102,0.0086,,,,,,,
42.8358,8,3,8.9828,51.8178,converged,3692.41,73658.12,0.4709,0.00,0.0000,0.0079,0.0069,,,,,,,
40.8822,8,3,9.5483,50.4303,converged,3692.41,73658.12,0.4709,0.00,0.0000,0.0090,0.0057,,,,,,,
27.7528,10,3,9.0326,36.7847,converged,3692.41,73658.12,0.4709,0.00,0.0000,0.0072,0.0023,,,,,,,
54.1028,6,3,8.6709,62.7729,converged,3692.41,73658.12,0.4709,0.00,0.0000,0.0122,0.0223,,,,,,,
55.3877,6,3,8.9929,64.3800,converged,3692.41,73658.12,0.4709,0.00,0.0000,0.0117,0.0313,,,,,,,
34.3082,9,3,9.3799,43.6880,converged,3692.41,73658.12,0.4709,0.00,0.0000,0.0093,0.0031,,,,,,,
41.7531,8,3,9.2137,50.9667,converged,3692.41,73658.12,0.4709,0.00,0.0000,0.0105,0.0077,,,,,,,
58.8857,5,3,8.9702,67.8553,converged,3692.41,73658.12,0.4709,0.00,0.0000,0.0087,0.0692,,,,,,,
32.5370,10,3,9.3237,41.8597,converged,3692.41,73658.12,0.4709,0.00,0.0000,0.0087,0.0026,,,,,,,
56.0322,6,3,10.5321,66.5642,converged,3692.41,73658.12,0.4709,0.00,0.0000,0.0135,0.0215,,,,,,,
58.2525,5,3,8.7182,66.9703,converged,3692.41,73658.12,0.4709,0.00,0.0000,0.0103,0.0735,,,,,,,
55.4460,6,3,9.1599,64.6060,converged,3692.41,73658.12,0.4709,0.00,0.0000,0.0100,0.0294,,,,,,,
35.7267,9,3,9.4739,45.2000,converged,3692.41,73658.12,0.4709,0.00,0.0000,0.0073,0.0040,,,,,,,
34.6011,9,3,9.6052,44.2063,converged,3692.41,73658.12,0.4709,0.00,0.0000,0.0100,0.0028,,,,,,,
36.1640,9,3,9.1003,45.2634,converged,3692.41,73658.12,0.4709,0.00,0.0000,0.0096,0.0022,,,,,,,
24.1239,10,3,9.1735,33.2965,converged,3692.41,73658.12,0.4709,0.00,0.0000,0.0098,0.0022,,,,,,,
39.3827,9,3,9.0953,48.4773,converged,3692.41,73658.12,0.4709,0.00,0.0000,0.0089,0.0025,,,,,,,
56.3983,6,3,9.0703,65.4683,converged,3692.41,73658.12,0.4709,0.00,0.0000,0.0085,0.0380,,,,,,,
52.1609,6,3,8.9195,61.0795,converged,3692.41,73658.12,0.4709,0.00,0.0000,0.0093,0.0345,,,,,,,
23.4328,10,3,9.0925,32.5245,converged,3692.41,73658.12,0.4709,0.00,0.0000,0.0066,0.0024,,,,,,,
42.3883,8,3,9.2100,51.5981,converged,3692.41,73658.12,0.4709,0.00,0.0000,0.0115,0.0046,,,,,,,
59.9947,5,3,9.1283,69.1223,converged,3692.41,73658.12,0.4709,0.00,0.0000,0.0104,0.0607,,,,,,,
46.9318,7,3,9.0447,55.9758,converged,3692.41,73658.12,0.4709,0.00,0.0000,0.0105,0.0134,,,,,,,
48.1323,7,3,13.3905,61.5226,converged,3692.41,73658.12,0.4709,0.00,0.0000,0.0097,0.0064,,,,,,,
21.5555,10,3,9.0504,30.6054,converged,3692.41,73658.12,0.4709,0.00,0.0000,0.0089,0.0027,,,,,,,
23.8704,10,3,8.9970,32.8670,converged,3692.41,73658.12,0.4709,0.00,0.0000,0.0118,0.0045,,,,,,,
41.8865,8,3,9.6151,51.5011,converged,3692.41,73658.12,0.4709,0.00,0.0000,0.0117,0.0040,,,,,,,
38.2200,9,3,9.8290,48.0491,converged,3692.41,73658.12,0.4709,0.00,0.0000,0.0080,0.0045,,,,,,,
27.7335,10,3,10.0007,37.7337,converged,3692.41,73658.12,0.4709,0.00,0.0000,0.0111,0.0035,,,,,,,
36.5111,9,3,13.3739,49.8850,converged,3692.41,73658.12,0.4709,0.00,0.0000,0.0088,0.0041,,,,,,,
52.5302,6,3,9.5069,62.0370,converged,3692.41,73658.12,0.4709,0.00,0.0000,0.0123,0.0309,,,,,,,
50.1411,7,3,8.8062,58.9472,converged,3692.41,73658.12,0.4709,0.00,0.0000,0.0095,0.0091,,,,,,,
42.5405,8,3,9.4218,51.9618,converged,3692.41,73658.12,0.4709,0.00,0.0000,0.0098,0.0042,,,,,,,
51.5846,7,3,9.0167,60.6007,converged,3692.41,73658.12,0.4709,0.00,0.0000,0.0102,0.0067,,,,,,,
21.0588,10,3,9.0148,30.0728,converged,3692.41,73658.12,0.4709,0.00,0.0000,0.0099,0.0045,,,,,,,
43.4925,8,3,9.0020,52.4940,converged,3692.41,73658.12,0.4709,0.00,0.0000,0.0095,0.0073,,,,,,,
26.0120,10,3,10.9476,36.9586,converged,3692.41,73658.12,0.4709,0.00,0.0000,0.0069,0.0026,,,,,,,
48.2707,7,3,9.3076,57.5777,converged,3692.41,73658.12,0.4709,0.00,0.0000,0.0118,0.0067,,,,,,,
52.9865,6,3,9.2372,62.2232,converged,3692.41,73658.12,0.4709,0.00,0.0000,0.0072,0.0385,,,,,,,
31.1653,10,3,9.4020,40.5671,converged,3692.41,73658.12,0.4709,0.00,0.0000,0.0080,0.0024,,,,,,,
59.2441,5,3,9.1351,68.3792,converged,3692.41,73658.12,0.4709,0.00,0.0000,0.0075,0.0612,,,,,,,
53.4085,6,3,9.2552,62.6633,converged,3692.41,73658.12,0.4709,0.00,0.0000,0.0079,0.0194,,,,,,,
55.2044,6,3,8.8254,64.0294,converged,3692.41,73658.12,0.4709,0.00,0.0000,0.0159,0.0207,,,,,,,
50.8281,7,3,8.9707,59.7988,converged,3692.41,73658.12,0.4709,0.00,0.0000,0.0101,0.0046,,,,,,,
32.3232,10,3,9.6239,41.9469,converged,3692.41,73658.12,0.4709,0.00,0.0000,0.0079,0.0025,,,,,,,
22.0691,10,3,10.6129,32.6819,converged,3692.41,73658.12,0.4709,0.00,0.0000,0.0076,0.0023,,,,,,,
24.3043,10,3,9.9162,34.2202,converged,3692.41,73658.12,0.4709,0.00,0.0000,0.0080,0.0024,,,,,,,
31.4813,10,3,9.5979,41.0790,converged,3692.41,73658.12,0.4709,0.00,0.0000,0.0086,0.0022,,,,,,,
49.2469,7,3,8.9324,58.1784,converged,3692.41,73658.12,0.4709,0.00,0.0000,0.0105,0.0112,,,,,,,
25.8891,10,3,9.1738,35.0628,converged,3692.41,73658.12,0.4709,0.00,0.0000,0.0090,0.0031,,,,,,,
58.3709,5,3,9.0525,67.4226,converged,3692.41,73658.12,0.4709,0.00,0.0000,0.0094,0.0565,,,,,,,
28.6685,10,3,10.6220,39.2900,converged,3692.41,73658.12,0.4709,0.00,0.0000,0.0072,0.0028,,,,,,,
35.6347,9,3,10.2820,45.9160,converged,3692.41,73658.12,0.4709,0.00,0.0000,0.0093,0.0038,,,,,,,
50.7262,7,3,9.8391,60.5652,converged,3692.41,73658.12,0.4709,0.00,0.0000,0.0102,0.0139,,,,,,,
39.4563,9,3,9.3684,48.8244,converged,3692.41,73658.12,0.4709,0.00,0.0000,0.0088,0.0029,,,,,,,
59.1063,5,3,8.9229,68.0289,converged,3692.41,73658.12,0.4709,0.00,0.0000,0.0156,0.0417,,,,,,,
35.7879,9,3,12.9857,48.7728,converged,3692.41,73658.12,0.4709,0.00,0.0000,0.0067,0.0040,,,,,,,
24.2302,10,3,9.1609,33.3990,converged,3692.41,73658.12,0.4709,0.00,0.0000,0.0116,0.0043,,,,,,,
57.5483,6,3,9.2502,66.7982,converged,3692.41,73658.12,0.4709,0.00,0.0000,0.0093,0.0321,,,,,,,
29.2712,10,3,9.1273,38.3983,converged,3692.41,73658.12,0.4709,0.00,0.0000,0.0092,0.0021,,,,,,,
35.8572,9,3,9.8355,45.6925,converged,3692.41,73658.12,0.4709,0.00,0.0000,0.0098,0.0026,,,,,,,
43.4736,8,3,8.9061,52.3791,converged,3692.41,73658.12,0.4709,0.00,0.0000,0.0097,0.0041,,,,,,,
20.7403,10,3,9.2985,30.0385,converged,3692.41,73658.12,0.4709,0.00,0.0000,0.0084,0.0020,,,,,,,
29.9232,10,3,9.2213,39.1443,converged,3692.41,73658.12,0.4709,0.00,0.0000,0.0090,0.0021,,,,,,,
47.7703,7,3,8.9350,56.7050,converged,3692.41,73658.12,0.4709,0.00,0.0000,0.0072,0.0113,,,,,,,
27.2861,10,3,9.1544,36.4405,converged,3692.41,73658.12,0.4709,0.00,0.0000,0.0074,0.0023,,,,,,,
36.5583,9,3,8.8560,45.4141,converged,3692.41,73658.12,0.4709,0.00,0.0000,0.0109,0.0028,,,,,,,
25.5710,10,3,9.1893,34.7604,converged,3692.41,73658.12,0.4709,0.00,0.0000,0.0070,0.0026,,,,,,,
27.4013,10,3,10.3711,37.7721,converged,3692.41,73658.12,0.4709,0.00,0.0000,0.0072,0.0023,,,,,,,
27.1763,10,3,8.8954,36.0714,converged,3692.41,73658.12,0.4709,0.00,0.0000,0.0091,0.0025,,,,,,,
45.9848,8,3,9.5826,55.5666,converged,3692.41,73658.12,0.4709,0.00,0.0000,0.0112,0.0055,,,,,,,
44.7928,8,3,9.2293,54.0214,converged,3692.41,73658.12,0.4709,0.00,0.0000,0.0094,0.0048,,,,,,,
34.5389,9,3,8.6508,43.1889,converged,3692.41,73658.12,0.4709,0.00,0.0000,0.0087,0.0032,,,,,,,
37.2197,9,3,8.9264,46.1454,converged,3692.41,73658.12,0.4709,0.00,0.0000,0.0098,0.0026,,,,,,,
30.1497,10,3,8.8141,38.9631,converged,3692.41,73658.12,0.4709,0.00,0.0000,0.0075,0.0024,,,,,,,
22.0287,10,3,12.8281,34.8562,converged,3692.41,73658.12,0.4709,0.00,0.0000,0.0095,0.0025,,,,,,,
58.9126,5,3,9.4160,68.3281,converged,3692.41,73658.12,0.4709,0.00,0.0000,0.0091,0.0664,,,,,,,
40.8228,8,3,10.5901,51.4121,converged,3692.41,73658.12,0.4709,0.00,0.0000,0.0100,0.0055,,,,,,,
39.1438,9,3,10.6154,49.7584,converged,3692.41,73658.12,0.4709,0.00,0.0000,0.0092,0.0034,,,,,,,
26.6768,10,3,10.8823,37.5584,converged,3692.41,73658.12,0.4709,0.00,0.0000,0.0068,0.0025,,,,,,,
47.5761,7,3,10.4433,58.0194,converged,3692.41,73658.12,0.4709,0.00,0.0000,0.0111,0.0102,,,,,,,
33.9501,10,3,9.9731,43.9232,converged,3692.41,73658.12,0.4709,0.00,0.0000,0.0089,0.0024,,,,,,,
22.9643,10,3,9.6070,32.5710,converged,3692.41,73658.12,0.4709,0.00,0.0000,0.0102,0.0037,,,,,,,
35.4327,9,3,8.9809,44.4129,converged,3692.41,73658.12,0.4709,0.00,0.0000,0.0120,0.0038,,,,,,,
26.4133,10,3,9.7662,36.1793,converged,3692.41,73658.12,0.4709,0.00,0.0000,0.0082,0.0023,,,,,,,
24.8376,10,3,9.5405,34.3775,converged,3692.41,73658.12,0.4709,0.00,0.0000,0.0078,0.0025,,,,,,,
47.5028,7,3,9.9335,57.4355,converged,3692.41,73658.12,0.4709,0.00,0.0000,0.0101,0.0071,,,,,,,
49.9832,7,3,9.1153,59.0984,converged,3692.41,73658.12,0.4709,0.00,0.0000,0.0118,0.0076,,,,,,,
39.9591,9,3,9.2180,49.1770,converged,3692.41,73658.12,0.4709,0.00,0.0000,0.0099,0.0022,,,,,,,
44.2434,8,3,8.7823,53.0253,converged,3692.41,73658.12,0.4709,0.00,0.0000,0.0069,0.0033,,,,,,,
33.4232,10,3,9.2393,42.6623,converged,3692.41,73658.12,0.4709,0.00,0.0000,0.0069,0.0025,,,,,,,
33.0515,10,3,10.8307,43.8817,converged,3692.41,73658.12,0.4709,0.00,0.0000,0.0075,0.0022,,,,,,,
33.2037,10,3,8.9255,42.1285,converged,3692.41,73658.12,0.4709,0.00,0.0000,0.0098,0.0034,,,,,,,
35.2953,9,3,9.1796,44.4746,converged,3692.41,73658.12,0.4709,0.00,0.0000,0.0101,0.0029,,,,,,,
28.8116,10,3,9.0941,37.9051,converged,3692.41,73658.12,0.4709,0.00,0.0000,0.0072,0.0020,,,,,,,
41.0038,8,3,9.3631,50.3661,converged,3692.41,73658.12,0.4709,0.00,0.0000,0.0105,0.0035,,,,,,,
40.9131,8,3,9.0801,49.9932,converged,3692.41,73658.12,0.4709,0.00,0.0000,0.0091,0.0070,,,,,,,
26.0027,10,3,10.0347,36.0368,converged,3692.41,73658.12,0.4709,0.00,0.0000,0.0091,0.0025,,,,,,,
56.1687,6,3,9.5863,65.7544,converged,3692.41,73658.12,0.4709,0.00,0.0000,0.0089,0.0323,,,,,,,
47.6636,7,3,8.7347,56.3978,converged,3692.41,73658.12,0.4709,0.00,0.0000,0.0085,0.0124,,,,,,,
57.7817,6,3,9.0835,66.8645,converged,3692.41,73658.12,0.4709,0.00,0.0000,0.0129,0.0139,,,,,,,
54.3202,6,3,9.5911,63.9111,converged,3692.41,73658.12,0.4709,0.00,0.0000,0.0076,0.0296,,,,,,,
29.6443,10,3,9.6445,39.2885,converged,3692.41,73658.12,0.4709,0.00,0.0000,0.0070,0.0022,,,,,,,
23.2948,10,3,9.0998,32.3938,converged,3692.41,73658.12,0.4709,0.00,0.0000,0.0079,0.0025,,,,,,,
24.8673,10,3,9.0139,33.8810,converged,3692.41,73658.12,0.4709,0.00,0.0000,0.0089,0.0027,,,,,,,
41.7344,8,3,8.9907,50.7247,converged,3692.41,73658.12,0.4709,0.00,0.0000,0.0084,0.0053,,,,,,,
29.1712,10,3,8.8998,38.0708,converged,3692.41,73658.12,0.4709,0.00,0.0000,0.0088,0.0023,,,,,,,
54.2218,6,3,9.2066,63.4276,converged,3692.41,73658.12,0.4709,0.00,0.0000,0.0087,0.0240,,,,,,,
55.5252,6,3,9.0427,64.5678,converged,3692.41,73658.12,0.4709,0.00,0.0000,0.0111,0.0203,,,,,,,
40.1158,8,3,9.2465,49.3615,converged,3692.41,73658.12,0.4709,0.00,0.0000,0.0084,0.0079,,,,,,,
41.9514,8,3,9.0677,51.0188,converged,3692.41,73658.12,0.4709,0.00,0.0000,0.0082,0.0068,,,,,,,
24.4931,10,3,9.6062,34.0993,converged,3692.41,73658.12,0.4709,0.00,0.0000,0.0094,0.0021,,,,,,,
45.5734,8,3,10.1326,55.7057,converged,3692.41,73658.12,0.4709,0.00,0.0000,0.0089,0.0032,,,,,,,
57.0298,6,3,8.7397,65.7688,converged,3692.41,73658.12,0.4709,0.00,0.0000,0.0108,0.0236,,,,,,,
41.7111,8,3,8.8660,50.5771,converged,3692.41,73658.12,0.4709,0.00,0.0000,0.0096,0.0058,,,,,,,
40.7411,8,3,11.0268,51.7679,converged,3692.41,73658.12,0.4709,0.00,0.0000,0.0099,0.0063,,,,,,,
40.9007,8,3,8.8423,49.7424,converged,3692.41,73658.12,0.4709,0.00,0.0000,0.0101,0.0032,,,,,,,
42.7138,8,3,8.8741,51.5872,converged,3692.41,73658.12,0.4709,0.00,0.0000,0.0122,0.0029,,,,,,,
57.2273,6,3,10.4250,67.6520,converged,3692.41,73658.12,0.4709,0.00,0.0000,0.0142,0.0197,,,,,,,
49.6817,7,3,10.1791,59.8601,converged,3692.41,73658.12,0.4709,0.00,0.0000,0.0096,0.0124,,,,,,,
32.6292,10,3,13.5757,46.2048,converged,3692.41,73658.12,0.4709,0.00,0.0000,0.0082,0.0024,,,,,,,
22.7405,10,3,9.7345,32.4745,converged,3692.41,73658.12,0.4709,0.00,0.0000,0.0085,0.0022,,,,,,,
51.0519,7,3,9.2910,60.3421,converged,3692.41,73658.12,0.4709,0.00,0.0000,0.0126,0.0066,,,,,,,
25.6380,10,3,10.0749,35.7120,converged,3692.41,73658.12,0.4709,0.00,0.0000,0.0101,0.0027,,,,,,,
56.4546,6,3,9.0184,65.4724,converged,3692.41,73658.12,0.4709,0.00,0.0000,0.0117,0.0180,,,,,,,
21.6115,10,3,8.8946,30.5056,converged,3692.41,73658.12,0.4709,0.00,0.0000,0.0068,0.0030,,,,,,,
23.5409,10,3,9.7708,33.3109,converged,3692.41,73658.12,0.4709,0.00,0.0000,0.0109,0.0062,,,,,,,
41.7818,8,3,9.5604,51.3415,converged,3692.41,73658.12,0.4709,0.00,0.0000,0.0106,0.0031,,,,,,,
22.8738,10,3,8.8614,31.7344,converged,3692.41,73658.12,0.4709,0.00,0.0000,0.0082,0.0020,,,,,,,
35.0099,9,3,10.0646,45.0737,converged,3692.41,73658.12,0.4709,0.00,0.0000,0.0107,0.0032,,,,,,,
21.3755,10,3,9.2005,30.5756,converged,3692.41,73658.12,0.4709,0.00,0.0000,0.0091,0.0020,,,,,,,
44.9464,8,3,9.1388,54.0848,converged,3692.41,73658.12,0.4709,0.00,0.0000,0.0104,0.0034,,,,,,,
22.7201,10,3,9.1181,31.8381,converged,3692.41,73658.12,0.4709,0.00,0.0000,0.0079,0.0022,,,,,,,
23.3856,10,3,9.6693,33.0543,converged,3692.41,73658.12,0.4709,0.00,0.0000,0.0079,0.0023,,,,,,,
43.0187,8,3,8.9615,51.9795,converged,3692.41,73658.12,0.4709,0.00,0.0000,0.0091,0.0036,,,,,,,
33.2198,10,3,10.0978,43.3168,converged,3692.41,73658.12,0.4709,0.00,0.0000,0.0088,0.0024,,,,,,,
36.7819,9,3,9.3807,46.1617,converged,3692.41,73658.12,0.4709,0.00,0.0000,0.0094,0.0026,,,,,,,
22.6955,10,3,9.8492,32.5442,converged,3692.41,73658.12,0.4709,0.00,0.0000,0.0096,0.0033,,,,,,,
48.2095,7,3,12.7348,60.9438,converged,3692.41,73658.12,0.4709,0.00,0.0000,0.0093,0.0058,,,,,,,
50.1000,7,3,11.5235,61.6236,converged,3692.41,73658.12,0.4709,0.00,0.0000,0.0113,0.0076,,,,,,,
26.8775,10,3,13.2489,40.1260,converged,3692.41,73658.12,0.4709,0.00,0.0000,0.0090,0.0024,,,,,,,
44.0100,8,3,9.6943,53.7043,converged,3692.41,73658.12,0.4709,0.00,0.0000,0.0113,0.0034,,,,,,,
46.2138,7,3,9.8909,56.1039,converged,3692.41,73658.12,0.4709,0.00,0.0000,0.0108,0.0070,,,,,,,
31.8899,10,3,12.9451,44.8342,converged,3692.41,73658.12,0.4709,0.00,0.0000,0.0071,0.0041,,,,,,,
38.7289,9,3,10.2279,48.9559,converged,3692.41,73658.12,0.4709,0.00,0.0000,0.0090,0.0026,,,,,,,
25.7290,10,3,11.8045,37.5325,converged,3692.41,73658.12,0.4709,0.00,0.0000,0.0086,0.0022,,,,,,,
27.9705,10,3,9.3103,37.2803,converged,3692.41,73658.12,0.4709,0.00,0.0000,0.0109,0.0034,,,,,,,
47.6627,7,3,9.7677,57.4298,converged,3692.41,73658.12,0.4709,0.00,0.0000,0.0093,0.0128,,,,,,,
41.4438,8,3,9.0702,50.5132,converged,3692.41,73658.12,0.4709,0.00,0.0000,0.0088,0.0086,,,,,,,
52.1613,6,3,8.9061,61.0671,converged,3692.41,73658.12,0.4709,0.00,0.0000,0.0090,0.0399,,,,,,,
20.3447,10,3,9.8574,30.2014,converged,3692.41,73658.12,0.4709,0.00,0.0000,0.0093,0.0024,,,,,,,
37.6954,9,3,9.6508,47.3458,converged,3692.41,73658.12,0.4709,0.00,0.0000,0.0109,0.0026,,,,,,,
27.3183,10,3,9.9452,37.2632,converged,3692.41,73658.12,0.4709,0.00,0.0000,0.0080,0.0024,,,,,,,
30.7343,10,3,9.2169,39.9510,converged,3692.41,73658.12,0.4709,0.00,0.0000,0.0086,0.0022,,,,,,,
20.6806,10,3,8.9288,29.6088,converged,3692.41,73658.12,0.4709,0.00,0.0000,0.0088,0.0026,,,,,,,
57.8278,6,3,9.6442,67.4712,converged,3692.41,73658.12,0.4709,0.00,0.0000,0.0098,0.0252,,,,,,,
41.5842,8,3,9.2498,50.8338,converged,3692.41,73658.12,0.4709,0.00,0.0000,0.0117,0.0040,,,,,,,
49.8261,7,3,9.3485,59.1745,converged,3692.41,73658.12,0.4709,0.00,0.0000,0.0121,0.0109,,,,,,,
51.8556,7,3,9.6294,61.4844,converged,3692.41,73658.12,0.4709,0.00,0.0000,0.0119,0.0081,,,,,,,
26.3310,10,3,9.3153,35.6454,converged,3692.41,73658.12,0.4709,0.00,0.0000,0.0085,0.0024,,,,,,,
52.8779,6,3,10.4299,63.3070,converged,3692.41,73658.12,0.4709,0.00,0.0000,0.0104,0.0322,,,,,,,
32.5557,10,3,10.5264,43.0814,converged,3692.41,73658.12,0.4709,0.00,0.0000,0.0087,0.0027,,,,,,,
47.5651,7,3,9.1223,56.6873,converged,3692.41,73658.12,0.4709,0.00,0.0000,0.0102,0.0142,,,,,,,
41.2852,8,3,9.1303,50.4153,converged,3692.41,73658.12,0.4709,0.00,0.0000,0.0113,0.0030,,,,,,,
51.7215,7,3,9.3860,61.1070,converged,3692.41,73658.12,0.4709,0.00,0.0000,0.0114,0.0124,,,,,,,
21.9152,10,3,9.1307,31.0458,converged,3692.41,73658.12,0.4709,0.00,0.0000,0.0094,0.0026,,,,,,,
50.0470,7,3,8.8374,58.8834,converged,3692.41,73658.12,0.4709,0.00,0.0000,0.0138,0.0129,,,,,,,
59.2462,5,3,8.8311,68.0771,converged,3692.41,73658.12,0.4709,0.00,0.0000,0.0077,0.0638,,,,,,,
55.7955,6,3,9.0570,64.8520,converged,3692.41,73658.12,0.4709,0.00,0.0000,0.0167,0.0133,,,,,,,
51.7327,7,3,9.3218,61.0538,converged,3692.41,73658.12,0.4709,0.00,0.0000,0.0100,0.0136,,,,,,,
35.9055,9,3,9.2931,45.1982,converged,3692.41,73658.12,0.4709,0.00,0.0000,0.0078,0.0048,,,,,,,
23.8655,10,3,9.3222,33.1872,converged,3692.41,73658.12,0.4709,0.00,0.0000,0.0099,0.0028,,,,,,,
31.7683,10,3,8.9845,40.7525,converged,3692.41,73658.12,0.4709,0.00,0.0000,0.0087,0.0023,,,,,,,
36.7401,9,3,9.0376,45.7776,converged,3692.41,73658.12,0.4709,0.00,0.0000,0.0092,0.0025,,,,,,,
34.0241,9,3,9.2225,43.2466,converged,3692.41,73658.12,0.4709,0.00,0.0000,0.0082,0.0029,,,,,,,
41.8846,8,3,9.0995,50.9835,converged,3692.41,73658.12,0.4709,0.00,0.0000,0.0101,0.0080,,,,,,,
47.5334,7,3,9.1555,56.6885,converged,3692.41,73658.12,0.4709,0.00,0.0000,0.0102,0.0151,,,,,,,
39.1083,9,3,9.0651,48.1732,converged,3692.41,73658.12,0.4709,0.00,0.0000,0.0081,0.0023,,,,,,,
35.5869,9,3,9.5036,45.0896,converged,3692.41,73658.12,0.4709,0.00,0.0000,0.0076,0.0030,,,,,,,
45.8695,8,3,10.2132,56.0822,converged,3692.41,73658.12,0.4709,0.00,0.0000,0.0107,0.0040,,,,,,,
43.2422,8,3,8.8691,52.1112,converged,3692.41,73658.12,0.4709,0.00,0.0000,0.0079,0.0092,,,,,,,
41.9633,8,3,9.0280,50.9910,converged,3692.41,73658.12,0.4709,0.00,0.0000,0.0092,0.0039,,,,,,,
43.5664,8,3,9.1445,52.7105,converged,3692.41,73658.12,0.4709,0.00,0.0000,0.0098,0.0025,,,,,,,
44.7100,8,3,8.8271,53.5371,converged,3692.41,73658.12,0.4709,0.00,0.0000,0.0106,0.0033,,,,,,,
54.2117,6,3,9.3635,63.5745,converged,3692.41,73658.12,0.4709,0.00,0.0000,0.0089,0.0265,,,,,,,
46.9000,7,3,9.1456,56.0446,converged,3692.41,73658.12,0.4709,0.00,0.0000,0.0118,0.0082,,,,,,,
23.1963,10,3,9.3287,32.5247,converged,3692.41,73658.12,0.4709,0.00,0.0000,0.0073,0.0022,,,,,,,
50.7241,7,3,10.4359,61.1600,converged,3692.41,73658.12,0.4709,0.00,0.0000,0.0155,0.0062,,,,,,,
27.5821,10,3,11.2503,38.8324,converged,3692.41,73658.12,0.4709,0.00,0.0000,0.0065,0.0027,,,,,,,
49.8973,7,3,9.0172,58.9142,converged,3692.41,73658.12,0.4709,0.00,0.0000,0.0123,0.0082,,,,,,,
39.2884,9,3,9.3112,48.5993,converged,3692.41,73658.12,0.4709,0.00,0.0000,0.0103,0.0036,,,,,,,
46.1248,7,3,8.9969,55.1210,converged,3692.41,73658.12,0.4709,0.00,0.0000,0.0093,0.0167,,,,,,,
32.0157,10,3,9.0537,41.0687,converged,3692.41,73658.12,0.4709,0.00,0.0000,0.0084,0.0025,,,,,,,
45.2477,8,3,9.9877,55.2348,converged,3692.41,73658.12,0.4709,0.00,0.0000,0.0100,0.0048,,,,,,,
53.9158,6,3,9.1490,63.0640,converged,3692.41,73658.12,0.4709,0.00,0.0000,0.0101,0.0279,,,,,,,
30.2284,10,3,8.9301,39.1582,converged,3692.41,73658.12,0.4709,0.00,0.0000,0.0097,0.0028,,,,,,,
36.8581,9,3,8.9810,45.8391,converged,3692.41,73658.12,0.4709,0.00,0.0000,0.0122,0.0027,,,,,,,
24.7819,10,3,9.0277,33.8087,converged,3692.41,73658.12,0.4709,0.00,0.0000,0.0084,0.0020,,,,,,,
27.1534,10,3,9.0262,36.1793,converged,3692.41,73658.12,0.4709,0.00,0.0000,0.0079,0.0020,,,,,,,
31.2533,10,3,9.7825,41.0356,converged,3692.41,73658.12,0.4709,0.00,0.0000,0.0078,0.0024,,,,,,,
50.9222,7,3,8.9394,59.8614,converged,3692.41,73658.12,0.4709,0.00,0.0000,0.0113,0.0108,,,,,,,
37.8804,9,3,8.9564,46.8364,converged,3692.41,73658.12,0.4709,0.00,0.0000,0.0086,0.0040,,,,,,,
21.3859,10,3,9.3375,30.7225,converged,3692.41,73658.12,0.4709,0.00,0.0000,0.0085,0.0034,,,,,,,
38.5892,9,3,11.3119,49.9009,converged,3692.41,73658.12,0.4709,0.00,0.0000,0.0088,0.0031,,,,,,,
42.2721,8,3,9.0499,51.3219,converged,3692.41,73658.12,0.4709,0.00,0.0000,0.0090,0.0046,,,,,,,
39.9299,9,3,10.7425,50.6715,converged,3692.41,73658.12,0.4709,0.00,0.0000,0.0108,0.0028,,,,,,,
52.2084,6,3,13.2927,65.5007,converged,3692.41,73658.12,0.4709,0.00,0.0000,0.0090,0.0201,,,,,,,
21.0606,10,3,9.4391,30.4992,converged,3692.41,73658.12,0.4709,0.00,0.0000,0.0079,0.0024,,,,,,,
37.7519,9,3,9.1885,46.9395,converged,3692.41,73658.12,0.4709,0.00,0.0000,0.0081,0.0026,,,,,,,
38.8603,9,3,9.3290,48.1891,converged,3692.41,73658.12,0.4709,0.00,0.0000,0.0085,0.0037,,,,,,,
39.7576,9,3,9.9757,49.7327,converged,3692.41,73658.12,0.4709,0.00,0.0000,0.0094,0.0027,,,,,,,
30.6701,10,3,9.1561,39.8261,converged,3692.41,73658.12,0.4709,0.00,0.0000,0.0094,0.0028,,,,,,,
57.6575,6,3,9.5282,67.1852,converged,3692.41,73658.12,0.4709,0.00,0.0000,0.0107,0.0282,,,,,,,
31.4949,10,3,9.4982,40.9922,converged,3692.41,73658.12,0.4709,0.00,0.0000,0.0115,0.0033,,,,,,,
57.3195,6,3,13.3326,70.6517,converged,3692.41,73658.12,0.4709,0.00,0.0000,0.0096,0.0236,,,,,,,
44.1692,8,3,10.8637,55.0328,converged,3692.41,73658.12,0.4709,0.00,0.0000,0.0113,0.0040,,,,,,,
20.4988,10,3,10.3702,30.8683,converged,3692.41,73658.12,0.4709,0.00,0.0000,0.0077,0.0023,,,,,,,
51.7927,7,3,10.0455,61.8375,converged,3692.41,73658.12,0.4709,0.00,0.0000,0.0099,0.0070,,,,,,,
23.9558,10,3,9.0972,33.0522,converged,3692.41,73658.12,0.4709,0.00,0.0000,0.0078,0.0027,,,,,,,
46.3060,7,3,9.6438,55.9498,converged,3692.41,73658.12,0.4709,0.00,0.0000,0.0105,0.0103,,,,,,,
47.5955,7,3,8.7412,56.3363,converged,3692.41,73658.12,0.4709,0.00,0.0000,0.0133,0.0180,,,,,,,
29.3102,10,3,9.9516,39.2616,converged,3692.41,73658.12,0.4709,0.00,0.0000,0.0092,0.0031,,,,,,,
36.9231,9,3,8.9501,45.8732,converged,3692.41,73658.12,0.4709,0.00,0.0000,0.0096,0.0025,,,,,,,
27.7439,10,3,10.6352,38.3782,converged,3692.41,73658.12,0.4709,0.00,0.0000,0.0086,0.0024,,,,,,,
25.6628,10,3,10.0985,35.7605,converged,3692.41,73658.12,0.4709,0.00,0.0000,0.0071,0.0023,,,,,,,
49.3108,7,3,9.1077,58.4177,converged,3692.41,73658.12,0.4709,0.00,0.0000,0.0124,0.0099,,,,,,,
26.5904,10,3,8.8572,35.4473,converged,3692.41,73658.12,0.4709,0.00,0.0000,0.0087,0.0027,,,,,,,
57.3833,6,3,9.6835,67.0666,converged,3692.41,73658.12,0.4709,0.00,0.0000,0.0121,0.0180,,,,,,,
23.9859,10,3,9.8010,33.7860,converged,3692.41,73658.12,0.4709,0.00,0.0000,0.0095,0.0029,,,,,,,
45.0370,8,3,8.9508,53.9879,converged,3692.41,73658.12,0.4709,0.00,0.0000,0.0091,0.0095,,,,,,,
29.7405,10,3,9.0683,38.8083,converged,3692.41,73658.12,0.4709,0.00,0.0000,0.0098,0.0024,,,,,,,
24.5983,10,3,9.3847,33.9828,converged,3692.41,73658.12,0.4709,0.00,0.0000,0.0111,0.0036,,,,,,,
28.3687,10,3,9.5604,37.9284,converged,3692.41,73658.12,0.4709,0.00,0.0000,0.0112,0.0034,,,,,,,
51.9991,7,3,10.5528,62.5519,converged,3692.41,73658.12,0.4709,0.00,0.0000,0.0095,0.0104,,,,,,,
47.3115,7,3,11.6387,58.9498,converged,3692.41,73658.12,0.4709,0.00,0.0000,0.0112,0.0065,,,,,,,
55.4874,6,3,11.1465,66.6336,converged,3692.41,73658.12,0.4709,0.00,0.0000,0.0101,0.0308,,,,,,,
35.1600,9,3,10.4862,45.6452,converged,3692.41,73658.12,0.4709,0.00,0.0000,0.0084,0.0038,,,,,,,
37.2734,9,3,9.2424,46.5155,converged,3692.41,73658.12,0.4709,0.00,0.0000,0.0091,0.0027,,,,,,,
49.0155,7,3,9.8624,58.8774,converged,3692.41,73658.12,0.4709,0.00,0.0000,0.0130,0.0069,,,,,,,
23.4710,10,3,9.1166,32.5877,converged,3692.41,73658.12,0.4709,0.00,0.0000,0.0096,0.0029,,,,,,,
41.9202,8,3,9.2184,51.1385,converged,3692.41,73658.12,0.4709,0.00,0.0000,0.0113,0.0031,,,,,,,
44.4262,8,3,9.2039,53.6299,converged,3692.41,73658.12,0.4709,0.00,0.0000,0.0091,0.0071,,,,,,,
48.2674,7,3,9.2675,57.5346,converged,3692.41,73658.12,0.4709,0.00,0.0000,0.0132,0.0078,,,,,,,
59.5904,5,3,9.3088,68.8988,converged,3692.41,73658.12,0.4709,0.00,0.0000,0.0155,0.0551,,,,,,,
26.6201,10,3,9.6542,36.2742,converged,3692.41,73658.12,0.4709,0.00,0.0000,0.0072,0.0023,,,,,,,
46.5354,7,3,10.1056,56.6406,converged,3692.41,73658.12,0.4709,0.00,0.0000,0.0118,0.0056,,,,,,,
36.7418,9,3,10.2669,47.0080,converged,3692.41,73658.12,0.4709,0.00,0.0000,0.0111,0.0032,,,,,,,
44.1576,8,3,9.3549,53.5120,converged,3692.41,73658.12,0.4709,0.00,0.0000,0.0099,0.0046,,,,,,,
50.7495,7,3,9.1878,59.9368,converged,3692.41,73658.12,0.4709,0.00,0.0000,0.0132,0.0160,,,,,,,
41.8831,8,3,8.9251,50.8081,converged,3692.41,73658.12,0.4709,0.00,0.0000,0.0112,0.0046,,,,,,,
25.9168,10,3,9.5570,35.4730,converged,3692.41,73658.12,0.4709,0.00,0.0000,0.0071,0.0027,,,,,,,
20.5185,10,3,10.3562,30.8742,converged,3692.41,73658.12,0.4709,0.00,0.0000,0.0072,0.0026,,,,,,,
28.9766,10,3,13.0944,42.0704,converged,3692.41,73658.12,0.4709,0.00,0.0000,0.0085,0.0022,,,,,,,
22.0713,10,3,10.9118,32.9829,converged,3692.41,73658.12,0.4709,0.00,0.0000,0.0082,0.0023,,,,,,,
42.7229,8,3,10.4201,53.1421,converged,3692.41,73658.12,0.4709,0.00,0.0000,0.0092,0.0059,,,,,,,
36.9663,9,3,9.2656,46.2316,converged,3692.41,73658.12,0.4709,0.00,0.0000,0.0100,0.0027,,,,,,,
55.5518,6,3,9.2040,64.7550,converged,3692.41,73658.12,0.4709,0.00,0.0000,0.0092,0.0285,,,,,,,
51.0723,7,3,8.8013,59.8734,converged,3692.41,73658.12,0.4709,0.00,0.0000,0.0094,0.0126,,,,,,,
41.3398,8,3,8.8303,50.1693,converged,3692.41,73658.12,0.4709,0.00,0.0000,0.0080,0.0065,,,,,,,
40.9999,8,3,8.9125,49.9116,converged,3692.41,73658.12,0.4709,0.00,0.0000,0.0111,0.0046,,,,,,,
33.8450,10,3,12.1992,46.0432,converged,3692.41,73658.12,0.4709,0.00,0.0000,0.0080,0.0028,,,,,,,
25.5431,10,3,8.8495,34.3925,converged,3692.41,73658.12,0.4709,0.00,0.0000,0.0088,0.0030,,,,,,,
46.1961,7,3,8.8142,55.0102,converged,3692.41,73658.12,0.4709,0.00,0.0000,0.0101,0.0082,,,,,,,
55.7310,6,3,9.1275,64.8586,converged,3692.41,73658.12,0.4709,0.00,0.0000,0.0116,0.0206,,,,,,,
26.3840,10,3,9.1384,35.5224,converged,3692.41,73658.12,0.4709,0.00,0.0000,0.0100,0.0036,,,,,,,
52.8192,6,3,10.0840,62.9030,converged,3692.41,73658.12,0.4709,0.00,0.0000,0.0142,0.0214,,,,,,,
28.9740,10,3,9.3110,38.2850,converged,3692.41,73658.12,0.4709,0.00,0.0000,0.0068,0.0022,,,,,,,
32.7486,10,3,9.3550,42.1030,converged,3692.41,73658.12,0.4709,0.00,0.0000,0.0075,0.0022,,,,,,,
28.6803,10,3,9.1083,37.7884,converged,3692.41,73658.12,0.4709,0.00,0.0000,0.0094,0.0036,,,,,,,
42.8837,8,3,9.5271,52.4102,converged,3692.41,73658.12,0.4709,0.00,0.0000,0.0084,0.0041,,,,,,,
51.2529,7,3,10.0864,61.3385,converged,3692.41,73658.12,0.4709,0.00,0.0000,0.0128,0.0072,,,,,,,
34.0631,9,3,9.1248,43.1879,converged,3692.41,73658.12,0.4709,0.00,0.0000,0.0107,0.0031,,,,,,,
29.5768,10,3,13.9020,43.4781,converged,3692.41,73658.12,0.4709,0.00,0.0000,0.0076,0.0023,,,,,,,
22.0524,10,3,9.1377,31.1897,converged,3692.41,73658.12,0.4709,0.00,0.0000,0.0081,0.0022,,,,,,,
50.2370,7,3,10.5312,60.7682,converged,3692.41,73658.12,0.4709,0.00,0.0000,0.0099,0.0099,,,,,,,
53.1563,6,3,9.9434,63.0994,converged,3692.41,73658.12,0.4709,0.00,0.0000,0.0110,0.0305,,,,,,,
47.3307,7,3,9.0124,56.3424,converged,3692.41,73658.12,0.4709,0.00,0.0000,0.0084,0.0116,,,,,,,
32.4159,10,3,9.0488,41.4638,converged,3692.41,73658.12,0.4709,0.00,0.0000,0.0086,0.0024,,,,,,,
43.9833,8,3,10.1289,54.1119,converged,3692.41,73658.12,0.4709,0.00,0.0000,0.0083,0.0028,,,,,,,
21.8290,10,3,9.9460,31.7741,converged,3692.41,73658.12,0.4709,0.00,0.0000,0.0098,0.0028,,,,,,,
57.1214,6,3,9.5302,66.6513,converged,3692.41,73658.12,0.4709,0.00,0.0000,0.0074,0.0296,,,,,,,
23.5588,10,3,9.4072,32.9653,converged,3692.41,73658.12,0.4709,0.00,0.0000,0.0107,0.0031,,,,,,,
50.3914,7,3,9.6169,60.0080,converged,3692.41,73658.12,0.4709,0.00,0.0000,0.0085,0.0126,,,,,,,
34.5351,9,3,9.6842,44.2192,converged,3692.41,73658.12,0.4709,0.00,0.0000,0.0091,0.0031,,,,,,,
59.6762,5,3,9.0173,68.6933,converged,3692.41,73658.12,0.4709,0.00,0.0000,0.0105,0.0699,,,,,,,
51.4839,7,3,10.2934,61.7764,converged,3692.41,73658.12,0.4709,0.00,0.0000,0.0096,0.0147,,,,,,,
48.0568,7,3,9.6242,57.6802,converged,3692.41,73658.12,0.4709,0.00,0.0000,0.0124,0.0086,,,,,,,
22.8872,10,3,9.7943,32.6813,converged,3692.41,73658.12,0.4709,0.00,0.0000,0.0075,0.0022,,,,,,,
36.7065,9,3,11.4265,48.1326,converged,3692.41,73658.12,0.4709,0.00,0.0000,0.0085,0.0025,,,,,,,
42.5044,8,3,9.5806,52.0846,converged,3692.41,73658.12,0.4709,0.00,0.0000,0.0078,0.0075,,,,,,,
53.8218,6,3,9.0388,62.8599,converged,3692.41,73658.12,0.4709,0.00,0.0000,0.0105,0.0175,,,,,,,
45.8896,8,3,10.1988,56.0878,converged,3692.41,73658.12,0.4709,0.00,0.0000,0.0114,0.0032,,,,,,,
23.5769,10,3,9.5844,33.1604,converged,3692.41,73658.12,0.4709,0.00,0.0000,0.0084,0.0028,,,,,,,
46.0039,7,3,9.6452,55.6483,converged,3692.41,73658.12,0.4709,0.00,0.0000,0.0093,0.0150,,,,,,,
35.8410,9,3,10.0951,45.9362,converged,3692.41,73658.12,0.4709,0.00,0.0000,0.0093,0.0027,,,,,,,
45.8423,8,3,9.4617,55.3038,converged,3692.41,73658.12,0.4709,0.00,0.0000,0.0086,0.0108,,,,,,,
56.8050,6,3,9.6008,66.4058,converged,3692.41,73658.12,0.4709,0.00,0.0000,0.0099,0.0341,,,,,,,
33.6510,10,3,9.5939,43.2440,converged,3692.41,73658.12,0.4709,0.00,0.0000,0.0090,0.0026,,,,,,,
33.9956,10,3,9.1457,43.1408,converged,3692.41,73658.12,0.4709,0.00,0.0000,0.0103,0.0034,,,,,,,
36.2263,9,3,9.1371,45.3632,converged,3692.41,73658.12,0.4709,0.00,0.0000,0.0102,0.0024,,,,,,,
59.7643,5,3,9.7984,69.5625,converged,3692.41,73658.12,0.4709,0.00,0.0000,0.0094,0.0639,,,,,,,
51.0847,7,3,9.1043,60.1883,converged,3692.41,73658.12,0.4709,0.00,0.0000,0.0148,0.0106,,,,,,,
56.3907,6,3,8.9396,65.3296,converged,3692.41,73658.12,0.4709,0.00,0.0000,0.0108,0.0289,,,,,,,
43.3827,8,3,9.4430,52.8250,converged,3692.41,73658.12,0.4709,0.00,0.0000,0.0106,0.0045,,,,,,,
37.4858,9,3,9.9736,47.4586,converged,3692.41,73658.12,0.4709,0.00,0.0000,0.0095,0.0028,,,,,,,
55.0356,6,3,9.9590,64.9940,converged,3692.41,73658.12,0.4709,0.00,0.0000,0.0092,0.0172,,,,,,,
33.4566,10,3,9.5429,42.9989,converged,3692.41,73658.12,0.4709,0.00,0.0000,0.0104,0.0035,,,,,,,
54.7777,6,3,9.1292,63.9062,converged,3692.41,73658.12,0.4709,0.00,0.0000,0.0080,0.0338,,,,,,,
41.5705,8,3,10.8277,52.3978,converged,3692.41,73658.12,0.4709,0.00,0.0000,0.0116,0.0044,,,,,,,
58.5013,5,3,9.0998,67.6009,converged,3692.41,73658.12,0.4709,0.00,0.0000,0.0088,0.0630,,,,,,,
50.6804,7,3,9.4802,60.1602,converged,3692.41,73658.12,0.4709,0.00,0.0000,0.0087,0.0148,,,,,,,
26.8549,10,3,9.1640,36.0181,converged,3692.41,73658.12,0.4709,0.00,0.0000,0.0082,0.0020,,,,,,,
47.0465,7,3,9.3825,56.4286,converged,3692.41,73658.12,0.4709,0.00,0.0000,0.0128,0.0157,,,,,,,
28.6071,10,3,9.9138,38.5208,converged,3692.41,73658.12,0.4709,0.00,0.0000,0.0097,0.0044,,,,,,,
22.6273,10,3,9.4540,32.0810,converged,3692.41,73658.12,0.4709,0.00,0.0000,0.0078,0.0019,,,,,,,
29.5333,10,3,9.4116,38.9446,converged,3692.41,73658.12,0.4709,0.00,0.0000,0.0100,0.0052,,,,,,,
44.4392,8,3,9.5099,53.9490,converged,3692.41,73658.12,0.4709,0.00,0.0000,0.0098,0.0040,,,,,,,
30.0367,10,3,9.6662,39.7023,converged,3692.41,73658.12,0.4709,0.00,0.0000,0.0088,0.0029,,,,,,,
47.8804,7,3,8.8370,56.7170,converged,3692.41,73658.12,0.4709,0.00,0.0000,0.0089,0.0193,,,,,,,
29.1312,10,3,8.8546,37.9856,converged,3692.41,73658.12,0.4709,0.00,0.0000,0.0070,0.0026,,,,,,,
21.0153,10,3,9.3564,30.3714,converged,3692.41,73658.12,0.4709,0.00,0.0000,0.0072,0.0023,,,,,,,
22.7465,10,3,9.4678,32.2138,converged,3692.41,73658.12,0.4709,0.00,0.0000,0.0076,0.0026,,,,,,,
49.0079,7,3,10.0547,59.0618,converged,3692.41,73658.12,0.4709,0.00,0.0000,0.0087,0.0109,,,,,,,
42.2750,8,3,10.7934,53.0674,converged,3692.41,73658.12,0.4709,0.00,0.0000,0.0088,0.0092,,,,,,,
50.4112,7,3,9.4579,59.8689,converged,3692.41,73658.12,0.4709,0.00,0.0000,0.0110,0.0034,,,,,,,
34.2659,9,3,9.1497,43.4148,converged,3692.41,73658.12,0.4709,0.00,0.0000,0.0070,0.0043,,,,,,,
45.7229,8,3,9.6679,55.3899,converged,3692.41,73658.12,0.4709,0.00,0.0000,0.0089,0.0033,,,,,,,
45.6796,8,3,9.4143,55.0933,converged,3692.41,73658.12,0.4709,0.00,0.0000,0.0083,0.0119,,,,,,,
52.5285,6,3,9.4490,61.9770,converged,3692.41,73658.12,0.4709,0.00,0.0000,0.0068,0.0310,,,,,,,
39.2149,9,3,9.2565,48.4705,converged,3692.41,73658.12,0.4709,0.00,0.0000,0.0090,0.0026,,,,,,,
45.7180,8,3,11.1991,56.9161,converged,3692.41,73658.12,0.4709,0.00,0.0000,0.0123,0.0044,,,,,,,
57.9979,6,3,9.1990,67.1960,converged,3692.41,73658.12,0.4709,0.00,0.0000,0.0128,0.0164,,,,,,,
40.3953,8,3,9.1830,49.5780,converged,3692.41,73658.12,0.4709,0.00,0.0000,0.0071,0.0060,,,,,,,
33.7040,10,3,9.0118,42.7158,converged,3692.41,73658.12,0.4709,0.00,0.0000,0.0088,0.0028,,,,,,,
59.3668,5,3,9.4833,68.8493,converged,3692.41,73658.12,0.4709,0.00,0.0000,0.0060,0.0583,,,,,,,
28.1490,10,3,8.6418,36.7908,converged,3692.41,73658.12,0.4709,0.00,0.0000,0.0087,0.0042,,,,,,,
42.4700,8,3,10.0937,52.5627,converged,3692.41,73658.12,0.4709,0.00,0.0000,0.0107,0.0048,,,,,,,
45.4593,8,3,8.8921,54.3511,converged,3692.41,73658.12,0.4709,0.00,0.0000,0.0086,0.0069,,,,,,,
38.5432,9,3,9.5711,48.1141,converged,3692.41,73658.12,0.4709,0.00,0.0000,0.0113,0.0035,,,,,,,
23.0416,10,3,9.0663,32.1073,converged,3692.41,73658.12,0.4709,0.00,0.0000,0.0103,0.0025,,,,,,,
54.9607,6,3,9.5473,64.5074,converged,3692.41,73658.12,0.4709,0.00,0.0000,0.0139,0.0137,,,,,,,
29.7580,10,3,9.1622,38.9202,converged,3692.41,73658.12,0.4709,0.00,0.0000,0.0080,0.0023,,,,,,,
54.8768,6,3,9.3723,64.2483,converged,3692.41,73658.12,0.4709,0.00,0.0000,0.0100,0.0309,,,,,,,
36.1446,9,3,9.1826,45.3266,converged,3692.41,73658.12,0.4709,0.00,0.0000,0.0096,0.0031,,,,,,,
38.1772,9,3,9.1601,47.3371,converged,3692.41,73658.12,0.4709,0.00,0.0000,0.0090,0.0025,,,,,,,
33.6588,10,3,9.0164,42.6744,converged,3692.41,73658.12,0.4709,0.00,0.0000,0.0090,0.0023,,,,,,,
24.7992,10,3,10.0965,34.8955,converged,3692.41,73658.12,0.4709,0.00,0.0000,0.0067,0.0025,,,,,,,
56.8862,6,3,9.6115,66.4975,converged,3692.41,73658.12,0.4709,0.00,0.0000,0.0106,0.0331,,,,,,,
34.7248,9,3,9.5519,44.2759,converged,3692.41,73658.12,0.4709,0.00,0.0000,0.0116,0.0030,,,,,,,
23.4153,10,3,9.2306,32.6457,converged,3692.41,73658.12,0.4709,0.00,0.0000,0.0090,0.0028,,,,,,,
20.6169,10,3,9.5455,30.1616,converged,3692.41,73658.12,0.4709,0.00,0.0000,0.0097,0.0032,,,,,,,
31.6133,10,3,9.6368,41.2499,converged,3692.41,73658.12,0.4709,0.00,0.0000,0.0123,0.0041,,,,,,,
46.0832,7,3,9.3179,55.4010,converged,3692.41,73658.12,0.4709,0.00,0.0000,0.0113,0.0095,,,,,,,
33.4629,10,3,9.3598,42.8218,converged,3692.41,73658.12,0.4709,0.00,0.0000,0.0088,0.0027,,,,,,,
40.3972,8,3,9.2719,49.6689,converged,3692.41,73658.12,0.4709,0.00,0.0000,0.0105,0.0033,,,,,,,
56.3857,6,3,9.2455,65.6305,converged,3692.41,73658.12,0.4709,0.00,0.0000,0.0107,0.0167,,,,,,,
58.8720,5,3,12.8465,71.7175,converged,3692.41,73658.12,0.4709,0.00,0.0000,0.0167,0.0534,,,,,,,
55.3536,6,3,9.4762,64.8292,converged,3692.41,73658.12,0.4709,0.00,0.0000,0.0123,0.0207,,,,,,,
59.1991,5,3,12.3165,71.5155,converged,3692.41,73658.12,0.4709,0.00,0.0000,0.0139,0.0445,,,,,,,
56.5921,6,3,8.9842,65.5763,converged,3692.41,73658.12,0.4709,0.00,0.0000,0.0121,0.0267,,,,,,,
58.0359,5,3,9.0669,67.1020,converged,3692.41,73658.12,0.4709,0.00,0.0000,0.0093,0.0580,,,,,,,
30.5363,10,3,9.3313,39.8673,converged,3692.41,73658.12,0.4709,0.00,0.0000,0.0091,0.0023,,,,,,,
39.4996,9,3,10.0360,49.5351,converged,3692.41,73658.12,0.4709,0.00,0.0000,0.0088,0.0031,,,,,,,
49.6633,7,3,9.5096,59.1726,converged,3692.41,73658.12,0.4709,0.00,0.0000,0.0078,0.0127,,,,,,,
40.5180,8,3,9.1280,49.6461,converged,3692.41,73658.12,0.4709,0.00,0.0000,0.0091,0.0029,,,,,,,
40.4586,8,3,9.3659,49.8239,converged,3692.41,73658.12,0.4709,0.00,0.0000,0.0114,0.0031,,,,,,,
42.2000,8,3,10.7784,52.9775,converged,3692.41,73658.12,0.4709,0.00,0.0000,0.0100,0.0043,,,,,,,
22.4824,10,3,9.3883,31.8703,converged,3692.41,73658.12,0.4709,0.00,0.0000,0.0071,0.0022,,,,,,,
47.8352,7,3,10.0283,57.8634,converged,3692.41,73658.12,0.4709,0.00,0.0000,0.0097,0.0138,,,,,,,
25.2034,10,3,9.4831,34.6862,converged,3692.41,73658.12,0.4709,0.00,0.0000,0.0077,0.0021,,,,,,,
59.7443,5,3,9.0434,68.7874,converged,3692.41,73658.12,0.4709,0.00,0.0000,0.0077,0.0669,,,,,,,
46.4273,7,3,9.4055,55.8325,converged,3692.41,73658.12,0.4709,0.00,0.0000,0.0112,0.0158,,,,,,,
23.4872,10,3,9.7474,33.2344,converged,3692.41,73658.12,0.4709,0.00,0.0000,0.0070,0.0024,,,,,,,
39.4709,9,3,9.3443,48.8144,converged,3692.41,73658.12,0.4709,0.00,0.0000,0.0093,0.0040,,,,,,,
28.5117,10,3,9.1814,37.6924,converged,3692.41,73658.12,0.4709,0.00,0.0000,0.0083,0.0023,,,,,,,
20.9061,10,3,10.8518,31.7578,converged,3692.41,73658.12,0.4709,0.00,0.0000,0.0081,0.0023,,,,,,,
57.5885,6,3,8.9959,66.5839,converged,3692.41,73658.12,0.4709,0.00,0.0000,0.0113,0.0279,,,,,,,
37.9143,9,3,10.6043,48.5184,converged,3692.41,73658.12,0.4709,0.00,0.0000,0.0105,0.0060,,,,,,,
52.0587,6,3,9.4137,61.4717,converged,3692.41,73658.12,0.4709,0.00,0.0000,0.0103,0.0245,,,,,,,
37.4772,9,3,9.1889,46.6659,converged,3692.41,73658.12,0.4709,0.00,0.0000,0.0081,0.0031,,,,,,,
41.4190,8,3,9.0922,50.5112,converged,3692.41,73658.12,0.4709,0.00,0.0000,0.0100,0.0036,,,,,,,
28.9225,10,3,8.9669,37.8889,converged,3692.41,73658.12,0.4709,0.00,0.0000,0.0084,0.0034,,,,,,,
59.4807,5,3,8.9341,68.4141,converged,3692.41,73658.12,0.4709,0.00,0.0000,0.0115,0.0557,,,,,,,
56.8458,6,3,8.6861,65.5311,converged,3692.41,73658.12,0.4709,0.00,0.0000,0.0139,0.0383,,,,,,,
39.2206,9,3,9.1354,48.3555,converged,3692.41,73658.12,0.4709,0.00,0.0000,0.0076,0.0023,,,,,,,
47.3871,7,3,9.5296,56.9167,converged,3692.41,73658.12,0.4709,0.00,0.0000,0.0125,0.0129,,,,,,,
28.3765,10,3,9.9669,38.3429,converged,3692.41,73658.12,0.4709,0.00,0.0000,0.0101,0.0027,,,,,,,
25.0840,10,3,9.5430,34.6271,converged,3692.41,73658.12,0.4709,0.00,0.0000,0.0088,0.0023,,,,,,,
30.4743,10,3,9.6898,40.1638,converged,3692.41,73658.12,0.4709,0.00,0.0000,0.0069,0.0017,,,,,,,
50.9449,7,3,9.2255,60.1695,converged,3692.41,73658.12,0.4709,0.00,0.0000,0.0102,0.0137,,,,,,,
32.4517,10,3,9.1823,41.6333,converged,3692.41,73658.12,0.4709,0.00,0.0000,0.0087,0.0033,,,,,,,
53.7533,6,3,9.0937,62.8468,converged,3692.41,73658.12,0.4709,0.00,0.0000,0.0122,0.0236,,,,,,,
24.8105,10,3,8.9519,33.7619,converged,3692.41,73658.12,0.4709,0.00,0.0000,0.0128,0.0053,,,,,,,
27.6407,10,3,9.6585,37.2985,converged,3692.41,73658.12,0.4709,0.00,0.0000,0.0081,0.0023,,,,,,,
51.3580,7,3,8.9638,60.3208,converged,3692.41,73658.12,0.4709,0.00,0.0000,0.0100,0.0060,,,,,,,
41.7290,8,3,9.5428,51.2718,converged,3692.41,73658.12,0.4709,0.00,0.0000,0.0110,0.0045,,,,,,,
50.4795,7,3,10.0563,60.5354,converged,3692.41,73658.12,0.4709,0.00,0.0000,0.0086,0.0117,,,,,,,
51.3991,7,3,9.2782,60.6773,converged,3692.41,73658.12,0.4709,0.00,0.0000,0.0107,0.0071,,,,,,,
33.1925,10,3,10.0827,43.2747,converged,3692.41,73658.12,0.4709,0.00,0.0000,0.0094,0.0025,,,,,,,
45.0101,8,3,10.2247,55.2347,converged,3692.41,73658.12,0.4709,0.00,0.0000,0.0100,0.0035,,,,,,,
56.4106,6,3,9.4238,65.8338,converged,3692.41,73658.12,0.4709,0.00,0.0000,0.0100,0.0309,,,,,,,
45.1737,8,3,9.4878,54.6608,converged,3692.41,73658.12,0.4709,0.00,0.0000,0.0101,0.0039,,,,,,,
33.2617,10,3,9.2910,42.5520,converged,3692.41,73658.12,0.4709,0.00,0.0000,0.0090,0.0022,,,,,,,
40.2083,8,3,9.1512,49.3593,converged,3692.41,73658.12,0.4709,0.00,0.0000,0.0108,0.0041,,,,,,,
22.7766,10,3,9.3761,32.1521,converged,3692.41,73658.12,0.4709,0.00,0.0000,0.0072,0.0025,,,,,,,
21.0038,10,3,10.2608,31.2639,converged,3692.41,73658.12,0.4709,0.00,0.0000,0.0102,0.0028,,,,,,,
44.2865,8,3,9.5292,53.8152,converged,3692.41,73658.12,0.4709,0.00,0.0000,0.0109,0.0081,,,,,,,
29.4306,10,3,9.5834,39.0134,converged,3692.41,73658.12,0.4709,0.00,0.0000,0.0081,0.0023,,,,,,,
46.9715,7,3,9.0068,55.9779,converged,3692.41,73658.12,0.4709,0.00,0.0000,0.0135,0.0123,,,,,,,
30.0361,10,3,9.1005,39.1365,converged,3692.41,73658.12,0.4709,0.00,0.0000,0.0074,0.0022,,,,,,,
26.9681,10,3,9.3744,36.3425,converged,3692.41,73658.12,0.4709,0.00,0.0000,0.0083,0.0024,,,,,,,
58.2530,5,3,12.4237,70.6757,converged,3692.41,73658.12,0.4709,0.00,0.0000,0.0151,0.0694,,,,,,,
47.1891,7,3,8.9413,56.1304,converged,3692.41,73658.12,0.4709,0.00,0.0000,0.0095,0.0166,,,,,,,
43.8164,8,3,8.9990,52.8150,converged,3692.41,73658.12,0.4709,0.00,0.0000,0.0079,0.0036,,,,,,,
33.8220,10,3,9.4027,43.2237,converged,3692.41,73658.12,0.4709,0.00,0.0000,0.0090,0.0028,,,,,,,
39.2407,9,3,9.0056,48.2457,converged,3692.41,73658.12,0.4709,0.00,0.0000,0.0107,0.0042,,,,,,,
34.8161,9,3,12.2867,47.1027,converged,3692.41,73658.12,0.4709,0.00,0.0000,0.0093,0.0025,,,,,,,
56.7723,6,3,9.5468,66.3188,converged,3692.41,73658.12,0.4709,0.00,0.0000,0.0075,0.0427,,,,,,,
34.0809,9,3,9.3235,43.4036,converged,3692.41,73658.12,0.4709,0.00,0.0000,0.0088,0.0024,,,,,,,
43.1728,8,3,10.3287,53.5007,converged,3692.41,73658.12,0.4709,0.00,0.0000,0.0098,0.0031,,,,,,,
24.1359,10,3,10.0252,34.1602,converged,3692.41,73658.12,0.4709,0.00,0.0000,0.0073,0.0021,,,,,,,
25.5678,10,3,10.0929,35.6599,converged,3692.41,73658.12,0.4709,0.00,0.0000,0.0075,0.0024,,,,,,,
28.0947,10,3,8.9551,37.0491,converged,3692.41,73658.12,0.4709,0.00,0.0000,0.0079,0.0025,,,,,,,
56.7617,6,3,9.6977,66.4587,converged,3692.41,73658.12,0.4709,0.00,0.0000,0.0090,0.0376,,,,,,,
36.2430,9,3,9.0796,45.3216,converged,3692.41,73658.12,0.4709,0.00,0.0000,0.0073,0.0023,,,,,,,
36.9797,9,3,9.2977,46.2767,converged,3692.41,73658.12,0.4709,0.00,0.0000,0.0102,0.0042,,,,,,,
