jitter_ms,planned_steps,actual_steps,denoise_ms,total_cycle_ms,stop_reason,ego_x,ego_y,ego_yaw,ego_vx,delta_0,delta_1,delta_2,delta_3,delta_4,delta_5,delta_6,delta_7,delta_8,delta_9
jitter_ms,planned_steps,actual_steps,denoise_ms,total_cycle_ms,stop_reason,ego_x,ego_y,ego_yaw,ego_vx,delta_0,delta_1,delta_2,delta_3,delta_4,delta_5,delta_6,delta_7,delta_8,delta_9
57.0343,6,6,32.4567,89.4907,completed,81377.36,49916.91,0.5890,0.00,0.0000,0.0581,0.3518,0.9327,1.7687,0.1782,,,,
37.6034,9,9,34.1014,71.7044,completed,81377.36,49916.91,0.5890,0.00,0.0000,0.2352,1.2898,1.2595,3.5628,2.1298,0.3386,0.6657,0.4105,
53.1970,6,6,19.9031,73.1001,converged,81377.36,49916.91,0.5890,0.00,0.0000,0.3028,2.7843,2.8366,0.6773,0.0227,,,,
54.4311,6,6,23.3048,77.7359,completed,81377.36,49916.91,0.5890,0.00,0.0000,1.0861,2.7107,6.2685,1.4782,1.1876,,,,
50.4344,7,6,29.3075,79.7416,converged,81377.36,49916.91,0.5890,0.00,0.0000,0.4165,1.6407,4.0761,0.5907,0.0447,,,,
38.4956,9,9,57.3557,95.8507,completed,81377.36,49916.91,0.5890,0.00,0.0000,0.2884,0.3362,1.4250,2.5609,0.6423,1.2632,0.4598,0.3581,
31.1191,10,3,13.3489,44.4679,converged,81377.36,49916.91,0.5890,0.00,0.0000,0.4055,0.0122,,,,,,,
37.3877,9,8,37.8426,75.2297,converged,81377.36,49916.91,0.5890,0.00,0.0000,0.3076,0.3696,3.2059,2.6538,0.1777,0.6130,0.0733,,
54.6411,6,6,24.1688,78.8099,completed,81377.36,49916.91,0.5890,0.00,0.0000,1.4044,3.5774,6.5227,1.3870,1.0901,,,,
27.2249,10,10,42.1269,69.3509,converged,81377.36,49916.91,0.5890,0.00,0.0000,0.0966,0.4338,0.1935,3.7547,0.8420,0.6344,1.3552,0.2686,0.0593
54.4996,6,6,29.5050,84.0040,completed,81377.36,49916.91,0.5890,0.00,0.0000,0.2722,0.8639,0.9077,0.2322,0.2019,,,,
56.5994,6,6,30.9419,87.5410,completed,81377.36,49916.91,0.5890,0.00,0.0000,1.9589,5.2356,8.1428,2.8096,1.4079,,,,
53.5465,6,6,19.9919,73.5379,converged,81377.36,49916.91,0.5890,0.00,0.0000,1.0774,3.9456,1.6939,0.8173,0.0173,,,,
49.4456,7,7,27.1977,76.6427,converged,81377.36,49916.91,0.5890,0.00,0.0000,0.3564,1.0400,5.2682,0.6528,0.6504,0.0339,,,
43.0699,8,7,39.6389,82.7079,converged,81377.36,49916.91,0.5890,0.00,0.0000,0.2382,0.2267,4.2002,1.1080,0.4047,0.0323,,,
41.5442,8,7,35.0833,76.6274,converged,81377.36,49916.91,0.5890,0.00,0.0000,0.5039,0.5869,3.8606,0.6015,0.2448,0.0252,,,
44.1155,8,7,36.0203,80.1354,converged,81377.36,49916.91,0.5890,0.00,0.0000,0.1233,0.3146,4.3367,0.8854,0.3666,0.0662,,,
23.4120,10,8,30.5522,53.9642,converged,81377.36,49916.91,0.5890,0.00,0.0000,0.6001,0.5954,1.9369,2.2084,0.1044,0.1330,0.0707,,
35.5492,9,8,34.4145,69.9635,converged,81377.36,49916.91,0.5890,0.00,0.0000,0.0889,0.5218,1.4243,3.8863,0.6316,0.2215,0.0517,,
42.5938,8,7,22.7430,65.3361,converged,81377.36,49916.91,0.5890,0.00,0.0000,0.9515,2.1415,3.6793,0.2044,0.1629,0.0444,,,
20.3202,10,10,38.0743,58.3944,completed,81377.36,49916.91,0.5890,0.00,0.0000,0.1966,1.0228,1.5282,0.2784,1.9092,0.7071,0.1691,0.3068,0.2750
40.7129,8,8,33.0838,73.7959,completed,81377.36,49916.91,0.5890,0.00,0.0000,0.4643,1.9483,1.6981,3.4766,0.7933,0.7170,0.5384,,
47.4291,7,7,28.6850,76.1140,completed,81377.36,49916.91,0.5890,0.00,0.0000,0.4482,0.5598,4.3796,1.3367,1.2903,0.1275,,,
24.7648,10,8,33.5134,58.2774,converged,81377.36,49916.91,0.5890,0.00,0.0000,0.7994,1.1331,2.6984,2.1572,0.1068,0.1773,0.0441,,
43.5611,8,6,20.1811,63.7422,converged,81377.36,49916.91,0.5890,0.00,0.0000,0.9556,2.4024,3.8029,0.4124,0.0558,,,,
50.7620,7,7,45.9566,96.7186,completed,81377.36,49916.91,0.5890,0.00,0.0000,0.0815,0.7532,1.3597,2.0668,1.1169,0.6843,,,
52.7266,6,6,32.3017,85.0278,completed,81377.36,49916.91,0.5890,0.00,0.0000,0.2504,1.0580,1.1306,1.0082,0.6920,,,,
38.3086,9,9,43.2766,81.5846,completed,81377.36,49916.91,0.5890,0.00,0.0000,0.0770,0.1565,0.3660,0.1366,0.4103,0.4276,0.2287,0.2936,
40.6575,8,8,43.7318,84.3889,completed,81377.36,49916.91,0.5890,0.00,0.0000,0.0865,0.2555,0.9656,0.5687,0.6684,0.5202,0.3911,,
45.3056,8,8,48.6732,93.9782,completed,81377.36,49916.91,0.5890,0.00,0.0000,0.0316,0.3855,1.6833,2.4113,2.8477,0.7836,0.5927,,
52.7363,6,6,28.2912,81.0272,completed,81377.36,49916.91,0.5889,0.00,0.0000,0.1024,1.7721,4.0355,1.9649,1.2983,,,,
48.6005,7,6,27.5043,76.1043,converged,81377.36,49916.91,0.5889,0.00,0.0000,0.8061,3.2490,6.7795,1.1020,0.0738,,,,
55.8080,6,6,32.5982,88.4063,completed,81377.36,49916.91,0.5890,0.00,0.0000,0.5009,3.6565,3.9442,2.7414,0.2112,,,,
22.7549,10,10,43.5394,66.2935,completed,81377.36,49916.91,0.5890,0.00,0.0000,0.1111,0.9436,0.6910,4.0320,1.2630,0.2904,0.1310,0.1152,0.1143
28.2060,10,8,67.1731,95.3791,deadline,81377.36,49916.91,0.5890,0.00,0.0000,0.0203,0.7480,0.7269,0.3896,3.3165,1.2822,0.8788,,
24.7847,10,9,43.8562,68.6403,converged,81377.36,49916.91,0.5890,0.00,0.0000,0.0776,0.2905,1.4308,5.4316,1.3517,1.5700,0.3227,0.0283,
22.5527,10,3,11.3444,33.8965,converged,81377.36,49916.91,0.5890,0.00,0.0000,0.2506,0.0429,,,,,,,
44.1915,8,8,31.3219,75.5129,converged,81377.36,49916.91,0.5890,0.00,0.0000,0.0788,0.3484,4.9438,1.8729,2.4351,0.8422,0.0289,,
30.1324,10,8,35.1769,65.3089,converged,81377.36,49916.91,0.5890,0.00,0.0000,0.4327,0.4262,3.1118,5.0307,1.1686,0.3551,0.0583,,
24.5717,10,10,59.7793,84.3504,completed,81377.36,49916.91,0.5890,0.00,0.0000,0.2250,0.8712,0.6947,2.9822,1.2086,0.2442,0.3338,0.1253,0.2006
39.4737,9,8,30.6080,70.0810,converged,81377.36,49916.91,0.5890,0.00,0.0000,0.8251,1.5107,6.4465,2.6944,0.4357,0.1646,0.0150,,
55.2482,6,6,22.8079,78.0559,completed,81377.36,49916.91,0.5890,0.00,0.0000,0.1403,4.2308,4.7160,2.6539,0.2159,,,,
28.4846,10,10,36.1268,64.6109,completed,81377.37,49916.91,0.5888,0.00,0.0000,0.1051,0.7749,0.6369,0.4682,2.1237,1.3979,0.8044,0.6125,0.1845
27.1987,10,10,39.7109,66.9090,completed,81377.37,49916.91,0.5888,0.00,0.0000,0.4217,1.3144,1.2931,1.2894,0.5162,1.6845,1.0509,0.5906,0.3383
25.4777,10,3,9.3708,34.8479,converged,81377.38,49916.92,0.5883,0.00,0.0000,0.2007,0.0748,,,,,,,
28.8589,10,10,36.2722,65.1302,completed,81377.38,49916.92,0.5883,0.00,0.0000,0.0295,0.3198,0.6107,5.0869,1.3658,1.0576,0.5375,0.3245,0.3435
57.4695,6,6,22.8552,80.3242,completed,81377.39,49916.93,0.5878,0.00,0.0000,0.5205,4.2857,9.4111,4.6035,0.5705,,,,
31.6825,10,10,35.4474,67.1295,completed,81377.39,49916.93,0.5878,0.00,0.0000,0.4129,1.0030,0.8646,1.5294,1.5806,4.9649,0.9347,0.6985,0.3987
39.9347,9,9,39.2766,79.2107,completed,81377.41,49916.95,0.5877,0.11,0.0000,0.3361,0.7806,1.4318,10.8648,2.3655,0.4353,0.1812,0.2389,
40.9929,8,8,34.9859,75.9780,completed,81377.41,49916.95,0.5877,0.11,0.0000,0.7518,1.3197,1.2049,2.5148,4.7280,0.4684,0.1750,,
58.3258,5,5,28.0632,86.3883,completed,81377.46,49916.97,0.5874,0.22,0.0000,0.4369,16.8050,8.5842,1.0466,,,,,
46.4283,7,7,31.4009,77.8290,completed,81377.46,49916.97,0.5874,0.22,0.0000,1.2812,2.6573,1.6287,1.4933,1.4271,0.7525,,,
35.3029,9,9,45.0560,80.3580,completed,81377.52,49917.02,0.5874,0.32,0.0000,0.2920,0.5944,1.9060,16.1162,2.4435,1.4501,0.7636,0.3387,
49.1412,7,7,31.8038,80.9448,completed,81377.52,49917.02,0.5874,0.32,0.0000,0.5444,0.4592,8.2359,6.0333,1.1817,0.4545,,,
50.7791,7,7,37.6890,88.4681,completed,81377.63,49917.09,0.5880,0.51,0.0000,0.7902,1.2863,0.2878,2.1880,0.3718,0.2177,,,
58.6066,5,5,21.7730,80.3790,completed,81377.63,49917.09,0.5880,0.51,0.0000,1.2047,1.0427,4.8178,1.6092,,,,,
25.1191,10,10,45.0712,70.1902,completed,81377.83,49917.22,0.5885,0.68,0.0000,0.2382,0.3012,0.8316,1.3279,2.1869,1.8526,0.5488,0.4009,0.2581
59.5452,5,5,19.6110,79.1560,completed,81377.83,49917.22,0.5885,0.68,0.0000,0.2030,0.4431,1.6187,0.6798,,,,,
58.8113,5,5,38.7257,97.5367,completed,81378.02,49917.35,0.5892,0.84,0.0000,0.3548,0.9170,1.4336,0.5201,,,,,
49.3602,7,7,31.9529,81.3129,completed,81378.02,49917.35,0.5892,0.84,0.0000,0.3658,0.3101,0.4512,3.2613,0.5752,0.2889,,,
26.2619,10,10,54.6038,80.8648,completed,81378.25,49917.50,0.5901,0.95,0.0000,0.3291,0.1248,0.3231,2.2863,5.7722,2.4544,0.2941,0.2124,0.1243
53.3787,6,6,26.8659,80.2439,completed,81378.25,49917.50,0.5901,0.95,0.0000,0.3102,1.4481,2.3693,0.8176,0.2161,,,,
41.0741,8,8,41.7340,82.8080,completed,81378.49,49917.66,0.5907,0.98,0.0000,0.7484,0.2168,0.7522,2.2440,1.9763,0.1852,0.1912,,
24.0287,10,10,41.1336,65.1616,converged,81378.49,49917.66,0.5907,0.98,0.0000,0.3572,0.1992,0.9323,4.8485,10.8042,5.0304,1.2654,0.2858,0.0789
59.5246,5,5,38.3955,97.9195,completed,81378.74,49917.83,0.5886,1.03,0.0000,0.2826,1.5961,1.7813,0.6364,,,,,
29.2291,10,10,54.4775,83.7065,completed,81378.74,49917.83,0.5886,1.03,0.0000,0.2980,0.1146,0.2903,1.6545,7.1188,2.8399,0.3452,0.3458,0.1612
58.7332,5,5,29.3397,88.0728,completed,81379.06,49918.05,0.5845,1.06,0.0000,0.1777,1.1374,3.0393,1.4130,,,,,
23.8219,10,10,60.4311,84.2521,completed,81379.06,49918.05,0.5845,1.06,0.0000,0.3626,0.1597,0.3848,1.7650,11.2200,3.3643,1.0201,0.5019,0.1861
40.5254,8,8,41.3525,81.8776,completed,81379.37,49918.25,0.5761,1.20,0.0000,1.3370,2.4685,2.8877,1.4251,0.5801,0.8227,0.5040,,
53.2515,6,6,21.3798,74.6308,completed,81379.37,49918.25,0.5761,1.20,0.0000,1.3992,2.2482,3.1719,1.7070,0.3087,,,,
25.2979,10,10,42.0387,67.3358,completed,81379.66,49918.44,0.5755,1.37,0.0000,0.9114,1.3345,1.3337,0.9951,1.2472,2.0910,1.0803,0.6164,0.3887
28.3671,10,10,51.3882,79.7552,completed,81379.66,49918.44,0.5755,1.37,0.0000,0.6644,1.2021,1.1748,0.5497,6.5793,2.7234,0.3626,0.4642,0.3481
37.1558,9,9,45.8778,83.0329,completed,81380.04,49918.69,0.5764,1.64,0.0000,0.7344,1.2606,0.3489,3.0442,5.5484,0.9789,0.5449,0.3827,
53.4992,6,6,31.4782,84.9772,completed,81380.04,49918.69,0.5764,1.64,0.0000,1.0688,0.5541,10.7770,3.8045,1.2678,,,,
20.7992,10,10,59.5871,80.3862,completed,81380.54,49919.02,0.5763,1.89,0.0000,0.8168,1.2799,0.9904,1.0211,4.5856,2.2751,0.5978,0.1806,0.2263
26.3763,10,10,38.0902,64.4662,completed,81380.54,49919.02,0.5763,1.89,0.0000,0.7755,1.1921,0.8348,0.9430,4.4243,2.0660,0.6467,0.4432,0.3280
33.4258,10,3,9.5432,42.9682,converged,81381.03,49919.34,0.5748,2.02,0.0000,0.2186,0.0229,,,,,,,
59.3211,5,5,22.4331,81.7541,completed,81381.03,49919.34,0.5748,2.02,0.0000,1.2591,1.4749,3.5592,1.2707,,,,,
32.5106,10,10,38.9178,71.4278,completed,81381.51,49919.65,0.5740,2.25,0.0000,0.5930,1.0066,1.5455,2.2158,3.4773,0.2838,0.4644,0.4894,0.2466
43.1582,8,8,37.0653,80.2233,completed,81381.51,49919.65,0.5740,2.25,0.0000,0.6505,0.9981,0.3655,2.2105,2.7385,0.6120,0.3770,,
51.1372,7,7,26.7788,77.9158,completed,81382.05,49920.00,0.5741,2.54,0.0000,0.1656,0.8206,2.5244,6.1987,1.1090,0.3725,,,
43.4866,8,8,42.5339,86.0200,completed,81382.05,49920.00,0.5741,2.54,0.0000,0.9615,0.3712,2.7775,8.4251,2.3706,0.8161,0.1740,,
59.6357,5,5,20.9912,80.6262,completed,81382.81,49920.49,0.5734,2.92,0.0000,1.0854,7.6683,4.7272,1.9792,,,,,
38.4485,9,9,41.9329,80.3809,completed,81382.81,49920.49,0.5734,2.92,0.0000,0.6293,0.4627,1.2869,5.0593,5.7581,1.1458,0.2294,0.2491,
39.8055,9,9,37.8465,77.6529,completed,81383.51,49920.94,0.5745,3.19,0.0000,0.1501,0.1009,1.9421,5.8250,4.5458,1.3949,0.6368,0.2581,
22.4360,10,10,36.1987,58.6338,completed,81383.51,49920.94,0.5745,3.19,0.0000,0.5977,0.6394,1.1127,3.8291,3.1457,1.3108,0.3521,0.3751,0.1985
32.4497,10,10,41.9270,74.3760,completed,81384.31,49921.45,0.5738,3.38,0.0000,0.1831,0.1738,0.4707,1.2808,5.1025,1.9715,0.9151,0.3653,0.2536
40.1446,8,8,29.1820,69.3260,completed,81384.31,49921.45,0.5738,3.38,0.0000,0.2864,1.5083,3.4107,5.6101,2.3963,0.5591,0.2602,,
29.9989,10,3,10.9674,40.9654,converged,81385.12,49921.97,0.5742,3.58,0.0000,0.0583,0.0399,,,,,,,
35.8137,9,9,35.0814,70.8945,completed,81385.12,49921.97,0.5742,3.58,0.0000,0.1645,0.5425,0.1309,0.7855,4.0455,0.7730,0.4457,0.2463,
47.2849,7,7,33.8039,81.0879,completed,81385.96,49922.51,0.5756,3.80,0.0000,0.1839,0.8947,6.6424,4.3319,1.0308,0.4335,,,
53.8692,6,6,31.2420,85.1110,completed,81385.96,49922.51,0.5756,3.80,0.0000,1.1488,2.3754,4.5540,1.5289,0.5776,,,,
36.7573,9,9,42.5153,79.2723,completed,81387.07,49923.23,0.5768,4.11,0.0000,0.5547,1.1365,0.5689,2.9591,3.7041,1.2064,0.8108,0.4799,
29.3887,10,10,50.1850,79.5731,completed,81387.07,49923.23,0.5768,4.11,0.0000,0.1971,0.6405,1.2364,1.3911,2.9140,2.4497,1.2871,0.6492,0.4764
37.1357,9,9,49.6834,86.8184,completed,81388.13,49923.92,0.5796,4.31,0.0000,0.7130,1.4708,1.0120,3.1915,3.2050,1.2680,0.8318,0.5352,
50.4320,7,7,26.7175,77.1495,completed,81388.13,49923.92,0.5796,4.31,0.0000,0.5156,0.3182,4.0714,5.3819,1.6527,0.6110,,,
58.3954,5,5,22.7432,81.1382,completed,81389.26,49924.65,0.5803,4.57,0.0000,2.3664,1.8558,4.6741,1.6738,,,,,
58.5609,5,5,32.3361,90.8961,completed,81389.26,49924.65,0.5803,4.57,0.0000,1.9551,3.0223,4.2279,1.6510,,,,,
54.7738,6,6,23.8437,78.6167,completed,81390.49,49925.45,0.5771,4.59,0.0000,1.1928,0.1450,5.0915,1.6215,1.0533,,,,
37.4383,9,9,33.6761,71.1142,completed,81390.49,49925.45,0.5771,4.59,0.0000,0.7513,1.0631,0.8543,4.1415,4.1152,1.5951,0.5024,0.2014,
22.3375,10,10,43.5029,65.8399,completed,81391.57,49926.16,0.5832,4.61,0.0000,0.6393,1.1377,0.6348,1.8113,4.1610,1.0383,0.4210,0.3547,0.3620
56.8377,6,6,24.1922,81.0292,completed,81391.57,49926.16,0.5832,4.61,0.0000,1.4767,1.7195,3.9664,1.2215,0.6781,,,,
27.9820,10,10,50.8223,78.8043,completed,81392.74,49926.93,0.5906,4.67,0.0000,0.5877,1.1606,1.0275,0.8046,2.4060,1.2255,0.5896,0.1980,0.1740
59.9817,5,5,19.1037,79.0847,completed,81392.74,49926.93,0.5906,4.67,0.0000,1.7394,0.9479,2.1731,0.7315,,,,,
31.1166,10,10,37.4061,68.5221,completed,81393.79,49927.64,0.5965,4.74,0.0000,0.4640,0.9871,0.9050,0.8856,1.8523,1.2711,0.6103,0.1689,0.1446
21.4136,10,10,39.3790,60.7920,completed,81393.79,49927.64,0.5965,4.74,0.0000,0.5844,1.0853,0.5115,2.2777,4.9246,1.9298,0.7604,0.2749,0.2628
42.2983,8,8,36.3287,78.6267,completed,81394.85,49928.37,0.6053,4.91,0.0000,0.1741,0.6922,0.7767,4.5822,1.5596,0.6558,0.4724,,
33.5023,10,10,48.0385,81.5405,completed,81394.85,49928.37,0.6053,4.91,0.0000,0.6755,1.3565,1.3080,0.6433,2.4235,1.3356,0.6945,0.1754,0.1750
59.3498,5,5,23.3592,82.7082,completed,81396.23,49929.34,0.6192,5.14,0.0000,1.1128,0.4717,2.0229,0.8961,,,,,
25.8657,10,10,45.8296,71.6946,completed,81396.23,49929.34,0.6192,5.14,0.0000,0.4396,0.8418,0.2216,4.0163,7.5181,3.0772,1.8835,0.3949,0.3264
25.6707,10,4,13.3499,39.0200,converged,81397.51,49930.27,0.6297,5.39,0.0000,0.1947,0.4721,0.0653,,,,,,
49.9667,7,7,39.7800,89.7460,completed,81397.51,49930.27,0.6297,5.39,0.0000,0.9339,1.4162,2.2361,3.1261,0.7620,0.6428,,,
22.3596,10,10,48.5235,70.8826,completed,81398.69,49931.14,0.6415,5.57,0.0000,0.1059,0.4324,0.3286,1.1174,4.7514,1.1160,0.9224,0.1192,0.2947
38.4657,9,9,39.6051,78.0701,completed,81398.69,49931.14,0.6415,5.57,0.0000,0.4532,0.9889,0.2601,4.0942,3.5368,2.2843,0.5627,0.3875,
20.1721,10,10,42.8054,62.9774,completed,81400.05,49932.18,0.6574,5.81,0.0000,0.1822,0.6135,0.6493,0.3994,3.9868,1.5811,0.5527,0.5863,0.3782
57.8694,6,6,26.9440,84.8130,completed,81400.05,49932.18,0.6574,5.81,0.0000,0.6555,0.8758,3.2023,0.8932,0.7155,,,,
36.2939,9,9,46.0219,82.3149,completed,81401.38,49933.21,0.6639,5.99,0.0000,0.1042,0.7081,1.2493,1.0586,0.9699,1.1168,0.8032,0.2990,
57.0514,6,6,34.0685,91.1195,completed,81401.38,49933.21,0.6639,5.99,0.0000,0.7477,0.6444,4.7087,1.4265,1.0488,,,,
32.5323,10,4,26.2770,58.8091,converged,81402.89,49934.40,0.6758,6.16,0.0000,0.2643,0.1499,0.0989,,,,,,
59.3808,5,5,20.0512,79.4312,completed,81402.89,49934.40,0.6758,6.16,0.0000,0.8543,2.1210,2.7592,1.9069,,,,,
27.6125,10,10,40.6479,68.2599,completed,81404.27,49935.53,0.6862,6.37,0.0000,0.3442,0.1106,0.3809,0.7763,1.8707,1.1591,0.7608,0.7849,0.5336
48.3821,7,7,26.2208,74.6028,completed,81404.27,49935.53,0.6862,6.37,0.0000,0.1565,0.4367,1.4905,0.6697,0.5284,0.5720,,,
37.4228,9,9,50.9708,88.3928,completed,81405.68,49936.69,0.6970,6.66,0.0000,0.5507,0.1322,0.4448,1.5031,2.5194,0.9677,0.4350,0.1831,
32.3295,10,10,44.8997,77.2287,completed,81405.68,49936.69,0.6970,6.66,0.0000,0.0669,0.3161,0.6550,1.6280,1.9919,2.6182,1.4097,1.0790,0.7011
43.5184,8,8,38.0619,81.5800,completed,81407.43,49938.18,0.7142,6.99,0.0000,0.6194,0.2782,2.2765,1.5547,2.6806,1.2538,0.8486,,
20.0747,10,10,42.1585,62.2325,completed,81407.43,49938.18,0.7142,6.99,0.0000,0.0928,0.2486,0.5644,1.6252,1.8582,1.2574,0.6571,0.9305,0.7920
57.8278,6,6,30.5161,88.3431,completed,81408.85,49939.42,0.7260,7.22,0.0000,0.4910,1.5773,5.2912,2.6514,1.7366,,,,
21.1997,10,10,44.3047,65.5038,completed,81408.85,49939.42,0.7260,7.22,0.0000,0.2402,0.6524,0.5898,1.0088,5.3020,1.6206,1.7374,0.9364,0.4138
38.1432,9,9,34.1365,72.2795,completed,81410.32,49940.73,0.7284,7.29,0.0000,0.1821,0.7563,1.2029,1.9529,3.6325,1.5288,0.7193,0.1459,
23.1410,10,10,45.7841,68.9242,completed,81410.32,49940.73,0.7284,7.29,0.0000,0.1706,0.6458,0.9604,1.2570,1.4907,0.8235,0.4811,0.1939,0.2389
40.3428,8,8,30.4823,70.8244,completed,81411.77,49942.02,0.7329,7.34,0.0000,0.4056,0.1109,1.1782,1.5183,0.4615,0.3014,0.2489,,
28.0812,10,10,36.1084,64.1894,completed,81411.77,49942.02,0.7329,7.34,0.0000,0.2283,0.7017,0.8232,1.0832,2.1619,1.2754,0.6584,0.1780,0.2856
29.3576,10,10,44.6975,74.0546,completed,81413.23,49943.33,0.7308,7.54,0.0000,0.6479,0.6572,0.4136,3.1039,2.9463,2.1775,0.9801,0.6092,0.3120
48.4020,7,7,26.0319,74.4330,completed,81413.23,49943.33,0.7308,7.54,0.0000,0.4555,0.8074,1.5996,2.9725,1.4150,0.3681,,,
52.6309,6,6,27.1608,79.7908,completed,81414.96,49944.87,0.7289,7.82,0.0000,0.3195,0.2541,4.1788,2.2370,0.6613,,,,
38.8285,9,9,29.7034,68.5314,completed,81414.96,49944.87,0.7289,7.82,0.0000,0.8720,0.1937,1.0770,2.3685,0.2973,0.5635,0.7600,0.4952,
31.5879,10,10,36.5564,68.1434,completed,81416.56,49946.31,0.7306,8.12,0.0000,0.2640,0.1431,0.1397,1.1399,1.4433,1.3461,0.3001,0.2000,0.1976
38.8690,9,9,42.5645,81.4325,completed,81416.56,49946.31,0.7306,8.12,0.0000,0.2649,0.5495,0.5653,3.8779,3.7293,1.0766,0.5032,0.3666,
30.2762,10,4,17.8939,48.1699,converged,81418.41,49947.96,0.7307,8.35,0.0000,0.3624,0.2702,0.0439,,,,,,
38.4620,9,9,40.4770,78.9380,completed,81418.41,49947.96,0.7307,8.35,0.0000,0.3047,0.1089,0.2117,1.3229,0.6617,0.5452,0.7886,0.5290,
45.9957,8,3,12.0268,58.0219,converged,81420.08,49949.46,0.7356,8.48,0.0000,0.5977,0.0946,,,,,,,
35.4474,9,9,38.5710,74.0180,completed,81420.08,49949.46,0.7356,8.48,0.0000,0.6432,0.1725,0.5235,0.7859,0.7684,0.9120,0.5608,0.5263,
20.1027,10,10,45.5653,65.6673,completed,81421.77,49950.99,0.7332,8.57,0.0000,1.0721,0.7865,0.4843,1.7840,2.8175,0.6522,0.3502,0.2675,0.2300
55.6215,6,3,9.1841,64.8051,converged,81421.77,49950.99,0.7332,8.57,0.0000,0.4635,0.0983,,,,,,,
57.3698,6,6,30.0702,87.4393,completed,81423.48,49952.53,0.7306,8.61,0.0000,1.5062,0.9561,6.1650,2.4927,0.8235,,,,
28.9401,10,10,52.3618,81.3018,completed,81423.48,49952.53,0.7306,8.61,0.0000,0.8776,0.5873,0.2529,0.8030,0.5881,0.7932,0.7666,0.3498,0.2999
20.5298,10,10,45.4288,65.9579,completed,81425.42,49954.25,0.7256,8.63,0.0000,0.4746,0.3302,0.2686,0.3367,0.8964,1.8143,0.8166,0.2595,0.1837
55.2747,6,6,29.0405,84.3145,completed,81425.42,49954.25,0.7256,8.63,0.0000,0.7794,0.2490,1.0453,0.5607,0.4405,,,,
56.5855,6,6,25.0080,81.5930,completed,81427.14,49955.78,0.7199,8.64,0.0000,0.1180,0.1532,0.3155,1.4026,0.6205,,,,
21.3967,10,10,39.8466,61.2427,completed,81427.14,49955.78,0.7199,8.64,0.0000,0.0312,0.6276,0.9686,0.9911,4.6172,3.0820,2.0818,1.3281,0.6174
45.2841,8,8,29.9835,75.2675,completed,81429.12,49957.51,0.7125,8.65,0.0000,0.9950,1.7089,0.9019,3.1376,1.1948,0.4538,0.3317,,
44.3976,8,8,33.3746,77.7716,completed,81429.12,49957.51,0.7125,8.65,0.0000,0.0783,0.4505,0.4079,0.4833,1.3717,0.4818,0.1852,,
41.7809,8,8,42.0005,83.7805,completed,81430.96,49959.09,0.7058,8.65,0.0000,0.7942,1.5637,1.6099,1.9138,0.3264,0.4935,0.2694,,
41.5536,8,8,37.4124,78.9655,completed,81430.96,49959.09,0.7058,8.65,0.0000,0.3221,0.7855,0.5907,1.2624,0.2916,0.3005,0.1686,,
38.6992,9,9,50.0103,88.7094,completed,81432.94,49960.77,0.6981,8.64,0.0000,0.1360,0.5915,1.4787,4.1835,3.1270,1.0666,0.5477,0.2869,
42.8766,8,8,32.1671,75.0432,completed,81432.94,49960.77,0.6981,8.64,0.0000,0.1814,0.4165,1.1310,4.3391,1.3282,0.5924,0.2382,,
43.6521,8,8,37.4890,81.1410,completed,81434.80,49962.32,0.6876,8.64,0.0000,0.0440,0.4036,1.0572,2.6522,0.4667,0.2619,0.2323,,
59.2964,5,5,20.2615,79.5576,completed,81434.80,49962.32,0.6876,8.64,0.0000,0.3491,1.3368,2.5061,0.8961,,,,,
49.1969,7,7,30.8015,79.9975,completed,81436.80,49963.95,0.6776,8.64,0.0000,0.6637,1.0451,3.5028,2.3481,1.0296,0.3532,,,
55.9775,6,6,23.7715,79.7486,completed,81436.80,49963.95,0.6776,8.64,0.0000,0.4587,0.1785,1.6561,1.0867,0.5726,,,,
31.8390,10,10,49.6548,81.4928,completed,81438.83,49965.57,0.6662,8.62,0.0000,0.5492,0.6557,0.6971,0.2324,0.7804,0.2307,0.1849,0.1543,0.2113
51.8506,7,7,30.5701,82.4201,completed,81438.83,49965.57,0.6662,8.62,0.0000,0.4129,0.9992,1.5614,1.2186,1.4455,0.4440,,,
42.4496,8,8,31.6692,74.1182,completed,81440.98,49967.26,0.6569,8.58,0.0000,0.2905,0.1243,0.6589,2.5616,0.6835,0.5525,0.2982,,
25.6030,10,10,36.9911,62.5942,completed,81440.98,49967.26,0.6569,8.58,0.0000,0.1491,0.1731,0.1078,0.6353,1.6867,0.7409,0.5224,0.2681,0.1266
41.2178,8,8,46.1287,87.3458,completed,81442.89,49968.72,0.6472,8.57,0.0000,0.4183,0.5155,0.2370,2.1683,0.6708,0.6146,0.3802,,
36.8604,9,9,52.9001,89.7602,completed,81442.89,49968.72,0.6472,8.57,0.0000,0.1097,0.2858,0.7935,1.0822,0.7636,0.7498,0.7820,0.6082,
23.6615,10,10,63.7692,87.4302,completed,81445.35,49970.57,0.6368,8.56,0.0000,0.1654,0.2887,0.8586,1.4327,0.7891,0.6271,0.4805,0.4139,0.3832
55.9307,6,6,24.4018,80.3318,completed,81445.35,49970.57,0.6368,8.56,0.0000,0.3102,2.6210,3.8928,2.0273,0.7213,,,,
42.9966,8,8,29.5591,72.5551,completed,81447.48,49972.14,0.6283,8.54,0.0000,0.3475,1.2408,2.7035,0.8263,0.6865,0.6046,0.4052,,
50.0907,7,7,33.7468,83.8369,completed,81447.48,49972.14,0.6283,8.54,0.0000,0.1670,1.4005,2.7852,1.9106,0.5262,0.3724,,,
58.6826,5,5,19.7319,78.4139,completed,81449.55,49973.64,0.6215,8.52,0.0000,1.8561,1.2745,1.6944,0.7540,,,,,
45.6158,8,8,38.7842,84.3992,completed,81449.55,49973.64,0.6215,8.52,0.0000,0.2389,0.8323,0.6424,1.0594,0.5661,0.4424,0.4163,,
57.3414,6,6,30.6758,88.0168,completed,81451.40,49974.96,0.6166,8.51,0.0000,0.2597,0.5592,3.6593,1.5438,0.7286,,,,
48.8654,7,7,43.9560,92.8211,completed,81451.40,49974.96,0.6166,8.51,0.0000,0.3552,0.5611,0.6041,1.2671,0.6369,0.4183,,,
58.2471,5,5,18.9055,77.1526,completed,81453.68,49976.56,0.6111,8.49,0.0000,0.5300,0.6357,1.5419,0.9981,,,,,
55.0920,6,6,27.4738,82.5648,completed,81453.68,49976.56,0.6111,8.49,0.0000,0.8149,3.2478,3.4160,1.4265,0.5138,,,,
30.2320,10,10,36.9614,67.1925,completed,81455.79,49978.04,0.6072,8.48,0.0000,0.0732,0.1648,0.4179,0.3104,1.9485,0.9790,0.8843,0.4352,0.4549
39.7108,9,9,37.5940,77.3040,completed,81455.79,49978.04,0.6072,8.48,0.0000,0.1632,0.3251,0.7422,0.9016,1.8032,1.5510,0.8174,0.3367,
20.2752,10,10,38.6381,58.9131,completed,81457.88,49979.49,0.6025,8.47,0.0000,0.1284,0.1525,0.3118,1.2179,1.0908,1.3650,1.4785,0.5562,0.1866
37.5850,9,9,32.4493,70.0343,completed,81457.88,49979.49,0.6025,8.47,0.0000,0.3073,0.7969,1.7236,2.4935,1.7084,0.7951,0.7712,0.4064,
34.9672,9,9,30.7648,65.7318,completed,81459.49,49980.59,0.5989,8.46,0.0000,0.3038,0.8316,1.5969,1.2703,1.2347,0.6523,0.4611,0.3959,
48.6019,7,7,24.9415,73.5425,completed,81459.49,49980.59,0.5989,8.46,0.0000,0.1473,0.7973,2.2810,2.4001,0.2627,0.3872,,,
35.7906,9,9,42.6172,78.4073,completed,81461.59,49982.01,0.5931,8.46,0.0000,0.4688,1.2242,3.1503,5.4617,3.3508,1.1895,1.0794,0.8384,
38.9683,9,9,44.3549,83.3230,completed,81461.59,49982.01,0.5931,8.46,0.0000,1.0984,2.8912,8.9729,11.3589,6.6741,2.3761,1.0273,0.6581,
43.4902,8,8,47.2462,90.7362,completed,81463.98,49983.61,0.5864,8.48,0.0000,0.0721,0.1391,0.4119,1.6650,1.6587,0.6617,0.3659,,
46.1823,7,7,27.8083,73.9903,completed,81463.98,49983.61,0.5864,8.48,0.0000,0.3972,1.6205,4.6589,8.7894,1.0913,0.5757,,,
51.6143,7,7,27.9955,79.7806,completed,81465.96,49984.92,0.5812,8.49,0.0000,0.2221,0.2320,0.6581,1.5379,1.6948,0.8216,,,
35.8703,9,9,33.4613,69.3313,completed,81465.96,49984.92,0.5812,8.49,0.0000,0.3319,0.9998,3.7871,9.5644,12.6015,0.8531,0.5507,0.5192,
22.7868,10,10,42.9744,65.7605,completed,81468.10,49986.31,0.5734,8.50,0.0000,0.3182,0.6362,1.5984,3.3900,5.8595,3.8321,0.3481,0.6227,0.6568
59.0628,5,5,28.1894,87.2514,completed,81468.10,49986.31,0.5734,8.50,0.0000,0.3677,0.6224,3.2459,1.5020,,,,,
21.1855,10,3,10.3903,31.5753,converged,81470.24,49987.69,0.5682,8.51,0.0000,0.0405,0.0698,,,,,,,
29.7211,10,10,37.4233,67.1444,completed,81470.24,49987.69,0.5682,8.51,0.0000,0.4628,0.5028,0.2558,1.2198,2.6156,2.9725,1.3023,0.6458,0.3479
31.1583,10,10,38.6087,69.7667,completed,81472.02,49988.83,0.5626,8.50,0.0000,0.5951,1.6036,6.8518,26.4729,7.8295,3.1022,1.0797,0.5621,0.4129
58.7924,5,5,32.0165,90.8085,completed,81472.02,49988.83,0.5626,8.50,0.0000,0.5657,0.8105,3.3179,1.2077,,,,,
30.7018,10,4,18.5582,49.2593,converged,81474.17,49990.18,0.5577,8.49,0.0000,0.1883,0.1482,0.0878,,,,,,
36.0124,9,9,39.1543,75.1663,completed,81474.17,49990.18,0.5577,8.49,0.0000,0.0584,0.3949,0.9944,3.4738,3.8277,1.1633,0.7541,0.5044,
26.2903,10,10,51.5243,77.8144,completed,81475.86,49991.23,0.5473,8.49,0.0000,0.0331,0.1492,0.9305,2.6127,0.9261,0.9206,0.6415,0.3556,0.2798
27.0196,10,10,42.4999,69.5189,completed,81475.86,49991.23,0.5473,8.49,0.0000,0.3571,0.9469,3.3068,2.8425,2.9234,2.8663,0.8282,0.2236,0.2179
44.6970,8,8,37.1629,81.8589,completed,81478.02,49992.53,0.5402,8.48,0.0000,0.0637,0.4806,2.5005,1.5952,1.0973,1.1645,0.4036,,
33.1610,10,10,40.3987,73.5598,completed,81478.02,49992.53,0.5402,8.48,0.0000,0.4648,1.1795,4.1633,8.3180,18.0433,8.4996,0.8312,0.2435,0.2258
38.8160,9,9,36.5146,75.3296,completed,81479.99,49993.70,0.5288,8.48,0.0000,0.7064,1.7456,4.8642,12.7329,18.6422,6.0952,0.9960,0.6077,
34.3853,9,9,41.0726,75.4576,completed,81479.99,49993.70,0.5288,8.48,0.0000,0.3431,0.9271,2.5615,1.4551,2.4025,1.5086,0.8785,0.4977,
48.9268,7,7,24.7878,73.7138,completed,81481.94,49994.83,0.5190,8.47,0.0000,0.2072,0.8090,0.9223,1.7393,0.9118,0.5965,,,
40.4237,8,8,33.2270,73.6500,completed,81481.94,49994.83,0.5190,8.47,0.0000,0.1273,0.6369,1.2302,4.1438,1.7724,0.8841,0.8562,,
26.8858,10,10,39.8850,66.7700,completed,81484.17,49996.08,0.5035,8.47,0.0000,0.3689,0.6170,1.1137,1.5778,1.3358,0.8193,0.9094,0.6675,0.4825
44.5917,8,8,29.6729,74.2640,completed,81484.17,49996.08,0.5035,8.47,0.0000,0.1253,0.3832,0.7940,3.5570,2.1256,1.2940,0.8202,,
28.5048,10,10,43.6070,72.1111,completed,81486.10,49997.14,0.4955,8.46,0.0000,0.3481,0.4790,0.6149,1.1608,0.6444,1.0821,0.8524,0.4735,0.3981
41.8388,8,8,31.0416,72.8796,completed,81486.10,49997.14,0.4955,8.46,0.0000,0.2583,0.2999,0.5920,3.1752,2.5319,1.8173,0.9146,,
54.4752,6,6,29.0030,83.4781,completed,81488.48,49998.40,0.4838,8.46,0.0000,0.1690,0.7006,1.9890,0.3965,0.3691,,,,
35.1096,9,9,40.5044,75.6134,completed,81488.48,49998.40,0.4838,8.46,0.0000,0.3550,0.5737,0.4422,2.1159,2.4167,1.4596,0.9942,0.6103,
46.5075,7,7,33.9625,80.4695,completed,81490.74,49999.57,0.4712,8.46,0.0000,0.1859,0.3996,1.7737,0.9834,1.0699,0.6398,,,
54.5706,6,6,22.9628,77.5329,completed,81490.74,49999.57,0.4712,8.46,0.0000,0.2441,0.8772,1.9152,1.9215,1.3163,,,,
39.4876,9,9,37.5964,77.0834,completed,81492.85,50000.63,0.4590,8.45,0.0000,0.4160,0.6720,1.7317,2.8021,1.5365,0.4580,0.3128,0.4192,
35.6234,9,9,30.4534,66.0764,completed,81492.85,50000.63,0.4590,8.45,0.0000,0.6501,1.2490,1.5622,1.7909,1.6733,0.4674,0.7192,0.7903,
30.2939,10,10,40.9740,71.2671,completed,81494.90,50001.63,0.4475,8.45,0.0000,0.1600,0.1795,0.3695,1.2547,0.6613,1.1971,1.0198,0.5540,0.4289
42.4270,8,8,34.1016,76.5287,completed,81494.90,50001.63,0.4475,8.45,0.0000,0.8451,0.8864,1.5594,3.3793,1.4452,0.6865,0.8783,,
35.3074,9,3,10.2064,45.5135,converged,81497.32,50002.77,0.4331,8.43,0.0000,0.1053,0.0811,,,,,,,
51.9083,7,7,38.2669,90.1750,completed,81497.32,50002.77,0.4331,8.43,0.0000,0.7635,0.4667,1.1097,1.8965,1.7347,1.0287,,,
53.3372,6,6,34.3177,87.6547,completed,81499.38,50003.72,0.4213,8.42,0.0000,0.2572,1.3450,1.8182,0.7213,0.5042,,,,
55.0441,6,6,27.3439,82.3879,completed,81499.38,50003.72,0.4213,8.42,0.0000,0.8894,0.2005,1.8231,1.3697,1.2510,,,,
30.5982,10,10,34.6313,65.2293,completed,81501.79,50004.80,0.4110,8.41,0.0000,0.0364,0.1670,0.4976,1.4560,0.4584,0.5782,0.5470,0.3125,0.3710
21.9778,10,10,58.1126,80.0897,completed,81501.79,50004.80,0.4110,8.41,0.0000,0.4887,0.9747,2.1311,5.3011,5.5599,2.2795,0.8709,0.8148,0.7748
51.0559,7,7,25.5936,76.6487,completed,81503.86,50005.69,0.3994,8.41,0.0000,0.0625,0.5275,1.1655,1.2760,1.2110,0.7802,,,
50.4479,7,7,31.3245,81.7715,completed,81503.86,50005.69,0.3994,8.41,0.0000,0.2228,0.2004,2.0769,0.6749,0.9338,0.6731,,,
22.0826,10,10,37.0277,59.1097,completed,81506.20,50006.67,0.3866,8.40,0.0000,0.0503,0.1412,0.8380,2.7968,1.7358,0.7561,0.5944,0.5037,0.6429
34.1041,9,9,31.4576,65.5616,completed,81506.20,50006.67,0.3866,8.40,0.0000,0.1761,0.2368,0.7979,1.9944,0.9725,1.6686,1.2394,0.9395,
20.1343,10,4,12.4908,32.6248,converged,81508.23,50007.48,0.3756,8.40,0.0000,0.1656,0.1428,0.0903,,,,,,
53.8800,6,6,29.4843,83.3643,completed,81508.23,50007.48,0.3756,8.40,0.0000,0.3781,1.6772,4.2417,1.8292,1.3211,,,,
39.6002,9,9,34.0424,73.6425,completed,81510.34,50008.30,0.3645,8.39,0.0000,0.3228,0.2820,0.2129,0.6861,1.7077,1.6593,1.0462,0.5609,
32.2885,10,10,41.8729,74.1609,completed,81510.34,50008.30,0.3645,8.39,0.0000,0.3743,0.4570,0.6988,2.7006,2.5663,1.8368,1.3196,1.1144,0.6640
43.4760,8,8,29.0323,72.5083,completed,81512.46,50009.10,0.3564,8.39,0.0000,0.5886,0.3624,2.0932,1.1903,0.7198,0.6479,0.6581,,
44.8653,8,8,43.4660,88.3310,completed,81512.46,50009.10,0.3564,8.39,0.0000,0.3470,0.2686,1.2073,2.8734,1.4684,1.9410,1.1436,,
42.6196,8,8,43.5822,86.2012,completed,81514.80,50009.96,0.3416,8.39,0.0000,0.4924,0.6750,0.6541,0.9727,1.1630,1.0837,0.4998,,
24.3746,10,10,53.6641,78.0382,completed,81514.80,50009.96,0.3416,8.39,0.0000,0.4760,0.4355,0.5525,1.6368,1.8819,0.7854,0.7133,0.9398,0.8962
33.1656,10,10,36.5062,69.6712,completed,81517.17,50010.78,0.3291,8.38,0.0000,0.4924,1.2198,4.3172,6.2718,8.8875,4.0975,1.3434,0.3985,0.1963
58.3089,5,5,24.6835,82.9915,completed,81517.17,50010.78,0.3291,8.38,0.0000,0.3793,1.8753,2.4252,1.1097,,,,,
40.1941,8,8,28.7222,68.9162,completed,81519.57,50011.59,0.3147,8.37,0.0000,0.6583,1.9240,5.1426,6.0294,3.0793,1.0469,0.3801,,
37.0676,9,3,11.8843,48.9513,converged,81519.57,50011.59,0.3147,8.37,0.0000,0.0912,0.0793,,,,,,,
53.3891,6,6,32.3146,85.7037,completed,81521.80,50012.31,0.3017,8.37,0.0000,0.2349,0.3916,1.0539,1.0578,0.9659,,,,
27.2871,10,3,8.9784,36.2654,converged,81521.80,50012.31,0.3017,8.37,0.0000,0.0519,0.0526,,,,,,,
22.8222,10,10,34.7981,57.6202,completed,81523.80,50012.91,0.2896,8.39,0.0000,0.1706,0.2215,0.2113,0.2310,0.8533,1.5863,0.8395,0.5705,0.3830
50.3913,7,7,33.3596,83.7507,completed,81523.80,50012.91,0.2896,8.39,0.0000,0.1097,0.2813,1.6436,2.6567,1.4199,0.8493,,,
41.7936,8,8,37.1935,78.9865,completed,81526.09,50013.58,0.2812,8.42,0.0000,0.2380,1.4085,5.4585,6.7118,3.0111,0.8734,0.1854,,
55.7072,6,6,26.5062,82.2133,completed,81526.09,50013.58,0.2812,8.42,0.0000,0.0773,0.3299,0.8312,0.9320,0.9866,,,,
58.5348,5,5,23.9013,82.4354,completed,81528.39,50014.24,0.2700,8.42,0.0000,0.2441,1.7717,0.9970,0.4255,,,,,
55.8133,6,3,11.8710,67.6840,converged,81528.39,50014.24,0.2700,8.42,0.0000,0.0666,0.0930,,,,,,,
23.9457,10,10,42.5355,66.4805,completed,81530.67,50014.86,0.2589,8.42,0.0000,0.2462,0.4047,0.4464,0.2124,0.4229,0.5669,0.2879,0.4007,0.3072
54.7504,6,6,25.3387,80.0888,completed,81530.67,50014.86,0.2589,8.42,0.0000,0.1036,0.1683,1.0473,1.2561,1.3908,,,,
57.7140,6,6,31.0488,88.7628,completed,81532.71,50015.39,0.2491,8.42,0.0000,0.9882,1.2710,2.3317,2.2758,1.4248,,,,
52.4722,6,6,21.8265,74.2985,completed,81532.71,50015.39,0.2491,8.42,0.0000,0.1169,0.3426,0.6109,0.7969,0.3024,,,,
43.9319,8,8,42.9908,86.9218,completed,81535.16,50016.00,0.2410,8.41,0.0000,0.2481,0.4317,0.5278,0.6957,0.6195,0.1417,0.2072,,
54.0321,6,6,30.7467,84.7788,completed,81535.16,50016.00,0.2410,8.41,0.0000,0.1547,0.7403,2.6433,2.7156,1.3442,,,,
24.6664,10,10,44.6337,69.2997,completed,81537.85,50016.65,0.2309,8.39,0.0000,0.1139,0.1328,0.1148,0.3664,0.3915,0.5352,0.5114,0.3242,0.1917
39.1355,9,3,19.0238,58.1589,converged,81537.85,50016.65,0.2309,8.39,0.0000,0.0478,0.0224,,,,,,,
45.7508,8,8,46.3262,92.0763,completed,81539.92,50017.14,0.2238,8.39,0.0000,0.0646,0.1318,0.5696,0.5660,0.3940,0.4304,0.2608,,
43.2666,8,8,36.5596,79.8257,completed,81539.92,50017.14,0.2238,8.39,0.0000,0.0514,0.3121,1.8271,3.2474,2.9982,1.2388,0.2387,,
35.3568,9,3,10.6706,46.0267,converged,81542.51,50017.72,0.2150,8.39,0.0000,0.0685,0.0285,,,,,,,
24.0254,10,3,10.8007,34.8258,converged,81542.51,50017.72,0.2150,8.39,0.0000,0.0758,0.0513,,,,,,,
45.4370,8,8,42.0428,87.4788,completed,81544.40,50018.13,0.2105,8.35,0.0000,0.0773,0.1496,1.3241,2.2794,1.1224,0.5227,0.2078,,
33.9959,10,10,43.4816,77.4766,completed,81544.40,50018.13,0.2105,8.35,0.0000,0.0410,0.1957,0.5022,0.4517,0.4545,0.4478,1.2949,0.8701,0.3330
40.5320,8,3,16.7822,57.3132,converged,81546.47,50018.57,0.2063,8.34,0.0000,0.1793,0.0939,,,,,,,
26.7104,10,10,44.8880,71.5981,completed,81546.47,50018.57,0.2063,8.34,0.0000,0.0303,0.1239,0.1368,0.4212,0.3288,0.7972,0.6446,0.4438,0.2342
53.7006,6,6,24.6611,78.3611,completed,81549.05,50019.10,0.1991,8.33,0.0000,0.1557,0.1600,1.5743,0.2318,0.3250,,,,
26.7357,10,10,43.2436,69.9786,completed,81549.05,50019.10,0.1991,8.33,0.0000,0.0689,0.1427,0.2622,0.3701,0.8105,1.1107,1.1894,0.7793,0.3815
31.8084,10,10,43.2124,75.0205,completed,81551.26,50019.54,0.1958,8.32,0.0000,0.0696,0.2822,1.0053,2.5423,3.7773,1.5107,0.8582,0.1991,0.1614
23.6268,10,10,39.3042,62.9303,completed,81551.26,50019.54,0.1958,8.32,0.0000,0.0829,0.1575,0.1441,0.1785,0.6545,0.3985,0.3961,0.4562,0.3906
45.5676,8,8,33.5676,79.1346,completed,81553.13,50019.91,0.1913,8.32,0.0000,0.0360,0.1269,0.5529,1.0252,0.3085,0.2602,0.2235,,
47.8862,7,7,27.5207,75.4068,completed,81553.13,50019.91,0.1913,8.32,0.0000,0.1383,0.2399,0.5448,0.6794,1.0137,0.7579,,,
58.7534,5,5,18.3847,77.1377,completed,81555.59,50020.38,0.1876,8.32,0.0000,0.1347,0.3780,0.4385,0.7134,,,,,
35.6547,9,9,47.6069,83.2609,completed,81555.59,50020.38,0.1876,8.32,0.0000,0.1178,0.2036,0.2918,0.5506,0.7311,1.2106,1.0231,0.4999,
49.0716,7,7,27.6740,76.7450,completed,81558.04,50020.85,0.1847,8.33,0.0000,0.2100,0.1084,0.5207,0.3055,0.8085,0.4219,,,
44.8000,8,8,34.5092,79.3092,completed,81558.04,50020.85,0.1847,8.33,0.0000,0.0485,0.1309,0.4970,0.6749,0.3150,0.1750,0.2307,,
33.2613,10,3,8.8900,42.1510,converged,81560.50,50021.30,0.1828,8.32,0.0000,0.0935,0.0279,,,,,,,
33.3961,10,5,18.5177,51.9137,converged,81560.50,50021.30,0.1828,8.32,0.0000,0.1106,0.1453,0.1394,0.0979,,,,,
35.5815,9,3,11.6743,47.2553,converged,81562.38,50021.65,0.1812,8.33,0.0000,0.1267,0.0795,,,,,,,
24.4767,10,3,12.4765,36.9526,converged,81562.38,50021.65,0.1812,8.33,0.0000,0.0548,0.0376,,,,,,,
41.0900,8,3,9.7907,50.8798,converged,81564.18,50021.98,0.1808,8.35,0.0000,0.0851,0.0288,,,,,,,
52.0787,6,6,28.0449,80.1229,completed,81564.18,50021.98,0.1808,8.35,0.0000,0.0406,0.2864,1.2497,0.3661,0.3284,,,,
32.3652,10,4,13.7587,46.1238,converged,81566.23,50022.36,0.1806,8.37,0.0000,0.0972,0.1213,0.0640,,,,,,
39.8878,9,9,38.6750,78.5620,completed,81566.23,50022.36,0.1806,8.37,0.0000,0.0685,0.1892,0.6324,1.9263,0.4748,0.1744,0.2670,0.2439,
23.0789,10,3,12.8408,35.9188,converged,81568.45,50022.77,0.1803,8.38,0.0000,0.0531,0.0312,,,,,,,
40.6851,8,3,10.5744,51.2594,converged,81568.45,50022.77,0.1803,8.38,0.0000,0.0418,0.0506,,,,,,,
35.5363,9,3,10.4831,46.0191,converged,81570.36,50023.11,0.1796,8.40,0.0000,0.0090,0.0483,,,,,,,
37.4578,9,9,44.0495,81.5065,completed,81570.36,50023.11,0.1796,8.40,0.0000,0.0520,0.1646,0.5958,1.6503,0.7295,0.2022,0.3013,0.2333,
41.6867,8,3,18.8499,60.5359,converged,81572.43,50023.49,0.1794,8.40,0.0000,0.0336,0.0551,,,,,,,
27.1078,10,3,11.1625,38.2696,converged,81572.43,50023.49,0.1794,8.40,0.0000,0.0112,0.0398,,,,,,,
37.9862,9,3,10.3237,48.3098,converged,81574.23,50023.81,0.1791,8.40,0.0000,0.0552,0.0331,,,,,,,
21.2668,10,3,10.7093,31.9753,converged,81574.23,50023.81,0.1791,8.40,0.0000,0.0189,0.0482,,,,,,,
40.3284,8,8,36.0094,76.3374,completed,81575.90,50024.12,0.1787,8.40,0.0000,0.0187,0.1269,0.6609,2.2381,0.3107,0.3322,0.2889,,
36.0704,9,9,51.7064,87.7764,completed,81575.90,50024.12,0.1787,8.40,0.0000,0.1095,0.2683,0.8362,2.1490,0.4442,0.5501,0.4523,0.2904,
22.2707,10,3,11.4114,33.6815,converged,81578.63,50024.61,0.1792,8.38,0.0000,0.0112,0.0505,,,,,,,
45.5835,8,8,43.8450,89.4280,completed,81578.63,50024.61,0.1792,8.38,0.0000,0.0721,0.2213,1.1600,3.1516,0.6226,0.4057,0.1432,,
22.9960,10,3,12.6741,35.6691,converged,81581.11,50025.06,0.1791,8.38,0.0000,0.0167,0.0271,,,,,,,
47.2065,7,7,26.7904,73.9964,completed,81581.69,50025.16,0.1793,8.38,0.0000,0.0705,0.3599,2.1810,1.2239,0.6853,0.1361,,,
55.4972,6,6,25.8386,81.3356,completed,81581.69,50025.16,0.1793,8.38,0.0000,0.0356,0.3088,2.8129,0.1622,0.1961,,,,
35.5568,9,9,35.7804,71.3365,completed,81584.16,50025.61,0.1798,8.37,0.0000,0.0548,0.1140,0.5527,1.8392,0.4144,0.7992,0.4117,0.3067,
56.3079,6,6,34.3297,90.6368,completed,81584.16,50025.61,0.1798,8.37,0.0000,0.0830,0.4892,2.7637,0.3583,0.5220,,,,
46.8359,7,7,37.9027,84.7378,completed,81586.76,50026.09,0.1804,8.35,0.0000,0.0756,0.1401,0.7886,0.5420,0.7527,0.3309,,,
38.0956,9,9,44.4645,82.5595,completed,81586.76,50026.09,0.1804,8.35,0.0000,0.0599,0.1172,0.4233,1.6308,0.1019,0.7871,0.3867,0.2832,
51.7991,7,7,24.5185,76.3175,converged,81589.11,50026.52,0.1805,8.35,0.0000,0.0385,0.1066,1.8083,1.1570,0.4271,0.0899,,,
48.2874,7,7,27.1435,75.4305,completed,81589.11,50026.52,0.1805,8.35,0.0000,0.0422,0.1409,1.8840,1.4752,0.3467,0.1816,,,
45.4845,8,3,11.8247,57.3087,converged,81591.41,50026.94,0.1804,8.34,0.0000,0.0391,0.0462,,,,,,,
36.7685,9,3,11.4126,48.1806,converged,81591.41,50026.94,0.1804,8.34,0.0000,0.0443,0.0606,,,,,,,
24.0863,10,3,15.1119,39.1980,converged,81593.22,50027.26,0.1806,8.34,0.0000,0.0383,0.0405,,,,,,,
39.2633,9,3,9.0707,48.3338,converged,81593.22,50027.26,0.1806,8.34,0.0000,0.0230,0.0346,,,,,,,
25.0115,10,3,9.6177,34.6287,converged,81594.85,50027.56,0.1809,8.34,0.0000,0.0526,0.0690,,,,,,,
52.6947,6,6,23.1757,75.8698,completed,81594.85,50027.56,0.1809,8.34,0.0000,0.1182,0.5634,5.2167,3.2156,1.1528,,,,
55.9584,6,3,9.5358,65.4938,converged,81597.16,50027.98,0.1823,8.33,0.0000,0.0721,0.0567,,,,,,,
48.6346,7,3,9.9966,58.6306,converged,81597.16,50027.98,0.1823,8.33,0.0000,0.0703,0.0830,,,,,,,
53.3730,6,3,14.5026,67.8746,converged,81599.21,50028.36,0.1829,8.33,0.0000,0.0475,0.0825,,,,,,,
25.9572,10,3,14.1855,40.1425,converged,81599.21,50028.36,0.1829,8.33,0.0000,0.0175,0.0321,,,,,,,
42.1190,8,8,27.7199,69.8389,completed,81601.40,50028.77,0.1836,8.33,0.0000,0.0428,0.1283,0.1567,1.2351,1.6728,1.0629,0.5793,,
23.4783,10,3,8.8511,32.3291,converged,81601.40,50028.77,0.1836,8.33,0.0000,0.0338,0.0497,,,,,,,
27.4165,10,3,11.9618,39.3778,converged,81603.31,50029.12,0.1846,8.33,0.0000,0.0160,0.0325,,,,,,,
21.1642,10,10,53.9410,75.1050,completed,81603.31,50029.12,0.1846,8.33,0.0000,0.0622,0.1585,0.2747,0.3854,0.5491,0.3664,0.6143,0.4667,0.1942
24.9514,10,3,12.1859,37.1370,converged,81605.50,50029.53,0.1849,8.34,0.0000,0.0122,0.0399,,,,,,,
39.6674,9,3,10.4158,50.0829,converged,81605.50,50029.53,0.1849,8.34,0.0000,0.0289,0.0248,,,,,,,
40.3774,8,8,31.1838,71.5609,completed,81607.40,50029.88,0.1864,8.34,0.0000,0.0865,0.1003,0.5381,0.5069,0.4411,0.4721,0.2116,,
32.0384,10,3,11.4449,43.4830,converged,81607.40,50029.88,0.1864,8.34,0.0000,0.0694,0.0704,,,,,,,
57.2456,6,6,22.4865,79.7315,completed,81609.61,50030.30,0.1863,8.34,0.0000,0.0770,0.1038,0.1280,0.7647,0.4008,,,,
35.9819,9,3,12.2733,48.2543,converged,81609.61,50030.30,0.1863,8.34,0.0000,0.1330,0.0635,,,,,,,
21.3729,10,3,12.3352,33.7072,converged,81611.92,50030.74,0.1874,8.35,0.0000,0.0727,0.0982,,,,,,,
30.8250,10,10,54.5296,85.3547,completed,81611.92,50030.74,0.1874,8.35,0.0000,0.1174,0.1733,0.1747,0.6383,0.2436,0.1662,0.3181,0.1993,0.2831
30.6017,10,3,10.2486,40.8496,converged,81613.97,50031.12,0.1876,8.35,0.0000,0.0444,0.0848,,,,,,,
35.9285,9,4,14.5548,50.4829,converged,81613.97,50031.12,0.1876,8.35,0.0000,0.1031,0.1404,0.0955,,,,,,
47.2722,7,7,35.3540,82.6261,completed,81615.62,50031.44,0.1881,8.36,0.0000,0.5980,10.7388,10.6448,5.6410,2.5448,0.9778,,,
25.5128,10,3,19.1949,44.7069,converged,81615.62,50031.44,0.1881,8.36,0.0000,0.0693,0.0990,,,,,,,
57.1891,6,6,22.3204,79.5094,completed,81617.67,50031.82,0.1886,8.35,0.0000,0.1590,0.1736,1.2142,0.7911,0.5719,,,,
36.2744,9,3,9.5281,45.8021,converged,81617.67,50031.82,0.1886,8.35,0.0000,0.1232,0.0538,,,,,,,
51.8593,7,7,43.1174,94.9764,completed,81619.97,50032.26,0.1887,8.35,0.0000,0.0557,0.2027,0.7648,1.3395,1.5936,0.8885,,,
32.5301,10,3,10.7699,43.2999,converged,81619.97,50032.26,0.1887,8.35,0.0000,0.0365,0.0224,,,,,,,
45.5674,8,8,43.5866,89.1537,converged,81622.06,50032.66,0.1893,8.36,0.0000,0.5167,0.3124,1.0460,1.4489,0.5741,0.1656,0.0720,,
40.5758,8,3,13.1281,53.7031,converged,81622.06,50032.66,0.1893,8.36,0.0000,0.0393,0.0630,,,,,,,
47.4504,7,3,11.8458,59.2959,converged,81624.41,50033.10,0.1895,8.36,0.0000,0.1278,0.0221,,,,,,,
53.2263,6,3,12.3404,65.5664,converged,81624.41,50033.10,0.1895,8.36,0.0000,0.0224,0.0986,,,,,,,
39.6805,9,9,48.0772,87.7573,completed,81626.55,50033.51,0.1897,8.36,0.0000,0.1144,0.2158,0.8644,0.8741,0.7952,2.0227,0.8315,0.1872,
54.5915,6,6,24.7947,79.3857,completed,81626.55,50033.51,0.1897,8.36,0.0000,0.1048,0.1280,0.3353,1.1008,0.7092,,,,
33.5159,10,3,10.8619,44.3769,converged,81628.65,50033.91,0.1906,8.37,0.0000,0.0254,0.0435,,,,,,,
45.7968,8,3,19.7903,65.5864,converged,81628.65,50033.91,0.1906,8.37,0.0000,0.0300,0.0934,,,,,,,
41.1775,8,8,37.0512,78.2283,completed,81631.00,50034.36,0.1912,8.37,0.0000,0.2783,0.2590,0.2319,1.2404,0.2005,0.3865,0.1940,,
39.8461,9,3,10.8044,50.6504,converged,81631.00,50034.36,0.1912,8.37,0.0000,0.0122,0.0571,,,,,,,
33.5905,10,3,10.8756,44.4657,converged,81632.82,50034.71,0.1913,8.37,0.0000,0.0722,0.0468,,,,,,,
38.2290,9,9,53.8286,92.0603,completed,81632.82,50034.71,0.1913,8.37,0.0000,0.0872,0.2346,0.2962,0.6838,1.3611,1.7361,1.1117,0.5416,
37.2221,9,3,11.0141,48.2361,converged,81635.36,50035.20,0.1911,8.36,0.0000,0.0311,0.0675,,,,,,,
35.9451,9,9,39.7825,75.7276,completed,81635.36,50035.20,0.1911,8.36,0.0000,0.0741,0.2069,0.3438,0.9662,2.3402,2.6064,1.5064,0.6406,
29.5545,10,10,46.8295,76.3835,converged,81637.25,50035.57,0.1913,8.36,0.0000,0.0990,0.1011,0.1491,0.3612,1.4867,0.2228,0.3161,0.2200,0.0935
23.6524,10,3,15.6192,39.2712,converged,81637.25,50035.57,0.1913,8.36,0.0000,0.0097,0.0790,,,,,,,
45.6519,8,8,35.8248,81.4758,completed,81639.20,50035.95,0.1916,8.36,0.0000,0.0647,0.1537,0.2385,1.1675,0.8893,0.8934,0.3814,,
50.0852,7,7,41.2992,91.3843,completed,81639.20,50035.95,0.1916,8.36,0.0000,0.0120,0.5632,1.1486,0.1714,1.1360,0.3649,,,
47.4833,7,3,12.1115,59.5945,converged,81641.67,50036.43,0.1922,8.36,0.0000,0.0402,0.0890,,,,,,,
37.8520,9,3,13.2049,51.0560,converged,81641.67,50036.43,0.1922,8.36,0.0000,0.0394,0.0768,,,,,,,
58.4692,5,5,28.3315,86.8005,completed,81643.81,50036.85,0.1920,8.35,0.0000,0.1427,0.9205,2.1265,0.7215,,,,,
41.2448,8,3,12.8495,54.0935,converged,81643.81,50036.85,0.1920,8.35,0.0000,0.0234,0.0402,,,,,,,
50.5019,7,3,16.8318,67.3329,converged,81645.91,50037.26,0.1917,8.35,0.0000,0.0843,0.0725,,,,,,,
34.4774,9,3,13.9428,48.4198,converged,81645.91,50037.26,0.1917,8.35,0.0000,0.0124,0.0168,,,,,,,
38.8455,9,9,41.7499,80.5949,completed,81648.07,50037.68,0.1913,8.35,0.0000,0.0818,0.1757,0.5603,0.7979,0.4571,0.5846,0.4483,0.1669,
46.5438,7,7,30.8695,77.4126,completed,81648.07,50037.68,0.1913,8.35,0.0000,0.3122,0.3733,0.7462,1.8995,1.0605,0.5860,,,
44.6816,8,8,31.1315,75.8126,completed,81650.36,50038.12,0.1907,8.34,0.0000,0.3227,0.3765,0.4168,1.6764,1.2868,0.7053,0.2694,,
35.8689,9,9,29.1840,65.0520,completed,81650.36,50038.12,0.1907,8.34,0.0000,0.1925,0.2521,0.2117,0.7336,0.8139,0.6603,0.7169,0.2015,
55.4654,6,6,38.9817,94.4467,completed,81651.35,50038.31,0.1907,8.34,0.0000,0.4766,0.4245,1.7171,1.2810,0.5855,,,,
49.7760,7,7,40.5107,90.2858,completed,81651.35,50038.31,0.1907,8.34,0.0000,0.3419,0.2921,1.1224,1.3629,0.5436,0.1648,,,
56.4510,6,3,11.4023,67.8523,converged,81655.04,50039.03,0.1911,8.34,0.0000,0.2421,0.0678,,,,,,,
22.8850,10,4,22.6516,45.5356,converged,81655.04,50039.03,0.1911,8.34,0.0000,0.0895,0.1165,0.0223,,,,,,
20.9057,10,10,46.2941,67.1992,completed,81657.24,50039.45,0.1905,8.34,0.0000,0.1355,0.1983,0.2371,0.9464,1.4197,0.2888,0.6082,0.3368,0.2257
58.5073,5,5,23.6401,82.1471,completed,81657.24,50039.45,0.1905,8.34,0.0000,0.4456,0.8222,1.5967,0.6955,,,,,
20.8021,10,10,42.6273,63.4293,completed,81659.53,50039.90,0.1899,8.34,0.0000,0.2026,0.2898,0.2874,0.7049,1.2917,0.7645,0.4715,0.2862,0.2489
43.7758,8,8,35.0634,78.8384,completed,81659.53,50039.90,0.1899,8.34,0.0000,0.1570,0.2026,0.1616,1.2637,0.5165,0.2383,0.1900,,
54.4927,6,6,25.0612,79.5532,completed,81661.45,50040.27,0.1890,8.34,0.0000,0.5719,0.7372,1.6183,1.2496,0.5605,,,,
38.9286,9,9,44.3166,83.2447,converged,81661.45,50040.27,0.1890,8.34,0.0000,0.1921,0.2917,0.3652,0.8344,0.8713,0.5895,0.2293,0.0989,
44.6972,8,8,29.4520,74.1490,completed,81663.79,50040.72,0.1887,8.33,0.0000,0.2213,0.3459,0.5579,1.0123,0.7558,0.2440,0.1031,,
56.3288,6,6,30.3272,86.6552,completed,81663.79,50040.72,0.1887,8.33,0.0000,0.4291,0.6248,1.4936,0.8419,0.3125,,,,
50.6665,7,7,27.5843,78.2504,completed,81666.24,50041.18,0.1883,8.33,0.0000,0.1941,0.2611,0.8469,1.1864,0.5260,0.1961,,,
59.3417,5,5,25.4061,84.7472,completed,81666.24,50041.18,0.1883,8.33,0.0000,0.0839,0.3735,0.8487,0.3628,,,,,
55.0864,6,6,22.9296,78.0156,completed,81668.69,50041.65,0.1875,8.33,0.0000,0.3673,0.7103,1.9423,2.6691,1.0075,,,,
21.7028,10,10,39.5511,61.2532,completed,81668.69,50041.65,0.1875,8.33,0.0000,0.1769,0.2797,0.2972,0.6345,1.0992,0.7350,0.5243,0.2078,0.1381
25.7777,10,10,49.1277,74.9047,completed,81670.98,50042.08,0.1876,8.33,0.0000,0.1326,0.2616,0.3351,0.6969,0.9899,0.7250,0.3884,0.3346,0.1277
37.3192,9,9,38.3849,75.7039,converged,81670.98,50042.08,0.1876,8.33,0.0000,0.2015,0.3196,0.1817,0.6558,0.8183,0.3392,0.2753,0.0705,
44.8029,8,8,31.3447,76.1706,completed,81673.43,50042.55,0.1879,8.33,0.0000,0.3193,0.5663,1.0092,1.9269,1.2344,0.5187,0.2145,,
47.5011,7,7,26.5438,74.0449,completed,81673.43,50042.55,0.1879,8.33,0.0000,0.3548,0.6830,1.1894,1.5510,1.0995,0.6258,,,
53.7167,6,6,24.7567,78.4728,completed,81675.72,50042.98,0.1867,8.33,0.0000,0.1899,0.5362,2.2403,1.0582,0.4962,,,,
22.0959,10,4,19.4923,41.5874,converged,81675.72,50042.98,0.1867,8.33,0.0000,0.1537,0.2008,0.0586,,,,,,
22.5316,10,10,39.3402,61.8713,completed,81677.69,50043.35,0.1852,8.33,0.0000,0.0973,0.2098,0.2760,0.6961,1.5868,0.9453,0.2225,0.1073,0.2761
33.3965,10,10,37.1180,70.5140,completed,81677.69,50043.35,0.1852,8.33,0.0000,0.1847,0.2552,0.1828,0.2163,1.1633,1.1253,0.6068,0.3303,0.1873
36.4425,9,9,37.1467,73.5888,completed,81679.98,50043.77,0.1835,8.33,0.0000,0.1058,0.1764,0.3071,1.0896,1.2069,0.4688,0.3471,0.2198,
51.6653,7,7,27.0656,78.7306,completed,81679.98,50043.77,0.1835,8.33,0.0000,0.2340,0.3008,0.4161,1.5510,0.8493,0.4092,,,
33.8318,10,10,43.5388,77.3699,completed,81682.27,50044.20,0.1821,8.33,0.0000,0.1919,0.3427,0.3186,0.7102,1.9948,1.8105,0.6787,0.4139,0.4250
45.2280,8,8,32.4246,77.6527,completed,81682.27,50044.20,0.1821,8.33,0.0000,0.1881,0.1626,0.2228,0.3681,0.6028,0.4193,0.2786,,
40.6931,8,8,48.2352,88.9282,completed,81684.77,50044.66,0.1778,8.33,0.0000,0.0696,0.1777,0.4209,0.5805,0.2467,0.2524,0.2745,,
47.1086,7,7,27.9575,75.0655,completed,81684.77,50044.66,0.1778,8.33,0.0000,0.1469,0.2205,0.7526,0.3365,0.3959,0.2691,,,
23.1949,10,3,10.6712,33.8652,converged,81687.36,50045.13,0.1761,8.33,0.0000,0.0696,0.0811,,,,,,,
48.3332,7,7,40.0532,88.3862,completed,81687.36,50045.13,0.1761,8.33,0.0000,0.1509,0.4514,1.0272,0.8210,0.7740,0.4537,,,
30.0298,10,3,12.0490,42.0780,converged,81689.40,50045.49,0.1742,8.24,0.0000,0.0572,0.0655,,,,,,,
46.6611,7,7,29.8399,76.5010,completed,81689.40,50045.49,0.1742,8.24,0.0000,0.0824,0.3033,0.8998,0.2929,0.2869,0.3517,,,
34.2235,9,9,39.5494,73.7724,completed,81691.82,50045.92,0.1733,8.20,0.0000,0.1931,0.2556,0.2704,0.3786,0.1822,0.6362,0.3702,0.3942,
23.3788,10,3,10.3582,33.7363,converged,81691.82,50045.92,0.1733,8.20,0.0000,0.0495,0.0553,,,,,,,
47.4317,7,7,35.5951,83.0262,completed,81693.84,50046.27,0.1752,8.12,0.0000,0.1256,0.2139,0.5158,0.3707,0.3284,0.4877,,,
33.6461,10,10,57.0064,90.6525,completed,81693.84,50046.27,0.1752,8.12,0.0000,0.0535,0.1714,0.3378,0.4814,0.3007,0.3267,0.3500,0.3084,0.2489
44.1149,8,3,11.8359,55.9499,converged,81696.20,50046.69,0.1726,7.83,0.0000,0.0430,0.0450,,,,,,,
39.3612,9,9,38.2407,77.6017,completed,81696.20,50046.69,0.1726,7.83,0.0000,0.0482,0.1009,0.3194,0.4708,0.5414,0.6019,0.4241,0.3330,
56.5009,6,6,26.0824,82.5825,completed,81698.29,50047.05,0.1699,7.37,0.0000,0.0483,0.5436,0.4265,0.5866,0.5139,,,,
38.2527,9,3,15.8774,54.1294,converged,81698.29,50047.05,0.1699,7.37,0.0000,0.0762,0.0335,,,,,,,
43.4990,8,8,29.6418,73.1409,completed,81700.19,50047.38,0.1718,6.94,0.0000,0.0895,0.1495,0.6625,0.7022,0.8115,0.4489,0.3283,,
41.9812,8,3,14.8797,56.8608,converged,81700.19,50047.38,0.1718,6.94,0.0000,0.1245,0.0340,,,,,,,
56.2280,6,6,22.9752,79.2032,completed,81701.98,50047.69,0.1723,6.57,0.0000,0.0826,0.1709,0.2440,0.2652,0.5203,,,,
50.8371,7,7,34.5248,85.3618,completed,81701.98,50047.69,0.1723,6.57,0.0000,0.0483,0.1528,0.3997,0.6490,0.3266,0.3525,,,
58.0316,5,5,23.6234,81.6544,completed,81703.74,50048.00,0.1795,6.24,0.0000,0.1203,0.3034,0.8403,1.4730,,,,,
34.6631,9,3,10.0966,44.7596,converged,81703.74,50048.00,0.1795,6.24,0.0000,0.0429,0.0447,,,,,,,
57.7182,6,6,23.4229,81.1409,completed,81705.53,50048.34,0.1958,5.96,0.0000,0.2739,0.2749,0.3618,0.7623,1.0079,,,,
58.1671,5,5,25.1077,83.2747,completed,81705.53,50048.34,0.1958,5.96,0.0000,0.0822,0.4188,1.4943,1.4780,,,,,
22.2079,10,10,58.0346,80.2416,completed,81707.23,50048.69,0.2171,5.68,0.0000,0.0923,0.2534,0.3489,0.2444,0.7509,0.6881,0.8406,0.5101,0.2813
35.2204,9,3,16.6204,51.8405,converged,81707.23,50048.69,0.2171,5.68,0.0000,0.1021,0.0666,,,,,,,
37.7294,9,3,14.6729,52.4020,converged,81708.75,50049.05,0.2400,5.48,0.0000,0.0947,0.0390,,,,,,,
47.9256,7,3,18.5845,66.5096,converged,81708.75,50049.05,0.2400,5.48,0.0000,0.1566,0.0924,,,,,,,
33.2291,10,3,17.8127,51.0418,converged,81710.00,50049.37,0.2739,5.30,0.0000,0.1672,0.0881,,,,,,,
30.9815,10,3,13.1851,44.1662,converged,81710.00,50049.37,0.2739,5.30,0.0000,0.0921,0.0514,,,,,,,
26.7166,10,3,10.3566,37.0727,converged,81711.15,50049.72,0.3159,5.14,0.0000,0.1106,0.0353,,,,,,,
36.2002,9,9,36.3429,72.5429,completed,81711.15,50049.72,0.3159,5.14,0.0000,0.1650,0.1472,0.1879,0.6328,0.1644,0.5182,0.5112,0.5333,
31.8136,10,4,17.9787,49.7917,converged,81712.34,50050.14,0.3712,4.98,0.0000,0.2370,0.1755,0.0798,,,,,,
21.8068,10,4,15.7572,37.5632,converged,81712.34,50050.14,0.3712,4.98,0.0000,0.2151,0.2001,0.0828,,,,,,
50.6534,7,7,30.0568,81.6349,completed,81713.33,50050.55,0.4278,4.84,0.0000,0.2743,0.1293,0.3658,1.9263,0.9290,0.8677,,,
52.5180,6,6,25.6960,78.2131,completed,81713.33,50050.55,0.4278,4.84,0.0000,0.3881,0.1946,1.9393,2.0474,1.0137,,,,
47.0450,7,3,9.2934,56.3374,converged,81714.52,50051.14,0.5116,4.66,0.0000,0.2098,0.0603,,,,,,,
56.3300,6,6,29.0613,85.3904,completed,81714.52,50051.14,0.5116,4.66,0.0000,0.1883,0.3955,3.8387,3.3939,1.5754,,,,
58.5876,5,5,24.2807,82.8677,completed,81715.49,50051.73,0.5875,4.46,0.0000,0.2622,0.3697,0.7273,0.5606,,,,,
41.9024,8,8,29.6182,71.5202,completed,81715.49,50051.73,0.5875,4.46,0.0000,0.1181,0.1372,0.6236,1.7285,2.8532,1.4602,0.5931,,
40.2562,8,3,15.4334,55.6894,converged,81716.54,50052.48,0.6860,4.24,0.0000,0.1464,0.0412,,,,,,,
25.3600,10,3,11.6382,36.9973,converged,81716.54,50052.48,0.6860,4.24,0.0000,0.0749,0.0455,,,,,,,
59.2226,5,5,26.9398,86.1619,completed,81717.38,50053.21,0.7764,4.03,0.0000,0.0541,0.3649,1.6442,1.1916,,,,,
40.0191,8,8,38.3251,78.3442,completed,81717.38,50053.21,0.7764,4.03,0.0000,0.0764,0.2261,0.4408,1.0008,1.3783,1.1491,0.6017,,
29.8568,10,3,10.6533,40.5094,converged,81718.19,50054.08,0.8854,3.93,0.0000,0.0284,0.0778,,,,,,,
51.1200,7,7,32.8477,83.9677,completed,81718.19,50054.08,0.8854,3.93,0.0000,0.0352,0.1131,0.4090,1.1350,1.2756,0.7736,,,
49.7383,7,3,13.4439,63.1820,converged,81718.74,50054.80,0.9659,3.91,0.0000,0.0195,0.0969,,,,,,,
51.0020,7,7,39.1783,90.1803,completed,81718.74,50054.80,0.9659,3.91,0.0000,0.0839,0.2209,0.4853,1.8076,1.6604,0.9747,,,
24.9036,10,10,47.0060,71.9090,completed,81719.35,50055.75,1.0647,3.92,0.0000,0.0354,0.1042,0.1836,0.3282,0.9155,0.9003,1.1733,0.5975,0.5389
59.1555,5,5,22.1845,81.3395,completed,81719.35,50055.75,1.0647,3.92,0.0000,0.3432,0.8710,2.7601,1.9733,,,,,
21.5064,10,10,51.5728,73.0788,completed,81719.83,50056.70,1.1577,3.96,0.0000,0.0721,0.1056,0.2479,0.7230,1.2425,1.2437,1.1020,0.5786,0.6162
54.4772,6,6,27.4209,81.8980,completed,81719.83,50056.70,1.1577,3.96,0.0000,0.0719,0.3248,1.9188,2.2928,1.2448,,,,
41.8945,8,8,31.4779,73.3719,completed,81720.24,50057.74,1.2446,4.02,0.0000,0.0706,0.2572,0.8493,2.8200,3.1011,1.4860,0.8137,,
49.6669,7,3,10.7061,60.3721,converged,81720.24,50057.74,1.2446,4.02,0.0000,0.0365,0.0554,,,,,,,
34.6258,9,3,10.3032,44.9282,converged,81720.54,50058.70,1.3257,4.09,0.0000,0.0463,0.0462,,,,,,,
37.2169,9,3,10.5425,47.7585,converged,81720.54,50058.70,1.3257,4.09,0.0000,0.0626,0.0752,,,,,,,
32.2641,10,3,14.4143,46.6784,converged,81720.77,50059.71,1.4021,4.21,0.0000,0.1022,0.0645,,,,,,,
40.9029,8,8,38.4678,79.3699,completed,81720.77,50059.71,1.4021,4.21,0.0000,0.3010,0.3130,0.1278,0.5191,0.6328,0.2307,0.5426,,
34.7012,9,9,42.1723,76.8733,completed,81720.92,50060.76,1.4716,4.35,0.0000,0.0924,0.1057,1.2192,5.0849,9.1802,2.6220,0.8177,0.4144,
20.8127,10,3,14.3774,35.1894,converged,81720.92,50060.76,1.4716,4.35,0.0000,0.1044,0.0337,,,,,,,
56.4235,6,6,27.6704,84.0934,completed,81721.01,50061.79,1.5316,4.48,0.0000,0.0571,1.6991,8.1623,3.7124,1.5317,,,,
55.8528,6,6,26.3720,82.2241,completed,81721.01,50061.79,1.5316,4.48,0.0000,0.0420,1.3007,5.7374,3.2196,1.3732,,,,
54.5976,6,6,26.6354,81.2325,completed,81721.03,50063.13,1.5981,4.60,0.0000,0.1040,1.3699,10.6892,5.4408,2.5418,,,,
41.5536,8,8,35.5215,77.0745,completed,81721.03,50063.13,1.5981,4.60,0.0000,0.0546,0.5500,4.2958,19.2881,4.9307,1.7366,0.6446,,
49.1464,7,7,33.1288,82.2749,completed,81720.98,50064.37,1.6528,4.73,0.0000,0.3729,1.2677,11.0606,9.1448,2.6584,0.9942,,,
38.2405,9,9,35.8783,74.1184,completed,81720.98,50064.37,1.6528,4.73,0.0000,0.4305,0.8928,3.7180,15.8130,7.0675,2.8607,1.1616,0.3610,
43.0785,8,8,42.3832,85.4612,completed,81720.84,50065.81,1.7034,4.86,0.0000,1.3309,1.8360,2.3414,5.0027,1.7909,0.8400,0.3706,,
34.7480,9,9,32.5285,67.2765,completed,81720.84,50065.81,1.7034,4.86,0.0000,0.4515,1.0134,2.5847,11.9915,7.7739,2.1570,0.6236,0.2433,
59.8701,5,5,25.1246,84.9946,completed,81720.64,50067.20,1.7426,4.93,0.0000,3.6059,4.1149,2.6564,1.3653,,,,,
33.9200,10,10,37.3774,71.2965,completed,81720.64,50067.20,1.7426,4.93,0.0000,1.1872,1.9859,2.6353,5.0197,10.6853,1.5407,0.5505,0.3825,0.3848
30.2039,10,10,36.8626,67.0656,completed,81720.38,50068.68,1.7664,4.80,0.0000,1.2734,1.8029,1.6323,1.9552,1.7304,2.2610,1.8730,0.8704,0.3912
34.8662,9,9,36.0632,70.9292,completed,81720.38,50068.68,1.7664,4.80,0.0000,1.5308,2.7559,4.7002,10.5911,5.1076,0.8870,0.6472,0.4319,
22.2722,10,10,34.8290,57.1010,completed,81720.10,50070.09,1.7741,4.83,0.0000,1.1374,2.0006,2.5779,3.6489,4.9720,1.3734,0.5212,0.2344,0.2192
55.9859,6,6,23.4515,79.4365,completed,81720.10,50070.09,1.7741,4.83,0.0000,2.1935,2.8814,4.4541,2.1105,1.0890,,,,
58.7517,5,5,24.7701,83.5212,completed,81719.84,50071.38,1.7811,5.00,0.0000,2.5608,2.1171,1.4013,1.0702,,,,,
39.8651,9,9,45.3918,85.2569,completed,81719.84,50071.38,1.7811,5.00,0.0000,1.2474,2.0908,1.5670,2.8980,3.4023,1.6519,0.8283,0.4002,
28.8864,10,10,46.7603,75.6463,completed,81719.53,50072.92,1.7820,5.34,0.0000,1.0106,1.9804,4.6469,11.3648,12.6589,3.2795,0.9096,0.2561,0.2126
58.5838,5,5,28.7982,87.3813,completed,81719.53,50072.92,1.7820,5.34,0.0000,3.0204,4.7527,0.7918,0.7719,,,,,
24.8136,10,10,50.5188,75.3318,completed,81719.19,50074.51,1.7851,5.64,0.0000,0.9678,1.5711,1.3028,0.7347,2.4457,2.0023,0.5911,0.2809,0.2165
59.9875,5,5,27.2400,87.2271,completed,81719.19,50074.51,1.7851,5.64,0.0000,1.9193,13.7141,7.9430,3.3287,,,,,
40.8926,8,8,28.5946,69.4867,completed,81718.83,50076.21,1.7844,5.97,0.0000,1.0175,2.0698,4.5709,2.4785,2.0766,1.2089,0.5713,,
55.8967,6,6,32.3324,88.2284,completed,81718.83,50076.21,1.7844,5.97,0.0000,1.9014,6.3756,5.7891,2.7015,1.0271,,,,
35.8448,9,9,45.7327,81.5768,completed,81718.42,50078.11,1.7860,6.19,0.0000,0.7612,1.5372,2.3150,1.4671,3.1650,1.2995,0.9517,0.5220,
28.1087,10,10,43.9199,72.0280,completed,81718.42,50078.11,1.7860,6.19,0.0000,1.1431,2.1718,4.6061,10.1348,10.2569,2.5670,1.0913,0.2403,0.2187
32.6049,10,10,45.4241,78.0281,completed,81718.07,50079.73,1.7847,6.41,0.0000,0.9170,1.3389,1.1795,1.2094,3.1492,2.7870,1.3630,0.6882,0.3631
59.4039,5,5,25.1494,84.5525,completed,81718.07,50079.73,1.7847,6.41,0.0000,2.7428,1.2375,1.3588,0.5385,,,,,
47.5087,7,7,34.7398,82.2478,completed,81717.65,50081.64,1.7824,6.61,0.0000,1.3595,4.1223,4.9393,0.2721,0.3770,0.1948,,,
22.9221,10,10,38.5165,61.4386,completed,81717.65,50081.64,1.7824,6.61,0.0000,1.1574,1.7900,2.5963,2.7426,0.8437,0.9441,0.3503,0.2461,0.2082
36.7299,9,9,41.6628,78.3918,completed,81717.33,50083.18,1.7795,6.79,0.0000,1.5395,3.8870,14.5123,20.0085,12.1910,2.1109,0.9954,0.6937,
28.6967,10,10,49.0677,77.7637,completed,81717.33,50083.18,1.7795,6.79,0.0000,0.9011,1.7628,4.2347,8.0233,3.9857,1.5141,0.7192,0.3953,0.2155
33.6562,10,10,35.7860,69.4420,completed,81716.87,50085.30,1.7777,7.12,0.0000,4.4494,1.3739,7.2597,21.6949,21.9581,1.3809,0.4592,0.3585,0.3552
28.1400,10,10,41.7073,69.8463,completed,81716.87,50085.30,1.7777,7.12,0.0000,1.5627,0.1943,0.9468,2.4312,1.0595,1.3115,0.5867,0.3772,0.2203
28.2242,10,10,50.0452,78.2692,completed,81716.46,50087.21,1.7746,7.40,0.0000,1.0597,2.6381,3.1855,8.2339,4.0348,1.0007,0.5641,0.3676,0.1827
28.7556,10,10,39.4259,68.1810,completed,81716.46,50087.21,1.7746,7.40,0.0000,0.2908,1.4089,1.9186,0.9485,0.6002,1.7842,0.9912,0.3527,0.1292
33.0082,10,10,42.7330,75.7410,completed,81716.04,50089.27,1.7709,7.68,0.0000,3.6087,1.3369,1.4712,4.4968,1.1142,0.2350,0.4598,0.3129,0.1724
20.2512,10,10,45.9779,66.2289,completed,81716.04,50089.27,1.7709,7.68,0.0000,11.9941,19.7437,13.8249,1.7519,1.0974,1.4721,0.9852,0.4018,0.1642
44.3040,8,8,34.1456,78.4486,completed,81715.65,50091.15,1.7715,7.94,0.0000,22.2179,24.4254,0.2369,2.9307,1.0259,0.4070,0.2190,,
43.6418,8,8,30.4012,74.0422,completed,81715.65,50091.15,1.7715,7.94,0.0000,3.9590,1.1500,9.1730,2.4169,0.8215,0.6845,0.1403,,
21.8593,10,10,36.1606,58.0270,completed,81715.16,50093.55,1.7687,8.23,0.0000,4.7866,2.6009,1.0453,0.2631,2.7454,0.5903,0.3880,0.2695,0.2286
45.7952,8,8,34.6323,80.4274,completed,81715.16,50093.55,1.7687,8.23,0.0000,0.6106,1.9278,7.2583,6.7768,2.6901,1.0864,0.4017,,
20.6050,10,10,35.3864,55.9904,completed,81714.67,50095.98,1.7657,8.42,0.0000,0.2181,0.4772,3.0770,1.5324,2.2576,4.0131,1.9065,0.6748,0.3009
43.0526,8,8,39.3972,82.4492,completed,81714.67,50095.98,1.7657,8.42,0.0000,3.5986,0.2323,1.1717,3.4488,1.7531,0.7943,0.2786,,
35.8523,9,9,40.2008,76.0529,completed,81714.20,50098.35,1.7624,8.54,0.0000,0.9587,1.3597,1.4652,2.4153,0.4805,0.6883,0.4173,0.3359,
57.9027,6,6,28.9866,86.8886,completed,81714.20,50098.35,1.7624,8.54,0.0000,1.9880,10.8656,7.1861,2.8185,1.2223,,,,
42.8775,8,8,31.2903,74.1674,completed,81713.74,50100.74,1.7596,8.62,0.0000,0.3365,0.1004,2.8669,0.7520,2.3290,1.4554,0.6195,,
58.7763,5,5,22.6647,81.4407,completed,81713.74,50100.74,1.7596,8.62,0.0000,3.2214,1.6104,1.8004,0.9819,,,,,
38.4360,9,9,35.5969,74.0320,completed,81713.29,50103.11,1.7565,8.65,0.0000,1.2225,1.2911,0.8769,0.4425,0.4943,0.8272,0.4903,0.3184,
53.3221,6,6,27.2205,80.5425,completed,81713.29,50103.11,1.7565,8.65,0.0000,0.9253,2.2856,11.4756,3.6094,1.5284,,,,
41.3662,8,8,32.6050,73.9710,completed,81712.81,50105.66,1.7552,8.66,0.0000,1.9091,2.0123,0.6810,0.4001,0.9437,0.6502,0.3865,,
34.3909,9,9,31.7079,66.0980,completed,81712.81,50105.66,1.7552,8.66,0.0000,0.3180,0.1241,1.0708,0.7086,3.4020,2.7945,1.0427,0.5422,
31.4321,10,10,49.1992,80.6313,completed,81712.37,50108.05,1.7531,8.66,0.0000,1.0761,0.9661,0.5949,0.1513,0.3536,0.6157,0.1573,0.1906,0.2947
51.4613,7,7,23.5674,75.0285,completed,81712.37,50108.05,1.7531,8.66,0.0000,1.0397,1.0625,3.1938,1.7777,0.4199,0.2949,,,
54.0788,6,6,35.8691,89.9472,completed,81711.95,50110.35,1.7520,8.65,0.0000,1.9697,1.2748,1.0989,0.7266,0.6118,,,,
55.2364,6,6,27.5597,82.7958,completed,81711.95,50110.35,1.7520,8.65,0.0000,1.3431,0.6257,0.4530,1.3076,0.7285,,,,
29.3416,10,10,44.5373,73.8783,completed,81711.46,50113.16,1.7499,8.63,0.0000,0.7099,0.5898,0.3958,0.4166,0.7601,0.3867,0.3270,0.3231,0.2587
36.2155,9,9,32.7797,68.9947,completed,81711.46,50113.16,1.7499,8.63,0.0000,0.8890,0.8753,0.7375,1.9612,1.7309,0.8000,0.4525,0.3258,
40.6868,8,8,33.5835,74.2695,completed,81711.05,50115.45,1.7496,8.60,0.0000,0.8680,0.8433,0.3976,0.5309,0.1939,0.2978,0.3942,,
42.3055,8,8,29.2428,71.5479,completed,81711.05,50115.45,1.7496,8.60,0.0000,0.9667,0.6132,0.4235,1.8001,0.3428,0.4018,0.3021,,
43.7161,8,8,30.1862,73.9022,completed,81710.58,50117.99,1.7496,8.59,0.0000,0.2609,0.5635,1.7521,5.6196,4.0313,1.7390,0.7655,,
49.4209,7,7,29.1974,78.6175,completed,81710.58,50117.99,1.7496,8.59,0.0000,0.1029,1.1464,2.5214,1.5835,1.3667,0.6482,,,
51.2488,7,7,25.1892,76.4372,completed,81710.11,50120.52,1.7504,8.58,0.0000,0.5126,0.2337,1.1298,1.7821,1.4326,0.9262,,,
34.6968,9,9,45.8030,80.4990,completed,81710.11,50120.52,1.7504,8.58,0.0000,0.3198,0.1720,1.9980,10.5759,7.0463,1.6922,0.6510,0.2475,
34.5006,9,9,44.0331,78.5331,completed,81709.65,50122.95,1.7509,8.57,0.0000,0.2594,1.2534,0.5228,0.6654,1.3968,1.1591,0.7285,0.4432,
30.3548,10,10,52.0429,82.3970,completed,81709.65,50122.95,1.7509,8.57,0.0000,0.1786,0.6396,1.3536,3.1133,4.1934,2.1645,0.7124,0.3631,0.2807
23.2817,10,10,38.9636,62.2447,completed,81709.21,50125.35,1.7514,8.56,0.0000,0.3700,0.4949,0.6334,2.2974,1.8928,0.7896,0.5430,0.3245,0.3496
53.9722,6,6,28.4794,82.4514,completed,81709.21,50125.35,1.7514,8.56,0.0000,0.7764,2.1395,1.7296,1.0886,0.4546,,,,
58.3638,5,5,26.3130,84.6760,completed,81708.75,50127.89,1.7515,8.55,0.0000,1.1170,3.1834,2.9988,1.2740,,,,,
24.8756,10,10,51.9165,76.7915,completed,81708.75,50127.89,1.7515,8.55,0.0000,0.4386,1.1696,2.3345,2.3149,2.3038,0.8818,0.5196,0.2673,0.1463
35.7687,9,9,53.7942,89.5623,completed,81708.29,50130.43,1.7519,8.55,0.0000,0.4252,1.2361,1.7863,2.4750,2.0682,1.4107,0.6040,0.2596,
39.3939,9,9,42.3442,81.7372,completed,81708.29,50130.43,1.7519,8.55,0.0000,0.7030,1.8466,4.8036,3.8820,2.2701,1.2530,0.5760,0.1728,
45.1396,8,8,38.2872,83.4262,completed,81707.78,50133.21,1.7527,8.52,0.0000,0.8778,1.5087,6.7984,8.2787,3.2499,1.1225,0.1418,,
47.2720,7,7,28.4998,75.7708,completed,81707.78,50133.21,1.7527,8.52,0.0000,0.9201,2.4260,2.3184,1.8158,0.6658,0.3292,,,
28.9572,10,10,42.7060,71.6630,completed,81707.28,50135.99,1.7540,8.52,0.0000,0.8105,1.4851,0.3561,1.4784,0.5282,0.4427,0.3457,0.1371,0.2151
40.4703,8,8,33.3087,73.7787,completed,81707.28,50135.99,1.7540,8.52,0.0000,0.7605,0.9583,0.1295,1.4408,1.1302,0.5428,0.1395,,
27.5455,10,10,38.2693,65.8143,completed,81706.82,50138.44,1.7542,8.52,0.0000,0.4154,1.0344,0.3270,0.3252,1.6651,0.8523,0.3476,0.1074,0.1342
28.3844,10,10,48.7828,77.1668,completed,81706.82,50138.44,1.7542,8.52,0.0000,0.3185,0.9452,1.8330,2.2022,1.5760,0.9737,0.8655,0.4185,0.2286
56.4141,6,6,24.9776,81.3917,completed,81706.40,50140.68,1.7543,8.51,0.0000,1.1008,1.0298,0.6621,1.4253,0.6665,,,,
35.9718,9,9,43.0196,78.9906,completed,81706.40,50140.68,1.7543,8.51,0.0000,0.1640,0.1209,0.5156,0.7733,0.8293,0.3792,0.2184,0.1227,
52.8628,6,6,26.1482,79.0102,completed,81705.92,50143.31,1.7544,8.50,0.0000,0.8610,3.5751,1.3782,0.2029,0.1903,,,,
31.4546,10,10,41.4006,72.8546,converged,81705.92,50143.31,1.7544,8.50,0.0000,0.4895,0.2646,0.5465,1.1811,0.5297,0.2397,0.2865,0.1582,0.0874
34.5174,9,9,34.4788,69.0125,completed,81705.45,50145.82,1.7547,8.50,0.0000,0.6182,0.6040,0.1549,0.5531,0.2693,0.4196,0.3389,0.1421,
26.7359,10,3,11.0361,37.7712,converged,81705.45,50145.82,1.7547,8.50,0.0000,0.1064,0.0512,,,,,,,
36.7403,9,3,11.7656,48.5056,converged,81705.06,50147.92,1.7551,8.50,0.0000,0.1129,0.0825,,,,,,,
57.4713,6,6,28.3907,85.8617,completed,81705.06,50147.92,1.7551,8.50,0.0000,0.7941,0.4602,1.2928,0.2635,0.1483,,,,
46.7122,7,7,27.0647,73.7768,completed,81704.67,50150.01,1.7553,8.50,0.0000,0.8069,1.2072,1.2409,1.8655,1.1419,0.5195,,,
54.2047,6,6,24.6523,78.8564,completed,81704.67,50150.01,1.7553,8.50,0.0000,0.6686,0.1737,0.7100,1.1640,0.6224,,,,
56.1913,6,6,21.8170,78.0080,completed,81704.25,50152.27,1.7552,8.49,0.0000,0.8561,0.5835,0.4421,0.7513,0.3552,,,,
30.0832,10,10,40.4821,70.5652,completed,81704.25,50152.27,1.7552,8.49,0.0000,0.8803,0.5223,0.2621,1.1625,0.3622,0.5571,0.9097,0.5523,0.1794
29.1424,10,10,39.4101,68.5521,completed,81703.82,50154.62,1.7549,8.49,0.0000,0.6222,0.8754,0.7112,0.3369,0.2497,0.5692,0.3904,0.2559,0.1477
48.2344,7,7,27.6488,75.8829,completed,81703.82,50154.62,1.7549,8.49,0.0000,0.7471,3.9416,0.4405,1.5031,1.5538,0.6335,,,
25.9639,10,10,44.3898,70.3529,converged,81703.35,50157.14,1.7547,8.48,0.0000,0.4364,0.4199,0.1109,2.0057,1.5614,0.5508,0.2487,0.1342,0.0892
44.0143,8,8,30.3956,74.4096,converged,81703.35,50157.14,1.7547,8.48,0.0000,1.8196,0.4613,2.0380,0.7503,0.2694,0.2122,0.0898,,
29.2281,10,10,59.3190,88.5470,completed,81702.92,50159.49,1.7542,8.47,0.0000,0.5357,0.5864,0.3605,1.1848,1.1612,0.1861,0.2068,0.1486,0.1366
49.5986,7,7,35.8095,85.4075,converged,81702.92,50159.49,1.7542,8.47,0.0000,0.8343,1.4475,2.6829,0.6222,0.1460,0.0819,,,
31.2677,10,4,18.5029,49.7699,converged,81702.39,50162.34,1.7550,8.47,0.0000,0.2024,0.2427,0.0996,,,,,,
27.4632,10,10,36.4924,63.9555,completed,81702.39,50162.34,1.7550,8.47,0.0000,0.3097,0.8324,2.3199,2.0177,1.4109,1.4176,1.1547,0.3792,0.1066
50.8144,7,7,30.6188,81.4328,completed,81701.95,50164.68,1.7550,8.47,0.0000,0.1806,0.5898,1.3026,0.2162,0.5974,0.3296,,,
31.7391,10,10,32.3712,64.1102,converged,81701.95,50164.68,1.7550,8.47,0.0000,0.2944,1.0282,1.6489,1.4292,0.3960,0.2920,0.2066,0.1039,0.0871
30.2121,10,10,38.1647,68.3767,completed,81701.52,50167.02,1.7557,8.46,0.0000,0.2100,0.3361,0.8806,1.7014,0.7026,0.2273,0.5392,0.3640,0.1957
20.7463,10,10,43.4393,64.1853,completed,81701.52,50167.02,1.7557,8.46,0.0000,0.9713,0.1082,0.9853,1.7192,0.6990,0.3723,0.5935,0.3590,0.1819
21.6039,10,10,34.4583,56.0613,completed,81701.11,50169.27,1.7546,8.46,0.0000,0.6105,0.3698,0.4613,1.0818,0.2559,0.5074,0.4742,0.2229,0.1151
43.3289,8,6,21.7523,65.0804,converged,81701.11,50169.27,1.7546,8.46,0.0000,7.3527,4.1460,3.4746,2.8901,0.0932,,,,
33.1233,10,10,42.4205,75.5436,completed,81700.72,50171.35,1.7551,8.46,0.0000,1.9282,1.9335,2.9167,4.0881,1.3246,0.2822,0.5927,0.2272,0.1347
44.4267,8,8,30.7699,75.1959,completed,81700.72,50171.35,1.7551,8.46,0.0000,7.3918,5.1287,6.4593,6.9648,1.0530,0.8884,0.5765,,
57.0895,6,6,33.4147,90.5037,completed,81700.28,50173.69,1.7554,8.45,0.0000,3.4755,0.7508,0.3302,1.6791,1.1989,,,,
38.7356,9,9,39.0122,77.7473,completed,81700.28,50173.69,1.7554,8.45,0.0000,3.0593,1.9419,10.2945,8.1101,3.5214,1.7347,0.8350,0.3579,
33.2631,10,10,47.2862,80.5493,completed,81699.82,50176.19,1.7548,8.44,0.0000,0.8380,0.2531,0.7869,1.0319,0.1032,0.3336,0.4268,0.2568,0.1083
54.5825,6,6,23.2119,77.7940,completed,81699.82,50176.19,1.7548,8.44,0.0000,0.9898,11.2885,10.0251,3.9612,1.7062,,,,
37.1746,9,9,40.0149,77.1890,completed,81699.42,50178.32,1.7558,8.37,0.0000,6.7002,7.8570,3.0378,7.2158,0.4139,0.1016,0.1550,0.1756,
38.2438,9,9,34.6503,72.8933,completed,81699.42,50178.32,1.7558,8.37,0.0000,4.8932,0.8506,12.7132,8.9048,3.4928,1.2904,0.7968,0.8003,
35.4899,9,9,33.1927,68.6818,completed,81698.94,50180.86,1.7585,8.19,0.0000,0.7345,2.8399,3.9021,7.2255,5.5278,1.4239,0.3890,0.2050,
23.9495,10,10,47.6989,71.6479,completed,81698.94,50180.86,1.7585,8.19,0.0000,8.6793,8.3215,5.3104,24.4377,8.1961,0.6481,0.7215,0.2000,0.1228
28.1045,10,10,44.0591,72.1631,completed,81698.50,50183.02,1.7952,8.06,0.0000,1.3271,0.9347,6.2197,2.5972,0.4413,0.5179,0.6950,0.3433,0.2478
36.3214,9,9,38.8043,75.1253,completed,81698.50,50183.02,1.7952,8.06,0.0000,0.4400,0.8510,1.0792,0.1055,0.5944,0.1722,0.2896,0.1988,
32.1699,10,10,46.0664,78.2354,converged,81697.98,50185.18,1.8142,7.91,0.0000,0.2440,0.3883,1.1419,0.8826,0.1107,0.1816,0.5130,0.2608,0.0956
46.3545,7,7,43.4934,89.8475,completed,81697.98,50185.18,1.8142,7.91,0.0000,0.1925,0.3160,0.1470,0.3035,0.8051,0.4978,,,
26.0053,10,3,14.8580,40.8631,converged,81697.43,50187.48,1.8000,7.91,0.0000,0.1195,0.0174,,,,,,,
20.0596,10,10,47.4977,67.5567,completed,81697.43,50187.48,1.8000,7.91,0.0000,0.1812,0.2846,0.3340,0.1148,0.8732,0.5600,0.5464,0.2530,0.1563
52.8629,6,6,29.0771,81.9391,completed,81696.95,50189.64,1.7837,7.98,0.0000,0.2840,1.0683,0.5227,0.4299,0.2416,,,,
39.6314,9,4,16.2139,55.8449,converged,81696.95,50189.64,1.7837,7.98,0.0000,0.2161,0.2980,0.0476,,,,,,
37.2388,9,9,42.0573,79.2954,completed,81696.55,50191.51,1.7758,8.05,0.0000,0.2941,0.4872,0.8560,0.6298,0.1739,0.7155,0.6551,0.3749,
40.9250,8,8,40.6355,81.5595,completed,81696.55,50191.51,1.7758,8.05,0.0000,0.2961,0.4121,0.1780,0.5152,0.5236,0.9926,0.4766,,
42.4517,8,8,33.9728,76.4239,completed,81696.07,50193.89,1.7675,8.14,0.0000,0.3495,0.4454,0.7019,0.2278,0.2800,0.3415,0.2279,,
42.0907,8,3,10.6235,52.7135,converged,81696.07,50193.89,1.7675,8.14,0.0000,0.2079,0.0658,,,,,,,
42.8143,8,8,42.2218,85.0358,completed,81695.66,50195.96,1.7624,8.21,0.0000,4.1677,8.7654,30.0275,2.0917,0.8128,1.4326,0.7211,,
30.1512,10,10,36.3321,66.4831,completed,81695.66,50195.96,1.7624,8.21,0.0000,1.4919,0.2539,8.2992,15.2407,2.7306,0.7830,0.6861,0.4069,0.2879
30.2697,10,10,41.9914,72.2604,completed,81695.24,50198.14,1.7577,8.26,0.0000,5.2918,10.4707,23.5073,5.6806,0.9010,0.4368,1.1635,0.6825,0.2686
38.9843,9,9,30.1820,69.1661,completed,81695.24,50198.14,1.7577,8.26,0.0000,3.6975,6.6546,18.4908,13.5725,0.7545,0.4083,0.2525,0.1416,
26.6223,10,10,34.5631,61.1851,completed,81694.78,50200.57,1.7553,8.22,0.0000,9.8615,18.8849,23.5291,4.8820,6.3016,3.9325,0.6869,0.2745,0.2656
41.2262,8,8,43.0076,84.2336,completed,81694.78,50200.57,1.7553,8.22,0.0000,2.1183,2.5397,6.7594,9.7881,1.3355,0.8170,0.2401,,
47.6539,7,7,33.5932,81.2463,completed,81694.34,50202.89,1.7596,8.23,0.0000,1.6095,2.5807,13.9398,3.8226,2.2400,0.4497,,,
46.4062,7,7,39.1264,85.5325,completed,81694.34,50202.89,1.7596,8.23,0.0000,7.4294,13.0507,6.6474,0.9575,0.5942,0.1944,,,
49.6440,7,7,28.7557,78.3997,completed,81693.86,50205.41,1.7534,8.26,0.0000,3.6602,5.8814,5.1455,0.5379,0.1006,0.1150,,,
31.3381,10,10,37.7177,69.0558,converged,81693.86,50205.41,1.7534,8.26,0.0000,1.9080,2.9851,3.7041,2.3394,1.2407,0.4274,0.3674,0.1431,0.0460
39.0260,9,9,36.2623,75.2884,completed,81693.46,50207.60,1.7435,8.28,0.0000,2.6235,2.8194,1.8518,2.5296,1.1974,0.9347,0.6005,0.1304,
22.3680,10,10,50.0995,72.4665,converged,81693.46,50207.60,1.7435,8.28,0.0000,1.8729,3.3407,4.3604,3.4111,1.2403,0.4632,0.5921,0.2966,0.0952
33.8931,10,10,44.3815,78.2745,converged,81693.06,50209.89,1.7450,8.30,0.0000,1.5881,2.1267,2.1840,3.2984,2.5300,0.6641,0.3367,0.1517,0.0783
57.7164,6,6,36.2955,94.0115,completed,81693.06,50209.89,1.7450,8.30,0.0000,2.4024,4.9645,4.9270,0.7776,0.2569,,,,
20.8898,10,10,54.7342,75.6233,completed,81692.58,50212.59,1.7437,8.32,0.0000,0.3947,0.2681,0.2164,2.3790,2.1094,0.8489,0.6845,0.3347,0.1305
36.0832,9,9,45.1429,81.2259,completed,81692.58,50212.59,1.7437,8.32,0.0000,0.5523,0.6869,0.2228,2.8497,1.2476,0.8820,0.5637,0.1018,
48.2118,7,7,32.1654,80.3765,completed,81692.12,50215.20,1.7433,8.32,0.0000,6.4484,8.4756,7.0071,2.9202,1.8466,0.5952,,,
28.8081,10,10,42.8334,71.6414,completed,81692.12,50215.20,1.7433,8.32,0.0000,0.5557,0.8021,0.3310,1.8515,3.8475,0.3879,0.4491,0.2602,0.1767
47.5368,7,7,26.6579,74.1939,completed,81691.69,50217.66,1.7438,8.32,0.0000,1.3602,0.6150,1.9965,1.1160,0.6844,0.1879,,,
32.4690,10,10,44.8213,77.2893,converged,81691.69,50217.66,1.7438,8.32,0.0000,0.7785,1.2807,1.2744,1.7146,4.9461,0.8526,0.4485,0.1331,0.0584
43.0797,8,8,42.3419,85.4209,completed,81691.29,50220.01,1.7419,8.33,0.0000,1.1628,1.5215,1.3989,2.9741,1.3039,1.5924,0.6217,,
53.2890,6,6,37.5025,90.7906,completed,81691.29,50220.01,1.7419,8.33,0.0000,1.7094,1.1482,5.0262,1.8237,0.4807,,,,
49.7809,7,7,30.6063,80.3863,completed,81690.84,50222.58,1.7432,8.34,0.0000,2.3374,6.8264,2.9937,2.7607,0.4672,0.2496,,,
34.5660,9,9,47.1326,81.6976,completed,81690.84,50222.58,1.7432,8.34,0.0000,1.1148,1.3070,0.5766,3.3545,2.7090,1.1304,0.7642,0.2099,
48.9351,7,7,28.6516,77.5866,completed,81690.45,50224.80,1.7438,8.34,0.0000,1.4833,5.1044,2.1754,0.6521,0.1816,0.1703,,,
35.4842,9,9,52.2693,87.7533,completed,81690.45,50224.80,1.7438,8.34,0.0000,1.1205,1.5076,0.9410,3.0674,2.0562,1.3358,0.7895,0.1925,
47.0460,7,7,40.7081,87.7531,completed,81689.97,50227.54,1.7437,8.34,0.0000,0.2530,1.0135,9.4086,8.8906,1.8903,0.6353,,,
23.9663,10,10,56.9837,80.9498,converged,81689.97,50227.54,1.7437,8.34,0.0000,0.5633,0.5248,0.5071,0.4271,0.4082,1.1482,0.9539,0.2510,0.0929
44.8626,8,8,31.6678,76.5299,completed,81689.55,50229.97,1.7440,8.34,0.0000,0.2591,0.5976,1.2312,0.4757,1.6781,1.6202,0.6642,,
51.8959,7,7,27.4480,79.3430,completed,81689.55,50229.97,1.7440,8.34,0.0000,1.2435,1.4685,1.6499,2.1370,1.1289,0.3320,,,
45.6351,8,8,28.0035,73.6386,completed,81689.16,50232.17,1.7450,8.34,0.0000,0.7867,0.2638,1.6319,11.0799,5.7502,0.7104,0.2819,,
23.5309,10,9,31.0316,54.5617,converged,81689.16,50232.17,1.7450,8.34,0.0000,0.7515,1.1224,1.1431,1.6645,2.4856,1.0041,0.3112,0.0539,
37.0028,9,9,32.9718,69.9739,completed,81688.76,50234.47,1.7451,8.34,0.0000,1.4293,1.3831,0.3993,2.2049,1.4938,1.5204,0.2942,0.1477,
41.3918,8,8,28.8473,70.2383,completed,81688.76,50234.47,1.7451,8.34,0.0000,1.3044,1.9086,1.9704,2.1104,1.3094,0.8041,0.3412,,
59.8360,5,5,19.7476,79.5836,completed,81688.35,50236.76,1.7464,8.34,0.0000,2.0338,0.8145,0.5945,0.3983,,,,,
47.9735,7,7,30.7573,78.7303,completed,81688.35,50236.76,1.7464,8.34,0.0000,0.8758,1.2402,0.9382,2.8875,1.1059,0.2679,,,
37.2812,9,9,47.7949,85.0760,completed,81687.89,50239.27,1.7476,8.33,0.0000,1.2432,0.7433,9.3598,3.1097,0.4675,0.5011,0.5151,0.4537,
23.6970,10,10,45.2134,68.9104,completed,81687.89,50239.27,1.7476,8.33,0.0000,0.6474,0.8698,0.8922,1.1006,0.9891,0.7306,0.5040,0.3942,0.1107
57.8980,6,6,34.8991,92.7962,completed,81687.50,50241.45,1.7478,8.33,0.0000,0.3737,3.3628,3.1760,1.2361,0.2182,,,,
33.0690,10,10,42.0020,75.0711,completed,81687.50,50241.45,1.7478,8.33,0.0000,0.2617,0.2581,0.2243,0.8208,1.4151,0.9071,0.3613,0.4060,0.2181
30.5733,10,8,28.2066,58.7796,converged,81687.06,50243.88,1.7477,8.33,0.0000,0.6318,0.8080,0.8211,0.1984,0.1849,0.2255,0.0962,,
59.4821,5,5,26.3714,85.8534,completed,81687.06,50243.88,1.7477,8.33,0.0000,0.8873,1.4909,1.6701,0.7409,,,,,
31.7034,10,10,41.1219,72.8250,completed,81686.65,50246.10,1.7477,8.33,0.0000,0.4206,0.5445,0.5514,0.4589,0.3455,0.2349,0.2269,0.3922,0.2074
37.8553,9,9,38.7473,76.6023,completed,81686.65,50246.10,1.7477,8.33,0.0000,0.3425,0.4255,0.4429,0.7993,1.0105,0.2488,0.2609,0.1597,
40.2348,8,8,28.8123,69.0463,completed,81686.21,50248.56,1.7477,8.34,0.0000,0.3704,0.3326,0.1910,0.4408,0.2922,0.5156,0.4006,,
42.0935,8,8,31.9756,74.0687,completed,81686.21,50248.56,1.7477,8.34,0.0000,0.2961,0.4478,0.6709,0.7152,0.6689,0.2830,0.2694,,
47.5479,7,7,27.6574,75.2044,completed,81685.81,50250.86,1.7470,8.34,0.0000,0.1528,1.7627,1.2674,0.5206,1.3033,0.8008,,,
51.3367,7,7,24.5848,75.9209,completed,81685.81,50250.86,1.7470,8.34,0.0000,0.2563,0.7127,0.6112,0.5673,0.3196,0.4102,,,
29.9339,10,10,44.1952,74.1283,completed,81685.40,50253.16,1.7468,8.34,0.0000,0.3618,0.1733,0.4801,0.5130,0.3649,0.3083,0.5818,0.7911,0.5371
51.7110,7,7,34.4754,86.1855,completed,81685.40,50253.16,1.7468,8.34,0.0000,0.3851,0.6784,0.5457,0.7485,0.3753,0.3618,,,
52.7618,6,6,38.3621,91.1232,completed,81684.98,50255.55,1.7462,8.34,0.0000,1.4346,19.7030,3.2775,1.4793,1.0945,,,,
26.6037,10,10,41.9651,68.5682,completed,81684.98,50255.55,1.7462,8.34,0.0000,0.2082,0.3839,0.5409,0.2207,0.3931,0.6924,0.2801,0.2975,0.2769
20.4863,10,10,41.3473,61.8334,completed,81684.59,50257.73,1.7467,8.34,0.0000,0.3892,0.6700,0.5514,0.8016,0.2754,0.2627,1.0628,0.8346,0.5136
55.8255,6,6,37.1504,92.9755,completed,81684.59,50257.73,1.7467,8.34,0.0000,0.4576,0.6429,0.3673,0.5981,0.3359,,,,
45.4054,8,8,29.9596,75.3646,completed,81684.14,50260.24,1.7470,8.34,0.0000,12.4025,16.1362,29.5896,10.2274,1.7506,0.2768,0.2698,,
23.9716,10,10,43.5348,67.5059,completed,81684.14,50260.24,1.7470,8.34,0.0000,0.1938,0.4023,0.6941,0.2060,0.1754,0.4475,0.2636,0.3371,0.3325
58.2645,5,5,20.4363,78.7003,completed,81683.73,50262.51,1.7464,8.34,0.0000,1.2273,7.9444,2.0843,0.4130,,,,,
38.0500,9,9,42.5204,80.5705,completed,81683.73,50262.51,1.7464,8.34,0.0000,0.3504,0.4167,1.5298,0.5385,0.4722,0.4014,0.7801,0.5306,
22.6504,10,7,40.0503,62.7004,converged,81683.29,50264.97,1.7474,8.33,0.0000,0.2001,0.1907,1.3834,4.0988,2.2570,0.0667,,,
40.9401,8,8,35.8156,76.7557,completed,81683.29,50264.97,1.7474,8.33,0.0000,0.8479,4.3990,1.1314,1.0900,0.5322,0.5293,0.3791,,
51.1796,7,7,47.0566,98.2356,completed,81682.92,50267.04,1.7476,8.33,0.0000,2.3509,3.5994,7.3757,5.6510,0.4771,0.1208,,,
53.8972,6,6,28.8291,82.7261,completed,81682.92,50267.04,1.7476,8.33,0.0000,2.2395,5.8201,0.9650,0.5410,0.6299,,,,
32.8847,10,10,39.7718,72.6559,completed,81682.44,50269.73,1.7472,8.32,0.0000,0.8216,1.2382,1.1105,6.4622,4.6676,0.5517,0.5020,0.4019,0.3984
43.5841,8,8,47.4096,90.9937,completed,81682.44,50269.73,1.7472,8.32,0.0000,2.7826,11.4120,9.5204,1.9567,1.2254,0.9234,0.5702,,
36.2251,9,9,40.4791,76.7042,completed,81681.97,50272.34,1.7474,8.22,0.0000,0.9175,2.4851,0.9433,7.1570,3.7596,0.1359,0.6269,0.3830,
31.2844,10,10,43.4183,74.7023,completed,81681.97,50272.34,1.7474,8.22,0.0000,4.8931,11.3436,13.3351,5.7943,3.4085,2.3837,1.3995,0.4451,0.2416
53.5751,6,6,24.3566,77.9316,completed,81681.57,50274.58,1.7472,8.04,0.0000,0.1913,1.2424,6.1521,1.5374,0.1318,,,,
53.2723,6,6,27.0525,80.3246,completed,81681.57,50274.58,1.7472,8.04,0.0000,5.1490,7.9983,7.6309,2.9815,1.2271,,,,
49.6747,7,7,33.0812,82.7552,completed,81681.16,50276.91,1.7506,7.74,0.0000,0.2911,0.4780,8.1014,4.0762,0.4982,0.3241,,,
32.5737,10,10,38.9594,71.5325,completed,81681.16,50276.91,1.7506,7.74,0.0000,1.0894,1.6529,6.4503,6.5126,3.7744,0.6503,0.7360,0.3777,0.3275
33.3730,10,10,47.7454,81.1184,completed,81680.76,50278.99,1.7622,7.50,0.0000,0.4992,1.1765,0.2086,7.0321,4.3520,2.2816,0.2562,0.4076,0.2955
55.7747,6,6,32.1920,87.9660,completed,81680.76,50278.99,1.7622,7.50,0.0000,4.1727,2.7583,4.3489,1.4196,0.8509,,,,
44.7950,8,8,39.8225,84.6176,completed,81680.35,50281.12,1.7597,7.43,0.0000,1.3283,2.0928,3.2274,2.0164,1.8749,0.8694,0.5367,,
53.6888,6,6,25.2165,78.9045,completed,81680.35,50281.12,1.7597,7.43,0.0000,1.1407,6.9265,8.5559,1.7471,0.5026,,,,
49.4396,7,7,28.7189,78.1579,completed,81679.93,50283.37,1.7568,7.39,0.0000,1.2173,0.6880,5.2492,2.5098,0.8370,0.3883,,,
54.4409,6,6,21.1882,75.6282,completed,81679.93,50283.37,1.7568,7.39,0.0000,4.3346,2.8630,8.8571,3.7930,1.3638,,,,
34.1203,9,9,38.2124,72.3325,completed,81679.56,50285.33,1.7558,7.42,0.0000,1.7347,2.3299,2.3042,6.2515,3.8914,0.5545,0.4460,0.3508,
56.6590,6,6,26.8547,83.5127,completed,81679.56,50285.33,1.7558,7.42,0.0000,1.8606,4.3793,6.8473,2.1085,0.5722,,,,
32.7076,10,10,64.8458,97.5528,completed,81679.11,50287.76,1.7551,7.65,0.0000,1.3951,1.5047,0.8527,7.8181,5.2362,1.8222,0.2591,0.4897,0.4055
30.1794,10,10,43.1816,73.3609,completed,81679.11,50287.76,1.7551,7.65,0.0000,1.3403,2.2953,0.3261,5.9892,5.1764,2.0275,0.4372,0.3733,0.3296
50.7133,7,7,35.2020,85.9150,completed,81678.72,50289.85,1.7548,7.89,0.0000,5.5423,11.1724,6.8408,3.8072,1.5616,0.7158,,,
47.0097,7,7,31.0870,78.0960,completed,81678.72,50289.85,1.7548,7.89,0.0000,2.8179,5.5260,3.6642,2.1966,0.9403,0.5517,,,
51.2157,7,7,36.3229,87.5379,completed,81678.28,50292.21,1.7541,8.09,0.0000,1.6991,1.5248,9.3220,1.3275,0.4707,0.3483,,,
41.0320,8,8,41.0431,82.0751,completed,81678.28,50292.21,1.7541,8.09,0.0000,4.0540,7.5344,1.9394,5.1369,0.5326,0.4756,0.3146,,
34.2835,9,9,44.5018,78.7848,completed,81677.79,50294.79,1.7541,8.24,0.0000,0.7999,0.2993,3.1362,4.2847,0.4234,0.2799,0.3490,0.5563,
45.0180,8,8,42.1419,87.1589,completed,81677.79,50294.79,1.7541,8.24,0.0000,1.5828,0.3311,8.2680,4.9026,1.3234,0.2565,0.3020,,
44.8073,8,8,39.8056,84.6127,completed,81677.37,50297.10,1.7528,8.34,0.0000,1.1092,1.2226,3.3527,1.6381,0.7436,0.5764,0.6161,,
46.7608,7,7,30.0454,76.8054,completed,81677.37,50297.10,1.7528,8.34,0.0000,2.5647,3.5798,5.0532,2.0139,0.6936,0.4598,,,
36.1626,9,9,38.1261,74.2881,completed,81676.92,50299.54,1.7523,8.40,0.0000,0.9368,1.6683,0.6574,3.5245,0.2451,0.8392,0.6211,0.4943,
38.6851,9,9,50.0874,88.7725,completed,81676.92,50299.54,1.7523,8.40,0.0000,1.2363,1.5478,3.1061,7.3255,1.7175,0.2889,0.2769,0.3360,
38.7528,9,9,34.6405,73.3926,completed,81676.51,50301.78,1.7516,8.43,0.0000,1.7471,1.0953,4.5549,6.0922,0.9654,0.5202,0.4227,0.3349,
56.1737,6,6,29.6757,85.8488,completed,81676.51,50301.78,1.7516,8.43,0.0000,2.1520,3.0575,4.8261,2.1773,0.7875,,,,
24.8992,10,10,37.2019,62.1009,completed,81676.00,50304.52,1.7506,8.44,0.0000,2.4878,2.9305,2.7032,10.0136,3.6540,0.4495,0.4745,0.5541,0.4265
56.7480,6,6,28.9668,85.7148,completed,81676.00,50304.52,1.7506,8.44,0.0000,2.5542,1.5107,1.7762,1.3555,0.7549,,,,
33.0984,10,10,42.9333,76.0314,completed,81675.60,50306.76,1.7500,8.44,0.0000,1.3709,1.2059,3.7961,9.4635,1.5519,0.3208,0.3291,0.2458,0.4945
58.7123,5,5,26.5521,85.2641,completed,81675.60,50306.76,1.7500,8.44,0.0000,1.3642,1.7108,1.0674,0.5028,,,,,
20.9420,10,10,57.9540,78.8951,completed,81675.18,50309.08,1.7497,8.44,0.0000,1.3025,1.1331,3.1460,6.4564,0.3626,0.4255,0.1207,0.3859,0.4530
30.6778,10,10,41.9943,72.6713,completed,81675.18,50309.08,1.7497,8.44,0.0000,1.8598,3.7988,7.0101,13.8033,7.8282,1.8607,0.8225,0.4470,0.3246
23.0867,10,10,42.8299,65.9159,completed,81674.70,50311.74,1.7502,8.43,0.0000,0.1905,0.3162,0.6345,1.2857,0.4767,0.7139,0.5030,0.4699,0.3454
37.1226,9,9,34.4156,71.5376,completed,81674.70,50311.74,1.7502,8.43,0.0000,1.9383,3.0097,2.5794,9.3749,1.5291,0.6512,0.3298,0.2443,
50.4435,7,7,25.1317,75.5747,completed,81674.28,50314.07,1.7503,8.43,0.0000,0.3973,0.3623,0.2849,0.7595,1.2203,0.8365,,,
21.3565,10,10,39.4443,60.8003,completed,81674.28,50314.07,1.7503,8.43,0.0000,0.7595,0.6209,0.6405,2.9702,2.6058,0.6066,0.8294,0.4885,0.3547
50.3767,7,5,16.9216,67.2977,converged,81673.90,50316.15,1.7507,8.42,0.0000,0.1544,0.4240,0.4225,0.0992,,,,,
53.9119,6,6,25.2669,79.1780,completed,81673.90,50316.15,1.7507,8.42,0.0000,1.5568,2.0909,4.8635,1.2892,0.2209,,,,
41.2171,8,8,30.2369,71.4539,completed,81673.45,50318.64,1.7503,8.41,0.0000,0.3649,0.9217,2.9444,0.1774,0.1156,0.5777,0.4487,,
52.0779,6,6,25.1915,77.2686,completed,81673.45,50318.64,1.7503,8.41,0.0000,1.8223,0.8969,3.7906,0.6462,0.2255,,,,
34.2593,9,9,38.2047,72.4637,completed,81673.00,50321.12,1.7502,8.40,0.0000,0.1507,0.2156,1.2502,1.8815,0.4571,0.1616,0.4157,0.3444,
58.9927,5,5,24.8133,83.8053,completed,81673.00,50321.12,1.7502,8.40,0.0000,0.8865,2.4003,2.4004,0.9029,,,,,
40.6287,8,8,35.0621,75.6901,completed,81672.59,50323.36,1.7501,8.40,0.0000,0.1505,0.1900,1.4281,0.9360,0.3068,0.4130,0.3781,,
34.6420,9,9,36.9101,71.5522,completed,81672.59,50323.36,1.7501,8.40,0.0000,0.5251,0.9127,0.9472,0.5405,1.3047,0.9137,0.5505,0.4800,
33.4056,10,10,49.7309,83.1359,completed,81672.14,50325.84,1.7500,8.40,0.0000,0.1026,0.1934,0.8891,1.3383,1.6837,0.9682,0.6285,0.5648,0.3270
52.4424,6,6,23.5337,75.9757,completed,81672.14,50325.84,1.7500,8.40,0.0000,0.1901,0.4742,0.9092,0.6241,0.6466,,,,
43.1579,8,8,29.8326,72.9897,completed,81671.72,50328.16,1.7498,8.40,0.0000,0.5687,0.6980,0.7472,1.1750,0.7715,0.6843,0.6103,,
44.7177,8,8,27.3898,72.1068,completed,81671.72,50328.16,1.7498,8.40,0.0000,0.1943,0.4480,0.5978,0.8275,0.6393,0.6238,0.4371,,
44.2054,8,8,35.5104,79.7155,completed,81671.30,50330.47,1.7497,8.40,0.0000,0.2492,0.2931,0.8329,0.3667,0.9650,0.9815,0.5686,,
34.2229,9,9,33.0654,67.2875,completed,81671.30,50330.47,1.7497,8.40,0.0000,0.1411,0.1691,0.2301,0.9613,1.6008,1.3551,0.7315,0.4581,
29.4702,10,10,35.5551,65.0251,completed,81670.90,50332.71,1.7496,8.39,0.0000,0.1406,0.1515,0.4846,1.3639,0.6387,0.3497,0.6580,0.3820,0.3293
50.2300,7,7,34.6169,84.8460,completed,81670.90,50332.71,1.7496,8.39,0.0000,0.2389,0.1683,1.1464,1.6119,1.4182,0.7410,,,
56.8171,6,6,34.4876,91.3047,completed,81670.44,50335.23,1.7492,8.39,0.0000,0.4409,0.7144,1.1114,0.4093,0.3732,,,,
28.8786,10,10,50.4367,79.3147,completed,81670.44,50335.23,1.7492,8.39,0.0000,0.2155,0.3024,0.3442,0.3082,0.9472,0.5683,0.3339,0.4073,0.3240
47.9312,7,7,31.2773,79.2083,completed,81670.00,50337.67,1.7489,8.39,0.0000,0.3657,0.6761,0.4946,1.3307,0.1984,0.3093,,,
21.1214,10,10,45.8770,66.9981,completed,81670.00,50337.67,1.7489,8.39,0.0000,0.1785,0.1583,0.2455,1.1315,2.0035,1.4887,1.0636,0.6299,0.4624
33.5385,10,10,42.7227,76.2607,completed,81669.60,50339.89,1.7490,8.39,0.0000,0.1403,0.2660,0.5504,0.8613,1.0055,0.7263,0.3019,0.1088,0.2806
52.5331,6,6,34.0600,86.5931,completed,81669.60,50339.89,1.7490,8.39,0.0000,0.3618,0.2779,0.4854,0.8022,0.6116,,,,
39.9586,9,9,32.9107,72.8688,completed,81669.15,50342.37,1.7493,8.39,0.0000,0.1603,0.1787,0.1680,1.6446,1.7015,1.8049,0.9796,0.5406,
55.2333,6,6,34.1365,89.3695,completed,81669.15,50342.37,1.7493,8.39,0.0000,0.5658,0.4721,2.0830,1.4122,0.3236,,,,
35.7632,9,5,17.7590,53.5221,converged,81668.69,50344.89,1.7494,8.39,0.0000,0.2632,0.3169,0.2780,0.0792,,,,,
31.1772,10,10,42.7572,73.9342,completed,81668.69,50344.89,1.7494,8.39,0.0000,0.3806,0.4237,0.2245,0.1905,0.6820,1.0070,0.6774,0.2989,0.3208
42.1643,8,8,45.2923,87.4563,completed,81668.30,50347.06,1.7494,8.39,0.0000,0.3218,0.5673,1.2033,1.7734,2.0161,0.9348,0.1095,,
28.7407,10,10,47.6742,76.4142,completed,81668.30,50347.06,1.7494,8.39,0.0000,0.2356,0.2462,0.2507,1.3362,3.0655,1.8959,1.2065,0.5596,0.4182
23.0730,10,10,45.4069,68.4799,completed,81667.86,50349.47,1.7495,8.38,0.0000,0.1156,0.1509,0.1346,0.1001,0.5414,0.5954,0.7620,0.4770,0.4044
25.6480,10,10,43.4422,69.0902,completed,81667.86,50349.47,1.7495,8.38,0.0000,0.2197,0.2516,0.2442,0.4730,1.9812,1.8986,1.0835,0.1425,0.2630
30.6074,10,10,53.6788,84.2858,completed,81667.46,50351.70,1.7498,8.38,0.0000,0.2062,0.2716,0.3063,0.2603,1.0038,0.9432,0.3575,0.3394,0.3940
43.4780,8,8,44.8041,88.2822,completed,81667.46,50351.70,1.7498,8.38,0.0000,0.3024,0.2542,0.4163,1.4895,1.1824,0.7087,0.5279,,
49.7539,7,7,36.8748,86.6278,completed,81667.01,50354.17,1.7489,8.38,0.0000,0.2493,0.3416,0.1409,0.5645,0.6079,0.4865,,,
50.8921,7,7,26.9382,77.8303,completed,81667.01,50354.17,1.7489,8.38,0.0000,0.3468,0.1896,0.7846,1.0590,1.1772,0.7062,,,
37.4856,9,9,34.4985,71.9835,completed,81666.57,50356.65,1.7487,8.38,0.0000,0.1142,0.1923,0.2230,0.7775,1.5640,1.9455,0.7922,0.3529,
28.6031,10,10,47.0229,75.6259,completed,81666.57,50356.65,1.7487,8.38,0.0000,0.2612,0.2909,0.1373,0.3505,0.7225,0.6561,0.5097,0.4327,0.4662
46.0930,7,7,38.2949,84.3870,completed,81666.14,50359.03,1.7494,8.38,0.0000,0.3526,0.4954,1.3349,2.3106,1.4591,0.2660,,,
55.6459,6,6,25.2348,80.8798,completed,81666.14,50359.03,1.7494,8.38,0.0000,0.5623,0.3587,0.7428,0.7682,0.6066,,,,
31.9522,10,10,35.4751,67.4271,completed,81665.67,50361.60,1.7496,8.38,0.0000,0.1368,0.1838,0.3088,0.6524,1.3727,1.2775,0.5588,0.1649,0.1174
40.8946,8,8,34.8767,75.7708,completed,81665.67,50361.60,1.7496,8.38,0.0000,0.4090,0.4793,0.5392,0.7057,0.5126,0.3172,0.3504,,
57.9103,6,6,20.7823,78.6923,completed,81665.27,50363.82,1.7497,8.37,0.0000,0.3186,0.7309,1.7429,1.3514,0.4013,,,,
30.4557,10,10,43.0767,73.5317,completed,81665.27,50363.82,1.7497,8.37,0.0000,0.2614,0.2925,0.2239,0.1583,0.2908,0.4821,0.2390,0.2477,0.3652
36.8073,9,9,31.8242,68.6312,completed,81664.82,50366.29,1.7499,8.37,0.0000,0.1154,0.1090,0.1033,0.2477,0.6675,1.1357,0.6907,0.5020,
46.0318,7,7,25.8639,71.8950,completed,81664.82,50366.29,1.7499,8.37,0.0000,0.3877,0.2959,0.5295,0.1272,0.5573,0.5073,,,
54.4250,6,6,25.8792,80.3032,converged,81664.40,50368.61,1.7501,8.37,0.0000,0.2993,0.4533,0.9347,0.5363,0.0877,,,,
31.8030,10,10,41.2752,73.0772,completed,81664.40,50368.61,1.7501,8.37,0.0000,0.2751,0.2899,0.2506,0.5489,1.4872,1.6785,1.0689,0.1588,0.2482
43.0604,8,8,43.1604,86.2205,completed,81663.99,50370.85,1.7504,8.37,0.0000,0.1257,0.1743,0.4783,0.6684,0.7548,0.4445,0.2187,,
45.3207,8,8,29.7541,75.0742,completed,81663.99,50370.85,1.7504,8.37,0.0000,0.1924,0.1373,0.3217,3.0370,2.5185,1.5362,0.8559,,
36.3189,9,3,10.5308,46.8488,converged,81663.60,50373.04,1.7503,8.37,0.0000,0.0573,0.0596,,,,,,,
25.2549,10,10,49.8510,75.1050,completed,81663.60,50373.04,1.7503,8.37,0.0000,0.0924,0.1170,0.4113,0.4707,1.3054,1.4686,1.0093,0.6509,0.5008
36.3883,9,9,45.5845,81.9726,completed,81663.18,50375.35,1.7507,8.37,0.0000,0.0496,0.3115,0.7575,0.7832,0.7772,1.5366,0.9497,0.6523,
37.8598,9,9,35.5315,73.3905,completed,81663.18,50375.35,1.7507,8.37,0.0000,0.1224,0.1079,0.1823,0.5842,0.4834,0.8432,0.6455,0.5273,
24.0137,10,9,35.9247,59.9377,converged,81662.76,50377.66,1.7511,8.37,0.0000,0.1554,0.1873,0.3175,0.5968,0.6845,0.8060,0.3002,0.0668,
43.6144,8,8,32.2091,75.8231,completed,81662.76,50377.66,1.7511,8.37,0.0000,0.1344,0.1023,0.2565,0.9404,0.7976,0.4853,0.2035,,
56.0144,6,6,27.0661,83.0802,completed,81662.39,50379.73,1.7516,8.37,0.0000,0.0619,0.7009,0.5585,1.5478,0.7762,,,,
34.3642,9,9,30.5955,64.9595,completed,81662.39,50379.73,1.7516,8.37,0.0000,0.0730,0.1634,0.2022,0.2833,0.4576,0.9063,0.6232,0.4720,
48.5781,7,7,35.0382,83.6162,completed,81661.94,50382.19,1.7519,8.37,0.0000,0.1014,0.1067,0.4113,0.4070,0.3112,0.2181,,,
52.7935,6,6,25.6001,78.3932,completed,81661.94,50382.19,1.7519,8.37,0.0000,0.0977,0.5427,0.5907,0.7870,0.6655,,,,
37.4582,9,3,13.1502,50.6082,converged,81661.50,50384.57,1.7524,8.36,0.0000,0.0570,0.0333,,,,,,,
29.7523,10,10,43.3380,73.0900,completed,81661.50,50384.57,1.7524,8.36,0.0000,0.0856,0.1515,0.3695,0.2369,0.7521,1.1644,1.2684,0.6522,0.3067
54.9685,6,3,9.4467,64.4147,converged,81661.07,50386.88,1.7530,8.36,0.0000,0.0763,0.0886,,,,,,,
45.3802,8,8,34.3060,79.6860,completed,81661.07,50386.88,1.7530,8.36,0.0000,0.0615,0.2293,0.4924,1.2620,0.8403,0.3996,0.1012,,
23.7146,10,10,49.2774,72.9914,converged,81660.62,50389.35,1.7535,8.36,0.0000,0.1031,0.1057,0.1155,0.3265,0.3488,0.9906,1.2097,0.4328,0.0992
36.4472,9,9,38.1021,74.5491,completed,81660.62,50389.35,1.7535,8.36,0.0000,0.0820,0.5199,1.7028,2.7107,3.7661,2.7428,1.1566,0.4158,
42.3747,8,8,37.1566,79.5306,completed,81660.19,50391.65,1.7539,8.36,0.0000,0.1374,0.1269,0.3755,0.5303,0.1770,0.3880,0.3101,,
34.9079,9,9,35.0357,69.9428,completed,81660.19,50391.65,1.7539,8.36,0.0000,0.0534,0.3611,0.5392,0.1975,0.7884,0.6789,0.4111,0.3082,
48.2529,7,7,38.3705,86.6225,completed,81659.75,50394.03,1.7538,8.35,0.0000,0.0500,0.3339,0.3977,0.4060,0.6625,0.3556,,,
36.9965,9,9,41.8221,78.8181,completed,81659.75,50394.03,1.7538,8.35,0.0000,0.0549,0.2978,0.2115,0.5772,0.2857,0.4032,0.2974,0.2740,
20.4510,10,10,55.3102,75.7603,completed,81659.31,50396.41,1.7545,8.35,0.0000,0.0716,0.1035,0.2110,0.5156,0.3772,0.1992,0.4664,0.2398,0.1404
54.9779,6,6,26.8758,81.8529,completed,81659.31,50396.41,1.7545,8.35,0.0000,0.2224,1.3808,3.8710,1.9295,0.8746,,,,
27.2936,10,3,11.4049,38.6980,converged,81658.85,50398.88,1.7547,8.35,0.0000,0.0862,0.0836,,,,,,,
33.9626,10,4,18.3360,52.2981,converged,81658.85,50398.88,1.7547,8.35,0.0000,0.0362,0.2045,0.0851,,,,,,
35.4283,9,9,49.8104,85.2385,completed,81658.52,50400.69,1.7550,8.35,0.0000,0.0468,0.4317,0.5863,0.3792,0.4503,1.2373,0.6714,0.2607,
30.7292,10,10,36.7039,67.4330,completed,81658.52,50400.69,1.7550,8.35,0.0000,0.0763,0.3088,0.3164,0.6658,0.8237,0.3721,0.2355,0.1620,0.1198
50.5386,7,7,33.6162,84.1543,completed,81658.06,50403.15,1.7553,8.35,0.0000,0.0720,0.1010,0.5938,0.1687,0.5491,0.2385,,,
52.7055,6,6,24.8936,77.5986,completed,81658.06,50403.15,1.7553,8.35,0.0000,0.2754,0.4798,1.0262,0.7625,0.2976,,,,
21.1147,10,10,44.6988,65.8128,completed,81657.63,50405.44,1.7556,8.35,0.0000,0.0125,0.1288,0.5710,0.5175,0.4190,0.9150,1.3830,0.4884,0.1985
54.5025,6,6,22.9561,77.4581,completed,81657.63,50405.44,1.7556,8.35,0.0000,0.2086,1.0370,0.9122,1.2713,0.5574,,,,
47.0369,7,7,43.9758,91.0119,completed,81657.17,50407.90,1.7552,8.36,0.0000,0.0687,0.2051,0.1587,0.1593,0.6629,0.3011,,,
30.8374,10,10,53.5461,84.3832,completed,81657.17,50407.90,1.7552,8.36,0.0000,0.0337,0.1681,0.2175,0.3542,0.7336,0.3514,0.3357,0.1684,0.1576
34.6353,9,3,14.0134,48.7502,converged,81656.68,50410.53,1.7548,8.36,0.0000,0.0630,0.0647,,,,,,,
39.7337,9,9,34.7439,74.4769,completed,81656.68,50410.53,1.7548,8.36,0.0000,0.0317,0.2189,0.5919,0.4966,1.0756,1.0152,0.5249,0.2154,
21.4685,10,10,39.9818,61.4498,converged,81656.31,50412.48,1.7560,8.35,0.0000,0.0900,0.1177,0.1681,0.4348,0.4150,0.4692,0.3451,0.1584,0.0784
57.2457,6,6,31.0815,88.3266,completed,81656.31,50412.48,1.7560,8.35,0.0000,0.1571,0.6581,0.2707,0.5539,0.2280,,,,
31.5901,10,3,12.1457,43.7357,converged,81655.83,50415.03,1.7558,8.35,0.0000,0.0761,0.0678,,,,,,,
39.0819,9,9,38.9498,78.0308,completed,81655.83,50415.03,1.7558,8.35,0.0000,0.0387,0.2421,0.6255,0.4604,0.7741,0.6830,0.2797,0.1070,
58.7924,5,5,30.8751,89.6672,completed,81655.48,50416.85,1.7558,8.35,0.0000,0.1441,0.1575,1.0127,1.1058,,,,,
53.8633,6,6,27.3660,81.2291,completed,81655.48,50416.85,1.7558,8.35,0.0000,0.3216,1.1332,1.3131,1.6742,0.7954,,,,
49.3004,7,3,9.6392,58.9392,converged,81654.99,50419.54,1.7556,8.34,0.0000,0.0879,0.0764,,,,,,,
46.8336,7,4,13.5518,60.3848,converged,81654.99,50419.54,1.7556,8.34,0.0000,0.0680,0.3785,0.0785,,,,,,
36.8908,9,3,14.5548,51.4448,converged,81654.56,50421.84,1.7554,8.35,0.0000,0.0679,0.0560,,,,,,,
55.7411,6,6,22.6644,78.4054,completed,81654.56,50421.84,1.7554,8.35,0.0000,0.1385,0.7558,0.4610,0.2968,0.2295,,,,
45.5649,8,3,10.0184,55.5824,converged,81654.15,50424.05,1.7559,8.35,0.0000,0.0774,0.0883,,,,,,,
57.9874,6,6,24.0085,81.9955,completed,81654.15,50424.05,1.7559,8.35,0.0000,0.1392,1.1584,3.2685,1.4850,0.6225,,,,
36.8366,9,3,14.8325,51.6686,converged,81653.73,50426.26,1.7560,8.35,0.0000,0.0404,0.0989,,,,,,,
43.0242,8,8,41.9189,84.9430,completed,81653.73,50426.26,1.7560,8.35,0.0000,0.0928,0.4103,0.6770,0.8856,0.3954,0.5308,0.2052,,
53.3109,6,6,25.2076,78.5176,completed,81653.23,50428.96,1.7554,8.35,0.0000,0.0854,0.1399,0.2975,0.1905,0.2943,,,,
55.5318,6,6,28.8381,84.3691,completed,81653.23,50428.96,1.7554,8.35,0.0000,0.1737,0.4685,0.3354,0.6704,0.4637,,,,
43.2148,8,8,32.8785,76.0926,completed,81652.82,50431.18,1.7555,8.35,0.0000,0.0455,0.1142,0.2244,0.4470,0.3815,0.4812,0.2347,,
57.9581,6,6,27.6123,85.5703,completed,81652.82,50431.18,1.7555,8.35,0.0000,0.1990,0.3381,1.2529,0.8191,0.6234,,,,
49.1338,7,7,32.3629,81.4959,completed,81652.37,50433.64,1.7546,8.35,0.0000,0.0691,0.1089,0.2644,0.5652,0.2204,0.1914,,,
30.0429,10,10,35.6352,65.6772,converged,81652.37,50433.64,1.7546,8.35,0.0000,0.0207,0.1296,0.1556,0.2152,0.1249,0.3146,0.3186,0.1864,0.0744
28.7824,10,3,10.4487,39.2307,converged,81651.91,50436.10,1.7545,8.34,0.0000,0.0670,0.0514,,,,,,,
33.8802,10,10,36.7645,70.6445,completed,81651.91,50436.10,1.7545,8.34,0.0000,0.0836,0.2106,0.3005,0.5087,1.0122,0.2917,0.3686,0.1736,0.1222
54.5551,6,6,30.8425,85.3976,completed,81651.56,50437.98,1.7543,8.34,0.0000,0.0950,0.1402,0.2383,0.5576,0.4488,,,,
41.6448,8,8,40.0907,81.7347,completed,81651.56,50437.98,1.7543,8.34,0.0000,0.1698,0.3636,0.5769,0.4236,1.1148,0.5852,0.2657,,
47.9020,7,7,39.5378,87.4389,completed,81651.06,50440.61,1.7544,8.35,0.0000,0.0904,0.2392,1.7682,1.0501,1.0110,0.4118,,,
52.3783,6,6,23.2268,75.6049,completed,81651.06,50440.61,1.7544,8.35,0.0000,0.1290,0.4580,0.6320,0.7057,0.5261,,,,
40.9154,8,3,13.1476,54.0627,converged,81650.58,50443.14,1.7539,8.35,0.0000,0.0832,0.0955,,,,,,,
20.1148,10,10,45.4321,65.5461,completed,81650.58,50443.14,1.7539,8.35,0.0000,0.0183,0.1172,0.6570,1.7244,0.8894,1.0788,0.8415,0.3099,0.2041
29.1992,10,3,10.9309,40.1300,converged,81650.21,50445.12,1.7534,8.35,0.0000,0.0519,0.0569,,,,,,,
37.2729,9,9,39.3011,76.5731,completed,81650.21,50445.12,1.7534,8.35,0.0000,0.0930,0.3379,1.3610,1.3034,1.6711,1.5727,0.7088,0.2679,
42.3791,8,8,28.4667,70.8458,completed,81649.88,50446.91,1.7529,8.35,0.0000,0.0494,0.2038,0.7904,0.6869,0.3271,0.2672,0.1566,,
52.1136,6,6,23.6136,75.7267,completed,81649.88,50446.91,1.7529,8.35,0.0000,0.5231,1.4337,1.3710,1.0333,0.6788,,,,
56.9473,6,3,9.7622,66.7092,converged,81649.46,50449.21,1.7527,8.35,0.0000,0.0491,0.0810,,,,,,,
20.7853,10,10,35.7202,56.5052,completed,81649.46,50449.21,1.7527,8.35,0.0000,0.1746,0.3522,0.5375,0.8837,0.5246,0.4111,0.4802,0.3709,0.2406
25.0140,10,3,10.0404,35.0534,converged,81649.04,50451.51,1.7519,8.35,0.0000,0.0391,0.0517,,,,,,,
31.6881,10,10,46.7950,78.4831,completed,81649.04,50451.51,1.7519,8.35,0.0000,0.1605,0.3895,0.9120,0.3594,0.6755,1.0591,1.2431,0.6744,0.2990
39.1552,9,9,37.4289,76.5839,completed,81648.71,50453.31,1.7525,8.35,0.0000,0.0388,0.1077,0.4995,0.2578,0.8764,0.8596,0.6691,0.3734,
44.7941,8,8,32.7785,77.5725,completed,81648.71,50453.31,1.7525,8.35,0.0000,0.1942,0.4824,1.2047,1.1291,1.5373,1.1150,0.4691,,
54.8277,6,6,23.9863,78.8133,completed,81648.29,50455.61,1.7520,8.35,0.0000,0.0418,0.5378,1.5264,1.2063,0.6942,,,,
30.0408,10,10,41.7629,71.8030,completed,81648.29,50455.61,1.7520,8.35,0.0000,0.1741,0.4331,0.9692,0.5692,0.9611,0.6556,0.3725,0.1671,0.2370
34.6021,9,9,43.7022,78.3042,completed,81647.87,50457.90,1.7518,8.35,0.0000,0.0686,0.3577,1.8485,0.7276,1.4242,1.2976,0.4520,0.1518,
34.5915,9,9,33.9196,68.5106,completed,81647.87,50457.90,1.7518,8.35,0.0000,0.2594,0.4322,0.5550,0.5633,1.7476,1.1579,0.7459,0.4033,
32.3079,10,10,60.7820,93.0891,completed,81647.46,50460.11,1.7518,8.35,0.0000,0.0622,0.1257,0.2545,0.2114,1.5318,1.4323,1.7758,0.8560,0.2962
34.8618,9,9,45.6926,80.5536,converged,81647.46,50460.11,1.7518,8.35,0.0000,0.2012,0.4724,1.1004,0.6141,0.1553,0.7714,0.3265,0.0836,
25.8990,10,3,12.9430,38.8411,converged,81646.95,50462.99,1.7516,8.35,0.0000,0.0102,0.0476,,,,,,,
45.2836,8,8,42.1158,87.3988,completed,81646.95,50462.99,1.7516,8.35,0.0000,0.2039,0.6351,2.0625,1.3313,1.4311,0.7491,0.4878,,
58.4420,5,5,32.8954,91.3374,completed,81646.57,50465.05,1.7519,8.34,0.0000,0.2318,0.9156,0.6796,0.8804,,,,,
21.4930,10,10,50.1704,71.6634,completed,81646.57,50465.05,1.7519,8.34,0.0000,0.1533,0.3267,0.5602,0.7152,1.6104,0.9595,1.1052,0.7126,0.3443
21.5025,10,3,10.3092,31.8112,converged,81646.11,50467.49,1.7529,8.34,0.0000,0.0152,0.0670,,,,,,,
54.6773,6,6,31.1612,85.8383,completed,81646.11,50467.49,1.7529,8.34,0.0000,0.2714,0.4601,0.8628,1.1499,0.5117,,,,
50.2367,7,7,24.4519,74.6880,completed,81645.70,50469.74,1.7526,8.34,0.0000,0.0342,0.1476,0.6369,1.4996,1.2840,0.7172,,,
38.7401,9,9,35.1510,73.8910,completed,81645.70,50469.74,1.7526,8.34,0.0000,0.1376,0.3464,0.8464,1.1926,1.3411,1.2353,1.1054,0.4823,
31.0550,10,3,11.2696,42.3246,converged,81645.28,50472.04,1.7529,8.34,0.0000,0.0174,0.0161,,,,,,,
22.3533,10,3,13.5589,35.9120,converged,81645.28,50472.04,1.7529,8.34,0.0000,0.0245,0.0544,,,,,,,
46.2548,7,3,12.4893,58.7433,converged,81644.95,50473.85,1.7523,8.34,0.0000,0.0390,0.0487,,,,,,,
54.9085,6,3,10.5053,65.4134,converged,81644.95,50473.85,1.7523,8.34,0.0000,0.0589,0.0429,,,,,,,
25.8370,10,3,15.2135,41.0505,converged,81644.61,50475.64,1.7528,8.34,0.0000,0.0410,0.0522,,,,,,,
29.6477,10,3,11.0200,40.6670,converged,81644.61,50475.64,1.7528,8.34,0.0000,0.0131,0.0429,,,,,,,
53.1463,6,6,30.5184,83.6645,completed,81644.25,50477.62,1.7532,8.34,0.0000,0.0197,0.1458,0.1684,0.5387,0.3648,,,,
55.3174,6,6,39.7934,95.1105,completed,81644.25,50477.62,1.7532,8.34,0.0000,0.0709,0.2192,0.6680,0.9019,0.5081,,,,
22.8924,10,5,25.0643,47.9563,converged,81643.82,50480.01,1.7530,8.34,0.0000,0.0768,0.2068,0.3233,0.0393,,,,,
48.6565,7,7,29.0705,77.7266,completed,81643.82,50480.01,1.7530,8.34,0.0000,0.0312,0.1902,0.6349,0.9385,0.6078,0.2693,,,
58.9808,5,5,26.3230,85.3030,completed,81643.42,50482.20,1.7532,8.34,0.0000,0.1227,0.4346,0.9145,1.0058,,,,,
44.6153,8,3,12.8143,57.4294,converged,81643.42,50482.20,1.7532,8.34,0.0000,0.0322,0.0284,,,,,,,
56.9420,6,6,24.9550,81.8960,completed,81643.00,50484.50,1.7542,8.34,0.0000,0.0730,0.1696,0.2383,0.1741,0.1411,,,,
22.7347,10,3,14.1063,36.8403,converged,81643.00,50484.50,1.7542,8.34,0.0000,0.0162,0.0271,,,,,,,
59.4381,5,5,34.9232,94.3612,completed,81642.62,50486.57,1.7543,8.34,0.0000,0.0557,0.4745,1.0735,0.5474,,,,,
45.2462,8,3,12.7669,58.0129,converged,81642.62,50486.57,1.7543,8.34,0.0000,0.0393,0.0318,,,,,,,
23.9630,10,3,13.9388,37.9008,converged,81642.22,50488.77,1.7541,8.34,0.0000,0.0101,0.0143,,,,,,,
21.3904,10,3,8.5393,29.9293,converged,81642.22,50488.77,1.7541,8.34,0.0000,0.0468,0.0487,,,,,,,
30.4584,10,3,9.9853,40.4434,converged,81641.90,50490.50,1.7543,8.34,0.0000,0.0757,0.0864,,,,,,,
29.6286,10,10,38.0343,67.6623,completed,81641.90,50490.50,1.7543,8.34,0.0000,0.2021,0.2519,0.2354,0.3100,0.7155,1.0536,1.2732,0.7316,0.2376
30.7758,10,3,11.1255,41.9005,converged,81641.51,50492.55,1.7550,8.34,0.0000,0.0725,0.0843,,,,,,,
20.4504,10,10,50.0046,70.4546,completed,81641.51,50492.55,1.7550,8.34,0.0000,0.2304,0.2247,0.1768,0.1836,0.1367,0.4917,0.6873,0.2426,0.1146
26.3378,10,3,10.2167,36.5538,converged,81641.13,50494.55,1.7554,8.34,0.0000,0.0101,0.0494,,,,,,,
39.0777,9,9,39.4182,78.4953,completed,81641.13,50494.55,1.7554,8.34,0.0000,0.2622,0.2597,0.1842,0.3245,0.8076,1.3015,0.6828,0.3487,
48.6172,7,7,29.7330,78.3500,completed,81640.78,50496.42,1.7555,8.34,0.0000,0.0150,0.1927,0.3944,0.1313,0.5356,0.3155,,,
38.5066,9,9,31.9818,70.4878,completed,81640.78,50496.42,1.7555,8.34,0.0000,0.2467,0.2586,0.1801,0.1150,0.8296,1.2950,0.9773,0.3477,
39.4407,9,3,10.9126,50.3527,converged,81640.36,50498.70,1.7556,8.34,0.0000,0.0082,0.0258,,,,,,,
25.4031,10,3,13.9842,39.3873,converged,81640.36,50498.70,1.7556,8.34,0.0000,0.1057,0.0632,,,,,,,
37.7687,9,3,11.6495,49.4176,converged,81640.01,50500.59,1.7562,8.32,0.0000,0.0524,0.0543,,,,,,,
29.6606,10,3,11.1236,40.7836,converged,81640.01,50500.59,1.7562,8.32,0.0000,0.0323,0.0106,,,,,,,
49.1929,7,3,10.4252,59.6172,converged,81639.64,50502.55,1.7565,8.32,0.0000,0.0759,0.0912,,,,,,,
44.0984,8,3,9.3739,53.4720,converged,81639.64,50502.55,1.7565,8.32,0.0000,0.0540,0.0108,,,,,,,
39.8229,9,3,9.7508,49.5728,converged,81639.29,50504.44,1.7564,8.33,0.0000,0.0314,0.0224,,,,,,,
27.8732,10,10,39.1443,67.0174,completed,81639.29,50504.44,1.7564,8.33,0.0000,0.2130,0.2440,0.1365,0.1762,0.4160,0.5955,0.6965,0.2530,0.1028
57.1800,6,6,24.5934,81.7734,completed,81638.91,50506.48,1.7563,8.33,0.0000,0.0656,0.1920,0.2151,0.7743,0.3224,,,,
46.8332,7,3,9.2927,56.1257,converged,81638.91,50506.48,1.7563,8.33,0.0000,0.2468,0.0898,,,,,,,
42.1070,8,8,31.1589,73.2660,completed,81638.52,50508.53,1.7562,8.33,0.0000,0.0169,0.1095,0.1028,0.5611,1.2389,0.8376,0.2828,,
59.9002,5,5,21.6380,81.5380,completed,81638.52,50508.53,1.7562,8.33,0.0000,0.4991,0.5655,2.6919,1.6667,,,,,
59.6258,5,3,10.0662,69.6913,converged,81638.06,50510.98,1.7568,8.34,0.0000,0.0496,0.0547,,,,,,,
41.3226,8,3,16.5616,57.8836,converged,81638.06,50510.98,1.7568,8.34,0.0000,0.0908,0.0259,,,,,,,
39.9187,9,3,12.4473,52.3653,converged,81637.64,50513.19,1.7570,8.34,0.0000,0.0821,0.0392,,,,,,,
36.7591,9,9,33.3007,70.0597,completed,81637.64,50513.19,1.7570,8.34,0.0000,0.0220,0.1134,0.3759,0.1922,0.5882,0.4405,0.6758,0.2164,
56.6977,6,6,28.9623,85.6593,completed,81637.28,50515.07,1.7577,8.34,0.0000,0.0941,0.2487,0.1204,0.8303,0.5062,,,,
52.1139,6,6,30.4508,82.5639,completed,81637.28,50515.07,1.7577,8.34,0.0000,0.2417,0.2132,0.4692,0.9600,0.3632,,,,
54.4399,6,6,38.8598,93.2988,completed,81636.77,50517.78,1.7570,8.33,0.0000,0.1326,0.7887,0.9253,0.2439,0.2285,,,,
22.6106,10,4,12.8492,35.4592,converged,81636.77,50517.78,1.7570,8.33,0.0000,0.1615,0.1231,0.0208,,,,,,
43.7266,8,8,28.9900,72.7160,completed,81636.36,50519.99,1.7572,8.33,0.0000,0.2355,0.1152,0.5187,0.8603,0.7548,0.4908,0.3198,,
21.6587,10,3,8.8631,30.5212,converged,81636.36,50519.99,1.7572,8.33,0.0000,0.1611,0.0923,,,,,,,
50.1644,7,7,25.6831,75.8471,completed,81636.01,50521.88,1.7574,8.33,0.0000,0.9757,0.7358,0.3045,1.9962,0.7558,0.3593,,,
37.9539,9,9,40.1541,78.1072,completed,81636.01,50521.88,1.7574,8.33,0.0000,0.3235,0.2959,0.7748,0.8556,1.4709,0.7142,0.8350,0.5218,
29.4620,10,4,13.6901,43.1512,converged,81635.51,50524.50,1.7571,8.33,0.0000,0.2203,0.2272,0.0482,,,,,,
54.2203,6,6,29.5007,83.7207,completed,81635.51,50524.50,1.7571,8.33,0.0000,0.6802,0.1676,1.4669,1.5119,0.9259,,,,
35.0899,9,4,17.5384,52.6292,converged,81635.12,50526.61,1.7567,8.33,0.0000,0.4960,0.6384,0.0425,,,,,,
23.1032,10,10,36.2518,59.3548,completed,81635.12,50526.61,1.7567,8.33,0.0000,0.7173,0.8991,0.7177,0.9335,1.4434,1.3766,1.0417,0.5683,0.1336
39.2414,9,9,49.7295,88.9705,completed,81634.75,50528.61,1.7569,8.32,0.0000,0.6651,0.9349,0.8798,1.1458,1.3841,1.1681,0.5621,0.3131,
37.4616,9,9,39.6511,77.1121,completed,81634.75,50528.61,1.7569,8.32,0.0000,0.9121,1.0274,0.3526,0.9269,1.5351,0.9142,0.2842,0.2369,
51.6890,7,7,31.8284,83.5174,completed,81634.28,50531.08,1.7574,8.32,0.0000,0.3283,0.7130,1.2731,1.7391,0.4469,0.4686,,,
43.1615,8,8,29.3638,72.5248,completed,81634.28,50531.08,1.7574,8.32,0.0000,0.6120,0.6340,0.2502,1.5976,0.9825,0.6796,0.3153,,
44.5159,8,8,32.1955,76.7105,completed,81633.90,50533.13,1.7570,8.32,0.0000,0.0865,0.4061,0.8084,1.9984,0.9806,0.6645,0.4857,,
38.6331,9,9,31.9918,70.6248,completed,81633.90,50533.13,1.7570,8.32,0.0000,0.3523,0.5765,0.4143,0.9552,0.8682,0.5789,0.3840,0.1788,
20.4634,10,10,36.0831,56.5461,completed,81633.43,50535.60,1.7583,8.32,0.0000,0.0854,0.3322,0.4668,0.1718,0.5985,0.9131,0.6036,0.4327,0.2466
45.5784,8,8,35.1621,80.7401,completed,81633.43,50535.60,1.7583,8.32,0.0000,0.4373,0.6831,0.5225,1.5460,1.1241,0.7442,0.3448,,
52.3812,6,6,25.8228,78.2039,completed,81633.01,50537.81,1.7583,8.32,0.0000,0.1284,0.3012,1.6945,1.1125,0.7218,,,,
54.7161,6,6,40.4901,95.2061,completed,81633.01,50537.81,1.7583,8.32,0.0000,0.4662,0.6154,3.0165,1.5770,0.8954,,,,
46.9969,7,7,39.8020,86.7980,completed,81632.51,50540.32,1.7585,8.32,0.0000,0.2006,0.5827,0.7541,1.9225,0.5977,0.3771,,,
46.4329,7,7,32.5252,78.9572,completed,81632.51,50540.32,1.7585,8.32,0.0000,0.2322,0.3175,0.5853,1.9973,0.6395,0.2579,,,
35.9184,9,4,14.5449,50.4630,converged,81632.01,50542.93,1.7566,8.32,0.0000,0.0198,0.1414,0.0815,,,,,,
33.2998,10,10,43.7202,77.0193,completed,81632.01,50542.93,1.7566,8.32,0.0000,0.0686,0.2245,0.2943,0.7672,2.0196,0.9248,0.4210,0.3088,0.2633
40.1237,8,3,9.6011,49.7242,converged,81631.59,50545.18,1.7534,8.32,0.0000,0.2179,0.0431,,,,,,,
55.8958,6,6,22.4014,78.2964,completed,81631.59,50545.18,1.7534,8.32,0.0000,0.2154,0.5922,2.0895,0.7119,0.5467,,,,
47.5663,7,7,31.3522,78.9183,completed,81631.19,50547.31,1.7520,8.32,0.0000,0.2245,0.1543,0.2023,0.8158,0.4963,0.3554,,,
45.0229,8,8,28.4623,73.4843,completed,81631.19,50547.31,1.7520,8.32,0.0000,0.1059,0.2233,0.4169,1.4367,0.4458,0.5855,0.2919,,
51.8404,7,3,12.0284,63.8685,converged,81630.78,50549.53,1.7511,8.32,0.0000,0.0586,0.0776,,,,,,,
52.7048,6,6,27.0177,79.7217,completed,81630.78,50549.53,1.7511,8.32,0.0000,0.0665,0.3442,1.5036,1.2242,0.6995,,,,
54.4639,6,6,22.1295,76.5925,completed,81630.37,50551.75,1.7454,8.33,0.0000,0.3914,0.2696,1.3147,0.6795,0.5609,,,,
24.8171,10,3,11.9132,36.7302,converged,81630.37,50551.75,1.7454,8.33,0.0000,0.0455,0.0906,,,,,,,
46.7191,7,7,34.2060,80.9250,completed,81629.99,50553.89,1.7428,8.33,0.0000,0.3265,0.4001,0.1744,0.5803,0.3336,0.3379,,,
27.8884,10,3,11.7608,39.6488,converged,81629.99,50553.89,1.7428,8.33,0.0000,0.0936,0.0921,,,,,,,
55.8134,6,6,23.7510,79.5640,completed,81629.61,50556.11,1.7359,8.32,0.0000,0.1472,0.2091,0.9526,1.7912,0.9237,,,,
35.3181,9,9,37.8068,73.1248,completed,81629.61,50556.11,1.7359,8.32,0.0000,0.1361,0.1923,0.3161,0.3225,0.6097,0.4133,0.2842,0.2688,
49.8194,7,7,27.5209,77.3399,completed,81629.25,50558.32,1.7341,8.20,0.0000,0.6717,0.8006,1.3565,2.5691,0.9143,0.1700,,,
33.4465,10,3,9.8782,43.3242,converged,81629.25,50558.32,1.7341,8.20,0.0000,0.0515,0.0576,,,,,,,
30.9923,10,3,10.3298,41.3218,converged,81628.91,50560.39,1.7275,7.80,0.0000,0.0382,0.0753,,,,,,,
22.9854,10,3,10.7741,33.7591,converged,81628.91,50560.39,1.7275,7.80,0.0000,0.0452,0.0603,,,,,,,
59.8478,5,5,22.3357,82.1828,completed,81628.65,50562.04,1.7262,7.49,0.0000,0.1218,0.5165,0.8933,0.4538,,,,,
31.4658,10,3,9.3876,40.8527,converged,81628.65,50562.04,1.7262,7.49,0.0000,0.0306,0.0408,,,,,,,
47.1796,7,7,28.1735,75.3526,completed,81628.36,50563.84,1.7339,7.13,0.0000,0.0860,0.1891,0.2399,1.3591,0.9913,0.4538,,,
36.8464,9,3,12.1151,48.9611,converged,81628.36,50563.84,1.7339,7.13,0.0000,0.0281,0.0717,,,,,,,
58.3928,5,5,23.2578,81.6499,completed,81628.07,50565.54,1.7368,6.81,0.0000,0.0741,0.1766,0.8965,0.2768,,,,,
49.7590,7,7,27.3333,77.0914,completed,81628.07,50565.54,1.7368,6.81,0.0000,0.0838,0.1566,0.5474,0.4918,0.7666,0.3508,,,
47.9916,7,7,25.2385,73.2296,completed,81627.77,50567.37,1.7397,6.52,0.0000,0.1503,0.1330,0.2033,0.2670,0.4092,0.3403,,,
41.9116,8,8,28.7777,70.6888,completed,81627.77,50567.37,1.7397,6.52,0.0000,0.0680,0.1295,0.1476,0.1689,0.1413,0.2359,0.2339,,
50.3546,7,7,32.6498,83.0039,completed,81627.45,50569.25,1.7518,6.33,0.0000,0.1291,0.1470,0.2225,0.5838,0.7166,0.2000,,,
59.7137,5,5,20.4043,80.1173,completed,81627.45,50569.25,1.7518,6.33,0.0000,0.0937,0.1321,0.7616,0.9081,,,,,
54.2781,6,6,28.6234,82.9015,completed,81627.14,50570.89,1.7684,6.12,0.0000,0.0668,0.2315,0.5849,0.5827,0.2040,,,,
30.5605,10,3,9.5536,40.1137,converged,81627.14,50570.89,1.7684,6.12,0.0000,0.0439,0.0788,,,,,,,
23.6927,10,10,35.5873,59.2794,completed,81626.81,50572.47,1.7941,5.87,0.0000,0.1044,0.1597,0.1162,0.2048,0.2419,0.1949,0.2903,0.2802,0.2661
20.6158,10,3,13.5097,34.1247,converged,81626.81,50572.47,1.7941,5.87,0.0000,0.0554,0.0774,,,,,,,
20.7953,10,3,13.6844,34.4795,converged,81626.52,50573.72,1.8242,5.61,0.0000,0.0532,0.0530,,,,,,,
40.1821,8,3,10.8134,50.9954,converged,81626.52,50573.72,1.8242,5.61,0.0000,0.0625,0.0966,,,,,,,
52.1447,6,3,9.6924,61.8365,converged,81626.23,50574.80,1.8592,5.32,0.0000,0.1462,0.0926,,,,,,,
25.9457,10,3,11.3833,37.3283,converged,81626.23,50574.80,1.8592,5.32,0.0000,0.0614,0.0726,,,,,,,
47.6588,7,7,32.7899,80.4479,completed,81625.85,50576.01,1.9012,4.94,0.0000,0.1919,0.1442,0.3980,0.3132,0.3723,0.2806,,,
47.5557,7,3,9.1393,56.6943,converged,81625.85,50576.01,1.9012,4.94,0.0000,0.1390,0.0675,,,,,,,
28.4562,10,4,13.5436,41.9996,converged,81625.45,50577.11,1.9596,4.56,0.0000,0.1521,0.1659,0.0480,,,,,,
58.7712,5,5,23.5549,82.3260,completed,81625.45,50577.11,1.9596,4.56,0.0000,0.1813,0.2788,0.2588,0.4136,,,,,
39.5051,9,3,9.7349,49.2399,converged,81624.98,50578.18,2.0289,4.21,0.0000,0.0569,0.0496,,,,,,,
27.3767,10,3,14.5588,41.9349,converged,81624.98,50578.18,2.0289,4.21,0.0000,0.0572,0.0561,,,,,,,
28.6637,10,3,14.0752,42.7382,converged,81624.55,50579.00,2.0928,4.03,0.0000,0.0698,0.0754,,,,,,,
38.6473,9,3,10.9886,49.6356,converged,81624.55,50579.00,2.0928,4.03,0.0000,0.0811,0.0793,,,,,,,
52.9349,6,6,26.3366,79.2706,completed,81624.13,50579.69,2.1513,4.03,0.0000,0.0798,0.3256,1.2714,1.5888,0.7441,,,,
29.5872,10,3,16.4563,46.0433,converged,81624.13,50579.69,2.1513,4.03,0.0000,0.0573,0.0432,,,,,,,
50.7629,7,7,45.8779,96.6399,completed,81623.56,50580.51,2.2320,4.06,0.0000,0.0674,0.1328,0.4433,0.9397,0.6180,0.2858,,,
42.8678,8,8,50.2471,93.1141,completed,81623.56,50580.51,2.2320,4.06,0.0000,0.0800,0.1652,0.6591,0.3007,0.6352,0.4084,0.2873,,
28.4438,10,3,12.2788,40.7218,converged,81622.64,50581.59,2.3376,4.14,0.0000,0.0687,0.0933,,,,,,,
30.5873,10,3,11.1610,41.7480,converged,81622.64,50581.59,2.3376,4.14,0.0000,0.0429,0.0381,,,,,,,
54.1088,6,3,12.7006,66.8086,converged,81622.03,50582.20,2.4090,4.14,0.0000,0.2220,0.0811,,,,,,,
30.9742,10,3,14.2863,45.2604,converged,81622.03,50582.20,2.4090,4.14,0.0000,0.1007,0.0312,,,,,,,
24.8684,10,3,13.4518,38.3198,converged,81621.26,50582.85,2.4919,4.17,0.0000,0.0991,0.0696,,,,,,,
57.6983,6,6,29.7287,87.4267,completed,81621.26,50582.85,2.4919,4.17,0.0000,0.0561,0.4377,2.3393,1.8717,0.6459,,,,
48.4305,7,7,42.5299,90.9599,completed,81620.27,50583.54,2.5952,4.20,0.0000,0.0373,0.1591,1.0201,2.1536,0.8735,0.3357,,,
31.2447,10,3,13.7443,44.9883,converged,81620.27,50583.54,2.5952,4.20,0.0000,0.0223,0.0449,,,,,,,
32.1358,10,3,9.9162,42.0513,converged,81619.30,50584.09,2.6898,4.22,0.0000,0.0198,0.0716,,,,,,,
46.4039,7,7,28.3570,74.7601,completed,81619.30,50584.09,2.6898,4.22,0.0000,0.0274,0.1991,1.0821,2.1453,1.5100,0.6518,,,
36.0784,9,3,10.0023,46.0803,converged,81618.37,50584.51,2.7739,4.22,0.0000,0.0492,0.0476,,,,,,,
52.2746,6,6,21.0863,73.3603,completed,81618.37,50584.51,2.7739,4.22,0.0000,0.0628,0.1059,0.8351,0.6052,0.2837,,,,
28.6047,10,3,9.1229,37.7270,converged,81617.39,50584.86,2.8526,4.25,0.0000,0.0431,0.0329,,,,,,,
27.2267,10,3,10.7003,37.9264,converged,81617.39,50584.86,2.8526,4.25,0.0000,0.0677,0.0753,,,,,,,
25.6951,10,3,11.5210,37.2160,converged,81616.59,50585.09,2.9094,4.32,0.0000,0.0443,0.0261,,,,,,,
46.9237,7,3,11.5089,58.4319,converged,81616.59,50585.09,2.9094,4.32,0.0000,0.0805,0.0646,,,,,,,
54.5393,6,3,11.6968,66.2358,converged,81615.51,50585.32,2.9865,4.45,0.0000,0.1526,0.0697,,,,,,,
30.8033,10,4,16.2353,47.0384,converged,81615.51,50585.32,2.9865,4.45,0.0000,0.1023,0.1322,0.0951,,,,,,
50.4352,7,3,9.4625,59.8975,converged,81614.52,50585.45,3.0514,4.65,0.0000,0.1032,0.0447,,,,,,,
39.4836,9,3,13.8836,53.3667,converged,81614.52,50585.45,3.0514,4.65,0.0000,0.0568,0.0308,,,,,,,
30.8928,10,3,10.5944,41.4864,converged,81613.32,50585.53,3.1222,4.89,0.0000,0.0144,0.0449,,,,,,,
35.8070,9,3,10.6082,46.4152,converged,81613.32,50585.53,3.1222,4.89,0.0000,0.0576,0.0318,,,,,,,
28.7583,10,3,13.0671,41.8251,converged,81612.18,50585.53,-3.1021,5.18,0.0000,0.1027,0.0766,,,,,,,
57.0077,6,6,26.2980,83.3050,completed,81612.18,50585.53,-3.1021,5.18,0.0000,0.1979,0.1411,0.7996,2.3270,1.1765,,,,
32.8801,10,4,12.7083,45.5884,converged,81611.02,50585.47,-3.0504,5.47,0.0000,0.1059,0.1305,0.0358,,,,,,
25.7923,10,4,12.9631,38.7551,converged,81611.02,50585.47,-3.0504,5.47,0.0000,0.1569,0.1740,0.0645,,,,,,
48.0230,7,3,10.1427,58.1658,converged,81609.76,50585.35,-3.0113,5.70,0.0000,0.1031,0.0860,,,,,,,
46.0589,7,7,33.2752,79.3332,completed,81609.76,50585.35,-3.0113,5.70,0.0000,0.1761,0.1012,0.2413,0.3429,0.7818,0.5511,,,
53.6732,6,4,12.0226,65.6956,converged,81608.19,50585.13,-2.9744,6.00,0.0000,0.0970,0.2736,0.0756,,,,,,
59.1157,5,5,23.8785,82.9936,completed,81608.19,50585.13,-2.9744,6.00,0.0000,0.1743,0.4158,0.8160,0.4831,,,,,
37.9400,9,9,34.5855,72.5245,completed,81606.38,50584.82,-2.9456,6.28,0.0000,0.0307,0.1268,0.1402,0.4742,0.9997,0.8301,0.5028,0.3646,
44.8272,8,8,30.2946,75.1217,completed,81606.38,50584.82,-2.9456,6.28,0.0000,0.0680,0.1537,0.5054,0.6006,0.8586,0.4395,0.2075,,
50.9482,7,7,26.8106,77.7587,completed,81604.62,50584.48,-2.9369,6.52,0.0000,0.1433,0.1850,0.1536,0.3825,0.8991,0.4902,,,
28.5555,10,3,8.9826,37.5376,converged,81604.62,50584.48,-2.9369,6.52,0.0000,0.0192,0.0765,,,,,,,
25.6812,10,3,13.4439,39.1250,converged,81602.99,50584.16,-2.9343,6.83,0.0000,0.0302,0.0152,,,,,,,
21.9748,10,3,12.3752,34.3493,converged,81602.99,50584.16,-2.9343,6.83,0.0000,0.0540,0.0222,,,,,,,
45.8692,8,3,9.9505,55.8196,converged,81601.43,50583.84,-2.9340,7.03,0.0000,0.0262,0.0612,,,,,,,
46.0049,7,5,17.2512,63.4428,converged,81601.43,50583.84,-2.9340,7.03,0.0000,0.0481,0.1521,0.2188,0.0948,,,,,
44.4520,8,3,13.5608,58.0118,converged,81599.78,50583.50,-2.9320,7.18,0.0000,0.0376,0.0207,,,,,,,
33.7256,10,3,11.2397,44.9647,converged,81599.78,50583.50,-2.9320,7.18,0.0000,0.0490,0.0271,,,,,,,
30.3827,10,3,10.6464,41.2006,converged,81597.93,50583.11,-2.9311,7.37,0.0000,0.0571,0.0624,,,,,,,
58.6991,5,5,22.9572,81.6563,completed,81597.93,50583.11,-2.9311,7.37,0.0000,0.0914,0.5026,0.4206,0.3470,,,,,
50.5347,7,7,26.8928,77.4268,completed,81595.96,50582.69,-2.9312,7.57,0.0000,0.1834,0.5669,0.4704,0.6126,0.8296,0.3981,,,
37.8379,9,9,37.7735,75.6105,completed,81595.96,50582.69,-2.9312,7.57,0.0000,0.0897,0.1829,0.3093,1.2025,1.4392,0.8058,0.4685,0.1642,
31.6254,10,10,33.6346,65.2596,completed,81593.94,50582.26,-2.9317,7.77,0.0000,0.1158,0.1990,0.5353,0.7556,0.2621,0.6411,1.3909,0.6731,0.1488
51.3803,7,3,10.8018,62.1819,converged,81593.94,50582.26,-2.9317,7.77,0.0000,0.0915,0.0761,,,,,,,
48.5709,7,3,11.4427,60.0128,converged,81591.78,50581.79,-2.9333,8.02,0.0000,0.1715,0.0798,,,,,,,
48.7873,7,7,24.6928,73.4799,completed,81591.78,50581.79,-2.9333,8.02,0.0000,0.0618,0.4902,0.4848,1.4520,0.6535,0.4006,,,
51.9134,7,7,36.7372,88.6502,completed,81589.79,50581.37,-2.9358,8.24,0.0000,0.3379,0.2475,0.7614,0.8879,0.3448,0.1663,,,
25.5168,10,4,12.9763,38.4923,converged,81589.79,50581.37,-2.9358,8.24,0.0000,0.1569,0.1927,0.0601,,,,,,
48.2565,7,7,33.2234,81.4795,completed,81587.59,50580.91,-2.9380,8.41,0.0000,0.3012,0.4077,1.1420,2.4360,2.1170,0.8222,,,
22.2483,10,10,42.0978,64.3459,completed,81587.59,50580.91,-2.9380,8.41,0.0000,0.1262,0.1041,0.1461,0.3609,0.6327,1.1572,0.2730,0.1131,0.1164
46.7145,7,7,34.7522,81.6081,completed,81585.09,50580.40,-2.9408,8.53,0.0000,0.2709,0.2002,0.8293,0.9822,0.4166,0.2745,,,
48.8835,7,7,35.6496,84.5326,completed,81585.09,50580.40,-2.9408,8.53,0.0000,0.3126,0.2703,0.3568,1.4588,1.2261,0.4556,,,
53.4480,6,6,27.4397,80.8878,completed,81582.57,50579.88,-2.9436,8.60,0.0000,0.3714,0.1542,0.5145,0.9906,0.4384,,,,
59.0875,5,5,23.0274,82.1145,completed,81582.57,50579.88,-2.9436,8.60,0.0000,0.4639,0.5086,0.9249,0.8094,,,,,
53.3845,6,6,23.9402,77.3243,completed,81580.20,50579.40,-2.9466,8.63,0.0000,0.3928,0.3748,0.3437,0.9318,0.4152,,,,
58.4086,5,5,29.8061,88.2141,completed,81580.20,50579.40,-2.9466,8.63,0.0000,0.2616,1.6907,2.0707,1.0756,,,,,
26.2187,10,10,45.9850,72.2031,completed,81577.66,50578.89,-2.9486,8.63,0.0000,0.2105,0.2602,0.1691,0.2901,0.6769,1.6620,0.9467,0.4119,0.1479
58.9309,5,5,29.2584,88.1885,completed,81577.66,50578.89,-2.9486,8.63,0.0000,0.6197,0.7277,1.0436,0.6460,,,,,
55.7782,6,6,25.0449,80.8230,completed,81575.13,50578.39,-2.9512,8.62,0.0000,0.5318,0.2401,1.6848,0.5845,0.2729,,,,
21.0540,10,4,15.8049,36.8589,converged,81575.13,50578.39,-2.9512,8.62,0.0000,0.2833,0.2995,0.0393,,,,,,
44.8709,8,8,38.0213,82.8913,completed,81572.96,50577.97,-2.9535,8.61,0.0000,0.4426,0.4210,1.0428,1.4447,0.6208,0.2789,0.1952,,
35.9719,9,9,34.2240,70.1951,completed,81572.96,50577.97,-2.9535,8.61,0.0000,0.6258,0.5547,0.4574,1.9823,0.3599,0.8599,0.6763,0.3045,
58.4205,5,5,22.8741,81.2941,completed,81570.49,50577.49,-2.9562,8.59,0.0000,0.7945,1.9317,2.0747,1.0227,,,,,
45.6630,8,8,30.9388,76.6008,completed,81570.49,50577.49,-2.9562,8.59,0.0000,0.5157,0.1643,1.9857,3.0813,0.3247,0.4300,0.3071,,
23.4783,10,10,35.8993,59.3773,completed,81567.96,50577.02,-2.9584,8.56,0.0000,0.3580,0.5169,0.3541,0.3366,2.8059,2.2405,0.9649,0.2954,0.2673
22.7258,10,10,38.8874,61.6125,completed,81567.96,50577.02,-2.9584,8.56,0.0000,0.4416,0.3299,0.8586,3.5383,4.1364,0.8404,0.6777,0.3773,0.2278
55.4592,6,6,22.1458,77.6048,completed,81565.85,50576.62,-2.9605,8.56,0.0000,0.2745,0.3228,2.2083,1.2344,0.3532,,,,
51.4393,7,7,28.0352,79.4742,completed,81565.85,50576.62,-2.9605,8.56,0.0000,1.2360,1.3145,1.4571,3.6060,1.2804,0.3446,,,
39.5420,9,9,36.3270,75.8680,completed,81563.51,50576.19,-2.9622,8.56,0.0000,0.1494,0.4907,0.6522,0.5723,2.3475,0.2582,0.2276,0.3128,
27.2195,10,10,36.3057,63.5247,completed,81563.51,50576.19,-2.9622,8.56,0.0000,0.4701,0.5380,0.3384,0.7536,2.5627,2.0811,1.2081,0.5430,0.3110
27.4459,10,10,36.8690,64.3140,completed,81561.23,50575.77,-2.9619,8.56,0.0000,0.1294,0.3796,0.6562,0.6538,1.9723,1.3916,0.5578,0.2689,0.2912
28.0599,10,4,14.5118,42.5709,converged,81561.23,50575.77,-2.9619,8.56,0.0000,0.1534,0.2046,0.0307,,,,,,
44.3945,8,8,28.9734,73.3675,completed,81559.13,50575.39,-2.9619,8.56,0.0000,0.1387,0.6116,1.1064,2.7554,1.1677,0.8710,0.3785,,
44.9593,8,8,29.4959,74.4550,completed,81559.13,50575.39,-2.9619,8.56,0.0000,0.2800,0.4042,0.4911,1.1341,1.4955,0.8837,0.3974,,
47.1891,7,7,36.1334,83.3224,completed,81556.77,50574.96,-2.9634,8.55,0.0000,0.2237,0.4081,1.2807,2.5782,0.8476,0.5307,,,
41.5320,8,8,39.6974,81.2284,completed,81556.77,50574.96,-2.9634,8.55,0.0000,0.2235,0.2576,0.4289,0.7537,0.7784,0.5817,0.4212,,
36.7965,9,9,53.4001,90.1961,completed,81554.44,50574.54,-2.9659,8.55,0.0000,0.0841,0.1271,0.1132,0.4222,1.0644,0.4685,0.3598,0.3724,
34.2042,9,3,10.2366,44.4407,converged,81554.44,50574.54,-2.9659,8.55,0.0000,0.1223,0.0717,,,,,,,
32.1194,10,3,17.0156,49.1346,converged,81552.23,50574.14,-2.9679,8.55,0.0000,0.0779,0.0921,,,,,,,
22.7848,10,3,10.6991,33.4831,converged,81552.23,50574.14,-2.9679,8.55,0.0000,0.0959,0.0772,,,,,,,
58.2024,5,5,25.4622,83.6642,completed,81550.28,50573.80,-2.9701,8.55,0.0000,0.1204,0.9102,0.8664,0.4384,,,,,
33.2222,10,3,10.6873,43.9093,converged,81550.28,50573.80,-2.9701,8.55,0.0000,0.0914,0.0713,,,,,,,
46.2001,7,7,40.1293,86.3293,completed,81548.01,50573.41,-2.9712,8.54,0.0000,0.0951,0.3107,1.2835,0.2169,0.3949,0.4856,,,
30.1329,10,3,19.7571,49.8891,converged,81548.01,50573.41,-2.9712,8.54,0.0000,0.0857,0.0822,,,,,,,
42.3128,8,8,40.6422,82.9542,completed,81545.44,50572.97,-2.9740,8.54,0.0000,0.0565,0.1767,1.1620,1.4406,0.4224,0.6319,0.4130,,
53.2083,6,6,30.6304,83.8384,completed,81545.44,50572.97,-2.9740,8.54,0.0000,0.0513,0.5332,1.5491,0.6666,0.2239,,,,
57.5692,6,6,22.9187,80.4878,completed,81542.93,50572.55,-2.9759,8.52,0.0000,0.1095,0.6732,1.0648,0.3842,0.4590,,,,
37.0928,9,9,37.5337,74.6257,completed,81542.93,50572.55,-2.9759,8.52,0.0000,0.0879,0.2004,0.3845,0.9843,0.4931,0.3665,0.5251,0.2295,
58.5765,5,5,17.6646,76.2406,completed,81540.42,50572.13,-2.9795,8.37,0.0000,0.1019,0.6578,0.7372,0.2426,,,,,
23.2041,10,10,38.7788,61.9828,completed,81540.42,50572.13,-2.9795,8.37,0.0000,0.0470,0.1032,0.3139,0.9276,0.8251,0.4462,0.6332,0.3482,0.1236
40.1242,8,3,12.6571,52.7811,converged,81538.16,50571.76,-2.9829,7.93,0.0000,0.0773,0.0836,,,,,,,
25.3104,10,10,37.6419,62.9519,completed,81538.16,50571.76,-2.9829,7.93,0.0000,0.0685,0.1382,0.3535,0.7085,0.4671,0.2437,0.3054,0.2525,0.2534
23.4488,10,10,39.4502,62.8983,completed,81536.26,50571.46,-2.9867,7.47,0.0000,0.1084,0.1916,0.3231,0.5714,1.0541,0.9679,0.3650,0.2223,0.2425
20.1781,10,10,39.4345,59.6125,completed,81536.26,50571.46,-2.9867,7.47,0.0000,0.0595,0.1194,0.2336,0.3716,0.3954,0.3395,0.4871,0.2776,0.1906
53.2831,6,6,23.0358,76.3189,completed,81534.47,50571.18,-2.9833,7.06,0.0000,0.0869,0.5897,1.3398,1.0803,0.5169,,,,
55.1241,6,6,32.9672,88.0912,completed,81534.47,50571.18,-2.9833,7.06,0.0000,0.0735,0.3715,0.7088,0.4381,0.3775,,,,
23.0215,10,10,60.7072,83.7283,completed,81532.44,50570.85,-2.9811,6.68,0.0000,0.0669,0.1087,0.1424,0.1811,0.8482,1.0331,0.5683,0.2816,0.2182
25.8717,10,3,13.0287,38.8998,converged,81532.44,50570.85,-2.9811,6.68,0.0000,0.0569,0.0277,,,,,,,
53.8232,6,6,29.9737,83.7967,completed,81530.79,50570.57,-2.9742,6.38,0.0000,0.1158,0.1334,1.0616,0.8551,0.6661,,,,
28.1848,10,10,43.0088,71.1928,completed,81530.79,50570.57,-2.9742,6.38,0.0000,0.0233,0.1063,0.2674,0.6097,1.2892,0.6787,0.5110,0.4043,0.3477
34.1856,9,3,12.8804,47.0654,converged,81529.17,50570.28,-2.9569,6.07,0.0000,0.0383,0.0970,,,,,,,
20.4831,10,3,11.1663,31.6494,converged,81529.17,50570.28,-2.9569,6.07,0.0000,0.0895,0.0892,,,,,,,
44.7097,8,8,28.8548,73.5639,completed,81527.83,50570.01,-2.9331,5.81,0.0000,0.2667,0.3632,0.2752,2.2913,1.1486,0.7116,0.4968,,
20.1910,10,3,10.1170,30.3070,converged,81527.83,50570.01,-2.9331,5.81,0.0000,0.1313,0.0904,,,,,,,
28.6356,10,10,43.2752,71.9102,completed,81526.56,50569.73,-2.9146,5.52,0.0000,0.1707,0.1906,0.1066,0.4378,1.4146,0.3020,0.6146,0.2989,0.1757
59.3569,5,5,18.6101,77.9662,completed,81526.56,50569.73,-2.9146,5.52,0.0000,0.3217,1.0081,3.8215,1.9008,,,,,
24.1164,10,10,37.2094,61.3255,completed,81525.15,50569.37,-2.8683,5.27,0.0000,0.2780,0.2311,0.1531,1.3623,2.6619,1.7041,0.4890,0.2366,0.1932
27.4017,10,10,40.5963,67.9973,completed,81525.15,50569.37,-2.8683,5.27,0.0000,0.2019,0.1046,0.2412,0.6861,1.0747,0.9080,0.6231,0.2709,0.1678
42.9772,8,8,29.2929,72.2699,completed,81523.81,50568.96,-2.8131,5.12,0.0000,0.3940,0.2829,0.3376,3.7301,2.1396,0.3419,0.2107,,
43.9014,8,8,31.1143,75.0153,completed,81523.81,50568.96,-2.8131,5.12,0.0000,0.2730,0.1384,0.9724,2.7790,1.2662,0.3212,0.2171,,
32.1229,10,10,43.3536,75.4756,completed,81522.50,50568.46,-2.7507,4.94,0.0000,0.2372,0.1847,0.1915,1.3895,3.3045,3.8411,0.8057,0.1863,0.2545
50.8051,7,3,8.8819,59.6869,converged,81522.50,50568.46,-2.7507,4.94,0.0000,0.2600,0.0693,,,,,,,
45.4652,8,8,35.0808,80.5458,completed,81521.39,50567.97,-2.6905,4.80,0.0000,0.3226,0.1691,0.7783,2.3226,1.2335,0.5918,0.1458,,
46.9650,7,7,34.6250,81.5890,completed,81521.39,50567.97,-2.6905,4.80,0.0000,0.2773,0.1423,1.1382,1.0848,0.8999,0.3342,,,
59.6628,5,5,32.5203,92.1824,completed,81520.05,50567.24,-2.5823,4.62,0.0000,0.5278,1.6146,0.9255,0.6345,,,,,
49.2251,7,3,11.7575,60.9825,converged,81520.05,50567.24,-2.5823,4.62,0.0000,0.2983,0.0895,,,,,,,
49.8876,7,7,30.0569,79.9439,completed,81519.07,50566.56,-2.4834,4.42,0.0000,0.5519,0.1316,2.4243,1.2343,0.9292,0.5122,,,
26.9667,10,10,43.6752,70.6413,completed,81519.07,50566.56,-2.4834,4.42,0.0000,0.2923,0.3020,0.1103,1.0814,0.6083,0.3990,0.3531,0.3918,0.3514
56.5020,6,6,27.3778,83.8799,completed,81518.06,50565.69,-2.3685,4.22,0.0000,0.6652,0.3145,1.2265,1.0881,0.8469,,,,
55.7142,6,6,23.1303,78.8443,completed,81518.06,50565.69,-2.3685,4.22,0.0000,0.7156,0.2540,0.3794,1.2546,0.6657,,,,
20.1516,10,10,41.4844,61.6354,completed,81517.23,50564.78,-2.2425,4.08,0.0000,0.4143,0.3810,0.1250,0.7731,0.6591,0.6139,0.1348,0.4361,0.4922
45.5579,8,8,40.4078,85.9649,completed,81517.23,50564.78,-2.2425,4.08,0.0000,0.5088,0.5039,0.4894,0.4043,0.7545,0.5875,0.6136,,
31.0045,10,8,73.2660,104.2700,deadline,81516.51,50563.80,-2.1342,4.06,0.0000,0.2371,0.2278,0.1092,0.3680,0.4185,0.2221,0.1805,,
24.4308,10,10,43.6388,68.0688,completed,81516.51,50563.80,-2.1342,4.06,0.0000,0.1744,0.1577,0.1112,1.3155,2.0962,2.0422,0.6404,0.4616,0.4586
44.2007,8,8,37.5111,81.7112,completed,81515.82,50562.55,-1.9933,4.14,0.0000,0.1176,0.3433,0.1686,1.5415,2.1542,1.0481,0.5626,,
24.1087,10,10,35.6501,59.7581,completed,81515.82,50562.55,-1.9933,4.14,0.0000,0.1269,0.2709,0.2681,0.1401,0.7579,0.6613,0.4084,0.3941,0.4302
43.3841,8,8,28.4450,71.8290,completed,81515.36,50561.38,-1.8766,4.27,0.0000,0.1799,0.4133,0.3172,0.9783,1.3964,1.1775,0.7246,,
49.1915,7,7,24.8505,74.0415,completed,81515.36,50561.38,-1.8766,4.27,0.0000,0.2049,0.3067,0.2048,0.3250,0.2565,0.3588,,,
39.2001,9,9,47.0470,86.2470,completed,81515.07,50560.35,-1.7917,4.35,0.0000,0.1250,0.3425,0.4715,0.1875,0.3816,1.4662,1.2751,0.5991,
52.3945,6,6,32.5446,84.9387,completed,81515.07,50560.35,-1.7917,4.35,0.0000,0.2000,0.1524,0.3040,0.9269,0.8000,,,,
23.0827,10,10,49.9619,73.0440,completed,81514.79,50558.90,-1.6993,4.65,0.0000,0.2514,0.4035,0.3620,0.1735,0.8399,0.6753,0.6037,0.2228,0.2079
49.9567,7,7,29.1396,79.0956,completed,81514.79,50558.90,-1.6993,4.65,0.0000,0.0498,0.2815,0.4183,0.7414,1.0230,0.4281,,,
31.0853,10,10,37.1942,68.2792,completed,81514.66,50557.61,-1.6214,4.98,0.0000,0.0639,0.3402,0.7206,0.5906,1.3009,0.3101,0.3764,0.1882,0.1274
31.9329,10,10,38.5344,70.4664,completed,81514.66,50557.61,-1.6214,4.98,0.0000,0.1503,0.3599,0.5470,0.3611,0.6604,0.3995,0.3239,0.1186,0.1244
50.6961,7,7,26.8417,77.5377,completed,81514.63,50556.33,-1.5521,5.29,0.0000,0.0737,0.5110,0.1892,0.8190,0.8332,0.2823,,,
49.4664,7,7,30.2671,79.7332,completed,81514.63,50556.33,-1.5521,5.29,0.0000,0.1848,0.5577,0.2185,0.9217,0.5851,0.2860,,,
28.1973,10,10,42.7504,70.9474,completed,81514.71,50554.56,-1.4766,5.72,0.0000,0.3010,0.5783,0.5700,0.3132,1.5282,0.4484,0.2388,0.1634,0.1106
55.8968,6,6,23.4677,79.3638,completed,81514.71,50554.56,-1.4766,5.72,0.0000,0.3607,0.1669,0.8072,0.9918,0.7384,,,,
53.5717,6,6,30.9267,84.4977,completed,81514.89,50552.91,-1.4232,6.11,0.0000,0.2444,0.9790,3.7105,1.4666,0.7371,,,,
43.7534,8,8,41.0708,84.8239,completed,81514.89,50552.91,-1.4232,6.11,0.0000,0.3535,0.4541,0.1888,1.9517,1.5445,0.9099,0.3556,,
34.0314,9,9,43.2258,77.2568,completed,81515.20,50551.04,-1.3791,6.43,0.0000,0.2219,0.1551,0.1317,1.3312,1.5041,0.4819,0.2206,0.1578,
41.9063,8,8,28.3067,70.2127,completed,81515.20,50551.04,-1.3791,6.43,0.0000,0.1441,0.2557,0.2255,1.2455,0.7911,0.3002,0.1133,,
40.8391,8,3,10.2554,51.0945,converged,81515.50,50549.49,-1.3540,6.70,0.0000,0.1390,0.0444,,,,,,,
31.6719,10,3,15.5219,47.1929,converged,81515.50,50549.49,-1.3540,6.70,0.0000,0.1227,0.0717,,,,,,,
48.3306,7,7,37.9578,86.2878,completed,81515.87,50547.83,-1.3333,6.92,0.0000,0.5636,0.3412,0.5770,1.0407,0.5880,0.3728,,,
45.4906,8,8,37.7242,83.2142,completed,81515.87,50547.83,-1.3333,6.92,0.0000,0.4112,0.2460,0.5405,0.4988,0.2860,0.5413,0.2335,,
20.6791,10,10,46.5330,67.2120,completed,81516.35,50545.85,-1.3207,7.20,0.0000,0.3792,0.4727,0.2257,0.5157,0.6464,0.3634,0.6891,0.3739,0.1828
21.6458,10,10,49.9615,71.6066,completed,81516.35,50545.85,-1.3207,7.20,0.0000,0.3164,0.2271,0.1038,0.5642,1.1829,1.0066,0.7323,0.2113,0.1036
27.9855,10,10,42.6471,70.6321,completed,81516.84,50543.94,-1.3111,7.40,0.0000,0.1974,0.3799,0.3523,0.1990,0.7549,0.7663,0.1551,0.1506,0.1938
46.1144,7,7,27.7907,73.9047,completed,81516.84,50543.94,-1.3111,7.40,0.0000,0.4244,0.3419,0.9935,0.2125,0.5056,0.4738,,,
59.3364,5,5,21.7133,81.0494,completed,81517.32,50542.12,-1.3056,7.61,0.0000,0.5004,0.2143,0.2403,0.4856,,,,,
40.8564,8,8,29.2373,70.0934,completed,81517.32,50542.12,-1.3056,7.61,0.0000,0.3073,0.3440,0.4067,0.9614,0.4345,0.3792,0.1303,,
34.6954,9,9,37.9815,72.6766,completed,81517.89,50540.03,-1.3024,7.91,0.0000,0.1979,0.2357,0.1311,0.7385,0.2431,0.9883,0.3105,0.2087,
24.3260,10,10,37.9967,62.3218,completed,81517.89,50540.03,-1.3024,7.91,0.0000,0.2232,0.3576,0.2505,0.2608,0.3859,0.1915,0.4027,0.3213,0.2833
45.0713,8,8,44.7507,89.8217,completed,81518.47,50537.94,-1.3026,8.11,0.0000,0.2407,0.2771,0.1482,0.4119,0.2415,0.5210,0.4872,,
29.1501,10,10,56.9870,86.1370,completed,81518.47,50537.94,-1.3026,8.11,0.0000,0.1610,0.2522,0.2783,0.2823,0.4122,0.7277,0.8191,0.4396,0.3718
29.5521,10,10,53.9591,83.5111,completed,81519.21,50535.23,-1.3116,8.32,0.0000,0.1578,0.2585,0.3371,0.2498,0.1726,0.5487,0.3486,0.5087,0.4416
42.9203,8,4,14.6867,57.6068,converged,81519.21,50535.23,-1.3116,8.32,0.0000,0.0971,0.1528,0.0466,,,,,,
34.3486,9,3,16.5749,50.9229,converged,81519.78,50533.06,-1.3211,8.45,0.0000,0.0533,0.0736,,,,,,,
33.3353,10,10,47.6480,80.9830,completed,81520.07,50531.96,-1.3253,8.49,0.0000,0.1254,0.3497,0.6016,0.5606,0.6978,0.6872,0.3844,0.2205,0.2730
41.8374,8,8,35.3974,77.2344,completed,81520.07,50531.96,-1.3253,8.49,0.0000,0.2292,0.7638,1.9505,0.9309,1.3873,1.3839,0.8019,,
32.9360,10,10,44.1446,77.0806,completed,81520.67,50529.57,-1.3325,8.57,0.0000,1.9262,1.7560,2.5119,5.6715,2.1135,0.4277,0.4162,0.6724,0.5545
47.4995,7,7,27.5002,74.9993,completed,81520.67,50529.57,-1.3325,8.57,0.0000,0.7931,2.3896,3.5049,1.4857,1.0221,0.8219,,,
23.2071,10,10,40.0899,63.2970,completed,81521.21,50527.32,-1.3433,8.60,0.0000,1.0484,0.2405,4.5111,5.1027,1.9968,0.6729,0.3501,0.3211,0.2820
59.2196,5,5,19.5106,78.7297,completed,81521.21,50527.32,-1.3433,8.60,0.0000,3.9530,4.0579,2.6697,2.3861,,,,,
54.6332,6,6,24.5252,79.1582,completed,81521.73,50525.05,-1.3548,8.62,0.0000,3.9691,3.1204,3.9201,1.4778,0.9387,,,,
32.2867,10,10,40.5576,72.8437,completed,81521.73,50525.05,-1.3548,8.62,0.0000,0.7171,0.9157,1.1164,0.8207,1.9088,1.4888,0.7765,0.6540,0.4249
50.5047,7,7,32.0232,82.5272,completed,81522.28,50522.53,-1.3645,8.62,0.0000,0.1124,0.1472,0.7120,0.9705,0.5851,0.3239,,,
58.4994,5,5,26.4945,84.9936,completed,81522.28,50522.53,-1.3645,8.62,0.0000,0.2293,0.3036,1.4702,1.0948,,,,,
53.4465,6,6,28.1626,81.6086,completed,81522.82,50519.96,-1.3721,8.61,0.0000,0.6255,2.7833,7.4027,3.7011,1.6962,,,,
21.0136,10,10,59.6458,80.6589,completed,81522.82,50519.96,-1.3721,8.61,0.0000,0.3389,0.1608,2.0938,1.4607,0.6512,0.7632,1.2520,0.7840,0.3350
21.0671,10,10,45.7164,66.7834,completed,81523.32,50517.47,-1.3789,8.60,0.0000,0.5651,0.9769,2.3110,0.9944,1.4281,0.7319,0.7640,0.5664,0.3323
27.4515,10,10,38.3859,65.8370,completed,81523.32,50517.47,-1.3789,8.60,0.0000,0.9522,0.3388,3.7133,3.9313,0.5849,0.2423,0.6741,0.5507,0.3178
42.5471,8,8,45.8997,88.4467,completed,81523.78,50515.11,-1.3846,8.59,0.0000,0.9952,1.3402,0.8329,1.7294,0.1399,0.2446,0.1218,,
45.6667,8,8,31.0611,76.7271,completed,81523.78,50515.11,-1.3846,8.59,0.0000,0.6845,0.6702,4.1274,2.5645,0.8278,0.4846,0.2424,,
23.2203,10,10,38.1386,61.3586,converged,81524.23,50512.76,-1.3881,8.58,0.0000,1.0853,1.3527,1.9168,0.7718,0.9583,0.2373,0.2455,0.1795,0.0903
22.1599,10,10,43.7160,65.8750,completed,81524.23,50512.76,-1.3881,8.58,0.0000,0.9038,1.3782,0.7176,2.0701,3.1218,0.7710,0.7111,0.3300,0.1556
53.5107,6,6,25.7719,79.2819,completed,81524.66,50510.49,-1.3910,8.57,0.0000,3.3061,6.1701,5.1209,2.1323,1.1162,,,,
46.8230,7,7,32.1593,78.9824,completed,81524.66,50510.49,-1.3910,8.57,0.0000,1.4148,3.9786,1.9962,0.9638,0.7226,0.3697,,,
38.9582,9,9,32.8665,71.8245,completed,81525.07,50508.22,-1.3932,8.57,0.0000,3.5473,4.8772,6.0433,7.7755,3.2191,0.8869,0.2006,0.1581,
21.1081,10,10,55.6291,76.7371,completed,81525.07,50508.22,-1.3932,8.57,0.0000,1.1642,1.5951,2.6145,4.2109,3.4449,0.9891,0.4912,0.2494,0.1162
35.6506,9,9,47.2343,82.8843,completed,81525.53,50505.70,-1.3951,8.56,0.0000,0.9121,1.3770,1.2811,3.5254,0.6935,0.3548,0.3534,0.1429,
44.7289,8,8,41.2096,85.9377,converged,81525.53,50505.70,-1.3951,8.56,0.0000,2.5693,3.7582,4.2534,3.1697,0.9009,0.4105,0.0960,,
41.6651,8,8,30.5081,72.1731,completed,81526.03,50502.92,-1.3971,8.56,0.0000,0.3899,0.1699,0.4603,1.7118,1.1862,0.2261,0.1068,,
27.7145,10,10,41.5107,69.2247,completed,81526.03,50502.92,-1.3971,8.56,0.0000,0.3592,0.4465,0.1486,0.6864,1.8460,0.7780,0.3342,0.1728,0.1197
48.1736,7,7,27.0482,75.2212,completed,81526.43,50500.64,-1.3973,8.56,0.0000,0.4609,0.2270,0.7386,1.5307,0.7876,0.2649,,,
24.1267,10,10,37.0085,61.1345,converged,81526.43,50500.64,-1.3973,8.56,0.0000,0.2227,0.2333,0.2745,0.5382,1.4980,1.1048,0.3733,0.2425,0.0961
48.2113,7,7,26.5472,74.7582,completed,81526.88,50498.12,-1.3971,8.53,0.0000,0.3506,0.2183,0.8721,1.3191,1.5793,0.7455,,,
55.1409,6,6,26.8089,81.9489,completed,81526.88,50498.12,-1.3971,8.53,0.0000,0.2016,0.7385,0.4157,0.4697,0.2464,,,,
48.8947,7,7,42.5318,91.4258,completed,81527.29,50495.77,-1.3969,8.53,0.0000,0.0910,0.2748,0.2025,0.6525,0.7328,0.4586,,,
25.0356,10,3,16.5884,41.6235,converged,81527.29,50495.77,-1.3969,8.53,0.0000,0.0976,0.0097,,,,,,,
43.4624,8,8,42.0120,85.4741,completed,81527.70,50493.47,-1.3969,8.52,0.0000,0.0960,0.1111,0.3398,0.8124,1.4184,1.0391,0.6298,,
33.0817,10,10,36.0638,69.1449,converged,81527.70,50493.47,-1.3969,8.52,0.0000,0.1005,0.1101,0.1641,0.1419,0.3105,0.4568,0.3895,0.1394,0.0897
50.3603,7,7,36.2546,86.6146,completed,81528.10,50491.23,-1.3962,8.51,0.0000,0.4133,0.2171,0.6360,2.1001,2.2182,1.0036,,,
43.6293,8,3,15.3522,58.9812,converged,81528.10,50491.23,-1.3962,8.51,0.0000,0.1202,0.0494,,,,,,,
29.0804,10,10,47.5062,76.5863,completed,81528.56,50488.66,-1.3961,8.50,0.0000,0.2518,0.1298,0.3074,0.6387,0.6805,0.7182,0.6792,0.3989,0.1626
22.5681,10,3,14.6216,37.1896,converged,81528.56,50488.66,-1.3961,8.50,0.0000,0.0749,0.0831,,,,,,,
27.0958,10,10,50.5514,77.6464,completed,81528.92,50486.64,-1.3963,8.49,0.0000,0.2308,0.3068,0.2978,0.5272,1.6608,2.2265,2.2062,0.9763,0.3658
32.3747,10,10,46.9319,79.3060,completed,81528.92,50486.64,-1.3963,8.49,0.0000,0.0608,0.1839,1.0012,2.8855,3.2875,2.4534,1.2507,0.4763,0.3237
40.4609,8,8,36.8531,77.3131,converged,81529.31,50484.42,-1.3959,8.48,0.0000,0.1702,0.3597,1.5973,1.0568,0.7650,0.2298,0.0560,,
54.9741,6,6,31.4360,86.4100,completed,81529.31,50484.42,-1.3959,8.48,0.0000,0.1290,3.4468,11.4483,4.7476,1.8112,,,,
54.5303,6,6,35.4258,89.9559,completed,81529.74,50481.98,-1.3961,8.48,0.0000,0.1191,1.1300,1.1468,0.8009,0.3912,,,,
25.3224,10,3,12.9879,38.3100,converged,81529.74,50481.98,-1.3961,8.48,0.0000,0.1637,0.0838,,,,,,,
56.7050,6,6,22.1896,78.8946,completed,81530.14,50479.73,-1.3955,8.48,0.0000,0.2930,0.9219,0.2457,1.0153,0.5409,,,,
51.9653,7,7,30.2911,82.2561,completed,81530.14,50479.73,-1.3955,8.48,0.0000,0.2117,0.6003,0.3042,0.7576,0.7087,0.3170,,,
57.5689,6,6,22.3218,79.8899,completed,81530.56,50477.40,-1.3952,8.48,0.0000,0.4467,0.6102,8.8272,3.5913,1.5182,,,,
59.3759,5,5,20.7501,80.1252,completed,81530.56,50477.40,-1.3952,8.48,0.0000,0.5318,0.7629,0.9815,0.4823,,,,,
49.5927,7,7,28.5294,78.1215,completed,81531.01,50474.90,-1.3953,8.48,0.0000,0.1367,1.7035,3.5010,2.5109,1.1397,0.3764,,,
59.2905,5,5,27.7530,87.0430,completed,81531.01,50474.90,-1.3953,8.48,0.0000,0.2143,6.9301,1.8928,0.7994,,,,,
37.4838,9,9,43.9359,81.4189,completed,81531.45,50472.39,-1.3958,8.48,0.0000,0.3323,0.4198,0.1418,2.5785,0.9557,0.8250,0.6539,0.3188,
37.0303,9,9,43.6358,80.6659,completed,81531.45,50472.39,-1.3958,8.48,0.0000,0.4133,0.6051,0.2666,1.7836,1.4646,1.3241,0.8268,0.4060,
36.3655,9,9,39.9854,76.3505,completed,81531.93,50469.72,-1.3959,8.48,0.0000,0.7480,1.2920,1.5596,1.5216,1.9011,2.0632,1.1430,0.3527,
56.6374,6,6,29.3178,85.9548,completed,81531.93,50469.72,-1.3959,8.48,0.0000,0.7298,1.6309,2.8068,1.1918,0.3100,,,,
35.5746,9,3,10.2180,45.7921,converged,81532.38,50467.22,-1.3961,8.47,0.0000,0.1238,0.0676,,,,,,,
49.5232,7,7,28.5423,78.0653,completed,81532.38,50467.22,-1.3961,8.47,0.0000,0.6040,1.7736,2.6642,3.3672,2.3240,1.3322,,,
31.0942,10,10,42.0199,73.1139,converged,81532.79,50464.89,-1.3966,8.46,0.0000,0.1395,0.2598,0.2398,2.8754,2.2013,0.3753,0.3167,0.1828,0.0843
38.4084,9,9,42.8216,81.2297,completed,81532.79,50464.89,-1.3966,8.46,0.0000,0.1689,0.4395,0.6795,1.1710,1.7958,1.0536,0.7110,0.3777,
28.2738,10,10,49.5795,77.8526,completed,81533.20,50462.60,-1.3958,8.45,0.0000,0.6798,1.0795,0.5986,3.1352,1.4815,1.2221,0.9073,0.2367,0.1270
53.6919,6,6,35.1931,88.8842,completed,81533.20,50462.60,-1.3958,8.45,0.0000,0.1913,4.5851,7.9207,2.6969,1.1025,,,,
52.3482,6,6,33.0952,85.4432,completed,81533.65,50460.07,-1.3965,8.42,0.0000,0.8025,5.2733,7.5286,4.3024,1.6840,,,,
26.9268,10,10,50.6580,77.5841,completed,81533.65,50460.07,-1.3965,8.42,0.0000,0.3815,0.7516,0.5777,0.5169,2.3125,1.2298,0.3057,0.1993,0.1133
26.9150,10,10,42.2464,69.1604,completed,81534.09,50457.58,-1.3969,8.39,0.0000,0.5266,0.9735,1.2027,0.4269,0.6333,0.8721,0.7395,0.2776,0.1129
39.7413,9,9,32.6995,72.4406,completed,81534.09,50457.58,-1.3969,8.39,0.0000,0.2615,0.8645,1.1556,1.1982,1.7311,0.6275,0.3689,0.1713,
41.0529,8,8,31.6184,72.6704,completed,81534.47,50455.40,-1.3961,8.37,0.0000,1.1281,2.3973,1.8283,0.8330,0.6503,0.3389,0.1486,,
25.3249,10,10,39.7597,65.0838,completed,81534.47,50455.40,-1.3961,8.37,0.0000,0.0812,0.3187,0.4706,0.6099,1.5096,0.8525,0.3029,0.1695,0.1042
20.6388,10,3,9.3779,30.0160,converged,81534.88,50453.13,-1.3963,8.36,0.0000,0.0293,0.0403,,,,,,,
26.2172,10,10,38.4801,64.6971,completed,81535.02,50452.30,-1.3963,8.36,0.0000,0.5635,0.9141,0.8229,0.3517,2.1491,3.4854,2.5653,1.0290,0.2859
22.3335,10,10,43.3898,65.7228,completed,81535.02,50452.30,-1.3963,8.36,0.0000,0.2592,0.4993,0.4809,1.0039,1.8074,0.9506,0.7296,0.3483,0.1326
54.5749,6,6,27.6754,82.2494,completed,81535.43,50450.00,-1.3963,8.35,0.0000,0.6556,0.8607,0.8029,0.5587,0.2555,,,,
59.1112,5,5,22.9032,82.0143,completed,81535.43,50450.00,-1.3963,8.35,0.0000,0.7969,0.7518,1.0517,0.4733,,,,,
44.0723,8,8,35.0704,79.1424,completed,81535.87,50447.53,-1.3967,8.35,0.0000,0.5880,1.0735,0.7798,0.6171,1.1684,0.3958,0.1654,,
28.5170,10,10,43.9748,72.4908,completed,81535.87,50447.53,-1.3967,8.35,0.0000,0.3636,0.5533,0.3629,0.6225,0.7617,0.4704,0.6624,0.4024,0.1618
42.2516,8,8,34.4165,76.6675,completed,81536.30,50445.12,-1.3962,8.37,0.0000,0.3644,0.6823,0.2693,0.4915,0.8164,0.1874,0.1192,,
43.4340,8,8,32.1914,75.6244,completed,81536.30,50445.12,-1.3962,8.37,0.0000,0.0615,0.2234,0.5582,1.0325,0.9811,0.6432,0.2924,,
31.1433,10,10,38.1994,69.3424,converged,81536.75,50442.58,-1.3970,8.39,0.0000,0.4750,0.8921,1.0844,0.7025,0.7949,1.7229,0.9335,0.2459,0.0919
46.7548,7,7,29.9765,76.7305,completed,81536.75,50442.58,-1.3970,8.39,0.0000,0.6417,1.0569,0.9473,1.9344,0.7367,0.3235,,,
24.0527,10,10,51.8196,75.8717,completed,81537.16,50440.27,-1.3976,8.41,0.0000,0.0649,0.1971,2.2746,4.5094,4.5813,5.1301,2.6764,1.2761,0.5881
20.0253,10,10,43.7027,63.7278,completed,81537.16,50440.27,-1.3976,8.41,0.0000,0.4941,0.8096,0.8629,0.7617,1.0597,1.3612,0.8160,0.3836,0.1031
42.6615,8,8,32.7030,75.3640,converged,81537.55,50438.03,-1.3980,8.42,0.0000,0.3254,0.3807,1.0103,1.1124,0.1627,0.1974,0.0940,,
43.4325,8,3,10.8948,54.3269,converged,81537.55,50438.03,-1.3980,8.42,0.0000,0.1882,0.0725,,,,,,,
45.8214,8,8,28.1521,73.9732,completed,81537.95,50435.79,-1.3965,8.43,0.0000,0.3914,0.8779,0.9339,1.4592,2.9695,2.2172,1.0100,,
44.9186,8,8,39.6544,84.5725,completed,81537.95,50435.79,-1.3965,8.43,0.0000,0.4019,0.7296,0.5668,1.6149,1.7179,1.5776,0.7342,,
22.2949,10,10,40.3220,62.6160,completed,81538.39,50433.39,-1.3953,8.43,0.0000,0.0328,0.1939,0.9639,2.5963,0.9545,0.3796,0.6422,0.2757,0.1418
47.4630,7,7,28.3677,75.8308,completed,81538.39,50433.39,-1.3953,8.43,0.0000,1.2243,2.1894,1.5660,1.4882,0.7092,0.2548,,,
29.5482,10,10,47.3514,76.8994,completed,81538.83,50430.99,-1.3932,8.43,0.0000,0.0758,0.2106,0.9937,2.1127,1.3325,0.8019,0.5417,0.2557,0.1803
59.7186,5,5,22.4002,82.1182,completed,81538.83,50430.99,-1.3932,8.43,0.0000,1.4705,3.8864,2.1682,1.3456,,,,,
46.6252,7,7,41.3886,88.0136,completed,81539.29,50428.49,-1.3928,8.42,0.0000,0.1919,0.3942,2.6812,1.3273,1.1353,0.6388,,,
24.6998,10,10,37.8748,62.5738,completed,81539.29,50428.49,-1.3928,8.42,0.0000,0.0402,0.2021,0.3876,2.8046,2.1908,0.5964,0.5889,0.1972,0.1632
49.1569,7,7,33.0969,82.2530,completed,81539.66,50426.47,-1.3917,8.41,0.0000,0.1307,0.3439,2.8426,1.4956,0.7126,0.4053,,,
45.1952,8,8,32.8565,78.0515,completed,81539.66,50426.47,-1.3917,8.41,0.0000,0.3577,0.3365,2.5450,3.1917,1.1019,0.7141,0.2482,,
20.4866,10,3,14.9200,35.4061,converged,81540.12,50423.93,-1.3931,8.40,0.0000,0.0281,0.0991,,,,,,,
50.4881,7,7,30.3424,80.8304,completed,81540.12,50423.93,-1.3931,8.40,0.0000,0.0937,0.1266,2.8371,1.3680,1.1626,0.8223,,,
33.6836,10,10,43.4487,77.1318,completed,81540.49,50421.85,-1.3929,8.40,0.0000,0.6123,0.8305,1.3649,3.7488,3.0051,1.9482,0.9635,0.2836,0.2230
41.4520,8,8,32.6586,74.1106,completed,81540.49,50421.85,-1.3929,8.40,0.0000,0.2561,0.4964,2.1460,1.2280,0.2417,0.4123,0.2094,,
36.2993,9,9,44.6618,80.9609,completed,81540.93,50419.36,-1.3930,8.40,0.0000,0.2400,0.1808,0.6620,2.6873,1.7137,1.2433,0.6719,0.4050,
39.1054,9,9,32.7638,71.8688,completed,81540.93,50419.36,-1.3930,8.40,0.0000,0.1774,0.1005,0.9477,1.5510,1.0925,0.6525,0.6653,0.3786,
46.2336,7,7,30.1760,76.4090,completed,81541.30,50417.28,-1.3931,8.41,0.0000,0.5053,0.4485,2.7255,1.3008,0.7973,0.3824,,,
32.9846,10,10,40.9614,73.9455,completed,81541.30,50417.28,-1.3931,8.41,0.0000,0.2472,0.1231,0.2336,1.1216,2.9043,0.2764,0.3630,0.5187,0.3222
58.9574,5,5,20.2860,79.2431,completed,81541.74,50414.79,-1.3936,8.41,0.0000,1.0467,2.2872,3.9126,1.7281,,,,,
52.8429,6,6,36.7176,89.5597,completed,81541.74,50414.79,-1.3936,8.41,0.0000,0.4961,0.2410,1.4984,1.6639,1.0162,,,,
41.5431,8,8,40.4876,82.0306,completed,81542.19,50412.23,-1.3900,8.39,0.0000,0.0642,0.4962,0.5177,2.5298,1.2379,0.9091,0.4133,,
45.7281,8,8,36.1124,81.8524,completed,81542.19,50412.23,-1.3900,8.39,0.0000,0.2555,0.2452,0.9652,1.1561,1.0593,0.6172,0.3024,,
37.5208,9,9,36.8019,74.3220,completed,81542.63,50409.82,-1.3885,8.37,0.0000,0.1536,0.5493,0.4011,2.2630,1.2761,0.8759,0.4968,0.2269,
28.5954,10,3,17.2046,45.7997,converged,81542.63,50409.82,-1.3885,8.37,0.0000,0.0800,0.0268,,,,,,,
56.5925,6,6,31.1970,87.7890,completed,81543.03,50407.60,-1.3874,8.36,0.0000,0.1901,0.1397,1.3558,1.0933,0.3315,,,,
55.0324,6,6,31.6767,86.7087,completed,81543.03,50407.60,-1.3874,8.36,0.0000,0.1570,0.4746,1.8145,0.8038,0.8430,,,,
27.6793,10,10,38.3971,66.0761,completed,81543.54,50404.88,-1.3825,8.39,0.0000,0.0765,0.1669,0.2720,1.4513,0.7464,0.9034,0.8410,0.3270,0.1485
34.1188,9,3,12.3947,46.5128,converged,81543.54,50404.88,-1.3825,8.39,0.0000,0.1079,0.0509,,,,,,,
49.0093,7,7,32.3982,81.4073,completed,81543.97,50402.65,-1.3771,8.43,0.0000,0.2319,0.2910,0.7136,1.9378,1.0744,0.4371,,,
56.1578,6,6,34.6770,90.8341,completed,81543.97,50402.65,-1.3771,8.43,0.0000,0.0615,0.3340,3.0682,1.3846,0.6901,,,,
40.5509,8,8,32.8976,73.4477,completed,81544.51,50399.97,-1.3730,8.47,0.0000,0.1087,0.2081,0.8640,0.9268,1.1637,0.5348,0.3326,,
53.6836,6,6,24.7590,78.4421,completed,81544.51,50399.97,-1.3730,8.47,0.0000,0.0423,0.3904,1.2759,1.7873,1.4669,,,,
28.3163,10,10,42.7755,71.0916,completed,81545.03,50397.44,-1.3701,8.44,0.0000,0.0978,0.1541,0.1092,1.0293,1.1086,0.9044,0.6997,0.3144,0.3265
37.5439,9,3,13.6480,51.1910,converged,81545.03,50397.44,-1.3701,8.44,0.0000,0.0815,0.0912,,,,,,,
32.0354,10,10,40.9489,72.9839,completed,81545.49,50395.21,-1.3678,8.40,0.0000,0.2550,0.1616,0.2882,1.2093,0.7957,0.9985,0.7804,0.3451,0.1901
49.5252,7,7,30.8191,80.3441,completed,81545.49,50395.21,-1.3678,8.40,0.0000,0.1274,0.1199,1.5910,0.8604,0.4791,0.5096,,,
56.6868,6,6,26.0810,82.7670,completed,81545.96,50392.91,-1.3674,8.36,0.0000,0.2215,0.4469,1.4533,0.9686,0.5625,,,,
25.9315,10,10,38.1417,64.0727,completed,81545.96,50392.91,-1.3674,8.36,0.0000,0.0656,0.1080,0.3286,2.5471,4.3018,2.6459,1.0797,0.1386,0.2879
40.6461,8,8,34.4213,75.0673,completed,81546.43,50390.62,-1.3672,8.35,0.0000,0.0426,0.1815,1.1144,1.5001,1.0111,0.6834,0.3979,,
43.9020,8,3,10.8505,54.7515,converged,81546.43,50390.62,-1.3672,8.35,0.0000,0.1176,0.0842,,,,,,,
27.6038,10,10,55.8895,83.4925,completed,81546.89,50388.41,-1.3654,8.38,0.0000,0.0333,0.1738,0.6999,2.3003,4.6820,0.7443,0.4211,0.3072,0.3588
28.6944,10,3,20.2050,48.8991,converged,81546.89,50388.41,-1.3654,8.38,0.0000,0.0370,0.0413,,,,,,,
48.9109,7,7,40.4594,89.3694,completed,81547.39,50386.00,-1.3668,8.45,0.0000,0.1202,0.4825,1.2312,0.8437,0.7729,0.3305,,,
44.2879,8,3,14.3139,58.6010,converged,81547.39,50386.00,-1.3668,8.45,0.0000,0.0490,0.0321,,,,,,,
41.0403,8,8,31.2366,72.2766,completed,81547.91,50383.51,-1.3644,8.48,0.0000,0.2593,0.6199,1.2610,2.7370,0.5049,0.4943,0.2930,,
24.6967,10,3,14.8796,39.5756,converged,81547.91,50383.51,-1.3644,8.48,0.0000,0.0254,0.0532,,,,,,,
32.6756,10,10,49.1605,81.8355,completed,81548.35,50381.39,-1.3674,8.49,0.0000,0.0405,0.1564,0.5480,1.6464,4.2985,1.2727,0.6615,0.2320,0.2885
37.9703,9,9,34.2297,72.1997,completed,81548.35,50381.39,-1.3674,8.49,0.0000,0.0807,0.1497,0.7529,3.1830,1.6015,1.0057,0.3149,0.1463,
53.3182,6,6,34.9082,88.2263,completed,81548.83,50379.07,-1.3686,8.45,0.0000,0.1667,0.2533,0.3940,1.1885,0.6985,,,,
32.1989,10,3,12.0920,44.2901,converged,81548.83,50379.07,-1.3686,8.45,0.0000,0.0404,0.0755,,,,,,,
28.8237,10,10,42.1519,70.9749,completed,81549.29,50376.84,-1.3692,8.41,0.0000,0.2575,0.3367,0.2761,0.1076,0.7658,1.8519,0.8141,0.2710,0.3035
53.9236,6,6,28.0176,81.9406,completed,81549.29,50376.84,-1.3692,8.41,0.0000,0.1412,0.4235,1.1225,0.5762,0.3496,,,,
34.2516,9,9,33.4069,67.6579,completed,81549.79,50374.37,-1.3718,8.36,0.0000,0.0388,0.1120,0.6454,3.7899,1.2603,0.5586,0.3807,0.3353,
46.4525,7,7,43.1400,89.5920,completed,81549.79,50374.37,-1.3718,8.36,0.0000,0.0817,0.5253,3.2005,3.1496,1.4512,0.3700,,,
28.4014,10,3,16.4261,44.8271,converged,81550.29,50371.92,-1.3743,8.34,0.0000,0.0311,0.0754,,,,,,,
41.1994,8,8,45.9263,87.1253,completed,81550.29,50371.92,-1.3743,8.34,0.0000,0.1011,0.3942,1.1996,0.5148,1.0218,0.6462,0.3162,,
46.7092,7,7,36.9860,83.6951,completed,81550.77,50369.51,-1.3746,8.34,0.0000,0.0700,0.3464,0.9734,0.7034,0.7759,0.4249,,,
57.0877,6,6,34.4295,91.5167,completed,81550.77,50369.51,-1.3746,8.34,0.0000,0.1857,0.5663,1.7020,0.4562,0.2777,,,,
49.0844,7,3,10.9741,60.0581,converged,81551.22,50367.25,-1.3744,8.35,0.0000,0.0293,0.0529,,,,,,,
39.4028,9,9,51.4459,90.8479,completed,81551.22,50367.25,-1.3744,8.35,0.0000,0.0387,0.2045,1.8012,2.1565,2.3332,1.8385,0.8576,0.2639,
54.0238,6,6,40.8251,94.8482,completed,81551.72,50364.80,-1.3743,8.36,0.0000,0.0487,0.3732,0.8436,0.2208,0.3164,,,,
24.2594,10,3,16.3180,40.5771,converged,81551.72,50364.80,-1.3743,8.36,0.0000,0.0222,0.0665,,,,,,,
39.4758,9,9,55.4607,94.9357,completed,81552.18,50362.50,-1.3752,8.35,0.0000,0.0369,0.1478,0.4257,0.5347,0.5079,0.5233,0.3472,0.2493,
47.5909,7,7,39.6926,87.2827,completed,81552.18,50362.50,-1.3752,8.35,0.0000,0.0442,0.2457,1.2970,0.5128,0.3641,0.3076,,,
53.8382,6,6,26.9746,80.8127,completed,81552.75,50359.63,-1.3771,8.36,0.0000,0.0452,0.4361,0.7710,0.2333,0.1468,,,,
51.1095,7,3,14.3222,65.4312,converged,81552.75,50359.63,-1.3771,8.36,0.0000,0.0379,0.0237,,,,,,,
30.6623,10,3,9.2600,39.9220,converged,81553.24,50357.10,-1.3799,8.36,0.0000,0.0288,0.0470,,,,,,,
52.5623,6,3,15.0333,67.5953,converged,81553.24,50357.10,-1.3799,8.36,0.0000,0.0943,0.0416,,,,,,,
53.0344,6,6,29.9686,83.0027,completed,81553.63,50355.13,-1.3811,8.36,0.0000,0.1286,0.4007,2.0805,1.3707,0.8333,,,,
50.9337,7,3,11.3760,62.3090,converged,81553.63,50355.13,-1.3811,8.36,0.0000,0.0662,0.0523,,,,,,,
36.8545,9,3,12.5147,49.3687,converged,81554.07,50352.86,-1.3806,8.36,0.0000,0.0779,0.0729,,,,,,,
34.7917,9,3,10.8216,45.6126,converged,81554.07,50352.86,-1.3806,8.36,0.0000,0.0407,0.0660,,,,,,,
51.9336,7,3,10.0361,61.9692,converged,81554.43,50351.03,-1.3807,8.36,0.0000,0.0743,0.0467,,,,,,,
56.1790,6,6,24.7491,80.9272,completed,81554.43,50351.03,-1.3807,8.36,0.0000,0.0706,0.2852,0.7436,0.4008,0.2544,,,,
53.5426,6,6,37.4889,91.0460,completed,81554.88,50348.73,-1.3807,8.36,0.0000,0.0760,0.3110,1.1861,0.8456,0.5657,,,,
24.8741,10,3,13.0489,37.9229,converged,81554.88,50348.73,-1.3807,8.36,0.0000,0.0382,0.0388,,,,,,,
28.4651,10,4,15.7311,44.1961,converged,81555.31,50346.51,-1.3810,8.36,0.0000,0.0768,0.1122,0.0585,,,,,,
59.6144,5,5,31.4689,91.0829,completed,81555.31,50346.51,-1.3810,8.36,0.0000,0.0692,0.1600,1.2013,0.9079,,,,,
20.5036,10,4,23.2438,43.7468,converged,81555.75,50344.18,-1.3827,8.36,0.0000,0.0678,0.1048,0.0449,,,,,,
56.3433,6,6,25.6199,81.9629,completed,81555.75,50344.18,-1.3827,8.36,0.0000,0.0601,0.1280,0.3090,0.2374,0.4095,,,,
45.1426,8,8,29.6655,74.8075,completed,81556.21,50341.81,-1.3824,8.36,0.0000,0.1454,0.1174,0.4285,0.9622,0.6747,0.5339,0.2571,,
30.2677,10,3,9.3803,39.6474,converged,81556.21,50341.81,-1.3824,8.36,0.0000,0.0497,0.0783,,,,,,,
33.5934,10,3,12.9143,46.5073,converged,81556.57,50339.92,-1.3832,8.36,0.0000,0.0494,0.0841,,,,,,,
33.4909,10,3,11.7517,45.2417,converged,81556.57,50339.92,-1.3832,8.36,0.0000,0.0335,0.0220,,,,,,,
53.4371,6,3,18.2961,72.2882,converged,81556.96,50337.91,-1.3838,8.36,0.0000,0.1229,0.0937,,,,,,,
20.0400,10,3,10.2396,30.2796,converged,81556.96,50337.91,-1.3838,8.36,0.0000,0.0245,0.0130,,,,,,,
51.4823,7,3,11.0542,62.5362,converged,81557.36,50335.86,-1.3827,8.36,0.0000,0.0833,0.0571,,,,,,,
41.4904,8,8,39.6434,81.1334,completed,81557.36,50335.86,-1.3827,8.36,0.0000,0.0592,0.1073,0.1408,0.1702,0.4954,0.4482,0.2057,,
52.3361,6,6,33.0868,85.4228,completed,81557.80,50333.59,-1.3826,8.36,0.0000,0.0963,0.1004,0.8069,0.2046,0.2772,,,,
53.9785,6,3,15.8401,69.8181,converged,81557.80,50333.59,-1.3826,8.36,0.0000,0.1119,0.0936,,,,,,,
58.6166,5,5,27.1027,85.7187,completed,81558.23,50331.36,-1.3841,8.28,0.0000,0.0641,0.9167,1.1359,0.6264,,,,,
26.5992,10,4,18.7830,45.3821,converged,81558.23,50331.36,-1.3841,8.28,0.0000,0.0278,0.1040,0.0511,,,,,,
52.9451,6,6,34.3016,87.2466,completed,81558.64,50329.20,-1.3838,8.18,0.0000,0.0491,0.2670,1.6462,0.3487,0.1651,,,,
54.5308,6,6,24.6986,79.2286,completed,81558.64,50329.20,-1.3838,8.18,0.0000,0.0187,0.2734,2.2555,0.4209,0.4379,,,,
40.2185,8,3,16.7938,57.0118,converged,81559.04,50327.11,-1.3809,8.20,0.0000,0.0267,0.0887,,,,,,,
25.7639,10,7,31.7280,57.4910,converged,81559.04,50327.11,-1.3809,8.20,0.0000,0.0343,0.1188,0.1456,0.2141,0.8509,0.0865,,,
39.1255,9,9,45.9628,85.0878,completed,81559.42,50325.07,-1.3828,7.45,0.0000,0.0172,0.1317,0.5888,0.6316,0.2742,0.4031,0.3682,0.1414,
41.0737,8,3,10.8353,51.9083,converged,81559.42,50325.07,-1.3828,7.45,0.0000,0.0280,0.0419,,,,,,,
41.7557,8,8,38.8360,80.5911,completed,81559.78,50323.10,-1.4155,6.20,0.0000,0.0902,1.0028,3.7485,2.8652,0.9515,0.5967,0.2183,,
48.3435,7,3,11.7675,60.1105,converged,81559.78,50323.10,-1.4155,6.20,0.0000,0.1169,0.0607,,,,,,,
28.5943,10,10,43.5614,72.1555,completed,81560.04,50321.22,-1.4279,6.50,0.0000,0.0804,0.3758,1.5830,3.0116,1.8389,0.1611,0.2717,0.2569,0.1690
41.9414,8,3,9.9538,51.8948,converged,81560.04,50321.22,-1.4279,6.50,0.0000,0.0898,0.0286,,,,,,,
56.5314,6,6,25.3887,81.9197,completed,81560.30,50319.45,-1.4132,6.79,0.0000,0.0491,1.8124,3.0273,1.2926,0.4749,,,,
54.5106,6,6,23.5348,78.0449,completed,81560.30,50319.45,-1.4132,6.79,0.0000,0.2006,1.0810,1.5419,0.7490,0.3710,,,,
31.2516,10,10,42.6025,73.8535,completed,81560.63,50317.43,-1.4025,7.10,0.0000,0.0531,0.4896,2.2886,4.0078,2.1692,0.6565,0.8064,0.3266,0.1286
57.0559,6,6,22.7112,79.7662,completed,81560.63,50317.43,-1.4025,7.10,0.0000,0.2991,1.7466,3.4571,2.6960,1.2320,,,,
54.4459,6,6,28.9414,83.3864,completed,81561.00,50315.30,-1.3957,7.39,0.0000,0.1747,3.3449,3.0298,0.8762,0.4845,,,,
41.8745,8,8,37.6427,79.5432,completed,81561.00,50315.30,-1.3957,7.39,0.0000,0.1445,0.3822,1.9651,1.1752,0.8049,0.3758,0.2019,,
26.2886,10,10,39.9640,66.2520,completed,81561.41,50313.02,-1.3914,7.74,0.0000,0.1143,1.1786,5.9775,11.6846,4.7124,1.9254,1.0049,0.4536,0.2423
28.0662,10,10,39.0769,67.1430,completed,81561.41,50313.02,-1.3914,7.74,0.0000,0.1148,0.1017,1.1717,3.4392,0.8800,1.3524,1.0488,0.4468,0.2095
48.2642,7,7,26.4732,74.7372,completed,81561.78,50310.99,-1.3884,7.98,0.0000,0.2257,2.1552,6.7630,4.5369,1.0236,0.5825,,,
24.3478,10,10,37.5848,61.9318,converged,81561.78,50310.99,-1.3884,7.98,0.0000,0.0978,0.2519,1.2367,2.4831,0.8788,0.8025,0.1918,0.1457,0.0825
51.2382,7,7,27.1498,78.3878,completed,81562.25,50308.52,-1.3853,8.25,0.0000,0.4032,1.3068,4.8293,3.1378,0.6197,0.2457,,,
23.0531,10,10,32.9276,55.9806,converged,81562.25,50308.52,-1.3853,8.25,0.0000,0.0843,0.2093,1.2740,2.8886,1.0495,0.3394,0.3964,0.2319,0.0875
50.5305,7,7,34.6565,85.1865,completed,81562.65,50306.38,-1.3834,8.43,0.0000,0.0812,3.8855,17.8173,6.8374,2.7971,1.1830,,,
51.6148,7,7,29.3905,81.0046,completed,81562.65,50306.38,-1.3834,8.43,0.0000,0.1276,0.8870,3.7534,0.7601,0.6200,0.1310,,,
24.7378,10,10,47.8592,72.5962,completed,81563.17,50303.70,-1.3816,8.56,0.0000,0.2411,0.1906,0.9990,1.3200,1.6808,1.1481,0.4430,0.3879,0.2295
42.0096,8,8,34.2827,76.2918,completed,81563.17,50303.70,-1.3816,8.56,0.0000,0.4782,0.8000,3.2353,1.5939,1.6713,0.5951,0.2849,,
31.0855,10,3,11.6398,42.7248,converged,81563.62,50301.34,-1.3804,8.63,0.0000,0.4805,0.0942,,,,,,,
21.9848,10,10,46.1770,68.1610,completed,81563.62,50301.34,-1.3804,8.63,0.0000,0.1231,0.1029,1.7936,4.3090,4.1263,1.2285,0.5574,0.3422,0.2312
32.5451,10,10,37.4816,70.0266,converged,81563.99,50299.48,-1.3803,8.66,0.0000,0.8041,0.7015,0.1964,0.8597,0.7763,1.1456,0.8432,0.2910,0.0947
57.1979,6,6,26.8859,84.0829,completed,81563.99,50299.48,-1.3803,8.66,0.0000,0.5323,3.0299,5.2140,1.1238,0.6783,,,,
41.7253,8,8,37.1250,78.8500,completed,81564.52,50296.76,-1.3806,8.68,0.0000,0.7607,0.3091,3.4916,7.0474,0.8109,0.3593,0.1564,,
52.7282,6,6,24.9325,77.6605,completed,81564.52,50296.76,-1.3806,8.68,0.0000,0.1961,2.8338,4.3403,0.3891,0.2444,,,,
23.7194,10,10,45.3045,69.0236,completed,81564.91,50294.88,-1.2800,4.52,0.0000,0.0577,0.7468,3.8990,7.5203,2.8167,1.2443,0.8019,0.1953,0.1975
55.0356,6,6,23.8194,78.8544,completed,81564.91,50294.88,-1.2800,4.52,0.0000,0.6386,3.8330,1.8594,0.6546,0.6107,,,,
23.1505,10,10,37.0416,60.1916,completed,81565.26,50293.81,-1.2466,4.58,0.0000,0.3149,0.3232,0.7597,2.8272,1.8608,1.4365,0.6501,0.2622,0.1786
48.1671,7,7,29.3751,77.5422,completed,81565.41,50293.20,-1.2720,3.07,0.0000,1.0769,2.1476,0.8018,0.5827,0.3260,0.2798,,,
23.5550,10,10,39.6953,63.2503,completed,81565.41,50293.20,-1.2720,3.07,0.0000,0.2485,0.7928,4.8913,8.9354,5.0769,1.6071,0.9048,0.4088,0.2327
52.8461,6,6,30.5083,83.3543,completed,81565.56,50292.41,-1.2996,3.04,0.0000,1.8572,0.4567,6.1565,3.1492,1.2121,,,,
41.6412,8,8,27.6607,69.3018,completed,81565.56,50292.41,-1.2996,3.04,0.0000,2.6633,3.3460,5.7319,3.4025,1.1466,0.6889,0.3134,,
50.4399,7,7,32.2418,82.6808,completed,81565.69,50291.59,-1.3184,3.33,0.0000,1.0341,1.4214,3.8137,3.6022,1.4323,0.6491,,,
44.5877,8,8,29.9125,74.4995,completed,81565.69,50291.59,-1.3184,3.33,0.0000,0.8452,0.8571,2.6026,3.7950,0.8543,0.5549,0.4328,,
43.2948,8,8,47.6712,90.9653,completed,81565.73,50291.26,-1.3420,0.77,0.0000,0.5648,1.2124,4.6587,3.1120,0.7787,0.4566,0.2322,,
47.5001,7,7,36.9504,84.4504,completed,81565.73,50291.26,-1.3420,0.77,0.0000,0.3267,2.1158,10.2647,3.3525,1.4725,0.4914,,,
54.5657,6,6,34.8605,89.4255,completed,81565.74,50290.94,-1.5593,0.63,0.0000,1.2635,4.6290,10.8792,2.8527,0.9152,,,,
46.4289,7,7,33.0733,79.5014,completed,81565.74,50290.94,-1.5593,0.63,0.0000,1.4167,1.0139,11.9483,3.4194,0.6695,0.2779,,,
23.1326,10,10,35.3377,58.4698,completed,81565.72,50290.81,-1.8265,0.52,0.0000,0.7812,0.9062,0.6693,0.6770,1.6432,2.4338,1.1133,0.3429,0.1870
49.3081,7,7,33.7121,83.0201,completed,81565.72,50290.81,-1.8265,0.52,0.0000,0.8685,0.2585,0.8470,2.6555,1.8035,0.7414,,,
23.1847,10,10,41.0685,64.2526,completed,81565.65,50290.63,-2.1217,0.82,0.0000,0.3463,0.2545,0.2407,1.2236,1.5915,0.4815,0.5525,0.3114,0.4310
28.9868,10,10,47.8428,76.8289,completed,81565.65,50290.63,-2.1217,0.82,0.0000,0.4315,0.3991,0.9825,3.4410,5.6544,4.1530,2.4589,0.4843,0.2924
58.5783,5,5,21.1535,79.7315,completed,81565.42,50290.37,-2.4816,1.56,0.0000,0.4550,5.4961,1.1063,0.6318,,,,,
35.5886,9,9,38.1584,73.7465,completed,81565.42,50290.37,-2.4816,1.56,0.0000,0.1645,0.4040,1.9360,4.3912,0.6318,0.6865,0.2083,0.2169,
31.5696,10,10,46.7723,78.3413,completed,81564.93,50290.14,-2.9582,1.49,0.0000,0.8109,1.1007,1.2287,2.1223,7.0912,3.6135,0.9226,0.3243,0.1984
52.2129,6,6,26.5810,78.7930,completed,81564.93,50290.14,-2.9582,1.49,0.0000,2.0837,2.7349,5.3500,2.3899,0.4823,,,,
43.3313,8,8,31.3642,74.6952,completed,81564.60,50290.11,3.0691,0.57,0.0000,0.2454,0.1666,2.1784,2.9133,1.5274,0.9616,0.6200,,
41.5190,8,8,30.4612,71.9793,completed,81564.60,50290.11,3.0691,0.57,0.0000,0.8073,1.7084,6.1520,6.3036,2.5173,0.3851,0.3995,,
25.0508,10,10,37.4812,62.5313,completed,81564.54,50290.12,2.9839,0.04,0.0000,0.1821,0.3582,1.0638,3.7248,5.1365,4.4651,2.3714,0.8574,0.3453
27.2386,10,10,41.7353,68.9733,completed,81564.54,50290.12,2.9839,0.04,0.0000,0.2309,0.3981,0.5951,0.8834,3.0198,2.0322,1.1038,0.4651,0.2948
40.9842,8,8,43.5833,84.5673,completed,81564.52,50290.12,2.9282,0.31,0.0000,0.1874,0.1873,0.8709,2.0470,1.8280,0.8207,0.5410,,
57.0915,6,6,26.4504,83.5414,completed,81564.52,50290.12,2.9282,0.31,0.0000,0.6419,0.8147,5.3253,3.1741,1.2996,,,,
25.6670,10,10,39.9957,65.6617,completed,81564.43,50290.14,2.8473,-0.00,0.0000,0.2117,0.1943,0.2124,1.3061,4.9068,3.3440,1.2005,0.5431,0.5215
20.0584,10,10,45.4739,65.5319,completed,81564.43,50290.14,2.8473,-0.00,0.0000,0.2203,0.3795,1.4746,1.9552,1.4443,0.6174,0.6605,0.4364,0.3394
36.3783,9,9,41.8805,78.2586,completed,81564.46,50290.13,2.7972,-0.19,0.0000,0.2159,0.1343,1.0130,1.9013,0.5331,0.2671,0.2722,0.3006,
34.0514,9,9,33.2490,67.3001,completed,81564.46,50290.13,2.7972,-0.19,0.0000,0.0864,0.1517,0.7822,1.8395,1.4341,0.7407,0.6383,0.7850,
48.4634,7,7,32.5210,80.9840,completed,81564.51,50290.12,2.7468,-0.20,0.0000,0.2653,0.6744,2.4351,0.8976,1.4795,0.7679,,,
48.9196,7,7,27.8980,76.8170,completed,81564.51,50290.12,2.7468,-0.20,0.0000,0.4297,1.9950,11.6099,2.0860,0.8745,0.4763,,,
20.7693,10,10,42.8530,63.6221,completed,81564.58,50290.08,2.6771,-0.43,0.0000,0.8384,0.9389,0.4752,1.9405,6.1230,4.3928,2.1979,0.7736,0.5965
40.9984,8,8,30.7801,71.7782,completed,81564.58,50290.08,2.6771,-0.43,0.0000,0.5346,0.6207,7.9761,4.0988,2.3295,0.7184,0.8000,,
20.9562,10,10,35.9365,56.8926,completed,81564.69,50290.03,2.6063,-0.49,0.0000,0.4560,0.5983,3.5708,16.7147,4.0108,0.9482,0.7430,0.4450,0.2829
27.8296,10,10,38.9661,66.7951,completed,81564.69,50290.03,2.6063,-0.49,0.0000,1.4128,1.5663,1.6708,10.7470,3.3009,4.7040,1.5065,0.2760,0.2285
54.5597,6,6,24.2297,78.7887,completed,81564.79,50289.96,2.5362,-0.31,0.0000,1.6016,17.8859,3.1625,0.1722,0.5351,,,,
30.2286,10,9,31.1596,61.3876,converged,81564.79,50289.96,2.5362,-0.31,0.0000,0.9738,0.8697,2.5735,14.0918,5.7615,0.2946,0.1046,0.0844,
55.5279,6,6,22.3822,77.9092,completed,81564.82,50289.94,2.5197,-0.12,0.0000,2.3910,2.5930,3.3466,2.1517,0.5629,,,,
51.0229,7,7,31.3563,82.3784,completed,81564.82,50289.94,2.5197,-0.12,0.0000,0.5591,2.9490,7.3530,1.5994,0.2645,0.1951,,,
33.1079,10,10,44.3550,77.4621,completed,81564.83,50289.93,2.5092,0.02,0.0000,0.5578,1.2850,1.5397,7.7928,7.9072,0.5922,0.4505,0.2838,0.1662
59.3895,5,5,28.2312,87.6202,completed,81564.83,50289.93,2.5092,0.02,0.0000,3.5131,5.6316,2.4996,0.7900,,,,,
35.6810,9,9,40.1773,75.8573,completed,81564.83,50289.93,2.5105,0.05,0.0000,1.2045,1.4801,4.9836,6.2449,3.6473,0.4920,0.4361,0.7106,
43.8159,8,8,27.6668,71.4818,completed,81564.83,50289.93,2.5105,0.05,0.0000,1.6508,0.8732,8.5293,2.7838,1.3625,0.5290,0.2030,,
25.9526,10,8,40.2265,66.1785,converged,81564.82,50289.94,2.5211,0.10,0.0000,0.2920,0.3915,5.8810,8.1529,2.1322,0.3845,0.0899,,
52.8698,6,6,28.9831,81.8522,completed,81564.82,50289.94,2.5211,0.10,0.0000,0.5047,8.0745,8.0974,1.9974,0.1939,,,,
54.1382,6,6,31.4105,85.5486,completed,81564.78,50289.97,2.5462,0.21,0.0000,3.5812,3.3990,7.6344,2.8629,0.5421,,,,
52.4179,6,6,30.4710,82.8880,completed,81564.78,50289.97,2.5462,0.21,0.0000,0.3217,9.4853,5.5383,0.5458,0.7668,,,,
46.8454,7,7,39.7053,86.5503,completed,81564.71,50290.01,2.5958,0.27,0.0000,2.8465,2.2453,14.2239,0.5958,0.5389,0.3750,,,
27.2597,10,10,55.7301,82.9892,completed,81564.71,50290.01,2.5958,0.27,0.0000,3.1682,4.1443,2.8903,3.5368,5.8469,2.3394,0.8285,0.5084,0.5442
49.6415,7,7,28.0995,77.7405,completed,81564.64,50290.05,2.6429,0.25,0.0000,4.4397,1.5226,9.5254,5.3913,1.2858,0.7833,,,
42.7528,8,8,38.0269,80.7790,completed,81564.64,50290.05,2.6429,0.25,0.0000,3.2407,0.5496,11.5711,0.2134,0.3394,0.2670,0.1092,,
31.5718,10,9,31.9772,63.5482,converged,81564.58,50290.09,2.6834,0.21,0.0000,1.4209,2.9150,0.6715,4.7568,0.4694,0.1332,0.2089,0.0880,
38.0714,9,9,38.5619,76.6329,converged,81564.58,50290.09,2.6834,0.21,0.0000,4.0431,3.6979,4.5953,8.5471,0.4409,0.2138,0.1136,0.0744,
27.7815,10,10,40.0506,67.8316,completed,81564.56,50290.10,2.7049,0.00,0.0000,2.6706,3.0668,0.4415,3.3911,1.1140,3.3972,1.2377,0.2660,0.2374
41.7195,8,8,27.7611,69.4801,completed,81564.56,50290.10,2.7049,0.00,0.0000,3.5228,1.7369,1.1384,4.8412,2.2787,0.6814,0.2546,,
51.4752,7,7,37.0096,88.4846,completed,81564.57,50290.09,2.6911,-0.15,0.0000,1.8551,1.4389,15.3110,4.5335,0.5181,0.3303,,,
39.2079,9,7,34.9370,74.1441,converged,81564.57,50290.09,2.6911,-0.15,0.0000,0.5281,0.3693,7.4473,16.7381,0.3095,0.0800,,,
22.3400,10,10,51.9315,74.2716,converged,81564.63,50290.06,2.6532,-0.19,0.0000,0.9105,0.2004,1.0002,8.8089,12.5368,1.4271,0.9031,0.4592,0.0952
50.2222,7,7,32.3377,82.5598,completed,81564.63,50290.06,2.6532,-0.19,0.0000,0.4406,0.7059,8.3105,3.1945,1.3036,0.8600,,,
50.9109,7,7,31.9100,82.8200,completed,81564.67,50290.04,2.6225,-0.18,0.0000,0.4414,0.5773,7.1627,7.0052,2.5237,1.0178,,,
51.7649,7,7,27.6410,79.4050,completed,81564.67,50290.04,2.6225,-0.18,0.0000,1.1795,0.7087,1.3121,4.0255,1.0613,0.7101,,,
36.8394,9,9,51.5934,88.4325,completed,81564.72,50290.01,2.5882,-0.23,0.0000,0.6928,0.6401,0.3635,2.5798,3.7469,1.2942,0.5373,0.6335,
26.8210,10,10,56.0491,82.8691,completed,81564.72,50290.01,2.5882,-0.23,0.0000,0.3887,0.4119,0.5249,2.4835,4.7778,2.1959,1.2746,0.3285,0.4642
35.3069,9,9,32.9760,68.2820,completed,81564.78,50289.97,2.5493,0.00,0.0000,0.3888,0.5652,1.1752,7.3974,1.5505,0.8741,0.5983,0.6781,
33.4847,10,10,36.2881,69.7721,completed,81564.78,50289.97,2.5493,0.00,0.0000,0.3724,0.5698,0.6879,3.3873,5.5226,1.0939,0.3957,0.2445,0.4007
44.8223,8,8,40.8273,85.6494,completed,81564.78,50289.97,2.5508,0.06,0.0000,3.8999,2.1371,13.0231,2.3444,0.8861,0.2530,0.2661,,
50.5802,7,7,32.1048,82.6849,completed,81564.78,50289.97,2.5508,0.06,0.0000,2.5430,0.1870,8.8874,2.9731,1.2526,0.7444,,,
46.2180,7,7,31.5670,77.7850,completed,81564.74,50290.00,2.5754,0.11,0.0000,0.3460,1.1346,16.0503,5.7219,1.0454,0.5776,,,
51.2014,7,7,39.3783,90.5794,completed,81564.74,50290.00,2.5754,0.11,0.0000,0.3340,1.1652,5.5717,2.5391,0.9351,0.3846,,,
31.8895,10,10,50.1495,82.0385,completed,81564.73,50290.00,2.5834,0.00,0.0000,0.3671,0.7705,2.5986,9.1839,10.2978,1.7678,0.8586,0.4487,0.2396
44.4046,8,8,38.9391,83.3431,completed,81564.73,50290.00,2.5834,0.00,0.0000,1.9781,1.1169,2.7449,3.3231,1.5389,0.9289,0.2249,,
44.5848,8,8,28.9855,73.5695,completed,81564.75,50289.99,2.5722,-0.12,0.0000,3.3792,0.4460,16.1481,0.8481,0.3857,0.4131,0.2397,,
54.1988,6,6,34.6235,88.8215,completed,81564.77,50289.98,2.5571,-0.06,0.0000,1.7728,2.3662,3.8578,0.9208,0.7748,,,,
39.1016,9,9,41.5438,80.6449,completed,81564.77,50289.98,2.5571,-0.06,0.0000,3.2744,2.5943,2.4972,11.5844,1.8229,0.5571,0.4746,0.2434,
21.5512,10,9,37.8260,59.3770,converged,81564.76,50289.98,2.5621,0.08,0.0000,2.5493,1.9192,1.5382,14.2087,5.9043,0.9704,0.1495,0.0729,
53.6591,6,6,32.5895,86.2485,completed,81564.76,50289.98,2.5621,0.08,0.0000,3.4816,12.5959,6.8688,0.3676,0.1232,,,,
36.7594,9,9,38.0199,74.7789,completed,81564.76,50289.99,2.5654,0.00,0.0000,2.1520,1.2845,0.5034,2.4022,1.8111,0.8303,0.4630,0.4314,
40.3868,8,8,37.0791,77.4651,completed,81564.76,50289.99,2.5654,0.00,0.0000,4.4080,5.4534,4.5868,6.3548,2.4638,1.1431,0.8772,,
21.7361,10,10,42.1754,63.9115,completed,81564.76,50289.98,2.5593,0.00,0.0000,1.5058,1.1915,3.6496,13.9515,2.8056,3.6226,0.8855,0.3568,0.1911
50.7497,7,7,23.8986,74.6477,completed,81564.76,50289.98,2.5593,0.00,0.0000,4.4959,2.6258,3.0167,4.2042,1.3818,0.3373,,,
40.2374,8,8,40.8098,81.0469,completed,81564.76,50289.98,2.5593,0.00,0.0000,2.6532,1.2404,10.4103,8.4862,1.7239,1.0463,0.7207,,
32.3131,10,10,38.1754,70.4884,completed,81564.76,50289.98,2.5593,0.00,0.0000,0.7741,0.3643,1.4478,7.7619,5.0486,1.4378,0.6745,0.8821,0.8966
50.9112,7,7,28.8214,79.7325,completed,81564.76,50289.98,2.5593,0.00,0.0000,0.3207,1.2785,15.0267,6.5144,3.0087,0.9267,,,
46.3881,7,7,27.5530,73.9410,completed,81564.76,50289.98,2.5593,0.00,0.0000,1.0971,1.2946,26.0889,2.4287,0.2329,0.1753,,,
24.2635,10,10,41.7329,65.9959,completed,81564.76,50289.98,2.5593,0.00,0.0000,0.3880,0.3686,2.3474,13.0418,8.5764,1.7120,1.1854,0.6660,0.3006
50.6956,7,7,30.0188,80.7138,completed,81564.76,50289.98,2.5593,0.00,0.0000,0.4445,0.5033,8.6839,2.8627,1.6474,0.9486,,,
37.5688,9,9,35.3627,72.9308,completed,81564.76,50289.98,2.5593,0.00,0.0000,0.1703,0.3394,0.5807,3.0917,1.5505,0.5262,0.3229,0.2416,
22.9253,10,10,36.8470,59.7720,completed,81564.76,50289.98,2.5593,0.00,0.0000,0.1900,0.1636,0.2948,1.6125,3.3798,2.5108,1.0208,0.2648,0.1729
37.7213,9,9,35.1026,72.8236,completed,81564.76,50289.98,2.5593,0.00,0.0000,0.1517,0.2880,0.8084,3.7861,1.9600,1.2300,0.7603,0.2609,
52.2950,6,6,21.5821,73.8761,completed,81564.76,50289.98,2.5593,0.00,0.0000,0.4574,1.3401,6.7597,2.1784,1.1623,,,,
27.1331,10,10,34.7409,61.8740,completed,81564.77,50289.98,2.5593,0.00,0.0000,0.3325,0.4511,1.3233,9.0713,1.0341,2.1767,0.3793,0.2355,0.2990
23.5416,10,10,34.0433,57.5844,converged,81564.77,50289.98,2.5593,0.00,0.0000,2.3108,1.6430,4.8225,13.1136,0.5113,0.4763,0.2745,0.1075,0.0639
33.9643,10,10,40.7205,74.6846,completed,81564.77,50289.98,2.5593,0.00,0.0000,3.6716,4.6961,0.5773,11.5237,2.7367,3.1162,0.8273,0.2097,0.1891
34.4291,9,9,34.4612,68.8903,completed,81564.77,50289.98,2.5593,0.00,0.0000,2.4818,0.8129,11.2358,1.0099,1.2929,0.4030,0.8068,0.9623,
57.0736,6,6,28.9844,86.0575,completed,81564.77,50289.98,2.5593,0.00,0.0000,4.9648,2.4734,3.9361,4.2438,1.1494,,,,
57.2808,6,6,32.7337,90.0137,completed,81564.77,50289.98,2.5593,0.00,0.0000,4.3534,7.6963,9.9269,2.6198,1.5489,,,,
29.8417,10,9,45.4923,75.3333,converged,81564.77,50289.98,2.5593,0.00,0.0000,2.7754,2.6047,4.4879,10.4178,0.2275,0.3502,0.1237,0.0640,
22.9707,10,10,47.4401,70.4101,completed,81564.77,50289.98,2.5593,0.00,0.0000,2.6063,1.4745,7.5892,9.2670,0.8286,0.2260,0.5672,0.4096,0.1369
41.9176,8,8,29.4991,71.4161,completed,81564.77,50289.98,2.5593,0.00,0.0000,4.0283,3.4223,6.7766,3.1064,2.2610,0.7335,0.2473,,
34.5696,9,9,32.7516,67.3206,completed,81564.77,50289.98,2.5593,0.00,0.0000,3.5060,2.4195,4.5348,13.6923,1.5144,0.5861,0.1956,0.1299,
54.8982,6,6,26.5507,81.4488,completed,81564.77,50289.98,2.5593,0.00,0.0000,5.4410,1.3981,1.8694,0.4124,0.3489,,,,
53.3242,6,6,22.1939,75.5179,completed,81564.77,50289.98,2.5593,0.00,0.0000,3.1554,4.3917,0.8474,0.4767,0.1723,,,,
48.1112,7,7,26.2938,74.4048,completed,81564.77,50289.98,2.5593,0.00,0.0000,8.1692,5.3466,2.8189,4.2152,0.9119,0.3495,,,
35.7725,9,9,40.7083,76.4804,completed,81564.77,50289.98,2.5593,0.00,0.0000,1.5912,1.9419,4.6971,1.8280,0.5993,0.2841,0.5634,0.3680,
52.1484,6,6,27.7370,79.8850,completed,81564.77,50289.98,2.5593,0.00,0.0000,5.4761,3.8749,2.0814,0.7081,0.4638,,,,
50.1775,7,7,30.9445,81.1215,completed,81564.77,50289.98,2.5593,0.00,0.0000,6.9300,5.8948,8.3515,2.3233,0.9412,0.2185,,,
47.5905,7,7,25.4584,73.0484,completed,81564.77,50289.98,2.5593,0.00,0.0000,4.0357,2.1620,5.6878,0.4213,0.4854,0.2712,,,
24.5553,10,9,40.1941,64.7492,converged,81564.77,50289.98,2.5593,0.00,0.0000,2.5551,3.1604,2.6660,7.9435,1.9404,2.6021,0.9510,0.0645,
53.6913,6,6,25.6115,79.3025,completed,81564.77,50289.98,2.5593,0.00,0.0000,7.1951,1.0214,2.1558,0.7877,0.3137,,,,
21.7442,10,10,53.2191,74.9631,completed,81564.77,50289.98,2.5593,0.00,0.0000,2.0586,0.6037,7.1055,1.1602,0.4783,0.1808,0.4549,0.5603,0.2941
24.1402,10,10,38.2561,62.3961,converged,81564.77,50289.98,2.5593,0.00,0.0000,2.5308,2.1450,6.2154,4.6661,0.2533,0.5541,0.4828,0.1927,0.0536
42.6910,8,8,33.2872,75.9772,completed,81564.77,50289.98,2.5593,0.00,0.0000,1.6040,1.0234,4.3083,0.8435,0.2347,0.5009,0.3187,,
27.0269,10,10,43.1681,70.1942,completed,81564.77,50289.98,2.5593,0.00,0.0000,2.4576,4.3015,3.1426,9.4738,2.7179,0.9030,0.6023,0.8015,0.8483
40.9227,8,8,27.8492,68.7712,converged,81564.77,50289.98,2.5593,0.00,0.0000,4.4750,3.5444,12.2702,1.2970,0.3822,0.1552,0.0704,,
46.7529,7,7,30.6462,77.3982,completed,81564.77,50289.98,2.5593,0.00,0.0000,4.8402,1.0645,9.5676,0.6801,0.3666,0.4206,,,
42.1977,8,8,40.4886,82.6857,completed,81564.77,50289.98,2.5593,0.00,0.0000,1.0398,0.7437,1.5210,0.5413,0.2314,0.4551,0.1886,,
35.4226,9,9,52.8903,88.3124,completed,81564.77,50289.98,2.5593,0.00,0.0000,3.5835,4.0534,5.5235,6.1212,0.9677,2.3590,0.9955,0.3135,
49.5674,7,7,30.2846,79.8516,completed,81564.77,50289.98,2.5593,0.00,0.0000,2.9443,3.8293,3.1283,0.4593,0.4369,0.5264,,,
53.3185,6,6,34.4599,87.7779,completed,81564.77,50289.98,2.5593,0.00,0.0000,2.5416,6.6694,1.5979,0.2638,0.8978,,,,
38.8724,9,9,33.1829,72.0549,completed,81564.77,50289.98,2.5593,0.00,0.0000,3.9312,2.8498,11.5239,1.8335,0.4527,0.1708,0.6547,0.5495,
45.7541,8,8,35.9743,81.7283,completed,81564.77,50289.98,2.5593,0.00,0.0000,5.1174,3.9439,10.7395,5.3897,2.0201,1.3644,1.0229,,
42.0574,8,8,33.1699,75.2269,completed,81564.77,50289.98,2.5593,0.00,0.0000,4.3390,2.3356,10.8151,5.1075,2.4919,1.0074,0.8194,,
36.7809,9,9,35.8860,72.6661,completed,81564.77,50289.98,2.5593,0.00,0.0000,2.3100,2.5205,7.1083,0.4909,0.2144,0.5672,0.4097,0.1397,
48.1104,7,7,38.4220,86.5321,completed,81564.77,50289.98,2.5593,0.00,0.0000,5.7797,2.9309,11.4824,4.6229,0.4958,0.2018,,,
25.5570,10,10,38.1567,63.7138,completed,81564.77,50289.98,2.5593,0.00,0.0000,1.7008,2.2197,4.0769,2.7279,0.3920,0.8223,0.2836,0.1566,0.1061
23.7103,10,9,45.1633,68.8733,converged,81564.77,50289.98,2.5593,0.00,0.0000,2.0360,2.3539,4.2144,3.7879,0.4099,0.4804,0.1338,0.0859,
21.2906,10,10,51.6776,72.9676,converged,81564.77,50289.98,2.5593,0.00,0.0000,3.1717,2.7435,4.3669,9.1368,0.4075,0.8571,0.3139,0.1504,0.0504
56.1336,6,6,27.9718,84.3360,completed,81564.77,50289.98,2.5593,0.00,0.0000,3.3753,6.7105,0.4697,1.0123,0.3981,,,,
52.6299,6,5,22.6170,75.2461,converged,81564.77,50289.98,2.5593,0.00,0.0000,4.1724,7.6733,1.1390,0.0862,,,,,
59.1479,5,5,27.5502,86.6973,completed,81564.77,50289.98,2.5593,0.00,0.0000,9.7153,1.3942,1.1028,0.4308,,,,,
27.0630,10,10,50.0807,77.1427,completed,81564.77,50289.98,2.5593,0.00,0.0000,4.4001,3.9574,1.7552,1.7763,4.8204,1.5875,1.1137,0.3977,0.2088
40.5500,8,6,36.0212,76.5703,converged,81564.77,50289.98,2.5593,0.00,0.0000,4.0829,0.8063,11.9630,1.2144,0.0868,,,,
40.8157,8,8,40.0145,80.8295,completed,81564.77,50289.98,2.5593,0.00,0.0000,4.2155,1.6560,13.5210,0.9381,0.3417,0.3526,0.1507,,
44.2839,8,8,40.4221,84.7051,completed,81564.77,50289.98,2.5593,0.00,0.0000,4.7548,7.7004,4.8192,6.5762,2.1052,0.8524,0.5616,,
59.2360,5,5,21.2023,80.4383,completed,81564.77,50289.98,2.5593,0.00,0.0000,6.8462,14.6212,0.9368,0.6444,,,,,
58.6302,5,5,22.7607,81.3907,completed,81564.77,50289.98,2.5593,0.00,0.0000,10.2412,8.5999,7.2201,2.7936,,,,,
48.5958,7,7,23.7984,72.3934,converged,81564.77,50289.98,2.5593,0.00,0.0000,2.4100,2.2453,2.4824,0.3950,0.1452,0.0985,,,
42.8976,8,8,49.2780,92.1751,completed,81564.77,50289.98,2.5593,0.00,0.0000,3.3861,1.0600,9.8082,1.8053,1.8978,0.5820,0.1766,,
58.8392,5,5,23.6194,82.4584,completed,81564.77,50289.98,2.5593,0.00,0.0000,8.7777,5.1975,5.1277,2.3483,,,,,
54.4816,6,6,38.4117,92.8927,completed,81564.77,50289.98,2.5593,0.00,0.0000,6.5581,3.8919,7.8922,3.7137,1.3730,,,,
37.2561,9,9,33.1688,70.4249,completed,81564.77,50289.98,2.5593,0.00,0.0000,4.1625,4.9577,3.1347,7.3844,1.4203,0.7239,0.6194,0.4837,
55.2278,6,6,24.9632,80.1902,completed,81564.77,50289.98,2.5593,0.00,0.0000,6.9478,1.0750,2.3873,1.1460,0.4559,,,,
20.8703,10,10,39.1164,59.9864,converged,81564.77,50289.98,2.5593,0.00,0.0000,3.2146,3.6152,1.8391,13.0334,0.3432,0.5557,0.6522,0.2886,0.0739
25.0389,10,10,37.9652,63.0033,completed,81564.77,50289.98,2.5593,0.00,0.0000,1.7847,1.4943,4.8174,1.7683,0.5176,0.2115,0.5201,0.3127,0.1419
23.1871,10,10,39.4284,62.6154,converged,81564.77,50289.98,2.5593,0.00,0.0000,2.4474,2.4559,5.4853,5.5898,0.6772,0.3902,0.3343,0.1311,0.0937
27.2924,10,8,41.4118,68.7038,converged,81564.77,50289.98,2.5593,0.00,0.0000,3.5116,3.6683,3.6857,8.7644,0.1727,0.3375,0.0703,,
37.4210,9,9,34.2089,71.6299,converged,81564.77,50289.98,2.5593,0.00,0.0000,3.8485,2.7587,8.1447,4.9822,0.3238,0.2272,0.1185,0.0420,
39.7577,9,9,40.8580,80.6151,completed,81564.77,50289.98,2.5593,0.00,0.0000,4.1135,7.6575,7.2289,11.5370,2.3061,2.1584,1.6642,1.4072,
23.3556,10,10,42.3651,65.7201,completed,81564.77,50289.98,2.5593,0.00,0.0000,4.0777,5.2682,3.6139,2.1940,4.9623,1.4026,1.0087,0.6246,0.6563
46.8281,7,7,34.8660,81.6940,converged,81564.77,50289.98,2.5593,0.00,0.0000,3.5262,2.9888,8.0994,1.2554,0.4366,0.0915,,,
38.9124,9,8,29.9821,68.8942,converged,81564.77,50289.98,2.5593,0.00,0.0000,3.4715,1.5862,11.8536,4.0081,0.3217,0.2433,0.0799,,
29.3066,10,8,26.8911,56.1972,converged,81564.77,50289.98,2.5593,0.00,0.0000,1.0084,0.8957,2.4008,0.5364,0.1530,0.2648,0.0831,,
48.1305,7,7,37.7119,85.8420,completed,81564.77,50289.98,2.5593,0.00,0.0000,3.9171,4.1783,6.0692,1.0601,0.3521,0.8927,,,
21.7976,10,10,35.8188,57.6158,completed,81564.77,50289.98,2.5593,0.00,0.0000,3.5012,3.8388,3.0538,11.4659,0.5722,0.3701,0.4008,0.1398,0.1382
53.0662,6,6,31.0792,84.1452,completed,81564.77,50289.98,2.5593,0.00,0.0000,7.9339,2.0343,2.4628,0.9623,0.4101,,,,
28.8882,10,10,46.0707,74.9587,completed,81564.77,50289.98,2.5593,0.00,0.0000,4.3010,6.4334,4.9989,3.2167,4.5507,2.3456,1.1980,0.2811,0.2507
28.7410,10,7,31.1769,59.9170,converged,81564.77,50289.98,2.5593,0.00,0.0000,2.8868,2.4447,6.4606,7.9376,0.7078,0.0518,,,
41.7579,8,8,44.2784,86.0354,completed,81564.77,50289.98,2.5593,0.00,0.0000,2.3725,0.6641,4.5765,0.9363,0.2732,0.6956,0.2760,,
22.1225,10,10,43.6345,65.7565,converged,81564.77,50289.98,2.5593,0.00,0.0000,1.5375,1.7100,3.3169,2.4734,0.8223,0.5950,0.3254,0.1570,0.0847
27.7148,10,10,47.0451,74.7591,completed,81564.77,50289.98,2.5593,0.00,0.0000,4.3753,5.5968,4.0662,3.6517,5.0254,2.5276,2.0827,0.9651,0.5319
44.5986,8,6,34.2920,78.8900,converged,81564.77,50289.97,2.5593,0.00,0.0000,2.9484,0.8790,8.5858,0.9335,0.0824,,,,
34.4665,9,9,47.3444,81.8104,completed,81564.77,50289.97,2.5593,0.00,0.0000,2.6372,2.5393,7.9149,1.6270,0.1745,0.4418,0.2116,0.1179,
25.5338,10,10,38.4576,63.9906,converged,81564.77,50289.97,2.5593,0.00,0.0000,3.9615,4.0186,4.6492,10.2565,0.3424,0.3288,0.2891,0.1064,0.0936
55.8683,6,6,20.0297,75.8977,completed,81564.77,50289.97,2.5593,0.00,0.0000,4.7061,8.5908,2.2168,0.1570,0.7302,,,,
23.0135,10,10,39.5268,62.5398,completed,81564.77,50289.97,2.5593,0.00,0.0000,2.5122,1.1367,8.3938,3.4807,0.8697,0.3106,0.4563,0.3672,0.1473
26.9303,10,10,31.5329,58.4629,converged,81564.77,50289.97,2.5593,0.00,0.0000,1.1177,0.8241,2.9462,0.3449,0.2365,0.4401,0.2801,0.1189,0.0487
42.4675,8,6,20.4220,62.8891,converged,81564.77,50289.97,2.5593,0.00,0.0000,4.1583,1.2132,13.4052,0.6977,0.0861,,,,
22.8672,10,10,37.2071,60.0742,completed,81564.77,50289.97,2.5593,0.00,0.0000,3.2804,4.7251,1.7485,8.8040,4.4646,5.1682,1.6225,0.3835,0.2892
49.0075,7,7,27.7907,76.7977,completed,81564.77,50289.97,2.5593,0.00,0.0000,2.9899,1.4881,11.7784,3.1667,1.6532,1.0760,,,
53.3590,6,6,25.5941,78.9522,completed,81564.77,50289.97,2.5593,0.00,0.0000,6.4400,1.2160,2.8269,2.3401,0.5462,,,,
52.9417,6,6,31.8668,84.8078,completed,81564.77,50289.97,2.5593,0.00,0.0000,5.7037,5.7521,6.0644,2.9767,0.9685,,,,
29.5370,10,10,37.3741,66.9111,completed,81564.77,50289.97,2.5593,0.00,0.0000,3.3389,5.7224,4.3482,7.2464,5.2951,1.3360,0.5514,0.5473,0.3569
34.6886,9,9,32.6220,67.3101,completed,81564.77,50289.97,2.5593,0.00,0.0000,5.4228,5.7221,0.5473,7.5507,3.0538,0.4153,0.3860,0.4384,
58.9752,5,5,25.6793,84.6543,completed,81564.77,50289.97,2.5593,0.00,0.0000,6.4678,9.7913,0.4575,0.3789,,,,,
36.4636,9,9,36.2497,72.7127,converged,81564.77,50289.97,2.5593,0.00,0.0000,2.7354,1.6838,8.3248,1.2079,0.3655,0.2001,0.1349,0.0647,
39.9813,9,3,13.3091,53.2901,converged,81564.77,50289.97,2.5593,0.00,0.0000,0.5630,0.0431,,,,,,,
56.3381,6,6,28.3162,84.6543,completed,81564.77,50289.97,2.5593,0.00,0.0000,9.0965,6.0861,4.2672,2.1611,0.8552,,,,
58.1751,5,5,21.6784,79.8535,completed,81564.77,50289.97,2.5593,0.00,0.0000,4.1424,7.8588,1.4987,0.4310,,,,,
47.3553,7,7,28.8732,76.2283,converged,81564.77,50289.97,2.5593,0.00,0.0000,5.3589,3.4114,11.8438,0.1697,0.1855,0.0934,,,
55.6484,6,6,29.9129,85.5609,completed,81564.77,50289.97,2.5593,0.00,0.0000,4.7840,1.1805,2.3468,1.7936,0.4027,,,,
27.4388,10,10,51.8706,79.3087,completed,81564.77,50289.97,2.5593,0.00,0.0000,2.7422,4.0151,0.7938,7.9558,0.8441,2.7993,0.4614,0.1766,0.2337
26.3344,10,10,49.3312,75.6653,completed,81564.77,50289.97,2.5593,0.00,0.0000,4.3174,5.7360,1.0522,9.9456,0.9779,1.6611,0.6918,0.2281,0.3262
42.2662,8,8,30.3753,72.6413,completed,81564.78,50289.97,2.5593,0.00,0.0000,3.0693,1.4520,9.1584,0.6685,2.3972,1.1254,0.5252,,
52.8781,6,6,33.2480,86.1260,completed,81564.78,50289.97,2.5593,0.00,0.0000,7.3374,1.4122,4.9234,2.0757,0.8546,,,,
39.5032,9,9,29.5150,69.0181,converged,81564.78,50289.97,2.5593,0.00,0.0000,3.8526,4.0817,7.6467,4.9186,0.1635,0.3959,0.1407,0.0515,
37.3304,9,9,48.0089,85.3390,converged,81564.78,50289.97,2.5593,0.00,0.0000,3.0386,3.4455,7.5327,2.0101,0.1573,0.2262,0.1284,0.0291,
32.0324,10,9,29.4571,61.4891,converged,81564.78,50289.97,2.5593,0.00,0.0000,2.5646,3.7099,0.3183,9.1180,0.3130,0.6611,0.4541,0.0746,
52.6510,6,6,27.5439,80.4650,completed,81564.78,50289.97,2.5593,0.00,0.0000,6.4419,6.5860,4.8299,0.4952,0.6885,,,,
37.8866,9,9,34.9649,72.8510,completed,81564.78,50289.97,2.5593,0.00,0.0000,4.4256,5.6223,3.1779,7.3673,1.7894,0.6677,0.2296,0.2009,
21.8665,10,10,41.1103,62.9763,completed,81564.78,50289.97,2.5593,0.00,0.0000,2.5143,3.3445,3.1521,6.3557,0.6614,0.5486,0.3949,0.3117,0.2817
34.0157,9,9,51.0607,85.0758,completed,81564.78,50289.97,2.5593,0.00,0.0000,2.3274,5.4060,4.9776,9.9886,2.6821,1.7007,1.3796,0.9723,
27.0242,10,10,45.5108,72.5349,completed,81564.78,50289.97,2.5593,0.00,0.0000,1.7660,1.8353,4.4602,2.2926,0.9038,0.2754,0.4531,0.5180,0.2627
55.2825,6,6,31.4125,86.6945,completed,81564.78,50289.97,2.5593,0.00,0.0000,4.9810,6.9649,7.2375,3.4423,2.1163,,,,
59.8806,5,5,26.0628,85.9428,completed,81564.78,50289.97,2.5593,0.00,0.0000,1.1445,4.4132,2.6701,0.4485,,,,,
51.2814,7,7,33.3102,84.5912,completed,81564.78,50289.97,2.5593,0.00,0.0000,4.4686,1.9838,5.5287,0.3190,0.5011,0.3091,,,
51.2656,7,7,27.0050,78.2700,completed,81564.78,50289.97,2.5593,0.00,0.0000,4.8840,2.6574,3.5150,4.0105,1.6127,0.8428,,,
57.1929,6,6,27.2276,84.4196,completed,81564.78,50289.97,2.5593,0.00,0.0000,5.9251,2.7849,2.3808,2.3960,0.3637,,,,
53.2568,6,6,22.2234,75.4795,completed,81564.78,50289.97,2.5593,0.00,0.0000,4.6200,3.1394,1.3916,1.3630,0.1970,,,,
34.2405,9,9,36.7567,70.9967,converged,81564.78,50289.97,2.5593,0.00,0.0000,2.6104,2.6854,7.9709,1.8837,0.1870,0.5096,0.1641,0.0870,
35.6616,9,9,35.3205,70.9815,completed,81564.78,50289.97,2.5593,0.00,0.0000,4.2469,3.8397,1.0920,2.6905,6.6265,2.2686,1.3667,0.9516,
36.7715,9,9,37.7272,74.4982,completed,81564.78,50289.97,2.5593,0.00,0.0000,3.8024,4.9710,3.8736,5.5915,7.2682,1.7566,0.6118,0.2328,
38.5310,9,9,36.1188,74.6488,completed,81564.78,50289.97,2.5593,0.00,0.0000,3.9929,4.8817,1.7039,5.0227,5.0214,1.5469,0.6489,0.3653,
27.9244,10,10,39.6009,67.5250,completed,81564.78,50289.97,2.5593,0.00,0.0000,1.2969,1.3858,3.5693,1.2299,0.7831,0.4277,0.4787,0.2445,0.1233
38.9440,9,9,42.6646,81.6077,completed,81564.78,50289.97,2.5593,0.00,0.0000,1.7522,1.2194,5.2762,0.7613,0.1787,0.3566,0.2063,0.1113,
57.2134,6,6,43.5304,100.7435,completed,81564.78,50289.97,2.5593,0.00,0.0000,4.6310,2.5006,4.7719,1.4519,0.2643,,,,
36.9514,9,9,48.9757,85.9268,completed,81564.78,50289.97,2.5593,0.00,0.0000,2.5668,2.7706,6.3736,3.5558,1.5612,1.5785,0.6061,0.2967,
46.3705,7,7,38.9384,85.3084,completed,81564.78,50289.97,2.5593,0.00,0.0000,3.7265,2.3371,4.7019,0.2722,0.3680,0.2412,,,
32.5978,10,10,41.3877,73.9848,completed,81564.78,50289.97,2.5593,0.00,0.0000,1.4193,0.8421,4.4065,0.8021,0.6819,0.3933,0.5482,0.4170,0.1562
21.3925,10,9,35.0369,56.4290,converged,81564.78,50289.97,2.5593,0.00,0.0000,1.3872,2.1658,2.3783,3.1395,0.3944,0.4693,0.2697,0.0997,
50.7424,7,7,31.6275,82.3695,completed,81564.78,50289.97,2.5593,0.00,0.0000,4.7950,3.8869,10.4559,0.6876,0.1555,0.1082,,,
34.6970,9,9,31.5803,66.2773,completed,81564.78,50289.97,2.5593,0.00,0.0000,1.2285,0.8999,3.1572,1.7010,0.5486,0.2413,0.7732,0.7368,
53.2751,6,6,22.0127,75.2877,completed,81564.78,50289.97,2.5593,0.00,0.0000,3.0270,5.3400,1.0811,0.8297,0.5593,,,,
45.8460,8,8,35.6367,81.4818,completed,81564.78,50289.97,2.5593,0.00,0.0000,4.0020,4.7523,11.0341,1.3020,2.0243,0.5866,0.1782,,
24.0917,10,10,38.7462,62.8373,completed,81564.78,50289.97,2.5593,0.00,0.0000,0.6495,0.2904,2.2212,0.4277,0.4716,0.1281,0.5824,0.3926,0.1547
36.8935,9,9,42.1496,79.0427,completed,81564.78,50289.97,2.5593,0.00,0.0000,3.3920,4.0474,5.6070,7.8705,2.8119,1.4433,0.2598,0.1152,
53.3312,6,6,30.7959,84.1269,completed,81564.78,50289.97,2.5593,0.00,0.0000,3.4257,6.4117,0.7065,0.4146,0.4945,,,,
42.4871,8,8,41.3542,83.8412,completed,81564.78,50289.97,2.5593,0.00,0.0000,2.7035,3.6716,9.3864,0.8065,0.8911,0.7994,0.5603,,
40.8597,8,8,35.8970,76.7561,converged,81564.78,50289.97,2.5593,0.00,0.0000,3.1263,0.4413,7.8839,0.2203,0.3908,0.1847,0.0866,,
51.9511,7,7,33.8443,85.7953,completed,81564.78,50289.97,2.5593,0.00,0.0000,3.9895,5.4270,10.6395,1.9070,0.2329,1.0960,,,
51.4610,7,7,32.6342,84.0943,completed,81564.78,50289.97,2.5593,0.00,0.0000,3.0812,0.9403,4.3485,0.2969,0.1886,0.1024,,,
33.0692,10,9,41.0318,74.1008,converged,81564.78,50289.97,2.5593,0.00,0.0000,2.6989,3.1898,4.8776,4.4394,0.1919,0.1544,0.1346,0.0497,
55.9343,6,6,27.0259,82.9600,completed,81564.78,50289.97,2.5593,0.00,0.0000,7.0847,5.9312,6.5241,0.4824,0.2639,,,,
20.4756,10,9,38.6031,59.0781,converged,81564.78,50289.97,2.5593,0.00,0.0000,4.0043,4.7653,2.5621,11.1500,0.2143,0.4481,0.1641,0.0934,
37.6814,9,9,45.5898,83.2708,completed,81564.78,50289.97,2.5593,0.00,0.0000,4.1221,4.5333,5.7544,7.4289,0.5511,0.6412,0.3368,0.1807,
56.3237,6,6,37.1625,93.4855,completed,81564.78,50289.97,2.5593,0.00,0.0000,7.3298,1.5785,3.2366,0.9362,0.4446,,,,
37.1826,9,9,47.1345,84.3165,completed,81564.78,50289.97,2.5593,0.00,0.0000,5.1016,8.6862,5.0173,3.6696,3.6943,1.2144,0.4587,0.1964,
23.2530,10,7,26.8648,50.1168,converged,81564.78,50289.97,2.5593,0.00,0.0000,2.0757,1.2758,6.3995,1.5389,0.6448,0.0645,,,
25.1003,10,10,45.7199,70.8200,completed,81564.78,50289.97,2.5593,0.00,0.0000,1.5933,1.0784,5.2222,1.1558,0.7120,0.1169,0.4935,0.5187,0.2234
42.1959,8,8,35.8685,78.0635,completed,81564.78,50289.97,2.5593,0.00,0.0000,3.0241,0.8252,7.4951,1.0757,0.3410,0.6912,0.3011,,
56.7992,6,6,25.7356,82.5346,completed,81564.78,50289.97,2.5593,0.00,0.0000,7.8427,1.5310,2.1104,1.0555,0.2244,,,,
58.4542,5,5,27.6451,86.0992,completed,81564.78,50289.97,2.5593,0.00,0.0000,11.1160,6.9363,5.7576,2.0836,,,,,
55.1236,6,6,22.6192,77.7423,completed,81564.78,50289.97,2.5593,0.00,0.0000,5.5014,5.2480,3.3299,0.3634,0.1008,,,,
20.4241,10,10,36.8724,57.2964,completed,81564.78,50289.97,2.5593,0.00,0.0000,2.5553,4.8614,1.8246,7.7860,2.3390,1.8158,0.5425,0.1802,0.1081
48.3911,7,7,28.0705,76.4615,converged,81564.78,50289.97,2.5593,0.00,0.0000,4.1203,3.4239,10.1273,0.1690,0.1470,0.0696,,,
20.4684,10,10,40.2393,60.7073,completed,81564.78,50289.97,2.5593,0.00,0.0000,4.3070,5.3316,1.0897,8.6979,2.3781,3.5670,0.5664,0.1196,0.1499
35.1757,9,9,33.1934,68.3684,converged,81564.78,50289.97,2.5593,0.00,0.0000,3.4488,3.1870,5.9418,5.4563,4.6321,1.4014,0.2679,0.0811,
46.8792,7,7,37.4589,84.3380,completed,81564.78,50289.97,2.5593,0.00,0.0000,2.7158,5.0005,4.2111,0.3588,0.4916,0.3074,,,
30.9703,10,8,35.7681,66.7382,converged,81564.78,50289.97,2.5593,0.00,0.0000,3.8783,3.7775,1.3498,12.9135,2.1562,0.2917,0.0849,,
27.7979,10,10,42.9586,70.7556,completed,81564.78,50289.97,2.5593,0.00,0.0000,3.9819,5.0039,3.1751,6.2936,7.0789,2.4558,1.8692,1.3011,1.0924
57.7884,6,6,21.1138,78.9018,completed,81564.78,50289.97,2.5593,0.00,0.0000,5.6062,4.0104,3.6943,0.9247,0.5859,,,,
20.5524,10,10,51.3419,71.8939,converged,81564.78,50289.97,2.5593,0.00,0.0000,2.7130,3.4938,2.3420,8.4823,0.9446,2.8664,1.0412,0.1152,0.0804
34.6788,9,9,37.1872,71.8652,completed,81564.78,50289.97,2.5593,0.00,0.0000,5.4238,7.3901,3.5319,2.4980,2.5822,0.7233,0.5535,0.2734,
28.9613,10,10,50.7857,79.7468,completed,81564.78,50289.97,2.5593,0.00,0.0000,1.0799,1.4993,2.8881,1.8172,0.9065,0.1596,0.4347,0.5386,0.2521
43.2253,8,8,30.2037,73.4288,completed,81564.78,50289.97,2.5593,0.00,0.0000,4.0277,6.1391,4.1279,1.7424,1.3950,0.1957,0.2735,,
26.5946,10,10,53.7009,80.2949,completed,81564.78,50289.97,2.5593,0.00,0.0000,3.7393,5.0322,3.4864,8.8830,6.4281,1.9123,0.8987,0.4696,0.3510
39.3986,9,9,38.9535,78.3516,completed,81564.78,50289.97,2.5593,0.00,0.0000,3.7502,4.0370,9.7511,3.5594,0.8139,0.5862,0.4283,0.1667,
21.9385,10,10,43.4163,65.3544,completed,81564.78,50289.97,2.5593,0.00,0.0000,4.1423,5.9231,2.9250,2.4454,6.4632,1.3958,0.6470,0.4526,0.4612
57.6450,6,6,23.2005,80.8455,completed,81564.78,50289.97,2.5593,0.00,0.0000,3.8905,7.0234,0.9540,0.4568,0.5864,,,,
23.3170,10,10,36.3694,59.6864,completed,81564.78,50289.97,2.5593,0.00,0.0000,3.5209,4.1590,0.7084,11.9719,1.9100,4.5219,0.5974,0.2586,0.3249
36.2660,9,9,42.6786,78.9436,completed,81564.78,50289.97,2.5593,0.00,0.0000,3.4441,6.7721,4.4201,4.9525,4.1682,1.7959,0.6321,0.3743,
56.5479,6,6,20.2203,76.7673,completed,81564.78,50289.97,2.5593,0.00,0.0000,6.8765,0.8620,3.1838,0.6907,0.4722,,,,
25.5814,10,10,48.0062,73.5873,completed,81564.78,50289.97,2.5593,0.00,0.0000,1.4602,1.2285,4.4297,0.6868,0.4611,0.1136,0.4084,0.5138,0.2439
52.3916,6,6,25.2380,77.6291,completed,81564.78,50289.97,2.5593,0.00,0.0000,8.1771,2.7796,2.6555,1.5557,0.8286,,,,
47.5401,7,7,27.5463,75.0863,completed,81564.78,50289.97,2.5593,0.00,0.0000,5.2947,0.9353,13.6414,0.7529,0.4300,0.3016,,,
26.5890,10,10,35.6650,62.2530,completed,81564.78,50289.97,2.5593,0.00,0.0000,3.6631,3.3839,2.5862,13.3793,0.4621,0.3434,0.3416,0.1151,0.1004
58.1672,5,5,26.1165,84.2836,completed,81564.78,50289.97,2.5593,0.00,0.0000,3.4349,4.8515,0.5548,0.3105,,,,,
45.1481,8,8,37.4206,82.5686,completed,81564.78,50289.97,2.5593,0.00,0.0000,1.6650,0.3340,5.1247,0.9515,0.1039,0.5861,0.4103,,
34.4943,9,9,43.5210,78.0150,completed,81564.78,50289.97,2.5593,0.00,0.0000,1.2205,1.2053,3.7566,0.4902,0.3143,0.4574,0.3782,0.1429,
38.3054,9,9,38.0881,76.3931,completed,81564.78,50289.97,2.5593,0.00,0.0000,1.7721,2.1899,6.0119,1.4944,0.6174,0.2252,0.7596,0.5606,
26.6399,10,10,46.4808,73.1198,completed,81564.78,50289.97,2.5593,0.00,0.0000,2.8290,3.9891,0.5570,10.6940,1.4791,3.9966,1.2049,0.1510,0.1518
37.5459,9,9,33.5650,71.1100,converged,81564.78,50289.97,2.5593,0.00,0.0000,2.0127,2.0460,6.4056,0.8169,0.5452,0.4467,0.2015,0.0883,
27.2010,10,10,41.7831,68.9842,converged,81564.78,50289.97,2.5593,0.00,0.0000,3.7015,4.8417,0.1987,12.9684,0.9303,0.1811,0.2290,0.1492,0.0435
32.7970,10,10,42.1457,74.9417,completed,81564.78,50289.97,2.5593,0.00,0.0000,2.6302,2.8148,3.8675,7.5475,0.8434,1.1918,0.6217,0.2897,0.1584
59.9434,5,5,24.2669,84.2099,completed,81564.78,50289.97,2.5593,0.00,0.0000,3.1960,7.2132,1.1489,0.3393,,,,,
28.5380,10,10,47.6987,76.2357,completed,81564.78,50289.97,2.5593,0.00,0.0000,4.0916,4.3567,2.6895,8.7070,9.3856,1.7377,1.2097,1.2566,1.1911
49.3440,7,7,39.2125,88.5555,completed,81564.78,50289.97,2.5593,0.00,0.0000,2.8407,2.9197,8.1612,3.4889,0.6256,0.1448,,,
41.5248,8,8,38.5692,80.0933,completed,81564.78,50289.97,2.5593,0.00,0.0000,2.5501,0.1764,5.0263,0.6654,0.2731,0.4561,0.2729,,
49.8656,7,7,34.1139,83.9789,completed,81564.78,50289.97,2.5593,0.00,0.0000,7.1480,4.5340,6.2040,0.9215,0.1279,0.1822,,,
33.9780,10,10,46.7872,80.7642,completed,81564.78,50289.97,2.5593,0.00,0.0000,4.7461,6.5424,4.1730,1.5269,3.6898,1.5328,0.7562,0.2759,0.1850
23.8460,10,10,58.1648,82.0098,completed,81564.78,50289.97,2.5593,0.00,0.0000,1.3309,1.4286,3.8770,1.4129,0.5185,0.3322,0.4329,0.2034,0.1315
20.9033,10,10,37.5602,58.4633,completed,81564.78,50289.97,2.5593,0.00,0.0000,3.1983,5.3477,1.3711,12.0536,0.2354,0.8305,1.1533,0.2532,0.1071
57.5256,6,6,24.7839,82.3089,completed,81564.78,50289.97,2.5593,0.00,0.0000,3.1410,7.3936,1.0272,0.1026,0.8421,,,,
48.7554,7,7,31.6333,80.3884,completed,81564.78,50289.97,2.5593,0.00,0.0000,5.8186,2.1891,13.4857,1.2841,0.3893,0.2248,,,
58.6890,5,5,24.8586,83.5466,completed,81564.78,50289.97,2.5593,0.00,0.0000,6.7954,12.3113,0.2810,0.3366,,,,,
32.6062,10,9,27.3431,59.9491,converged,81564.79,50289.97,2.5593,0.00,0.0000,2.8708,3.2792,4.9060,5.7320,0.2581,0.3779,0.2164,0.0891,
39.2117,9,3,10.5366,49.7476,converged,81564.79,50289.97,2.5593,0.00,0.0000,0.3819,0.0492,,,,,,,
53.9367,6,6,35.3363,89.2723,completed,81564.79,50289.97,2.5593,0.00,0.0000,5.0840,5.2702,5.2137,2.7899,0.6680,,,,
33.4104,10,10,49.5843,82.9944,completed,81564.79,50289.97,2.5593,0.00,0.0000,2.6946,2.7798,3.9828,7.4713,1.0886,0.7855,0.5829,0.5235,0.3309
58.1834,5,5,29.2061,87.3892,completed,81564.79,50289.97,2.5593,0.00,0.0000,5.7254,9.0596,1.1723,0.5861,,,,,
35.1726,9,9,37.3872,72.5592,converged,81564.79,50289.97,2.5593,0.00,0.0000,3.8293,3.2161,7.1505,4.9206,0.3479,0.2292,0.1588,0.0403,
26.5113,10,10,37.2903,63.8013,completed,81564.79,50289.97,2.5593,0.00,0.0000,3.0795,3.6882,2.5192,11.7026,0.7026,3.0053,1.4021,0.1724,0.1295
31.9899,10,10,33.2174,65.2064,converged,81564.79,50289.97,2.5593,0.00,0.0000,3.1685,4.1112,1.7707,10.1102,0.5301,1.8838,1.4363,0.2708,0.0839
35.0329,9,9,40.7941,75.8261,converged,81564.79,50289.97,2.5593,0.00,0.0000,4.0137,2.6402,9.9944,6.1010,0.2602,0.4176,0.2544,0.0832,
28.7909,10,10,34.6262,63.4163,completed,81564.79,50289.97,2.5593,0.00,0.0000,1.9344,2.0806,5.4874,2.3031,1.5184,0.3872,0.2283,0.8857,0.9103
47.5646,7,7,28.2553,75.8194,completed,81564.79,50289.97,2.5593,0.00,0.0000,1.9469,0.6537,4.0432,2.5229,1.4520,0.6392,,,
40.9314,8,8,29.5129,70.4439,completed,81564.79,50289.97,2.5593,0.00,0.0000,3.9306,3.9615,9.7634,1.1036,1.8735,0.9127,0.1427,,
54.0677,6,6,30.7660,84.8330,completed,81564.79,50289.97,2.5593,0.00,0.0000,3.2811,1.9719,1.8504,1.4302,0.7840,,,,
54.0072,6,6,26.3076,80.3147,completed,81564.79,50289.97,2.5593,0.00,0.0000,2.6680,4.4912,0.4539,0.4856,0.2111,,,,
23.7826,10,10,47.3100,71.0920,converged,81564.79,50289.97,2.5593,0.00,0.0000,1.7941,1.9570,4.3155,1.6740,0.6123,0.4402,0.3379,0.1473,0.0550
34.0146,9,9,49.0719,83.0859,completed,81564.79,50289.97,2.5593,0.00,0.0000,1.2925,0.3143,3.0357,1.9346,1.5478,0.7253,0.4474,1.1267,
21.1652,10,10,52.9124,74.0774,completed,81564.79,50289.97,2.5593,0.00,0.0000,4.0495,3.8783,2.0331,2.0352,3.6364,2.0712,1.1826,0.4465,0.2714
52.6971,6,6,32.1827,84.8798,completed,81564.79,50289.97,2.5593,0.00,0.0000,6.9436,4.2204,6.9460,4.1618,1.5514,,,,
57.0708,6,6,20.2797,77.3497,completed,81564.79,50289.97,2.5593,0.00,0.0000,3.6825,8.2402,2.6313,0.6305,1.0745,,,,
30.9365,10,10,37.8918,68.8278,completed,81564.79,50289.97,2.5593,0.00,0.0000,1.9372,3.4898,2.1499,6.1221,5.6686,5.1048,0.9756,0.3477,0.3201
44.3118,8,8,42.0596,86.3706,completed,81564.79,50289.97,2.5593,0.00,0.0000,2.9242,0.5449,7.4126,0.4588,0.5194,0.4109,0.1043,,
25.9406,10,10,41.6198,67.5598,completed,81564.79,50289.97,2.5593,0.00,0.0000,4.2358,5.3416,1.2224,10.1862,1.2367,2.9794,0.6517,0.1734,0.1147
37.4897,9,9,40.1355,77.6245,completed,81564.79,50289.97,2.5593,0.00,0.0000,2.9369,2.1217,8.5280,1.2198,0.2322,0.5230,0.3390,0.1193,
27.0986,10,10,38.4349,65.5329,completed,81564.79,50289.97,2.5593,0.00,0.0000,2.6234,3.1443,5.2683,3.5561,0.9393,0.1807,0.4089,0.4942,0.2538
51.5217,7,7,33.2619,84.7829,completed,81564.79,50289.97,2.5593,0.00,0.0000,3.1761,4.3306,2.6605,0.1761,0.3756,0.2141,,,
45.9036,8,8,40.2428,86.1458,completed,81564.79,50289.97,2.5593,0.00,0.0000,2.7552,0.6276,5.7119,0.2739,1.4933,1.2155,0.1339,,
47.1197,7,7,28.3559,75.4749,completed,81564.79,50289.96,2.5593,0.00,0.0000,4.6767,1.6784,8.6083,0.3104,0.3358,0.2127,,,
29.1956,10,10,36.6870,65.8820,completed,81564.79,50289.96,2.5593,0.00,0.0000,4.7671,6.9435,5.5571,5.3804,5.7744,2.6489,1.3595,0.8672,1.0269
33.7927,10,10,38.0951,71.8871,completed,81564.79,50289.96,2.5593,0.00,0.0000,4.7110,4.6780,1.5238,5.2457,6.0320,0.5950,0.8095,0.4605,0.1585
32.8865,10,10,39.6861,72.5722,completed,81564.79,50289.96,2.5593,0.00,0.0000,1.9802,1.8414,4.0910,4.0086,1.4187,0.7102,0.6084,0.3823,0.1323
26.5090,10,9,46.4013,72.9103,converged,81564.79,50289.96,2.5593,0.00,0.0000,2.1512,3.9061,0.6906,7.4693,0.2094,0.3210,0.1478,0.0570,
41.0931,8,8,29.1205,70.2136,converged,81564.79,50289.96,2.5593,0.00,0.0000,3.6746,1.2326,13.9192,1.1808,0.5300,0.1380,0.0828,,
22.7268,10,10,26.8394,49.5654,converged,81564.79,50289.96,2.5593,0.00,0.0000,2.5464,3.2649,3.7711,5.8783,0.5206,0.3088,0.4588,0.1820,0.0852
26.8961,10,9,30.1338,57.0298,converged,81564.79,50289.96,2.5593,0.00,0.0000,1.0370,1.4232,2.9087,1.3570,0.3450,0.3556,0.1167,0.0801,
45.1805,8,8,30.6938,75.8738,completed,81564.79,50289.96,2.5593,0.00,0.0000,5.9378,4.7830,4.2019,2.5425,1.6972,0.9022,0.6197,,
47.4434,7,7,42.6747,90.1178,completed,81564.79,50289.96,2.5593,0.00,0.0000,5.7551,2.6177,11.4675,1.2083,0.2152,0.2466,,,
50.7409,7,7,33.6933,84.4333,completed,81564.79,50289.96,2.5593,0.00,0.0000,3.0142,3.1576,5.5239,1.0453,0.3680,0.6775,,,
40.0591,8,8,42.2782,82.3372,completed,81564.79,50289.96,2.5593,0.00,0.0000,1.6574,0.9408,3.9202,1.0737,0.1505,0.6491,0.6955,,
26.1289,10,8,36.0326,62.1607,converged,81564.79,50289.96,2.5593,0.00,0.0000,2.0168,1.9842,3.7645,3.9045,0.4127,0.9182,0.0810,,
57.3240,6,6,31.5619,88.8859,completed,81564.79,50289.96,2.5593,0.00,0.0000,5.2942,8.7747,5.5491,1.4138,0.3544,,,,
35.4123,9,9,41.8116,77.2237,completed,81564.79,50289.96,2.5593,0.00,0.0000,2.9681,4.9340,1.9230,3.7578,5.5088,3.1806,1.0200,0.4609,
42.7589,8,8,46.1153,88.8733,completed,81564.79,50289.96,2.5593,0.00,0.0000,3.3864,1.3240,10.1824,0.7971,0.1953,0.5528,0.4145,,
43.5767,8,8,48.0941,91.6702,completed,81564.79,50289.96,2.5593,0.00,0.0000,2.9893,2.9149,8.5117,0.8743,0.7582,0.3012,0.1482,,
31.2407,10,10,47.8007,79.0407,completed,81564.79,50289.96,2.5593,0.00,0.0000,1.7200,3.4373,0.9443,6.3855,3.1671,6.0569,1.1961,0.2465,0.2616
27.8115,10,8,27.7289,55.5399,converged,81564.79,50289.96,2.5593,0.00,0.0000,2.9354,3.6298,4.9212,6.5424,0.1344,0.1580,0.0625,,
33.3165,10,10,41.0672,74.3833,completed,81564.79,50289.96,2.5593,0.00,0.0000,1.7283,1.8404,2.7655,3.7867,5.5052,3.2012,1.0154,0.7197,0.5880
37.8779,9,9,30.6582,68.5353,converged,81564.79,50289.96,2.5593,0.00,0.0000,2.6514,3.5311,7.2298,3.2979,0.3383,0.3707,0.2225,0.0896,
37.6865,9,9,35.6763,73.3623,completed,81564.79,50289.96,2.5593,0.00,0.0000,2.4176,2.9710,3.7669,9.4005,3.6300,2.2030,1.4513,1.1102,
50.5507,7,7,30.7020,81.2521,completed,81564.79,50289.96,2.5593,0.00,0.0000,2.8008,0.5986,4.4855,0.2188,0.2471,0.1265,,,
47.3824,7,7,33.5306,80.9126,completed,81564.79,50289.96,2.5593,0.00,0.0000,5.0742,0.9523,11.5769,0.8673,0.4024,0.2859,,,
21.1614,10,10,42.9539,64.1150,completed,81564.79,50289.96,2.5593,0.00,0.0000,1.7616,1.0838,3.8814,3.1391,0.9322,2.8460,0.3895,0.3172,0.1557
39.0849,9,8,28.5692,67.6533,converged,81564.79,50289.96,2.5593,0.00,0.0000,3.3175,4.9920,2.7154,7.8292,0.5263,0.1658,0.0912,,
55.4305,6,6,28.3080,83.7380,completed,81564.79,50289.96,2.5593,0.00,0.0000,7.0873,0.9787,1.9084,0.8823,0.5427,,,,
49.9238,7,7,29.4677,79.3908,completed,81564.79,50289.96,2.5593,0.00,0.0000,2.9927,2.4417,3.5370,0.2168,0.3233,0.1667,,,
23.7096,10,10,39.8223,63.5314,completed,81564.79,50289.96,2.5593,0.00,0.0000,4.4991,4.7119,0.7471,10.4256,1.7011,2.5630,0.2974,0.1812,0.4520
48.2741,7,7,31.3174,79.5914,completed,81564.79,50289.96,2.5593,0.00,0.0000,3.5708,4.4595,9.5759,1.5466,0.3320,0.1309,,,
30.5055,10,10,40.7423,71.2473,completed,81564.79,50289.96,2.5593,0.00,0.0000,2.8562,4.8925,2.0384,8.5502,2.3413,5.2210,1.2621,0.3677,0.1907
37.5848,9,9,37.3891,74.9731,completed,81564.79,50289.96,2.5593,0.00,0.0000,1.4686,2.8823,4.3981,1.2843,2.3529,1.1719,0.4962,0.1506,
56.1118,6,6,20.5262,76.6372,completed,81564.79,50289.96,2.5593,0.00,0.0000,5.8837,9.3302,1.8076,0.4314,0.2185,,,,
39.0069,9,9,39.2076,78.2136,completed,81564.79,50289.96,2.5593,0.00,0.0000,2.3880,3.4554,2.4779,6.2093,1.5184,1.7271,0.2702,0.1463,
24.3704,10,10,50.4042,74.7742,completed,81564.79,50289.96,2.5593,0.00,0.0000,3.7621,5.0103,1.5627,5.4633,5.6170,2.2525,0.4424,0.1571,0.4200
29.0572,10,10,47.4511,76.5082,completed,81564.79,50289.96,2.5593,0.00,0.0000,4.1916,5.2635,2.8680,2.6617,4.3162,1.5733,0.4570,0.3288,0.1786
51.8644,7,7,29.0452,80.9092,completed,81564.79,50289.96,2.5593,0.00,0.0000,4.5001,0.5539,7.5257,0.1059,0.3203,0.1390,,,
27.9544,10,10,42.5100,70.4641,completed,81564.79,50289.96,2.5593,0.00,0.0000,2.0038,1.9745,4.7173,2.9499,1.2723,0.1501,0.5363,0.5928,0.2321
36.2038,9,9,54.4810,90.6840,completed,81564.79,50289.96,2.5593,0.00,0.0000,3.7527,4.9642,1.6087,8.8449,0.9617,0.6374,0.7230,0.6125,
54.7459,6,6,29.9898,84.7348,completed,81564.79,50289.96,2.5593,0.00,0.0000,4.5087,11.1331,1.3173,0.1952,0.6793,,,,
49.2140,7,7,44.2513,93.4643,completed,81564.79,50289.96,2.5593,0.00,0.0000,3.7540,0.6092,5.7062,0.2373,0.4086,0.1677,,,
30.4704,10,10,46.5923,77.0623,completed,81564.79,50289.96,2.5593,0.00,0.0000,0.8725,0.8600,3.0918,1.1156,0.7300,0.4061,0.4256,0.2143,0.1031
52.7338,6,6,35.9218,88.6549,completed,81564.79,50289.96,2.5593,0.00,0.0000,5.6812,8.3156,2.4308,0.1800,0.2981,,,,
56.4273,6,6,37.8288,94.2558,completed,81564.79,50289.96,2.5593,0.00,0.0000,5.6671,3.8359,4.7986,0.3165,0.1977,,,,
52.6184,6,6,36.0245,88.6426,completed,81564.79,50289.96,2.5593,0.00,0.0000,3.0860,5.5258,0.6088,0.2533,0.4249,,,,
34.3421,9,9,31.8926,66.2346,converged,81564.79,50289.96,2.5593,0.00,0.0000,1.5832,1.8925,4.9146,0.8643,0.1912,0.4947,0.2391,0.0925,
49.5092,7,7,25.1564,74.6654,completed,81564.79,50289.96,2.5593,0.00,0.0000,2.8442,2.7618,3.6623,0.4494,0.4214,0.5521,,,
21.9415,10,10,35.1517,57.0927,completed,81564.79,50289.96,2.5593,0.00,0.0000,2.6401,3.6687,3.5465,6.7166,0.4079,0.2809,0.4133,0.3033,0.1765
25.0913,10,10,37.9805,63.0716,completed,81564.79,50289.96,2.5593,0.00,0.0000,0.7978,0.7211,2.4847,0.5457,0.6600,0.2191,0.2796,0.6085,0.4645
46.5606,7,7,33.1371,79.6972,completed,81564.79,50289.96,2.5593,0.00,0.0000,3.2121,0.3718,5.7548,0.6387,0.5114,0.3252,,,
53.7126,6,6,27.1508,80.8629,completed,81564.79,50289.96,2.5593,0.00,0.0000,5.2292,9.3661,5.1327,0.5432,0.7539,,,,
52.2103,6,6,35.6673,87.8773,completed,81564.79,50289.96,2.5593,0.00,0.0000,7.5330,0.9713,1.9196,0.9388,0.3678,,,,
49.2833,7,7,38.5207,87.8037,completed,81564.79,50289.96,2.5593,0.00,0.0000,6.6517,2.6754,15.6677,0.9332,0.2942,0.2060,,,
22.5029,10,10,46.1921,68.6941,completed,81564.79,50289.96,2.5593,0.00,0.0000,2.3889,2.2560,5.0475,6.1503,1.3427,3.4073,1.5512,0.1915,0.1532
35.5600,9,9,53.7666,89.3269,completed,81564.79,50289.96,2.5593,0.00,0.0000,2.4519,3.5844,3.3717,4.4294,8.4590,1.9107,1.5052,1.4123,
34.1458,9,9,46.4673,80.6123,completed,81564.79,50289.96,2.5593,0.00,0.0000,2.7817,3.7091,6.0276,4.1422,0.3637,0.4787,0.2519,0.1278,
47.5205,7,7,28.0966,75.6166,completed,81564.79,50289.96,2.5593,0.00,0.0000,4.8085,2.6827,8.4168,4.7639,1.2286,0.5082,,,
23.9112,10,10,53.0439,76.9549,completed,81564.79,50289.96,2.5593,0.00,0.0000,1.8747,3.8213,1.9106,6.1820,2.5153,2.9902,0.5084,0.5333,0.4353
46.1052,7,7,42.5161,88.6211,completed,81564.79,50289.96,2.5593,0.00,0.0000,6.7054,2.5857,15.1519,0.9324,0.3010,0.1263,,,
38.2147,9,9,28.4976,66.7116,converged,81564.79,50289.96,2.5593,0.00,0.0000,3.0026,3.3973,7.9904,2.8606,0.2040,0.3242,0.1422,0.0610,
21.4730,10,10,35.3846,56.8577,converged,81564.79,50289.96,2.5593,0.00,0.0000,3.5562,2.8082,4.8770,9.6734,0.2182,0.3029,0.3099,0.1321,0.0704
39.2270,9,9,41.5482,80.7752,completed,81564.79,50289.96,2.5593,0.00,0.0000,3.1866,2.7753,9.0807,1.2353,0.2805,0.4679,0.2985,0.1120,
57.4215,6,6,32.1866,89.6076,completed,81564.79,50289.96,2.5593,0.00,0.0000,5.7117,4.1019,6.4019,3.2841,0.9476,,,,
37.7391,9,9,36.2012,73.9402,converged,81564.79,50289.96,2.5593,0.00,0.0000,2.4531,3.6800,6.0966,2.3134,1.6116,0.4923,0.1495,0.0935,
58.6190,5,5,23.3732,81.9922,completed,81564.79,50289.96,2.5593,0.00,0.0000,4.4011,10.5476,0.5228,0.4010,,,,,
58.0357,5,5,21.1464,79.1814,completed,81564.79,50289.96,2.5593,0.00,0.0000,6.4617,6.3500,4.0339,1.1778,,,,,
25.4698,10,10,44.8916,70.3606,completed,81564.80,50289.96,2.5593,0.00,0.0000,1.5257,0.9333,4.7130,1.5366,0.8776,2.1723,1.8291,0.6602,0.2272
58.4383,5,5,18.7926,77.2306,completed,81564.80,50289.96,2.5593,0.00,0.0000,4.3510,8.3829,1.2754,0.4424,,,,,
35.6861,9,9,32.0245,67.7105,converged,81564.80,50289.96,2.5593,0.00,0.0000,2.3549,2.2251,7.0694,1.2100,0.1455,0.2741,0.1035,0.0850,
38.3997,9,9,32.3263,70.7253,completed,81564.80,50289.96,2.5593,0.00,0.0000,4.2822,4.0480,7.1027,8.5415,0.2814,0.3520,0.3218,0.1460,
36.5565,9,9,31.9726,68.5286,completed,81564.80,50289.96,2.5593,0.00,0.0000,3.5210,4.8641,1.1741,7.5302,5.5267,1.1962,0.3039,0.2526,
24.8505,10,9,34.2287,59.0788,converged,81564.80,50289.96,2.5593,0.00,0.0000,3.4162,3.1374,2.9397,10.6243,0.2898,0.1776,0.1972,0.0697,
30.2605,10,7,22.8460,53.1060,converged,81564.80,50289.96,2.5593,0.00,0.0000,2.9551,3.1459,3.5646,10.0895,0.6458,0.0724,,,
50.9816,7,7,26.5244,77.5054,completed,81564.80,50289.96,2.5593,0.00,0.0000,5.8416,4.7764,4.8849,3.0758,0.7570,0.3513,,,
54.2622,6,6,32.6420,86.9040,completed,81564.80,50289.96,2.5593,0.00,0.0000,4.3822,5.5714,1.9282,0.2609,0.4076,,,,
21.1926,10,10,57.2235,78.4155,completed,81564.80,50289.96,2.5593,0.00,0.0000,2.6653,4.1950,0.5605,9.3267,0.6118,1.7315,0.6672,0.2905,0.1281
41.2673,8,8,44.1318,85.3988,completed,81564.80,50289.96,2.5593,0.00,0.0000,2.1754,1.5745,6.2598,0.7492,0.6562,0.4056,0.2269,,
20.6854,10,10,46.0368,66.7218,completed,81564.80,50289.96,2.5593,0.00,0.0000,2.8181,4.3544,0.1753,11.1089,0.8279,0.5001,0.2395,0.3169,0.1815
56.1779,6,5,23.9405,80.1176,converged,81564.80,50289.96,2.5593,0.00,0.0000,2.4167,6.1941,0.7960,0.0880,,,,,
45.1669,8,8,32.6675,77.8335,completed,81564.80,50289.96,2.5593,0.00,0.0000,3.8904,0.5573,10.4364,1.3015,0.1613,0.6629,0.4785,,
24.4130,10,10,37.0485,61.4615,completed,81564.80,50289.96,2.5593,0.00,0.0000,2.3691,2.2720,6.5060,3.5034,0.6565,0.2224,0.4984,0.3767,0.1981
33.1835,10,10,40.3638,73.5469,completed,81564.80,50289.96,2.5593,0.00,0.0000,2.2435,2.3612,5.3013,4.6855,1.3592,0.1064,0.4989,0.8290,0.4774
30.0212,10,10,36.6820,66.7030,converged,81564.80,50289.96,2.5593,0.00,0.0000,2.1238,2.5346,3.9198,4.6704,0.5135,1.0138,0.6937,0.2271,0.0784
59.1483,5,5,18.3357,77.4837,completed,81564.80,50289.96,2.5593,0.00,0.0000,4.0543,6.6947,0.7556,0.3909,,,,,
50.2795,7,7,29.2960,79.5751,completed,81564.80,50289.96,2.5593,0.00,0.0000,1.6940,1.3479,1.9516,0.6659,0.4261,0.4102,,,
33.1054,10,10,40.4628,73.5678,converged,81564.80,50289.96,2.5593,0.00,0.0000,2.9655,4.2033,3.0959,6.9309,0.2732,0.4379,0.1639,0.1110,0.0685
56.4518,6,6,23.8815,80.3325,completed,81564.80,50289.96,2.5593,0.00,0.0000,5.9697,9.4022,3.4896,0.3600,0.6096,,,,
25.2067,10,9,28.1442,53.3502,converged,81564.80,50289.96,2.5593,0.00,0.0000,2.1454,2.2945,4.3878,3.3263,0.3343,0.3154,0.1576,0.0678,
48.7207,7,7,26.3583,75.0783,completed,81564.80,50289.96,2.5593,0.00,0.0000,4.5328,2.9919,9.8778,0.6270,0.4082,0.3141,,,
33.7281,10,10,39.3874,73.1154,converged,81564.80,50289.96,2.5593,0.00,0.0000,3.2172,4.7547,0.5462,11.6125,0.4016,0.5526,0.2697,0.1002,0.0588
48.6425,7,7,27.5263,76.1683,completed,81564.80,50289.96,2.5593,0.00,0.0000,0.8526,2.0387,1.2405,0.7586,0.2039,0.9163,,,
55.2300,6,6,20.6596,75.8896,completed,81564.80,50289.96,2.5593,0.00,0.0000,4.1522,5.7912,1.7917,0.2339,0.8085,,,,
51.5539,7,7,26.2976,77.8507,completed,81564.80,50289.96,2.5593,0.00,0.0000,3.5701,1.7263,7.4189,0.8089,0.2706,0.1033,,,
23.5863,10,10,34.7503,58.3364,completed,81564.80,50289.96,2.5593,0.00,0.0000,2.3658,3.5298,1.0758,7.5513,0.8015,6.6450,1.5487,0.2488,0.2888
56.3532,6,6,26.8028,83.1559,completed,81564.80,50289.96,2.5593,0.00,0.0000,5.8175,2.6442,4.3725,0.3929,0.1396,,,,
47.6082,7,7,23.4495,71.0575,converged,81564.80,50289.96,2.5593,0.00,0.0000,4.5258,0.3998,11.2493,0.3297,0.2509,0.0975,,,
24.5655,10,10,37.0715,61.6365,completed,81564.80,50289.96,2.5593,0.00,0.0000,3.0750,3.0219,3.6898,10.8070,0.8729,1.2804,1.0773,0.2006,0.1565
41.0645,8,8,28.8797,69.9437,converged,81564.80,50289.96,2.5593,0.00,0.0000,4.6078,3.2100,10.7478,3.8358,0.5454,0.2647,0.0576,,
21.7938,10,9,46.5257,68.3187,converged,81564.80,50289.96,2.5593,0.00,0.0000,3.2094,3.8645,2.5689,8.8588,0.7485,0.5120,0.1222,0.0784,
22.9503,10,10,42.7389,65.6889,converged,81564.80,50289.96,2.5593,0.00,0.0000,1.0503,1.0297,2.5693,0.3743,0.5325,0.6619,0.3443,0.1217,0.0610
43.7803,8,8,32.3538,76.1339,completed,81564.80,50289.96,2.5593,0.00,0.0000,2.7452,1.4809,7.4937,1.3236,0.3239,0.5721,0.5997,,
30.7727,10,10,55.5624,86.3344,completed,81564.80,50289.96,2.5593,0.00,0.0000,0.4870,0.6687,2.2973,0.9495,1.1431,0.1584,0.3405,0.9158,0.7734
32.9293,10,10,38.9490,71.8780,completed,81564.80,50289.96,2.5593,0.00,0.0000,2.9561,2.5507,7.7111,3.3530,0.5575,0.1421,0.4216,0.5790,0.2651
37.8621,9,6,27.5587,65.4207,converged,81564.80,50289.96,2.5593,0.00,0.0000,2.4935,0.3324,8.3567,0.5229,0.0502,,,,
31.6936,10,9,41.4098,73.1029,converged,81564.80,50289.96,2.5593,0.00,0.0000,1.3078,1.7019,2.9780,1.3471,0.3651,0.3348,0.1739,0.0778,
49.5643,7,7,23.7307,73.2947,completed,81564.80,50289.96,2.5593,0.00,0.0000,2.2856,2.3583,3.2403,1.0116,0.2360,0.8962,,,
57.3003,6,6,21.4407,78.7408,completed,81564.80,50289.96,2.5593,0.00,0.0000,5.9296,3.4392,6.1233,0.2359,0.2246,,,,
31.7071,10,9,41.4257,73.1328,converged,81564.80,50289.96,2.5593,0.00,0.0000,2.4237,2.3200,4.8127,4.2219,0.2333,0.5448,0.1882,0.0960,
56.0295,6,6,33.9659,89.9949,completed,81564.80,50289.96,2.5593,0.00,0.0000,4.2978,7.1027,2.2513,0.2255,0.8147,,,,
21.4341,10,10,32.0361,53.4701,converged,81564.80,50289.96,2.5593,0.00,0.0000,4.2000,4.7763,2.1236,13.2343,0.2803,0.3227,0.2052,0.1047,0.0897
56.5551,6,6,28.1191,84.6741,completed,81564.80,50289.96,2.5593,0.00,0.0000,2.4329,3.0129,1.3016,1.7003,0.9002,,,,
48.0528,7,7,34.8375,82.8895,completed,81564.80,50289.96,2.5593,0.00,0.0000,5.2589,1.9146,10.9705,0.5941,0.3160,0.1724,,,
44.0592,8,8,46.4725,90.5315,completed,81564.80,50289.96,2.5593,0.00,0.0000,3.3543,3.4979,8.7277,4.0773,3.9002,0.6318,0.5275,,
51.6007,7,7,25.8010,77.4010,converged,81564.80,50289.96,2.5593,0.00,0.0000,4.8072,1.8057,9.9192,0.5551,0.2165,0.0534,,,
26.9958,10,10,38.1608,65.1558,converged,81564.80,50289.96,2.5593,0.00,0.0000,2.9901,3.1018,6.3892,4.8700,0.3839,0.5317,0.4173,0.1699,0.0637
39.2318,9,9,31.4136,70.6447,completed,81564.80,50289.96,2.5593,0.00,0.0000,3.5356,5.2456,4.8185,10.7559,3.0183,2.4582,1.3581,0.9388,
37.0057,9,9,33.6973,70.7023,completed,81564.80,50289.96,2.5593,0.00,0.0000,5.4016,6.7060,4.9047,7.9336,4.9622,2.5883,1.0622,0.4735,
50.5388,7,7,25.4751,76.0132,completed,81564.80,50289.96,2.5593,0.00,0.0000,5.4990,5.5962,2.4774,3.2709,1.5242,0.5864,,,
41.9709,8,8,27.4167,69.3867,completed,81564.80,50289.96,2.5593,0.00,0.0000,2.6283,1.9202,4.6079,0.3426,0.3426,0.2705,0.1697,,
25.8520,10,10,52.1783,78.0304,completed,81564.80,50289.96,2.5593,0.00,0.0000,3.1637,5.1441,3.2902,9.0902,6.0511,1.2504,1.0265,0.6886,0.5009
58.9584,5,5,26.7918,85.7498,completed,81564.80,50289.96,2.5593,0.00,0.0000,5.2807,8.9657,0.3129,0.2941,,,,,
40.6018,8,8,39.3031,79.9041,completed,81564.80,50289.96,2.5593,0.00,0.0000,4.4673,4.5551,11.8141,1.1586,0.6352,0.2643,0.1120,,
20.1136,10,10,38.0954,58.2084,completed,81564.80,50289.96,2.5593,0.00,0.0000,3.2818,5.0826,2.0162,11.2123,4.7969,3.7978,0.3377,0.3142,0.4700
59.0280,5,5,27.8564,86.8845,completed,81564.80,50289.96,2.5593,0.00,0.0000,0.8505,1.3790,0.3329,0.5155,,,,,
22.4083,10,10,39.0589,61.4670,completed,81564.80,50289.96,2.5593,0.00,0.0000,3.2742,3.4050,2.3663,9.3606,0.5012,1.7482,0.6523,0.1142,0.4012
42.3975,8,8,30.3088,72.7059,completed,81564.80,50289.96,2.5593,0.00,0.0000,2.3311,2.1647,6.3550,0.3840,0.3174,0.3832,0.2023,,
52.6520,6,6,23.7286,76.3796,completed,81564.80,50289.96,2.5593,0.00,0.0000,5.3701,4.6442,6.0330,0.2145,0.3372,,,,
23.6698,10,10,45.6068,69.2759,completed,81564.80,50289.96,2.5593,0.00,0.0000,2.8894,2.4180,6.9971,5.1651,1.3277,0.2363,0.4159,0.8964,0.5742
28.4189,10,10,41.8295,70.2475,completed,81564.80,50289.96,2.5593,0.00,0.0000,4.3437,6.4446,4.2232,4.0225,8.4892,3.4771,1.5418,0.6067,0.3506
50.8208,7,7,40.3104,91.1304,completed,81564.80,50289.96,2.5593,0.00,0.0000,7.2074,5.4271,2.2595,3.7738,2.1550,0.7237,,,
55.9505,6,6,23.1617,79.1118,completed,81564.80,50289.96,2.5593,0.00,0.0000,4.3146,6.9165,1.1840,0.3210,0.4443,,,,
32.2296,10,9,36.5772,68.8062,converged,81564.80,50289.96,2.5593,0.00,0.0000,2.8124,3.9714,2.7280,7.3362,0.1671,0.4543,0.1150,0.0779,
43.3014,8,8,30.4914,73.7924,completed,81564.80,50289.96,2.5593,0.00,0.0000,3.1740,1.8696,6.8761,0.1674,0.3859,0.1979,0.1114,,
31.8030,10,9,40.8239,72.6259,converged,81564.80,50289.96,2.5593,0.00,0.0000,4.1455,5.9556,2.1139,4.0521,2.2042,1.2074,0.2240,0.0900,
57.0306,6,6,37.0204,94.0505,completed,81564.80,50289.96,2.5593,0.00,0.0000,2.5036,5.1021,1.3615,0.2326,0.8451,,,,
40.8857,8,8,46.3682,87.2532,converged,81564.80,50289.96,2.5593,0.00,0.0000,3.2242,5.1168,8.1593,0.4882,1.9064,0.6887,0.0905,,
49.1389,7,7,29.8085,78.9465,completed,81564.80,50289.96,2.5593,0.00,0.0000,1.9263,4.1802,1.2028,0.3516,0.4999,0.2508,,,
47.3695,7,7,26.9831,74.3522,completed,81564.80,50289.96,2.5593,0.00,0.0000,2.2709,2.0453,2.1168,0.1290,0.4955,0.1814,,,
31.2858,10,10,39.2758,70.5609,completed,81564.80,50289.96,2.5593,0.00,0.0000,4.1322,5.4265,3.3950,1.1993,3.2497,0.8340,0.4708,0.3916,0.2634
33.5275,10,10,37.8378,71.3649,converged,81564.80,50289.96,2.5593,0.00,0.0000,2.6800,4.7087,0.6042,9.7775,0.2224,0.2474,0.2838,0.1093,0.0416
46.2353,7,7,24.9291,71.1642,completed,81564.80,50289.95,2.5593,0.00,0.0000,1.6640,2.3018,1.6319,0.2903,0.5926,0.5199,,,
55.8461,6,6,25.9340,81.7800,completed,81564.80,50289.95,2.5593,0.00,0.0000,3.7344,4.5624,1.7245,0.1972,0.1603,,,,
56.7435,6,6,36.9066,93.6497,completed,81564.80,50289.95,2.5593,0.00,0.0000,3.5895,10.9965,1.7235,0.5630,0.2607,,,,
53.6438,6,6,33.3768,87.0198,completed,81564.80,50289.95,2.5593,0.00,0.0000,2.0605,3.5649,1.0229,0.2386,0.7559,,,,
56.0684,6,6,23.3275,79.3955,completed,81564.80,50289.95,2.5593,0.00,0.0000,4.4316,2.1786,2.1093,1.8078,0.4860,,,,
34.9607,9,9,33.8306,68.7907,completed,81564.80,50289.95,2.5593,0.00,0.0000,2.2774,0.3998,6.9141,1.3439,0.4017,0.7311,0.3235,0.1086,
55.9888,6,6,22.3342,78.3222,completed,81564.80,50289.95,2.5593,0.00,0.0000,4.9477,7.7994,1.0479,0.2307,0.4339,,,,
54.3650,6,6,22.3102,76.6742,completed,81564.80,50289.95,2.5593,0.00,0.0000,6.0522,3.6523,2.8765,0.2126,0.1038,,,,
57.0299,6,6,26.6136,83.6427,completed,81564.80,50289.95,2.5593,0.00,0.0000,5.3668,8.0136,2.3082,0.1235,0.3084,,,,
28.6364,10,9,27.8617,56.4978,converged,81564.80,50289.95,2.5593,0.00,0.0000,2.8233,3.0526,2.7076,7.4445,1.1683,0.5507,0.3515,0.0913,
25.6727,10,10,39.0061,64.6781,completed,81564.80,50289.95,2.5593,0.00,0.0000,1.6949,2.3982,3.8133,2.5751,0.4542,1.0406,1.0026,0.4560,0.1035
42.8445,8,8,31.4999,74.3439,completed,81564.80,50289.95,2.5593,0.00,0.0000,2.9341,0.7797,7.3680,0.8766,4.9625,1.5318,0.4984,,
20.9475,10,10,35.0455,55.9926,completed,81564.80,50289.95,2.5593,0.00,0.0000,2.9388,3.2235,1.5643,9.2850,5.9259,1.4241,1.2341,1.1864,0.9669
46.6405,7,7,33.8306,80.4706,completed,81564.80,50289.95,2.5593,0.00,0.0000,2.7561,0.4349,4.9837,5.3901,1.6681,0.2355,,,
48.4604,7,7,25.0375,73.4976,completed,81564.80,50289.95,2.5593,0.00,0.0000,5.1222,0.8586,8.8137,0.5278,0.3984,0.2011,,,
44.0968,8,8,34.5754,78.6715,completed,81564.80,50289.95,2.5593,0.00,0.0000,3.6737,4.0066,10.4068,0.9149,2.4680,1.1180,0.1600,,
59.8808,5,5,19.3585,79.2385,completed,81564.80,50289.95,2.5593,0.00,0.0000,4.7867,10.7452,0.9886,0.4915,,,,,
45.4459,8,8,29.3204,74.7654,completed,81564.80,50289.95,2.5593,0.00,0.0000,3.8900,2.2872,10.1129,0.9187,0.7192,0.5328,0.2115,,
34.0751,9,9,29.7930,63.8680,converged,81564.81,50289.95,2.5593,0.00,0.0000,2.2101,0.6622,5.7751,0.9670,0.1810,0.5557,0.1783,0.0895,
44.7011,8,8,29.3996,74.1006,completed,81564.81,50289.95,2.5593,0.00,0.0000,3.6212,2.0610,13.0438,2.4656,3.1924,1.1382,0.1787,,
54.7990,6,6,31.2272,86.0252,completed,81564.81,50289.95,2.5593,0.00,0.0000,3.4870,5.6402,1.1824,1.0197,0.7498,,,,
46.5258,7,7,30.3629,76.8880,completed,81564.81,50289.95,2.5593,0.00,0.0000,1.9228,0.5516,3.1977,0.9031,0.5870,0.5603,,,
37.4924,9,9,43.6578,81.1498,completed,81564.81,50289.95,2.5593,0.00,0.0000,1.9470,2.0729,4.3385,2.6898,6.9343,1.3006,1.2969,1.2706,
58.3074,5,5,33.6066,91.9136,completed,81564.81,50289.95,2.5593,0.00,0.0000,4.6749,8.9125,0.5841,0.4261,,,,,
23.0737,10,10,45.9497,69.0228,completed,81564.81,50289.95,2.5593,0.00,0.0000,4.0627,6.9460,7.5931,6.7307,4.9719,4.4585,2.6567,0.7774,0.2814
45.6053,8,8,35.1317,80.7367,completed,81564.81,50289.95,2.5593,0.00,0.0000,6.2008,8.7327,3.3185,5.8028,2.8224,1.8440,0.7879,,
46.1903,7,7,32.9892,79.1792,completed,81564.81,50289.95,2.5593,0.00,0.0000,6.8314,5.0636,4.1083,6.2607,1.9635,0.7567,,,
51.4948,7,7,27.5543,79.0483,completed,81564.81,50289.95,2.5593,0.00,0.0000,0.5966,0.8184,0.6289,0.2793,0.4925,0.4343,,,
37.0623,9,9,32.0052,69.0673,completed,81564.81,50289.95,2.5593,0.00,0.0000,2.8884,2.1989,9.2071,1.3516,3.9302,2.0155,0.2939,0.1997,
24.6934,10,10,37.7957,62.4887,converged,81564.81,50289.95,2.5593,0.00,0.0000,1.4111,2.4379,3.1661,2.5740,0.4271,1.5125,1.2511,0.3964,0.0822
39.2111,9,9,38.7457,77.9567,converged,81564.81,50289.95,2.5593,0.00,0.0000,4.6081,6.2613,1.0410,4.1848,2.6503,0.5627,0.2455,0.0929,
58.8961,5,5,20.3775,79.2735,completed,81564.81,50289.95,2.5593,0.00,0.0000,3.4813,6.0566,0.6105,0.5405,,,,,
20.7168,10,10,40.4388,61.1549,completed,81564.81,50289.95,2.5593,0.00,0.0000,4.1432,6.9458,6.3549,5.1411,4.9100,2.4900,1.4437,0.3554,0.1927
20.7329,10,10,31.2902,52.0222,converged,81564.81,50289.95,2.5593,0.00,0.0000,2.0923,2.9350,1.8868,5.6659,0.6958,0.4136,0.5788,0.1076,0.0683
35.0444,9,9,34.2556,69.2996,completed,81564.81,50289.95,2.5593,0.00,0.0000,2.8645,3.9288,4.5469,6.1278,6.3380,2.2804,1.2716,1.0647,
37.7543,9,9,37.4426,75.1966,completed,81564.81,50289.95,2.5593,0.00,0.0000,2.9916,2.4993,9.2980,0.8824,0.4663,0.6287,0.4191,0.1080,
56.2714,6,6,30.2333,86.5044,completed,81564.81,50289.95,2.5593,0.00,0.0000,2.6660,4.6318,1.2278,0.6155,0.4890,,,,
56.6848,6,6,20.8791,77.5631,completed,81564.81,50289.95,2.5593,0.00,0.0000,4.9280,4.2565,2.6512,0.2303,0.4325,,,,
50.2944,7,7,25.6127,75.9067,completed,81564.81,50289.95,2.5593,0.00,0.0000,2.7120,2.0244,6.3766,4.3527,1.6463,0.4864,,,
27.4750,10,10,35.2749,62.7500,completed,81564.81,50289.95,2.5593,0.00,0.0000,1.9304,2.5700,3.7944,3.6732,0.9230,1.4085,0.8555,0.4382,0.1503
30.8829,10,10,39.7525,70.6346,completed,81564.81,50289.95,2.5593,0.00,0.0000,2.8812,5.5626,5.3487,4.1120,4.4127,1.1789,0.8139,0.9042,0.7919
30.7921,10,10,43.9403,74.7323,completed,81564.81,50289.95,2.5593,0.00,0.0000,2.7223,2.4880,5.7029,4.9305,1.0451,0.2928,0.5505,0.4397,0.1932
38.2264,9,8,26.3510,64.5770,converged,81564.81,50289.95,2.5593,0.00,0.0000,3.6025,5.0697,3.4272,8.2534,1.3641,0.2243,0.0712,,
38.2150,9,9,37.2813,75.4964,completed,81564.81,50289.95,2.5593,0.00,0.0000,5.1747,5.8226,3.0127,13.4898,3.4835,1.2719,0.1483,0.2175,
23.2370,10,7,22.5401,45.7771,converged,81564.81,50289.95,2.5593,0.00,0.0000,3.6447,3.6248,2.9677,11.7471,0.6442,0.0969,,,
36.5276,9,9,32.8921,69.4191,converged,81564.81,50289.95,2.5593,0.00,0.0000,2.4282,1.0364,6.8081,1.3880,0.5205,0.8404,0.4130,0.0746,
28.8001,10,10,41.7498,70.5498,completed,81564.81,50289.95,2.5593,0.00,0.0000,3.2801,4.8785,2.3102,2.8281,2.0165,0.6606,0.9027,0.5492,0.2382
34.2358,9,9,35.5125,69.7475,converged,81564.81,50289.95,2.5593,0.00,0.0000,4.4963,4.5301,4.2929,11.7892,0.5401,0.7097,0.1151,0.0350,
58.1229,5,5,17.9421,76.0641,completed,81564.81,50289.95,2.5593,0.00,0.0000,6.8859,6.7602,1.8323,0.6962,,,,,
31.3324,10,10,37.4843,68.8164,completed,81564.81,50289.95,2.5593,0.00,0.0000,1.2439,0.8053,4.3193,1.0184,1.4186,0.6628,0.5825,0.6880,0.5665
23.4878,10,10,37.5862,61.0732,completed,81564.81,50289.95,2.5593,0.00,0.0000,1.7199,2.0859,2.8701,3.9723,2.6191,4.0016,0.4906,0.3657,0.3278
40.9956,8,8,37.2867,78.2817,completed,81564.81,50289.95,2.5593,0.00,0.0000,3.3920,0.5463,9.6581,0.6733,0.5543,0.4180,0.1796,,
36.1847,9,9,34.4559,70.6400,completed,81564.81,50289.95,2.5593,0.00,0.0000,3.5424,2.1229,9.3230,2.0033,0.4347,0.6568,0.1750,0.1210,
20.8647,10,8,30.1476,51.0116,converged,81564.81,50289.95,2.5593,0.00,0.0000,3.4759,2.8508,3.7847,12.7912,0.3228,0.1576,0.0709,,
54.3332,6,6,27.4293,81.7623,completed,81564.81,50289.95,2.5593,0.00,0.0000,2.6272,6.8798,1.1978,0.3872,0.7714,,,,
29.1184,10,10,41.9639,71.0819,completed,81564.81,50289.95,2.5593,0.00,0.0000,1.8557,1.0816,5.5174,1.0974,1.1687,0.2504,0.4403,0.8469,0.5548
27.6700,10,10,40.6739,68.3439,completed,81564.81,50289.95,2.5593,0.00,0.0000,2.7727,3.0480,3.2376,5.7836,6.6411,1.1369,1.2806,0.9432,0.7941
58.8981,5,5,22.2370,81.1350,completed,81564.81,50289.95,2.5593,0.00,0.0000,9.4453,4.2720,6.4683,2.1855,,,,,
43.1641,8,8,30.1232,73.2872,completed,81564.81,50289.95,2.5593,0.00,0.0000,4.9212,1.5547,16.0579,0.3514,0.4709,0.3991,0.1756,,
55.8255,6,6,28.0447,83.8697,completed,81564.81,50289.95,2.5593,0.00,0.0000,5.5148,7.7754,6.8677,2.9270,1.1462,,,,
48.2586,7,6,20.7622,69.0202,converged,81564.81,50289.95,2.5593,0.00,0.0000,2.0443,0.3880,3.9333,0.3056,0.0805,,,,
42.3957,8,8,29.0770,71.4720,completed,81564.81,50289.95,2.5593,0.00,0.0000,5.2752,3.0275,13.2726,2.2006,0.4621,0.1859,0.1182,,
44.8755,8,8,32.8551,77.7301,completed,81564.81,50289.95,2.5593,0.00,0.0000,4.6693,6.8364,4.2376,5.2521,1.3728,0.5916,0.5621,,
53.9497,6,6,21.6212,75.5702,completed,81564.81,50289.95,2.5593,0.00,0.0000,6.1238,2.6315,5.1007,0.9875,0.1691,,,,
33.8537,10,10,35.1689,69.0219,completed,81564.81,50289.95,2.5593,0.00,0.0000,3.1594,5.1005,0.5274,11.3721,0.2900,0.9298,0.2769,0.1150,0.2518
21.4883,10,10,42.3824,63.8704,completed,81564.81,50289.95,2.5593,0.00,0.0000,3.0246,6.0455,4.9326,2.9122,5.1537,1.9029,0.6063,0.2917,0.1742
31.7933,10,9,29.5364,61.3294,converged,81564.81,50289.95,2.5593,0.00,0.0000,2.6478,3.0036,3.1752,6.0789,0.7804,0.2471,0.2098,0.0568,
51.5554,7,7,23.6539,75.2089,completed,81564.81,50289.95,2.5593,0.00,0.0000,5.1391,4.4931,8.3913,2.4797,0.8941,0.1125,,,
39.0943,9,9,38.3511,77.4451,completed,81564.81,50289.95,2.5593,0.00,0.0000,2.3089,3.9633,3.1977,5.5558,2.2993,1.7890,0.3835,0.1183,
45.7475,8,8,31.7786,77.5256,completed,81564.81,50289.95,2.5593,0.00,0.0000,3.3785,2.9821,9.2907,6.8760,2.6609,1.0223,0.3395,,
59.0352,5,5,30.3509,89.3860,completed,81564.81,50289.95,2.5593,0.00,0.0000,5.4093,11.7870,0.8225,0.4722,,,,,
40.9275,8,8,34.5622,75.4892,completed,81564.81,50289.95,2.5593,0.00,0.0000,3.1274,4.1663,9.0354,0.4470,0.7870,0.3002,0.1086,,
45.6600,8,8,35.0863,80.7463,completed,81564.81,50289.95,2.5593,0.00,0.0000,6.1947,5.9874,2.2851,7.9181,2.6966,1.6059,0.6743,,
52.8492,6,6,29.4299,82.2790,completed,81564.81,50289.95,2.5593,0.00,0.0000,3.7881,5.2048,0.6565,0.2519,0.2588,,,,
50.1598,7,7,23.8196,73.9786,converged,81564.81,50289.95,2.5593,0.00,0.0000,2.3511,1.9642,2.7769,0.3001,0.1583,0.0925,,,
31.9452,10,3,12.3904,44.3355,converged,81564.81,50289.95,2.5593,0.00,0.0000,1.0471,0.0940,,,,,,,
30.0279,10,9,33.2960,63.3231,converged,81564.81,50289.95,2.5593,0.00,0.0000,3.1226,2.8371,5.1399,6.0520,0.3622,0.4101,0.1020,0.0369,
41.2197,8,8,26.9482,68.1673,completed,81564.81,50289.95,2.5593,0.00,0.0000,1.9704,2.2469,6.1647,1.7427,2.7670,1.1337,0.3344,,
54.1581,6,6,23.4252,77.5833,completed,81564.81,50289.95,2.5593,0.00,0.0000,2.9720,5.2933,1.6201,0.6176,0.7581,,,,
38.7767,9,9,30.1046,68.8807,converged,81564.81,50289.95,2.5593,0.00,0.0000,4.1547,3.8959,10.5080,1.8427,0.2212,0.3001,0.1337,0.0901,
54.9172,6,6,23.4184,78.3354,completed,81564.81,50289.95,2.5593,0.00,0.0000,7.8443,2.0212,2.9577,2.4679,0.8480,,,,
42.9022,8,8,31.4991,74.4011,completed,81564.81,50289.95,2.5593,0.00,0.0000,5.2431,3.8096,12.1520,2.6762,3.9139,1.9656,0.6173,,
47.9754,7,7,25.5372,73.5122,completed,81564.81,50289.95,2.5593,0.00,0.0000,5.1082,1.2143,14.6597,1.3953,0.3072,0.2300,,,
38.5083,9,9,32.5398,71.0478,completed,81564.81,50289.95,2.5593,0.00,0.0000,2.9765,1.5142,9.6868,0.8117,0.5265,0.2593,0.7194,0.3927,
38.4401,9,9,30.5390,68.9790,converged,81564.81,50289.95,2.5593,0.00,0.0000,1.9060,1.3277,5.5552,0.3039,0.2244,0.2251,0.1388,0.0538,
31.9838,10,10,34.8524,66.8355,completed,81564.81,50289.95,2.5593,0.00,0.0000,0.2845,0.2779,0.9035,0.5236,0.8628,0.5631,0.3642,0.9239,0.7232
35.9496,9,9,35.2665,71.2155,completed,81564.81,50289.95,2.5593,0.00,0.0000,3.0680,3.9352,3.7282,5.3912,5.1557,1.0253,0.2858,0.3619,
38.4589,9,9,35.5566,74.0147,completed,81564.81,50289.95,2.5593,0.00,0.0000,2.5672,2.7904,5.1386,3.6989,4.0794,1.7259,0.4087,0.3288,
52.4321,6,6,21.4000,73.8320,completed,81564.81,50289.95,2.5593,0.00,0.0000,2.8052,6.3843,0.8101,3.0924,1.7778,,,,
38.9392,9,9,38.8894,77.8284,completed,81564.81,50289.95,2.5593,0.00,0.0000,2.6785,2.8254,6.6673,3.3191,3.1042,0.7212,0.3532,0.2053,
24.0991,10,9,38.3402,62.4392,converged,81564.81,50289.95,2.5593,0.00,0.0000,3.3200,4.1742,2.0818,9.5869,0.5771,0.7088,0.2506,0.0942,
41.7383,8,8,35.2247,76.9627,completed,81564.81,50289.95,2.5593,0.00,0.0000,2.7006,0.6970,7.2464,1.3415,0.5215,0.5480,1.0158,,
52.4428,6,6,34.3812,86.8232,completed,81564.81,50289.95,2.5593,0.00,0.0000,3.8652,7.6634,1.7801,1.1470,0.4132,,,,
38.6166,9,8,32.9466,71.5626,converged,81564.81,50289.95,2.5593,0.00,0.0000,3.8664,4.7630,6.9147,6.0365,0.2073,0.2148,0.0888,,
57.9677,6,6,21.6579,79.6250,completed,81564.81,50289.95,2.5593,0.00,0.0000,4.9486,7.9811,2.7030,0.1899,0.1656,,,,
21.0006,10,10,44.2597,65.2597,completed,81564.81,50289.95,2.5593,0.00,0.0000,3.8050,5.1903,1.2930,12.4532,1.0482,2.5529,0.8826,0.1570,0.2778
40.9349,8,8,34.2832,75.2173,completed,81564.81,50289.95,2.5593,0.00,0.0000,3.9125,6.4400,6.7415,5.9537,1.9580,0.6874,0.6442,,
35.2840,9,9,33.1687,68.4527,converged,81564.81,50289.95,2.5593,0.00,0.0000,2.5072,3.5647,5.5840,2.1218,0.2159,0.2663,0.1384,0.0553,
58.0091,5,5,25.6121,83.6211,completed,81564.81,50289.95,2.5593,0.00,0.0000,8.4562,2.9277,4.6441,2.0213,,,,,
57.4358,6,6,25.6468,83.0819,completed,81564.81,50289.95,2.5593,0.00,0.0000,7.2705,0.2981,2.5635,0.7156,0.3171,,,,
38.1795,9,9,41.3021,79.4811,completed,81564.81,50289.95,2.5593,0.00,0.0000,4.3030,5.5318,3.3082,9.0258,2.6829,0.9726,0.7572,0.7071,
48.6034,7,7,21.2576,69.8607,converged,81564.81,50289.95,2.5593,0.00,0.0000,4.5768,1.0495,7.5742,0.6800,0.3020,0.0831,,,
26.7477,10,10,37.3037,64.0507,completed,81564.81,50289.95,2.5593,0.00,0.0000,3.0023,3.5473,3.3440,7.8343,0.8056,1.6137,0.8133,0.1321,0.1890
45.7566,8,8,32.7033,78.4593,completed,81564.81,50289.95,2.5593,0.00,0.0000,2.9958,2.8641,9.3035,0.7375,0.7780,0.7622,0.5163,,
39.2391,9,9,31.5544,70.7934,converged,81564.81,50289.95,2.5593,0.00,0.0000,4.1888,3.2235,9.4713,5.9232,0.1215,0.2953,0.2232,0.0590,
45.1169,8,8,28.9627,74.0787,completed,81564.81,50289.95,2.5593,0.00,0.0000,1.2218,1.0532,1.6781,0.7156,0.3101,0.5663,0.2928,,
58.2019,5,5,23.4374,81.6385,completed,81564.81,50289.95,2.5593,0.00,0.0000,1.9930,8.6127,2.5552,0.1515,,,,,
38.9616,9,9,30.2456,69.2066,completed,81564.81,50289.95,2.5593,0.00,0.0000,2.0660,0.9188,6.1933,1.1405,2.1928,1.1064,0.2412,0.2634,
41.6809,8,8,27.6863,69.3664,completed,81564.81,50289.95,2.5593,0.00,0.0000,2.4864,1.6709,6.1816,0.5339,0.6414,0.2971,0.1659,,
53.0804,6,6,32.0287,85.1087,completed,81564.81,50289.95,2.5593,0.00,0.0000,6.5573,2.9162,3.8487,1.4384,0.6437,,,,
46.2036,7,7,28.4329,74.6359,completed,81564.81,50289.95,2.5593,0.00,0.0000,4.5656,0.7827,10.0282,0.5727,0.5276,0.1050,,,
34.4057,9,9,40.6450,75.0500,completed,81564.81,50289.95,2.5593,0.00,0.0000,3.4617,2.2981,10.0358,2.2123,0.6641,0.3273,0.5864,0.3904,
49.0352,7,7,22.7128,71.7478,completed,81564.81,50289.95,2.5593,0.00,0.0000,5.9445,8.5050,4.1941,3.6612,1.5355,0.5666,,,
50.1669,7,7,23.7989,73.9649,completed,81564.81,50289.95,2.5593,0.00,0.0000,2.6565,1.0167,3.7957,0.5955,0.3994,0.5688,,,
47.3134,7,7,28.3223,75.6353,completed,81564.81,50289.95,2.5593,0.00,0.0000,6.7732,6.9939,7.8659,7.3794,3.1216,1.4755,,,
45.6814,8,8,27.3177,72.9987,completed,81564.82,50289.95,2.5593,0.00,0.0000,4.9724,5.2068,7.1180,2.0314,3.6335,0.8023,0.3341,,
35.7988,9,9,26.3562,62.1542,converged,81564.82,50289.95,2.5593,0.00,0.0000,1.9754,3.0697,5.3965,2.0220,0.4244,0.3682,0.1420,0.0644,
28.3595,10,7,26.5627,54.9217,converged,81564.82,50289.95,2.5593,0.00,0.0000,3.8227,4.5823,0.8775,13.2900,0.3673,0.0571,,,
59.8123,5,5,19.1146,78.9267,completed,81564.82,50289.95,2.5593,0.00,0.0000,10.8565,1.5110,3.4145,1.4298,,,,,
42.7335,8,8,31.3710,74.1040,completed,81564.82,50289.95,2.5593,0.00,0.0000,6.8359,7.8634,2.5242,4.8615,2.0231,1.5882,0.5225,,
24.3655,10,10,38.5993,62.9643,completed,81564.82,50289.95,2.5593,0.00,0.0000,2.6443,4.2509,0.9786,9.2881,1.0767,2.8139,0.8314,0.1312,0.1036
33.3491,10,7,27.9696,61.3186,converged,81564.82,50289.95,2.5593,0.00,0.0000,1.1869,1.1761,3.6564,1.0517,0.9290,0.0685,,,
45.8843,8,8,35.9955,81.8795,completed,81564.82,50289.95,2.5593,0.00,0.0000,4.1365,6.4781,3.2545,3.3011,1.2223,0.4811,0.3695,,
49.2074,7,7,36.7455,85.9526,completed,81564.82,50289.95,2.5593,0.00,0.0000,2.3853,5.7042,2.2610,0.1623,0.3175,0.1423,,,
37.8844,9,9,39.4661,77.3501,completed,81564.82,50289.95,2.5593,0.00,0.0000,4.5214,6.5746,2.3216,6.8483,7.1407,2.0057,0.7263,0.1987,
52.6924,6,6,27.0741,79.7662,completed,81564.82,50289.95,2.5593,0.00,0.0000,3.8962,9.5391,2.1101,0.3060,0.7567,,,,
39.0084,9,9,37.5193,76.5273,completed,81564.82,50289.95,2.5593,0.00,0.0000,2.5850,2.0374,6.4499,1.7493,1.1027,0.5770,0.5474,0.2248,
40.0026,8,8,31.1028,71.1048,completed,81564.82,50289.95,2.5593,0.00,0.0000,3.0790,2.9904,7.3016,3.9109,3.7692,0.8620,0.3597,,
49.2888,7,7,31.8914,81.1794,completed,81564.82,50289.95,2.5593,0.00,0.0000,5.3027,1.8615,16.1446,2.2171,1.0180,0.2013,,,
46.8538,7,7,25.7155,72.5686,completed,81564.82,50289.95,2.5593,0.00,0.0000,1.9452,2.8849,2.6770,1.0733,0.4118,0.9469,,,
31.2984,10,10,46.0542,77.3523,completed,81564.82,50289.95,2.5593,0.00,0.0000,0.9854,0.3138,3.9392,0.7412,1.1769,0.5493,0.2149,0.8800,0.9535
43.7030,8,8,35.1167,78.8187,completed,81564.82,50289.95,2.5593,0.00,0.0000,4.2262,5.0714,7.0829,9.6287,1.6863,1.3413,1.3474,,
23.0493,10,10,36.1307,59.1797,completed,81564.82,50289.95,2.5593,0.00,0.0000,4.0494,6.0529,3.6981,2.0729,2.4595,1.0216,0.8152,0.2016,0.5975
45.3863,8,8,41.1173,86.5033,completed,81564.82,50289.95,2.5593,0.00,0.0000,3.8734,1.3120,15.5283,1.7820,0.2791,0.8548,0.4905,,
58.0312,5,5,21.7728,79.8038,completed,81564.82,50289.95,2.5593,0.00,0.0000,3.8707,7.2340,0.6832,0.5309,,,,,
39.6862,9,9,41.2086,80.8946,converged,81564.82,50289.95,2.5593,0.00,0.0000,3.9308,2.6565,6.2416,8.9208,0.4304,0.4746,0.2751,0.0664,
58.4989,5,5,19.2797,77.7777,completed,81564.82,50289.95,2.5593,0.00,0.0000,5.6198,14.5147,1.0692,0.4494,,,,,
49.3604,7,7,27.5167,76.8768,completed,81564.82,50289.95,2.5593,0.00,0.0000,1.8394,0.7819,1.8416,1.1312,2.6995,1.4396,,,
45.6851,8,6,28.9376,74.6226,converged,81564.82,50289.95,2.5593,0.00,0.0000,2.7762,1.9942,8.5698,0.6113,0.0514,,,,
56.3640,6,6,33.5616,89.9247,completed,81564.82,50289.95,2.5593,0.00,0.0000,4.3828,8.8842,1.4748,0.4886,0.7138,,,,
59.5051,5,5,22.3667,81.8717,completed,81564.82,50289.95,2.5593,0.00,0.0000,4.9782,8.6200,0.2833,0.2746,,,,,
54.7408,6,6,24.8203,79.5603,completed,81564.82,50289.95,2.5593,0.00,0.0000,4.4832,4.4531,1.4098,0.9875,0.4021,,,,
48.8572,7,7,32.4252,81.2822,completed,81564.82,50289.95,2.5593,0.00,0.0000,2.4039,1.5945,5.5665,0.2402,0.3980,0.1676,,,
30.7271,10,10,37.2008,67.9279,completed,81564.82,50289.95,2.5593,0.00,0.0000,1.2920,0.5171,3.4473,0.4545,0.3062,0.2836,0.5046,0.1669,0.1354
49.9742,7,7,27.8230,77.7971,completed,81564.82,50289.95,2.5593,0.00,0.0000,5.5693,4.0955,10.2854,2.5398,0.4326,0.1463,,,
24.5049,10,10,36.6645,61.1685,completed,81564.82,50289.94,2.5593,0.00,0.0000,1.5376,0.2243,6.9731,2.2759,0.7733,0.6387,0.5080,0.3033,0.1154
33.3565,10,7,23.2578,56.6139,converged,81564.82,50289.94,2.5593,0.00,0.0000,3.5585,4.8987,0.5002,11.8436,1.8564,0.0881,,,
30.3834,10,10,35.5816,65.9647,converged,81564.82,50289.94,2.5593,0.00,0.0000,3.4816,3.7265,3.5845,11.5477,0.3185,0.3646,0.2577,0.1215,0.0599
36.6722,9,9,39.1914,75.8634,completed,81564.82,50289.94,2.5593,0.00,0.0000,3.4777,2.9561,10.4884,2.9492,0.6954,0.1117,0.6725,0.8142,
26.0854,10,8,32.4637,58.5488,converged,81564.82,50289.94,2.5593,0.00,0.0000,3.0837,4.0856,1.0418,10.1231,0.1921,0.7008,0.0948,,
29.4557,10,10,40.6602,70.1152,completed,81564.82,50289.94,2.5593,0.00,0.0000,3.9579,8.2607,6.6100,4.3879,4.2075,1.4181,0.6845,0.3101,0.3033
53.5672,6,6,25.0915,78.6585,completed,81564.82,50289.94,2.5593,0.00,0.0000,4.3113,7.9815,1.5550,0.4625,0.1909,,,,
32.3577,10,10,37.0170,69.3741,completed,81564.82,50289.94,2.5593,0.00,0.0000,1.6202,1.7642,3.5187,3.3864,1.4058,0.3805,0.5307,0.6206,0.4501
31.0446,10,10,40.6389,71.6829,completed,81564.82,50289.94,2.5593,0.00,0.0000,4.6827,5.8866,2.3392,1.6126,4.6240,1.4528,0.8645,0.1614,0.3115
48.1828,7,7,24.1895,72.3715,completed,81564.82,50289.94,2.5593,0.00,0.0000,5.4842,2.0227,9.5050,0.1670,0.3183,0.1416,,,
27.7343,10,10,37.7451,65.4791,completed,81564.82,50289.94,2.5593,0.00,0.0000,2.1650,2.9440,3.0420,6.2373,0.5295,0.1898,0.5286,0.2599,0.1264
59.3865,5,5,19.6396,79.0257,completed,81564.82,50289.94,2.5593,0.00,0.0000,2.3228,6.5248,2.1838,0.1189,,,,,
48.2779,7,7,25.5611,73.8381,completed,81564.82,50289.94,2.5593,0.00,0.0000,4.5738,1.4525,9.9273,2.3546,1.4501,0.1262,,,
22.0016,10,10,47.4374,69.4385,completed,81564.82,50289.94,2.5593,0.00,0.0000,1.7186,2.0885,4.1891,2.1147,0.4775,0.9536,0.9890,0.6639,0.3123
58.8108,5,5,24.9589,83.7690,completed,81564.82,50289.94,2.5593,0.00,0.0000,4.5518,10.7934,0.8622,0.7024,,,,,
40.2810,8,8,39.9189,80.1999,completed,81564.82,50289.94,2.5593,0.00,0.0000,5.2420,4.3540,11.8759,1.2747,4.1731,0.6412,0.1892,,
56.3048,6,6,23.6044,79.9084,completed,81564.82,50289.94,2.5593,0.00,0.0000,3.5181,7.2078,1.3493,0.5826,0.3973,,,,
46.9890,7,7,39.4551,86.4441,completed,81564.82,50289.94,2.5593,0.00,0.0000,6.3140,8.1109,1.9285,4.5340,1.0494,0.4114,,,
30.8044,10,10,35.4432,66.2472,completed,81564.82,50289.94,2.5593,0.00,0.0000,4.3756,4.3793,1.9176,1.1751,4.0894,2.2627,1.6843,0.8674,0.5706
40.9893,8,8,33.0178,74.0068,completed,81564.82,50289.94,2.5593,0.00,0.0000,1.2831,1.0974,2.5631,1.2102,0.1513,0.7085,0.7156,,
53.9422,6,6,20.6755,74.6176,completed,81564.82,50289.94,2.5593,0.00,0.0000,4.7050,7.3090,1.1031,0.6105,0.2715,,,,
32.3151,10,10,35.7652,68.0802,converged,81564.82,50289.94,2.5593,0.00,0.0000,1.6728,2.2487,3.2902,3.0151,0.7591,2.2019,1.1020,0.2845,0.0517
27.0176,10,10,42.9832,70.0002,completed,81564.82,50289.94,2.5593,0.00,0.0000,3.2486,3.1102,1.9706,9.0608,2.9519,3.3212,0.6095,0.3134,0.2734
56.7980,6,6,27.0277,83.8248,completed,81564.82,50289.94,2.5593,0.00,0.0000,8.1113,4.8415,6.2760,4.4461,2.2964,,,,
23.8761,10,10,30.7366,54.6126,converged,81564.82,50289.94,2.5593,0.00,0.0000,1.2262,1.6857,2.8953,1.2553,0.4554,0.6785,0.2809,0.1010,0.0628
55.3304,6,6,29.5036,84.8336,completed,81564.82,50289.94,2.5593,0.00,0.0000,3.3336,7.3425,0.7539,0.6843,0.4568,,,,
