jitter_ms,planned_steps,actual_steps,denoise_ms,total_cycle_ms,stop_reason,ego_x,ego_y,ego_yaw,ego_vx,delta_0,delta_1,delta_2,delta_3,delta_4,delta_5,delta_6,delta_7,delta_8,delta_9
46.8969,7,7,39.9677,86.8637,converged,81377.37,49916.91,0.5889,0.00,0.0000,0.4993,1.2053,6.2950,1.1149,0.5064,0.0181,,,
20.4866,10,10,64.1369,84.6230,completed,81377.37,49916.91,0.5889,0.00,0.0000,0.3472,1.3664,2.5469,3.0020,4.9483,1.5826,1.0715,0.5950,0.2719
23.3508,10,8,50.0467,73.3968,converged,81377.36,49916.91,0.5890,0.00,0.0000,0.7434,1.0167,2.7749,2.1146,0.3102,0.1130,0.0268,,
23.7814,10,10,44.7728,68.5539,converged,81377.36,49916.91,0.5890,0.00,0.0000,0.2078,0.2244,0.7976,5.3054,0.6480,0.7432,1.0226,0.1535,0.0186
24.2846,10,10,35.6391,59.9231,converged,81377.36,49916.91,0.5890,0.00,0.0000,0.1393,0.6939,0.1522,4.1280,0.5648,1.6157,1.2714,0.1628,0.0462
59.0915,5,5,18.6194,77.7105,converged,81377.36,49916.91,0.5890,0.00,0.0000,0.3524,4.1677,0.9555,0.0456,,,,,
33.6812,10,7,22.5049,56.1859,converged,81377.36,49916.91,0.5890,0.00,0.0000,0.6786,0.6652,2.1925,2.4287,0.3203,0.0793,,,
32.1821,10,4,25.8484,58.0304,converged,81377.36,49916.91,0.5890,0.00,0.0000,0.3178,0.3755,0.0401,,,,,,
36.8253,9,7,54.8332,91.6583,deadline,81377.36,49916.91,0.5890,0.00,0.0000,0.3831,0.5642,3.5660,1.7361,0.1668,0.1032,,,
40.3713,8,8,36.9544,77.3254,completed,81377.36,49916.91,0.5890,0.00,0.0000,0.6832,2.6766,3.3475,6.2566,2.0966,1.2932,0.5338,,
43.8046,8,8,49.8347,93.6387,completed,81377.36,49916.91,0.5890,0.00,0.0000,0.1494,0.5117,1.6822,2.9505,0.2500,0.3124,0.1447,,
23.0492,10,9,36.0861,59.1351,converged,81377.36,49916.91,0.5890,0.00,0.0000,0.6095,0.5489,2.0928,4.4146,0.4507,0.5565,0.1155,0.0154,
51.1860,7,7,23.6152,74.8012,converged,81377.36,49916.91,0.5890,0.00,0.0000,0.3839,0.5350,4.1023,0.6676,0.1222,0.0296,,,
42.0909,8,8,43.2622,85.3523,completed,81377.36,49916.91,0.5890,0.00,0.0000,0.4293,0.1347,3.2437,0.4453,0.5055,0.1989,0.3171,,
55.4377,6,5,22.0540,77.4910,converged,81377.36,49916.91,0.5890,0.00,0.0000,2.7344,4.7852,0.5581,0.0354,,,,,
56.2786,6,6,31.5807,87.8588,completed,81377.36,49916.91,0.5890,0.00,0.0000,0.5918,0.5380,2.6018,1.2008,0.6787,,,,
56.8115,6,6,38.0669,94.8779,completed,81377.36,49916.91,0.5890,0.00,0.0000,0.0490,1.6444,2.7848,2.0213,0.3205,,,,
34.3082,9,6,27.2027,61.5108,converged,81377.36,49916.91,0.5890,0.00,0.0000,1.1230,1.7653,3.5697,0.8517,0.0875,,,,
39.0331,9,9,58.7974,97.8305,completed,81377.36,49916.91,0.5890,0.00,0.0000,0.6977,0.6458,2.8937,1.2182,1.5155,1.0254,0.2668,0.3066,
46.0561,7,7,37.6472,83.7033,converged,81377.36,49916.91,0.5890,0.00,0.0000,1.4278,3.9591,3.9464,0.2587,0.3568,0.0236,,,
23.3777,10,9,52.9916,76.3686,converged,81377.36,49916.91,0.5890,0.00,0.0000,0.4413,0.1611,1.6060,3.9943,0.1684,0.6721,0.1717,0.0226,
36.3163,9,9,51.5099,87.8260,completed,81377.36,49916.91,0.5890,0.00,0.0000,0.0405,0.5455,0.6025,0.4044,1.7200,0.1640,0.3122,0.1649,
56.4676,6,6,29.1341,85.6011,completed,81377.36,49916.91,0.5890,0.00,0.0000,0.1053,1.4618,3.4013,2.1090,0.1994,,,,
54.5689,6,6,32.0282,86.5962,converged,81377.36,49916.91,0.5890,0.00,0.0000,0.1427,1.2070,2.6930,1.4078,0.0907,,,,
50.6966,7,3,12.1752,62.8712,converged,81377.36,49916.91,0.5890,0.00,0.0000,0.0178,0.0603,,,,,,,
44.4994,8,8,44.9425,89.4415,completed,81377.36,49916.91,0.5890,0.00,0.0000,0.1446,0.1027,0.9939,1.3948,0.6462,0.6456,0.4244,,
48.3860,7,7,31.6164,80.0015,completed,81377.36,49916.91,0.5890,0.00,0.0000,0.0679,0.4652,0.9523,2.1310,0.8767,0.4751,,,
21.5569,10,10,52.3710,73.9271,completed,81377.36,49916.91,0.5890,0.00,0.0000,0.0525,0.1084,0.4886,0.1443,1.7081,3.2647,2.1637,0.7355,0.2790
57.2748,6,6,38.6866,95.9606,completed,81377.36,49916.91,0.5890,0.00,0.0000,0.1159,0.6018,0.9643,0.8745,0.5292,,,,
39.6534,9,9,40.4680,80.1240,completed,81377.36,49916.91,0.5890,0.00,0.0000,0.0584,0.2229,0.7428,1.3905,0.5490,0.5427,0.3670,0.3201,
32.1040,10,10,45.9199,78.0249,completed,81377.36,49916.91,0.5890,0.00,0.0000,0.4092,1.4492,1.7549,0.7717,2.4377,0.2784,0.8770,0.6582,0.2518
46.2998,7,7,27.1454,73.4445,converged,81377.36,49916.91,0.5890,0.00,0.0000,0.0658,0.4325,6.6237,3.0003,0.5321,0.0144,,,
33.4283,10,8,32.0868,65.5148,converged,81377.36,49916.91,0.5890,0.00,0.0000,0.5011,0.5255,3.3316,4.3646,0.8533,0.2386,0.0263,,
32.3414,10,10,48.4254,80.7664,completed,81377.36,49916.91,0.5890,0.00,0.0000,0.0782,0.9420,1.2156,2.1607,0.3419,0.8284,0.1159,0.2524,0.1487
30.8185,10,8,34.5376,65.3558,converged,81377.36,49916.91,0.5890,0.00,0.0000,0.2751,0.1478,1.4735,5.2276,1.4072,0.3240,0.0725,,
59.1040,5,5,17.0294,76.1334,converged,81377.36,49916.91,0.5890,0.00,0.0000,1.0387,7.9388,1.1131,0.0370,,,,,
48.6185,7,7,25.6757,74.2938,converged,81377.36,49916.91,0.5890,0.00,0.0000,0.8638,1.1230,4.5774,2.8361,1.6327,0.0303,,,
53.3406,6,6,29.0893,82.4293,completed,81377.36,49916.91,0.5890,0.00,0.0000,0.4954,0.4776,2.3973,1.7203,1.0398,,,,
22.2320,10,10,39.4340,61.6650,completed,81377.36,49916.91,0.5890,0.00,0.0000,0.2349,0.4708,0.7309,1.4060,1.2810,1.5008,0.2230,0.1873,0.1352
23.0014,10,3,11.6924,34.6935,converged,81377.36,49916.91,0.5890,0.00,0.0000,0.4469,0.0408,,,,,,,
40.5434,8,6,20.9921,61.5352,converged,81377.36,49916.91,0.5890,0.00,0.0000,1.4534,2.6777,4.8459,0.3491,0.0977,,,,
37.8457,9,6,21.1440,58.9890,converged,81377.36,49916.91,0.5890,0.00,0.0000,0.9053,1.0881,4.3004,1.9472,0.0487,,,,
51.1980,7,7,32.7923,83.9894,completed,81377.36,49916.91,0.5890,0.00,0.0000,0.5226,3.1506,6.0108,3.0390,1.5532,0.8723,,,
27.7832,10,8,31.8401,59.6231,converged,81377.36,49916.91,0.5890,0.00,0.0000,0.4319,0.1277,0.7736,4.3691,0.6199,0.3478,0.0468,,
20.1396,10,10,39.0296,59.1686,completed,81377.36,49916.91,0.5890,0.00,0.0000,0.1944,1.2842,1.9114,0.2283,2.7727,0.8498,0.3686,0.3895,0.3397
20.7614,10,3,13.9331,34.6941,converged,81377.36,49916.91,0.5890,0.00,0.0000,0.5508,0.0447,,,,,,,
42.3083,8,6,30.7373,73.0453,converged,81377.36,49916.91,0.5889,0.00,0.0000,0.6160,0.6217,6.6290,1.5832,0.0615,,,,
38.5373,9,6,26.6676,65.2047,converged,81377.36,49916.91,0.5889,0.00,0.0000,1.0863,1.8454,5.8931,0.9685,0.0387,,,,
54.0935,6,6,37.8901,91.9832,completed,81377.36,49916.91,0.5889,0.00,0.0000,0.2703,0.3196,2.3903,0.7785,0.5452,,,,
50.5169,7,7,31.5867,82.1028,converged,81377.36,49916.91,0.5889,0.00,0.0000,0.5750,0.4349,7.4786,2.1012,0.1543,0.0292,,,
40.5154,8,8,40.8635,81.3785,completed,81377.36,49916.91,0.5889,0.00,0.0000,0.7939,2.2715,1.5151,3.8735,0.7604,0.8888,0.5137,,
26.4270,10,8,31.6616,58.0886,converged,81377.36,49916.91,0.5889,0.00,0.0000,0.4282,0.5106,3.2301,5.1028,1.4888,0.4401,0.0709,,
46.3105,7,6,20.7872,67.0972,converged,81377.36,49916.91,0.5889,0.00,0.0000,0.8571,2.9738,5.3532,0.8421,0.0556,,,,
30.7614,10,9,37.7637,68.5248,converged,81377.36,49916.91,0.5889,0.00,0.0000,0.1706,0.2236,1.3034,5.3311,0.3228,1.1695,1.1087,0.0552,
35.8442,9,7,35.6756,71.5196,converged,81377.36,49916.91,0.5889,0.00,0.0000,0.9293,1.7752,5.3009,1.8583,0.2591,0.0585,,,
37.6304,9,9,33.3127,70.9427,completed,81377.36,49916.91,0.5889,0.00,0.0000,0.0371,0.5163,1.3860,2.7494,1.0278,0.9694,0.3326,0.2735,
26.6881,10,7,33.6112,60.2993,converged,81377.36,49916.91,0.5889,0.00,0.0000,0.9546,1.6302,5.0788,2.4808,0.1692,0.0151,,,
30.7889,10,10,35.3725,66.1606,completed,81377.36,49916.91,0.5889,0.00,0.0000,0.3202,1.3257,1.5724,0.2995,2.0591,0.5491,0.6383,0.6170,0.3023
26.3343,10,8,29.0723,55.4063,converged,81377.36,49916.91,0.5889,0.00,0.0000,0.8101,1.3304,4.8529,3.6144,0.8998,0.1145,0.0242,,
25.5046,10,9,36.1983,61.7023,converged,81377.36,49916.91,0.5889,0.00,0.0000,0.3067,0.1045,1.4059,5.5072,2.4401,1.1816,0.3954,0.0187,
49.9243,7,7,30.0920,80.0160,completed,81377.36,49916.91,0.5890,0.00,0.0000,0.9985,2.5934,0.8020,0.1423,0.2866,0.3738,,,
47.8356,7,7,49.7128,97.5478,completed,81377.36,49916.91,0.5890,0.00,0.0000,1.0578,2.7089,2.7405,1.6892,1.1826,0.7690,,,
55.1405,6,6,32.1404,87.2804,converged,81377.36,49916.91,0.5890,0.00,0.0000,0.4515,5.0367,3.8245,1.1039,0.0149,,,,
46.0706,7,7,37.4738,83.5439,completed,81377.36,49916.91,0.5890,0.00,0.0000,0.2223,1.1670,0.7141,0.3396,0.3237,0.2145,,,
26.1069,10,7,25.1447,51.2884,converged,81377.36,49916.91,0.5890,0.00,0.0000,1.0699,2.2413,5.4114,1.6140,0.2542,0.0268,,,
40.3092,8,8,42.5675,82.8765,completed,81377.36,49916.91,0.5890,0.00,0.0000,0.6981,0.9427,5.6341,1.6868,0.5768,0.8473,0.2862,,
55.1283,6,6,24.4704,79.5984,converged,81377.36,49916.91,0.5890,0.00,0.0000,1.1672,6.5649,1.9113,0.1052,0.0293,,,,
35.3995,9,7,30.0806,65.4797,converged,81377.36,49916.91,0.5890,0.00,0.0000,0.9428,1.5133,5.8706,1.8988,0.2141,0.0209,,,
29.1129,10,10,44.9172,74.0292,completed,81377.36,49916.91,0.5890,0.00,0.0000,0.3127,1.3834,2.2424,2.2901,3.0610,0.3074,0.8074,0.6575,0.2923
20.5150,10,10,37.7434,58.2584,completed,81377.36,49916.91,0.5890,0.00,0.0000,0.4717,0.2545,2.2054,5.4445,0.5018,0.3359,0.4558,0.7145,0.8265
45.2713,8,7,23.1887,68.4597,converged,81377.36,49916.91,0.5890,0.00,0.0000,0.8545,1.8845,5.5898,0.8556,0.2374,0.0166,,,
44.6526,8,8,34.7923,79.4444,completed,81377.36,49916.91,0.5890,0.00,0.0000,0.5645,0.8229,5.4136,1.1457,0.6152,0.2177,0.4404,,
38.8942,9,9,46.4233,85.3173,completed,81377.36,49916.91,0.5889,0.00,0.0000,0.3350,1.1830,0.3872,0.5701,0.5569,0.3427,0.5123,0.3060,
23.9925,10,10,40.3491,64.3411,completed,81377.36,49916.91,0.5889,0.00,0.0000,0.1500,0.4558,0.5175,0.7275,0.6237,0.6142,0.3863,0.5109,0.3870
37.6059,9,6,32.2769,69.8820,converged,81377.36,49916.91,0.5889,0.00,0.0000,1.0214,1.7040,4.1315,0.8071,0.0958,,,,
30.7089,10,10,51.5569,82.2649,completed,81377.36,49916.91,0.5889,0.00,0.0000,0.6654,1.7099,2.4480,2.5652,3.8720,0.9741,1.0621,0.4691,0.2268
54.8225,6,6,27.7418,82.5639,completed,81377.36,49916.91,0.5889,0.00,0.0000,0.4077,0.2135,1.3985,1.1619,0.4028,,,,
54.9990,6,6,29.6302,84.6283,completed,81377.36,49916.91,0.5889,0.00,0.0000,1.9786,4.8901,7.1011,3.6284,1.8133,,,,
40.8623,8,8,49.2975,90.1596,completed,81377.36,49916.91,0.5890,0.00,0.0000,0.0706,0.6916,4.6421,1.3879,1.0849,0.6352,0.3639,,
57.4966,6,6,22.6631,80.1591,completed,81377.36,49916.91,0.5890,0.00,0.0000,0.3304,0.6930,2.5031,1.1073,0.1655,,,,
43.6571,8,3,14.5663,58.2233,converged,81377.36,49916.91,0.5890,0.00,0.0000,0.2041,0.0808,,,,,,,
51.4330,7,6,21.0618,72.4939,converged,81377.36,49916.91,0.5890,0.00,0.0000,1.1075,3.6319,5.7053,0.7742,0.0403,,,,
36.1390,9,9,31.9496,68.0877,completed,81377.36,49916.91,0.5890,0.00,0.0000,0.2016,1.6567,1.6532,0.6594,0.2159,0.5642,0.2844,0.1864,
47.3105,7,7,35.9435,83.2536,completed,81377.36,49916.91,0.5890,0.00,0.0000,0.0684,0.2998,4.7333,1.6024,0.7411,0.7055,,,
26.9789,10,9,31.3425,58.3205,converged,81377.36,49916.91,0.5890,0.00,0.0000,0.5721,0.3546,2.1613,4.3276,1.3503,0.6242,0.1093,0.0177,
58.3476,5,5,23.7475,82.0946,completed,81377.36,49916.91,0.5890,0.00,0.0000,1.7485,5.3084,3.6044,2.3479,,,,,
27.9029,10,10,39.8065,67.7085,completed,81377.36,49916.91,0.5890,0.00,0.0000,0.0841,0.7220,0.7302,3.0812,0.2541,0.2992,0.1631,0.1458,0.1519
39.2831,9,9,35.6823,74.9653,completed,81377.36,49916.91,0.5890,0.00,0.0000,1.1476,2.4048,3.0935,4.7104,2.4522,1.9934,1.1953,0.3698,
20.4916,10,7,25.4661,45.9571,converged,81377.36,49916.91,0.5890,0.00,0.0000,0.9179,1.5104,5.3727,3.4377,0.3253,0.0670,,,
59.0035,5,5,17.8176,76.8207,completed,81377.36,49916.91,0.5890,0.00,0.0000,0.4243,6.6741,2.7106,1.5658,,,,,
24.6535,10,10,39.7148,64.3678,completed,81377.36,49916.91,0.5890,0.00,0.0000,0.0671,0.7486,0.5652,3.6435,1.1860,0.3832,0.2487,0.1133,0.1748
28.6916,10,4,17.8471,46.5381,converged,81377.36,49916.91,0.5890,0.00,0.0000,0.1225,0.6511,0.0674,,,,,,
20.9745,10,3,11.4658,32.4398,converged,81377.36,49916.91,0.5890,0.00,0.0000,0.2993,0.0844,,,,,,,
54.7057,6,6,23.8922,78.5972,completed,81377.36,49916.91,0.5890,0.00,0.0000,0.0617,0.1469,0.7851,0.4982,0.6054,,,,
45.4849,8,8,39.6670,85.1511,completed,81377.36,49916.91,0.5890,0.00,0.0000,0.1513,1.5671,0.7148,0.7113,1.0748,0.3644,0.1771,,
50.9003,7,7,28.0093,78.9094,completed,81377.36,49916.91,0.5890,0.00,0.0000,1.5293,2.6329,1.1943,2.0034,1.3585,0.7107,,,
54.4919,6,6,32.6607,87.1517,converged,81377.36,49916.91,0.5890,0.00,0.0000,0.6759,4.4734,4.5305,1.3461,0.0261,,,,
32.7634,10,10,45.4927,78.2557,completed,81377.36,49916.91,0.5890,0.00,0.0000,0.1248,0.8660,0.1847,5.6270,0.5404,0.6743,0.5016,0.2680,0.3141
40.7500,8,8,46.2219,86.9720,completed,81377.36,49916.91,0.5890,0.00,0.0000,0.1269,0.9496,4.0771,2.0136,1.2690,1.0791,0.7109,,
52.5408,6,6,23.9118,76.4518,completed,81377.36,49916.91,0.5890,0.00,0.0000,0.9127,1.1132,3.5248,1.4988,0.9027,,,,
53.0835,6,6,31.1565,84.2395,converged,81377.36,49916.91,0.5890,0.00,0.0000,0.6810,5.0845,5.3358,0.6367,0.0247,,,,
36.2461,9,8,29.3224,65.5684,converged,81377.36,49916.91,0.5890,0.00,0.0000,0.2159,0.1440,4.5362,4.6984,1.7225,0.2718,0.0221,,
59.1275,5,5,24.4813,83.6084,completed,81377.36,49916.91,0.5890,0.00,0.0000,0.0838,2.2314,0.1627,0.2806,,,,,
59.1368,5,5,20.2317,79.3677,completed,81377.36,49916.91,0.5890,0.00,0.0000,0.6139,6.2279,2.8693,1.8543,,,,,
31.1520,10,9,35.4658,66.6178,converged,81377.36,49916.91,0.5890,0.00,0.0000,0.6748,0.9342,3.5901,4.2281,0.6172,0.7489,0.4053,0.0432,
30.6982,10,10,40.7559,71.4539,completed,81377.36,49916.91,0.5890,0.00,0.0000,0.0513,0.6532,0.9670,0.4319,2.5225,0.4029,0.6662,0.5858,0.3340
35.9901,9,9,32.1108,68.1008,completed,81377.36,49916.91,0.5890,0.00,0.0000,0.0178,0.6708,1.7002,4.5894,1.2886,2.0238,1.0876,0.3999,
28.4388,10,8,34.9785,63.4165,converged,81377.36,49916.91,0.5890,0.00,0.0000,0.5118,0.7061,3.4986,4.1819,1.2336,0.4850,0.0355,,
24.4134,10,7,28.6153,53.0283,converged,81377.36,49916.91,0.5890,0.00,0.0000,0.8656,1.6650,5.1201,1.4422,0.3972,0.0201,,,
38.5173,9,7,31.1430,69.6600,converged,81377.36,49916.91,0.5890,0.00,0.0000,0.3229,0.1587,4.8661,4.2617,1.0244,0.0828,,,
40.1207,8,8,38.4230,78.5431,completed,81377.36,49916.91,0.5890,0.00,0.0000,0.3265,1.7430,0.8801,2.4722,0.2618,1.0514,0.4913,,
47.0546,7,7,25.1691,72.2232,completed,81377.36,49916.91,0.5890,0.00,0.0000,1.9626,3.7914,4.7015,1.1355,1.1215,0.7223,,,
56.6734,6,6,25.9444,82.6175,completed,81377.36,49916.91,0.5890,0.00,0.0000,0.5433,0.2911,0.2868,0.6913,0.1334,,,,
44.3994,8,8,32.1839,76.5829,completed,81377.36,49916.91,0.5890,0.00,0.0000,0.2070,1.3764,0.7288,0.4145,0.9789,0.5465,0.3660,,
57.1276,6,6,24.0927,81.2198,completed,81377.36,49916.91,0.5890,0.00,0.0000,2.9269,6.0627,8.8326,4.1550,1.8762,,,,
56.2410,6,6,26.8388,83.0788,converged,81377.36,49916.91,0.5890,0.00,0.0000,0.6687,5.1392,3.7619,0.9472,0.0234,,,,
55.8898,6,6,20.6575,76.5466,converged,81377.36,49916.91,0.5890,0.00,0.0000,1.1173,6.0534,1.7218,0.1972,0.0328,,,,
22.9295,10,10,36.7033,59.6323,completed,81377.36,49916.91,0.5890,0.00,0.0000,0.1304,1.0288,0.8816,1.5123,0.5075,0.8706,0.3218,0.3000,0.1195
30.7176,10,10,39.7594,70.4764,completed,81377.36,49916.91,0.5890,0.00,0.0000,0.1729,0.8995,0.9788,0.5019,2.2357,0.6856,0.6909,0.7339,0.3641
36.6778,9,9,33.0957,69.7727,completed,81377.36,49916.91,0.5890,0.00,0.0000,0.3950,1.5382,0.9206,1.8033,0.9711,0.6280,0.2237,0.1156,
22.6378,10,10,46.3450,68.9820,completed,81377.36,49916.91,0.5890,0.00,0.0000,0.4459,1.2408,1.7133,2.2863,3.4402,0.4916,0.7271,0.6187,0.3864
35.4959,9,3,11.1522,46.6472,converged,81377.36,49916.91,0.5890,0.00,0.0000,0.2785,0.0824,,,,,,,
33.8280,10,9,41.1096,74.9366,converged,81377.36,49916.91,0.5890,0.00,0.0000,0.3974,0.2837,2.2870,5.2820,1.8302,1.4487,0.3950,0.0427,
22.5004,10,9,41.9995,64.4995,converged,81377.36,49916.91,0.5890,0.00,0.0000,0.0313,0.6527,0.5131,6.0506,0.8217,1.5477,0.5716,0.0248,
54.3082,6,6,33.3302,87.6383,completed,81377.36,49916.91,0.5890,0.00,0.0000,0.3535,3.7313,2.9247,1.6623,1.2403,,,,
45.4153,8,7,30.7947,76.2098,converged,81377.36,49916.91,0.5890,0.00,0.0000,0.3361,0.8536,5.7660,1.8718,0.5805,0.0440,,,
43.9669,8,8,28.2776,72.2436,converged,81377.36,49916.91,0.5890,0.00,0.0000,0.2086,0.5173,6.1821,2.6417,1.3210,0.2809,0.0244,,
32.7832,10,8,28.0215,60.8046,converged,81377.36,49916.91,0.5890,0.00,0.0000,0.7286,1.0999,4.8471,3.4960,0.5335,0.1677,0.0609,,
24.9865,10,9,42.2457,67.2317,converged,81377.36,49916.91,0.5890,0.00,0.0000,0.2009,0.3970,0.6678,5.2783,1.3804,1.3647,0.5514,0.0231,
32.9776,10,10,46.6809,79.6579,completed,81377.36,49916.91,0.5890,0.00,0.0000,0.0280,0.5397,0.9579,5.7782,1.7864,1.0616,0.8580,0.3591,0.1404
59.3106,5,5,20.1604,79.4705,completed,81377.36,49916.91,0.5890,0.00,0.0000,0.2102,5.8006,2.7262,1.9733,,,,,
57.0759,6,6,24.2623,81.3373,completed,81377.36,49916.91,0.5890,0.00,0.0000,0.6033,2.0333,4.0922,0.8376,0.9685,,,,
30.7386,10,9,34.0122,64.7503,converged,81377.36,49916.91,0.5890,0.00,0.0000,0.2619,0.2139,0.8712,5.2451,1.2055,1.6390,0.9290,0.0711,
27.7628,10,9,33.2950,61.0570,converged,81377.36,49916.91,0.5890,0.00,0.0000,0.5550,0.5976,2.9735,6.2563,1.0665,1.0014,0.3907,0.0160,
25.3404,10,10,38.9557,64.2958,converged,81377.36,49916.91,0.5890,0.00,0.0000,0.0831,0.3507,1.1698,5.6354,1.7628,1.3148,1.1892,0.3827,0.0655
53.4748,6,6,22.0140,75.4881,completed,81377.36,49916.91,0.5890,0.00,0.0000,1.0103,3.1616,4.3027,1.5630,0.8056,,,,
31.7237,10,10,41.2347,72.9577,completed,81377.36,49916.91,0.5890,0.00,0.0000,0.2812,1.1524,0.9752,1.3678,1.3036,1.9876,0.6272,0.4857,0.3122
22.6872,10,9,30.4234,53.1104,converged,81377.36,49916.91,0.5890,0.00,0.0000,0.0247,0.7366,0.6658,7.9621,0.1347,0.6622,0.7031,0.0205,
43.0240,8,8,31.0179,74.0409,completed,81377.36,49916.91,0.5890,0.00,0.0000,0.1763,1.1133,3.5433,2.2208,0.3458,0.3110,0.1959,,
29.5618,10,10,41.8526,71.4136,completed,81377.36,49916.91,0.5890,0.00,0.0000,0.4682,0.2213,1.5340,5.1794,1.3932,0.4850,0.8587,0.6136,0.1983
29.0144,10,8,26.4280,55.4420,converged,81377.36,49916.91,0.5890,0.00,0.0000,0.4125,0.3113,1.9183,5.4692,2.1047,0.6683,0.0514,,
23.5720,10,10,38.9219,62.4940,completed,81377.36,49916.91,0.5890,0.00,0.0000,0.1837,1.1752,1.2085,1.9496,0.2657,0.8802,0.1097,0.2305,0.1399
44.0434,8,8,39.4342,83.4772,completed,81377.36,49916.91,0.5890,0.00,0.0000,0.7439,2.4163,0.3463,2.5074,0.9341,0.3220,0.3238,,
34.8469,9,9,32.8603,67.7064,completed,81377.36,49916.91,0.5890,0.00,0.0000,0.1756,1.1342,0.1662,1.0405,1.2444,1.0980,0.7124,0.3921,
24.9322,10,3,12.0407,36.9727,converged,81377.36,49916.91,0.5890,0.00,0.0000,0.2335,0.0633,,,,,,,
42.3314,8,8,47.7793,90.1104,completed,81377.36,49916.91,0.5890,0.00,0.0000,0.0706,1.1683,0.8882,0.9520,0.9905,0.1872,0.1640,,
59.5595,5,5,23.7657,83.3248,completed,81377.36,49916.91,0.5890,0.00,0.0000,0.4062,4.2571,0.8766,0.4006,,,,,
38.2910,9,9,45.7235,84.0145,completed,81377.36,49916.91,0.5890,0.00,0.0000,0.5949,1.8668,1.0071,2.3432,0.8804,1.1252,0.4623,0.3052,
27.0580,10,9,34.7719,61.8299,converged,81377.36,49916.91,0.5890,0.00,0.0000,0.0266,0.5487,0.9901,5.1996,0.9483,1.6325,0.8066,0.0385,
56.2810,6,6,28.1207,84.4008,completed,81377.36,49916.91,0.5890,0.00,0.0000,0.2521,0.6487,1.1271,0.5382,0.3963,,,,
52.4762,6,6,28.0067,80.4828,completed,81377.36,49916.91,0.5890,0.00,0.0000,0.2885,0.1930,0.3639,0.5379,0.2072,,,,
33.2936,10,8,31.8279,65.1209,converged,81377.36,49916.91,0.5890,0.00,0.0000,0.7798,1.3884,5.2591,4.5199,0.6632,0.3143,0.0890,,
22.6539,10,10,56.9135,79.5665,completed,81377.36,49916.91,0.5890,0.00,0.0000,0.1163,0.9331,0.7700,1.9654,1.4579,0.6202,0.2351,0.3999,0.1717
33.4771,10,8,24.7982,58.2752,converged,81377.36,49916.91,0.5890,0.00,0.0000,0.2672,0.3788,3.5930,5.3854,1.2097,0.3143,0.0332,,
26.3091,10,10,43.7835,70.0925,completed,81377.36,49916.91,0.5890,0.00,0.0000,0.1659,1.0821,0.7573,5.0470,2.6251,1.5000,1.5888,0.3661,0.1434
36.8755,9,3,10.6787,47.5538,converged,81377.36,49916.91,0.5890,0.00,0.0000,0.2836,0.0899,,,,,,,
46.7918,7,7,31.1102,77.9012,completed,81377.36,49916.91,0.5890,0.00,0.0000,0.3940,1.5094,1.6358,0.1328,0.2461,0.2778,,,
33.0689,10,3,10.1465,43.2145,converged,81377.36,49916.91,0.5890,0.00,0.0000,0.3798,0.0440,,,,,,,
39.2603,9,7,22.5253,61.7854,converged,81377.36,49916.91,0.5890,0.00,0.0000,0.7491,1.5772,6.2747,1.9784,0.1867,0.0208,,,
33.4990,10,9,28.9171,62.4161,converged,81377.36,49916.91,0.5890,0.00,0.0000,0.4182,0.1420,1.4686,4.3845,0.6338,0.4590,0.3419,0.0599,
35.0237,9,9,41.8475,76.8706,converged,81377.36,49916.91,0.5889,0.00,0.0000,0.1531,0.4106,1.5387,4.9066,1.9659,2.3858,0.3492,0.0111,
51.8973,7,7,34.9389,86.8359,completed,81377.36,49916.91,0.5889,0.00,0.0000,0.0379,0.3894,7.3009,1.6177,1.5087,1.0509,,,
30.6072,10,10,52.0171,82.6241,completed,81377.36,49916.91,0.5887,0.00,0.0000,0.0755,0.8318,1.2963,0.8740,0.2869,0.6639,0.1519,0.2468,0.2123
23.3521,10,10,41.2635,64.6155,completed,81377.36,49916.91,0.5887,0.00,0.0000,0.0564,0.8648,1.1167,0.9546,1.6100,0.5680,0.6602,0.5691,0.2414
49.3508,7,7,37.4103,86.7603,completed,81377.37,49916.92,0.5885,0.00,0.0000,0.2048,0.7788,0.3960,0.7429,0.4733,0.4957,,,
52.8744,6,6,20.8195,73.6935,converged,81377.37,49916.92,0.5885,0.00,0.0000,1.2167,6.7461,2.5323,0.1462,0.0343,,,,
30.0789,10,10,37.7704,67.8485,completed,81377.42,49916.95,0.5875,0.22,0.0000,0.1159,0.1251,2.2435,11.9651,4.5520,2.7262,0.8153,0.5515,0.4895
39.2883,9,9,34.9040,74.1920,completed,81377.42,49916.95,0.5875,0.22,0.0000,0.5182,0.9789,0.7119,8.4248,5.2351,0.2063,0.2100,0.2548,
33.2049,10,10,41.0688,74.2728,completed,81377.49,49916.99,0.5860,0.40,0.0000,0.5644,1.2447,1.6734,1.2423,2.3053,1.4957,1.0658,0.6387,0.2886
49.0954,7,7,35.8373,84.9324,completed,81377.49,49916.99,0.5860,0.40,0.0000,0.6026,0.4411,10.0307,7.1005,1.3931,0.5971,,,
27.2269,10,10,41.2083,68.4343,completed,81377.61,49917.07,0.5848,0.57,0.0000,0.5308,1.1403,1.5440,1.2402,0.3658,0.4732,0.7813,0.5387,0.3144
46.6842,7,7,36.8842,83.5683,completed,81377.61,49917.07,0.5848,0.57,0.0000,0.9223,1.9063,0.8436,0.2116,0.8375,0.5393,,,
48.9485,7,7,33.5614,82.5094,completed,81377.78,49917.19,0.5850,0.78,0.0000,0.4394,0.4594,4.3355,7.6685,1.5360,0.5284,,,
21.8135,10,10,47.5872,69.4002,completed,81377.78,49917.19,0.5850,0.78,0.0000,0.2502,0.5712,0.2640,1.2724,1.5189,4.9501,1.1131,0.2665,0.2245
42.5393,8,8,43.2786,85.8177,completed,81377.98,49917.32,0.5858,0.96,0.0000,0.5502,0.9969,0.2996,3.9223,4.0901,0.5485,0.1923,,
41.3812,8,8,40.8048,82.1858,completed,81377.98,49917.32,0.5858,0.96,0.0000,0.5390,1.0512,0.4599,4.4761,5.2733,1.1146,0.2822,,
22.7204,10,10,54.1586,76.8787,completed,81378.23,49917.48,0.5880,1.02,0.0000,0.4203,0.7380,0.4336,2.2585,6.4528,5.9242,0.8100,0.2779,0.1796
41.5023,8,8,33.6269,75.1289,completed,81378.23,49917.48,0.5880,1.02,0.0000,0.6088,1.1112,0.5470,4.3566,3.3994,0.5229,0.2813,,
34.1441,9,9,43.2934,77.4374,completed,81378.48,49917.65,0.5886,1.08,0.0000,0.4601,0.7872,0.3685,6.6464,10.4742,1.4085,0.2864,0.2688,
27.7863,10,10,42.8037,70.5898,completed,81378.48,49917.65,0.5886,1.08,0.0000,0.2175,0.3637,0.1013,3.3411,12.4649,3.4593,0.6054,0.2495,0.2021
23.4563,10,10,37.9731,61.4291,completed,81378.73,49917.82,0.5875,1.10,0.0000,0.6916,1.1748,1.2143,0.2592,3.4089,3.8452,0.3293,0.5790,0.3528
47.1847,7,7,30.4744,77.6584,completed,81378.73,49917.82,0.5875,1.10,0.0000,1.0734,1.9066,0.6727,3.8098,0.8607,0.2922,,,
22.4607,10,10,35.0392,57.4992,completed,81378.99,49917.99,0.5862,1.19,0.0000,0.4172,0.7212,0.5347,1.8432,10.9431,5.8016,1.6027,0.4732,0.3057
54.7050,6,6,42.3017,97.0068,completed,81378.99,49917.99,0.5862,1.19,0.0000,1.0343,0.2809,15.1714,5.1337,2.3042,,,,
40.0231,8,8,35.7159,75.7390,completed,81379.35,49918.23,0.5865,1.40,0.0000,1.4790,2.6043,2.5250,1.2931,1.2864,0.6774,0.4799,,
23.1685,10,10,54.6389,77.8070,completed,81379.35,49918.23,0.5865,1.40,0.0000,0.4105,0.6205,0.3941,7.2857,10.9253,2.4634,0.6072,0.3167,0.1202
21.8703,10,10,44.9716,66.8416,completed,81379.72,49918.48,0.5862,1.62,0.0000,1.0750,1.6420,1.7796,1.1397,2.0491,1.9705,0.8079,0.5496,0.3445
48.7341,7,7,34.3918,83.1265,completed,81379.72,49918.48,0.5862,1.62,0.0000,1.1067,1.5866,3.0968,5.4220,1.0307,0.3593,,,
59.3506,5,5,18.4970,77.8470,completed,81380.11,49918.74,0.5855,1.81,0.0000,1.9385,0.8168,4.6768,1.3317,,,,,
24.7512,10,10,56.8355,81.5865,completed,81380.11,49918.74,0.5855,1.81,0.0000,1.1488,1.7350,2.0778,2.0359,1.2849,1.9484,0.8336,0.5028,0.3243
56.6026,6,6,24.7113,81.3133,completed,81380.52,49919.01,0.5838,1.88,0.0000,2.0882,3.6093,2.8512,0.8740,0.6876,,,,
30.1376,10,10,41.9832,72.1203,completed,81380.52,49919.01,0.5838,1.88,0.0000,1.1852,1.6683,1.9691,2.0464,1.6351,2.5162,0.4775,0.3951,0.2898
28.9460,10,10,42.1712,71.1172,completed,81381.01,49919.34,0.5835,2.03,0.0000,1.3506,1.8868,2.6460,4.5151,4.0863,1.7559,0.6038,0.3410,0.1752
53.7881,6,6,36.6938,90.4819,completed,81381.30,49919.53,0.5825,2.20,0.0000,0.9269,0.4671,7.4635,2.1016,0.6185,,,,
34.9887,9,9,46.1385,81.1265,completed,81381.30,49919.53,0.5825,2.20,0.0000,0.2051,0.1559,2.5926,6.5273,3.7316,0.6814,0.3207,0.2776,
24.8464,10,10,52.7754,77.6215,completed,81381.90,49919.93,0.5823,2.58,0.0000,0.3507,0.6500,0.4585,0.8048,5.4288,2.3732,0.2655,0.3341,0.3423
21.0146,10,3,15.4937,36.5077,converged,81381.90,49919.93,0.5823,2.58,0.0000,0.1046,0.0883,,,,,,,
28.6969,10,10,40.9790,69.6751,completed,81382.43,49920.28,0.5821,2.77,0.0000,0.4026,0.5162,0.4999,1.2369,1.7851,2.8146,0.7072,0.4826,0.2367
29.7017,10,10,36.4385,66.1395,completed,81382.43,49920.28,0.5821,2.77,0.0000,0.3964,0.4159,0.2840,0.4515,2.5423,2.8753,0.6650,0.3926,0.2451
24.8842,10,10,48.7493,73.6334,completed,81383.07,49920.70,0.5796,3.04,0.0000,0.0296,0.3598,0.8372,2.2691,7.1480,2.1984,0.5531,0.1832,0.2453
38.3503,9,9,37.7572,76.1072,completed,81383.07,49920.70,0.5796,3.04,0.0000,0.5196,0.6300,0.2993,1.8443,4.7297,0.7862,0.4104,0.2676,
21.5480,10,10,29.7185,51.2656,completed,81383.88,49921.23,0.5814,3.39,0.0000,0.0647,0.5865,1.7127,4.1990,7.4058,1.9898,0.3710,0.4992,0.3581
52.7330,6,6,21.9524,74.6855,completed,81383.88,49921.23,0.5814,3.39,0.0000,0.1415,1.0793,1.9654,1.0102,0.8097,,,,
44.8518,8,8,34.4062,79.2572,completed,81384.77,49921.80,0.5769,3.57,0.0000,0.8464,2.0457,3.7819,13.9467,2.9192,1.0094,0.4085,,
40.7188,8,8,30.7406,71.4586,completed,81384.77,49921.80,0.5769,3.57,0.0000,0.2222,0.1528,0.4437,6.4332,2.1299,0.8439,0.3953,,
38.1215,9,9,59.7081,97.8291,completed,81385.68,49922.40,0.5767,3.69,0.0000,0.0640,0.3332,1.0202,6.2296,4.0281,0.4484,0.2154,0.2993,
48.6660,7,7,33.7415,82.4076,completed,81385.68,49922.40,0.5767,3.69,0.0000,0.4539,0.9662,5.3475,2.6841,0.6162,0.4634,,,
32.7862,10,10,46.8330,79.6190,completed,81386.85,49923.14,0.5695,3.79,0.0000,0.0468,0.2653,0.2886,3.1119,4.8076,0.8922,0.2666,0.2798,0.2746
29.3004,10,10,37.6465,66.9465,completed,81386.85,49923.14,0.5695,3.79,0.0000,0.3657,0.8433,0.6226,1.3375,2.6901,2.6816,0.9186,0.3053,0.2399
37.9473,9,9,39.7304,77.6774,completed,81387.72,49923.70,0.5704,3.96,0.0000,0.8643,1.6491,1.0549,2.6794,3.2735,0.8045,0.6862,0.3947,
45.1971,8,8,32.2633,77.4604,completed,81387.72,49923.70,0.5704,3.96,0.0000,0.5749,1.0669,1.0974,4.8320,1.0757,0.4816,0.3423,,
55.3074,6,6,22.9670,78.2740,completed,81388.70,49924.33,0.5662,4.20,0.0000,1.6569,1.5598,3.2958,2.1361,1.0682,,,,
23.9091,10,10,39.1591,63.0681,completed,81388.70,49924.33,0.5662,4.20,0.0000,0.8962,1.6719,1.4207,1.2673,2.8527,2.8427,0.9786,0.3005,0.1999
21.3184,10,10,35.0971,56.4151,completed,81389.73,49924.97,0.5676,4.44,0.0000,0.8851,1.5128,1.1595,0.9959,1.7982,2.8157,0.9774,0.7685,0.4264
35.6800,9,9,35.7099,71.3889,completed,81389.73,49924.97,0.5676,4.44,0.0000,0.8892,1.5583,0.2429,2.8955,3.8201,0.5813,0.3396,0.2806,
59.6083,5,5,37.1440,96.7521,completed,81390.76,49925.63,0.5694,4.61,0.0000,1.7664,3.0260,4.2574,1.6218,,,,,
42.0440,8,8,47.5306,89.5737,completed,81390.76,49925.63,0.5694,4.61,0.0000,0.7224,1.0812,1.7479,6.1759,1.8928,0.7595,0.5081,,
30.4802,10,10,45.0791,75.5592,completed,81392.15,49926.53,0.5793,4.78,0.0000,0.6017,1.2454,1.0645,1.6445,3.6132,1.6564,0.3551,0.2149,0.2665
22.5286,10,10,42.1503,64.6784,completed,81392.15,49926.53,0.5793,4.78,0.0000,0.7417,1.3731,1.0797,1.5736,3.6044,0.6602,0.9301,0.3656,0.3019
56.1217,6,6,30.8903,87.0114,completed,81393.28,49927.27,0.5864,4.82,0.0000,1.1086,0.8892,4.8143,1.5915,0.7850,,,,
32.3025,10,10,51.9978,84.2998,completed,81393.28,49927.27,0.5864,4.82,0.0000,0.7616,1.4020,1.3922,0.6687,1.6163,2.6707,0.6398,0.4298,0.2916
55.4793,6,6,25.1139,80.5929,completed,81394.66,49928.20,0.5968,5.00,0.0000,0.8595,0.2775,5.4706,1.5806,0.8648,,,,
42.1525,8,8,37.4450,79.5971,completed,81394.66,49928.20,0.5968,5.00,0.0000,0.6571,1.2930,0.6951,4.3918,2.2264,0.8189,0.6213,,
57.1307,6,6,24.5072,81.6373,completed,81395.90,49929.06,0.6103,5.25,0.0000,0.7046,1.0872,3.7002,1.5471,0.8804,,,,
28.9116,10,10,51.8355,80.7467,completed,81395.90,49929.06,0.6103,5.25,0.0000,0.4619,1.0036,0.6832,0.8097,2.6685,1.1163,0.5646,0.3242,0.2857
47.1372,7,7,46.0312,93.1683,completed,81397.36,49930.11,0.6275,5.41,0.0000,0.3836,1.0840,2.2105,0.8733,0.5753,0.2391,,,
21.1561,10,10,36.5136,57.6696,completed,81397.36,49930.11,0.6275,5.41,0.0000,0.3424,0.8707,0.6507,1.0784,4.4621,0.9263,0.5753,0.2511,0.3319
36.5939,9,9,51.4542,88.0472,completed,81398.93,49931.27,0.6440,5.69,0.0000,0.1251,0.5085,0.2896,1.8707,3.1202,1.2380,0.4113,0.3526,
44.4705,8,8,36.4832,80.9532,completed,81398.93,49931.27,0.6440,5.69,0.0000,0.5276,1.1902,0.5872,3.6652,1.8178,0.7473,0.6986,,
42.1643,8,8,29.4552,71.6193,completed,81400.40,49932.39,0.6595,5.92,0.0000,0.0927,0.4381,1.5090,6.9935,2.9079,1.1114,0.7344,,
56.5291,6,6,28.6529,85.1820,completed,81400.40,49932.39,0.6595,5.92,0.0000,0.9157,0.7691,4.5073,1.4342,0.7565,,,,
42.6007,8,8,45.5689,88.1690,completed,81401.81,49933.50,0.6691,6.09,0.0000,0.1290,0.3281,0.4025,4.2811,0.9206,0.6227,0.4882,,
58.6646,5,5,29.2216,87.8856,completed,81401.81,49933.50,0.6691,6.09,0.0000,0.9476,0.8426,1.6086,0.5958,,,,,
41.8979,8,8,33.2539,75.1509,completed,81403.42,49934.78,0.6785,6.16,0.0000,0.3573,0.2035,0.5329,5.3092,2.3897,0.7580,0.4071,,
41.3865,8,8,46.0735,87.4596,completed,81403.42,49934.78,0.6785,6.16,0.0000,0.1881,0.7548,0.8735,4.1486,1.2279,0.3748,0.4317,,
36.0440,9,9,33.1287,69.1718,completed,81404.87,49935.97,0.6905,6.32,0.0000,1.2877,0.6082,1.0321,1.5684,1.4867,0.6953,0.6178,0.5279,
38.6217,9,9,42.6057,81.2267,completed,81404.87,49935.97,0.6905,6.32,0.0000,0.1874,0.3105,0.2618,3.8835,4.1140,1.0598,0.7036,0.7830,
45.8944,8,8,30.5416,76.4356,completed,81406.21,49937.08,0.6989,6.56,0.0000,1.7729,0.9559,0.8447,2.5078,1.7505,1.1717,0.3290,,
56.0404,6,6,28.6705,84.7105,completed,81406.21,49937.08,0.6989,6.56,0.0000,1.0106,1.5901,2.9361,0.6900,0.3638,,,,
45.0789,8,8,35.8216,80.8996,completed,81407.88,49938.50,0.7083,6.72,0.0000,1.3940,1.6069,2.9486,3.9513,1.6233,0.5586,0.2962,,
26.6557,10,10,34.5419,61.1970,completed,81407.88,49938.50,0.7083,6.72,0.0000,0.7539,0.6141,0.3091,0.4839,1.9692,0.9256,0.3285,0.4340,0.4608
20.9609,10,10,46.8112,67.7713,completed,81409.18,49939.62,0.7100,6.92,0.0000,0.3976,0.1902,0.3235,1.5701,4.2668,1.2922,0.4162,0.4085,0.4745
33.1655,10,10,40.8524,74.0174,completed,81409.18,49939.62,0.7100,6.92,0.0000,0.2349,0.7143,0.8526,0.8973,1.5973,0.4344,0.3254,0.3464,0.4070
36.8405,9,9,44.9864,81.8264,completed,81410.69,49940.91,0.7117,7.19,0.0000,0.5857,0.1306,0.1023,0.6573,0.1427,0.2548,0.2369,0.2383,
33.4347,10,10,33.8843,67.3184,completed,81410.69,49940.91,0.7117,7.19,0.0000,0.1946,0.7140,1.4080,2.4024,3.2922,2.5928,1.0082,0.7705,0.5882
47.2479,7,7,34.6550,81.9021,completed,81412.00,49942.04,0.7159,7.43,0.0000,0.5260,0.1730,2.3345,2.5117,0.9196,0.4054,,,
34.8489,9,9,47.1933,82.0413,completed,81412.00,49942.04,0.7159,7.43,0.0000,0.1211,0.9088,1.1384,1.6333,1.1018,0.3519,0.3462,0.4644,
31.4108,10,10,41.1586,72.5686,completed,81414.11,49943.87,0.7204,7.84,0.0000,0.5607,0.2121,0.1050,1.8617,2.3101,0.8266,0.4181,0.2854,0.2874
24.3279,10,10,39.9923,64.3193,completed,81414.11,49943.87,0.7204,7.84,0.0000,0.2206,0.1646,0.1021,1.0485,1.1100,1.2095,0.7113,0.2624,0.3311
28.8718,10,10,39.8274,68.6984,completed,81415.42,49945.03,0.7234,8.06,0.0000,0.5155,0.7241,0.9869,4.3480,4.3851,1.4207,0.4906,0.2373,0.3313
56.7764,6,6,34.4784,91.2544,completed,81415.42,49945.03,0.7234,8.06,0.0000,0.3415,0.4925,4.4493,1.9449,0.5149,,,,
22.4801,10,10,51.2805,73.7605,completed,81417.54,49946.91,0.7250,8.35,0.0000,0.3028,0.3088,0.4296,2.0386,5.1102,1.7781,0.6066,0.3826,0.3515
58.8510,5,5,27.9616,86.8117,completed,81417.54,49946.91,0.7250,8.35,0.0000,0.9999,3.2672,2.6237,0.9366,,,,,
22.8822,10,10,40.1164,62.9985,completed,81419.47,49948.61,0.7235,8.50,0.0000,0.3956,0.3760,0.5538,1.3358,1.1345,1.3238,0.5482,0.4334,0.2997
23.5830,10,10,30.8126,54.3956,completed,81419.47,49948.61,0.7235,8.50,0.0000,0.7300,0.6347,0.6161,2.3603,1.9229,0.9648,1.4707,1.1858,0.6366
40.8739,8,8,38.6130,79.4861,completed,81420.68,49949.67,0.7222,8.56,0.0000,0.7848,0.7638,2.0142,5.2426,2.7332,1.0489,0.2101,,
43.1780,8,8,24.7415,67.9185,completed,81420.68,49949.67,0.7222,8.56,0.0000,1.1811,0.7057,0.2731,1.1576,0.7368,0.7175,0.4727,,
48.1270,7,7,23.5482,71.6752,completed,81422.69,49951.45,0.7231,8.61,0.0000,2.7211,4.5392,8.2318,5.0857,1.7914,0.9050,,,
37.0712,9,9,36.1612,73.2322,completed,81422.69,49951.45,0.7231,8.61,0.0000,1.1650,0.9761,0.9848,3.8047,2.2153,0.9079,0.5671,0.5902,
28.8155,10,10,36.0833,64.8983,completed,81424.63,49953.17,0.7230,8.63,0.0000,1.5895,1.6817,1.3965,2.1405,1.3865,2.0826,0.6414,0.1694,0.1528
21.3170,10,10,36.0935,57.4106,completed,81424.63,49953.17,0.7230,8.63,0.0000,0.8702,0.7900,0.3092,0.6542,0.8785,1.3874,0.8430,0.1891,0.1398
27.9273,10,10,53.2930,81.2200,completed,81426.59,49954.89,0.7164,8.64,0.0000,2.4440,3.0244,5.2064,9.7265,9.7294,3.0966,2.1122,0.9478,0.7233
33.6270,10,10,56.8236,90.4506,completed,81426.59,49954.89,0.7164,8.64,0.0000,0.9112,0.6798,0.3954,0.6236,0.5274,1.8468,0.6573,0.1126,0.2378
41.7967,8,8,50.3828,92.1789,completed,81428.74,49956.76,0.7085,8.64,0.0000,2.9582,4.6511,7.5321,10.5216,5.0041,2.4007,1.6567,,
57.5885,6,6,37.4485,95.0365,completed,81428.74,49956.76,0.7085,8.64,0.0000,1.3210,0.9657,3.7127,0.7742,0.8101,,,,
57.9095,6,6,31.4501,89.3592,completed,81430.86,49958.54,0.6933,8.64,0.0000,3.3455,8.8496,11.6382,6.1908,3.3167,,,,
23.9758,10,10,57.6348,81.6098,completed,81430.86,49958.54,0.6933,8.64,0.0000,0.1502,0.5113,1.0973,1.5499,4.7736,1.1670,0.4455,0.4920,0.2989
38.3314,9,3,18.1107,56.4418,converged,81433.14,49960.43,0.6834,8.64,0.0000,0.2331,0.0494,,,,,,,
24.5571,10,10,56.3715,80.9285,completed,81433.14,49960.43,0.6834,8.64,0.0000,0.3246,0.3626,0.2629,0.5789,3.6331,0.7464,0.3127,0.1344,0.1248
48.3727,7,3,15.0456,63.4177,converged,81434.99,49961.93,0.6739,8.64,0.0000,0.7247,0.0990,,,,,,,
49.5132,7,7,40.0147,89.5277,completed,81434.99,49961.93,0.6739,8.64,0.0000,1.3017,1.7047,0.7593,0.2354,1.2411,0.3970,,,
56.9186,6,6,31.2117,88.1298,completed,81437.23,49963.71,0.6670,8.63,0.0000,1.2368,0.6288,2.2722,0.3855,0.2329,,,,
51.4865,7,7,40.8044,92.2904,completed,81437.23,49963.71,0.6670,8.63,0.0000,0.1050,0.1173,0.3449,1.3167,0.6884,0.3003,,,
46.2972,7,7,30.9339,77.2309,completed,81439.61,49965.58,0.6604,8.62,0.0000,0.1355,0.5967,0.4650,0.6441,0.4927,0.2266,,,
26.2774,10,4,14.4140,40.6911,converged,81439.61,49965.58,0.6604,8.62,0.0000,0.0788,0.1878,0.0646,,,,,,
22.9435,10,4,15.8491,38.7922,converged,81441.51,49967.05,0.6549,8.61,0.0000,0.2444,0.1458,0.0879,,,,,,
48.1056,7,7,34.0509,82.1559,completed,81441.51,49967.05,0.6549,8.61,0.0000,0.2955,0.2402,0.4978,1.0271,0.4812,0.2011,,,
25.8733,10,10,38.4929,64.3660,completed,81443.35,49968.46,0.6501,8.60,0.0000,0.4084,0.4169,0.3428,0.2658,1.3059,0.3512,0.5436,0.2952,0.2679
28.3921,10,10,37.1418,65.5338,completed,81443.35,49968.46,0.6501,8.60,0.0000,0.1474,0.3896,0.4538,0.6580,2.3434,1.3951,0.9331,0.4032,0.1584
44.7539,8,8,31.5365,76.2895,completed,81445.06,49969.76,0.6463,8.58,0.0000,0.0590,0.3075,1.4356,0.8227,1.1418,0.6432,0.4369,,
47.2511,7,7,26.7470,73.9980,completed,81445.06,49969.76,0.6463,8.58,0.0000,0.2243,1.0946,1.1705,0.6517,0.8948,0.2231,,,
37.3601,9,9,37.8175,75.1776,completed,81446.98,49971.20,0.6399,8.56,0.0000,0.2688,0.4269,1.0516,0.4985,0.3841,0.3035,0.4187,0.3363,
39.6589,9,9,37.0570,76.7150,completed,81446.98,49971.20,0.6399,8.56,0.0000,0.2884,0.1003,1.0132,2.1976,0.6968,0.3781,0.3485,0.2604,
34.7115,9,9,63.8324,98.5434,completed,81449.16,49972.83,0.6345,8.54,0.0000,0.5078,0.7972,0.1727,2.9807,1.7787,0.7369,0.4451,0.1814,
56.1105,6,6,33.6779,89.7879,completed,81449.16,49972.83,0.6345,8.54,0.0000,0.3208,1.5501,1.0185,0.8229,0.6010,,,,
37.9082,9,9,35.0143,72.9224,completed,81451.57,49974.59,0.6275,8.51,0.0000,0.3632,0.5179,0.5251,2.2713,2.5876,0.8040,0.3721,0.3178,
42.7464,8,8,34.1044,76.8504,completed,81451.57,49974.59,0.6275,8.51,0.0000,0.5531,2.0999,5.1375,9.5312,3.5164,1.2511,0.7522,,
26.5988,10,10,40.0943,66.6924,completed,81453.40,49975.91,0.6220,8.49,0.0000,0.1569,0.2203,0.6994,1.7733,2.4497,1.1883,0.8305,0.3268,0.1866
24.2635,10,10,36.7637,61.0268,completed,81453.40,49975.91,0.6220,8.49,0.0000,0.4521,0.4505,0.5623,1.6087,1.7089,0.8452,0.5369,0.2775,0.2329
21.4940,10,10,42.8354,64.3295,completed,81455.23,49977.22,0.6172,8.48,0.0000,0.1367,0.2383,0.3290,0.5888,2.9186,1.2696,0.7904,0.4158,0.2790
28.2059,10,10,37.3072,65.5123,completed,81455.23,49977.22,0.6172,8.48,0.0000,0.2142,0.3845,0.4627,0.4029,1.6436,0.3145,0.6842,0.4554,0.3006
41.7437,8,8,30.4051,72.1481,completed,81457.30,49978.69,0.6117,8.47,0.0000,0.0892,0.1815,0.9784,2.1973,1.4356,0.8936,0.5231,,
55.1055,6,6,33.5708,88.6758,completed,81457.30,49978.69,0.6117,8.47,0.0000,0.5835,0.3824,1.5569,0.5236,0.5029,,,,
49.8994,7,7,36.0493,85.9484,completed,81459.39,49980.13,0.6072,8.47,0.0000,0.4855,0.9643,0.1795,1.7084,1.2354,0.8190,,,
56.7854,6,6,31.5457,88.3307,completed,81459.39,49980.13,0.6072,8.47,0.0000,0.5659,0.9077,1.9653,0.9892,0.5647,,,,
38.7257,9,9,48.2810,87.0060,completed,81461.48,49981.58,0.6020,8.47,0.0000,0.3811,0.4492,0.5069,0.5977,2.6572,1.6287,0.7251,0.4133,
32.4206,10,10,47.1735,79.6141,completed,81461.48,49981.58,0.6020,8.47,0.0000,0.5759,0.8641,1.4779,1.9743,3.9021,2.7441,1.0437,0.4487,0.2674
20.6029,10,10,59.2097,79.8118,completed,81463.82,49983.19,0.5978,8.49,0.0000,0.1183,0.1026,0.3126,0.7354,0.6534,1.6483,1.2370,0.6174,0.4269
23.4965,10,10,49.9504,73.4465,completed,81463.82,49983.19,0.5978,8.49,0.0000,0.2931,0.3466,0.3350,0.6543,1.5158,1.4053,1.0114,0.5284,0.4047
45.8960,8,8,42.8628,88.7588,completed,81465.96,49984.63,0.5900,8.49,0.0000,0.4576,0.3066,2.1124,2.5672,0.4463,0.6494,0.4133,,
51.3354,7,7,38.2434,89.7161,completed,81465.96,49984.63,0.5900,8.49,0.0000,0.0654,3.5645,11.6331,9.7133,1.8097,0.4860,,,
56.7183,6,6,37.4044,94.1224,completed,81468.29,49986.17,0.5838,8.49,0.0000,0.0953,3.0334,6.5057,3.4706,1.3333,,,,
37.4743,9,9,35.5548,73.0289,completed,81468.29,49986.17,0.5838,8.49,0.0000,0.3230,0.1203,0.6778,1.7512,3.1132,2.1652,0.8153,0.4098,
28.6371,10,10,37.7150,66.3520,completed,81470.64,49987.71,0.5745,8.50,0.0000,0.0774,0.1245,0.2748,0.1437,0.7064,2.0230,1.2208,0.4794,0.2146
37.6051,9,9,34.2773,71.8823,completed,81470.64,49987.71,0.5745,8.50,0.0000,0.1153,0.6771,1.9710,1.5749,2.2192,1.3119,0.5015,0.4182,
47.8580,7,7,26.5514,74.4094,completed,81472.55,49988.95,0.5683,8.50,0.0000,0.1067,0.2085,0.3507,1.6975,1.3750,0.5805,,,
41.0996,8,8,40.9478,82.0469,completed,81472.55,49988.95,0.5683,8.50,0.0000,0.0761,1.2229,6.4012,13.7953,9.7583,1.2436,0.9538,,
55.8725,6,6,28.8350,84.7071,completed,81474.70,49990.31,0.5589,8.49,0.0000,0.2725,0.2966,0.9293,1.8134,0.9889,,,,
50.7855,7,7,37.8413,88.6263,completed,81474.70,49990.31,0.5589,8.49,0.0000,0.0496,0.9358,1.5667,2.9577,1.3992,0.7102,,,
54.5566,6,6,29.3990,83.9551,completed,81477.09,49991.79,0.5478,8.48,0.0000,0.5160,1.4023,1.8695,1.8183,1.0828,,,,
30.9913,10,10,44.5202,75.5112,completed,81477.09,49991.79,0.5478,8.48,0.0000,0.1751,0.2142,2.3784,5.7963,10.6315,7.3304,1.6437,0.9319,0.7972
57.4373,6,6,27.6744,85.1114,completed,81479.04,49992.97,0.5404,8.47,0.0000,0.0841,0.6500,0.6646,1.1373,0.6110,,,,
52.4176,6,6,24.0036,76.4207,completed,81479.04,49992.97,0.5404,8.47,0.0000,0.0740,1.0572,1.5491,0.9033,0.5860,,,,
50.0712,7,7,41.8920,91.9630,completed,81481.44,49994.40,0.5291,8.46,0.0000,0.3474,1.3990,3.4717,1.2835,0.8772,0.3078,,,
42.2486,8,8,31.3064,73.5544,completed,81481.44,49994.40,0.5291,8.46,0.0000,0.1543,0.1190,0.5378,1.3827,1.7642,0.9714,0.5318,,
33.7397,10,10,37.5705,71.3095,completed,81483.41,49995.54,0.5176,8.46,0.0000,0.1037,0.1107,0.1469,0.2563,0.2169,1.6924,1.0748,0.5470,0.3500
54.3688,6,6,23.7091,78.0771,completed,81483.41,49995.54,0.5176,8.46,0.0000,0.1243,0.1972,2.1805,3.0449,1.7295,,,,
40.2041,8,8,28.3789,68.5829,completed,81485.62,49996.79,0.5059,8.45,0.0000,0.1018,0.3087,0.6002,0.6164,1.1845,0.9550,0.6380,,
34.6192,9,9,54.0476,88.6667,completed,81485.62,49996.79,0.5059,8.45,0.0000,0.2077,0.6573,1.2476,1.5845,0.8429,0.4189,0.3678,0.3464,
50.9194,7,7,35.4451,86.3641,completed,81488.06,49998.11,0.4919,8.44,0.0000,0.1102,0.3127,0.7767,0.5471,1.1001,0.7086,,,
26.8924,10,10,45.1409,72.0330,completed,81488.06,49998.11,0.4919,8.44,0.0000,0.0577,0.2070,0.4031,0.4186,1.8013,2.6658,2.3416,1.0690,0.4094
26.0700,10,10,38.1211,64.1901,completed,81490.30,49999.29,0.4793,8.44,0.0000,0.1716,0.3176,0.5414,1.0150,0.5283,0.5630,0.6305,0.4315,0.4182
54.6061,6,6,23.3650,77.9710,completed,81490.30,49999.29,0.4793,8.44,0.0000,0.2236,0.5832,2.1643,0.5673,0.6843,,,,
32.3048,10,10,39.2028,71.5069,completed,81492.32,50000.33,0.4683,8.44,0.0000,0.3444,0.5360,1.4037,4.5382,6.2768,4.0416,1.5512,0.4264,0.2955
21.7887,10,3,13.9556,35.7436,converged,81492.32,50000.33,0.4683,8.44,0.0000,0.1634,0.0751,,,,,,,
25.4873,10,10,44.8845,70.3715,completed,81494.33,50001.33,0.4557,8.44,0.0000,0.2047,0.2743,0.6967,1.5164,0.8151,0.2605,0.4576,0.3765,0.3875
49.3944,7,7,26.7757,76.1697,completed,81494.33,50001.33,0.4557,8.44,0.0000,0.2190,0.2816,1.3846,1.8120,1.4804,0.9653,,,
36.4754,9,9,34.0664,70.5414,completed,81496.48,50002.38,0.4439,8.43,0.0000,0.0786,0.1334,0.6974,1.1824,0.8009,1.2498,0.7575,0.6223,
45.2425,8,8,29.6279,74.8699,completed,81496.48,50002.38,0.4439,8.43,0.0000,0.1072,0.1962,1.1875,0.7522,0.8482,0.6229,0.4341,,
49.9297,7,7,41.0581,90.9871,completed,81498.77,50003.45,0.4301,8.43,0.0000,0.1158,0.6113,2.3242,0.7893,1.2343,0.8220,,,
21.2548,10,10,50.5730,71.8270,completed,81498.77,50003.45,0.4301,8.43,0.0000,0.2560,0.3729,0.1541,2.1131,1.2165,0.6866,1.0394,0.6625,0.3927
40.3144,8,8,53.1670,93.4810,completed,81501.07,50004.50,0.4162,8.42,0.0000,0.0868,0.1006,0.6735,0.7001,1.8009,1.4951,0.7928,,
21.4817,10,10,51.2133,72.6943,completed,81501.07,50004.50,0.4162,8.42,0.0000,0.2273,0.4536,1.1450,2.8161,2.3762,1.8539,0.6167,0.2758,0.4000
51.1487,7,7,28.2894,79.4375,completed,81503.38,50005.51,0.4024,8.41,0.0000,0.1220,0.1111,0.6919,2.0340,1.5529,0.8885,,,
23.5710,10,3,11.4825,35.0525,converged,81503.38,50005.51,0.4024,8.41,0.0000,0.0907,0.0710,,,,,,,
45.2830,8,8,36.7470,82.0301,completed,81505.55,50006.43,0.3903,8.40,0.0000,0.3326,0.3853,0.7474,0.9266,2.0022,1.7034,0.8638,,
49.1151,7,7,27.3581,76.4732,completed,81505.55,50006.43,0.3903,8.40,0.0000,0.3178,0.7178,1.0193,3.0985,2.7465,1.4646,,,
44.4588,8,8,38.5358,82.9939,completed,81507.88,50007.37,0.3777,8.39,0.0000,0.3358,0.3512,0.4389,0.8778,1.9051,1.1875,0.6894,,
45.2472,8,8,39.0793,84.3263,completed,81507.88,50007.37,0.3777,8.39,0.0000,0.4324,0.8966,3.9165,5.4958,2.5461,0.9141,0.4925,,
31.3210,10,10,54.0466,85.3667,completed,81510.22,50008.30,0.3720,8.38,0.0000,0.2348,0.2855,0.1335,1.2886,1.0086,1.6507,1.5960,0.8507,0.4431
34.1259,9,3,14.7016,48.8266,converged,81510.22,50008.30,0.3720,8.38,0.0000,0.1209,0.0904,,,,,,,
21.2760,10,10,38.0355,59.3105,completed,81512.57,50009.20,0.3559,8.38,0.0000,0.2422,0.2814,0.1581,0.2034,1.1835,1.3285,0.7040,0.4750,0.3821
57.2125,6,6,31.1757,88.3877,completed,81512.57,50009.20,0.3559,8.38,0.0000,0.9107,2.6417,3.9460,2.6152,1.2478,,,,
37.6686,9,9,33.0662,70.7343,completed,81514.68,50009.97,0.3438,8.38,0.0000,0.4147,0.4997,0.5895,1.2299,1.8264,1.3088,0.9206,0.5321,
41.9119,8,8,34.8483,76.7593,completed,81514.68,50009.97,0.3438,8.38,0.0000,0.2643,0.9160,1.3444,4.6934,3.8438,1.7088,0.9132,,
42.7785,8,8,30.4380,73.2160,completed,81516.78,50010.71,0.3323,8.37,0.0000,0.1853,0.4009,1.2636,1.7069,1.0976,1.6783,1.0401,,
26.6827,10,4,12.6524,39.3345,converged,81516.78,50010.71,0.3323,8.37,0.0000,0.1067,0.1010,0.0749,,,,,,
51.2509,7,7,29.5675,80.8175,completed,81518.87,50011.42,0.3196,8.36,0.0000,0.2666,0.2810,4.0381,2.5583,1.7513,1.0294,,,
54.6770,6,6,24.9247,79.6018,completed,81518.87,50011.42,0.3196,8.36,0.0000,0.1668,0.2027,2.0132,1.0023,1.3908,,,,
44.8788,8,8,45.4462,90.3243,completed,81521.41,50012.25,0.3082,8.36,0.0000,0.0345,0.2465,2.0519,1.5793,0.5487,0.3278,0.2572,,
57.5844,6,6,25.0898,82.6739,completed,81521.41,50012.25,0.3082,8.36,0.0000,0.2577,0.3703,0.9119,0.7992,0.9806,,,,
23.8826,10,3,14.5939,38.4759,converged,81523.80,50013.00,0.2956,8.38,0.0000,0.0282,0.0477,,,,,,,
40.1335,8,3,11.1359,51.2689,converged,81523.80,50013.00,0.2956,8.38,0.0000,0.1522,0.0950,,,,,,,
32.3194,10,3,9.9230,42.2420,converged,81525.81,50013.58,0.2833,8.41,0.0000,0.0869,0.0295,,,,,,,
35.5784,9,9,33.5974,69.1754,completed,81525.81,50013.58,0.2833,8.41,0.0000,0.1393,0.2476,0.2295,1.6259,0.2173,0.6705,0.4435,0.3234,
24.6966,10,10,45.0825,69.7785,completed,81527.83,50014.16,0.2750,8.40,0.0000,0.3143,0.4535,0.6046,0.7415,1.1731,1.0226,0.4668,0.4585,0.3660
31.8287,10,10,37.6979,69.5260,completed,81527.83,50014.16,0.2750,8.40,0.0000,0.0955,0.2089,0.4689,1.2540,1.9097,1.0087,0.4252,0.5825,0.4859
41.6067,8,8,33.6334,75.2394,completed,81530.09,50014.79,0.2660,8.41,0.0000,0.3160,0.4707,0.2101,0.3263,0.4589,0.2483,0.2628,,
53.9955,6,6,24.7792,78.7742,completed,81530.09,50014.79,0.2660,8.41,0.0000,0.1178,0.7802,1.2773,1.5251,0.3800,,,,
44.8254,8,8,33.6292,78.4542,completed,81532.53,50015.44,0.2519,8.40,0.0000,0.2767,0.1441,1.2029,0.8060,0.3976,0.3112,0.1154,,
51.9246,7,7,28.6604,80.5845,completed,81532.53,50015.44,0.2519,8.40,0.0000,0.0860,0.1572,1.2789,0.2592,0.4258,0.4869,,,
33.2945,10,3,11.0714,44.3655,converged,81534.97,50016.05,0.2408,8.40,0.0000,0.0600,0.0657,,,,,,,
35.6955,9,9,48.1636,83.8586,completed,81534.97,50016.05,0.2408,8.40,0.0000,0.0233,0.1827,0.7726,0.8881,1.2089,0.7113,0.5000,0.5082,
33.3394,10,3,11.4706,44.8096,converged,81537.17,50016.60,0.2315,8.39,0.0000,0.0568,0.0573,,,,,,,
59.1722,5,5,25.8753,85.0474,completed,81537.17,50016.60,0.2315,8.39,0.0000,0.0647,0.1614,0.3059,0.4189,,,,,
36.6328,9,5,29.5522,66.1842,converged,81539.21,50017.07,0.2272,8.38,0.0000,0.0963,0.1311,0.2106,0.0923,,,,,
53.6158,6,6,24.2434,77.8584,completed,81539.21,50017.07,0.2272,8.38,0.0000,0.0997,0.3173,1.0434,0.7270,0.2724,,,,
35.6491,9,9,38.9467,74.5957,completed,81541.50,50017.60,0.2179,8.38,0.0000,0.0334,0.1294,0.6552,1.4818,2.1016,0.9725,0.3405,0.1286,
42.4325,8,8,36.0038,78.4358,completed,81541.50,50017.60,0.2179,8.38,0.0000,0.0649,0.1097,0.3882,0.3924,0.4692,0.8103,0.4339,,
39.8228,9,3,11.5513,51.3733,converged,81543.71,50018.08,0.2117,8.38,0.0000,0.0697,0.0300,,,,,,,
57.5602,6,6,30.0256,87.5857,completed,81543.71,50018.08,0.2117,8.38,0.0000,0.0442,0.7822,1.5467,1.1043,0.2913,,,,
20.4467,10,3,11.2141,31.6601,converged,81545.92,50018.55,0.2043,8.37,0.0000,0.0217,0.0515,,,,,,,
46.5632,7,7,36.0188,82.5818,completed,81545.92,50018.55,0.2043,8.37,0.0000,0.0338,0.2214,0.3907,0.9421,0.4547,0.1648,,,
32.9195,10,10,50.0901,83.0091,converged,81547.82,50018.94,0.2004,8.37,0.0000,0.0750,0.2737,0.6629,1.2798,2.0859,0.9115,0.4852,0.1398,0.0918
44.2466,8,8,34.7039,78.9499,completed,81547.82,50018.94,0.2004,8.37,0.0000,0.1285,0.3158,0.4469,0.5413,0.7526,0.4881,0.3773,,
28.7956,10,3,10.8110,39.6060,converged,81550.28,50019.43,0.1958,8.35,0.0000,0.0665,0.0492,,,,,,,
36.8429,9,9,39.5991,76.4412,completed,81550.28,50019.43,0.1958,8.35,0.0000,0.1513,0.2178,0.1959,0.6799,0.9976,1.3971,1.3257,0.5336,
56.3563,6,6,28.4782,84.8342,completed,81552.48,50019.87,0.1912,8.34,0.0000,0.1596,0.2029,1.2656,0.5661,0.2832,,,,
38.7597,9,9,39.9246,78.6837,completed,81552.48,50019.87,0.1912,8.34,0.0000,0.1455,0.2780,0.3601,0.5648,0.2451,0.2242,0.3750,0.2764,
25.1529,10,3,15.7137,40.8657,converged,81554.62,50020.28,0.1885,8.33,0.0000,0.0893,0.0897,,,,,,,
27.4935,10,3,11.7113,39.2044,converged,81554.62,50020.28,0.1885,8.33,0.0000,0.0274,0.0688,,,,,,,
44.8330,8,8,40.4110,85.2441,completed,81556.42,50020.62,0.1849,8.33,0.0000,0.0297,0.1857,0.6526,1.8440,0.6877,0.3880,0.2466,,
40.1524,8,8,31.2169,71.3689,completed,81556.42,50020.62,0.1849,8.33,0.0000,0.0548,0.1587,0.6010,3.4352,1.1663,0.5495,0.2259,,
35.2985,9,3,12.0952,47.3932,converged,81558.71,50021.05,0.1827,8.33,0.0000,0.0179,0.0899,,,,,,,
49.4174,7,7,38.1482,87.5652,completed,81558.71,50021.05,0.1827,8.33,0.0000,0.1420,0.1915,0.5564,0.3156,0.1974,0.3699,,,
22.2357,10,3,14.6353,36.8703,converged,81560.89,50021.45,0.1805,8.33,0.0000,0.0682,0.0398,,,,,,,
49.3000,7,7,34.5637,83.8637,completed,81560.89,50021.45,0.1805,8.33,0.0000,0.1869,0.5894,1.8981,0.8549,0.7030,0.4258,,,
26.9203,10,5,18.6813,45.6013,converged,81563.12,50021.86,0.1799,8.34,0.0000,0.1113,0.1374,0.1076,0.0829,,,,,
51.1994,7,7,31.9221,83.1212,completed,81563.12,50021.86,0.1799,8.34,0.0000,0.0584,0.2606,0.7739,0.4533,0.4708,0.4492,,,
20.1981,10,3,12.6089,32.8069,converged,81565.03,50022.20,0.1782,8.35,0.0000,0.0574,0.0559,,,,,,,
25.2169,10,3,14.5219,39.7379,converged,81565.03,50022.20,0.1782,8.35,0.0000,0.0314,0.0888,,,,,,,
28.5505,10,3,13.3832,41.9332,converged,81566.65,50022.50,0.1776,8.36,0.0000,0.0435,0.0389,,,,,,,
49.0340,7,7,40.2547,89.2887,completed,81566.65,50022.50,0.1776,8.36,0.0000,0.0976,0.1500,0.2022,1.0522,0.9311,0.5501,,,
25.8418,10,3,10.7052,36.5462,converged,81569.14,50022.95,0.1774,8.38,0.0000,0.0554,0.0557,,,,,,,
28.5032,10,3,11.2720,39.8639,converged,81569.14,50022.95,0.1774,8.38,0.0000,0.0252,0.0421,,,,,,,
34.7712,9,3,9.8142,44.5852,converged,81571.04,50023.29,0.1774,8.39,0.0000,0.0188,0.0185,,,,,,,
50.6278,7,7,30.1882,80.8153,completed,81571.04,50023.29,0.1774,8.39,0.0000,0.0386,0.1141,0.7148,0.3502,0.6784,0.2412,,,
44.1820,8,3,12.6240,56.8051,converged,81573.27,50023.69,0.1770,8.39,0.0000,0.0394,0.0540,,,,,,,
49.8358,7,7,43.0303,92.8653,completed,81573.27,50023.69,0.1770,8.39,0.0000,0.0548,0.1134,0.2667,0.2585,0.5144,0.3840,,,
38.3777,9,3,11.7613,50.1383,converged,81575.75,50024.13,0.1768,8.39,0.0000,0.0344,0.0282,,,,,,,
26.6650,10,10,41.6936,68.3586,completed,81575.75,50024.13,0.1768,8.39,0.0000,0.0776,0.1736,0.3827,1.3655,1.6300,0.2607,0.2437,0.2044,0.2352
26.9985,10,3,15.5345,42.5326,converged,81577.82,50024.50,0.1766,8.39,0.0000,0.0085,0.0700,,,,,,,
33.6212,10,3,16.9846,50.6056,converged,81577.82,50024.50,0.1766,8.39,0.0000,0.0379,0.0883,,,,,,,
39.7136,9,3,13.9346,53.6476,converged,81579.89,50024.87,0.1769,8.39,0.0000,0.0446,0.0741,,,,,,,
57.8530,6,6,22.9165,80.7697,completed,81579.89,50024.87,0.1769,8.39,0.0000,0.0935,0.7813,2.4359,0.4309,0.2413,,,,
33.6702,10,3,9.7624,43.4325,converged,81581.79,50025.20,0.1767,8.38,0.0000,0.0251,0.0492,,,,,,,
44.7845,8,3,15.2518,60.0358,converged,81581.79,50025.20,0.1767,8.38,0.0000,0.0705,0.0863,,,,,,,
36.9273,9,3,10.8591,47.7861,converged,81584.02,50025.60,0.1773,8.37,0.0000,0.0117,0.0413,,,,,,,
29.5675,10,3,12.8813,42.4483,converged,81584.02,50025.60,0.1773,8.37,0.0000,0.0428,0.0687,,,,,,,
47.5601,7,7,44.8899,92.4499,completed,81585.92,50025.95,0.1782,8.36,0.0000,0.0457,0.1414,1.4131,0.9990,0.2094,0.1736,,,
52.6081,6,6,23.4873,76.0953,completed,81585.92,50025.95,0.1782,8.36,0.0000,0.0637,0.5313,1.9141,0.3243,0.1388,,,,
43.1429,8,3,12.3467,55.4887,converged,81588.40,50026.40,0.1790,8.36,0.0000,0.0365,0.0569,,,,,,,
22.0672,10,3,13.4953,35.5623,converged,81588.40,50026.40,0.1790,8.36,0.0000,0.0764,0.0940,,,,,,,
28.5361,10,3,10.2633,38.7994,converged,81590.57,50026.79,0.1784,8.34,0.0000,0.0306,0.0386,,,,,,,
53.9236,6,6,30.2582,84.1813,completed,81590.57,50026.79,0.1784,8.34,0.0000,0.1204,0.5186,2.3943,0.3569,0.1429,,,,
20.2141,10,3,10.0296,30.2437,converged,81593.08,50027.24,0.1792,8.33,0.0000,0.0273,0.0296,,,,,,,
33.3761,10,3,9.8133,43.1894,converged,81593.08,50027.24,0.1792,8.33,0.0000,0.0306,0.0354,,,,,,,
29.7037,10,3,9.6577,39.3607,converged,81594.73,50027.53,0.1795,8.33,0.0000,0.0521,0.0256,,,,,,,
57.2482,6,6,25.5374,82.7855,completed,81594.73,50027.53,0.1795,8.33,0.0000,0.1335,0.1386,1.0299,1.0008,0.6352,,,,
42.5577,8,3,8.9296,51.4867,converged,81597.18,50027.98,0.1807,8.33,0.0000,0.0667,0.0330,,,,,,,
23.7842,10,3,17.7152,41.4993,converged,81597.18,50027.98,0.1807,8.33,0.0000,0.0654,0.0895,,,,,,,
46.4346,7,7,40.1519,86.5859,completed,81599.40,50028.39,0.1818,8.33,0.0000,0.0284,0.1004,0.3608,0.3678,0.4413,0.3325,,,
20.3470,10,3,14.5065,34.8525,converged,81599.40,50028.39,0.1818,8.33,0.0000,0.0585,0.0734,,,,,,,
46.8195,7,7,29.4601,76.2792,completed,81601.69,50028.81,0.1828,8.33,0.0000,0.0163,0.2210,0.6219,0.6286,0.3974,0.1801,,,
35.0928,9,3,10.0949,45.1869,converged,81601.69,50028.81,0.1828,8.33,0.0000,0.0580,0.0669,,,,,,,
48.1416,7,3,12.1282,60.2693,converged,81603.62,50029.16,0.1828,8.33,0.0000,0.0247,0.0734,,,,,,,
24.0384,10,4,21.3642,45.4023,converged,81603.62,50029.16,0.1828,8.33,0.0000,0.0880,0.1164,0.0893,,,,,,
27.7039,10,3,15.7352,43.4382,converged,81605.95,50029.59,0.1839,8.33,0.0000,0.0126,0.0375,,,,,,,
59.5074,5,5,23.9300,83.4370,completed,81605.95,50029.59,0.1839,8.33,0.0000,0.0712,0.9413,1.3279,0.8796,,,,,
50.4960,7,3,17.5010,67.9961,converged,81608.24,50030.02,0.1851,8.33,0.0000,0.0547,0.0849,,,,,,,
21.6421,10,3,20.4656,42.1077,converged,81608.24,50030.02,0.1851,8.33,0.0000,0.0268,0.0259,,,,,,,
48.0796,7,3,10.8682,58.9472,converged,81610.24,50030.40,0.1859,8.33,0.0000,0.1415,0.0485,,,,,,,
59.0507,5,5,18.9207,77.9707,completed,81610.24,50030.40,0.1859,8.33,0.0000,0.0474,0.1444,0.3765,0.1166,,,,,
23.8113,10,3,16.3410,40.1520,converged,81612.34,50030.79,0.1868,8.34,0.0000,0.0184,0.0903,,,,,,,
54.7825,6,3,14.1659,68.9479,converged,81612.34,50030.79,0.1868,8.34,0.0000,0.0694,0.0739,,,,,,,
45.8326,8,3,14.9381,60.7701,converged,81614.39,50031.18,0.1872,8.34,0.0000,0.1706,0.0203,,,,,,,
59.5969,5,5,27.0775,86.6735,completed,81614.39,50031.18,0.1872,8.34,0.0000,0.1115,0.7713,0.4378,0.3057,,,,,
31.6264,10,3,17.4201,49.0461,converged,81616.58,50031.59,0.1875,8.34,0.0000,0.0927,0.0700,,,,,,,
28.5646,10,3,11.6708,40.2348,converged,81616.58,50031.59,0.1875,8.34,0.0000,0.0504,0.0991,,,,,,,
59.0083,5,5,22.9750,81.9830,completed,81618.49,50031.95,0.1880,8.35,0.0000,0.1366,0.3255,0.4043,0.6258,,,,,
42.0324,8,3,13.8201,55.8522,converged,81618.49,50031.95,0.1880,8.35,0.0000,0.0446,0.0433,,,,,,,
31.7830,10,3,12.2902,44.0732,converged,81620.71,50032.37,0.1885,8.35,0.0000,0.0331,0.0717,,,,,,,
44.4443,8,8,32.8208,77.2648,completed,81620.71,50032.37,0.1885,8.35,0.0000,0.0548,0.1235,0.1189,0.5522,0.6109,0.5316,0.3362,,
37.5763,9,3,14.4779,52.0539,converged,81622.85,50032.78,0.1889,8.36,0.0000,0.0658,0.0816,,,,,,,
46.6188,7,7,30.1515,76.7696,completed,81622.85,50032.78,0.1889,8.36,0.0000,0.0448,0.2788,0.3470,0.3196,1.1114,0.2987,,,
33.3993,10,3,14.7812,48.1802,converged,81625.08,50033.20,0.1891,8.36,0.0000,0.0967,0.0212,,,,,,,
25.7252,10,3,14.9878,40.7129,converged,81625.08,50033.20,0.1891,8.36,0.0000,0.0422,0.0738,,,,,,,
50.2567,7,7,42.8446,93.1007,completed,81627.14,50033.59,0.1895,8.37,0.0000,0.0792,0.1509,0.2588,0.6710,0.3201,0.1928,,,
55.0590,6,3,14.5471,69.6051,converged,81627.14,50033.59,0.1895,8.37,0.0000,0.0359,0.0729,,,,,,,
26.1269,10,10,51.9659,78.0919,completed,81629.77,50034.09,0.1902,8.37,0.0000,0.0160,0.1413,0.2846,0.8116,1.7382,1.5127,1.0104,0.3917,0.1200
46.1620,7,7,31.0761,77.2382,completed,81629.77,50034.09,0.1902,8.37,0.0000,0.1265,0.4868,0.6369,0.2653,0.2323,0.1535,,,
44.9749,8,8,36.6093,81.5834,completed,81632.08,50034.54,0.1905,8.36,0.0000,0.0190,0.2148,0.6409,1.9088,1.0254,1.1242,0.3991,,
42.2130,8,8,33.6673,75.8804,completed,81632.08,50034.54,0.1905,8.36,0.0000,0.1287,0.8580,5.7234,4.2196,0.7864,0.7160,0.3306,,
43.5169,8,8,35.0332,78.5493,completed,81634.38,50034.98,0.1911,8.36,0.0000,0.0360,0.1858,0.7402,2.3121,1.3762,1.3108,0.4852,,
26.3825,10,3,11.7266,38.1087,converged,81634.38,50034.98,0.1911,8.36,0.0000,0.0354,0.0177,,,,,,,
57.0436,6,6,23.5351,80.5781,completed,81636.35,50035.36,0.1913,8.36,0.0000,0.2264,0.3451,2.2587,1.4257,0.6274,,,,
38.2888,9,3,18.6483,56.9363,converged,81636.35,50035.36,0.1913,8.36,0.0000,0.0111,0.0345,,,,,,,
33.1072,10,10,50.6883,83.7953,completed,81638.79,50035.83,0.1917,8.36,0.0000,0.1196,0.2075,0.2085,0.7283,1.6532,0.7027,0.4400,0.2045,0.1211
36.9535,9,4,13.8989,50.8519,converged,81638.79,50035.83,0.1917,8.36,0.0000,0.0685,0.1332,0.0772,,,,,,
49.9786,7,7,41.0746,91.0526,completed,81641.10,50036.28,0.1923,8.36,0.0000,0.0703,0.2353,1.2980,1.6276,0.6270,0.2254,,,
56.7169,6,6,35.9715,92.6875,completed,81641.10,50036.28,0.1923,8.36,0.0000,0.0352,0.2022,1.5640,1.0702,0.3719,,,,
48.3261,7,7,31.9806,80.3067,completed,81643.73,50036.80,0.1927,8.35,0.0000,0.0970,0.1510,0.9646,2.2028,0.6384,0.2281,,,
23.5549,10,3,12.0624,35.6165,converged,81643.73,50036.80,0.1927,8.35,0.0000,0.0279,0.0297,,,,,,,
51.4634,7,7,34.2289,85.6920,completed,81645.62,50037.17,0.1923,8.35,0.0000,0.0633,0.1080,1.1367,2.0871,0.6643,0.2796,,,
35.6988,9,3,15.2288,50.9268,converged,81645.62,50037.17,0.1923,8.35,0.0000,0.0429,0.0592,,,,,,,
57.1667,6,6,25.0537,82.2198,completed,81647.81,50037.59,0.1924,8.34,0.0000,0.3282,0.7068,2.2158,1.3332,0.5452,,,,
43.5282,8,3,12.6808,56.2089,converged,81647.81,50037.59,0.1924,8.34,0.0000,0.1487,0.0841,,,,,,,
46.3417,7,7,30.1232,76.4643,completed,81650.12,50038.04,0.1925,8.34,0.0000,0.1100,0.3507,1.7899,2.1164,0.8024,0.3441,,,
29.2936,10,4,19.7500,49.0431,converged,81650.12,50038.04,0.1925,8.34,0.0000,0.1523,0.1587,0.0490,,,,,,
27.0916,10,10,42.9666,70.0576,completed,81652.16,50038.44,0.1922,8.33,0.0000,0.1436,0.1988,0.1749,0.5349,1.5114,0.6820,0.4864,0.5014,0.2936
59.5787,5,5,19.4211,78.9991,completed,81652.16,50038.44,0.1922,8.33,0.0000,0.5837,0.6838,1.4383,0.5557,,,,,
34.0624,9,9,39.9409,74.0029,completed,81654.86,50038.97,0.1916,8.33,0.0000,0.0962,0.1265,0.1425,1.2181,1.6747,0.2949,0.1852,0.2008,
58.1080,5,5,19.6938,77.8019,completed,81654.86,50038.97,0.1916,8.33,0.0000,0.5138,0.5768,1.8445,0.6860,,,,,
32.9706,10,3,10.5029,43.4730,converged,81657.07,50039.40,0.1914,8.33,0.0000,0.0567,0.0906,,,,,,,
32.6845,10,10,41.8573,74.5414,completed,81657.07,50039.40,0.1914,8.33,0.0000,0.1378,0.1398,0.1040,0.1012,1.0431,0.4066,0.5000,0.3520,0.2701
56.9840,6,6,25.3350,82.3180,completed,81659.25,50039.82,0.1909,8.33,0.0000,0.1623,0.2008,1.7686,0.8682,1.0458,,,,
46.6931,7,7,39.2780,85.9711,completed,81659.25,50039.82,0.1909,8.33,0.0000,0.4342,0.5766,0.9822,1.0427,0.6848,0.2368,,,
45.6058,8,8,29.0619,74.6669,completed,81661.97,50040.35,0.1901,8.33,0.0000,0.3237,0.4021,0.6365,1.6373,1.4684,1.0542,0.3966,,
30.1849,10,10,48.3190,78.5030,completed,81661.97,50040.35,0.1901,8.33,0.0000,0.3089,0.3959,0.3072,0.3508,1.0650,1.1466,0.8434,0.4426,0.2092
22.4076,10,10,42.7340,65.1410,completed,81664.18,50040.78,0.1891,8.32,0.0000,0.1975,0.2789,0.2765,0.7203,1.3168,0.6715,0.7837,0.5150,0.2875
51.5215,7,7,28.1656,79.6866,converged,81664.18,50040.78,0.1891,8.32,0.0000,0.1671,0.1400,0.6551,1.1169,0.3229,0.0762,,,
36.7612,9,9,40.2757,77.0367,completed,81666.46,50041.21,0.1884,8.32,0.0000,0.1180,0.1934,0.2163,1.0900,1.7160,0.5028,0.1753,0.1441,
36.6323,9,3,11.2667,47.8987,converged,81666.46,50041.21,0.1884,8.32,0.0000,0.0540,0.0660,,,,,,,
28.5872,10,4,14.3318,42.9189,converged,81668.50,50041.60,0.1875,8.32,0.0000,0.0837,0.1033,0.0988,,,,,,
29.6164,10,4,18.5905,48.2065,converged,81668.50,50041.60,0.1875,8.32,0.0000,0.0877,0.1080,0.0298,,,,,,
53.3234,6,6,22.8130,76.1360,completed,81670.69,50042.02,0.1878,8.32,0.0000,0.3137,0.6234,1.6798,1.1192,0.6044,,,,
20.1099,10,4,14.4103,34.5193,converged,81670.69,50042.02,0.1878,8.32,0.0000,0.0955,0.1109,0.0867,,,,,,
50.4500,7,7,27.0420,77.4920,completed,81672.58,50042.38,0.1870,8.33,0.0000,0.2737,0.4738,1.0605,1.1890,0.6579,0.4337,,,
57.6063,6,6,26.9800,84.5860,completed,81672.58,50042.38,0.1870,8.33,0.0000,0.3049,0.4056,1.3815,0.9036,0.5126,,,,
36.6905,9,4,13.5835,50.2735,converged,81675.04,50042.84,0.1862,8.33,0.0000,0.1059,0.1877,0.0706,,,,,,
36.8423,9,9,45.6511,82.4931,completed,81675.04,50042.84,0.1862,8.33,0.0000,0.1862,0.2763,0.2366,1.2653,1.1281,0.4611,0.2625,0.1871,
29.3028,10,10,49.0005,78.3026,completed,81677.36,50043.27,0.1863,8.33,0.0000,0.0791,0.1663,0.2242,0.7453,2.2349,1.2533,0.2684,0.1702,0.2609
48.6771,7,7,30.1285,78.8055,completed,81677.36,50043.27,0.1863,8.33,0.0000,0.1630,0.1692,0.8543,1.6009,0.5252,0.2607,,,
35.2451,9,9,41.7449,76.9900,completed,81679.69,50043.71,0.1847,8.33,0.0000,0.1386,0.2656,0.1465,1.1509,1.3096,0.3274,0.1520,0.2349,
25.3176,10,4,14.7809,40.0979,converged,81679.69,50043.71,0.1847,8.33,0.0000,0.1527,0.1808,0.0502,,,,,,
28.4890,10,4,13.6206,42.1096,converged,81681.84,50044.11,0.1825,8.32,0.0000,0.0882,0.1103,0.0633,,,,,,
21.7885,10,3,10.4507,32.2388,converged,81681.84,50044.11,0.1825,8.32,0.0000,0.1108,0.0660,,,,,,,
53.5863,6,6,38.4611,92.0471,completed,81683.64,50044.44,0.1815,8.32,0.0000,0.1330,0.3525,0.4923,0.2238,0.2011,,,,
23.3646,10,3,16.6790,40.0431,converged,81683.64,50044.44,0.1815,8.32,0.0000,0.1200,0.0896,,,,,,,
42.2719,8,8,40.3204,82.5914,completed,81685.83,50044.85,0.1814,8.33,0.0000,0.0868,0.2582,1.1870,0.5949,0.1679,0.1826,0.2103,,
24.7904,10,3,14.1361,38.9262,converged,81685.83,50044.85,0.1814,8.33,0.0000,0.0690,0.0617,,,,,,,
50.4743,7,7,38.6448,89.1188,completed,81687.88,50045.22,0.1777,8.31,0.0000,0.1385,0.1067,0.6190,0.5400,0.4046,0.3587,,,
23.0694,10,3,14.8824,37.9514,converged,81687.88,50045.22,0.1777,8.31,0.0000,0.0883,0.0485,,,,,,,
34.8048,9,3,16.5121,51.3161,converged,81690.17,50045.63,0.1760,8.16,0.0000,0.0698,0.0921,,,,,,,
49.5509,7,7,29.8257,79.3758,completed,81690.17,50045.63,0.1760,8.16,0.0000,0.0837,0.2565,0.9329,0.4468,0.6530,0.1740,,,
44.4755,8,8,35.3377,79.8128,completed,81692.38,50046.02,0.1741,7.88,0.0000,0.0654,0.1267,0.7026,0.9668,0.6939,0.5103,0.3270,,
41.5216,8,3,10.0458,51.5668,converged,81692.38,50046.02,0.1741,7.88,0.0000,0.1435,0.0446,,,,,,,
43.7698,8,8,35.9949,79.7639,completed,81694.21,50046.34,0.1730,7.63,0.0000,0.0247,0.1803,0.5964,0.6860,0.3151,0.3516,0.3639,,
24.5174,10,3,13.0141,37.5312,converged,81694.21,50046.34,0.1730,7.63,0.0000,0.1102,0.0942,,,,,,,
46.3355,7,7,27.1810,73.5161,completed,81696.25,50046.70,0.1705,7.27,0.0000,0.0475,0.2582,0.9335,0.3679,0.4206,0.4352,,,
46.3801,7,7,36.5288,82.9088,completed,81696.25,50046.70,0.1705,7.27,0.0000,0.0613,0.1244,0.5524,0.6885,0.2739,0.3214,,,
44.2377,8,3,14.1193,58.3564,converged,81698.47,50047.09,0.1697,6.92,0.0000,0.0526,0.0577,,,,,,,
40.2868,8,8,47.8985,88.1845,completed,81698.47,50047.09,0.1697,6.92,0.0000,0.1005,0.1041,0.1372,0.5432,1.1266,0.5133,0.2475,,
38.0227,9,3,14.1093,52.1314,converged,81700.47,50047.43,0.1695,6.69,0.0000,0.0461,0.0486,,,,,,,
30.2039,10,10,48.8974,79.1005,completed,81700.47,50047.43,0.1695,6.69,0.0000,0.1464,0.2107,0.3452,0.1197,0.6263,0.3084,0.9076,0.6755,0.3099
45.1187,8,3,10.3968,55.5149,converged,81701.87,50047.68,0.1723,6.51,0.0000,0.1489,0.0292,,,,,,,
54.0136,6,6,34.7072,88.7202,completed,81701.87,50047.68,0.1723,6.51,0.0000,0.0903,0.2910,1.2857,1.9665,1.2674,,,,
23.7724,10,3,10.5643,34.3364,converged,81703.86,50048.03,0.1808,6.34,0.0000,0.0216,0.0986,,,,,,,
41.2669,8,8,29.3466,70.6127,completed,81703.86,50048.03,0.1808,6.34,0.0000,0.1221,0.1139,0.1886,0.5527,0.7203,0.4833,0.3319,,
27.3387,10,3,9.9905,37.3286,converged,81705.27,50048.29,0.1879,6.16,0.0000,0.0845,0.0284,,,,,,,
43.0832,8,3,14.0497,57.1327,converged,81705.27,50048.29,0.1879,6.16,0.0000,0.0829,0.0532,,,,,,,
26.2630,10,3,15.0589,41.3219,converged,81706.69,50048.57,0.2021,5.99,0.0000,0.1091,0.0796,,,,,,,
39.2172,9,9,46.8765,86.0936,completed,81706.69,50048.57,0.2021,5.99,0.0000,0.1183,0.1257,0.1683,0.4330,0.7186,0.3282,0.4932,0.3818,
59.8384,5,5,24.0462,83.8842,completed,81707.92,50048.83,0.2243,5.77,0.0000,0.4878,0.3729,0.2451,0.8579,,,,,
41.0849,8,8,32.8397,73.9238,completed,81707.92,50048.83,0.2243,5.77,0.0000,0.2572,0.2862,0.3823,0.8415,0.8698,0.5593,0.5301,,
43.2117,8,3,11.0938,54.3049,converged,81709.63,50049.26,0.2678,5.50,0.0000,0.1949,0.0700,,,,,,,
43.2452,8,3,13.6359,56.8809,converged,81709.63,50049.26,0.2678,5.50,0.0000,0.1452,0.0358,,,,,,,
22.7885,10,10,49.7430,72.5310,completed,81711.03,50049.67,0.3130,5.35,0.0000,0.2886,0.2439,0.1336,0.2755,1.4681,0.8429,0.8903,0.7015,0.5718
47.8452,7,7,24.9067,72.7517,completed,81711.03,50049.67,0.3130,5.35,0.0000,0.3952,0.2988,0.5787,0.9250,1.0138,0.7507,,,
56.4912,6,6,25.4954,81.9864,completed,81712.41,50050.16,0.3766,5.12,0.0000,0.3784,0.1819,2.9856,2.7963,1.1880,,,,
46.3628,7,7,34.6858,81.0479,completed,81712.41,50050.16,0.3766,5.12,0.0000,0.1611,0.2820,1.6697,2.9627,1.4971,0.8952,,,
51.2864,7,7,26.3579,77.6440,completed,81713.89,50050.80,0.4560,4.92,0.0000,0.3913,0.2328,0.5243,1.1097,0.8294,0.7547,,,
25.8936,10,10,39.5096,65.4026,completed,81713.89,50050.80,0.4560,4.92,0.0000,0.2742,0.2786,0.1693,0.4905,0.4932,0.2231,0.3453,0.4278,0.5682
48.7566,7,3,12.2964,61.0525,converged,81715.14,50051.47,0.5443,4.70,0.0000,0.2937,0.0986,,,,,,,
21.8525,10,3,12.8169,34.6690,converged,81715.14,50051.47,0.5443,4.70,0.0000,0.0955,0.0667,,,,,,,
25.5185,10,3,13.5376,39.0556,converged,81715.92,50051.97,0.6068,4.49,0.0000,0.1082,0.0401,,,,,,,
35.0171,9,9,41.3682,76.3853,completed,81715.92,50051.97,0.6068,4.49,0.0000,0.1641,0.1542,0.1665,0.2607,0.7160,0.5531,0.4415,0.5941,
27.1962,10,3,9.3076,36.5037,converged,81716.83,50052.64,0.7013,4.33,0.0000,0.0816,0.0803,,,,,,,
37.6366,9,3,15.5711,53.2072,converged,81716.83,50052.64,0.7013,4.33,0.0000,0.0800,0.0334,,,,,,,
43.6008,8,8,46.4030,90.0031,completed,81717.58,50053.33,0.7915,4.17,0.0000,0.0318,0.1829,0.3009,0.7937,1.0545,0.9087,0.7125,,
21.4441,10,3,9.2579,30.7019,converged,81717.58,50053.33,0.7915,4.17,0.0000,0.0499,0.0443,,,,,,,
33.8838,10,10,47.1236,81.0066,completed,81718.30,50054.11,0.8859,4.06,0.0000,0.0660,0.1813,0.2787,0.6160,1.5534,1.9145,1.6453,0.7604,0.5561
53.5255,6,6,32.3729,85.8980,completed,81718.30,50054.11,0.8859,4.06,0.0000,0.1210,0.1634,0.7137,0.8412,0.7551,,,,
43.0494,8,8,35.8618,78.9109,completed,81719.06,50055.13,1.0051,4.01,0.0000,0.0440,0.1051,0.2108,1.0850,0.8468,0.7086,0.6801,,
31.2047,10,10,52.9517,84.1557,completed,81719.06,50055.13,1.0051,4.01,0.0000,0.1224,0.2720,0.4736,0.6499,0.6954,1.0132,1.5561,0.7196,0.4766
38.7186,9,9,35.8965,74.6146,completed,81719.62,50056.09,1.1009,3.98,0.0000,0.0254,0.1245,0.3142,0.9061,1.8480,1.4728,0.6917,0.6453,
44.5034,8,8,31.2391,75.7421,completed,81719.62,50056.09,1.1009,3.98,0.0000,0.0864,0.1796,0.4005,1.5332,1.5679,1.3594,0.7198,,
27.7035,10,10,46.5231,74.2262,completed,81720.12,50057.17,1.1956,4.01,0.0000,0.0606,0.1577,0.3482,0.7937,1.6483,1.5256,1.1670,0.6427,0.5630
42.7808,8,8,37.7939,80.5740,completed,81720.12,50057.17,1.1956,4.01,0.0000,0.0986,0.2892,1.4210,5.7769,6.5073,2.5572,1.0006,,
43.1191,8,3,14.1732,57.2922,converged,81720.52,50058.30,1.2898,4.09,0.0000,0.0851,0.0551,,,,,,,
58.9398,5,5,22.4886,81.4276,completed,81720.52,50058.30,1.2898,4.09,0.0000,0.0393,1.0389,3.2064,1.7077,,,,,
49.5009,7,7,33.6883,83.1884,completed,81720.78,50059.33,1.3675,4.23,0.0000,0.1451,0.6807,3.3967,6.0537,2.5383,1.2284,,,
59.7183,5,5,21.7263,81.4444,completed,81720.78,50059.33,1.3675,4.23,0.0000,0.0697,2.5224,6.7225,3.0624,,,,,
44.6267,8,8,41.6852,86.3112,completed,81721.02,50060.67,1.4548,4.46,0.0000,0.1008,0.4030,3.2072,9.7467,5.9140,2.4010,1.0251,,
25.6496,10,3,14.5420,40.1911,converged,81721.02,50060.67,1.4548,4.46,0.0000,0.0673,0.0641,,,,,,,
37.5876,9,9,38.5839,76.1709,completed,81721.13,50061.88,1.5220,4.63,0.0000,0.1407,0.4147,1.4673,5.6978,6.9881,2.7748,1.2389,0.4818,
26.4008,10,10,56.9174,83.3175,completed,81721.13,50061.88,1.5220,4.63,0.0000,0.0452,0.1416,0.7990,2.7156,1.7446,1.3213,0.4243,0.4367,0.3664
29.1989,10,10,61.8941,91.0922,completed,81721.17,50063.31,1.5950,4.92,0.0000,0.1839,0.4503,1.6912,6.0929,7.4793,1.7076,0.8901,0.3938,0.2690
29.4906,10,10,55.0336,84.5237,completed,81721.17,50063.31,1.5950,4.92,0.0000,0.2175,0.5393,1.7554,8.1020,15.4460,3.7158,1.1539,0.4583,0.1450
42.2807,8,8,34.5835,76.8635,completed,81721.09,50064.99,1.6635,5.24,0.0000,1.4551,1.4787,1.7534,3.5497,1.0056,0.8116,0.3585,,
52.5075,6,6,26.0477,78.5547,completed,81721.09,50064.99,1.6635,5.24,0.0000,1.2296,2.6198,7.1251,2.3783,0.7110,,,,
39.5304,9,9,50.4952,90.0253,completed,81720.92,50066.56,1.7217,5.33,0.0000,1.7284,2.6812,2.3083,2.7265,3.6812,1.5783,0.5448,0.3379,
31.2055,10,10,58.6002,89.8052,completed,81720.92,50066.56,1.7217,5.33,0.0000,1.5479,2.2141,1.5493,0.8115,1.5539,0.3421,0.4212,0.3730,0.3778
23.3803,10,10,53.6140,76.9940,completed,81720.65,50068.23,1.7576,5.35,0.0000,1.2284,1.7557,0.7789,2.9009,2.0979,0.8468,0.5824,0.4729,0.3466
27.8919,10,10,57.7735,85.6645,completed,81720.65,50068.23,1.7576,5.35,0.0000,1.7298,2.7048,2.3610,2.1777,1.5450,2.4126,1.0094,0.6088,0.3617
25.1166,10,10,55.3504,80.4664,completed,81720.33,50069.88,1.7733,5.44,0.0000,1.2336,1.8330,0.7905,1.2392,2.9271,1.7508,1.1264,0.6157,0.3494
25.8187,10,10,44.3013,70.1193,completed,81720.33,50069.88,1.7733,5.44,0.0000,1.3368,2.5479,3.8334,5.8690,5.1773,1.9941,0.9293,0.2943,0.1467
52.6680,6,6,32.1564,84.8235,completed,81719.99,50071.60,1.7782,5.58,0.0000,1.2126,1.7562,1.0905,0.8015,0.3976,,,,
24.5221,10,10,44.9193,69.4413,completed,81719.99,50071.60,1.7782,5.58,0.0000,0.6971,1.4181,1.2985,0.3126,2.8535,2.1695,1.4181,0.7443,0.3772
22.2372,10,10,48.1620,70.3991,completed,81719.67,50073.17,1.7793,5.82,0.0000,0.3445,0.9502,1.4168,0.3942,0.2174,0.2791,0.3728,0.2760,0.1981
22.2638,10,10,49.7745,72.0375,completed,81719.67,50073.17,1.7793,5.82,0.0000,0.7475,1.5032,2.3980,3.1376,3.0228,0.6171,0.5805,0.3228,0.2768
41.0881,8,8,30.9785,72.0665,completed,81719.34,50074.74,1.7823,6.09,0.0000,0.7029,1.8885,1.8628,1.2653,0.4602,0.3930,0.2201,,
46.8103,7,7,31.6115,78.4215,completed,81719.34,50074.74,1.7823,6.09,0.0000,1.3041,2.9337,0.2501,0.6305,0.6388,0.3545,,,
54.6481,6,6,23.1385,77.7865,completed,81718.99,50076.38,1.7841,6.37,0.0000,1.0740,1.0432,2.8070,1.3931,0.5324,,,,
46.7924,7,7,31.3059,78.0980,completed,81718.99,50076.38,1.7841,6.37,0.0000,0.6123,1.2810,1.0076,1.3987,0.5927,0.2817,,,
37.4205,9,9,38.0208,75.4408,completed,81718.58,50078.30,1.7857,6.67,0.0000,0.4548,0.8980,0.5109,1.2709,1.0681,0.7112,0.4218,0.2065,
47.0215,7,7,41.2062,88.2272,completed,81718.58,50078.30,1.7857,6.67,0.0000,0.7355,2.2967,3.7806,0.9884,1.1320,0.3929,,,
49.9280,7,7,42.1023,92.0293,completed,81718.14,50080.29,1.7855,6.99,0.0000,2.5012,5.1037,4.4718,1.0986,0.8662,0.3679,,,
42.7830,8,8,35.0208,77.8038,completed,81718.14,50080.29,1.7855,6.99,0.0000,1.3302,2.7625,4.1880,0.8436,0.9832,0.9529,0.3744,,
30.7512,10,10,40.6143,71.3653,completed,81717.64,50082.60,1.7832,7.31,0.0000,0.8907,1.4452,2.0812,6.9960,3.7481,1.4075,0.7375,0.4174,0.2327
43.9219,8,8,36.3496,80.2707,completed,81717.64,50082.60,1.7832,7.31,0.0000,1.9394,3.2875,4.8730,1.9148,0.7227,0.2326,0.1589,,
30.7786,10,10,40.6464,71.4244,converged,81717.17,50084.79,1.7802,7.67,0.0000,1.3287,2.0756,3.1801,18.4126,7.6903,1.6197,0.8886,0.3331,0.0893
49.2969,7,7,28.4353,77.7314,completed,81717.17,50084.79,1.7802,7.67,0.0000,1.9564,4.6737,7.6316,0.3560,0.6017,0.2237,,,
31.0514,10,10,43.2787,74.3297,completed,81716.68,50087.08,1.7771,7.99,0.0000,1.4630,3.2517,6.0772,5.2216,10.7872,2.5809,0.9391,0.3463,0.1670
54.1778,6,6,36.3004,90.4775,completed,81716.68,50087.08,1.7771,7.99,0.0000,1.4930,6.4472,3.4813,0.8630,0.3318,,,,
36.4316,9,9,43.4787,79.9098,completed,81716.23,50089.22,1.7755,8.24,0.0000,0.2574,0.2269,0.8394,4.3149,2.9501,1.9379,0.6985,0.3871,
40.0949,8,8,44.7757,84.8697,completed,81716.23,50089.22,1.7755,8.24,0.0000,2.2913,1.7822,5.5738,3.4150,0.6001,0.4218,0.2132,,
46.5403,7,7,27.4947,74.0348,completed,81715.72,50091.65,1.7726,8.43,0.0000,0.6895,1.0986,1.7829,1.6013,0.5994,0.3313,,,
38.1961,9,9,39.4489,77.6449,completed,81715.72,50091.65,1.7726,8.43,0.0000,3.1117,3.5893,2.4500,6.8936,0.7219,0.1742,0.2795,0.1586,
25.4078,10,10,47.7186,73.1256,completed,81715.21,50094.14,1.7699,8.56,0.0000,1.0150,1.5739,1.5828,0.1738,0.9162,1.0679,0.6563,0.3442,0.2604
21.6105,10,10,38.8616,60.4716,completed,81715.21,50094.14,1.7699,8.56,0.0000,0.9404,0.5707,1.5354,5.8552,3.7798,1.2861,0.6329,0.2246,0.1242
48.0237,7,7,36.1354,84.1584,completed,81714.76,50096.31,1.7671,8.62,0.0000,0.2199,1.4753,0.4849,2.2569,1.6233,0.7335,,,
57.3721,6,6,23.2364,80.6085,completed,81714.76,50096.31,1.7671,8.62,0.0000,1.2207,1.3737,6.7705,2.6819,0.9780,,,,
25.0414,10,10,50.0689,75.1100,completed,81714.22,50099.01,1.7644,8.64,0.0000,0.7719,1.0740,1.2636,2.5765,2.3100,0.7396,0.5326,0.2009,0.2668
39.7687,9,9,41.0759,80.8439,completed,81714.22,50099.01,1.7644,8.64,0.0000,0.5442,0.2491,1.3479,12.4677,6.6407,1.5710,0.4926,0.1636,
29.2737,10,10,49.5293,78.8024,completed,81713.73,50101.55,1.7606,8.65,0.0000,0.5543,0.8719,1.4612,1.0816,0.4722,1.1900,0.6523,0.3765,0.2717
40.5069,8,8,32.3300,72.8360,completed,81713.73,50101.55,1.7606,8.65,0.0000,0.8782,0.9867,1.0693,1.4845,1.1849,1.2955,0.7038,,
31.1399,10,10,40.9559,72.0950,completed,81713.24,50104.10,1.7585,8.65,0.0000,0.5126,0.2399,0.5117,0.4982,2.8854,2.0813,1.3017,0.4999,0.2686
45.6752,8,8,32.2375,77.9125,completed,81713.24,50104.10,1.7585,8.65,0.0000,1.0428,0.7545,0.2611,2.6607,2.4757,1.2438,0.5546,,
34.3384,9,9,35.3021,69.6402,completed,81712.84,50106.21,1.7558,8.64,0.0000,1.5247,1.5662,1.0521,0.7126,0.7557,0.3938,0.2314,0.2697,
45.9914,8,8,29.7110,75.7078,completed,81712.84,50106.21,1.7558,8.64,0.0000,1.2850,1.0745,0.6331,1.3889,0.5188,0.5592,0.3633,,
29.3063,10,10,36.4784,65.7845,completed,81712.37,50108.76,1.7526,8.62,0.0000,0.7857,0.7706,0.9082,0.2436,1.6882,1.3945,0.8036,0.4265,0.2808
46.9820,7,7,31.7482,78.7293,completed,81712.37,50108.76,1.7526,8.62,0.0000,1.0617,0.7152,1.1107,0.8962,1.4269,0.7913,,,
51.8291,7,7,31.6567,83.4857,completed,81711.91,50111.32,1.7515,8.61,0.0000,0.3716,0.3162,0.7866,2.8786,1.2942,0.6381,,,
51.5948,7,7,32.3948,83.9888,completed,81711.91,50111.32,1.7515,8.61,0.0000,0.6386,2.1122,2.9579,2.6466,1.1331,0.4836,,,
43.9983,8,8,34.6650,78.6630,completed,81711.46,50113.84,1.7499,8.60,0.0000,0.9064,1.0842,0.9500,0.6534,0.1985,0.3636,0.4011,,
27.9416,10,10,45.9544,73.8954,completed,81711.46,50113.84,1.7499,8.60,0.0000,0.4012,0.9941,2.0820,2.5515,3.8566,0.7912,0.4502,0.2132,0.2085
24.1995,10,10,43.5876,67.7866,completed,81711.06,50116.12,1.7495,8.57,0.0000,0.4466,0.3049,0.5989,1.0418,0.3287,0.9145,0.4159,0.2396,0.2286
42.2454,8,8,37.3840,79.6290,completed,81711.06,50116.12,1.7495,8.57,0.0000,0.1945,0.6170,0.2850,1.0787,0.3668,0.2989,0.1230,,
38.9535,9,9,39.1022,78.0552,completed,81710.59,50118.63,1.7514,8.56,0.0000,0.1431,0.9237,0.8798,2.0378,0.9038,1.0059,0.9242,0.5827,
34.2003,9,4,14.9303,49.1303,converged,81710.59,50118.63,1.7514,8.56,0.0000,0.1242,0.3231,0.0807,,,,,,
32.1889,10,10,56.1386,88.3266,completed,81710.14,50121.00,1.7527,8.55,0.0000,0.3124,1.0427,0.5289,2.4775,3.0341,1.1877,0.4325,0.3828,0.3205
54.1490,6,6,27.7586,81.9066,completed,81710.14,50121.00,1.7527,8.55,0.0000,1.0113,4.1132,3.9570,2.1064,0.9067,,,,
37.2826,9,9,47.0428,84.3248,completed,81709.66,50123.54,1.7547,8.55,0.0000,1.6443,5.0223,5.1626,4.8245,3.8181,1.7798,0.6280,0.2617,
26.0442,10,10,43.1539,69.1979,completed,81709.66,50123.54,1.7547,8.55,0.0000,0.4609,1.2836,3.6147,4.6908,3.9404,0.9147,0.9193,0.4499,0.2657
28.8735,10,10,41.8552,70.7282,converged,81709.18,50126.07,1.7551,8.54,0.0000,0.2879,0.4265,0.4392,0.4393,1.8557,0.2672,0.1311,0.1184,0.0993
55.5895,6,6,26.8468,82.4358,completed,81709.18,50126.07,1.7551,8.54,0.0000,0.7037,0.3202,4.0856,2.6342,0.8753,,,,
31.2714,10,10,43.2780,74.5490,converged,81708.71,50128.60,1.7551,8.54,0.0000,0.3085,0.4597,0.3233,0.2332,0.9792,0.6936,0.4592,0.1682,0.0869
31.5139,10,10,40.4277,71.9407,completed,81708.71,50128.60,1.7551,8.54,0.0000,0.4237,0.7107,0.6527,0.3972,0.8417,0.8018,0.8179,0.3277,0.2010
24.5727,10,10,44.8083,69.3803,completed,81708.28,50130.97,1.7549,8.53,0.0000,0.4432,0.7287,1.0659,1.1240,1.6632,1.2751,0.6429,0.2440,0.1273
23.3115,10,10,42.3352,65.6462,completed,81708.28,50130.97,1.7549,8.53,0.0000,0.4665,0.9030,0.9595,0.2810,1.0660,0.5542,1.0067,0.4768,0.2336
36.4078,9,9,42.5238,78.9308,completed,81707.84,50133.40,1.7541,8.53,0.0000,0.5105,0.6848,0.8246,0.9262,0.8772,0.4696,0.2454,0.1130,
33.2811,10,10,45.4774,78.7585,completed,81707.84,50133.40,1.7541,8.53,0.0000,0.3952,0.8883,0.8913,1.1181,2.8625,2.9397,1.2133,0.2884,0.1881
58.1633,5,5,23.8743,82.0373,completed,81707.42,50135.65,1.7551,8.52,0.0000,1.5414,0.8959,0.3247,0.2403,,,,,
34.7779,9,9,36.7321,71.5092,completed,81707.42,50135.65,1.7551,8.52,0.0000,0.6065,1.6140,2.7399,4.2270,2.4507,0.7042,0.4192,0.2512,
58.0484,5,5,20.2570,78.3050,completed,81706.92,50138.31,1.7560,8.52,0.0000,1.2899,1.6699,1.5934,0.7065,,,,,
46.3377,7,7,43.9399,90.2769,completed,81706.92,50138.31,1.7560,8.52,0.0000,0.8848,2.7193,2.6682,2.6458,1.1333,0.4653,,,
41.8959,8,8,41.4671,83.3621,completed,81706.45,50140.83,1.7563,8.51,0.0000,0.8595,1.7647,2.3119,2.5442,0.7024,0.2239,0.2058,,
36.0448,9,9,44.6803,80.7243,completed,81706.45,50140.83,1.7563,8.51,0.0000,0.6765,0.1466,1.0672,0.9933,1.8438,1.1941,0.4045,0.1658,
20.2506,10,10,55.1578,75.4079,completed,81705.98,50143.37,1.7563,8.50,0.0000,0.1440,0.2000,0.6708,1.4975,1.2032,0.3182,0.6660,0.3383,0.1520
55.1829,6,6,23.8279,79.0100,completed,81705.98,50143.37,1.7563,8.50,0.0000,0.5116,1.7462,1.0217,0.4302,0.1586,,,,
56.8841,6,6,26.5579,83.4420,completed,81705.51,50145.87,1.7563,8.50,0.0000,0.2134,0.5617,1.4198,0.5858,0.2328,,,,
34.3188,9,9,37.7080,72.0260,completed,81705.51,50145.87,1.7563,8.50,0.0000,0.1208,0.5031,1.2568,2.5015,2.2528,1.1943,0.6104,0.1728,
43.0456,8,8,28.7352,71.7803,completed,81705.04,50148.38,1.7564,8.49,0.0000,0.4793,0.5042,1.5111,2.0714,1.3336,0.5474,0.2939,,
49.2459,7,3,10.8467,60.0953,converged,81705.04,50148.38,1.7564,8.49,0.0000,0.8192,0.0888,,,,,,,
56.9817,6,6,22.8654,79.8465,completed,81704.64,50150.47,1.7563,8.48,0.0000,0.7105,0.3517,0.5329,1.3299,0.5634,,,,
47.4048,7,7,38.3389,85.7430,completed,81704.64,50150.47,1.7563,8.48,0.0000,1.7842,0.4764,1.7178,0.5203,0.3180,0.1317,,,
37.7987,9,4,13.0376,50.8356,converged,81704.15,50153.13,1.7562,8.48,0.0000,0.3823,0.3771,0.0718,,,,,,
42.6976,8,8,29.2249,71.9220,completed,81704.15,50153.13,1.7562,8.48,0.0000,0.7258,0.4507,0.5396,1.8375,1.3583,0.7128,0.2320,,
38.0944,9,9,49.8186,87.9126,completed,81703.71,50155.49,1.7556,8.47,0.0000,0.2587,0.2922,0.3502,0.7128,0.5810,0.7979,0.5804,0.1104,
58.2727,5,5,24.8898,83.1618,completed,81703.71,50155.49,1.7556,8.47,0.0000,0.7318,2.0683,0.7234,0.2961,,,,,
50.8846,7,7,30.3586,81.2427,completed,81703.22,50158.17,1.7561,8.46,0.0000,0.2565,0.1657,1.2711,0.3335,0.5408,0.2388,,,
41.6316,8,8,29.7367,71.3677,completed,81703.22,50158.17,1.7561,8.46,0.0000,0.1223,0.4686,0.7036,2.1182,2.0429,1.2805,0.4090,,
24.2943,10,10,44.7862,69.0802,completed,81702.78,50160.51,1.7560,8.45,0.0000,0.1468,0.1344,0.1666,1.5775,2.7107,2.1294,1.1686,0.4092,0.1244
32.8604,10,10,45.4323,78.2924,completed,81702.78,50160.51,1.7560,8.45,0.0000,0.5372,0.7723,0.9007,0.4572,0.7653,0.9129,0.6791,0.3881,0.1537
36.9412,9,5,17.7768,54.7178,converged,81702.34,50162.86,1.7560,8.45,0.0000,0.3026,0.3306,0.1265,0.0767,,,,,
27.6591,10,10,42.4163,70.0753,completed,81702.34,50162.86,1.7560,8.45,0.0000,0.1193,0.5322,1.2653,1.7997,0.1969,0.6836,0.9856,0.7165,0.3152
23.6499,10,10,40.4916,64.1407,completed,81701.96,50164.86,1.7550,8.45,0.0000,0.3878,0.4854,1.1048,1.2391,0.3227,0.2724,0.3237,0.2128,0.1383
56.3323,6,6,27.7922,84.1243,completed,81701.96,50164.86,1.7550,8.45,0.0000,0.3421,3.6163,1.1020,0.7830,0.4030,,,,
58.5663,5,5,19.4588,78.0248,completed,81701.50,50167.36,1.7558,8.45,0.0000,1.9180,4.3891,0.7825,0.3295,,,,,
35.9867,9,9,55.6904,91.6764,completed,81701.50,50167.36,1.7558,8.45,0.0000,3.7020,1.3723,2.1676,2.6097,0.8273,0.1718,0.1956,0.1229,
20.5622,10,10,58.4452,79.0072,completed,81701.02,50169.98,1.7549,8.45,0.0000,0.6769,0.7028,0.3603,0.6126,0.1399,0.5866,0.2349,0.1473,0.1592
51.6874,7,7,37.5013,89.1883,completed,81701.02,50169.98,1.7549,8.45,0.0000,1.1256,1.5191,1.8444,0.1420,1.1812,0.6578,,,
26.8923,10,10,43.4150,70.3070,completed,81700.53,50172.60,1.7553,8.45,0.0000,0.4780,0.6957,0.2673,0.5367,0.2993,0.2739,0.5213,0.3719,0.1158
32.8052,10,10,44.3402,77.1452,completed,81700.53,50172.60,1.7553,8.45,0.0000,0.1106,0.4908,0.9981,1.3132,0.6223,0.1022,0.3068,0.2079,0.1330
48.7058,7,7,41.4849,90.1899,completed,81700.02,50175.35,1.7547,8.44,0.0000,0.1224,0.4148,0.2037,0.5600,0.9998,0.4767,,,
29.2690,10,10,44.1883,73.4573,completed,81700.02,50175.35,1.7547,8.44,0.0000,0.2760,0.6164,0.8738,0.6050,0.1186,0.3650,0.4737,0.2114,0.1170
46.0730,7,7,34.0149,80.0869,completed,81699.62,50177.47,1.7551,8.44,0.0000,0.9783,1.0868,0.1053,0.5668,0.9130,0.4166,,,
48.6829,7,7,37.3669,86.0490,completed,81699.62,50177.47,1.7551,8.44,0.0000,0.2505,0.9325,1.4402,0.3921,0.5360,0.3424,,,
52.3510,6,6,27.3488,79.6999,completed,81699.07,50180.33,1.7553,8.44,0.0000,0.6001,1.0370,0.1513,0.3306,0.4216,,,,
26.4069,10,10,39.8197,66.2257,completed,81699.07,50180.33,1.7553,8.44,0.0000,0.0428,0.2246,0.6674,0.8232,0.5888,0.3133,0.1521,0.1748,0.1750
35.8721,9,9,38.9660,74.8381,completed,81698.66,50182.57,1.7546,8.43,0.0000,1.5912,2.6397,2.8293,4.8831,2.4004,1.4845,0.6769,0.2565,
31.3278,10,10,44.6286,75.9557,converged,81698.66,50182.57,1.7546,8.43,0.0000,0.2634,0.4400,0.6015,0.7485,1.0246,0.5106,0.2373,0.2581,0.0863
54.1903,6,6,23.1032,77.2932,completed,81698.21,50184.94,1.7548,8.42,0.0000,1.1139,2.8919,2.0707,0.5876,0.4543,,,,
42.6750,8,8,40.4741,83.1491,converged,81698.21,50184.94,1.7548,8.42,0.0000,0.2150,0.4326,1.2348,0.1419,0.5185,0.2006,0.0855,,
43.2812,8,3,10.5646,53.8456,converged,81697.73,50187.54,1.7548,8.42,0.0000,0.0371,0.0831,,,,,,,
47.0916,7,7,35.2177,82.3087,completed,81697.73,50187.54,1.7548,8.42,0.0000,0.1164,0.3908,0.5603,1.2283,1.2793,0.7086,,,
58.5627,5,5,22.3874,80.9495,completed,81697.32,50189.77,1.7542,8.42,0.0000,0.2088,0.1689,0.4184,0.2890,,,,,
50.0426,7,7,35.6256,85.6676,completed,81697.32,50189.77,1.7542,8.42,0.0000,0.1905,0.3807,0.1906,0.3716,0.5002,0.2614,,,
33.6005,10,3,11.5436,45.1436,converged,81696.87,50192.24,1.7547,8.42,0.0000,0.0754,0.0918,,,,,,,
27.0998,10,10,41.9410,69.0401,completed,81696.87,50192.24,1.7547,8.42,0.0000,0.1062,0.1626,0.7124,0.3823,0.2322,0.7956,0.3806,0.2433,0.1157
21.4895,10,10,36.3658,57.8549,completed,81696.52,50194.14,1.7546,8.41,0.0000,0.5834,1.4036,2.8750,0.1522,0.4826,0.9717,1.6633,0.9400,0.2609
29.9843,10,10,52.5825,82.5665,completed,81696.52,50194.14,1.7546,8.41,0.0000,0.2246,0.4035,0.6757,0.7221,1.1023,1.2509,1.0151,0.5397,0.2208
45.2441,8,8,35.7323,80.9764,completed,81696.06,50196.61,1.7555,8.41,0.0000,0.2371,1.0689,3.9291,2.1196,1.8044,0.9692,0.3585,,
27.2990,10,10,49.4228,76.7208,completed,81696.06,50196.61,1.7555,8.41,0.0000,0.2015,0.2632,0.4412,0.5415,0.1475,0.2409,0.2691,0.2103,0.1228
46.2667,7,7,29.9560,76.2220,completed,81695.62,50198.97,1.7549,8.41,0.0000,1.4542,2.5935,4.0530,2.1899,0.4053,0.1709,,,
53.4932,6,6,32.0603,85.5533,completed,81695.62,50198.97,1.7549,8.41,0.0000,0.2123,0.4686,0.3839,0.5563,0.3527,,,,
32.5845,10,10,41.1943,73.7784,completed,81695.14,50201.56,1.7546,8.41,0.0000,0.0488,0.1590,0.3123,0.2023,0.2059,0.4516,0.3673,0.2824,0.1898
35.5523,9,9,35.6234,71.1755,completed,81695.14,50201.56,1.7546,8.41,0.0000,0.0609,0.1062,0.4392,0.6717,0.4740,0.5025,0.3846,0.2525,
33.9935,10,3,16.6368,50.6298,converged,81694.72,50203.77,1.7535,8.40,0.0000,0.0197,0.0673,,,,,,,
43.4557,8,8,30.7095,74.1645,completed,81694.72,50203.77,1.7535,8.40,0.0000,0.0589,0.1777,0.6001,0.7735,0.4866,0.2509,0.1957,,
37.7309,9,3,9.7540,47.4841,converged,81694.32,50205.93,1.7548,8.40,0.0000,0.0402,0.0879,,,,,,,
47.1533,7,3,14.6373,61.7904,converged,81694.32,50205.93,1.7548,8.40,0.0000,0.0225,0.0622,,,,,,,
46.4893,7,7,36.0620,82.5510,completed,81693.95,50207.90,1.7550,8.40,0.0000,0.0893,0.8536,0.9964,0.1703,0.2663,0.2774,,,
23.5223,10,6,23.6508,47.1728,converged,81693.95,50207.90,1.7550,8.40,0.0000,0.8781,0.8036,0.4668,1.0167,0.0544,,,,
38.2500,9,8,30.4819,68.7309,converged,81693.59,50209.81,1.7553,8.40,0.0000,0.7830,0.7293,0.2383,1.5676,0.3065,0.1583,0.0440,,
43.1395,8,8,37.0690,80.2081,converged,81693.59,50209.81,1.7553,8.40,0.0000,2.8127,2.5752,1.2328,1.7309,0.1288,0.1470,0.0450,,
40.7194,8,8,35.4866,76.2057,completed,81693.18,50212.02,1.7556,8.40,0.0000,0.0424,0.7422,1.4204,2.5172,4.5473,1.7536,0.5703,,
59.6535,5,5,30.6886,90.3416,completed,81692.93,50213.34,1.7561,8.40,0.0000,0.8451,1.7084,2.0906,1.1998,,,,,
56.5329,6,6,28.0341,84.5661,completed,81692.93,50213.34,1.7561,8.40,0.0000,3.3239,5.3365,6.7511,1.5444,0.8118,,,,
40.6683,8,8,33.8468,74.5148,completed,81692.43,50215.98,1.7565,8.39,0.0000,0.6205,0.5926,0.8178,3.8810,0.7245,0.2232,0.1211,,
58.2640,5,5,26.0573,84.3203,completed,81692.43,50215.98,1.7565,8.39,0.0000,2.2501,2.6336,3.8485,1.1864,,,,,
59.4213,5,5,31.1506,90.5717,completed,81691.97,50218.45,1.7567,8.39,0.0000,1.4538,2.8419,3.3875,1.1763,,,,,
45.9825,8,3,9.5422,55.5242,converged,81691.97,50218.45,1.7567,8.39,0.0000,0.5840,0.0660,,,,,,,
38.7877,9,9,44.9387,83.7257,completed,81691.53,50220.76,1.7564,8.39,0.0000,0.7943,0.9928,0.6023,3.1906,1.6062,0.9339,0.5732,0.1356,
54.8594,6,6,24.4385,79.2976,completed,81691.53,50220.76,1.7564,8.39,0.0000,1.7588,1.6905,4.0812,0.9204,0.3823,,,,
42.3524,8,8,34.3398,76.6918,completed,81691.07,50223.23,1.7569,8.38,0.0000,0.7055,0.5722,0.1603,3.2438,0.7870,0.4891,0.1451,,
41.3431,8,8,30.1685,71.5115,completed,81691.07,50223.23,1.7569,8.38,0.0000,1.7549,2.0027,1.1302,2.2620,0.4936,0.5804,0.1559,,
43.3381,8,8,34.0126,77.3506,completed,81690.65,50225.44,1.7575,8.35,0.0000,1.0293,1.1383,0.6760,2.9475,1.1433,1.0280,0.3124,,
49.8365,7,7,29.7129,79.5490,completed,81690.65,50225.44,1.7575,8.35,0.0000,2.2582,2.0054,1.1080,1.4188,0.8547,0.3107,,,
27.7848,10,10,48.6268,76.4109,completed,81690.18,50227.90,1.7572,8.36,0.0000,0.8174,1.0778,0.9286,1.2707,2.1361,0.9690,0.7522,0.5181,0.1659
28.1560,10,10,52.7722,80.9273,completed,81690.18,50227.90,1.7572,8.36,0.0000,1.0380,1.4645,1.2836,2.0684,2.6563,0.9009,0.8543,0.4644,0.1144
59.3702,5,5,22.3916,81.7617,completed,81689.74,50230.24,1.7568,8.36,0.0000,1.5754,1.9012,2.8081,1.0403,,,,,
36.1344,9,9,54.2814,90.4155,converged,81689.74,50230.24,1.7568,8.36,0.0000,0.7941,1.0721,1.1426,3.1098,1.6156,0.1066,0.3928,0.0761,
29.0717,10,10,41.2353,70.3063,completed,81689.26,50232.82,1.7568,8.37,0.0000,0.5213,0.4866,0.3402,0.2741,0.7305,1.0464,0.7750,0.3459,0.1156
57.6799,6,6,26.3894,84.0684,completed,81689.26,50232.82,1.7568,8.37,0.0000,1.2056,1.4944,3.7807,0.7505,0.5824,,,,
58.7013,5,5,19.4236,78.1246,completed,81688.84,50235.03,1.7567,8.37,0.0000,1.4054,1.9348,2.1905,0.5256,,,,,
52.6507,6,6,26.3555,79.0055,completed,81688.84,50235.03,1.7567,8.37,0.0000,1.6523,2.1975,4.3985,0.8348,0.3232,,,,
31.6546,10,10,36.0114,67.6654,completed,81688.37,50237.50,1.7564,8.38,0.0000,0.6955,0.8314,0.6558,0.7097,0.5266,0.8660,0.9845,0.4026,0.1626
43.7839,8,8,32.5479,76.3310,completed,81688.37,50237.50,1.7564,8.38,0.0000,1.9250,1.5265,3.8825,10.3358,2.1361,0.6912,0.3091,,
42.9988,8,8,44.6536,87.6516,completed,81687.94,50239.79,1.7561,8.38,0.0000,0.6476,0.4683,0.2484,0.6605,0.2000,0.9144,0.5793,,
46.0649,7,7,33.3815,79.4455,completed,81687.94,50239.79,1.7561,8.38,0.0000,4.4159,6.6471,3.2146,10.1756,4.1481,1.6150,,,
33.3221,10,10,42.2125,75.5345,completed,81687.44,50242.42,1.7553,8.38,0.0000,0.4508,0.4236,0.4329,0.5275,0.3063,0.1874,0.8066,0.6088,0.4147
51.0664,7,7,30.7280,81.7940,completed,81687.44,50242.42,1.7553,8.38,0.0000,0.7227,0.8074,0.8814,1.1277,0.3731,0.2239,,,
44.3697,8,8,30.0151,74.3842,completed,81686.98,50244.88,1.7540,8.38,0.0000,0.1732,0.4451,2.2642,0.6510,1.6416,1.4095,0.8695,,
37.7716,9,9,32.8198,70.5908,completed,81686.98,50244.88,1.7540,8.38,0.0000,0.6042,0.7091,0.5736,0.8192,0.5887,0.3092,0.1392,0.1381,
29.3438,10,8,30.7272,60.0703,converged,81686.55,50247.19,1.7529,8.38,0.0000,0.3660,0.3943,0.3105,0.1555,0.3045,0.4314,0.0876,,
55.4182,6,6,22.4201,77.8381,completed,81686.55,50247.19,1.7529,8.38,0.0000,0.6166,0.5742,1.1021,0.4685,0.5204,,,,
32.3198,10,10,38.7519,71.0709,completed,81686.17,50249.25,1.7515,8.37,0.0000,0.2901,0.2521,0.1018,0.2183,0.3734,0.3714,0.2226,0.3747,0.3744
53.8459,6,6,26.1202,79.9653,completed,81686.17,50249.25,1.7515,8.37,0.0000,0.5409,0.8710,0.8807,0.9709,0.6048,,,,
56.4790,6,6,24.5330,81.0111,completed,81685.69,50251.89,1.7515,8.37,0.0000,4.4792,17.6520,3.5118,1.9070,1.2370,,,,
54.5309,6,6,31.6236,86.1536,completed,81685.69,50251.89,1.7515,8.37,0.0000,0.3757,0.6713,0.6519,0.4837,0.5234,,,,
22.7076,10,10,50.6668,73.3739,completed,81685.29,50254.09,1.7505,8.37,0.0000,3.4459,10.3999,19.9084,5.4120,1.5969,1.7352,1.3046,0.7419,0.4560
24.5831,10,10,56.9269,81.5100,completed,81685.29,50254.09,1.7505,8.37,0.0000,0.1651,0.3537,0.5761,0.2513,0.1659,0.2342,0.4586,0.5666,0.3797
24.6495,10,10,48.0450,72.6940,completed,81684.82,50256.66,1.7498,8.37,0.0000,11.5596,23.9418,30.4185,19.7929,4.2665,1.4919,0.8016,0.4748,0.3853
29.5722,10,10,45.8495,75.4215,completed,81684.82,50256.66,1.7498,8.37,0.0000,0.1411,0.2659,0.5771,0.3186,0.3393,0.5801,0.2156,0.4122,0.4154
37.9858,9,9,38.6965,76.6816,completed,81684.42,50258.88,1.7481,8.36,0.0000,1.5271,2.5664,4.1736,5.2928,0.8535,0.3846,0.6092,0.4644,
42.0084,8,8,43.3743,85.3823,completed,81684.42,50258.88,1.7481,8.36,0.0000,0.3174,0.8960,0.7751,0.5040,0.4847,0.2185,0.3823,,
45.1819,8,8,35.5013,80.6823,completed,81683.93,50261.47,1.7733,8.29,0.0000,2.6157,2.3040,11.1397,10.4479,0.8138,0.2324,0.4059,,
51.5437,7,7,32.3980,83.9411,completed,81683.93,50261.47,1.7733,8.29,0.0000,0.0908,0.9123,0.3232,0.2725,0.2071,0.5037,,,
55.3245,6,6,24.1249,79.4489,completed,81683.42,50263.76,1.8053,8.30,0.0000,11.9280,12.5952,3.4022,1.4169,0.3520,,,,
58.9491,5,5,27.5320,86.4811,completed,81683.42,50263.76,1.8053,8.30,0.0000,0.3445,1.0025,0.6731,0.8261,,,,,
42.1760,8,8,32.4370,74.6131,completed,81682.79,50266.44,1.7953,8.31,0.0000,0.7861,0.6822,9.0524,4.1661,0.3217,0.2404,0.2807,,
48.3366,7,7,34.0873,82.4233,completed,81682.79,50266.44,1.7953,8.31,0.0000,17.2335,30.9185,11.4683,6.6181,2.1607,0.5972,,,
23.3495,10,10,43.2941,66.6432,completed,81682.26,50268.90,1.7759,8.32,0.0000,0.1311,0.1570,0.9536,4.6873,2.5613,0.4415,0.1783,0.4279,0.4295
25.6552,10,10,43.6893,69.3443,completed,81682.26,50268.90,1.7759,8.32,0.0000,2.6310,1.5562,3.2040,6.3521,2.7887,2.0082,0.8943,0.5119,0.4804
54.3978,6,6,24.8746,79.2716,completed,81681.85,50270.92,1.7667,8.32,0.0000,0.7611,2.2678,6.7254,1.6320,0.4640,,,,
51.8214,7,7,35.5656,87.3866,completed,81681.85,50270.92,1.7667,8.32,0.0000,1.7912,3.5358,2.6157,3.9480,1.3009,0.6665,,,
58.3419,5,5,23.1224,81.4634,completed,81681.34,50273.53,1.7592,8.33,0.0000,1.7756,8.7952,6.1080,1.8109,,,,,
39.9115,9,9,34.0507,73.9617,completed,81681.34,50273.53,1.7592,8.33,0.0000,2.0748,8.2306,20.4719,21.4335,2.1181,0.9264,0.6833,0.5726,
49.5974,7,7,27.7811,77.3781,completed,81680.90,50275.82,1.7540,8.32,0.0000,0.9369,0.3079,5.9798,1.9807,0.6352,0.1960,,,
27.2226,10,10,35.2499,62.4719,completed,81680.90,50275.82,1.7540,8.32,0.0000,0.5446,1.0754,1.1160,2.3613,3.3409,0.6731,0.4248,0.1642,0.2643
37.0644,9,9,46.4753,83.5394,completed,81680.46,50278.26,1.7472,8.19,0.0000,0.2209,0.2047,2.2368,9.6539,4.6491,0.3912,0.2781,0.4152,
57.6276,6,6,31.0766,88.7037,completed,81680.46,50278.26,1.7472,8.19,0.0000,1.5393,3.6953,5.4268,1.6982,0.4566,,,,
24.0709,10,10,44.5408,68.6108,completed,81680.01,50280.79,1.7397,7.90,0.0000,0.6929,1.2402,0.2309,4.5154,2.5298,0.3485,0.5571,0.3639,0.3894
50.4244,7,7,30.7283,81.1523,completed,81680.01,50280.79,1.7397,7.90,0.0000,4.0008,4.2546,9.2021,3.0227,1.1008,0.5311,,,
49.5499,7,7,32.4119,81.9610,completed,81679.65,50282.92,1.7334,7.54,0.0000,0.3174,1.0372,8.8985,6.0348,1.3811,0.2651,,,
38.7514,9,9,37.0776,75.8286,completed,81679.65,50282.92,1.7334,7.54,0.0000,1.4482,0.6616,1.3116,7.2510,1.5099,0.4447,0.1410,0.1728,
23.1303,10,10,54.4221,77.5522,completed,81679.30,50285.07,1.7268,7.01,0.0000,1.8656,2.1449,2.0111,1.1837,6.1540,1.5067,0.3187,0.2276,0.1508
47.1861,7,7,39.0618,86.2478,completed,81679.30,50285.07,1.7268,7.01,0.0000,4.6166,5.2466,11.4747,3.8158,1.5298,0.6603,,,
22.0952,10,10,44.1419,66.2369,completed,81679.01,50286.91,1.7207,6.37,0.0000,1.5161,2.1725,1.7207,6.0086,4.8867,1.0395,0.7353,0.4233,0.3505
22.0036,10,10,50.1343,72.1373,completed,81679.01,50286.91,1.7207,6.37,0.0000,4.1874,5.4384,5.4432,6.7383,5.5543,1.3610,0.7683,0.3187,0.2999
57.4772,6,6,24.7162,82.1932,completed,81678.78,50288.43,1.7155,5.78,0.0000,4.5590,7.6497,10.7611,3.8574,1.5873,,,,
36.8600,9,9,50.3278,87.1879,completed,81678.78,50288.43,1.7155,5.78,0.0000,2.4138,2.3602,1.0802,4.7410,2.6823,0.5389,0.3306,0.2968,
39.9873,9,9,37.4213,77.4084,completed,81678.54,50290.08,1.7096,4.95,0.0000,2.2984,1.8879,2.6269,6.6848,4.2863,0.7969,0.2071,0.3072,
54.1135,6,6,27.6584,81.7715,completed,81678.54,50290.08,1.7096,4.95,0.0000,2.9363,1.4862,5.2208,1.1252,0.5396,,,,
33.6030,10,10,40.9652,74.5682,completed,81678.37,50291.26,1.7047,2.52,0.0000,2.6416,4.5728,7.4572,9.5947,10.2182,2.1260,1.3675,0.2408,0.2873
25.1944,10,10,42.6123,67.8063,completed,81678.37,50291.26,1.7047,2.52,0.0000,0.4552,0.8695,1.4613,3.3400,1.6237,0.7094,0.5050,0.4141,0.3286
26.5458,10,10,43.7337,70.2787,completed,81678.37,50291.30,1.7032,0.00,0.0000,0.1596,0.2702,0.8875,1.9178,3.4021,0.9786,0.4607,0.3804,0.2609
28.6703,10,10,53.2540,81.9241,completed,81678.37,50291.30,1.7032,0.00,0.0000,0.1719,0.3347,0.8126,1.4582,2.4836,1.2786,0.3953,0.2747,0.1698
21.5973,10,10,41.9802,63.5772,completed,81678.37,50291.29,1.7032,0.00,0.0000,0.7444,1.3002,2.5258,3.8303,5.3524,4.8198,2.1911,0.3598,0.2662
39.2252,9,9,36.9378,76.1628,completed,81678.37,50291.29,1.7032,0.00,0.0000,0.2068,0.9122,3.3507,5.9911,5.0255,2.2853,0.2683,0.1915,
38.6811,9,9,37.6996,76.3807,completed,81678.37,50291.28,1.7031,0.00,0.0000,0.9438,1.9983,5.5149,10.9490,8.0154,2.9421,0.6309,0.3191,
39.4907,9,9,35.0563,74.5463,completed,81678.37,50291.28,1.7031,0.00,0.0000,0.1542,0.6957,3.2367,4.3722,3.1439,1.4553,0.1557,0.2961,
49.6883,7,7,37.1336,86.8217,completed,81678.37,50291.25,1.7026,-0.20,0.0000,0.6309,0.4698,3.4954,2.4509,0.8042,0.2463,,,
59.2366,5,5,28.6387,87.8747,completed,81678.37,50291.25,1.7026,-0.20,0.0000,0.5458,14.6193,8.6141,3.1146,,,,,
48.4230,7,7,37.1222,85.5442,completed,81678.38,50291.21,1.7009,0.00,0.0000,2.0274,0.2815,12.6419,4.2326,1.8196,0.4593,,,
20.6562,10,10,42.7728,63.4289,completed,81678.38,50291.21,1.7009,0.00,0.0000,0.1222,0.7214,0.7277,1.0816,1.9706,1.4658,0.6590,0.2344,0.1077
44.5860,8,8,34.7431,79.3282,completed,81678.37,50291.23,1.7016,0.15,0.0000,0.2566,1.1993,1.0434,2.0159,0.9693,0.3362,0.1150,,
38.5745,9,9,38.6501,77.2241,converged,81678.37,50291.23,1.7016,0.15,0.0000,0.3165,0.7558,0.6793,2.0189,1.7662,1.5124,0.2962,0.0711,
29.1140,10,10,35.5974,64.7104,completed,81678.37,50291.27,1.7022,0.15,0.0000,0.0887,0.7367,1.0106,1.2535,1.3014,1.3178,0.3854,0.3424,0.1816
57.8147,6,6,31.7591,89.5731,completed,81678.37,50291.27,1.7022,0.15,0.0000,0.2617,0.8205,1.3781,0.9250,0.2828,,,,
49.2220,7,7,38.1705,87.3916,completed,81678.36,50291.29,1.7024,0.00,0.0000,0.4813,0.5329,2.5925,1.9846,0.8627,0.2335,,,
42.5364,8,8,53.8325,96.3685,completed,81678.36,50291.29,1.7024,0.00,0.0000,0.2852,0.2954,3.1378,1.1880,1.4301,0.3616,0.2323,,
43.3884,8,8,45.0636,88.4516,completed,81678.36,50291.29,1.7024,0.00,0.0000,0.3447,0.2438,3.5660,2.0501,3.3866,1.7704,0.4076,,
42.1606,8,8,37.8030,79.9630,completed,81678.36,50291.29,1.7024,0.00,0.0000,0.0713,0.3097,1.9548,0.2515,0.3056,1.4757,0.6359,,
20.8698,10,10,43.0476,63.9166,completed,81678.36,50291.28,1.7023,0.00,0.0000,0.1511,0.1546,0.2073,2.7356,0.2639,0.3547,0.4846,0.6879,0.3515
59.8514,5,5,31.9243,91.7753,completed,81678.36,50291.28,1.7023,0.00,0.0000,0.1046,5.0266,4.0519,1.8082,,,,,
57.3407,6,6,32.0472,89.3872,completed,81678.36,50291.29,1.7029,0.00,0.0000,0.1258,1.6173,3.1382,2.4421,0.5147,,,,
46.4971,7,7,28.3906,74.8876,completed,81678.36,50291.29,1.7029,0.00,0.0000,0.0970,1.5934,6.9940,7.5488,4.0586,1.5866,,,
58.2793,5,5,20.9484,79.2274,completed,81678.35,50291.32,1.7038,0.12,0.0000,0.4853,2.2143,0.6947,0.3789,,,,,
50.8127,7,7,27.2605,78.0725,completed,81678.35,50291.32,1.7038,0.12,0.0000,0.1900,0.6393,5.6646,5.0410,2.2595,0.5248,,,
35.7522,9,9,33.7746,69.5266,completed,81678.35,50291.36,1.7048,0.17,0.0000,0.4367,0.4640,0.8889,3.9365,0.5869,0.7647,0.4277,0.2771,
24.0509,10,10,53.2109,77.2609,completed,81678.35,50291.36,1.7048,0.17,0.0000,0.3577,0.4272,0.2688,2.2361,2.2948,0.6859,0.4722,0.5953,0.2916
57.9706,6,6,22.7970,80.7670,completed,81678.34,50291.41,1.7059,0.23,0.0000,0.0878,2.2642,5.3627,3.0170,0.6956,,,,
39.0135,9,9,43.9325,82.9455,completed,81678.34,50291.41,1.7059,0.23,0.0000,0.0733,0.4778,3.3302,7.7546,11.8625,5.3595,1.0031,0.1780,
27.6101,10,10,44.2735,71.8835,completed,81678.32,50291.49,1.7075,0.32,0.0000,0.1317,0.3718,0.9949,1.9385,4.8336,5.2231,0.8617,0.2451,0.1904
37.5370,9,9,40.0661,77.6031,completed,81678.32,50291.49,1.7075,0.32,0.0000,0.0843,0.3108,1.3025,2.6703,5.8220,1.1841,0.1334,0.2199,
39.7366,9,9,34.0688,73.8049,completed,81678.31,50291.60,1.7096,0.43,0.0000,0.1072,0.5439,1.6153,3.3806,8.6334,0.6060,0.1065,0.2371,
25.3999,10,10,36.8873,62.2863,converged,81678.31,50291.60,1.7096,0.43,0.0000,0.1359,0.3819,1.3914,3.7508,12.8350,4.7442,0.6789,0.2310,0.0613
24.4744,10,3,11.4034,35.8774,converged,81678.29,50291.73,1.7124,0.53,0.0000,0.1131,0.0339,,,,,,,
53.3262,6,6,24.1848,77.5108,completed,81678.29,50291.73,1.7124,0.53,0.0000,0.2853,0.1412,0.4315,0.6325,0.5224,,,,
32.7286,10,10,38.4924,71.2205,completed,81678.27,50291.88,1.7152,0.64,0.0000,0.0643,0.2587,1.4174,5.0821,13.9454,3.8860,1.0263,0.3695,0.2005
59.0826,5,5,23.4137,82.4958,completed,81678.27,50291.88,1.7152,0.64,0.0000,0.4243,1.1761,3.0160,0.9082,,,,,
57.1807,6,6,23.1508,80.3308,completed,81678.24,50292.07,1.7190,0.82,0.0000,0.0614,0.6718,0.8570,2.3631,0.4677,,,,
57.6316,6,6,25.3213,82.9524,completed,81678.24,50292.07,1.7190,0.82,0.0000,0.6926,5.0627,19.7804,8.0680,3.3199,,,,
59.2973,5,5,26.4458,85.7428,completed,81678.19,50292.36,1.7229,1.13,0.0000,0.2195,2.4340,7.8632,2.5036,,,,,
25.0912,10,3,11.8212,36.9123,converged,81678.19,50292.36,1.7229,1.13,0.0000,0.1756,0.0518,,,,,,,
50.8292,7,7,43.6940,94.5231,completed,81678.13,50292.74,1.7274,1.42,0.0000,0.0731,0.1990,1.5092,5.3449,1.8770,0.4210,,,
28.9409,10,10,49.9419,78.8820,completed,81678.13,50292.74,1.7274,1.42,0.0000,0.0678,0.2435,1.7178,8.3296,17.0720,5.7643,1.3118,0.4046,0.1417
53.4141,6,6,29.6706,83.0846,completed,81678.05,50293.21,1.7316,1.72,0.0000,0.4363,1.9786,17.2732,6.1882,2.4841,,,,
53.9838,6,6,34.7815,88.7645,completed,81678.05,50293.21,1.7316,1.72,0.0000,0.2772,0.7499,2.7598,3.3521,0.9303,,,,
48.0094,7,7,37.3555,85.3646,completed,81677.96,50293.77,1.7356,1.98,0.0000,0.5580,0.1255,1.2515,5.0596,2.4372,0.7733,,,
29.9932,10,4,15.4353,45.4283,converged,81677.96,50293.77,1.7356,1.98,0.0000,0.5851,0.4323,0.0279,,,,,,
53.1931,6,6,31.0221,84.2152,completed,81677.86,50294.35,1.7359,2.23,0.0000,1.1593,0.3017,2.6666,3.2601,1.3203,,,,
58.8710,5,5,21.7913,80.6623,completed,81677.86,50294.35,1.7359,2.23,0.0000,0.4461,3.3216,8.5055,3.4564,,,,,
44.6725,8,8,35.1024,79.7744,completed,81677.73,50295.09,1.7415,2.65,0.0000,0.2455,0.5165,6.7387,25.2953,7.1173,2.8533,0.8430,,
38.4163,9,9,34.4528,72.8689,completed,81677.73,50295.09,1.7415,2.65,0.0000,0.5695,0.2686,0.3465,1.8158,4.4524,1.8926,0.3447,0.2352,
56.1455,6,6,25.6698,81.8148,completed,81677.58,50295.94,1.7458,3.04,0.0000,0.6088,0.6648,0.4790,0.8090,0.3485,,,,
37.6725,9,9,36.2283,73.9004,completed,81677.58,50295.94,1.7458,3.04,0.0000,0.2485,0.1763,0.1461,0.4449,0.5509,0.1869,0.2964,0.4018,
34.8044,9,9,41.9033,76.7073,completed,81677.41,50296.84,1.7474,3.43,0.0000,0.1447,0.1682,0.1801,0.7156,1.5738,1.5792,0.7666,0.4552,
48.3368,7,7,33.3488,81.6849,completed,81677.41,50296.84,1.7474,3.43,0.0000,0.1880,0.1707,0.4594,0.9485,0.4162,0.5380,,,
48.3305,7,7,40.8877,89.2178,completed,81677.22,50297.93,1.7505,3.91,0.0000,0.0708,0.1681,0.7834,3.0139,1.4270,0.7523,,,
46.6191,7,7,32.6475,79.2666,completed,81677.22,50297.93,1.7505,3.91,0.0000,0.1904,0.2742,0.4974,0.8546,0.4709,0.3775,,,
37.1062,9,9,42.5249,79.6309,completed,81676.99,50299.13,1.7524,4.42,0.0000,0.0931,0.1599,0.1186,0.7241,0.9781,0.5803,0.3042,0.2252,
36.6819,9,3,13.4930,50.1740,converged,81676.99,50299.13,1.7524,4.42,0.0000,0.0412,0.0894,,,,,,,
47.3260,7,7,34.5791,81.9051,completed,81676.75,50300.43,1.7536,4.95,0.0000,0.0608,0.1847,0.2660,0.8349,0.8440,0.4719,,,
37.4394,9,9,43.3062,80.7452,completed,81676.75,50300.43,1.7536,4.95,0.0000,0.1038,0.1477,0.1038,0.5389,0.7119,0.4527,0.2308,0.2290,
58.0538,5,5,24.0356,82.0886,completed,81676.46,50301.97,1.7547,5.50,0.0000,0.1857,0.2084,0.2334,0.5362,,,,,
59.8125,5,5,19.7649,79.5769,completed,81676.46,50301.97,1.7547,5.50,0.0000,0.1603,0.2414,0.1967,0.3528,,,,,
50.3009,7,3,9.9114,60.2114,converged,81676.17,50303.51,1.7557,6.01,0.0000,0.0196,0.0526,,,,,,,
36.8698,9,9,38.3677,75.2368,completed,81676.02,50304.29,1.7561,6.26,0.0000,0.0972,0.1451,0.3757,3.9342,6.2819,2.3548,0.5984,0.2350,
49.9544,7,7,36.5224,86.4781,completed,81676.02,50304.29,1.7561,6.26,0.0000,0.0995,0.1063,0.3046,0.3967,0.5732,0.1483,,,
55.2254,6,6,28.3456,83.5706,completed,81675.65,50306.26,1.7562,6.90,0.0000,0.1112,0.1982,0.5114,0.5485,0.5229,,,,
59.7057,5,5,22.1580,81.8630,completed,81675.65,50306.26,1.7562,6.90,0.0000,0.5243,2.5315,5.0650,2.0921,,,,,
30.8786,10,3,10.7215,41.5995,converged,81675.27,50308.34,1.7561,7.29,0.0000,0.0424,0.0363,,,,,,,
30.9076,10,3,12.5683,43.4753,converged,81675.27,50308.34,1.7561,7.29,0.0000,0.0649,0.0934,,,,,,,
40.1673,8,8,40.3824,80.5494,completed,81674.92,50310.18,1.7558,7.54,0.0000,0.0660,0.1655,0.2032,0.2709,0.3700,0.6301,0.4526,,
30.0954,10,3,11.5452,41.6403,converged,81674.92,50310.18,1.7558,7.54,0.0000,0.0290,0.0547,,,,,,,
50.8465,7,3,10.7836,61.6296,converged,81674.59,50311.98,1.7550,7.81,0.0000,0.0601,0.0748,,,,,,,
38.6974,9,9,40.7279,79.4249,completed,81674.59,50311.98,1.7550,7.81,0.0000,0.0735,0.1343,0.4014,0.1700,0.1697,0.2774,0.1631,0.3294,
36.1864,9,3,12.5428,48.7289,converged,81674.18,50314.20,1.7545,8.12,0.0000,0.0498,0.0735,,,,,,,
55.7000,6,4,18.1042,73.8043,converged,81674.18,50314.20,1.7545,8.12,0.0000,0.0907,0.3513,0.0940,,,,,,
35.6661,9,3,11.1490,46.8150,converged,81673.78,50316.32,1.7544,8.34,0.0000,0.0877,0.0954,,,,,,,
55.2038,6,3,15.5975,70.8006,converged,81673.78,50316.32,1.7544,8.34,0.0000,0.3002,0.0749,,,,,,,
58.4625,5,5,28.7197,87.1818,completed,81673.42,50318.31,1.7540,8.47,0.0000,0.5621,0.9793,0.5784,0.6422,,,,,
36.9310,9,3,16.4942,53.4242,converged,81673.42,50318.31,1.7540,8.47,0.0000,0.0797,0.0627,,,,,,,
44.2287,8,8,34.7706,78.9986,completed,81672.95,50320.83,1.7537,8.58,0.0000,0.7342,2.6505,0.5903,2.0250,0.6720,1.1203,0.5386,,
20.4590,10,10,38.6676,59.1267,completed,81672.95,50320.83,1.7537,8.58,0.0000,0.1196,0.1335,0.6242,0.9746,0.2818,0.1124,0.3281,0.3762,0.3332
58.8538,5,5,26.4588,85.3119,completed,81672.51,50323.21,1.7531,8.63,0.0000,0.3213,1.8440,0.5315,0.2066,,,,,
33.0447,10,10,41.7622,74.8062,completed,81672.51,50323.21,1.7531,8.63,0.0000,0.2989,0.7559,0.2501,1.4318,0.6565,0.4701,0.9221,0.5734,0.2877
51.8847,7,7,34.4829,86.3669,completed,81672.09,50325.52,1.7524,8.65,0.0000,0.1825,0.2230,1.6163,0.5391,0.3687,0.2690,,,
41.0227,8,8,28.8599,69.8820,completed,81672.09,50325.52,1.7524,8.65,0.0000,0.3109,0.4803,1.6583,0.7834,0.6405,0.5259,0.3902,,
46.5533,7,7,37.7109,84.2640,completed,81671.65,50327.90,1.7517,8.66,0.0000,0.2962,0.1951,2.3403,0.5504,0.4992,0.3049,,,
44.1880,8,8,34.3924,78.5794,completed,81671.65,50327.90,1.7517,8.66,0.0000,0.5472,0.5670,2.3227,1.2776,0.4698,0.4852,0.3181,,
53.8510,6,6,36.1989,90.0499,completed,81671.14,50330.71,1.7506,8.65,0.0000,0.2414,0.3835,0.3657,0.2719,0.3106,,,,
55.2301,6,6,28.8621,84.0922,completed,81671.14,50330.71,1.7506,8.65,0.0000,0.2188,0.4008,1.0933,0.1837,0.4729,,,,
54.3604,6,6,23.3556,77.7156,completed,81670.65,50333.44,1.7499,8.63,0.0000,0.2607,0.2781,0.6928,0.2658,0.4212,,,,
31.4258,10,10,37.4903,68.9153,completed,81670.65,50333.44,1.7499,8.63,0.0000,0.4800,1.6126,4.8372,5.3654,7.0252,2.9689,1.4125,0.4561,0.1208
40.1640,8,8,32.1072,72.2703,converged,81670.22,50335.82,1.7493,8.62,0.0000,0.0956,0.1442,1.0808,0.3255,0.5096,0.3572,0.0847,,
26.8047,10,4,18.3120,45.1161,converged,81670.22,50335.82,1.7493,8.62,0.0000,0.1112,0.2120,0.0422,,,,,,
30.8451,10,4,22.3206,53.1657,converged,81669.85,50337.85,1.7491,8.61,0.0000,0.0797,0.1572,0.0445,,,,,,
41.9370,8,8,34.7160,76.6521,completed,81669.85,50337.85,1.7491,8.61,0.0000,0.1962,0.2201,0.1481,1.1025,1.5268,0.9705,0.4732,,
40.4169,8,8,30.5301,70.9461,completed,81669.43,50340.22,1.7488,8.59,0.0000,0.4318,1.7176,3.4097,7.9320,4.3924,1.8464,0.4957,,
44.0325,8,3,10.1517,54.1837,converged,81669.20,50341.49,1.7486,8.58,0.0000,0.0721,0.0953,,,,,,,
31.6291,10,10,41.2606,72.8897,completed,81669.20,50341.49,1.7486,8.58,0.0000,0.0718,0.1914,0.1344,0.3948,0.4792,0.7900,0.8591,0.3982,0.3472
31.8375,10,10,45.1283,76.9653,completed,81668.78,50343.77,1.7485,8.57,0.0000,0.1047,0.1741,0.3160,0.4021,0.3748,0.4561,0.3065,0.2608,0.2495
55.9980,6,6,29.8785,85.8766,completed,81668.78,50343.77,1.7485,8.57,0.0000,0.1482,0.3345,0.5273,0.5602,0.3668,,,,
33.0639,10,10,44.4106,77.4736,completed,81668.36,50346.13,1.7485,8.56,0.0000,0.3120,0.4014,0.3989,0.4225,1.2426,1.0893,0.3381,0.2793,0.3648
39.4177,9,9,38.4061,77.8231,completed,81668.36,50346.13,1.7485,8.56,0.0000,0.1977,0.2584,0.3355,0.3536,0.5185,0.4006,0.3671,0.4149,
50.2067,7,7,29.5318,79.7378,completed,81667.87,50348.82,1.7484,8.55,0.0000,0.3078,0.3967,0.1293,0.4854,0.5646,0.4669,,,
25.1417,10,3,12.1016,37.2426,converged,81667.87,50348.82,1.7484,8.55,0.0000,0.0663,0.0801,,,,,,,
50.9876,7,7,29.8165,80.8036,completed,81667.54,50350.66,1.7482,8.55,0.0000,0.0636,0.2414,1.4607,2.4314,1.6802,0.8337,,,
23.6232,10,10,44.1293,67.7523,completed,81667.54,50350.66,1.7482,8.55,0.0000,0.0367,0.1144,0.8602,2.7071,5.9792,3.5286,1.7513,0.7248,0.2519
26.5384,10,10,54.7532,81.2913,completed,81667.12,50353.03,1.7481,8.54,0.0000,0.2825,0.3448,0.3382,0.1402,0.3838,0.4061,0.3600,0.3342,0.4155
33.4890,10,10,42.2038,75.6918,completed,81667.12,50353.03,1.7481,8.54,0.0000,0.2822,0.3745,0.3026,0.2703,1.2612,1.6314,1.1955,0.4812,0.5080
35.4559,9,9,34.7087,70.1637,completed,81666.67,50355.55,1.7484,8.53,0.0000,0.3020,0.3773,0.1678,0.8017,0.7662,1.0758,0.7058,0.6109,
49.3456,7,7,36.7627,86.1077,completed,81666.67,50355.55,1.7484,8.53,0.0000,0.3448,0.4412,0.6734,1.1124,0.5159,0.2697,,,
54.3251,6,6,37.8076,92.1327,completed,81666.21,50358.07,1.7483,8.52,0.0000,0.3389,0.1604,1.1490,1.4282,0.8883,,,,
24.9125,10,10,44.4021,69.3141,completed,81666.21,50358.07,1.7483,8.52,0.0000,0.1799,0.2106,0.1957,0.1259,0.6038,0.9079,0.7593,0.3451,0.3434
36.5243,9,4,15.1086,51.6326,converged,81665.76,50360.60,1.7484,8.52,0.0000,0.1713,0.1678,0.0605,,,,,,
54.4623,6,6,26.7400,81.2020,completed,81665.76,50360.60,1.7484,8.52,0.0000,0.5260,0.6367,0.4570,0.7795,0.3870,,,,
21.2418,10,4,12.8964,34.1374,converged,81665.37,50362.77,1.7481,8.51,0.0000,0.2076,0.2174,0.0829,,,,,,
34.0573,9,4,15.9471,50.0041,converged,81665.37,50362.77,1.7481,8.51,0.0000,0.2377,0.2004,0.0862,,,,,,
50.4190,7,7,39.6901,90.1092,completed,81665.04,50364.61,1.7483,8.51,0.0000,0.3162,0.1620,0.5408,1.2828,1.0178,0.7147,,,
52.4829,6,6,39.1720,91.6541,completed,81665.04,50364.61,1.7483,8.51,0.0000,0.4951,0.4007,0.6506,1.0256,0.7808,,,,
27.1498,10,10,48.7513,75.9004,completed,81664.51,50367.54,1.7487,8.50,0.0000,0.2783,0.3583,0.3948,0.3030,0.5675,1.1120,0.5179,0.2456,0.3953
50.2199,7,7,34.0786,84.2976,completed,81664.51,50367.54,1.7487,8.50,0.0000,0.2410,0.2276,0.1840,0.2131,0.7048,0.4616,,,
23.8138,10,10,51.5294,75.3424,completed,81664.06,50370.05,1.7494,8.48,0.0000,0.2150,0.2295,0.2046,0.2363,0.5904,1.1002,0.9233,0.4011,0.3600
32.3251,10,10,53.8543,86.1794,completed,81664.06,50370.05,1.7494,8.48,0.0000,0.2370,0.2893,0.3265,0.5441,0.6910,0.8122,0.4817,0.2366,0.3686
32.6691,10,10,62.3352,95.0042,completed,81663.57,50372.75,1.7496,8.48,0.0000,0.1335,0.1503,0.1903,0.3846,0.7514,0.6751,0.3218,0.2895,0.3248
37.2847,9,9,50.7764,88.0605,completed,81663.57,50372.75,1.7496,8.48,0.0000,0.1891,0.1845,0.1986,0.4416,0.8641,0.2690,0.1977,0.3949,
25.1586,10,10,38.4788,63.6369,completed,81663.05,50375.64,1.7498,8.48,0.0000,0.0157,0.1807,0.7439,1.0191,0.9247,1.5095,1.4833,0.5723,0.5732
51.7211,7,7,30.4025,82.1235,completed,81663.05,50375.64,1.7498,8.48,0.0000,0.2358,0.2788,0.8913,0.9922,0.6100,0.1724,,,
56.5068,6,6,37.0069,93.5129,completed,81662.59,50378.14,1.7502,8.48,0.0000,0.0774,0.1132,0.7129,0.9445,0.4288,,,,
48.1443,7,7,44.8504,92.9944,completed,81662.59,50378.14,1.7502,8.48,0.0000,0.1696,0.2925,0.5806,0.8166,0.9475,0.5618,,,
47.3711,7,3,11.7420,59.1130,converged,81662.14,50380.65,1.7506,8.47,0.0000,0.1071,0.0912,,,,,,,
23.1301,10,3,11.8459,34.9759,converged,81662.14,50380.65,1.7506,8.47,0.0000,0.1070,0.0925,,,,,,,
43.9014,8,3,13.4693,59.3697,converged,81661.72,50382.99,1.7502,8.47,0.0000,0.0499,0.0656,,,,,,,
47.2849,7,7,27.6626,74.9466,completed,81661.72,50382.99,1.7502,8.47,0.0000,0.1744,0.1628,0.4273,1.2047,0.4559,0.1033,,,
55.4666,6,6,34.5111,89.9773,completed,81661.26,50385.49,1.7506,8.47,0.0000,0.1508,0.4572,0.7858,0.4937,0.2557,,,,
29.2900,10,3,18.7154,48.0054,converged,81661.26,50385.49,1.7506,8.47,0.0000,0.1034,0.0881,,,,,,,
27.6147,10,3,13.1225,40.7365,converged,81660.85,50387.74,1.7513,8.46,0.0000,0.0702,0.0889,,,,,,,
33.6346,10,3,11.5339,45.1679,converged,81660.85,50387.74,1.7513,8.46,0.0000,0.0924,0.0761,,,,,,,
47.7487,7,7,33.3354,81.0835,completed,81660.47,50389.81,1.7515,8.46,0.0000,0.0274,0.5784,0.1277,0.7618,1.0873,0.4489,,,
53.8702,6,6,26.1996,80.0696,completed,81660.47,50389.81,1.7515,8.46,0.0000,0.1595,0.1875,1.2124,0.9198,0.2363,,,,
45.8040,8,8,41.0737,86.8777,completed,81660.05,50392.14,1.7519,8.46,0.0000,0.0525,0.1433,0.3664,0.2227,0.2665,0.1946,0.1096,,
34.0654,9,3,11.9802,46.0452,converged,81660.05,50392.14,1.7519,8.46,0.0000,0.0894,0.0631,,,,,,,
51.0316,7,7,27.6529,78.6840,completed,81659.66,50394.25,1.7518,8.45,0.0000,0.0885,0.1214,0.4006,0.5890,0.2456,0.1312,,,
22.6466,10,3,20.6354,43.2912,converged,81659.66,50394.25,1.7518,8.45,0.0000,0.0971,0.0927,,,,,,,
27.5134,10,3,16.4620,43.9750,converged,81659.26,50396.46,1.7523,8.45,0.0000,0.0389,0.0585,,,,,,,
32.8969,10,10,45.3101,78.2061,completed,81659.26,50396.46,1.7523,8.45,0.0000,0.0344,0.2732,1.0407,0.8559,0.6012,1.3191,1.1142,0.4106,0.2354
43.5939,8,3,12.7386,56.3317,converged,81658.88,50398.55,1.7525,8.45,0.0000,0.0529,0.0941,,,,,,,
53.2561,6,6,28.7898,82.0458,completed,81658.88,50398.55,1.7525,8.45,0.0000,0.1087,0.7254,0.8257,1.2475,0.7515,,,,
24.8329,10,3,15.2134,40.0455,converged,81658.45,50400.87,1.7530,8.44,0.0000,0.0702,0.0500,,,,,,,
25.1865,10,10,42.9878,68.1738,completed,81658.45,50400.87,1.7530,8.44,0.0000,0.0349,0.1925,0.3318,0.2445,0.3825,0.7752,0.6703,0.2380,0.2310
54.0679,6,6,27.3612,81.4282,completed,81658.09,50402.84,1.7530,8.44,0.0000,0.0524,0.9361,0.5663,1.6497,0.8373,,,,
29.8116,10,5,30.6117,60.4227,converged,81658.09,50402.84,1.7530,8.44,0.0000,0.0725,0.4123,0.8603,0.0755,,,,,
54.0264,6,6,29.2766,83.3026,completed,81657.68,50405.06,1.7534,8.44,0.0000,0.0775,0.3602,0.2627,0.3917,0.3151,,,,
39.9257,9,9,33.1659,73.0910,completed,81657.68,50405.06,1.7534,8.44,0.0000,0.0523,0.3220,0.1677,1.0603,1.1687,1.1367,0.4139,0.1046,
52.6510,6,6,28.9151,81.5652,completed,81657.18,50407.74,1.7539,8.43,0.0000,0.0773,0.4628,0.5602,1.2535,0.6617,,,,
20.0870,10,10,37.1974,57.2834,completed,81657.18,50407.74,1.7539,8.43,0.0000,0.0861,0.3616,0.4361,0.6317,0.9886,0.8419,0.6659,0.1685,0.1675
43.8799,8,3,9.4104,53.2894,converged,81656.77,50409.98,1.7543,8.43,0.0000,0.0928,0.0898,,,,,,,
59.5146,5,5,28.9142,88.4283,completed,81656.77,50409.98,1.7543,8.43,0.0000,0.9778,1.2587,1.4163,0.9883,,,,,
36.5023,9,3,11.6925,48.1945,converged,81656.32,50412.37,1.7552,8.43,0.0000,0.0525,0.0811,,,,,,,
53.5791,6,6,30.4741,84.0531,completed,81656.32,50412.37,1.7552,8.43,0.0000,0.8091,1.4532,0.3220,0.8530,0.5328,,,,
37.1874,9,4,24.4419,61.6289,converged,81655.91,50414.53,1.7553,8.42,0.0000,0.0388,0.1000,0.0402,,,,,,
50.2182,7,7,35.8403,86.0584,completed,81655.91,50414.53,1.7553,8.42,0.0000,0.7564,1.9620,0.8953,1.5032,0.5052,0.1937,,,
49.3422,7,3,14.2720,63.6141,converged,81655.41,50417.18,1.7559,8.42,0.0000,0.0847,0.0814,,,,,,,
50.3072,7,7,26.4341,76.7411,completed,81655.41,50417.18,1.7559,8.42,0.0000,0.3498,0.6628,1.5134,1.8249,1.6469,0.5401,,,
38.0157,9,3,13.0642,51.0792,converged,81654.99,50419.49,1.7553,8.42,0.0000,0.0862,0.0778,,,,,,,
37.8906,9,9,36.2221,74.1121,completed,81654.99,50419.49,1.7553,8.42,0.0000,0.1576,0.4508,0.4772,0.8498,0.5990,0.9967,0.6114,0.1047,
38.5498,9,3,14.0164,52.5655,converged,81654.60,50421.56,1.7555,8.41,0.0000,0.0776,0.0690,,,,,,,
59.7264,5,5,23.3609,83.0869,completed,81654.60,50421.56,1.7555,8.41,0.0000,0.3187,0.1216,0.2975,0.1639,,,,,
38.6674,9,3,14.0412,52.7082,converged,81654.19,50423.79,1.7553,8.41,0.0000,0.0452,0.0599,,,,,,,
26.5267,10,10,43.8116,70.3377,completed,81654.19,50423.79,1.7553,8.41,0.0000,0.1299,0.2956,0.5780,0.3539,0.6626,0.7940,0.7083,0.3156,0.1099
53.1506,6,6,23.4161,76.5662,completed,81653.76,50426.10,1.7550,8.41,0.0000,0.0676,0.2182,0.2392,0.4474,0.3817,,,,
36.7947,9,4,13.1300,49.9240,converged,81653.76,50426.10,1.7550,8.41,0.0000,0.0292,0.1275,0.0698,,,,,,
53.7119,6,3,10.0131,63.7241,converged,81653.38,50428.16,1.7549,8.40,0.0000,0.0954,0.0754,,,,,,,
31.9016,10,5,20.1600,52.0611,converged,81653.38,50428.16,1.7549,8.40,0.0000,0.1122,0.2843,0.3299,0.0387,,,,,
45.4959,8,3,9.6803,55.1754,converged,81652.97,50430.39,1.7543,8.39,0.0000,0.0524,0.0819,,,,,,,
24.4337,10,10,36.0372,60.4702,converged,81652.97,50430.39,1.7543,8.39,0.0000,0.1348,0.2990,0.1783,0.3928,0.4032,0.6458,0.5515,0.2012,0.0654
34.0825,9,3,10.6973,44.7793,converged,81652.62,50432.29,1.7549,8.39,0.0000,0.0458,0.0433,,,,,,,
44.1191,8,8,39.0815,83.2005,completed,81652.62,50432.29,1.7549,8.39,0.0000,0.3122,0.3623,0.5990,1.6210,1.8995,1.2336,0.3483,,
39.6235,9,3,12.1024,51.7254,converged,81652.20,50434.51,1.7547,8.40,0.0000,0.0513,0.0901,,,,,,,
59.1057,5,5,26.1291,85.2342,completed,81652.20,50434.51,1.7547,8.40,0.0000,0.6163,0.8085,1.9300,0.9622,,,,,
37.5525,9,9,39.0681,76.6202,completed,81651.80,50436.65,1.7545,8.40,0.0000,0.0189,0.2344,0.6354,0.3771,0.3488,0.7698,0.4888,0.2347,
32.8814,10,10,36.6951,69.5761,completed,81651.80,50436.65,1.7545,8.40,0.0000,0.1726,0.3482,0.5575,1.4868,0.8975,0.8895,0.3863,0.2139,0.1693
22.9852,10,3,11.0292,34.0142,converged,81651.39,50438.88,1.7544,8.40,0.0000,0.0484,0.0642,,,,,,,
47.1906,7,7,28.8242,76.0143,completed,81651.39,50438.88,1.7544,8.40,0.0000,0.1528,0.3699,0.4184,2.4334,1.9023,0.7485,,,
50.3456,7,7,29.1987,79.5438,completed,81651.00,50440.94,1.7543,8.40,0.0000,0.0487,0.1520,0.2516,1.7047,2.2299,0.9747,,,
43.6713,8,8,32.3842,76.0552,converged,81651.00,50440.94,1.7543,8.40,0.0000,0.1841,0.4777,1.0852,1.4385,0.3661,0.2205,0.0807,,
52.0250,6,6,27.6738,79.6988,completed,81650.57,50443.24,1.7547,8.40,0.0000,0.1074,0.2324,0.5396,0.2233,0.1581,,,,
20.6227,10,10,41.4500,62.0720,completed,81650.57,50443.24,1.7547,8.40,0.0000,0.2047,0.3757,0.8509,1.5478,1.4575,1.4630,1.3329,0.6294,0.1533
54.3233,6,6,29.3050,83.6280,completed,81650.15,50445.48,1.7533,8.40,0.0000,0.2874,1.0994,1.7294,0.7758,0.5879,,,,
38.4292,9,9,31.9193,70.3483,completed,81650.15,50445.48,1.7533,8.40,0.0000,0.2786,0.5413,1.3165,0.7196,1.2101,0.3467,0.1648,0.1033,
48.9338,7,7,30.6948,79.6279,completed,81649.74,50447.71,1.7532,8.40,0.0000,0.2049,0.8550,0.8062,0.4580,0.3078,0.2910,,,
42.1869,8,8,43.5627,85.7487,completed,81649.74,50447.71,1.7532,8.40,0.0000,0.3720,0.8315,2.0261,1.5002,1.6780,0.6397,0.3451,,
39.2375,9,3,16.9880,56.2251,converged,81649.23,50450.44,1.7535,8.39,0.0000,0.0562,0.0857,,,,,,,
47.2830,7,7,38.5487,85.8317,completed,81649.23,50450.44,1.7535,8.39,0.0000,0.5735,1.4479,1.3925,1.0832,0.5811,0.2541,,,
30.2022,10,3,20.6521,50.8542,converged,81648.85,50452.50,1.7532,8.39,0.0000,0.0429,0.0455,,,,,,,
51.7335,7,7,38.5453,90.2784,completed,81648.85,50452.50,1.7532,8.39,0.0000,0.3915,1.1243,2.1781,1.1209,0.7463,0.2666,,,
53.5756,6,6,27.4376,81.0126,completed,81648.43,50454.80,1.7534,8.39,0.0000,0.0333,0.4666,0.2240,0.6640,0.2611,,,,
40.7280,8,8,37.3509,78.0789,completed,81648.43,50454.80,1.7534,8.39,0.0000,0.3101,0.7893,1.4379,0.9238,1.0313,1.0054,0.4866,,
24.9842,10,10,47.0558,72.0398,completed,81648.02,50457.02,1.7537,8.39,0.0000,0.0274,0.1175,0.6550,0.3306,0.3711,0.3293,0.4907,0.2653,0.2375
30.7486,10,10,51.7430,82.4910,completed,81648.02,50457.02,1.7537,8.39,0.0000,0.2428,0.6445,1.5579,1.0592,0.1233,0.6624,0.6228,0.1879,0.1287
22.4691,10,3,12.0910,34.5600,converged,81647.56,50459.48,1.7531,8.39,0.0000,0.0367,0.0641,,,,,,,
39.4940,9,9,37.5258,77.0189,completed,81647.56,50459.48,1.7531,8.39,0.0000,0.1847,0.4333,0.9720,0.5290,0.5661,0.1909,0.4933,0.3107,
39.5470,9,9,34.1251,73.6722,converged,81647.16,50461.71,1.7521,8.38,0.0000,0.0325,0.1034,0.3622,0.6926,0.1267,0.3416,0.1941,0.0928,
57.8547,6,6,38.0036,95.8576,completed,81647.16,50461.71,1.7521,8.38,0.0000,0.3528,1.2640,0.7188,0.3169,0.5592,,,,
21.6623,10,3,17.0298,38.6918,converged,81646.66,50464.44,1.7526,8.38,0.0000,0.0142,0.0796,,,,,,,
50.7166,7,7,30.8915,81.6076,completed,81646.66,50464.44,1.7526,8.38,0.0000,0.1396,0.4404,0.8736,1.1325,1.2040,0.7480,,,
39.2077,9,3,13.6510,52.8580,converged,81646.28,50466.50,1.7525,8.38,0.0000,0.0253,0.0864,,,,,,,
46.8631,7,7,35.7524,82.6154,completed,81646.28,50466.50,1.7525,8.38,0.0000,0.1977,0.7097,0.5052,1.0113,0.5070,0.4756,,,
41.8222,8,8,35.9488,77.7708,completed,81645.85,50468.81,1.7525,8.38,0.0000,0.0238,0.1678,0.8855,0.3301,0.4538,0.5506,0.1080,,
46.2941,7,7,29.3697,75.6638,completed,81645.85,50468.81,1.7525,8.38,0.0000,0.1449,0.4244,0.5239,2.5322,1.6733,0.9549,,,
24.0979,10,3,11.6924,35.7894,converged,81645.45,50471.04,1.7524,8.37,0.0000,0.0394,0.0579,,,,,,,
22.8191,10,10,44.3228,67.1419,completed,81645.45,50471.04,1.7524,8.37,0.0000,0.0754,0.2253,0.5635,0.2437,0.7936,0.4053,0.4131,0.4435,0.3587
37.2563,9,3,12.2773,49.5333,converged,81645.11,50472.86,1.7519,8.37,0.0000,0.0243,0.0251,,,,,,,
51.4094,7,7,42.0910,93.5001,completed,81645.11,50472.86,1.7519,8.37,0.0000,0.0229,0.1771,0.2456,0.4646,1.8436,0.5007,,,
40.3894,8,3,16.6999,57.0889,converged,81644.71,50475.06,1.7519,8.37,0.0000,0.0241,0.0206,,,,,,,
59.4567,5,5,32.8248,92.2808,completed,81644.71,50475.06,1.7519,8.37,0.0000,0.0643,0.3551,0.9376,0.6273,,,,,
29.4383,10,3,25.3250,54.7630,converged,81644.29,50477.37,1.7522,8.37,0.0000,0.0519,0.0582,,,,,,,
57.4337,6,6,33.9162,91.3492,completed,81644.29,50477.37,1.7522,8.37,0.0000,0.1006,0.1937,0.2534,0.5473,0.4470,,,,
39.1598,9,3,15.2022,54.3613,converged,81643.84,50479.85,1.7515,8.37,0.0000,0.0483,0.0395,,,,,,,
57.1271,6,6,29.7911,86.9181,completed,81643.84,50479.85,1.7515,8.37,0.0000,0.0614,0.1103,0.6245,0.7483,0.4971,,,,
23.3424,10,3,11.1154,34.4575,converged,81643.40,50482.32,1.7518,8.37,0.0000,0.0135,0.0246,,,,,,,
30.6457,10,3,10.2349,40.8799,converged,81643.40,50482.32,1.7518,8.37,0.0000,0.0352,0.0315,,,,,,,
24.7659,10,5,22.4972,47.2622,converged,81643.10,50483.97,1.7518,8.37,0.0000,0.0329,0.1024,0.2340,0.0803,,,,,
29.1027,10,3,15.7724,44.8744,converged,81643.10,50483.97,1.7518,8.37,0.0000,0.0417,0.0611,,,,,,,
27.0174,10,5,21.9224,48.9394,converged,81642.77,50485.78,1.7521,8.36,0.0000,0.0563,0.1252,0.1952,0.0557,,,,,
44.2211,8,3,10.2383,54.4593,converged,81642.77,50485.78,1.7521,8.36,0.0000,0.0536,0.0345,,,,,,,
59.0422,5,3,13.0754,72.1174,converged,81642.38,50487.93,1.7525,8.36,0.0000,0.0423,0.0877,,,,,,,
25.7972,10,3,12.2304,38.0275,converged,81642.38,50487.93,1.7525,8.36,0.0000,0.0572,0.0565,,,,,,,
30.7680,10,3,9.9223,40.6893,converged,81642.05,50489.74,1.7529,8.36,0.0000,0.0511,0.0653,,,,,,,
49.9614,7,7,26.6634,76.6245,completed,81642.05,50489.74,1.7529,8.36,0.0000,0.2694,0.2462,0.1007,0.2997,0.4845,0.2010,,,
55.1209,6,6,37.9220,93.0420,completed,81641.62,50492.04,1.7537,8.36,0.0000,0.1759,0.1739,0.4068,0.6145,0.4615,,,,
22.9082,10,4,18.3677,41.2758,converged,81641.62,50492.04,1.7537,8.36,0.0000,0.1444,0.1420,0.0925,,,,,,
27.0512,10,3,9.5463,36.5974,converged,81641.18,50494.41,1.7544,8.36,0.0000,0.0382,0.0406,,,,,,,
55.5788,6,6,24.0348,79.6129,completed,81641.18,50494.41,1.7544,8.36,0.0000,0.2011,0.1792,0.3584,1.1672,0.5546,,,,
30.9032,10,3,10.3063,41.2094,converged,81640.83,50496.31,1.7550,8.36,0.0000,0.0161,0.0307,,,,,,,
25.9823,10,10,37.8982,63.8803,completed,81640.83,50496.31,1.7550,8.36,0.0000,0.1513,0.1483,0.1254,0.2056,0.4769,0.8535,1.0465,0.4535,0.1384
55.2120,6,3,11.3403,66.5513,converged,81640.47,50498.20,1.7550,8.36,0.0000,0.0160,0.0728,,,,,,,
36.4812,9,4,13.8123,50.2933,converged,81640.47,50498.20,1.7550,8.36,0.0000,0.1511,0.1281,0.0658,,,,,,
27.7973,10,3,10.0427,37.8398,converged,81640.06,50500.42,1.7556,8.36,0.0000,0.0299,0.0681,,,,,,,
41.8626,8,4,13.8748,55.7368,converged,81640.06,50500.42,1.7556,8.36,0.0000,0.1590,0.1080,0.0789,,,,,,
52.9509,6,6,23.9140,76.8640,completed,81639.71,50502.26,1.7553,8.36,0.0000,0.0422,0.2064,0.8864,1.5934,0.7137,,,,
45.1065,8,4,19.6799,64.7859,converged,81639.71,50502.26,1.7553,8.36,0.0000,0.1663,0.1078,0.0834,,,,,,
34.5570,9,9,33.8442,68.4012,completed,81639.29,50504.54,1.7551,8.36,0.0000,0.0126,0.1236,0.4806,0.2519,0.5410,0.3895,0.6012,0.1824,
29.7830,10,4,13.4441,43.2262,converged,81639.29,50504.54,1.7551,8.36,0.0000,0.1795,0.1618,0.0723,,,,,,
20.1229,10,5,23.2884,43.4104,converged,81638.86,50506.84,1.7558,8.36,0.0000,0.0180,0.1132,0.3375,0.0387,,,,,
52.3550,6,6,25.7484,78.1024,completed,81638.86,50506.84,1.7558,8.36,0.0000,0.0901,0.8636,0.7818,1.4875,0.9164,,,,
24.6550,10,10,38.4474,63.1014,completed,81638.48,50508.90,1.7558,8.36,0.0000,0.0345,0.1660,0.9083,2.9497,0.8976,0.6834,0.9486,0.5116,0.2380
23.5968,10,4,16.1618,39.7579,converged,81638.48,50508.90,1.7558,8.36,0.0000,0.2537,0.1841,0.0422,,,,,,
23.4629,10,3,11.7305,35.1925,converged,81638.07,50511.11,1.7555,8.36,0.0000,0.1508,0.0952,,,,,,,
29.7981,10,4,19.4362,49.2342,converged,81638.07,50511.11,1.7555,8.36,0.0000,0.1285,0.1003,0.0797,,,,,,
59.2274,5,5,21.6559,80.8830,completed,81637.76,50512.77,1.7550,8.36,0.0000,0.2592,0.4912,0.4351,0.4008,,,,,
28.6967,10,3,14.2177,42.9137,converged,81637.76,50512.77,1.7550,8.36,0.0000,0.1119,0.0909,,,,,,,
50.5719,7,7,32.4352,83.0062,completed,81637.37,50514.83,1.7557,8.36,0.0000,0.3933,0.3344,0.4643,2.9747,1.7359,0.4840,,,
41.7624,8,8,36.3553,78.1173,completed,81637.37,50514.83,1.7557,8.36,0.0000,0.0791,0.1905,0.7016,0.3949,0.2422,0.2569,0.1956,,
49.2674,7,3,10.2625,59.5296,converged,81636.90,50517.36,1.7549,8.36,0.0000,0.3178,0.0636,,,,,,,
48.8918,7,3,16.9892,65.8802,converged,81636.90,50517.36,1.7549,8.36,0.0000,0.2321,0.0747,,,,,,,
48.3506,7,7,33.0926,81.4426,completed,81636.54,50519.33,1.7554,8.36,0.0000,0.6237,0.2785,0.1254,1.8816,0.5021,0.2551,,,
32.4553,10,10,41.1288,73.5838,completed,81636.54,50519.33,1.7554,8.36,0.0000,0.2257,0.1665,0.6628,4.8541,1.2799,0.7961,0.8261,0.3391,0.1459
55.8387,6,6,26.4999,82.3380,completed,81636.08,50521.80,1.7556,8.35,0.0000,0.8510,1.2237,0.6727,0.3053,0.4088,,,,
47.5098,7,7,41.7471,89.2561,completed,81636.08,50521.80,1.7556,8.35,0.0000,0.8407,0.1759,0.4476,2.5550,0.9600,0.1688,,,
24.4265,10,10,47.3820,71.8080,completed,81635.61,50524.29,1.7559,8.35,0.0000,0.5750,0.4849,0.1469,0.1591,1.9223,1.0565,0.7455,0.5333,0.3817
46.4188,7,7,40.7038,87.1219,completed,81635.61,50524.29,1.7559,8.35,0.0000,0.7038,0.2864,0.1826,1.8664,0.8626,0.1702,,,
35.3559,9,9,37.6867,73.0417,completed,81635.15,50526.74,1.7556,8.33,0.0000,0.2876,0.5196,0.4840,0.2885,1.1232,0.6740,0.5178,0.2511,
46.8904,7,7,31.5431,78.4332,completed,81635.15,50526.74,1.7556,8.33,0.0000,0.1062,0.9314,4.8984,4.6225,2.2478,0.7659,,,
52.3398,6,6,25.6093,77.9483,completed,81634.70,50529.22,1.7556,8.33,0.0000,0.4406,0.6688,1.6786,1.4448,0.5666,,,,
52.3679,6,6,36.6670,89.0341,completed,81634.70,50529.22,1.7556,8.33,0.0000,0.9540,0.8729,2.0585,1.4682,0.6626,,,,
53.7218,6,6,24.2767,77.9977,completed,81634.21,50531.84,1.7540,8.32,0.0000,0.2838,0.5472,0.7315,0.7881,0.3596,,,,
47.5183,7,7,31.1663,78.6843,completed,81634.21,50531.84,1.7540,8.32,0.0000,0.7254,0.6492,0.4553,1.9713,0.8285,0.3151,,,
38.2595,9,9,34.2552,72.5142,completed,81633.79,50534.15,1.7548,8.32,0.0000,0.1751,0.4643,0.6982,1.3293,2.0058,0.9591,0.5677,0.3690,
53.4463,6,6,29.7971,83.2431,completed,81633.79,50534.15,1.7548,8.32,0.0000,0.9622,1.0385,2.6688,1.0813,0.5658,,,,
38.8427,9,9,33.4469,72.2889,completed,81633.35,50536.44,1.7559,8.32,0.0000,0.1826,0.3710,0.2515,0.4112,1.5987,0.3940,0.1193,0.1451,
47.5189,7,7,25.4614,72.9794,completed,81633.35,50536.44,1.7559,8.32,0.0000,0.3645,0.5507,0.8745,1.9336,0.5828,0.2498,,,
46.8297,7,7,27.6629,74.4919,completed,81632.89,50538.90,1.7562,8.32,0.0000,0.2317,0.7182,1.3575,2.2178,0.9916,0.5915,,,
54.7241,6,6,30.8383,85.5623,completed,81632.89,50538.90,1.7562,8.32,0.0000,0.2090,0.1085,1.7764,0.9480,0.7771,,,,
31.0497,10,10,53.1953,84.2443,completed,81632.42,50541.36,1.7560,8.33,0.0000,0.0357,0.1923,0.3342,0.5496,1.8559,1.0710,0.3501,0.2793,0.3477
54.7877,6,6,25.8137,80.6007,completed,81632.42,50541.36,1.7560,8.33,0.0000,0.4051,0.8555,2.3464,2.0518,1.2564,,,,
23.6727,10,10,50.3166,73.9887,completed,81631.99,50543.65,1.7544,8.33,0.0000,0.0639,0.2841,0.4886,1.0457,1.8936,0.9613,0.5070,0.5682,0.4777
34.9626,9,9,36.3909,71.3529,completed,81631.99,50543.65,1.7544,8.33,0.0000,0.0826,0.2581,0.3104,0.9431,1.1171,0.7052,0.7265,0.2849,
59.9745,5,5,22.9199,82.8939,completed,81631.58,50545.87,1.7507,8.33,0.0000,0.1128,0.4867,2.1412,1.2960,,,,,
41.4538,8,3,11.4279,52.8809,converged,81631.58,50545.87,1.7507,8.33,0.0000,0.0292,0.0961,,,,,,,
29.5683,10,3,11.0743,40.6423,converged,81631.17,50548.09,1.7479,8.33,0.0000,0.0562,0.0619,,,,,,,
26.7997,10,10,40.6952,67.4942,completed,81631.17,50548.09,1.7479,8.33,0.0000,0.0312,0.1341,0.2763,0.7967,0.9176,0.8478,1.1689,0.6739,0.2528
34.4345,9,3,9.3943,43.8283,converged,81630.82,50549.99,1.7461,8.34,0.0000,0.1577,0.0822,,,,,,,
46.0422,7,7,33.9283,79.9704,completed,81630.82,50549.99,1.7461,8.34,0.0000,0.1716,0.1873,0.2174,0.5636,0.5227,0.2950,,,
41.3324,8,8,38.4355,79.7676,completed,81630.45,50552.05,1.7478,8.34,0.0000,0.3818,0.4638,0.3892,0.6224,0.7386,0.2926,0.3230,,
55.5885,6,6,28.0626,83.6507,completed,81630.45,50552.05,1.7478,8.34,0.0000,0.1322,0.1195,0.3862,0.8970,0.5984,,,,
50.0971,7,7,29.3554,79.4524,completed,81630.01,50554.52,1.7455,8.34,0.0000,0.2867,0.3194,0.2550,0.7033,0.3692,0.3694,,,
48.8103,7,7,28.6303,77.4403,completed,81630.01,50554.52,1.7455,8.34,0.0000,0.1875,0.3650,0.3358,0.6217,0.3124,0.2517,,,
38.3134,9,9,37.3508,75.6638,completed,81629.60,50556.83,1.7397,8.34,0.0000,0.1450,0.1377,0.1099,0.7998,0.9568,0.5732,0.3792,0.3270,
22.9245,10,10,39.4135,62.3375,completed,81629.60,50556.83,1.7397,8.34,0.0000,0.0910,0.1158,0.2266,0.3598,0.3858,0.2362,0.1522,0.2658,0.2166
29.5004,10,10,39.1860,68.6860,completed,81629.23,50559.04,1.7328,8.22,0.0000,0.1434,0.1668,0.2279,0.2690,0.5721,0.8434,0.4841,0.2981,0.4298
34.2843,9,9,36.8079,71.0919,completed,81629.23,50559.04,1.7328,8.22,0.0000,0.0727,0.1420,0.4343,0.4839,0.4346,0.5730,0.4171,0.2296,
40.9186,8,8,29.7322,70.6502,completed,81628.89,50561.20,1.7258,7.91,0.0000,0.1618,0.1702,0.2912,0.5167,0.6793,0.5580,0.1582,,
29.0192,10,3,9.9868,39.0059,converged,81628.89,50561.20,1.7258,7.91,0.0000,0.0266,0.0403,,,,,,,
43.6131,8,3,9.7691,53.3821,converged,81628.61,50562.94,1.7219,7.56,0.0000,0.0724,0.0535,,,,,,,
40.8283,8,3,14.0509,54.8789,converged,81628.61,50562.94,1.7219,7.56,0.0000,0.0277,0.0360,,,,,,,
21.8606,10,3,12.8613,34.7214,converged,81628.32,50564.88,1.7209,7.07,0.0000,0.0275,0.0369,,,,,,,
32.7339,10,3,14.7403,47.4733,converged,81628.32,50564.88,1.7209,7.07,0.0000,0.0304,0.0331,,,,,,,
31.3670,10,3,12.8067,44.1727,converged,81628.14,50566.11,1.7308,6.85,0.0000,0.0121,0.0244,,,,,,,
22.4785,10,3,15.3977,37.8757,converged,81628.14,50566.11,1.7308,6.85,0.0000,0.0595,0.0894,,,,,,,
27.8772,10,4,19.8595,47.7366,converged,81627.90,50567.55,1.7407,6.60,0.0000,0.0737,0.1357,0.0991,,,,,,
30.5698,10,3,13.1818,43.7509,converged,81627.90,50567.55,1.7407,6.60,0.0000,0.0316,0.0426,,,,,,,
27.6461,10,3,12.0605,39.7066,converged,81627.65,50569.01,1.7540,6.42,0.0000,0.0521,0.0943,,,,,,,
59.7631,5,5,20.2881,80.0512,completed,81627.65,50569.01,1.7540,6.42,0.0000,0.0982,0.1456,0.4964,0.7596,,,,,
23.2191,10,3,15.6839,38.9029,converged,81627.33,50570.67,1.7739,6.22,0.0000,0.0314,0.0650,,,,,,,
29.0131,10,3,14.2044,43.2175,converged,81627.33,50570.67,1.7739,6.22,0.0000,0.0293,0.0496,,,,,,,
57.4748,6,3,10.3047,67.7788,converged,81627.04,50572.04,1.7951,6.04,0.0000,0.1079,0.0869,,,,,,,
31.6064,10,3,11.6084,43.2144,converged,81627.04,50572.04,1.7951,6.04,0.0000,0.0363,0.0777,,,,,,,
58.2669,5,5,21.8215,80.0875,completed,81626.70,50573.48,1.8229,5.81,0.0000,0.0943,0.1560,0.3703,0.5351,,,,,
20.3670,10,3,14.0630,34.4290,converged,81626.70,50573.48,1.8229,5.81,0.0000,0.0199,0.0454,,,,,,,
21.0491,10,3,13.6725,34.7216,converged,81626.38,50574.69,1.8545,5.51,0.0000,0.0377,0.0669,,,,,,,
49.4817,7,3,9.4136,58.8947,converged,81626.38,50574.69,1.8545,5.51,0.0000,0.0801,0.0936,,,,,,,
22.5793,10,3,13.5432,36.1222,converged,81626.03,50575.84,1.8884,5.15,0.0000,0.0738,0.0782,,,,,,,
33.9682,10,3,12.1098,46.0778,converged,81626.03,50575.84,1.8884,5.15,0.0000,0.0451,0.0541,,,,,,,
52.4117,6,6,29.1982,81.6092,completed,81625.67,50576.91,1.9198,4.70,0.0000,0.1492,0.1168,0.2751,0.6515,0.3745,,,,
31.8517,10,3,9.5257,41.3768,converged,81625.67,50576.91,1.9198,4.70,0.0000,0.0753,0.0846,,,,,,,
50.2277,7,7,29.2682,79.4952,completed,81625.30,50577.89,1.9494,4.19,0.0000,0.1397,0.1112,0.3652,0.4268,0.4641,0.2731,,,
47.9505,7,7,30.2207,78.1708,completed,81625.30,50577.89,1.9494,4.19,0.0000,0.1377,0.1383,0.1862,0.3848,0.3949,0.2758,,,
21.2157,10,3,10.5671,31.7821,converged,81624.87,50578.90,2.0094,3.80,0.0000,0.0810,0.0730,,,,,,,
45.8924,8,3,16.4317,62.3237,converged,81624.87,50578.90,2.0094,3.80,0.0000,0.1086,0.0794,,,,,,,
28.4318,10,3,9.7247,38.1557,converged,81624.50,50579.65,2.0712,3.79,0.0000,0.0900,0.0580,,,,,,,
27.3255,10,3,10.1031,37.4282,converged,81624.50,50579.65,2.0712,3.79,0.0000,0.0771,0.0471,,,,,,,
37.3270,9,3,11.7017,49.0277,converged,81624.13,50580.30,2.1291,3.87,0.0000,0.0580,0.0559,,,,,,,
39.5203,9,3,11.3738,50.8938,converged,81624.13,50580.30,2.1291,3.87,0.0000,0.0921,0.0748,,,,,,,
48.9918,7,3,11.7187,60.7097,converged,81623.64,50581.03,2.2060,3.98,0.0000,0.1032,0.0972,,,,,,,
38.5112,9,3,9.8750,48.3860,converged,81623.64,50581.03,2.2060,3.98,0.0000,0.0631,0.0519,,,,,,,
32.1332,10,3,15.5378,47.6708,converged,81623.06,50581.77,2.2867,4.04,0.0000,0.0626,0.0737,,,,,,,
22.0219,10,3,10.9235,32.9446,converged,81623.06,50581.77,2.2867,4.04,0.0000,0.0567,0.0444,,,,,,,
50.5376,7,7,27.7179,78.2550,completed,81622.46,50582.42,2.3644,4.09,0.0000,0.0355,0.1231,1.1522,1.1484,0.4259,0.3564,,,
30.2229,10,3,10.0307,40.2527,converged,81622.46,50582.42,2.3644,4.09,0.0000,0.0407,0.0813,,,,,,,
53.4691,6,6,23.4673,76.9363,completed,81621.70,50583.11,2.4528,4.13,0.0000,0.0953,0.2208,1.5017,1.2628,0.7968,,,,
25.8470,10,3,11.6713,37.5174,converged,81621.70,50583.11,2.4528,4.13,0.0000,0.0614,0.0543,,,,,,,
52.5561,6,6,32.1132,84.6693,completed,81620.82,50583.79,2.5530,4.16,0.0000,0.1337,0.9286,2.6346,2.4928,1.2193,,,,
56.5757,6,6,25.1512,81.7262,completed,81620.82,50583.79,2.5530,4.16,0.0000,0.0457,0.2993,1.5371,1.3855,0.4324,,,,
52.1133,6,6,28.2582,80.3712,completed,81619.84,50584.39,2.6568,4.13,0.0000,0.1093,0.1057,0.4104,0.2535,0.2386,,,,
28.8579,10,3,10.2710,39.1280,converged,81619.84,50584.39,2.6568,4.13,0.0000,0.0267,0.0715,,,,,,,
35.8712,9,3,11.0598,46.9309,converged,81618.82,50584.88,2.7531,4.08,0.0000,0.0323,0.0511,,,,,,,
41.0749,8,8,45.1326,86.2067,completed,81618.82,50584.88,2.7531,4.08,0.0000,0.0479,0.1360,0.4969,1.7012,1.9756,0.7363,0.3933,,
41.3792,8,3,9.8654,51.2445,converged,81617.71,50585.29,2.8543,4.11,0.0000,0.0486,0.0449,,,,,,,
23.6307,10,3,10.4252,34.0552,converged,81617.71,50585.29,2.8543,4.11,0.0000,0.0285,0.0335,,,,,,,
37.3871,9,3,16.4082,53.7952,converged,81616.81,50585.54,2.9287,4.17,0.0000,0.0519,0.0300,,,,,,,
41.1342,8,3,15.7655,56.8995,converged,81616.81,50585.54,2.9287,4.17,0.0000,0.0383,0.0441,,,,,,,
23.4080,10,10,39.7809,63.1889,completed,81615.78,50585.73,3.0056,4.31,0.0000,0.1847,0.2006,0.1306,0.1098,0.3373,0.1371,0.3730,0.1698,0.2277
31.1955,10,4,14.4003,45.5953,converged,81615.78,50585.73,3.0056,4.31,0.0000,0.0877,0.1086,0.0811,,,,,,
59.7071,5,5,22.9039,82.6110,completed,81614.69,50585.85,3.0836,4.50,0.0000,0.1731,0.3551,1.2021,1.2433,,,,,
51.0390,7,3,9.9455,60.9836,converged,81614.69,50585.85,3.0836,4.50,0.0000,0.0632,0.0638,,,,,,,
21.1628,10,3,13.9833,35.1454,converged,81613.31,50585.90,-3.1217,4.75,0.0000,0.0981,0.0955,,,,,,,
54.3347,6,3,13.6769,68.0110,converged,81613.31,50585.90,-3.1217,4.75,0.0000,0.1368,0.0715,,,,,,,
55.5584,6,3,9.8278,65.3858,converged,81612.11,50585.86,-3.0644,4.96,0.0000,0.1144,0.0791,,,,,,,
30.2472,10,4,14.0017,44.2487,converged,81612.11,50585.86,-3.0644,4.96,0.0000,0.1194,0.1341,0.0225,,,,,,
31.5208,10,4,17.2049,48.7250,converged,81610.85,50585.74,-3.0163,5.25,0.0000,0.1034,0.1744,0.0827,,,,,,
45.4869,8,4,18.8243,64.3103,converged,81610.85,50585.74,-3.0163,5.25,0.0000,0.2040,0.2358,0.0621,,,,,,
35.7596,9,9,32.3728,68.1319,completed,81609.52,50585.57,-2.9762,5.55,0.0000,0.0975,0.2205,0.1181,0.2255,0.3396,0.1348,0.3224,0.1609,
29.1439,10,10,39.9070,69.0501,completed,81609.52,50585.57,-2.9762,5.55,0.0000,0.0902,0.2906,0.4520,0.2203,0.4174,0.7077,2.1326,0.9042,0.3420
55.7613,6,3,9.1534,64.9144,converged,81608.00,50585.31,-2.9460,5.87,0.0000,0.1248,0.0376,,,,,,,
37.5465,9,9,41.0282,78.5742,completed,81608.00,50585.31,-2.9460,5.87,0.0000,0.0199,0.1203,0.2515,0.2483,0.4259,1.0730,0.7229,0.2019,
35.3189,9,3,15.1003,50.4183,converged,81606.35,50584.98,-2.9290,6.22,0.0000,0.0151,0.0865,,,,,,,
54.2090,6,6,28.8149,83.0229,completed,81606.35,50584.98,-2.9290,6.22,0.0000,0.0875,0.3919,0.5317,0.8960,0.5925,,,,
59.7534,5,5,21.2546,81.0076,completed,81604.47,50584.59,-2.9236,6.54,0.0000,0.0371,0.7166,0.6973,0.4755,,,,,
47.7970,7,7,26.4723,74.2694,completed,81604.47,50584.59,-2.9236,6.54,0.0000,0.0272,0.1925,0.5845,0.4418,0.4695,0.2783,,,
52.7117,6,6,25.5986,78.3096,completed,81602.51,50584.17,-2.9230,6.88,0.0000,0.0582,0.3323,0.9254,1.1626,0.9388,,,,
29.1376,10,3,14.7946,43.9317,converged,81602.51,50584.17,-2.9230,6.88,0.0000,0.0650,0.0164,,,,,,,
46.0717,7,7,25.1688,71.2398,completed,81600.79,50583.80,-2.9233,7.16,0.0000,0.0122,0.1263,0.8212,0.8541,0.6387,0.5744,,,
36.7951,9,3,13.4681,50.2632,converged,81600.79,50583.80,-2.9233,7.16,0.0000,0.0244,0.0742,,,,,,,
53.9032,6,6,23.0106,76.9136,completed,81598.88,50583.38,-2.9228,7.40,0.0000,0.0617,0.1629,1.3069,0.6855,0.3506,,,,
55.8260,6,3,11.8483,67.6743,converged,81598.88,50583.38,-2.9228,7.40,0.0000,0.0110,0.0335,,,,,,,
41.3689,8,8,34.8434,76.2114,completed,81596.97,50582.96,-2.9229,7.61,0.0000,0.0690,0.1460,0.1781,1.4360,0.9615,0.4298,0.1521,,
51.8095,7,3,10.1916,62.0007,converged,81596.97,50582.96,-2.9229,7.61,0.0000,0.0315,0.0973,,,,,,,
36.7144,9,3,9.9885,46.7026,converged,81594.95,50582.51,-2.9249,7.78,0.0000,0.1045,0.0918,,,,,,,
30.2925,10,3,12.3912,42.6833,converged,81594.95,50582.51,-2.9249,7.78,0.0000,0.0140,0.0375,,,,,,,
49.1667,7,7,32.0363,81.2023,completed,81593.18,50582.12,-2.9263,7.98,0.0000,0.1596,0.8253,0.7631,1.1715,0.4176,0.2582,,,
49.4734,7,3,10.5577,60.0307,converged,81593.18,50582.12,-2.9263,7.98,0.0000,0.0757,0.0532,,,,,,,
47.5645,7,7,25.9961,73.5601,completed,81591.04,50581.65,-2.9294,8.21,0.0000,0.1373,0.1040,0.3932,1.2240,0.3137,0.1956,,,
42.3519,8,3,11.7607,54.1117,converged,81591.04,50581.65,-2.9294,8.21,0.0000,0.1156,0.0686,,,,,,,
21.6930,10,10,45.7390,67.4321,converged,81588.86,50581.18,-2.9330,8.38,0.0000,0.1293,0.2030,0.2597,0.5344,0.7166,1.3426,0.5402,0.1634,0.0849
27.5499,10,10,54.9726,82.5216,converged,81588.86,50581.18,-2.9330,8.38,0.0000,0.2129,0.2576,0.2434,0.6481,0.8488,1.4453,0.6775,0.2253,0.0857
49.0193,7,7,26.2148,75.2360,completed,81586.16,50580.61,-2.9374,8.52,0.0000,0.2193,0.1964,0.5459,1.2447,0.7958,0.3858,,,
28.9355,10,3,13.8003,42.7354,converged,81586.16,50580.61,-2.9374,8.52,0.0000,0.0828,0.0336,,,,,,,
48.9277,7,7,27.9189,76.8460,completed,81584.12,50580.19,-2.9407,8.58,0.0000,0.3034,0.4338,0.8351,1.0530,0.7884,0.3584,,,
54.0875,6,6,22.5082,76.5953,completed,81584.12,50580.19,-2.9407,8.58,0.0000,0.4548,0.4954,1.2632,1.4882,0.6407,,,,
47.0801,7,7,31.4454,78.5255,completed,81581.51,50579.65,-2.9436,8.62,0.0000,0.2963,0.3064,0.3042,0.7907,0.6533,0.3225,,,
20.9010,10,4,18.0477,38.9487,converged,81581.51,50579.65,-2.9436,8.62,0.0000,0.2400,0.2367,0.0488,,,,,,
21.2237,10,10,46.1688,67.3919,completed,81579.45,50579.23,-2.9460,8.63,0.0000,0.2979,0.3602,0.2341,0.2469,0.1437,1.5828,0.6588,0.2436,0.1504
47.7663,7,7,27.5407,75.3067,completed,81579.45,50579.23,-2.9460,8.63,0.0000,0.2760,0.3155,0.9180,1.1113,0.3546,0.2868,,,
20.7681,10,10,40.5779,61.3459,completed,81577.28,50578.80,-2.9481,8.63,0.0000,0.2773,0.3795,0.3476,0.2747,0.3928,1.5282,1.1174,0.4863,0.1601
49.8506,7,7,26.6615,76.5115,completed,81577.28,50578.80,-2.9481,8.63,0.0000,0.3339,0.2048,1.8160,3.3671,0.9633,0.3345,,,
42.7372,8,8,34.6829,77.4199,completed,81574.91,50578.33,-2.9512,8.61,0.0000,0.4634,0.3963,0.4754,1.4172,1.0067,0.5007,0.3005,,
25.6294,10,10,37.5917,63.2208,completed,81574.91,50578.33,-2.9512,8.61,0.0000,0.3542,0.4539,0.2211,0.8785,2.4481,0.4302,1.0877,0.5295,0.2879
36.9123,9,9,32.5418,69.4538,completed,81572.63,50577.88,-2.9536,8.57,0.0000,1.0431,1.1801,0.9113,0.9021,1.2996,0.8938,0.5075,0.1546,
28.0950,10,10,40.4085,68.5036,completed,81572.63,50577.88,-2.9536,8.57,0.0000,0.4015,0.4744,0.1187,1.4460,2.6835,0.8200,0.8194,0.4352,0.2667
59.3409,5,5,19.8488,79.1889,completed,81570.36,50577.45,-2.9570,8.56,0.0000,0.9632,0.3177,0.6838,0.2594,,,,,
33.7544,10,10,47.1745,80.9285,completed,81570.36,50577.45,-2.9570,8.56,0.0000,0.3357,0.2424,0.4597,1.5134,0.6147,0.9113,0.6236,0.3276,0.2051
26.7590,10,10,45.4188,72.1768,completed,81567.84,50576.98,-2.9590,8.55,0.0000,0.2331,0.2390,0.3764,2.4178,2.9509,2.0806,0.5737,0.6018,0.1854
45.1758,8,8,33.9082,79.0850,completed,81567.84,50576.98,-2.9590,8.55,0.0000,0.8700,0.2709,2.5047,3.5972,1.2510,0.4996,0.1912,,
37.4582,9,9,38.5793,76.0373,completed,81565.32,50576.51,-2.9602,8.55,0.0000,0.3107,0.5757,0.5769,0.7586,1.9459,0.7010,0.2766,0.1832,
56.1452,6,6,35.3578,91.5028,completed,81565.32,50576.51,-2.9602,8.55,0.0000,0.8850,0.1796,2.0892,1.5954,0.8272,,,,
38.1183,9,9,41.3110,79.4290,completed,81562.49,50575.99,-2.9629,8.55,0.0000,0.2550,0.6120,0.6467,1.3302,3.2805,1.0022,0.5379,0.3683,
59.5227,5,5,27.5028,87.0248,completed,81562.49,50575.99,-2.9629,8.55,0.0000,0.6686,0.5373,3.4393,1.7968,,,,,
46.2808,7,3,10.9757,57.2558,converged,81560.03,50575.54,-2.9614,8.56,0.0000,0.1604,0.0451,,,,,,,
36.4059,9,9,42.1475,78.5526,completed,81560.03,50575.54,-2.9614,8.56,0.0000,0.1935,0.3027,0.1022,0.7179,1.9808,0.7198,0.3753,0.2749,
39.8315,9,9,32.2612,72.0922,completed,81557.76,50575.12,-2.9634,8.55,0.0000,0.1682,0.3768,0.2383,0.4857,2.3373,0.7341,0.4932,0.3722,
53.0321,6,6,30.9072,83.9392,completed,81557.76,50575.12,-2.9634,8.55,0.0000,0.4557,0.4305,1.9352,1.1569,1.0836,,,,
37.8903,9,9,34.6563,72.5464,completed,81555.24,50574.67,-2.9628,8.54,0.0000,0.0850,0.1175,0.2092,0.4645,0.8998,0.3020,0.2682,0.3702,
55.3444,6,6,25.2452,80.5892,completed,81555.24,50574.67,-2.9628,8.54,0.0000,0.1752,0.2634,0.6505,0.6638,0.7793,,,,
27.5192,10,10,41.2250,68.7441,completed,81552.90,50574.24,-2.9627,8.40,0.0000,0.1455,0.1670,0.3555,0.5257,0.8628,0.3636,0.4584,0.4038,0.2567
41.2164,8,3,12.9723,54.1883,converged,81552.90,50574.24,-2.9627,8.40,0.0000,0.0701,0.0559,,,,,,,
24.9481,10,10,41.7527,66.7007,completed,81550.86,50573.87,-2.9629,8.17,0.0000,0.1780,0.1556,0.1560,0.1536,0.5410,0.4107,0.3784,0.3454,0.2423
48.3025,7,3,10.7732,59.0753,converged,81550.86,50573.87,-2.9629,8.17,0.0000,0.1497,0.0977,,,,,,,
35.2031,9,9,35.7563,70.9594,completed,81548.88,50573.51,-2.9633,7.88,0.0000,0.2088,0.2382,0.4560,0.3559,0.4148,0.1557,0.5104,0.2672,
53.4125,6,6,23.5618,76.9738,completed,81548.88,50573.51,-2.9633,7.88,0.0000,0.1861,0.3686,0.4858,0.4144,0.5386,,,,
20.3356,10,10,45.0559,65.3910,completed,81546.77,50573.13,-2.9639,7.45,0.0000,0.2850,0.3640,0.4203,0.1852,1.5024,1.0535,0.9331,0.4776,0.1545
40.6321,8,8,31.3466,71.9786,completed,81546.77,50573.13,-2.9639,7.45,0.0000,0.1209,0.1631,0.4450,0.6435,0.3453,0.3023,0.3299,,
48.4486,7,7,34.0537,82.5017,completed,81544.87,50572.79,-2.9649,6.86,0.0000,0.2180,0.1926,0.2857,0.6462,1.0674,0.4078,,,
25.2856,10,10,37.7908,63.0759,completed,81544.87,50572.79,-2.9649,6.86,0.0000,0.1034,0.1354,0.3031,0.7061,0.4139,0.5105,0.8156,0.5008,0.2303
46.7436,7,7,26.7528,73.4959,completed,81542.80,50572.42,-2.9662,6.15,0.0000,0.2606,0.5254,0.5097,0.4170,0.3109,0.4032,,,
43.3656,8,8,40.2859,83.6509,completed,81542.80,50572.42,-2.9662,6.15,0.0000,0.1508,0.3044,0.5665,0.6048,0.5447,0.1698,0.2153,,
43.5780,8,6,25.9272,69.5043,converged,81541.28,50572.15,-2.9676,5.53,0.0000,0.1750,0.3468,0.7965,0.6345,0.0493,,,,
36.7269,9,9,47.8123,84.5384,completed,81541.28,50572.15,-2.9676,5.53,0.0000,0.0662,0.1554,0.2626,0.2340,0.5045,0.6142,0.3613,0.1856,
37.1850,9,9,39.8233,77.0083,completed,81540.16,50571.95,-2.9677,0.24,0.0000,0.0664,0.1318,0.4568,0.6407,0.6544,0.4700,0.4413,0.1731,
41.1527,8,8,29.5448,70.6968,converged,81540.16,50571.95,-2.9677,0.24,0.0000,0.0689,0.1494,0.2730,0.9198,1.1175,0.8353,0.0850,,
57.4838,6,6,24.3296,81.8126,completed,81540.16,50571.94,-2.9676,0.00,0.0000,0.2520,0.6670,0.7253,0.5657,0.2261,,,,
30.9205,10,10,46.5547,77.4747,completed,81540.16,50571.94,-2.9676,0.00,0.0000,0.0474,0.1121,0.2550,0.1316,0.9134,0.6872,0.5790,0.2340,0.1112
48.8307,7,7,33.6304,82.4604,completed,81540.17,50571.94,-2.9675,0.00,0.0000,0.0703,0.2350,0.1470,0.3855,0.4367,0.2200,,,
25.0007,10,10,47.6996,72.6997,completed,81540.17,50571.94,-2.9675,0.00,0.0000,0.2887,0.7889,0.9567,3.7300,1.3428,0.2369,0.3154,0.2691,0.2949
35.9560,9,9,44.4091,80.3641,completed,81540.17,50571.94,-2.9675,0.00,0.0000,0.5180,1.6726,2.3158,3.9397,0.5333,0.4950,0.5221,0.3411,
38.0369,9,3,10.9963,49.0323,converged,81540.17,50571.94,-2.9675,0.00,0.0000,0.0123,0.0145,,,,,,,
21.3534,10,3,10.0394,31.3924,converged,81540.23,50571.95,-2.9690,-0.17,0.0000,0.0338,0.0227,,,,,,,
23.8636,10,3,12.1879,36.0509,converged,81540.23,50571.95,-2.9690,-0.17,0.0000,0.0195,0.0325,,,,,,,
59.6923,5,3,11.1612,70.8532,converged,81540.26,50571.95,-2.9689,-0.11,0.0000,0.0401,0.0979,,,,,,,
27.0368,10,3,9.4944,36.5304,converged,81540.26,50571.95,-2.9689,-0.11,0.0000,0.0210,0.0212,,,,,,,
24.1775,10,3,14.3365,38.5135,converged,81540.27,50571.95,-2.9689,0.00,0.0000,0.0119,0.0243,,,,,,,
53.6077,6,3,15.6012,69.2082,converged,81540.27,50571.95,-2.9689,0.00,0.0000,0.0369,0.0396,,,,,,,
44.1679,8,3,19.3083,63.4754,converged,81540.27,50571.95,-2.9689,0.00,0.0000,0.0325,0.0048,,,,,,,
39.5584,9,3,11.2298,50.7879,converged,81540.27,50571.95,-2.9689,0.00,0.0000,0.0481,0.0999,,,,,,,
21.2896,10,3,13.8299,35.1189,converged,81540.27,50571.95,-2.9689,0.00,0.0000,0.0126,0.0303,,,,,,,
32.0499,10,3,11.8384,43.8874,converged,81540.24,50571.94,-2.9692,0.00,0.0000,0.0559,0.0719,,,,,,,
36.0659,9,4,13.9355,50.0005,converged,81540.24,50571.94,-2.9692,0.00,0.0000,0.0153,0.1247,0.0829,,,,,,
29.3957,10,10,39.5889,68.9840,completed,81540.22,50571.94,-2.9700,0.20,0.0000,0.1858,0.3560,0.2409,0.1693,0.1512,1.6462,0.2862,0.3151,0.1812
52.4583,6,6,25.1654,77.6234,completed,81540.22,50571.94,-2.9700,0.20,0.0000,0.3344,0.2224,0.4628,0.6794,0.3096,,,,
55.7045,6,6,22.7773,78.4813,completed,81540.13,50571.92,-2.9701,0.36,0.0000,0.3317,0.3506,1.7879,1.2913,0.6342,,,,
27.4495,10,9,28.6170,56.0660,converged,81540.13,50571.92,-2.9701,0.36,0.0000,0.0465,0.2230,1.0706,1.8535,1.6177,1.9448,0.6929,0.0946,
53.4828,6,6,32.6388,86.1209,completed,81540.02,50571.90,-2.9699,0.39,0.0000,0.2228,0.1985,1.1048,0.4925,0.5160,,,,
50.4095,7,3,9.1718,59.5808,converged,81540.02,50571.90,-2.9699,0.39,0.0000,0.0127,0.0255,,,,,,,
58.2282,5,5,24.7804,83.0085,converged,81539.93,50571.88,-2.9694,0.31,0.0000,0.0217,0.1565,0.1942,0.0239,,,,,
59.5930,5,5,18.1005,77.6925,converged,81539.93,50571.88,-2.9694,0.31,0.0000,0.0792,0.1544,0.4337,0.0627,,,,,
47.6550,7,6,21.9390,69.5940,converged,81539.87,50571.87,-2.9687,0.00,0.0000,0.0804,0.1795,0.4749,0.2392,0.0190,,,,
48.8227,7,6,21.0125,69.8345,converged,81539.87,50571.87,-2.9687,0.00,0.0000,0.0734,0.2704,0.5605,0.1475,0.0205,,,,
24.1768,10,3,9.1473,33.3234,converged,81539.87,50571.86,-2.9685,0.00,0.0000,0.0036,0.0127,,,,,,,
28.4234,10,10,37.9074,66.3304,completed,81539.87,50571.86,-2.9685,0.00,0.0000,1.3807,3.2299,4.5116,3.0406,0.1775,0.1771,0.9097,0.2869,0.1501
35.4784,9,9,33.4646,68.9426,completed,81539.87,50571.86,-2.9686,0.00,0.0000,1.2168,2.6732,2.9339,3.3266,0.5606,0.6764,0.2148,0.1734,
51.5749,7,7,32.2042,83.7782,completed,81539.87,50571.86,-2.9686,0.00,0.0000,1.4558,4.2230,2.5212,5.0015,1.4652,0.4852,,,
46.5504,7,7,34.5051,81.0552,completed,81539.87,50571.86,-2.9686,0.00,0.0000,0.7153,0.6947,1.5637,2.7381,1.7432,0.9165,,,
49.2696,7,7,36.4016,85.6706,completed,81539.87,50571.86,-2.9686,0.00,0.0000,0.7516,3.1656,0.2845,2.9638,0.1591,0.1431,,,
24.2751,10,10,42.4028,66.6778,converged,81539.87,50571.86,-2.9683,0.00,0.0000,0.5262,0.7338,0.7455,2.4527,1.3111,1.6071,1.2099,0.2961,0.0773
59.0656,5,5,17.4345,76.4995,completed,81539.87,50571.86,-2.9683,0.00,0.0000,3.3727,3.0083,1.5006,0.4610,,,,,
30.8817,10,10,42.5747,73.4557,completed,81539.87,50571.86,-2.9683,0.00,0.0000,0.6634,2.1913,5.4761,4.8060,0.4702,0.2421,0.8067,0.3067,0.1500
57.8001,6,6,23.5028,81.3029,completed,81539.87,50571.86,-2.9683,0.00,0.0000,1.0922,7.5194,2.9051,2.5382,0.9999,,,,
55.4949,6,6,25.7762,81.2702,completed,81539.87,50571.85,-2.9682,0.00,0.0000,0.4883,0.2017,1.7719,1.5211,1.1260,,,,
37.9495,9,9,34.3968,72.3458,completed,81539.87,50571.85,-2.9682,0.00,0.0000,0.2547,0.9937,2.8854,2.8364,0.2803,1.8514,1.2417,0.4088,
25.4962,10,10,36.0879,61.5840,completed,81539.84,50571.84,-2.9669,0.20,0.0000,0.2191,1.1174,6.6988,8.9884,1.6922,1.9498,1.4766,0.2434,0.1665
23.5735,10,10,40.9050,64.4780,completed,81539.84,50571.84,-2.9669,0.20,0.0000,0.0921,0.2076,0.3728,0.3880,1.5434,0.4233,0.4701,0.3245,0.1717
24.2302,10,3,10.3203,34.5503,converged,81539.77,50571.83,-2.9637,0.36,0.0000,0.0089,0.0345,,,,,,,
30.9720,10,5,21.3095,52.2815,converged,81539.77,50571.83,-2.9637,0.36,0.0000,0.0808,0.1842,0.1988,0.0947,,,,,
36.4861,9,3,11.1254,47.6115,converged,81539.66,50571.81,-2.9606,0.56,0.0000,0.0200,0.0268,,,,,,,
59.1134,5,5,18.4229,77.5360,completed,81539.66,50571.81,-2.9606,0.56,0.0000,0.1390,0.1481,0.1919,0.3667,,,,,
24.9430,10,3,10.4434,35.3854,converged,81539.50,50571.78,-2.9602,0.74,0.0000,0.0180,0.0364,,,,,,,
29.2179,10,10,48.0060,77.2230,completed,81539.50,50571.78,-2.9602,0.74,0.0000,0.0420,0.1476,0.4083,1.5677,1.9061,0.6225,0.8211,0.3922,0.1506
21.1496,10,3,10.2800,31.4290,converged,81539.30,50571.74,-2.9602,0.92,0.0000,0.0191,0.0059,,,,,,,
44.1214,8,4,12.2921,56.4131,converged,81539.30,50571.74,-2.9602,0.92,0.0000,0.0297,0.1056,0.0565,,,,,,
45.8072,8,3,12.0295,57.8366,converged,81539.09,50571.70,-2.9611,1.06,0.0000,0.0150,0.0437,,,,,,,
51.4668,7,4,13.8133,65.2794,converged,81539.09,50571.70,-2.9611,1.06,0.0000,0.0674,0.2251,0.0378,,,,,,
53.5008,6,6,23.8713,77.3714,completed,81538.75,50571.63,-2.9615,1.22,0.0000,0.0246,0.1003,0.5721,0.3183,0.2243,,,,
29.8263,10,3,14.6936,44.6479,converged,81538.75,50571.63,-2.9615,1.22,0.0000,0.0327,0.0799,,,,,,,
20.0755,10,3,13.7369,33.8119,converged,81538.43,50571.57,-2.9595,1.31,0.0000,0.0431,0.0729,,,,,,,
24.4629,10,10,37.6593,62.1214,completed,81538.43,50571.57,-2.9595,1.31,0.0000,0.0558,0.1747,0.7234,1.3801,2.1743,0.3715,1.1881,0.6023,0.2118
35.9550,9,4,13.2451,49.1991,converged,81538.11,50571.51,-2.9610,1.35,0.0000,0.0440,0.1059,0.0407,,,,,,
36.7842,9,9,30.5207,67.3047,converged,81538.11,50571.51,-2.9610,1.35,0.0000,0.0812,0.1868,0.1321,0.4397,0.2421,0.1390,0.1122,0.0643,
57.1897,6,6,26.9422,84.1313,completed,81537.80,50571.45,-2.9627,1.38,0.0000,0.2283,4.0596,1.5544,3.0569,1.6902,,,,
50.9476,7,7,26.2856,77.2327,completed,81537.80,50571.45,-2.9627,1.38,0.0000,0.0883,0.1049,0.1931,0.4227,0.2680,0.2079,,,
41.8875,8,8,38.8675,80.7545,completed,81537.39,50571.37,-2.9640,1.39,0.0000,4.5816,7.5612,5.1161,1.5717,1.9661,1.1229,0.2518,,
57.0411,6,6,27.9758,85.0168,completed,81537.39,50571.37,-2.9640,1.39,0.0000,3.7168,1.9588,7.8733,0.6348,0.3500,,,,
57.7800,6,6,27.7551,85.5341,completed,81537.00,50571.30,-2.9644,1.36,0.0000,0.2189,5.9282,12.9278,2.0912,0.7498,,,,
35.8390,9,3,10.2264,46.0654,converged,81537.00,50571.30,-2.9644,1.36,0.0000,0.0180,0.0396,,,,,,,
50.1451,7,7,26.4826,76.6276,completed,81536.64,50571.23,-2.9652,1.34,0.0000,0.0505,0.1039,0.1375,0.3642,0.6221,0.2246,,,
58.3264,5,5,20.6682,78.9942,completed,81536.64,50571.23,-2.9652,1.34,0.0000,0.5982,2.5370,2.5040,0.8444,,,,,
44.3404,8,8,28.5624,72.9024,completed,81536.26,50571.16,-2.9628,1.16,0.0000,0.0716,0.4797,2.1021,2.0237,2.4948,0.9575,0.4510,,
45.1827,8,3,10.1129,55.2950,converged,81536.26,50571.16,-2.9628,1.16,0.0000,0.0462,0.0589,,,,,,,
37.6540,9,3,10.5421,48.1952,converged,81535.96,50571.10,-2.9622,1.14,0.0000,0.0125,0.0298,,,,,,,
48.5996,7,7,26.0243,74.6234,completed,81535.96,50571.10,-2.9622,1.14,0.0000,0.0759,0.1565,0.2562,0.1969,0.2372,0.1810,,,
46.2694,7,3,11.1255,57.3945,converged,81535.67,50571.04,-2.9671,1.19,0.0000,0.0105,0.0407,,,,,,,
54.6072,6,6,28.1787,82.7858,completed,81535.67,50571.04,-2.9671,1.19,0.0000,0.0631,0.1295,0.2658,0.5511,0.3351,,,,
27.1863,10,3,8.8186,36.0047,converged,81535.33,50570.97,-2.9691,1.38,0.0000,0.0462,0.0509,,,,,,,
58.5016,5,5,24.6298,83.1308,completed,81535.33,50570.97,-2.9691,1.38,0.0000,0.1331,0.3147,0.6147,0.2511,,,,,
50.3127,7,7,30.2017,80.5137,converged,81534.93,50570.90,-2.9712,1.70,0.0000,0.0223,0.1169,0.4952,0.8953,0.7056,0.0982,,,
48.6758,7,7,39.4074,88.0824,completed,81534.93,50570.90,-2.9712,1.70,0.0000,0.0624,0.1002,0.2425,0.8587,0.3207,0.2161,,,
45.0436,8,8,29.2923,74.3353,completed,81534.36,50570.79,-2.9740,2.14,0.0000,0.0422,0.1050,0.2875,0.4270,0.6817,0.5123,0.3391,,
44.8526,8,3,13.1139,57.9660,converged,81534.36,50570.79,-2.9740,2.14,0.0000,0.0297,0.0686,,,,,,,
23.5857,10,10,43.0563,66.6413,completed,81533.66,50570.67,-2.9778,2.52,0.0000,0.0807,0.1284,0.4404,1.3246,1.8756,2.0168,1.0499,0.3995,0.3014
34.5070,9,3,10.7311,45.2382,converged,81533.66,50570.67,-2.9778,2.52,0.0000,0.0469,0.0408,,,,,,,
27.5820,10,3,9.8298,37.4118,converged,81533.04,50570.56,-2.9827,2.84,0.0000,0.0168,0.0336,,,,,,,
28.4710,10,3,12.0309,40.5009,converged,81533.04,50570.56,-2.9827,2.84,0.0000,0.0275,0.0367,,,,,,,
33.5773,10,3,10.1664,43.7435,converged,81532.37,50570.45,-2.9847,3.03,0.0000,0.0184,0.0487,,,,,,,
55.2581,6,6,29.6493,84.9073,completed,81532.37,50570.45,-2.9847,3.03,0.0000,0.0698,0.3951,0.2221,0.3600,0.5157,,,,
43.6366,8,3,9.2107,52.8467,converged,81531.63,50570.33,-2.9871,3.22,0.0000,0.0143,0.0495,,,,,,,
23.5674,10,10,42.7626,66.3619,completed,81531.63,50570.33,-2.9871,3.22,0.0000,0.0415,0.1264,0.1978,0.5664,0.7260,1.0223,0.8429,0.1947,0.2959
30.8532,10,3,18.0814,48.9344,converged,81530.71,50570.17,-2.9899,3.39,0.0000,0.0307,0.0797,,,,,,,
38.4473,9,3,17.0970,55.5441,converged,81530.71,50570.17,-2.9899,3.39,0.0000,0.0377,0.0533,,,,,,,
31.4136,10,3,11.1006,42.5137,converged,81529.88,50570.04,-2.9857,3.52,0.0000,0.0137,0.0092,,,,,,,
56.3306,6,6,34.1765,90.5065,completed,81529.88,50570.04,-2.9857,3.52,0.0000,0.0356,0.1255,0.2959,0.5333,0.4914,,,,
39.8423,9,4,25.3762,65.2183,converged,81528.88,50569.87,-2.9761,3.66,0.0000,0.0683,0.1196,0.0510,,,,,,
33.8639,10,10,50.9795,84.8425,completed,81528.88,50569.87,-2.9761,3.66,0.0000,0.0878,0.1805,0.2287,0.2962,0.4750,0.9103,0.5543,0.4074,0.3747
29.2028,10,10,53.6267,82.8287,completed,81527.86,50569.68,-2.9622,3.70,0.0000,0.0919,0.1387,0.1313,0.1004,0.4716,0.1956,0.3436,0.5529,0.4863
36.7611,9,9,34.1127,70.8737,completed,81527.86,50569.68,-2.9622,3.70,0.0000,0.0782,0.1254,0.1255,0.1964,1.0412,1.0272,0.8140,0.3439,
20.1547,10,10,44.2544,64.4084,completed,81526.98,50569.50,-2.9381,3.73,0.0000,0.1058,0.1560,0.1287,0.1678,0.9183,0.3699,0.3456,0.5319,0.4756
30.2945,10,4,20.8304,51.1244,converged,81526.98,50569.50,-2.9381,3.73,0.0000,0.0766,0.1069,0.0924,,,,,,
56.1895,6,6,31.2876,87.4766,completed,81526.03,50569.29,-2.9110,3.76,0.0000,0.2391,0.1963,1.4487,2.1769,1.2093,,,,
41.9706,8,8,43.3265,85.2965,completed,81526.03,50569.29,-2.9110,3.76,0.0000,0.1741,0.2296,0.1255,0.7065,0.7719,0.5513,0.3451,,
28.9327,10,5,21.8698,50.8019,converged,81524.86,50568.97,-2.8601,3.80,0.0000,0.1671,0.1952,0.1529,0.0973,,,,,
51.0895,7,7,31.7108,82.7999,completed,81524.86,50568.97,-2.8601,3.80,0.0000,0.1730,0.1743,0.1909,1.9792,0.5776,0.5068,,,
30.9905,10,10,43.2126,74.2026,completed,81523.84,50568.64,-2.8066,3.89,0.0000,0.1797,0.2026,0.1424,0.1172,0.6091,0.6292,0.5073,0.3145,0.2791
55.6240,6,3,13.8119,69.4359,converged,81523.84,50568.64,-2.8066,3.89,0.0000,0.2543,0.0859,,,,,,,
39.4134,9,4,21.5418,60.9548,converged,81522.77,50568.23,-2.7413,3.94,0.0000,0.1768,0.2094,0.0401,,,,,,
21.5197,10,4,16.1576,37.6766,converged,81522.77,50568.23,-2.7413,3.94,0.0000,0.1303,0.1594,0.0808,,,,,,
50.2585,7,7,32.0995,82.3575,completed,81521.94,50567.85,-2.6888,3.98,0.0000,0.2016,0.1677,0.8105,0.7908,0.3839,0.3491,,,
55.6340,6,6,34.2620,89.8951,completed,81521.94,50567.85,-2.6888,3.98,0.0000,0.1842,0.1112,1.3267,0.5607,0.4329,,,,
34.9002,9,9,40.2768,75.1769,completed,81520.88,50567.27,-2.5942,4.02,0.0000,0.1231,0.1050,0.1963,1.5050,1.0894,0.6043,0.4199,0.2778,
24.1098,10,10,37.6996,61.8087,completed,81520.88,50567.27,-2.5942,4.02,0.0000,0.1126,0.1397,0.1242,0.1983,0.4733,0.4187,0.9212,0.4238,0.2715
58.6523,5,5,22.6270,81.2791,completed,81520.01,50566.69,-2.5106,4.01,0.0000,0.2673,0.8520,3.6021,1.3457,,,,,
42.1788,8,8,31.6666,73.8447,completed,81520.01,50566.69,-2.5106,4.01,0.0000,0.1317,0.1401,0.2109,2.3945,2.0869,0.7490,0.4348,,
52.8153,6,6,24.7280,77.5431,completed,81519.16,50566.02,-2.4307,3.98,0.0000,0.2930,0.1054,1.0267,0.9721,0.7456,,,,
53.3597,6,6,22.9831,76.3421,completed,81519.16,50566.02,-2.4307,3.98,0.0000,0.2767,0.2057,1.7911,0.9069,0.6051,,,,
29.4878,10,4,12.6808,42.1679,converged,81518.29,50565.21,-2.3333,3.91,0.0000,0.2584,0.2550,0.0612,,,,,,
38.2527,9,9,31.5864,69.8385,completed,81518.29,50565.21,-2.3333,3.91,0.0000,0.3248,0.3583,0.1081,0.8608,0.3898,0.1922,0.4840,0.4944,
23.9641,10,10,37.9655,61.9295,completed,81517.64,50564.50,-2.2508,3.86,0.0000,0.4846,0.5010,0.1955,1.0927,0.8727,0.5296,0.6373,0.5606,0.4224
27.1314,10,5,15.3394,42.4705,converged,81517.64,50564.50,-2.2508,3.86,0.0000,0.3283,0.3571,0.1510,0.0689,,,,,
28.1816,10,4,13.5019,41.6829,converged,81517.07,50563.73,-2.1628,3.79,0.0000,0.3078,0.3666,0.0845,,,,,,
35.4668,9,9,33.8910,69.3570,completed,81517.07,50563.73,-2.1628,3.79,0.0000,0.2580,0.2607,0.1550,1.6467,2.2736,1.4481,0.7651,0.5856,
57.3036,6,6,23.6062,80.9092,completed,81516.56,50562.92,-2.0747,3.91,0.0000,0.4057,0.4215,1.6971,2.4603,1.0965,,,,
28.5862,10,10,36.4346,65.0206,completed,81516.56,50562.92,-2.0747,3.91,0.0000,0.2481,0.3466,0.3062,0.1133,0.7281,1.0642,0.6418,0.6011,0.4657
53.5063,6,6,27.3371,80.8432,completed,81516.11,50562.03,-1.9753,4.07,0.0000,0.2638,0.4965,0.7305,0.8306,0.7610,,,,
51.5901,7,7,39.8135,91.4036,completed,81516.11,50562.03,-1.9753,4.07,0.0000,0.1846,0.2799,0.2426,1.9866,1.3279,0.7767,,,
45.9849,8,8,40.0924,86.0765,completed,81515.64,50560.75,-1.8550,4.32,0.0000,0.0785,0.3438,0.5054,0.5267,1.1241,0.5865,0.4386,,
42.4506,8,8,30.2115,72.6615,completed,81515.64,50560.75,-1.8550,4.32,0.0000,0.0699,0.1947,0.2473,0.6285,2.0539,1.5705,0.8481,,
54.4265,6,6,23.2653,77.6913,completed,81515.28,50559.35,-1.7560,4.62,0.0000,0.3030,0.8220,0.5904,0.8089,0.3907,,,,
50.8459,7,7,25.7797,76.6247,completed,81515.28,50559.35,-1.7560,4.62,0.0000,0.1380,0.2809,0.3939,0.9804,1.2078,0.7719,,,
29.0286,10,10,40.3588,69.3868,completed,81515.07,50557.95,-1.6594,4.84,0.0000,0.2116,0.4006,0.4616,0.2872,0.2350,0.5905,0.6170,0.2146,0.1488
37.1498,9,9,31.4823,68.6314,completed,81515.07,50557.95,-1.6594,4.84,0.0000,0.0319,0.1565,0.2578,0.2719,1.7201,3.2841,1.5412,0.5418,
51.7448,7,7,39.4738,91.2178,completed,81514.98,50556.56,-1.5793,5.12,0.0000,0.1066,0.6675,0.1867,1.0089,0.4879,0.1554,,,
36.9003,9,9,40.1419,77.0419,completed,81514.98,50556.56,-1.5793,5.12,0.0000,0.0845,0.2425,0.1978,0.2051,0.1619,1.1375,1.1172,0.5402,
59.5802,5,5,22.9962,82.5762,completed,81515.02,50554.86,-1.4933,5.46,0.0000,0.2517,0.3366,0.3252,0.5590,,,,,
32.0649,10,10,43.8786,75.9427,completed,81515.02,50554.86,-1.4933,5.46,0.0000,0.1107,0.1779,0.1333,0.1131,0.4623,0.2836,0.4112,0.3324,0.1396
36.7471,9,9,38.6547,75.4017,completed,81515.14,50553.57,-1.4406,5.73,0.0000,0.2219,0.3992,0.3587,0.5702,0.7887,0.5297,0.6771,0.2030,
27.2343,10,5,28.6710,55.9050,converged,81515.14,50553.57,-1.4406,5.73,0.0000,0.2218,0.3202,0.2176,0.0722,,,,,
48.5940,7,7,26.8400,75.4330,completed,81515.41,50551.73,-1.3950,6.09,0.0000,0.1903,0.2664,0.2013,1.1464,0.6202,0.5197,,,
52.6333,6,6,31.2456,83.8787,completed,81515.41,50551.73,-1.3950,6.09,0.0000,0.1524,0.3493,0.7745,0.7949,0.5863,,,,
23.1281,10,3,13.9273,37.0554,converged,81515.72,50550.06,-1.3545,6.34,0.0000,0.0187,0.0560,,,,,,,
42.9809,8,8,28.3933,71.3733,completed,81515.72,50550.06,-1.3545,6.34,0.0000,0.0380,0.1186,0.2870,0.8829,0.6105,0.1653,0.1676,,
48.1779,7,3,11.3263,59.5033,converged,81516.08,50548.43,-1.3314,6.50,0.0000,0.1187,0.0307,,,,,,,
29.1753,10,3,16.6504,45.8255,converged,81516.08,50548.43,-1.3314,6.50,0.0000,0.0178,0.0912,,,,,,,
31.5235,10,10,36.2979,67.8210,completed,81516.45,50546.90,-1.3175,6.60,0.0000,0.2192,0.1786,0.1157,0.5835,0.5380,0.2752,0.2665,0.2506,0.1544
26.8161,10,3,10.2188,37.0348,converged,81516.45,50546.90,-1.3175,6.60,0.0000,0.0159,0.0966,,,,,,,
38.8729,9,9,36.6759,75.5479,completed,81516.81,50545.47,-1.3158,6.69,0.0000,0.2256,0.2101,0.1785,0.8941,0.9477,0.5478,0.3830,0.3725,
25.7146,10,3,9.5421,35.2561,converged,81516.81,50545.47,-1.3158,6.69,0.0000,0.0316,0.0597,,,,,,,
25.3571,10,10,48.9903,74.3474,completed,81517.23,50543.84,-1.3134,6.80,0.0000,0.1500,0.1842,0.1969,0.4501,1.0326,0.2916,0.5246,0.1452,0.1603
50.6285,7,7,33.6496,84.2776,completed,81517.23,50543.84,-1.3134,6.80,0.0000,0.0674,0.1709,0.8468,0.5823,0.5457,0.2524,,,
20.9169,10,3,11.6773,32.5934,converged,81517.73,50541.93,-1.3108,6.93,0.0000,0.0303,0.0550,,,,,,,
27.9630,10,4,18.5428,46.5048,converged,81517.73,50541.93,-1.3108,6.93,0.0000,0.0675,0.1093,0.0780,,,,,,
40.7737,8,8,51.7615,92.5345,completed,81518.11,50540.48,-1.3129,7.05,0.0000,0.1426,0.1763,0.2411,0.5624,0.3956,0.3408,0.1454,,
48.5848,7,7,25.9232,74.5072,completed,81518.11,50540.48,-1.3129,7.05,0.0000,0.1260,0.2085,0.5209,0.6785,1.0499,0.7845,,,
37.7651,9,3,14.0506,51.8157,converged,81518.64,50538.50,-1.3141,7.30,0.0000,0.0319,0.0660,,,,,,,
26.4732,10,4,26.7873,53.2604,converged,81518.64,50538.50,-1.3141,7.30,0.0000,0.1041,0.1453,0.0881,,,,,,
31.7606,10,10,42.3553,74.1153,completed,81519.10,50536.75,-1.3191,7.45,0.0000,0.0341,0.1067,0.1302,0.2561,0.3324,0.1492,0.2539,0.3824,0.3435
30.2763,10,9,34.6774,64.9535,converged,81519.10,50536.75,-1.3191,7.45,0.0000,0.1205,0.1862,0.1967,0.2849,0.2743,0.2136,0.2224,0.0686,
30.3851,10,10,54.9587,85.3437,completed,81519.61,50534.79,-1.3247,7.64,0.0000,0.2702,0.3387,0.3830,0.3599,0.2171,0.2796,0.2897,0.4071,0.3238
47.1648,7,7,26.6887,73.8527,completed,81519.61,50534.79,-1.3247,7.64,0.0000,0.0826,0.1282,0.5490,0.4400,0.2094,0.2055,,,
27.1469,10,10,38.6584,65.8044,completed,81520.08,50532.92,-1.3304,7.79,0.0000,0.0777,0.1428,0.3035,0.3741,0.4643,0.5814,0.7501,0.5831,0.3977
52.8986,6,6,24.0257,76.9238,completed,81520.08,50532.92,-1.3304,7.79,0.0000,0.0581,0.2588,0.3740,0.6539,0.7877,,,,
22.5423,10,10,39.7726,62.3146,completed,81520.64,50530.62,-1.3391,7.85,0.0000,0.9928,0.4423,2.2310,1.9912,0.3059,0.1288,0.2306,0.3395,0.3534
25.1425,10,10,35.4409,60.5829,completed,81520.64,50530.62,-1.3391,7.85,0.0000,0.1505,0.1236,0.2546,0.3359,0.2664,0.1177,0.1300,0.1835,0.1875
23.9220,10,10,57.0480,80.9700,completed,81521.10,50528.66,-1.3482,7.93,0.0000,0.4602,1.1181,4.3850,2.2610,1.2185,0.3282,0.2637,0.3177,0.2964
33.4620,10,3,16.5369,49.9989,converged,81521.10,50528.66,-1.3482,7.93,0.0000,0.0147,0.0647,,,,,,,
33.4804,10,10,40.6036,74.0836,completed,81521.54,50526.71,-1.3549,7.99,0.0000,2.4883,1.9407,4.9013,5.1525,1.0064,0.2647,0.2400,0.3303,0.2437
41.4479,8,7,37.7664,79.2134,converged,81521.54,50526.71,-1.3549,7.99,0.0000,0.1021,0.1626,0.3753,0.2769,0.1896,0.0795,,,
52.4132,6,6,24.4059,76.8190,completed,81522.05,50524.41,-1.3625,7.94,0.0000,3.5471,2.0255,3.7561,0.9091,0.5683,,,,
28.9619,10,10,41.4614,70.4225,completed,81522.05,50524.41,-1.3625,7.94,0.0000,0.2662,0.4483,0.3348,0.6474,0.1242,0.1211,0.3138,0.2586,0.1824
30.6285,10,3,11.8701,42.4982,converged,81522.50,50522.32,-1.3692,7.59,0.0000,0.4092,0.0857,,,,,,,
24.1510,10,10,48.8040,72.9550,completed,81522.50,50522.32,-1.3692,7.59,0.0000,4.6662,8.3303,3.7063,9.9094,10.9602,0.5516,0.6492,0.4468,0.2616
33.8548,10,10,47.5235,81.3775,completed,81522.84,50520.65,-1.3754,7.27,0.0000,0.8435,1.1457,1.6563,0.3818,1.6992,1.0980,0.2205,0.2662,0.2855
53.3824,6,6,28.2791,81.6612,completed,81522.84,50520.65,-1.3754,7.27,0.0000,14.2090,8.8099,10.4383,4.8031,2.4881,,,,
25.5481,10,10,36.8415,62.3895,completed,81523.25,50518.57,-1.3814,6.95,0.0000,0.1581,0.5858,4.4092,7.4745,0.3615,0.1816,0.4124,0.1599,0.2177
27.3634,10,10,42.7696,70.1326,completed,81523.25,50518.57,-1.3814,6.95,0.0000,9.2973,12.1414,5.7172,4.6320,2.9143,2.4517,0.5772,0.4775,0.3955
59.3027,5,5,19.2141,78.5162,completed,81523.60,50516.75,-1.3869,6.83,0.0000,0.8345,0.7184,0.5502,0.7958,,,,,
27.4736,10,10,39.1501,66.6231,completed,81523.60,50516.75,-1.3869,6.83,0.0000,6.1878,3.6292,15.2042,9.5266,1.6496,3.4400,1.1304,0.6383,0.6639
48.4298,7,7,34.2020,82.6311,completed,81523.98,50514.75,-1.3897,6.86,0.0000,1.6931,0.7356,17.9691,1.5804,0.4878,0.2461,,,
36.1023,9,9,51.1965,87.2986,completed,81523.98,50514.75,-1.3897,6.86,0.0000,1.8542,1.5394,0.7740,2.6286,0.8257,0.4005,0.2845,0.2394,
41.6551,8,8,29.4769,71.1319,completed,81524.35,50512.73,-1.3961,6.85,0.0000,0.8671,2.9241,7.2906,0.8868,0.7663,0.7677,0.3978,,
24.4379,10,10,35.8194,60.2565,completed,81524.35,50512.73,-1.3961,6.85,0.0000,0.9865,0.9844,0.5455,1.2673,2.3124,1.4593,0.6585,0.4533,0.3481
35.0828,9,9,42.3048,77.3869,completed,81524.67,50510.84,-1.4152,6.86,0.0000,0.4245,0.7615,2.0717,1.9577,0.4949,0.3156,0.3854,0.1385,
48.5731,7,7,27.1132,75.6862,completed,81524.67,50510.84,-1.4152,6.86,0.0000,2.0037,1.6480,1.8049,2.1452,0.7708,0.3357,,,
36.9020,9,9,39.4794,76.3814,completed,81524.98,50508.94,-1.4096,7.04,0.0000,0.9946,3.9353,7.3723,5.5589,1.4077,0.5367,0.5987,0.3897,
31.7130,10,10,39.1289,70.8419,completed,81524.98,50508.94,-1.4096,7.04,0.0000,1.5972,1.4728,1.4203,2.5125,1.6561,1.7178,0.4280,0.2772,0.1063
25.0095,10,10,33.5618,58.5709,converged,81525.34,50506.79,-1.4067,7.35,0.0000,0.5196,0.8060,1.0806,1.6574,0.6823,0.5806,0.3351,0.1878,0.0864
50.2279,7,7,26.4560,76.6831,completed,81525.34,50506.79,-1.4067,7.35,0.0000,0.6392,0.5093,1.1519,1.3206,1.0619,0.4680,,,
37.8576,9,9,32.1605,70.0176,completed,81525.68,50504.79,-1.4043,7.62,0.0000,0.3035,0.4637,0.6163,2.3851,0.6228,0.4833,0.5947,0.1878,
55.5971,6,6,33.2340,88.8310,completed,81525.68,50504.79,-1.4043,7.62,0.0000,1.1858,0.4592,1.5336,0.4240,0.3280,,,,
40.2139,8,8,35.5637,75.7768,completed,81526.06,50502.57,-1.4022,7.84,0.0000,0.9661,1.3891,1.2967,3.1828,0.8775,0.5367,0.2817,,
52.2801,6,6,34.7306,87.0106,completed,81526.06,50502.57,-1.4022,7.84,0.0000,0.9508,0.5788,1.8995,0.3230,0.2289,,,,
20.5663,10,10,43.5153,64.0813,completed,81526.47,50500.19,-1.4007,8.02,0.0000,0.3549,0.5359,0.4751,1.4742,2.7665,0.7423,0.3646,0.3243,0.1749
20.2062,10,10,46.6328,66.8388,converged,81526.47,50500.19,-1.4007,8.02,0.0000,0.3830,0.6977,0.4632,1.2246,2.6441,1.4171,0.6754,0.3209,0.0970
49.3978,7,7,32.4175,81.8145,completed,81526.82,50498.16,-1.3988,8.17,0.0000,0.5276,0.4953,1.5181,2.3915,0.7957,0.3036,,,
32.7538,10,10,40.2092,72.9622,completed,81526.82,50498.16,-1.3988,8.17,0.0000,0.3540,0.5329,0.2183,0.2932,1.2585,2.0748,0.6228,0.3145,0.1557
35.0352,9,9,34.7246,69.7596,completed,81527.25,50495.71,-1.3973,8.35,0.0000,0.1661,0.2332,0.1913,1.5583,1.4047,0.7727,0.7635,0.5421,
50.0981,7,7,43.5783,93.6764,completed,81527.25,50495.71,-1.3973,8.35,0.0000,0.3175,0.1043,0.3967,0.9425,0.3226,0.1136,,,
30.8138,10,10,47.8418,78.6548,completed,81527.71,50493.13,-1.3955,8.48,0.0000,0.0501,0.2349,0.3886,0.5528,1.7766,0.3264,0.8904,0.5724,0.1860
28.8983,10,10,39.2053,68.1033,completed,81527.71,50493.13,-1.3955,8.48,0.0000,0.2350,0.3583,0.4433,1.7507,2.0809,1.1196,0.7592,0.3592,0.1112
59.7002,5,5,24.2339,83.9339,completed,81528.14,50490.71,-1.3945,8.55,0.0000,0.3075,0.8147,1.6048,0.5155,,,,,
49.0615,7,7,32.6962,81.7573,completed,81528.14,50490.71,-1.3945,8.55,0.0000,0.5201,0.5394,3.0755,2.7211,1.7399,0.8256,,,
46.1337,7,7,29.9826,76.1157,completed,81528.56,50488.35,-1.3946,8.59,0.0000,0.5069,0.5237,15.1154,12.9037,4.2485,1.7103,,,
54.4884,6,6,22.1225,76.6106,completed,81528.56,50488.35,-1.3946,8.59,0.0000,0.4181,0.1847,5.2438,2.7474,1.6929,,,,
31.7625,10,10,38.5858,70.3478,completed,81528.97,50486.06,-1.3941,8.61,0.0000,1.4736,2.4155,3.3342,3.1470,0.8837,1.0801,1.2399,0.4798,0.2528
35.6785,9,9,36.8738,72.5518,completed,81528.97,50486.06,-1.3941,8.61,0.0000,0.1057,0.1704,0.1185,4.1129,2.7213,2.0284,1.0498,0.4962,
57.4919,6,6,30.3066,87.7976,completed,81529.46,50483.31,-1.3957,8.61,0.0000,3.1594,7.0365,3.5076,1.4166,0.4959,,,,
44.0255,8,8,32.5870,76.6120,completed,81529.46,50483.31,-1.3957,8.61,0.0000,0.2023,0.3050,0.5108,1.7997,1.1324,0.5440,0.1903,,
28.8480,10,10,55.5984,84.4465,completed,81529.87,50481.02,-1.3947,8.61,0.0000,1.0896,1.6030,2.5609,2.3051,0.5423,1.0030,0.8500,0.5002,0.3843
39.7638,9,9,31.9451,71.7082,completed,81529.87,50481.02,-1.3947,8.61,0.0000,0.1561,0.5063,0.8213,1.9982,1.0087,1.4595,0.8582,0.3640,
48.4146,7,7,31.8906,80.3046,completed,81530.32,50478.49,-1.3945,8.60,0.0000,0.2776,2.0083,5.0162,1.3956,1.3989,0.4907,,,
35.7941,9,9,39.5136,75.3076,completed,81530.32,50478.49,-1.3945,8.60,0.0000,0.3665,1.1034,2.1883,1.5068,1.3797,0.7306,0.3551,0.2043,
37.1495,9,9,38.7353,75.8843,completed,81530.77,50475.95,-1.3941,8.60,0.0000,0.8528,1.3565,2.3272,2.0551,3.5566,1.3432,0.2591,0.1759,
52.9979,6,6,31.4836,84.4806,completed,81530.77,50475.95,-1.3941,8.60,0.0000,0.2249,3.1470,2.0711,1.4665,0.7143,,,,
20.7329,10,10,44.3398,65.0719,completed,81531.23,50473.42,-1.3945,8.59,0.0000,0.3515,0.4193,0.1710,2.8021,4.1150,1.2146,0.3181,0.2232,0.1127
23.7496,10,3,14.4592,38.2082,converged,81531.23,50473.42,-1.3945,8.59,0.0000,0.1966,0.0870,,,,,,,
54.5424,6,6,31.5922,86.1342,completed,81531.60,50471.31,-1.3949,8.59,0.0000,0.5799,0.1475,4.3175,2.5188,1.0401,,,,
43.2457,8,8,28.2716,71.5167,completed,81531.60,50471.31,-1.3949,8.59,0.0000,0.5755,1.1561,1.1723,2.1338,1.9231,1.3553,0.5232,,
33.4211,10,10,43.0546,76.4756,completed,81531.98,50469.20,-1.3950,8.58,0.0000,0.0929,0.1993,0.7753,0.5828,1.1282,0.7741,0.3481,0.1061,0.1094
41.7737,8,8,31.6154,73.3885,completed,81531.98,50469.20,-1.3950,8.58,0.0000,0.6929,0.9439,0.4537,1.6679,1.0686,0.5190,0.2357,,
50.9865,7,7,24.7700,75.7560,completed,81532.44,50466.61,-1.3949,8.57,0.0000,0.2523,0.7974,6.1300,5.3528,2.0219,0.7657,,,
41.1118,8,8,30.6076,71.7187,completed,81532.44,50466.61,-1.3949,8.57,0.0000,0.1929,0.5050,0.3312,1.5954,0.6465,0.2820,0.1012,,
34.4762,9,9,33.2901,67.7661,completed,81532.90,50464.08,-1.3950,8.55,0.0000,0.2337,0.2240,0.2437,4.3781,4.3023,1.3625,0.3328,0.1336,
32.6409,10,10,50.3618,83.0018,completed,81532.90,50464.08,-1.3950,8.55,0.0000,0.1499,0.1060,1.1327,3.8655,2.1070,0.3643,0.3884,0.2049,0.2318
44.1219,8,8,35.5679,79.6889,completed,81533.34,50461.62,-1.3956,8.52,0.0000,0.5924,0.9253,0.2240,0.7646,0.4020,0.2041,0.1341,,
31.5737,10,3,11.4483,43.0214,converged,81533.34,50461.62,-1.3956,8.52,0.0000,0.1378,0.0915,,,,,,,
54.7146,6,6,28.2123,82.9263,completed,81533.72,50459.47,-1.3959,8.50,0.0000,0.7555,0.7565,0.6618,0.8109,0.2016,,,,
45.4620,8,8,30.2297,75.6917,completed,81533.72,50459.47,-1.3959,8.50,0.0000,0.4363,0.7498,0.7522,2.1799,0.7772,0.5776,0.3255,,
49.2895,7,7,27.6875,76.9765,completed,81534.16,50456.96,-1.3955,8.47,0.0000,0.1138,0.4906,1.5242,1.5794,1.3330,0.5511,,,
24.0366,10,3,12.2877,36.3237,converged,81534.16,50456.96,-1.3955,8.47,0.0000,0.0535,0.0882,,,,,,,
54.9354,6,6,22.9381,77.8732,completed,81534.52,50454.93,-1.3949,8.45,0.0000,0.7760,0.5368,1.4896,1.0305,0.3310,,,,
21.7428,10,10,41.1375,62.8796,completed,81534.52,50454.93,-1.3949,8.45,0.0000,0.1456,0.2298,1.0277,1.6458,2.5077,0.4323,0.3639,0.1536,0.1035
38.9336,9,9,52.6653,91.5984,converged,81534.90,50452.81,-1.3947,8.44,0.0000,0.5478,0.8261,0.4701,1.9387,0.4870,0.1974,0.1622,0.0987,
59.7330,5,5,21.4895,81.2216,completed,81534.90,50452.81,-1.3947,8.44,0.0000,0.4509,12.1902,6.2312,2.7771,,,,,
54.5110,6,6,21.3640,75.8740,completed,81535.35,50450.32,-1.3944,8.43,0.0000,0.9675,1.0470,0.5130,1.5680,0.5533,,,,
22.8425,10,10,43.7561,66.5982,completed,81535.35,50450.32,-1.3944,8.43,0.0000,0.3758,0.6517,0.5010,0.9861,0.2438,0.4916,0.9442,0.5527,0.2127
30.1968,10,10,43.5198,73.7366,completed,81535.76,50448.00,-1.3945,8.44,0.0000,0.4411,0.8049,0.8869,0.5232,2.3649,0.9077,0.6173,0.2415,0.1350
49.8134,7,7,29.2157,79.0287,completed,81535.76,50448.00,-1.3945,8.44,0.0000,0.5173,0.7870,1.2362,0.7329,0.8748,0.4552,,,
