jitter_ms,planned_steps,actual_steps,denoise_ms,total_cycle_ms,stop_reason,ego_x,ego_y,ego_yaw,ego_vx,delta_0,delta_1,delta_2,delta_3,delta_4,delta_5,delta_6,delta_7,delta_8,delta_9
42.2617,8,4,21.5441,63.8051,converged,81377.36,49916.91,0.5890,0.00,0.0000,0.0134,0.4026,0.0639,,,,,,
47.8707,7,6,23.0268,70.8969,converged,81377.36,49916.91,0.5890,0.00,0.0000,0.1515,0.6406,1.0543,0.1479,0.0220,,,,
33.0808,10,10,60.1553,93.2353,completed,81377.36,49916.91,0.5890,0.00,0.0000,0.0389,0.1182,0.1169,0.5017,0.5781,1.0197,0.3014,0.2844,0.4775
25.4133,10,3,20.3570,45.7701,converged,81377.36,49916.91,0.5890,0.00,0.0000,0.1427,0.0879,,,,,,,
32.1384,10,3,16.5921,48.7301,converged,81377.36,49916.91,0.5890,0.00,0.0000,0.0188,0.0112,,,,,,,
42.5614,8,3,11.3435,53.9046,converged,81377.36,49916.91,0.5890,0.00,0.0000,0.0769,0.0934,,,,,,,
27.2404,10,5,36.5218,63.7619,converged,81377.36,49916.91,0.5890,0.00,0.0000,0.0736,0.1019,0.1559,0.0670,,,,,
40.2014,8,8,34.4866,74.6876,completed,81377.36,49916.91,0.5890,0.00,0.0000,0.1699,1.6321,3.5612,6.7230,3.5313,4.0641,3.5086,,
51.6750,7,3,13.3460,65.0201,converged,81377.36,49916.91,0.5890,0.00,0.0000,0.0150,0.0272,,,,,,,
31.7370,10,6,26.0490,57.7861,converged,81377.36,49916.91,0.5890,0.00,0.0000,0.0437,0.1965,0.3408,0.6599,0.0379,,,,
26.6450,10,6,26.8516,53.4957,converged,81377.36,49916.91,0.5890,0.00,0.0000,0.0240,0.1982,0.3584,0.8139,0.0286,,,,
28.9770,10,10,70.4668,99.4438,completed,81377.36,49916.91,0.5890,0.00,0.0000,0.1958,1.1567,4.2702,5.3564,7.4639,2.6999,3.2188,3.3044,2.7494
32.6456,10,3,18.1596,50.8047,converged,81377.36,49916.91,0.5889,0.00,0.0000,0.0405,0.0718,,,,,,,
45.9224,8,3,15.1909,61.1130,converged,81377.36,49916.91,0.5889,0.00,0.0000,0.0710,0.0875,,,,,,,
44.0512,8,5,18.6181,62.6692,converged,81377.36,49916.91,0.5890,0.00,0.0000,0.0802,0.1390,0.5686,0.0355,,,,,
29.5937,10,10,42.5856,72.1786,completed,81377.36,49916.91,0.5890,0.00,0.0000,0.0320,0.6399,1.7190,0.9216,0.5808,0.6275,1.5285,1.6354,1.7133
40.0729,8,6,30.6317,70.7038,converged,81377.36,49916.91,0.5890,0.00,0.0000,0.8816,1.4096,3.1174,0.2570,0.0435,,,,
28.8014,10,8,40.1426,68.9436,converged,81377.36,49916.91,0.5890,0.00,0.0000,0.1483,0.2533,0.2604,1.7266,0.3374,0.2579,0.0162,,
46.9588,7,7,40.6307,87.5888,completed,81377.36,49916.91,0.5890,0.00,0.0000,0.1852,0.2085,1.2095,0.5452,0.4125,1.2702,,,
57.9043,6,5,24.5719,82.4760,converged,81377.36,49916.91,0.5890,0.00,0.0000,0.0839,0.1134,0.3151,0.0911,,,,,
55.0206,6,6,36.6608,91.6809,completed,81377.36,49916.91,0.5890,0.00,0.0000,0.3854,2.7496,5.3019,2.9339,4.1336,,,,
49.6525,7,3,65.5948,115.2469,deadline,81377.36,49916.91,0.5890,0.00,0.0000,0.2415,2.1615,,,,,,,
27.8311,10,3,21.5312,49.3622,converged,81377.36,49916.91,0.5890,0.00,0.0000,0.1506,0.0936,,,,,,,
50.7773,7,3,15.1469,65.9239,converged,81377.36,49916.91,0.5890,0.00,0.0000,0.0294,0.0992,,,,,,,
32.4407,10,10,67.5912,100.0313,completed,81377.36,49916.91,0.5890,0.00,0.0000,0.1759,1.2909,3.4485,1.3647,4.8526,1.5593,2.5949,3.2217,2.8887
30.0422,10,10,57.6556,87.6976,completed,81377.36,49916.91,0.5890,0.00,0.0000,0.1362,0.1823,0.4638,0.4709,0.7338,0.3407,1.2416,2.0930,2.3380
25.6404,10,10,72.7799,98.4199,completed,81377.36,49916.91,0.5890,0.00,0.0000,0.1072,0.1598,0.2120,0.2168,0.5296,0.7271,1.0382,2.3398,2.8025
49.4807,7,7,44.4144,93.8945,completed,81377.36,49916.91,0.5890,0.00,0.0000,0.0606,0.1359,0.9241,3.0754,1.3042,0.6402,,,
24.7722,10,3,19.7123,44.4844,converged,81377.38,49916.92,0.5879,0.11,0.0000,0.0495,0.0952,,,,,,,
51.5778,7,7,43.3005,94.8775,completed,81377.38,49916.92,0.5879,0.11,0.0000,0.1965,0.4757,0.7959,2.9662,3.8202,4.2415,,,
30.0854,10,10,63.1235,93.2085,completed,81377.43,49916.96,0.5871,0.24,0.0000,0.3924,0.3965,1.1995,13.2714,7.3439,0.4019,0.3606,1.3056,2.2052
32.6463,10,10,62.1584,94.8044,completed,81377.43,49916.96,0.5871,0.24,0.0000,0.5795,0.7310,0.8596,11.9399,9.1923,0.7340,0.6275,1.8671,2.4771
53.6269,6,6,24.8266,78.4526,completed,81377.53,49917.02,0.5844,0.37,0.0000,1.3443,1.8280,1.4973,3.4700,6.3286,,,,
56.8049,6,6,23.9435,80.7475,completed,81377.53,49917.02,0.5844,0.37,0.0000,1.4037,1.7209,1.1859,4.2583,6.6032,,,,
30.9101,10,10,49.1424,80.0525,completed,81377.66,49917.11,0.5847,0.62,0.0000,0.6057,0.7961,0.4644,0.1884,1.1444,1.0068,3.3424,4.4975,4.1943
53.7781,6,6,29.0677,82.8457,completed,81377.66,49917.11,0.5847,0.62,0.0000,0.9891,0.8930,1.1968,2.4995,5.7551,,,,
27.7283,10,10,52.7686,80.4966,completed,81377.89,49917.26,0.5893,1.09,0.0000,0.6550,0.8497,0.5203,0.4946,1.2269,0.8766,3.2206,4.6890,4.5782
21.5657,10,4,33.2569,54.8219,converged,81377.89,49917.26,0.5893,1.09,0.0000,0.6257,0.6912,0.0534,,,,,,
59.8940,5,5,35.6207,95.5137,completed,81378.32,49917.55,0.5897,1.60,0.0000,0.3947,5.8460,6.0254,1.7655,,,,,
45.3603,8,8,45.7431,91.1031,completed,81378.32,49917.55,0.5897,1.60,0.0000,0.8869,1.1724,0.8367,1.1430,2.2075,5.2429,5.9700,,
49.0238,7,7,36.3373,85.3604,completed,81378.93,49917.96,0.5870,2.17,0.0000,0.5463,0.6916,0.4755,1.0248,4.7522,6.5138,,,
45.0129,8,8,36.7459,81.7579,completed,81378.93,49917.96,0.5870,2.17,0.0000,0.9009,1.1505,1.2878,0.6963,2.7791,6.0290,6.3770,,
20.1980,10,10,67.1760,87.3740,completed,81379.59,49918.40,0.5864,2.49,0.0000,0.4516,0.4618,0.6393,1.2060,0.8183,1.9889,4.7062,5.9135,5.3007
57.1887,6,6,34.7518,91.9399,completed,81379.59,49918.40,0.5864,2.49,0.0000,1.3989,2.6935,2.9059,5.5473,8.3133,,,,
52.0052,6,6,29.2837,81.2887,completed,81380.35,49918.90,0.5798,3.02,0.0000,0.3703,1.6243,2.7184,6.5407,8.5042,,,,
50.6112,7,7,40.7869,91.3979,completed,81380.35,49918.90,0.5798,3.02,0.0000,0.3866,1.1805,1.4511,1.8747,3.9960,6.9336,,,
42.8964,8,3,13.3641,56.2601,converged,81381.28,49919.50,0.5768,3.66,0.0000,0.1712,0.0799,,,,,,,
57.9097,6,6,40.8355,98.7445,completed,81381.28,49919.50,0.5768,3.66,0.0000,0.0676,0.2330,2.5826,5.0389,8.5751,,,,
21.1329,10,10,72.3240,93.4560,completed,81382.34,49920.20,0.5730,4.20,0.0000,0.2229,0.1166,0.1154,0.6040,1.3441,4.1320,5.4703,6.7876,5.7783
28.1591,10,10,56.9272,85.0863,completed,81382.34,49920.20,0.5730,4.20,0.0000,0.0847,0.2563,1.0648,4.0653,7.7985,3.7722,5.0424,5.6511,4.9930
23.5638,10,10,49.3260,72.8890,completed,81383.57,49920.98,0.5707,4.81,0.0000,0.5807,0.7024,0.2067,2.2292,4.4852,3.8137,6.0570,6.6436,5.6540
28.4263,10,10,59.6407,88.0667,completed,81383.57,49920.98,0.5707,4.81,0.0000,0.3382,0.2725,0.7159,4.4231,7.5674,3.4491,4.9871,5.0699,4.3837
46.5711,7,7,44.9552,91.5263,completed,81384.93,49921.85,0.5690,5.23,0.0000,0.3255,0.7668,8.0193,4.7977,4.9489,6.4705,,,
33.4973,10,9,61.1992,94.6962,deadline,81384.93,49921.85,0.5690,5.23,0.0000,0.7168,0.7157,0.1899,1.4026,1.7629,5.7236,7.2118,7.2682,
50.7061,7,7,33.7025,84.4085,completed,81386.70,49922.98,0.5735,5.60,0.0000,0.0706,0.2993,1.5508,4.5291,9.0115,8.0262,,,
27.4407,10,10,46.9978,74.4379,completed,81386.70,49922.98,0.5735,5.60,0.0000,0.2457,0.2839,0.1196,1.3308,1.9924,5.2084,6.5047,7.4603,6.3452
48.6008,7,3,15.9191,64.5191,converged,81388.13,49923.90,0.5667,5.85,0.0000,0.1160,0.0713,,,,,,,
55.0800,6,6,38.3417,93.4217,completed,81388.13,49923.90,0.5667,5.85,0.0000,0.7170,0.8234,3.9038,6.3480,8.2982,,,,
34.1657,9,9,57.2183,91.3833,completed,81389.81,49924.98,0.5834,6.24,0.0000,0.0518,0.1832,0.4757,1.5225,4.3514,6.9516,7.9512,6.5693,
54.9853,6,3,15.6727,70.6578,converged,81389.81,49924.98,0.5834,6.24,0.0000,0.1038,0.0866,,,,,,,
49.9915,7,7,40.9601,90.9512,completed,81391.58,49926.15,0.5959,6.60,0.0000,0.1552,0.1617,1.9929,3.2379,6.3327,7.8716,,,
57.8473,6,6,28.3935,86.2405,completed,81391.58,49926.15,0.5959,6.60,0.0000,0.1630,0.2206,4.5764,3.7125,7.2379,,,,
48.3458,7,7,42.6730,91.0181,completed,81393.48,49927.47,0.6154,6.95,0.0000,0.4746,1.2507,2.1672,3.7453,7.6439,8.6698,,,
38.7494,9,8,58.3129,97.0620,deadline,81393.48,49927.47,0.6154,6.95,0.0000,0.2348,0.5399,0.4214,1.3393,3.2971,5.3917,7.5364,,
28.9055,10,10,57.7343,86.6393,completed,81395.40,49928.84,0.6270,7.30,0.0000,0.2401,0.5386,0.6078,0.3279,1.4632,2.9258,5.2517,7.0383,6.0323
45.6572,8,8,44.9840,90.6410,completed,81395.40,49928.84,0.6270,7.30,0.0000,0.6056,1.0122,1.5019,2.3361,6.3330,8.8666,8.3164,,
27.7378,10,10,62.4763,90.2133,completed,81397.51,49930.40,0.6463,7.67,0.0000,0.1175,0.4032,0.3333,0.3736,2.0781,3.7382,6.5562,6.6317,5.1620
35.8136,9,9,61.9084,97.7214,completed,81397.51,49930.40,0.6463,7.67,0.0000,0.2895,0.6684,0.8267,1.5390,1.6346,4.8300,7.2024,5.9306,
57.6961,6,6,44.7093,102.4053,completed,81399.70,49932.08,0.6675,8.07,0.0000,1.0718,2.9232,6.4012,8.4855,11.2115,,,,
53.3402,6,6,35.4063,88.7463,completed,81399.70,49932.08,0.6675,8.07,0.0000,0.6775,1.1253,2.6722,6.3706,10.0201,,,,
54.7627,6,6,29.3953,84.1573,completed,81402.07,49933.99,0.6851,8.35,0.0000,0.5745,1.9940,5.4384,9.0731,10.4909,,,,
35.4914,9,9,53.9163,89.4073,completed,81402.07,49933.99,0.6851,8.35,0.0000,0.4126,0.9551,1.0574,2.7908,3.8454,7.5535,8.0825,6.1997,
20.8957,10,10,44.3142,65.2092,completed,81404.22,49935.76,0.6967,8.49,0.0000,0.2912,0.1763,0.2801,0.8542,1.3635,2.7936,6.8128,7.2127,5.6911
21.6953,10,10,52.2110,73.9061,completed,81404.22,49935.76,0.6967,8.49,0.0000,0.1007,0.2362,0.5531,2.6492,4.2120,4.9523,6.4288,8.2816,7.1046
50.6031,7,7,33.5926,84.1957,completed,81406.10,49937.34,0.7098,8.57,0.0000,0.4352,0.5574,1.8858,2.9567,8.1064,8.5955,,,
28.5255,10,3,20.6945,49.2195,converged,81406.10,49937.34,0.7098,8.57,0.0000,0.3290,0.0876,,,,,,,
43.8684,8,8,44.7538,88.6219,completed,81407.93,49938.94,0.7239,8.60,0.0000,0.1584,0.5079,2.0220,6.6136,7.0001,9.6462,8.5749,,
50.3356,7,7,39.3222,89.6572,completed,81407.93,49938.94,0.7239,8.60,0.0000,0.0403,1.6093,6.0498,9.2867,11.3115,9.7554,,,
45.6233,8,8,37.1730,82.7960,completed,81410.05,49940.83,0.7294,8.62,0.0000,0.1256,0.5740,2.0210,5.8273,9.2359,9.8141,7.7510,,
35.6898,9,9,40.7278,76.4168,completed,81410.05,49940.83,0.7294,8.62,0.0000,0.1557,0.1192,1.1718,6.0707,5.5047,7.9516,8.5333,7.0126,
48.9065,7,7,46.4391,95.3451,completed,81411.98,49942.56,0.7361,8.63,0.0000,0.4931,1.2087,3.8521,2.3941,8.4537,7.2980,,,
54.5285,6,6,29.9569,84.4849,completed,81411.98,49942.56,0.7361,8.63,0.0000,0.3890,3.2366,5.6647,4.1303,9.1676,,,,
35.0000,9,9,53.6397,88.6397,completed,81415.01,49945.32,0.7469,8.63,0.0000,0.6898,0.5591,1.0093,5.4742,7.5631,7.4835,7.9159,6.9458,
28.5547,10,10,48.6835,77.2375,completed,81415.01,49945.32,0.7469,8.63,0.0000,0.3056,0.1292,1.3072,5.1118,8.8350,8.0022,7.2455,6.6842,5.5736
46.6017,7,7,36.8560,83.4571,completed,81416.88,49947.05,0.7447,8.62,0.0000,0.5813,0.6408,0.9553,3.1742,8.1294,8.7918,,,
24.4212,10,10,44.5668,68.9878,completed,81416.88,49947.05,0.7447,8.62,0.0000,0.3736,0.2162,1.0138,3.4411,4.9476,5.7396,7.9225,7.4873,6.2606
46.6178,7,7,29.7123,76.3293,completed,81418.65,49948.68,0.7456,8.61,0.0000,0.3340,1.7997,7.6232,9.8021,8.7486,8.5439,,,
38.5301,9,9,52.6442,91.1742,completed,81418.65,49948.68,0.7456,8.61,0.0000,0.6880,0.7438,1.1679,1.4814,2.1409,5.7287,7.6042,6.3317,
50.5139,7,7,40.7602,91.2733,completed,81420.79,49950.64,0.7405,8.58,0.0000,1.1469,2.2794,8.7105,4.7250,6.3331,7.2897,,,
27.5424,10,10,60.7604,88.3024,completed,81420.79,49950.64,0.7405,8.58,0.0000,0.1899,1.1474,3.1425,7.4355,8.0916,4.6961,5.9543,5.9783,5.1837
24.0836,10,10,45.0468,69.1299,completed,81422.77,49952.45,0.7374,8.56,0.0000,1.0960,0.3375,5.0387,6.5130,2.0278,2.1468,4.8455,5.3784,4.6403
50.8004,7,7,29.7185,80.5185,completed,81422.77,49952.45,0.7374,8.56,0.0000,2.1211,2.9836,4.0291,1.0426,6.3403,8.5630,,,
37.2107,9,9,38.4426,75.6526,completed,81424.67,49954.17,0.7271,8.53,0.0000,1.6321,2.7096,1.9420,1.1918,2.3357,5.2217,5.9697,4.9559,
37.4087,9,9,48.0631,85.4711,completed,81424.67,49954.17,0.7271,8.53,0.0000,0.8785,2.6825,7.8008,13.5371,6.0975,6.2635,6.4385,5.5078,
31.9133,10,10,50.3719,82.2850,completed,81426.61,49955.89,0.7207,8.53,0.0000,0.8743,5.2288,7.3730,3.3530,1.3804,2.6645,4.9317,5.2602,4.4810
26.1145,10,10,51.7506,77.8646,completed,81426.61,49955.89,0.7207,8.53,0.0000,0.3537,0.5231,1.4752,2.1642,4.5698,3.6427,6.3175,6.5288,5.1444
39.3546,9,9,47.5797,86.9337,completed,81428.51,49957.55,0.7140,8.53,0.0000,0.1268,1.1499,3.4329,5.9954,10.2421,7.5269,6.8273,5.8109,
42.1105,8,8,35.4293,77.5393,completed,81428.51,49957.55,0.7140,8.53,0.0000,0.3598,1.6677,5.7739,15.7551,10.1741,8.2503,6.9424,,
37.7300,9,9,55.2905,93.0195,completed,81430.65,49959.39,0.7075,8.55,0.0000,1.7086,0.1669,4.0630,9.5535,12.8012,6.0100,6.3963,5.7396,
21.4575,10,10,46.4373,67.8943,completed,81430.65,49959.39,0.7075,8.55,0.0000,0.1884,0.4981,0.5174,1.0275,3.7258,5.3611,7.0764,8.0930,6.5856
44.5675,8,8,40.4389,85.0060,completed,81432.86,49961.29,0.7031,8.57,0.0000,0.1688,0.3036,0.4805,2.3140,5.8032,8.4549,9.3026,,
57.3020,6,6,34.5306,91.8327,completed,81432.86,49961.29,0.7031,8.57,0.0000,0.6273,0.5883,4.7273,7.9377,11.4564,,,,
26.1179,10,10,64.5597,90.6767,completed,81434.82,49962.95,0.6938,8.57,0.0000,0.6198,0.2189,0.4710,3.5812,8.1525,6.5133,7.9526,6.7379,5.4771
57.2193,6,6,39.0423,96.2613,completed,81436.01,49963.93,0.6858,8.58,0.0000,1.4237,0.5787,12.8998,9.0160,8.2693,,,,
36.5077,9,9,58.7116,95.2186,completed,81436.01,49963.93,0.6858,8.58,0.0000,0.3624,0.9690,3.2572,4.7518,1.5611,4.8918,5.7798,5.0102,
27.5370,10,10,65.9978,93.5349,completed,81438.37,49965.85,0.6689,8.57,0.0000,0.1920,0.3433,0.5399,0.8324,0.2254,1.9107,3.8136,4.1695,3.4458
26.7959,10,3,15.6932,42.4882,converged,81438.37,49965.85,0.6689,8.57,0.0000,0.0462,0.0929,,,,,,,
27.3228,10,3,15.2222,42.5442,converged,81440.36,49967.41,0.6554,8.57,0.0000,0.0388,0.0725,,,,,,,
56.6326,6,6,35.2959,91.9280,completed,81440.36,49967.41,0.6554,8.57,0.0000,0.3983,1.2452,8.2285,8.6102,8.2186,,,,
36.1659,9,9,43.5274,79.6924,completed,81442.40,49968.96,0.6424,8.56,0.0000,0.1572,0.2841,0.5877,2.3776,3.0439,4.3567,5.1051,4.4567,
44.5795,8,8,38.2739,82.8530,completed,81442.40,49968.96,0.6424,8.56,0.0000,0.4241,0.4934,1.0997,5.7465,6.3117,7.8392,7.0046,,
23.4037,10,10,56.3601,79.7631,completed,81444.71,49970.68,0.6337,8.54,0.0000,0.1933,0.5178,0.7364,0.6354,2.3880,3.2975,5.6206,5.4040,4.4423
45.0067,8,8,39.2310,84.2371,completed,81444.71,49970.68,0.6337,8.54,0.0000,0.4932,0.4710,1.1078,5.5440,5.8623,6.9775,6.2562,,
34.8294,9,9,49.3082,84.1372,completed,81446.72,49972.15,0.6308,8.52,0.0000,0.0822,0.1608,0.5014,1.9065,3.6784,6.5471,6.8297,5.5669,
54.1357,6,6,42.1482,96.2832,completed,81446.72,49972.15,0.6308,8.52,0.0000,0.2142,0.3729,4.6453,8.5428,9.3849,,,,
57.6060,6,6,39.4791,97.0851,completed,81449.28,49974.03,0.6285,8.49,0.0000,0.9787,0.8790,4.1750,6.4608,7.9433,,,,
35.0439,9,9,38.4931,73.5362,completed,81449.28,49974.03,0.6285,8.49,0.0000,0.6136,0.7619,0.1151,1.8125,3.4666,5.4704,6.5585,5.5860,
24.1792,10,3,14.9303,39.1094,converged,81451.65,49975.75,0.6213,8.47,0.0000,0.0596,0.0537,,,,,,,
56.4017,6,6,35.8648,92.2658,completed,81451.65,49975.75,0.6213,8.47,0.0000,0.5145,0.5981,3.4237,6.9335,8.2659,,,,
22.5120,10,10,48.7777,71.2898,completed,81453.72,49977.22,0.6129,8.45,0.0000,0.2935,0.6853,0.9152,0.4166,1.9773,3.5369,5.7351,5.5475,4.5663
51.2931,7,7,26.2114,77.5045,completed,81453.72,49977.22,0.6129,8.45,0.0000,0.5878,0.8776,1.3206,3.7869,7.1130,7.4078,,,
28.3791,10,10,68.8908,97.2698,completed,81455.80,49978.68,0.6078,8.44,0.0000,0.2908,0.6567,1.0317,0.4849,1.2749,3.5014,5.8467,6.1432,4.9697
40.4233,8,8,49.7526,90.1757,completed,81455.80,49978.68,0.6078,8.44,0.0000,0.3709,0.6321,0.2943,3.1140,5.1223,7.3605,6.6353,,
59.4822,5,5,29.2027,88.6848,completed,81458.43,49980.51,0.6043,8.44,0.0000,0.2689,0.6177,4.8844,8.6006,,,,,
54.5163,6,6,26.7343,81.2504,completed,81458.43,49980.51,0.6043,8.44,0.0000,0.2811,0.3818,3.1064,6.4165,8.4230,,,,
45.4429,8,8,32.7674,78.2095,completed,81460.66,49982.03,0.5994,8.44,0.0000,0.1443,0.2039,0.5683,2.3317,5.5772,7.0761,6.2029,,
52.6291,6,6,22.1514,74.7804,completed,81460.66,49982.03,0.5994,8.44,0.0000,0.3504,0.8610,3.1392,7.0797,8.4990,,,,
38.7842,9,9,41.1834,79.9675,completed,81462.75,49983.45,0.5915,8.46,0.0000,0.2280,1.0411,2.9062,1.0872,4.3882,4.9147,6.4604,5.8403,
26.0242,10,3,15.9793,42.0033,converged,81462.75,49983.45,0.5915,8.46,0.0000,0.0583,0.0391,,,,,,,
55.9190,6,6,31.9976,87.9167,completed,81464.72,49984.76,0.5870,8.47,0.0000,0.2533,2.3232,3.2356,5.4759,7.9984,,,,
25.7491,10,10,46.8412,72.5903,completed,81464.72,49984.76,0.5870,8.47,0.0000,0.1842,0.4780,0.9365,0.6536,3.0849,4.8999,6.2214,5.9870,4.9195
22.0366,10,3,19.5866,41.6226,converged,81466.98,49986.26,0.5808,8.47,0.0000,0.1098,0.0540,,,,,,,
38.7547,9,9,41.3428,80.0969,completed,81466.98,49986.26,0.5808,8.47,0.0000,0.2702,0.3066,0.7291,1.2682,3.2414,6.5997,7.0680,5.6004,
28.0831,10,10,40.8880,68.9710,completed,81468.75,49987.41,0.5773,8.48,0.0000,0.0537,0.2450,0.4376,0.2176,2.0469,3.9223,6.0565,6.1379,5.1529
56.0817,6,6,24.7550,80.8360,completed,81468.75,49987.41,0.5773,8.48,0.0000,0.4655,0.9729,3.4930,8.1368,8.9067,,,,
31.2086,10,3,13.3534,44.5615,converged,81471.10,49988.92,0.5708,8.47,0.0000,0.1034,0.0860,,,,,,,
55.1779,6,6,26.9270,82.1041,completed,81471.10,49988.92,0.5708,8.47,0.0000,0.1189,2.1457,4.0958,6.6862,8.8309,,,,
46.0672,7,7,31.4948,77.5619,completed,81473.02,49990.15,0.5601,8.47,0.0000,0.3826,2.6753,3.8341,5.2822,6.9884,7.7359,,,
44.6542,8,8,43.5282,88.1822,completed,81473.02,49990.15,0.5601,8.47,0.0000,0.2470,0.4316,0.3644,4.1091,5.4063,7.5220,6.8648,,
37.9947,9,9,48.7032,86.6973,completed,81475.33,49991.59,0.5525,8.47,0.0000,0.2910,0.7660,2.3814,1.3913,3.5339,5.4156,6.3123,5.5656,
42.3892,8,8,36.6360,79.0251,completed,81475.33,49991.59,0.5525,8.47,0.0000,0.1499,0.3929,0.6165,2.6836,5.4699,7.8096,6.9848,,
38.4696,9,9,42.4499,80.9190,completed,81477.57,49992.95,0.5380,8.46,0.0000,0.2642,0.4392,0.6498,0.4772,2.8908,5.7942,6.8596,5.8747,
33.7191,10,10,41.8185,75.5376,completed,81477.57,49992.95,0.5380,8.46,0.0000,0.0695,0.2051,0.7836,0.7161,1.7776,3.5309,5.3950,6.4058,5.7906
33.6318,10,3,13.5950,47.2261,converged,81479.74,49994.24,0.5281,8.46,0.0000,0.1572,0.0834,,,,,,,
41.1130,8,8,34.2476,75.3606,completed,81479.74,49994.24,0.5281,8.46,0.0000,0.2478,0.6198,0.7016,2.3712,5.7191,7.9438,7.3081,,
30.0548,10,10,41.6565,71.7106,completed,81481.71,49995.38,0.5171,8.45,0.0000,0.0616,0.1591,0.2247,0.6031,1.1938,4.3215,6.6326,6.2338,5.0336
22.0278,10,10,46.6479,68.6749,completed,81481.71,49995.38,0.5171,8.45,0.0000,0.2226,0.3129,0.6133,1.1350,3.0657,5.8620,7.3905,6.5016,5.1912
43.9548,8,3,10.5572,54.5112,converged,81483.69,49996.51,0.5125,8.44,0.0000,0.1185,0.0667,,,,,,,
33.9866,10,4,14.4568,48.4428,converged,81483.69,49996.51,0.5125,8.44,0.0000,0.3341,0.4200,0.0806,,,,,,
57.5748,6,6,33.2936,90.8677,completed,81485.60,49997.57,0.4952,8.44,0.0000,0.3753,0.2608,1.1656,6.5782,9.1962,,,,
52.9009,6,6,35.1079,88.0080,completed,81485.60,49997.57,0.4952,8.44,0.0000,0.8525,0.6601,4.4573,7.4963,9.3684,,,,
41.8457,8,8,42.0516,83.8966,completed,81487.98,49998.83,0.4825,8.43,0.0000,0.1081,0.1775,1.6814,2.4234,3.3355,7.4087,7.2895,,
26.7743,10,3,18.3127,45.0868,converged,81487.98,49998.83,0.4825,8.43,0.0000,0.0325,0.0598,,,,,,,
44.8753,8,8,46.0469,90.9219,completed,81490.13,49999.94,0.4666,8.43,0.0000,0.2290,0.2293,0.5390,2.1428,5.0341,7.5962,7.5932,,
56.2525,6,6,36.6351,92.8872,completed,81490.13,49999.94,0.4666,8.43,0.0000,0.2087,0.6246,1.6936,6.1990,9.0612,,,,
55.8077,6,6,31.6458,87.4529,completed,81492.49,50001.11,0.4539,8.43,0.0000,0.1014,0.2026,0.8196,5.8497,8.9903,,,,
34.6153,9,3,15.5928,50.2078,converged,81492.49,50001.11,0.4539,8.43,0.0000,0.1140,0.0721,,,,,,,
57.6188,6,6,39.9521,97.5701,completed,81494.76,50002.21,0.4391,8.42,0.0000,0.2405,0.2959,1.6979,7.0644,9.1114,,,,
28.9448,10,10,54.7647,83.7088,completed,81494.76,50002.21,0.4391,8.42,0.0000,0.0376,0.1350,0.3315,1.7721,1.5099,3.8508,6.8798,6.7235,5.6195
33.7370,10,4,17.3232,51.0592,converged,81497.40,50003.43,0.4249,8.42,0.0000,0.0469,0.1327,0.0821,,,,,,
41.8545,8,8,38.6317,80.4857,completed,81497.40,50003.43,0.4249,8.42,0.0000,0.0785,0.2401,1.6079,1.7453,5.2397,8.3526,7.5849,,
33.9115,10,3,11.6953,45.6063,converged,81499.74,50004.48,0.4124,8.41,0.0000,0.0423,0.0938,,,,,,,
22.9643,10,10,44.0822,67.0462,completed,81499.74,50004.48,0.4124,8.41,0.0000,0.0608,0.2191,0.6148,2.9654,2.8678,3.0627,6.5334,6.5403,5.4466
39.5034,9,9,41.9003,81.4034,completed,81501.66,50005.32,0.4101,8.38,0.0000,0.0857,0.1892,0.3139,1.0745,2.1863,5.5699,7.5799,6.9034,
54.3722,6,6,28.1879,82.5599,completed,81501.66,50005.32,0.4101,8.38,0.0000,0.3766,0.4217,2.7524,8.1563,10.1273,,,,
31.3175,10,3,14.4699,45.7869,converged,81503.96,50006.32,0.4026,8.37,0.0000,0.0458,0.0354,,,,,,,
39.4379,9,9,39.1449,78.5819,completed,81503.96,50006.32,0.4026,8.37,0.0000,0.0537,0.1509,1.1498,1.8219,2.9065,6.7074,7.9231,6.7304,
53.5273,6,6,44.4123,97.9394,completed,81505.89,50007.13,0.3857,8.36,0.0000,0.0707,0.7004,1.7900,6.5895,9.7357,,,,
44.0499,8,8,38.2073,82.2564,completed,81505.89,50007.13,0.3857,8.36,0.0000,0.2300,0.2881,1.0880,4.1916,7.7902,9.4175,7.8420,,
40.8914,8,8,33.4482,74.3392,completed,81508.76,50008.27,0.3727,8.37,0.0000,0.1408,0.2095,0.5158,1.1081,5.1284,8.6258,7.6061,,
39.4700,9,9,41.4704,80.9405,completed,81508.76,50008.27,0.3727,8.37,0.0000,0.2968,0.4683,1.2142,3.2160,5.9422,8.0276,8.2454,6.8454,
30.8070,10,3,15.4049,46.2120,converged,81511.11,50009.17,0.3540,8.37,0.0000,0.0466,0.0293,,,,,,,
47.0328,7,7,33.6124,80.6445,completed,81511.11,50009.17,0.3540,8.37,0.0000,0.1689,0.2646,4.4545,6.1052,9.5405,9.3907,,,
53.8608,6,6,25.6383,79.4984,completed,81513.31,50009.96,0.3340,8.37,0.0000,0.0708,0.4739,0.3982,6.5098,9.7862,,,,
56.0847,6,6,28.6347,84.7188,completed,81513.31,50009.96,0.3340,8.37,0.0000,0.6270,2.1535,5.3895,11.0812,10.6248,,,,
23.7892,10,3,15.3011,39.0902,converged,81515.68,50010.77,0.3232,8.36,0.0000,0.0112,0.0239,,,,,,,
25.1298,10,10,44.0208,69.1498,completed,81515.68,50010.77,0.3232,8.36,0.0000,0.3849,0.8033,1.0870,2.3296,3.9755,6.5273,8.2477,7.3641,5.8966
47.2054,7,7,35.6414,82.8465,completed,81517.90,50011.51,0.3095,8.35,0.0000,0.1082,0.3255,0.5263,4.1585,9.4262,9.0806,,,
34.6852,9,9,35.5144,70.1994,completed,81517.90,50011.51,0.3095,8.35,0.0000,0.3746,0.6046,0.3756,1.2635,4.9065,7.9256,7.8015,6.2045,
31.4491,10,10,48.3034,79.7525,completed,81520.28,50012.27,0.3031,8.34,0.0000,0.1031,0.2775,0.4879,1.2332,4.4691,7.8990,8.2444,6.3894,4.9880
50.2894,7,7,29.9628,80.2518,completed,81520.28,50012.27,0.3031,8.34,0.0000,0.2643,0.1010,1.4991,5.6000,9.7720,9.3883,,,
59.0171,5,5,18.9328,77.9499,completed,81522.99,50013.08,0.2804,8.36,0.0000,0.2036,0.6594,6.0263,11.1871,,,,,
32.9638,10,3,13.3661,46.3292,converged,81522.99,50013.08,0.2804,8.36,0.0000,0.0514,0.0517,,,,,,,
47.5060,7,3,13.6948,61.2009,converged,81525.41,50013.73,0.2606,8.37,0.0000,0.0750,0.0684,,,,,,,
35.5876,9,9,33.4558,69.0429,completed,81525.41,50013.73,0.2606,8.37,0.0000,0.0176,0.1914,0.7957,1.4596,3.6185,8.1823,8.3269,6.6300,
38.3033,9,3,14.3035,52.6066,converged,81527.66,50014.33,0.2518,8.35,0.0000,0.0079,0.0643,,,,,,,
45.4846,8,8,30.8264,76.3104,completed,81527.66,50014.33,0.2518,8.35,0.0000,0.1312,0.2357,1.2296,3.8564,8.6417,9.8540,8.1831,,
35.2460,9,9,56.5900,91.8351,completed,81529.68,50014.86,0.2556,8.36,0.0000,0.1178,0.1578,0.3175,1.2997,4.3527,8.1867,8.3339,6.9310,
53.4592,6,3,13.5225,66.9815,converged,81529.68,50014.86,0.2556,8.36,0.0000,0.2283,0.0901,,,,,,,
59.4228,5,5,29.1616,88.5836,completed,81532.35,50015.55,0.2453,8.36,0.0000,0.0905,1.1654,2.1762,9.1661,,,,,
46.4058,7,7,33.8974,80.3024,completed,81532.35,50015.55,0.2453,8.36,0.0000,0.1273,0.4074,2.1299,8.5387,10.7677,10.0685,,,
24.2070,10,3,11.9534,36.1605,converged,81535.11,50016.22,0.2338,8.36,0.0000,0.0098,0.0270,,,,,,,
21.3279,10,10,38.2868,59.6138,completed,81535.11,50016.22,0.2338,8.36,0.0000,0.2954,0.4281,0.5311,0.7450,2.8606,6.3977,8.1108,7.6434,6.2105
34.1974,9,3,14.5681,48.7652,converged,81536.94,50016.65,0.2283,8.36,0.0000,0.0091,0.0270,,,,,,,
32.4011,10,3,13.3753,45.7763,converged,81536.94,50016.65,0.2283,8.36,0.0000,0.0124,0.0692,,,,,,,
39.4187,9,9,36.8113,76.2293,completed,81539.19,50017.18,0.2242,8.36,0.0000,0.1451,0.1157,0.1136,0.1691,2.8008,6.2242,8.4199,7.6343,
40.9381,8,3,10.7636,51.7016,converged,81539.19,50017.18,0.2242,8.36,0.0000,0.0632,0.0452,,,,,,,
38.9014,9,9,42.7985,81.6996,completed,81541.47,50017.71,0.2299,8.36,0.0000,0.2043,0.2581,0.2750,1.1227,6.1369,9.1249,8.6250,6.8401,
34.5697,9,3,9.8259,44.3949,converged,81541.47,50017.71,0.2299,8.36,0.0000,0.0425,0.0452,,,,,,,
35.0389,9,3,13.3470,48.3851,converged,81543.75,50018.24,0.2219,8.36,0.0000,0.0717,0.0404,,,,,,,
22.8693,10,3,13.9421,36.8112,converged,81543.75,50018.24,0.2219,8.36,0.0000,0.0251,0.0170,,,,,,,
34.0220,9,3,10.5092,44.5303,converged,81545.71,50018.67,0.2137,8.31,0.0000,0.0935,0.0904,,,,,,,
53.0933,6,6,30.3253,83.4183,completed,81545.71,50018.67,0.2137,8.31,0.0000,0.1455,0.3882,0.9478,6.1699,10.4914,,,,
45.3408,8,3,17.7776,63.1177,converged,81547.99,50019.15,0.2103,8.31,0.0000,0.0873,0.0252,,,,,,,
36.1680,9,3,18.9221,55.0891,converged,81547.99,50019.15,0.2103,8.31,0.0000,0.0397,0.0759,,,,,,,
51.8350,7,4,23.4691,75.3041,converged,81550.20,50019.62,0.2068,8.30,0.0000,0.0659,0.1184,0.0499,,,,,,
40.9140,8,8,44.9487,85.8627,completed,81550.20,50019.62,0.2068,8.30,0.0000,0.5002,0.8424,0.9239,1.0861,2.9797,8.1736,8.5072,,
37.8919,9,4,19.0694,56.9604,converged,81553.03,50020.20,0.2009,8.30,0.0000,0.1843,0.1795,0.0670,,,,,,
53.5185,6,6,34.8246,88.3426,completed,81553.03,50020.20,0.2009,8.30,0.0000,0.2203,0.6313,0.3555,3.7439,9.8542,,,,
56.8028,6,6,40.7645,97.5666,completed,81555.48,50020.70,0.1971,8.31,0.0000,0.3278,0.1576,0.6586,7.2949,10.8204,,,,
57.6507,6,6,33.3709,91.0210,completed,81555.48,50020.70,0.1971,8.31,0.0000,0.1057,0.1112,0.6610,4.5817,10.1334,,,,
58.5618,5,5,29.3700,87.9310,completed,81558.41,50021.28,0.1899,8.32,0.0000,0.2744,0.3402,3.9051,10.5685,,,,,
55.9509,6,6,26.7051,82.6551,completed,81558.41,50021.28,0.1899,8.32,0.0000,0.1253,0.3407,0.4781,4.9116,10.1863,,,,
30.1924,10,3,14.1376,44.3296,converged,81561.19,50021.81,0.1848,8.33,0.0000,0.0282,0.0690,,,,,,,
56.6644,6,6,28.0917,84.7558,completed,81561.19,50021.81,0.1848,8.33,0.0000,0.1405,0.4095,1.3817,3.2830,9.5043,,,,
50.3535,7,3,19.0929,69.4460,converged,81563.33,50022.20,0.1829,8.34,0.0000,0.1375,0.0430,,,,,,,
25.7639,10,3,19.2622,45.0252,converged,81563.33,50022.20,0.1829,8.34,0.0000,0.0875,0.0722,,,,,,,
23.2096,10,3,16.4395,39.6486,converged,81565.60,50022.63,0.1866,8.37,0.0000,0.1026,0.0831,,,,,,,
40.4596,8,4,25.9093,66.3684,converged,81565.60,50022.63,0.1866,8.37,0.0000,0.0376,0.1176,0.0408,,,,,,
34.4185,9,3,15.7070,50.1250,converged,81567.97,50023.08,0.1871,8.38,0.0000,0.1051,0.0513,,,,,,,
30.4695,10,3,16.3145,46.7835,converged,81567.97,50023.08,0.1871,8.38,0.0000,0.0813,0.0812,,,,,,,
51.1743,7,7,39.9053,91.0794,completed,81570.07,50023.48,0.1874,8.40,0.0000,0.1795,0.1912,0.1343,2.1215,8.2116,9.2140,,,
51.4161,7,7,46.2554,97.6715,completed,81570.07,50023.48,0.1874,8.40,0.0000,0.0213,0.1394,0.1479,0.9064,7.5023,9.5651,,,
31.1754,10,10,64.2822,95.4572,completed,81573.00,50024.04,0.1891,8.40,0.0000,0.0354,0.1348,0.2110,0.2401,0.2451,2.1502,6.4697,7.3128,6.2117
47.6684,7,3,16.7671,64.4351,converged,81573.00,50024.04,0.1891,8.40,0.0000,0.0715,0.0205,,,,,,,
41.8729,8,3,15.7201,57.5921,converged,81575.68,50024.54,0.1828,8.40,0.0000,0.0370,0.0254,,,,,,,
55.0250,6,6,27.5306,82.5546,completed,81575.68,50024.54,0.1828,8.40,0.0000,0.0606,0.2059,0.1522,6.0153,10.4856,,,,
54.7845,6,6,30.1103,84.8943,completed,81578.16,50024.99,0.1812,8.40,0.0000,0.0381,0.5073,1.5989,4.0689,9.3932,,,,
52.7274,6,3,16.5174,69.2445,converged,81578.16,50024.99,0.1812,8.40,0.0000,0.1015,0.0919,,,,,,,
53.3604,6,6,33.3864,86.7465,completed,81580.71,50025.47,0.1840,8.39,0.0000,0.0267,0.3574,0.1449,4.8413,9.4924,,,,
40.0319,8,3,14.5863,54.6173,converged,81580.71,50025.47,0.1840,8.39,0.0000,0.0825,0.0771,,,,,,,
27.7170,10,3,9.8983,37.6153,converged,81583.05,50025.90,0.1792,8.37,0.0000,0.0223,0.0218,,,,,,,
39.3929,9,3,10.9468,50.3388,converged,81583.05,50025.90,0.1792,8.37,0.0000,0.0264,0.0684,,,,,,,
22.7959,10,3,10.0883,32.8833,converged,81584.77,50026.22,0.1811,8.36,0.0000,0.0607,0.0285,,,,,,,
38.0955,9,3,14.5190,52.6140,converged,81584.77,50026.22,0.1811,8.36,0.0000,0.0823,0.0489,,,,,,,
40.1029,8,3,14.8384,54.9405,converged,81586.75,50026.58,0.1847,8.35,0.0000,0.1245,0.0684,,,,,,,
20.8421,10,3,15.6211,36.4631,converged,81586.75,50026.58,0.1847,8.35,0.0000,0.0256,0.0407,,,,,,,
36.8215,9,3,19.3088,56.1298,converged,81588.39,50026.89,0.1853,8.35,0.0000,0.0421,0.0123,,,,,,,
23.4660,10,3,18.3752,41.8413,converged,81588.39,50026.89,0.1853,8.35,0.0000,0.0336,0.0184,,,,,,,
23.7576,10,3,11.1254,34.8825,converged,81590.34,50027.26,0.1873,8.34,0.0000,0.0340,0.0193,,,,,,,
45.9259,8,3,9.7973,55.7223,converged,81590.34,50027.26,0.1873,8.34,0.0000,0.0485,0.0400,,,,,,,
48.0548,7,3,9.5384,57.5924,converged,81592.33,50027.63,0.1851,8.34,0.0000,0.0336,0.0792,,,,,,,
29.7524,10,10,39.3920,69.1441,completed,81592.33,50027.63,0.1851,8.34,0.0000,0.0588,0.1296,0.2264,0.7443,1.1254,2.9111,7.7775,8.2575,6.4619
42.9303,8,8,41.2215,84.1515,completed,81594.38,50028.01,0.1844,8.33,0.0000,0.0287,0.1401,0.5232,0.5145,2.8868,8.5138,9.0340,,
53.6584,6,6,26.5484,80.2064,completed,81594.38,50028.01,0.1844,8.33,0.0000,0.1108,0.4627,1.8241,3.1060,9.4088,,,,
34.4340,9,3,13.7712,48.2043,converged,81597.08,50028.52,0.1833,8.33,0.0000,0.0862,0.0996,,,,,,,
47.1116,7,7,39.4373,86.5483,completed,81597.08,50028.52,0.1833,8.33,0.0000,0.1399,0.3663,1.2314,1.1832,7.1097,10.1624,,,
35.4349,9,3,11.4237,46.8578,converged,81599.30,50028.92,0.1786,8.33,0.0000,0.0653,0.0494,,,,,,,
30.2513,10,10,45.3213,75.5723,completed,81599.30,50028.92,0.1786,8.33,0.0000,0.0568,0.1068,0.1765,0.5612,0.2898,3.9605,8.7910,8.3163,6.4517
51.9037,7,3,12.9738,64.8768,converged,81601.35,50029.29,0.1782,8.33,0.0000,0.0385,0.0423,,,,,,,
46.8992,7,7,34.8505,81.7495,completed,81601.35,50029.29,0.1782,8.33,0.0000,0.0857,0.1139,0.3867,2.9224,8.8370,10.6394,,,
30.8339,10,10,44.3303,75.1634,completed,81603.65,50029.71,0.1783,8.33,0.0000,0.0637,0.1298,0.2232,0.4622,0.3035,3.2251,8.7903,7.9488,6.1193
53.6186,6,6,24.5940,78.2121,completed,81603.65,50029.71,0.1783,8.33,0.0000,0.1269,0.1248,0.6074,5.9410,11.0133,,,,
48.8455,7,7,39.3975,88.2426,completed,81606.27,50030.17,0.1763,8.33,0.0000,0.0452,0.1560,0.4964,0.8596,7.0094,10.1656,,,
27.4164,10,4,17.8559,45.2720,converged,81606.27,50030.17,0.1763,8.33,0.0000,0.1506,0.1774,0.0755,,,,,,
47.6156,7,7,34.8853,82.5003,completed,81608.73,50030.62,0.1791,8.33,0.0000,0.1243,0.1171,0.1928,2.6402,8.5461,10.5494,,,
44.2261,8,3,16.3143,60.5403,converged,81608.73,50030.62,0.1791,8.33,0.0000,0.1587,0.0985,,,,,,,
29.1605,10,3,12.3481,41.5081,converged,81610.97,50031.02,0.1777,8.34,0.0000,0.0518,0.0357,,,,,,,
22.9367,10,4,12.8361,35.7722,converged,81610.97,50031.02,0.1777,8.34,0.0000,0.1328,0.1351,0.0565,,,,,,
57.9219,6,3,17.9730,75.8940,converged,81612.84,50031.35,0.1797,8.34,0.0000,0.1423,0.0529,,,,,,,
39.5440,9,3,16.9494,56.4934,converged,81612.84,50031.35,0.1797,8.34,0.0000,0.0981,0.0499,,,,,,,
24.5143,10,10,43.2077,67.7218,completed,81615.08,50031.76,0.1818,8.35,0.0000,0.0755,0.1178,0.2238,1.0695,2.8268,5.5189,9.0379,8.4522,6.7656
47.6108,7,7,36.9227,84.5327,completed,81615.08,50031.76,0.1818,8.35,0.0000,0.0428,0.3061,1.2566,0.6771,6.9024,9.4577,,,
27.5524,10,3,13.6811,41.2331,converged,81617.27,50032.17,0.1831,8.36,0.0000,0.0464,0.0468,,,,,,,
24.7993,10,10,52.0248,76.8239,completed,81617.27,50032.17,0.1831,8.36,0.0000,0.1096,0.1428,0.1536,0.5223,2.4705,7.0414,9.1722,8.0233,6.0920
20.4215,10,10,43.9158,64.3369,completed,81619.58,50032.59,0.1840,8.36,0.0000,0.1223,0.2025,0.3143,0.3906,1.1391,2.2473,6.4850,8.7460,7.9378
57.0096,6,6,28.1483,85.1573,completed,81619.58,50032.59,0.1840,8.36,0.0000,0.1794,0.2751,2.7266,9.7364,11.6949,,,,
57.8958,6,6,23.7364,81.6314,completed,81622.06,50033.05,0.1830,8.36,0.0000,0.5455,1.1814,1.5920,4.9891,10.2913,,,,
48.6153,7,3,9.4626,58.0777,converged,81622.06,50033.05,0.1830,8.36,0.0000,0.0976,0.0215,,,,,,,
29.6103,10,10,42.4934,72.1035,completed,81624.53,50033.49,0.1823,8.37,0.0000,0.1404,0.2517,0.3271,0.9696,1.6946,1.8773,6.2168,8.2751,7.9001
55.6791,6,3,11.2835,66.9626,converged,81624.53,50033.49,0.1823,8.37,0.0000,0.0803,0.0337,,,,,,,
47.0686,7,7,36.1334,83.2014,completed,81627.01,50033.95,0.1840,8.37,0.0000,0.1290,0.1486,1.0753,2.5573,7.5483,10.6336,,,
23.4999,10,3,19.3338,42.8329,converged,81627.01,50033.95,0.1840,8.37,0.0000,0.0627,0.0663,,,,,,,
20.5655,10,3,19.4116,39.9767,converged,81629.32,50034.38,0.1864,8.37,0.0000,0.0405,0.0216,,,,,,,
29.9204,10,3,14.0860,44.0061,converged,81629.32,50034.38,0.1864,8.37,0.0000,0.0708,0.0425,,,,,,,
33.6583,10,3,12.0452,45.7032,converged,81631.56,50034.80,0.1873,8.35,0.0000,0.0281,0.0060,,,,,,,
37.6845,9,3,15.0853,52.7693,converged,81631.56,50034.80,0.1873,8.35,0.0000,0.0810,0.0737,,,,,,,
55.9732,6,6,23.4115,79.3845,completed,81633.75,50035.22,0.1881,8.35,0.0000,0.1807,0.2413,2.5422,4.6900,10.8410,,,,
53.9428,6,6,26.8851,80.8271,completed,81633.75,50035.22,0.1881,8.35,0.0000,0.0343,0.4530,1.6033,6.2076,10.8828,,,,
26.2610,10,3,12.9339,39.1950,converged,81636.30,50035.71,0.1922,8.35,0.0000,0.0526,0.0274,,,,,,,
33.1880,10,3,10.6714,43.8594,converged,81636.30,50035.71,0.1922,8.35,0.0000,0.0603,0.0661,,,,,,,
57.6104,6,6,25.1217,82.7318,completed,81638.76,50036.19,0.1924,8.35,0.0000,0.1902,0.2682,1.9496,5.2614,10.8811,,,,
30.9349,10,3,14.3440,45.2780,converged,81638.76,50036.19,0.1924,8.35,0.0000,0.0841,0.0552,,,,,,,
33.0635,10,4,18.1092,51.1722,converged,81640.97,50036.63,0.1923,8.35,0.0000,0.1333,0.1162,0.0267,,,,,,
36.2347,9,3,12.7732,49.0072,converged,81640.97,50036.63,0.1923,8.35,0.0000,0.0421,0.0671,,,,,,,
42.1013,8,4,18.9296,61.0307,converged,81643.43,50037.11,0.1924,8.35,0.0000,0.1437,0.2563,0.0955,,,,,,
37.7150,9,3,15.6752,53.3903,converged,81643.43,50037.11,0.1924,8.35,0.0000,0.0303,0.0791,,,,,,,
59.1602,5,5,36.0998,95.2644,completed,81645.64,50037.54,0.1941,8.35,0.0000,0.3292,0.6929,4.1491,10.4042,,,,,
28.4087,10,3,14.8793,43.2873,converged,81645.64,50037.54,0.1941,8.35,0.0000,0.0409,0.0518,,,,,,,
47.9740,7,7,43.0810,91.0551,completed,81648.02,50038.01,0.1952,8.34,0.0000,0.2204,0.4191,1.8553,3.8296,7.4688,10.8719,,,
28.0823,10,3,15.0567,43.1387,converged,81648.02,50038.01,0.1952,8.34,0.0000,0.0916,0.0381,,,,,,,
53.8670,6,6,34.2751,88.1421,completed,81650.47,50038.49,0.1951,8.34,0.0000,0.1017,0.3124,3.3726,3.8182,9.5270,,,,
55.5781,6,6,42.1785,97.7566,completed,81650.47,50038.49,0.1951,8.34,0.0000,0.3061,0.1675,3.0570,6.9217,11.9040,,,,
35.9623,9,9,49.9907,85.9527,completed,81653.47,50039.09,0.1954,8.34,0.0000,0.1870,0.2528,0.5077,1.9418,2.3729,3.7541,8.4347,9.6304,
53.7810,6,6,32.4688,86.2488,completed,81653.47,50039.09,0.1954,8.34,0.0000,0.3501,0.3183,2.6873,5.4881,11.2857,,,,
28.2053,10,10,54.8666,83.0716,completed,81655.95,50039.58,0.1948,8.34,0.0000,0.1555,0.2021,0.2675,0.8974,2.3358,2.1017,4.8120,8.4354,8.8388
44.3382,8,3,19.8748,64.2129,converged,81655.95,50039.58,0.1948,8.34,0.0000,0.1356,0.0871,,,,,,,
48.1588,7,3,19.8860,68.0440,converged,81658.59,50040.10,0.1958,8.34,0.0000,0.0928,0.0902,,,,,,,
59.9163,5,5,30.1974,90.1135,completed,81658.59,50040.10,0.1958,8.34,0.0000,0.2357,0.7887,3.3352,9.7353,,,,,
43.9387,8,3,15.4110,59.3491,converged,81661.27,50040.64,0.1964,8.34,0.0000,0.0584,0.0628,,,,,,,
47.5441,7,7,47.4453,94.9893,completed,81661.27,50040.64,0.1964,8.34,0.0000,0.0823,0.1583,0.4458,2.8408,5.2343,9.9731,,,
33.5594,10,3,14.6727,48.2318,converged,81663.88,50041.15,0.1943,8.32,0.0000,0.0534,0.0538,,,,,,,
39.6928,9,9,49.7859,89.4779,completed,81663.88,50041.15,0.1943,8.32,0.0000,0.0982,0.1122,0.2409,1.2437,2.2789,3.3269,8.1050,9.5065,
29.1109,10,3,13.7638,42.8738,converged,81666.57,50041.69,0.1945,8.32,0.0000,0.0520,0.0803,,,,,,,
22.4886,10,3,16.9095,39.3975,converged,81666.57,50041.69,0.1945,8.32,0.0000,0.0416,0.0610,,,,,,,
27.8975,10,10,49.8606,77.7576,completed,81668.78,50042.12,0.1937,8.32,0.0000,0.0569,0.1788,0.4086,0.9121,1.6829,2.1755,3.5535,6.3828,7.2238
26.6376,10,3,16.4543,43.0914,converged,81668.78,50042.12,0.1937,8.32,0.0000,0.0342,0.0584,,,,,,,
59.2433,5,5,32.7854,92.0284,completed,81671.22,50042.60,0.1921,8.32,0.0000,0.0851,0.7116,3.7816,7.7421,,,,,
28.9964,10,3,21.4866,50.4827,converged,81671.22,50042.60,0.1921,8.32,0.0000,0.0401,0.0671,,,,,,,
38.1890,9,3,16.1114,54.2995,converged,81673.87,50043.11,0.1885,8.33,0.0000,0.1041,0.0453,,,,,,,
25.0746,10,3,16.1085,41.1825,converged,81673.87,50043.11,0.1885,8.33,0.0000,0.0276,0.0519,,,,,,,
37.4015,9,4,21.9172,59.3182,converged,81675.80,50043.47,0.1866,8.33,0.0000,0.1697,0.2044,0.0323,,,,,,
21.4250,10,3,17.7370,39.1611,converged,81675.80,50043.47,0.1866,8.33,0.0000,0.0286,0.0664,,,,,,,
52.1808,6,6,29.8765,82.0566,completed,81677.77,50043.84,0.1858,8.33,0.0000,0.1514,0.1670,2.3218,4.2310,7.8322,,,,
37.3952,9,9,44.7069,82.1020,completed,81677.77,50043.84,0.1858,8.33,0.0000,0.0249,0.1023,0.1591,0.6382,1.9756,2.1101,5.8886,6.7306,
28.3240,10,3,12.0805,40.4046,converged,81680.47,50044.34,0.1846,8.33,0.0000,0.0838,0.0383,,,,,,,
46.9051,7,7,33.8816,80.7866,completed,81680.47,50044.34,0.1846,8.33,0.0000,0.0606,0.2287,0.3791,2.5076,3.2750,6.5914,,,
55.5521,6,3,11.6697,67.2217,converged,81682.68,50044.75,0.1806,8.33,0.0000,0.0852,0.0744,,,,,,,
25.1910,10,3,11.9495,37.1396,converged,81682.68,50044.75,0.1806,8.33,0.0000,0.0839,0.0432,,,,,,,
39.1617,9,3,12.9125,52.0735,converged,81684.53,50045.09,0.1781,8.33,0.0000,0.0626,0.0810,,,,,,,
39.5386,9,3,12.9523,52.4904,converged,81684.53,50045.09,0.1781,8.33,0.0000,0.0547,0.0640,,,,,,,
30.8945,10,10,46.3200,77.2141,completed,81686.61,50045.46,0.1763,8.33,0.0000,0.0825,0.1543,0.3800,0.3815,0.8811,0.6894,1.7398,4.2481,4.5913
27.7301,10,3,13.8412,41.5712,converged,81686.61,50045.46,0.1763,8.33,0.0000,0.0393,0.0984,,,,,,,
28.9681,10,3,16.2518,45.2198,converged,81688.66,50045.82,0.1734,8.33,0.0000,0.0680,0.0507,,,,,,,
51.3803,7,7,41.4656,92.8456,completed,81688.66,50045.82,0.1734,8.33,0.0000,0.0864,0.3361,0.8081,0.4604,2.0252,5.0401,,,
24.6257,10,3,14.1195,38.7445,converged,81690.87,50046.21,0.1686,8.25,0.0000,0.0574,0.0537,,,,,,,
43.8265,8,8,36.1754,80.0014,completed,81690.87,50046.21,0.1686,8.25,0.0000,0.0645,0.1488,0.4353,0.7946,0.5316,2.4908,4.3607,,
31.6218,10,3,12.0413,43.6624,converged,81692.65,50046.51,0.1662,8.10,0.0000,0.0485,0.0508,,,,,,,
55.6555,6,6,29.3306,84.9856,completed,81692.65,50046.51,0.1662,8.10,0.0000,0.0335,0.1669,0.2110,2.4113,4.9298,,,,
33.7520,10,3,12.3244,46.0755,converged,81695.03,50046.91,0.1617,7.73,0.0000,0.0379,0.0287,,,,,,,
59.1241,5,5,27.5772,86.7012,completed,81695.03,50046.91,0.1617,7.73,0.0000,0.0732,0.4442,0.7660,4.2474,,,,,
40.0682,8,8,40.8731,80.9412,completed,81696.92,50047.22,0.1607,7.41,0.0000,0.0297,0.1298,0.5618,0.5252,1.1271,3.2975,3.8733,,
36.4430,9,9,57.9402,94.3822,completed,81696.92,50047.22,0.1607,7.41,0.0000,0.0998,0.2080,0.2258,0.3058,0.6276,2.0242,3.3572,3.4854,
44.7085,8,3,12.3558,57.0638,converged,81699.43,50047.61,0.1548,6.91,0.0000,0.1221,0.0605,,,,,,,
37.0745,9,9,63.1983,100.2723,completed,81699.43,50047.61,0.1548,6.91,0.0000,0.1642,0.1202,0.2355,0.9712,0.7425,2.1272,3.2680,3.3133,
46.2242,7,7,42.0493,88.2733,completed,81701.39,50047.92,0.1566,6.65,0.0000,0.2467,0.1930,0.2715,1.7619,3.4751,3.8703,,,
35.2755,9,9,51.1770,86.4521,completed,81701.39,50047.92,0.1566,6.65,0.0000,0.1704,0.1873,0.1085,0.3608,0.9159,2.3799,2.9905,3.0065,
25.4476,10,10,55.5295,80.9765,completed,81703.63,50048.28,0.1599,6.31,0.0000,0.0879,0.1403,0.2196,0.1735,0.1594,0.8529,1.5589,2.5942,2.7780
42.0667,8,8,31.1802,73.2462,completed,81703.63,50048.28,0.1599,6.31,0.0000,0.1388,0.1833,0.1850,0.5067,1.4643,2.4426,3.1959,,
37.5553,9,9,37.2389,74.7939,completed,81705.57,50048.60,0.1749,6.08,0.0000,0.1302,1.2864,4.3783,3.2137,0.8099,1.0841,2.9876,3.6444,
48.3738,7,3,12.8403,61.2133,converged,81705.57,50048.60,0.1749,6.08,0.0000,0.1247,0.0661,,,,,,,
48.8247,7,7,30.0940,78.9180,completed,81707.34,50048.94,0.1945,5.97,0.0000,0.2026,0.2541,0.6820,0.2405,2.2491,3.1751,,,
21.5603,10,3,12.0282,33.5882,converged,81707.34,50048.94,0.1945,5.97,0.0000,0.0766,0.0424,,,,,,,
56.0338,6,6,26.2573,82.2903,completed,81708.85,50049.25,0.2153,5.90,0.0000,0.1672,0.1878,1.0696,3.0888,3.8041,,,,
40.9136,8,8,42.2567,83.1698,completed,81708.85,50049.25,0.2153,5.90,0.0000,0.0655,0.1222,0.3059,0.4748,0.6198,2.4750,3.1682,,
35.5020,9,9,38.6372,74.1383,completed,81710.77,50049.70,0.2630,5.71,0.0000,0.2508,0.1056,0.5671,1.8855,0.4740,1.7829,2.8362,2.8112,
55.7075,6,6,23.6119,79.3189,completed,81710.77,50049.70,0.2630,5.71,0.0000,0.1849,0.1601,0.4987,2.1588,3.6588,,,,
22.9592,10,10,52.6365,75.5955,completed,81712.27,50050.16,0.3308,5.50,0.0000,0.2141,0.2022,0.1781,0.2487,0.2515,1.5098,2.7869,2.9015,2.6763
37.6094,9,9,41.9037,79.5128,completed,81712.27,50050.16,0.3308,5.50,0.0000,0.1274,0.1651,0.4255,0.5533,1.0981,3.3093,3.3735,2.9188,
54.5726,6,6,41.4058,95.9778,completed,81713.87,50050.78,0.4164,5.25,0.0000,0.2216,0.1244,3.9954,0.4378,3.1635,,,,
24.4995,10,3,17.3890,41.8881,converged,81713.87,50050.78,0.4164,5.25,0.0000,0.0776,0.0526,,,,,,,
48.3071,7,7,45.7890,94.0961,completed,81715.28,50051.46,0.5060,5.12,0.0000,0.1203,0.1313,0.3285,0.2296,3.2917,3.9473,,,
39.3786,9,3,13.6385,53.1517,converged,81715.28,50051.46,0.5060,5.12,0.0000,0.0397,0.0240,,,,,,,
26.8444,10,3,12.1439,38.9879,converged,81716.56,50052.23,0.6096,5.00,0.0000,0.0569,0.0451,,,,,,,
27.3069,10,3,19.7314,47.0375,converged,81716.56,50052.23,0.6096,5.00,0.0000,0.0171,0.0267,,,,,,,
29.6919,10,10,55.8868,85.5778,completed,81717.49,50052.94,0.7197,4.95,0.0000,0.0580,0.1824,0.3323,0.7308,1.0038,0.4939,2.4159,3.8385,3.5851
58.7034,5,5,22.5234,81.2264,completed,81717.49,50052.94,0.7197,4.95,0.0000,0.2530,0.8155,1.1423,4.4111,,,,,
21.0071,10,3,10.2010,31.2080,converged,81718.50,50053.93,0.8596,4.78,0.0000,0.0379,0.0957,,,,,,,
35.0525,9,9,36.9640,72.0161,completed,81718.50,50053.93,0.8596,4.78,0.0000,0.1025,0.1916,0.2490,0.3415,0.4177,2.5960,4.4443,4.1053,
59.6982,5,5,19.5872,79.2852,completed,81719.23,50054.87,0.9740,4.79,0.0000,0.1550,0.3270,1.7916,6.0039,,,,,
36.4536,9,9,37.2272,73.6802,completed,81719.23,50054.87,0.9740,4.79,0.0000,0.1213,0.1672,0.3071,0.3394,0.4157,2.4504,4.4901,4.0903,
30.1640,10,3,13.0466,43.2106,converged,81719.97,50056.08,1.1119,4.81,0.0000,0.0510,0.0626,,,,,,,
30.3767,10,10,42.9513,73.3273,completed,81719.97,50056.08,1.1119,4.81,0.0000,0.1106,0.1668,0.3076,0.5447,1.0042,0.2984,3.1478,4.5947,4.1333
25.1602,10,3,10.9049,36.0649,converged,81720.46,50057.19,1.2268,4.94,0.0000,0.0254,0.0553,,,,,,,
54.5769,6,6,29.6294,84.2054,completed,81720.46,50057.19,1.2268,4.94,0.0000,0.1374,0.1848,0.3767,3.5092,6.7134,,,,
59.1794,5,5,20.4238,79.6028,completed,81720.85,50058.46,1.3437,5.02,0.0000,0.2372,0.7194,0.8304,6.5603,,,,,
45.3131,8,8,40.4091,85.7221,completed,81720.85,50058.46,1.3437,5.02,0.0000,0.1561,0.1551,0.1560,0.2355,3.1962,6.0801,5.6512,,
28.7171,10,10,45.6841,74.4012,completed,81721.15,50060.04,1.4619,5.12,0.0000,0.0744,0.1450,0.1371,0.1086,0.5562,2.4417,5.1445,5.5683,4.6273
42.9845,8,8,48.7369,91.7209,completed,81721.15,50060.04,1.4619,5.12,0.0000,0.1058,0.2911,0.5716,0.3766,2.6341,6.0596,6.2027,,
34.4130,9,9,36.4670,70.8790,completed,81721.28,50061.65,1.5535,5.41,0.0000,0.0768,0.2179,0.4206,0.5724,0.8750,4.6630,6.5969,5.8215,
36.0696,9,9,40.2951,76.3641,completed,81721.28,50061.65,1.5535,5.41,0.0000,0.0429,0.2017,0.7003,2.0746,1.8047,3.0553,6.6026,6.6198,
54.5968,6,6,38.4033,92.9994,completed,81721.27,50063.32,1.6257,5.77,0.0000,0.4830,0.9477,1.2776,7.1752,9.7765,,,,
24.1024,10,10,51.7187,75.8207,completed,81721.27,50063.32,1.6257,5.77,0.0000,0.2566,0.2798,0.1385,1.0564,3.8523,5.7508,7.2526,7.0612,5.9000
21.9386,10,10,48.4255,70.3636,completed,81721.15,50065.03,1.6751,6.12,0.0000,0.5576,0.6796,0.5241,0.6396,4.4478,7.0220,7.9940,6.4496,5.1888
58.1295,5,5,23.9931,82.1222,completed,81721.15,50065.03,1.6751,6.12,0.0000,1.3394,1.2251,6.3335,10.9980,,,,,
21.9511,10,10,40.5702,62.5213,completed,81720.94,50066.95,1.7111,6.45,0.0000,0.2297,0.4757,0.6938,0.1780,1.7605,5.0659,8.1198,7.5409,6.2515
25.3357,10,10,46.6360,71.9710,completed,81720.94,50066.95,1.7111,6.45,0.0000,0.4697,0.7062,0.3518,1.8438,3.5149,6.2973,8.3718,7.8989,6.6430
41.2268,8,8,32.3648,73.5909,completed,81720.67,50068.88,1.7366,6.75,0.0000,0.1913,0.5052,0.6177,1.4732,6.7965,9.3633,8.1642,,
54.8429,6,6,28.5326,83.3747,completed,81720.67,50068.88,1.7366,6.75,0.0000,0.8217,1.2413,2.7799,7.3627,10.7071,,,,
38.5971,9,9,41.8705,80.4676,completed,81720.35,50070.75,1.7554,7.03,0.0000,0.2371,0.6579,0.5009,1.3489,3.7472,6.9014,8.6432,7.6481,
30.0307,10,10,46.4508,76.4808,completed,81720.35,50070.75,1.7554,7.03,0.0000,0.7940,0.9554,0.4244,2.4447,5.2897,6.9804,8.5604,7.9329,6.6955
23.9406,10,10,51.8262,75.7663,completed,81719.94,50073.01,1.7640,7.34,0.0000,0.3345,0.7684,0.5752,0.8172,2.4302,4.7171,7.5089,7.8387,6.6926
39.8242,9,9,47.2447,87.0687,completed,81719.94,50073.01,1.7640,7.34,0.0000,0.8128,0.7532,0.6997,3.0406,5.6789,8.1438,8.7393,7.5184,
43.1873,8,8,45.6642,88.8512,completed,81719.50,50075.25,1.7680,7.64,0.0000,0.7378,0.9709,0.9365,3.1591,6.6272,9.3981,8.7706,,
28.8863,10,10,45.4667,74.3527,completed,81719.50,50075.25,1.7680,7.64,0.0000,0.7315,1.0984,0.9306,0.8983,3.0139,5.7604,7.9249,7.1616,5.9136
49.2341,7,7,30.2340,79.4680,completed,81719.09,50077.36,1.7688,7.94,0.0000,0.8395,1.1132,0.8031,4.2887,9.3355,9.2314,,,
50.4914,7,7,44.6498,95.1408,completed,81719.09,50077.36,1.7688,7.94,0.0000,0.7982,0.9577,1.4016,5.4534,9.7860,9.3095,,,
27.0424,10,10,50.5526,77.5947,completed,81718.54,50080.04,1.7753,8.26,0.0000,0.5816,1.2021,1.0863,0.7476,3.9319,5.2260,7.1211,7.5852,6.6582
50.0316,7,7,34.5411,84.5722,completed,81718.54,50080.04,1.7753,8.26,0.0000,1.0061,0.7800,1.6459,3.8658,7.6358,9.7975,,,
56.9059,6,6,32.7226,89.6277,completed,81718.04,50082.43,1.7775,8.45,0.0000,1.3315,1.4550,2.8701,7.3522,10.1809,,,,
53.3349,6,6,29.0293,82.3633,completed,81718.04,50082.43,1.7775,8.45,0.0000,1.2601,0.6664,4.7987,8.6965,11.1758,,,,
25.4897,10,10,56.3219,81.8110,completed,81717.42,50085.34,1.7763,8.59,0.0000,0.4190,0.7556,0.8705,0.2230,2.8637,5.1851,7.2948,7.4195,6.2614
59.8121,5,3,40.2000,100.0122,deadline,81717.42,50085.34,1.7763,8.59,0.0000,0.6510,0.3852,,,,,,,
38.2201,9,9,44.8821,83.1022,completed,81716.85,50088.02,1.7735,8.65,0.0000,0.0362,0.2912,0.9536,0.5351,1.6239,5.7921,8.0600,7.0584,
21.9153,10,10,63.8189,85.7340,completed,81716.85,50088.02,1.7735,8.65,0.0000,0.0496,0.1245,0.8106,0.6359,0.5510,2.7320,6.5870,6.9856,5.8953
22.6547,10,3,14.8163,37.4704,converged,81716.22,50091.06,1.7800,8.67,0.0000,0.0444,0.0564,,,,,,,
50.9836,7,7,37.6307,88.6137,completed,81716.22,50091.06,1.7800,8.67,0.0000,0.0774,0.3241,0.2184,2.5924,7.5790,9.5442,,,
33.9993,10,3,12.2653,46.2643,converged,81715.72,50093.33,1.7805,8.67,0.0000,0.0617,0.0679,,,,,,,
22.6208,10,3,11.9208,34.5408,converged,81715.72,50093.33,1.7805,8.67,0.0000,0.0769,0.0451,,,,,,,
32.4361,10,3,9.8034,42.2394,converged,81715.30,50095.21,1.7823,8.66,0.0000,0.0450,0.0617,,,,,,,
39.4049,9,5,17.1052,56.5093,converged,81715.30,50095.21,1.7823,8.66,0.0000,0.0574,0.2457,0.8261,0.0855,,,,,
56.2782,6,6,30.4066,86.6847,completed,81714.85,50097.28,1.7818,8.65,0.0000,0.2839,1.1528,0.3650,5.1915,9.7139,,,,
29.7820,10,10,50.5949,80.3759,completed,81714.85,50097.28,1.7818,8.65,0.0000,0.1119,0.2204,0.5985,1.2561,0.4169,3.6958,6.9921,7.2186,6.2102
30.0052,10,10,45.1299,75.1349,completed,81714.30,50099.80,1.7851,8.63,0.0000,0.1259,0.1997,0.5774,0.8369,1.3773,4.7130,7.9708,7.2246,5.8826
55.2935,6,6,39.6897,94.9827,completed,81714.30,50099.80,1.7851,8.63,0.0000,0.1861,0.4047,0.2472,7.1981,9.7500,,,,
42.5471,8,8,37.6877,80.2347,completed,81713.76,50102.31,1.7795,8.60,0.0000,0.4807,0.5163,1.1052,2.1615,5.6823,8.6123,7.9105,,
26.3548,10,10,39.8522,66.2062,completed,81713.76,50102.31,1.7795,8.60,0.0000,0.0745,0.1251,0.3991,0.9102,0.6111,2.8908,7.0255,7.6106,6.4969
35.0711,9,9,37.1648,72.2358,completed,81713.26,50104.66,1.7761,8.59,0.0000,0.4646,0.7190,1.2348,7.9007,12.5884,9.4915,7.9680,6.6053,
56.5885,6,6,33.5851,90.1731,completed,81713.26,50104.66,1.7761,8.59,0.0000,0.0369,1.0633,1.0299,4.7425,9.3467,,,,
23.2622,10,10,54.4996,77.7616,completed,81712.68,50107.52,1.7699,8.57,0.0000,0.4848,0.6719,0.6625,1.1617,2.8477,5.1716,7.7330,7.5342,6.2703
35.0443,9,9,44.8408,79.8848,completed,81712.68,50107.52,1.7699,8.57,0.0000,0.0192,0.2420,0.8016,1.0814,1.1934,6.1616,8.3160,7.1169,
34.5331,9,9,31.2742,65.8073,completed,81712.22,50109.86,1.7648,8.57,0.0000,0.2672,0.4227,0.9870,4.6392,7.0268,6.4207,6.2816,5.4658,
47.8157,7,7,28.7328,76.5479,completed,81712.22,50109.86,1.7648,8.57,0.0000,0.0352,0.1431,0.8918,3.9577,9.9587,9.6446,,,
32.0336,10,10,36.4232,68.4563,completed,81711.74,50112.38,1.7631,8.56,0.0000,0.1079,0.1128,0.2239,0.1879,1.1192,3.3963,7.6805,7.7369,6.3856
59.1301,5,5,33.7244,92.8545,completed,81711.74,50112.38,1.7631,8.56,0.0000,0.1018,0.3516,3.6918,10.3898,,,,,
42.4832,8,3,17.2393,59.7224,converged,81711.26,50114.94,1.7602,8.55,0.0000,0.0684,0.0408,,,,,,,
31.9461,10,3,18.4838,50.4298,converged,81711.26,50114.94,1.7602,8.55,0.0000,0.0320,0.0254,,,,,,,
50.1956,7,3,16.5143,66.7094,converged,81710.82,50117.18,1.7613,8.55,0.0000,0.0770,0.0620,,,,,,,
49.5594,7,3,10.1967,59.7558,converged,81710.82,50117.18,1.7613,8.55,0.0000,0.0874,0.0454,,,,,,,
54.9939,6,3,15.9124,70.9054,converged,81710.34,50119.61,1.7680,8.53,0.0000,0.0985,0.0693,,,,,,,
46.6367,7,7,26.5775,73.2136,completed,81710.34,50119.61,1.7680,8.53,0.0000,0.3167,0.8448,2.5444,2.0660,7.8007,9.1096,,,
55.0830,6,3,11.0331,66.1161,converged,81709.78,50122.30,1.7704,8.53,0.0000,0.0963,0.0644,,,,,,,
41.2828,8,3,11.0192,52.3012,converged,81709.78,50122.30,1.7704,8.53,0.0000,0.0798,0.0394,,,,,,,
57.5373,6,3,18.4022,75.9393,converged,81709.29,50124.64,1.7708,8.52,0.0000,0.1285,0.0672,,,,,,,
57.6074,6,6,34.6387,92.2457,completed,81709.29,50124.64,1.7708,8.52,0.0000,0.0660,0.4559,1.6196,8.0279,10.2657,,,,
42.1575,8,8,40.1363,82.2934,completed,81708.72,50127.50,1.7721,8.52,0.0000,0.4059,0.6858,1.0425,3.5886,7.8626,7.8109,6.5239,,
38.7257,9,3,15.7462,54.4712,converged,81708.72,50127.50,1.7721,8.52,0.0000,0.0598,0.0695,,,,,,,
58.8139,5,5,33.3966,92.2097,completed,81708.21,50130.01,1.7708,8.51,0.0000,0.2534,0.2501,3.6846,10.0215,,,,,
31.5324,10,3,16.7076,48.2396,converged,81708.21,50130.01,1.7708,8.51,0.0000,0.0435,0.0368,,,,,,,
50.8963,7,7,43.7210,94.6170,completed,81707.65,50132.79,1.7689,8.50,0.0000,0.1546,0.3159,2.1176,7.5581,7.2363,6.6284,,,
43.1663,8,3,14.0416,57.2076,converged,81707.65,50132.79,1.7689,8.50,0.0000,0.0892,0.0820,,,,,,,
28.1307,10,10,44.3215,72.4515,completed,81707.15,50135.32,1.7704,8.50,0.0000,0.1893,0.4100,0.7224,1.1524,0.9526,3.0635,7.5272,7.8356,6.3838
39.9014,9,3,11.2550,51.1560,converged,81707.15,50135.32,1.7704,8.50,0.0000,0.0310,0.0350,,,,,,,
36.5663,9,9,35.1067,71.6727,completed,81706.64,50137.84,1.7701,8.50,0.0000,0.2005,0.1170,0.9907,3.0031,6.2565,5.2541,5.4451,4.6619,
56.7190,6,6,28.1410,84.8601,completed,81706.64,50137.84,1.7701,8.50,0.0000,0.1277,0.1363,1.4345,8.4945,10.8534,,,,
32.4699,10,4,13.8080,46.2770,converged,81706.12,50140.41,1.7708,8.49,0.0000,0.2346,0.3231,0.0624,,,,,,
28.2777,10,4,16.2046,44.4816,converged,81706.12,50140.41,1.7708,8.49,0.0000,0.0728,0.1060,0.0634,,,,,,
45.2229,8,8,44.3779,89.5999,completed,81705.74,50142.26,1.7713,8.49,0.0000,0.0851,0.3359,0.8930,6.7596,11.7026,9.2481,7.4080,,
21.7068,10,3,15.0779,36.7839,converged,81705.74,50142.26,1.7713,8.49,0.0000,0.0343,0.0385,,,,,,,
36.4726,9,9,37.1545,73.6265,completed,81705.29,50144.52,1.7691,8.47,0.0000,0.5362,0.7465,0.3526,0.4481,1.9484,6.4259,8.6625,7.1151,
36.3553,9,3,14.0278,50.3828,converged,81705.29,50144.52,1.7691,8.47,0.0000,0.0585,0.0838,,,,,,,
50.5284,7,3,11.4903,62.0183,converged,81704.84,50146.76,1.7658,8.47,0.0000,0.0282,0.0450,,,,,,,
35.1170,9,3,11.7452,46.8613,converged,81704.84,50146.76,1.7658,8.47,0.0000,0.0320,0.0700,,,,,,,
50.0929,7,7,30.0468,80.1389,completed,81704.41,50148.93,1.7664,8.46,0.0000,0.9739,2.6163,2.5015,1.0527,7.0922,9.4218,,,
54.9091,6,6,24.8373,79.7464,completed,81704.41,50148.93,1.7664,8.46,0.0000,0.1662,0.3836,1.2149,7.5717,10.7464,,,,
37.8041,9,9,48.5620,86.3660,completed,81703.90,50151.43,1.7687,8.46,0.0000,0.4582,0.7084,0.3723,1.4248,3.4721,8.4806,7.6059,5.9735,
25.4019,10,10,50.1408,75.5419,completed,81703.90,50151.43,1.7687,8.46,0.0000,0.0238,0.2331,0.6766,0.3698,0.1115,2.6016,8.1079,7.5466,6.2906
39.1986,9,9,35.4372,74.6353,completed,81703.42,50153.90,1.7631,8.46,0.0000,0.0527,0.1974,0.5732,0.3878,2.0314,7.9372,8.7387,7.2521,
22.2626,10,10,56.7246,78.9867,completed,81703.42,50153.90,1.7631,8.46,0.0000,0.0132,0.1176,0.2382,0.1733,0.5008,3.9597,8.7227,7.6370,6.3226
46.2764,7,7,42.4710,88.7470,completed,81702.99,50156.17,1.7575,8.46,0.0000,0.0771,0.4209,0.8764,2.3572,9.7574,9.8071,,,
58.9246,5,5,30.1886,89.1126,completed,81702.99,50156.17,1.7575,8.46,0.0000,0.0873,0.1992,4.9468,11.4210,,,,,
53.2465,6,6,33.4092,86.6552,completed,81702.46,50159.02,1.7541,8.45,0.0000,0.0901,0.6685,0.9635,7.0574,11.0897,,,,
59.4778,5,5,31.1523,90.6293,completed,81702.46,50159.02,1.7541,8.45,0.0000,0.1584,1.0878,1.2848,9.7439,,,,,
22.7308,10,3,10.0362,32.7662,converged,81701.92,50162.02,1.7485,8.43,0.0000,0.0707,0.0682,,,,,,,
43.7592,8,3,14.3585,58.1175,converged,81701.92,50162.02,1.7485,8.43,0.0000,0.0536,0.0410,,,,,,,
30.3199,10,3,14.4668,44.7858,converged,81701.55,50164.10,1.7485,8.43,0.0000,0.0201,0.0690,,,,,,,
39.7887,9,9,34.1936,73.9816,completed,81701.55,50164.10,1.7485,8.43,0.0000,0.0370,0.1736,0.3699,0.1604,1.7708,8.1197,8.9720,7.3566,
31.6118,10,3,12.9981,44.6092,converged,81701.10,50166.60,1.7525,8.43,0.0000,0.0092,0.0704,,,,,,,
57.9094,6,6,28.7771,86.6862,completed,81701.10,50166.60,1.7525,8.43,0.0000,0.0316,0.3616,0.1533,6.1505,10.8126,,,,
39.5298,9,9,55.0419,94.5710,completed,81700.66,50169.02,1.7535,8.43,0.0000,0.0544,0.1120,0.2844,0.9033,2.2765,7.0702,8.8297,7.9677,
41.5312,8,8,33.2665,74.7975,completed,81700.66,50169.02,1.7535,8.43,0.0000,0.0727,0.2136,0.1011,0.5094,3.5521,9.0096,9.2051,,
33.4682,10,10,36.4411,69.9092,completed,81700.15,50171.75,1.7536,8.43,0.0000,0.0325,0.1581,0.5419,1.1496,1.1783,0.7107,7.1196,7.8137,6.5290
28.6360,10,3,11.9253,40.5603,converged,81700.15,50171.75,1.7536,8.43,0.0000,0.0273,0.0493,,,,,,,
58.9846,5,5,19.8655,78.8496,completed,81699.75,50173.91,1.7521,8.43,0.0000,0.3539,1.6898,4.4681,11.2419,,,,,
55.9276,6,6,27.2188,83.1458,completed,81699.75,50173.91,1.7521,8.43,0.0000,0.0471,0.1915,1.9694,9.5453,11.5910,,,,
24.3058,10,10,48.3556,72.6606,completed,81699.28,50176.50,1.7521,8.43,0.0000,0.5003,0.3254,0.2761,0.9055,2.6311,3.7302,7.8835,8.5514,7.1947
22.9939,10,10,46.6037,69.5968,completed,81699.28,50176.50,1.7521,8.43,0.0000,0.0118,0.1312,0.4894,1.0787,1.4978,0.6473,7.3010,7.8078,6.3825
41.2887,8,8,39.7014,80.9894,completed,81698.87,50178.70,1.7539,8.43,0.0000,1.2133,0.7316,1.0946,3.1872,3.7573,8.3812,9.5531,,
57.0116,6,3,10.8840,67.8951,converged,81698.87,50178.70,1.7539,8.43,0.0000,0.0228,0.0758,,,,,,,
44.1013,8,8,33.4709,77.5720,completed,81698.42,50181.12,1.7523,8.42,0.0000,0.0706,0.4244,1.1162,3.3802,10.3455,10.3907,8.0283,,
50.0408,7,3,11.8606,61.9007,converged,81698.42,50181.12,1.7523,8.42,0.0000,0.0856,0.0286,,,,,,,
31.5563,10,10,48.5520,80.1081,completed,81698.05,50183.14,1.7535,8.42,0.0000,0.1338,0.4575,0.6566,0.9796,2.6265,6.9248,9.4537,7.7610,6.2144
37.0343,9,3,12.1217,49.1558,converged,81698.05,50183.14,1.7535,8.42,0.0000,0.0955,0.0164,,,,,,,
37.4187,9,5,16.0380,53.4560,converged,81697.60,50185.51,1.7567,8.41,0.0000,0.0541,0.1519,0.2603,0.0679,,,,,
54.6485,6,6,32.1417,86.7897,completed,81697.60,50185.51,1.7567,8.41,0.0000,0.2508,0.3818,0.2911,5.6287,10.6495,,,,
44.3884,8,8,31.8781,76.2661,completed,81697.20,50187.69,1.7561,8.41,0.0000,0.1348,0.1674,0.3450,0.5545,3.2446,8.7211,9.3706,,
36.5267,9,3,10.3010,46.8271,converged,81697.20,50187.69,1.7561,8.41,0.0000,0.0847,0.0538,,,,,,,
53.7565,6,6,42.0127,95.7687,completed,81696.80,50189.79,1.7576,8.40,0.0000,0.0175,0.1379,0.8534,7.5494,10.9783,,,,
53.6600,6,6,41.6376,95.2977,completed,81696.80,50189.79,1.7576,8.40,0.0000,0.1376,0.2859,1.2244,6.4170,10.9330,,,,
39.2200,9,3,19.1931,58.4132,converged,81696.25,50192.73,1.7572,8.40,0.0000,0.0697,0.0259,,,,,,,
54.6006,6,6,30.7223,85.3223,completed,81696.25,50192.73,1.7572,8.40,0.0000,0.0967,0.2292,0.6917,7.3746,11.1897,,,,
55.5896,6,6,36.9809,92.5699,completed,81695.81,50195.14,1.7545,8.40,0.0000,0.0098,0.5458,0.9988,4.4445,10.5903,,,,
31.1996,10,3,9.7323,40.9313,converged,81695.81,50195.14,1.7545,8.40,0.0000,0.0147,0.0473,,,,,,,
59.2363,5,5,20.5405,79.7766,completed,81695.39,50197.37,1.7536,8.40,0.0000,0.4729,0.5907,4.7825,11.8680,,,,,
50.8726,7,7,27.7494,78.6215,completed,81695.39,50197.37,1.7536,8.40,0.0000,0.0288,0.1711,1.0791,5.1247,11.1578,9.8537,,,
22.6156,10,3,10.6421,33.2572,converged,81694.94,50199.84,1.7519,8.40,0.0000,0.0244,0.0985,,,,,,,
58.1907,5,5,20.0871,78.2771,completed,81694.94,50199.84,1.7519,8.40,0.0000,0.0575,0.5765,2.5709,10.6090,,,,,
58.6752,5,5,21.9539,80.6289,completed,81694.59,50201.73,1.7539,8.40,0.0000,0.3753,0.2551,1.7885,9.1780,,,,,
59.5376,5,5,21.4327,80.9698,completed,81694.59,50201.73,1.7539,8.40,0.0000,0.2390,0.3761,1.8835,9.9063,,,,,
27.5287,10,10,35.6257,63.1537,completed,81694.08,50204.45,1.7538,8.39,0.0000,0.0838,0.1865,0.2097,0.2198,0.7907,2.9682,7.4703,8.5067,7.4121
59.0145,5,5,32.2615,91.2756,completed,81694.08,50204.45,1.7538,8.39,0.0000,0.1171,0.6873,2.6745,10.7619,,,,,
34.0209,9,9,41.8886,75.9086,completed,81693.62,50206.91,1.7540,8.39,0.0000,0.0658,0.1460,0.1522,0.5160,3.7327,9.5804,9.4268,7.5792,
53.8006,6,6,25.4754,79.2754,completed,81693.62,50206.91,1.7540,8.39,0.0000,0.4036,0.5334,1.7508,7.0003,11.2371,,,,
46.6348,7,7,29.0816,75.7156,completed,81693.16,50209.39,1.7529,8.37,0.0000,0.0784,0.2001,0.3577,2.6994,9.8774,10.1018,,,
28.3843,10,10,38.6634,67.0475,completed,81693.16,50209.39,1.7529,8.37,0.0000,0.1893,0.2242,0.1162,0.1532,0.9548,1.6379,6.8322,8.6270,7.3806
37.9461,9,9,40.1369,78.0829,completed,81692.75,50211.56,1.7557,8.35,0.0000,0.1229,0.1426,0.1916,0.6285,3.0641,9.2266,9.3670,7.6916,
52.9997,6,3,17.8077,70.8068,converged,81692.75,50211.56,1.7557,8.35,0.0000,0.4067,0.0550,,,,,,,
41.0946,8,8,49.8888,90.9828,completed,81692.25,50214.27,1.7526,8.35,0.0000,0.7486,1.1050,0.9792,1.7494,4.4781,9.4064,9.9165,,
25.0484,10,4,15.0972,40.1453,converged,81692.25,50214.27,1.7526,8.35,0.0000,0.3334,0.3430,0.0367,,,,,,
32.0684,10,10,67.9369,100.0049,completed,81691.85,50216.46,1.7536,8.36,0.0000,0.4525,0.6235,0.3504,0.9787,3.2611,9.1240,8.5558,7.1774,5.9543
28.2576,10,10,44.0499,72.3070,completed,81691.85,50216.46,1.7536,8.36,0.0000,0.3010,0.3894,0.2018,0.2438,1.8986,2.1244,5.6174,8.7784,8.1358
47.0380,7,7,31.1275,78.1656,completed,81691.33,50219.24,1.7543,8.37,0.0000,0.5129,0.7097,0.9772,3.1352,10.2827,10.2886,,,
38.3568,9,9,32.5607,70.9167,completed,81691.33,50219.24,1.7543,8.37,0.0000,0.3418,0.4742,0.4186,1.7458,3.2398,10.5339,9.5800,7.5361,
35.0912,9,9,33.8023,68.8933,completed,81690.92,50221.46,1.7539,8.37,0.0000,0.3687,0.3541,0.4010,0.9262,2.6377,6.4934,9.4788,8.4528,
21.5051,10,10,45.2834,66.7884,completed,81690.92,50221.46,1.7539,8.37,0.0000,0.4106,0.4783,0.1557,0.9287,4.1039,4.5072,9.6646,8.8019,7.2668
20.9438,10,10,39.2597,60.2028,completed,81690.47,50223.93,1.7521,8.38,0.0000,0.2339,0.4258,0.3343,0.5873,2.7486,3.5893,9.1761,8.9029,7.2670
42.1929,8,8,43.8948,86.0868,completed,81690.47,50223.93,1.7521,8.38,0.0000,0.5667,0.2719,0.2161,3.7940,5.5860,10.8130,10.2505,,
37.3349,9,9,42.4915,79.8256,completed,81690.05,50226.15,1.7517,8.38,0.0000,0.2477,0.2824,0.1061,2.0262,3.5799,6.7212,10.2327,8.8021,
27.6811,10,4,19.4591,47.1401,converged,81690.05,50226.15,1.7517,8.38,0.0000,0.4386,0.5602,0.0705,,,,,,
58.4910,5,5,27.6190,86.1154,completed,81689.60,50228.63,1.7518,8.38,0.0000,0.2175,0.9749,3.4842,11.0900,,,,,
25.6468,10,3,9.4150,35.0611,converged,81689.60,50228.63,1.7518,8.38,0.0000,0.1932,0.0976,,,,,,,
50.4972,7,7,40.3619,90.8589,completed,81689.26,50230.52,1.7522,8.38,0.0000,0.3278,0.1613,0.7649,3.7301,10.6594,11.5903,,,
59.9157,5,5,19.3503,79.2653,completed,81689.26,50230.52,1.7522,8.38,0.0000,0.8537,0.3708,3.5244,10.1915,,,,,
22.5394,10,10,47.3755,69.9146,completed,81688.76,50233.20,1.7533,8.38,0.0000,0.1407,0.2146,0.6237,2.2480,3.7319,5.3030,9.2897,8.6915,7.2778
53.8021,6,6,24.3458,78.1479,completed,81688.76,50233.20,1.7533,8.38,0.0000,0.8132,0.2449,0.7254,4.7032,10.9452,,,,
29.7189,10,3,16.5785,46.2966,converged,81688.34,50235.44,1.7546,8.38,0.0000,0.3903,0.0809,,,,,,,
56.0615,6,6,26.4678,82.5288,completed,81688.34,50235.44,1.7546,8.38,0.0000,0.4021,0.6965,0.2827,4.2022,8.9215,,,,
30.4374,10,10,51.2817,81.7188,completed,81687.93,50237.67,1.7527,8.38,0.0000,0.1195,0.1034,0.5805,0.6070,0.4453,1.7169,4.2305,7.4110,8.4076
33.6773,10,10,62.5904,96.2674,completed,81687.93,50237.67,1.7527,8.38,0.0000,0.2130,0.1856,0.1093,0.1153,0.8540,1.6423,3.1959,6.7872,9.0490
21.2861,10,10,54.8979,76.1839,completed,81687.47,50240.13,1.7542,8.38,0.0000,0.0997,0.1426,0.5150,0.3240,0.8683,1.3098,4.7315,7.8876,8.0962
35.8416,9,3,16.9019,52.7429,converged,81687.47,50240.13,1.7542,8.38,0.0000,0.0970,0.0194,,,,,,,
41.1163,8,8,49.2590,90.3750,completed,81687.04,50242.42,1.7527,8.37,0.0000,0.5235,0.1453,0.4711,0.7413,1.7924,6.8468,9.4122,,
58.5816,5,5,32.5594,91.1404,completed,81687.04,50242.42,1.7527,8.37,0.0000,0.1682,0.4541,2.0485,8.1634,,,,,
47.5205,7,7,42.4580,89.9780,completed,81686.51,50245.30,1.7528,8.37,0.0000,0.4045,0.1038,0.2619,0.7807,4.6451,8.8245,,,
48.7505,7,3,16.7095,65.4595,converged,81686.51,50245.30,1.7528,8.37,0.0000,0.1131,0.0366,,,,,,,
26.3654,10,10,58.7383,85.1033,completed,81686.05,50247.78,1.7516,8.37,0.0000,0.1307,0.1324,0.5972,0.5619,0.5768,0.6349,3.7697,7.1165,7.2256
55.6341,6,3,14.5416,70.1757,converged,81686.05,50247.78,1.7516,8.37,0.0000,0.0663,0.0756,,,,,,,
29.8755,10,10,58.3861,88.2611,completed,81685.61,50250.18,1.7493,8.37,0.0000,0.0854,0.1038,0.3453,0.4609,0.6240,0.7842,5.4074,7.8460,6.9277
43.2235,8,3,11.2603,54.4833,converged,81685.61,50250.18,1.7493,8.37,0.0000,0.0599,0.0537,,,,,,,
41.4824,8,8,42.7317,84.2137,completed,81685.11,50252.96,1.7483,8.37,0.0000,0.1583,1.5080,1.7861,0.3768,0.9269,6.8081,7.5181,,
32.4772,10,3,15.4437,47.9207,converged,81685.11,50252.96,1.7483,8.37,0.0000,0.0828,0.0996,,,,,,,
20.3770,10,10,52.4935,72.8705,completed,81684.72,50255.19,1.7483,8.37,0.0000,1.2293,0.5679,3.4944,9.4483,5.0062,3.5290,5.5826,5.0534,4.0443
22.1100,10,3,15.0096,37.1187,converged,81684.72,50255.19,1.7483,8.37,0.0000,0.0374,0.0416,,,,,,,
38.7742,9,9,50.7751,89.5492,completed,81684.32,50257.41,1.7464,8.37,0.0000,1.2478,1.2203,2.2428,9.7995,5.0681,4.7898,5.7470,5.0152,
55.2456,6,6,34.2698,89.5148,completed,81684.32,50257.41,1.7464,8.37,0.0000,0.0704,0.2480,0.5682,1.4340,7.4063,,,,
39.9002,9,9,50.2281,90.1281,completed,81683.83,50260.12,1.7475,8.37,0.0000,0.1887,0.5963,2.5817,6.7501,3.5678,4.4026,5.2007,4.3854,
22.6717,10,10,51.7640,74.4351,completed,81683.83,50260.12,1.7475,8.37,0.0000,0.2453,5.5418,11.2233,2.4847,0.9506,1.4109,5.5900,5.9580,5.2214
27.1996,10,10,64.1975,91.3966,completed,81683.34,50262.84,1.7464,8.37,0.0000,0.2387,0.3915,0.1696,1.7442,2.9666,2.4894,3.9268,3.8765,3.0154
31.9787,10,10,56.5044,88.4824,completed,81683.34,50262.84,1.7464,8.37,0.0000,0.6713,0.6338,6.3597,12.5138,8.8129,4.3319,5.7252,5.4338,4.4878
50.1538,7,7,25.9925,76.1455,completed,81682.85,50265.64,1.7456,8.36,0.0000,0.5361,1.2063,3.0527,4.1115,5.4762,5.5191,,,
20.3922,10,10,52.8651,73.2571,completed,81682.85,50265.64,1.7456,8.36,0.0000,1.4620,0.6779,4.1315,11.0946,11.1874,4.3828,5.5595,5.4084,4.5123
22.3912,10,10,51.4820,73.8730,completed,81682.42,50268.11,1.7457,8.36,0.0000,0.3852,0.5859,0.3328,3.2981,5.3134,3.3411,4.5525,4.6088,3.7686
50.3192,7,7,47.8704,98.1895,completed,81682.42,50268.11,1.7457,8.36,0.0000,12.1081,30.9662,19.3286,6.2678,2.5344,0.7307,,,
33.7319,10,10,48.0980,81.8290,completed,81681.95,50270.76,1.7451,8.36,0.0000,0.2869,0.6376,0.8572,1.8078,4.5201,2.4441,3.9220,4.0584,3.2590
41.5787,8,8,40.2571,81.8351,completed,81681.95,50270.76,1.7451,8.36,0.0000,2.2759,0.5889,5.5206,16.4407,8.2276,7.7194,6.6083,,
56.6177,6,6,24.6911,81.3081,completed,81681.50,50273.28,1.7437,8.22,0.0000,0.3393,0.1564,5.8325,5.4584,5.9088,,,,
33.0912,10,10,40.9782,74.0693,completed,81681.50,50273.28,1.7437,8.22,0.0000,2.1062,2.1138,1.0993,1.9190,5.8675,6.8591,6.6181,6.1308,4.9987
45.4193,8,8,29.8868,75.3058,completed,81681.14,50275.45,1.7265,8.08,0.0000,0.0937,0.4472,1.3479,5.8549,4.1338,5.1480,4.3416,,
56.3540,6,6,30.7601,87.1131,completed,81681.14,50275.45,1.7265,8.08,0.0000,3.9168,4.6936,6.0823,9.5068,9.9295,,,,
34.2591,9,9,39.6548,73.9138,completed,81680.74,50278.04,1.7274,8.07,0.0000,1.0165,0.7662,0.7642,4.7579,7.3631,6.6511,6.5269,5.4664,
53.5743,6,6,41.9954,95.5694,completed,81680.74,50278.04,1.7274,8.07,0.0000,5.6311,11.3888,6.9711,3.6572,7.8621,,,,
58.0426,5,5,20.7894,78.8314,completed,81680.34,50280.48,1.7336,8.12,0.0000,1.4973,5.6420,10.4010,11.1343,,,,,
51.1102,7,7,34.2324,85.3424,completed,81680.34,50280.48,1.7336,8.12,0.0000,2.3715,3.4933,3.6455,4.1841,8.6363,8.7846,,,
51.2740,7,7,26.2779,77.5509,completed,81679.98,50282.65,1.7392,8.16,0.0000,1.4378,1.7980,2.9852,7.3383,8.9337,8.2456,,,
54.6895,6,6,31.9520,86.6410,completed,81679.98,50282.65,1.7392,8.16,0.0000,2.5673,2.8676,2.7336,8.8036,10.7241,,,,
59.3693,5,5,28.0149,87.3839,completed,81679.55,50285.07,1.7489,8.20,0.0000,3.4448,3.6726,6.8498,10.6744,,,,,
51.1485,7,6,42.0564,93.2044,deadline,81679.55,50285.07,1.7489,8.20,0.0000,2.0623,4.9368,10.9792,3.6613,6.2879,,,,
38.3329,9,9,43.9268,82.2589,completed,81679.08,50287.68,1.7525,8.26,0.0000,1.4126,1.2078,0.4281,3.9878,7.6626,6.0832,6.1789,5.2364,
22.0549,10,10,65.9224,87.9765,completed,81679.08,50287.68,1.7525,8.26,0.0000,1.0534,1.3689,3.1962,5.8701,3.6645,5.0988,6.4417,6.0357,4.9985
25.8229,10,10,59.5509,85.3729,completed,81678.62,50290.19,1.7549,8.31,0.0000,0.3867,0.9664,1.3494,0.2989,2.8665,0.8502,3.9103,4.6616,3.8724
58.8295,5,5,21.9422,80.7712,completed,81678.62,50290.19,1.7549,8.31,0.0000,2.2764,7.0058,4.8420,9.7864,,,,,
48.9816,7,7,43.3269,92.3080,completed,81678.12,50292.89,1.7542,8.34,0.0000,0.7703,0.5660,2.1197,1.0267,5.1903,5.9312,,,
49.4607,7,7,33.4659,82.9260,completed,81678.12,50292.89,1.7542,8.34,0.0000,2.3769,3.3326,5.2311,6.2598,8.3418,8.3661,,,
51.2915,7,7,38.9607,90.2518,completed,81677.63,50295.52,1.7555,8.35,0.0000,1.9275,3.9393,2.9116,4.1556,7.2212,7.7707,,,
26.5299,10,10,48.8979,75.4270,completed,81677.63,50295.52,1.7555,8.35,0.0000,2.1024,2.4504,2.9762,3.9241,2.7128,5.3011,6.7742,7.0921,6.1409
56.1516,6,6,32.2527,88.4037,completed,81677.17,50297.98,1.7567,8.36,0.0000,1.6969,1.1582,5.1909,7.1712,8.3608,,,,
21.1184,10,10,41.5713,62.6894,completed,81677.17,50297.98,1.7567,8.36,0.0000,1.8058,2.0471,1.7688,1.6544,5.2213,6.9106,7.2782,7.1925,6.0659
20.6382,10,10,41.1110,61.7491,completed,81676.74,50300.28,1.7559,8.37,0.0000,0.4934,0.8580,0.1918,2.0163,4.0236,3.2631,5.8561,5.3257,4.2686
38.6101,9,9,37.1676,75.7776,completed,81676.74,50300.28,1.7559,8.37,0.0000,2.2415,3.2121,3.7869,3.6589,5.2954,6.8770,7.0848,5.7879,
51.5407,7,7,30.8077,82.3477,completed,81676.32,50302.50,1.7551,8.37,0.0000,0.5722,0.3530,4.3664,3.8864,7.0418,6.7453,,,
39.0794,9,9,43.3524,82.4315,completed,81676.32,50302.50,1.7551,8.37,0.0000,2.2581,3.0145,3.6533,3.8902,4.1472,6.4642,7.4812,6.9230,
58.7138,5,5,32.8799,91.5929,completed,81675.82,50305.18,1.7564,8.36,0.0000,1.3699,3.6659,6.2377,8.9774,,,,,
32.9454,10,10,49.9913,82.9363,completed,81675.82,50305.18,1.7564,8.36,0.0000,1.4879,1.6212,0.4404,2.7400,6.2230,6.1591,6.6426,6.4437,5.4988
54.0264,6,6,39.1071,93.1332,completed,81675.41,50307.37,1.7557,8.36,0.0000,0.7189,0.4229,2.2208,3.7848,6.6235,,,,
57.3322,6,6,31.8315,89.1635,completed,81675.41,50307.37,1.7557,8.36,0.0000,2.8335,1.2608,6.0878,8.6614,9.5758,,,,
41.3896,8,8,37.2425,78.6316,completed,81674.89,50310.15,1.7558,8.35,0.0000,0.4020,0.2944,0.5225,2.0954,1.8250,5.0534,5.2557,,
29.0216,10,10,40.8905,69.9115,completed,81674.89,50310.15,1.7558,8.35,0.0000,1.4776,1.7553,0.4975,2.7347,7.6331,6.9029,6.4998,6.3004,5.3370
23.8259,10,10,41.1760,65.0011,completed,81674.47,50312.37,1.7554,8.35,0.0000,0.7476,0.9372,0.4128,1.1222,2.7058,3.6202,5.2617,5.4397,4.5966
47.2564,7,7,42.0162,89.2723,completed,81674.47,50312.37,1.7554,8.35,0.0000,2.0005,3.5915,5.9611,3.9482,7.0569,7.7619,,,
40.5459,8,8,37.7920,78.3371,completed,81674.00,50314.91,1.7556,8.35,0.0000,0.1280,0.2181,0.9689,0.8302,1.8211,5.1755,5.0512,,
32.9205,10,10,45.3333,78.2533,completed,81674.00,50314.91,1.7556,8.35,0.0000,0.6281,0.6436,0.3613,3.4846,5.7058,5.1211,6.3271,5.8704,4.8645
59.7512,5,5,23.3820,83.1331,completed,81673.56,50317.25,1.7563,8.35,0.0000,0.5237,1.3253,2.9267,6.7911,,,,,
38.7505,9,9,41.2469,79.9970,completed,81673.56,50317.25,1.7563,8.35,0.0000,1.3507,2.6679,5.8816,6.5908,1.9130,5.0794,7.1291,6.7399,
46.4328,7,7,30.1822,76.6143,completed,81673.10,50319.72,1.7564,8.33,0.0000,0.1669,0.3308,2.6779,3.1071,6.6875,6.6370,,,
44.9624,8,8,36.9245,81.8866,completed,81673.10,50319.72,1.7564,8.33,0.0000,0.8424,0.8668,0.4340,3.9643,6.4735,7.7100,7.1157,,
34.7976,9,9,34.0822,68.8793,completed,81672.63,50322.18,1.7567,8.33,0.0000,0.5325,1.0947,1.8028,2.6534,3.9751,5.5815,6.7030,6.2202,
38.6720,9,9,57.3828,96.0539,completed,81672.63,50322.18,1.7567,8.33,0.0000,0.7408,0.9533,1.1555,0.9213,2.6619,5.3438,6.9500,6.4876,
21.2146,10,10,59.4798,80.6938,completed,81672.17,50324.62,1.7571,8.34,0.0000,0.6231,0.8259,0.7435,0.3610,3.7541,4.6127,6.3455,6.0154,5.0115
52.7445,6,6,33.1321,85.8761,completed,81672.17,50324.62,1.7571,8.34,0.0000,0.8593,1.5231,2.6472,6.1044,8.8368,,,,
32.7081,10,10,50.9891,83.6971,completed,81671.70,50327.10,1.7575,8.34,0.0000,0.4278,0.4049,0.6085,2.5470,3.1757,2.9797,5.8343,6.1907,5.1437
33.4677,10,10,37.0056,70.4726,completed,81671.70,50327.10,1.7575,8.34,0.0000,0.6982,0.9947,1.3635,0.8839,1.2733,4.0870,5.7141,6.3403,5.4620
23.3769,10,10,46.0013,69.3773,completed,81671.19,50329.85,1.7554,8.34,0.0000,0.4790,0.5991,0.6901,0.7471,2.0167,3.5999,4.4840,5.0487,4.4458
49.9760,7,7,35.6934,85.6684,completed,81671.19,50329.85,1.7554,8.34,0.0000,0.3432,0.1708,2.9034,4.5291,7.8157,7.5096,,,
43.7342,8,8,40.1317,83.8657,completed,81670.73,50332.28,1.7543,8.34,0.0000,0.1171,0.1371,0.2719,1.4191,2.2607,5.3522,5.1907,,
48.9025,7,7,39.4742,88.3763,completed,81670.73,50332.28,1.7543,8.34,0.0000,0.8470,1.1592,2.9560,3.8746,7.6949,7.5556,,,
40.5213,8,8,46.5282,87.0493,completed,81670.27,50334.78,1.7540,8.34,0.0000,0.1686,0.1788,0.5407,1.5963,1.9338,5.0324,5.3492,,
54.6521,6,6,34.7117,89.3637,completed,81670.27,50334.78,1.7540,8.34,0.0000,0.2784,0.7072,4.6612,7.4009,8.7814,,,,
35.5228,9,9,54.2519,89.7739,completed,81669.75,50337.56,1.7538,8.34,0.0000,0.0609,0.1168,0.2954,0.9707,0.8694,3.6564,5.1512,4.3761,
32.1201,10,10,55.2270,87.3470,completed,81669.75,50337.56,1.7538,8.34,0.0000,0.1837,0.2532,0.5052,1.4625,2.3784,4.3993,6.4440,5.8357,4.7326
42.6867,8,5,57.7622,100.4483,deadline,81669.26,50340.27,1.7540,8.34,0.0000,0.1096,0.4084,1.6291,1.7998,,,,,
35.6363,9,9,64.3674,100.0034,completed,81669.26,50340.27,1.7540,8.34,0.0000,0.2436,0.3112,0.2969,0.9186,2.6128,5.3263,6.4670,5.8757,
30.3693,10,3,22.0718,52.4408,converged,81668.73,50343.08,1.7546,8.35,0.0000,0.0441,0.0677,,,,,,,
23.3013,10,3,20.5940,43.8951,converged,81668.73,50343.08,1.7546,8.35,0.0000,0.1050,0.0903,,,,,,,
48.7307,7,7,38.6947,87.4247,completed,81668.26,50345.61,1.7564,8.35,0.0000,0.0809,0.1030,0.3175,1.4161,5.2488,6.5634,,,
39.4539,9,9,59.2522,98.7052,completed,81668.26,50345.61,1.7564,8.35,0.0000,0.0401,0.1726,0.6665,0.3074,1.8088,4.3771,6.4374,5.9939,
50.8015,7,3,18.5310,69.3320,converged,81667.71,50348.56,1.7594,8.35,0.0000,0.0622,0.0928,,,,,,,
45.1446,8,3,12.1194,57.2635,converged,81667.71,50348.56,1.7594,8.35,0.0000,0.1107,0.0654,,,,,,,
29.6988,10,3,14.6000,44.2980,converged,81667.25,50350.92,1.7592,8.35,0.0000,0.0390,0.0603,,,,,,,
51.6754,7,7,30.9047,82.5797,completed,81667.25,50350.92,1.7592,8.35,0.0000,0.1504,0.1472,0.8731,2.9684,7.2037,7.2601,,,
36.5587,9,3,13.4541,50.0122,converged,81666.83,50353.16,1.7612,8.34,0.0000,0.0521,0.0804,,,,,,,
58.2739,5,5,19.0687,77.3418,completed,81666.83,50353.16,1.7612,8.34,0.0000,0.2419,0.7392,4.4330,8.8174,,,,,
40.9321,8,3,15.4725,56.4045,converged,81666.41,50355.28,1.7657,8.34,0.0000,0.0345,0.0427,,,,,,,
54.1655,6,6,36.9860,91.1511,completed,81666.41,50355.28,1.7657,8.34,0.0000,0.0980,0.5794,0.9168,5.3334,7.9220,,,,
40.5764,8,3,19.4385,60.0145,converged,81665.90,50357.84,1.7660,8.34,0.0000,0.0458,0.0679,,,,,,,
26.7990,10,10,58.6569,85.4559,completed,81665.90,50357.84,1.7660,8.34,0.0000,0.1360,0.5464,1.6454,1.2677,1.8118,2.5165,4.7000,5.7298,5.1329
20.5202,10,3,20.3531,40.8732,converged,81665.40,50360.36,1.7641,8.34,0.0000,0.0618,0.0707,,,,,,,
50.8830,7,7,39.8159,90.6980,completed,81665.40,50360.36,1.7641,8.34,0.0000,0.1925,0.5960,0.8491,1.7936,6.2971,7.2197,,,
58.3044,5,5,29.2647,87.5687,completed,81664.96,50362.65,1.7614,8.34,0.0000,0.1048,0.4872,2.0743,7.6027,,,,,
49.4988,7,7,45.2691,94.7672,completed,81664.96,50362.65,1.7614,8.34,0.0000,0.2358,1.1843,1.3824,2.6423,5.8000,7.5359,,,
56.0454,6,6,32.5344,88.5794,completed,81664.37,50365.64,1.7621,8.33,0.0000,0.1339,0.4947,1.0578,3.6669,7.4408,,,,
56.2925,6,6,23.9701,80.2622,completed,81664.37,50365.64,1.7621,8.33,0.0000,0.0582,0.8185,1.2139,4.6274,7.7935,,,,
36.1062,9,3,11.2274,47.3335,converged,81663.89,50368.14,1.7579,8.33,0.0000,0.0547,0.0761,,,,,,,
26.9648,10,10,40.5001,67.4641,completed,81663.89,50368.14,1.7579,8.33,0.0000,0.0399,0.1132,0.1932,0.1206,0.5222,2.7546,5.3831,5.6720,4.8640
33.8581,10,3,10.3890,44.2470,converged,81663.47,50370.35,1.7556,8.33,0.0000,0.0422,0.0493,,,,,,,
50.6811,7,7,31.7609,82.4419,completed,81663.47,50370.35,1.7556,8.33,0.0000,0.0674,0.3111,0.2482,2.0490,6.5936,7.7155,,,
50.8953,7,7,35.2729,86.1680,completed,81663.12,50372.23,1.7585,8.33,0.0000,0.0784,0.1696,0.5906,1.8583,7.0753,6.9112,,,
53.9421,6,6,25.3381,79.2802,completed,81663.12,50372.23,1.7585,8.33,0.0000,0.2394,1.3101,1.3289,4.3294,8.1536,,,,
41.5979,8,8,45.0425,86.6395,completed,81662.65,50374.69,1.7605,8.33,0.0000,0.0575,0.4868,0.9156,1.6045,4.3045,7.3222,6.7716,,
50.2031,7,7,35.0199,85.2229,completed,81662.65,50374.69,1.7605,8.33,0.0000,0.0727,0.3888,0.5911,2.0721,7.3013,7.4025,,,
48.6741,7,7,37.4113,86.0853,completed,81662.10,50377.55,1.7569,8.34,0.0000,0.1413,0.2764,1.2180,5.2735,8.5314,7.1764,,,
25.8781,10,10,45.9233,71.8013,completed,81662.10,50377.55,1.7569,8.34,0.0000,0.0993,0.2582,0.4074,0.3546,0.8314,3.1567,6.1472,6.3623,5.2902
37.6777,9,3,10.5195,48.1966,converged,81661.68,50379.85,1.7529,8.34,0.0000,0.0680,0.0860,,,,,,,
24.8396,10,10,45.2740,70.1130,completed,81661.68,50379.85,1.7529,8.34,0.0000,0.0661,0.1636,0.1822,0.3723,0.8994,4.6595,7.0262,6.2332,4.9915
55.5256,6,6,24.3270,79.8520,completed,81661.36,50381.59,1.7489,8.34,0.0000,0.4059,1.9982,1.2046,4.4896,8.3739,,,,
50.4805,7,7,35.3692,85.8493,completed,81661.36,50381.59,1.7489,8.34,0.0000,0.3536,0.8333,0.5146,3.0741,8.1418,8.4790,,,
43.8305,8,8,33.9524,77.7825,completed,81660.89,50384.21,1.7533,8.34,0.0000,0.0891,0.4245,0.8523,0.6187,3.4327,7.5722,7.7741,,
49.3839,7,7,28.8745,78.2575,completed,81660.89,50384.21,1.7533,8.34,0.0000,0.1932,0.8579,0.6477,1.0552,7.4809,8.3504,,,
40.1026,8,3,10.9580,51.0601,converged,81660.45,50386.58,1.7510,8.34,0.0000,0.0569,0.0799,,,,,,,
58.1986,5,5,28.2108,86.4089,completed,81660.45,50386.58,1.7510,8.34,0.0000,0.4273,0.6141,4.7303,10.0729,,,,,
37.2090,9,3,11.3684,48.5775,converged,81660.03,50388.88,1.7494,8.34,0.0000,0.0351,0.0900,,,,,,,
55.2953,6,6,32.5526,87.8476,completed,81660.03,50388.88,1.7494,8.34,0.0000,0.2599,0.3591,3.3375,8.9413,10.2082,,,,
26.4040,10,3,14.6443,41.0473,converged,81659.58,50391.31,1.7582,8.33,0.0000,0.0427,0.0722,,,,,,,
53.2186,6,6,26.5623,79.7803,completed,81659.58,50391.31,1.7582,8.33,0.0000,0.3912,0.2134,0.9122,7.4006,9.7809,,,,
37.5174,9,9,41.5237,79.0407,completed,81659.16,50393.55,1.7571,8.33,0.0000,0.3326,1.3166,5.0955,4.4924,2.6434,4.5099,7.2414,7.1316,
53.7143,6,6,23.1485,76.8625,completed,81659.16,50393.55,1.7571,8.33,0.0000,0.6073,0.7895,1.8063,7.7709,9.4347,,,,
24.6811,10,10,56.0052,80.6862,completed,81658.69,50396.01,1.7550,8.33,0.0000,0.0808,0.1697,0.2925,0.6236,0.9934,4.5812,6.9780,6.4901,5.2592
57.4576,6,6,27.9698,85.4268,completed,81658.69,50396.01,1.7550,8.33,0.0000,0.4859,0.4677,1.5644,7.2909,9.8204,,,,
54.5056,6,6,23.4216,77.9267,completed,81658.17,50398.87,1.7487,8.34,0.0000,0.5564,3.3217,4.3915,4.0822,8.7533,,,,
37.2375,9,9,47.1319,84.3689,completed,81658.17,50398.87,1.7487,8.34,0.0000,0.7487,1.5443,2.0366,2.5886,2.5794,5.5350,7.4430,6.6273,
58.4314,5,5,19.7382,78.1692,completed,81657.73,50401.33,1.7461,8.34,0.0000,0.0984,1.0154,6.3215,10.9299,,,,,
28.5299,10,10,39.9341,68.4632,completed,81657.73,50401.33,1.7461,8.34,0.0000,0.1764,0.1539,0.3729,1.2138,1.5690,5.0560,7.3643,6.5246,5.1907
50.2779,7,7,36.9856,87.2627,completed,81657.26,50403.96,1.7474,8.34,0.0000,0.1316,0.2246,0.1460,0.8618,6.4312,9.1534,,,
53.3434,6,6,34.3804,87.7235,completed,81657.26,50403.96,1.7474,8.34,0.0000,0.4602,0.9706,1.4399,7.4793,9.5282,,,,
23.8632,10,3,11.5329,35.3959,converged,81656.79,50406.61,1.7473,8.34,0.0000,0.0260,0.0492,,,,,,,
28.4542,10,10,54.3514,82.8055,completed,81656.79,50406.61,1.7473,8.34,0.0000,0.2801,0.6253,0.7890,0.9281,0.8775,4.8558,7.5114,7.0705,5.7183
40.5036,8,8,45.4568,85.9598,completed,81656.35,50409.07,1.7485,8.34,0.0000,0.0586,0.2933,0.6578,1.0120,4.5716,8.5745,7.5728,,
58.6271,5,5,36.7198,95.3468,completed,81656.35,50409.07,1.7485,8.34,0.0000,0.2395,0.5412,8.1500,11.6346,,,,,
44.1388,8,3,22.6493,66.7873,converged,81655.84,50411.79,1.7527,8.34,0.0000,0.0544,0.0704,,,,,,,
23.8634,10,10,58.5586,82.4216,completed,81655.84,50411.79,1.7527,8.34,0.0000,0.0386,0.1493,0.1849,0.4434,1.0660,4.8297,7.9988,7.5368,5.8971
51.3970,7,3,11.3965,62.7926,converged,81655.35,50414.44,1.7549,8.33,0.0000,0.0220,0.0544,,,,,,,
59.7510,5,5,22.5220,82.2731,completed,81655.35,50414.44,1.7549,8.33,0.0000,0.1434,0.4508,7.2280,11.2625,,,,,
48.6733,7,7,36.7468,85.4203,completed,81654.89,50416.89,1.7556,8.33,0.0000,0.1275,0.1228,0.5277,1.9750,6.7742,9.5327,,,
57.7564,6,6,36.5389,94.2950,completed,81654.89,50416.89,1.7556,8.33,0.0000,0.0804,0.1614,1.3996,8.6689,10.6254,,,,
30.7492,10,3,21.8724,52.6214,converged,81654.41,50419.51,1.7556,8.33,0.0000,0.0271,0.0280,,,,,,,
37.7051,9,3,16.7730,54.4780,converged,81654.41,50419.51,1.7556,8.33,0.0000,0.0404,0.0808,,,,,,,
45.6706,8,3,20.4254,66.0954,converged,81654.04,50421.48,1.7541,8.34,0.0000,0.0251,0.0497,,,,,,,
38.7926,9,9,46.9101,85.7021,completed,81654.04,50421.48,1.7541,8.34,0.0000,0.0396,0.1373,0.3002,0.9886,1.9817,6.6980,8.5815,7.1720,
27.3955,10,3,13.4486,40.8436,converged,81653.60,50423.85,1.7565,8.34,0.0000,0.0164,0.0853,,,,,,,
38.9130,9,9,43.6420,82.5550,completed,81653.60,50423.85,1.7565,8.34,0.0000,0.0354,0.2211,0.4584,0.7736,1.9614,6.0705,8.3746,7.3488,
37.5599,9,9,37.6642,75.2232,completed,81653.22,50425.90,1.7601,8.34,0.0000,0.0666,0.3800,0.9816,1.9957,1.2035,5.2585,8.2350,7.6301,
27.9313,10,10,41.2458,69.1769,completed,81653.22,50425.90,1.7601,8.34,0.0000,0.0652,0.2082,0.4099,0.8116,0.9334,3.0831,7.3502,7.7209,6.2606
57.1418,6,6,33.2775,90.4186,completed,81652.76,50428.35,1.7610,8.34,0.0000,0.0737,0.1497,0.5848,6.5976,10.5336,,,,
30.9223,10,10,36.9231,67.8451,completed,81652.76,50428.35,1.7610,8.34,0.0000,0.1767,0.2550,0.3155,0.9344,0.5852,3.4602,6.8018,7.8876,6.6300
30.1948,10,3,13.2658,43.4599,converged,81652.29,50430.81,1.7579,8.34,0.0000,0.0227,0.0473,,,,,,,
33.8104,10,10,45.6464,79.4565,completed,81652.29,50430.81,1.7579,8.34,0.0000,0.1574,0.2502,0.4197,0.9439,0.7341,3.6168,7.3212,7.8282,6.3765
21.4394,10,5,16.0537,37.4927,converged,81651.89,50432.99,1.7544,8.34,0.0000,0.0501,0.1955,0.3653,0.0480,,,,,
53.3469,6,6,31.1315,84.4775,completed,81651.89,50432.99,1.7544,8.34,0.0000,0.4849,1.4610,0.4869,4.3840,9.6804,,,,
26.1708,10,10,48.4413,74.6113,completed,81651.53,50434.91,1.7577,8.34,0.0000,0.1434,0.2851,0.1925,0.5286,1.4488,4.8769,8.2400,7.7747,6.1891
46.2035,7,7,27.6530,73.8561,completed,81651.53,50434.91,1.7577,8.34,0.0000,0.4750,0.4568,0.6596,7.4400,10.3397,8.8309,,,
59.4892,5,5,38.1659,97.6549,completed,81651.06,50437.37,1.7605,8.34,0.0000,0.5212,0.9146,2.2292,9.4942,,,,,
47.2566,7,7,28.7239,75.9799,completed,81651.06,50437.37,1.7605,8.34,0.0000,0.4717,1.1948,2.7897,5.0010,8.4879,9.1432,,,
36.7884,9,4,17.1062,53.8942,converged,81650.59,50439.82,1.7545,8.34,0.0000,0.2629,0.3793,0.0365,,,,,,
41.9437,8,8,31.3689,73.3120,completed,81650.59,50439.82,1.7545,8.34,0.0000,0.1069,0.1697,0.1099,2.2548,6.7137,9.2831,8.1666,,
57.4237,6,6,22.4799,79.9030,completed,81650.17,50442.10,1.7526,8.34,0.0000,0.7128,0.2410,0.9919,7.5654,10.5162,,,,
50.6570,7,7,27.8861,78.5431,completed,81650.17,50442.10,1.7526,8.34,0.0000,0.4441,0.8015,0.8434,4.2541,8.0433,9.6091,,,
53.5529,6,6,35.3777,88.9298,completed,81649.71,50444.58,1.7534,8.34,0.0000,0.7527,0.8260,1.4917,7.9238,10.1028,,,,
43.8815,8,8,39.6365,83.5175,completed,81649.71,50444.58,1.7534,8.34,0.0000,0.1727,0.2527,0.4047,3.2728,6.1212,9.0974,8.4375,,
25.1940,10,10,44.0069,69.2010,completed,81649.16,50447.57,1.7527,8.34,0.0000,0.5368,0.5422,0.6520,1.0348,1.3232,4.1989,7.7053,7.5084,6.0784
58.4244,5,5,28.6808,87.1048,completed,81649.16,50447.57,1.7527,8.34,0.0000,0.4267,1.3280,5.3909,10.8685,,,,,
37.7324,9,9,49.6895,87.4215,completed,81648.77,50449.66,1.7528,8.33,0.0000,0.7245,0.7431,1.5605,1.0959,1.6897,4.9991,8.2472,7.8519,
29.1599,10,10,62.7898,91.9488,completed,81648.77,50449.66,1.7528,8.33,0.0000,0.1183,0.1001,0.5428,0.5892,4.8537,7.6218,7.4453,6.6731,5.2428
50.2012,7,7,46.0810,96.2821,completed,81648.25,50452.47,1.7511,8.34,0.0000,0.1731,0.2867,0.8018,5.5173,9.2554,9.2193,,,
23.8000,10,10,53.6882,77.4873,completed,81648.25,50452.47,1.7511,8.34,0.0000,0.1758,0.2894,0.4294,1.7762,3.7406,4.5776,7.4953,7.2481,6.0298
31.5836,10,3,13.6991,45.2822,converged,81647.75,50455.20,1.7488,8.34,0.0000,0.0399,0.0817,,,,,,,
22.0052,10,10,45.3086,67.3136,completed,81647.75,50455.20,1.7488,8.34,0.0000,0.0717,0.1932,0.7056,1.7622,3.3440,4.4988,7.1166,7.4391,6.4989
51.3081,7,7,40.2602,91.5682,completed,81647.35,50457.43,1.7478,8.34,0.0000,0.0571,0.2014,2.4989,5.4737,9.8250,9.7105,,,
35.1005,9,9,47.6796,82.7797,completed,81647.35,50457.43,1.7478,8.34,0.0000,0.1482,0.3594,1.4251,3.4704,4.0922,6.7155,7.5151,6.5594,
26.6041,10,3,18.2133,44.8173,converged,81646.87,50460.13,1.7470,8.34,0.0000,0.0328,0.0573,,,,,,,
43.1425,8,8,51.7977,94.9398,completed,81646.87,50460.13,1.7470,8.34,0.0000,0.1309,0.4211,2.3406,1.8794,4.5519,7.8702,7.5329,,
50.4874,7,7,34.9434,85.4305,completed,81646.49,50462.34,1.7449,8.34,0.0000,0.0516,0.8943,1.6867,0.5220,7.3677,8.7872,,,
28.7722,10,10,39.3813,68.1533,completed,81646.49,50462.34,1.7449,8.34,0.0000,0.1424,0.2783,0.8736,2.5491,3.1361,4.9202,7.5804,7.2885,6.1762
29.0634,10,10,42.2851,71.3481,completed,81646.06,50464.83,1.7458,8.33,0.0000,0.0380,0.1154,0.8877,1.6703,2.1539,3.8944,7.7529,7.4817,6.3727
52.2894,6,6,33.2429,85.5320,completed,81646.06,50464.83,1.7458,8.33,0.0000,0.2128,1.9606,2.2906,6.1055,9.3877,,,,
21.6100,10,10,40.3543,61.9644,completed,81645.63,50467.25,1.7461,8.33,0.0000,0.0262,0.1529,0.9530,2.4690,2.5146,4.2493,7.9549,7.3683,6.0673
35.8208,9,9,57.9937,93.8137,completed,81645.63,50467.25,1.7461,8.33,0.0000,0.1357,0.5425,2.3977,1.0563,2.3919,6.6885,7.4740,6.4507,
54.2304,6,6,28.0462,82.2762,completed,81645.17,50469.82,1.7468,8.33,0.0000,0.1593,1.5880,3.3760,8.5584,10.3222,,,,
50.6033,7,7,30.3256,80.9286,completed,81645.17,50469.82,1.7468,8.33,0.0000,0.0839,0.7630,2.7281,4.7927,9.2258,8.7207,,,
41.4139,8,8,33.2330,74.6460,completed,81644.76,50472.19,1.7460,8.33,0.0000,0.1045,0.2602,1.2296,1.2767,4.6903,8.9851,8.2508,,
21.6116,10,10,46.8920,68.5030,completed,81644.76,50472.19,1.7460,8.33,0.0000,0.0536,0.1970,0.7711,0.6570,2.6501,4.5879,7.6057,7.1680,6.0390
30.1354,10,10,45.7026,75.8376,completed,81644.32,50474.60,1.7468,8.33,0.0000,0.1300,0.2406,0.4571,0.6033,0.3515,2.4730,8.0967,7.7037,6.1274
24.1190,10,3,12.5348,36.6528,converged,81644.32,50474.60,1.7468,8.33,0.0000,0.0532,0.0514,,,,,,,
20.1622,10,10,42.0401,62.2021,completed,81644.04,50476.19,1.7470,8.34,0.0000,0.1531,0.2697,0.8444,1.0690,0.2913,1.9531,6.9937,7.5761,6.3090
33.7820,10,10,44.2283,78.0103,completed,81644.04,50476.19,1.7470,8.34,0.0000,0.1838,0.2323,0.5093,1.1736,0.1705,2.0700,6.7344,7.5762,6.3415
56.4755,6,6,26.5510,83.0261,completed,81643.58,50478.72,1.7482,8.34,0.0000,0.1507,0.6379,1.1909,5.2949,10.1519,,,,
30.5775,10,10,41.1053,71.6824,completed,81643.58,50478.72,1.7482,8.34,0.0000,0.1173,0.2490,0.6744,1.5869,0.9785,2.7260,6.8570,7.0646,5.8453
50.8836,7,7,37.8131,88.6962,completed,81643.14,50481.16,1.7498,8.34,0.0000,0.1375,0.4502,2.3855,0.7209,7.4161,8.3365,,,
53.3530,6,6,41.7500,95.1021,completed,81643.14,50481.16,1.7498,8.34,0.0000,0.2045,0.7286,1.3273,6.2552,9.5732,,,,
26.9640,10,3,11.4108,38.3738,converged,81642.65,50483.90,1.7480,8.34,0.0000,0.1278,0.0898,,,,,,,
50.0202,7,7,36.1815,86.2016,completed,81642.65,50483.90,1.7480,8.34,0.0000,0.2139,0.2885,0.9495,2.9882,9.6102,9.1340,,,
20.1015,10,10,55.8897,75.9908,completed,81642.31,50485.82,1.7479,8.34,0.0000,0.1793,0.1944,0.3197,0.8190,1.3610,2.0923,6.7820,7.5021,6.2663
40.8034,8,8,44.0575,84.8606,completed,81642.31,50485.82,1.7479,8.34,0.0000,0.1568,0.1352,0.8314,1.4831,4.1026,8.6451,7.9310,,
46.7337,7,7,30.6267,77.3598,completed,81641.82,50488.56,1.7462,8.32,0.0000,0.4540,0.3029,0.8674,3.6238,8.8990,10.4869,,,
45.0407,8,3,13.3491,58.3891,converged,81641.82,50488.56,1.7462,8.32,0.0000,0.1653,0.0904,,,,,,,
36.9488,9,9,38.5266,75.4746,completed,81641.39,50491.03,1.7482,8.32,0.0000,0.2619,0.3086,0.4570,0.8378,1.7493,5.3794,8.6469,8.0404,
20.2520,10,10,40.0875,60.3386,completed,81641.39,50491.03,1.7482,8.32,0.0000,0.1206,0.1157,0.5478,1.6760,1.8680,1.9703,6.8911,6.9174,5.5921
43.5451,8,8,37.2359,80.7810,completed,81641.00,50493.21,1.7483,8.32,0.0000,0.0232,0.1921,0.3495,1.2118,2.8195,8.2538,9.4963,,
29.3817,10,3,12.1305,41.5115,converged,81641.00,50493.21,1.7483,8.32,0.0000,0.0745,0.0474,,,,,,,
52.4925,6,6,31.5130,84.0051,completed,81640.60,50495.40,1.7496,8.32,0.0000,0.3253,0.2166,1.2686,6.9711,10.8192,,,,
46.0289,7,7,31.6865,77.7146,completed,81640.60,50495.40,1.7496,8.32,0.0000,0.1710,0.2752,1.8069,3.1122,8.3390,9.2068,,,
57.5310,6,6,21.8283,79.3584,completed,81640.20,50497.59,1.7504,8.33,0.0000,0.2207,0.5468,0.9985,3.9544,9.2200,,,,
23.2446,10,10,44.4612,67.7052,completed,81640.20,50497.59,1.7504,8.33,0.0000,0.1279,0.2678,0.3852,0.8551,1.1374,2.6271,7.1943,7.7250,6.1979
39.1465,9,9,33.6467,72.7928,completed,81639.74,50500.10,1.7532,8.33,0.0000,0.1662,0.4537,0.6737,0.9269,1.5805,7.1898,8.2698,6.1850,
42.8931,8,8,37.2712,80.1643,completed,81639.74,50500.10,1.7532,8.33,0.0000,0.1807,0.2986,0.6370,0.9667,2.8441,8.1233,8.1903,,
29.6994,10,10,34.5394,64.2384,completed,81639.31,50502.51,1.7497,8.33,0.0000,0.1370,0.4159,0.8705,0.8609,0.6052,2.6052,7.6518,7.3544,5.5163
51.8348,7,7,42.7408,94.5748,completed,81639.31,50502.51,1.7497,8.33,0.0000,0.1759,0.8100,0.9648,2.9180,8.8826,9.7858,,,
21.7671,10,3,9.5017,31.2687,converged,81638.86,50504.98,1.7509,8.33,0.0000,0.1059,0.0505,,,,,,,
36.1926,9,3,11.3746,47.5666,converged,81638.86,50504.98,1.7509,8.33,0.0000,0.0754,0.0735,,,,,,,
42.4057,8,8,38.6076,81.0126,completed,81638.56,50506.61,1.7530,8.33,0.0000,0.2034,0.1138,0.1531,1.3891,4.2850,9.8340,9.9885,,
55.4855,6,3,18.6845,74.1695,converged,81638.56,50506.61,1.7530,8.33,0.0000,0.1374,0.0624,,,,,,,
30.0988,10,10,60.5285,90.6266,completed,81638.05,50509.34,1.7553,8.33,0.0000,0.1868,0.2028,0.1520,0.4284,1.7793,3.6929,8.2427,9.3728,7.8150
57.4066,6,6,26.4428,83.8488,completed,81638.05,50509.34,1.7553,8.33,0.0000,0.2715,0.1220,1.4136,10.0337,12.0027,,,,
34.2176,9,9,37.8465,72.0636,completed,81637.59,50511.79,1.7594,8.33,0.0000,0.2945,0.2476,0.1488,1.0124,2.7140,7.1671,10.1661,8.6780,
43.4845,8,8,31.4063,74.8904,completed,81637.59,50511.79,1.7594,8.33,0.0000,0.1959,0.1727,0.8585,0.9802,3.0837,8.5624,9.8866,,
27.8207,10,3,10.0799,37.8999,converged,81637.12,50514.25,1.7575,8.33,0.0000,0.0629,0.0571,,,,,,,
49.7382,7,4,19.7693,69.5073,converged,81637.12,50514.25,1.7575,8.33,0.0000,0.1459,0.2257,0.0819,,,,,,
36.7009,9,9,38.3450,75.0451,completed,81636.71,50516.44,1.7565,8.33,0.0000,0.1655,0.1601,0.1351,1.0535,3.1951,6.8906,10.4071,9.2732,
35.0371,9,3,14.2608,49.2979,converged,81636.71,50516.44,1.7565,8.33,0.0000,0.1470,0.0437,,,,,,,
24.6059,10,3,13.9390,38.5440,converged,81636.30,50518.62,1.7580,8.33,0.0000,0.1723,0.0901,,,,,,,
49.7414,7,3,14.0969,63.8379,converged,81636.30,50518.62,1.7580,8.33,0.0000,0.1963,0.0617,,,,,,,
23.7733,10,3,10.3482,34.1212,converged,81635.89,50520.81,1.7600,8.33,0.0000,0.1294,0.0559,,,,,,,
36.8149,9,9,37.9369,74.7509,completed,81635.89,50520.81,1.7600,8.33,0.0000,0.0595,0.5280,1.9091,1.7153,3.9108,3.7352,8.7316,8.9380,
29.8513,10,3,9.2761,39.1271,converged,81635.46,50522.99,1.7601,8.33,0.0000,0.1028,0.0791,,,,,,,
30.3552,10,3,10.0557,40.4107,converged,81635.46,50522.99,1.7601,8.33,0.0000,0.1147,0.0688,,,,,,,
46.9947,7,7,29.3666,76.3606,completed,81635.10,50524.91,1.7588,8.33,0.0000,0.0269,0.2239,0.3232,1.9744,4.9426,9.9867,,,
21.0695,10,3,10.3877,31.4567,converged,81635.10,50524.91,1.7588,8.33,0.0000,0.1277,0.0281,,,,,,,
28.2265,10,3,17.0381,45.2642,converged,81634.74,50526.83,1.7574,8.32,0.0000,0.0481,0.0204,,,,,,,
39.2124,9,9,43.6776,82.8896,completed,81634.74,50526.83,1.7574,8.32,0.0000,0.0840,0.1359,0.3750,0.7719,1.5739,5.5223,9.7348,8.2569,
32.8881,10,3,14.9169,47.8049,converged,81634.29,50529.21,1.7583,8.32,0.0000,0.0334,0.0563,,,,,,,
53.9071,6,6,24.2127,78.1198,completed,81634.29,50529.21,1.7583,8.32,0.0000,0.0473,0.4844,1.4591,3.0925,9.9020,,,,
20.9599,10,3,13.8749,34.8340,converged,81633.86,50531.48,1.7579,8.32,0.0000,0.0256,0.0689,,,,,,,
49.2982,7,3,13.2416,62.5396,converged,81633.86,50531.48,1.7579,8.32,0.0000,0.1078,0.0777,,,,,,,
43.1541,8,8,32.5433,75.6973,completed,81633.45,50533.68,1.7560,8.31,0.0000,0.0719,0.1537,0.2661,0.7579,2.1033,6.9253,9.4341,,
50.5833,7,7,47.0605,97.6435,completed,81633.45,50533.68,1.7560,8.31,0.0000,0.0451,0.1571,0.1743,0.4645,4.2621,9.4734,,,
33.0858,10,10,57.0210,90.1060,completed,81632.99,50536.13,1.7557,8.31,0.0000,0.0332,0.1115,0.1893,0.3590,0.9744,1.6985,3.5123,6.6137,7.4616
26.9883,10,10,46.7943,73.7823,completed,81632.99,50536.13,1.7557,8.31,0.0000,0.0375,0.1108,0.2268,0.2691,0.2841,1.0703,4.1957,8.1307,8.1728
39.9304,9,9,38.9851,78.9152,completed,81632.47,50538.87,1.7542,8.30,0.0000,0.0412,0.1137,0.1362,0.3925,1.2270,2.6157,6.8231,7.7309,
46.9169,7,7,34.3848,81.3008,completed,81632.47,50538.87,1.7542,8.30,0.0000,0.0774,0.2746,0.7308,0.7587,3.8683,8.5583,,,
51.8243,7,7,35.5625,87.3865,completed,81632.01,50541.32,1.7519,8.30,0.0000,0.0490,0.2509,0.4847,1.0225,3.7897,7.6295,,,
44.0746,8,8,37.2605,81.3345,completed,81632.01,50541.32,1.7519,8.30,0.0000,0.0569,0.2029,0.3847,0.7956,1.3375,4.6797,7.7272,,
52.5188,6,6,28.0326,80.5507,completed,81631.53,50543.96,1.7489,8.31,0.0000,0.1092,0.2777,0.8388,3.6966,8.6472,,,,
57.7831,6,6,31.8378,89.6208,completed,81631.53,50543.96,1.7489,8.31,0.0000,0.0593,0.3455,1.6318,2.2842,7.1686,,,,
44.7567,8,3,11.2234,55.9794,converged,81631.09,50546.42,1.7424,8.31,0.0000,0.0332,0.0554,,,,,,,
37.3143,9,3,11.0092,48.3232,converged,81631.09,50546.42,1.7424,8.31,0.0000,0.0308,0.0514,,,,,,,
47.1564,7,7,26.3550,73.5110,completed,81630.74,50548.43,1.7394,8.32,0.0000,0.1053,0.2062,0.5270,1.3755,4.2436,6.7447,,,
38.0472,9,9,39.7620,77.8090,completed,81630.74,50548.43,1.7394,8.32,0.0000,0.0393,0.1087,0.3410,0.5786,0.6555,2.1746,5.0301,5.8552,
29.4434,10,3,10.1925,39.6355,converged,81630.31,50550.90,1.7391,8.32,0.0000,0.0482,0.0400,,,,,,,
32.6821,10,10,41.7917,74.4737,completed,81630.31,50550.90,1.7391,8.32,0.0000,0.0718,0.1229,0.2711,0.2835,0.2411,0.9875,3.2230,5.4889,5.0612
31.8462,10,10,41.0371,72.8831,completed,81629.97,50552.84,1.7345,8.33,0.0000,0.0934,0.1466,0.2786,0.3397,0.6068,1.8105,3.5511,4.8877,4.4786
49.1087,7,7,27.9369,77.0449,completed,81629.97,50552.84,1.7345,8.33,0.0000,0.0746,0.2141,0.5251,1.0568,3.7097,5.7493,,,
20.5209,10,10,34.9829,55.5029,completed,81629.57,50555.29,1.7311,8.33,0.0000,0.1096,0.1434,0.2448,0.3341,0.4079,1.3975,2.9821,4.5389,4.3331
56.9125,6,6,33.5583,90.4704,completed,81629.57,50555.29,1.7311,8.33,0.0000,0.2423,0.5791,0.2522,3.6309,6.2596,,,,
45.4115,8,8,31.8485,77.2595,completed,81629.18,50557.77,1.7201,8.33,0.0000,0.2971,0.4944,0.6984,0.9099,0.8073,4.1939,5.1527,,
34.4723,9,9,54.8398,89.3119,completed,81629.18,50557.77,1.7201,8.33,0.0000,0.1297,0.2113,0.2816,0.2238,0.3720,2.2158,4.4898,4.2792,
49.0610,7,7,33.6994,82.7594,completed,81628.81,50560.25,1.7129,8.33,0.0000,0.1870,0.2791,0.2933,0.3409,3.2490,5.1668,,,
23.4362,10,3,17.2096,40.6456,converged,81628.81,50560.25,1.7129,8.33,0.0000,0.0500,0.0905,,,,,,,
37.0646,9,3,12.8602,49.9242,converged,81628.54,50562.17,1.7068,8.33,0.0000,0.0892,0.0846,,,,,,,
58.2923,5,5,23.0234,81.3155,completed,81628.54,50562.17,1.7068,8.33,0.0000,0.2214,0.3355,0.3420,4.6469,,,,,
39.7439,9,3,10.6605,50.4035,converged,81628.24,50564.36,1.7059,8.21,0.0000,0.0344,0.0498,,,,,,,
25.5643,10,3,10.6678,36.2318,converged,81628.24,50564.36,1.7059,8.21,0.0000,0.0341,0.0670,,,,,,,
59.5092,5,5,27.8386,87.3477,completed,81627.99,50566.13,1.7198,7.91,0.0000,0.0301,0.6034,1.4228,4.7381,,,,,
21.6359,10,3,13.7640,35.3991,converged,81627.99,50566.13,1.7198,7.91,0.0000,0.0322,0.0312,,,,,,,
48.1656,7,7,35.8831,84.0481,completed,81627.71,50567.98,1.7272,7.44,0.0000,0.0795,0.1426,0.3235,1.1803,3.7941,4.3008,,,
44.6062,8,8,51.6036,96.2097,completed,81627.55,50569.05,1.7359,7.21,0.0000,0.0436,0.1200,0.2693,0.2058,0.9750,2.8455,3.5006,,
31.6545,10,10,43.5086,75.1627,completed,81627.55,50569.05,1.7359,7.21,0.0000,0.0607,0.1053,0.1010,0.4512,1.0588,1.5434,3.2172,3.3945,3.0519
25.1490,10,3,14.7221,39.8702,converged,81627.15,50571.41,1.7578,6.56,0.0000,0.0447,0.0663,,,,,,,
26.4979,10,10,43.3402,69.8372,completed,81627.15,50571.41,1.7578,6.56,0.0000,0.0664,0.1187,0.1785,0.5242,0.6445,1.2206,2.6097,3.1247,3.0844
54.5270,6,6,22.3398,76.8668,completed,81626.84,50573.04,1.7710,5.97,0.0000,0.2322,0.3200,1.0630,2.1534,3.8532,,,,
38.4108,9,9,38.8926,77.3027,completed,81626.84,50573.04,1.7710,5.97,0.0000,0.1016,0.1729,0.1601,0.5334,0.3021,1.9002,3.0422,3.1312,
51.4112,7,7,34.8039,86.2149,completed,81626.51,50574.59,1.7897,5.39,0.0000,0.1226,0.1083,0.2874,1.1383,3.3195,3.8261,,,
56.0640,6,3,10.6977,66.7617,converged,81626.51,50574.59,1.7897,5.39,0.0000,0.2167,0.0548,,,,,,,
28.3074,10,10,52.6130,80.9200,completed,81626.17,50575.99,1.8399,4.94,0.0000,0.2107,0.2370,0.1910,0.2718,0.7385,2.3129,3.1314,3.1448,2.8953
31.2154,10,4,23.9465,55.1616,converged,81626.17,50575.99,1.8399,4.94,0.0000,0.1416,0.1569,0.0801,,,,,,
23.4937,10,10,42.6879,66.1809,completed,81625.80,50577.19,1.9061,4.61,0.0000,0.0830,0.1235,0.2289,0.6653,2.0654,0.3345,2.7007,3.4081,3.4041
44.9290,8,3,11.2797,56.2087,converged,81625.80,50577.19,1.9061,4.61,0.0000,0.1051,0.0648,,,,,,,
42.3655,8,3,20.4627,62.8278,converged,81625.40,50578.24,1.9697,4.25,0.0000,0.1560,0.0785,,,,,,,
58.8027,5,5,21.0143,79.8163,completed,81625.40,50578.24,1.9697,4.25,0.0000,0.3073,0.4294,1.1765,4.4813,,,,,
33.3043,10,10,43.1137,76.4177,completed,81624.88,50579.34,2.0495,4.00,0.0000,0.1189,0.1675,0.2070,0.3296,0.3418,1.0570,3.3860,3.5952,3.2368
20.0702,10,3,11.5850,31.6550,converged,81624.88,50579.34,2.0495,4.00,0.0000,0.0866,0.0963,,,,,,,
31.1108,10,3,12.2502,43.3602,converged,81624.43,50580.17,2.1244,3.83,0.0000,0.0476,0.0620,,,,,,,
47.3593,7,7,26.5600,73.9190,completed,81624.43,50580.17,2.1244,3.83,0.0000,0.1150,0.1554,0.2016,0.6802,4.2870,4.9868,,,
57.2735,6,6,29.0954,86.3685,completed,81623.91,50580.95,2.2021,3.63,0.0000,0.1724,0.3213,2.0813,0.9258,4.4310,,,,
41.8341,8,3,15.3737,57.2078,converged,81623.91,50580.95,2.2021,3.63,0.0000,0.0512,0.0848,,,,,,,
30.0728,10,3,13.9475,44.0195,converged,81623.32,50581.71,2.2851,3.39,0.0000,0.0400,0.0349,,,,,,,
59.3862,5,5,20.0884,79.4744,completed,81623.32,50581.71,2.2851,3.39,0.0000,0.1178,0.5183,1.4105,6.0704,,,,,
52.6566,6,6,31.4874,84.1434,completed,81622.72,50582.35,2.3589,3.26,0.0000,0.0874,0.5284,1.1860,3.5846,5.7839,,,,
43.7639,8,3,13.6551,57.4181,converged,81622.72,50582.35,2.3589,3.26,0.0000,0.0427,0.0199,,,,,,,
56.3589,6,6,32.5592,88.9173,completed,81622.05,50582.98,2.4366,3.00,0.0000,0.0407,0.4566,1.1600,4.0986,6.5241,,,,
23.5362,10,3,12.9127,36.4487,converged,81622.05,50582.98,2.4366,3.00,0.0000,0.0191,0.0281,,,,,,,
42.8147,8,8,29.9889,72.8029,completed,81621.45,50583.47,2.4924,2.84,0.0000,0.0731,0.1843,0.4951,1.1919,1.5181,5.8492,5.5446,,
43.2878,8,3,14.4356,57.7226,converged,81621.45,50583.47,2.4924,2.84,0.0000,0.0261,0.0765,,,,,,,
36.9533,9,9,44.6864,81.6394,completed,81620.83,50583.92,2.5623,2.68,0.0000,0.0430,0.1188,0.2905,0.6522,0.3520,3.3597,5.6992,5.0925,
26.1353,10,10,49.9489,76.0840,completed,81620.83,50583.92,2.5623,2.68,0.0000,0.0681,0.1254,0.1849,0.3173,0.2211,1.3658,4.9354,5.4629,4.4630
24.5437,10,3,15.3535,39.8966,converged,81620.21,50584.30,2.6210,2.53,0.0000,0.0620,0.0895,,,,,,,
41.0354,8,8,36.1085,77.1435,completed,81620.21,50584.30,2.6210,2.53,0.0000,0.1119,0.2283,0.5010,0.8186,1.4211,5.9252,6.1624,,
25.8672,10,3,11.9357,37.8027,converged,81619.72,50584.58,2.6673,2.41,0.0000,0.0555,0.0813,,,,,,,
52.3889,6,6,34.0728,86.4608,completed,81619.72,50584.58,2.6673,2.41,0.0000,0.2037,0.3986,0.3372,4.8308,7.0001,,,,
54.9576,6,6,44.2851,99.2422,completed,81619.17,50584.85,2.7228,2.31,0.0000,0.1285,0.3395,1.2717,2.1509,6.6860,,,,
56.8534,6,6,28.5922,85.4452,completed,81619.17,50584.85,2.7228,2.31,0.0000,0.1207,0.1612,0.3871,3.9455,7.6315,,,,
23.6514,10,3,16.7594,40.4104,converged,81618.49,50585.14,2.7874,2.23,0.0000,0.0607,0.0973,,,,,,,
59.9453,5,5,24.3129,84.2579,completed,81618.49,50585.14,2.7874,2.23,0.0000,0.1518,0.6789,0.4963,6.1934,,,,,
45.6941,8,8,33.6365,79.3305,completed,81618.01,50585.31,2.8265,2.19,0.0000,0.0657,0.1178,0.3957,1.0458,1.5306,5.8286,6.5866,,
42.0340,8,8,36.0852,78.1182,completed,81618.01,50585.31,2.8265,2.19,0.0000,0.0668,0.1222,0.2534,0.6561,1.6082,5.8671,6.2775,,
56.4838,6,6,24.8129,81.2960,completed,81617.41,50585.49,2.8851,2.08,0.0000,0.1229,0.2922,0.7786,3.8397,7.0678,,,,
59.3018,5,5,24.6504,83.9514,completed,81617.41,50585.49,2.8851,2.08,0.0000,0.0866,0.3912,0.4230,6.3395,,,,,
50.0173,7,7,34.4146,84.4316,completed,81616.83,50585.64,2.9323,1.98,0.0000,0.0578,0.1443,0.8242,1.3462,3.1408,6.4900,,,
46.7027,7,3,21.6679,68.3699,converged,81616.55,50585.70,2.9577,1.93,0.0000,0.0324,0.0529,,,,,,,
55.7565,6,3,12.9363,68.6923,converged,81616.55,50585.70,2.9577,1.93,0.0000,0.0359,0.0560,,,,,,,
33.2132,10,3,15.2089,48.4219,converged,81616.02,50585.79,3.0027,1.84,0.0000,0.0212,0.0312,,,,,,,
26.6022,10,3,11.3521,37.9541,converged,81616.02,50585.79,3.0027,1.84,0.0000,0.0142,0.0120,,,,,,,
42.3256,8,8,37.4508,79.7759,completed,81615.64,50585.84,3.0325,1.77,0.0000,0.0614,0.2243,0.8264,2.2784,0.8556,3.5139,5.4686,,
48.1221,7,3,10.4054,58.5275,converged,81615.64,50585.84,3.0325,1.77,0.0000,0.0141,0.0811,,,,,,,
24.7228,10,3,10.6828,35.4048,converged,81615.16,50585.89,3.0677,1.69,0.0000,0.0203,0.0559,,,,,,,
39.3508,9,9,46.7909,86.1409,completed,81615.16,50585.89,3.0677,1.69,0.0000,0.0782,0.2202,0.8212,3.0589,2.0401,0.8637,4.2004,4.9971,
41.8436,8,8,34.3892,76.2323,completed,81614.73,50585.92,3.0954,1.58,0.0000,0.0509,0.1575,0.4030,0.8566,0.8106,4.8660,6.1833,,
31.7054,10,3,11.6281,43.3331,converged,81614.73,50585.92,3.0954,1.58,0.0000,0.0081,0.0185,,,,,,,
22.0094,10,3,9.8609,31.8699,converged,81614.35,50585.94,3.1231,1.53,0.0000,0.0159,0.0336,,,,,,,
45.5817,8,8,36.8511,82.4321,completed,81614.35,50585.94,3.1231,1.53,0.0000,0.0901,0.2463,0.4194,0.7790,0.7600,4.2535,6.1133,,
36.0081,9,9,42.3449,78.3529,completed,81613.96,50585.94,-3.1365,1.47,0.0000,0.0636,0.1260,0.1769,0.2374,0.1769,3.0307,5.5134,6.1065,
51.3563,7,7,38.3598,89.7158,completed,81613.96,50585.94,-3.1365,1.47,0.0000,0.0407,0.1476,0.3890,0.1474,4.7922,7.0200,,,
32.0801,10,5,15.2942,47.3743,converged,81613.50,50585.94,-3.1104,1.48,0.0000,0.0552,0.1003,0.1611,0.0985,,,,,
23.2311,10,5,23.3302,46.5612,converged,81613.50,50585.94,-3.1104,1.48,0.0000,0.1022,0.1838,0.2718,0.0962,,,,,
47.2969,7,7,34.9633,82.2594,completed,81613.19,50585.93,-3.0938,1.47,0.0000,0.1779,0.5406,1.1645,0.5807,3.6264,6.3676,,,
21.3305,10,6,28.6729,50.0029,converged,81613.19,50585.93,-3.0938,1.47,0.0000,0.1592,0.3132,0.5648,0.3153,0.0744,,,,
33.3263,10,3,9.0845,42.4105,converged,81612.77,50585.91,-3.0740,1.51,0.0000,0.0361,0.0488,,,,,,,
58.6461,5,3,15.1780,73.8241,converged,81612.77,50585.91,-3.0740,1.51,0.0000,0.0533,0.0502,,,,,,,
21.9322,10,3,10.0467,31.9788,converged,81612.40,50585.89,-3.0581,1.47,0.0000,0.0319,0.0774,,,,,,,
40.2765,8,8,29.4156,69.6916,completed,81612.40,50585.89,-3.0581,1.47,0.0000,0.1086,0.3677,0.8013,0.4944,1.5617,5.2682,6.5037,,
39.0307,9,3,12.1129,51.1429,converged,81612.09,50585.87,-3.0432,1.51,0.0000,0.0331,0.0691,,,,,,,
31.8961,10,10,36.2006,68.0967,completed,81612.09,50585.87,-3.0432,1.51,0.0000,0.0502,0.1540,0.5248,0.8672,0.5689,1.1426,3.9510,5.5811,5.4215
35.2812,9,9,33.3399,68.6209,completed,81611.69,50585.83,-3.0273,1.53,0.0000,0.0535,0.1100,0.3056,0.5358,0.6957,2.6530,5.3078,5.6441,
29.8831,10,3,10.7213,40.6044,converged,81611.69,50585.83,-3.0273,1.53,0.0000,0.0406,0.0541,,,,,,,
28.7810,10,3,9.0352,37.8152,converged,81611.28,50585.78,-3.0111,1.59,0.0000,0.0141,0.0282,,,,,,,
25.8219,10,3,9.2032,35.0242,converged,81611.28,50585.78,-3.0111,1.59,0.0000,0.0104,0.0172,,,,,,,
23.9496,10,3,11.8097,35.7588,converged,81610.96,50585.74,-2.9994,1.60,0.0000,0.0222,0.0715,,,,,,,
34.3316,9,3,15.3640,49.6950,converged,81610.96,50585.74,-2.9994,1.60,0.0000,0.0105,0.0230,,,,,,,
36.9003,9,3,9.8062,46.7062,converged,81610.59,50585.69,-2.9865,1.64,0.0000,0.0672,0.0439,,,,,,,
33.1491,10,3,11.9602,45.1093,converged,81610.59,50585.69,-2.9865,1.64,0.0000,0.0503,0.0753,,,,,,,
34.2775,9,9,30.9747,65.2518,completed,81610.21,50585.63,-2.9757,1.70,0.0000,0.0934,0.3114,1.2927,1.7978,1.1144,0.7644,4.1340,4.9849,
56.4898,6,6,28.3897,84.8787,completed,81610.21,50585.63,-2.9757,1.70,0.0000,0.0752,0.1337,1.1135,4.2561,7.3395,,,,
36.4859,9,9,41.2223,77.7073,completed,81609.66,50585.54,-2.9572,1.82,0.0000,0.0935,0.2328,0.6102,0.7742,0.8513,2.6253,5.4695,5.7233,
35.1514,9,3,10.5574,45.7084,converged,81609.66,50585.54,-2.9572,1.82,0.0000,0.0412,0.0301,,,,,,,
51.7457,7,3,12.7124,64.4574,converged,81609.21,50585.46,-2.9476,1.98,0.0000,0.0669,0.0846,,,,,,,
48.3021,7,7,25.3990,73.7010,completed,81609.21,50585.46,-2.9476,1.98,0.0000,0.1325,0.3213,0.4787,0.7875,4.5582,6.4856,,,
57.1604,6,6,37.7140,94.8741,completed,81608.64,50585.35,-2.9464,2.17,0.0000,0.0702,0.1514,1.6408,5.4336,8.4197,,,,
54.7729,6,6,23.7671,78.5392,completed,81608.64,50585.35,-2.9464,2.17,0.0000,0.2670,1.6281,1.6744,0.7944,5.3802,,,,
46.1254,7,3,13.7277,59.8528,converged,81607.96,50585.22,-2.9432,2.43,0.0000,0.0864,0.0827,,,,,,,
59.3703,5,5,28.9653,88.3353,completed,81607.96,50585.22,-2.9432,2.43,0.0000,0.2707,1.3887,1.0078,5.4643,,,,,
52.5744,6,6,24.7877,77.3617,completed,81607.21,50585.07,-2.9426,2.68,0.0000,0.1800,0.5489,0.6564,3.2525,7.6225,,,,
35.3839,9,4,13.7643,49.1474,converged,81607.21,50585.07,-2.9426,2.68,0.0000,0.1165,0.1441,0.0132,,,,,,
21.6151,10,10,43.1752,64.7902,completed,81606.48,50584.93,-2.9434,2.95,0.0000,0.1194,0.1873,0.2736,0.3968,0.7311,3.1362,7.3112,6.3161,4.6518
29.6777,10,10,40.6795,70.3566,completed,81606.48,50584.93,-2.9434,2.95,0.0000,0.0630,0.1362,0.2302,0.4261,0.9186,2.0795,5.2846,6.6698,6.3507
36.9101,9,3,14.5008,51.4109,converged,81605.71,50584.78,-2.9413,3.18,0.0000,0.0569,0.0530,,,,,,,
58.0601,5,5,21.6777,79.7377,completed,81605.71,50584.78,-2.9413,3.18,0.0000,0.3462,0.3682,1.5369,7.9455,,,,,
36.9975,9,3,10.8570,47.8540,converged,81604.81,50584.60,-2.9423,3.38,0.0000,0.0510,0.0826,,,,,,,
37.0946,9,9,35.9925,73.0865,completed,81604.81,50584.60,-2.9423,3.38,0.0000,0.1213,0.1596,0.1593,0.6827,1.4099,4.1583,7.0522,6.9962,
52.7175,6,6,25.1794,77.8964,completed,81604.01,50584.45,-2.9428,3.52,0.0000,0.2276,0.3350,0.4373,5.3817,9.4604,,,,
28.1849,10,3,10.5820,38.7660,converged,81604.01,50584.45,-2.9428,3.52,0.0000,0.0728,0.0992,,,,,,,
43.4804,8,3,10.9301,54.4103,converged,81603.08,50584.26,-2.9426,3.62,0.0000,0.0584,0.0549,,,,,,,
25.0251,10,3,12.6680,37.6931,converged,81603.08,50584.26,-2.9426,3.62,0.0000,0.0536,0.0669,,,,,,,
24.7893,10,3,11.3213,36.1104,converged,81602.24,50584.09,-2.9401,3.69,0.0000,0.0389,0.0394,,,,,,,
38.5316,9,3,14.9903,53.5213,converged,81602.24,50584.09,-2.9401,3.69,0.0000,0.0351,0.0600,,,,,,,
25.2231,10,3,9.7300,34.9530,converged,81601.51,50583.95,-2.9376,3.75,0.0000,0.0340,0.0981,,,,,,,
59.4392,5,5,18.7263,78.1653,completed,81601.51,50583.95,-2.9376,3.75,0.0000,0.0979,0.3060,2.1574,9.4844,,,,,
41.4531,8,4,12.6291,54.0821,converged,81600.53,50583.75,-2.9453,3.76,0.0000,0.2022,0.2638,0.0401,,,,,,
38.8383,9,3,11.5618,50.3998,converged,81600.53,50583.75,-2.9453,3.76,0.0000,0.0179,0.0203,,,,,,,
44.7462,8,4,15.3284,60.0744,converged,81599.68,50583.59,-2.9530,3.70,0.0000,0.2832,0.2840,0.0481,,,,,,
54.6340,6,6,21.0096,75.6436,completed,81599.68,50583.59,-2.9530,3.70,0.0000,0.0133,0.2994,1.0338,4.0640,9.2545,,,,
48.6343,7,7,44.7854,93.4194,completed,81598.72,50583.41,-2.9494,3.57,0.0000,0.0831,0.1076,2.1925,3.7542,6.8372,6.8166,,,
32.5156,10,4,15.9434,48.4585,converged,81598.72,50583.41,-2.9494,3.57,0.0000,0.0820,0.1129,0.0255,,,,,,
37.6510,9,3,8.9797,46.6297,converged,81597.69,50583.21,-2.9500,3.47,0.0000,0.0951,0.0151,,,,,,,
22.8692,10,4,17.2064,40.0755,converged,81597.69,50583.21,-2.9500,3.47,0.0000,0.0620,0.1366,0.0480,,,,,,
31.8784,10,10,40.0990,71.9770,completed,81596.91,50583.05,-2.9491,3.41,0.0000,0.1849,0.2464,0.1439,0.3052,0.6287,2.6980,8.4497,8.9202,7.3748
58.6820,5,3,9.7510,68.4321,converged,81596.91,50583.05,-2.9491,3.41,0.0000,0.2434,0.0468,,,,,,,
42.7840,8,8,43.8449,86.6289,completed,81596.02,50582.88,-2.9458,3.35,0.0000,0.2043,0.1995,0.1178,0.3413,3.5849,9.0518,9.7838,,
24.5720,10,4,15.2176,39.7887,converged,81596.02,50582.88,-2.9458,3.35,0.0000,0.0409,0.1133,0.0754,,,,,,
55.0858,6,6,27.9312,83.0163,completed,81595.16,50582.71,-2.9471,3.25,0.0000,0.0422,0.5183,3.2377,3.6958,7.3232,,,,
41.8437,8,8,46.2428,88.0859,completed,81595.16,50582.71,-2.9471,3.25,0.0000,0.0504,0.1079,0.6490,1.6595,2.1112,6.4881,6.8088,,
39.1355,9,4,17.4639,56.5990,converged,81594.27,50582.54,-2.9452,3.13,0.0000,0.1089,0.1518,0.0867,,,,,,
59.4868,5,3,9.7035,69.1895,converged,81594.27,50582.54,-2.9452,3.13,0.0000,0.2257,0.0889,,,,,,,
53.4392,6,3,11.9970,65.4360,converged,81593.47,50582.38,-2.9444,2.97,0.0000,0.1439,0.0679,,,,,,,
29.6508,10,3,11.8252,41.4753,converged,81593.47,50582.38,-2.9444,2.97,0.0000,0.0424,0.0933,,,,,,,
29.8395,10,10,57.7357,87.5747,completed,81592.77,50582.24,-2.9449,2.90,0.0000,0.0876,0.1656,0.1253,0.1451,0.4426,1.9950,7.3634,8.3837,6.9635
56.7900,6,6,31.8969,88.6859,completed,81592.77,50582.24,-2.9449,2.90,0.0000,0.1871,0.2408,1.1299,6.1417,10.2060,,,,
57.1603,6,6,26.1603,83.3204,completed,81591.93,50582.07,-2.9478,2.80,0.0000,0.2585,0.2319,0.2887,3.9401,9.6626,,,,
36.7794,9,3,17.6132,54.3923,converged,81591.93,50582.07,-2.9478,2.80,0.0000,0.0560,0.0719,,,,,,,
23.6168,10,5,17.2289,40.8449,converged,81591.22,50581.94,-2.9527,2.62,0.0000,0.0993,0.1768,0.1395,0.0288,,,,,
38.9123,9,9,33.4530,72.3651,completed,81591.22,50581.94,-2.9527,2.62,0.0000,0.0548,0.1704,0.1779,0.1765,1.9189,3.4416,7.4233,8.4882,
33.5647,10,3,9.2701,42.8342,converged,81590.56,50581.81,-2.9499,2.51,0.0000,0.0830,0.0889,,,,,,,
36.8810,9,5,21.7780,58.6580,converged,81590.56,50581.81,-2.9499,2.51,0.0000,0.1170,0.1988,0.1566,0.0628,,,,,
46.1433,7,3,20.8027,66.9457,converged,81589.99,50581.70,-2.9536,2.46,0.0000,0.0827,0.0985,,,,,,,
52.0716,6,6,35.6950,87.7661,completed,81589.99,50581.70,-2.9536,2.46,0.0000,0.1953,0.2100,0.4128,3.7624,9.0360,,,,
59.0586,5,5,22.7074,81.7654,completed,81589.20,50581.55,-2.9591,2.36,0.0000,0.1992,0.1815,2.4634,9.5977,,,,,
23.1398,10,10,51.8906,75.0297,completed,81589.20,50581.55,-2.9591,2.36,0.0000,0.1408,0.1629,0.1448,0.3664,0.5779,1.8699,6.3944,7.6565,6.9416
51.8678,7,4,15.2816,67.1486,converged,81588.52,50581.42,-2.9623,2.31,0.0000,0.1680,0.1107,0.0987,,,,,,
22.9514,10,10,59.4100,82.3610,completed,81588.52,50581.42,-2.9623,2.31,0.0000,0.1093,0.1382,0.1543,0.3110,0.6185,2.9947,7.4055,7.5586,6.2331
48.6031,7,3,9.4001,58.0031,converged,81587.94,50581.31,-2.9571,2.19,0.0000,0.1542,0.0776,,,,,,,
44.4548,8,8,30.4544,74.9084,completed,81587.94,50581.31,-2.9571,2.19,0.0000,0.2599,0.3289,0.5423,1.0879,5.6086,8.2876,8.3380,,
51.6457,7,3,10.1941,61.8392,converged,81587.34,50581.20,-2.9624,2.05,0.0000,0.1668,0.0892,,,,,,,
28.9190,10,3,10.3289,39.2479,converged,81587.34,50581.20,-2.9624,2.05,0.0000,0.0951,0.0922,,,,,,,
28.8995,10,10,45.4376,74.3367,completed,81586.88,50581.12,-2.9666,1.93,0.0000,0.1590,0.2129,0.2418,1.0067,7.3016,11.1444,9.5188,6.9709,4.8350
44.5252,8,4,14.3745,58.8995,converged,81586.88,50581.12,-2.9666,1.93,0.0000,0.2108,0.2010,0.0692,,,,,,
50.0110,7,4,17.0499,67.0599,converged,81586.39,50581.03,-2.9671,1.88,0.0000,0.0440,0.1213,0.0749,,,,,,
47.0102,7,4,14.3412,61.3513,converged,81586.39,50581.03,-2.9671,1.88,0.0000,0.5558,0.3713,0.0963,,,,,,
22.0195,10,3,15.5194,37.5384,converged,81585.90,50580.94,-2.9701,1.77,0.0000,0.0796,0.0816,,,,,,,
38.3733,9,3,8.9633,47.3364,converged,81585.90,50580.94,-2.9701,1.77,0.0000,0.1349,0.0768,,,,,,,
45.9724,8,8,44.6636,90.6357,completed,81585.55,50580.88,-2.9728,1.77,0.0000,0.0948,0.1290,0.4513,3.9761,9.2018,9.7043,8.1413,,
46.1604,7,7,32.5846,78.7446,completed,81585.55,50580.88,-2.9728,1.77,0.0000,0.1464,0.4990,1.5106,0.6193,3.2230,5.4377,,,
38.3086,9,3,10.0924,48.4004,converged,81584.98,50580.79,-2.9770,1.87,0.0000,0.0861,0.0300,,,,,,,
49.0597,7,7,32.2494,81.3084,completed,81584.98,50580.79,-2.9770,1.87,0.0000,0.2739,0.2884,0.4103,2.8887,6.6977,7.4867,,,
42.2397,8,3,11.0004,53.2394,converged,81584.52,50580.71,-2.9755,1.87,0.0000,0.0288,0.0058,,,,,,,
54.0796,6,6,32.7167,86.7957,completed,81584.52,50580.71,-2.9755,1.87,0.0000,0.7683,0.6920,1.1348,4.6835,7.4078,,,,
32.8095,10,3,12.9606,45.7696,converged,81583.96,50580.61,-2.9821,1.96,0.0000,0.0156,0.0599,,,,,,,
24.3566,10,3,19.3143,43.6703,converged,81583.96,50580.61,-2.9821,1.96,0.0000,0.0481,0.0513,,,,,,,
49.7621,7,4,14.3781,64.1402,converged,81583.51,50580.54,-2.9832,1.97,0.0000,0.0241,0.1024,0.0832,,,,,,
48.6018,7,3,9.8120,58.4130,converged,81583.51,50580.54,-2.9832,1.97,0.0000,0.0424,0.0562,,,,,,,
51.2903,7,3,13.6485,64.9385,converged,81582.92,50580.45,-2.9813,2.01,0.0000,0.1410,0.0737,,,,,,,
34.4776,9,9,35.8192,70.2962,completed,81582.92,50580.45,-2.9813,2.01,0.0000,0.1598,0.1656,0.1435,0.4186,3.3164,6.7510,7.4007,6.4474,
37.0475,9,3,13.4911,50.5382,converged,81582.28,50580.34,-2.9803,2.09,0.0000,0.0672,0.0272,,,,,,,
20.4651,10,10,40.5060,60.9711,completed,81582.28,50580.34,-2.9803,2.09,0.0000,0.1979,0.2183,0.2174,0.1387,0.6063,1.5296,3.6760,4.8524,5.0238
42.4806,8,8,35.1523,77.6324,completed,81581.76,50580.25,-2.9767,2.14,0.0000,0.0706,0.1887,0.3016,0.7395,3.5197,7.1011,6.6876,,
48.9834,7,7,40.8228,89.8059,completed,81581.76,50580.25,-2.9767,2.14,0.0000,0.1534,0.4539,0.7056,0.6251,3.6753,5.5375,,,
29.8776,10,3,19.6722,49.5492,converged,81581.14,50580.15,-2.9773,2.21,0.0000,0.0304,0.0142,,,,,,,
23.9468,10,3,17.0703,41.0163,converged,81581.14,50580.15,-2.9773,2.21,0.0000,0.0994,0.0914,,,,,,,
54.4595,6,3,17.7558,72.2148,converged,81580.56,50580.05,-2.9831,2.28,0.0000,0.1372,0.0251,,,,,,,
41.5522,8,3,13.6452,55.1973,converged,81580.56,50580.05,-2.9831,2.28,0.0000,0.0824,0.0404,,,,,,,
39.6874,9,3,11.4507,51.1377,converged,81579.91,50579.94,-2.9833,2.39,0.0000,0.0778,0.0562,,,,,,,
52.5617,6,6,34.2519,86.8130,completed,81579.91,50579.94,-2.9833,2.39,0.0000,0.0188,0.1311,0.1765,3.4437,7.8354,,,,
49.4544,7,3,10.3302,59.7843,converged,81579.19,50579.82,-2.9763,2.50,0.0000,0.0502,0.0459,,,,,,,
41.6797,8,3,10.1591,51.8382,converged,81579.19,50579.82,-2.9763,2.50,0.0000,0.1003,0.0511,,,,,,,
32.0938,10,3,17.5317,49.6248,converged,81578.61,50579.72,-2.9668,2.53,0.0000,0.0310,0.0478,,,,,,,
20.1745,10,3,16.5695,36.7436,converged,81578.61,50579.72,-2.9668,2.53,0.0000,0.0452,0.0317,,,,,,,
33.7234,10,3,10.0892,43.8122,converged,81578.11,50579.63,-2.9628,2.53,0.0000,0.0382,0.0076,,,,,,,
30.1195,10,3,10.1674,40.2864,converged,81578.11,50579.63,-2.9628,2.53,0.0000,0.0422,0.0414,,,,,,,
31.0977,10,3,10.6137,41.7108,converged,81577.54,50579.52,-2.9625,2.51,0.0000,0.0136,0.0341,,,,,,,
40.6721,8,3,10.1807,50.8528,converged,81577.54,50579.52,-2.9625,2.51,0.0000,0.0322,0.0407,,,,,,,
40.7632,8,3,13.0523,53.8153,converged,81577.06,50579.44,-2.9643,2.51,0.0000,0.0090,0.0275,,,,,,,
53.8434,6,3,9.1201,62.9632,converged,81577.06,50579.44,-2.9643,2.51,0.0000,0.0805,0.0464,,,,,,,
57.9992,6,6,24.1954,82.1944,completed,81576.42,50579.32,-2.9672,2.49,0.0000,0.0397,0.1185,0.1212,2.4774,7.9530,,,,
27.9005,10,3,10.9462,38.8463,converged,81576.42,50579.32,-2.9672,2.49,0.0000,0.0233,0.0433,,,,,,,
29.9385,10,3,10.2015,40.1395,converged,81575.81,50579.21,-2.9679,2.48,0.0000,0.0152,0.0352,,,,,,,
53.3122,6,3,9.3411,62.6531,converged,81575.81,50579.21,-2.9679,2.48,0.0000,0.1018,0.0786,,,,,,,
42.2519,8,3,10.3574,52.6085,converged,81575.20,50579.10,-2.9629,2.43,0.0000,0.0221,0.0116,,,,,,,
39.9599,9,3,10.5193,50.4784,converged,81575.20,50579.10,-2.9629,2.43,0.0000,0.0190,0.0598,,,,,,,
38.9272,9,3,11.5339,50.4609,converged,81574.62,50578.99,-2.9620,2.41,0.0000,0.0658,0.0551,,,,,,,
53.1786,6,3,9.3114,62.4895,converged,81574.62,50578.99,-2.9620,2.41,0.0000,0.1085,0.0898,,,,,,,
45.6795,8,3,12.8266,58.5056,converged,81574.07,50578.89,-2.9658,2.41,0.0000,0.0125,0.0465,,,,,,,
50.8794,7,3,10.3608,61.2398,converged,81574.07,50578.89,-2.9658,2.41,0.0000,0.0840,0.0156,,,,,,,
47.8752,7,3,11.2650,59.1400,converged,81573.44,50578.77,-2.9649,2.41,0.0000,0.0233,0.0456,,,,,,,
53.9615,6,3,12.8469,66.8079,converged,81573.44,50578.77,-2.9649,2.41,0.0000,0.0449,0.0410,,,,,,,
41.3733,8,3,10.0115,51.3845,converged,81572.73,50578.64,-2.9631,2.42,0.0000,0.0314,0.0566,,,,,,,
45.1793,8,3,10.3191,55.4981,converged,81572.73,50578.64,-2.9631,2.42,0.0000,0.0406,0.0567,,,,,,,
22.7135,10,3,10.2270,32.9400,converged,81572.17,50578.54,-2.9607,2.45,0.0000,0.0240,0.0272,,,,,,,
40.0039,8,4,13.7858,53.7889,converged,81572.17,50578.54,-2.9607,2.45,0.0000,0.0569,0.1102,0.0935,,,,,,
53.0672,6,3,9.9133,62.9804,converged,81571.61,50578.43,-2.9531,2.46,0.0000,0.0459,0.0812,,,,,,,
35.9795,9,3,12.1772,48.1563,converged,81571.61,50578.43,-2.9531,2.46,0.0000,0.0198,0.0639,,,,,,,
56.6180,6,6,24.2915,80.9095,completed,81570.97,50578.30,-2.9523,2.47,0.0000,0.0390,0.1448,0.1221,3.1487,7.6313,,,,
27.8943,10,3,11.3088,39.2028,converged,81570.97,50578.30,-2.9523,2.47,0.0000,0.0386,0.0350,,,,,,,
50.9046,7,3,10.0598,60.9638,converged,81570.33,50578.18,-2.9535,2.44,0.0000,0.0251,0.0439,,,,,,,
56.7412,6,6,24.0166,80.7576,completed,81570.33,50578.18,-2.9535,2.44,0.0000,0.0464,0.1573,0.1274,2.3232,6.6484,,,,
25.8267,10,3,10.6686,36.4947,converged,81569.69,50578.05,-2.9534,2.44,0.0000,0.0188,0.0267,,,,,,,
28.8804,10,3,14.5601,43.4402,converged,81569.69,50578.05,-2.9534,2.44,0.0000,0.0248,0.0286,,,,,,,
23.2812,10,3,14.3473,37.6284,converged,81569.21,50577.96,-2.9551,2.42,0.0000,0.0427,0.0493,,,,,,,
23.6100,10,3,18.6710,42.2810,converged,81569.21,50577.96,-2.9551,2.42,0.0000,0.0494,0.0814,,,,,,,
22.0136,10,3,10.1805,32.1936,converged,81568.66,50577.85,-2.9570,2.42,0.0000,0.0386,0.0476,,,,,,,
37.1562,9,3,10.4257,47.5818,converged,81568.66,50577.85,-2.9570,2.42,0.0000,0.0365,0.0479,,,,,,,
50.3343,7,3,8.9013,59.2353,converged,81568.18,50577.76,-2.9590,2.44,0.0000,0.0223,0.0588,,,,,,,
21.2561,10,3,11.2136,32.4697,converged,81568.18,50577.76,-2.9590,2.44,0.0000,0.0218,0.0318,,,,,,,
47.4100,7,3,10.8457,58.2557,converged,81567.62,50577.65,-2.9629,2.45,0.0000,0.0247,0.0723,,,,,,,
55.9224,6,6,28.6631,84.5851,completed,81567.62,50577.65,-2.9629,2.45,0.0000,0.0799,0.1350,0.2322,4.3281,7.3408,,,,
25.6145,10,3,15.8587,41.4727,converged,81567.01,50577.54,-2.9675,2.44,0.0000,0.0296,0.0390,,,,,,,
27.2292,10,3,9.3205,36.5496,converged,81567.01,50577.54,-2.9675,2.44,0.0000,0.0226,0.0470,,,,,,,
59.5515,5,5,19.2946,78.8457,completed,81566.50,50577.45,-2.9658,2.43,0.0000,0.0496,0.1307,1.0529,7.2080,,,,,
45.0740,8,3,10.5642,55.6382,converged,81566.50,50577.45,-2.9658,2.43,0.0000,0.0251,0.0518,,,,,,,
25.5493,10,3,11.1775,36.7266,converged,81565.87,50577.33,-2.9596,2.44,0.0000,0.0387,0.0494,,,,,,,
27.0096,10,3,10.9155,37.9245,converged,81565.87,50577.33,-2.9596,2.44,0.0000,0.0287,0.0689,,,,,,,
57.8247,6,6,25.3824,83.2064,completed,81565.31,50577.23,-2.9527,2.43,0.0000,0.0389,0.1124,0.2203,4.0842,6.9459,,,,
45.3023,8,8,34.1453,79.4474,completed,81565.31,50577.23,-2.9527,2.43,0.0000,0.0486,0.1560,0.2531,0.1066,2.3983,5.3664,5.8818,,
55.0965,6,6,20.5829,75.6789,completed,81564.60,50577.08,-2.9458,2.41,0.0000,0.0529,0.1221,0.1855,1.7482,6.4412,,,,
37.6543,9,3,9.7647,47.4188,converged,81564.60,50577.08,-2.9458,2.41,0.0000,0.0526,0.0670,,,,,,,
43.0652,8,3,14.1675,57.2325,converged,81564.00,50576.96,-2.9431,2.42,0.0000,0.0430,0.0784,,,,,,,
56.6590,6,6,20.7559,77.4149,completed,81564.00,50576.96,-2.9431,2.42,0.0000,0.0802,0.2635,1.1266,4.3005,6.7799,,,,
47.3996,7,3,13.8833,61.2823,converged,81563.34,50576.82,-2.9437,2.40,0.0000,0.0249,0.0782,,,,,,,
25.3960,10,3,9.9279,35.3230,converged,81563.34,50576.82,-2.9437,2.40,0.0000,0.0378,0.0605,,,,,,,
57.0388,6,6,21.8388,78.8768,completed,81562.71,50576.69,-2.9452,2.37,0.0000,0.0587,0.1724,0.6203,1.1497,6.0007,,,,
27.3510,10,3,9.4025,36.7526,converged,81562.71,50576.69,-2.9452,2.37,0.0000,0.0366,0.0758,,,,,,,
51.9692,7,3,11.1600,63.1290,converged,81562.13,50576.58,-2.9450,2.37,0.0000,0.0273,0.0806,,,,,,,
39.2846,9,3,10.0989,49.3829,converged,81562.13,50576.58,-2.9450,2.37,0.0000,0.0358,0.0623,,,,,,,
25.0306,10,3,10.3094,35.3394,converged,81561.57,50576.46,-2.9419,2.33,0.0000,0.0185,0.0474,,,,,,,
20.4634,10,3,14.5441,35.0071,converged,81561.57,50576.46,-2.9419,2.33,0.0000,0.0301,0.0545,,,,,,,
30.7211,10,3,9.5938,40.3149,converged,81561.14,50576.37,-2.9396,2.31,0.0000,0.0243,0.0550,,,,,,,
41.0365,8,3,9.5010,50.5371,converged,81561.14,50576.37,-2.9396,2.31,0.0000,0.0229,0.0740,,,,,,,
53.5984,6,4,12.0901,65.6882,converged,81560.66,50576.27,-2.9397,2.31,0.0000,0.0232,0.1441,0.0456,,,,,,
34.8382,9,9,51.1260,85.9640,completed,81560.66,50576.27,-2.9397,2.31,0.0000,0.0323,0.1050,0.2919,0.6045,0.4211,0.9771,4.2519,5.3555,
35.5650,9,3,9.2830,44.8480,converged,81559.98,50576.13,-2.9474,2.30,0.0000,0.0188,0.0467,,,,,,,
43.9549,8,8,26.7376,70.6917,completed,81559.98,50576.13,-2.9474,2.30,0.0000,0.0605,0.2085,0.6275,0.9327,0.1956,3.3078,5.5129,,
37.8316,9,3,10.6649,48.4960,converged,81559.41,50576.02,-2.9516,2.28,0.0000,0.0340,0.0615,,,,,,,
44.8135,8,3,11.9268,56.7398,converged,81559.41,50576.02,-2.9516,2.28,0.0000,0.0253,0.0939,,,,,,,
39.0024,9,3,9.3958,48.3978,converged,81558.86,50575.91,-2.9531,2.29,0.0000,0.0738,0.0180,,,,,,,
42.3155,8,8,31.6990,74.0140,completed,81558.86,50575.91,-2.9531,2.29,0.0000,0.0106,0.1039,0.6473,1.5111,0.1418,3.6743,5.2446,,
46.8232,7,7,35.4519,82.2749,completed,81558.26,50575.79,-2.9553,2.29,0.0000,0.0436,0.4423,1.3162,1.0588,3.6154,5.7250,,,
45.3666,8,3,16.9710,62.3371,converged,81558.26,50575.79,-2.9553,2.29,0.0000,0.0510,0.0722,,,,,,,
55.6319,6,6,30.5590,86.1900,completed,81557.63,50575.67,-2.9569,2.29,0.0000,0.0923,0.2122,0.8256,3.4669,6.6352,,,,
27.7652,10,10,41.3538,69.1188,completed,81557.63,50575.67,-2.9569,2.29,0.0000,0.1041,0.2244,0.5331,1.4846,1.8230,2.8127,3.2426,4.3345,5.0102
40.4684,8,8,33.9673,74.4353,completed,81556.94,50575.54,-2.9569,2.30,0.0000,0.0254,0.1185,0.3134,0.7208,0.3195,3.6687,5.5009,,
31.0152,10,3,11.1520,42.1670,converged,81556.94,50575.54,-2.9569,2.30,0.0000,0.0195,0.0444,,,,,,,
46.9186,7,7,30.2336,77.1516,completed,81556.31,50575.42,-2.9542,2.30,0.0000,0.0456,0.2288,0.9159,1.3117,5.0209,6.1907,,,
41.9766,8,8,36.3479,78.3239,completed,81556.31,50575.42,-2.9542,2.30,0.0000,0.0221,0.1518,0.4724,0.6503,0.3606,3.5923,4.7203,,
57.8605,6,5,34.3075,92.1675,deadline,81555.64,50575.28,-2.9502,2.27,0.0000,0.0483,0.5614,2.8277,4.4245,,,,,
21.2994,10,3,15.6102,36.9093,converged,81555.64,50575.28,-2.9502,2.27,0.0000,0.0395,0.0977,,,,,,,
40.6183,8,8,42.8568,83.4748,completed,81554.99,50575.15,-2.9510,2.20,0.0000,0.0529,0.1774,0.3331,0.8222,0.1695,4.4624,5.4300,,
27.5374,10,10,52.5976,80.1346,completed,81554.99,50575.15,-2.9510,2.20,0.0000,0.0432,0.1324,0.3640,0.5146,0.5752,0.2489,0.7347,3.9302,4.3376
33.6387,10,3,10.0662,43.7043,converged,81554.34,50575.02,-2.9485,2.16,0.0000,0.0136,0.0746,,,,,,,
21.5230,10,3,13.5387,35.0617,converged,81554.34,50575.02,-2.9485,2.16,0.0000,0.0359,0.0313,,,,,,,
21.8776,10,10,69.3358,91.2129,completed,81553.88,50574.93,-2.9488,2.18,0.0000,0.0197,0.1275,0.7128,1.1317,0.5947,0.3417,1.2128,4.3877,4.3799
33.2415,10,3,16.3195,49.5606,converged,81553.88,50574.93,-2.9488,2.18,0.0000,0.0164,0.0656,,,,,,,
30.1268,10,3,15.9467,46.0728,converged,81553.19,50574.79,-2.9546,2.21,0.0000,0.1335,0.0536,,,,,,,
38.5208,9,3,14.2730,52.7930,converged,81553.19,50574.79,-2.9546,2.21,0.0000,0.0699,0.0894,,,,,,,
41.3843,8,8,28.3566,69.7407,completed,81552.67,50574.69,-2.9579,2.21,0.0000,0.3747,0.3338,0.1335,0.4419,1.7381,3.5428,4.9235,,
55.7659,6,6,23.1225,78.8876,completed,81552.67,50574.69,-2.9579,2.21,0.0000,0.1336,0.6836,1.3253,0.4653,5.2280,,,,
27.4979,10,10,33.1350,60.6321,completed,81552.03,50574.57,-2.9548,2.20,0.0000,0.1587,0.2611,0.5926,1.6105,1.1218,1.7218,3.2248,4.4795,4.8492
51.6907,7,7,32.1118,83.8018,completed,81552.03,50574.57,-2.9548,2.20,0.0000,0.0869,0.4050,0.7844,0.9510,4.3190,5.4483,,,
53.2997,6,6,30.5168,83.8159,completed,81551.40,50574.44,-2.9585,2.11,0.0000,0.2278,0.1996,0.6887,1.8190,5.3093,,,,
30.5420,10,10,50.7350,81.2760,completed,81551.40,50574.44,-2.9585,2.11,0.0000,0.0892,0.2439,0.6983,1.7310,1.2258,2.1939,3.0287,4.2457,4.7314
34.7790,9,3,16.3424,51.1215,converged,81550.81,50574.33,-2.9583,2.04,0.0000,0.0620,0.0433,,,,,,,
36.6898,9,3,11.6836,48.3726,converged,81550.81,50574.33,-2.9583,2.04,0.0000,0.0896,0.0409,,,,,,,
34.9602,9,3,9.9774,44.9374,converged,81550.32,50574.24,-2.9557,2.00,0.0000,0.0311,0.0250,,,,,,,
56.1344,6,3,13.8690,70.0031,converged,81550.32,50574.24,-2.9557,2.00,0.0000,0.1212,0.0464,,,,,,,
49.9962,7,7,40.7783,90.7743,completed,81549.86,50574.15,-2.9570,2.01,0.0000,0.0385,0.8749,2.6858,1.1662,1.1450,4.4296,,,
30.4609,10,3,10.2612,40.7212,converged,81549.86,50574.15,-2.9570,2.01,0.0000,0.0534,0.0253,,,,,,,
22.4000,10,10,43.6622,66.0622,completed,81549.30,50574.04,-2.9642,2.01,0.0000,0.2028,0.3805,0.9060,2.1047,1.3143,2.1757,2.5589,3.8704,4.4872
58.9602,5,5,25.6879,84.6479,completed,81549.30,50574.04,-2.9642,2.01,0.0000,0.8247,4.4158,2.9405,5.8137,,,,,
27.6649,10,3,9.8273,37.4913,converged,81548.75,50573.94,-2.9688,1.99,0.0000,0.1355,0.0232,,,,,,,
58.1312,5,5,34.3487,92.4798,completed,81548.75,50573.94,-2.9688,1.99,0.0000,0.1846,2.2552,1.9261,3.1250,,,,,
56.7242,6,6,32.1707,88.8947,completed,81548.17,50573.84,-2.9668,1.91,0.0000,0.3887,1.5809,2.1159,2.9630,5.4712,,,,
39.3629,9,3,10.8207,50.1828,converged,81548.17,50573.84,-2.9668,1.91,0.0000,0.2355,0.0261,,,,,,,
31.4843,10,10,48.3952,79.8792,completed,81547.66,50573.74,-2.9665,1.92,0.0000,0.2429,0.4513,0.9919,2.0489,1.2790,1.5549,2.3373,3.4696,4.1513
42.8195,8,8,34.3711,77.1901,completed,81547.66,50573.74,-2.9665,1.92,0.0000,0.4569,0.6829,0.8855,1.3823,0.7984,3.4764,4.2165,,
45.1549,8,8,29.1635,74.3176,completed,81547.10,50573.64,-2.9635,1.88,0.0000,0.0733,0.2599,1.4064,3.2541,0.8625,3.1181,4.2151,,
45.8222,8,8,43.1270,88.9490,completed,81547.10,50573.64,-2.9635,1.88,0.0000,0.4192,0.5917,1.1080,0.3457,1.8115,3.2744,4.5037,,
50.0352,7,7,34.6528,84.6878,completed,81546.55,50573.54,-2.9610,1.82,0.0000,0.3416,0.4672,1.2555,0.9502,2.9253,5.0947,,,
28.6561,10,7,30.2090,58.8650,converged,81546.55,50573.54,-2.9610,1.82,0.0000,0.1049,0.1305,1.1063,1.8522,1.2354,0.0959,,,
51.9437,7,7,36.5822,88.5253,completed,81546.08,50573.44,-2.9609,1.81,0.0000,0.1978,0.3173,0.7011,0.6843,2.3851,4.4943,,,
55.8683,6,6,33.3202,89.1882,completed,81546.08,50573.44,-2.9609,1.81,0.0000,0.1009,2.1483,3.9353,0.1487,3.7225,,,,
44.0955,8,8,35.5145,79.6095,completed,81545.48,50573.33,-2.9638,1.75,0.0000,0.2839,0.4157,0.9239,1.0507,1.5265,2.9897,4.4480,,
23.6103,10,10,35.5578,59.1678,completed,81545.48,50573.33,-2.9638,1.75,0.0000,0.4375,0.8779,1.6158,1.9637,1.5579,1.9922,2.5684,3.3316,3.6952
41.1667,8,8,33.4038,74.5699,completed,81545.04,50573.25,-2.9629,1.70,0.0000,0.0668,0.7822,4.1594,4.6833,0.2393,3.2840,3.7764,,
59.2698,5,5,26.7269,85.9959,completed,81545.04,50573.25,-2.9629,1.70,0.0000,0.5951,1.9514,1.6342,4.1602,,,,,
28.2530,10,10,49.8904,78.1425,completed,81544.54,50573.16,-2.9612,1.64,0.0000,0.2615,0.4367,0.7968,1.1980,1.1363,1.5885,2.5784,3.6150,3.8134
23.7695,10,10,48.1585,71.9276,completed,81544.54,50573.16,-2.9612,1.64,0.0000,0.2164,0.2539,1.8668,2.8383,1.9312,0.2092,1.5030,3.4392,3.0683
56.4782,6,6,24.2449,80.7229,completed,81544.07,50573.07,-2.9637,1.66,0.0000,0.0817,0.5174,1.2482,2.2567,4.2844,,,,
43.6113,8,8,36.3599,79.9710,completed,81544.07,50573.07,-2.9637,1.66,0.0000,0.4886,0.6823,1.2698,1.0917,1.1832,3.0064,4.0473,,
59.0617,5,5,20.4036,79.4647,completed,81543.60,50572.98,-2.9662,1.59,0.0000,0.2284,1.1579,2.0119,4.4637,,,,,
39.1487,9,9,31.9545,71.1025,completed,81543.60,50572.98,-2.9662,1.59,0.0000,0.1558,0.3295,0.7928,1.3927,2.1345,2.9387,3.4546,3.5270,
33.9090,10,10,51.0599,84.9680,completed,81543.17,50572.90,-2.9650,1.52,0.0000,0.0988,0.2993,1.2488,4.4055,7.2891,1.7750,0.6721,3.0050,3.2598
45.4901,8,8,36.4065,81.8966,completed,81543.17,50572.90,-2.9650,1.52,0.0000,0.3455,0.9209,1.4527,1.5891,2.2483,3.5798,4.1083,,
46.8707,7,7,40.4546,87.3247,completed,81542.75,50572.82,-2.9631,1.40,0.0000,0.0601,0.3366,0.7768,1.3646,3.2095,4.5280,,,
57.0485,6,6,22.6450,79.6930,completed,81542.75,50572.82,-2.9631,1.40,0.0000,0.1689,0.2233,1.5103,2.2279,4.7021,,,,
24.8851,10,10,37.7834,62.6684,completed,81542.38,50572.75,-2.9656,1.37,0.0000,0.0775,0.2615,0.8369,1.7790,1.6052,0.6472,1.9252,3.6139,3.5675
31.6760,10,10,44.5988,76.2739,completed,81542.38,50572.75,-2.9656,1.37,0.0000,0.4030,0.6313,1.0718,1.1290,0.9248,1.4265,2.6964,3.4547,3.6281
23.4360,10,10,52.5356,75.9716,completed,81541.99,50572.68,-2.9697,1.26,0.0000,0.0668,0.2503,0.5743,1.0637,1.4743,2.0494,2.7654,3.1389,3.0389
31.8619,10,3,12.1054,43.9664,converged,81541.99,50572.68,-2.9697,1.26,0.0000,0.0860,0.0962,,,,,,,
45.9010,8,8,44.5295,90.4295,completed,81541.67,50572.62,-2.9691,1.19,0.0000,0.1129,0.2655,0.8889,1.9310,2.5166,3.4309,3.5890,,
44.1915,8,8,44.6001,88.7912,completed,81541.67,50572.62,-2.9691,1.19,0.0000,0.2699,0.4803,0.9088,0.7879,0.8194,3.1213,4.0041,,
36.5129,9,3,13.9160,50.4281,converged,81541.31,50572.55,-2.9658,1.16,0.0000,0.0370,0.0387,,,,,,,
54.9153,6,6,29.9684,84.8834,completed,81541.31,50572.55,-2.9658,1.16,0.0000,0.3460,0.5968,1.6810,1.6435,4.0113,,,,
57.5296,6,6,34.2631,91.7921,completed,81540.99,50572.49,-2.9631,1.12,0.0000,0.0528,0.1737,0.5098,1.2891,3.9166,,,,
37.7296,9,9,37.5936,75.3227,completed,81540.99,50572.49,-2.9631,1.12,0.0000,0.1168,0.2195,1.4250,2.3982,2.6884,0.4137,2.0829,3.0211,
42.5371,8,3,14.5299,57.0669,converged,81540.66,50572.42,-2.9626,1.12,0.0000,0.0705,0.0529,,,,,,,
23.1013,10,10,36.4307,59.5318,completed,81540.66,50572.42,-2.9626,1.12,0.0000,0.2165,0.3857,0.8762,1.9516,1.9705,1.1026,1.4045,2.5644,3.1175
33.8750,10,3,16.7240,50.5980,converged,81540.35,50572.36,-2.9633,1.09,0.0000,0.2662,0.0352,,,,,,,
51.8051,7,7,29.1637,80.9688,completed,81540.35,50572.36,-2.9633,1.09,0.0000,0.3936,0.2954,1.0585,2.9353,0.4835,2.1959,,,
31.0709,10,3,10.1214,41.1914,converged,81540.04,50572.30,-2.9633,1.13,0.0000,0.4279,0.0708,,,,,,,
35.8406,9,9,39.0994,74.9394,completed,81540.04,50572.30,-2.9633,1.13,0.0000,0.4149,1.4351,4.6018,3.4507,1.9678,3.2658,3.3661,3.2744,
39.4157,9,9,33.9825,73.3975,completed,81539.74,50572.24,-2.9640,1.19,0.0000,0.5840,0.4270,1.0186,3.4339,0.7577,0.4057,2.2935,2.9275,
24.7309,10,10,34.6287,59.3587,completed,81539.74,50572.24,-2.9640,1.19,0.0000,0.1676,0.3266,0.5963,0.1509,2.4201,0.9351,0.2255,1.4220,2.5403
46.2872,7,7,37.3361,83.6232,completed,81539.43,50572.19,-2.9659,1.26,0.0000,0.6550,1.0638,1.8533,1.1555,2.4533,3.5613,,,
42.5682,8,8,30.0741,72.6422,completed,81539.43,50572.19,-2.9659,1.26,0.0000,0.1214,0.4924,1.5537,2.8483,2.7610,3.1063,3.7310,,
48.2972,7,3,21.7192,70.0162,converged,81539.05,50572.11,-2.9653,1.34,0.0000,0.3696,0.0243,,,,,,,
42.7889,8,8,34.6028,77.3908,completed,81539.05,50572.11,-2.9653,1.34,0.0000,0.2049,0.3548,0.5916,1.5685,0.2481,0.6072,2.1202,,
57.5750,6,6,30.0906,87.6657,completed,81538.67,50572.04,-2.9621,1.42,0.0000,1.2811,1.4158,3.4801,1.4502,2.0467,,,,
35.3530,9,3,10.8701,46.2231,converged,81538.67,50572.04,-2.9621,1.42,0.0000,0.1382,0.0929,,,,,,,
26.2277,10,10,43.5654,69.7924,completed,81538.28,50571.96,-2.9565,1.56,0.0000,0.5110,1.0043,0.6384,2.2534,3.1160,0.8247,0.4699,2.0892,2.4954
31.7059,10,7,25.5567,57.2618,converged,81538.28,50571.96,-2.9565,1.56,0.0000,0.0924,0.1428,0.4432,1.2466,0.2464,0.0365,,,
24.0464,10,10,46.5772,70.6232,completed,81537.80,50571.87,-2.9552,1.69,0.0000,0.5442,0.7650,0.6746,0.8676,2.0455,1.3585,1.8791,2.2651,2.2170
45.8809,8,8,52.2457,98.1257,completed,81537.80,50571.87,-2.9552,1.69,0.0000,0.3065,1.1551,3.0135,3.7541,3.6360,3.8342,3.9174,,
35.7159,9,3,11.1336,46.8487,converged,81537.32,50571.77,-2.9539,1.76,0.0000,0.0104,0.0115,,,,,,,
32.1734,10,7,30.4750,62.6480,converged,81537.32,50571.77,-2.9539,1.76,0.0000,0.0399,0.3241,1.4284,2.1155,0.4343,0.0399,,,
20.8737,10,3,10.4653,31.3383,converged,81536.86,50571.68,-2.9512,1.75,0.0000,0.0852,0.0701,,,,,,,
28.3692,10,10,41.6440,70.0130,completed,81536.86,50571.68,-2.9512,1.75,0.0000,0.3466,0.7892,0.9699,1.5863,1.4391,0.4438,1.8654,2.5731,2.3623
25.5356,10,10,35.5631,61.0981,completed,81536.44,50571.59,-2.9442,1.71,0.0000,0.0246,0.1135,0.2433,0.5644,0.9850,1.3807,2.6249,2.7152,2.2424
42.9738,8,8,30.4613,73.4343,completed,81536.44,50571.59,-2.9442,1.71,0.0000,0.1110,0.6298,4.8650,2.3918,0.6023,1.5603,1.9668,,
59.6286,5,5,23.0521,82.6801,completed,81536.03,50571.51,-2.9448,1.58,0.0000,0.2357,0.8264,1.1131,2.1784,,,,,
52.0453,6,6,26.5397,78.5847,completed,81535.76,50571.45,-2.9492,1.51,0.0000,0.0629,0.1599,1.1787,2.5753,3.7305,,,,
35.7876,9,3,11.3502,47.1373,converged,81535.76,50571.45,-2.9492,1.51,0.0000,0.0629,0.0861,,,,,,,
33.4907,10,3,15.9786,49.4686,converged,81535.42,50571.38,-2.9592,1.44,0.0000,0.0689,0.0834,,,,,,,
30.5866,10,3,17.4960,48.0820,converged,81535.42,50571.38,-2.9592,1.44,0.0000,0.0704,0.0962,,,,,,,
53.9057,6,3,10.1025,64.0076,converged,81535.08,50571.31,-2.9718,1.42,0.0000,0.0701,0.0861,,,,,,,
24.4117,10,10,55.6663,80.0774,completed,81535.08,50571.31,-2.9718,1.42,0.0000,0.0733,0.1108,0.2230,0.3505,0.4121,0.9226,1.6094,2.3664,2.2875
26.2425,10,3,9.5718,35.8138,converged,81534.68,50571.24,-2.9794,1.44,0.0000,0.0452,0.0508,,,,,,,
39.9727,9,9,37.3613,77.3333,completed,81534.68,50571.24,-2.9794,1.44,0.0000,0.0652,0.1285,0.2273,0.2345,0.3919,1.1847,2.1602,2.4118,
20.8255,10,10,38.6490,59.4741,completed,81534.30,50571.18,-2.9871,1.44,0.0000,0.0833,0.1252,0.2593,0.3519,0.2402,0.7879,1.6395,2.2212,2.0278
57.1411,6,6,22.2811,79.4222,completed,81534.30,50571.18,-2.9871,1.44,0.0000,0.0795,0.2169,0.7016,2.2548,3.2294,,,,
56.4866,6,6,23.5260,80.0121,completed,81533.89,50571.11,-2.9944,1.44,0.0000,0.1094,0.1450,0.7026,1.6738,2.8683,,,,
32.8685,10,3,10.8751,43.7431,converged,81533.89,50571.11,-2.9944,1.44,0.0000,0.0598,0.0594,,,,,,,
28.7354,10,10,35.6323,64.3673,completed,81533.50,50571.05,-2.9998,1.38,0.0000,0.0775,0.1035,0.1796,0.2138,0.2607,0.6786,1.4438,2.0237,2.0315
46.8023,7,7,38.7158,85.5179,completed,81533.50,50571.05,-2.9998,1.38,0.0000,0.1390,0.3584,0.9855,0.8021,1.1838,2.4109,,,
38.3617,9,3,11.0176,49.3787,converged,81533.14,50570.99,-3.0077,1.38,0.0000,0.0477,0.0248,,,,,,,
55.2966,6,3,11.9010,67.1970,converged,81533.14,50570.99,-3.0077,1.38,0.0000,0.0319,0.0799,,,,,,,
37.7370,9,5,22.7641,60.5001,converged,81532.78,50570.94,-3.0111,1.37,0.0000,0.1035,0.1695,0.3388,0.0916,,,,,
47.8080,7,4,13.2403,61.0484,converged,81532.78,50570.94,-3.0111,1.37,0.0000,0.1045,0.1426,0.0595,,,,,,
51.3210,7,3,10.9483,62.2684,converged,81532.39,50570.88,-3.0130,1.40,0.0000,0.0509,0.0803,,,,,,,
54.8395,6,3,16.0222,70.8613,converged,81532.39,50570.88,-3.0130,1.40,0.0000,0.0512,0.0902,,,,,,,
43.8234,8,3,9.6975,53.5205,converged,81531.99,50570.82,-3.0111,1.47,0.0000,0.0600,0.0259,,,,,,,
48.9473,7,3,10.5378,59.4849,converged,81531.99,50570.82,-3.0111,1.47,0.0000,0.0423,0.0400,,,,,,,
48.4896,7,3,9.8541,58.3431,converged,81531.58,50570.76,-3.0084,1.57,0.0000,0.0378,0.0874,,,,,,,
41.5672,8,3,9.3964,50.9634,converged,81531.58,50570.76,-3.0084,1.57,0.0000,0.0720,0.0410,,,,,,,
50.0553,7,3,10.6308,60.6858,converged,81531.26,50570.71,-3.0065,1.62,0.0000,0.0709,0.0459,,,,,,,
29.6548,10,3,13.7697,43.4237,converged,81531.26,50570.71,-3.0065,1.62,0.0000,0.0150,0.0370,,,,,,,
22.4777,10,3,11.5626,34.0396,converged,81530.83,50570.65,-3.0031,1.66,0.0000,0.0575,0.0137,,,,,,,
43.1663,8,8,34.9128,78.0788,completed,81530.83,50570.65,-3.0031,1.66,0.0000,0.1812,0.2306,0.1030,0.3154,0.4109,1.4434,2.0142,,
31.3439,10,10,36.1497,67.4928,completed,81530.44,50570.59,-2.9995,1.72,0.0000,0.0163,0.1071,0.2581,0.5150,0.9691,1.4220,2.2284,2.1045,1.7670
23.0681,10,10,38.9098,61.9778,completed,81530.44,50570.59,-2.9995,1.72,0.0000,0.1288,0.1427,0.1842,0.1288,0.6062,0.5719,1.3130,1.7283,1.7427
29.7927,10,10,55.1750,84.9670,completed,81529.98,50570.51,-2.9934,1.73,0.0000,0.0165,0.1255,0.2861,0.5259,0.9811,1.5266,2.2305,2.0475,1.7732
59.7622,5,5,21.5223,81.2844,completed,81529.98,50570.51,-2.9934,1.73,0.0000,0.0416,0.8161,1.4661,2.6990,,,,,
36.1921,9,9,40.1478,76.3399,completed,81529.49,50570.44,-2.9912,1.75,0.0000,0.0657,0.1921,0.2879,0.4379,1.6010,1.9131,1.9813,2.1943,
24.1606,10,4,20.4235,44.5836,converged,81529.49,50570.44,-2.9912,1.75,0.0000,0.1625,0.1696,0.0955,,,,,,
21.8344,10,10,36.6140,58.4481,completed,81528.89,50570.34,-2.9865,1.79,0.0000,0.0584,0.1490,0.1790,0.2398,0.5976,1.3468,1.6937,1.8829,1.8917
35.1171,9,9,37.1312,72.2483,completed,81528.89,50570.34,-2.9865,1.79,0.0000,0.0795,0.2532,0.4681,0.9230,1.2682,1.9510,2.2118,2.1064,
28.6903,10,5,20.8332,49.5232,converged,81528.41,50570.25,-2.9767,1.86,0.0000,0.1065,0.1136,0.1244,0.0718,,,,,
54.7036,6,6,24.0263,78.7294,completed,81528.41,50570.25,-2.9767,1.86,0.0000,0.0229,0.1493,0.7373,1.2600,2.5972,,,,
42.4533,8,8,33.0540,75.5070,completed,81527.92,50570.16,-2.9701,1.90,0.0000,0.0989,0.1148,0.1447,0.5494,0.5668,1.8268,2.2285,,
49.7630,7,7,27.4038,77.1658,completed,81527.92,50570.16,-2.9701,1.90,0.0000,0.0302,0.1458,1.2230,1.7958,2.3993,2.6257,,,
52.9298,6,6,24.3710,77.3000,completed,81527.42,50570.07,-2.9658,1.87,0.0000,0.0951,0.4736,0.5344,1.3884,2.4992,,,,
42.4875,8,8,32.3735,74.8605,completed,81527.42,50570.07,-2.9658,1.87,0.0000,0.0646,0.1842,0.4872,0.8561,1.1887,2.3358,2.2742,,
53.5729,6,6,20.7504,74.3224,completed,81526.87,50569.96,-2.9540,1.84,0.0000,0.1233,0.3712,0.8187,2.0330,2.7888,,,,
29.9244,10,3,12.4289,42.3530,converged,81526.87,50569.96,-2.9540,1.84,0.0000,0.0686,0.0418,,,,,,,
58.9806,5,3,10.2649,69.2449,converged,81526.39,50569.86,-2.9393,1.87,0.0000,0.0737,0.0542,,,,,,,
33.7625,10,10,34.3797,68.1417,completed,81526.39,50569.86,-2.9393,1.87,0.0000,0.1190,0.2638,0.4699,0.8580,1.1839,1.4311,2.3112,2.0746,1.8005
20.4306,10,3,11.9022,32.3322,converged,81525.86,50569.74,-2.9209,1.92,0.0000,0.0313,0.0512,,,,,,,
46.5236,7,7,25.5716,72.0946,completed,81525.86,50569.74,-2.9209,1.92,0.0000,0.0729,0.1444,0.7270,0.4843,1.9740,2.7675,,,
50.8422,7,7,30.7431,81.5852,completed,81525.40,50569.63,-2.9058,1.92,0.0000,0.0671,0.1716,0.1663,0.2020,1.8011,2.6315,,,
56.2234,6,6,26.9605,83.1835,completed,81525.40,50569.63,-2.9058,1.92,0.0000,0.0572,0.3535,0.6499,1.9163,2.8038,,,,
33.6657,10,10,36.1601,69.8251,completed,81524.78,50569.47,-2.8822,1.91,0.0000,0.1072,0.1881,0.3124,0.4819,0.6331,0.8446,1.9990,2.2398,1.9923
21.1836,10,10,51.0942,72.2772,completed,81524.78,50569.47,-2.8822,1.91,0.0000,0.1017,0.2443,0.5272,0.9748,0.8563,0.9979,2.0689,2.3839,2.1637
20.6826,10,3,16.5641,37.2461,converged,81524.30,50569.33,-2.8586,1.92,0.0000,0.0218,0.0241,,,,,,,
25.4657,10,10,40.4203,65.8853,completed,81524.30,50569.33,-2.8586,1.92,0.0000,0.0756,0.1431,0.3333,0.7813,0.6240,0.8417,2.1083,2.2096,1.9306
33.4402,10,10,43.0309,76.4710,completed,81523.83,50569.18,-2.8318,1.93,0.0000,0.0861,0.1609,0.3587,0.7301,0.5127,0.6248,2.0167,2.2892,2.0634
28.3509,10,10,46.9429,75.2929,completed,81523.83,50569.18,-2.8318,1.93,0.0000,0.0478,0.1225,0.3707,0.8745,0.6770,1.1681,2.2920,2.3161,2.0253
44.3240,8,8,49.5515,93.8746,completed,81523.32,50569.00,-2.8029,1.89,0.0000,0.0535,0.1593,0.6442,0.9908,1.3588,2.8338,2.6442,,
54.7309,6,6,22.2923,77.0223,completed,81523.32,50569.00,-2.8029,1.89,0.0000,0.2236,0.9176,1.6211,2.6410,3.3472,,,,
45.3687,8,8,34.4716,79.8396,completed,81522.80,50568.80,-2.7737,1.86,0.0000,0.1011,0.2922,0.7469,0.7374,1.1981,2.7775,2.8996,,
58.6018,5,5,32.3827,90.9838,completed,81522.80,50568.80,-2.7737,1.86,0.0000,0.1176,0.9262,0.9328,3.4097,,,,,
59.6778,5,5,28.2452,87.9223,completed,81522.26,50568.57,-2.7354,1.83,0.0000,0.2714,0.9531,0.9335,3.4588,,,,,
51.7934,7,7,26.2870,78.0800,completed,81522.26,50568.57,-2.7354,1.83,0.0000,0.0850,0.2257,0.5058,0.5579,2.4635,3.2410,,,
34.5041,9,9,43.5945,78.0985,completed,81521.76,50568.34,-2.6967,1.81,0.0000,0.2106,0.7510,4.3511,10.4429,4.5516,0.9873,0.8487,1.1891,
26.3883,10,10,48.7237,75.1117,completed,81521.76,50568.34,-2.6967,1.81,0.0000,0.0634,0.1441,0.2392,0.3262,0.2662,0.5241,2.0018,2.5525,2.4534
32.4439,10,3,9.1841,41.6271,converged,81521.31,50568.11,-2.6569,1.80,0.0000,0.0506,0.0423,,,,,,,
20.1575,10,10,41.5345,61.6915,completed,81521.31,50568.11,-2.6569,1.80,0.0000,0.0519,0.1391,0.3463,0.6127,0.1967,0.2309,1.8328,2.6592,2.6290
23.8664,10,10,56.1098,79.9758,completed,81520.97,50567.92,-2.6259,1.76,0.0000,0.0503,0.1502,0.3971,0.7105,0.6413,0.8366,2.6710,2.9894,2.5485
30.2610,10,3,10.9348,41.1948,converged,81520.97,50567.92,-2.6259,1.76,0.0000,0.0658,0.0929,,,,,,,
22.6185,10,10,42.3341,64.9521,completed,81520.55,50567.66,-2.5874,1.70,0.0000,0.0403,0.1060,0.3486,0.5787,0.2506,0.5080,2.2112,2.8547,2.6560
31.1913,10,10,49.3450,80.5360,completed,81520.55,50567.66,-2.5874,1.70,0.0000,0.0430,0.1308,0.3194,0.6540,0.9601,0.9054,2.4795,2.9421,2.6198
58.3864,5,5,22.7268,81.1129,completed,81520.22,50567.45,-2.5583,1.65,0.0000,0.1001,0.8942,1.2802,4.1106,,,,,
41.5716,8,8,33.1332,74.7043,completed,81520.22,50567.45,-2.5583,1.65,0.0000,0.0537,0.1792,0.7569,0.8511,1.4886,3.3110,3.3849,,
42.8860,8,8,32.8802,75.7653,completed,81519.82,50567.17,-2.5208,1.60,0.0000,0.0624,0.2873,0.8957,1.2418,1.6277,3.5911,3.6105,,
48.5755,7,7,29.1400,77.7150,completed,81519.82,50567.17,-2.5208,1.60,0.0000,0.0937,0.1300,0.8385,0.6304,2.7891,3.6572,,,
40.1383,8,8,34.9985,75.1365,completed,81519.44,50566.88,-2.4836,1.57,0.0000,0.0710,0.1153,0.7230,1.1948,1.7194,3.9116,3.4448,,
29.3661,10,10,39.0615,68.4276,completed,81519.44,50566.88,-2.4836,1.57,0.0000,0.0480,0.1016,0.3114,0.9783,1.0296,1.0293,2.6216,3.2856,2.9246
44.6346,8,3,11.9153,56.5493,converged,81519.07,50566.58,-2.4454,1.52,0.0000,0.1090,0.0883,,,,,,,
34.3160,9,9,34.7451,69.0602,completed,81519.07,50566.58,-2.4454,1.52,0.0000,0.0434,0.1214,0.5539,1.1232,1.2459,2.3826,3.6534,3.3397,
26.9503,10,3,11.5393,38.4893,converged,81518.79,50566.33,-2.4152,1.44,0.0000,0.0605,0.0656,,,,,,,
53.6137,6,6,26.2859,79.8989,completed,81518.79,50566.33,-2.4152,1.44,0.0000,0.0981,0.2337,1.0682,1.5338,4.4879,,,,
25.4488,10,3,15.8368,41.2849,converged,81518.54,50566.10,-2.3861,1.36,0.0000,0.0690,0.0626,,,,,,,
54.3197,6,6,27.4881,81.8071,completed,81518.54,50566.10,-2.3861,1.36,0.0000,0.1028,0.4286,1.5142,2.4508,4.7178,,,,
33.9635,10,3,10.6794,44.6424,converged,81518.27,50565.84,-2.3503,1.28,0.0000,0.0518,0.0507,,,,,,,
40.8918,8,3,11.7794,52.6704,converged,81518.27,50565.84,-2.3503,1.28,0.0000,0.0491,0.0511,,,,,,,
24.5998,10,3,16.8401,41.4392,converged,81518.10,50565.65,-2.3259,1.22,0.0000,0.0415,0.0724,,,,,,,
36.3917,9,9,39.3649,75.7559,completed,81518.10,50565.65,-2.3259,1.22,0.0000,0.0568,0.1679,0.6821,0.1385,2.2630,2.3949,3.7493,3.5936,
41.4245,8,3,13.3191,54.7432,converged,81517.88,50565.40,-2.2914,1.20,0.0000,0.0732,0.0979,,,,,,,
50.6410,7,7,37.3386,87.9797,completed,81517.88,50565.40,-2.2914,1.20,0.0000,0.4088,0.4253,2.3212,4.5879,4.2286,4.8642,,,
28.8799,10,3,9.2228,38.1018,converged,81517.67,50565.16,-2.2573,1.17,0.0000,0.0384,0.0657,,,,,,,
21.5375,10,10,46.5912,68.1282,completed,81517.67,50565.16,-2.2573,1.17,0.0000,0.3407,0.3176,0.2613,0.2915,4.4478,2.0796,2.8332,3.7452,3.3507
39.9744,9,3,10.1432,50.1173,converged,81517.48,50564.91,-2.2259,1.17,0.0000,0.0292,0.0731,,,,,,,
33.0464,10,10,36.6818,69.7279,completed,81517.48,50564.91,-2.2259,1.17,0.0000,0.0615,0.1899,0.5432,1.2059,1.3134,1.3765,3.6289,3.9965,3.2446
31.4396,10,3,13.9179,45.3570,converged,81517.30,50564.66,-2.1960,1.17,0.0000,0.0218,0.0377,,,,,,,
50.1744,7,7,38.4431,88.6171,completed,81517.30,50564.66,-2.1960,1.17,0.0000,0.3204,1.6713,8.4294,9.8209,2.1919,0.8571,,,
39.6747,9,3,9.5842,49.2582,converged,81517.10,50564.37,-2.1603,1.18,0.0000,0.0627,0.0192,,,,,,,
57.2759,6,6,24.7752,82.0502,completed,81517.10,50564.37,-2.1603,1.18,0.0000,0.0850,0.4502,1.3894,2.7227,5.7818,,,,
43.8392,8,3,9.2381,53.0771,converged,81516.91,50564.06,-2.1231,1.19,0.0000,0.1176,0.0566,,,,,,,
44.9003,8,8,43.3611,88.2611,completed,81516.91,50564.06,-2.1231,1.19,0.0000,0.0567,0.1434,0.9038,1.5955,1.7858,4.9706,4.7384,,
59.9553,5,5,18.3613,78.3163,completed,81516.75,50563.78,-2.0850,1.22,0.0000,0.2938,0.1865,1.1700,5.4630,,,,,
23.7469,10,3,8.8079,32.5539,converged,81516.75,50563.78,-2.0850,1.22,0.0000,0.0903,0.0850,,,,,,,
42.4302,8,8,44.4874,86.9174,completed,81516.61,50563.53,-2.0580,1.23,0.0000,0.2077,0.2014,0.1329,0.5257,1.4352,4.6238,4.5758,,
39.9194,9,3,10.8425,50.7615,converged,81516.61,50563.53,-2.0580,1.23,0.0000,0.0720,0.0987,,,,,,,
57.8847,6,6,28.9268,86.8108,completed,81516.45,50563.21,-2.0259,1.18,0.0000,0.2170,0.1192,0.6836,3.0379,5.7616,,,,
46.0305,7,7,27.9115,73.9415,completed,81516.45,50563.21,-2.0259,1.18,0.0000,0.0965,0.5218,0.7842,1.1036,3.8172,5.2074,,,
48.0378,7,7,35.5836,83.6207,completed,81516.30,50562.90,-1.9902,1.14,0.0000,0.1409,0.1155,0.1094,0.3771,4.0150,5.0771,,,
57.5666,6,6,24.7292,82.2953,completed,81516.30,50562.90,-1.9902,1.14,0.0000,0.1884,0.1661,0.3850,2.6886,5.8294,,,,
59.7459,5,5,20.9990,80.7440,completed,81516.17,50562.57,-1.9548,1.17,0.0000,0.1050,0.2953,1.0993,5.9182,,,,,
51.8553,7,4,19.1632,71.0182,converged,81516.17,50562.57,-1.9548,1.17,0.0000,0.1877,0.2349,0.0984,,,,,,
25.6094,10,3,9.7188,35.3278,converged,81516.05,50562.24,-1.9215,1.18,0.0000,0.0627,0.0980,,,,,,,
46.8195,7,7,43.9023,90.7213,completed,81516.05,50562.24,-1.9215,1.18,0.0000,0.1150,0.2185,0.3829,0.4385,3.2603,5.5427,,,
42.2416,8,8,37.1103,79.3514,completed,81515.94,50561.94,-1.8952,1.15,0.0000,0.0570,0.1439,0.3089,0.6421,2.6383,5.6217,5.3505,,
58.1712,5,5,25.8955,84.0665,completed,81515.94,50561.94,-1.8952,1.15,0.0000,0.1689,0.4627,0.3496,5.1386,,,,,
35.7638,9,3,14.1089,49.8720,converged,81515.84,50561.62,-1.8647,1.11,0.0000,0.0360,0.0500,,,,,,,
48.8428,7,7,26.8671,75.7091,completed,81515.84,50561.62,-1.8647,1.11,0.0000,0.0670,0.1462,0.5056,0.2523,3.9997,5.6044,,,
20.6700,10,3,10.0455,30.7145,converged,81515.77,50561.35,-1.8398,1.09,0.0000,0.0197,0.0349,,,,,,,
42.3189,8,3,15.7725,58.0906,converged,81515.77,50561.35,-1.8398,1.09,0.0000,0.0485,0.0664,,,,,,,
27.1162,10,10,60.6342,87.7502,completed,81515.71,50561.12,-1.8183,1.10,0.0000,0.0530,0.1106,0.1515,0.2904,0.5261,1.5809,3.9511,5.1147,4.5308
24.3792,10,3,16.5517,40.9307,converged,81515.71,50561.12,-1.8183,1.10,0.0000,0.0268,0.0337,,,,,,,
32.3618,10,3,14.8402,47.2017,converged,81515.64,50560.80,-1.7930,1.07,0.0000,0.0389,0.0682,,,,,,,
35.7382,9,3,15.1134,51.2467,converged,81515.64,50560.80,-1.7930,1.07,0.0000,0.0396,0.0684,,,,,,,
24.6503,10,3,22.8359,47.4860,converged,81515.59,50560.58,-1.7744,1.04,0.0000,0.0459,0.0667,,,,,,,
35.7556,9,9,44.1250,79.8800,completed,81515.59,50560.58,-1.7744,1.04,0.0000,0.0479,0.1006,0.4530,1.1438,1.3946,1.0700,4.3464,4.8625,
52.0366,6,6,33.2816,85.3177,completed,81515.54,50560.31,-1.7508,1.03,0.0000,0.0514,0.1834,1.1802,1.6545,5.9315,,,,
32.8167,10,3,15.3701,48.1862,converged,81515.54,50560.31,-1.7508,1.03,0.0000,0.0309,0.0587,,,,,,,
42.8987,8,3,12.6397,55.5377,converged,81515.49,50560.02,-1.7260,1.07,0.0000,0.0363,0.0371,,,,,,,
25.8215,10,3,10.1038,35.9248,converged,81515.49,50560.02,-1.7260,1.07,0.0000,0.0418,0.0505,,,,,,,
36.0393,9,3,13.4697,49.5087,converged,81515.46,50559.79,-1.7055,1.08,0.0000,0.0399,0.0413,,,,,,,
59.3341,5,5,19.6007,78.9348,completed,81515.46,50559.79,-1.7055,1.08,0.0000,0.1153,0.6237,0.4352,5.1998,,,,,
50.7568,7,7,44.6998,95.4559,completed,81515.43,50559.48,-1.6801,1.10,0.0000,0.0916,0.1126,0.2072,1.2703,4.8966,6.5715,,,
22.5599,10,3,11.2457,33.8047,converged,81515.43,50559.48,-1.6801,1.10,0.0000,0.0673,0.0805,,,,,,,
36.3309,9,3,10.5763,46.9064,converged,81515.40,50559.18,-1.6572,1.13,0.0000,0.0515,0.0518,,,,,,,
32.5819,10,10,33.1966,65.7776,completed,81515.40,50559.18,-1.6572,1.13,0.0000,0.0866,0.1287,0.2512,0.8410,0.8152,1.8284,4.6498,5.4828,4.7595
37.3575,9,3,12.8508,50.2078,converged,81515.38,50558.91,-1.6337,1.21,0.0000,0.0868,0.0906,,,,,,,
33.8501,10,10,39.7117,73.5617,completed,81515.38,50558.91,-1.6337,1.21,0.0000,0.1180,0.1716,0.3158,1.0833,0.6180,1.7182,4.0909,5.3593,4.9562
36.9091,9,9,31.5955,68.5046,completed,81515.37,50558.53,-1.6041,1.28,0.0000,0.0774,0.1045,0.3287,1.0521,1.8294,4.7364,6.3367,5.4820,
42.2306,8,8,33.0236,75.2536,completed,81515.37,50558.53,-1.6041,1.28,0.0000,0.1617,0.2170,0.5943,0.9191,1.7481,5.0631,6.1515,,
58.8676,5,5,21.2863,80.1533,completed,81515.36,50558.18,-1.5821,1.35,0.0000,0.1739,0.4966,1.5585,6.6360,,,,,
50.6170,7,7,38.3122,88.9292,completed,81515.36,50558.18,-1.5821,1.35,0.0000,0.3914,0.3487,0.3218,1.4010,4.8738,6.6103,,,
26.3011,10,10,63.5613,89.8624,completed,81515.37,50557.70,-1.5505,1.49,0.0000,0.0718,0.1281,0.3174,0.9150,1.3416,2.5684,5.5457,6.1124,5.1880
35.5032,9,9,46.5091,82.0122,completed,81515.37,50557.70,-1.5505,1.49,0.0000,0.0897,0.1584,0.4702,1.0467,0.7248,3.0974,5.8349,5.9644,
29.8469,10,3,11.8550,41.7010,converged,81515.39,50557.18,-1.5181,1.74,0.0000,0.0242,0.0630,,,,,,,
40.7515,8,8,34.2134,74.9645,completed,81515.39,50557.18,-1.5181,1.74,0.0000,0.0683,0.1692,0.1007,0.7906,1.2156,5.3176,6.4536,,
39.7948,9,9,34.1481,73.9422,completed,81515.42,50556.65,-1.4955,2.01,0.0000,0.0361,0.1315,0.1188,0.1922,0.2544,3.1014,6.0993,6.1626,
55.3310,6,6,24.5127,79.8437,completed,81515.42,50556.65,-1.4955,2.01,0.0000,0.0781,0.2905,1.1641,4.0013,7.7129,,,,
37.2123,9,4,11.9757,49.1877,converged,81515.48,50556.01,-1.4734,2.25,0.0000,0.0832,0.1585,0.0459,,,,,,
41.5594,8,4,16.9930,58.5520,converged,81515.48,50556.01,-1.4734,2.25,0.0000,0.1293,0.2470,0.0695,,,,,,
52.8912,6,3,8.9925,61.8836,converged,81515.54,50555.44,-1.4512,2.49,0.0000,0.1562,0.0559,,,,,,,
57.1849,6,6,25.0644,82.2485,completed,81515.54,50555.44,-1.4512,2.49,0.0000,0.2047,0.3068,0.4600,3.8798,7.6433,,,,
46.6397,7,7,27.4042,74.0432,completed,81515.64,50554.70,-1.4329,2.78,0.0000,0.3763,0.6589,0.2057,0.4622,5.9578,7.3155,,,
21.3062,10,10,36.1621,57.4681,completed,81515.64,50554.70,-1.4329,2.78,0.0000,0.0918,0.1793,0.2440,0.2263,0.5885,1.1886,5.0503,5.8958,5.1200
28.0644,10,10,41.1749,69.2389,completed,81515.76,50553.87,-1.4165,3.15,0.0000,0.1893,0.2490,0.1399,0.6578,1.5106,4.1051,6.9777,6.2811,4.9253
32.5775,10,10,42.2767,74.8537,completed,81515.76,50553.87,-1.4165,3.15,0.0000,0.1957,0.2800,0.1129,0.7060,1.6498,3.4192,6.6173,6.3746,5.0506
56.0764,6,6,36.2849,92.3609,completed,81515.93,50552.86,-1.3983,3.57,0.0000,1.1285,0.9794,2.3271,6.8822,8.7726,,,,
27.2262,10,10,48.7317,75.9577,completed,81515.93,50552.86,-1.3983,3.57,0.0000,0.3976,0.5588,0.2890,0.3756,0.9716,3.7145,6.3889,6.2443,5.0048
28.5129,10,10,45.6913,74.2033,completed,81516.13,50551.75,-1.3844,4.01,0.0000,0.4452,0.4622,0.2689,2.1052,2.8020,4.2055,6.4425,6.1350,4.8667
46.8359,7,7,27.6795,74.5145,completed,81516.13,50551.75,-1.3844,4.01,0.0000,1.1864,1.3216,2.4971,3.0403,6.9677,7.8082,,,
39.3455,9,9,41.2896,80.6346,completed,81516.37,50550.47,-1.3787,4.62,0.0000,1.2155,1.1838,0.2609,4.2309,5.6698,6.8349,7.0981,6.0645,
46.5707,7,7,29.6959,76.2659,completed,81516.37,50550.47,-1.3787,4.62,0.0000,0.9821,0.2716,1.8683,4.4908,7.6037,7.7460,,,
47.6015,7,7,34.2021,81.8031,completed,81516.62,50549.18,-1.3783,5.18,0.0000,0.1421,0.2601,1.2708,1.0142,4.1684,6.2401,,,
35.2928,9,9,40.1781,75.4701,completed,81516.62,50549.18,-1.3783,5.18,0.0000,0.1985,0.2644,0.1697,0.7106,1.6609,4.1294,5.9614,5.5105,
25.5846,10,3,10.7872,36.3713,converged,81516.94,50547.54,-1.3818,5.82,0.0000,0.0601,0.0370,,,,,,,
31.0308,10,10,44.2206,75.2506,completed,81517.09,50546.77,-1.3838,6.14,0.0000,0.1187,0.1570,0.1704,0.2778,0.7435,1.6425,4.3476,5.3904,4.7150
37.0199,9,3,10.8164,47.8354,converged,81517.09,50546.77,-1.3838,6.14,0.0000,0.0694,0.0599,,,,,,,
25.1351,10,4,13.6475,38.7826,converged,81517.40,50545.05,-1.4001,6.76,0.0000,0.3131,0.3662,0.0711,,,,,,
24.2469,10,10,35.2550,59.5010,completed,81517.40,50545.05,-1.4001,6.76,0.0000,0.7741,0.9355,0.3093,1.3066,3.3757,3.1189,5.2267,5.7125,4.8054
21.5679,10,10,54.0431,75.6102,completed,81517.69,50543.29,-1.4108,7.37,0.0000,1.5321,1.1361,0.7752,4.1775,7.0193,4.5654,5.2354,5.7530,4.9639
28.8932,10,10,47.7973,76.6904,completed,81517.69,50543.29,-1.4108,7.37,0.0000,1.1974,0.5925,1.3753,3.9543,7.0032,5.0311,6.2206,5.8236,4.5897
51.3512,7,7,31.3925,82.7435,completed,81518.07,50541.01,-1.4069,7.92,0.0000,1.2504,1.2918,7.9415,7.5616,7.8378,7.5112,,,
49.1409,7,7,28.0020,77.1420,completed,81518.07,50541.01,-1.4069,7.92,0.0000,1.9720,2.7251,7.2587,2.2739,6.5158,9.7119,,,
43.8842,8,8,37.7205,81.6045,completed,81518.46,50538.59,-1.4143,8.23,0.0000,0.9626,1.3228,1.4562,4.3566,9.6181,8.0451,7.3374,,
22.5251,10,10,42.5121,65.0568,completed,81518.46,50538.59,-1.4143,8.23,0.0000,1.3157,0.5829,0.6832,5.1321,10.4564,3.6265,5.0799,5.5908,4.7856
28.3492,10,10,56.2111,84.5602,completed,81518.81,50536.27,-1.4212,8.43,0.0000,0.7852,1.9941,4.4340,1.4467,5.0124,9.5296,5.1193,6.3171,5.5930
20.3554,10,10,52.5426,72.8977,completed,81518.81,50536.27,-1.4212,8.43,0.0000,0.7221,2.3644,7.3603,6.1706,1.3231,1.3482,7.7326,7.9134,6.4156
20.6006,10,10,50.1521,70.7521,completed,81519.22,50533.57,-1.4265,8.56,0.0000,0.2197,0.1687,0.4574,4.1808,2.5144,2.5198,5.6450,6.3095,5.5017
31.3709,10,10,47.4852,78.8552,completed,81519.22,50533.57,-1.4265,8.56,0.0000,0.4943,0.8416,0.4002,4.9806,6.3753,2.3527,6.0314,6.2608,5.2412
31.6461,10,10,50.4706,82.1167,completed,81519.58,50531.02,-1.4359,8.62,0.0000,0.1204,0.1536,0.5142,4.4563,8.0831,2.7326,5.7911,6.2849,5.3971
36.6811,9,9,40.4065,77.0876,completed,81519.58,50531.02,-1.4359,8.62,0.0000,0.1111,0.2992,0.8464,1.0477,1.9631,5.4848,6.7643,5.9750,
24.1279,10,10,40.3214,64.4485,completed,81519.93,50528.30,-1.4397,8.65,0.0000,1.0381,1.8475,3.8658,7.1092,3.5384,5.3830,6.8767,6.0432,4.7803
57.7286,6,6,38.3498,96.0778,completed,81520.12,50526.89,-1.4373,8.66,0.0000,0.3125,0.8181,0.7857,7.9907,8.8267,,,,
41.2004,8,8,35.6264,76.8264,completed,81520.12,50526.89,-1.4373,8.66,0.0000,0.1129,0.6023,1.8599,4.1427,3.6011,8.6596,7.2837,,
51.5525,7,7,32.9685,84.5206,completed,81520.50,50524.02,-1.4398,8.66,0.0000,0.2884,0.4264,0.5855,2.8912,7.2844,7.6485,,,
47.2746,7,7,27.3557,74.6298,completed,81520.50,50524.02,-1.4398,8.66,0.0000,0.2274,0.6555,1.8385,1.7037,8.0132,6.8984,,,
37.7044,9,4,23.1893,60.8933,converged,81520.83,50521.58,-1.4353,8.64,0.0000,0.2485,0.2703,0.0766,,,,,,
58.5213,5,5,30.3943,88.9154,completed,81520.83,50521.58,-1.4353,8.64,0.0000,0.8222,2.3756,4.9683,8.3994,,,,,
52.4738,6,6,37.4736,89.9466,completed,81521.20,50518.88,-1.4339,8.62,0.0000,0.3275,0.3169,0.2117,3.9265,7.8263,,,,
39.0548,9,8,53.6322,92.6863,deadline,81521.20,50518.88,-1.4339,8.62,0.0000,0.6977,0.8699,0.4118,3.4441,1.8739,6.2595,7.1944,,
34.3164,9,9,38.6709,72.9869,completed,81521.59,50516.08,-1.4320,8.59,0.0000,0.3073,0.4606,0.5630,0.3742,1.7477,5.4836,5.9361,4.9040,
40.8499,8,8,33.4401,74.2892,completed,81521.59,50516.08,-1.4320,8.59,0.0000,1.4128,1.5958,4.4803,4.3890,7.7213,8.1751,7.2395,,
36.4076,9,9,38.2187,74.6257,completed,81521.98,50513.24,-1.4318,8.55,0.0000,0.3606,0.5285,0.6940,0.5322,1.8131,5.8326,6.4157,5.4667,
42.4249,8,8,45.9663,88.3903,completed,81521.98,50513.24,-1.4318,8.55,0.0000,0.7198,0.7605,1.5916,8.9138,4.4535,7.3905,6.6487,,
24.1428,10,10,53.4938,77.6359,completed,81522.36,50510.54,-1.4310,8.55,0.0000,0.1354,0.1257,0.1407,0.8920,2.1379,3.1459,5.0287,5.6050,4.8855
23.6555,10,10,37.1904,60.8455,completed,81522.36,50510.54,-1.4310,8.55,0.0000,0.3021,0.2783,1.0720,6.8994,5.5392,4.5076,6.3231,5.6740,4.6758
41.2057,8,8,33.0737,74.2787,completed,81522.70,50508.17,-1.4280,8.55,0.0000,0.3987,0.5476,0.8260,0.4216,4.9078,6.7294,6.0849,,
23.0418,10,10,39.6253,62.6663,completed,81522.70,50508.17,-1.4280,8.55,0.0000,0.2012,0.5498,2.1115,7.1784,6.0370,3.0768,7.1991,5.8495,4.6558
35.0694,9,9,54.1950,89.2640,completed,81523.06,50505.63,-1.4270,8.55,0.0000,0.2445,0.6361,1.5302,3.4195,0.3874,5.4125,6.1354,5.6587,
45.3759,8,8,34.6211,79.9962,completed,81523.06,50505.63,-1.4270,8.55,0.0000,0.0255,0.1034,0.2010,1.1539,4.4633,6.4326,5.6324,,
28.1046,10,3,19.7383,47.8423,converged,81523.45,50502.93,-1.4267,8.55,0.0000,0.0751,0.0762,,,,,,,
55.8572,6,6,34.5565,90.4135,completed,81523.45,50502.93,-1.4267,8.55,0.0000,0.2192,0.6515,1.0965,7.7368,7.7991,,,,
57.8244,6,6,26.9091,84.7331,completed,81523.84,50500.26,-1.4258,8.54,0.0000,0.1054,0.6753,2.9746,7.1453,7.9080,,,,
49.9490,7,3,12.8115,62.7606,converged,81523.84,50500.26,-1.4258,8.54,0.0000,0.1221,0.0836,,,,,,,
21.3703,10,3,11.5107,32.8808,converged,81524.21,50497.73,-1.4213,8.52,0.0000,0.0364,0.0794,,,,,,,
39.6149,9,9,35.0089,74.6229,completed,81524.21,50497.73,-1.4213,8.52,0.0000,0.1111,0.2215,0.4012,0.5615,3.1597,7.7635,6.8155,5.2934,
55.4832,6,6,26.9150,82.3981,completed,81524.55,50495.51,-1.4179,8.51,0.0000,0.1039,0.6093,3.5359,6.4059,8.4138,,,,
44.4407,8,8,31.8066,76.2466,completed,81524.55,50495.51,-1.4179,8.51,0.0000,0.4941,1.2941,1.7332,2.8493,5.3055,8.8495,7.0447,,
21.2473,10,3,9.0773,30.3244,converged,81524.95,50493.00,-1.4091,8.50,0.0000,0.0255,0.0426,,,,,,,
46.2872,7,7,31.0363,77.3233,completed,81524.95,50493.00,-1.4091,8.50,0.0000,0.1241,0.3884,1.8048,5.8108,8.7959,8.2504,,,
55.0064,6,6,26.3462,81.3522,completed,81525.30,50490.78,-1.4079,8.49,0.0000,0.0596,0.3345,2.3587,8.6875,9.0519,,,,
35.4392,9,9,42.5675,78.0065,completed,81525.30,50490.78,-1.4079,8.49,0.0000,0.0311,0.1499,0.5281,0.7602,0.6519,5.8323,7.6096,6.5493,
27.7951,10,10,50.6061,78.4012,completed,81525.71,50488.36,-1.4027,8.48,0.0000,0.1310,0.1825,0.2391,0.2704,0.3412,3.9042,6.4927,6.7467,5.5336
36.7346,9,9,39.7348,76.4688,completed,81525.71,50488.36,-1.4027,8.48,0.0000,0.1631,0.6521,1.5028,0.6668,3.3434,6.8063,7.3143,6.3004,
59.9463,5,5,22.0572,82.0032,completed,81526.09,50486.01,-1.4089,8.47,0.0000,0.4858,0.6263,5.3472,10.2929,,,,,
37.0566,9,9,38.7431,75.7992,completed,81526.09,50486.01,-1.4089,8.47,0.0000,0.1872,0.7508,1.2680,1.8214,4.6773,7.1130,7.4800,6.4244,
41.6550,8,8,34.9620,76.6171,completed,81526.50,50483.50,-1.4097,8.46,0.0000,0.1635,0.2633,0.2663,1.2924,6.2186,8.3821,7.1360,,
35.0582,9,9,30.7354,65.7935,completed,81526.50,50483.50,-1.4097,8.46,0.0000,0.3593,1.9256,6.2215,3.6161,0.7512,6.7796,9.8765,7.6967,
41.0263,8,8,30.3530,71.3790,completed,81526.86,50481.30,-1.4057,8.46,0.0000,0.4332,0.2184,1.5290,3.3660,8.1044,8.8054,7.2287,,
20.3181,10,3,11.4585,31.7765,converged,81526.86,50481.30,-1.4057,8.46,0.0000,0.3608,0.0495,,,,,,,
25.1165,10,10,45.9610,71.0770,completed,81527.23,50479.05,-1.4091,8.46,0.0000,1.5482,1.5912,2.2011,4.1557,5.1189,7.9678,9.0033,7.6038,6.0809
37.4884,9,9,38.3400,75.8280,completed,81527.23,50479.05,-1.4091,8.46,0.0000,0.1762,2.5394,4.8220,4.3184,2.8840,8.1822,9.7087,6.9783,
58.5926,5,5,23.4030,81.9951,completed,81527.65,50476.56,-1.4019,8.46,0.0000,1.1769,9.2434,3.3468,9.9953,,,,,
37.1936,9,9,57.9665,95.1595,completed,81527.65,50476.56,-1.4019,8.46,0.0000,9.5782,10.0789,5.6315,1.2140,7.3196,9.5386,8.2419,6.4080,
37.3574,9,9,45.7716,83.1286,completed,81528.13,50473.81,-1.3980,8.45,0.0000,1.7303,2.5009,6.0533,2.8939,2.9993,8.1711,8.5487,6.9142,
59.8180,5,5,23.4449,83.2629,completed,81528.13,50473.81,-1.3980,8.45,0.0000,0.6823,1.0225,2.7046,3.6774,,,,,
36.2814,9,9,39.7606,76.0416,completed,81528.57,50471.31,-1.3966,8.46,0.0000,0.4696,1.9604,3.4808,4.2195,1.6035,0.9271,0.2131,0.6940,
44.9378,8,8,36.6308,81.5679,completed,81528.57,50471.31,-1.3966,8.46,0.0000,0.2557,0.2480,2.4532,1.6817,1.4411,1.6182,2.4933,,
20.0764,10,10,37.8754,57.9514,completed,81529.00,50468.84,-1.3973,8.31,0.0000,0.4845,0.4157,0.6117,0.4396,2.5590,2.1476,1.5855,2.3020,3.1055
47.1834,7,7,30.3001,77.4832,completed,81529.00,50468.84,-1.3973,8.31,0.0000,0.5800,0.5732,2.4911,6.7501,5.6844,5.9379,,,
32.3677,10,10,40.3166,72.6836,completed,81529.42,50466.44,-1.3868,7.94,0.0000,0.6458,0.9389,0.1582,0.8769,1.4946,0.7143,0.8180,1.2667,1.6286
39.3355,9,3,12.9811,52.3161,converged,81529.42,50466.44,-1.3868,7.94,0.0000,0.1605,0.0874,,,,,,,
36.3881,9,9,43.7195,80.1075,completed,81529.84,50464.36,-1.3653,7.81,0.0000,3.7870,2.0966,22.6345,1.8385,1.9371,0.4999,0.6747,1.0778,
25.4315,10,10,68.4480,93.8791,completed,81529.84,50464.36,-1.3653,7.81,0.0000,0.0777,0.6164,0.9472,1.7196,0.4070,0.4391,0.3919,0.2698,0.2251
29.9328,10,10,57.3969,87.3290,completed,81530.33,50461.88,-1.4001,7.38,0.0000,0.6662,0.4989,1.4658,1.1052,0.9069,0.8816,0.5903,1.2137,1.5680
46.3391,7,7,31.1426,77.4816,completed,81530.33,50461.88,-1.4001,7.38,0.0000,0.0706,0.5861,1.9982,1.0090,0.1991,0.8247,,,
59.6359,5,5,21.0574,80.6925,completed,81530.76,50458.84,-1.4602,6.61,0.0000,1.0205,0.6523,2.2813,1.9151,,,,,
32.0533,10,10,37.5842,69.6372,completed,81530.76,50458.84,-1.4602,6.61,0.0000,8.7504,7.7215,5.1307,2.0092,1.5920,6.4893,8.7499,7.6686,6.3046
51.2826,7,7,28.7866,80.0687,completed,81530.90,50457.03,-1.5390,5.56,0.0000,0.0914,0.5749,0.5088,0.9788,8.5569,8.8113,,,
40.4225,8,8,51.6667,92.0887,completed,81530.90,50457.03,-1.5390,5.56,0.0000,1.1278,0.8764,0.2262,1.0111,4.1770,8.6592,9.2592,,
23.0280,10,10,47.6897,70.7168,completed,81530.90,50455.34,-1.5938,4.81,0.0000,1.2035,1.1318,1.1819,0.9924,1.2356,6.5669,8.8621,7.4760,6.0210
56.5632,6,6,28.3662,84.9292,completed,81530.90,50455.34,-1.5938,4.81,0.0000,4.5881,4.0454,4.2433,7.5939,11.6008,,,,
29.6815,10,10,37.5584,67.2394,completed,81530.90,50454.12,-1.5629,4.49,0.0000,2.5907,1.0874,7.9019,7.6139,1.5488,1.1146,0.8533,1.0907,1.2127
38.1714,9,9,32.8712,71.0422,completed,81530.90,50454.12,-1.5629,4.49,0.0000,0.0547,2.4610,6.2059,2.4542,0.3950,0.2358,0.3667,0.4201,
57.0708,6,6,22.5869,79.6569,completed,81530.95,50452.87,-1.5185,4.47,0.0000,0.1226,3.3095,1.6538,1.6488,2.1453,,,,
55.4229,6,6,44.7915,100.2136,completed,81530.95,50452.87,-1.5185,4.47,0.0000,3.4481,6.3896,3.3032,0.5856,2.5582,,,,
26.7571,10,10,36.8534,63.6104,completed,81531.08,50451.34,-1.4597,4.26,0.0000,0.0858,1.5614,2.8741,0.9982,1.9589,2.1105,1.2130,1.3620,1.6456
34.0291,9,9,40.8258,74.8548,completed,81531.08,50451.34,-1.4597,4.26,0.0000,0.2258,0.8388,1.8644,0.2839,1.0662,2.9892,7.6838,8.5183,
37.2994,9,9,35.7475,73.0466,completed,81531.24,50450.27,-1.4022,3.89,0.0000,6.7001,8.3406,6.7550,2.0048,3.9741,7.6091,8.4646,7.0163,
56.5736,6,6,26.2052,82.7782,completed,81531.24,50450.27,-1.4022,3.89,0.0000,0.1397,1.1009,0.7702,3.0793,7.5582,,,,
46.7436,7,7,25.8955,72.6386,completed,81531.46,50449.07,-1.3894,3.51,0.0000,0.0470,1.0741,1.2848,2.0551,8.1200,10.1645,,,
28.0053,10,10,34.8400,62.8450,completed,81531.46,50449.07,-1.3894,3.51,0.0000,0.0718,0.3673,0.5049,0.2246,0.2545,1.6938,2.0440,5.6007,7.4939
33.9829,10,3,12.9925,46.9745,converged,81531.61,50448.22,-1.3852,3.37,0.0000,0.0574,0.0901,,,,,,,
27.9318,10,10,44.3107,72.2417,completed,81531.61,50448.22,-1.3852,3.37,0.0000,0.0125,0.1541,0.1588,0.3043,0.4961,1.5653,2.9916,7.0796,7.3256
39.5776,9,9,52.7917,92.3688,completed,81531.79,50447.24,-1.3849,3.35,0.0000,0.1015,0.1111,0.1619,0.6853,0.8931,1.8373,5.2530,7.6906,
54.7915,6,6,24.1583,78.9493,completed,81531.79,50447.24,-1.3849,3.35,0.0000,0.0482,0.1431,0.6413,2.7830,8.5126,,,,
54.4973,6,6,27.3669,81.8640,completed,81531.97,50446.30,-1.3852,3.48,0.0000,0.0548,0.4008,2.7578,1.7659,5.5413,,,,
42.8229,8,8,29.8723,72.6944,completed,81531.97,50446.30,-1.3852,3.48,0.0000,0.0113,0.1639,0.1838,0.6403,1.2986,6.7428,8.5368,,
46.8723,7,3,14.7857,61.6578,converged,81532.16,50445.27,-1.3859,3.43,0.0000,0.0153,0.0445,,,,,,,
34.5038,9,4,13.1140,47.6171,converged,81532.16,50445.27,-1.3859,3.43,0.0000,0.3190,0.1921,0.0818,,,,,,
20.9448,10,3,14.6477,35.5917,converged,81532.33,50444.38,-1.3833,3.29,0.0000,0.0166,0.0097,,,,,,,
38.1190,9,5,19.4871,57.6061,converged,81532.33,50444.38,-1.3833,3.29,0.0000,0.1178,0.1151,0.1020,0.0644,,,,,
21.1368,10,3,13.9046,35.0406,converged,81532.47,50443.65,-1.3851,3.20,0.0000,0.2158,0.0874,,,,,,,
42.4905,8,3,14.5400,57.0300,converged,81532.47,50443.65,-1.3851,3.20,0.0000,0.0359,0.0678,,,,,,,
49.0445,7,7,26.8859,75.9300,completed,81532.61,50442.90,-1.3882,3.10,0.0000,1.0090,3.1461,6.8966,1.2638,5.1394,7.9867,,,
40.2122,8,8,40.0988,80.3109,completed,81532.61,50442.90,-1.3882,3.10,0.0000,0.0603,0.1092,0.2540,0.1834,0.2312,1.2192,1.7031,,
51.3009,7,7,26.5050,77.8050,completed,81532.79,50441.93,-1.3854,2.84,0.0000,0.4114,1.5379,6.3910,1.0141,1.8189,6.2827,,,
20.1786,10,8,80.7026,100.8806,deadline,81532.79,50441.93,-1.3854,2.84,0.0000,0.0872,0.6825,1.0964,2.0136,2.9228,0.6409,1.4687,,
44.9262,8,8,34.2525,79.1785,completed,81532.95,50441.13,-1.3700,2.65,0.0000,0.3178,0.4181,1.3733,1.0132,0.3107,4.1207,6.6147,,
32.3745,10,10,45.7799,78.1539,completed,81532.95,50441.13,-1.3700,2.65,0.0000,0.1313,0.2722,0.7941,1.2922,0.8797,0.2482,1.4227,5.1706,5.8644
59.3895,5,5,26.5704,85.9595,completed,81533.15,50440.22,-1.3516,2.51,0.0000,0.2985,1.1361,0.2637,7.1637,,,,,
58.8101,5,5,33.3570,92.1670,completed,81533.15,50440.22,-1.3516,2.51,0.0000,0.6030,1.4924,1.5670,4.9812,,,,,
25.5591,10,10,47.1010,72.6601,completed,81533.33,50439.41,-1.3583,2.47,0.0000,0.0233,0.1527,0.2478,0.1407,0.1637,0.5247,3.2181,6.1079,5.9293
44.7922,8,8,38.7078,83.4999,completed,81533.33,50439.41,-1.3583,2.47,0.0000,0.8935,0.6863,1.0902,0.8268,1.4427,6.1248,5.9143,,
27.2539,10,3,19.8684,47.4791,converged,81533.48,50438.70,-1.3540,2.39,0.0000,0.0245,0.0962,,,,,,,
54.6703,6,6,25.1468,79.8168,completed,81533.48,50438.70,-1.3540,2.39,0.0000,1.0743,0.4631,2.2782,1.4927,5.4018,,,,
36.2933,9,9,47.0887,83.3818,completed,81533.60,50438.17,-1.3562,2.31,0.0000,0.0956,0.1242,0.3462,0.4748,0.3476,2.4396,6.5171,5.9775,
58.2733,5,5,20.0603,78.3334,completed,81533.60,50438.17,-1.3562,2.31,0.0000,1.0573,1.1482,2.2286,6.0979,,,,,
45.4414,8,8,48.0943,93.5353,completed,81533.75,50437.51,-1.3668,2.22,0.0000,0.1545,0.3794,0.7763,0.5540,0.4611,5.0131,6.6533,,
44.4536,8,8,29.7515,74.2046,completed,81533.75,50437.51,-1.3668,2.22,0.0000,0.0439,0.3072,0.5100,1.1998,1.5459,3.2551,5.7596,,
52.1423,6,6,27.3973,79.5393,completed,81533.89,50436.84,-1.3735,2.11,0.0000,0.4892,0.6271,1.2941,0.9648,5.6242,,,,
23.2855,10,10,40.0187,63.3037,completed,81533.89,50436.84,-1.3735,2.11,0.0000,0.0243,0.1148,0.2285,0.3696,1.1661,0.8973,0.7292,3.8646,5.1723
51.9889,7,7,36.2738,88.2619,completed,81534.01,50436.27,-1.3719,2.06,0.0000,0.3766,0.6624,1.2268,0.8239,1.7674,5.9575,,,
20.6096,10,10,40.1691,60.7782,completed,81534.01,50436.27,-1.3719,2.06,0.0000,0.1611,0.2791,0.1993,0.1157,0.4561,0.6940,4.4084,3.9808,3.4354
56.3617,6,6,36.4913,92.8524,completed,81534.13,50435.68,-1.3705,2.06,0.0000,0.0870,0.6262,1.2892,1.5604,6.2521,,,,
29.7323,10,10,38.8244,68.5565,completed,81534.13,50435.68,-1.3705,2.06,0.0000,0.1441,0.3042,0.1088,0.8732,1.0892,1.8119,2.2152,2.5883,2.5064
28.0662,10,3,12.9855,41.0515,converged,81534.26,50435.03,-1.3765,2.03,0.0000,0.1163,0.0179,,,,,,,
31.3506,10,10,45.7684,77.1185,completed,81534.26,50435.03,-1.3765,2.03,0.0000,0.0145,0.1317,0.2028,0.3400,0.7805,0.8851,1.2656,4.4272,4.9891
23.4830,10,10,54.0574,77.5394,completed,81534.38,50434.46,-1.3797,1.89,0.0000,0.3665,0.1452,0.5283,0.7682,0.3653,0.2024,3.3580,6.5115,5.4125
30.3074,10,3,12.5842,42.8912,converged,81534.38,50434.46,-1.3797,1.89,0.0000,0.1675,0.0499,,,,,,,
34.1365,9,3,14.4806,48.6166,converged,81534.47,50433.99,-1.3752,1.87,0.0000,0.4528,0.0548,,,,,,,
44.6684,8,8,35.4380,80.1060,completed,81534.47,50433.99,-1.3752,1.87,0.0000,0.0302,0.1318,0.3868,0.4501,0.5893,3.8878,5.6701,,
25.5195,10,3,12.4443,37.9633,converged,81534.60,50433.38,-1.3800,1.91,0.0000,0.0665,0.0476,,,,,,,
33.3499,10,3,14.3617,47.7108,converged,81534.60,50433.38,-1.3800,1.91,0.0000,0.0209,0.0954,,,,,,,
49.2390,7,3,12.1616,61.4007,converged,81534.69,50432.93,-1.3859,1.92,0.0000,0.0798,0.0795,,,,,,,
20.2038,10,3,17.0874,37.2904,converged,81534.69,50432.93,-1.3859,1.92,0.0000,0.0707,0.0919,,,,,,,
48.8924,7,7,26.8966,75.7887,completed,81534.77,50432.49,-1.3929,1.98,0.0000,0.0181,0.1733,0.4754,0.2916,3.3343,5.9892,,,
25.2681,10,10,44.4462,69.7143,completed,81534.77,50432.49,-1.3929,1.98,0.0000,0.0612,0.1260,0.3190,0.6485,0.7769,0.8705,0.6949,3.6183,4.3558
40.5703,8,3,13.6834,54.2535,converged,81534.87,50431.96,-1.3970,1.98,0.0000,0.0529,0.0595,,,,,,,
45.7710,8,8,37.5772,83.3483,completed,81534.87,50431.96,-1.3970,1.98,0.0000,0.0322,0.3487,0.5826,0.9680,1.6146,2.7213,4.4075,,
48.6021,7,3,14.8148,63.4168,converged,81534.98,50431.37,-1.3985,2.01,0.0000,0.0251,0.0728,,,,,,,
29.9295,10,3,10.7841,40.7132,converged,81534.98,50431.37,-1.3985,2.01,0.0000,0.0152,0.0741,,,,,,,
49.4661,7,7,31.2070,80.6731,completed,81535.07,50430.90,-1.3992,2.10,0.0000,0.3815,0.6273,1.8168,1.7745,8.3139,7.4671,,,
23.7109,10,3,12.6034,36.3135,converged,81535.07,50430.90,-1.3992,2.10,0.0000,0.0171,0.0582,,,,,,,
53.9948,6,6,27.2954,81.2895,completed,81535.16,50430.37,-1.3994,2.16,0.0000,0.2231,0.2747,0.1179,0.6469,5.3009,,,,
30.2598,10,3,13.2026,43.4617,converged,81535.16,50430.37,-1.3994,2.16,0.0000,0.0284,0.0477,,,,,,,
30.4222,10,3,13.3508,43.7728,converged,81535.26,50429.84,-1.4015,2.18,0.0000,0.0530,0.0278,,,,,,,
58.1990,5,5,25.4763,83.6743,completed,81535.26,50429.84,-1.4015,2.18,0.0000,0.1017,0.2434,0.8167,4.2639,,,,,
47.3282,7,4,15.4885,62.8165,converged,81535.36,50429.25,-1.3997,2.22,0.0000,0.0342,0.1618,0.0387,,,,,,
39.8222,9,3,20.5991,60.4211,converged,81535.36,50429.25,-1.3997,2.22,0.0000,0.0479,0.0586,,,,,,,
48.5620,7,7,32.9400,81.5021,completed,81535.45,50428.74,-1.3969,2.22,0.0000,0.0216,0.1405,0.1610,0.9087,0.8345,4.2726,,,
43.8163,8,3,15.8589,59.6749,converged,81535.45,50428.74,-1.3969,2.22,0.0000,0.0510,0.0899,,,,,,,
53.7617,6,3,12.5049,66.2659,converged,81535.56,50428.15,-1.4001,2.25,0.0000,0.0858,0.0879,,,,,,,
28.6150,10,3,12.8940,41.5080,converged,81535.56,50428.15,-1.4001,2.25,0.0000,0.0410,0.0724,,,,,,,
20.4061,10,3,13.3983,33.8044,converged,81535.66,50427.57,-1.4005,2.25,0.0000,0.0915,0.0484,,,,,,,
38.7177,9,3,16.7745,55.4915,converged,81535.66,50427.57,-1.4005,2.25,0.0000,0.0368,0.0545,,,,,,,
41.7367,8,8,45.7591,87.4952,completed,81535.77,50427.00,-1.3998,2.26,0.0000,0.1149,0.1757,0.5469,0.4332,0.2766,3.4058,4.4582,,
20.7089,10,3,17.2781,37.9862,converged,81535.77,50427.00,-1.3998,2.26,0.0000,0.0330,0.0494,,,,,,,
23.4570,10,3,12.6103,36.0663,converged,81535.87,50426.40,-1.3990,2.29,0.0000,0.0347,0.0402,,,,,,,
20.4525,10,3,20.3701,40.8221,converged,81535.87,50426.40,-1.3990,2.29,0.0000,0.0416,0.0351,,,,,,,
42.3624,8,6,28.3358,70.6978,converged,81536.01,50425.66,-1.3931,2.37,0.0000,5.9705,4.2012,11.9279,0.4137,0.0731,,,,
40.1960,8,3,11.4266,51.6226,converged,81536.01,50425.66,-1.3931,2.37,0.0000,0.4825,0.0844,,,,,,,
31.9219,10,4,20.1626,52.0836,converged,81536.12,50425.04,-1.3901,2.49,0.0000,0.1419,0.1363,0.0752,,,,,,
27.9816,10,6,22.8702,50.8513,converged,81536.12,50425.04,-1.3901,2.49,0.0000,0.2676,0.6003,0.2711,0.2889,0.0856,,,,
54.7005,6,6,28.7366,83.4366,completed,81536.24,50424.45,-1.3904,2.56,0.0000,4.6773,20.7155,26.8421,2.7470,1.4014,,,,
30.7147,10,10,57.7690,88.4830,completed,81536.24,50424.45,-1.3904,2.56,0.0000,0.0686,0.2361,1.4976,2.6224,0.3929,1.5686,5.6369,4.7723,3.8369
58.1162,5,5,25.8733,83.9893,completed,81536.38,50423.69,-1.3927,2.64,0.0000,6.5988,9.7623,0.4771,2.1834,,,,,
47.2750,7,7,46.2501,93.5242,completed,81536.38,50423.69,-1.3927,2.64,0.0000,0.2398,0.5835,0.2108,0.1871,1.4153,4.1748,,,
31.2223,10,10,38.3033,69.5253,completed,81536.53,50422.81,-1.3926,2.67,0.0000,0.4093,0.3721,0.1861,0.2905,0.6794,1.9574,5.0295,6.6592,6.3740
33.9609,10,10,43.7853,77.7454,completed,81536.53,50422.81,-1.3926,2.67,0.0000,0.8993,3.0566,0.4517,3.2936,0.1438,2.4283,5.6733,4.2717,3.3421
36.9905,9,3,10.8631,47.8531,converged,81536.68,50422.01,-1.3883,2.77,0.0000,0.0594,0.0540,,,,,,,
41.2033,8,8,31.9585,73.1615,completed,81536.68,50422.01,-1.3883,2.77,0.0000,11.4548,13.7415,4.0959,2.3149,6.1212,8.1472,7.7991,,
25.4123,10,3,13.0713,38.4833,converged,81536.81,50421.33,-1.3908,2.76,0.0000,0.0804,0.0666,,,,,,,
20.8155,10,10,55.9004,76.7155,completed,81536.81,50421.33,-1.3908,2.76,0.0000,8.0420,14.0915,12.2494,11.2037,2.9947,3.0285,5.4378,6.5808,6.0112
35.3218,9,3,9.8076,45.1286,converged,81536.94,50420.66,-1.3902,2.68,0.0000,0.1118,0.0780,,,,,,,
49.8654,7,7,29.5440,79.4091,completed,81536.94,50420.66,-1.3902,2.68,0.0000,10.6074,11.0083,4.6015,0.3085,3.0945,4.0544,,,
33.6731,10,3,11.2768,44.9498,converged,81537.08,50419.89,-1.3905,2.62,0.0000,0.0460,0.0276,,,,,,,
40.9918,8,8,31.4559,72.4469,completed,81537.08,50419.89,-1.3905,2.62,0.0000,8.2481,2.7526,15.7162,7.2339,0.7319,2.6523,3.2970,,
27.9089,10,10,51.3449,79.2529,completed,81537.20,50419.25,-1.3922,2.56,0.0000,0.5463,0.3852,0.1027,0.6531,0.6937,1.9328,5.1437,6.7494,6.1841
32.8082,10,10,40.0616,72.8696,completed,81537.20,50419.25,-1.3922,2.56,0.0000,7.7459,9.4311,6.7193,4.0081,1.2385,1.9784,5.2822,5.8912,5.2119
32.9389,10,3,13.6003,46.5383,converged,81537.33,50418.50,-1.3980,2.50,0.0000,0.2273,0.0893,,,,,,,
29.6772,10,10,37.5131,67.1901,completed,81537.33,50418.50,-1.3980,2.50,0.0000,4.2603,6.7379,1.2182,9.2023,2.2407,1.8457,2.9256,3.2963,2.8744
59.7891,5,5,29.9495,89.7385,completed,81537.43,50417.91,-1.3986,2.34,0.0000,0.2643,1.1937,0.8341,7.8117,,,,,
20.3058,10,10,78.8386,99.1437,completed,81537.43,50417.91,-1.3986,2.34,0.0000,4.8139,8.2835,2.8134,7.3294,1.7228,1.0474,2.7110,3.0430,2.7180
31.9661,10,10,61.0124,92.9784,completed,81537.57,50417.12,-1.4013,2.21,0.0000,0.1941,0.1182,0.1068,0.1680,0.5371,1.2975,5.8405,7.0815,6.0069
50.2175,7,6,41.4184,91.6354,deadline,81537.57,50417.12,-1.4013,2.21,0.0000,0.1397,0.1272,0.5335,5.3722,3.5118,,,,
35.9013,9,9,47.5693,83.4703,completed,81537.69,50416.43,-1.4062,2.00,0.0000,3.2319,2.3227,2.8433,2.9494,2.2162,6.2916,8.0946,6.6844,
27.3752,10,3,12.5399,39.9149,converged,81537.69,50416.43,-1.4062,2.00,0.0000,0.0213,0.0107,,,,,,,
24.8814,10,10,41.8337,66.7147,completed,81537.79,50415.86,-1.4099,1.75,0.0000,1.2108,1.0756,0.6319,1.0037,0.9514,0.5191,4.9480,6.7496,6.1623
44.1837,8,3,10.4862,54.6692,converged,81537.79,50415.86,-1.4099,1.75,0.0000,0.0259,0.0351,,,,,,,
27.8961,10,4,16.1433,44.0393,converged,81537.87,50415.41,-1.4166,1.61,0.0000,0.6593,0.5806,0.0679,,,,,,
59.3019,5,5,21.0088,80.3098,completed,81537.87,50415.41,-1.4166,1.61,0.0000,0.1121,1.5939,6.2613,4.3807,,,,,
56.9079,6,6,33.6154,90.5225,completed,81537.94,50414.98,-1.4200,1.58,0.0000,4.5150,3.8291,2.0499,1.7104,5.7184,,,,
46.4705,7,3,24.1421,70.6121,converged,81537.94,50414.98,-1.4200,1.58,0.0000,0.0398,0.0241,,,,,,,
45.1006,8,8,30.3906,75.4906,completed,81538.01,50414.47,-1.4195,1.57,0.0000,0.2425,0.6135,0.8453,4.4588,0.4856,1.2216,2.5273,,
32.8364,10,10,39.4610,72.2971,completed,81538.01,50414.47,-1.4195,1.57,0.0000,0.3893,0.4671,0.5918,0.5084,0.3766,4.7117,1.8115,2.3827,2.6575
24.9890,10,10,37.0554,62.0445,completed,81538.09,50413.98,-1.4168,1.46,0.0000,0.6724,0.6560,0.7553,1.2932,1.2810,2.8507,5.7772,6.5625,5.9076
40.4450,8,8,35.7174,76.1614,completed,81538.09,50413.98,-1.4168,1.46,0.0000,3.2571,6.5170,8.7687,12.3818,6.9619,7.4156,7.1384,,
32.1771,10,4,14.2277,46.4047,converged,81538.16,50413.61,-1.4045,1.34,0.0000,0.1977,0.1376,0.0308,,,,,,
36.4201,9,9,34.6722,71.0922,completed,81538.16,50413.61,-1.4045,1.34,0.0000,0.3861,0.3033,0.3865,1.1161,1.2604,5.1770,6.8671,6.4227,
30.3603,10,10,55.3160,85.6760,completed,81538.22,50413.29,-1.4032,1.22,0.0000,0.2428,0.2137,0.1491,0.3856,0.8381,2.8189,6.3587,6.7220,5.6041
25.5477,10,3,9.6519,35.1989,converged,81538.22,50413.29,-1.4032,1.22,0.0000,0.1674,0.0669,,,,,,,
41.7922,8,8,38.2871,80.0791,completed,81538.27,50412.98,-1.4045,1.06,0.0000,0.1989,0.2341,1.4008,1.2641,1.5463,5.5919,6.5429,,
57.5002,6,6,31.1099,88.6099,completed,81538.27,50412.98,-1.4045,1.06,0.0000,0.5401,0.6563,0.3901,4.8733,7.6733,,,,
30.6729,10,3,12.5210,43.1930,converged,81538.32,50412.69,-1.4047,0.82,0.0000,0.1089,0.0339,,,,,,,
49.3242,7,7,44.6911,94.0152,completed,81538.32,50412.69,-1.4047,0.82,0.0000,0.7846,0.8755,1.4230,2.2479,6.2603,8.0376,,,
45.9229,8,8,34.2409,80.1629,completed,81538.36,50412.48,-1.4041,0.71,0.0000,0.2017,0.1334,0.2349,0.6259,4.3737,7.1471,6.4484,,
55.5681,6,6,25.6116,81.1797,completed,81538.36,50412.48,-1.4041,0.71,0.0000,0.4894,0.9979,0.4006,3.4092,6.9505,,,,
27.7510,10,4,15.3567,43.1068,converged,81538.40,50412.28,-1.4047,0.67,0.0000,0.1609,0.1080,0.0222,,,,,,
20.3098,10,10,46.0407,66.3497,completed,81538.40,50412.28,-1.4047,0.67,0.0000,1.5424,2.2408,2.8647,3.3758,2.8927,3.8596,5.9174,6.1810,5.5841
24.8787,10,10,48.0725,72.9505,completed,81538.43,50412.13,-1.4046,0.60,0.0000,0.5598,0.7260,0.5807,0.8778,1.2652,2.6633,4.6465,5.7181,5.5950
28.0239,10,10,38.4778,66.5008,completed,81538.44,50412.04,-1.4049,0.55,0.0000,0.3037,0.1591,1.1113,2.7083,2.3410,0.2166,1.4540,2.3272,2.3650
27.2485,10,10,39.5440,66.7920,completed,81538.44,50412.04,-1.4049,0.55,0.0000,1.1001,1.6172,1.7882,1.8948,2.2033,3.4851,5.4401,5.7511,5.0723
36.6759,9,9,30.5378,67.2128,completed,81538.47,50411.91,-1.4055,0.47,0.0000,0.3969,0.4443,0.8999,2.5404,1.3082,0.3840,2.0703,2.6714,
22.1101,10,10,47.4704,69.5805,completed,81538.47,50411.91,-1.4055,0.47,0.0000,0.6858,0.8409,0.7837,1.0141,1.5644,3.2068,5.2042,5.6490,5.1638
56.4944,6,6,31.7630,88.2570,completed,81538.49,50411.79,-1.4066,0.35,0.0000,3.1510,5.5153,5.7366,7.6820,8.9071,,,,
46.9379,7,7,47.3708,94.3079,completed,81538.49,50411.79,-1.4066,0.35,0.0000,0.0563,0.2085,0.6016,1.0489,5.1010,6.6961,,,
27.6218,10,10,40.8911,68.5121,completed,81538.51,50411.69,-1.4061,0.27,0.0000,1.0110,1.5494,1.6563,1.2731,1.7696,3.2047,4.4905,5.0691,4.7154
44.9305,8,8,38.9716,83.9016,completed,81538.51,50411.69,-1.4061,0.27,0.0000,0.1768,0.2543,0.4591,1.3128,3.7558,6.5004,6.6467,,
42.8880,8,8,31.5681,74.4551,completed,81538.53,50411.61,-1.4072,0.26,0.0000,0.5477,0.5985,1.5958,3.1801,0.7004,1.9723,3.0058,,
29.2629,10,10,38.8754,68.1374,completed,81538.53,50411.61,-1.4072,0.26,0.0000,0.5171,0.6728,0.4006,3.0829,3.7319,0.7364,0.9679,2.5041,2.6306
24.5583,10,4,16.1877,40.7458,converged,81538.54,50411.55,-1.4090,0.20,0.0000,0.0794,0.1784,0.0237,,,,,,
43.3863,8,8,41.9471,85.3332,completed,81538.54,50411.55,-1.4090,0.20,0.0000,0.2382,0.8512,1.9291,2.3482,3.7095,4.7205,4.8053,,
42.0580,8,8,43.4232,85.4802,completed,81538.55,50411.51,-1.4090,0.15,0.0000,0.0736,0.1904,0.5772,1.1580,0.8281,1.8071,2.6592,,
48.5193,7,3,13.9272,62.4462,converged,81538.55,50411.51,-1.4090,0.15,0.0000,0.3137,0.0781,,,,,,,
20.0538,10,4,12.7598,32.8128,converged,81538.56,50411.46,-1.4046,0.21,0.0000,0.1352,0.2471,0.0611,,,,,,
42.6969,8,8,30.9835,73.6796,completed,81538.56,50411.46,-1.4046,0.21,0.0000,0.2653,0.4164,0.1950,1.2112,0.5336,3.2776,4.0051,,
41.7320,8,8,29.9064,71.6385,completed,81538.57,50411.41,-1.4027,0.23,0.0000,0.2490,0.8009,1.4934,1.1060,2.0680,4.1489,4.6478,,
33.2665,10,10,40.0556,73.3216,completed,81538.57,50411.41,-1.4027,0.23,0.0000,0.0686,0.1946,0.1581,0.1135,0.3764,0.2254,2.0517,3.4550,3.5090
20.1185,10,10,48.9913,69.1094,completed,81538.59,50411.32,-1.3991,0.34,0.0000,0.1317,0.3660,0.6437,1.2096,1.6067,2.1540,3.6815,4.1600,3.7884
26.3957,10,10,42.9704,69.3654,completed,81538.59,50411.32,-1.3991,0.34,0.0000,0.0445,0.1373,0.1481,0.3758,0.6413,0.7191,1.9675,3.5204,3.7443
40.6430,8,8,43.8553,84.4973,completed,81538.61,50411.20,-1.3941,0.53,0.0000,0.0891,0.3228,0.4708,0.5576,1.8656,4.3377,4.8916,,
26.3504,10,10,37.9136,64.2637,completed,81538.61,50411.20,-1.3941,0.53,0.0000,0.2746,0.3982,0.4792,0.1576,0.2490,1.1790,2.8529,4.4905,4.5812
40.4998,8,8,37.5019,78.0010,completed,81538.65,50411.02,-1.3871,0.75,0.0000,0.1442,0.5830,1.9310,3.0949,4.6635,6.3587,5.9210,,
58.9000,5,5,19.5373,78.4374,completed,81538.65,50411.02,-1.3871,0.75,0.0000,0.1627,1.3571,3.5508,7.1874,,,,,
35.9044,9,3,11.0993,47.0033,converged,81538.70,50410.78,-1.3801,1.03,0.0000,0.1551,0.0667,,,,,,,
20.9605,10,10,39.6489,60.6089,completed,81538.70,50410.78,-1.3801,1.03,0.0000,0.2134,0.2168,0.3936,0.7326,0.5823,0.5888,2.2566,3.8578,3.8844
21.0425,10,3,13.1817,34.2237,converged,81538.76,50410.47,-1.3758,1.33,0.0000,0.0803,0.0719,,,,,,,
28.2987,10,4,21.5778,49.8758,converged,81538.76,50410.47,-1.3758,1.33,0.0000,0.1500,0.1308,0.0994,,,,,,
44.3160,8,8,30.4704,74.7864,completed,81538.82,50410.18,-1.3695,1.58,0.0000,0.1242,0.1124,0.6268,1.3318,2.7474,5.6752,6.1915,,
36.5411,9,9,34.1946,70.7357,completed,81538.82,50410.18,-1.3695,1.58,0.0000,0.0406,0.1187,0.5567,1.5000,2.6910,4.5520,6.1840,5.7202,
51.3714,7,7,32.0964,83.4675,completed,81538.92,50409.70,-1.3607,1.88,0.0000,0.0644,0.2222,0.4729,1.6802,4.3331,6.6604,,,
28.0671,10,3,10.2225,38.2895,converged,81538.92,50409.70,-1.3607,1.88,0.0000,0.0704,0.0370,,,,,,,
59.5004,5,5,29.5123,89.0123,completed,81539.03,50409.20,-1.3544,2.19,0.0000,0.3636,1.1178,3.9254,7.8722,,,,,
33.3156,10,3,18.7621,52.0771,converged,81539.03,50409.20,-1.3544,2.19,0.0000,0.0300,0.0565,,,,,,,
27.2390,10,10,42.2537,69.4928,completed,81539.19,50408.52,-1.3520,2.53,0.0000,0.1443,0.2985,0.3508,0.5503,1.1368,2.3685,3.8229,5.7349,5.7652
46.4017,7,7,39.6051,86.0062,completed,81539.19,50408.52,-1.3520,2.53,0.0000,0.1138,0.3071,0.8781,2.7867,3.3482,5.9372,,,
30.9804,10,10,65.8960,96.8760,completed,81539.37,50407.72,-1.3441,2.88,0.0000,0.1704,0.3379,0.5340,1.1069,2.0988,3.1860,5.1931,6.2729,5.6588
22.3601,10,10,52.0586,74.4187,completed,81539.37,50407.72,-1.3441,2.88,0.0000,0.1426,0.1958,0.1202,0.2993,0.3887,1.5881,3.5800,5.7813,6.0017
46.6816,7,7,36.9820,83.6630,completed,81539.64,50406.57,-1.3382,3.41,0.0000,0.4408,0.6461,0.2197,1.6576,5.3639,7.8275,,,
47.8089,7,7,42.4099,90.2179,completed,81539.64,50406.57,-1.3382,3.41,0.0000,0.4079,0.3699,0.3716,0.8072,4.7679,7.5025,,,
31.4223,10,4,13.5769,44.9989,converged,81540.02,50404.99,-1.3285,4.18,0.0000,0.2357,0.2569,0.0492,,,,,,
21.4943,10,10,38.8478,60.3418,completed,81540.02,50404.99,-1.3285,4.18,0.0000,0.2401,0.3767,0.3584,0.3585,1.0004,2.1292,5.0077,6.8514,6.4118
53.9508,6,6,23.7551,77.7052,completed,81540.29,50403.92,-1.3257,4.62,0.0000,0.4804,0.4747,1.8288,5.8281,9.5860,,,,
40.8243,8,8,29.3364,70.1605,completed,81540.29,50403.92,-1.3257,4.62,0.0000,0.2442,0.3874,0.1950,0.9834,3.1837,7.0555,8.0414,,
39.2824,9,9,45.9230,85.2050,completed,81540.65,50402.48,-1.3247,5.18,0.0000,0.1566,0.3117,0.1180,0.6529,0.7253,3.5985,7.3791,7.2846,
30.3147,10,10,41.1398,71.4538,completed,81540.65,50402.48,-1.3247,5.18,0.0000,0.2113,0.3696,0.3917,0.2625,1.3319,3.0098,5.9680,7.3122,6.6730
30.0351,10,10,41.6302,71.6653,completed,81541.07,50400.89,-1.3110,5.71,0.0000,0.1316,0.3054,0.3038,0.2397,0.4388,2.5156,4.5007,6.8920,7.3489
29.7606,10,10,38.2496,68.0096,completed,81541.07,50400.89,-1.3110,5.71,0.0000,0.1050,0.2447,0.2673,0.3649,1.1086,2.9106,5.8343,7.4669,6.8767
21.4213,10,10,42.4171,63.8382,completed,81541.53,50399.17,-1.3051,6.12,0.0000,0.2167,0.3901,0.3807,0.2353,1.2256,3.4420,5.9146,7.7928,7.2200
40.9172,8,8,30.3726,71.2896,completed,81541.53,50399.17,-1.3051,6.12,0.0000,0.1141,0.3889,0.2921,0.8271,3.8050,7.6682,8.7453,,
48.4252,7,7,28.9777,77.4027,completed,81542.00,50397.46,-1.3002,6.46,0.0000,0.2760,0.5359,0.3584,2.6759,6.6072,9.4428,,,
38.0649,9,9,32.8059,70.8699,completed,81542.00,50397.46,-1.3002,6.46,0.0000,0.1782,0.3804,0.1429,0.7817,0.9802,5.3009,8.3492,7.0158,
48.4969,7,7,35.3498,83.8458,completed,81542.48,50395.74,-1.2986,6.73,0.0000,0.2801,0.5712,0.3692,3.7594,8.9203,9.9567,,,
49.0365,7,7,33.8246,82.8607,completed,81542.48,50395.74,-1.2986,6.73,0.0000,0.1981,0.3946,0.4877,1.8688,5.9706,9.1817,,,
24.5645,10,10,45.4460,70.0101,completed,81543.09,50393.55,-1.2933,7.05,0.0000,0.0719,0.2796,0.3350,0.1915,1.0853,3.5697,6.3909,8.0055,7.2519
33.6983,10,10,46.1038,79.8018,completed,81543.09,50393.55,-1.2933,7.05,0.0000,0.0538,0.2647,0.2786,0.1917,0.6650,2.1851,5.4713,7.7066,7.1663
34.6028,9,9,33.6655,68.2676,completed,81543.60,50391.77,-1.2941,7.29,0.0000,0.0881,0.3509,0.3039,0.4734,2.4952,5.8313,8.6849,8.2939,
45.3109,8,8,37.0989,82.4090,completed,81543.60,50391.77,-1.2941,7.29,0.0000,0.1070,0.3922,0.2174,0.7017,3.5161,7.9472,8.7961,,
55.0419,6,6,30.0485,85.0895,completed,81544.23,50389.51,-1.2982,7.64,0.0000,0.0530,0.1133,1.6517,3.2735,9.1474,,,,
32.6336,10,10,48.3312,80.9642,completed,81544.23,50389.51,-1.2982,7.64,0.0000,0.0714,0.2647,0.3068,0.1479,0.6934,3.4554,7.0676,8.3362,7.0602
50.4847,7,7,29.5267,80.0107,completed,81544.86,50387.24,-1.3006,7.99,0.0000,0.0403,0.1104,1.0734,0.9580,5.4819,9.3809,,,
48.3715,7,7,36.5840,84.9551,completed,81544.86,50387.24,-1.3006,7.99,0.0000,0.1861,0.3480,0.8217,0.6793,6.6964,9.5567,,,
32.4028,10,10,43.4733,75.9531,completed,81545.49,50384.87,-1.3127,8.32,0.0000,0.1343,0.2507,0.1617,0.4069,0.6421,2.4563,7.1923,8.4296,6.7398
49.7784,7,7,33.6607,83.4387,completed,81545.49,50384.87,-1.3127,8.32,0.0000,0.1478,0.1057,1.0788,1.0567,7.1532,9.8391,,,
52.3992,6,6,23.0101,75.4091,completed,81546.12,50382.43,-1.3156,8.53,0.0000,0.1130,3.6440,1.5590,4.9625,9.4969,,,,
29.2171,10,10,42.7791,71.9962,completed,81546.12,50382.43,-1.3156,8.53,0.0000,0.1189,0.1076,0.5384,3.1215,1.8106,3.0530,4.4714,7.3203,7.4154
57.1999,6,6,22.8183,80.0173,completed,81546.70,50380.19,-1.3176,8.63,0.0000,0.0726,2.0985,1.8773,4.3996,9.9036,,,,
33.2570,10,10,48.5277,81.7848,completed,81546.70,50380.19,-1.3176,8.63,0.0000,0.0448,0.1666,1.8741,10.4739,3.3086,6.0841,6.1207,7.3704,6.0519
22.2929,10,10,57.6890,79.9811,completed,81547.40,50377.42,-1.3232,8.67,0.0000,0.1598,0.1694,0.1422,0.7858,1.5152,1.9333,7.6663,8.1287,5.9916
51.6372,7,7,36.6013,88.2383,completed,81547.40,50377.42,-1.3232,8.67,0.0000,0.2649,0.1545,2.1305,2.0578,5.7787,9.6763,,,
43.9165,8,8,46.4352,90.3512,completed,81548.09,50374.65,-1.3278,8.66,0.0000,0.1922,0.1336,0.6731,0.8618,2.5065,7.7004,9.2417,,
39.3313,9,9,60.7498,100.0808,completed,81548.09,50374.65,-1.3278,8.66,0.0000,0.1856,0.1497,0.6593,0.8302,1.6153,3.9040,8.0904,8.7662,
53.1708,6,6,33.8988,87.0688,completed,81548.86,50371.54,-1.3319,8.63,0.0000,0.2032,0.6360,0.7757,3.7891,9.4055,,,,
58.4684,5,5,18.1405,76.6085,completed,81548.86,50371.54,-1.3319,8.63,0.0000,0.1598,0.7921,1.9225,9.6837,,,,,
23.0273,10,3,8.5816,31.6087,converged,81549.46,50369.03,-1.3386,8.61,0.0000,0.1147,0.0810,,,,,,,
51.9779,7,3,14.7972,66.7743,converged,81549.46,50369.03,-1.3386,8.61,0.0000,0.2731,0.0860,,,,,,,
47.6515,7,7,28.8917,76.5427,completed,81549.95,50366.93,-1.3473,8.60,0.0000,0.4910,0.4175,0.5194,2.3326,10.1185,10.1797,,,
34.8459,9,9,31.3460,66.2068,completed,81549.95,50366.93,-1.3473,8.60,0.0000,0.4113,0.3011,0.4036,0.9210,1.9075,6.2165,9.2189,7.4715,
26.9760,10,10,43.1999,70.1749,completed,81550.51,50364.41,-1.3499,8.59,0.0000,0.3879,0.3017,0.3844,1.3699,0.9504,3.9094,5.0133,7.9787,7.8903
50.8980,7,7,31.6980,82.5960,completed,81550.51,50364.41,-1.3499,8.59,0.0000,0.2130,1.5981,2.5223,3.8661,7.7346,9.7705,,,
42.9149,8,8,46.3844,89.2984,completed,81551.04,50362.07,-1.3540,8.58,0.0000,0.5337,0.2427,0.7083,1.0228,3.5581,8.5056,9.5536,,
32.9329,10,10,45.8683,78.8004,completed,81551.04,50362.07,-1.3540,8.58,0.0000,0.5206,0.2621,0.5939,1.0188,2.3265,2.8909,7.2064,8.7079,7.1349
55.0339,6,6,30.2752,85.3082,completed,81551.62,50359.38,-1.3631,8.57,0.0000,0.7364,0.1602,1.7735,5.8970,11.0919,,,,
45.2063,8,8,31.8455,77.0515,completed,81551.62,50359.38,-1.3631,8.57,0.0000,0.2459,0.5501,3.3481,1.3347,3.3430,7.5953,9.1841,,
53.7735,6,6,27.2964,81.0695,completed,81552.10,50357.04,-1.3692,8.57,0.0000,0.0823,2.1575,3.8554,4.9945,8.9011,,,,
25.9844,10,4,16.1190,42.1030,converged,81552.10,50357.04,-1.3692,8.57,0.0000,0.2302,0.2232,0.0417,,,,,,
37.6877,9,9,37.7406,75.4276,completed,81552.51,50355.03,-1.3725,8.56,0.0000,0.3330,0.3509,0.2219,0.2534,2.8218,9.1473,10.3056,8.0877,
28.2122,10,10,37.4820,65.6940,completed,81552.51,50355.03,-1.3725,8.56,0.0000,0.1846,0.1524,0.2141,0.9615,0.2968,1.5052,6.2113,8.3904,7.2370
46.1250,7,3,11.0461,57.1712,converged,81552.99,50352.68,-1.3732,8.55,0.0000,0.2921,0.0523,,,,,,,
36.9184,9,9,34.8456,71.7636,completed,81552.99,50352.68,-1.3732,8.55,0.0000,0.1513,0.1186,0.3704,1.2372,0.4804,3.3656,8.9439,8.6439,
45.6343,8,8,35.1816,80.8157,completed,81553.41,50350.58,-1.3737,8.55,0.0000,0.2325,0.1454,0.7344,1.4029,1.5958,7.7233,9.3181,,
53.4908,6,6,23.9795,77.4695,completed,81553.41,50350.58,-1.3737,8.55,0.0000,0.2554,0.1072,0.9546,3.6287,10.4250,,,,
56.2808,6,6,33.3946,89.6746,completed,81553.97,50347.77,-1.3754,8.54,0.0000,0.3191,0.2438,1.0126,4.3611,10.4393,,,,
53.0201,6,6,26.5767,79.5968,completed,81553.97,50347.77,-1.3754,8.54,0.0000,0.2694,0.1650,0.6155,4.3259,10.7937,,,,
26.9459,10,10,48.9099,75.8549,completed,81554.49,50345.14,-1.3792,8.53,0.0000,0.1872,0.2156,0.1667,0.2123,0.1478,1.9876,6.2956,8.7527,8.0963
24.8900,10,10,37.6031,62.4922,completed,81554.49,50345.14,-1.3792,8.53,0.0000,0.1638,0.1793,0.1153,0.1866,0.2771,1.3069,5.7803,9.0304,8.3038
34.1631,9,9,35.9890,70.1520,completed,81554.89,50343.04,-1.3808,8.53,0.0000,0.1891,0.2076,0.1741,0.1934,1.9937,7.4055,10.2601,8.9406,
35.4077,9,4,18.5409,53.9479,converged,81555.14,50341.78,-1.3814,8.52,0.0000,0.1912,0.1704,0.0634,,,,,,
30.9079,10,4,13.3923,44.2993,converged,81555.14,50341.78,-1.3814,8.52,0.0000,0.1474,0.1566,0.0843,,,,,,
51.4741,7,7,33.4962,84.9703,completed,81555.54,50339.69,-1.3815,8.52,0.0000,0.2721,0.2141,0.3823,1.7221,8.5069,11.2156,,,
45.8739,8,3,12.2165,58.0896,converged,81555.54,50339.69,-1.3815,8.52,0.0000,0.1628,0.0616,,,,,,,
31.5470,10,10,42.7348,74.2809,completed,81556.02,50337.17,-1.3813,8.51,0.0000,0.2157,0.2240,0.1305,0.2714,0.5032,2.0920,9.4981,9.0032,6.9444
20.3537,10,10,43.3819,63.7349,completed,81556.02,50337.17,-1.3813,8.51,0.0000,0.1433,0.1740,0.1253,0.2256,0.3420,2.9164,10.0629,9.0020,7.0064
37.2821,9,3,11.8154,49.0974,converged,81556.46,50334.91,-1.3782,8.51,0.0000,0.1546,0.0909,,,,,,,
34.2445,9,4,14.3381,48.5821,converged,81556.46,50334.91,-1.3782,8.51,0.0000,0.1823,0.1799,0.0855,,,,,,
38.2799,9,9,33.1887,71.4677,completed,81556.83,50333.03,-1.3807,8.51,0.0000,0.2194,0.2458,0.1508,0.3345,0.9142,5.5425,10.2100,9.0914,
20.8600,10,4,21.2847,42.1438,converged,81556.83,50333.03,-1.3807,8.51,0.0000,0.1418,0.1459,0.0703,,,,,,
38.0097,9,9,35.3473,73.3563,completed,81557.26,50330.74,-1.3840,8.50,0.0000,0.2028,0.2280,0.2058,0.4618,0.6322,3.8415,9.9902,9.4988,
35.0457,9,4,12.9076,47.9527,converged,81557.26,50330.74,-1.3840,8.50,0.0000,0.1502,0.1360,0.0631,,,,,,
22.7458,10,4,14.8707,37.6158,converged,81557.63,50328.81,-1.3806,8.50,0.0000,0.1797,0.1886,0.0465,,,,,,
45.0402,8,8,32.2530,77.2930,completed,81557.63,50328.81,-1.3806,8.50,0.0000,0.2075,0.2018,0.1221,0.6268,2.4599,8.9569,9.8495,,
27.1327,10,10,44.2861,71.4182,completed,81558.03,50326.72,-1.3821,8.50,0.0000,0.2135,0.2469,0.1836,0.4604,0.6700,1.6471,8.3619,9.4010,7.6869
54.0717,6,3,10.0777,64.1487,converged,81558.03,50326.72,-1.3821,8.50,0.0000,0.1825,0.0915,,,,,,,
35.3937,9,4,15.0333,50.4263,converged,81558.47,50324.39,-1.3826,8.50,0.0000,0.2489,0.2473,0.0690,,,,,,
52.8050,6,3,13.9843,66.7893,converged,81558.47,50324.39,-1.3826,8.50,0.0000,0.2357,0.0617,,,,,,,
25.0341,10,10,42.4259,67.4600,completed,81558.85,50322.39,-1.3822,8.50,0.0000,0.1963,0.2243,0.1109,0.1174,0.6117,1.5564,6.2050,9.2315,7.9843
20.4099,10,4,13.2131,33.6221,converged,81558.85,50322.39,-1.3822,8.50,0.0000,0.1395,0.1608,0.0656,,,,,,
47.6577,7,7,39.1618,86.8188,completed,81559.22,50320.47,-1.3835,8.49,0.0000,0.2384,0.2069,0.2231,1.1973,5.9607,10.5303,,,
26.2265,10,4,17.3214,43.5474,converged,81559.22,50320.47,-1.3835,8.49,0.0000,0.1318,0.1440,0.0454,,,,,,
30.2307,10,3,9.5291,39.7591,converged,81559.69,50317.97,-1.3811,8.49,0.0000,0.0967,0.0844,,,,,,,
26.5785,10,4,12.9197,39.4977,converged,81559.85,50317.14,-1.3805,8.49,0.0000,0.1564,0.1842,0.0863,,,,,,
47.5985,7,3,12.5911,60.1892,converged,81559.85,50317.14,-1.3805,8.49,0.0000,0.0643,0.0531,,,,,,,
58.8228,5,5,26.0788,84.9008,completed,81560.29,50314.90,-1.3799,8.48,0.0000,0.2713,0.2473,1.6100,9.4686,,,,,
20.4474,10,4,12.8026,33.2497,converged,81560.29,50314.90,-1.3799,8.48,0.0000,0.1328,0.1646,0.0608,,,,,,
29.5351,10,4,12.4061,41.9411,converged,81560.65,50312.97,-1.3895,8.48,0.0000,0.1402,0.1687,0.0596,,,,,,
45.6835,8,4,14.8288,60.5118,converged,81560.65,50312.97,-1.3895,8.48,0.0000,0.2286,0.2376,0.0560,,,,,,
34.9614,9,4,13.5835,48.5445,converged,81561.03,50310.89,-1.3863,8.47,0.0000,0.1007,0.1048,0.0563,,,,,,
46.8580,7,3,10.1279,56.9860,converged,81561.03,50310.89,-1.3863,8.47,0.0000,0.1201,0.0213,,,,,,,
27.9817,10,4,19.4311,47.4121,converged,81561.42,50308.80,-1.3869,8.47,0.0000,0.1843,0.2110,0.0826,,,,,,
25.4072,10,3,9.6525,35.0595,converged,81561.42,50308.80,-1.3869,8.47,0.0000,0.0556,0.0726,,,,,,,
27.4340,10,4,11.8754,39.3094,converged,81561.73,50307.14,-1.3869,8.47,0.0000,0.1524,0.1802,0.0656,,,,,,
52.1774,6,3,10.7796,62.9567,converged,81561.73,50307.14,-1.3869,8.47,0.0000,0.1928,0.0973,,,,,,,
52.1681,6,6,28.3432,80.5113,completed,81562.12,50305.06,-1.3884,8.46,0.0000,0.3733,0.2395,0.1942,3.4186,8.6809,,,,
37.2704,9,4,12.2637,49.5337,converged,81562.12,50305.06,-1.3884,8.46,0.0000,0.1402,0.1703,0.0427,,,,,,
34.2987,9,4,17.3376,51.6356,converged,81562.47,50303.10,-1.3912,8.46,0.0000,0.1969,0.1944,0.0662,,,,,,
56.5017,6,6,36.4770,92.9781,completed,81562.47,50303.10,-1.3912,8.46,0.0000,0.1989,0.1409,0.6120,2.3246,7.6887,,,,
56.1944,6,6,21.1943,77.3883,completed,81562.90,50300.74,-1.3887,8.44,0.0000,0.1536,0.1210,0.4992,2.1043,6.6711,,,,
30.2390,10,10,36.8752,67.1132,completed,81562.90,50300.74,-1.3887,8.44,0.0000,0.1925,0.2792,0.2756,0.2413,0.5111,0.8487,3.3249,7.2248,7.9785
45.3023,8,8,29.0629,74.3650,completed,81563.33,50298.41,-1.3903,8.44,0.0000,0.2950,0.2556,0.1962,0.4781,1.5735,3.9138,7.2324,,
57.1860,6,6,26.6121,83.7971,completed,81563.33,50298.41,-1.3903,8.44,0.0000,0.3818,0.3094,0.5221,1.9489,6.6768,,,,
28.2095,10,10,33.8103,62.0193,completed,81563.81,50295.77,-1.3896,8.44,0.0000,0.2672,0.4208,0.4283,0.2744,0.6260,0.9550,2.3822,4.8861,6.9576
24.0186,10,10,33.4951,57.5131,completed,81563.81,50295.77,-1.3896,8.44,0.0000,0.1686,0.1688,0.2240,0.4204,0.5578,0.9878,1.9230,4.3551,6.5810
26.2284,10,10,37.7288,63.9569,completed,81564.24,50293.44,-1.3903,8.44,0.0000,0.4966,0.3285,0.5489,0.6346,0.8601,0.8486,2.6025,6.0551,7.5643
28.3562,10,10,36.0289,64.3849,completed,81564.24,50293.44,-1.3903,8.44,0.0000,7.0237,7.5380,4.7042,4.7233,6.0617,5.8448,6.6510,6.1782,5.0597
37.4152,9,9,33.0648,70.4799,completed,81564.61,50291.36,-1.3910,8.44,0.0000,0.6468,0.6422,0.8628,0.6644,0.2900,1.0609,4.1270,6.4943,
35.3181,9,9,43.1792,78.4972,completed,81564.61,50291.36,-1.3910,8.44,0.0000,0.2745,0.2161,0.3249,0.6696,0.4466,1.1623,3.8684,6.5557,
37.1546,9,9,40.9586,78.1127,completed,81565.02,50289.12,-1.3934,8.44,0.0000,8.7512,19.4620,26.2158,8.7255,6.4792,6.6805,7.4225,6.6492,
22.2015,10,10,53.9840,76.1851,completed,81565.02,50289.12,-1.3934,8.44,0.0000,2.3726,4.7617,1.6960,5.8668,0.6898,0.5189,1.5484,4.2174,6.2755
35.4100,9,9,37.9333,73.3433,completed,81565.50,50286.38,-1.3937,8.43,0.0000,6.9023,4.3899,11.4641,1.4390,0.9137,0.2604,2.9171,5.6816,
27.9937,10,10,46.1675,74.1606,completed,81565.50,50286.38,-1.3937,8.43,0.0000,1.4716,0.5190,0.1552,0.9537,4.9976,4.9418,6.4360,6.6152,5.7066
47.6480,7,7,24.2719,71.9200,completed,81565.90,50284.14,-1.3953,8.41,0.0000,0.9540,0.1892,1.3310,4.3650,8.2875,8.7514,,,
47.3707,7,7,27.5603,74.9304,completed,81565.90,50284.14,-1.3953,8.41,0.0000,6.0913,8.8256,1.5497,0.5510,1.3817,5.2650,,,
34.2951,9,9,36.7862,71.0812,completed,81566.31,50281.85,-1.3954,8.23,0.0000,0.0585,0.6322,1.6316,1.4035,2.2995,5.7434,7.1149,6.2436,
43.6629,8,8,31.9422,75.6042,completed,81566.31,50281.85,-1.3954,8.23,0.0000,20.2880,8.3822,21.1147,13.4177,7.9921,8.4983,7.5220,,
42.6554,8,8,42.1866,84.8417,completed,81566.72,50279.44,-1.3976,8.01,0.0000,1.0975,1.1621,1.5069,1.4554,4.8887,7.6044,7.1769,,
40.9589,8,8,36.1978,77.1559,completed,81566.72,50279.44,-1.3976,8.01,0.0000,24.1074,26.1198,16.4417,6.8975,6.9509,7.8010,7.3397,,
25.6673,10,10,45.5332,71.2002,completed,81567.13,50277.11,-1.3989,7.82,0.0000,0.0352,0.8944,1.6376,1.2401,1.1991,2.5540,5.9682,6.9239,6.3531
46.3747,7,7,25.4361,71.8101,completed,81567.13,50277.11,-1.3989,7.82,0.0000,22.9111,9.5045,6.8299,5.3015,8.3136,8.4423,,,
44.4346,8,8,35.8167,80.2507,completed,81567.50,50274.97,-1.4000,7.81,0.0000,0.5263,1.4197,2.7536,5.1217,6.9806,8.0663,7.0655,,
28.1133,10,10,38.4032,66.5163,completed,81567.50,50274.97,-1.4000,7.81,0.0000,1.9961,1.2040,0.4266,0.6284,1.8565,4.3864,6.3606,6.4907,5.6078
47.8439,7,7,30.5399,78.3830,completed,81567.86,50272.88,-1.4010,7.93,0.0000,0.2556,2.2843,4.6767,4.2466,8.0313,8.1654,,,
21.9946,10,10,39.9712,61.9652,completed,81567.86,50272.88,-1.4010,7.93,0.0000,1.5249,0.9113,0.9005,2.8478,3.7553,5.8560,6.6824,6.1646,5.0889
40.9830,8,8,28.8448,69.8268,completed,81568.27,50270.51,-1.3991,8.08,0.0000,2.8151,7.0703,15.4087,6.4035,5.6327,7.9933,7.2247,,
52.8873,6,6,27.3053,80.1923,completed,81568.27,50270.51,-1.3991,8.08,0.0000,13.1269,13.6645,6.6376,9.1517,9.4189,,,,
30.1863,10,10,38.9002,69.0862,completed,81568.69,50268.08,-1.3962,8.21,0.0000,15.1852,21.7095,13.8542,4.9086,2.8355,4.4949,6.8753,6.4232,5.3685
53.5190,6,6,34.8028,88.3209,completed,81568.69,50268.08,-1.3962,8.21,0.0000,1.2102,1.7370,1.9429,1.3207,1.1262,,,,
42.0602,8,8,30.7109,72.7709,completed,81569.12,50265.66,-1.3962,8.31,0.0000,3.9628,3.1358,17.7561,5.5833,1.7993,2.5336,3.3653,,
31.1453,10,10,43.7607,74.9057,completed,81569.12,50265.66,-1.3962,8.31,0.0000,0.1210,0.5661,1.6419,2.3364,1.1023,0.4942,0.3136,0.2111,0.6403
59.9361,5,5,19.0492,78.9852,completed,81569.51,50263.45,-1.3962,8.29,0.0000,3.1532,2.0124,6.3361,9.1857,,,,,
26.9508,10,10,42.2063,69.1563,completed,81569.51,50263.45,-1.3962,8.29,0.0000,0.3986,0.6437,0.3509,0.9252,3.4698,5.0984,5.5633,5.4895,4.8924
45.6549,8,8,31.4598,77.1138,completed,81569.90,50261.20,-1.4023,8.03,0.0000,2.3212,7.1995,10.6933,5.2118,8.6190,8.9116,7.1676,,
51.2900,7,7,36.2770,87.5671,completed,81569.90,50261.20,-1.4023,8.03,0.0000,0.2773,0.5046,1.3493,1.5147,5.0961,6.9576,,,
34.3509,9,9,39.6901,74.0402,completed,81570.35,50258.70,-1.3697,7.97,0.0000,0.2752,0.5359,1.5209,1.2557,3.3979,6.8878,7.8920,6.8351,
28.2065,10,10,48.5919,76.7980,completed,81570.35,50258.70,-1.3697,7.97,0.0000,0.5954,1.5372,3.2239,5.0920,2.5687,1.0775,0.3657,0.7793,1.2378
53.9983,6,6,22.3427,76.3407,completed,81570.85,50256.35,-1.3622,8.06,0.0000,2.1118,5.4407,10.3652,9.4867,10.4743,,,,
47.5703,7,7,33.4285,80.9985,completed,81570.85,50256.35,-1.3622,8.06,0.0000,5.8405,5.8164,22.1460,14.7278,11.2098,9.7040,,,
20.3082,10,10,34.9495,55.2575,completed,81571.34,50253.98,-1.3732,8.01,0.0000,0.0722,0.3725,0.5308,1.4326,1.5745,5.5133,7.6917,7.3012,6.0693
46.1334,7,3,9.7648,55.8979,converged,81571.34,50253.98,-1.3732,8.01,0.0000,0.3332,0.0670,,,,,,,
44.5436,8,8,36.0645,80.6075,completed,81571.71,50251.95,-1.4045,7.95,0.0000,1.2940,2.4011,1.8360,6.3129,7.9598,9.2959,7.8959,,
55.6430,6,6,22.2153,77.8574,completed,81571.71,50251.95,-1.4045,7.95,0.0000,0.2060,1.3240,8.9617,10.7987,10.7603,,,,
38.4801,9,9,37.2574,75.7374,completed,81572.06,50249.83,-1.4047,7.98,0.0000,0.3255,0.8203,1.5931,0.8987,4.5980,7.6890,8.5408,7.3786,
50.5287,7,7,24.5125,75.0406,completed,81572.06,50249.83,-1.4047,7.98,0.0000,0.3798,0.7516,3.5634,4.3060,9.2333,9.8871,,,
58.9667,5,5,28.1375,87.1035,completed,81572.46,50247.46,-1.3997,8.07,0.0000,0.4140,0.9033,5.5728,11.3047,,,,,
33.0745,10,10,56.4681,89.5422,completed,81572.46,50247.46,-1.3997,8.07,0.0000,0.4117,0.4647,1.2340,4.4998,3.4583,2.3346,6.3239,7.2769,6.0409
23.7801,10,10,59.9149,83.6949,completed,81572.95,50244.66,-1.3968,8.16,0.0000,0.1084,0.2858,1.0048,1.1955,1.9977,3.9896,7.6498,7.3387,6.1624
39.9659,9,9,36.8121,76.7772,completed,81572.95,50244.66,-1.3968,8.16,0.0000,0.1863,0.2459,0.5180,1.3293,5.4645,8.6549,8.1367,6.4301,
56.3822,6,6,21.7273,78.1093,completed,81573.42,50242.08,-1.3907,8.24,0.0000,0.3946,0.1736,1.5805,6.2525,10.1598,,,,
28.8510,10,10,39.7266,68.5776,completed,81573.42,50242.08,-1.3907,8.24,0.0000,0.1162,0.1854,0.7575,1.6067,0.9823,5.0914,7.7896,7.6671,6.3108
55.5684,6,6,21.8886,77.4566,completed,81573.86,50239.65,-1.3889,8.29,0.0000,0.0715,0.4020,2.3111,6.8178,10.2109,,,,
22.3360,10,3,11.4821,33.8181,converged,81573.86,50239.65,-1.3889,8.29,0.0000,0.0674,0.0999,,,,,,,
54.6852,6,6,24.5357,79.2207,completed,81574.25,50237.52,-1.3883,8.32,0.0000,0.0963,0.4715,2.1360,6.3827,9.9401,,,,
38.5299,9,9,32.0977,70.6267,completed,81574.25,50237.52,-1.3883,8.32,0.0000,0.1467,0.2384,0.5624,2.2802,4.4311,7.6441,8.4441,6.9637,
51.9405,7,7,36.5697,88.5098,completed,81574.66,50235.32,-1.3865,8.33,0.0000,0.2684,1.1624,0.6793,4.6497,9.4731,9.4571,,,
47.1171,7,7,41.9611,89.0781,completed,81574.66,50235.32,-1.3865,8.33,0.0000,0.0818,0.6154,6.2570,1.8754,7.0839,7.8181,,,
47.5415,7,7,37.5770,85.1180,completed,81575.20,50232.44,-1.3835,8.35,0.0000,0.5347,1.0761,4.3687,9.3218,11.4923,9.1281,,,
56.2103,6,6,24.0954,80.3054,completed,81575.20,50232.44,-1.3835,8.35,0.0000,0.1398,0.6848,2.5316,6.0100,9.6060,,,,
43.1094,8,8,34.9388,78.0478,completed,81575.66,50229.97,-1.3826,8.36,0.0000,0.0219,0.1210,0.1325,2.6257,4.9151,9.0398,8.4987,,
36.5830,9,3,11.9072,48.4902,converged,81575.66,50229.97,-1.3826,8.36,0.0000,0.0192,0.0720,,,,,,,
42.8412,8,8,53.9785,96.8196,completed,81576.10,50227.67,-1.3855,8.36,0.0000,0.3509,0.7450,1.2483,6.1461,9.3596,10.0236,8.2567,,
40.0086,8,8,42.1388,82.1468,completed,81576.10,50227.67,-1.3855,8.36,0.0000,0.1044,0.2556,1.3134,2.2971,3.8800,8.6934,7.9054,,
45.9716,8,8,36.9128,82.8838,completed,81576.62,50224.87,-1.3814,8.36,0.0000,0.1780,0.4044,0.4268,2.4116,7.8789,9.6504,8.0152,,
32.1854,10,3,14.4481,46.6331,converged,81576.62,50224.87,-1.3814,8.36,0.0000,0.0395,0.0392,,,,,,,
32.5828,10,3,12.6490,45.2310,converged,81577.10,50222.40,-1.3825,8.36,0.0000,0.0163,0.0422,,,,,,,
56.0074,6,6,25.7759,81.7829,completed,81577.10,50222.40,-1.3825,8.36,0.0000,0.1071,0.1184,1.9011,8.4383,11.0107,,,,
45.7232,8,8,41.0517,86.7747,completed,81577.46,50220.51,-1.3844,8.36,0.0000,0.1557,0.3258,0.5885,0.3970,4.2328,8.7054,8.2726,,
38.5744,9,9,38.7759,77.3500,completed,81577.46,50220.51,-1.3844,8.36,0.0000,0.1152,0.1837,0.1634,1.0231,1.6786,7.0456,7.9924,6.3947,
53.3690,6,6,22.9854,76.3535,completed,81578.02,50217.63,-1.3786,8.36,0.0000,0.1155,0.2487,0.9569,7.3545,10.5779,,,,
24.1951,10,4,12.2236,36.4186,converged,81578.02,50217.63,-1.3786,8.36,0.0000,0.0923,0.1307,0.0985,,,,,,
46.0738,7,7,31.0783,77.1514,completed,81578.42,50215.55,-1.3791,8.37,0.0000,0.2036,0.1129,2.2690,6.6518,10.4591,9.4098,,,
23.3651,10,3,18.5343,41.8993,converged,81578.42,50215.55,-1.3791,8.37,0.0000,0.0821,0.0959,,,,,,,
48.3445,7,7,33.5395,81.8835,completed,81578.84,50213.35,-1.3816,8.37,0.0000,0.2682,0.1659,1.3401,2.6022,8.6902,9.3453,,,
45.2154,8,3,10.9297,56.1448,converged,81578.84,50213.35,-1.3816,8.37,0.0000,0.0416,0.0474,,,,,,,
34.6808,9,9,39.7019,74.3820,completed,81579.28,50211.05,-1.3774,8.38,0.0000,0.1607,0.1828,0.2126,0.8700,1.9796,6.5051,8.5979,7.3066,
45.8611,8,8,29.7077,75.5687,completed,81579.28,50211.05,-1.3774,8.38,0.0000,0.1132,0.1041,0.2945,1.6537,7.3942,9.4877,7.5959,,
36.4838,9,9,37.9911,74.4741,completed,81579.73,50208.75,-1.3757,8.37,0.0000,0.1594,0.1812,0.4745,2.0975,0.7170,4.7354,8.4349,7.6994,
38.0383,9,3,10.6118,48.6499,converged,81579.73,50208.75,-1.3757,8.37,0.0000,0.0873,0.0979,,,,,,,
53.3963,6,6,24.0258,77.4219,completed,81580.17,50206.53,-1.3761,8.37,0.0000,0.3809,0.2078,7.1187,11.9373,11.0319,,,,
54.6030,6,6,23.7925,78.3946,completed,81580.17,50206.53,-1.3761,8.37,0.0000,0.1553,0.2452,0.5548,7.0991,10.7593,,,,
37.1024,9,3,9.4465,46.5485,converged,81580.65,50204.06,-1.3753,8.37,0.0000,0.0992,0.0787,,,,,,,
30.2133,10,3,10.2149,40.4279,converged,81580.65,50204.06,-1.3753,8.37,0.0000,0.0545,0.0816,,,,,,,
24.1966,10,10,37.6679,61.8639,completed,81581.02,50202.17,-1.3775,8.37,0.0000,0.1254,0.1549,0.1294,0.7511,1.4663,5.5380,8.4840,7.4257,5.9185
27.3036,10,3,16.8351,44.1382,converged,81581.02,50202.17,-1.3775,8.37,0.0000,0.0324,0.0509,,,,,,,
58.5604,5,5,22.9506,81.5107,completed,81581.39,50200.20,-1.3782,8.38,0.0000,0.1848,1.3466,3.0016,10.1939,,,,,
43.6497,8,3,12.5048,56.1538,converged,81581.39,50200.20,-1.3782,8.38,0.0000,0.0339,0.0713,,,,,,,
23.9439,10,3,12.0935,36.0366,converged,81581.83,50197.89,-1.3795,8.39,0.0000,0.0941,0.0725,,,,,,,
59.5945,5,5,22.2635,81.8575,completed,81581.83,50197.89,-1.3795,8.39,0.0000,0.1162,0.8888,3.5688,10.5071,,,,,
59.6163,5,5,27.1365,86.7525,completed,81582.23,50195.83,-1.3761,8.39,0.0000,0.0898,0.6116,7.2362,11.7792,,,,,
28.8916,10,3,9.4375,38.3286,converged,81582.23,50195.83,-1.3761,8.39,0.0000,0.0619,0.0637,,,,,,,
21.4856,10,3,12.2661,33.7512,converged,81582.66,50193.61,-1.3760,8.40,0.0000,0.0497,0.0674,,,,,,,
26.0483,10,10,42.3320,68.3801,completed,81582.66,50193.61,-1.3760,8.40,0.0000,0.1721,0.2454,0.4217,0.8629,0.9223,4.1628,7.0555,8.3336,6.9739
25.2344,10,10,42.5418,67.7758,completed,81583.08,50191.47,-1.3779,8.40,0.0000,0.2069,0.2505,0.5103,0.5917,3.7501,8.1169,8.8886,7.4826,5.9886
57.0579,6,6,25.6382,82.6952,completed,81583.08,50191.47,-1.3779,8.40,0.0000,0.2014,0.5456,5.0020,10.7428,11.4294,,,,
50.7479,7,7,29.3367,80.0837,completed,81583.51,50189.24,-1.3783,8.39,0.0000,0.0411,0.1276,0.5295,6.4489,10.7671,9.1556,,,
25.0418,10,10,51.8399,76.8810,completed,81583.51,50189.24,-1.3783,8.39,0.0000,0.1355,0.2516,0.5319,1.2125,2.0309,2.1451,5.4700,7.9345,7.0009
57.2060,6,6,26.1858,83.3919,completed,81583.98,50186.78,-1.3828,8.37,0.0000,0.1812,0.3945,1.0552,7.4602,10.9334,,,,
59.9412,5,5,35.9687,95.9097,completed,81583.98,50186.78,-1.3828,8.37,0.0000,0.2760,0.3173,4.0277,11.1543,,,,,
21.6180,10,10,44.0058,65.6228,completed,81584.45,50184.29,-1.3829,8.35,0.0000,0.0592,0.1904,0.7250,1.1539,0.7992,5.1207,8.6928,7.8855,6.3571
40.0787,8,8,38.3978,78.4759,completed,81584.45,50184.29,-1.3829,8.35,0.0000,0.0355,0.2117,0.3375,1.4676,4.0853,9.2455,9.1079,,
53.6968,6,6,34.2773,87.9733,completed,81584.91,50181.85,-1.3829,8.34,0.0000,0.3353,0.2284,4.1888,11.1048,11.6126,,,,
47.8276,7,7,26.4661,74.2931,completed,81584.91,50181.85,-1.3829,8.34,0.0000,0.1221,0.4425,0.6942,4.3341,9.6435,9.9707,,,
55.8680,6,6,25.0453,80.9124,completed,81585.37,50179.39,-1.3856,8.33,0.0000,0.3527,1.1374,1.7745,7.2052,9.9582,,,,
36.7610,9,9,41.3179,78.0789,completed,81585.37,50179.39,-1.3856,8.33,0.0000,0.0642,0.1641,0.5070,0.9057,2.5134,7.3318,8.7481,6.9712,
46.6825,7,7,25.4196,72.1018,completed,81585.83,50176.94,-1.3872,8.33,0.0000,0.2893,0.2107,1.0355,3.0765,8.8939,9.8981,,,
45.2166,8,8,48.0875,93.3036,completed,81585.83,50176.94,-1.3872,8.33,0.0000,0.0893,0.2951,1.0104,0.9426,3.9425,8.9208,8.3469,,
22.9427,10,10,42.1616,65.1037,completed,81586.26,50174.59,-1.3854,8.33,0.0000,0.2278,0.1532,0.4285,1.3330,1.8427,3.1290,6.7501,8.2698,6.9630
47.8132,7,7,33.8865,81.6995,completed,81586.26,50174.59,-1.3854,8.33,0.0000,0.1860,0.2669,1.0520,0.8834,6.6269,9.6045,,,
38.1502,9,3,11.8076,49.9576,converged,81586.69,50172.27,-1.3870,8.33,0.0000,0.1485,0.0899,,,,,,,
38.0401,9,9,42.3419,80.3819,completed,81586.69,50172.27,-1.3870,8.33,0.0000,0.2780,0.3473,0.2551,3.0977,14.3705,10.4224,8.4824,6.5376,
47.0533,7,7,44.0481,91.1011,completed,81587.12,50169.98,-1.3859,8.33,0.0000,0.1274,0.7193,1.2808,2.7364,8.5846,9.6128,,,
42.5749,8,8,45.4440,88.0180,completed,81587.12,50169.98,-1.3859,8.33,0.0000,0.1877,0.1719,0.6905,1.0307,5.5953,9.7335,8.9318,,
36.6537,9,4,19.2666,55.9197,converged,81587.61,50167.36,-1.3873,8.32,0.0000,0.1058,0.1416,0.0406,,,,,,
59.5791,5,5,30.4605,90.0395,completed,81587.61,50167.36,-1.3873,8.32,0.0000,0.6350,0.4453,7.8354,12.5603,,,,,
55.7337,6,6,25.3643,81.0974,completed,81588.06,50164.88,-1.3891,8.31,0.0000,0.0931,0.4484,0.3232,7.3705,10.8768,,,,
45.0827,8,8,35.5466,80.6287,completed,81588.06,50164.88,-1.3891,8.31,0.0000,0.4217,0.3420,0.5354,1.1931,4.6602,8.7468,7.0965,,
30.7764,10,3,13.8916,44.6677,converged,81588.50,50162.45,-1.3896,8.30,0.0000,0.0385,0.0286,,,,,,,
22.8735,10,4,40.1673,63.0404,converged,81588.50,50162.45,-1.3896,8.30,0.0000,0.2768,0.3008,0.0580,,,,,,
35.0575,9,3,21.5158,56.5729,converged,81588.82,50160.69,-1.3904,8.31,0.0000,0.1173,0.0478,,,,,,,
55.1111,6,6,22.8092,77.9202,completed,81588.82,50160.69,-1.3904,8.31,0.0000,0.5329,0.1657,0.9676,5.4966,10.1367,,,,
33.6446,10,3,10.2051,43.8492,converged,81589.35,50157.87,-1.3820,8.32,0.0000,0.1064,0.0982,,,,,,,
30.2836,10,4,18.9207,49.2038,converged,81589.35,50157.87,-1.3820,8.32,0.0000,0.2949,0.2983,0.0640,,,,,,
22.5501,10,10,45.4418,67.9919,completed,81589.73,50155.91,-1.3807,8.33,0.0000,0.2177,0.1913,0.1542,0.3623,1.3969,5.7308,8.6972,8.0503,6.4177
37.6038,9,9,36.4667,74.0698,completed,81589.73,50155.91,-1.3807,8.33,0.0000,0.3247,0.2290,0.2680,0.6922,1.3002,6.9400,8.8735,7.4152,
32.3894,10,4,15.1614,47.5505,converged,81590.17,50153.62,-1.3788,8.34,0.0000,0.2565,0.2811,0.0657,,,,,,
35.5256,9,9,35.1633,70.6884,completed,81590.17,50153.62,-1.3788,8.34,0.0000,0.3450,0.3438,0.2215,1.0006,0.7216,5.9721,8.9763,7.6022,
47.3086,7,3,9.5431,56.8512,converged,81590.57,50151.57,-1.3779,8.34,0.0000,0.3002,0.0715,,,,,,,
54.9416,6,6,26.1612,81.1022,completed,81590.57,50151.57,-1.3779,8.34,0.0000,0.4783,0.1593,0.7194,7.1850,11.0102,,,,
37.5486,9,9,36.8572,74.4052,completed,81591.05,50149.11,-1.3751,8.35,0.0000,0.2559,0.1300,0.4674,0.8323,1.6055,6.8299,9.0234,7.6393,
40.4004,8,4,18.9465,59.3466,converged,81591.05,50149.11,-1.3751,8.35,0.0000,0.3305,0.3181,0.0835,,,,,,
39.8624,9,9,37.2487,77.1108,completed,81591.49,50146.91,-1.3755,8.34,0.0000,0.2369,0.1671,0.3577,0.7358,1.8761,8.2470,8.6873,6.8138,
23.7784,10,10,55.2987,79.0767,completed,81591.49,50146.91,-1.3755,8.34,0.0000,0.3031,0.3428,0.1138,0.6180,0.5278,2.6716,8.0143,8.1708,6.3822
25.8260,10,10,45.8602,71.6852,completed,81591.98,50144.43,-1.3734,8.35,0.0000,0.1770,0.1163,0.2395,0.6898,0.1307,3.7751,7.5154,8.1154,6.7709
21.6663,10,4,14.8080,36.4740,converged,81591.98,50144.43,-1.3734,8.35,0.0000,0.1927,0.1848,0.0519,,,,,,
37.3877,9,9,37.6330,75.0201,completed,81592.57,50141.51,-1.3744,8.35,0.0000,0.2443,0.1643,0.2644,0.6591,1.6007,7.7455,8.3169,6.7834,
46.8605,7,3,10.2369,57.0969,converged,81592.57,50141.51,-1.3744,8.35,0.0000,0.1786,0.0548,,,,,,,
50.1336,7,3,11.5135,61.6466,converged,81593.00,50139.30,-1.3773,8.35,0.0000,0.1331,0.0477,,,,,,,
54.3929,6,6,27.2714,81.6634,completed,81593.00,50139.30,-1.3773,8.35,0.0000,0.1671,0.2733,1.0090,5.3670,10.1855,,,,
33.7604,10,3,10.4461,44.2061,converged,81593.51,50136.67,-1.3805,8.35,0.0000,0.0871,0.0791,,,,,,,
28.9491,10,3,10.4339,39.3829,converged,81593.51,50136.67,-1.3805,8.35,0.0000,0.0641,0.0237,,,,,,,
20.1285,10,3,10.0827,30.2107,converged,81593.88,50134.79,-1.3762,8.35,0.0000,0.0522,0.0165,,,,,,,
45.7637,8,3,12.8290,58.5921,converged,81593.88,50134.79,-1.3762,8.35,0.0000,0.1311,0.0587,,,,,,,
39.2072,9,3,12.8014,52.0085,converged,81594.23,50132.99,-1.3771,8.35,0.0000,0.0907,0.0836,,,,,,,
56.1308,6,6,21.9731,78.1031,completed,81594.23,50132.99,-1.3771,8.35,0.0000,0.1662,0.4808,1.3727,4.4264,9.6258,,,,
50.1050,7,3,10.7857,60.8897,converged,81594.58,50131.21,-1.3750,8.35,0.0000,0.1674,0.0973,,,,,,,
37.8497,9,3,12.1299,49.9789,converged,81594.58,50131.21,-1.3750,8.35,0.0000,0.1151,0.0803,,,,,,,
46.2562,7,3,12.8056,59.0616,converged,81595.01,50129.06,-1.3734,8.35,0.0000,0.0318,0.0870,,,,,,,
50.4114,7,7,26.4586,76.8697,completed,81595.01,50129.06,-1.3734,8.35,0.0000,0.1614,0.1737,1.3058,1.0270,5.3029,9.0478,,,
22.9014,10,3,11.2236,34.1246,converged,81595.47,50126.77,-1.3730,8.35,0.0000,0.0262,0.0269,,,,,,,
32.5539,10,3,14.7109,47.2639,converged,81595.47,50126.77,-1.3730,8.35,0.0000,0.0611,0.0376,,,,,,,
52.3344,6,6,34.0395,86.3735,completed,81595.82,50125.06,-1.3725,8.35,0.0000,0.0932,0.1405,2.9912,8.1424,11.2836,,,,
29.1275,10,3,13.9430,43.0700,converged,81595.82,50125.06,-1.3725,8.35,0.0000,0.0959,0.0234,,,,,,,
27.8782,10,3,9.8312,37.7092,converged,81596.19,50123.16,-1.3747,8.35,0.0000,0.0330,0.0181,,,,,,,
24.9543,10,3,10.8019,35.7559,converged,81596.19,50123.16,-1.3747,8.35,0.0000,0.0596,0.0285,,,,,,,
20.6938,10,3,12.2166,32.9096,converged,81596.56,50121.33,-1.3719,8.36,0.0000,0.0313,0.0105,,,,,,,
30.0858,10,3,11.2540,41.3391,converged,81596.56,50121.33,-1.3719,8.36,0.0000,0.0832,0.0994,,,,,,,
22.6098,10,3,16.8390,39.4480,converged,81596.95,50119.39,-1.3714,8.35,0.0000,0.0241,0.0246,,,,,,,
49.5990,7,7,43.7975,93.3956,completed,81596.95,50119.39,-1.3714,8.35,0.0000,0.0549,0.2893,1.2211,1.4956,8.5073,9.1484,,,
21.3418,10,3,9.7716,31.1126,converged,81597.39,50117.18,-1.3726,8.35,0.0000,0.0456,0.0225,,,,,,,
36.9953,9,3,11.7297,48.7247,converged,81597.39,50117.18,-1.3726,8.35,0.0000,0.0703,0.0494,,,,,,,
35.4357,9,3,10.7011,46.1361,converged,81597.72,50115.55,-1.3743,8.35,0.0000,0.0439,0.0781,,,,,,,
46.5162,7,7,32.9791,79.4952,completed,81597.72,50115.55,-1.3743,8.35,0.0000,0.0839,0.3471,1.4116,1.2167,5.6161,9.2365,,,
33.5859,10,3,11.9711,45.5562,converged,81598.13,50113.50,-1.3764,8.35,0.0000,0.0386,0.0389,,,,,,,
40.8943,8,8,30.8559,71.7499,completed,81598.13,50113.50,-1.3764,8.35,0.0000,0.0611,0.1589,1.0123,1.1024,2.2870,6.3512,8.7015,,
43.1795,8,8,35.0759,78.2550,completed,81598.53,50111.46,-1.3768,8.35,0.0000,0.0259,0.3000,1.7320,2.4203,1.6123,5.8699,8.4235,,
38.2527,9,3,10.6225,48.8745,converged,81598.53,50111.46,-1.3768,8.35,0.0000,0.0424,0.0694,,,,,,,
43.5559,8,8,43.8615,87.4166,completed,81599.01,50109.00,-1.3799,8.35,0.0000,0.1007,0.7051,3.2664,1.8502,1.6268,5.9839,8.5371,,
30.8262,10,3,19.8612,50.6873,converged,81599.01,50109.00,-1.3799,8.35,0.0000,0.0057,0.0922,,,,,,,
28.5209,10,3,9.5964,38.1164,converged,81599.44,50106.79,-1.3768,8.34,0.0000,0.0487,0.0317,,,,,,,
50.6553,7,7,28.5082,79.1632,completed,81599.44,50106.79,-1.3768,8.34,0.0000,0.0164,0.1803,0.4345,2.0901,7.9603,9.8967,,,
20.3192,10,4,13.4534,33.7725,converged,81599.86,50104.67,-1.3724,8.33,0.0000,0.0963,0.1079,0.0830,,,,,,
51.7976,7,7,36.8035,88.6006,completed,81599.86,50104.67,-1.3724,8.33,0.0000,0.0449,0.1892,0.4252,1.8207,5.9132,9.5615,,,
41.1871,8,3,14.9099,56.0970,converged,81600.31,50102.43,-1.3748,8.33,0.0000,0.0456,0.0645,,,,,,,
48.9245,7,7,37.7293,86.6533,completed,81600.31,50102.43,-1.3748,8.33,0.0000,0.0437,0.4776,1.8814,1.0627,5.9339,9.3215,,,
46.2066,7,7,28.6957,74.9017,completed,81600.74,50100.26,-1.3771,8.34,0.0000,0.0321,0.3484,0.2945,2.6983,7.6270,10.1584,,,
51.7143,7,7,40.2732,91.9873,completed,81600.74,50100.26,-1.3771,8.34,0.0000,0.0861,0.1062,0.3256,3.8407,8.7409,10.4935,,,
51.5421,7,7,39.5667,91.1087,completed,81601.18,50097.97,-1.3814,8.34,0.0000,0.0396,0.2076,0.5184,4.1917,7.6704,9.9033,,,
36.8980,9,3,13.9991,50.8972,converged,81601.18,50097.97,-1.3814,8.34,0.0000,0.0425,0.0399,,,,,,,
43.6194,8,8,48.6563,92.2753,completed,81601.67,50095.35,-1.3832,8.34,0.0000,0.1554,0.2106,1.7232,5.9249,8.0702,10.2564,8.8928,,
51.4538,7,3,13.0053,64.4583,converged,81601.67,50095.35,-1.3832,8.34,0.0000,0.0606,0.0878,,,,,,,
46.8526,7,7,39.3241,86.1761,completed,81602.18,50092.68,-1.3838,8.34,0.0000,0.1735,0.5151,2.2166,3.1098,6.6247,9.7709,,,
43.2286,8,8,32.5744,75.8024,completed,81602.18,50092.68,-1.3838,8.34,0.0000,0.1321,0.1083,0.3357,1.1857,3.4476,8.3265,8.8188,,
53.1965,6,6,24.2103,77.4064,completed,81602.65,50090.18,-1.3812,8.35,0.0000,0.1265,1.3201,5.7236,6.8852,10.3606,,,,
50.3063,7,7,25.4250,75.7310,completed,81602.65,50090.18,-1.3812,8.35,0.0000,0.0823,0.4050,2.9391,5.8706,9.3612,10.7846,,,
36.6589,9,9,34.2388,70.8968,completed,81603.12,50087.71,-1.3842,8.35,0.0000,0.1754,0.1787,1.0852,3.8757,4.3517,6.9428,9.3066,8.0773,
46.6586,7,7,41.4971,88.1552,completed,81603.12,50087.71,-1.3842,8.35,0.0000,0.1637,0.1445,2.6770,4.8240,8.3496,10.4139,,,
29.2807,10,10,40.8201,70.1002,completed,81603.62,50085.00,-1.3879,8.35,0.0000,0.3494,0.3732,0.5817,3.2217,6.3117,6.0490,8.4863,8.0986,6.2705
26.3094,10,10,47.2906,73.5996,completed,81603.62,50085.00,-1.3879,8.35,0.0000,0.0476,0.1413,0.3004,1.2729,4.2373,4.2530,8.1691,8.4928,6.4775
56.5279,6,6,29.2423,85.7694,completed,81603.99,50083.02,-1.3867,8.35,0.0000,0.3162,0.3136,6.2278,6.0873,10.4312,,,,
53.1618,6,6,25.3357,78.4967,completed,81603.99,50083.02,-1.3867,8.35,0.0000,0.2383,1.8486,2.4037,3.9800,7.7147,,,,
41.2171,8,8,27.9143,69.1313,completed,81604.45,50080.56,-1.3822,8.35,0.0000,0.1761,0.5265,2.1590,2.9706,4.0496,7.5517,8.9513,,
48.4264,7,7,25.2963,73.7224,completed,81604.45,50080.56,-1.3822,8.35,0.0000,0.1594,0.6273,3.3706,5.5542,10.0649,9.7359,,,
51.0292,7,7,24.4100,75.4390,completed,81604.89,50078.26,-1.3814,8.35,0.0000,0.1530,0.3825,5.4979,8.3545,11.0257,10.8770,,,
57.3863,6,6,23.3668,80.7528,completed,81604.89,50078.26,-1.3814,8.35,0.0000,0.1357,0.4816,4.9496,10.1463,12.0733,,,,
30.2633,10,10,50.4996,80.7627,completed,81605.32,50075.95,-1.3897,8.35,0.0000,0.0273,0.3892,1.3895,1.9618,1.3109,2.1624,4.7673,5.6486,5.2079
42.8629,8,3,9.8311,52.6931,converged,81605.32,50075.95,-1.3897,8.35,0.0000,0.1573,0.0931,,,,,,,
39.0866,9,9,44.1586,83.2446,completed,81605.76,50073.49,-1.3943,8.35,0.0000,0.1074,0.2561,0.7490,2.1000,2.7073,5.4827,7.2437,6.6554,
37.8380,9,9,41.6930,79.5310,completed,81605.76,50073.49,-1.3943,8.35,0.0000,0.0581,0.3285,1.1543,2.0896,0.9658,4.0926,5.5078,5.4788,
34.5806,9,9,56.3180,90.8980,completed,81606.18,50071.10,-1.3996,8.35,0.0000,0.2044,0.1984,0.6336,1.4889,2.5708,4.7835,7.3414,6.3975,
38.9174,9,9,37.2151,76.1321,completed,81606.18,50071.10,-1.3996,8.35,0.0000,0.0614,0.1709,0.3655,2.1818,1.1963,3.9980,6.1650,5.6019,
45.8011,8,8,28.4054,74.2065,completed,81606.64,50068.39,-1.4088,8.35,0.0000,0.4375,1.8892,3.0156,4.6194,3.6059,4.2089,4.6040,,
30.4717,10,3,10.1997,40.6707,converged,81606.64,50068.39,-1.4088,8.35,0.0000,0.0478,0.0591,,,,,,,
34.6479,9,9,35.6146,70.2616,completed,81606.96,50066.37,-1.4198,8.34,0.0000,0.2185,0.6850,1.2584,2.4943,3.6599,4.3230,5.8644,4.8071,
26.9857,10,10,38.7890,65.7740,completed,81606.96,50066.37,-1.4198,8.34,0.0000,0.3381,0.7782,2.2276,3.5960,3.8657,2.2879,5.2128,7.5384,7.2732
58.1393,5,5,20.0077,78.1467,completed,81607.34,50063.86,-1.4190,8.34,0.0000,0.6158,1.8737,3.1474,7.3748,,,,,
32.6059,10,10,39.9657,72.5708,completed,81607.34,50063.86,-1.4190,8.34,0.0000,0.3259,0.7869,1.6472,2.8659,1.8245,0.7147,3.9322,5.8670,5.5911
30.5651,10,10,44.4195,74.9845,completed,81607.70,50061.64,-1.4121,8.34,0.0000,0.1839,0.1650,0.1749,1.4074,2.3955,1.1724,3.5244,4.0141,3.5259
30.3983,10,10,51.6300,82.0281,completed,81607.70,50061.64,-1.4121,8.34,0.0000,0.1362,0.2578,0.8275,2.7055,2.5493,2.6938,5.0077,4.6324,3.7691
32.0827,10,10,48.1316,80.2136,completed,81608.14,50058.93,-1.4230,8.33,0.0000,0.3676,0.6289,1.0234,2.0521,2.9876,3.3627,5.0582,4.5328,3.6217
41.7671,8,8,36.0062,77.7732,completed,81608.14,50058.93,-1.4230,8.33,0.0000,0.3560,0.4413,1.0294,3.9385,1.7204,3.5747,4.6226,,
34.7701,9,9,36.4025,71.1725,completed,81608.44,50056.87,-1.4166,8.33,0.0000,0.3030,0.6833,2.1062,3.5378,2.8183,4.8675,4.9759,4.4661,
33.1901,10,10,40.5855,73.7755,completed,81608.44,50056.87,-1.4166,8.33,0.0000,0.3400,0.7413,1.1869,2.2558,4.2308,1.9869,3.4611,4.9881,4.8209
57.8244,6,6,23.3970,81.2210,completed,81608.83,50054.40,-1.4205,8.33,0.0000,0.6089,1.7901,4.8347,3.5759,4.8715,,,,
35.5617,9,9,35.1778,70.7388,completed,81608.83,50054.40,-1.4205,8.33,0.0000,0.4457,1.2452,3.6562,7.0536,2.5126,3.9349,4.5875,4.1853,
47.8415,7,7,36.4540,84.2951,completed,81609.18,50052.09,-1.4111,8.33,0.0000,0.3624,0.7881,5.0463,2.6610,3.9376,4.9574,,,
30.5747,10,10,37.6455,68.2195,completed,81609.18,50052.09,-1.4111,8.33,0.0000,0.4109,0.7880,1.0533,3.7763,10.4843,3.5346,3.7791,3.9233,3.6654
40.5711,8,8,29.9471,70.5181,completed,81609.58,50049.63,-1.4097,8.33,0.0000,0.9718,3.0918,4.8191,5.6617,4.5128,5.6707,5.1803,,
23.1026,10,10,36.4252,59.5273,completed,81609.58,50049.63,-1.4097,8.33,0.0000,0.6831,1.3396,2.4876,6.8133,4.6322,1.8439,3.0134,4.0302,4.0638
49.6936,7,7,37.1366,86.8297,completed,81609.94,50047.42,-1.4091,8.34,0.0000,0.4593,1.6276,1.2107,3.6521,3.0731,3.9174,,,
44.9321,8,8,43.7694,88.7014,completed,81609.94,50047.42,-1.4091,8.34,0.0000,0.7213,2.3167,6.1721,3.1211,3.2501,4.0886,3.8193,,
33.3665,10,10,55.3520,88.7181,completed,81610.34,50044.72,-1.4216,8.35,0.0000,0.3888,1.0542,2.8346,8.4323,6.9197,1.4598,0.5527,1.8856,3.0839
31.5078,10,10,56.2693,87.7763,completed,81610.34,50044.72,-1.4216,8.35,0.0000,0.8094,0.9694,0.8107,4.7276,11.5135,6.5386,7.9900,7.4209,5.6461
20.0501,10,10,56.8735,76.9236,completed,81610.75,50042.11,-1.3933,8.21,0.0000,0.5552,0.4471,0.9730,3.5406,7.6022,2.1855,2.8780,2.9234,2.3730
31.1451,10,10,41.3673,72.5124,completed,81610.75,50042.11,-1.3933,8.21,0.0000,0.2804,0.2670,1.2041,2.8542,6.4223,1.3122,2.2968,3.0363,2.6043
25.3999,10,10,53.0312,78.4302,completed,81611.20,50039.77,-1.3617,7.79,0.0000,0.7754,0.8973,1.2815,6.4579,10.5762,5.6047,6.7518,7.5983,6.1878
57.5165,6,6,26.8277,84.3437,completed,81611.20,50039.77,-1.3617,7.79,0.0000,1.0380,0.9260,5.8936,2.6268,4.1374,,,,
41.1967,8,8,34.2401,75.4361,completed,81611.68,50037.55,-1.3518,7.39,0.0000,0.7332,0.7301,2.2724,6.4918,7.1298,8.7934,6.9195,,
48.4172,7,7,29.3356,77.7526,completed,81611.68,50037.55,-1.3518,7.39,0.0000,0.9719,1.3172,3.1835,3.6179,3.9546,4.3263,,,
24.8952,10,10,46.0311,70.9262,completed,81612.09,50035.59,-1.3743,6.97,0.0000,0.4627,0.2639,0.6356,2.8324,3.4034,3.1091,3.3204,3.5436,2.9715
39.5589,9,9,41.2634,80.8215,completed,81612.09,50035.59,-1.3743,6.97,0.0000,0.2208,1.0522,3.3676,9.4231,3.8985,1.9374,2.4559,2.5265,
38.2859,9,9,37.8719,76.1569,completed,81612.44,50033.78,-1.3693,6.72,0.0000,0.2155,1.4175,7.1937,6.6221,2.4752,2.5780,3.5907,4.3411,
33.3678,10,10,46.4500,79.8170,completed,81612.44,50033.78,-1.3693,6.72,0.0000,0.3727,0.5348,0.8083,1.8010,15.4445,8.9016,9.3731,7.6190,5.8646
33.0517,10,10,50.2033,83.2543,completed,81612.85,50031.84,-1.3601,6.53,0.0000,1.0148,1.2437,2.1661,12.5574,10.1698,5.0122,7.9489,7.8422,6.0277
28.3484,10,10,54.5762,82.9242,completed,81612.85,50031.84,-1.3601,6.53,0.0000,0.1424,0.5681,1.6314,3.9058,8.0920,2.8614,2.9368,2.9556,2.6928
40.4969,8,8,35.1857,75.6817,completed,81613.24,50030.02,-1.3680,6.46,0.0000,0.7491,0.2812,1.9176,6.6262,3.3301,4.1917,3.9894,,
34.9301,9,9,56.1972,91.1272,completed,81613.24,50030.02,-1.3680,6.46,0.0000,0.4687,0.8013,1.6420,6.2930,9.4501,7.3109,8.6895,7.4363,
54.7469,6,6,31.4668,86.2128,completed,81613.63,50028.05,-1.3703,6.39,0.0000,0.3299,9.4042,7.4146,1.2769,1.5471,,,,
21.2803,10,10,49.6566,70.9367,completed,81613.63,50028.05,-1.3703,6.39,0.0000,0.5286,0.1995,1.2668,0.9834,11.6859,6.1087,7.1157,8.1557,6.8220
34.2281,9,9,38.1992,72.4273,completed,81614.05,50026.18,-1.3343,6.38,0.0000,0.8785,0.2600,0.9688,13.1195,6.7257,5.6612,7.8100,8.4572,
24.9044,10,10,36.7803,61.6844,completed,81614.05,50026.18,-1.3343,6.38,0.0000,0.5436,0.1835,1.2348,0.7669,8.3593,6.2163,8.1226,7.1627,5.4918
35.9932,9,9,40.2519,76.2449,completed,81614.50,50024.30,-1.3403,6.60,0.0000,1.3004,0.9104,1.3491,13.6461,9.6971,8.9447,8.4996,6.6918,
25.0084,10,10,50.8669,75.8750,completed,81614.50,50024.30,-1.3403,6.60,0.0000,0.3967,0.4804,2.1245,2.1437,5.8866,4.7492,6.4746,7.6998,6.5398
47.1092,7,7,31.5872,78.6963,completed,81614.96,50022.36,-1.3445,6.95,0.0000,0.2361,2.6903,4.9960,4.4652,4.0095,4.4165,,,
28.2665,10,10,46.4830,74.7490,completed,81614.96,50022.36,-1.3445,6.95,0.0000,0.2771,0.5064,1.8902,2.0741,2.8409,3.6128,5.4832,7.2200,6.9040
45.1049,8,8,30.5543,75.6583,completed,81615.41,50020.46,-1.3443,7.30,0.0000,0.4873,1.6472,5.0040,2.9660,4.2048,6.0238,5.8882,,
55.6458,6,6,23.4699,79.1149,completed,81615.41,50020.46,-1.3443,7.30,0.0000,0.7877,2.0711,7.3581,10.1353,10.2638,,,,
27.6073,10,10,46.5685,74.1755,completed,81615.86,50018.41,-1.3668,7.63,0.0000,0.9766,0.7043,0.4428,3.6672,11.0691,7.6527,8.7824,7.8734,5.9713
26.0809,10,10,42.1156,68.1956,completed,81615.86,50018.41,-1.3668,7.63,0.0000,1.0623,0.7078,0.1913,2.8818,5.3048,6.1350,8.4701,7.5193,5.9342
38.3549,9,9,42.9415,81.2956,completed,81616.25,50016.55,-1.3702,7.96,0.0000,1.2076,0.5130,0.8152,7.4511,8.1308,8.6077,9.0984,7.5088,
51.4613,7,7,42.3308,93.7918,completed,81616.25,50016.55,-1.3702,7.96,0.0000,1.7708,1.5172,4.7997,6.9875,10.3765,9.4035,,,
22.4898,10,10,55.9042,78.3932,completed,81616.82,50013.72,-1.3798,8.34,0.0000,0.9116,0.2261,1.5423,1.9388,4.3411,4.2099,6.0913,7.1077,6.1637
53.9939,6,6,26.6924,80.6854,completed,81616.82,50013.72,-1.3798,8.34,0.0000,1.0773,3.8786,2.9671,5.2329,8.4931,,,,
21.0366,10,10,42.5525,63.5886,completed,81617.31,50011.16,-1.3888,8.57,0.0000,0.5129,0.4072,0.8991,2.3852,8.9846,7.4547,7.6764,7.7029,5.9187
47.2135,7,7,30.8066,78.1167,completed,81617.31,50011.16,-1.3888,8.57,0.0000,1.0986,0.7081,4.2725,3.0361,6.8533,7.2273,,,
47.8508,7,7,36.4074,84.2575,completed,81617.77,50008.60,-1.3881,8.60,0.0000,0.3058,4.6495,6.9114,2.3348,3.6653,5.5082,,,
38.0981,9,9,35.5691,73.6671,completed,81617.77,50008.60,-1.3881,8.60,0.0000,0.2074,0.9056,3.2666,4.3280,4.4457,5.1603,5.9925,5.1641,
58.4311,5,5,20.4621,78.8931,completed,81618.38,50005.26,-1.3843,8.30,0.0000,9.8496,21.3908,12.0155,12.0777,,,,,
56.7720,6,6,21.7384,78.5094,completed,81618.38,50005.26,-1.3843,8.30,0.0000,0.5949,1.3523,7.0700,7.8848,10.4559,,,,
53.1565,6,6,27.1725,80.3285,completed,81618.81,50002.88,-1.3900,7.88,0.0000,4.6943,13.1894,11.7541,9.0599,9.9182,,,,
58.8402,5,5,19.8625,78.7025,completed,81618.81,50002.88,-1.3900,7.88,0.0000,1.0607,8.2253,4.8942,8.2050,,,,,
20.9708,10,10,47.0546,68.0246,completed,81619.18,50000.79,-1.3978,7.37,0.0000,0.3429,1.8616,8.6682,24.5447,11.1608,1.2370,0.8254,2.0696,3.0375
30.1983,10,10,37.4481,67.6461,completed,81619.18,50000.79,-1.3978,7.37,0.0000,0.8759,0.5419,0.2531,2.4546,6.7298,6.2260,7.2831,7.6842,6.0129
50.7885,7,7,36.4307,87.2188,completed,81619.51,49998.90,-1.3990,7.02,0.0000,1.6474,3.2142,16.1711,7.7074,9.2427,8.3496,,,
51.4093,7,7,28.4832,79.8922,completed,81619.51,49998.90,-1.3990,7.02,0.0000,0.7023,1.0609,2.6770,4.1209,6.6344,7.0277,,,
51.4781,7,7,29.3692,80.8472,completed,81619.84,49996.90,-1.3952,6.55,0.0000,1.3022,0.5448,2.5745,3.3802,7.3564,8.6981,,,
36.1756,9,9,33.7467,69.9218,completed,81619.84,49996.90,-1.3952,6.55,0.0000,0.4816,0.4740,1.6569,1.5655,5.1932,6.4516,7.0889,5.7943,
42.9659,8,8,30.9961,73.9612,completed,81620.20,49995.06,-1.3897,6.28,0.0000,1.9076,2.3479,9.1584,8.9917,6.6395,8.5885,7.1511,,
31.7336,10,10,39.8436,71.5767,completed,81620.20,49995.06,-1.3897,6.28,0.0000,0.3532,0.3495,0.6543,1.5129,5.3196,5.8503,7.1954,6.8923,5.3266
55.0783,6,6,22.7810,77.8591,completed,81620.51,49993.27,-1.3925,6.13,0.0000,0.7032,4.5929,2.5565,7.2327,9.2911,,,,
38.5565,9,9,45.8110,84.3670,completed,81620.51,49993.27,-1.3925,6.13,0.0000,0.1845,1.3037,2.4889,2.0950,6.1540,5.3681,6.3890,5.7053,
40.4969,8,8,36.3986,76.8946,completed,81620.85,49991.44,-1.3975,6.15,0.0000,0.7879,0.6132,2.8199,2.0940,5.8677,7.9946,7.3479,,
20.2651,10,10,49.3479,69.6129,completed,81620.85,49991.44,-1.3975,6.15,0.0000,0.2113,0.5197,0.9109,1.6620,3.1450,3.7492,5.2598,6.1897,5.4549
39.1515,9,9,32.1421,71.2932,completed,81621.20,49989.73,-1.3992,6.14,0.0000,1.2335,1.7262,4.3016,15.0896,7.0819,7.5555,8.5463,6.9906,
37.3754,9,9,39.0473,76.4224,completed,81621.20,49989.73,-1.3992,6.14,0.0000,0.1850,0.1582,0.9761,3.9872,4.6372,4.0961,6.2918,6.1486,
57.7363,6,6,31.1169,88.8529,completed,81621.49,49988.20,-1.4019,6.33,0.0000,0.3833,3.0152,6.3442,8.7865,10.3774,,,,
36.1524,9,9,35.4276,71.5797,completed,81621.49,49988.20,-1.4019,6.33,0.0000,0.1538,0.2739,1.5404,7.3460,5.3252,5.4361,7.3897,6.3203,
34.4882,9,9,37.7149,72.2029,completed,81621.81,49986.29,-1.4088,6.54,0.0000,0.1899,0.3603,0.6627,6.1632,7.4261,5.9027,7.2362,6.0131,
48.8768,7,7,25.1341,74.0101,completed,81621.81,49986.29,-1.4088,6.54,0.0000,0.2498,1.1032,7.5605,5.6772,7.6981,7.7309,,,
34.8956,9,9,37.6673,72.5624,completed,81622.10,49984.47,-1.4114,6.60,0.0000,0.2281,0.5374,0.6126,6.5683,2.4877,2.9022,5.1915,4.9412,
54.7516,6,6,31.4682,86.2192,completed,81622.10,49984.47,-1.4114,6.60,0.0000,0.8539,1.6762,5.7721,2.4095,4.6135,,,,
39.9761,9,9,40.2242,80.2002,completed,81622.40,49982.58,-1.4146,6.53,0.0000,0.2658,0.5529,0.5557,7.8707,4.1820,5.0263,6.4289,5.2428,
36.5999,9,9,35.5798,72.1788,completed,81622.40,49982.58,-1.4146,6.53,0.0000,0.4512,0.4678,2.2934,10.9439,8.2289,7.2269,8.1090,6.7001,
24.4321,10,10,49.5430,73.9750,completed,81622.67,49980.88,-1.4174,6.36,0.0000,0.1718,0.6071,0.7320,3.7314,2.0686,1.0746,3.6876,4.6173,4.0418
55.1502,6,6,32.3851,87.5351,completed,81622.67,49980.88,-1.4174,6.36,0.0000,0.6465,1.4209,4.2300,3.5344,5.1145,,,,
58.3226,5,5,28.2059,86.5280,completed,81622.96,49978.98,-1.4206,6.00,0.0000,0.6524,2.3665,2.3176,2.5263,,,,,
58.1696,5,5,24.0995,82.2685,completed,81622.96,49978.98,-1.4206,6.00,0.0000,0.1765,5.9642,5.0804,8.4674,,,,,
35.4097,9,9,52.3302,87.7392,completed,81623.26,49977.00,-1.4243,5.45,0.0000,0.2570,1.2006,1.9981,4.6201,3.6769,3.2204,5.8252,5.5788,
51.3654,7,7,30.3835,81.7485,completed,81623.26,49977.00,-1.4243,5.45,0.0000,1.1338,1.9197,8.9183,4.3154,7.5367,7.9290,,,
47.6771,7,7,31.0279,78.7050,completed,81623.34,49975.49,-1.4354,4.85,0.0000,0.1061,0.3414,10.9938,9.7341,9.6915,10.1201,,,
22.8851,10,10,38.0201,60.9052,completed,81623.34,49975.49,-1.4354,4.85,0.0000,0.7534,0.5470,0.3914,6.7468,8.1006,4.3897,5.8196,7.4355,6.6944
41.8483,8,8,35.6619,77.5099,completed,81623.50,49974.26,-1.4382,4.07,0.0000,0.1395,0.1908,4.6952,7.6594,4.2064,7.5024,7.6882,,
42.9303,8,8,28.3341,71.2642,completed,81623.50,49974.26,-1.4382,4.07,0.0000,0.6877,0.4689,2.6386,2.7775,3.1044,6.4336,5.6182,,
43.2297,8,8,31.7193,74.9483,completed,81623.63,49973.28,-1.4408,3.34,0.0000,0.4760,0.2593,5.1674,11.2884,6.6823,9.3251,8.5409,,
33.5184,10,10,42.1357,75.6537,completed,81623.63,49973.28,-1.4408,3.34,0.0000,1.0015,1.1156,2.0420,10.9135,11.8183,6.3411,6.9248,6.7117,5.3222
47.8981,7,7,34.8046,82.7026,completed,81623.74,49972.45,-1.4433,2.37,0.0000,1.5503,1.5957,8.5516,4.4646,8.1226,9.0458,,,
39.8215,9,9,47.3046,87.1257,completed,81623.74,49972.45,-1.4433,2.37,0.0000,1.0450,0.9258,2.0461,8.2389,5.8304,5.6644,7.1594,6.2187,
30.2223,10,10,46.6100,76.8320,completed,81623.75,49971.93,-1.4482,1.57,0.0000,1.2241,0.8099,0.3454,1.5063,3.0190,1.2013,4.1730,6.0667,5.7076
58.5350,5,5,27.1635,85.6986,completed,81623.75,49971.93,-1.4482,1.57,0.0000,2.0900,2.8812,2.1567,4.1815,,,,,
45.9193,8,8,31.4185,77.3375,completed,81623.83,49971.69,-1.4464,0.66,0.0000,1.5660,0.8934,1.6098,2.1968,1.0066,4.6728,5.4981,,
23.3665,10,10,35.6925,59.0585,completed,81623.83,49971.69,-1.4464,0.66,0.0000,0.6822,0.5057,1.5674,5.0553,0.4780,0.9177,1.7625,2.3710,2.1523
25.7805,10,10,43.1017,68.8817,completed,81623.86,49971.65,-1.4459,0.00,0.0000,0.9706,0.9093,0.2556,1.5425,4.6895,2.2891,1.7897,3.5446,3.6298
57.2682,6,6,23.0523,80.3203,completed,81623.86,49971.65,-1.4459,0.00,0.0000,0.4658,1.7740,2.5290,1.4169,2.0054,,,,
38.8998,9,9,41.8602,80.7592,completed,81623.86,49971.65,-1.4459,0.00,0.0000,0.7910,0.7765,1.4500,3.4786,2.4183,0.9197,1.5887,2.0476,
45.2829,8,8,30.4337,75.7158,completed,81623.86,49971.65,-1.4459,0.00,0.0000,0.3823,0.2551,1.1087,4.4930,1.0703,1.3774,1.8215,,
27.0297,10,10,48.8198,75.8488,completed,81623.86,49971.65,-1.4459,0.00,0.0000,0.5429,0.8899,1.9746,3.1391,6.3423,1.0073,0.1199,0.4862,0.8245
47.4368,7,7,33.3215,80.7575,completed,81623.86,49971.65,-1.4459,0.00,0.0000,0.9577,1.4103,5.4285,1.0282,3.2410,2.8794,,,
46.0222,7,7,38.4157,84.4378,completed,81623.86,49971.65,-1.4459,0.00,0.0000,1.4379,2.5241,3.9508,4.4978,0.2177,0.1595,,,
50.6993,7,7,27.9884,78.6875,completed,81623.86,49971.65,-1.4459,0.00,0.0000,0.7442,0.8408,0.8203,2.1811,1.4782,2.0379,,,
30.9169,10,10,42.3930,73.3090,completed,81623.86,49971.65,-1.4459,0.00,0.0000,0.6762,0.8147,0.8379,1.6760,2.7641,3.8469,0.5432,0.1922,0.2503
25.9318,10,10,44.9643,70.8953,completed,81623.86,49971.65,-1.4459,0.00,0.0000,0.2703,0.2915,0.2953,0.6325,1.8231,2.0144,1.8601,1.8448,1.6841
53.5973,6,6,31.7286,85.3256,completed,81623.86,49971.65,-1.4459,0.00,0.0000,0.2349,1.0890,1.7579,1.5663,2.5579,,,,
46.5319,7,7,27.3587,73.8897,completed,81623.86,49971.65,-1.4459,0.00,0.0000,0.4563,0.8505,1.0804,1.6621,1.0447,1.6348,,,
31.8439,10,10,34.1566,65.9996,completed,81623.86,49971.65,-1.4459,0.00,0.0000,0.2802,0.3142,0.2960,0.6899,3.0305,1.1751,1.0047,1.4400,1.7183
44.6498,8,8,33.8302,78.4793,completed,81623.86,49971.65,-1.4459,0.00,0.0000,0.3771,0.3826,0.4187,4.0066,2.3976,1.6298,1.6759,,
53.0660,6,6,24.2285,77.2946,completed,81623.86,49971.65,-1.4459,0.00,0.0000,0.7003,1.6385,3.6390,2.7770,2.3956,,,,
37.9382,9,9,52.7167,90.6548,completed,81623.86,49971.65,-1.4459,0.00,0.0000,0.4283,0.5040,0.6908,1.6301,3.6919,1.1731,1.0000,1.4115,
57.3030,6,6,21.1421,78.4451,completed,81623.86,49971.65,-1.4459,0.00,0.0000,0.6236,0.2070,5.2772,3.9812,2.6724,,,,
28.8418,10,10,37.8710,66.7120,completed,81623.86,49971.65,-1.4459,0.00,0.0000,0.3717,0.3719,0.4975,2.3198,6.2914,3.4149,2.2908,2.1414,1.9988
20.9691,10,10,39.7691,60.7381,completed,81623.86,49971.65,-1.4459,0.00,0.0000,0.3467,0.3432,0.3506,1.2329,6.6250,4.2793,1.5686,1.9477,2.0487
58.2822,5,5,26.6548,84.9368,completed,81623.86,49971.65,-1.4459,0.00,0.0000,0.4709,0.6485,7.5171,4.4902,,,,,
41.2858,8,7,39.8632,81.1483,converged,81623.86,49971.65,-1.4459,0.00,0.0000,0.3868,0.5372,1.4125,1.7568,2.3041,0.0780,,,
58.6797,5,5,29.3468,88.0259,completed,81623.86,49971.65,-1.4459,0.00,0.0000,1.3931,3.6695,7.0948,4.2571,,,,,
25.3025,10,10,42.4417,67.7438,completed,81623.86,49971.65,-1.4459,0.00,0.0000,0.2673,0.2405,0.3282,1.7390,4.2924,1.9968,1.7287,2.3489,2.3193
56.2948,6,6,22.5384,78.8324,completed,81623.86,49971.65,-1.4459,0.00,0.0000,0.4037,0.3513,1.8374,4.1610,3.0498,,,,
44.6203,8,8,48.1339,92.7540,completed,81623.86,49971.65,-1.4459,0.00,0.0000,0.2749,0.1541,0.6102,2.6327,3.1851,2.6701,2.0991,,
42.3659,8,8,33.5081,75.8731,completed,81623.86,49971.65,-1.4459,0.00,0.0000,0.3420,0.1865,0.8411,2.1075,1.1303,0.3813,0.6151,,
52.8577,6,6,26.6028,79.4598,completed,81623.86,49971.65,-1.4459,0.00,0.0000,0.3534,0.8105,4.7840,0.3150,0.3071,,,,
59.3970,5,5,19.2142,78.6113,completed,81623.86,49971.65,-1.4459,0.00,0.0000,0.3817,1.8266,1.1544,2.0861,,,,,
34.5147,9,9,32.6758,67.1898,completed,81623.86,49971.65,-1.4459,0.00,0.0000,0.2239,0.1901,0.4751,2.4516,0.7755,0.2074,0.3282,0.4592,
54.8304,6,6,22.4782,77.3083,completed,81623.86,49971.65,-1.4459,0.00,0.0000,0.3105,0.9771,0.6203,0.6886,0.2236,,,,
30.3341,10,10,40.7355,71.0695,completed,81623.86,49971.65,-1.4459,0.00,0.0000,0.2997,0.4455,0.6177,0.4855,0.4657,1.2966,0.3525,0.2687,0.5135
25.9346,10,10,33.5860,59.5201,completed,81623.86,49971.65,-1.4459,0.00,0.0000,0.2064,0.2135,0.2295,1.0580,2.8465,0.5135,0.4630,0.7453,0.9162
20.8433,10,10,33.0495,53.8925,completed,81623.86,49971.65,-1.4459,0.00,0.0000,0.0832,0.2409,0.5189,0.7098,3.0292,2.5791,2.4642,1.8847,1.5862
56.4650,6,6,24.4503,80.9144,completed,81623.86,49971.65,-1.4459,0.00,0.0000,0.1169,3.0142,1.6901,0.4169,0.8966,,,,
56.7795,6,6,27.4732,84.2522,completed,81623.86,49971.65,-1.4459,0.00,0.0000,0.1921,2.0261,1.4561,0.1863,0.8605,,,,
41.7794,8,8,36.7201,78.4991,completed,81623.86,49971.65,-1.4459,0.00,0.0000,0.1994,0.2876,2.0882,0.2825,0.6129,0.4703,0.4609,,
24.2290,10,10,36.7212,60.9502,completed,81623.86,49971.65,-1.4459,0.00,0.0000,0.1995,0.2329,0.1225,0.7597,0.2084,0.7012,0.1093,0.2884,0.5333
22.4292,10,10,42.2982,64.7273,completed,81623.86,49971.65,-1.4459,0.00,0.0000,0.1630,0.2643,0.3362,0.9504,4.9350,3.3619,2.1466,1.9598,1.6935
49.7496,7,7,27.5135,77.2626,completed,81623.86,49971.65,-1.4459,0.00,0.0000,0.1239,0.4683,2.2513,0.3070,0.2311,0.2910,,,
23.2389,10,10,38.3823,61.6203,completed,81623.86,49971.65,-1.4459,0.00,0.0000,0.2346,0.2738,0.2583,1.4771,0.9565,0.3080,0.1911,0.2547,0.3988
35.9277,9,9,37.0797,73.0068,completed,81623.86,49971.65,-1.4459,0.00,0.0000,0.2336,0.4188,0.3253,2.6470,0.3293,0.2488,0.3477,0.5112,
47.1188,7,7,27.3893,74.5074,completed,81623.86,49971.65,-1.4459,0.00,0.0000,0.5295,1.2490,1.6575,6.3973,3.7571,2.8947,,,
36.6589,9,9,42.7342,79.3923,completed,81623.86,49971.65,-1.4459,0.00,0.0000,0.2292,0.1092,0.2850,4.8863,4.9827,2.1224,2.6848,2.6690,
25.8872,10,10,47.6360,73.5230,completed,81623.86,49971.65,-1.4459,0.00,0.0000,0.2438,0.2426,0.2417,2.1376,0.9589,0.5801,0.4096,0.4079,0.4782
29.1135,10,10,47.9949,77.1079,completed,81623.86,49971.65,-1.4459,0.00,0.0000,0.2868,0.4238,0.7035,1.3407,5.8431,4.8189,2.9456,2.3215,1.7652
30.5624,10,3,11.1809,41.7429,converged,81623.86,49971.65,-1.4459,0.00,0.0000,0.1185,0.0703,,,,,,,
58.8484,5,5,26.5270,85.3750,completed,81623.86,49971.65,-1.4459,0.00,0.0000,0.2696,0.7498,0.5894,0.4117,,,,,
38.2412,9,9,35.6434,73.8844,completed,81623.86,49971.65,-1.4459,0.00,0.0000,0.3389,0.2757,0.2925,0.9342,1.7684,0.7343,1.0261,1.0128,
55.5311,6,6,28.5919,84.1229,completed,81623.86,49971.65,-1.4459,0.00,0.0000,0.4326,0.2405,0.8237,0.7128,0.3266,,,,
52.7319,6,6,25.9416,78.6726,completed,81623.86,49971.65,-1.4459,0.00,0.0000,0.0794,2.2616,1.6780,0.1894,1.0436,,,,
25.1790,10,10,34.6495,59.8275,completed,81623.86,49971.65,-1.4459,0.00,0.0000,0.3494,0.4305,0.2510,0.5286,5.5572,3.5652,2.3581,2.2616,1.8749
46.7677,7,7,51.4064,98.1734,completed,81623.86,49971.65,-1.4459,0.00,0.0000,0.3130,0.4959,1.8432,0.3441,0.1063,0.4447,,,
44.7744,8,8,31.3261,76.1001,completed,81623.86,49971.65,-1.4459,0.00,0.0000,0.4108,0.2380,0.8621,0.6945,0.3169,0.8770,1.0138,,
51.4950,7,7,29.9340,81.4291,completed,81623.86,49971.65,-1.4459,0.00,0.0000,0.3385,0.4394,1.2433,1.0855,0.2707,0.3751,,,
48.2446,7,7,33.5164,81.7604,completed,81623.86,49971.65,-1.4459,0.00,0.0000,0.3367,0.1614,0.6729,3.8444,2.1209,2.0415,,,
33.4348,10,10,59.0242,92.4583,completed,81623.86,49971.65,-1.4459,0.00,0.0000,0.4400,0.6982,0.8805,1.1239,4.0398,2.5763,2.2298,2.0359,1.7303
51.8833,7,7,47.4278,99.3108,completed,81623.86,49971.65,-1.4459,0.00,0.0000,0.2809,0.1931,3.9418,5.4599,3.0110,3.1671,,,
43.2929,8,8,46.7060,89.9980,completed,81623.86,49971.65,-1.4459,0.00,0.0000,0.2400,0.2159,1.5590,1.4501,0.5187,0.2195,0.3566,,
59.9526,5,5,20.8947,80.8468,completed,81623.86,49971.65,-1.4459,0.00,0.0000,0.4080,1.9207,8.0718,5.4051,,,,,
56.9726,6,6,41.0299,98.0019,completed,81623.86,49971.65,-1.4459,0.00,0.0000,0.4451,0.6235,0.8213,0.8559,0.1637,,,,
55.6772,6,6,27.9326,83.6097,completed,81623.86,49971.65,-1.4459,0.00,0.0000,0.4652,0.3937,5.3915,4.7020,4.2136,,,,
37.5545,9,9,34.0260,71.5800,completed,81623.86,49971.65,-1.4459,0.00,0.0000,0.1024,0.1122,1.2572,1.4991,0.9344,0.3820,0.2888,0.4798,
37.5601,9,9,34.8452,72.4052,completed,81623.86,49971.65,-1.4459,0.00,0.0000,0.2414,0.1246,1.0414,2.0894,0.3611,0.1483,0.3584,0.6902,
38.5318,9,3,15.2573,53.7883,converged,81623.86,49971.65,-1.4459,0.00,0.0000,0.1732,0.0852,,,,,,,
35.2808,9,9,34.9626,70.2426,completed,81623.86,49971.65,-1.4459,0.00,0.0000,0.1200,0.1055,0.4128,1.3774,1.2652,1.1817,1.3264,1.0422,
26.5587,10,3,9.5815,36.1395,converged,81623.86,49971.65,-1.4459,0.00,0.0000,0.0945,0.0575,,,,,,,
35.6344,9,3,11.8290,47.4630,converged,81623.86,49971.65,-1.4459,0.00,0.0000,0.1330,0.0834,,,,,,,
34.7604,9,9,42.2065,76.9665,completed,81623.86,49971.65,-1.4459,0.00,0.0000,0.1730,0.1411,1.5858,1.8589,0.4782,0.2747,0.4278,0.6234,
34.1563,9,9,51.0562,85.2122,completed,81623.86,49971.65,-1.4459,0.00,0.0000,0.0990,0.6164,1.8514,0.9630,0.5179,0.2439,0.3448,0.5706,
25.0186,10,10,37.5222,62.5402,completed,81623.86,49971.65,-1.4459,0.00,0.0000,0.3515,0.3517,0.3029,1.5146,7.9833,3.3645,2.1995,2.2508,1.9333
38.5372,9,3,11.5772,50.1143,converged,81623.86,49971.65,-1.4459,0.00,0.0000,0.1755,0.0929,,,,,,,
25.3549,10,3,10.3603,35.7143,converged,81623.86,49971.65,-1.4459,0.00,0.0000,0.1047,0.0951,,,,,,,
38.3374,9,9,43.6504,81.9874,completed,81623.86,49971.65,-1.4459,0.00,0.0000,0.2879,0.2122,0.6465,1.5206,0.1514,0.6564,0.2452,0.5782,
42.7389,8,8,28.9591,71.6972,completed,81623.86,49971.65,-1.4459,0.00,0.0000,0.3672,0.4910,0.3369,1.6582,1.7796,1.5841,1.5940,,
47.0967,7,7,30.2842,77.3802,completed,81623.86,49971.65,-1.4459,0.00,0.0000,0.2475,0.2035,1.1826,7.4458,3.5102,2.9604,,,
58.3318,5,5,23.5769,81.9079,completed,81623.86,49971.65,-1.4459,0.00,0.0000,0.9552,1.0279,1.7314,0.5796,,,,,
58.3146,5,5,20.1971,78.5112,completed,81623.86,49971.65,-1.4459,0.00,0.0000,0.3501,1.1072,1.0795,0.1442,,,,,
25.1433,10,8,27.0494,52.1924,converged,81623.86,49971.65,-1.4459,0.00,0.0000,0.2355,0.2489,0.2547,1.7604,0.3184,0.2917,0.0800,,
25.6685,10,3,18.0714,43.7395,converged,81623.86,49971.65,-1.4459,0.00,0.0000,0.1171,0.0870,,,,,,,
33.8547,10,10,47.2290,81.0830,completed,81623.86,49971.65,-1.4459,0.00,0.0000,0.2636,0.3017,0.2023,0.4941,4.4992,2.1682,1.7640,1.7616,1.6395
48.7241,7,7,27.2851,76.0092,completed,81623.86,49971.65,-1.4459,0.00,0.0000,0.3912,0.1527,0.7353,4.1365,1.5220,2.0738,,,
45.1374,8,8,32.5426,77.6796,completed,81623.86,49971.65,-1.4459,0.00,0.0000,0.1993,0.1173,2.0261,2.2451,0.3602,0.4944,1.0575,,
53.0323,6,6,24.1995,77.2315,completed,81623.86,49971.65,-1.4459,0.00,0.0000,0.6727,0.8559,1.4881,0.4263,0.9374,,,,
30.4671,10,10,43.6547,74.1217,completed,81623.86,49971.65,-1.4459,0.00,0.0000,0.1042,0.1519,0.2654,0.4135,1.7009,0.4744,0.6356,0.9482,0.8535
26.5405,10,10,37.0899,63.6299,completed,81623.86,49971.65,-1.4459,0.00,0.0000,0.2055,0.2337,0.2583,2.0484,1.0725,0.4184,0.2939,0.3471,0.4922
32.5256,10,4,14.7933,47.3183,converged,81623.86,49971.65,-1.4459,0.00,0.0000,0.2267,0.2629,0.0554,,,,,,
38.8538,9,3,9.1946,48.0476,converged,81623.86,49971.65,-1.4459,0.00,0.0000,0.1229,0.0471,,,,,,,
26.1338,10,8,25.2529,51.3859,converged,81623.86,49971.65,-1.4459,0.00,0.0000,0.2670,0.2422,0.2036,0.5645,1.1249,0.4783,0.0454,,
40.3698,8,8,33.9780,74.3471,completed,81623.86,49971.65,-1.4459,0.00,0.0000,0.2422,0.2177,1.8412,0.2880,0.4220,0.2601,0.5262,,
44.2324,8,8,33.0653,77.2973,completed,81623.86,49971.65,-1.4459,0.00,0.0000,0.3380,0.1075,1.2113,1.1939,0.5244,0.2223,0.6240,,
59.4573,5,5,20.9208,80.3778,completed,81623.86,49971.65,-1.4459,0.00,0.0000,1.0029,3.2021,8.1706,5.4761,,,,,
29.7278,10,10,42.4736,72.2006,completed,81623.86,49971.65,-1.4459,0.00,0.0000,0.1642,0.2105,0.1384,1.0067,0.8029,0.4842,0.7922,1.0337,0.8842
32.6175,10,10,38.4065,71.0235,completed,81623.86,49971.65,-1.4459,0.00,0.0000,0.1928,0.2226,0.1330,1.0200,0.4592,0.4729,0.1471,0.4697,0.7098
55.7494,6,6,33.7305,89.4796,completed,81623.86,49971.65,-1.4459,0.00,0.0000,0.2619,1.1376,1.9747,0.3126,0.4153,,,,
57.5409,6,6,23.4321,80.9721,completed,81623.86,49971.65,-1.4459,0.00,0.0000,0.7619,0.7862,7.4644,4.0625,3.9492,,,,
38.0215,9,9,40.1754,78.1964,completed,81623.86,49971.65,-1.4459,0.00,0.0000,0.2285,0.2899,0.3962,4.6097,6.3137,2.6046,2.9199,2.3971,
20.3643,10,10,36.6719,57.0359,completed,81623.86,49971.65,-1.4459,0.00,0.0000,0.0845,0.2871,1.1920,1.6805,0.2080,0.3583,0.2209,0.3120,0.4442
29.6221,10,3,9.8045,39.4265,converged,81623.86,49971.65,-1.4459,0.00,0.0000,0.0526,0.0596,,,,,,,
58.0102,5,5,28.5203,86.5304,completed,81623.86,49971.65,-1.4459,0.00,0.0000,0.7704,2.7595,7.8486,5.1085,,,,,
41.2777,8,8,30.7442,72.0212,completed,81623.86,49971.65,-1.4459,0.00,0.0000,0.3882,0.1095,1.3478,1.0491,0.3679,0.4630,0.6229,,
28.0631,10,10,37.6788,65.7418,completed,81623.86,49971.65,-1.4459,0.00,0.0000,0.3559,0.3409,0.4679,2.3904,0.9010,0.6666,0.3196,0.7532,0.5405
46.8019,7,7,29.1028,75.9038,completed,81623.86,49971.65,-1.4459,0.00,0.0000,0.3315,0.2202,2.5673,0.7659,0.3290,0.4460,,,
32.2483,10,10,37.4009,69.6489,completed,81623.86,49971.65,-1.4459,0.00,0.0000,0.1511,0.2591,0.4011,0.5150,2.3479,0.6295,1.3670,1.1373,1.1029
40.1440,8,8,28.6970,68.8401,completed,81623.86,49971.65,-1.4459,0.00,0.0000,0.4463,0.2008,1.1065,0.6960,0.4396,0.2128,0.4874,,
56.7144,6,6,24.2820,80.9960,completed,81623.86,49971.65,-1.4459,0.00,0.0000,0.3646,0.1596,0.9151,1.0211,0.4087,,,,
34.8920,9,9,33.4747,68.3657,completed,81623.86,49971.65,-1.4459,0.00,0.0000,0.4361,0.4405,0.3515,0.5874,4.0392,0.7309,1.2844,1.7537,
39.1877,9,9,41.3631,80.5501,completed,81623.86,49971.65,-1.4459,0.00,0.0000,0.2612,0.7746,1.9202,0.8987,0.3994,0.1195,0.3175,0.4029,
48.7195,7,7,27.8366,76.5557,completed,81623.86,49971.65,-1.4459,0.00,0.0000,0.5356,0.3631,2.0475,0.5802,0.1594,0.6485,,,
24.4290,10,10,43.3852,67.8133,completed,81623.86,49971.65,-1.4459,0.00,0.0000,0.0828,0.1960,1.0506,2.1024,0.4240,0.1217,0.1022,0.7757,0.8139
49.7295,7,7,28.3035,78.0325,completed,81623.86,49971.65,-1.4459,0.00,0.0000,0.1714,0.1255,2.0975,0.5768,0.1496,0.4271,,,
53.4084,6,6,32.9351,86.3431,completed,81623.86,49971.65,-1.4459,0.00,0.0000,0.4007,0.6374,1.2013,0.4044,0.4121,,,,
56.6109,6,6,22.5183,79.1283,completed,81623.86,49971.65,-1.4459,0.00,0.0000,0.2721,0.2068,1.7953,0.5771,1.0753,,,,
43.2334,8,8,34.6438,77.8768,completed,81623.86,49971.65,-1.4459,0.00,0.0000,0.2330,0.4563,0.5488,4.7261,4.4749,2.7564,2.1310,,
25.6092,10,10,45.3020,70.9110,completed,81623.86,49971.65,-1.4459,0.00,0.0000,0.3831,0.3578,0.3368,2.1741,5.4670,3.1852,2.2347,2.2386,1.8867
52.8312,6,6,26.3745,79.2055,completed,81623.86,49971.65,-1.4459,0.00,0.0000,0.3504,0.2730,0.9963,0.8820,0.2555,,,,
37.9643,9,9,42.3542,80.3182,completed,81623.86,49971.65,-1.4459,0.00,0.0000,0.4270,0.4357,0.1780,0.7341,5.5769,2.4260,2.0460,1.7334,
53.9476,6,6,24.3558,78.3028,completed,81623.86,49971.65,-1.4459,0.00,0.0000,0.5316,0.3152,3.1866,4.2426,2.8861,,,,
54.6217,6,6,42.0324,96.6534,completed,81623.86,49971.65,-1.4459,0.00,0.0000,0.3652,0.6573,0.6276,0.4882,0.3322,,,,
52.8366,6,6,30.1797,83.0200,completed,81623.86,49971.65,-1.4459,0.00,0.0000,0.2348,0.9197,1.0923,0.9195,1.1789,,,,
53.5379,6,6,34.3276,87.8646,completed,81623.86,49971.65,-1.4459,0.00,0.0000,0.2260,0.6245,0.7015,0.4551,0.9490,,,,
29.5049,10,4,18.8241,48.3282,converged,81623.86,49971.65,-1.4459,0.00,0.0000,0.1844,0.2399,0.0728,,,,,,
51.9572,7,6,28.9460,80.9030,converged,81623.86,49971.65,-1.4459,0.00,0.0000,0.4609,0.5344,2.2597,0.3579,0.0759,,,,
36.2914,9,9,32.6539,68.9449,completed,81623.86,49971.65,-1.4459,0.00,0.0000,0.3333,0.2907,0.4806,0.7456,4.9094,2.4152,1.9171,1.7784,
38.9612,9,9,49.4159,88.3769,completed,81623.86,49971.65,-1.4459,0.00,0.0000,0.4052,0.2965,0.5926,0.7418,0.8457,1.4862,0.1473,0.8941,
56.1215,6,5,19.1889,75.3099,converged,81623.86,49971.65,-1.4459,0.00,0.0000,0.3898,1.6156,2.2589,0.0971,,,,,
41.8282,8,8,47.2566,89.0846,completed,81623.86,49971.65,-1.4459,0.00,0.0000,0.2128,0.2048,1.6935,0.5000,0.3675,1.1019,1.3134,,
40.6424,8,3,11.9860,52.6280,converged,81623.86,49971.65,-1.4459,0.00,0.0000,0.3609,0.0955,,,,,,,
43.4000,8,8,30.4549,73.8540,completed,81623.86,49971.65,-1.4459,0.00,0.0000,0.1220,0.3678,2.2642,0.3565,0.4691,0.4589,0.3806,,
27.2722,10,3,10.9377,38.2098,converged,81623.86,49971.65,-1.4459,0.00,0.0000,0.2095,0.0521,,,,,,,
55.9830,6,6,33.0005,88.9836,completed,81623.86,49971.65,-1.4459,0.00,0.0000,0.4378,0.1463,1.2467,0.7420,0.2352,,,,
23.4267,10,10,59.2074,82.6334,completed,81623.86,49971.65,-1.4459,0.00,0.0000,0.2091,0.1002,0.1897,0.6260,4.8079,3.3738,1.8065,2.2758,2.3168
23.1871,10,10,39.9303,63.1174,completed,81623.86,49971.65,-1.4459,0.00,0.0000,0.1950,0.1746,0.3090,1.2453,0.2034,0.6767,0.4542,0.8029,0.8903
29.4009,10,10,55.8858,85.2859,completed,81623.86,49971.65,-1.4459,0.00,0.0000,0.1205,0.1260,0.1321,0.4319,4.7922,2.5581,1.1675,1.5735,1.8229
55.3477,6,6,30.0751,85.4221,completed,81623.86,49971.65,-1.4459,0.00,0.0000,0.4304,0.1755,2.3557,0.1184,0.6193,,,,
36.9169,9,9,32.6134,69.5295,completed,81623.86,49971.65,-1.4459,0.00,0.0000,0.3350,0.3114,0.3227,0.3681,3.0014,0.2912,0.9888,1.3570,
22.6876,10,10,32.7571,55.4442,completed,81623.86,49971.65,-1.4459,0.00,0.0000,0.0922,0.3107,1.2830,2.3114,0.1640,0.2022,0.3177,0.6801,0.5680
58.2773,5,5,25.3375,83.6145,completed,81623.86,49971.65,-1.4459,0.00,0.0000,0.4554,0.5777,0.8122,0.8917,,,,,
23.5249,10,10,54.3916,77.9157,completed,81623.86,49971.65,-1.4459,0.00,0.0000,0.6669,0.6536,0.4410,1.4246,4.8345,3.7212,2.0413,2.1762,2.1570
40.4760,8,8,32.9833,73.4593,completed,81623.86,49971.65,-1.4459,0.00,0.0000,0.3080,0.1906,1.2560,2.4031,0.4478,0.4624,0.5808,,
49.2003,7,7,27.7614,76.9615,completed,81623.86,49971.65,-1.4459,0.00,0.0000,0.5258,0.7641,3.3909,7.8005,3.4806,3.1742,,,
33.2887,10,10,60.9791,94.2671,completed,81623.86,49971.65,-1.4459,0.00,0.0000,0.4053,0.3495,0.1953,0.9851,7.5015,2.4478,1.5439,2.6641,2.9572
51.2560,7,7,25.8252,77.0802,completed,81623.86,49971.65,-1.4459,0.00,0.0000,0.2486,0.2899,1.5686,0.4684,0.5095,0.3787,,,
36.6913,9,9,45.9905,82.6815,completed,81623.86,49971.65,-1.4459,0.00,0.0000,0.1771,0.3342,0.6620,3.1400,8.4982,3.4793,3.2287,2.5524,
57.0705,6,6,26.6569,83.7269,completed,81623.86,49971.65,-1.4459,0.00,0.0000,0.3375,0.5387,4.1281,3.5652,3.2898,,,,
20.1952,10,10,45.1647,65.3597,completed,81623.86,49971.65,-1.4459,0.00,0.0000,0.1632,0.3385,0.3081,1.9740,1.4605,0.3374,0.1643,0.3085,0.5260
41.9947,8,8,44.4204,86.4144,completed,81623.86,49971.65,-1.4459,0.00,0.0000,0.3331,0.7816,0.6946,2.9165,3.5751,2.1895,1.9542,,
45.0518,8,8,38.0682,83.1192,completed,81623.86,49971.65,-1.4459,0.00,0.0000,0.3613,0.1849,0.4832,3.0392,5.5848,3.3119,2.8091,,
30.6719,10,3,8.6567,39.3277,converged,81623.86,49971.65,-1.4459,0.00,0.0000,0.1829,0.0535,,,,,,,
58.5419,5,5,19.4501,77.9911,completed,81623.86,49971.65,-1.4459,0.00,0.0000,0.3212,1.0202,4.0293,3.0863,,,,,
30.7446,10,10,44.2779,75.0220,completed,81623.86,49971.65,-1.4459,0.00,0.0000,0.2916,0.2310,0.1137,0.4701,0.8443,2.3794,1.4570,1.1698,1.1562
41.3211,8,8,33.3011,74.6222,completed,81623.86,49971.65,-1.4459,0.00,0.0000,0.1748,0.1298,1.0805,0.5321,0.2039,0.5591,0.9046,,
49.0615,7,7,26.6371,75.6982,completed,81623.86,49971.65,-1.4459,0.00,0.0000,0.2432,0.4396,2.0789,0.4978,0.1218,0.6357,,,
48.4817,7,7,39.3197,87.8007,completed,81623.86,49971.65,-1.4459,0.00,0.0000,0.2990,0.1326,2.1757,0.4397,0.1342,0.4163,,,
23.4763,10,10,46.3901,69.8662,completed,81623.86,49971.65,-1.4459,0.00,0.0000,0.2887,0.1979,0.6324,1.7057,0.2085,0.4209,0.2969,0.2669,0.3669
49.5710,7,7,37.7973,87.3684,completed,81623.86,49971.65,-1.4459,0.00,0.0000,0.2467,0.3437,3.1216,0.6163,0.3434,0.6957,,,
56.9239,6,6,22.4825,79.4055,completed,81623.86,49971.65,-1.4459,0.00,0.0000,0.3892,0.7786,5.7996,4.5791,3.9079,,,,
24.4152,10,10,45.3119,69.7269,completed,81623.86,49971.65,-1.4459,0.00,0.0000,0.2693,0.8703,2.4199,1.8955,0.2019,0.2271,0.1242,0.8014,1.0848
32.8090,10,10,44.0729,76.8819,completed,81623.86,49971.65,-1.4459,0.00,0.0000,0.2849,0.4064,0.2093,1.1994,0.6427,0.3423,0.6382,1.0741,0.9637
54.5032,6,6,30.7612,85.2643,completed,81623.86,49971.65,-1.4459,0.00,0.0000,0.3371,0.4511,0.7400,1.9922,1.5818,,,,
44.3106,8,8,31.4367,75.7467,completed,81623.86,49971.65,-1.4459,0.00,0.0000,0.2596,0.1123,1.6949,0.8257,0.2781,0.5460,0.4624,,
46.0259,7,7,27.4053,73.4303,completed,81623.86,49971.65,-1.4459,0.00,0.0000,0.3326,0.6387,2.4029,0.7900,0.4641,0.4836,,,
46.6898,7,7,28.0213,74.7104,completed,81623.86,49971.65,-1.4459,0.00,0.0000,0.2997,0.6119,1.9308,0.5324,0.2468,0.3361,,,
35.1607,9,9,30.9804,66.1404,completed,81623.86,49971.65,-1.4459,0.00,0.0000,0.4043,0.3556,0.3366,2.0636,0.9094,0.3356,0.6850,1.0058,
57.9121,6,6,35.4233,93.3353,completed,81623.86,49971.65,-1.4459,0.00,0.0000,0.3683,0.3553,4.5979,3.7075,3.1863,,,,
22.3104,10,8,29.0638,51.3739,converged,81623.86,49971.65,-1.4459,0.00,0.0000,0.1946,0.1601,0.2396,1.3779,0.4244,0.3834,0.0567,,
36.4208,9,9,42.6939,79.1139,completed,81623.86,49971.65,-1.4459,0.00,0.0000,0.1465,0.1337,1.4252,2.2171,0.4255,0.1343,0.5528,0.7556,
30.9435,10,10,43.2028,74.1459,completed,81623.86,49971.65,-1.4459,0.00,0.0000,0.3425,0.3911,0.3352,0.2437,5.6902,4.5429,2.3293,2.6203,2.2928
58.5821,5,5,24.9487,83.5307,completed,81623.86,49971.65,-1.4459,0.00,0.0000,0.3633,3.6402,0.6126,0.5872,,,,,
28.4656,10,10,38.0008,66.4658,completed,81623.86,49971.65,-1.4459,0.00,0.0000,0.3000,0.3442,0.1660,1.4709,1.5029,0.3244,0.1128,0.1738,0.3341
42.4126,8,8,36.3500,78.7621,completed,81623.86,49971.65,-1.4459,0.00,0.0000,0.4048,0.2341,0.4316,6.3576,3.6558,2.7387,2.5522,,
24.1099,10,3,9.5341,33.6432,converged,81623.86,49971.65,-1.4459,0.00,0.0000,0.1362,0.0948,,,,,,,
20.3731,10,10,45.0807,65.6133,completed,81623.86,49971.65,-1.4459,0.00,0.0000,0.2557,0.2994,0.3105,1.0408,1.5360,2.2620,0.5718,0.4890,0.8166
39.4113,9,3,16.7401,56.1512,converged,81623.86,49971.65,-1.4459,0.00,0.0000,0.0986,0.0878,,,,,,,
48.8704,7,7,27.0226,75.8926,completed,81623.86,49971.65,-1.4459,0.00,0.0000,0.0895,0.1111,2.3730,0.2936,0.3131,0.5856,,,
59.5099,5,5,21.3273,80.8363,completed,81623.86,49971.65,-1.4459,0.00,0.0000,0.3306,0.5895,0.4773,0.2018,,,,,
40.0970,8,3,10.8508,50.9478,converged,81623.86,49971.65,-1.4459,0.00,0.0000,0.2957,0.0952,,,,,,,
38.1585,9,9,33.9863,72.1444,completed,81623.86,49971.65,-1.4459,0.00,0.0000,0.2393,0.4110,0.5150,1.4628,5.8160,1.2517,1.9120,2.1069,
56.3705,6,6,24.2215,80.5915,completed,81623.86,49971.65,-1.4459,0.00,0.0000,0.5746,0.7891,7.7228,4.6330,4.3309,,,,
22.0069,10,10,39.0742,61.0803,completed,81623.86,49971.65,-1.4459,0.00,0.0000,0.4425,0.5308,0.4184,0.7532,3.6660,2.2503,1.9173,2.0182,1.8704
42.4798,8,8,40.7245,83.2036,completed,81623.86,49971.65,-1.4459,0.00,0.0000,0.1519,0.2034,1.7452,0.8739,0.4400,0.1161,0.3979,,
52.6975,6,6,25.3232,78.0202,completed,81623.86,49971.65,-1.4459,0.00,0.0000,0.1850,1.0395,0.5675,0.6752,0.1797,,,,
39.5851,9,4,16.8907,56.4757,converged,81623.86,49971.65,-1.4459,0.00,0.0000,0.3003,0.3657,0.0923,,,,,,
31.8014,10,10,52.6044,84.4055,completed,81623.86,49971.65,-1.4459,0.00,0.0000,0.1229,0.1964,0.2738,1.6609,7.3949,4.0126,2.6037,2.2886,1.8272
51.5174,7,7,31.0196,82.5366,completed,81623.86,49971.65,-1.4459,0.00,0.0000,0.2449,0.3134,1.7331,0.3588,0.2054,0.5121,,,
34.0885,9,9,54.8061,88.8942,completed,81623.86,49971.65,-1.4459,0.00,0.0000,0.3592,0.2172,0.2960,0.6942,6.2802,2.5781,2.4380,2.1780,
41.2662,8,8,31.5441,72.8101,completed,81623.86,49971.65,-1.4459,0.00,0.0000,0.3126,0.3480,0.4167,1.3420,0.6109,0.2029,0.4752,,
53.1829,6,6,37.2793,90.4614,completed,81623.86,49971.65,-1.4459,0.00,0.0000,0.5529,1.2936,8.1692,5.6371,4.2377,,,,
48.2894,7,7,44.7864,93.0754,completed,81623.86,49971.65,-1.4459,0.00,0.0000,0.2734,2.0164,3.1362,0.3208,0.2242,0.5131,,,
37.8510,9,9,50.0724,87.9224,completed,81623.86,49971.65,-1.4459,0.00,0.0000,0.4030,0.4968,0.1572,1.6303,0.9636,0.3694,0.1519,0.3838,
36.9095,9,3,14.9013,51.8103,converged,81623.86,49971.65,-1.4459,0.00,0.0000,0.1214,0.0831,,,,,,,
30.4697,10,10,46.7685,77.2376,completed,81623.86,49971.65,-1.4459,0.00,0.0000,0.2162,0.2822,0.1482,1.8806,1.3256,0.5809,0.2803,0.2185,0.3597
41.8802,8,8,33.8117,75.6917,completed,81623.86,49971.65,-1.4459,0.00,0.0000,0.2752,0.4548,0.5861,3.0857,1.2708,1.3446,1.2993,,
22.6717,10,10,40.2732,62.9443,completed,81623.86,49971.65,-1.4459,0.00,0.0000,0.1786,0.1342,0.1969,0.7864,3.6483,3.6046,2.2098,2.0645,1.8851
55.2910,6,6,34.5049,89.7959,completed,81623.86,49971.65,-1.4459,0.00,0.0000,0.2597,0.5678,2.0135,0.2394,0.3540,,,,
38.4894,9,9,46.3229,84.8119,completed,81623.86,49971.65,-1.4459,0.00,0.0000,0.3803,0.3636,0.3626,4.1055,5.7575,2.3678,2.3950,2.0073,
20.5683,10,10,47.2916,67.8597,completed,81623.86,49971.65,-1.4459,0.00,0.0000,0.0686,0.2176,0.9094,1.5471,0.3620,0.2803,0.3311,0.5013,0.4251
25.3343,10,10,38.7627,64.0967,completed,81623.86,49971.65,-1.4459,0.00,0.0000,0.3101,0.3991,0.2542,0.5493,4.1980,2.9292,1.9603,1.8801,1.7126
22.0346,10,10,41.5662,63.6003,completed,81623.86,49971.65,-1.4459,0.00,0.0000,0.2330,0.2109,0.1436,0.6526,4.6990,2.1975,1.9040,1.9658,1.7900
57.2502,6,6,22.0621,79.3121,completed,81623.86,49971.65,-1.4459,0.00,0.0000,0.1720,1.1383,2.2282,0.4773,0.8136,,,,
30.8160,10,10,44.0784,74.8934,completed,81623.86,49971.65,-1.4459,0.00,0.0000,0.1902,0.3319,0.5001,0.5972,0.7668,1.7647,0.1865,0.5830,0.8167
36.4585,9,9,35.0615,71.5195,completed,81623.86,49971.65,-1.4459,0.00,0.0000,0.0788,0.2282,0.2795,1.5695,0.2773,0.8776,0.3347,0.9619,
45.1007,8,8,29.8914,74.9915,completed,81623.86,49971.65,-1.4459,0.00,0.0000,0.2261,0.1068,1.0752,0.2301,0.8878,0.1512,0.4975,,
29.9111,10,10,37.0839,66.9949,completed,81623.86,49971.65,-1.4459,0.00,0.0000,0.2404,0.2869,0.1150,1.1055,0.4648,0.1865,0.1695,0.4726,0.7746
32.4727,10,3,10.8304,43.3024,converged,81623.86,49971.65,-1.4459,0.00,0.0000,0.0917,0.0719,,,,,,,
45.1656,8,8,30.4985,75.6635,completed,81623.86,49971.65,-1.4459,0.00,0.0000,0.4464,0.3013,0.2510,6.6184,4.8320,3.5166,2.7885,,
39.3695,9,9,39.1612,78.5302,completed,81623.86,49971.65,-1.4459,0.00,0.0000,0.3140,0.3554,0.2895,1.4564,1.6683,1.3790,1.3651,1.1367,
23.2077,10,4,16.4058,39.6129,converged,81623.86,49971.65,-1.4459,0.00,0.0000,0.1812,0.2319,0.0913,,,,,,
55.6417,6,6,23.7502,79.3913,completed,81623.86,49971.65,-1.4459,0.00,0.0000,0.1737,1.0197,0.6662,1.4807,1.5020,,,,
31.9571,10,10,44.1790,76.1360,completed,81623.86,49971.65,-1.4459,0.00,0.0000,0.0839,0.2415,1.1881,1.5154,0.2926,0.2803,0.1807,0.3536,0.5193
49.4834,7,7,28.3364,77.8194,completed,81623.86,49971.65,-1.4459,0.00,0.0000,0.4582,0.2990,1.5304,1.1997,0.4255,0.4307,,,
38.9274,9,9,47.8707,86.7978,completed,81623.86,49971.65,-1.4459,0.00,0.0000,0.2653,0.3857,0.1986,1.2620,1.0725,1.4231,0.1442,0.6529,
20.0115,10,10,45.6504,65.6614,completed,81623.86,49971.65,-1.4459,0.00,0.0000,0.2810,0.1993,0.5353,2.0377,1.4017,0.2779,0.2972,0.5031,0.4843
35.9863,9,9,44.4412,80.4273,completed,81623.86,49971.65,-1.4459,0.00,0.0000,0.3293,0.6642,1.5458,3.0787,5.7033,2.4749,2.5633,2.0409,
50.6525,7,7,31.3277,81.9797,completed,81623.86,49971.65,-1.4459,0.00,0.0000,0.4120,1.3215,1.6954,4.8460,2.8466,2.6805,,,
58.8357,5,5,21.6838,80.5188,completed,81623.86,49971.65,-1.4459,0.00,0.0000,0.4821,2.0784,0.5442,0.1685,,,,,
22.4172,10,10,43.7909,66.2080,completed,81623.86,49971.65,-1.4459,0.00,0.0000,0.0802,0.2390,1.2515,1.9667,0.1387,0.3707,0.2761,0.3997,0.6040
38.5252,9,9,37.0391,75.5642,completed,81623.86,49971.65,-1.4459,0.00,0.0000,0.2774,0.2770,0.2338,1.6911,3.6927,2.0666,1.3586,1.2355,
33.4805,10,10,45.2885,78.7686,completed,81623.86,49971.65,-1.4459,0.00,0.0000,0.2407,0.2113,0.3401,1.2970,0.4941,0.6608,0.4848,1.0469,1.0447
55.5683,6,6,31.1353,86.7033,completed,81623.86,49971.65,-1.4459,0.00,0.0000,0.4355,0.2056,1.1946,0.9345,0.1428,,,,
27.9372,10,10,44.4983,72.4353,completed,81623.86,49971.65,-1.4459,0.00,0.0000,0.4217,0.3343,0.2726,0.7648,2.2437,0.3589,0.2796,0.6318,0.9714
48.5275,7,7,27.0775,75.6045,completed,81623.86,49971.65,-1.4459,0.00,0.0000,0.2582,0.2445,2.8894,0.4738,0.3093,0.5460,,,
53.0274,6,6,25.6685,78.6956,completed,81623.86,49971.65,-1.4459,0.00,0.0000,0.3322,0.2217,1.9071,0.5740,0.5014,,,,
52.1929,6,6,23.9143,76.1063,completed,81623.86,49971.65,-1.4459,0.00,0.0000,0.2782,0.7281,0.2952,0.5578,0.3376,,,,
55.2175,6,6,28.5264,83.7434,completed,81623.86,49971.65,-1.4459,0.00,0.0000,0.4011,0.2434,2.6682,5.1440,4.3329,,,,
57.0321,6,6,21.8416,78.8736,completed,81623.86,49971.65,-1.4459,0.00,0.0000,0.2223,0.7452,1.2545,0.6151,0.2909,,,,
50.0138,7,7,28.9557,78.9688,completed,81623.86,49971.65,-1.4459,0.00,0.0000,0.1984,0.3586,1.7881,0.6921,0.3327,0.7885,,,
42.7376,8,7,32.3396,75.0766,converged,81623.86,49971.65,-1.4459,0.00,0.0000,0.3129,0.2457,1.1549,1.2327,0.3448,0.0886,,,
57.4691,6,6,34.2030,91.6720,completed,81623.86,49971.65,-1.4459,0.00,0.0000,0.6581,0.5578,7.8637,4.7017,3.7274,,,,
55.1424,6,6,27.0426,82.1846,completed,81623.86,49971.65,-1.4459,0.00,0.0000,0.3983,0.5116,7.5411,4.5960,3.6842,,,,
38.0059,9,9,31.9824,69.9874,completed,81623.86,49971.65,-1.4459,0.00,0.0000,0.1078,0.1630,0.9259,1.6847,0.2460,0.1132,0.2638,0.4085,
29.3842,10,10,32.8294,62.2134,completed,81623.86,49971.65,-1.4459,0.00,0.0000,0.0686,0.1696,1.0064,2.1872,0.2256,0.3549,0.1699,0.4288,0.6727
26.6792,10,10,36.6130,63.2920,completed,81623.86,49971.65,-1.4459,0.00,0.0000,0.2762,0.4100,0.2142,1.5824,1.0094,0.3232,0.2230,0.3117,0.4523
24.9911,10,10,41.1473,66.1384,completed,81623.86,49971.65,-1.4459,0.00,0.0000,0.1857,0.1130,0.5148,1.0285,0.8801,0.8283,0.1209,0.3329,0.5189
43.5410,8,8,30.7531,74.2942,completed,81623.86,49971.65,-1.4459,0.00,0.0000,0.2621,0.1778,1.8444,1.2979,0.3896,0.6340,0.7052,,
40.0707,8,8,30.4370,70.5070,completed,81623.86,49971.65,-1.4459,0.00,0.0000,0.2403,0.1921,1.4082,0.6531,0.6543,0.1780,0.6225,,
27.8858,10,10,39.4887,67.3737,completed,81623.86,49971.65,-1.4459,0.00,0.0000,0.2992,0.4365,0.4184,0.6016,2.7017,2.1770,1.7500,1.4303,1.3834
42.6079,8,8,37.9741,80.5811,completed,81623.86,49971.65,-1.4459,0.00,0.0000,0.3071,0.5508,1.0358,3.1354,2.1179,1.7221,1.6075,,
42.8306,8,8,34.2573,77.0874,completed,81623.86,49971.65,-1.4459,0.00,0.0000,0.1909,0.4461,0.5668,0.7312,0.2365,1.1318,1.2420,,
43.9526,8,8,36.3492,80.3012,completed,81623.86,49971.65,-1.4459,0.00,0.0000,0.3202,0.1190,1.2832,0.7804,0.2739,0.1611,0.4957,,
49.1134,7,7,29.7979,78.9109,completed,81623.86,49971.65,-1.4459,0.00,0.0000,0.2997,0.6223,2.2092,0.6262,0.1710,0.7020,,,
54.3321,6,6,21.8664,76.1984,completed,81623.86,49971.65,-1.4459,0.00,0.0000,0.1648,1.4496,1.9747,0.2807,0.7523,,,,
29.4588,10,3,13.8736,43.3317,converged,81623.86,49971.65,-1.4459,0.00,0.0000,0.1382,0.0719,,,,,,,
30.7582,10,10,47.7405,78.4986,completed,81623.86,49971.65,-1.4459,0.00,0.0000,0.0696,0.1066,0.5867,1.2660,0.1470,0.2155,0.5565,0.9304,1.0164
41.1217,8,8,27.5507,68.6717,completed,81623.86,49971.65,-1.4459,0.00,0.0000,0.1743,0.2107,2.2968,1.6405,0.3975,0.6863,0.5924,,
53.1882,6,6,26.6435,79.8316,completed,81623.86,49971.65,-1.4459,0.00,0.0000,0.1383,1.3752,1.3347,0.3753,0.4729,,,,
53.1288,6,6,21.2457,74.3737,completed,81623.86,49971.65,-1.4459,0.00,0.0000,0.2420,0.3647,1.6302,0.6401,1.0737,,,,
58.5447,5,5,25.0756,83.6196,completed,81623.86,49971.65,-1.4459,0.00,0.0000,0.2569,2.0668,0.9656,0.2466,,,,,
30.8135,10,10,38.0228,68.8358,completed,81623.86,49971.65,-1.4459,0.00,0.0000,0.3361,0.2407,0.4626,1.9097,0.5937,0.5006,0.1151,0.3286,0.5085
51.1147,7,7,26.6283,77.7423,completed,81623.86,49971.65,-1.4459,0.00,0.0000,0.1472,0.4200,2.0132,0.3589,0.1111,0.6852,,,
43.1888,8,8,49.8043,92.9924,completed,81623.86,49971.65,-1.4459,0.00,0.0000,0.3475,0.4556,1.1268,3.9862,3.1054,2.6097,2.1813,,
49.6816,7,7,31.7437,81.4247,completed,81623.86,49971.65,-1.4459,0.00,0.0000,0.3055,1.6322,6.5179,6.7676,3.9288,3.2187,,,
58.3471,5,5,19.8669,78.2139,completed,81623.86,49971.65,-1.4459,0.00,0.0000,0.2513,1.5531,5.1854,4.2444,,,,,
59.1669,5,5,19.6535,78.8196,completed,81623.86,49971.65,-1.4459,0.00,0.0000,0.3982,2.4225,0.3513,0.7200,,,,,
51.0414,7,7,27.3214,78.3624,completed,81623.86,49971.65,-1.4459,0.00,0.0000,0.4266,0.7546,1.2130,6.2649,3.1008,2.6159,,,
50.1203,7,7,24.7215,74.8415,completed,81623.86,49971.65,-1.4459,0.00,0.0000,0.2214,0.6617,2.8045,0.8620,0.2498,0.4945,,,
23.3303,10,10,52.3741,75.7042,completed,81623.86,49971.65,-1.4459,0.00,0.0000,0.3854,0.2344,0.4505,1.0265,1.7749,0.8717,0.7668,1.2938,1.4443
28.6561,10,10,38.6593,67.3153,completed,81623.86,49971.65,-1.4459,0.00,0.0000,0.1280,0.1297,0.2810,0.9890,3.0948,3.8791,2.3343,1.7058,1.5524
35.9672,9,3,17.4426,53.4096,converged,81623.86,49971.65,-1.4459,0.00,0.0000,0.1694,0.0897,,,,,,,
37.3659,9,3,14.9852,52.3503,converged,81623.86,49971.65,-1.4459,0.00,0.0000,0.1973,0.0894,,,,,,,
37.0498,9,9,32.1487,69.1977,completed,81623.86,49971.65,-1.4459,0.00,0.0000,0.1883,0.1455,0.7155,1.8032,0.5453,0.3193,0.2659,0.4212,
26.1876,10,10,39.3306,65.5176,completed,81623.86,49971.65,-1.4459,0.00,0.0000,0.1080,0.1060,0.3471,1.3706,0.3262,0.3863,0.2316,0.2642,0.4099
51.1699,7,7,23.7279,74.8969,completed,81623.86,49971.65,-1.4459,0.00,0.0000,0.5232,0.2694,2.0918,5.4600,2.6384,2.0657,,,
52.6089,6,6,25.6546,78.2626,completed,81623.86,49971.65,-1.4459,0.00,0.0000,0.4244,1.0628,0.7146,1.0805,1.3144,,,,
52.0120,6,6,22.2622,74.2742,completed,81623.86,49971.65,-1.4459,0.00,0.0000,0.2758,0.5578,0.7139,0.8842,0.1735,,,,
44.6133,8,8,40.8230,85.4360,completed,81623.86,49971.65,-1.4459,0.00,0.0000,0.2361,0.2252,2.2391,0.5281,0.3573,0.4558,0.4180,,
50.1024,7,7,41.8742,91.9762,completed,81623.86,49971.65,-1.4459,0.00,0.0000,0.2271,0.4713,2.3462,0.5599,0.1471,0.6143,,,
52.0048,6,6,34.7581,86.7622,completed,81623.86,49971.65,-1.4459,0.00,0.0000,0.3303,1.3446,3.3482,3.6393,2.8497,,,,
55.6626,6,6,23.5189,79.1809,completed,81623.86,49971.65,-1.4459,0.00,0.0000,0.4847,1.6757,1.4633,3.0423,2.1505,,,,
45.3134,8,8,35.6223,80.9353,completed,81623.86,49971.65,-1.4459,0.00,0.0000,0.0767,0.1462,0.5924,4.2364,4.1287,2.3400,1.8587,,
31.5936,10,10,35.0408,66.6339,completed,81623.86,49971.65,-1.4459,0.00,0.0000,0.1181,0.1571,0.1194,1.0665,5.8315,3.6970,1.7602,2.1246,1.9711
45.4549,8,8,33.8513,79.3053,completed,81623.86,49971.65,-1.4459,0.00,0.0000,0.1194,0.5418,1.8424,0.2720,0.3302,0.2316,0.3575,,
27.1184,10,8,28.8198,55.9378,converged,81623.86,49971.65,-1.4459,0.00,0.0000,0.3214,0.2410,0.5027,1.8669,0.4307,0.3638,0.0847,,
35.7423,9,9,46.4728,82.2148,completed,81623.86,49971.65,-1.4459,0.00,0.0000,0.1144,0.2035,0.2190,0.8205,0.8425,0.2424,1.2721,1.1429,
56.6919,6,6,24.4225,81.1136,completed,81623.86,49971.65,-1.4459,0.00,0.0000,0.2665,0.8125,1.0229,0.7314,1.0728,,,,
44.5970,8,8,35.5562,80.1533,completed,81623.86,49971.65,-1.4459,0.00,0.0000,0.3923,0.2767,0.6717,2.0736,1.8212,1.3687,1.4487,,
28.7204,10,10,40.6182,69.3383,completed,81623.86,49971.65,-1.4459,0.00,0.0000,0.3827,0.4700,0.2454,0.5419,1.8941,0.6734,0.5619,0.9164,0.8909
53.8730,6,6,24.2955,78.1685,completed,81623.86,49971.65,-1.4459,0.00,0.0000,0.2923,0.6455,0.7378,0.4857,0.2863,,,,
39.6791,9,3,12.8958,52.5749,converged,81623.86,49971.65,-1.4459,0.00,0.0000,0.1189,0.0749,,,,,,,
36.0516,9,9,34.2179,70.2776,completed,81623.86,49971.65,-1.4459,0.00,0.0000,0.2332,0.1988,0.3538,1.7254,6.6469,1.9388,2.5924,2.5072,
24.9851,10,3,13.0575,38.0425,converged,81623.86,49971.65,-1.4459,0.00,0.0000,0.1748,0.0880,,,,,,,
28.1966,10,10,39.0634,67.2594,completed,81623.86,49971.65,-1.4459,0.00,0.0000,0.2246,0.1481,0.5252,1.4624,0.8647,0.3711,0.1605,0.4411,0.8153
26.8234,10,8,33.3782,60.2012,converged,81623.86,49971.65,-1.4459,0.00,0.0000,0.2677,0.2137,0.3305,1.2940,0.7753,0.1953,0.0349,,
35.0924,9,9,46.4618,81.5538,completed,81623.86,49971.65,-1.4459,0.00,0.0000,0.0832,0.1824,1.0994,1.2716,0.5026,0.2172,0.3406,0.4848,
45.3010,8,7,22.6446,67.9447,converged,81623.86,49971.65,-1.4459,0.00,0.0000,0.2244,0.1419,1.0253,0.7753,1.3739,0.0822,,,
26.1966,10,10,57.4299,83.6260,completed,81623.86,49971.65,-1.4459,0.00,0.0000,0.0869,0.2213,1.2713,1.7726,0.3810,0.4120,0.2346,0.3156,0.4080
42.4755,8,8,32.3865,74.8615,completed,81623.86,49971.65,-1.4459,0.00,0.0000,0.1400,0.5245,1.3240,5.0072,3.2250,2.2239,2.3649,,
59.8893,5,5,23.4778,83.3668,completed,81623.86,49971.65,-1.4459,0.00,0.0000,0.2932,1.6722,5.6589,3.9593,,,,,
26.6071,10,10,35.8215,62.4285,completed,81623.86,49971.65,-1.4459,0.00,0.0000,0.2673,0.2257,0.3440,1.9305,0.8805,0.4789,0.2469,0.3152,0.4798
41.8783,8,8,29.4010,71.2790,completed,81623.86,49971.65,-1.4459,0.00,0.0000,0.3613,0.1350,1.3182,0.6633,0.4054,0.4017,0.8099,,
39.6203,9,9,40.5164,80.1364,completed,81623.86,49971.65,-1.4459,0.00,0.0000,0.3464,0.4016,0.6918,3.7841,4.9327,2.1519,2.5775,2.3028,
38.5219,9,9,36.5109,75.0319,completed,81623.86,49971.65,-1.4459,0.00,0.0000,0.1506,0.2768,1.9378,1.2010,0.4302,0.2058,0.5487,0.4648,
33.1232,10,10,42.0231,75.1462,completed,81623.86,49971.65,-1.4459,0.00,0.0000,0.1892,0.2134,0.1611,0.5724,2.2755,0.2137,0.2123,0.7028,0.8090
40.8523,8,3,10.5234,51.3754,converged,81623.86,49971.65,-1.4459,0.00,0.0000,0.1981,0.0746,,,,,,,
51.3634,7,7,26.8436,78.2066,completed,81623.86,49971.65,-1.4459,0.00,0.0000,0.2232,0.4593,0.7580,2.9080,1.9208,1.6065,,,
37.2786,9,9,47.4049,84.6829,completed,81623.86,49971.65,-1.4459,0.00,0.0000,0.3970,0.3988,0.7965,5.2559,5.6623,2.6415,2.7092,2.2003,
20.2072,10,10,35.1924,55.3994,completed,81623.86,49971.65,-1.4459,0.00,0.0000,0.2117,0.3910,0.3963,1.0455,1.1730,0.3712,0.1463,0.1821,0.3957
36.2337,9,9,36.3553,72.5883,completed,81623.86,49971.65,-1.4459,0.00,0.0000,0.1502,0.1059,0.2231,3.1618,7.7145,2.8443,2.8291,2.5647,
26.3672,10,10,32.8606,59.2277,completed,81623.86,49971.65,-1.4459,0.00,0.0000,0.3089,0.3750,0.2674,0.4244,2.2957,1.5587,0.1083,0.7441,0.8690
50.4545,7,7,26.1275,76.5816,completed,81623.86,49971.65,-1.4459,0.00,0.0000,0.3167,0.1628,1.0676,0.3354,0.3392,0.8506,,,
30.3395,10,4,13.1586,43.4976,converged,81623.86,49971.65,-1.4459,0.00,0.0000,0.1737,0.2475,0.0811,,,,,,
34.4296,9,3,11.8861,46.3151,converged,81623.86,49971.65,-1.4459,0.00,0.0000,0.0604,0.0736,,,,,,,
23.5837,10,8,24.6330,48.2160,converged,81623.86,49971.65,-1.4459,0.00,0.0000,0.2101,0.1717,0.3328,1.1976,0.1972,0.7237,0.0964,,
48.7439,7,7,32.4612,81.2042,completed,81623.86,49971.65,-1.4459,0.00,0.0000,0.1480,0.3706,1.4010,0.5560,0.1392,0.7256,,,
56.4084,6,6,33.5795,89.9875,completed,81623.86,49971.65,-1.4459,0.00,0.0000,0.1691,1.0054,1.2021,0.3849,0.3267,,,,
48.4018,7,7,41.7214,90.1224,completed,81623.86,49971.65,-1.4459,0.00,0.0000,0.2963,0.1581,2.2541,0.3064,0.1113,0.6835,,,
30.1487,10,8,27.9277,58.0757,converged,81623.86,49971.65,-1.4459,0.00,0.0000,0.1075,0.2367,0.4499,0.4045,0.5927,1.3044,0.0950,,
26.9600,10,10,60.0635,87.0225,completed,81623.86,49971.65,-1.4459,0.00,0.0000,0.2735,0.4096,0.4165,0.6319,0.4159,0.3281,0.5240,1.0925,0.9955
29.9537,10,3,16.6469,46.6000,converged,81623.86,49971.65,-1.4459,0.00,0.0000,0.2377,0.0443,,,,,,,
55.9907,6,6,23.8822,79.8722,completed,81623.86,49971.65,-1.4459,0.00,0.0000,0.4698,1.7634,8.1241,4.2408,3.7141,,,,
40.5531,8,8,37.3170,77.8700,completed,81623.86,49971.65,-1.4459,0.00,0.0000,0.2584,0.3712,1.3942,1.5496,0.7032,0.3669,0.8428,,
28.6594,10,10,47.4240,76.0831,completed,81623.86,49971.65,-1.4459,0.00,0.0000,0.2328,0.1032,0.4823,0.2929,3.3443,1.9802,1.9158,1.8178,1.7876
20.3696,10,10,35.3046,55.6737,completed,81623.86,49971.65,-1.4459,0.00,0.0000,0.2463,0.3627,0.1793,1.1614,0.5260,0.3880,0.2758,0.5880,0.7648
34.9941,9,9,39.0548,74.0489,completed,81623.86,49971.65,-1.4459,0.00,0.0000,0.1486,0.1751,1.2968,1.5708,0.5871,0.2035,0.5575,0.9675,
47.9051,7,6,18.8494,66.7544,converged,81623.86,49971.65,-1.4459,0.00,0.0000,0.2179,0.3454,2.1336,0.2347,0.0582,,,,
51.4267,7,7,27.3010,78.7270,completed,81623.86,49971.65,-1.4459,0.00,0.0000,0.1255,0.7733,1.5549,0.7592,0.2720,0.4131,,,
53.0422,6,6,31.3290,84.3710,completed,81623.86,49971.65,-1.4459,0.00,0.0000,0.1058,1.6676,0.6648,1.4992,1.6217,,,,
32.0990,10,10,39.7286,71.8266,completed,81623.86,49971.65,-1.4459,0.00,0.0000,0.0987,0.1116,0.2654,1.2444,0.1661,0.4986,0.1296,0.2089,0.4092
46.6846,7,7,39.5892,86.2732,completed,81623.86,49971.65,-1.4459,0.00,0.0000,0.1978,0.5781,0.6437,2.7825,1.2318,1.4332,,,
32.8416,10,10,36.0655,68.9065,completed,81623.86,49971.65,-1.4459,0.00,0.0000,0.2940,0.2848,0.1097,0.4772,4.1743,2.0639,1.2627,1.7045,1.7639
54.4134,6,6,33.3919,87.8049,completed,81623.86,49971.65,-1.4459,0.00,0.0000,0.5872,0.4439,2.6144,0.9549,0.1222,,,,
22.9654,10,10,58.0544,81.0194,completed,81623.86,49971.65,-1.4459,0.00,0.0000,0.1839,0.1494,0.2167,1.4589,0.6611,0.3263,0.6579,0.9688,0.8968
25.8964,10,3,11.6509,37.5469,converged,81623.86,49971.65,-1.4459,0.00,0.0000,0.1937,0.0840,,,,,,,
28.3348,10,10,47.2539,75.5879,completed,81623.86,49971.65,-1.4459,0.00,0.0000,0.1521,0.3045,0.3568,1.0804,0.9097,0.4449,0.1710,0.3395,0.5757
29.3828,10,3,19.8496,49.2317,converged,81623.86,49971.65,-1.4459,0.00,0.0000,0.2692,0.0921,,,,,,,
35.9987,9,9,40.4800,76.4780,completed,81623.86,49971.65,-1.4459,0.00,0.0000,0.2988,0.2398,0.4933,1.7171,0.3593,0.7371,0.3340,0.7311,
21.4886,10,10,54.6456,76.1336,completed,81623.86,49971.65,-1.4459,0.00,0.0000,0.2806,0.3074,0.1448,0.4011,3.8648,2.5474,1.0811,1.5149,1.6245
43.6506,8,8,35.0969,78.7469,completed,81623.86,49971.65,-1.4459,0.00,0.0000,0.5855,0.8293,0.4410,0.6508,1.7997,0.1722,0.4233,,
34.8993,9,9,31.5577,66.4568,completed,81623.86,49971.65,-1.4459,0.00,0.0000,0.2334,0.3122,1.6622,1.5101,0.5956,0.1391,0.3715,0.4649,
50.5129,7,7,32.4584,82.9704,completed,81623.86,49971.65,-1.4459,0.00,0.0000,0.2901,0.1216,0.8711,1.9220,1.8344,1.4604,,,
56.1755,6,6,23.1508,79.3258,completed,81623.86,49971.65,-1.4459,0.00,0.0000,0.2668,0.2883,0.6539,0.6147,0.5306,,,,
40.4949,8,8,35.5012,75.9952,completed,81623.86,49971.65,-1.4459,0.00,0.0000,0.3082,0.2590,0.2162,2.6257,1.0849,1.1436,1.2175,,
30.7701,10,10,36.6296,67.3997,completed,81623.86,49971.65,-1.4459,0.00,0.0000,0.2249,0.2826,0.1470,2.0804,0.9057,0.3084,0.1400,0.2609,0.4779
46.2420,7,7,24.7368,70.9778,completed,81623.86,49971.65,-1.4459,0.00,0.0000,0.1997,0.2517,0.8891,4.5197,2.6488,2.3126,,,
58.2307,5,5,24.9824,83.2124,completed,81623.86,49971.65,-1.4459,0.00,0.0000,0.7641,0.8641,1.2282,0.1495,,,,,
22.7962,10,10,44.3745,67.1705,completed,81623.86,49971.65,-1.4459,0.00,0.0000,0.2217,0.4303,0.7120,0.6083,1.6120,3.1295,2.2830,1.6617,1.3858
27.1277,10,10,51.4219,78.5490,completed,81623.86,49971.65,-1.4459,0.00,0.0000,0.1749,0.4483,0.7944,0.6076,0.7393,0.2720,0.7279,1.1510,1.0467
26.3869,10,3,14.4666,40.8526,converged,81623.86,49971.65,-1.4459,0.00,0.0000,0.1234,0.0561,,,,,,,
52.8064,6,6,28.6992,81.5053,completed,81623.86,49971.65,-1.4459,0.00,0.0000,0.3289,0.8777,0.6430,0.5614,0.2420,,,,
52.4719,6,6,33.8463,86.3173,completed,81623.86,49971.65,-1.4459,0.00,0.0000,0.5320,0.3825,2.9240,0.3350,0.3825,,,,
59.7082,5,5,21.0383,80.7463,completed,81623.86,49971.65,-1.4459,0.00,0.0000,0.1331,1.8293,0.3782,0.1845,,,,,
51.6037,7,7,38.5145,90.1175,completed,81623.86,49971.65,-1.4459,0.00,0.0000,0.1797,0.4447,4.1154,5.3339,2.9091,2.7977,,,
22.7817,10,8,40.0145,62.7955,converged,81623.86,49971.65,-1.4459,0.00,0.0000,0.1615,0.1932,0.1758,1.1052,0.1830,0.4069,0.0644,,
46.0319,7,7,46.6406,92.6716,completed,81623.86,49971.65,-1.4459,0.00,0.0000,0.3176,0.1219,0.6083,6.0191,2.6397,2.7052,,,
32.3817,10,10,45.6791,78.0601,completed,81623.86,49971.65,-1.4459,0.00,0.0000,0.2127,0.3422,0.6106,0.9514,8.3931,4.3420,2.4349,2.4867,2.0800
39.9133,9,3,63.5983,103.5118,deadline,81623.86,49971.65,-1.4459,0.00,0.0000,0.1800,0.2302,,,,,,,
55.9668,6,5,22.5307,78.4968,converged,81623.86,49971.65,-1.4459,0.00,0.0000,0.2400,2.9447,1.9652,0.0533,,,,,
54.7938,6,6,28.7541,83.5471,completed,81623.86,49971.65,-1.4459,0.00,0.0000,0.1237,1.2353,1.2479,0.2278,0.5785,,,,
44.6655,8,8,29.4519,74.1169,completed,81623.86,49971.65,-1.4459,0.00,0.0000,0.3094,0.2149,1.7738,0.1672,0.5524,0.3449,0.6765,,
28.4311,10,10,40.9087,69.3397,completed,81623.86,49971.65,-1.4459,0.00,0.0000,0.2587,0.2302,0.3124,0.9614,1.3110,0.7103,0.4560,0.9718,0.9812
32.7210,10,10,38.5637,71.2838,completed,81623.86,49971.65,-1.4459,0.00,0.0000,0.0946,0.2711,0.7077,0.7758,4.9173,4.6708,1.8750,2.3622,2.2703
21.6786,10,10,37.9783,59.6564,completed,81623.86,49971.65,-1.4459,0.00,0.0000,0.2052,0.1453,0.3668,1.5715,0.3639,0.5661,0.1187,0.2608,0.4442
30.2317,10,8,29.4477,59.6787,converged,81623.86,49971.65,-1.4459,0.00,0.0000,0.2405,0.2724,0.2315,0.7978,1.2502,0.8035,0.0920,,
37.3690,9,3,8.5190,45.8871,converged,81623.86,49971.65,-1.4459,0.00,0.0000,0.1114,0.0935,,,,,,,
32.4680,10,8,35.7189,68.1860,converged,81623.86,49971.65,-1.4459,0.00,0.0000,0.2878,0.1953,0.2810,1.6305,0.8250,0.2700,0.0252,,
43.5675,8,8,34.2710,77.8381,completed,81623.86,49971.65,-1.4459,0.00,0.0000,0.3325,0.2811,0.4730,1.0335,0.7372,0.9205,0.9802,,
41.5866,8,8,29.0727,70.6587,completed,81623.86,49971.65,-1.4459,0.00,0.0000,0.1674,0.3019,2.3733,0.6451,0.2045,0.5565,0.9363,,
55.9749,6,6,27.8190,83.7930,completed,81623.86,49971.65,-1.4459,0.00,0.0000,0.6942,0.2302,0.8330,3.1576,1.9927,,,,
20.4618,10,10,40.4496,60.9107,completed,81623.86,49971.65,-1.4459,0.00,0.0000,0.2775,0.1124,0.5441,1.4771,0.7252,0.3840,0.1278,0.4472,0.7393
23.4609,10,3,10.7630,34.2230,converged,81623.86,49971.65,-1.4459,0.00,0.0000,0.0766,0.0966,,,,,,,
38.9526,9,9,35.5735,74.5255,completed,81623.86,49971.65,-1.4459,0.00,0.0000,0.2731,0.2440,0.2828,3.0918,6.0240,1.3220,1.9541,2.7101,
25.2801,10,10,41.6100,66.8901,completed,81623.86,49971.65,-1.4459,0.00,0.0000,0.3261,0.2617,0.1644,1.3223,4.9098,2.4524,1.9654,2.1041,1.9052
58.3303,5,5,28.0171,86.3472,completed,81623.86,49971.65,-1.4459,0.00,0.0000,0.1575,2.3822,0.7165,0.3683,,,,,
47.6608,7,7,42.0653,89.7254,completed,81623.86,49971.65,-1.4459,0.00,0.0000,0.4624,0.3084,3.0107,6.4889,3.5401,2.9739,,,
38.0357,9,9,34.7144,72.7495,completed,81623.86,49971.65,-1.4459,0.00,0.0000,0.2195,0.2431,0.3626,0.6401,2.8950,2.7155,1.5477,1.2243,
44.8215,8,8,30.4212,75.2423,completed,81623.86,49971.65,-1.4459,0.00,0.0000,0.3154,0.1816,1.8982,1.7323,0.1862,0.3475,0.6363,,
23.5051,10,3,9.6086,33.1137,converged,81623.86,49971.65,-1.4459,0.00,0.0000,0.0475,0.0681,,,,,,,
49.3345,7,7,42.5324,91.8665,completed,81623.86,49971.65,-1.4459,0.00,0.0000,0.3640,0.1531,0.7548,6.8012,3.3609,3.3884,,,
55.2831,6,6,27.8869,83.1700,completed,81623.86,49971.65,-1.4459,0.00,0.0000,0.4788,0.9897,6.4784,3.3798,3.8318,,,,
57.3665,6,6,23.1734,80.5394,completed,81623.86,49971.65,-1.4459,0.00,0.0000,0.6596,0.2525,1.0298,0.4303,0.9581,,,,
51.5373,7,6,21.0903,72.6274,converged,81623.86,49971.65,-1.4459,0.00,0.0000,0.3875,0.4554,1.8878,0.3374,0.0437,,,,
30.1020,10,10,41.9080,72.0090,completed,81623.86,49971.65,-1.4459,0.00,0.0000,0.1378,0.1494,0.5006,1.2419,2.0221,2.1909,1.4449,0.9895,1.0616
46.0313,7,7,27.3738,73.4048,completed,81623.86,49971.65,-1.4459,0.00,0.0000,0.1768,0.2386,1.6855,0.3427,0.3832,0.3597,,,
59.0790,5,5,24.4626,83.5406,completed,81623.86,49971.65,-1.4459,0.00,0.0000,0.4083,0.7033,3.0441,1.9882,,,,,
47.4082,7,7,25.2427,72.6507,completed,81623.86,49971.65,-1.4459,0.00,0.0000,0.5834,0.1981,1.6896,0.7846,0.6510,0.3692,,,
48.5299,7,7,34.0149,82.5439,completed,81623.86,49971.65,-1.4459,0.00,0.0000,0.2530,0.7638,2.9998,0.4299,0.2613,0.5984,,,
22.8226,10,10,49.2631,72.0852,completed,81623.86,49971.65,-1.4459,0.00,0.0000,0.3125,0.3588,0.1220,1.5020,0.8637,0.3136,0.1519,0.4007,0.5682
54.1124,6,6,26.3484,80.4604,completed,81623.86,49971.65,-1.4459,0.00,0.0000,0.1222,0.6303,1.4387,0.2610,0.9771,,,,
24.0482,10,10,42.9759,67.0239,completed,81623.86,49971.65,-1.4459,0.00,0.0000,0.1505,0.1412,0.8146,2.1039,0.3145,0.4948,0.9280,1.2028,1.0568
39.8625,9,9,56.4093,96.2713,completed,81623.86,49971.65,-1.4459,0.00,0.0000,0.4009,0.5375,1.2440,5.3857,4.2213,1.6011,2.3091,2.0093,
27.3761,10,4,17.8698,45.2459,converged,81623.86,49971.65,-1.4459,0.00,0.0000,0.2395,0.2525,0.0968,,,,,,
27.2539,10,10,42.2115,69.4645,completed,81623.86,49971.65,-1.4459,0.00,0.0000,0.2372,0.1706,0.3178,0.9761,2.0781,0.8459,0.4844,0.5220,0.8917
38.5922,9,9,35.1969,73.7889,completed,81623.86,49971.65,-1.4459,0.00,0.0000,0.0560,0.2319,1.0512,0.8695,0.7225,0.2480,0.2271,0.4356,
33.5771,10,10,40.3196,73.8966,completed,81623.86,49971.65,-1.4459,0.00,0.0000,0.1762,0.1397,0.5109,2.1773,0.6049,0.2130,0.2545,0.4407,0.4139
40.8449,8,8,29.7568,70.6008,completed,81623.86,49971.65,-1.4459,0.00,0.0000,0.4822,0.2524,1.7209,2.4189,0.4141,0.5994,0.4888,,
37.1583,9,9,31.3893,68.5473,completed,81623.86,49971.65,-1.4459,0.00,0.0000,0.3704,0.3209,0.3092,1.0883,0.2767,0.6560,0.2626,0.6174,
36.7183,9,9,33.3324,70.0505,completed,81623.86,49971.65,-1.4459,0.00,0.0000,0.1856,0.2313,0.2602,1.6489,2.2554,0.7454,0.9894,1.1607,
52.3298,6,6,23.1483,75.4773,completed,81623.86,49971.65,-1.4459,0.00,0.0000,0.3653,0.2550,5.3258,4.3400,4.0291,,,,
30.0223,10,10,60.8420,90.8641,completed,81623.86,49971.65,-1.4459,0.00,0.0000,0.0872,0.1033,0.3254,1.8008,0.5183,0.2584,0.2274,0.2336,0.3400
23.0052,10,10,45.2510,68.2561,completed,81623.86,49971.65,-1.4459,0.00,0.0000,0.1018,0.1024,0.3665,1.8589,0.3337,0.3043,0.2709,0.5539,0.3902
32.1154,10,8,38.8181,70.9331,converged,81623.86,49971.65,-1.4459,0.00,0.0000,0.2444,0.7473,2.0716,1.7828,0.4018,0.3139,0.0799,,
20.5704,10,10,43.0120,63.5821,completed,81623.86,49971.65,-1.4459,0.00,0.0000,0.1725,0.1409,0.5429,1.8279,0.3844,0.3867,0.1803,0.3307,0.5219
56.6907,6,6,26.6667,83.3567,completed,81623.86,49971.65,-1.4459,0.00,0.0000,0.2560,2.3394,11.8233,7.1486,5.4024,,,,
29.5742,10,4,21.3224,50.8964,converged,81623.86,49971.65,-1.4459,0.00,0.0000,0.1609,0.1359,0.0999,,,,,,
51.8518,7,7,35.2081,87.0591,completed,81623.86,49971.65,-1.4459,0.00,0.0000,0.3409,0.6006,1.4483,0.3806,0.2751,0.5612,,,
47.0401,7,7,31.7433,78.8865,completed,81623.86,49971.65,-1.4459,0.00,0.0000,0.3568,0.5134,1.2606,0.2756,0.4726,0.5446,,,
47.3382,7,7,36.2163,83.5543,completed,81623.86,49971.65,-1.4459,0.00,0.0000,0.3604,0.5086,1.0834,0.8728,0.3972,1.1564,,,
49.2207,7,7,30.7086,79.9286,completed,81623.86,49971.65,-1.4459,0.00,0.0000,0.5229,0.4569,2.4250,0.3550,0.1628,0.3777,,,
47.8949,7,7,32.5334,80.4275,completed,81623.86,49971.65,-1.4459,0.00,0.0000,0.1756,0.4452,2.3975,0.2418,0.1602,0.7073,,,
49.0703,7,7,39.8826,88.9526,completed,81623.86,49971.65,-1.4459,0.00,0.0000,0.5346,0.2554,1.6377,7.0806,3.6693,2.6425,,,
21.7204,10,10,42.9749,64.6950,completed,81623.86,49971.65,-1.4459,0.00,0.0000,0.3013,0.1612,0.5362,1.1881,0.3129,0.2141,0.1446,0.2480,0.4104
55.8976,6,6,24.4186,80.3156,completed,81623.86,49971.65,-1.4459,0.00,0.0000,0.5348,0.5586,1.1359,0.6206,0.4427,,,,
51.2542,7,7,33.3180,84.5720,completed,81623.86,49971.65,-1.4459,0.00,0.0000,0.5626,0.1495,0.8756,4.1879,1.8095,2.0244,,,
58.5149,5,5,37.8685,96.3826,completed,81623.86,49971.65,-1.4459,0.00,0.0000,0.2531,2.7692,0.3677,0.4800,,,,,
36.0834,9,9,38.4210,74.5040,completed,81623.86,49971.65,-1.4459,0.00,0.0000,0.2457,0.1002,1.1613,2.1266,0.3344,0.2913,0.2850,0.4343,
21.8026,10,3,10.2495,32.0516,converged,81623.86,49971.65,-1.4459,0.00,0.0000,0.2451,0.0707,,,,,,,
21.3495,10,10,45.1202,66.4692,completed,81623.86,49971.65,-1.4459,0.00,0.0000,0.2262,0.1412,0.6547,2.1384,0.3298,0.5283,0.3247,0.4039,0.5192
22.7575,10,10,42.4351,65.1922,completed,81623.86,49971.65,-1.4459,0.00,0.0000,0.1597,0.1243,0.9204,1.8425,0.4362,0.7398,0.1062,0.2209,0.4456
29.1256,10,10,39.6494,68.7744,completed,81623.86,49971.65,-1.4459,0.00,0.0000,0.2650,0.1784,0.6568,1.9746,0.2344,0.5460,0.3822,0.3686,0.5308
37.1167,9,9,39.1021,76.2182,completed,81623.86,49971.65,-1.4459,0.00,0.0000,0.2945,0.3134,0.7519,2.4228,0.4803,0.3608,0.4583,0.5157,
57.7560,6,6,23.6991,81.4541,completed,81623.86,49971.65,-1.4459,0.00,0.0000,0.1235,1.9940,0.8735,0.2672,0.6896,,,,
28.0757,10,10,45.0201,73.0951,completed,81623.86,49971.65,-1.4459,0.00,0.0000,0.3017,0.4766,0.8962,1.7429,0.5590,1.1401,1.5774,1.4520,1.3450
52.4874,6,6,25.4001,77.8872,completed,81623.86,49971.65,-1.4459,0.00,0.0000,0.2505,1.6008,1.0710,0.2733,0.5056,,,,
21.6254,10,10,41.0828,62.7078,completed,81623.86,49971.65,-1.4459,0.00,0.0000,0.3515,0.2631,0.4330,2.1118,1.0370,0.4375,0.1713,0.2475,0.4871
28.1043,10,10,45.6741,73.7781,completed,81623.86,49971.65,-1.4459,0.00,0.0000,0.2790,0.3292,0.1049,1.3713,0.2754,0.5288,0.1466,0.3507,0.5511
45.6013,8,8,31.0975,76.6985,completed,81623.86,49971.65,-1.4459,0.00,0.0000,0.1774,0.3105,1.7520,0.1257,0.5560,0.3965,0.7566,,
50.5872,7,7,35.2370,85.8241,completed,81623.86,49971.65,-1.4459,0.00,0.0000,0.0972,0.3252,1.9146,0.3917,0.2547,0.4631,,,
44.9043,8,8,32.7649,77.6689,completed,81623.86,49971.65,-1.4459,0.00,0.0000,0.2864,0.2556,0.5547,0.6231,0.3396,1.2328,1.0436,,
21.5466,10,10,44.2907,65.8368,completed,81623.86,49971.65,-1.4459,0.00,0.0000,0.1199,0.1725,0.1093,0.6983,2.0635,2.1975,1.7625,1.3456,1.2869
54.5457,6,6,21.1802,75.7252,completed,81623.86,49971.65,-1.4459,0.00,0.0000,0.3133,0.3329,2.7259,3.2690,2.5168,,,,
29.9402,10,10,34.5496,64.4896,completed,81623.86,49971.65,-1.4459,0.00,0.0000,0.2218,0.2057,0.3803,1.7136,2.0447,0.3068,0.1536,0.2051,0.3640
57.9166,6,6,24.2266,82.1426,completed,81623.86,49971.65,-1.4459,0.00,0.0000,0.2630,0.1984,1.1261,0.2110,0.8439,,,,
55.9169,6,6,33.2664,89.1824,completed,81623.86,49971.65,-1.4459,0.00,0.0000,0.1043,1.2536,0.5299,0.2527,0.3869,,,,
51.9694,7,7,37.1781,89.1472,completed,81623.86,49971.65,-1.4459,0.00,0.0000,0.1509,0.7374,2.2646,0.8968,0.3317,0.7928,,,
23.5331,10,10,41.4817,65.0148,completed,81623.86,49971.65,-1.4459,0.00,0.0000,0.1828,0.1093,0.5847,2.0019,0.3550,0.3590,0.1917,0.2892,0.4271
47.7023,7,6,25.3899,73.0919,converged,81623.86,49971.65,-1.4459,0.00,0.0000,0.3689,0.1114,2.7750,0.3033,0.0672,,,,
54.0277,6,6,26.8865,80.9135,completed,81623.86,49971.65,-1.4459,0.00,0.0000,0.4218,0.6473,2.5610,3.2329,3.0495,,,,
53.1324,6,6,26.2615,79.3935,completed,81623.86,49971.65,-1.4459,0.00,0.0000,0.3969,0.5615,2.5131,0.1879,0.4266,,,,
36.8471,9,9,30.5684,67.4154,completed,81623.86,49971.65,-1.4459,0.00,0.0000,0.4028,0.2798,0.2067,3.0533,6.2193,2.3714,2.4598,2.0674,
51.4040,7,6,20.9456,72.3497,converged,81623.86,49971.65,-1.4459,0.00,0.0000,0.0811,0.9990,1.9960,0.6161,0.0777,,,,
54.0032,6,6,40.5304,94.5510,completed,81623.86,49971.65,-1.4459,0.00,0.0000,0.3025,0.1522,2.4577,1.6166,1.5613,,,,
58.5378,5,5,22.1972,80.7342,completed,81623.86,49971.65,-1.4459,0.00,0.0000,0.1651,2.7806,0.3089,0.4265,,,,,
51.2968,7,7,27.6323,78.9284,completed,81623.86,49971.65,-1.4459,0.00,0.0000,0.4674,0.8444,0.7509,7.1493,2.2627,2.9960,,,
25.7969,10,10,51.6394,77.4355,completed,81623.86,49971.65,-1.4459,0.00,0.0000,0.3585,0.4668,0.2760,0.4372,3.2327,3.8256,1.7819,1.8580,1.7938
24.3117,10,10,56.7181,81.0291,completed,81623.86,49971.65,-1.4459,0.00,0.0000,0.2911,0.2103,0.3773,0.6277,3.1023,3.0772,2.0945,1.8566,1.7703
26.8535,10,8,70.1774,97.0304,deadline,81623.86,49971.65,-1.4459,0.00,0.0000,0.0880,0.1037,0.7056,1.9814,0.5622,0.2140,0.4192,,
56.7824,6,6,36.5187,93.3008,completed,81623.86,49971.65,-1.4459,0.00,0.0000,0.2852,0.2407,2.0759,0.4698,0.7693,,,,
31.3652,10,10,38.9309,70.2960,completed,81623.86,49971.65,-1.4459,0.00,0.0000,0.1421,0.3611,1.5731,1.9636,0.1041,0.2649,0.1877,0.2778,0.3840
48.5035,7,7,32.0218,80.5249,completed,81623.86,49971.65,-1.4459,0.00,0.0000,0.2657,0.2207,1.6660,4.6524,2.1136,2.3866,,,
29.3808,10,10,40.6809,70.0610,completed,81623.86,49971.65,-1.4459,0.00,0.0000,0.3102,0.2136,0.3065,1.0824,1.5797,0.9924,1.0470,0.8078,0.8343
42.7175,8,3,9.5149,52.2319,converged,81623.86,49971.65,-1.4459,0.00,0.0000,0.3238,0.0909,,,,,,,
49.3500,7,7,32.6145,81.9635,completed,81623.86,49971.65,-1.4459,0.00,0.0000,0.1384,0.3573,0.8263,0.9776,0.3759,0.4745,,,
35.7719,9,9,34.0902,69.8612,completed,81623.86,49971.65,-1.4459,0.00,0.0000,0.3242,0.1603,0.9230,1.7863,0.7376,0.5396,0.3654,0.9443,
20.3533,10,10,37.6989,58.0520,completed,81623.86,49971.65,-1.4459,0.00,0.0000,0.1956,0.2187,0.1024,1.4166,0.9486,0.7573,0.2189,0.2606,0.5202
47.5245,7,7,24.9151,72.4392,completed,81623.86,49971.65,-1.4459,0.00,0.0000,0.2893,0.3711,1.4939,0.5007,0.1136,0.6799,,,
48.4138,7,7,25.9077,74.3207,completed,81623.86,49971.65,-1.4459,0.00,0.0000,0.3930,0.2112,0.7496,2.1840,1.8880,1.5485,,,
33.5223,10,10,51.4256,84.9476,completed,81623.86,49971.65,-1.4459,0.00,0.0000,0.2617,0.1855,0.2866,1.0475,1.4723,0.9099,0.6807,0.4020,0.8303
36.5491,9,9,42.3372,78.8862,completed,81623.86,49971.65,-1.4459,0.00,0.0000,0.1812,0.1384,1.5476,1.8802,0.1990,0.2825,0.5750,0.5862,
36.1256,9,9,39.4378,75.5628,completed,81623.86,49971.65,-1.4459,0.00,0.0000,0.1322,0.3778,1.7495,1.1621,0.5046,0.3085,0.4880,0.5727,
48.3596,7,7,28.7600,77.1190,completed,81623.86,49971.65,-1.4459,0.00,0.0000,0.2785,0.3219,0.7223,1.2845,0.9889,1.1993,,,
59.6737,5,5,28.0271,87.7001,completed,81623.86,49971.65,-1.4459,0.00,0.0000,0.3496,2.5679,0.5256,0.5904,,,,,
35.5432,9,9,37.8581,73.4011,completed,81623.86,49971.65,-1.4459,0.00,0.0000,0.0823,0.4876,1.3905,0.9074,0.2797,0.1357,0.2679,0.5732,
54.2090,6,6,22.7014,76.9105,completed,81623.86,49971.65,-1.4459,0.00,0.0000,0.6423,1.6192,10.4933,5.8843,4.7619,,,,
59.3413,5,5,19.0624,78.4035,completed,81623.86,49971.65,-1.4459,0.00,0.0000,0.2577,2.2200,0.4527,0.7183,,,,,
36.8627,9,8,23.2950,60.1570,converged,81623.86,49971.65,-1.4459,0.00,0.0000,0.2521,0.2678,0.1954,0.6833,0.4043,1.0128,0.0866,,
28.8783,10,4,12.3005,41.1785,converged,81623.86,49971.65,-1.4459,0.00,0.0000,0.1970,0.1843,0.0960,,,,,,
36.0622,9,9,35.9295,71.9915,completed,81623.86,49971.65,-1.4459,0.00,0.0000,0.2802,0.1174,0.8480,1.7107,0.5806,0.2859,0.5894,0.9864,
29.7209,10,10,49.6955,79.4156,completed,81623.86,49971.65,-1.4459,0.00,0.0000,0.3983,0.5512,0.4378,0.5174,0.6495,1.6853,2.2171,1.3171,1.1350
41.6210,8,8,28.5106,70.1307,completed,81623.86,49971.65,-1.4459,0.00,0.0000,0.2521,0.1484,1.9899,0.4139,0.4214,0.3014,0.5372,,
52.3124,6,6,24.2631,76.5751,completed,81623.86,49971.65,-1.4459,0.00,0.0000,0.1384,2.5252,0.6586,0.2725,0.5132,,,,
37.2410,9,9,40.0512,77.2913,completed,81623.86,49971.65,-1.4459,0.00,0.0000,0.3206,0.2772,0.2756,1.9927,7.6653,2.8210,2.7594,2.6017,
20.1355,10,10,35.1726,55.3077,completed,81623.86,49971.65,-1.4459,0.00,0.0000,0.1505,0.1207,0.2326,0.5189,2.5354,0.3987,0.8239,0.6015,1.0318
36.9085,9,9,34.8733,71.7813,completed,81623.86,49971.65,-1.4459,0.00,0.0000,0.2309,0.1629,0.3381,3.7542,3.5915,0.9112,1.9178,2.3814,
27.7852,10,10,49.9466,77.7316,completed,81623.86,49971.65,-1.4459,0.00,0.0000,0.2773,0.2350,0.2293,1.1278,2.8520,3.0849,1.2581,1.4777,1.6567
37.0018,9,9,36.9607,73.9617,completed,81623.86,49971.65,-1.4459,0.00,0.0000,0.1341,0.2885,1.3199,2.0412,0.3827,0.2024,0.5385,0.7640,
52.7080,6,6,20.3934,73.1004,completed,81623.86,49971.65,-1.4459,0.00,0.0000,0.3173,0.8536,0.3378,0.9618,0.1767,,,,
50.2002,7,6,23.3246,73.5247,converged,81623.86,49971.65,-1.4459,0.00,0.0000,0.2481,1.3604,1.0255,0.7859,0.0775,,,,
33.5302,10,10,49.6033,83.1334,completed,81623.86,49971.65,-1.4459,0.00,0.0000,0.2334,0.3112,0.4567,2.1800,4.2625,3.0523,2.1580,2.2233,1.9610
55.9293,6,6,26.8802,82.8092,completed,81623.86,49971.65,-1.4459,0.00,0.0000,0.5781,0.6958,2.6752,0.4901,0.4565,,,,
58.3569,5,5,18.1985,76.5545,completed,81623.86,49971.65,-1.4459,0.00,0.0000,0.6072,0.8115,1.2531,1.7162,,,,,
31.0954,10,10,35.8608,66.9558,completed,81623.86,49971.65,-1.4459,0.00,0.0000,0.2911,0.2123,0.2477,0.5155,4.8884,2.4363,1.8675,2.0468,1.9135
23.2192,10,8,33.3030,56.5220,converged,81623.86,49971.65,-1.4459,0.00,0.0000,0.2576,0.3739,0.1748,1.4418,0.5451,0.2659,0.0406,,
39.0856,9,9,32.3564,71.4415,completed,81623.86,49971.65,-1.4459,0.00,0.0000,0.2603,0.1086,0.9316,1.5887,6.4101,2.9738,2.3950,2.1139,
38.2751,9,9,31.2768,69.5519,completed,81623.86,49971.65,-1.4459,0.00,0.0000,0.3351,0.2892,0.1127,0.7287,5.6070,2.0436,2.0086,1.8840,
51.5403,7,7,31.7550,83.2950,completed,81623.86,49971.65,-1.4459,0.00,0.0000,0.3084,0.1434,0.3294,0.2640,0.3781,0.6479,,,
25.3820,10,10,37.8843,63.2663,completed,81623.86,49971.65,-1.4459,0.00,0.0000,0.3005,0.3130,0.1769,0.6046,4.6445,2.5262,1.6764,1.7280,1.6387
35.4435,9,7,23.7434,59.1864,converged,81623.86,49971.65,-1.4459,0.00,0.0000,0.1343,0.2114,1.6902,1.8438,0.1844,0.0588,,,
32.3838,10,10,41.9021,74.2852,completed,81623.86,49971.65,-1.4459,0.00,0.0000,0.2068,0.2222,0.1592,1.3306,5.9119,3.6520,2.1601,2.2086,1.9050
46.1700,7,7,24.6432,70.8132,completed,81623.86,49971.65,-1.4459,0.00,0.0000,0.2212,0.9728,2.0385,0.4284,0.3616,0.5244,,,
48.9245,7,7,41.9285,90.8525,completed,81623.86,49971.65,-1.4459,0.00,0.0000,0.4388,0.4110,5.6092,7.6565,4.3500,3.7631,,,
24.2137,10,10,38.5571,62.7701,completed,81623.86,49971.65,-1.4459,0.00,0.0000,0.1906,0.1348,0.3405,0.9031,2.6347,0.7784,0.4981,0.4402,0.8314
56.8782,6,6,32.6183,89.4963,completed,81623.86,49971.65,-1.4459,0.00,0.0000,0.6939,0.2897,3.7535,2.8085,2.7756,,,,
24.4260,10,10,46.8345,71.2605,completed,81623.86,49971.65,-1.4459,0.00,0.0000,0.2182,0.1220,1.1730,3.1798,0.9182,0.2572,0.1192,0.7768,0.9115
37.0574,9,9,55.8119,92.8690,completed,81623.86,49971.65,-1.4459,0.00,0.0000,0.2704,0.1329,1.1960,1.7505,0.7372,0.3806,0.2668,0.5440,
37.1998,9,9,38.2112,75.4102,completed,81623.86,49971.65,-1.4459,0.00,0.0000,0.3181,0.2950,0.1881,0.8592,3.3632,0.6518,0.9497,1.0872,
46.9345,7,7,37.7358,84.6698,completed,81623.86,49971.65,-1.4459,0.00,0.0000,0.1512,0.3198,0.8211,4.2496,2.4798,1.8988,,,
39.3048,9,9,33.9347,73.2388,completed,81623.86,49971.65,-1.4459,0.00,0.0000,0.2003,0.3576,1.8733,1.0716,0.3741,0.1812,0.4710,0.4274,
34.6886,9,9,36.7588,71.4469,completed,81623.86,49971.65,-1.4459,0.00,0.0000,0.1742,0.1151,0.6754,1.7363,0.5064,0.1893,0.2460,0.4648,
50.6369,7,7,32.1969,82.8330,completed,81623.86,49971.65,-1.4459,0.00,0.0000,0.3189,0.3995,2.3082,0.6332,0.1339,0.5449,,,
55.9950,6,6,29.3252,85.3203,completed,81623.86,49971.65,-1.4459,0.00,0.0000,0.2436,0.3328,0.9037,0.3687,0.2430,,,,
38.3088,9,8,45.1721,83.4801,converged,81623.86,49971.65,-1.4459,0.00,0.0000,0.2722,0.3556,0.5084,0.6277,2.1736,0.9458,0.0590,,
31.0943,10,10,39.3198,70.4138,completed,81623.86,49971.65,-1.4459,0.00,0.0000,0.2780,0.5164,1.5758,5.4947,6.8214,2.7462,2.6556,2.5641,1.9943
58.4432,5,5,23.3388,81.7819,completed,81623.86,49971.65,-1.4459,0.00,0.0000,0.1098,1.0562,0.3613,0.9442,,,,,
40.3193,8,8,25.8585,66.1776,completed,81623.86,49971.65,-1.4459,0.00,0.0000,0.4442,0.4002,0.7964,0.9626,0.2291,0.6953,1.1178,,
49.6881,7,7,25.5947,75.2828,completed,81623.86,49971.65,-1.4459,0.00,0.0000,0.2351,0.2072,0.6395,4.7586,2.4430,2.1707,,,
43.6852,8,8,29.1990,72.8840,completed,81623.86,49971.65,-1.4459,0.00,0.0000,0.3912,0.6003,1.2739,5.6703,3.6071,2.8977,2.6052,,
50.7650,7,7,43.1019,93.8670,completed,81623.86,49971.65,-1.4459,0.00,0.0000,0.7083,1.3706,3.0880,5.9327,2.6164,2.9485,,,
26.1668,10,10,49.5308,75.6968,completed,81623.86,49971.65,-1.4459,0.00,0.0000,0.2138,0.2043,0.1731,0.5034,2.8429,2.0390,1.7809,1.8156,1.7528
59.8326,5,5,23.0215,82.8535,completed,81623.86,49971.65,-1.4459,0.00,0.0000,0.3220,2.0259,0.4564,0.2829,,,,,
50.0845,7,7,24.3494,74.4334,completed,81623.86,49971.65,-1.4459,0.00,0.0000,0.1183,0.5089,2.2212,0.5426,0.1646,0.5576,,,
56.6130,6,6,29.8869,86.4990,completed,81623.86,49971.65,-1.4459,0.00,0.0000,0.4232,0.2881,0.4261,0.4905,0.3881,,,,
34.4569,9,9,34.8375,69.2935,completed,81623.86,49971.65,-1.4459,0.00,0.0000,0.0838,0.1399,1.1356,1.4965,0.6637,0.1756,0.5629,0.4653,
32.7803,10,10,53.1000,85.8800,completed,81623.86,49971.65,-1.4459,0.00,0.0000,0.1378,0.1360,0.2072,0.5834,2.8324,4.3047,2.0150,2.0757,1.8950
20.2117,10,10,45.7722,65.9832,completed,81623.86,49971.65,-1.4459,0.00,0.0000,0.2605,0.3650,0.4815,1.4798,6.5064,3.0090,2.0145,2.1626,1.9071
52.7063,6,6,26.1116,78.8177,completed,81623.86,49971.65,-1.4459,0.00,0.0000,0.2659,0.6184,1.2259,0.3102,0.3371,,,,
22.8111,10,8,37.9362,60.7472,converged,81623.86,49971.65,-1.4459,0.00,0.0000,0.2801,0.1233,0.7586,1.7877,0.6355,0.5781,0.0632,,
42.0512,8,8,45.2140,87.2651,completed,81623.86,49971.65,-1.4459,0.00,0.0000,0.2680,0.2169,1.3077,2.2139,1.1218,1.0070,1.2872,,
47.9300,7,6,17.8743,65.8033,converged,81623.86,49971.65,-1.4459,0.00,0.0000,0.2796,0.2787,2.0167,0.7183,0.0555,,,,
46.3612,7,7,35.4558,81.8168,completed,81623.86,49971.65,-1.4459,0.00,0.0000,0.2521,0.1391,2.1694,0.4224,0.2261,0.4094,,,
49.1471,7,7,42.6446,91.7917,completed,81623.86,49971.65,-1.4459,0.00,0.0000,0.4701,0.1070,0.6375,3.6034,1.4614,1.9447,,,
29.5457,10,10,52.3375,81.8825,completed,81623.86,49971.65,-1.4459,0.00,0.0000,0.2006,0.1713,0.3938,1.4956,0.1775,0.5641,0.1149,0.5472,0.7853
30.5969,10,10,36.3878,66.9838,completed,81623.86,49971.65,-1.4459,0.00,0.0000,0.1943,0.1376,0.4411,1.6925,0.2181,0.6591,0.2818,0.2142,0.4282
27.9344,10,4,13.5023,41.4363,converged,81623.86,49971.65,-1.4459,0.00,0.0000,0.3656,0.3163,0.0828,,,,,,
22.5817,10,10,34.2453,56.8263,completed,81623.86,49971.65,-1.4459,0.00,0.0000,0.2585,0.2831,0.4546,0.5231,3.5499,5.7554,2.5483,2.5177,2.0591
38.5692,9,9,34.7516,73.3207,completed,81623.86,49971.65,-1.4459,0.00,0.0000,0.1755,0.2227,0.2223,0.4909,2.2913,1.5890,1.1268,1.1172,
34.5778,9,9,37.4759,72.0529,completed,81623.86,49971.65,-1.4459,0.00,0.0000,0.2228,0.1078,0.9187,1.3569,0.2655,0.4866,0.3206,0.6758,
45.8853,8,8,33.0603,78.9454,completed,81623.86,49971.65,-1.4459,0.00,0.0000,0.2017,0.4642,2.1692,1.1493,0.3556,0.4693,0.6262,,
42.8319,8,8,40.3944,83.2254,completed,81623.86,49971.65,-1.4459,0.00,0.0000,0.2251,0.2878,1.4859,0.2326,0.4254,0.1543,0.5210,,
33.1708,10,10,46.8971,80.0671,completed,81623.86,49971.65,-1.4459,0.00,0.0000,0.2857,0.3140,0.1536,0.4826,0.4526,0.4629,0.1892,0.8461,0.9486
44.3112,8,8,34.1900,78.5010,completed,81623.86,49971.65,-1.4459,0.00,0.0000,0.2505,0.3341,2.2497,0.1818,0.4349,0.5335,0.4561,,
34.0856,9,9,32.7776,66.8626,completed,81623.86,49971.65,-1.4459,0.00,0.0000,0.2534,0.2404,0.4279,1.3531,0.3325,0.5564,0.4227,0.8126,
20.0249,10,10,56.3121,76.3361,completed,81623.86,49971.65,-1.4459,0.00,0.0000,0.3234,0.5860,1.2383,2.2700,5.6505,3.6479,2.4654,2.3052,1.8357
24.1232,10,3,16.0611,40.1841,converged,81623.86,49971.65,-1.4459,0.00,0.0000,0.0846,0.0424,,,,,,,
57.9869,6,6,24.1287,82.1147,completed,81623.86,49971.65,-1.4459,0.00,0.0000,0.3347,0.5834,3.9373,3.8995,3.5362,,,,
57.0289,6,6,24.7011,81.7291,completed,81623.86,49971.65,-1.4459,0.00,0.0000,0.2065,0.5436,0.7156,0.3182,0.6920,,,,
31.3885,10,10,43.3149,74.7029,completed,81623.86,49971.65,-1.4459,0.00,0.0000,0.2582,0.3097,0.1739,1.8592,0.4193,0.5293,0.1356,0.2650,0.4620
40.9319,8,8,41.3714,82.3024,completed,81623.86,49971.65,-1.4459,0.00,0.0000,0.4323,0.3352,0.7824,0.5994,1.2843,0.2079,0.3858,,
32.1348,10,10,41.4636,73.5977,completed,81623.86,49971.65,-1.4459,0.00,0.0000,0.1724,0.2204,0.1021,1.1599,0.9941,0.5567,0.2742,0.2341,0.5286
26.5747,10,10,49.9498,76.5239,completed,81623.86,49971.65,-1.4459,0.00,0.0000,0.1093,0.1136,0.3190,0.6354,3.1794,1.9968,1.4201,1.4027,1.3963
50.1606,7,7,28.5033,78.6633,completed,81623.86,49971.65,-1.4459,0.00,0.0000,0.4827,0.2469,1.5168,6.8970,3.3908,2.9753,,,
47.8892,7,7,26.3994,74.2884,completed,81623.86,49971.65,-1.4459,0.00,0.0000,0.3170,0.1587,1.1408,3.1456,2.2098,2.0134,,,
33.5025,10,3,13.9372,47.4392,converged,81623.86,49971.65,-1.4459,0.00,0.0000,0.2274,0.0523,,,,,,,
42.1989,8,8,32.6631,74.8611,completed,81623.86,49971.65,-1.4459,0.00,0.0000,0.2943,0.2204,0.6170,2.7693,3.1340,2.1561,1.9884,,
37.0938,9,3,10.7985,47.8915,converged,81623.86,49971.65,-1.4459,0.00,0.0000,0.2965,0.0980,,,,,,,
31.3228,10,8,28.3272,59.6493,converged,81623.86,49971.65,-1.4459,0.00,0.0000,0.3336,0.2110,0.4692,1.2484,0.8655,0.6023,0.0983,,
56.1105,6,6,29.3529,85.4629,completed,81623.86,49971.65,-1.4459,0.00,0.0000,0.2296,0.1387,5.9276,5.6384,4.2354,,,,
27.4768,10,3,12.3343,39.8103,converged,81623.86,49971.65,-1.4459,0.00,0.0000,0.2685,0.0785,,,,,,,
29.9044,10,10,38.2672,68.1713,completed,81623.86,49971.65,-1.4459,0.00,0.0000,0.3440,0.5335,0.5906,0.9530,1.5461,2.3053,2.0392,1.1436,1.0199
48.0445,7,7,42.7853,90.8293,completed,81623.86,49971.65,-1.4459,0.00,0.0000,0.5252,0.1014,1.5576,2.9324,1.9733,1.6181,,,
37.8234,9,3,13.7731,51.5962,converged,81623.86,49971.65,-1.4459,0.00,0.0000,0.2415,0.0862,,,,,,,
36.4853,9,9,38.0646,74.5496,completed,81623.86,49971.65,-1.4459,0.00,0.0000,0.2566,0.1433,0.4314,0.3618,0.7904,0.8902,0.2726,0.8047,
56.5332,6,6,24.5145,81.0476,completed,81623.86,49971.65,-1.4459,0.00,0.0000,0.5643,1.1901,7.4452,3.8986,3.7873,,,,
27.4326,10,10,43.5771,71.0091,completed,81623.86,49971.65,-1.4459,0.00,0.0000,0.1629,0.1273,0.1989,0.5550,1.4955,0.5549,0.2922,0.7323,0.8047
49.3566,7,7,42.6303,91.9864,completed,81623.86,49971.65,-1.4459,0.00,0.0000,0.0939,0.2320,0.7745,0.4184,0.1234,0.9993,,,
23.6818,10,10,63.6285,87.3096,completed,81623.86,49971.65,-1.4459,0.00,0.0000,0.2030,0.1257,0.2515,0.2937,2.7673,0.2151,0.4178,0.4375,0.8489
44.0456,8,8,44.1697,88.2147,completed,81623.86,49971.65,-1.4459,0.00,0.0000,0.1870,0.1150,1.1729,2.8848,3.0751,1.7142,1.4897,,
56.1583,6,6,38.7454,94.9034,completed,81623.86,49971.65,-1.4459,0.00,0.0000,0.3498,0.4443,1.8212,0.5078,0.3131,,,,
36.1036,9,9,49.2480,85.3510,completed,81623.86,49971.65,-1.4459,0.00,0.0000,0.4160,0.4031,0.1284,0.7571,1.8089,0.7151,0.6183,1.0102,
46.1576,7,7,28.1660,74.3231,completed,81623.86,49971.65,-1.4459,0.00,0.0000,0.3551,0.1725,0.8109,4.7684,2.3745,2.3876,,,
27.0578,10,10,45.9867,73.0437,completed,81623.86,49971.65,-1.4459,0.00,0.0000,0.0586,0.1605,0.9627,1.6753,0.6111,0.3092,0.2432,0.7139,0.9377
48.8137,7,7,39.7436,88.5566,completed,81623.86,49971.65,-1.4459,0.00,0.0000,0.1345,0.6401,1.8814,0.4841,0.1080,0.5703,,,
53.3579,6,6,31.9416,85.2987,completed,81623.86,49971.65,-1.4459,0.00,0.0000,0.4043,0.9013,2.1564,3.1603,2.2821,,,,
44.3550,8,8,43.1601,87.5142,completed,81623.86,49971.65,-1.4459,0.00,0.0000,0.1134,0.2056,0.8199,0.3600,0.3850,0.1084,0.4766,,
38.3225,9,7,30.6885,69.0105,converged,81623.86,49971.65,-1.4459,0.00,0.0000,0.1721,0.3753,0.2976,1.0913,0.4206,0.0768,,,
22.6736,10,10,45.8360,68.5090,completed,81623.86,49971.65,-1.4459,0.00,0.0000,0.1184,0.4591,1.5835,1.8013,0.2060,0.3083,0.2177,0.4227,0.6545
43.9121,8,8,39.2918,83.2038,completed,81623.86,49971.65,-1.4459,0.00,0.0000,0.1284,0.1319,1.0935,1.2494,0.4981,0.2741,0.7084,,
24.7284,10,10,43.5749,68.3029,completed,81623.86,49971.65,-1.4459,0.00,0.0000,0.2083,0.3251,0.2925,0.6205,1.4289,0.1805,1.1684,1.0042,0.9295
47.4110,7,7,35.5809,82.9919,completed,81623.86,49971.65,-1.4459,0.00,0.0000,0.2766,0.1010,1.0167,9.0323,3.5915,3.1208,,,
57.5003,6,6,27.2894,84.7895,completed,81623.86,49971.65,-1.4459,0.00,0.0000,0.2500,0.8788,1.4564,0.3396,0.3519,,,,
56.8861,6,6,40.0292,96.9152,completed,81623.86,49971.65,-1.4459,0.00,0.0000,0.2757,0.2243,2.0477,0.9019,1.2736,,,,
23.0682,10,4,22.8132,45.8812,converged,81623.86,49971.65,-1.4459,0.00,0.0000,0.2321,0.2677,0.0829,,,,,,
24.3386,10,3,11.9945,36.3325,converged,81623.86,49971.65,-1.4459,0.00,0.0000,0.1608,0.0920,,,,,,,
36.0782,9,4,13.9065,49.9845,converged,81623.86,49971.65,-1.4459,0.00,0.0000,0.2748,0.2592,0.0803,,,,,,
22.4503,10,10,41.7140,64.1640,completed,81623.86,49971.65,-1.4459,0.00,0.0000,0.1584,0.2244,0.1986,1.4302,1.0035,0.2931,0.2023,0.3046,0.5150
21.9173,10,10,45.2428,67.1598,completed,81623.86,49971.65,-1.4459,0.00,0.0000,0.3744,0.2984,0.2538,1.1791,0.8758,0.2643,0.2181,0.5044,0.8647
51.9104,7,7,26.9025,78.8125,completed,81623.86,49971.65,-1.4459,0.00,0.0000,0.2834,0.2911,0.8834,3.6012,2.2084,1.8887,,,
29.5214,10,10,36.5184,66.0394,completed,81623.86,49971.65,-1.4459,0.00,0.0000,0.2632,0.2667,0.1250,0.5273,3.6606,2.7790,1.5756,1.6457,1.5058
20.6455,10,10,43.5094,64.1544,completed,81623.86,49971.65,-1.4459,0.00,0.0000,0.2284,0.1975,0.5430,1.5786,0.5524,0.2683,2.2980,1.4280,1.0228
48.9913,7,7,27.9342,76.9252,completed,81623.86,49971.65,-1.4459,0.00,0.0000,0.1257,1.0247,3.2857,0.5105,0.2876,0.4289,,,
48.0446,7,7,42.0282,90.0722,completed,81623.86,49971.65,-1.4459,0.00,0.0000,0.2325,0.1354,2.1083,0.5668,0.1837,0.3764,,,
41.9181,8,3,11.1762,53.0943,converged,81623.86,49971.65,-1.4459,0.00,0.0000,0.3519,0.0880,,,,,,,
40.5136,8,8,34.4329,74.9460,completed,81623.86,49971.65,-1.4459,0.00,0.0000,0.1274,0.2132,0.5681,3.6151,2.2603,1.9464,1.7239,,
58.9655,5,5,25.0212,83.9863,completed,81623.86,49971.65,-1.4459,0.00,0.0000,0.8139,0.6052,2.6006,2.1364,,,,,
51.0927,7,7,36.5255,87.6176,completed,81623.86,49971.65,-1.4459,0.00,0.0000,0.3017,0.3408,2.0806,0.7528,0.1654,0.3688,,,
59.4204,5,5,24.8682,84.2882,completed,81623.86,49971.65,-1.4459,0.00,0.0000,0.7471,1.8669,8.4292,5.8398,,,,,
29.7664,10,10,37.0549,66.8209,completed,81623.86,49971.65,-1.4459,0.00,0.0000,0.3240,0.4186,0.2152,1.2830,0.2610,0.5758,0.2231,0.3277,0.6450
46.9195,7,7,31.4356,78.3547,completed,81623.86,49971.65,-1.4459,0.00,0.0000,0.1119,0.1711,1.0291,0.6723,0.2746,0.5039,,,
37.1200,9,3,9.8490,46.9690,converged,81623.86,49971.65,-1.4459,0.00,0.0000,0.1509,0.0825,,,,,,,
57.7446,6,6,21.7572,79.5012,completed,81623.86,49971.65,-1.4459,0.00,0.0000,0.1918,0.4133,6.1985,4.7019,3.9669,,,,
38.3816,9,9,37.1915,75.5726,completed,81623.86,49971.65,-1.4459,0.00,0.0000,0.2070,0.1747,1.5124,1.9300,0.3285,0.2387,0.5887,0.7073,
25.1645,10,10,33.8261,58.9902,completed,81623.86,49971.65,-1.4459,0.00,0.0000,0.1363,0.1922,0.2868,0.6338,3.0909,1.4714,1.8906,1.4539,1.4004
52.7239,6,6,25.2591,77.9821,completed,81623.86,49971.65,-1.4459,0.00,0.0000,0.3619,0.9202,1.5491,2.9320,2.0830,,,,
20.1371,10,10,44.6003,64.7373,completed,81623.86,49971.65,-1.4459,0.00,0.0000,0.2910,0.4828,0.3230,1.6049,1.5115,0.3434,0.1136,0.2500,0.4277
54.8256,6,6,31.8487,86.6737,completed,81623.86,49971.65,-1.4459,0.00,0.0000,0.5196,0.9530,8.2657,5.3342,4.4147,,,,
29.3403,10,3,17.5648,46.9048,converged,81623.86,49971.65,-1.4459,0.00,0.0000,0.1762,0.0639,,,,,,,
51.4178,7,7,37.1169,88.5340,completed,81623.86,49971.65,-1.4459,0.00,0.0000,0.4529,0.5500,1.7144,5.0022,4.3931,3.9189,,,
47.9864,7,7,30.9715,78.9576,completed,81623.86,49971.65,-1.4459,0.00,0.0000,0.4989,0.8683,0.6061,2.1717,1.1968,1.1646,,,
44.8489,8,8,38.5078,83.3558,completed,81623.86,49971.65,-1.4459,0.00,0.0000,0.1006,0.1887,1.9254,1.1218,0.5878,0.3176,0.3638,,
38.6401,9,3,10.7654,49.4055,converged,81623.86,49971.65,-1.4459,0.00,0.0000,0.1582,0.0745,,,,,,,
34.7343,9,9,34.3577,69.0917,completed,81623.86,49971.65,-1.4459,0.00,0.0000,0.1555,0.1760,0.1645,0.3591,0.3293,0.5524,0.3492,0.6570,
50.2180,7,7,28.6821,78.8991,completed,81623.86,49971.65,-1.4459,0.00,0.0000,0.2257,0.1207,0.5970,5.4652,2.7865,2.3967,,,
58.1982,5,5,17.0801,75.2781,completed,81623.86,49971.65,-1.4459,0.00,0.0000,0.4336,0.4021,1.0977,0.2552,,,,,
36.5137,9,9,37.0005,73.5135,completed,81623.86,49971.65,-1.4459,0.00,0.0000,0.2006,0.3159,0.6339,2.9764,3.3773,0.5676,0.8716,1.0543,
28.7715,10,4,15.0273,43.7983,converged,81623.86,49971.65,-1.4459,0.00,0.0000,0.1877,0.1938,0.0611,,,,,,
39.0056,9,9,32.9482,71.9532,completed,81623.86,49971.65,-1.4459,0.00,0.0000,0.2506,0.1909,0.3921,0.5932,2.8192,0.2567,0.8201,1.1320,
58.1782,5,5,24.4519,82.6299,completed,81623.86,49971.65,-1.4459,0.00,0.0000,0.5690,1.1268,1.6225,1.6447,,,,,
47.5078,7,7,27.8849,75.3920,completed,81623.86,49971.65,-1.4459,0.00,0.0000,0.4549,0.2804,0.6906,5.2066,2.9978,2.6545,,,
42.0524,8,8,37.1239,79.1759,completed,81623.86,49971.65,-1.4459,0.00,0.0000,0.2170,0.3338,1.0607,2.3342,0.4126,1.0443,1.0944,,
47.9841,7,7,29.3791,77.3631,completed,81623.86,49971.65,-1.4459,0.00,0.0000,0.4232,0.2378,1.4910,0.4277,0.3794,0.4177,,,
34.9470,9,9,35.0126,69.9597,completed,81623.86,49971.65,-1.4459,0.00,0.0000,0.4256,0.6334,0.3305,1.4031,5.1778,2.0090,2.1203,1.9215,
32.4148,10,10,44.5619,76.9759,completed,81623.86,49971.65,-1.4459,0.00,0.0000,0.3696,0.2477,0.3493,0.7291,3.1040,2.2985,1.6636,1.7764,1.8230
51.2206,7,7,27.0204,78.2405,completed,81623.86,49971.65,-1.4459,0.00,0.0000,0.0927,0.7408,3.1563,7.3452,4.5940,3.1514,,,
31.4715,10,10,36.1196,67.5907,completed,81623.86,49971.65,-1.4459,0.00,0.0000,0.1839,0.1827,0.5467,5.0892,8.7477,3.5704,3.1190,2.8182,2.1541
40.5461,8,3,14.6909,55.2369,converged,81623.86,49971.65,-1.4459,0.00,0.0000,0.1529,0.0589,,,,,,,
20.7514,10,10,51.2923,72.0433,completed,81623.86,49971.65,-1.4459,0.00,0.0000,0.2394,0.2626,0.1557,0.8877,1.1812,0.3511,0.8294,1.0123,0.8703
31.2022,10,10,44.9848,76.1868,completed,81623.86,49971.65,-1.4459,0.00,0.0000,0.2657,0.2391,0.1473,1.2649,3.7572,2.1781,1.5929,1.8473,1.8296
27.4784,10,3,15.4619,42.9400,converged,81623.86,49971.65,-1.4459,0.00,0.0000,0.1105,0.0532,,,,,,,
36.5612,9,9,38.4304,74.9914,completed,81623.86,49971.65,-1.4459,0.00,0.0000,0.1249,0.1642,0.4223,1.0989,0.2791,0.7925,0.3630,0.9239,
40.5832,8,8,28.4711,69.0542,completed,81623.86,49971.65,-1.4459,0.00,0.0000,0.2095,0.1106,0.8958,2.3931,1.4009,1.2052,1.2330,,
59.5088,5,5,22.2986,81.8066,completed,81623.86,49971.65,-1.4459,0.00,0.0000,0.2525,2.2348,0.6379,0.4805,,,,,
39.2599,9,9,34.5714,73.8304,completed,81623.86,49971.65,-1.4459,0.00,0.0000,0.1376,0.1262,1.4598,1.7989,0.8423,0.1696,0.3161,0.5771,
46.9949,7,7,32.8350,79.8291,completed,81623.86,49971.65,-1.4459,0.00,0.0000,0.4565,0.5573,2.3500,0.6343,0.2805,0.4877,,,
56.2094,6,6,23.5659,79.7750,completed,81623.86,49971.65,-1.4459,0.00,0.0000,0.2458,1.1755,1.9030,0.3790,0.5542,,,,
43.8843,8,8,37.4088,81.2928,completed,81623.86,49971.65,-1.4459,0.00,0.0000,0.2800,0.1981,1.0601,0.7668,0.6635,1.3503,1.0875,,
28.7745,10,10,44.7428,73.5169,completed,81623.86,49971.65,-1.4459,0.00,0.0000,0.3253,0.3110,0.2669,1.3190,0.8803,0.5334,1.4648,1.1346,0.9422
55.8955,6,6,32.7271,88.6222,completed,81623.86,49971.65,-1.4459,0.00,0.0000,0.2113,1.1353,0.6170,0.7887,0.2156,,,,
54.9720,6,6,31.1869,86.1589,completed,81623.86,49971.65,-1.4459,0.00,0.0000,0.1381,1.7458,0.2433,0.1706,0.4472,,,,
43.7306,8,8,44.1935,87.9235,completed,81623.86,49971.65,-1.4459,0.00,0.0000,0.2150,0.2648,0.6757,5.3003,3.6149,2.6095,2.1888,,
22.2601,10,10,45.5198,67.7798,completed,81623.86,49971.65,-1.4459,0.00,0.0000,0.4309,0.4077,0.4343,1.3539,4.2673,2.8132,1.3168,1.4811,1.8695
39.1747,9,9,44.7265,83.9005,completed,81623.86,49971.65,-1.4459,0.00,0.0000,0.2027,0.1637,1.3686,1.1953,0.3925,0.1192,0.3066,0.4927,
21.0739,10,8,27.3169,48.3900,converged,81623.86,49971.65,-1.4459,0.00,0.0000,0.1006,0.1280,0.3826,1.8425,0.2549,0.3142,0.0658,,
39.6597,9,7,20.6323,60.2913,converged,81623.86,49971.65,-1.4459,0.00,0.0000,0.1545,0.1763,0.9663,2.3525,0.2635,0.0792,,,
43.3731,8,8,37.7076,81.0806,completed,81623.86,49971.65,-1.4459,0.00,0.0000,0.3299,0.1149,0.9259,0.7337,1.2821,0.1504,0.6575,,
38.7348,9,9,43.9012,82.6352,completed,81623.86,49971.65,-1.4459,0.00,0.0000,0.3682,0.6420,0.7070,2.5574,6.8980,3.0993,2.8418,2.2490,
50.4243,7,6,30.0373,80.4614,converged,81623.86,49971.65,-1.4459,0.00,0.0000,0.1387,0.3316,1.6973,0.5392,0.0893,,,,
27.3567,10,3,15.1626,42.5186,converged,81623.86,49971.65,-1.4459,0.00,0.0000,0.0744,0.0705,,,,,,,
42.0029,8,8,32.8131,74.8152,completed,81623.86,49971.65,-1.4459,0.00,0.0000,0.4433,0.3558,0.5259,2.8800,0.6623,1.1665,1.6161,,
42.4777,8,8,38.4652,80.9422,completed,81623.86,49971.65,-1.4459,0.00,0.0000,0.2564,0.1214,0.7096,1.2751,1.1697,0.1706,0.6617,,
39.5745,9,9,38.9902,78.5642,completed,81623.86,49971.65,-1.4459,0.00,0.0000,0.1881,0.1583,0.8247,1.6366,0.5660,0.1823,0.1557,0.3672,
32.2509,10,10,37.4187,69.6687,completed,81623.86,49971.65,-1.4459,0.00,0.0000,0.1074,0.1209,0.7463,0.9971,1.5119,1.8066,2.0036,1.4829,1.3795
44.5784,8,8,35.4053,79.9833,completed,81623.86,49971.65,-1.4459,0.00,0.0000,0.1062,0.3152,0.9755,1.5986,0.2442,0.9485,1.0110,,
30.2798,10,10,43.6713,73.9503,completed,81623.86,49971.65,-1.4459,0.00,0.0000,0.1345,0.1698,0.7625,2.0541,0.7186,0.3163,0.3152,0.3533,0.4701
28.2657,10,10,45.3904,73.6554,completed,81623.86,49971.65,-1.4459,0.00,0.0000,0.3089,0.4172,0.3857,0.7040,3.2094,0.9655,0.7545,1.1070,1.2464
22.6398,10,10,42.0322,64.6712,completed,81623.86,49971.65,-1.4459,0.00,0.0000,0.2353,0.2275,0.1540,0.6513,1.8886,1.2131,0.6798,1.0717,1.1797
54.9539,6,6,24.6247,79.5777,completed,81623.86,49971.65,-1.4459,0.00,0.0000,0.1478,2.1004,1.5397,0.2263,0.8146,,,,
36.0935,9,7,32.5422,68.6352,converged,81623.86,49971.65,-1.4459,0.00,0.0000,0.1470,0.4794,2.0624,1.5112,0.4529,0.0591,,,
46.7912,7,7,27.6676,74.4586,completed,81623.86,49971.65,-1.4459,0.00,0.0000,0.2243,0.1945,1.8952,1.0234,0.3156,0.4955,,,
49.5068,7,7,29.3182,78.8242,completed,81623.86,49971.65,-1.4459,0.00,0.0000,0.0821,0.3530,1.7355,0.6223,0.1712,0.4848,,,
55.8809,6,6,27.8323,83.7124,completed,81623.86,49971.65,-1.4459,0.00,0.0000,0.3756,0.2342,0.7172,1.0319,1.3259,,,,
59.4865,5,5,27.3735,86.8596,completed,81623.86,49971.65,-1.4459,0.00,0.0000,0.2525,1.9707,0.3893,0.4632,,,,,
42.3378,8,8,34.7356,77.0726,completed,81623.86,49971.65,-1.4459,0.00,0.0000,0.2480,0.2209,2.3726,0.7856,0.3608,0.3248,0.4035,,
59.6679,5,5,23.5251,83.1925,completed,81623.86,49971.65,-1.4459,0.00,0.0000,0.6351,1.1518,1.0754,0.1559,,,,,
20.7858,10,10,33.8555,54.6406,completed,81623.86,49971.65,-1.4459,0.00,0.0000,0.2187,0.3202,0.2204,0.8826,0.8140,0.5212,0.3102,0.2939,0.4911
59.2928,5,5,25.5892,84.8812,completed,81623.86,49971.65,-1.4459,0.00,0.0000,0.3065,1.9754,0.4766,0.1880,,,,,
47.6490,7,7,34.9384,82.5875,completed,81623.86,49971.65,-1.4459,0.00,0.0000,0.2161,0.3435,2.1162,0.7924,0.1753,0.3284,,,
47.1260,7,7,31.7710,78.8960,completed,81623.86,49971.65,-1.4459,0.00,0.0000,0.5803,0.9495,2.6064,5.5587,3.0491,3.2602,,,
33.8091,10,10,42.4082,76.2172,completed,81623.86,49971.65,-1.4459,0.00,0.0000,0.0579,0.1129,0.4955,1.1889,1.5835,1.1525,1.7166,1.1074,0.9997
39.5907,9,9,43.2646,82.8547,completed,81623.86,49971.65,-1.4459,0.00,0.0000,0.1181,0.1418,1.2875,2.5282,0.5911,0.1463,0.1905,0.3884,
36.2454,9,7,27.7369,63.9819,converged,81623.86,49971.65,-1.4459,0.00,0.0000,0.2888,0.1358,0.8376,1.4780,0.2205,0.0870,,,
31.4479,10,10,38.2193,69.6664,completed,81623.86,49971.65,-1.4459,0.00,0.0000,0.2994,0.2160,0.2941,0.4241,1.7167,1.3045,0.3610,0.2048,0.4150
36.9637,9,9,35.6019,72.5649,completed,81623.86,49971.65,-1.4459,0.00,0.0000,0.2877,0.4536,0.4310,1.5237,0.3641,0.5318,0.1221,0.3202,
43.1414,8,8,27.4383,70.5793,completed,81623.86,49971.65,-1.4459,0.00,0.0000,0.2901,0.1386,1.5718,1.2923,0.7116,0.2392,0.4263,,
59.6812,5,5,24.9818,84.6628,completed,81623.86,49971.65,-1.4459,0.00,0.0000,0.1788,0.9480,1.2214,1.3598,,,,,
57.0168,6,6,34.4524,91.4684,completed,81623.86,49971.65,-1.4459,0.00,0.0000,0.2914,0.2504,1.6901,1.9596,1.8348,,,,
51.3391,7,7,32.6405,83.9795,completed,81623.86,49971.65,-1.4459,0.00,0.0000,0.1163,0.7255,3.2096,0.8530,0.2355,0.4026,,,
30.1595,10,10,39.5440,69.7030,completed,81623.86,49971.65,-1.4459,0.00,0.0000,0.2866,0.2168,0.4042,2.0920,0.9509,0.3532,0.1880,0.3030,0.4042
22.8413,10,10,39.7327,62.5737,completed,81623.86,49971.65,-1.4459,0.00,0.0000,0.3537,0.3679,0.1664,1.1487,1.1714,0.4549,0.1464,0.3035,0.5978
37.2639,9,3,11.7269,48.9899,converged,81623.86,49971.65,-1.4459,0.00,0.0000,0.2214,0.0790,,,,,,,
23.3787,10,10,54.8297,78.2077,completed,81623.86,49971.65,-1.4459,0.00,0.0000,0.0590,0.2303,1.0353,2.4077,0.3769,0.1639,0.3893,0.7954,0.6319
25.5408,10,10,43.7380,69.3603,completed,81623.86,49971.65,-1.4459,0.00,0.0000,0.1720,0.2532,0.4802,0.9030,3.2781,2.0964,1.9200,1.7638,1.4947
49.8776,7,7,32.9633,82.8403,completed,81623.86,49971.65,-1.4459,0.00,0.0000,0.2107,0.6735,2.8208,0.6984,0.4602,0.5845,,,
34.8942,9,9,31.3991,66.2931,completed,81623.86,49971.65,-1.4459,0.00,0.0000,0.2399,0.1743,0.6550,0.9246,0.4770,0.2136,0.1276,0.3232,
21.7273,10,3,9.9785,31.7056,converged,81623.86,49971.65,-1.4459,0.00,0.0000,0.0805,0.0610,,,,,,,
45.1743,8,8,31.1562,76.3303,completed,81623.86,49971.65,-1.4459,0.00,0.0000,0.3611,0.1081,2.2148,1.2431,0.6133,0.2764,0.4898,,
20.7807,10,10,33.0510,53.8310,completed,81623.86,49971.65,-1.4459,0.00,0.0000,0.3283,0.1359,0.5958,0.9531,2.7561,1.7266,0.7675,1.6107,1.9949
36.1593,9,3,11.0345,47.1936,converged,81623.86,49971.65,-1.4459,0.00,0.0000,0.2652,0.0709,,,,,,,
25.1519,10,10,49.3006,74.4516,completed,81623.86,49971.65,-1.4459,0.00,0.0000,0.1672,0.1772,0.1259,0.5254,4.9770,3.7692,1.8262,1.9677,1.7786
51.8802,7,7,41.4636,93.3436,completed,81623.86,49971.65,-1.4459,0.00,0.0000,0.1311,0.9522,1.4023,1.4705,1.6210,1.4774,,,
20.6952,10,10,47.3385,68.0335,completed,81623.86,49971.65,-1.4459,0.00,0.0000,0.3557,0.2469,0.1551,0.6071,3.3864,2.2496,1.6872,1.8783,1.8032
28.9294,10,10,46.7240,75.6530,completed,81623.86,49971.65,-1.4459,0.00,0.0000,0.1092,0.1808,0.2560,0.5527,0.3105,1.6519,0.3430,0.2014,0.4303
50.8584,7,7,32.4104,83.2685,completed,81623.86,49971.65,-1.4459,0.00,0.0000,0.3992,0.1679,0.4914,3.0731,1.8148,1.7728,,,
46.1672,7,7,25.9030,72.0701,completed,81623.86,49971.65,-1.4459,0.00,0.0000,0.4589,0.3351,2.9028,1.1635,0.3088,0.5665,,,
36.4236,9,9,38.9099,75.3329,completed,81623.86,49971.65,-1.4459,0.00,0.0000,0.1444,0.1977,1.2224,1.0327,0.6252,0.3150,0.3388,0.5325,
23.6975,10,3,12.5874,36.2844,converged,81623.86,49971.65,-1.4459,0.00,0.0000,0.1478,0.0453,,,,,,,
36.5038,9,9,42.3926,78.8957,completed,81623.86,49971.65,-1.4459,0.00,0.0000,0.1537,0.5688,1.9701,2.0778,0.6386,0.6880,0.3653,1.0345,
50.8976,7,7,30.4197,81.3167,completed,81623.86,49971.65,-1.4459,0.00,0.0000,0.3075,0.7098,2.7592,0.7631,0.4325,0.4885,,,
58.0137,5,5,19.7174,77.7305,completed,81623.86,49971.65,-1.4459,0.00,0.0000,0.1958,1.6399,0.5862,0.3288,,,,,
43.1819,8,3,10.1934,53.3745,converged,81623.86,49971.65,-1.4459,0.00,0.0000,0.2832,0.0801,,,,,,,
55.9679,6,6,26.3862,82.3532,completed,81623.86,49971.65,-1.4459,0.00,0.0000,0.3326,0.6722,2.5150,0.3987,0.3527,,,,
49.2507,7,7,29.6730,78.9230,completed,81623.86,49971.65,-1.4459,0.00,0.0000,0.1529,0.4694,1.2426,0.5690,0.1667,0.4663,,,
49.8978,7,7,32.9182,82.8152,completed,81623.86,49971.65,-1.4459,0.00,0.0000,0.3931,0.1270,1.7245,6.2267,3.2311,3.1163,,,
35.7195,9,3,13.9208,49.6399,converged,81623.86,49971.65,-1.4459,0.00,0.0000,0.2267,0.0896,,,,,,,
34.6085,9,3,12.2232,46.8313,converged,81623.86,49971.65,-1.4459,0.00,0.0000,0.2193,0.0990,,,,,,,
24.6595,10,10,54.0019,78.6609,completed,81623.86,49971.65,-1.4459,0.00,0.0000,0.2071,0.2627,0.1329,0.6204,5.0371,3.2512,1.9638,1.9719,1.8224
57.1953,6,6,26.3391,83.5342,completed,81623.86,49971.65,-1.4459,0.00,0.0000,0.3458,0.8647,1.3448,0.3196,0.4246,,,,
50.8638,7,7,42.7997,93.6628,completed,81623.86,49971.65,-1.4459,0.00,0.0000,0.2427,0.3637,2.6813,0.3217,0.3203,0.8327,,,
37.8328,9,9,42.3957,80.2278,completed,81623.86,49971.65,-1.4459,0.00,0.0000,0.2381,0.1350,1.0760,1.5288,0.3199,0.1458,0.4983,0.6451,
36.3806,9,9,56.0664,92.4464,completed,81623.86,49971.65,-1.4459,0.00,0.0000,0.0690,0.3069,1.2889,0.6174,1.2030,0.3413,0.2747,0.6861,
43.5475,8,8,39.8866,83.4337,completed,81623.86,49971.65,-1.4459,0.00,0.0000,0.2481,0.3257,0.6513,0.4749,1.2569,1.5482,1.2691,,
45.9456,8,8,38.6547,84.5998,completed,81623.86,49971.65,-1.4459,0.00,0.0000,0.3150,0.2313,1.1544,0.6166,1.0743,1.7666,1.3102,,
39.9466,9,9,33.1639,73.1099,completed,81623.86,49971.65,-1.4459,0.00,0.0000,0.2715,0.1318,1.2282,1.4393,0.5695,0.2550,0.2578,0.4456,
55.0800,6,6,27.0150,82.0950,completed,81623.86,49971.65,-1.4459,0.00,0.0000,0.4734,0.1480,1.4654,0.3503,0.3075,,,,
38.0543,9,9,44.2565,82.3212,completed,81623.86,49971.65,-1.4459,0.00,0.0000,0.2251,0.9193,2.3588,1.2061,0.1139,0.1712,0.6795,0.9291,
29.4194,10,10,51.5197,80.9387,completed,81623.86,49971.65,-1.4459,0.00,0.0000,0.2809,0.2466,0.5544,2.7378,0.6650,0.7195,0.5406,0.4731,0.4339
26.7186,10,10,42.7510,69.4690,completed,81623.86,49971.65,-1.4459,0.00,0.0000,0.2015,0.2028,0.1451,0.7257,0.3574,2.4102,0.2076,0.3433,0.5905
23.7021,10,10,56.0198,79.7218,completed,81623.86,49971.65,-1.4459,0.00,0.0000,0.1884,0.1572,0.3808,1.6277,0.2114,0.4733,0.1723,0.3506,0.5636
49.1975,7,7,36.5346,85.7316,completed,81623.86,49971.65,-1.4459,0.00,0.0000,0.1243,0.8593,1.2336,0.5114,0.4371,1.0386,,,
28.8285,10,10,41.8621,70.6901,completed,81623.86,49971.65,-1.4459,0.00,0.0000,0.2867,0.4282,0.3007,1.2442,0.7270,0.3848,0.1499,0.5318,0.8758
36.6051,9,9,36.6275,73.2325,completed,81623.86,49971.65,-1.4459,0.00,0.0000,0.2350,0.2606,0.1158,1.1615,7.3258,2.3415,2.3597,2.0689,
51.1841,7,7,29.5599,80.7439,completed,81623.86,49971.65,-1.4459,0.00,0.0000,0.4230,0.2191,0.5172,6.4886,2.8840,2.6973,,,
26.3625,10,10,38.2899,64.6520,completed,81623.86,49971.65,-1.4459,0.00,0.0000,0.1140,0.1554,0.2522,1.2439,0.9174,0.3864,0.1452,0.4401,0.7214
51.9320,7,7,23.4290,75.3610,completed,81623.86,49971.65,-1.4459,0.00,0.0000,0.6902,0.9526,6.2973,7.9562,4.2969,4.1466,,,
55.6794,6,6,21.6390,77.3181,completed,81623.86,49971.65,-1.4459,0.00,0.0000,0.4815,0.2869,2.3992,0.9222,1.5256,,,,
27.0526,10,10,41.8132,68.8652,completed,81623.86,49971.65,-1.4459,0.00,0.0000,0.2552,0.3852,0.4186,0.3872,1.7402,2.1570,1.4404,1.2724,1.2688
44.2897,8,8,29.2570,73.5460,completed,81623.86,49971.65,-1.4459,0.00,0.0000,0.1746,0.1927,0.3334,0.8198,0.3580,0.8910,1.1095,,
38.3659,9,9,47.4633,85.8283,completed,81623.86,49971.65,-1.4459,0.00,0.0000,0.2433,0.1327,0.9315,2.0650,0.3452,0.2224,0.2738,0.4513,
43.6568,8,8,35.6814,79.3374,completed,81623.86,49971.65,-1.4459,0.00,0.0000,0.1250,0.7138,2.6837,0.3935,0.6127,0.4457,0.4740,,
22.8373,10,4,12.6930,35.5300,converged,81623.86,49971.65,-1.4459,0.00,0.0000,0.2382,0.2333,0.0891,,,,,,
34.3057,9,3,10.0290,44.3341,converged,81623.86,49971.65,-1.4459,0.00,0.0000,0.1947,0.0611,,,,,,,
29.7012,10,3,11.1452,40.8462,converged,81623.86,49971.65,-1.4459,0.00,0.0000,0.1140,0.0815,,,,,,,
26.1108,10,10,38.6845,64.7946,completed,81623.86,49971.65,-1.4459,0.00,0.0000,0.1121,0.1421,0.1384,0.9671,1.0415,2.9159,2.3578,1.3711,1.2084
40.5857,8,3,12.7108,53.2959,converged,81623.86,49971.65,-1.4459,0.00,0.0000,0.3293,0.0610,,,,,,,
30.2277,10,10,38.4900,68.7171,completed,81623.86,49971.65,-1.4459,0.00,0.0000,0.1724,0.1412,0.1496,0.8258,1.2336,1.0105,2.0155,1.1525,0.9692
47.2361,7,7,53.2830,100.5191,completed,81623.86,49971.65,-1.4459,0.00,0.0000,0.1769,0.1956,1.1096,3.5028,2.3814,1.7848,,,
24.2093,10,10,45.2526,69.4616,completed,81623.86,49971.65,-1.4459,0.00,0.0000,0.1877,0.1239,0.6393,1.8968,0.2321,0.4311,0.1527,0.3359,0.5074
21.6236,10,4,83.9391,105.5622,deadline,81623.86,49971.65,-1.4459,0.00,0.0000,0.4851,0.3737,0.1170,,,,,,
58.8470,5,5,26.7815,85.6275,completed,81623.86,49971.65,-1.4459,0.00,0.0000,0.4473,1.4900,0.9217,0.2644,,,,,
23.1459,10,10,50.6378,73.7829,completed,81623.86,49971.65,-1.4459,0.00,0.0000,0.1379,0.1577,1.1602,2.0357,0.1974,0.5139,0.2730,0.3763,0.4836
36.2735,9,9,35.1855,71.4586,completed,81623.86,49971.65,-1.4459,0.00,0.0000,0.1991,0.1659,0.9926,1.9386,0.2641,0.2143,0.3465,0.4514,
43.6692,8,8,39.8231,83.4921,completed,81623.86,49971.65,-1.4459,0.00,0.0000,0.4469,0.4478,0.4337,4.4955,1.1225,1.8159,1.8661,,
50.0007,7,7,32.3740,82.3740,completed,81623.86,49971.65,-1.4459,0.00,0.0000,0.4269,0.3554,3.2175,5.8796,2.9737,3.4959,,,
40.1548,8,8,35.6631,75.8171,completed,81623.86,49971.65,-1.4459,0.00,0.0000,0.1218,0.3379,1.2960,0.2587,0.2198,0.1362,0.4465,,
56.0425,6,6,22.2664,78.3085,completed,81623.86,49971.65,-1.4459,0.00,0.0000,0.3069,1.2798,1.1615,2.3037,1.7337,,,,
32.4344,10,10,39.4231,71.8571,completed,81623.86,49971.65,-1.4459,0.00,0.0000,0.1996,0.2225,0.1872,0.5469,3.1884,3.4844,1.4530,1.9776,2.0481
51.1150,7,3,9.1179,60.2329,converged,81623.86,49971.65,-1.4459,0.00,0.0000,0.3621,0.1000,,,,,,,
52.6350,6,6,23.5993,76.2333,completed,81623.86,49971.65,-1.4459,0.00,0.0000,0.1468,1.1381,1.0459,0.3280,0.3651,,,,
27.7511,10,10,33.4721,61.2232,completed,81623.86,49971.65,-1.4459,0.00,0.0000,0.3235,0.3720,0.1578,2.1124,0.9808,0.6115,0.2360,0.2960,0.4806
20.6456,10,4,13.2336,33.8786,converged,81623.86,49971.65,-1.4459,0.00,0.0000,0.3689,0.3635,0.0863,,,,,,
33.1831,10,10,36.9726,70.1557,completed,81623.86,49971.65,-1.4459,0.00,0.0000,0.2897,0.2536,0.2514,0.6688,0.8582,3.1650,1.8329,1.4876,1.4503
23.4717,10,10,43.9478,67.4188,completed,81623.86,49971.65,-1.4459,0.00,0.0000,0.2494,0.1393,0.6468,1.7796,0.3355,0.4196,0.1655,0.3035,0.5322
50.3821,7,7,32.7603,83.1424,completed,81623.86,49971.65,-1.4459,0.00,0.0000,0.4718,0.4681,1.8834,0.4104,0.1765,0.4029,,,
50.6337,7,7,43.3660,93.9990,completed,81623.86,49971.65,-1.4459,0.00,0.0000,0.2265,0.3452,0.5614,5.1580,2.4693,2.0994,,,
42.7013,8,8,37.8072,80.5083,completed,81623.86,49971.65,-1.4459,0.00,0.0000,0.2106,0.1246,1.1180,0.5113,0.5685,0.3801,0.4880,,
24.4041,10,10,52.4741,76.8781,completed,81623.86,49971.65,-1.4459,0.00,0.0000,0.1409,0.1663,0.3114,1.3818,0.5286,1.0440,0.3804,0.8911,0.9504
51.3391,7,7,29.1714,80.5105,completed,81623.86,49971.65,-1.4459,0.00,0.0000,0.4932,0.3136,1.6211,0.5370,0.5667,0.2713,,,
49.6289,7,7,27.7163,77.3444,completed,81623.86,49971.65,-1.4459,0.00,0.0000,0.3072,0.8958,0.7097,0.7157,0.9194,1.1125,,,
24.5037,10,3,8.9414,33.4445,converged,81623.86,49971.65,-1.4459,0.00,0.0000,0.1047,0.0949,,,,,,,
42.1691,8,3,9.0928,51.2618,converged,81623.86,49971.65,-1.4459,0.00,0.0000,0.1722,0.0716,,,,,,,
23.9675,10,10,36.2190,60.1860,completed,81623.86,49971.65,-1.4459,0.00,0.0000,0.2792,0.1655,0.7394,1.8889,0.2082,0.3175,0.1285,0.3017,0.4386
46.4204,7,7,31.2970,77.7171,completed,81623.86,49971.65,-1.4459,0.00,0.0000,0.1376,0.4769,2.3238,0.6002,0.2789,0.3635,,,
59.5073,5,5,19.7243,79.2314,completed,81623.86,49971.65,-1.4459,0.00,0.0000,0.4314,3.1014,0.4159,0.5960,,,,,
51.7154,7,7,29.8914,81.6064,completed,81623.86,49971.65,-1.4459,0.00,0.0000,0.4401,0.5994,2.2683,7.8390,3.2504,3.5618,,,
35.8544,9,9,40.8961,76.7501,completed,81623.86,49971.65,-1.4459,0.00,0.0000,0.2427,0.1882,1.7889,1.8752,0.7152,0.2610,0.2821,0.4593,
33.4508,10,10,48.7997,82.2498,completed,81623.86,49971.65,-1.4459,0.00,0.0000,0.1354,0.2303,0.5065,1.1601,3.6798,0.5195,1.8352,1.4750,1.2929
37.2283,9,3,14.4162,51.6443,converged,81623.86,49971.65,-1.4459,0.00,0.0000,0.1067,0.0903,,,,,,,
25.2227,10,10,51.9742,77.1962,completed,81623.86,49971.65,-1.4459,0.00,0.0000,0.2379,0.1683,0.6605,2.0419,0.1897,0.5554,0.4845,0.3854,0.4208
24.4803,10,10,39.2584,63.7385,completed,81623.86,49971.65,-1.4459,0.00,0.0000,0.2589,0.2025,0.1337,0.6269,0.6991,0.6511,0.1155,0.4485,0.7149
44.5411,8,8,39.4717,84.0127,completed,81623.86,49971.65,-1.4459,0.00,0.0000,0.3276,0.3246,0.3006,3.8126,2.0330,1.5359,1.6752,,
39.3492,9,9,34.5619,73.9110,completed,81623.86,49971.65,-1.4459,0.00,0.0000,0.1373,0.2038,1.4236,1.7037,0.5365,0.2879,0.2850,0.4324,
59.9895,5,2,39.1021,99.0914,deadline,81623.86,49971.65,-1.4459,0.00,0.0000,0.2933,,,,,,,,
39.4430,9,9,37.1403,76.5833,completed,81623.86,49971.65,-1.4459,0.00,0.0000,0.2435,0.1253,0.4791,1.4902,5.5990,1.7703,1.6684,1.7711,
41.0808,8,8,43.8078,84.8879,completed,81623.86,49971.65,-1.4459,0.00,0.0000,0.4647,0.2668,0.3487,4.4903,4.0903,3.1321,2.5867,,
21.3980,10,10,47.3523,68.7504,completed,81623.86,49971.65,-1.4459,0.00,0.0000,0.3917,0.3026,0.5116,2.1051,0.6542,0.4996,0.3276,0.7230,0.9204
22.7796,10,8,28.8339,51.6129,converged,81623.86,49971.65,-1.4459,0.00,0.0000,0.1192,0.1763,1.2505,2.3287,0.4422,0.2190,0.0397,,
58.9517,5,5,25.8892,84.8403,completed,81623.86,49971.65,-1.4459,0.00,0.0000,0.3021,0.8376,2.1216,1.9171,,,,,
44.7170,8,8,33.4215,78.1375,completed,81623.86,49971.65,-1.4459,0.00,0.0000,0.0768,0.7099,2.5761,0.5972,0.2677,0.5808,0.5636,,
45.7116,8,3,10.7375,56.4485,converged,81623.86,49971.65,-1.4459,0.00,0.0000,0.2583,0.0724,,,,,,,
23.0975,10,10,52.3449,75.4419,completed,81623.86,49971.65,-1.4459,0.00,0.0000,0.4215,0.3847,0.4285,2.1121,5.0132,3.1870,2.3624,2.7153,2.4740
35.5053,9,9,34.1500,69.6550,completed,81623.86,49971.65,-1.4459,0.00,0.0000,0.5202,0.5755,0.3635,3.6046,8.4301,2.4111,2.9705,2.7188,
25.4421,10,10,34.0756,59.5176,completed,81623.86,49971.65,-1.4459,0.00,0.0000,0.1429,0.2141,0.3786,1.2956,0.6555,0.4186,0.2023,0.4319,0.7938
47.6716,7,7,31.2582,78.9292,completed,81623.86,49971.65,-1.4459,0.00,0.0000,0.4723,0.2740,1.3121,7.4180,4.1242,3.1272,,,
57.1729,6,6,23.6203,80.7923,completed,81623.86,49971.65,-1.4459,0.00,0.0000,0.3872,0.2760,1.4002,0.3859,0.3271,,,,
32.3606,10,10,61.4227,93.7828,completed,81623.86,49971.65,-1.4459,0.00,0.0000,0.3132,0.1622,0.4519,1.1635,2.3774,0.6249,0.4718,1.0460,1.2494
29.7197,10,3,17.5149,47.2340,converged,81623.86,49971.65,-1.4459,0.00,0.0000,0.1155,0.0735,,,,,,,
22.4165,10,10,41.0582,63.4743,completed,81623.86,49971.65,-1.4459,0.00,0.0000,0.3475,0.4247,0.3342,1.4168,1.7817,0.3354,0.1391,0.2478,0.5106
25.3516,10,10,49.0650,74.4160,completed,81623.86,49971.65,-1.4459,0.00,0.0000,0.1611,0.2100,0.1409,1.2560,2.5599,4.0415,2.2914,1.7255,1.5733
27.4934,10,3,10.8178,38.3108,converged,81623.86,49971.65,-1.4459,0.00,0.0000,0.1299,0.0885,,,,,,,
29.6370,10,3,13.0516,42.6877,converged,81623.86,49971.65,-1.4459,0.00,0.0000,0.1694,0.0636,,,,,,,
42.2669,8,8,49.3462,91.6122,completed,81623.86,49971.65,-1.4459,0.00,0.0000,0.0617,0.2388,1.0145,0.2784,0.5352,0.1780,0.4212,,
27.9713,10,10,50.4939,78.4650,completed,81623.86,49971.65,-1.4459,0.00,0.0000,0.2746,0.3864,0.2910,0.9354,0.2847,0.5674,0.2884,0.2693,0.5352
35.4486,9,9,45.8719,81.3199,completed,81623.86,49971.65,-1.4459,0.00,0.0000,0.3832,0.1920,0.9098,1.4134,0.8331,0.2768,0.9536,1.1104,
22.2941,10,10,43.0815,65.3755,completed,81623.86,49971.65,-1.4459,0.00,0.0000,0.1803,0.3505,0.6691,1.9227,6.1866,3.1541,2.3305,2.0564,1.6055
30.9599,10,10,46.5493,77.5083,completed,81623.86,49971.65,-1.4459,0.00,0.0000,0.2975,0.1271,0.8218,2.2854,0.2201,0.7253,0.1533,0.2627,0.5340
26.5211,10,10,41.1711,67.6921,completed,81623.86,49971.65,-1.4459,0.00,0.0000,0.3073,0.5254,0.5897,0.5449,0.5428,0.5639,0.8944,1.0536,0.9394
59.3153,5,5,21.4825,80.7976,completed,81623.86,49971.65,-1.4459,0.00,0.0000,0.3762,1.4144,0.6245,0.2830,,,,,
31.2882,10,10,46.2081,77.4962,completed,81623.86,49971.65,-1.4459,0.00,0.0000,0.2670,0.1350,0.4829,1.0488,4.8476,4.1466,2.2383,1.9928,1.7468
42.9008,8,8,35.1095,78.0095,completed,81623.86,49971.65,-1.4459,0.00,0.0000,0.3579,0.7887,1.1925,3.6313,6.5548,2.9903,1.4723,,
21.6422,10,8,35.5146,57.1566,converged,81623.86,49971.65,-1.4459,0.00,0.0000,0.1489,0.1304,0.5960,2.1901,0.6344,0.2169,0.0869,,
48.2775,7,7,33.3347,81.6117,completed,81623.86,49971.65,-1.4459,0.00,0.0000,0.4220,0.8073,0.7250,2.7590,1.6784,1.5710,,,
26.9857,10,3,22.1211,49.1062,converged,81623.86,49971.65,-1.4459,0.00,0.0000,0.1393,0.0614,,,,,,,
21.4078,10,10,45.3139,66.7209,completed,81623.86,49971.65,-1.4459,0.00,0.0000,0.2018,0.1166,0.7500,1.9954,0.1969,0.4762,0.2025,0.3115,0.4814
32.9368,10,10,41.8609,74.7969,completed,81623.86,49971.65,-1.4459,0.00,0.0000,0.4622,0.5233,0.4104,0.5875,3.1763,2.2490,2.2979,2.3696,2.1799
22.6706,10,4,18.1933,40.8634,converged,81623.86,49971.65,-1.4459,0.00,0.0000,0.2100,0.2563,0.0893,,,,,,
58.5050,5,5,20.6308,79.1358,completed,81623.86,49971.65,-1.4459,0.00,0.0000,0.3516,2.4605,0.5915,0.3486,,,,,
31.6570,10,3,9.8193,41.4753,converged,81623.86,49971.65,-1.4459,0.00,0.0000,0.0833,0.0843,,,,,,,
49.9370,7,7,37.7395,87.6765,completed,81623.86,49971.65,-1.4459,0.00,0.0000,0.7136,0.4341,1.3270,7.8110,4.1247,3.6980,,,
25.1890,10,10,33.8479,59.0359,completed,81623.86,49971.65,-1.4459,0.00,0.0000,0.2528,0.2790,0.2155,0.4615,2.9035,1.2053,1.2191,1.4016,1.4802
21.5380,10,10,41.2253,62.7624,completed,81623.86,49971.65,-1.4459,0.00,0.0000,0.0817,0.1403,1.1649,2.6599,0.4106,0.2780,0.3006,0.7487,0.5516
37.1220,9,9,32.4284,69.5495,completed,81623.86,49971.65,-1.4459,0.00,0.0000,0.2066,0.1203,1.5099,2.2564,0.4747,0.1665,0.4221,0.5960,
37.3130,9,3,10.6678,47.9808,converged,81623.86,49971.65,-1.4459,0.00,0.0000,0.1681,0.0969,,,,,,,
49.5557,7,7,50.7825,100.3376,completed,81623.86,49971.65,-1.4459,0.00,0.0000,0.2465,0.3704,1.6951,0.3207,0.2718,0.5728,,,
34.9600,9,3,13.7081,48.6671,converged,81623.86,49971.65,-1.4459,0.00,0.0000,0.2288,0.0940,,,,,,,
39.9446,9,9,40.9133,80.8573,completed,81623.86,49971.65,-1.4459,0.00,0.0000,0.2493,0.1131,0.9345,1.3383,0.5135,0.1604,0.3054,0.5837,
39.0420,9,9,50.6617,89.7037,completed,81623.86,49971.65,-1.4459,0.00,0.0000,0.2462,0.5307,0.9632,3.3320,7.1482,3.4510,2.8313,2.1929,
29.6728,10,3,12.3510,42.0230,converged,81623.86,49971.65,-1.4459,0.00,0.0000,0.1301,0.0771,,,,,,,
51.6695,7,7,34.2594,85.9285,completed,81623.86,49971.65,-1.4459,0.00,0.0000,0.6208,1.2432,0.9432,1.9385,0.5557,0.5340,,,
20.9089,10,10,42.1953,63.1033,completed,81623.86,49971.65,-1.4459,0.00,0.0000,0.1585,0.2181,0.1070,1.1338,1.9376,1.8567,1.7508,1.0872,1.0392
42.4330,8,8,28.9741,71.4072,completed,81623.86,49971.65,-1.4459,0.00,0.0000,0.2137,0.1380,1.4290,0.7735,0.1908,0.2661,0.4827,,
58.5615,5,5,24.3478,82.9089,completed,81623.86,49971.65,-1.4459,0.00,0.0000,0.2115,1.6571,0.5874,0.3473,,,,,
28.3179,10,10,36.9827,65.2998,completed,81623.86,49971.65,-1.4459,0.00,0.0000,0.1750,0.6999,1.6849,0.9245,0.1075,0.2500,0.2818,0.5267,0.7513
42.2989,8,8,37.0469,79.3450,completed,81623.86,49971.65,-1.4459,0.00,0.0000,0.1246,0.1391,1.1076,0.2451,0.2537,0.1755,0.5670,,
53.7980,6,6,30.7191,84.5162,completed,81623.86,49971.65,-1.4459,0.00,0.0000,0.3031,1.2982,1.2495,0.3143,0.5209,,,,
43.1261,8,8,52.8645,95.9905,completed,81623.86,49971.65,-1.4459,0.00,0.0000,0.2322,0.4782,0.4139,2.6398,1.9320,1.7782,1.6028,,
35.1330,9,9,42.2901,77.4232,completed,81623.86,49971.65,-1.4459,0.00,0.0000,0.3035,0.1843,0.5863,1.2408,1.0623,0.2131,1.0349,1.0688,
59.4748,5,5,20.0313,79.5053,completed,81623.86,49971.65,-1.4459,0.00,0.0000,0.2813,1.2167,0.7282,0.1163,,,,,
55.9888,6,2,48.9726,104.9609,deadline,81623.86,49971.65,-1.4459,0.00,0.0000,0.1420,,,,,,,,
43.1283,8,7,22.9784,66.1064,converged,81623.86,49971.65,-1.4459,0.00,0.0000,0.3439,0.2567,1.7347,0.2941,0.8453,0.0309,,,
52.5135,6,6,33.7058,86.2188,completed,81623.86,49971.65,-1.4459,0.00,0.0000,0.3501,0.6453,7.8500,5.2180,4.5879,,,,
55.6923,6,6,28.6810,84.3730,completed,81623.86,49971.65,-1.4459,0.00,0.0000,0.7594,1.4429,1.2131,3.0029,2.0810,,,,
40.9863,8,8,46.1669,87.1529,completed,81623.86,49971.65,-1.4459,0.00,0.0000,0.3893,0.3322,1.0529,0.7992,1.2234,1.5052,1.2919,,
27.2571,10,10,45.4752,72.7322,completed,81623.86,49971.65,-1.4459,0.00,0.0000,0.2809,0.1880,0.2953,0.7808,0.9994,1.7529,1.0046,0.8756,0.9631
53.4266,6,5,24.4428,77.8688,converged,81623.86,49971.65,-1.4459,0.00,0.0000,0.1957,1.4349,1.8548,0.0869,,,,,
24.3757,10,3,16.3909,40.7659,converged,81623.86,49971.65,-1.4459,0.00,0.0000,0.1280,0.0659,,,,,,,
