jitter_ms,planned_steps,actual_steps,denoise_ms,total_cycle_ms,stop_reason,ego_x,ego_y,ego_yaw,ego_vx,delta_0,delta_1,delta_2,delta_3,delta_4,delta_5,delta_6,delta_7,delta_8,delta_9
33.0065,10,10,36.3411,69.3472,completed,81686.12,50226.82,0.1879,8.33,0.0000,0.4746,0.5750,0.5088,0.5554,0.7090,3.3292,5.1160,5.9773,5.1888
24.6952,10,3,11.2593,35.9543,converged,81688.04,50227.17,0.1868,8.34,0.0000,0.0370,0.0622,,,,,,,
53.8536,6,6,23.5860,77.4390,completed,81688.04,50227.17,0.1868,8.34,0.0000,1.3538,1.7333,1.6399,6.0240,8.1324,,,,
23.1187,10,10,49.6554,72.7735,completed,81689.85,50227.51,0.1914,8.34,0.0000,0.0458,0.1156,0.3352,0.3311,0.5836,1.7500,5.2064,5.5300,4.5059
45.5428,8,8,27.9986,73.5406,completed,81689.85,50227.51,0.1914,8.34,0.0000,1.3199,1.5151,1.6357,1.6730,3.5249,6.3496,6.3039,,
23.1398,10,3,9.9200,33.0590,converged,81692.14,50227.95,0.1937,8.34,0.0000,0.0498,0.0803,,,,,,,
57.5611,6,6,32.8642,90.4252,completed,81692.14,50227.95,0.1937,8.34,0.0000,1.1956,1.8521,2.2743,5.5816,7.8146,,,,
23.8366,10,3,17.2796,41.1157,converged,81694.33,50228.37,0.1921,8.33,0.0000,0.0620,0.0910,,,,,,,
39.3018,9,9,48.1449,87.4459,completed,81694.33,50228.37,0.1921,8.33,0.0000,0.2055,2.1622,9.8475,15.8020,3.3282,3.9132,6.4910,5.7839,
47.3204,7,7,41.2354,88.5555,completed,81696.42,50228.76,0.1946,8.33,0.0000,0.1094,0.1858,0.5228,1.6116,5.4563,6.6896,,,
41.9030,8,8,45.7015,87.6035,completed,81696.42,50228.76,0.1946,8.33,0.0000,0.9754,1.3291,1.7865,2.2168,3.4978,6.5632,6.3363,,
52.5259,6,3,9.6132,62.1382,converged,81699.26,50229.31,0.1938,8.34,0.0000,0.2113,0.0543,,,,,,,
24.1161,10,10,46.9405,71.0565,completed,81699.26,50229.31,0.1938,8.34,0.0000,0.2449,0.4402,0.6230,0.8023,0.7019,2.3934,5.2889,5.4335,4.5098
30.0122,10,3,10.5516,40.5636,converged,81701.35,50229.70,0.1858,8.33,0.0000,0.0451,0.0895,,,,,,,
42.6225,8,8,32.5556,75.1776,completed,81701.35,50229.70,0.1858,8.33,0.0000,0.2186,0.7526,1.2744,1.9891,2.5035,5.8793,6.5893,,
33.7030,10,3,14.9324,48.6355,converged,81703.37,50230.07,0.1863,8.33,0.0000,0.0320,0.0680,,,,,,,
31.5532,10,10,61.2293,92.7823,completed,81703.37,50230.07,0.1863,8.33,0.0000,0.1987,0.4730,1.3644,0.3231,2.1635,2.8528,4.5195,6.0611,5.4973
29.8849,10,3,13.0977,42.9817,converged,81705.84,50230.54,0.1917,8.34,0.0000,0.0406,0.0720,,,,,,,
45.1531,8,8,34.7023,79.8553,completed,81705.84,50230.54,0.1917,8.34,0.0000,0.6875,0.9898,1.0021,1.5835,3.7341,6.6938,6.6558,,
41.7183,8,8,32.1761,73.8941,completed,81707.62,50230.88,0.1925,8.34,0.0000,0.1439,0.3140,0.6290,0.7256,4.0018,6.9536,6.0429,,
39.8014,9,9,42.5220,82.3231,completed,81707.62,50230.88,0.1925,8.34,0.0000,0.5562,1.0764,1.4131,0.3825,2.3047,5.1639,6.9385,6.4981,
22.5171,10,10,40.9691,63.4861,completed,81709.95,50231.33,0.1928,8.34,0.0000,0.0809,0.1473,0.1870,0.1122,0.4054,2.4883,5.9454,6.0768,4.9721
56.7383,6,6,28.1770,84.9150,completed,81709.95,50231.33,0.1928,8.34,0.0000,0.9930,1.6356,2.5561,7.4164,8.6764,,,,
51.0720,7,7,27.3783,78.4504,completed,81712.13,50231.74,0.1881,8.34,0.0000,0.1908,0.3445,0.2359,1.0540,5.7700,7.3410,,,
23.3470,10,10,36.3193,59.6663,completed,81712.13,50231.74,0.1881,8.34,0.0000,0.3192,0.2426,0.5869,1.4169,2.3693,2.9151,5.5057,6.5407,5.8300
22.6853,10,10,34.5476,57.2326,completed,81714.32,50232.13,0.1834,8.34,0.0000,0.1083,0.1844,0.2043,0.1282,0.3415,1.9242,5.3907,6.1708,5.3289
25.3349,10,10,47.3454,72.6795,completed,81714.32,50232.13,0.1834,8.34,0.0000,0.5088,0.6811,0.6322,1.0606,0.5957,2.7175,5.7205,6.7049,5.7751
47.1726,7,7,25.5214,72.6935,completed,81716.51,50232.53,0.1809,8.34,0.0000,0.0795,0.2247,0.2172,0.8351,6.2697,7.6941,,,
29.9201,10,10,39.3635,69.2835,completed,81716.51,50232.53,0.1809,8.34,0.0000,0.2733,0.3713,0.4620,0.5495,0.6789,2.6553,6.0859,6.4963,5.5064
48.7033,7,7,27.8307,76.5337,completed,81718.70,50232.92,0.1813,8.33,0.0000,0.0664,0.2513,0.4975,1.4811,6.9734,7.7033,,,
29.7366,10,10,32.9696,62.7056,completed,81718.70,50232.92,0.1813,8.33,0.0000,0.1170,0.1881,0.3377,0.3536,0.3823,2.5328,6.1342,6.5714,5.4933
47.9341,7,7,24.4951,72.4291,completed,81721.05,50233.35,0.1828,8.33,0.0000,0.0676,0.2081,0.2388,0.9344,5.6856,7.6484,,,
41.0110,8,8,26.9816,67.9926,completed,81721.05,50233.35,0.1828,8.33,0.0000,0.2045,0.2794,0.5873,0.4827,3.1804,6.6961,7.4824,,
35.8287,9,4,13.9708,49.7988,converged,81723.34,50233.76,0.1823,8.34,0.0000,0.0708,0.1448,0.0685,,,,,,
45.6956,8,8,41.3868,87.0819,completed,81723.34,50233.76,0.1823,8.34,0.0000,0.1735,0.1019,0.2337,1.3029,2.9430,7.0238,7.8657,,
34.9406,9,9,37.4960,72.4360,completed,81725.79,50234.20,0.1817,8.33,0.0000,0.0780,0.1500,0.1733,0.4426,0.3070,4.7151,6.8594,6.3225,
27.8953,10,10,56.7139,84.6089,completed,81725.79,50234.20,0.1817,8.33,0.0000,0.2071,0.1645,0.1131,0.6439,0.4287,2.2918,5.6711,6.8499,6.0402
46.8569,7,3,16.0082,62.8642,converged,81728.11,50234.61,0.1841,8.33,0.0000,0.0424,0.0824,,,,,,,
53.0080,6,6,24.3954,77.4024,completed,81728.11,50234.61,0.1841,8.33,0.0000,0.4188,0.5557,0.6932,5.9806,9.1443,,,,
30.4936,10,3,16.2770,46.7700,converged,81730.42,50235.03,0.1804,8.34,0.0000,0.0830,0.0690,,,,,,,
33.8167,10,3,9.4438,43.2598,converged,81730.42,50235.03,0.1804,8.34,0.0000,0.0684,0.0718,,,,,,,
26.9349,10,3,9.4500,36.3840,converged,81732.33,50235.37,0.1806,8.34,0.0000,0.0204,0.0389,,,,,,,
56.8661,6,6,31.4996,88.3657,completed,81732.33,50235.37,0.1806,8.34,0.0000,0.1604,0.1941,0.6693,5.9931,9.7693,,,,
47.7837,7,3,15.2426,63.0256,converged,81734.51,50235.75,0.1818,8.34,0.0000,0.0545,0.0477,,,,,,,
47.9200,7,7,34.0145,81.9335,completed,81734.51,50235.75,0.1818,8.34,0.0000,0.1070,0.3965,0.3950,3.1039,7.6538,9.4211,,,
25.5227,10,4,14.9636,40.4856,converged,81736.70,50236.15,0.1873,8.34,0.0000,0.0953,0.1053,0.0625,,,,,,
51.8404,7,7,31.9723,83.8124,completed,81736.70,50236.15,0.1873,8.34,0.0000,0.1103,0.3280,1.1631,1.6535,7.3704,9.0556,,,
41.8544,8,3,13.5613,55.4154,converged,81738.89,50236.56,0.1858,8.34,0.0000,0.1068,0.0533,,,,,,,
46.8039,7,7,37.3414,84.1444,completed,81738.89,50236.56,0.1858,8.34,0.0000,0.0905,0.3469,0.9939,4.4396,9.5845,8.8003,,,
51.1032,7,7,28.2401,79.3432,completed,81741.07,50236.96,0.1901,8.35,0.0000,0.0975,0.2409,1.5568,1.4537,7.1634,8.7482,,,
40.4104,8,8,38.6172,79.0272,completed,81741.07,50236.96,0.1901,8.35,0.0000,0.0557,0.1806,0.1166,0.9973,5.1079,8.5464,7.7598,,
55.4208,6,6,30.1082,85.5282,completed,81743.26,50237.38,0.1889,8.35,0.0000,0.1381,0.3404,1.8792,4.3098,8.7706,,,,
30.3720,10,3,15.4282,45.8003,converged,81743.26,50237.38,0.1889,8.35,0.0000,0.0569,0.0935,,,,,,,
44.5274,8,8,41.9987,86.5257,completed,81745.44,50237.78,0.1867,8.35,0.0000,0.1410,0.2106,0.2277,0.3610,5.8083,8.5740,7.8902,,
56.7221,6,6,25.9634,82.6855,completed,81745.44,50237.78,0.1867,8.35,0.0000,0.1996,1.0409,2.5395,3.5125,8.9037,,,,
35.1985,9,3,12.0805,47.2786,converged,81747.91,50238.23,0.1865,8.35,0.0000,0.0771,0.0180,,,,,,,
45.1273,8,8,42.5163,87.6434,completed,81747.91,50238.23,0.1865,8.35,0.0000,0.0570,0.5091,2.1012,2.2433,2.4480,7.4116,7.6940,,
57.7564,6,3,12.2231,69.9792,converged,81749.82,50238.59,0.1951,8.30,0.0000,0.0827,0.0433,,,,,,,
57.5574,6,6,21.9704,79.5274,completed,81749.82,50238.59,0.1951,8.30,0.0000,0.1173,0.7814,0.6195,6.0399,9.9980,,,,
34.2856,9,3,13.7487,48.0338,converged,81752.16,50239.06,0.2017,8.29,0.0000,0.1288,0.0825,,,,,,,
27.7870,10,3,14.3756,42.1616,converged,81752.16,50239.06,0.2017,8.29,0.0000,0.1433,0.0650,,,,,,,
51.3901,7,7,31.6097,82.9997,completed,81753.89,50239.40,0.1995,8.30,0.0000,0.0967,0.4493,2.2486,0.6763,6.2580,8.9443,,,
52.5438,6,6,24.8754,77.4184,completed,81753.89,50239.40,0.1995,8.30,0.0000,0.3566,0.5896,1.2634,6.9716,10.3143,,,,
20.9189,10,3,9.0644,29.9824,converged,81756.22,50239.86,0.1952,8.31,0.0000,0.0701,0.0495,,,,,,,
59.3616,5,5,22.3796,81.7406,completed,81756.22,50239.86,0.1952,8.31,0.0000,0.2725,0.2684,4.9024,10.8258,,,,,
30.8712,10,3,11.4751,42.3461,converged,81758.23,50240.24,0.1961,8.31,0.0000,0.1122,0.0930,,,,,,,
45.9576,8,3,15.3568,61.3138,converged,81758.23,50240.24,0.1961,8.31,0.0000,0.2065,0.0661,,,,,,,
44.4528,8,3,10.0932,54.5452,converged,81760.01,50240.58,0.1933,8.32,0.0000,0.1749,0.0831,,,,,,,
38.2387,9,3,12.8625,51.1006,converged,81760.01,50240.58,0.1933,8.32,0.0000,0.1916,0.0902,,,,,,,
29.0613,10,10,63.7710,92.8321,completed,81761.77,50240.92,0.1941,8.32,0.0000,0.1685,0.1094,0.1239,0.2165,0.7127,3.4870,7.4299,7.7351,6.3052
20.1914,10,3,14.7824,34.9734,converged,81761.77,50240.92,0.1941,8.32,0.0000,0.1039,0.0712,,,,,,,
59.4345,5,5,28.1850,87.6190,completed,81764.22,50241.40,0.1938,8.33,0.0000,0.1423,0.6304,4.5037,10.3849,,,,,
27.4268,10,10,39.5093,66.9353,completed,81764.22,50241.40,0.1938,8.33,0.0000,0.3536,0.3213,0.1572,0.3580,0.9791,3.4089,7.1796,8.1360,7.1346
49.0273,7,7,30.8184,79.8454,completed,81766.67,50241.88,0.1958,8.32,0.0000,0.1559,0.2609,0.8472,1.1537,7.3405,9.4391,,,
33.9659,10,10,36.0784,70.0434,completed,81766.67,50241.88,0.1958,8.32,0.0000,0.2468,0.2245,0.1112,0.3347,0.7258,3.0810,7.3089,8.2799,7.1529
51.4741,7,7,23.9357,75.4098,completed,81768.84,50242.30,0.1916,8.33,0.0000,0.1563,0.1775,0.3503,1.7262,7.1692,9.3719,,,
39.2755,9,9,36.7037,75.9788,completed,81768.84,50242.30,0.1916,8.33,0.0000,0.3819,0.4249,0.3768,0.5347,2.1186,5.5344,8.1977,8.7130,
56.8811,6,6,21.0284,77.9094,completed,81771.30,50242.76,0.1862,8.33,0.0000,0.2292,0.2471,0.9826,6.7594,10.4739,,,,
26.3758,10,10,36.9967,63.3718,completed,81771.30,50242.76,0.1862,8.33,0.0000,0.3767,0.3756,0.1757,0.4036,0.2483,2.7789,6.1139,8.1012,7.6322
28.0287,10,3,11.6595,39.6875,converged,81773.48,50243.16,0.1839,8.33,0.0000,0.0191,0.0915,,,,,,,
53.8957,6,6,35.0956,88.9906,completed,81773.48,50243.16,0.1839,8.33,0.0000,0.1059,0.4033,1.4485,5.4541,10.2549,,,,
33.4702,10,3,9.1266,42.5966,converged,81775.67,50243.56,0.1822,8.33,0.0000,0.0322,0.0648,,,,,,,
42.2341,8,8,34.7390,76.9730,completed,81775.67,50243.56,0.1822,8.33,0.0000,0.1904,0.1975,0.2091,1.7147,5.3364,8.8561,9.7070,,
34.1735,9,9,30.9343,65.1073,completed,81777.86,50243.95,0.1833,8.33,0.0000,0.0405,0.1287,0.7514,1.1197,0.7922,5.0955,8.4126,8.0277,
46.3850,7,3,8.7163,55.1003,converged,81777.86,50243.95,0.1833,8.33,0.0000,0.1496,0.0317,,,,,,,
25.9249,10,3,11.4690,37.3931,converged,81779.77,50244.30,0.1827,8.33,0.0000,0.0540,0.0258,,,,,,,
38.1942,9,4,13.9000,52.0941,converged,81779.77,50244.30,0.1827,8.33,0.0000,0.1040,0.1155,0.0936,,,,,,
37.8659,9,9,31.1577,69.0227,completed,81781.69,50244.64,0.1807,8.33,0.0000,0.0273,0.1157,0.5873,0.6988,1.2705,4.8503,8.2224,8.3627,
24.3085,10,4,13.7163,38.0243,converged,81781.69,50244.64,0.1807,8.33,0.0000,0.0985,0.1203,0.0307,,,,,,
47.8964,7,7,22.7529,70.6489,completed,81783.88,50245.04,0.1848,8.33,0.0000,0.0458,0.1230,0.5087,1.8454,8.5925,10.2035,,,
37.3746,9,4,16.6120,53.9861,converged,81783.88,50245.04,0.1848,8.33,0.0000,0.0946,0.1747,0.0126,,,,,,
34.2670,9,3,12.0166,46.2837,converged,81786.06,50245.44,0.1870,8.34,0.0000,0.0190,0.0089,,,,,,,
47.9240,7,7,27.7283,75.6523,completed,81786.06,50245.44,0.1870,8.34,0.0000,0.1590,0.1537,0.2649,1.9828,7.8635,10.0471,,,
42.2306,8,3,9.4597,51.6897,converged,81787.97,50245.80,0.1857,8.34,0.0000,0.0566,0.0581,,,,,,,
28.1271,10,10,37.4651,65.5921,completed,81787.97,50245.80,0.1857,8.34,0.0000,0.1063,0.1628,0.1336,0.3226,0.9467,3.7337,7.2506,8.4082,7.5379
32.8429,10,10,41.3483,74.1903,completed,81789.88,50246.15,0.1872,8.34,0.0000,0.0716,0.1126,0.3041,0.5221,0.4611,3.6987,8.3460,7.8542,6.2619
34.5224,9,4,15.8950,50.4171,converged,81789.88,50246.15,0.1872,8.34,0.0000,0.0855,0.1653,0.0799,,,,,,
44.4652,8,3,8.6360,53.1011,converged,81792.06,50246.55,0.1861,8.32,0.0000,0.0496,0.0980,,,,,,,
25.1486,10,10,40.6164,65.7644,completed,81792.06,50246.55,0.1861,8.32,0.0000,0.1492,0.2544,0.2766,0.5035,1.0642,3.5827,7.8537,8.6263,7.1822
46.8868,7,7,30.4111,77.2972,completed,81793.96,50246.91,0.1848,8.32,0.0000,0.1391,0.1529,0.5140,2.8280,9.2486,10.1024,,,
20.4480,10,3,14.2632,34.7112,converged,81793.96,50246.91,0.1848,8.32,0.0000,0.0929,0.0913,,,,,,,
24.6489,10,10,40.3701,65.0181,completed,81795.87,50247.27,0.1876,8.32,0.0000,0.0565,0.1267,0.1940,0.6465,1.5327,4.4020,8.2062,8.4069,6.9796
33.5828,10,4,11.2839,44.8660,converged,81795.87,50247.27,0.1876,8.32,0.0000,0.0730,0.1058,0.0132,,,,,,
35.1328,9,3,8.4349,43.5670,converged,81797.77,50247.62,0.1823,8.32,0.0000,0.0251,0.0185,,,,,,,
37.6722,9,3,12.4397,50.1118,converged,81797.77,50247.62,0.1823,8.32,0.0000,0.0277,0.0324,,,,,,,
57.1958,6,6,23.6326,80.8276,completed,81799.68,50247.95,0.1850,8.32,0.0000,0.1936,0.4398,2.7450,7.2444,11.3121,,,,
52.8326,6,3,9.3572,62.1892,converged,81799.68,50247.95,0.1850,8.32,0.0000,0.1947,0.0433,,,,,,,
53.9385,6,6,23.8964,77.8345,completed,81801.86,50248.33,0.1838,8.32,0.0000,0.1678,0.3659,3.2035,7.8557,11.5078,,,,
23.5209,10,3,10.3253,33.8454,converged,81801.86,50248.33,0.1838,8.32,0.0000,0.0402,0.0430,,,,,,,
40.4968,8,3,14.2291,54.7252,converged,81803.77,50248.66,0.1856,8.32,0.0000,0.0371,0.0535,,,,,,,
32.9198,10,4,21.3173,54.2363,converged,81803.77,50248.66,0.1856,8.32,0.0000,0.1171,0.1529,0.0521,,,,,,
33.3393,10,3,8.8814,42.2204,converged,81805.68,50249.02,0.1855,8.32,0.0000,0.0225,0.0393,,,,,,,
59.2403,5,5,18.8405,78.0805,completed,81805.68,50249.02,0.1855,8.32,0.0000,0.0968,0.7486,4.3924,10.0091,,,,,
54.9394,6,6,32.0701,87.0092,completed,81807.74,50249.38,0.1877,8.31,0.0000,0.0628,0.6008,0.6304,3.3271,9.2885,,,,
24.6425,10,4,12.4294,37.0715,converged,81807.74,50249.38,0.1877,8.31,0.0000,0.0891,0.1148,0.0179,,,,,,
53.0389,6,6,28.8866,81.9246,completed,81809.73,50249.76,0.1863,8.31,0.0000,0.0379,0.5303,1.6742,4.3829,10.0668,,,,
41.1200,8,3,14.4017,55.5217,converged,81809.73,50249.76,0.1863,8.31,0.0000,0.1395,0.0693,,,,,,,
41.2747,8,8,40.8103,82.0843,completed,81811.88,50250.17,0.1869,8.31,0.0000,0.2502,0.2200,0.1617,1.2122,4.4327,9.1219,9.6297,,
43.1742,8,4,17.6626,60.8366,converged,81811.88,50250.17,0.1869,8.31,0.0000,0.2310,0.2303,0.0995,,,,,,
39.1483,9,3,14.4719,53.6200,converged,81814.16,50250.62,0.1906,8.31,0.0000,0.1457,0.0669,,,,,,,
41.8970,8,3,13.0329,54.9300,converged,81814.16,50250.62,0.1906,8.31,0.0000,0.1151,0.0644,,,,,,,
53.4716,6,3,9.2107,62.6817,converged,81816.18,50251.03,0.1907,8.31,0.0000,0.2174,0.0821,,,,,,,
30.3889,10,3,9.7175,40.1055,converged,81816.18,50251.03,0.1907,8.31,0.0000,0.0465,0.0165,,,,,,,
33.2470,10,10,40.9148,74.1609,completed,81818.08,50251.39,0.1875,8.32,0.0000,0.1816,0.1957,0.1202,0.3085,1.1853,3.1614,8.0253,9.1152,7.8731
43.8885,8,8,29.1351,73.0232,completed,81818.08,50251.39,0.1875,8.32,0.0000,0.1823,0.1483,0.1990,0.5862,3.3228,8.3329,9.7899,,
26.0973,10,3,9.2908,35.3879,converged,81820.53,50251.84,0.1860,8.32,0.0000,0.0582,0.0370,,,,,,,
26.3625,10,4,12.4459,38.8079,converged,81820.53,50251.84,0.1860,8.32,0.0000,0.1281,0.1011,0.0401,,,,,,
41.1350,8,3,10.0321,51.1672,converged,81822.16,50252.15,0.1862,8.32,0.0000,0.1900,0.0948,,,,,,,
21.8627,10,4,22.1295,43.9915,converged,81822.16,50252.15,0.1862,8.32,0.0000,0.1280,0.1049,0.0266,,,,,,
33.4039,10,3,18.7615,52.1645,converged,81823.92,50252.48,0.1845,8.31,0.0000,0.0714,0.0423,,,,,,,
27.8339,10,3,12.0872,39.9202,converged,81823.92,50252.48,0.1845,8.31,0.0000,0.0853,0.0564,,,,,,,
59.3018,5,5,20.6814,79.9824,completed,81825.96,50252.85,0.1850,8.32,0.0000,0.1603,0.6586,1.1417,8.1009,,,,,
51.3643,7,3,17.4229,68.7870,converged,81825.96,50252.85,0.1850,8.32,0.0000,0.1160,0.0617,,,,,,,
58.8437,5,5,25.1435,83.9866,completed,81828.14,50253.24,0.1853,8.32,0.0000,0.1755,0.2280,1.8874,8.6911,,,,,
30.8764,10,3,17.0036,47.8796,converged,81828.14,50253.24,0.1853,8.32,0.0000,0.0881,0.0935,,,,,,,
57.2925,6,3,20.0083,77.3004,converged,81830.47,50253.66,0.1850,8.33,0.0000,0.1520,0.0847,,,,,,,
33.0506,10,10,46.2783,79.3284,completed,81830.47,50253.66,0.1850,8.33,0.0000,0.1334,0.1950,0.1770,0.3563,0.6589,2.4916,6.8038,8.7662,8.1202
25.1280,10,3,10.6053,35.7323,converged,81832.66,50254.05,0.1853,8.33,0.0000,0.0637,0.0894,,,,,,,
21.0641,10,4,12.1293,33.1934,converged,81832.66,50254.05,0.1853,8.33,0.0000,0.0952,0.1118,0.0772,,,,,,
56.4394,6,6,24.0875,80.5265,completed,81834.45,50254.37,0.1839,8.34,0.0000,0.0262,1.5115,0.6169,2.5015,8.5055,,,,
34.9516,9,3,9.9502,44.9012,converged,81834.45,50254.37,0.1839,8.34,0.0000,0.0781,0.0822,,,,,,,
26.5167,10,4,14.3367,40.8528,converged,81836.64,50254.78,0.1823,8.34,0.0000,0.0739,0.1092,0.0631,,,,,,
31.9412,10,10,35.2815,67.2225,completed,81836.64,50254.78,0.1823,8.34,0.0000,0.0990,0.1291,0.1122,0.3356,0.6206,1.3936,4.0735,7.5941,8.3158
29.6931,10,4,15.8284,45.5215,converged,81838.55,50255.14,0.1877,8.34,0.0000,0.0710,0.1055,0.0660,,,,,,
54.3847,6,6,30.2612,84.6452,completed,81838.55,50255.14,0.1877,8.34,0.0000,0.2099,0.1792,0.6951,3.2926,9.2875,,,,
24.3547,10,3,13.2874,37.6414,converged,81840.47,50255.50,0.1887,8.29,0.0000,0.0359,0.0146,,,,,,,
53.8520,6,6,23.0430,76.8940,completed,81840.47,50255.50,0.1887,8.29,0.0000,0.1577,0.1925,0.6968,4.5182,10.2580,,,,
22.1313,10,3,15.2628,37.3938,converged,81842.36,50255.86,0.1882,8.18,0.0000,0.0176,0.0775,,,,,,,
42.4336,8,8,35.3953,77.8284,completed,81842.36,50255.86,0.1882,8.18,0.0000,0.1613,0.1973,0.4360,1.0231,2.6845,7.9235,9.7240,,
52.2808,6,6,34.0030,86.2830,completed,81844.35,50256.25,0.1874,8.10,0.0000,0.0460,0.4628,0.4131,3.7563,10.0087,,,,
23.3366,10,4,14.5770,37.9131,converged,81844.35,50256.25,0.1874,8.10,0.0000,0.0931,0.1008,0.0498,,,,,,
36.7781,9,4,11.8972,48.6752,converged,81846.33,50256.63,0.1848,8.11,0.0000,0.1014,0.1182,0.0580,,,,,,
54.8482,6,6,21.6351,76.4832,completed,81846.33,50256.63,0.1848,8.11,0.0000,0.1835,0.2263,1.1758,5.2220,10.6370,,,,
29.6211,10,3,11.8827,41.5038,converged,81848.35,50257.00,0.1844,8.12,0.0000,0.0110,0.0271,,,,,,,
40.0078,8,3,9.8828,49.8898,converged,81848.35,50257.00,0.1844,8.12,0.0000,0.1020,0.0971,,,,,,,
41.5195,8,3,11.2985,52.8175,converged,81850.11,50257.33,0.1821,8.07,0.0000,0.0359,0.0464,,,,,,,
47.4338,7,7,28.6996,76.1326,completed,81850.11,50257.33,0.1821,8.07,0.0000,0.1062,0.1288,0.8019,1.4548,7.5180,10.6210,,,
26.7857,10,3,8.7687,35.5538,converged,81852.19,50257.71,0.1784,7.86,0.0000,0.0077,0.0392,,,,,,,
38.8776,9,3,11.9656,50.8426,converged,81852.19,50257.71,0.1784,7.86,0.0000,0.0353,0.0346,,,,,,,
55.8381,6,6,24.8041,80.6421,completed,81853.87,50258.01,0.1753,7.63,0.0000,0.0729,0.1051,1.3984,5.3643,10.9323,,,,
47.8121,7,7,24.9161,72.7282,completed,81853.87,50258.01,0.1753,7.63,0.0000,0.1382,0.1292,0.8051,0.9703,6.1321,10.0419,,,
45.0135,8,3,13.8919,58.9049,converged,81855.91,50258.37,0.1713,7.18,0.0000,0.0408,0.0532,,,,,,,
46.4113,7,7,33.4931,79.9041,completed,81855.91,50258.37,0.1713,7.18,0.0000,0.1654,0.1060,0.3359,0.5140,5.2336,9.6290,,,
33.1179,10,3,10.3960,43.5131,converged,81857.74,50258.68,0.1676,6.66,0.0000,0.0438,0.0638,,,,,,,
53.8717,6,6,29.2481,83.1192,completed,81857.74,50258.68,0.1676,6.66,0.0000,0.1931,0.1350,0.9747,3.7338,9.3198,,,,
57.5447,6,3,10.5691,68.1132,converged,81859.47,50258.96,0.1636,6.02,0.0000,0.0496,0.0736,,,,,,,
47.1536,7,7,24.2582,71.4112,completed,81859.47,50258.96,0.1636,6.02,0.0000,0.1638,0.1236,0.6459,2.3196,7.5673,10.6728,,,
28.0497,10,4,11.4417,39.4907,converged,81860.95,50259.20,0.1600,5.26,0.0000,0.0676,0.1004,0.0703,,,,,,
42.8064,8,3,10.5063,53.3123,converged,81860.95,50259.20,0.1600,5.26,0.0000,0.0902,0.0892,,,,,,,
33.0997,10,3,11.6823,44.7814,converged,81862.00,50259.37,0.1573,4.64,0.0000,0.0530,0.0700,,,,,,,
36.2923,9,4,13.3970,49.6891,converged,81862.00,50259.37,0.1573,4.64,0.0000,0.1318,0.1273,0.0538,,,,,,
44.9669,8,3,10.1857,55.1517,converged,81863.05,50259.31,0.1430,3.88,0.0000,0.0820,0.0825,,,,,,,
20.6884,10,4,12.2796,32.9676,converged,81863.05,50259.31,0.1430,3.88,0.0000,0.1419,0.1479,0.0689,,,,,,
50.2586,7,7,26.3285,76.5865,completed,81863.75,50259.41,0.1410,3.36,0.0000,0.1304,0.1021,0.3599,1.2481,6.1266,10.1319,,,
52.7824,6,6,26.3174,79.0994,completed,81863.75,50259.41,0.1410,3.36,0.0000,0.1209,0.6660,1.6726,1.3647,7.1950,,,,
47.9929,7,3,9.4735,57.4655,converged,81864.58,50259.52,0.1384,2.36,0.0000,0.1398,0.0487,,,,,,,
42.3163,8,8,27.1137,69.4297,completed,81864.58,50259.52,0.1384,2.36,0.0000,0.2338,0.1211,0.2291,0.4376,1.5684,5.7907,8.2341,,
44.7456,8,8,40.8017,85.5467,completed,81865.08,50259.59,0.1365,1.64,0.0000,0.1940,0.1001,0.2320,0.7275,1.9103,6.8963,8.5945,,
24.3001,10,10,33.0673,57.3673,completed,81865.08,50259.59,0.1365,1.64,0.0000,0.2139,0.1618,0.1160,0.6617,1.3265,0.5051,3.0904,5.9179,6.4387
28.8284,10,3,12.2433,41.0714,converged,81865.41,50259.64,0.1348,0.71,0.0000,0.1434,0.0962,,,,,,,
24.3014,10,10,38.6260,62.9270,completed,81865.41,50259.64,0.1348,0.71,0.0000,0.2019,0.1603,0.1439,0.8911,1.3061,0.3961,2.9472,5.5306,6.0245
35.0384,9,9,28.9112,63.9492,completed,81865.49,50259.65,0.1339,0.00,0.0000,0.2537,0.2243,0.2855,1.1583,0.7313,2.1537,5.5157,6.6461,
36.0033,9,9,46.9938,82.9969,completed,81865.49,50259.65,0.1339,0.00,0.0000,0.2784,0.2197,0.1704,0.2700,0.6858,2.6713,5.6925,6.8227,
28.1822,10,4,14.7981,42.9801,converged,81865.49,50259.65,0.1339,0.00,0.0000,0.1801,0.1943,0.0293,,,,,,
58.0455,5,5,17.6054,75.6505,completed,81865.49,50259.65,0.1339,0.00,0.0000,0.8702,14.1440,6.6021,1.8947,,,,,
38.8839,9,9,39.7827,78.6658,completed,81865.49,50259.65,0.1339,0.00,0.0000,0.3353,0.4139,0.5857,1.1351,1.0433,3.7975,6.6179,7.0899,
50.5940,7,7,33.1878,83.7808,completed,81865.49,50259.65,0.1339,0.00,0.0000,1.1434,0.6412,4.7021,1.0558,1.6943,2.3162,,,
39.6886,9,9,46.7241,86.4121,completed,81865.49,50259.65,0.1339,0.00,0.0000,0.4500,0.1547,3.2237,2.0430,2.0197,1.2829,1.8983,1.8265,
54.8562,6,6,25.6442,80.5002,completed,81865.49,50259.65,0.1339,0.00,0.0000,0.1338,0.2664,0.1812,2.1721,2.8538,,,,
58.1962,5,5,26.5689,84.7650,completed,81865.49,50259.65,0.1339,0.00,0.0000,0.1227,1.2575,2.4108,3.2161,,,,,
44.7160,8,3,12.7049,57.4209,converged,81865.49,50259.65,0.1339,0.00,0.0000,0.0756,0.0425,,,,,,,
30.4045,10,10,43.4645,73.8686,completed,81865.49,50259.65,0.1339,0.00,0.0000,0.0420,0.2192,0.1554,2.4182,0.3403,0.7329,1.5730,1.7917,1.9688
57.7783,6,6,37.2752,95.0532,completed,81865.49,50259.65,0.1339,0.00,0.0000,0.2606,0.6019,5.3838,1.7267,0.4787,,,,
37.5698,9,3,10.4023,47.9714,converged,81865.49,50259.65,0.1339,0.00,0.0000,0.1458,0.0832,,,,,,,
41.8139,8,8,32.9134,74.7264,completed,81865.49,50259.65,0.1339,0.00,0.0000,0.1141,0.2747,1.5346,1.7208,1.7158,2.8198,2.2463,,
50.2312,7,3,13.4458,63.6768,converged,81865.49,50259.65,0.1339,0.00,0.0000,0.1519,0.0642,,,,,,,
32.7295,10,10,50.9443,83.6734,completed,81865.49,50259.65,0.1339,0.00,0.0000,0.3650,0.8883,0.9200,2.3854,0.2161,6.1755,2.5450,2.9507,2.7486
21.0427,10,10,40.5526,61.5946,completed,81865.49,50259.65,0.1339,0.00,0.0000,0.1999,0.5224,0.1456,4.7788,4.5627,0.3759,0.4180,1.0917,1.3018
57.1444,6,6,28.6750,85.8190,completed,81865.49,50259.65,0.1339,0.00,0.0000,1.0412,0.7361,9.2094,2.6340,0.2909,,,,
51.5776,7,6,18.1470,69.7241,converged,81865.49,50259.65,0.1339,0.00,0.0000,0.6736,0.6301,9.3302,1.6295,0.0347,,,,
30.9039,10,3,12.6242,43.5272,converged,81865.49,50259.65,0.1339,0.00,0.0000,0.0980,0.0141,,,,,,,
50.2437,7,7,23.1967,73.4397,completed,81865.49,50259.65,0.1339,0.00,0.0000,0.8809,1.8107,2.1955,3.0377,4.2274,5.2552,,,
35.2200,9,9,29.0398,64.2598,completed,81865.49,50259.65,0.1339,0.00,0.0000,0.7378,1.2185,1.2909,0.5861,2.8598,2.6469,3.7451,3.9223,
41.4135,8,8,31.6540,73.0670,completed,81865.49,50259.65,0.1339,0.00,0.0000,0.5730,0.6515,0.8935,1.6681,2.9046,4.9335,5.4539,,
24.0163,10,8,25.8903,49.9063,converged,81865.49,50259.65,0.1339,0.00,0.0000,0.4134,0.4263,1.6725,14.1124,8.2420,0.1629,0.0568,,
57.3341,6,6,20.7926,78.1266,completed,81865.49,50259.65,0.1339,0.00,0.0000,1.2940,1.4679,0.6209,3.3387,4.9248,,,,
25.9617,10,10,43.6896,69.6507,completed,81865.49,50259.65,0.1339,0.00,0.0000,0.5062,0.8070,0.7224,0.9915,0.6596,4.4187,2.3783,3.5893,3.6652
48.7208,7,7,28.0627,76.7827,completed,81865.49,50259.65,0.1339,0.00,0.0000,1.2977,0.5825,11.5514,9.2807,1.4398,0.2610,,,
37.5041,9,7,29.3115,66.8155,converged,81865.49,50259.65,0.1339,0.00,0.0000,0.6573,0.3632,5.9073,14.4650,0.3538,0.0692,,,
51.0502,7,7,27.9596,79.0096,completed,81865.49,50259.65,0.1339,0.00,0.0000,1.6880,4.8287,0.4402,6.5477,3.5383,4.1696,,,
32.4700,10,10,34.3831,66.8521,completed,81865.49,50259.65,0.1339,0.00,0.0000,0.7206,2.1574,4.4594,1.8627,1.0858,4.1677,2.3950,3.0246,2.7177
51.5103,7,7,40.6791,92.1891,completed,81865.49,50259.65,0.1339,0.00,0.0000,0.1238,0.2981,0.6661,0.2037,0.3237,1.2623,,,
45.9485,8,3,11.3367,57.2848,converged,81865.49,50259.65,0.1339,0.00,0.0000,0.0235,0.0062,,,,,,,
52.4346,6,6,22.4800,74.9140,completed,81865.49,50259.65,0.1339,0.00,0.0000,0.2251,0.1457,0.6612,0.1057,0.7927,,,,
46.3151,7,5,20.4416,66.7566,converged,81865.49,50259.65,0.1339,0.00,0.0000,0.0084,0.1021,0.2365,0.0573,,,,,
39.6544,9,3,12.4709,52.1249,converged,81865.49,50259.65,0.1339,0.00,0.0000,0.0161,0.0468,,,,,,,
27.0875,10,10,37.1797,64.2667,completed,81865.49,50259.65,0.1339,0.00,0.0000,0.0697,0.2271,0.2676,0.7390,0.1899,1.4507,2.0995,1.8483,1.6305
24.8682,10,3,9.8469,34.7149,converged,81865.49,50259.65,0.1339,0.00,0.0000,0.0075,0.0302,,,,,,,
23.3948,10,3,13.2589,36.6529,converged,81865.49,50259.65,0.1339,0.00,0.0000,0.0128,0.0295,,,,,,,
35.4505,9,3,8.5965,44.0465,converged,81865.49,50259.65,0.1339,0.00,0.0000,0.0395,0.0737,,,,,,,
38.7525,9,3,9.4044,48.1564,converged,81865.49,50259.65,0.1339,0.00,0.0000,0.0217,0.0196,,,,,,,
50.2429,7,7,25.9213,76.1634,completed,81865.49,50259.65,0.1339,0.00,0.0000,0.3498,2.5760,0.3395,2.0808,2.7064,2.8091,,,
20.9882,10,3,9.9951,30.9831,converged,81865.49,50259.65,0.1339,0.00,0.0000,0.0122,0.0368,,,,,,,
26.8551,10,10,35.9209,62.7759,completed,81865.49,50259.65,0.1339,0.00,0.0000,0.2846,1.1961,5.1135,7.4516,8.9245,2.9797,3.4995,4.0019,3.6735
37.8873,9,3,12.9461,50.8332,converged,81865.49,50259.65,0.1339,0.00,0.0000,0.0254,0.0361,,,,,,,
52.2872,6,6,33.0248,85.3118,completed,81865.49,50259.65,0.1339,0.00,0.0000,0.5594,4.1015,3.9698,4.9090,4.5149,,,,
46.9208,7,3,9.3323,56.2523,converged,81865.49,50259.65,0.1339,0.00,0.0000,0.0835,0.0155,,,,,,,
32.2521,10,3,8.7514,41.0034,converged,81865.49,50259.65,0.1339,0.00,0.0000,0.0190,0.0306,,,,,,,
52.9683,6,4,18.4291,71.3971,converged,81865.49,50259.65,0.1339,0.00,0.0000,0.0300,0.1932,0.0563,,,,,,
55.9809,6,5,18.0542,74.0343,converged,81865.49,50259.65,0.1339,0.00,0.0000,0.0302,0.1905,0.1111,0.0638,,,,,
37.0582,9,9,48.9999,86.0579,completed,81865.49,50259.65,0.1339,0.00,0.0000,0.1353,0.5982,2.3578,1.6223,1.3563,3.2415,2.3034,2.2516,
30.3299,10,7,35.3510,65.6800,converged,81865.49,50259.65,0.1339,0.00,0.0000,0.1023,0.2852,0.2874,0.6601,0.3334,0.0617,,,
27.9726,10,10,52.6766,80.6487,completed,81865.49,50259.65,0.1339,0.00,0.0000,0.0849,0.3066,0.3213,0.5282,0.5064,2.2592,3.0700,1.9696,1.7606
27.2235,10,7,26.6459,53.8689,converged,81865.49,50259.65,0.1339,0.00,0.0000,0.0557,0.1578,0.1232,0.4276,0.1261,0.0430,,,
45.9808,8,6,22.7109,68.6910,converged,81865.49,50259.65,0.1339,0.00,0.0000,0.1092,0.1336,0.3774,0.1076,0.0689,,,,
45.9168,8,3,12.2403,58.1564,converged,81865.49,50259.65,0.1339,0.00,0.0000,0.0135,0.0177,,,,,,,
34.4764,9,3,11.2465,45.7225,converged,81865.49,50259.65,0.1339,0.00,0.0000,0.0329,0.0583,,,,,,,
27.9039,10,3,10.4803,38.3834,converged,81865.49,50259.65,0.1339,0.00,0.0000,0.0022,0.0224,,,,,,,
48.1976,7,3,8.7831,56.9801,converged,81865.49,50259.65,0.1339,0.00,0.0000,0.0036,0.0941,,,,,,,
35.9105,9,4,12.4108,48.3209,converged,81865.49,50259.65,0.1339,0.00,0.0000,0.0685,0.1565,0.0672,,,,,,
35.0250,9,9,34.5200,69.5441,completed,81865.49,50259.65,0.1339,0.00,0.0000,0.0976,0.1533,0.3123,0.3030,0.1803,0.1225,1.0951,1.5773,
21.0672,10,3,14.7690,35.8361,converged,81865.49,50259.65,0.1339,0.00,0.0000,0.0092,0.0509,,,,,,,
35.5589,9,6,25.9747,61.5328,converged,81865.49,50259.65,0.1339,0.00,0.0000,0.0488,0.1144,0.1664,0.3191,0.0893,,,,
47.1115,7,7,25.7148,72.8259,completed,81865.49,50259.65,0.1339,0.00,0.0000,0.4503,1.1958,1.0582,2.3776,3.2969,2.5624,,,
58.8875,5,4,14.6812,73.5683,converged,81865.49,50259.65,0.1339,0.00,0.0000,0.0629,0.3056,0.0557,,,,,,
38.0512,9,4,20.2698,58.3208,converged,81865.49,50259.65,0.1339,0.00,0.0000,0.0580,0.1830,0.0687,,,,,,
51.3472,7,3,8.5075,59.8546,converged,81865.49,50259.65,0.1339,0.00,0.0000,0.0574,0.0486,,,,,,,
44.0014,8,6,24.3894,68.3905,converged,81865.49,50259.65,0.1339,0.00,0.0000,0.0428,0.1127,0.2373,0.1152,0.0777,,,,
31.8968,10,3,9.6402,41.5363,converged,81865.49,50259.65,0.1339,0.00,0.0000,0.0055,0.0085,,,,,,,
47.8400,7,3,10.4052,58.2442,converged,81865.49,50259.65,0.1339,0.00,0.0000,0.0686,0.0134,,,,,,,
24.7234,10,3,10.1701,34.8931,converged,81865.49,50259.65,0.1339,0.00,0.0000,0.0276,0.0587,,,,,,,
48.0850,7,7,30.6015,78.6855,completed,81865.49,50259.65,0.1339,0.00,0.0000,0.2065,0.2981,0.6738,0.1306,0.1115,0.9225,,,
35.7530,9,9,35.5307,71.2827,completed,81865.49,50259.65,0.1339,0.00,0.0000,0.1103,0.2414,0.3574,0.3973,0.4780,1.5340,2.4111,1.7301,
55.4654,6,3,9.4600,64.9250,converged,81865.49,50259.65,0.1339,0.00,0.0000,0.1852,0.0318,,,,,,,
31.8018,10,3,11.7304,43.5314,converged,81865.49,50259.65,0.1339,0.00,0.0000,0.0493,0.0947,,,,,,,
24.7737,10,3,13.6099,38.3829,converged,81865.49,50259.65,0.1339,0.00,0.0000,0.0139,0.0453,,,,,,,
47.0727,7,7,27.8188,74.8908,completed,81865.49,50259.65,0.1339,0.00,0.0000,0.8842,9.1708,14.9429,5.7863,6.2302,6.5411,,,
51.7697,7,5,23.8608,75.6298,converged,81865.49,50259.65,0.1339,0.00,0.0000,0.0164,0.1357,0.1458,0.0464,,,,,
35.5290,9,6,25.9589,61.4879,converged,81865.49,50259.65,0.1339,0.00,0.0000,0.0711,0.1353,0.2779,0.2511,0.0564,,,,
52.1711,6,4,16.0198,68.1909,converged,81865.49,50259.65,0.1339,0.00,0.0000,0.0379,0.2788,0.0720,,,,,,
23.3785,10,3,17.2388,40.6198,converged,81865.49,50259.65,0.1339,0.00,0.0000,0.0482,0.0975,,,,,,,
56.4350,6,6,28.0119,84.4460,completed,81865.49,50259.65,0.1339,0.00,0.0000,0.4910,2.1911,2.0968,0.6987,1.9876,,,,
31.0445,10,10,40.3541,71.3981,completed,81865.49,50259.65,0.1339,0.00,0.0000,0.0855,0.2382,0.5449,0.2477,0.2353,0.7398,1.3631,1.7324,1.4753
21.4849,10,4,20.5176,42.0016,converged,81865.49,50259.65,0.1339,0.00,0.0000,0.0626,0.1507,0.0967,,,,,,
53.6561,6,4,18.1647,71.8207,converged,81865.49,50259.65,0.1339,0.00,0.0000,0.0236,0.2043,0.0865,,,,,,
42.3039,8,8,29.0091,71.3121,completed,81865.49,50259.65,0.1339,0.00,0.0000,0.0966,0.1551,0.4192,0.1133,0.1080,0.1827,0.9459,,
37.2450,9,3,11.8767,49.1207,converged,81865.49,50259.65,0.1339,0.00,0.0000,0.0034,0.0313,,,,,,,
36.2211,9,3,9.7707,45.9917,converged,81865.49,50259.65,0.1339,0.00,0.0000,0.0584,0.0857,,,,,,,
31.9957,10,6,17.5606,49.5556,converged,81865.49,50259.65,0.1339,0.00,0.0000,0.0793,0.1335,0.2093,0.3838,0.0552,,,,
20.3095,10,3,10.3825,30.6915,converged,81865.49,50259.65,0.1339,0.00,0.0000,0.0044,0.0071,,,,,,,
25.2684,10,3,9.0741,34.3422,converged,81865.49,50259.65,0.1339,0.00,0.0000,0.0307,0.0549,,,,,,,
46.6558,7,3,14.3819,61.0370,converged,81865.49,50259.65,0.1339,0.00,0.0000,0.0700,0.0298,,,,,,,
37.1791,9,4,14.9418,52.1208,converged,81865.49,50259.65,0.1339,0.00,0.0000,0.0700,0.1645,0.0688,,,,,,
39.3505,9,3,9.8342,49.1842,converged,81865.49,50259.65,0.1339,0.00,0.0000,0.0198,0.0102,,,,,,,
24.8779,10,10,35.3135,60.1905,completed,81865.49,50259.65,0.1339,0.00,0.0000,0.1829,0.6173,1.7312,1.0770,1.0035,2.5013,2.8077,1.8561,1.7749
36.1845,9,3,9.2465,45.4305,converged,81865.49,50259.65,0.1339,0.00,0.0000,0.0026,0.0258,,,,,,,
24.2403,10,3,10.3359,34.5760,converged,81865.49,50259.65,0.1339,0.00,0.0000,0.0380,0.0634,,,,,,,
53.1240,6,6,31.8275,84.9506,completed,81865.49,50259.65,0.1339,0.00,0.0000,0.1789,0.1733,0.3260,0.4541,1.2731,,,,
21.7519,10,10,46.9687,68.7198,completed,81865.49,50259.65,0.1339,0.00,0.0000,0.2459,0.8265,2.5822,3.3194,6.5890,3.3008,3.1466,3.2348,2.7534
59.2140,5,5,19.3218,78.5349,completed,81865.49,50259.65,0.1339,0.00,0.0000,0.3073,0.5470,0.3409,1.3911,,,,,
46.5260,7,3,12.0357,58.5617,converged,81865.49,50259.65,0.1339,0.00,0.0000,0.0486,0.0821,,,,,,,
29.0858,10,3,11.4046,40.4897,converged,81865.49,50259.65,0.1339,0.00,0.0000,0.0385,0.0784,,,,,,,
40.1118,8,3,15.2273,55.3383,converged,81865.49,50259.65,0.1339,0.00,0.0000,0.0502,0.0683,,,,,,,
51.3445,7,5,16.6179,67.9620,converged,81865.49,50259.65,0.1339,0.00,0.0000,0.0068,0.1336,0.1763,0.0673,,,,,
24.2227,10,10,43.7615,67.9835,completed,81865.49,50259.65,0.1339,0.00,0.0000,0.1004,0.2936,0.3293,0.8207,0.2491,0.1264,0.4389,1.0725,1.5345
21.2778,10,10,42.5049,63.7819,completed,81865.49,50259.65,0.1339,0.00,0.0000,0.1770,0.7047,3.5613,5.5225,4.7370,4.3223,3.1867,3.5262,3.1701
39.2494,9,3,10.7592,50.0082,converged,81865.49,50259.65,0.1339,0.00,0.0000,0.0050,0.0532,,,,,,,
25.4901,10,3,9.6431,35.1332,converged,81865.49,50259.65,0.1339,0.00,0.0000,0.0085,0.0035,,,,,,,
40.2375,8,3,9.6433,49.8803,converged,81865.49,50259.65,0.1339,0.00,0.0000,0.0097,0.0237,,,,,,,
50.5834,7,5,24.7418,75.3248,converged,81865.49,50259.65,0.1339,0.00,0.0000,0.1370,0.2236,0.6625,0.0617,,,,,
50.9823,7,3,13.1422,64.1242,converged,81865.49,50259.65,0.1339,0.00,0.0000,0.0323,0.0298,,,,,,,
45.0955,8,6,21.4738,66.5688,converged,81865.49,50259.65,0.1339,0.00,0.0000,0.0935,0.2312,0.3941,0.2052,0.0974,,,,
38.9882,9,3,15.4868,54.4748,converged,81865.49,50259.65,0.1339,0.00,0.0000,0.0351,0.0938,,,,,,,
40.2670,8,3,17.1642,57.4312,converged,81865.49,50259.65,0.1339,0.00,0.0000,0.0571,0.0765,,,,,,,
45.8588,8,5,16.6441,62.5021,converged,81865.49,50259.65,0.1339,0.00,0.0000,0.0137,0.1281,0.2595,0.0154,,,,,
39.5203,9,9,45.2219,84.7419,completed,81865.49,50259.65,0.1339,0.00,0.0000,0.1356,0.3883,0.1638,0.7147,0.2213,0.5106,1.6797,1.7757,
39.4366,9,3,11.9837,51.4197,converged,81865.49,50259.65,0.1339,0.00,0.0000,0.0441,0.0845,,,,,,,
53.8882,6,6,29.4206,83.3087,completed,81865.49,50259.65,0.1339,0.00,0.0000,0.3122,0.5653,0.5846,0.7325,1.9528,,,,
33.8668,10,10,62.1681,96.0341,completed,81865.49,50259.65,0.1339,0.00,0.0000,0.0607,0.1818,0.2044,0.4549,0.1630,0.2238,0.4434,1.1947,1.5825
23.3640,10,4,19.9271,43.2912,converged,81865.49,50259.65,0.1339,0.00,0.0000,0.0722,0.1836,0.0642,,,,,,
36.8847,9,4,15.2953,52.1793,converged,81865.49,50259.65,0.1339,0.00,0.0000,0.0973,0.2587,0.0380,,,,,,
42.9416,8,8,43.8530,86.7940,completed,81865.49,50259.65,0.1339,0.00,0.0000,0.1735,0.5261,0.1440,0.5184,0.4455,1.6475,1.9338,,
42.4927,8,3,9.7917,52.2838,converged,81865.49,50259.65,0.1339,0.00,0.0000,0.0637,0.0175,,,,,,,
39.4740,9,6,17.7393,57.2123,converged,81865.49,50259.65,0.1339,0.00,0.0000,0.0500,0.1135,0.2015,0.3423,0.0994,,,,
28.1986,10,3,10.3411,38.5391,converged,81865.49,50259.65,0.1339,0.00,0.0000,0.0444,0.0927,,,,,,,
25.4278,10,10,43.8761,69.3031,completed,81865.49,50259.65,0.1339,0.00,0.0000,0.1513,0.5746,1.7051,0.9019,0.3478,1.4071,2.5383,1.9513,1.9491
48.7806,7,3,11.7283,60.5083,converged,81865.49,50259.65,0.1339,0.00,0.0000,0.1046,0.0918,,,,,,,
58.1608,5,5,22.5004,80.6605,completed,81865.49,50259.65,0.1339,0.00,0.0000,0.4641,0.3003,2.0831,2.8438,,,,,
58.5854,5,5,31.5457,90.1308,completed,81865.49,50259.65,0.1339,0.00,0.0000,0.1831,0.4950,0.2314,1.4570,,,,,
24.0472,10,7,27.1668,51.2139,converged,81865.49,50259.65,0.1339,0.00,0.0000,0.0866,0.2485,0.1656,0.6159,0.1220,0.0452,,,
25.1497,10,10,42.4987,67.6477,completed,81865.49,50259.65,0.1339,0.00,0.0000,0.1525,0.4121,0.4116,0.6336,1.6022,6.0238,3.3558,2.6287,2.1678
38.8293,9,3,18.1317,56.9607,converged,81865.49,50259.65,0.1339,0.00,0.0000,0.0130,0.0388,,,,,,,
50.4764,7,7,32.8344,83.3105,completed,81865.49,50259.65,0.1339,0.00,0.0000,0.2898,1.0657,1.1051,0.2300,1.4174,1.9407,,,
45.1634,8,3,11.6599,56.8230,converged,81865.49,50259.65,0.1339,0.00,0.0000,0.0601,0.0848,,,,,,,
45.0046,8,3,11.6589,56.6630,converged,81865.49,50259.65,0.1339,0.00,0.0000,0.0560,0.0952,,,,,,,
55.5202,6,3,12.7302,68.2502,converged,81865.49,50259.65,0.1339,0.00,0.0000,0.2543,0.0273,,,,,,,
30.9231,10,3,13.0273,43.9504,converged,81865.49,50259.65,0.1339,0.00,0.0000,0.0164,0.0349,,,,,,,
24.0416,10,10,36.8589,60.8999,completed,81865.49,50259.65,0.1339,0.00,0.0000,0.1276,0.4918,2.1140,1.4845,1.7030,2.5298,2.4768,2.1693,2.2961
45.9967,8,6,18.6865,64.6826,converged,81865.49,50259.65,0.1339,0.00,0.0000,0.0874,0.1008,0.3586,0.1444,0.0961,,,,
59.2756,5,4,25.6367,84.9117,converged,81865.49,50259.65,0.1339,0.00,0.0000,0.2249,0.3230,0.0765,,,,,,
51.1783,7,5,19.6437,70.8217,converged,81865.49,50259.65,0.1339,0.00,0.0000,0.0244,0.1523,0.1541,0.0613,,,,,
51.8422,7,7,45.6226,97.4647,completed,81865.49,50259.65,0.1339,0.00,0.0000,0.2111,1.0589,1.0033,0.1705,1.0597,1.8937,,,
47.2677,7,7,29.8782,77.1453,completed,81865.49,50259.65,0.1339,0.00,0.0000,0.2424,1.3263,0.4470,0.2781,1.2454,1.8712,,,
24.7237,10,10,41.0013,65.7244,completed,81865.49,50259.65,0.1339,0.00,0.0000,0.1777,0.5144,1.1495,0.4799,0.9737,3.2066,2.6201,2.2520,2.0645
22.0119,10,4,13.8862,35.8973,converged,81865.49,50259.65,0.1339,0.00,0.0000,0.0681,0.1983,0.0948,,,,,,
47.0747,7,3,12.2962,59.3702,converged,81865.49,50259.65,0.1339,0.00,0.0000,0.0754,0.0192,,,,,,,
37.7899,9,3,10.2417,48.0308,converged,81865.49,50259.65,0.1339,0.00,0.0000,0.0148,0.0598,,,,,,,
49.7732,7,3,15.4323,65.2053,converged,81865.49,50259.65,0.1339,0.00,0.0000,0.0805,0.0712,,,,,,,
20.1668,10,3,14.5700,34.7361,converged,81865.49,50259.65,0.1339,0.00,0.0000,0.0178,0.0406,,,,,,,
28.7969,10,3,11.3540,40.1501,converged,81865.49,50259.65,0.1339,0.00,0.0000,0.0353,0.0905,,,,,,,
51.8980,7,3,13.4280,65.3261,converged,81865.49,50259.65,0.1339,0.00,0.0000,0.0856,0.0189,,,,,,,
43.5472,8,3,8.7193,52.2664,converged,81865.49,50259.65,0.1339,0.00,0.0000,0.0187,0.0983,,,,,,,
28.3117,10,3,9.8589,38.1699,converged,81865.49,50259.65,0.1339,0.00,0.0000,0.0108,0.0215,,,,,,,
28.1594,10,10,39.1475,67.3066,completed,81865.49,50259.65,0.1339,0.00,0.0000,0.1873,0.5341,1.0480,0.7459,0.7350,0.7875,1.4094,1.8421,1.5803
31.2306,10,3,14.5752,45.8052,converged,81865.49,50259.65,0.1339,0.00,0.0000,0.0228,0.0372,,,,,,,
28.6041,10,7,23.8350,52.4390,converged,81865.49,50259.65,0.1339,0.00,0.0000,0.0856,0.2804,0.1826,0.8573,0.1959,0.0746,,,
21.9605,10,10,36.1867,58.1467,completed,81865.49,50259.65,0.1339,0.00,0.0000,0.2306,0.7808,2.0746,0.3305,1.1786,5.4319,2.8098,2.7475,2.4582
27.7562,10,3,13.4806,41.2366,converged,81865.49,50259.65,0.1339,0.00,0.0000,0.0078,0.0281,,,,,,,
24.3272,10,4,16.0962,40.4233,converged,81865.49,50259.65,0.1339,0.00,0.0000,0.0964,0.1796,0.0182,,,,,,
27.0723,10,10,51.4555,78.5275,completed,81865.49,50259.65,0.1339,0.00,0.0000,0.0603,0.1423,0.1110,0.3944,0.1451,0.5462,1.2985,1.9646,1.5805
38.4952,9,6,21.5986,60.0937,converged,81865.49,50259.65,0.1339,0.00,0.0000,0.1108,0.4465,1.1153,1.6548,0.0710,,,,
32.5626,10,3,13.7023,46.2643,converged,81865.49,50259.65,0.1339,0.00,0.0000,0.0147,0.0806,,,,,,,
38.2625,9,3,11.9848,50.2469,converged,81865.49,50259.65,0.1339,0.00,0.0000,0.0169,0.0117,,,,,,,
39.1720,9,3,10.3582,49.5302,converged,81865.49,50259.65,0.1339,0.00,0.0000,0.0125,0.0412,,,,,,,
41.3562,8,8,30.8247,72.1807,completed,81865.49,50259.65,0.1339,0.00,0.0000,0.3347,0.8310,1.1186,0.2763,2.0728,2.7433,1.9596,,
38.0285,9,4,12.5566,50.5847,converged,81865.49,50259.65,0.1339,0.00,0.0000,0.0526,0.1428,0.0360,,,,,,
35.7489,9,7,24.0090,59.7570,converged,81865.49,50259.65,0.1339,0.00,0.0000,0.0966,0.1996,0.2307,0.3537,0.1198,0.0578,,,
38.2527,9,4,14.7048,52.9569,converged,81865.49,50259.65,0.1339,0.00,0.0000,0.0515,0.1440,0.0343,,,,,,
41.5728,8,8,34.1407,75.7128,completed,81865.49,50259.65,0.1339,0.00,0.0000,0.0928,0.3320,0.1245,0.2089,1.1003,2.7447,2.0074,,
53.0635,6,6,24.8579,77.9210,completed,81865.49,50259.65,0.1339,0.00,0.0000,0.4471,1.8529,0.5797,4.1645,3.2459,,,,
35.3821,9,3,12.3425,47.7245,converged,81865.49,50259.65,0.1339,0.00,0.0000,0.0264,0.0359,,,,,,,
25.4450,10,3,11.2950,36.7400,converged,81865.49,50259.65,0.1339,0.00,0.0000,0.0168,0.0168,,,,,,,
20.8842,10,3,17.8614,38.7454,converged,81865.49,50259.65,0.1339,0.00,0.0000,0.0108,0.0091,,,,,,,
52.3464,6,5,20.5015,72.8476,converged,81865.49,50259.65,0.1339,0.00,0.0000,0.1501,0.1672,0.3475,0.0958,,,,,
35.4870,9,3,10.8668,46.3528,converged,81865.49,50259.65,0.1339,0.00,0.0000,0.0160,0.0055,,,,,,,
58.5307,5,4,15.6510,74.1810,converged,81865.49,50259.65,0.1339,0.00,0.0000,0.0186,0.2811,0.0619,,,,,,
20.8105,10,3,12.6323,33.4423,converged,81865.49,50259.65,0.1339,0.00,0.0000,0.0115,0.0188,,,,,,,
22.2717,10,3,11.5415,33.8125,converged,81865.49,50259.65,0.1339,0.00,0.0000,0.0086,0.0227,,,,,,,
39.0347,9,6,16.9059,55.9399,converged,81865.49,50259.65,0.1339,0.00,0.0000,0.0698,0.1325,0.2445,0.3521,0.0853,,,,
21.7331,10,10,36.7676,58.5006,completed,81865.49,50259.65,0.1339,0.00,0.0000,0.0926,0.2903,0.8058,0.1104,1.1167,0.2978,0.4175,1.1709,1.5638
54.2955,6,5,16.7923,71.0874,converged,81865.49,50259.65,0.1339,0.00,0.0000,0.1584,0.1143,0.3592,0.0592,,,,,
28.0599,10,3,14.2077,42.2667,converged,81865.49,50259.65,0.1339,0.00,0.0000,0.0039,0.0267,,,,,,,
32.5119,10,10,48.5935,81.1045,completed,81865.49,50259.65,0.1339,0.00,0.0000,0.0672,0.1792,0.2076,0.2046,0.2725,0.3297,0.6411,1.5394,1.6152
36.3436,9,3,9.8323,46.1754,converged,81865.49,50259.65,0.1339,0.00,0.0000,0.0241,0.0215,,,,,,,
25.2765,10,7,28.7136,53.9897,converged,81865.49,50259.65,0.1339,0.00,0.0000,0.0738,0.1897,0.1422,0.4284,0.1190,0.0478,,,
31.4846,10,3,9.0447,40.5287,converged,81865.49,50259.65,0.1339,0.00,0.0000,0.0553,0.0940,,,,,,,
31.8080,10,3,12.6931,44.5001,converged,81865.49,50259.65,0.1339,0.00,0.0000,0.0052,0.0062,,,,,,,
37.1052,9,9,37.0658,74.1708,completed,81865.49,50259.65,0.1339,0.00,0.0000,0.2078,1.0898,5.6259,3.4473,8.5594,3.6846,4.1094,3.8969,
44.6983,8,3,11.5017,56.1998,converged,81865.49,50259.65,0.1339,0.00,0.0000,0.0103,0.0294,,,,,,,
35.3595,9,3,8.9298,44.2888,converged,81865.49,50259.65,0.1339,0.00,0.0000,0.0055,0.0084,,,,,,,
45.7373,8,3,10.5650,56.3020,converged,81865.49,50259.65,0.1339,0.00,0.0000,0.0169,0.0424,,,,,,,
20.3368,10,3,9.8745,30.2105,converged,81865.49,50259.65,0.1339,0.00,0.0000,0.0282,0.0361,,,,,,,
59.7874,5,4,13.2433,73.0303,converged,81865.49,50259.65,0.1339,0.00,0.0000,0.2589,0.5535,0.0747,,,,,,
43.1806,8,8,26.6312,69.8113,completed,81865.49,50259.65,0.1339,0.00,0.0000,0.0939,0.2187,0.3393,0.1029,0.4449,1.1909,1.7379,,
58.6366,5,4,13.5746,72.2107,converged,81865.49,50259.65,0.1339,0.00,0.0000,0.0204,0.2260,0.0480,,,,,,
38.8795,9,4,15.4019,54.2809,converged,81865.49,50259.65,0.1339,0.00,0.0000,0.0570,0.1481,0.0398,,,,,,
53.9973,6,5,14.5817,68.5787,converged,81865.49,50259.65,0.1339,0.00,0.0000,0.0488,0.2283,0.1622,0.0729,,,,,
34.1640,9,3,17.3007,51.4648,converged,81865.49,50259.65,0.1339,0.00,0.0000,0.0038,0.0380,,,,,,,
23.6179,10,4,17.9565,41.5735,converged,81865.49,50259.65,0.1339,0.00,0.0000,0.0667,0.1594,0.0491,,,,,,
47.2474,7,3,9.4709,56.7180,converged,81865.49,50259.65,0.1339,0.00,0.0000,0.0924,0.0437,,,,,,,
22.0270,10,3,13.1312,35.1582,converged,81865.49,50259.65,0.1339,0.00,0.0000,0.0021,0.0054,,,,,,,
25.0953,10,3,9.1072,34.2022,converged,81865.49,50259.65,0.1339,0.00,0.0000,0.0175,0.0233,,,,,,,
36.3728,9,6,20.1752,56.5851,converged,81865.49,50259.65,0.1339,0.00,0.0000,0.1177,0.2817,0.1250,0.6185,0.0765,,,,
58.7862,5,4,15.4975,74.2835,converged,81865.49,50259.65,0.1339,0.00,0.0000,0.1852,0.4726,0.0417,,,,,,
55.9814,6,5,15.9479,71.9289,converged,81865.49,50259.65,0.1339,0.00,0.0000,0.0653,0.1548,0.2210,0.0858,,,,,
28.6571,10,6,22.1537,50.8107,converged,81865.49,50259.65,0.1339,0.00,0.0000,0.0627,0.1618,0.1028,0.4853,0.0442,,,,
32.8382,10,10,49.6977,82.5357,completed,81865.49,50259.65,0.1339,0.00,0.0000,0.1393,0.4414,1.0632,0.9793,0.7344,0.1837,0.5957,1.3709,1.5958
25.4562,10,3,9.3990,34.8550,converged,81865.49,50259.65,0.1339,0.00,0.0000,0.0223,0.0447,,,,,,,
55.4910,6,6,24.0586,79.5486,completed,81865.49,50259.65,0.1339,0.00,0.0000,0.1349,0.1577,0.2639,0.1696,1.1113,,,,
45.2307,8,3,11.5099,56.7399,converged,81865.49,50259.65,0.1339,0.00,0.0000,0.0128,0.0356,,,,,,,
37.7955,9,6,19.7954,57.5905,converged,81865.49,50259.65,0.1339,0.00,0.0000,0.1118,0.2886,0.1076,0.4680,0.0410,,,,
56.3877,6,6,27.3567,83.7437,completed,81865.49,50259.65,0.1339,0.00,0.0000,0.0311,0.1759,0.1873,0.1242,0.2646,,,,
44.7185,8,8,42.1824,86.9004,completed,81865.49,50259.65,0.1339,0.00,0.0000,0.1753,0.5357,0.1763,0.2470,0.2102,0.7794,1.6732,,
55.2221,6,6,26.8073,82.0293,completed,81865.49,50259.65,0.1339,0.00,0.0000,0.3580,0.1949,0.7669,0.2367,1.4625,,,,
49.2350,7,3,15.9021,65.1361,converged,81865.49,50259.65,0.1339,0.00,0.0000,0.0212,0.0963,,,,,,,
33.2127,10,10,45.1786,78.3906,completed,81865.49,50259.65,0.1339,0.00,0.0000,0.1022,0.2798,0.4077,0.9201,0.2009,0.3085,0.1481,0.4234,0.8293
27.2634,10,10,49.0699,76.3330,completed,81865.49,50259.65,0.1339,0.00,0.0000,0.0900,0.2731,0.6485,0.5373,0.6069,0.1012,0.3072,0.9840,1.5865
44.3754,8,8,30.5011,74.8761,completed,81865.49,50259.65,0.1339,0.00,0.0000,0.1009,0.4049,0.2083,0.7989,0.5494,0.6825,0.9208,,
21.3534,10,4,13.2986,34.6516,converged,81865.49,50259.65,0.1339,0.00,0.0000,0.0511,0.1006,0.0860,,,,,,
51.0449,7,7,24.5331,75.5771,completed,81865.49,50259.65,0.1339,0.00,0.0000,0.1254,0.2388,0.5673,0.2119,0.3243,1.2449,,,
49.7990,7,3,10.8883,60.6874,converged,81865.49,50259.65,0.1339,0.00,0.0000,0.0879,0.0116,,,,,,,
20.4580,10,3,18.2201,38.6772,converged,81865.49,50259.65,0.1339,0.00,0.0000,0.0171,0.0380,,,,,,,
36.6552,9,3,14.2461,50.9011,converged,81865.49,50259.65,0.1339,0.00,0.0000,0.0133,0.0475,,,,,,,
31.1299,10,4,13.0754,44.2045,converged,81865.49,50259.65,0.1339,0.00,0.0000,0.0493,0.1164,0.0324,,,,,,
50.7175,7,5,15.7555,66.4726,converged,81865.49,50259.65,0.1339,0.00,0.0000,0.0028,0.1224,0.1981,0.0832,,,,,
57.3596,6,6,26.8862,84.2452,completed,81865.49,50259.65,0.1339,0.00,0.0000,0.0430,0.2694,0.1560,0.1377,0.8210,,,,
37.8808,9,3,9.0226,46.9026,converged,81865.49,50259.65,0.1339,0.00,0.0000,0.0142,0.0418,,,,,,,
40.1572,8,8,25.6873,65.8444,completed,81865.49,50259.65,0.1339,0.00,0.0000,0.1211,0.3386,0.2909,0.3542,0.1117,0.4433,1.3219,,
36.7839,9,9,42.6366,79.4196,completed,81865.49,50259.65,0.1339,0.00,0.0000,0.0902,0.3108,0.5440,0.9595,0.3530,0.7146,1.6842,1.8011,
54.4415,6,4,19.8178,74.2589,converged,81865.49,50259.65,0.1339,0.00,0.0000,0.0205,0.1682,0.0859,,,,,,
41.1138,8,8,40.6454,81.7585,completed,81865.49,50259.65,0.1339,0.00,0.0000,0.2109,0.4250,0.3573,0.6610,0.5250,2.1514,1.7416,,
53.7445,6,5,16.1989,69.9429,converged,81865.49,50259.65,0.1339,0.00,0.0000,0.0228,0.2857,0.1615,0.0543,,,,,
34.5536,9,3,16.6335,51.1866,converged,81865.49,50259.65,0.1339,0.00,0.0000,0.0026,0.0225,,,,,,,
33.1553,10,3,8.9468,42.1018,converged,81865.49,50259.65,0.1339,0.00,0.0000,0.0211,0.0286,,,,,,,
44.7176,8,8,38.3118,83.0288,completed,81865.49,50259.65,0.1339,0.00,0.0000,0.1872,0.5047,0.1686,0.3989,4.6327,3.2589,2.5367,,
43.1824,8,3,9.3862,52.5682,converged,81865.49,50259.65,0.1339,0.00,0.0000,0.0243,0.0318,,,,,,,
51.6072,7,7,22.7889,74.3960,completed,81865.49,50259.65,0.1339,0.00,0.0000,0.1505,0.3978,0.5951,0.3236,1.1544,1.9211,,,
30.2760,10,10,62.7063,92.9813,completed,81865.49,50259.65,0.1339,0.00,0.0000,0.0621,0.2157,0.2029,0.5891,0.3729,1.9607,3.1514,2.0368,1.7173
21.3944,10,3,18.9924,40.3865,converged,81865.49,50259.65,0.1339,0.00,0.0000,0.0035,0.0056,,,,,,,
57.8465,6,5,25.4909,83.3369,converged,81865.49,50259.65,0.1339,0.00,0.0000,0.0052,0.1897,0.1193,0.0489,,,,,
51.9978,7,5,23.2862,75.2832,converged,81865.49,50259.65,0.1339,0.00,0.0000,0.0331,0.1036,0.2055,0.0469,,,,,
59.9712,5,5,25.4184,85.3895,completed,81865.49,50259.65,0.1339,0.00,0.0000,0.5246,0.7864,2.3968,2.6406,,,,,
25.6290,10,10,38.9279,64.5569,completed,81865.49,50259.65,0.1339,0.00,0.0000,0.1462,0.4548,0.8669,1.0157,0.2770,1.2822,2.4740,1.8845,1.6266
35.6454,9,3,16.2340,51.8790,converged,81865.49,50259.65,0.1339,0.00,0.0000,0.0100,0.0554,,,,,,,
49.3348,7,7,27.1644,76.4984,completed,81865.49,50259.65,0.1339,0.00,0.0000,0.0518,0.1115,0.3409,0.1476,0.4770,1.2834,,,
22.7446,10,3,10.5945,33.3385,converged,81865.49,50259.65,0.1339,0.00,0.0000,0.0205,0.0286,,,,,,,
38.9964,9,6,18.1602,57.1562,converged,81865.49,50259.65,0.1339,0.00,0.0000,0.2106,0.7439,0.7068,1.5373,0.0417,,,,
20.8338,10,3,9.7329,30.5659,converged,81865.49,50259.65,0.1339,0.00,0.0000,0.0033,0.0308,,,,,,,
26.5861,10,3,9.8167,36.4027,converged,81865.49,50259.65,0.1339,0.00,0.0000,0.0388,0.0677,,,,,,,
46.7124,7,3,12.7357,59.4477,converged,81865.49,50259.65,0.1339,0.00,0.0000,0.0508,0.0500,,,,,,,
51.3129,7,5,15.9228,67.2348,converged,81865.49,50259.65,0.1339,0.00,0.0000,0.1100,0.1084,0.5387,0.0665,,,,,
31.4565,10,3,9.6138,41.0699,converged,81865.49,50259.65,0.1339,0.00,0.0000,0.0393,0.0788,,,,,,,
26.0398,10,3,9.8926,35.9317,converged,81865.49,50259.65,0.1339,0.00,0.0000,0.0220,0.0462,,,,,,,
20.8478,10,6,24.4984,45.3455,converged,81865.49,50259.65,0.1339,0.00,0.0000,0.0570,0.1001,0.1166,0.3313,0.0248,,,,
30.0110,10,3,14.1907,44.2008,converged,81865.49,50259.65,0.1339,0.00,0.0000,0.0025,0.0161,,,,,,,
29.8757,10,3,10.9814,40.8564,converged,81865.49,50259.65,0.1339,0.00,0.0000,0.0243,0.0492,,,,,,,
56.9081,6,5,18.8478,75.7558,converged,81865.49,50259.65,0.1339,0.00,0.0000,0.1023,0.1827,0.2685,0.0731,,,,,
24.1828,10,10,41.4842,65.6662,completed,81865.49,50259.65,0.1339,0.00,0.0000,0.0965,0.2477,0.2347,0.6036,0.2022,0.2474,0.4125,1.1825,1.5936
37.4694,9,9,41.6748,79.1438,completed,81865.49,50259.65,0.1339,0.00,0.0000,0.1915,0.6784,0.7952,1.7842,0.1421,0.5712,1.9103,1.7756,
40.2482,8,3,17.2227,57.4707,converged,81865.49,50259.65,0.1339,0.00,0.0000,0.0069,0.0642,,,,,,,
37.1751,9,9,35.6579,72.8329,completed,81865.49,50259.65,0.1339,0.00,0.0000,0.1843,0.5936,0.6719,1.1259,1.0105,1.9298,2.1541,1.7823,
38.6471,9,6,17.6395,56.2865,converged,81865.49,50259.65,0.1339,0.00,0.0000,0.0592,0.1602,0.1882,0.3848,0.0277,,,,
45.8650,8,3,13.2560,59.1211,converged,81865.49,50259.65,0.1339,0.00,0.0000,0.0299,0.0288,,,,,,,
39.8159,9,3,16.5159,56.3310,converged,81865.49,50259.65,0.1339,0.00,0.0000,0.0280,0.0378,,,,,,,
57.2549,6,5,20.2140,77.4680,converged,81865.49,50259.65,0.1339,0.00,0.0000,0.1205,0.1345,0.3062,0.0753,,,,,
27.8808,10,3,12.2050,40.0850,converged,81865.49,50259.65,0.1339,0.00,0.0000,0.0370,0.0990,,,,,,,
53.4829,6,5,20.0918,73.5739,converged,81865.49,50259.65,0.1339,0.00,0.0000,0.0216,0.2314,0.1410,0.0662,,,,,
40.3084,8,3,12.3064,52.6144,converged,81865.49,50259.65,0.1339,0.00,0.0000,0.0540,0.0654,,,,,,,
39.7918,9,6,27.1974,66.9885,converged,81865.49,50259.65,0.1339,0.00,0.0000,0.1218,0.4135,0.7157,1.2087,0.0951,,,,
51.0734,7,7,35.0182,86.0937,completed,81865.49,50259.65,0.1339,0.00,0.0000,0.5041,1.5757,0.8639,3.9866,3.4318,2.9488,,,
51.9984,7,3,14.1311,66.1291,converged,81865.49,50259.65,0.1339,0.00,0.0000,0.0629,0.0940,,,,,,,
40.1581,8,3,10.8981,51.0561,converged,81865.49,50259.65,0.1339,0.00,0.0000,0.0650,0.0765,,,,,,,
29.9388,10,3,9.9678,39.9058,converged,81865.49,50259.65,0.1339,0.00,0.0000,0.0321,0.0721,,,,,,,
54.2621,6,6,33.3905,87.6525,completed,81865.49,50259.65,0.1339,0.00,0.0000,0.2651,0.1861,0.8082,0.1285,0.8498,,,,
55.9452,6,6,22.6259,78.5710,completed,81865.49,50259.65,0.1339,0.00,0.0000,0.3811,0.2915,0.7069,3.1805,2.6324,,,,
39.6032,9,3,13.4388,53.0418,converged,81865.49,50259.65,0.1339,0.00,0.0000,0.0263,0.0142,,,,,,,
32.5743,10,3,13.0710,45.6451,converged,81865.49,50259.65,0.1339,0.00,0.0000,0.0158,0.0131,,,,,,,
51.1543,7,3,10.6628,61.8168,converged,81865.49,50259.65,0.1339,0.00,0.0000,0.0759,0.0670,,,,,,,
21.0166,10,3,10.3938,31.4099,converged,81865.49,50259.65,0.1339,0.00,0.0000,0.0114,0.0371,,,,,,,
40.1933,8,6,18.1735,58.3665,converged,81865.49,50259.65,0.1339,0.00,0.0000,0.0660,0.1154,0.2578,0.1577,0.0987,,,,
42.8746,8,8,33.4047,76.2788,completed,81865.49,50259.65,0.1339,0.00,0.0000,0.4085,1.6784,2.1171,1.6602,6.0067,3.8771,3.3357,,
39.0400,9,3,11.5320,50.5720,converged,81865.49,50259.65,0.1339,0.00,0.0000,0.0105,0.0544,,,,,,,
52.9474,6,6,20.9982,73.9452,completed,81865.49,50259.65,0.1339,0.00,0.0000,0.2029,0.3677,0.7880,0.1547,0.7363,,,,
27.1127,10,4,11.5840,38.6960,converged,81865.49,50259.65,0.1339,0.00,0.0000,0.0759,0.1595,0.0657,,,,,,
51.5221,7,7,26.1816,77.7036,completed,81865.49,50259.65,0.1339,0.00,0.0000,0.1042,0.1355,0.5237,0.2878,0.9860,1.9894,,,
50.8582,7,5,15.7861,66.6441,converged,81865.49,50259.65,0.1339,0.00,0.0000,0.0126,0.1155,0.1236,0.0430,,,,,
33.1816,10,3,10.2524,43.4334,converged,81865.49,50259.65,0.1339,0.00,0.0000,0.0256,0.0709,,,,,,,
56.5733,6,6,24.8154,81.3885,completed,81865.49,50259.65,0.1339,0.00,0.0000,0.0747,0.1470,0.2594,0.1298,0.3377,,,,
56.6678,6,6,21.3277,77.9947,completed,81865.49,50259.65,0.1339,0.00,0.0000,0.0418,0.1598,0.1279,0.1048,0.4860,,,,
32.9689,10,4,12.3417,45.3097,converged,81865.49,50259.65,0.1339,0.00,0.0000,0.0480,0.1138,0.0559,,,,,,
30.0837,10,4,11.5000,41.5831,converged,81865.49,50259.65,0.1339,0.00,0.0000,0.0917,0.2156,0.0572,,,,,,
31.0045,10,3,9.6655,40.6695,converged,81865.49,50259.65,0.1339,0.00,0.0000,0.0222,0.0472,,,,,,,
34.2751,9,4,19.1761,53.4511,converged,81865.49,50259.65,0.1339,0.00,0.0000,0.0664,0.1657,0.0978,,,,,,
38.6381,9,3,15.2177,53.8557,converged,81865.49,50259.65,0.1339,0.00,0.0000,0.0128,0.0215,,,,,,,
40.6714,8,3,16.8856,57.5566,converged,81865.49,50259.65,0.1339,0.00,0.0000,0.0043,0.0650,,,,,,,
48.5503,7,5,23.5331,72.0832,converged,81865.49,50259.65,0.1339,0.00,0.0000,0.0036,0.1477,0.1234,0.0299,,,,,
47.0688,7,7,35.8660,82.9340,completed,81865.49,50259.65,0.1339,0.00,0.0000,0.1909,0.6023,0.3377,0.3082,1.1068,1.8742,,,
57.2647,6,5,15.5317,72.7957,converged,81865.49,50259.65,0.1339,0.00,0.0000,0.1433,0.2086,0.2362,0.0866,,,,,
35.4243,9,3,9.3685,44.7925,converged,81865.49,50259.65,0.1339,0.00,0.0000,0.0315,0.0385,,,,,,,
30.1305,10,3,9.8063,39.9363,converged,81865.49,50259.65,0.1339,0.00,0.0000,0.0024,0.0077,,,,,,,
30.7868,10,6,22.9626,53.7486,converged,81865.49,50259.65,0.1339,0.00,0.0000,0.0771,0.1936,0.1136,0.4679,0.0867,,,,
30.2245,10,3,10.8176,41.0417,converged,81865.49,50259.65,0.1339,0.00,0.0000,0.0493,0.0626,,,,,,,
21.1112,10,3,13.9782,35.0892,converged,81865.49,50259.65,0.1339,0.00,0.0000,0.0055,0.0193,,,,,,,
52.2034,6,6,24.4576,76.6606,completed,81865.49,50259.65,0.1339,0.00,0.0000,0.2708,0.6456,0.8613,0.1570,0.7944,,,,
44.9424,8,3,10.3273,55.2693,converged,81865.49,50259.65,0.1339,0.00,0.0000,0.0550,0.0122,,,,,,,
32.5017,10,3,9.2221,41.7232,converged,81865.49,50259.65,0.1339,0.00,0.0000,0.0286,0.0358,,,,,,,
25.7438,10,3,8.6355,34.3785,converged,81865.49,50259.65,0.1339,0.00,0.0000,0.0233,0.0314,,,,,,,
21.1582,10,4,11.9658,33.1239,converged,81865.49,50259.65,0.1339,0.00,0.0000,0.0593,0.1515,0.0916,,,,,,
53.1010,6,6,23.9856,77.0857,completed,81865.49,50259.65,0.1339,0.00,0.0000,0.2956,0.3108,0.7918,0.1754,0.7440,,,,
57.7820,6,5,15.1158,72.8978,converged,81865.49,50259.65,0.1339,0.00,0.0000,0.0391,0.1847,0.1239,0.0619,,,,,
46.3428,7,3,15.3394,61.6814,converged,81865.49,50259.65,0.1339,0.00,0.0000,0.0450,0.0879,,,,,,,
24.5586,10,3,17.9313,42.4894,converged,81865.49,50259.65,0.1339,0.00,0.0000,0.0424,0.0744,,,,,,,
39.4205,9,3,8.5975,48.0175,converged,81865.49,50259.65,0.1339,0.00,0.0000,0.0033,0.0188,,,,,,,
57.7821,6,5,15.3565,73.1385,converged,81865.49,50259.65,0.1339,0.00,0.0000,0.0099,0.2105,0.1011,0.0691,,,,,
58.3301,5,4,15.8672,74.1973,converged,81865.49,50259.65,0.1339,0.00,0.0000,0.0570,0.3396,0.0441,,,,,,
52.2553,6,4,13.1142,65.3692,converged,81865.49,50259.65,0.1339,0.00,0.0000,0.0389,0.1499,0.0899,,,,,,
41.6386,8,4,18.9976,60.6356,converged,81865.49,50259.65,0.1339,0.00,0.0000,0.1753,0.7190,0.0972,,,,,,
32.2040,10,3,12.6184,44.8224,converged,81865.49,50259.65,0.1339,0.00,0.0000,0.0414,0.0769,,,,,,,
27.7223,10,10,36.9020,64.6240,completed,81865.49,50259.65,0.1339,0.00,0.0000,0.0654,0.2111,0.3355,0.5796,0.1248,1.3914,2.4403,1.9019,1.6319
32.7959,10,3,13.5924,46.3875,converged,81865.49,50259.65,0.1339,0.00,0.0000,0.0134,0.0350,,,,,,,
37.6474,9,3,15.2858,52.9328,converged,81865.49,50259.65,0.1339,0.00,0.0000,0.0424,0.0453,,,,,,,
28.7388,10,3,18.2651,47.0031,converged,81865.49,50259.65,0.1339,0.00,0.0000,0.0036,0.0070,,,,,,,
51.9312,7,3,19.7617,71.6928,converged,81865.49,50259.65,0.1339,0.00,0.0000,0.0403,0.0570,,,,,,,
55.8503,6,4,13.3599,69.2099,converged,81865.49,50259.65,0.1339,0.00,0.0000,0.0668,0.4122,0.0387,,,,,,
49.8111,7,5,15.8009,65.6120,converged,81865.49,50259.65,0.1339,0.00,0.0000,0.1285,0.2614,0.5655,0.0714,,,,,
53.0228,6,6,26.9777,79.9998,completed,81865.49,50259.65,0.1339,0.00,0.0000,0.8139,3.6738,1.0891,4.2190,3.8167,,,,
37.7519,9,9,31.8660,69.6171,completed,81865.49,50259.65,0.1339,0.00,0.0000,0.3937,1.6747,7.0113,5.2169,7.7709,3.3598,4.3397,3.9284,
55.1006,6,4,16.9349,72.0349,converged,81865.49,50259.65,0.1339,0.00,0.0000,0.0356,0.2013,0.0861,,,,,,
22.4951,10,10,42.8489,65.3440,completed,81865.49,50259.65,0.1339,0.00,0.0000,0.0838,0.2411,0.3496,0.7026,0.1362,0.1416,0.1314,0.5620,1.1968
22.3129,10,3,10.1182,32.4302,converged,81865.49,50259.65,0.1339,0.00,0.0000,0.0022,0.0132,,,,,,,
21.1867,10,4,18.2015,39.3876,converged,81865.49,50259.65,0.1339,0.00,0.0000,0.0756,0.1819,0.0486,,,,,,
37.8072,9,3,10.2525,48.0596,converged,81865.49,50259.65,0.1339,0.00,0.0000,0.0250,0.0436,,,,,,,
22.5897,10,4,13.4749,36.0640,converged,81865.49,50259.65,0.1339,0.00,0.0000,0.0557,0.1032,0.0386,,,,,,
40.0264,8,3,9.6073,49.6333,converged,81865.49,50259.65,0.1339,0.00,0.0000,0.0427,0.0319,,,,,,,
53.6576,6,6,31.8019,85.4589,completed,81865.49,50259.65,0.1339,0.00,0.0000,0.2327,0.2699,0.4691,0.2038,1.0062,,,,
35.3162,9,3,10.8816,46.1977,converged,81865.49,50259.65,0.1339,0.00,0.0000,0.0181,0.0338,,,,,,,
57.9082,6,6,29.5744,87.4824,completed,81865.49,50259.65,0.1339,0.00,0.0000,0.2255,0.1736,0.4582,0.3809,1.4872,,,,
25.0879,10,3,10.1068,35.1938,converged,81865.49,50259.65,0.1339,0.00,0.0000,0.0199,0.0401,,,,,,,
20.6031,10,3,10.6900,31.2931,converged,81865.49,50259.65,0.1339,0.00,0.0000,0.0162,0.0049,,,,,,,
20.6205,10,6,23.9062,44.5262,converged,81865.49,50259.65,0.1339,0.00,0.0000,0.0578,0.1121,0.1057,0.3508,0.0515,,,,
59.1459,5,4,12.4617,71.6068,converged,81865.49,50259.65,0.1339,0.00,0.0000,0.0110,0.3422,0.0417,,,,,,
51.9884,7,3,13.4117,65.3997,converged,81865.49,50259.65,0.1339,0.00,0.0000,0.0625,0.0197,,,,,,,
22.7431,10,3,13.4526,36.1956,converged,81865.49,50259.65,0.1339,0.00,0.0000,0.0129,0.0091,,,,,,,
36.8832,9,3,16.1088,52.9918,converged,81865.49,50259.65,0.1339,0.00,0.0000,0.0465,0.0935,,,,,,,
23.9377,10,3,18.5714,42.5084,converged,81865.49,50259.65,0.1339,0.00,0.0000,0.0106,0.0361,,,,,,,
44.0421,8,6,22.5725,66.6145,converged,81865.49,50259.65,0.1339,0.00,0.0000,0.1278,0.2897,0.4063,0.2446,0.0963,,,,
33.2052,10,3,11.6634,44.8685,converged,81865.49,50259.65,0.1339,0.00,0.0000,0.0489,0.0908,,,,,,,
25.1660,10,3,12.8668,38.0328,converged,81865.49,50259.65,0.1339,0.00,0.0000,0.0040,0.0128,,,,,,,
55.5468,6,4,21.7712,77.3172,converged,81865.49,50259.65,0.1339,0.00,0.0000,0.0295,0.1703,0.0873,,,,,,
45.3449,8,3,14.3658,59.7098,converged,81865.49,50259.65,0.1339,0.00,0.0000,0.0433,0.0464,,,,,,,
39.3516,9,3,9.6624,49.0134,converged,81865.49,50259.65,0.1339,0.00,0.0000,0.0322,0.0852,,,,,,,
34.3417,9,3,14.3251,48.6662,converged,81865.49,50259.65,0.1339,0.00,0.0000,0.0084,0.0370,,,,,,,
20.0501,10,3,15.9320,35.9820,converged,81865.49,50259.65,0.1339,0.00,0.0000,0.0143,0.0189,,,,,,,
35.0458,9,3,14.3953,49.4403,converged,81865.49,50259.65,0.1339,0.00,0.0000,0.0038,0.0263,,,,,,,
49.2805,7,5,16.6314,65.9115,converged,81865.49,50259.65,0.1339,0.00,0.0000,0.0052,0.1396,0.1548,0.0460,,,,,
57.0153,6,6,24.0434,81.0585,completed,81865.49,50259.65,0.1339,0.00,0.0000,0.2407,1.1876,0.5653,0.7845,2.0264,,,,
20.2477,10,3,10.5403,30.7873,converged,81865.49,50259.65,0.1339,0.00,0.0000,0.0097,0.0114,,,,,,,
52.2770,6,5,16.2350,68.5120,converged,81865.49,50259.65,0.1339,0.00,0.0000,0.0053,0.2132,0.1383,0.0675,,,,,
51.4600,7,3,9.9450,61.4051,converged,81865.49,50259.65,0.1339,0.00,0.0000,0.0529,0.0537,,,,,,,
31.5500,10,3,16.0093,47.5593,converged,81865.49,50259.65,0.1339,0.00,0.0000,0.0043,0.0353,,,,,,,
44.8772,8,3,10.4097,55.2867,converged,81865.49,50259.65,0.1339,0.00,0.0000,0.0341,0.0295,,,,,,,
56.4203,6,6,23.4587,79.8787,completed,81865.49,50259.65,0.1339,0.00,0.0000,0.2982,0.3408,0.6540,0.1976,1.1825,,,,
28.7494,10,3,8.4994,37.2484,converged,81865.49,50259.65,0.1339,0.00,0.0000,0.0052,0.0238,,,,,,,
57.6786,6,6,27.2624,84.9404,completed,81865.49,50259.65,0.1339,0.00,0.0000,0.1759,0.3284,0.2998,0.1051,0.6163,,,,
24.4457,10,3,15.1706,39.6157,converged,81865.49,50259.65,0.1339,0.00,0.0000,0.0074,0.0040,,,,,,,
37.4021,9,3,10.1263,47.5283,converged,81865.49,50259.65,0.1339,0.00,0.0000,0.0106,0.0321,,,,,,,
49.2492,7,3,9.5454,58.7944,converged,81865.49,50259.65,0.1339,0.00,0.0000,0.0622,0.0319,,,,,,,
41.7792,8,3,10.0152,51.7942,converged,81865.49,50259.65,0.1339,0.00,0.0000,0.0330,0.0334,,,,,,,
25.2834,10,3,16.4136,41.6966,converged,81865.49,50259.65,0.1339,0.00,0.0000,0.0436,0.0774,,,,,,,
41.0290,8,8,32.4182,73.4472,completed,81865.49,50259.65,0.1339,0.00,0.0000,0.1283,0.6186,0.2439,0.3660,2.1358,2.7076,1.9544,,
37.2576,9,3,9.4139,46.6709,converged,81865.49,50259.65,0.1339,0.00,0.0000,0.0057,0.0117,,,,,,,
50.4358,7,3,14.1633,64.5984,converged,81865.49,50259.65,0.1339,0.00,0.0000,0.0345,0.0670,,,,,,,
53.9056,6,3,11.1986,65.1036,converged,81865.49,50259.65,0.1339,0.00,0.0000,0.1671,0.0900,,,,,,,
36.8406,9,3,9.4159,46.2559,converged,81865.49,50259.65,0.1339,0.00,0.0000,0.0070,0.0283,,,,,,,
55.3218,6,6,21.3371,76.6581,completed,81865.49,50259.65,0.1339,0.00,0.0000,0.0439,0.2073,0.1434,0.1012,0.4218,,,,
46.8585,7,3,11.9706,58.8286,converged,81865.49,50259.65,0.1339,0.00,0.0000,0.0670,0.0118,,,,,,,
52.8258,6,5,14.4195,67.2446,converged,81865.49,50259.65,0.1339,0.00,0.0000,0.0337,0.1268,0.1229,0.0832,,,,,
50.0914,7,3,9.3309,59.4219,converged,81865.49,50259.65,0.1339,0.00,0.0000,0.0922,0.0972,,,,,,,
34.6980,9,9,38.9980,73.6951,completed,81865.49,50259.65,0.1339,0.00,0.0000,0.0641,0.1434,0.2289,0.3727,0.3047,0.4318,1.4830,1.6626,
51.3911,7,7,23.9342,75.3253,completed,81865.49,50259.65,0.1339,0.00,0.0000,0.0840,0.1244,0.3448,0.1441,0.6504,1.5135,,,
24.9414,10,4,12.4228,37.3638,converged,81865.49,50259.65,0.1339,0.00,0.0000,0.0470,0.1342,0.0204,,,,,,
41.3260,8,3,12.5511,53.8762,converged,81865.49,50259.65,0.1339,0.00,0.0000,0.0235,0.0248,,,,,,,
43.5829,8,8,40.5197,84.1017,completed,81865.49,50259.65,0.1339,0.00,0.0000,0.3071,1.4300,3.4423,6.0655,5.0979,4.0559,3.7064,,
46.6914,7,3,8.9271,55.6182,converged,81865.49,50259.65,0.1339,0.00,0.0000,0.0364,0.0971,,,,,,,
27.3388,10,4,11.1212,38.4593,converged,81865.49,50259.65,0.1339,0.00,0.0000,0.0703,0.1703,0.0442,,,,,,
49.4469,7,3,10.7047,60.1507,converged,81865.49,50259.65,0.1339,0.00,0.0000,0.0116,0.0358,,,,,,,
33.7253,10,3,13.1983,46.9233,converged,81865.49,50259.65,0.1339,0.00,0.0000,0.0280,0.0355,,,,,,,
59.4666,5,5,23.3657,82.8318,completed,81865.49,50259.65,0.1339,0.00,0.0000,0.0417,0.4159,0.1695,0.6957,,,,,
43.3250,8,3,12.8345,56.1596,converged,81865.49,50259.65,0.1339,0.00,0.0000,0.0102,0.0765,,,,,,,
38.4249,9,3,11.3273,49.7513,converged,81865.49,50259.65,0.1339,0.00,0.0000,0.0318,0.0393,,,,,,,
26.9982,10,3,10.9067,37.9047,converged,81865.49,50259.65,0.1339,0.00,0.0000,0.0097,0.0045,,,,,,,
31.6179,10,3,12.9454,44.5624,converged,81865.49,50259.65,0.1339,0.00,0.0000,0.0330,0.0737,,,,,,,
41.2264,8,8,41.0426,82.2686,completed,81865.49,50259.65,0.1339,0.00,0.0000,0.1024,0.2705,0.5443,0.2394,0.1492,0.4221,1.0883,,
34.9451,9,3,8.7764,43.7214,converged,81865.49,50259.65,0.1339,0.00,0.0000,0.0463,0.0815,,,,,,,
29.5026,10,10,37.4681,66.9701,completed,81865.49,50259.65,0.1339,0.00,0.0000,0.1335,0.3683,0.4146,0.4799,0.2824,0.1893,1.2840,1.9384,1.5508
25.8364,10,3,11.8173,37.6533,converged,81865.49,50259.65,0.1339,0.00,0.0000,0.0111,0.0101,,,,,,,
39.7922,9,3,12.6240,52.4160,converged,81865.49,50259.65,0.1339,0.00,0.0000,0.0291,0.0057,,,,,,,
29.5226,10,3,14.3603,43.8824,converged,81865.49,50259.65,0.1339,0.00,0.0000,0.0190,0.0311,,,,,,,
54.6916,6,5,20.7287,75.4198,converged,81865.49,50259.65,0.1339,0.00,0.0000,0.1040,0.1364,0.2638,0.0364,,,,,
24.5435,10,4,16.4591,41.0021,converged,81865.49,50259.65,0.1339,0.00,0.0000,0.0581,0.1318,0.0400,,,,,,
52.6394,6,4,13.7480,66.3870,converged,81865.49,50259.65,0.1339,0.00,0.0000,0.0333,0.1789,0.0924,,,,,,
27.2150,10,3,10.7756,37.9897,converged,81865.49,50259.65,0.1339,0.00,0.0000,0.0122,0.0177,,,,,,,
58.1460,5,4,14.7562,72.9013,converged,81865.49,50259.65,0.1339,0.00,0.0000,0.0602,0.1437,0.0450,,,,,,
43.5197,8,3,10.1731,53.6921,converged,81865.49,50259.65,0.1339,0.00,0.0000,0.0058,0.0295,,,,,,,
49.0153,7,5,24.4764,73.4914,converged,81865.49,50259.65,0.1339,0.00,0.0000,0.3158,1.2838,1.3607,0.0778,,,,,
26.7549,10,3,10.7253,37.4793,converged,81865.49,50259.65,0.1339,0.00,0.0000,0.0196,0.0479,,,,,,,
52.4162,6,4,15.5696,67.9857,converged,81865.49,50259.65,0.1339,0.00,0.0000,0.0048,0.2044,0.0968,,,,,,
53.9501,6,5,16.3936,70.3437,converged,81865.49,50259.65,0.1339,0.00,0.0000,0.2768,0.7268,0.9723,0.0812,,,,,
47.2891,7,3,9.0675,56.3566,converged,81865.49,50259.65,0.1339,0.00,0.0000,0.0365,0.0278,,,,,,,
48.1044,7,7,29.7664,77.8705,completed,81865.49,50259.65,0.1339,0.00,0.0000,0.1878,0.9169,0.9036,0.1340,0.1969,0.7912,,,
52.9097,6,5,18.1213,71.0304,converged,81865.49,50259.65,0.1339,0.00,0.0000,0.0637,0.1399,0.2703,0.0838,,,,,
29.1497,10,3,9.9054,39.0545,converged,81865.49,50259.65,0.1339,0.00,0.0000,0.0031,0.0168,,,,,,,
25.4594,10,4,13.7435,39.2025,converged,81865.49,50259.65,0.1339,0.00,0.0000,0.0388,0.1000,0.0375,,,,,,
42.3143,8,6,25.6850,67.9990,converged,81865.49,50259.65,0.1339,0.00,0.0000,0.0632,0.1677,0.3558,0.2089,0.0663,,,,
54.2985,6,4,13.9992,68.2973,converged,81865.49,50259.65,0.1339,0.00,0.0000,0.0041,0.1630,0.0910,,,,,,
28.5908,10,10,41.3392,69.9292,completed,81865.49,50259.65,0.1339,0.00,0.0000,0.1172,0.5029,2.7005,3.2664,0.8648,5.9328,2.6122,3.1795,2.9350
54.4029,6,6,34.1031,88.5051,completed,81865.49,50259.65,0.1339,0.00,0.0000,0.1387,0.1121,0.4374,0.1564,0.8235,,,,
53.6497,6,3,14.0226,67.6717,converged,81865.49,50259.65,0.1339,0.00,0.0000,0.1640,0.0844,,,,,,,
28.5321,10,7,22.4464,50.9784,converged,81865.49,50259.65,0.1339,0.00,0.0000,0.0928,0.2345,0.1256,0.5415,0.1954,0.0481,,,
47.4661,7,7,27.4939,74.9600,completed,81865.49,50259.65,0.1339,0.00,0.0000,0.0451,0.1205,0.2006,0.1154,0.2089,0.8526,,,
34.0120,9,4,13.5011,47.5121,converged,81865.49,50259.65,0.1339,0.00,0.0000,0.0642,0.1566,0.0769,,,,,,
23.9446,10,3,10.0610,34.0050,converged,81865.49,50259.65,0.1339,0.00,0.0000,0.0062,0.0133,,,,,,,
50.7846,7,7,34.5640,85.3480,completed,81865.49,50259.65,0.1339,0.00,0.0000,0.1128,0.1884,0.5266,0.1560,0.3729,1.2032,,,
34.7658,9,3,11.5266,46.2917,converged,81865.49,50259.65,0.1339,0.00,0.0000,0.0167,0.0135,,,,,,,
22.6326,10,4,22.4025,45.0346,converged,81865.49,50259.65,0.1339,0.00,0.0000,0.0602,0.1679,0.0895,,,,,,
27.9649,10,3,17.4088,45.3729,converged,81865.49,50259.65,0.1339,0.00,0.0000,0.0103,0.0131,,,,,,,
23.3974,10,3,10.3823,33.7793,converged,81865.49,50259.65,0.1339,0.00,0.0000,0.0040,0.0418,,,,,,,
50.9690,7,7,23.8366,74.8047,completed,81865.49,50259.65,0.1339,0.00,0.0000,0.1241,0.3802,0.6099,0.1125,0.2338,1.0463,,,
31.0105,10,10,31.9226,62.9326,completed,81865.49,50259.65,0.1339,0.00,0.0000,0.1747,0.6192,2.1773,0.7939,0.9027,4.0979,3.0854,2.6484,2.4037
27.0598,10,6,31.2991,58.3582,converged,81865.49,50259.65,0.1339,0.00,0.0000,0.0500,0.1034,0.1080,0.3169,0.0567,,,,
20.6778,10,3,14.2124,34.8894,converged,81865.49,50259.65,0.1339,0.00,0.0000,0.0047,0.0102,,,,,,,
20.9047,10,4,18.0674,38.9715,converged,81865.49,50259.65,0.1339,0.00,0.0000,0.0798,0.1787,0.0610,,,,,,
38.9547,9,4,12.8762,51.8303,converged,81865.49,50259.65,0.1339,0.00,0.0000,0.1235,0.3368,0.0324,,,,,,
55.1937,6,3,10.7419,65.9350,converged,81865.49,50259.65,0.1339,0.00,0.0000,0.1300,0.0365,,,,,,,
58.1677,5,4,11.7224,69.8895,converged,81865.49,50259.65,0.1339,0.00,0.0000,0.1777,0.2188,0.0880,,,,,,
47.3993,7,3,9.4729,56.8719,converged,81865.49,50259.65,0.1339,0.00,0.0000,0.0500,0.0140,,,,,,,
58.3444,5,4,12.4438,70.7878,converged,81865.49,50259.65,0.1339,0.00,0.0000,0.1753,0.4786,0.0531,,,,,,
23.6989,10,10,38.4460,62.1441,completed,81865.49,50259.65,0.1339,0.00,0.0000,0.2551,0.7392,1.7189,0.1824,2.5662,6.1990,3.0968,2.9159,2.4441
33.4362,10,3,13.8337,47.2698,converged,81865.49,50259.65,0.1339,0.00,0.0000,0.0076,0.0397,,,,,,,
21.2613,10,4,25.9045,47.1656,converged,81865.49,50259.65,0.1339,0.00,0.0000,0.0679,0.2291,0.0912,,,,,,
54.1580,6,5,16.9777,71.1357,converged,81865.49,50259.65,0.1339,0.00,0.0000,0.0940,0.2787,0.2372,0.0753,,,,,
44.4605,8,8,35.6377,80.0978,completed,81865.49,50259.65,0.1339,0.00,0.0000,0.1700,0.4463,0.5447,0.2311,0.6381,1.8324,1.9780,,
49.8917,7,3,9.8898,59.7808,converged,81865.49,50259.65,0.1339,0.00,0.0000,0.0314,0.0579,,,,,,,
34.9647,9,4,16.3342,51.2982,converged,81865.49,50259.65,0.1339,0.00,0.0000,0.1251,0.3559,0.0167,,,,,,
39.9698,9,3,13.5007,53.4697,converged,81865.49,50259.65,0.1339,0.00,0.0000,0.0030,0.0261,,,,,,,
38.9424,9,9,32.7426,71.6846,completed,81865.49,50259.65,0.1339,0.00,0.0000,0.1574,0.6523,2.7749,2.2271,0.4488,1.9610,1.9357,2.0087,
27.9659,10,3,9.7395,37.7046,converged,81865.49,50259.65,0.1339,0.00,0.0000,0.0074,0.0102,,,,,,,
26.1913,10,3,11.3227,37.5138,converged,81865.49,50259.65,0.1339,0.00,0.0000,0.0150,0.0537,,,,,,,
54.3162,6,3,10.8856,65.2017,converged,81865.49,50259.65,0.1339,0.00,0.0000,0.2336,0.0522,,,,,,,
33.7272,10,4,18.9085,52.6356,converged,81865.49,50259.65,0.1339,0.00,0.0000,0.0713,0.1703,0.0152,,,,,,
51.0411,7,3,11.1041,62.1451,converged,81865.49,50259.65,0.1339,0.00,0.0000,0.1461,0.0571,,,,,,,
26.2834,10,10,37.5811,63.8641,completed,81865.49,50259.65,0.1339,0.00,0.0000,0.0383,0.1191,0.1644,0.4407,0.1547,0.1735,0.2638,0.7171,1.2615
32.8651,10,4,14.7358,47.6009,converged,81865.49,50259.65,0.1339,0.00,0.0000,0.0732,0.1809,0.0247,,,,,,
38.8300,9,4,22.7250,61.5551,converged,81865.49,50259.65,0.1339,0.00,0.0000,0.1254,0.3346,0.0786,,,,,,
31.7683,10,3,15.3026,47.0707,converged,81865.49,50259.65,0.1339,0.00,0.0000,0.0201,0.0350,,,,,,,
51.7309,7,3,14.9072,66.6372,converged,81865.49,50259.65,0.1339,0.00,0.0000,0.0253,0.0598,,,,,,,
43.1830,8,6,26.8677,70.0498,converged,81865.49,50259.65,0.1339,0.00,0.0000,0.0887,0.2595,0.3192,0.2125,0.0846,,,,
20.9242,10,10,51.3758,72.2999,completed,81865.49,50259.65,0.1339,0.00,0.0000,0.3882,1.6464,7.0853,9.5434,7.6448,3.3719,3.6951,4.4432,4.4098
22.2268,10,3,10.0344,32.2605,converged,81865.49,50259.65,0.1339,0.00,0.0000,0.0033,0.0083,,,,,,,
41.6544,8,3,10.3257,51.9798,converged,81865.49,50259.65,0.1339,0.00,0.0000,0.0100,0.0264,,,,,,,
41.6378,8,3,13.4984,55.1355,converged,81865.49,50259.65,0.1339,0.00,0.0000,0.0050,0.0918,,,,,,,
53.7442,6,6,28.9784,82.7225,completed,81865.49,50259.65,0.1339,0.00,0.0000,0.2191,1.5590,1.5795,0.2334,0.4681,,,,
48.7354,7,7,31.2549,80.0127,completed,81865.49,50259.65,0.1339,0.00,0.0000,0.3962,2.2450,0.5585,1.7238,2.6390,2.4799,,,
51.9612,7,6,22.8998,74.8609,converged,81865.49,50259.65,0.1339,0.00,0.0000,0.0616,0.1405,0.3362,0.1103,0.0429,,,,
54.0926,6,6,24.7354,78.8274,completed,81865.49,50259.65,0.1339,0.00,0.0000,0.0309,0.3335,0.1203,0.5014,1.4145,,,,
58.5220,5,5,22.0394,80.5614,completed,81865.49,50259.65,0.1339,0.00,0.0000,1.1694,9.3921,10.2243,7.3607,,,,,
26.2788,10,3,8.8018,35.0798,converged,81865.49,50259.65,0.1339,0.00,0.0000,0.0032,0.0058,,,,,,,
26.7030,10,3,12.8287,39.5317,converged,81865.49,50259.65,0.1339,0.00,0.0000,0.0152,0.0492,,,,,,,
53.4563,6,4,13.7780,67.2340,converged,81865.49,50259.65,0.1339,0.00,0.0000,0.0307,0.1987,0.0946,,,,,,
21.5900,10,10,49.7337,71.3227,completed,81865.49,50259.65,0.1339,0.00,0.0000,0.1858,0.6082,0.7645,0.1936,2.0953,4.5258,2.7918,2.5738,2.2789
51.3410,7,7,28.6998,80.0408,completed,81865.49,50259.65,0.1339,0.00,0.0000,0.2169,0.5351,0.4575,0.3228,1.4939,2.0055,,,
26.4682,10,3,12.3268,38.7948,converged,81865.49,50259.65,0.1339,0.00,0.0000,0.0044,0.0395,,,,,,,
54.8351,6,5,20.0155,74.8506,converged,81865.49,50259.65,0.1339,0.00,0.0000,0.0642,0.2230,0.1970,0.0822,,,,,
32.8913,10,10,34.7917,67.6827,completed,81865.49,50259.65,0.1339,0.00,0.0000,0.1667,0.3867,0.3155,0.4215,0.1414,0.6851,2.1595,1.8488,1.4940
36.4445,9,3,13.0130,49.4570,converged,81865.49,50259.65,0.1339,0.00,0.0000,0.0279,0.0568,,,,,,,
51.3978,7,3,11.4185,62.8155,converged,81865.49,50259.65,0.1339,0.00,0.0000,0.0522,0.0131,,,,,,,
51.4820,7,3,9.9535,61.4345,converged,81865.49,50259.65,0.1339,0.00,0.0000,0.0426,0.0374,,,,,,,
23.6490,10,10,35.3147,58.9627,completed,81865.49,50259.65,0.1339,0.00,0.0000,0.1247,0.3251,0.2286,0.6754,0.2513,0.2516,0.3192,0.9677,1.3915
41.5589,8,8,33.5662,75.1242,completed,81865.49,50259.65,0.1339,0.00,0.0000,0.3499,1.4484,1.1812,3.1528,5.4749,3.8080,3.0871,,
44.0414,8,3,10.7978,54.8389,converged,81865.49,50259.65,0.1339,0.00,0.0000,0.0239,0.0786,,,,,,,
47.1010,7,3,10.2964,57.3974,converged,81865.49,50259.65,0.1339,0.00,0.0000,0.0584,0.0375,,,,,,,
21.1127,10,3,9.7326,30.8446,converged,81865.49,50259.65,0.1339,0.00,0.0000,0.0359,0.0652,,,,,,,
58.0614,5,5,19.4924,77.5535,completed,81865.49,50259.65,0.1339,0.00,0.0000,0.0070,0.3771,0.1253,0.5754,,,,,
30.5632,10,10,43.7873,74.3503,completed,81865.49,50259.65,0.1339,0.00,0.0000,0.1134,0.3469,0.5428,0.2311,0.7815,1.1839,2.3929,1.7579,1.7486
59.9005,5,4,18.3208,78.2209,converged,81865.49,50259.65,0.1339,0.00,0.0000,0.2984,0.5648,0.0564,,,,,,
33.3279,10,10,43.1316,76.4586,completed,81865.49,50259.65,0.1339,0.00,0.0000,0.1261,0.3543,0.6115,0.7742,0.1225,2.1057,2.0839,1.8997,1.7710
30.8339,10,3,10.3031,41.1362,converged,81865.49,50259.65,0.1339,0.00,0.0000,0.0415,0.0734,,,,,,,
36.1993,9,3,9.2607,45.4597,converged,81865.49,50259.65,0.1339,0.00,0.0000,0.0025,0.0300,,,,,,,
38.9366,9,7,28.4224,67.3584,converged,81865.49,50259.65,0.1339,0.00,0.0000,0.0799,0.2134,0.1625,0.4887,0.1763,0.0725,,,
20.4136,10,3,15.9269,36.3399,converged,81865.49,50259.65,0.1339,0.00,0.0000,0.0463,0.0713,,,,,,,
48.3999,7,5,16.5096,64.9086,converged,81865.49,50259.65,0.1339,0.00,0.0000,0.1235,0.1356,0.5983,0.0737,,,,,
45.0517,8,3,9.6146,54.6656,converged,81865.49,50259.65,0.1339,0.00,0.0000,0.0699,0.0476,,,,,,,
33.1134,10,10,62.7987,95.9117,completed,81865.49,50259.65,0.1339,0.00,0.0000,0.2302,0.7455,1.9603,0.8592,5.4997,4.9578,3.4705,2.9339,2.3817
54.4949,6,5,16.7409,71.2349,converged,81865.49,50259.65,0.1339,0.00,0.0000,0.0049,0.2855,0.1097,0.0620,,,,,
20.3846,10,10,37.1576,57.5416,completed,81865.49,50259.65,0.1339,0.00,0.0000,0.1426,0.3286,0.2287,0.6902,0.2099,0.1447,0.4632,1.3795,1.6460
47.9484,7,3,16.6237,64.5718,converged,81865.49,50259.65,0.1339,0.00,0.0000,0.1294,0.0787,,,,,,,
42.8810,8,3,16.1114,58.9925,converged,81865.49,50259.65,0.1339,0.00,0.0000,0.0216,0.0906,,,,,,,
38.1120,9,3,12.6074,50.7184,converged,81865.49,50259.65,0.1339,0.00,0.0000,0.0054,0.0400,,,,,,,
55.9527,6,6,29.4013,85.3534,completed,81865.49,50259.65,0.1339,0.00,0.0000,0.0434,0.2111,0.1336,0.1081,0.2838,,,,
23.6751,10,3,15.1712,38.8462,converged,81865.49,50259.65,0.1339,0.00,0.0000,0.0206,0.0497,,,,,,,
39.8949,9,4,13.7996,53.6937,converged,81865.49,50259.65,0.1339,0.00,0.0000,0.0574,0.1701,0.0272,,,,,,
31.4421,10,10,34.3232,65.7653,completed,81865.49,50259.65,0.1339,0.00,0.0000,0.0776,0.2127,0.1603,0.4865,0.1309,0.4605,1.1072,1.8308,1.4586
33.3716,10,4,11.3544,44.7254,converged,81865.49,50259.65,0.1339,0.00,0.0000,0.0522,0.1233,0.0311,,,,,,
21.2011,10,10,39.7578,60.9589,completed,81865.49,50259.65,0.1339,0.00,0.0000,0.0975,0.2864,0.4900,0.6350,0.5271,0.2939,0.5014,1.2151,1.6067
29.2935,10,10,40.1114,69.4044,completed,81865.49,50259.65,0.1339,0.00,0.0000,0.0897,0.2820,0.6088,0.7404,0.4478,0.8099,1.4656,1.9372,1.5317
36.8176,9,4,13.2659,50.0829,converged,81865.49,50259.65,0.1339,0.00,0.0000,0.0881,0.2277,0.0930,,,,,,
34.8459,9,3,11.7148,46.5598,converged,81865.49,50259.65,0.1339,0.00,0.0000,0.0485,0.0542,,,,,,,
22.6828,10,6,21.0833,43.7653,converged,81865.49,50259.65,0.1339,0.00,0.0000,0.0851,0.1520,0.1083,0.4238,0.0682,,,,
51.6926,7,5,16.2192,67.9112,converged,81865.49,50259.65,0.1339,0.00,0.0000,0.2084,0.7747,0.7734,0.0937,,,,,
36.3520,9,9,34.7608,71.1128,completed,81865.49,50259.65,0.1339,0.00,0.0000,0.2173,0.8140,1.0009,1.7378,1.0642,3.0022,2.2200,1.8456,
32.2394,10,10,43.9729,76.2119,completed,81865.49,50259.65,0.1339,0.00,0.0000,0.0849,0.2533,0.3763,0.5457,0.2580,0.9370,2.0331,1.8937,1.4792
28.5195,10,3,11.4284,39.9474,converged,81865.49,50259.65,0.1339,0.00,0.0000,0.0047,0.0060,,,,,,,
49.4330,7,7,32.1308,81.5639,completed,81865.49,50259.65,0.1339,0.00,0.0000,0.2682,1.2688,1.1877,0.1325,1.2169,1.8321,,,
27.2583,10,3,9.6219,36.8800,converged,81865.49,50259.65,0.1339,0.00,0.0000,0.0161,0.0229,,,,,,,
47.3888,7,5,29.5547,76.9427,converged,81865.49,50259.65,0.1339,0.00,0.0000,0.1195,0.1234,0.4604,0.0534,,,,,
43.4491,8,3,9.7344,53.1835,converged,81865.49,50259.65,0.1339,0.00,0.0000,0.0124,0.0782,,,,,,,
59.5165,5,5,20.1643,79.6804,completed,81865.49,50259.65,0.1339,0.00,0.0000,0.4894,0.1362,1.0504,2.2656,,,,,
53.8384,6,6,31.9783,85.8163,completed,81865.49,50259.65,0.1339,0.00,0.0000,0.0400,0.1928,0.1806,0.1838,0.9246,,,,
25.1606,10,10,41.8502,67.0102,completed,81865.49,50259.65,0.1339,0.00,0.0000,0.0526,0.1019,0.1406,0.3270,0.1187,0.4969,0.9994,1.6954,1.4998
56.1946,6,4,14.4479,70.6420,converged,81865.49,50259.65,0.1339,0.00,0.0000,0.0292,0.2045,0.0892,,,,,,
57.6823,6,5,24.8525,82.5345,converged,81865.49,50259.65,0.1339,0.00,0.0000,0.1509,0.2174,0.3191,0.0971,,,,,
24.5444,10,3,9.6561,34.2002,converged,81865.49,50259.65,0.1339,0.00,0.0000,0.0341,0.0637,,,,,,,
35.8071,9,6,27.6345,63.4415,converged,81865.49,50259.65,0.1339,0.00,0.0000,0.0867,0.1844,0.1527,0.4142,0.0522,,,,
31.7797,10,4,13.5522,45.3312,converged,81865.49,50259.65,0.1339,0.00,0.0000,0.0481,0.1123,0.0815,,,,,,
32.7468,10,3,11.6040,44.3501,converged,81865.49,50259.65,0.1339,0.00,0.0000,0.0110,0.0040,,,,,,,
59.9395,5,4,12.3817,72.3208,converged,81865.49,50259.65,0.1339,0.00,0.0000,0.1700,0.3819,0.0530,,,,,,
50.4669,7,5,18.9209,69.3869,converged,81865.49,50259.65,0.1339,0.00,0.0000,0.0270,0.1327,0.1624,0.0537,,,,,
50.9880,7,3,14.1768,65.1649,converged,81865.49,50259.65,0.1339,0.00,0.0000,0.0293,0.0842,,,,,,,
40.8844,8,3,10.5744,51.4584,converged,81865.49,50259.65,0.1339,0.00,0.0000,0.0687,0.0867,,,,,,,
36.8285,9,3,8.9661,45.7942,converged,81865.49,50259.65,0.1339,0.00,0.0000,0.0152,0.0544,,,,,,,
53.7387,6,6,21.7376,75.4756,completed,81865.49,50259.65,0.1339,0.00,0.0000,0.1677,0.2872,0.6985,0.1659,0.6252,,,,
33.8156,10,3,9.5500,43.3650,converged,81865.49,50259.65,0.1339,0.00,0.0000,0.0123,0.0043,,,,,,,
22.3748,10,3,11.5417,33.9158,converged,81865.49,50259.65,0.1339,0.00,0.0000,0.0240,0.0626,,,,,,,
43.4544,8,4,12.5226,55.9767,converged,81865.49,50259.65,0.1339,0.00,0.0000,0.1336,0.4446,0.0566,,,,,,
56.4380,6,5,15.9102,72.3473,converged,81865.49,50259.65,0.1339,0.00,0.0000,0.3017,0.4007,0.9208,0.0760,,,,,
21.0893,10,3,9.6650,30.7540,converged,81865.49,50259.65,0.1339,0.00,0.0000,0.0186,0.0387,,,,,,,
56.2838,6,5,18.8585,75.1415,converged,81865.49,50259.65,0.1339,0.00,0.0000,0.0203,0.1843,0.1252,0.0565,,,,,
55.3175,6,4,13.3255,68.6425,converged,81865.49,50259.65,0.1339,0.00,0.0000,0.0156,0.1923,0.0951,,,,,,
59.9107,5,5,20.3894,80.2995,completed,81865.49,50259.65,0.1339,0.00,0.0000,0.0163,0.1404,0.1711,0.5234,,,,,
52.6156,6,6,25.0344,77.6495,completed,81865.49,50259.65,0.1339,0.00,0.0000,0.0851,0.2214,0.1538,0.3327,0.9673,,,,
39.9031,9,9,32.2143,72.1174,completed,81865.49,50259.65,0.1339,0.00,0.0000,0.2711,0.9953,1.5253,1.3353,2.8612,3.8672,2.7151,2.5066,
20.2506,10,10,38.6852,58.9353,completed,81865.49,50259.65,0.1339,0.00,0.0000,0.1741,0.6059,2.1087,0.6474,2.4962,0.3600,1.4555,1.7102,1.4746
54.4914,6,6,23.6560,78.1470,completed,81865.49,50259.65,0.1339,0.00,0.0000,0.7675,3.5533,0.4571,3.9935,3.5103,,,,
53.6868,6,3,8.9741,62.6601,converged,81865.49,50259.65,0.1339,0.00,0.0000,0.0812,0.0317,,,,,,,
59.8814,5,5,22.2961,82.1771,completed,81865.49,50259.65,0.1339,0.00,0.0000,0.5829,0.2158,0.1207,0.9729,,,,,
54.9333,6,4,14.7801,69.7132,converged,81865.49,50259.65,0.1339,0.00,0.0000,0.0187,0.1533,0.0852,,,,,,
46.7530,7,7,28.1467,74.8988,completed,81865.49,50259.65,0.1339,0.00,0.0000,0.1471,0.4055,0.7706,0.4897,0.5292,1.4529,,,
59.0823,5,5,30.2810,89.3630,completed,81865.49,50259.65,0.1339,0.00,0.0000,0.1150,0.3034,0.5555,1.9016,,,,,
57.4902,6,3,8.9362,66.4263,converged,81865.49,50259.65,0.1339,0.00,0.0000,0.0435,0.0898,,,,,,,
47.6942,7,7,29.1870,76.8810,completed,81865.49,50259.65,0.1339,0.00,0.0000,0.0603,0.1509,0.3420,0.6773,2.1722,2.2924,,,
37.0609,9,4,13.3152,50.3753,converged,81865.49,50259.65,0.1339,0.00,0.0000,0.1327,0.4013,0.0854,,,,,,
56.2409,6,6,24.8981,81.1381,completed,81865.49,50259.65,0.1339,0.00,0.0000,0.3191,0.9251,1.2244,0.4938,1.6720,,,,
53.6086,6,4,13.0357,66.6437,converged,81865.49,50259.65,0.1339,0.00,0.0000,0.0051,0.1628,0.0798,,,,,,
27.8897,10,3,9.3022,37.1912,converged,81865.49,50259.65,0.1339,0.00,0.0000,0.0071,0.0132,,,,,,,
51.3074,7,3,19.2361,70.5431,converged,81865.49,50259.65,0.1339,0.00,0.0000,0.1327,0.0361,,,,,,,
23.7523,10,10,38.2998,62.0519,completed,81865.49,50259.65,0.1339,0.00,0.0000,0.1928,0.7730,3.3018,4.1871,2.1016,4.2439,2.6184,3.1305,2.9797
23.3405,10,3,9.2318,32.5719,converged,81865.49,50259.65,0.1339,0.00,0.0000,0.0023,0.0147,,,,,,,
32.5742,10,3,9.7031,42.2771,converged,81865.49,50259.65,0.1339,0.00,0.0000,0.0103,0.0298,,,,,,,
49.1248,7,3,12.8015,61.9255,converged,81865.49,50259.65,0.1339,0.00,0.0000,0.0034,0.0843,,,,,,,
42.3692,8,5,20.2627,62.6317,converged,81865.49,50259.65,0.1339,0.00,0.0000,0.0340,0.1103,0.1016,0.0626,,,,,
50.8235,7,3,11.1657,61.9887,converged,81865.49,50259.65,0.1339,0.00,0.0000,0.0479,0.0670,,,,,,,
28.8421,10,3,8.6386,37.4807,converged,81865.49,50259.65,0.1339,0.00,0.0000,0.0047,0.0256,,,,,,,
22.7963,10,3,10.3482,33.1443,converged,81865.49,50259.65,0.1339,0.00,0.0000,0.0107,0.0265,,,,,,,
30.2059,10,3,10.6740,40.8790,converged,81865.49,50259.65,0.1339,0.00,0.0000,0.0278,0.0145,,,,,,,
36.2427,9,4,18.4273,54.6694,converged,81865.49,50259.65,0.1339,0.00,0.0000,0.0771,0.3007,0.0395,,,,,,
59.1805,5,5,17.2489,76.4289,completed,81865.49,50259.65,0.1339,0.00,0.0000,0.3030,0.3417,0.2115,0.4446,,,,,
51.6906,7,7,26.3487,78.0387,completed,81865.49,50259.65,0.1339,0.00,0.0000,0.3453,0.7344,0.9788,0.1098,0.8644,1.8088,,,
27.6258,10,6,21.6160,49.2411,converged,81865.49,50259.65,0.1339,0.00,0.0000,0.1238,0.3200,0.3398,0.7246,0.0873,,,,
52.3358,6,6,30.7513,83.0864,completed,81865.49,50259.65,0.1339,0.00,0.0000,0.2723,0.8000,0.9049,3.6033,2.8909,,,,
31.9494,10,3,10.8117,42.7607,converged,81865.49,50259.65,0.1339,0.00,0.0000,0.0030,0.0186,,,,,,,
22.7817,10,10,39.8011,62.5822,completed,81865.49,50259.65,0.1339,0.00,0.0000,0.1243,0.3901,0.9561,0.9651,0.5434,0.1444,0.3600,1.1316,1.5882
37.7886,9,3,10.6081,48.3961,converged,81865.49,50259.65,0.1339,0.00,0.0000,0.0219,0.0067,,,,,,,
25.6845,10,4,16.1322,41.8163,converged,81865.49,50259.65,0.1339,0.00,0.0000,0.0540,0.1304,0.0528,,,,,,
51.8145,7,7,39.3555,91.1695,completed,81865.49,50259.65,0.1339,0.00,0.0000,0.1492,0.3692,0.6890,0.2224,0.9254,1.8581,,,
41.7641,8,3,9.0702,50.8343,converged,81865.49,50259.65,0.1339,0.00,0.0000,0.0071,0.0459,,,,,,,
40.5102,8,3,12.4972,53.0073,converged,81865.49,50259.65,0.1339,0.00,0.0000,0.0138,0.0572,,,,,,,
33.2144,10,3,13.6087,46.8227,converged,81865.49,50259.65,0.1339,0.00,0.0000,0.0111,0.0296,,,,,,,
41.7909,8,3,15.8760,57.6661,converged,81865.49,50259.65,0.1339,0.00,0.0000,0.0275,0.0214,,,,,,,
43.4350,8,8,41.8495,85.2835,completed,81865.49,50259.65,0.1339,0.00,0.0000,0.2548,1.3379,1.3601,0.7307,0.3492,1.6451,1.8539,,
39.0698,9,9,42.5415,81.6105,completed,81865.49,50259.65,0.1339,0.00,0.0000,0.0991,0.3206,0.2949,0.8632,0.3495,0.1819,0.4834,1.1891,
31.3890,10,3,11.0937,42.4818,converged,81865.49,50259.65,0.1339,0.00,0.0000,0.0109,0.0358,,,,,,,
20.0437,10,3,16.8037,36.8468,converged,81865.49,50259.65,0.1339,0.00,0.0000,0.0203,0.0354,,,,,,,
27.4483,10,4,16.8990,44.3471,converged,81865.49,50259.65,0.1339,0.00,0.0000,0.0680,0.1424,0.0433,,,,,,
58.4407,5,3,12.5712,71.0113,converged,81865.49,50259.65,0.1339,0.00,0.0000,0.3269,0.0899,,,,,,,
35.9221,9,3,18.9114,54.8334,converged,81865.49,50259.65,0.1339,0.00,0.0000,0.0237,0.0083,,,,,,,
39.2009,9,6,28.0604,67.2604,converged,81865.49,50259.65,0.1339,0.00,0.0000,0.0558,0.1051,0.2033,0.3010,0.0502,,,,
50.6152,7,7,33.9861,84.6011,completed,81865.49,50259.65,0.1339,0.00,0.0000,0.2265,0.6956,0.7122,0.1702,0.8307,1.8875,,,
21.5762,10,3,9.3938,30.9698,converged,81865.49,50259.65,0.1339,0.00,0.0000,0.0058,0.0059,,,,,,,
57.5027,6,5,28.8584,86.3605,converged,81865.49,50259.65,0.1339,0.00,0.0000,0.0345,0.2023,0.1596,0.0600,,,,,
38.6454,9,6,20.4131,59.0582,converged,81865.49,50259.65,0.1339,0.00,0.0000,0.0681,0.1222,0.1983,0.3337,0.0914,,,,
50.5153,7,7,32.1182,82.6333,completed,81865.49,50259.65,0.1339,0.00,0.0000,0.2054,0.3163,0.3431,1.8305,2.8388,2.1862,,,
40.8441,8,8,42.3505,83.1945,completed,81865.49,50259.65,0.1339,0.00,0.0000,0.2596,1.0851,1.2202,0.3913,4.5460,2.7705,2.6811,,
22.8580,10,4,17.9920,40.8500,converged,81865.49,50259.65,0.1339,0.00,0.0000,0.0432,0.1115,0.0654,,,,,,
37.1639,9,3,14.7225,51.8855,converged,81865.49,50259.65,0.1339,0.00,0.0000,0.0031,0.0191,,,,,,,
36.3268,9,3,10.1573,46.4833,converged,81865.49,50259.65,0.1339,0.00,0.0000,0.0173,0.0332,,,,,,,
33.3179,10,3,12.7768,46.0938,converged,81865.49,50259.65,0.1339,0.00,0.0000,0.0326,0.0559,,,,,,,
20.2186,10,3,12.8035,33.0215,converged,81865.49,50259.65,0.1339,0.00,0.0000,0.0389,0.0722,,,,,,,
48.3256,7,3,9.6264,57.9515,converged,81865.49,50259.65,0.1339,0.00,0.0000,0.0474,0.0275,,,,,,,
56.6393,6,6,24.0015,80.6405,completed,81865.49,50259.65,0.1339,0.00,0.0000,0.0856,0.2451,0.2003,0.1167,0.6039,,,,
30.0387,10,4,14.9319,44.9699,converged,81865.49,50259.65,0.1339,0.00,0.0000,0.0513,0.1026,0.0701,,,,,,
30.2214,10,3,9.9833,40.2043,converged,81865.49,50259.65,0.1339,0.00,0.0000,0.0027,0.0039,,,,,,,
53.5421,6,5,13.9907,67.5328,converged,81865.49,50259.65,0.1339,0.00,0.0000,0.0214,0.1727,0.1409,0.0840,,,,,
47.0895,7,7,39.7914,86.8804,completed,81865.49,50259.65,0.1339,0.00,0.0000,0.0986,0.2036,0.5629,0.2984,0.3847,1.2801,,,
43.3726,8,8,29.5041,72.8765,completed,81865.49,50259.65,0.1339,0.00,0.0000,0.1596,0.4160,0.5010,0.2743,1.1081,2.0362,1.8312,,
27.6946,10,3,8.9621,36.6561,converged,81865.49,50259.65,0.1339,0.00,0.0000,0.0021,0.0218,,,,,,,
21.9064,10,3,10.0529,31.9589,converged,81865.49,50259.65,0.1339,0.00,0.0000,0.0252,0.0358,,,,,,,
40.3245,8,8,34.2881,74.6122,completed,81865.49,50259.65,0.1339,0.00,0.0000,0.3956,1.9007,4.5842,1.8406,4.8493,3.8490,3.4556,,
33.6609,10,3,9.4418,43.1019,converged,81865.49,50259.65,0.1339,0.00,0.0000,0.0256,0.0350,,,,,,,
50.5648,7,7,26.4851,77.0491,completed,81865.49,50259.65,0.1339,0.00,0.0000,0.3156,1.1906,1.2064,0.2641,1.2893,1.9457,,,
50.3730,7,3,9.0860,59.4580,converged,81865.49,50259.65,0.1339,0.00,0.0000,0.0684,0.0491,,,,,,,
45.5886,8,8,26.8929,72.4809,completed,81865.49,50259.65,0.1339,0.00,0.0000,0.1806,0.6166,0.2775,0.2116,1.5998,2.4310,1.9748,,
54.5916,6,6,21.1628,75.7538,completed,81865.49,50259.65,0.1339,0.00,0.0000,0.0242,0.2889,0.1144,0.1456,0.7331,,,,
22.6644,10,3,10.5276,33.1916,converged,81865.49,50259.65,0.1339,0.00,0.0000,0.0018,0.0062,,,,,,,
31.3037,10,6,22.3246,53.6277,converged,81865.49,50259.65,0.1339,0.00,0.0000,0.0620,0.1879,0.2355,0.5509,0.0863,,,,
29.6526,10,4,13.7085,43.3605,converged,81865.49,50259.65,0.1339,0.00,0.0000,0.0650,0.1222,0.0855,,,,,,
57.1004,6,4,12.9493,70.0494,converged,81865.49,50259.65,0.1339,0.00,0.0000,0.0117,0.1406,0.0753,,,,,,
21.3938,10,3,9.4149,30.8079,converged,81865.49,50259.65,0.1339,0.00,0.0000,0.0357,0.0493,,,,,,,
27.4037,10,4,14.4730,41.8761,converged,81865.49,50259.65,0.1339,0.00,0.0000,0.0855,0.2006,0.0338,,,,,,
48.4641,7,3,13.3501,61.8142,converged,81865.49,50259.65,0.1339,0.00,0.0000,0.0164,0.0645,,,,,,,
53.8881,6,6,27.4728,81.3609,completed,81865.49,50259.65,0.1339,0.00,0.0000,0.0834,0.2071,0.2039,0.1107,0.6327,,,,
29.8621,10,3,15.5817,45.4437,converged,81865.49,50259.65,0.1339,0.00,0.0000,0.0043,0.0047,,,,,,,
27.4859,10,10,38.7794,66.2644,completed,81865.49,50259.65,0.1339,0.00,0.0000,0.1403,0.4219,0.9056,0.9764,0.5263,0.2933,0.2335,0.8348,1.4504
24.2619,10,10,34.8692,59.1303,completed,81865.49,50259.65,0.1339,0.00,0.0000,0.2730,0.9347,2.9110,1.2815,0.9674,5.2103,2.8925,2.8902,2.4700
24.4569,10,4,19.3854,43.8414,converged,81865.49,50259.65,0.1339,0.00,0.0000,0.0499,0.1541,0.0677,,,,,,
44.0894,8,3,9.5702,53.6592,converged,81865.49,50259.65,0.1339,0.00,0.0000,0.0376,0.0312,,,,,,,
35.4604,9,9,37.8837,73.3438,completed,81865.49,50259.65,0.1339,0.00,0.0000,0.1331,0.3754,0.1474,0.6951,0.6117,1.0127,1.9687,1.5938,
27.9793,10,3,9.2995,37.2785,converged,81865.49,50259.65,0.1339,0.00,0.0000,0.0201,0.0363,,,,,,,
43.3967,8,3,10.5895,53.9856,converged,81865.49,50259.65,0.1339,0.00,0.0000,0.0392,0.0633,,,,,,,
29.5245,10,3,11.0790,40.6030,converged,81865.49,50259.65,0.1339,0.00,0.0000,0.0212,0.0287,,,,,,,
23.4887,10,3,11.5876,35.0756,converged,81865.49,50259.65,0.1339,0.00,0.0000,0.0133,0.0328,,,,,,,
53.8857,6,3,13.9847,67.8698,converged,81865.49,50259.65,0.1339,0.00,0.0000,0.2951,0.0425,,,,,,,
37.1400,9,3,11.6202,48.7602,converged,81865.49,50259.65,0.1339,0.00,0.0000,0.0277,0.0298,,,,,,,
39.0949,9,3,13.7537,52.8478,converged,81865.49,50259.65,0.1339,0.00,0.0000,0.0025,0.0102,,,,,,,
46.9982,7,5,25.2561,72.2541,converged,81865.49,50259.65,0.1339,0.00,0.0000,0.0035,0.1036,0.1032,0.0408,,,,,
34.0398,9,9,31.6586,65.6977,completed,81865.49,50259.65,0.1339,0.00,0.0000,0.1640,0.7209,2.2897,0.4783,1.0767,1.2836,1.8370,1.6554,
35.6069,9,9,40.1108,75.7168,completed,81865.49,50259.65,0.1339,0.00,0.0000,0.0953,0.2981,0.3948,0.7385,0.3043,0.2235,1.0321,1.5374,
49.1404,7,3,8.9648,58.1048,converged,81865.49,50259.65,0.1339,0.00,0.0000,0.0100,0.0984,,,,,,,
31.6099,10,3,10.0211,41.6301,converged,81865.49,50259.65,0.1339,0.00,0.0000,0.0229,0.0348,,,,,,,
28.1339,10,10,39.7422,67.8752,completed,81865.49,50259.65,0.1339,0.00,0.0000,0.1458,0.4564,1.0706,1.0509,0.5572,0.1041,0.6433,1.8506,1.6692
57.2484,6,5,19.0272,76.2753,converged,81865.49,50259.65,0.1339,0.00,0.0000,0.0328,0.1997,0.1025,0.0519,,,,,
35.7192,9,3,9.0438,44.7629,converged,81865.49,50259.65,0.1339,0.00,0.0000,0.0127,0.0081,,,,,,,
24.0545,10,10,48.7571,72.8112,completed,81865.49,50259.65,0.1339,0.00,0.0000,0.2446,0.8809,2.7949,0.4943,0.5879,5.2558,2.6830,2.6493,2.4393
39.6708,9,3,9.1375,48.8076,converged,81865.49,50259.65,0.1339,0.00,0.0000,0.0100,0.0420,,,,,,,
54.7701,6,6,26.3722,81.1422,completed,81865.49,50259.65,0.1339,0.00,0.0000,0.1708,0.1080,0.5315,0.1959,0.9893,,,,
20.6911,10,10,47.5509,68.2419,completed,81865.49,50259.65,0.1339,0.00,0.0000,0.1466,0.4333,0.7892,0.5547,0.5078,0.2235,1.1006,1.7644,1.5261
28.8017,10,10,44.9662,73.7672,completed,81865.49,50259.65,0.1339,0.00,0.0000,0.0975,0.2634,0.3065,0.7438,0.1350,0.4737,0.9326,1.6260,1.4889
46.9369,7,3,11.1054,58.0417,converged,81865.49,50259.65,0.1339,0.00,0.0000,0.0513,0.0846,,,,,,,
48.1437,7,5,15.2340,63.3770,converged,81865.49,50259.65,0.1339,0.00,0.0000,0.0036,0.1419,0.2122,0.0499,,,,,
55.3723,6,5,18.6463,74.0183,converged,81865.49,50259.65,0.1339,0.00,0.0000,0.0232,0.2195,0.1403,0.0394,,,,,
52.2043,6,5,16.2118,68.4158,converged,81865.49,50259.65,0.1339,0.00,0.0000,0.0116,0.2161,0.1077,0.0598,,,,,
35.9555,9,4,11.5393,47.4943,converged,81865.49,50259.65,0.1339,0.00,0.0000,0.0635,0.1553,0.0472,,,,,,
28.8677,10,6,18.8417,47.7088,converged,81865.49,50259.65,0.1339,0.00,0.0000,0.1667,0.4252,0.3374,1.2063,0.0518,,,,
45.2464,8,8,30.8507,76.0967,completed,81865.49,50259.65,0.1339,0.00,0.0000,0.3449,1.7677,3.5480,4.7457,4.9321,4.1973,3.5704,,
29.3553,10,4,12.2708,41.6258,converged,81865.49,50259.65,0.1339,0.00,0.0000,0.0456,0.1080,0.0900,,,,,,
22.7570,10,10,43.7694,66.5254,completed,81865.49,50259.65,0.1339,0.00,0.0000,0.1329,0.3694,0.4014,0.9483,0.1223,0.5122,1.1704,1.7848,1.4799
32.3748,10,3,8.9207,41.2947,converged,81865.49,50259.65,0.1339,0.00,0.0000,0.0193,0.0335,,,,,,,
48.8286,7,5,16.1862,65.0142,converged,81865.49,50259.65,0.1339,0.00,0.0000,0.0230,0.1338,0.1269,0.0361,,,,,
53.7414,6,4,16.3310,70.0720,converged,81865.49,50259.65,0.1339,0.00,0.0000,0.0132,0.2486,0.0676,,,,,,
41.9514,8,8,30.9156,72.8666,completed,81865.49,50259.65,0.1339,0.00,0.0000,0.1127,0.3162,0.3148,0.3326,0.1607,0.2607,0.6805,,
48.2239,7,7,25.4032,73.6263,completed,81865.49,50259.65,0.1339,0.00,0.0000,0.1468,0.2891,0.6823,0.5302,1.2176,1.9656,,,
26.6427,10,3,11.3710,38.0131,converged,81865.49,50259.65,0.1339,0.00,0.0000,0.0037,0.0238,,,,,,,
57.3365,6,6,33.1874,90.5234,completed,81865.49,50259.65,0.1339,0.00,0.0000,0.0779,0.1254,0.2873,0.4134,1.0416,,,,
54.9286,6,5,26.3687,81.2967,converged,81865.49,50259.65,0.1339,0.00,0.0000,0.0310,0.1503,0.1126,0.0540,,,,,
22.6097,10,3,12.1020,34.7110,converged,81865.49,50259.65,0.1339,0.00,0.0000,0.0065,0.0257,,,,,,,
20.6985,10,3,13.6685,34.3665,converged,81865.49,50259.65,0.1339,0.00,0.0000,0.0101,0.0090,,,,,,,
30.5685,10,3,11.8395,42.4075,converged,81865.49,50259.65,0.1339,0.00,0.0000,0.0352,0.0620,,,,,,,
32.4119,10,4,25.1924,57.6034,converged,81865.49,50259.65,0.1339,0.00,0.0000,0.0619,0.1481,0.0231,,,,,,
56.8420,6,4,12.9986,69.8396,converged,81865.49,50259.65,0.1339,0.00,0.0000,0.0221,0.1233,0.0652,,,,,,
21.4826,10,3,8.5936,30.0756,converged,81865.49,50259.65,0.1339,0.00,0.0000,0.0259,0.0556,,,,,,,
30.7733,10,3,9.7632,40.5362,converged,81865.49,50259.65,0.1339,0.00,0.0000,0.0125,0.0349,,,,,,,
49.1515,7,5,16.8241,65.9751,converged,81865.49,50259.65,0.1339,0.00,0.0000,0.0036,0.1006,0.1728,0.0547,,,,,
51.1988,7,5,17.2931,68.4911,converged,81865.49,50259.65,0.1339,0.00,0.0000,0.1416,0.2869,0.6294,0.0753,,,,,
49.9191,7,7,24.3175,74.2366,completed,81865.49,50259.65,0.1339,0.00,0.0000,0.0463,0.1474,0.2145,0.2933,0.9236,1.7838,,,
31.0851,10,10,39.8794,70.9644,completed,81865.49,50259.65,0.1339,0.00,0.0000,0.0746,0.2139,0.2095,0.6488,0.1090,0.2345,0.2296,0.9876,1.6423
49.1561,7,3,8.6440,57.8000,converged,81865.49,50259.65,0.1339,0.00,0.0000,0.0252,0.0687,,,,,,,
39.0301,9,3,9.4220,48.4520,converged,81865.49,50259.65,0.1339,0.00,0.0000,0.0307,0.0230,,,,,,,
33.1989,10,3,9.9626,43.1606,converged,81865.49,50259.65,0.1339,0.00,0.0000,0.0128,0.0199,,,,,,,
40.8057,8,8,33.5147,74.3198,completed,81865.49,50259.65,0.1339,0.00,0.0000,0.4065,2.5704,10.1613,11.6350,5.2135,6.0639,5.3129,,
51.3974,7,3,10.9036,62.3006,converged,81865.49,50259.65,0.1339,0.00,0.0000,0.0621,0.0664,,,,,,,
57.4896,6,4,13.4085,70.8975,converged,81865.49,50259.65,0.1339,0.00,0.0000,0.0228,0.1781,0.0844,,,,,,
47.2173,7,3,10.3203,57.5374,converged,81865.49,50259.65,0.1339,0.00,0.0000,0.1021,0.0831,,,,,,,
40.9153,8,8,30.1109,71.0260,completed,81865.49,50259.65,0.1339,0.00,0.0000,0.1024,0.2885,0.3822,0.1268,0.4086,1.0635,1.6358,,
58.7064,5,4,12.9129,71.6189,converged,81865.49,50259.65,0.1339,0.00,0.0000,0.0199,0.2475,0.0470,,,,,,
37.8307,9,6,21.8871,59.7172,converged,81865.49,50259.65,0.1339,0.00,0.0000,0.0569,0.1116,0.1882,0.1782,0.0824,,,,
26.7769,10,6,22.8198,49.5959,converged,81865.49,50259.65,0.1339,0.00,0.0000,0.0687,0.1877,0.1605,0.6152,0.0966,,,,
42.4612,8,8,29.9701,72.4311,completed,81865.49,50259.65,0.1339,0.00,0.0000,0.0573,0.1202,0.2957,0.1041,0.1316,0.2334,0.9489,,
26.6389,10,3,9.0092,35.6472,converged,81865.49,50259.65,0.1339,0.00,0.0000,0.0235,0.0689,,,,,,,
31.2510,10,10,40.8731,72.1231,completed,81865.49,50259.65,0.1339,0.00,0.0000,0.1211,0.3530,0.4614,0.5986,0.1770,1.3293,2.8999,1.9148,1.6961
34.9994,9,3,11.1438,46.1428,converged,81865.49,50259.65,0.1339,0.00,0.0000,0.0030,0.0163,,,,,,,
49.2253,7,3,13.2066,62.4317,converged,81865.49,50259.65,0.1339,0.00,0.0000,0.0363,0.0665,,,,,,,
45.7163,8,8,33.4877,79.2038,completed,81865.49,50259.65,0.1339,0.00,0.0000,0.2146,0.5230,0.4413,0.4937,0.1017,0.4807,1.3651,,
39.9318,9,3,10.3873,50.3183,converged,81865.49,50259.65,0.1339,0.00,0.0000,0.0509,0.0945,,,,,,,
31.6201,10,3,16.3219,47.9419,converged,81865.49,50259.65,0.1339,0.00,0.0000,0.0235,0.0660,,,,,,,
54.4239,6,5,22.1029,76.5259,converged,81865.49,50259.65,0.1339,0.00,0.0000,0.0197,0.1918,0.1018,0.0898,,,,,
42.3987,8,5,24.9181,67.3162,converged,81865.49,50259.65,0.1339,0.00,0.0000,0.1327,0.2926,0.3035,0.0759,,,,,
35.5711,9,6,24.9907,60.5617,converged,81865.49,50259.65,0.1339,0.00,0.0000,0.0609,0.1182,0.2248,0.3231,0.0721,,,,
42.8960,8,3,13.8605,56.7566,converged,81865.49,50259.65,0.1339,0.00,0.0000,0.0278,0.0124,,,,,,,
44.6286,8,3,8.9475,53.5756,converged,81865.49,50259.65,0.1339,0.00,0.0000,0.0130,0.0630,,,,,,,
29.5010,10,4,14.8832,44.3832,converged,81865.49,50259.65,0.1339,0.00,0.0000,0.0494,0.1114,0.0357,,,,,,
53.7365,6,4,14.5693,68.3053,converged,81865.49,50259.65,0.1339,0.00,0.0000,0.0053,0.1661,0.0887,,,,,,
42.3746,8,3,11.8135,54.1875,converged,81865.49,50259.65,0.1339,0.00,0.0000,0.0187,0.0330,,,,,,,
46.2550,7,5,17.2053,63.4593,converged,81865.49,50259.65,0.1339,0.00,0.0000,0.0431,0.1066,0.2885,0.0514,,,,,
33.9247,10,4,11.5244,45.4497,converged,81865.49,50259.65,0.1339,0.00,0.0000,0.0451,0.1144,0.0730,,,,,,
26.9582,10,3,9.5595,36.5175,converged,81865.49,50259.65,0.1339,0.00,0.0000,0.0025,0.0175,,,,,,,
21.4443,10,3,10.2704,31.7144,converged,81865.49,50259.65,0.1339,0.00,0.0000,0.0092,0.0350,,,,,,,
46.8662,7,5,16.9845,63.8506,converged,81865.49,50259.65,0.1339,0.00,0.0000,0.0800,0.1088,0.4689,0.0813,,,,,
23.9946,10,3,11.3626,35.3566,converged,81865.49,50259.65,0.1339,0.00,0.0000,0.0270,0.0462,,,,,,,
54.7407,6,6,35.3608,90.1008,completed,81865.49,50259.65,0.1339,0.00,0.0000,0.0834,0.1934,0.2080,0.1404,0.8887,,,,
37.2681,9,9,31.6651,68.9332,completed,81865.49,50259.65,0.1339,0.00,0.0000,0.1155,0.3614,0.4160,1.0300,0.2234,0.1481,0.4646,1.0387,
43.9160,8,8,37.2318,81.1469,completed,81865.49,50259.65,0.1339,0.00,0.0000,0.1085,0.3549,0.2448,0.4259,0.1788,0.3479,1.0040,,
23.0124,10,4,20.0296,43.0416,converged,81865.49,50259.65,0.1339,0.00,0.0000,0.0606,0.1437,0.0256,,,,,,
27.4030,10,10,37.5788,64.9809,completed,81865.49,50259.65,0.1339,0.00,0.0000,0.0683,0.1234,0.1333,0.3467,0.1304,0.2492,0.8069,1.8174,1.6003
46.5745,7,3,9.0582,55.6322,converged,81865.49,50259.65,0.1339,0.00,0.0000,0.0114,0.0817,,,,,,,
35.4926,9,4,18.2754,53.7674,converged,81865.49,50259.65,0.1339,0.00,0.0000,0.0570,0.1283,0.0786,,,,,,
56.9541,6,6,26.2881,83.2421,completed,81865.49,50259.65,0.1339,0.00,0.0000,0.3767,2.8740,1.9051,0.5204,1.6119,,,,
47.3796,7,7,25.5763,72.9553,completed,81865.49,50259.65,0.1339,0.00,0.0000,0.1118,0.1922,0.5768,0.6946,1.5657,2.2737,,,
42.8094,8,8,39.9938,82.8029,completed,81865.49,50259.65,0.1339,0.00,0.0000,0.0760,0.1422,0.3652,0.1487,0.2244,0.1895,0.7795,,
22.2057,10,4,20.3653,42.5703,converged,81865.49,50259.65,0.1339,0.00,0.0000,0.0508,0.1187,0.0218,,,,,,
26.0351,10,3,15.0862,41.1212,converged,81865.49,50259.65,0.1339,0.00,0.0000,0.0228,0.0365,,,,,,,
53.1873,6,5,18.8115,71.9986,converged,81865.49,50259.65,0.1339,0.00,0.0000,0.0741,0.1818,0.1515,0.0915,,,,,
35.8860,9,3,10.8351,46.7212,converged,81865.49,50259.65,0.1339,0.00,0.0000,0.0192,0.0087,,,,,,,
50.4448,7,3,18.9059,69.3499,converged,81865.49,50259.65,0.1339,0.00,0.0000,0.0374,0.0490,,,,,,,
25.2877,10,3,9.4424,34.7294,converged,81865.49,50259.65,0.1339,0.00,0.0000,0.0023,0.0077,,,,,,,
49.4913,7,4,12.3972,61.8882,converged,81865.49,50259.65,0.1339,0.00,0.0000,0.0245,0.1072,0.0904,,,,,,
50.5009,7,3,9.9979,60.4979,converged,81865.49,50259.65,0.1339,0.00,0.0000,0.0711,0.0194,,,,,,,
49.8452,7,3,9.1412,58.9862,converged,81865.49,50259.65,0.1339,0.00,0.0000,0.0570,0.0909,,,,,,,
27.2390,10,3,10.6806,37.9196,converged,81865.49,50259.65,0.1339,0.00,0.0000,0.0103,0.0395,,,,,,,
24.2206,10,3,13.3395,37.5595,converged,81865.49,50259.65,0.1339,0.00,0.0000,0.0354,0.0806,,,,,,,
41.2361,8,6,22.6326,63.8687,converged,81865.49,50259.65,0.1339,0.00,0.0000,0.0517,0.1052,0.3471,0.1293,0.0578,,,,
29.3158,10,4,15.9859,45.3010,converged,81865.49,50259.65,0.1339,0.00,0.0000,0.0525,0.1323,0.0283,,,,,,
20.9011,10,3,11.4272,32.3283,converged,81865.49,50259.65,0.1339,0.00,0.0000,0.0206,0.0259,,,,,,,
51.8812,7,7,25.6174,77.4985,completed,81865.49,50259.65,0.1339,0.00,0.0000,0.4225,2.0088,0.8801,0.7527,2.5880,2.3077,,,
53.8084,6,5,22.5432,76.3513,converged,81865.49,50259.65,0.1339,0.00,0.0000,0.0549,0.2095,0.1518,0.0783,,,,,
54.9107,6,4,13.6643,68.5743,converged,81865.49,50259.65,0.1339,0.00,0.0000,0.0053,0.2836,0.0985,,,,,,
45.0835,8,3,9.9454,55.0284,converged,81865.49,50259.65,0.1339,0.00,0.0000,0.0307,0.0106,,,,,,,
41.7666,8,4,21.3618,63.1278,converged,81865.49,50259.65,0.1339,0.00,0.0000,0.1482,0.4255,0.0753,,,,,,
37.0621,9,3,19.6566,56.7186,converged,81865.49,50259.65,0.1339,0.00,0.0000,0.0292,0.0322,,,,,,,
57.2521,6,5,20.4364,77.6884,converged,81865.49,50259.65,0.1339,0.00,0.0000,0.0211,0.2211,0.1270,0.0948,,,,,
45.3133,8,3,23.4179,68.7310,converged,81865.49,50259.65,0.1339,0.00,0.0000,0.0111,0.0811,,,,,,,
48.9638,7,7,38.1109,87.0739,completed,81865.49,50259.65,0.1339,0.00,0.0000,0.3086,2.1556,0.7901,3.2122,3.5635,3.3229,,,
25.5826,10,3,10.1390,35.7210,converged,81865.49,50259.65,0.1339,0.00,0.0000,0.0121,0.0315,,,,,,,
44.0910,8,6,38.7818,82.8718,converged,81865.49,50259.65,0.1339,0.00,0.0000,0.1280,0.4077,0.2891,0.4968,0.0750,,,,
33.9135,10,6,21.8206,55.7491,converged,81865.49,50259.65,0.1339,0.00,0.0000,0.0592,0.1060,0.1397,0.3261,0.0647,,,,
42.4789,8,6,20.0957,62.5737,converged,81865.49,50259.65,0.1339,0.00,0.0000,0.0658,0.1118,0.4015,0.1399,0.0758,,,,
53.5060,6,5,22.8102,76.3163,converged,81865.49,50259.65,0.1339,0.00,0.0000,0.0048,0.2226,0.1068,0.0599,,,,,
49.8094,7,7,24.5721,74.3811,completed,81865.49,50259.65,0.1339,0.00,0.0000,0.3290,1.4591,1.2698,0.8738,3.0227,2.2454,,,
53.2803,6,6,24.7329,78.0129,completed,81865.49,50259.65,0.1339,0.00,0.0000,0.0125,0.2140,0.1248,0.1646,1.2750,,,,
50.6461,7,5,15.6759,66.3219,converged,81865.49,50259.65,0.1339,0.00,0.0000,0.1056,0.1388,0.5170,0.0509,,,,,
54.5622,6,6,21.0302,75.5922,completed,81865.49,50259.65,0.1339,0.00,0.0000,0.3208,1.9628,1.7948,0.2440,1.1749,,,,
48.1152,7,5,19.9890,68.1041,converged,81865.49,50259.65,0.1339,0.00,0.0000,0.0091,0.1051,0.1336,0.0910,,,,,
54.6563,6,6,21.9402,76.5963,completed,81865.49,50259.65,0.1339,0.00,0.0000,0.3709,1.3425,1.4843,1.0033,2.1216,,,,
55.9372,6,4,15.3545,71.2915,converged,81865.49,50259.65,0.1339,0.00,0.0000,0.0100,0.1599,0.0903,,,,,,
41.8124,8,8,33.7747,75.5867,completed,81865.49,50259.65,0.1339,0.00,0.0000,0.1792,0.7230,0.4972,1.4744,0.2808,1.2659,1.7079,,
34.5102,9,3,11.1656,45.6756,converged,81865.49,50259.65,0.1339,0.00,0.0000,0.0185,0.0066,,,,,,,
30.2111,10,3,10.6591,40.8701,converged,81865.49,50259.65,0.1339,0.00,0.0000,0.0141,0.0112,,,,,,,
43.2623,8,3,10.9386,54.2006,converged,81865.49,50259.65,0.1339,0.00,0.0000,0.0031,0.0644,,,,,,,
36.9643,9,3,10.6939,47.6579,converged,81865.49,50259.65,0.1339,0.00,0.0000,0.0102,0.0207,,,,,,,
43.8319,8,3,13.6498,57.4808,converged,81865.49,50259.65,0.1339,0.00,0.0000,0.0042,0.0345,,,,,,,
55.9804,6,5,21.2562,77.2362,converged,81865.49,50259.65,0.1339,0.00,0.0000,0.0383,0.2325,0.1622,0.0973,,,,,
57.9475,6,6,22.6138,80.5609,completed,81865.49,50259.65,0.1339,0.00,0.0000,0.2372,0.7542,0.6260,1.7676,2.6077,,,,
25.8016,10,3,11.1658,36.9668,converged,81865.49,50259.65,0.1339,0.00,0.0000,0.0100,0.0149,,,,,,,
22.9302,10,4,25.8483,48.7783,converged,81865.49,50259.65,0.1339,0.00,0.0000,0.1423,0.3231,0.0897,,,,,,
40.9183,8,8,36.6481,77.5662,completed,81865.49,50259.65,0.1339,0.00,0.0000,0.2770,1.1241,1.2210,0.3883,4.3309,2.9219,2.6575,,
29.9787,10,3,11.5528,41.5308,converged,81865.49,50259.65,0.1339,0.00,0.0000,0.0165,0.0098,,,,,,,
43.5337,8,3,11.9778,55.5108,converged,81865.49,50259.65,0.1339,0.00,0.0000,0.0065,0.0054,,,,,,,
45.0197,8,8,35.8610,80.8801,completed,81865.49,50259.65,0.1339,0.00,0.0000,0.2839,1.0683,0.2221,0.3024,3.3603,2.8407,2.4027,,
43.6224,8,8,29.9347,73.5567,completed,81865.49,50259.65,0.1339,0.00,0.0000,0.1838,0.5672,0.1519,0.3915,0.5942,1.6523,1.8419,,
41.9213,8,3,13.0646,54.9856,converged,81865.49,50259.65,0.1339,0.00,0.0000,0.0275,0.0120,,,,,,,
39.6176,9,3,13.7090,53.3260,converged,81865.49,50259.65,0.1339,0.00,0.0000,0.0351,0.0598,,,,,,,
58.1685,5,4,16.4245,74.5926,converged,81865.49,50259.65,0.1339,0.00,0.0000,0.0540,0.3518,0.0456,,,,,,
50.5765,7,3,11.9563,62.5323,converged,81865.49,50259.65,0.1339,0.00,0.0000,0.0897,0.0588,,,,,,,
28.4431,10,6,30.2236,58.6666,converged,81865.49,50259.65,0.1339,0.00,0.0000,0.0899,0.2521,0.3097,0.5353,0.0717,,,,
30.3237,10,4,13.8457,44.1687,converged,81865.49,50259.65,0.1339,0.00,0.0000,0.0722,0.1370,0.0986,,,,,,
36.3220,9,9,43.7626,80.0836,completed,81865.49,50259.65,0.1339,0.00,0.0000,0.1355,0.4356,0.4626,0.8679,0.3945,0.3817,1.4314,1.7158,
24.0188,10,3,13.9961,38.0142,converged,81865.49,50259.65,0.1339,0.00,0.0000,0.0099,0.0045,,,,,,,
51.3299,7,5,26.5202,77.8493,converged,81865.49,50259.65,0.1339,0.00,0.0000,0.0036,0.1881,0.2338,0.0813,,,,,
25.6917,10,10,41.6693,67.3604,completed,81865.49,50259.65,0.1339,0.00,0.0000,0.0695,0.2357,0.7177,0.3755,0.2516,1.2349,1.8020,1.8104,1.7103
25.0094,10,3,10.5930,35.6020,converged,81865.49,50259.65,0.1339,0.00,0.0000,0.0023,0.0275,,,,,,,
49.0528,7,3,9.7108,58.7628,converged,81865.49,50259.65,0.1339,0.00,0.0000,0.0897,0.0411,,,,,,,
33.4210,10,4,16.3070,49.7281,converged,81865.49,50259.65,0.1339,0.00,0.0000,0.0692,0.1851,0.0356,,,,,,
31.3108,10,4,14.5893,45.8993,converged,81865.49,50259.65,0.1339,0.00,0.0000,0.0402,0.1229,0.0738,,,,,,
55.3010,6,6,20.5948,75.8959,completed,81865.49,50259.65,0.1339,0.00,0.0000,0.6816,6.2041,3.2686,4.3144,4.4589,,,,
32.0271,10,3,10.6432,42.6703,converged,81865.49,50259.65,0.1339,0.00,0.0000,0.0043,0.0231,,,,,,,
58.8145,5,4,16.0797,74.8938,converged,81865.49,50259.65,0.1339,0.00,0.0000,0.0622,0.2648,0.0735,,,,,,
59.1784,5,4,13.1251,72.3031,converged,81865.49,50259.65,0.1339,0.00,0.0000,0.0067,0.2758,0.0438,,,,,,
34.3910,9,3,10.4160,44.8061,converged,81865.49,50259.65,0.1339,0.00,0.0000,0.0146,0.0415,,,,,,,
29.9271,10,3,9.0010,38.9281,converged,81865.49,50259.65,0.1339,0.00,0.0000,0.0253,0.0263,,,,,,,
26.3960,10,3,14.8004,41.1964,converged,81865.49,50259.65,0.1339,0.00,0.0000,0.0256,0.0630,,,,,,,
47.3301,7,5,15.2964,62.6265,converged,81865.49,50259.65,0.1339,0.00,0.0000,0.0257,0.1463,0.1648,0.0329,,,,,
36.7939,9,9,43.1811,79.9741,completed,81865.49,50259.65,0.1339,0.00,0.0000,0.1901,0.6676,0.7218,0.9528,1.2250,3.0380,2.0969,1.9436,
39.8963,9,3,16.1652,56.0613,converged,81865.49,50259.65,0.1339,0.00,0.0000,0.0037,0.0084,,,,,,,
37.9190,9,3,10.1483,48.0663,converged,81865.49,50259.65,0.1339,0.00,0.0000,0.0068,0.0525,,,,,,,
29.6161,10,3,9.6554,39.2714,converged,81865.49,50259.65,0.1339,0.00,0.0000,0.0114,0.0502,,,,,,,
20.0029,10,7,31.1418,51.1439,converged,81865.49,50259.65,0.1339,0.00,0.0000,0.0863,0.2863,0.4633,0.5672,0.2804,0.0523,,,
22.0029,10,3,10.1384,32.1405,converged,81865.49,50259.65,0.1339,0.00,0.0000,0.0206,0.0139,,,,,,,
37.9456,9,6,21.5105,59.4555,converged,81865.49,50259.65,0.1339,0.00,0.0000,0.1510,0.5479,0.6061,1.4234,0.0504,,,,
30.8124,10,4,13.3020,44.1140,converged,81865.49,50259.65,0.1339,0.00,0.0000,0.0737,0.1528,0.0630,,,,,,
53.4080,6,5,19.0397,72.4478,converged,81865.49,50259.65,0.1339,0.00,0.0000,0.0402,0.2678,0.1113,0.0952,,,,,
58.8776,5,4,12.6765,71.5535,converged,81865.49,50259.65,0.1339,0.00,0.0000,0.0411,0.1994,0.0414,,,,,,
22.0866,10,3,18.8314,40.9174,converged,81865.49,50259.65,0.1339,0.00,0.0000,0.0123,0.0408,,,,,,,
30.9693,10,10,44.3877,75.3568,completed,81865.49,50259.65,0.1339,0.00,0.0000,0.3167,1.1075,4.0436,4.0329,4.7576,4.2159,3.0252,3.3711,2.9939
41.2069,8,5,18.6314,59.8374,converged,81865.49,50259.65,0.1339,0.00,0.0000,0.0059,0.1223,0.1987,0.0375,,,,,
52.9870,6,6,31.8881,84.8742,completed,81865.49,50259.65,0.1339,0.00,0.0000,0.0892,0.1813,0.1883,0.1036,0.4533,,,,
25.1573,10,3,13.6959,38.8529,converged,81865.49,50259.65,0.1339,0.00,0.0000,0.0340,0.0494,,,,,,,
57.2113,6,6,31.8760,89.0871,completed,81865.49,50259.65,0.1339,0.00,0.0000,0.3251,0.8103,0.9009,0.1568,1.0833,,,,
40.7800,8,8,39.6924,80.4714,completed,81865.49,50259.65,0.1339,0.00,0.0000,0.1571,0.5114,0.2389,0.5687,0.3984,0.5488,1.4858,,
47.1648,7,4,12.9791,60.1431,converged,81865.49,50259.65,0.1339,0.00,0.0000,0.0524,0.1262,0.0763,,,,,,
56.9722,6,3,9.9443,66.9164,converged,81865.49,50259.65,0.1339,0.00,0.0000,0.1872,0.0377,,,,,,,
27.1074,10,4,17.6874,44.7945,converged,81865.49,50259.65,0.1339,0.00,0.0000,0.0489,0.1093,0.0449,,,,,,
33.0333,10,3,14.1440,47.1771,converged,81865.49,50259.65,0.1339,0.00,0.0000,0.0216,0.0343,,,,,,,
36.7809,9,3,9.5005,46.2805,converged,81865.49,50259.65,0.1339,0.00,0.0000,0.0643,0.0847,,,,,,,
49.2355,7,5,24.9219,74.1569,converged,81865.49,50259.65,0.1339,0.00,0.0000,0.0041,0.1205,0.1793,0.0506,,,,,
29.8836,10,3,9.8968,39.7798,converged,81865.49,50259.65,0.1339,0.00,0.0000,0.0229,0.0353,,,,,,,
57.6989,6,6,31.1240,88.8220,completed,81865.49,50259.65,0.1339,0.00,0.0000,0.0610,0.1627,0.1471,0.1229,0.3649,,,,
22.6934,10,7,24.2882,46.9837,converged,81865.49,50259.65,0.1339,0.00,0.0000,0.0946,0.2579,0.2322,0.6480,0.2133,0.0549,,,
46.6861,7,4,16.8220,63.5081,converged,81865.49,50259.65,0.1339,0.00,0.0000,0.0272,0.1334,0.0964,,,,,,
30.8814,10,3,11.0353,41.9164,converged,81865.49,50259.65,0.1339,0.00,0.0000,0.0053,0.0163,,,,,,,
48.3760,7,5,18.5315,66.9066,converged,81865.49,50259.65,0.1339,0.00,0.0000,0.0266,0.2132,0.1820,0.0408,,,,,
29.7877,10,3,11.9232,41.7102,converged,81865.49,50259.65,0.1339,0.00,0.0000,0.0229,0.0506,,,,,,,
24.7814,10,4,13.5066,38.2876,converged,81865.49,50259.65,0.1339,0.00,0.0000,0.0966,0.2578,0.0582,,,,,,
25.4540,10,3,11.8994,37.3524,converged,81865.49,50259.65,0.1339,0.00,0.0000,0.0092,0.0222,,,,,,,
51.7275,7,5,16.2555,67.9825,converged,81865.49,50259.65,0.1339,0.00,0.0000,0.0034,0.1158,0.2142,0.0563,,,,,
35.7612,9,9,35.1472,70.9083,completed,81865.49,50259.65,0.1339,0.00,0.0000,0.0598,0.1121,0.2472,0.1274,0.7546,2.3711,2.3317,1.6495,
43.8687,8,3,11.4991,55.3672,converged,81865.49,50259.65,0.1339,0.00,0.0000,0.0034,0.0686,,,,,,,
57.0110,6,4,13.5055,70.5165,converged,81865.49,50259.65,0.1339,0.00,0.0000,0.0047,0.1387,0.0777,,,,,,
20.4645,10,4,17.7701,38.2341,converged,81865.49,50259.65,0.1339,0.00,0.0000,0.0573,0.1351,0.0455,,,,,,
48.1471,7,5,17.5251,65.6722,converged,81865.49,50259.65,0.1339,0.00,0.0000,0.0144,0.1140,0.1582,0.0568,,,,,
36.4836,9,3,13.1997,49.6827,converged,81865.49,50259.65,0.1339,0.00,0.0000,0.0133,0.0044,,,,,,,
52.1370,6,5,14.8004,66.9364,converged,81865.49,50259.65,0.1339,0.00,0.0000,0.0160,0.1509,0.1011,0.0757,,,,,
46.9114,7,5,15.3501,62.2612,converged,81865.49,50259.65,0.1339,0.00,0.0000,0.0167,0.1258,0.1395,0.0601,,,,,
41.1542,8,6,30.5001,71.6541,converged,81865.49,50259.65,0.1339,0.00,0.0000,0.1258,0.3081,0.4576,0.3018,0.0898,,,,
26.2102,10,3,19.9044,46.1144,converged,81865.49,50259.65,0.1339,0.00,0.0000,0.0077,0.0337,,,,,,,
21.1614,10,10,41.6862,62.8473,completed,81865.49,50259.65,0.1339,0.00,0.0000,0.3742,1.3398,4.9929,9.4308,8.7750,3.4411,4.2435,4.4293,3.8306
44.8117,8,3,15.6900,60.5010,converged,81865.49,50259.65,0.1339,0.00,0.0000,0.0530,0.0430,,,,,,,
39.7002,9,9,34.4806,74.1806,completed,81865.49,50259.65,0.1339,0.00,0.0000,0.3297,1.1269,2.1887,0.2310,5.0007,3.0591,3.1655,2.7506,
54.2667,6,3,13.6453,67.9114,converged,81865.49,50259.65,0.1339,0.00,0.0000,0.1417,0.0531,,,,,,,
27.1333,10,3,11.0363,38.1693,converged,81865.49,50259.65,0.1339,0.00,0.0000,0.0175,0.0135,,,,,,,
53.1000,6,6,25.5122,78.6112,completed,81865.49,50259.65,0.1339,0.00,0.0000,0.1226,0.1303,0.3016,0.1050,0.3275,,,,
20.4428,10,10,37.0068,57.4488,completed,81865.49,50259.65,0.1339,0.00,0.0000,0.1392,0.4053,0.6528,1.0531,0.4455,0.6085,1.4642,1.9150,1.5502
44.4536,8,3,8.8767,53.3297,converged,81865.49,50259.65,0.1339,0.00,0.0000,0.0420,0.0128,,,,,,,
59.1006,5,4,15.7173,74.8173,converged,81865.49,50259.65,0.1339,0.00,0.0000,0.1335,0.4029,0.0904,,,,,,
40.4460,8,3,11.0856,51.5307,converged,81865.49,50259.65,0.1339,0.00,0.0000,0.0788,0.0867,,,,,,,
44.4463,8,6,19.3813,63.8273,converged,81865.49,50259.65,0.1339,0.00,0.0000,0.0715,0.1221,0.4316,0.1184,0.0899,,,,
34.4490,9,6,19.3146,53.7626,converged,81865.49,50259.65,0.1339,0.00,0.0000,0.0681,0.1100,0.1715,0.2979,0.0675,,,,
23.9229,10,3,8.9459,32.8679,converged,81865.49,50259.65,0.1339,0.00,0.0000,0.0308,0.0786,,,,,,,
50.5746,7,5,17.7908,68.3648,converged,81865.49,50259.65,0.1339,0.00,0.0000,0.0160,0.1021,0.2578,0.0603,,,,,
39.8684,9,3,9.5142,49.3822,converged,81865.49,50259.65,0.1339,0.00,0.0000,0.0105,0.0111,,,,,,,
47.9803,7,7,24.9577,72.9378,completed,81865.49,50259.65,0.1339,0.00,0.0000,0.3239,1.1550,1.3714,1.2161,2.2965,2.2203,,,
36.5213,9,3,9.5879,46.1089,converged,81865.49,50259.65,0.1339,0.00,0.0000,0.0101,0.0320,,,,,,,
28.4158,10,4,12.2061,40.6212,converged,81865.49,50259.65,0.1339,0.00,0.0000,0.1007,0.2455,0.0420,,,,,,
22.7802,10,3,11.0548,33.8349,converged,81865.49,50259.65,0.1339,0.00,0.0000,0.0092,0.0276,,,,,,,
55.8811,6,6,27.0801,82.9611,completed,81865.49,50259.65,0.1339,0.00,0.0000,0.3503,0.8039,0.7080,0.7011,2.1613,,,,
54.4860,6,6,24.6202,79.1062,completed,81865.49,50259.65,0.1339,0.00,0.0000,0.1589,0.5262,0.8219,0.4914,0.6162,,,,
35.4305,9,3,10.4470,45.8770,converged,81865.49,50259.65,0.1339,0.00,0.0000,0.0159,0.0140,,,,,,,
34.9073,9,6,25.8705,60.7775,converged,81865.49,50259.65,0.1339,0.00,0.0000,0.1038,0.2361,0.1777,0.3362,0.0308,,,,
41.0499,8,8,29.9934,71.0424,completed,81865.49,50259.65,0.1339,0.00,0.0000,0.2944,1.2497,1.3407,0.6910,2.7452,2.5408,2.3733,,
20.2213,10,4,17.5149,37.7360,converged,81865.49,50259.65,0.1339,0.00,0.0000,0.0605,0.1592,0.0680,,,,,,
22.5848,10,3,10.6723,33.2564,converged,81865.49,50259.65,0.1339,0.00,0.0000,0.0171,0.0068,,,,,,,
46.4244,7,3,9.8127,56.2368,converged,81865.49,50259.65,0.1339,0.00,0.0000,0.0282,0.0566,,,,,,,
41.5428,8,3,15.5849,57.1269,converged,81865.49,50259.65,0.1339,0.00,0.0000,0.0028,0.0644,,,,,,,
20.8897,10,3,12.9653,33.8543,converged,81865.49,50259.65,0.1339,0.00,0.0000,0.0158,0.0487,,,,,,,
32.1966,10,3,11.6882,43.8842,converged,81865.49,50259.65,0.1339,0.00,0.0000,0.0051,0.0283,,,,,,,
32.4455,10,3,13.9352,46.3803,converged,81865.49,50259.65,0.1339,0.00,0.0000,0.0144,0.0428,,,,,,,
52.3990,6,5,20.2406,72.6416,converged,81865.49,50259.65,0.1339,0.00,0.0000,0.0076,0.1690,0.1461,0.0520,,,,,
51.7299,7,3,13.3921,65.1212,converged,81865.49,50259.65,0.1339,0.00,0.0000,0.0074,0.0573,,,,,,,
38.4098,9,3,11.5380,49.9470,converged,81865.49,50259.65,0.1339,0.00,0.0000,0.0096,0.0400,,,,,,,
34.8128,9,3,22.7304,57.5424,converged,81865.49,50259.65,0.1339,0.00,0.0000,0.0254,0.0197,,,,,,,
54.6499,6,5,20.1263,74.7753,converged,81865.49,50259.65,0.1339,0.00,0.0000,0.0606,0.1996,0.1572,0.0958,,,,,
59.1638,5,4,14.1920,73.3550,converged,81865.49,50259.65,0.1339,0.00,0.0000,0.0281,0.2867,0.0696,,,,,,
53.2597,6,6,31.4487,84.7078,completed,81865.49,50259.65,0.1339,0.00,0.0000,0.1004,0.1478,0.1880,0.1213,0.5508,,,,
40.0868,8,8,31.2954,71.3815,completed,81865.49,50259.65,0.1339,0.00,0.0000,0.0701,0.1467,0.3348,0.1045,0.1168,0.4048,1.1016,,
36.0403,9,3,9.3487,45.3887,converged,81865.49,50259.65,0.1339,0.00,0.0000,0.0301,0.0352,,,,,,,
34.3082,9,9,53.0778,87.3858,completed,81865.49,50259.65,0.1339,0.00,0.0000,0.0425,0.1101,0.1589,0.3894,0.1061,0.1001,0.3766,1.0154,
33.2600,10,3,16.9314,50.1914,converged,81865.49,50259.65,0.1339,0.00,0.0000,0.0032,0.0209,,,,,,,
43.1424,8,8,35.8904,79.0324,completed,81865.49,50259.65,0.1339,0.00,0.0000,0.1064,0.3136,0.3604,0.3151,0.1614,0.5186,1.2927,,
32.5960,10,10,51.5645,84.1596,completed,81865.49,50259.65,0.1339,0.00,0.0000,0.0628,0.2132,0.4337,0.6974,0.3794,0.3736,0.6056,1.4667,1.6226
57.9173,6,4,13.7744,71.6914,converged,81865.49,50259.65,0.1339,0.00,0.0000,0.0094,0.2054,0.0406,,,,,,
32.7061,10,4,15.3534,48.0594,converged,81865.49,50259.65,0.1339,0.00,0.0000,0.0695,0.1677,0.0200,,,,,,
54.9978,6,6,22.8111,77.8082,completed,81865.49,50259.65,0.1339,0.00,0.0000,0.1416,0.1561,0.2296,0.1022,0.6520,,,,
43.6927,8,3,9.8691,53.5611,converged,81865.49,50259.65,0.1339,0.00,0.0000,0.0480,0.0533,,,,,,,
20.5263,10,3,13.9822,34.5082,converged,81865.49,50259.65,0.1339,0.00,0.0000,0.0299,0.0589,,,,,,,
38.5789,9,3,9.9899,48.5680,converged,81865.49,50259.65,0.1339,0.00,0.0000,0.0356,0.0882,,,,,,,
27.0310,10,3,10.2334,37.2644,converged,81865.49,50259.65,0.1339,0.00,0.0000,0.0025,0.0433,,,,,,,
26.2249,10,4,12.7956,39.0196,converged,81865.49,50259.65,0.1339,0.00,0.0000,0.0928,0.2031,0.0998,,,,,,
22.5742,10,6,22.8148,45.3888,converged,81865.49,50259.65,0.1339,0.00,0.0000,0.0358,0.1126,0.1902,0.3589,0.0511,,,,
53.9892,6,6,26.8228,80.8119,completed,81865.49,50259.65,0.1339,0.00,0.0000,0.1543,0.1615,0.5207,0.1618,0.6507,,,,
55.7690,6,5,16.3494,72.1184,converged,81865.49,50259.65,0.1339,0.00,0.0000,0.0290,0.1987,0.1264,0.0769,,,,,
34.0876,9,4,12.6410,46.7280,converged,81865.49,50259.65,0.1339,0.00,0.0000,0.1717,0.4943,0.0889,,,,,,
30.9430,10,3,9.6246,40.5677,converged,81865.49,50259.65,0.1339,0.00,0.0000,0.0027,0.0300,,,,,,,
56.5949,6,6,25.9065,82.5005,completed,81865.49,50259.65,0.1339,0.00,0.0000,0.0944,0.1698,0.2080,0.1657,0.7777,,,,
57.8004,6,5,18.3097,76.1097,converged,81865.49,50259.65,0.1339,0.00,0.0000,0.1607,0.2224,0.3250,0.0881,,,,,
21.5894,10,3,9.1410,30.7300,converged,81865.49,50259.65,0.1339,0.00,0.0000,0.0039,0.0071,,,,,,,
36.9617,9,9,35.4432,72.4043,completed,81865.49,50259.65,0.1339,0.00,0.0000,0.0863,0.1603,0.2689,0.3765,0.5064,0.3767,1.6752,1.8994,
23.2739,10,10,33.9441,57.2171,completed,81865.49,50259.65,0.1339,0.00,0.0000,0.2062,0.6172,0.9462,1.1906,0.2167,1.2896,2.4447,1.7292,1.5675
31.2561,10,10,44.3559,75.6119,completed,81865.49,50259.65,0.1339,0.00,0.0000,0.1270,0.3519,0.4170,0.8959,0.1707,0.6042,1.5798,2.0685,1.6405
42.5477,8,3,12.2452,54.7922,converged,81865.49,50259.65,0.1339,0.00,0.0000,0.0150,0.0636,,,,,,,
25.7272,10,3,10.0104,35.7375,converged,81865.49,50259.65,0.1339,0.00,0.0000,0.0122,0.0353,,,,,,,
29.2835,10,3,10.0299,39.3129,converged,81865.49,50259.65,0.1339,0.00,0.0000,0.0223,0.0491,,,,,,,
20.6485,10,3,18.6262,39.2742,converged,81865.49,50259.65,0.1339,0.00,0.0000,0.0130,0.0161,,,,,,,
54.4690,6,6,25.1191,79.5871,completed,81865.49,50259.65,0.1339,0.00,0.0000,0.0808,0.2930,0.2268,0.1796,1.0849,,,,
57.9773,6,4,20.3831,78.3602,converged,81865.49,50259.65,0.1339,0.00,0.0000,0.0071,0.1842,0.0974,,,,,,
21.3298,10,10,51.5763,72.9054,completed,81865.49,50259.65,0.1339,0.00,0.0000,0.1938,0.6544,1.9576,1.3205,1.7539,6.6493,2.9027,3.0493,2.6636
37.5666,9,3,9.0622,46.6283,converged,81865.49,50259.65,0.1339,0.00,0.0000,0.0053,0.0381,,,,,,,
20.3984,10,3,14.6599,35.0579,converged,81865.49,50259.65,0.1339,0.00,0.0000,0.0246,0.0404,,,,,,,
37.2765,9,3,9.2924,46.5684,converged,81865.49,50259.65,0.1339,0.00,0.0000,0.0206,0.0598,,,,,,,
40.4348,8,6,33.3378,73.7718,converged,81865.49,50259.65,0.1339,0.00,0.0000,0.0656,0.1305,0.3235,0.1852,0.0720,,,,
43.4181,8,3,15.8954,59.3135,converged,81865.49,50259.65,0.1339,0.00,0.0000,0.0663,0.0613,,,,,,,
40.7398,8,3,8.3508,49.0899,converged,81865.49,50259.65,0.1339,0.00,0.0000,0.0045,0.0181,,,,,,,
53.4189,6,5,15.2818,68.6998,converged,81865.49,50259.65,0.1339,0.00,0.0000,0.0941,0.1271,0.2099,0.0769,,,,,
37.6989,9,3,10.9228,48.6209,converged,81865.49,50259.65,0.1339,0.00,0.0000,0.0244,0.0126,,,,,,,
46.2609,7,7,28.2093,74.4693,completed,81865.49,50259.65,0.1339,0.00,0.0000,0.2240,0.4345,0.7232,0.4666,1.5151,1.9147,,,
25.9513,10,3,10.2380,36.1890,converged,81865.49,50259.65,0.1339,0.00,0.0000,0.0427,0.0933,,,,,,,
33.8253,10,6,28.5926,62.4176,converged,81865.49,50259.65,0.1339,0.00,0.0000,0.0645,0.1702,0.1216,0.5567,0.0815,,,,
28.1259,10,3,10.7160,38.8411,converged,81865.49,50259.65,0.1339,0.00,0.0000,0.0423,0.0938,,,,,,,
35.2914,9,3,12.6729,47.9639,converged,81865.49,50259.65,0.1339,0.00,0.0000,0.0635,0.0984,,,,,,,
22.2199,10,4,17.3371,39.5561,converged,81865.49,50259.65,0.1339,0.00,0.0000,0.0695,0.1785,0.0642,,,,,,
44.9992,8,8,37.5886,82.5876,completed,81865.49,50259.65,0.1339,0.00,0.0000,0.1015,0.4946,0.8527,1.2127,0.2420,0.4081,1.1156,,
29.3702,10,10,56.1170,85.4870,completed,81865.49,50259.65,0.1339,0.00,0.0000,0.1110,0.3334,0.5815,0.8591,0.2112,0.3186,0.4612,1.1835,1.4603
23.6571,10,3,10.3303,33.9873,converged,81865.49,50259.65,0.1339,0.00,0.0000,0.0384,0.0463,,,,,,,
25.4770,10,3,16.8295,42.3055,converged,81865.49,50259.65,0.1339,0.00,0.0000,0.0099,0.0212,,,,,,,
24.8100,10,3,9.5787,34.3881,converged,81865.49,50259.65,0.1339,0.00,0.0000,0.0088,0.0301,,,,,,,
22.5401,10,3,11.3747,33.9147,converged,81865.49,50259.65,0.1339,0.00,0.0000,0.0097,0.0264,,,,,,,
56.3778,6,3,12.3729,68.7499,converged,81865.49,50259.65,0.1339,0.00,0.0000,0.2698,0.0923,,,,,,,
57.6209,6,6,27.3589,84.9789,completed,81865.49,50259.65,0.1339,0.00,0.0000,0.0468,0.2095,0.1440,0.1419,1.1860,,,,
49.7174,7,3,8.9317,58.6488,converged,81865.49,50259.65,0.1339,0.00,0.0000,0.0352,0.0124,,,,,,,
38.7738,9,6,16.9605,55.7335,converged,81865.49,50259.65,0.1339,0.00,0.0000,0.1293,0.5115,0.6571,0.7313,0.0938,,,,
35.4700,9,3,9.4555,44.9246,converged,81865.49,50259.65,0.1339,0.00,0.0000,0.0073,0.0265,,,,,,,
55.1271,6,6,27.7048,82.8319,completed,81865.49,50259.65,0.1339,0.00,0.0000,0.1155,0.1931,0.3023,0.1184,0.5083,,,,
33.4506,10,10,36.9659,70.4159,completed,81865.49,50259.65,0.1339,0.00,0.0000,0.1395,0.3997,0.8215,0.4507,0.2629,1.3295,2.6500,1.9490,1.8181
58.3727,5,4,15.8482,74.2202,converged,81865.49,50259.65,0.1339,0.00,0.0000,0.0506,0.2927,0.0729,,,,,,
56.1049,6,6,25.0250,81.1290,completed,81865.49,50259.65,0.1339,0.00,0.0000,0.7271,4.4526,6.0527,5.4021,4.9255,,,,
58.8962,5,4,15.5923,74.4883,converged,81865.49,50259.65,0.1339,0.00,0.0000,0.0303,0.1995,0.0646,,,,,,
57.9129,6,6,32.9145,90.8265,completed,81865.49,50259.65,0.1339,0.00,0.0000,0.0838,0.1941,0.2418,0.1366,0.4351,,,,
31.1062,10,4,13.8349,44.9409,converged,81865.49,50259.65,0.1339,0.00,0.0000,0.0573,0.1369,0.0172,,,,,,
40.8290,8,3,12.5900,53.4190,converged,81865.49,50259.65,0.1339,0.00,0.0000,0.0179,0.0415,,,,,,,
56.6189,6,6,22.8304,79.4484,completed,81865.49,50259.65,0.1339,0.00,0.0000,0.3176,1.1520,3.8734,4.6520,4.0612,,,,
44.8492,8,8,27.5591,72.4081,completed,81865.49,50259.65,0.1339,0.00,0.0000,0.2649,1.0213,0.4159,0.8001,2.0147,2.4019,2.0000,,
53.9745,6,4,21.2349,75.2090,converged,81865.49,50259.65,0.1339,0.00,0.0000,0.0073,0.1719,0.0957,,,,,,
32.8099,10,3,11.9348,44.7438,converged,81865.49,50259.65,0.1339,0.00,0.0000,0.0106,0.0268,,,,,,,
44.9756,8,3,10.0454,55.0204,converged,81865.49,50259.65,0.1339,0.00,0.0000,0.0577,0.0382,,,,,,,
29.7119,10,6,23.8108,53.5218,converged,81865.49,50259.65,0.1339,0.00,0.0000,0.0567,0.1425,0.1071,0.4785,0.0699,,,,
32.9689,10,10,42.2532,75.2212,completed,81865.49,50259.65,0.1339,0.00,0.0000,0.2559,0.8717,2.8471,1.0553,0.6399,4.9715,2.7035,2.7632,2.4901
49.4523,7,5,18.4429,67.8950,converged,81865.49,50259.65,0.1339,0.00,0.0000,0.0302,0.1028,0.2568,0.0974,,,,,
50.6686,7,5,23.6671,74.3351,converged,81865.49,50259.65,0.1339,0.00,0.0000,0.0253,0.1534,0.2129,0.0520,,,,,
58.5641,5,4,18.4889,77.0530,converged,81865.49,50259.65,0.1339,0.00,0.0000,0.0837,0.3500,0.0721,,,,,,
43.7812,8,8,36.9275,80.7158,completed,81865.49,50259.65,0.1339,0.00,0.0000,0.1123,0.2599,0.3676,0.2772,0.1920,0.5942,1.1308,,
33.3617,10,6,18.8899,52.2509,converged,81865.49,50259.65,0.1339,0.00,0.0000,0.0634,0.1882,0.3274,0.6033,0.0778,,,,
50.9668,7,7,40.4504,91.4165,completed,81865.49,50259.65,0.1339,0.00,0.0000,0.1849,0.2883,0.4284,1.2827,3.2149,2.2834,,,
36.9766,9,3,12.5058,49.4819,converged,81865.49,50259.65,0.1339,0.00,0.0000,0.0326,0.0375,,,,,,,
21.2910,10,3,10.1079,31.3979,converged,81865.49,50259.65,0.1339,0.00,0.0000,0.0262,0.0499,,,,,,,
46.5010,7,6,30.4014,76.9014,converged,81865.49,50259.65,0.1339,0.00,0.0000,0.1577,0.2772,0.7092,0.1248,0.0594,,,,
48.8599,7,5,20.0492,68.9083,converged,81865.49,50259.65,0.1339,0.00,0.0000,0.0078,0.1409,0.3022,0.0411,,,,,
32.1304,10,3,15.9022,48.0322,converged,81865.49,50259.65,0.1339,0.00,0.0000,0.0062,0.0185,,,,,,,
45.7947,8,3,12.2086,58.0026,converged,81865.49,50259.65,0.1339,0.00,0.0000,0.0274,0.0565,,,,,,,
32.5902,10,4,14.1705,46.7606,converged,81865.49,50259.65,0.1339,0.00,0.0000,0.0632,0.1505,0.0242,,,,,,
31.3989,10,3,9.3764,40.7744,converged,81865.49,50259.65,0.1339,0.00,0.0000,0.0199,0.0443,,,,,,,
31.9449,10,3,13.2008,45.1448,converged,81865.49,50259.65,0.1339,0.00,0.0000,0.0207,0.0497,,,,,,,
55.0828,6,6,22.8713,77.9533,completed,81865.49,50259.65,0.1339,0.00,0.0000,0.3710,0.5274,0.7481,0.2620,1.2263,,,,
57.6979,6,5,18.3263,76.0234,converged,81865.49,50259.65,0.1339,0.00,0.0000,0.1048,0.2544,0.1566,0.0568,,,,,
20.9167,10,4,15.1401,36.0562,converged,81865.49,50259.65,0.1339,0.00,0.0000,0.0575,0.1429,0.0542,,,,,,
59.5708,5,5,22.4484,82.0184,completed,81865.49,50259.65,0.1339,0.00,0.0000,0.4606,0.1602,0.1968,1.0811,,,,,
54.0925,6,3,12.7752,66.8672,converged,81865.49,50259.65,0.1339,0.00,0.0000,0.2825,0.0553,,,,,,,
40.9982,8,5,22.5188,63.5169,converged,81865.49,50259.65,0.1339,0.00,0.0000,0.0198,0.1037,0.1925,0.0278,,,,,
56.2357,6,6,25.6001,81.8352,completed,81865.49,50259.65,0.1339,0.00,0.0000,0.0730,0.1763,0.2143,0.1311,1.0928,,,,
38.5938,9,9,33.8097,72.4027,completed,81865.49,50259.65,0.1339,0.00,0.0000,0.0529,0.1062,0.1816,0.2933,0.1726,0.1146,0.5832,1.2760,
37.2696,9,9,47.5854,84.8544,completed,81865.49,50259.65,0.1339,0.00,0.0000,0.3744,1.2677,3.4639,1.7576,8.4484,3.1038,3.7150,3.1426,
49.7500,7,5,15.9632,65.7132,converged,81865.49,50259.65,0.1339,0.00,0.0000,0.0430,0.1159,0.2955,0.0478,,,,,
51.1789,7,3,15.7295,66.9075,converged,81865.49,50259.65,0.1339,0.00,0.0000,0.0192,0.0602,,,,,,,
22.8266,10,6,39.7418,62.5679,converged,81865.49,50259.65,0.1339,0.00,0.0000,0.0567,0.1493,0.1514,0.5644,0.0652,,,,
37.8269,9,3,12.3303,50.1563,converged,81865.49,50259.65,0.1339,0.00,0.0000,0.0079,0.0495,,,,,,,
56.1511,6,6,27.3076,83.4586,completed,81865.49,50259.65,0.1339,0.00,0.0000,0.0617,0.2360,0.2128,0.1502,0.9227,,,,
37.5447,9,4,15.4809,53.0249,converged,81865.49,50259.65,0.1339,0.00,0.0000,0.0702,0.1659,0.0668,,,,,,
23.6943,10,4,20.5791,44.2731,converged,81865.49,50259.65,0.1339,0.00,0.0000,0.0793,0.1591,0.0694,,,,,,
59.4003,5,5,24.7194,84.1194,completed,81865.49,50259.65,0.1339,0.00,0.0000,0.3384,0.1440,0.1619,1.0749,,,,,
56.6674,6,6,31.0306,87.6976,completed,81865.49,50259.65,0.1339,0.00,0.0000,0.0608,0.1560,0.1877,0.1186,0.7523,,,,
38.0396,9,6,20.3293,58.3683,converged,81865.49,50259.65,0.1339,0.00,0.0000,0.0558,0.1107,0.2412,0.3485,0.0527,,,,
47.4558,7,7,24.3172,71.7722,completed,81865.49,50259.65,0.1339,0.00,0.0000,0.1047,0.1328,0.4961,0.1284,0.2225,0.7625,,,
36.4919,9,6,20.3068,56.7978,converged,81865.49,50259.65,0.1339,0.00,0.0000,0.0871,0.2017,0.1019,0.4828,0.0554,,,,
22.0579,10,3,16.8283,38.8854,converged,81865.49,50259.65,0.1339,0.00,0.0000,0.0064,0.0267,,,,,,,
57.4303,6,6,26.5266,83.9566,completed,81865.49,50259.65,0.1339,0.00,0.0000,0.2083,0.5260,0.4769,1.7080,2.1667,,,,
47.8428,7,7,26.4376,74.2796,completed,81865.49,50259.65,0.1339,0.00,0.0000,0.0144,0.1038,0.2289,0.1333,0.2932,1.2767,,,
32.4818,10,10,51.1133,83.5943,completed,81865.49,50259.65,0.1339,0.00,0.0000,0.0717,0.1930,0.1925,0.5697,0.1120,0.7130,0.3680,1.4389,1.6343
32.9025,10,3,10.5078,43.4098,converged,81865.49,50259.65,0.1339,0.00,0.0000,0.0025,0.0249,,,,,,,
27.7152,10,3,9.6691,37.3841,converged,81865.49,50259.65,0.1339,0.00,0.0000,0.0046,0.0085,,,,,,,
42.3237,8,5,14.6316,56.9546,converged,81865.49,50259.65,0.1339,0.00,0.0000,0.1025,0.2743,0.3622,0.0986,,,,,
44.5146,8,3,9.2745,53.7885,converged,81865.49,50259.65,0.1339,0.00,0.0000,0.0027,0.0590,,,,,,,
52.7132,6,3,10.2826,62.9957,converged,81865.49,50259.65,0.1339,0.00,0.0000,0.1100,0.0602,,,,,,,
35.1311,9,9,32.5875,67.7186,completed,81865.49,50259.65,0.1339,0.00,0.0000,0.0551,0.1586,0.1032,0.4779,0.1946,0.3189,0.9998,1.5069,
44.7492,8,5,15.3118,60.0608,converged,81865.49,50259.65,0.1339,0.00,0.0000,0.0296,0.1100,0.2120,0.0337,,,,,
22.7540,10,3,10.1532,32.9062,converged,81865.49,50259.65,0.1339,0.00,0.0000,0.0023,0.0107,,,,,,,
59.5135,5,4,16.6732,76.1862,converged,81865.49,50259.65,0.1339,0.00,0.0000,0.0338,0.3069,0.0423,,,,,,
55.8448,6,6,22.6751,78.5191,completed,81865.49,50259.65,0.1339,0.00,0.0000,0.3472,0.6980,1.2769,0.1131,1.1195,,,,
57.0862,6,3,17.3662,74.4522,converged,81865.49,50259.65,0.1339,0.00,0.0000,0.0740,0.0710,,,,,,,
35.7102,9,4,12.6321,48.3422,converged,81865.49,50259.65,0.1339,0.00,0.0000,0.0851,0.2522,0.0698,,,,,,
21.4094,10,10,37.2096,58.6186,completed,81865.49,50259.65,0.1339,0.00,0.0000,0.1769,0.7466,3.2278,3.3378,2.3787,4.2062,2.6433,3.1071,2.7838
35.8985,9,3,10.3038,46.2018,converged,81865.49,50259.65,0.1339,0.00,0.0000,0.0042,0.0483,,,,,,,
40.4207,8,3,9.4416,49.8617,converged,81865.49,50259.65,0.1339,0.00,0.0000,0.0086,0.0584,,,,,,,
44.3770,8,3,9.9873,54.3644,converged,81865.49,50259.65,0.1339,0.00,0.0000,0.0709,0.0585,,,,,,,
25.2074,10,7,30.8593,56.0663,converged,81865.49,50259.65,0.1339,0.00,0.0000,0.0825,0.2342,0.1400,0.5888,0.1579,0.0335,,,
27.7706,10,4,20.5748,48.3448,converged,81865.49,50259.65,0.1339,0.00,0.0000,0.0458,0.1070,0.0598,,,,,,
51.9233,7,3,11.1844,63.1074,converged,81865.49,50259.65,0.1339,0.00,0.0000,0.1246,0.0504,,,,,,,
35.3816,9,3,10.0812,45.4622,converged,81865.49,50259.65,0.1339,0.00,0.0000,0.0114,0.0405,,,,,,,
47.2176,7,3,8.7026,55.9197,converged,81865.49,50259.65,0.1339,0.00,0.0000,0.0151,0.0946,,,,,,,
25.6808,10,3,10.0471,35.7272,converged,81865.49,50259.65,0.1339,0.00,0.0000,0.0304,0.0491,,,,,,,
42.8220,8,3,11.2632,54.0852,converged,81865.49,50259.65,0.1339,0.00,0.0000,0.0041,0.0318,,,,,,,
24.1974,10,3,14.3653,38.5623,converged,81865.49,50259.65,0.1339,0.00,0.0000,0.0032,0.0320,,,,,,,
53.5247,6,6,29.9582,83.4823,completed,81865.49,50259.65,0.1339,0.00,0.0000,0.1456,0.1397,0.2574,0.2763,1.0310,,,,
21.5837,10,3,15.9952,37.5782,converged,81865.49,50259.65,0.1339,0.00,0.0000,0.0486,0.0850,,,,,,,
35.5547,9,7,23.3602,58.9142,converged,81865.49,50259.65,0.1339,0.00,0.0000,0.0458,0.1167,0.1001,0.3095,0.1172,0.0670,,,
29.5416,10,3,9.5543,39.0954,converged,81865.49,50259.65,0.1339,0.00,0.0000,0.0031,0.0120,,,,,,,
21.7748,10,10,42.4388,64.2129,completed,81865.49,50259.65,0.1339,0.00,0.0000,0.1807,0.5954,2.1497,0.6255,0.5593,5.1347,3.0578,2.7325,2.4569
58.2895,5,5,24.4769,82.7660,completed,81865.49,50259.65,0.1339,0.00,0.0000,0.4876,0.2233,2.9327,2.9786,,,,,
53.1722,6,4,23.0047,76.2001,converged,81865.49,50259.65,0.1339,0.00,0.0000,0.0085,0.1740,0.0816,,,,,,
53.7348,6,6,25.6036,79.3376,completed,81865.49,50259.65,0.1339,0.00,0.0000,0.0930,0.1866,0.2363,0.1301,0.3162,,,,
55.2999,6,4,19.1897,74.4888,converged,81865.49,50259.65,0.1339,0.00,0.0000,0.0554,0.1622,0.0661,,,,,,
41.0213,8,3,14.0397,55.0607,converged,81865.49,50259.65,0.1339,0.00,0.0000,0.0047,0.0470,,,,,,,
33.7290,10,3,14.0762,47.8043,converged,81865.49,50259.65,0.1339,0.00,0.0000,0.0041,0.0095,,,,,,,
32.7716,10,4,15.5127,48.2837,converged,81865.49,50259.65,0.1339,0.00,0.0000,0.0867,0.2148,0.0650,,,,,,
39.1385,9,3,10.3408,49.4788,converged,81865.49,50259.65,0.1339,0.00,0.0000,0.0123,0.0124,,,,,,,
20.2390,10,3,12.5117,32.7497,converged,81865.49,50259.65,0.1339,0.00,0.0000,0.0023,0.0136,,,,,,,
47.0590,7,7,26.1701,73.2292,completed,81865.49,50259.65,0.1339,0.00,0.0000,0.4489,3.4154,4.4869,9.2031,4.9356,4.5316,,,
35.9812,9,9,29.9383,65.9193,completed,81865.49,50259.65,0.1339,0.00,0.0000,0.1668,0.4809,0.2203,0.6706,0.9899,1.6365,2.1141,1.7002,
26.0985,10,6,18.7523,44.8503,converged,81865.49,50259.65,0.1339,0.00,0.0000,0.0662,0.2060,0.2042,0.6399,0.0438,,,,
48.7289,7,5,15.6236,64.3516,converged,81865.49,50259.65,0.1339,0.00,0.0000,0.1131,0.1036,0.4412,0.0972,,,,,
27.2529,10,3,12.7491,40.0011,converged,81865.49,50259.65,0.1339,0.00,0.0000,0.0273,0.0655,,,,,,,
47.2146,7,5,19.8197,67.0337,converged,81865.49,50259.65,0.1339,0.00,0.0000,0.1944,0.4201,0.7630,0.0318,,,,,
51.7721,7,3,10.4283,62.2003,converged,81865.49,50259.65,0.1339,0.00,0.0000,0.0334,0.0318,,,,,,,
51.1716,7,7,29.0649,80.2359,completed,81865.49,50259.65,0.1339,0.00,0.0000,0.1231,0.2656,0.4176,0.5160,1.4934,1.9970,,,
39.9554,9,6,16.7914,56.7464,converged,81865.49,50259.65,0.1339,0.00,0.0000,0.0556,0.1256,0.2421,0.3127,0.0302,,,,
51.0047,7,3,12.4129,63.4170,converged,81865.49,50259.65,0.1339,0.00,0.0000,0.0826,0.0921,,,,,,,
28.6624,10,3,11.7054,40.3675,converged,81865.49,50259.65,0.1339,0.00,0.0000,0.0071,0.0227,,,,,,,
21.6682,10,10,41.4248,63.0928,completed,81865.49,50259.65,0.1339,0.00,0.0000,0.2696,1.1598,6.7244,12.9153,6.8914,3.1776,4.3904,4.9322,4.5730
55.0401,6,6,26.8231,81.8631,completed,81865.49,50259.65,0.1339,0.00,0.0000,0.3404,0.2929,0.8246,0.3979,1.5391,,,,
23.6635,10,10,42.5171,66.1802,completed,81865.49,50259.65,0.1339,0.00,0.0000,0.1027,0.2858,0.2802,0.4833,0.4137,3.3134,3.0443,2.0388,1.8032
29.0207,10,3,9.6958,38.7158,converged,81865.49,50259.65,0.1339,0.00,0.0000,0.0247,0.0476,,,,,,,
41.6508,8,3,14.2042,55.8542,converged,81865.49,50259.65,0.1339,0.00,0.0000,0.0487,0.0507,,,,,,,
54.3990,6,5,19.7553,74.1544,converged,81865.49,50259.65,0.1339,0.00,0.0000,0.1274,0.2534,0.2136,0.0649,,,,,
54.0782,6,3,12.2996,66.3776,converged,81865.49,50259.65,0.1339,0.00,0.0000,0.0779,0.0506,,,,,,,
53.3637,6,3,9.3800,62.7430,converged,81865.49,50259.65,0.1339,0.00,0.0000,0.0971,0.0851,,,,,,,
32.6638,10,6,21.8490,54.5121,converged,81865.49,50259.65,0.1339,0.00,0.0000,0.0602,0.1002,0.1428,0.2953,0.0683,,,,
59.1845,5,5,22.0605,81.2445,completed,81865.49,50259.65,0.1339,0.00,0.0000,0.2784,0.2564,0.1664,0.8076,,,,,
25.8064,10,3,11.5672,37.3732,converged,81865.49,50259.65,0.1339,0.00,0.0000,0.0239,0.0590,,,,,,,
51.0906,7,7,27.5209,78.6110,completed,81865.49,50259.65,0.1339,0.00,0.0000,0.1820,0.5003,0.7114,1.3585,2.6707,2.1633,,,
24.2118,10,10,51.8359,76.0470,completed,81865.49,50259.65,0.1339,0.00,0.0000,0.0586,0.1670,0.1157,0.6645,0.1101,0.2759,0.7966,1.3616,1.6429
59.4961,5,5,19.5876,79.0837,completed,81865.49,50259.65,0.1339,0.00,0.0000,1.9501,12.7776,9.9378,8.1835,,,,,
39.5038,9,9,45.9001,85.4031,completed,81865.49,50259.65,0.1339,0.00,0.0000,0.3091,1.3451,4.4436,0.5191,3.8377,2.9437,3.2980,3.0111,
31.9279,10,7,26.7346,58.6616,converged,81865.49,50259.65,0.1339,0.00,0.0000,0.0956,0.3363,0.3788,0.6537,0.3790,0.0389,,,
25.8701,10,3,9.6610,35.5310,converged,81865.49,50259.65,0.1339,0.00,0.0000,0.0028,0.0114,,,,,,,
43.2185,8,3,9.5699,52.7880,converged,81865.49,50259.65,0.1339,0.00,0.0000,0.0247,0.0713,,,,,,,
27.2598,10,3,12.4436,39.7027,converged,81865.49,50259.65,0.1339,0.00,0.0000,0.0271,0.0538,,,,,,,
37.0317,9,3,9.4847,46.5158,converged,81865.49,50259.65,0.1339,0.00,0.0000,0.0047,0.0242,,,,,,,
54.3391,6,3,8.8395,63.1786,converged,81865.49,50259.65,0.1339,0.00,0.0000,0.1081,0.0440,,,,,,,
28.2850,10,3,11.2874,39.5725,converged,81865.49,50259.65,0.1339,0.00,0.0000,0.0146,0.0142,,,,,,,
52.7117,6,6,22.1750,74.8861,completed,81865.49,50259.65,0.1339,0.00,0.0000,0.1247,0.1037,0.1592,0.7559,2.0961,,,,
55.2524,6,3,11.2258,66.4779,converged,81865.49,50259.65,0.1339,0.00,0.0000,0.1410,0.0699,,,,,,,
45.9765,8,3,10.2532,56.2293,converged,81865.49,50259.65,0.1339,0.00,0.0000,0.0140,0.0634,,,,,,,
48.9091,7,5,17.6523,66.5613,converged,81865.49,50259.65,0.1339,0.00,0.0000,0.0701,0.2316,0.4408,0.0438,,,,,
26.1408,10,3,15.7891,41.9291,converged,81865.49,50259.65,0.1339,0.00,0.0000,0.0077,0.0068,,,,,,,
58.3025,5,5,23.0745,81.3765,completed,81865.49,50259.65,0.1339,0.00,0.0000,0.3314,0.1002,2.2060,2.9393,,,,,
29.1674,10,10,49.4528,78.6198,completed,81865.49,50259.65,0.1339,0.00,0.0000,0.0669,0.1071,0.1436,0.2780,0.1817,1.4195,3.0420,1.9382,1.5899
22.4919,10,3,9.9065,32.3975,converged,81865.49,50259.65,0.1339,0.00,0.0000,0.0077,0.0404,,,,,,,
54.9568,6,6,32.5126,87.4686,completed,81865.49,50259.65,0.1339,0.00,0.0000,0.0178,0.2520,0.1849,0.1292,0.7168,,,,
32.1579,10,10,46.2699,78.4269,completed,81865.49,50259.65,0.1339,0.00,0.0000,0.0771,0.2083,0.2395,0.3594,0.1994,0.1261,0.4776,1.1636,1.5200
39.9492,9,9,43.5449,83.4940,completed,81865.49,50259.65,0.1339,0.00,0.0000,0.2791,1.0371,3.1874,3.4604,5.0126,2.7064,3.3779,3.2084,
36.3312,9,3,18.6255,54.9565,converged,81865.49,50259.65,0.1339,0.00,0.0000,0.0032,0.0210,,,,,,,
48.1529,7,5,21.4821,69.6341,converged,81865.49,50259.65,0.1339,0.00,0.0000,0.0972,0.1404,0.6927,0.0929,,,,,
40.9734,8,8,36.4042,77.3773,completed,81865.49,50259.65,0.1339,0.00,0.0000,0.1224,0.3182,0.1490,0.5368,1.6319,2.4838,1.9476,,
23.9872,10,3,10.4320,34.4190,converged,81865.49,50259.65,0.1339,0.00,0.0000,0.0286,0.0850,,,,,,,
54.8562,6,4,18.3588,73.2148,converged,81865.49,50259.65,0.1339,0.00,0.0000,0.0250,0.2143,0.0986,,,,,,
51.2644,7,3,10.4625,61.7265,converged,81865.49,50259.65,0.1339,0.00,0.0000,0.0349,0.0426,,,,,,,
37.0053,9,4,11.8385,48.8435,converged,81865.49,50259.65,0.1339,0.00,0.0000,0.0904,0.2741,0.0214,,,,,,
57.2222,6,3,12.2841,69.5062,converged,81865.49,50259.65,0.1339,0.00,0.0000,0.1454,0.0915,,,,,,,
27.6289,10,3,10.1481,37.7761,converged,81865.49,50259.65,0.1339,0.00,0.0000,0.0120,0.0056,,,,,,,
24.7821,10,3,12.3844,37.1665,converged,81865.49,50259.65,0.1339,0.00,0.0000,0.0104,0.0166,,,,,,,
50.2505,7,5,17.0322,67.2823,converged,81865.49,50259.65,0.1339,0.00,0.0000,0.0228,0.1060,0.3202,0.0422,,,,,
51.4280,7,7,25.0167,76.4438,completed,81865.49,50259.65,0.1339,0.00,0.0000,0.4108,1.7264,0.3031,4.4789,3.4209,3.1939,,,
31.4127,10,3,9.8224,41.2345,converged,81865.49,50259.65,0.1339,0.00,0.0000,0.0026,0.0163,,,,,,,
31.8274,10,3,11.7799,43.6069,converged,81865.49,50259.65,0.1339,0.00,0.0000,0.0112,0.0265,,,,,,,
49.8998,7,5,17.9722,67.8712,converged,81865.49,50259.65,0.1339,0.00,0.0000,0.0227,0.1114,0.2569,0.0399,,,,,
52.4399,6,6,29.5884,82.0274,completed,81865.49,50259.65,0.1339,0.00,0.0000,0.0945,0.1720,0.2215,0.2977,1.1941,,,,
59.2157,5,4,14.1937,73.4088,converged,81865.49,50259.65,0.1339,0.00,0.0000,0.0072,0.2228,0.0423,,,,,,
40.9029,8,8,36.6690,77.5710,completed,81865.49,50259.65,0.1339,0.00,0.0000,0.2477,0.6950,0.6653,0.3977,1.2841,2.5169,1.8386,,
51.7107,7,5,15.7299,67.4399,converged,81865.49,50259.65,0.1339,0.00,0.0000,0.0411,0.1488,0.1097,0.0358,,,,,
40.4631,8,3,10.0979,50.5609,converged,81865.49,50259.65,0.1339,0.00,0.0000,0.0059,0.0674,,,,,,,
55.4022,6,3,10.5122,65.9142,converged,81865.49,50259.65,0.1339,0.00,0.0000,0.2855,0.0706,,,,,,,
40.4741,8,3,10.9894,51.4634,converged,81865.49,50259.65,0.1339,0.00,0.0000,0.0033,0.0683,,,,,,,
41.7713,8,3,15.2377,57.0087,converged,81865.49,50259.65,0.1339,0.00,0.0000,0.0173,0.0349,,,,,,,
33.0129,10,4,13.6138,46.6258,converged,81865.49,50259.65,0.1339,0.00,0.0000,0.0497,0.1481,0.0233,,,,,,
53.6362,6,6,32.2563,85.8923,completed,81865.49,50259.65,0.1339,0.00,0.0000,0.0942,0.2288,0.1988,0.1107,0.9199,,,,
34.1834,9,3,10.2820,44.4650,converged,81865.49,50259.65,0.1339,0.00,0.0000,0.0050,0.0396,,,,,,,
48.9055,7,3,16.4356,65.3406,converged,81865.49,50259.65,0.1339,0.00,0.0000,0.0593,0.0221,,,,,,,
52.4835,6,6,33.9854,86.4684,completed,81865.49,50259.65,0.1339,0.00,0.0000,0.6097,1.5303,4.3860,4.9487,4.2026,,,,
41.1539,8,3,8.6455,49.7986,converged,81865.49,50259.65,0.1339,0.00,0.0000,0.0223,0.0397,,,,,,,
59.5462,5,4,20.1076,79.6536,converged,81865.49,50259.65,0.1339,0.00,0.0000,0.0119,0.1849,0.0728,,,,,,
47.4044,7,7,26.2402,73.6442,completed,81865.49,50259.65,0.1339,0.00,0.0000,0.2546,0.9098,1.1212,0.1245,0.6097,1.4707,,,
30.2763,10,10,46.5489,76.8249,completed,81865.49,50259.65,0.1339,0.00,0.0000,0.0870,0.2495,0.2240,0.6510,0.1552,0.2138,0.4648,1.3286,1.6235
26.6864,10,3,15.2136,41.8997,converged,81865.49,50259.65,0.1339,0.00,0.0000,0.0044,0.0335,,,,,,,
58.4250,5,4,13.9237,72.3487,converged,81865.49,50259.65,0.1339,0.00,0.0000,0.2321,0.4487,0.0450,,,,,,
21.7114,10,10,42.2809,63.9919,completed,81865.49,50259.65,0.1339,0.00,0.0000,0.1536,0.4730,1.3732,0.6279,0.4269,2.6867,2.4225,1.9984,1.9050
21.1154,10,6,18.0896,39.2047,converged,81865.49,50259.65,0.1339,0.00,0.0000,0.1002,0.1955,0.1362,0.2942,0.0308,,,,
35.5440,9,6,22.4315,57.9745,converged,81865.49,50259.65,0.1339,0.00,0.0000,0.1362,0.3790,0.1050,0.7702,0.0304,,,,
34.4422,9,9,32.5481,66.9901,completed,81865.49,50259.65,0.1339,0.00,0.0000,0.1791,0.6378,1.4709,1.2050,1.8240,2.8468,2.1382,1.9676,
41.4725,8,8,34.4785,75.9506,completed,81865.49,50259.65,0.1339,0.00,0.0000,0.1651,0.7204,0.5190,0.2546,4.2322,2.7954,2.5565,,
23.1510,10,10,42.5242,65.6753,completed,81865.49,50259.65,0.1339,0.00,0.0000,0.0743,0.2460,0.7887,0.3688,0.7938,0.1650,0.3313,0.7395,1.2615
57.7345,6,6,24.5879,82.3220,completed,81865.49,50259.65,0.1339,0.00,0.0000,0.4649,1.6114,0.4730,3.4012,2.8553,,,,
57.1494,6,6,26.3447,83.4938,completed,81865.49,50259.65,0.1339,0.00,0.0000,0.2520,0.3227,0.4822,0.2247,1.2726,,,,
47.6989,7,7,38.0239,85.7220,completed,81865.49,50259.65,0.1339,0.00,0.0000,0.4095,3.9805,4.8410,9.0424,4.5112,4.6972,,,
29.3614,10,3,9.1506,38.5117,converged,81865.49,50259.65,0.1339,0.00,0.0000,0.0194,0.0260,,,,,,,
51.0732,7,7,31.0273,82.1003,completed,81865.49,50259.65,0.1339,0.00,0.0000,0.1445,0.2116,0.7356,0.4049,0.3351,1.3466,,,
27.2102,10,3,11.0415,38.2515,converged,81865.49,50259.65,0.1339,0.00,0.0000,0.0057,0.0032,,,,,,,
53.4255,6,6,21.0397,74.4647,completed,81865.49,50259.65,0.1339,0.00,0.0000,0.4223,0.2656,0.4931,0.2544,1.4264,,,,
23.8251,10,3,17.0482,40.8732,converged,81865.49,50259.65,0.1339,0.00,0.0000,0.0053,0.0197,,,,,,,
42.4543,8,3,11.0255,53.4795,converged,81865.49,50259.65,0.1339,0.00,0.0000,0.0036,0.0546,,,,,,,
31.2773,10,3,11.8888,43.1659,converged,81865.49,50259.65,0.1339,0.00,0.0000,0.0029,0.0156,,,,,,,
24.4893,10,4,12.8658,37.3549,converged,81865.49,50259.65,0.1339,0.00,0.0000,0.0712,0.1869,0.0570,,,,,,
23.1569,10,3,14.4122,37.5682,converged,81865.49,50259.65,0.1339,0.00,0.0000,0.0047,0.0055,,,,,,,
33.4540,10,3,11.9835,45.4366,converged,81865.49,50259.65,0.1339,0.00,0.0000,0.0029,0.0087,,,,,,,
35.2563,9,9,43.0323,78.2883,completed,81865.49,50259.65,0.1339,0.00,0.0000,0.2637,0.7674,0.5316,0.8795,2.2468,3.5972,2.4289,2.1456,
24.9465,10,10,35.8245,60.7706,completed,81865.49,50259.65,0.1339,0.00,0.0000,0.3071,1.0867,3.8818,3.6161,6.5782,4.9821,3.5113,3.5046,3.0470
30.5863,10,3,8.4418,39.0279,converged,81865.49,50259.65,0.1339,0.00,0.0000,0.0119,0.0344,,,,,,,
24.5438,10,10,45.2885,69.8315,completed,81865.49,50259.65,0.1339,0.00,0.0000,0.0858,0.2313,0.1348,0.4609,0.1383,0.3895,0.3872,1.1068,1.4773
55.9409,6,5,18.4501,74.3901,converged,81865.49,50259.65,0.1339,0.00,0.0000,0.0316,0.2969,0.1140,0.0783,,,,,
27.3497,10,3,12.4229,39.7719,converged,81865.49,50259.65,0.1339,0.00,0.0000,0.0166,0.0047,,,,,,,
50.8412,7,5,19.3687,70.2097,converged,81865.49,50259.65,0.1339,0.00,0.0000,0.0260,0.1025,0.1222,0.0453,,,,,
47.9423,7,3,18.0268,65.9688,converged,81865.49,50259.65,0.1339,0.00,0.0000,0.0969,0.0699,,,,,,,
36.1047,9,9,42.6523,78.7564,completed,81865.49,50259.65,0.1339,0.00,0.0000,0.3095,1.4811,5.2874,4.1554,7.2726,3.6090,3.9894,3.3182,
43.5677,8,8,36.2049,79.7719,completed,81865.49,50259.65,0.1339,0.00,0.0000,0.1167,0.4282,0.1658,0.1077,0.5068,1.1992,1.6826,,
37.3246,9,3,13.2271,50.5511,converged,81865.49,50259.65,0.1339,0.00,0.0000,0.0024,0.0079,,,,,,,
52.9480,6,3,13.7742,66.7222,converged,81865.49,50259.65,0.1339,0.00,0.0000,0.1413,0.0734,,,,,,,
38.8872,9,9,41.3927,80.2797,completed,81865.49,50259.65,0.1339,0.00,0.0000,0.2398,0.8583,1.3158,0.5250,2.1549,2.7787,2.1769,2.0685,
33.8603,10,7,27.8651,61.7251,converged,81865.49,50259.65,0.1339,0.00,0.0000,0.1174,0.2976,0.2611,0.7394,0.1737,0.0721,,,
51.5889,7,3,14.7202,66.3082,converged,81865.49,50259.65,0.1339,0.00,0.0000,0.1400,0.0651,,,,,,,
30.4202,10,3,10.0797,40.4997,converged,81865.49,50259.65,0.1339,0.00,0.0000,0.0193,0.0460,,,,,,,
34.1945,9,9,32.4724,66.6664,completed,81865.49,50259.65,0.1339,0.00,0.0000,0.2654,1.1989,3.6099,0.3681,6.2701,3.3933,3.4436,2.9378,
43.8111,8,8,35.0920,78.9031,completed,81865.49,50259.65,0.1339,0.00,0.0000,0.2040,1.0015,1.3090,1.4772,4.8699,3.2158,3.0833,,
53.7298,6,6,26.2069,79.9359,completed,81865.49,50259.65,0.1339,0.00,0.0000,0.1573,0.1461,0.3805,0.5446,1.2870,,,,
50.4654,7,3,9.4967,59.9618,converged,81865.49,50259.65,0.1339,0.00,0.0000,0.0759,0.0208,,,,,,,
44.5747,8,8,51.6951,96.2691,completed,81865.49,50259.65,0.1339,0.00,0.0000,0.2053,0.5530,0.3982,0.3703,0.1323,1.0273,1.7016,,
42.8863,8,6,29.1349,72.0209,converged,81865.49,50259.65,0.1339,0.00,0.0000,0.1190,0.2456,0.4720,0.1654,0.0521,,,,
29.3940,10,3,11.2366,40.6296,converged,81865.49,50259.65,0.1339,0.00,0.0000,0.0161,0.0360,,,,,,,
31.7256,10,3,11.9206,43.6456,converged,81865.49,50259.65,0.1339,0.00,0.0000,0.0114,0.0360,,,,,,,
51.5995,7,7,31.5547,83.1537,completed,81865.49,50259.65,0.1339,0.00,0.0000,0.1055,0.3318,0.6356,0.3224,0.9638,1.9626,,,
44.0949,8,3,14.1004,58.1944,converged,81865.49,50259.65,0.1339,0.00,0.0000,0.0277,0.0157,,,,,,,
44.8315,8,3,15.5275,60.3586,converged,81865.49,50259.65,0.1339,0.00,0.0000,0.0336,0.0480,,,,,,,
22.5279,10,3,14.8620,37.3890,converged,81865.49,50259.65,0.1339,0.00,0.0000,0.0084,0.0334,,,,,,,
23.2674,10,3,11.7967,35.0637,converged,81865.49,50259.65,0.1339,0.00,0.0000,0.0321,0.0655,,,,,,,
38.9248,9,3,10.4949,49.4189,converged,81865.49,50259.65,0.1339,0.00,0.0000,0.0220,0.0180,,,,,,,
42.0403,8,8,30.7436,72.7837,completed,81865.49,50259.65,0.1339,0.00,0.0000,0.1201,0.4100,0.1206,0.5835,0.1802,0.5513,1.2888,,
49.6982,7,5,15.9642,65.6622,converged,81865.49,50259.65,0.1339,0.00,0.0000,0.0051,0.1635,0.1609,0.0510,,,,,
25.4786,10,7,33.1090,58.5871,converged,81865.49,50259.65,0.1339,0.00,0.0000,0.0560,0.1614,0.2441,0.4248,0.2109,0.0793,,,
28.3061,10,3,15.1351,43.4411,converged,81865.49,50259.65,0.1339,0.00,0.0000,0.0157,0.0370,,,,,,,
41.2471,8,3,9.6141,50.8611,converged,81865.49,50259.65,0.1339,0.00,0.0000,0.0139,0.0301,,,,,,,
24.1324,10,3,12.1564,36.2885,converged,81865.49,50259.65,0.1339,0.00,0.0000,0.0095,0.0100,,,,,,,
28.0141,10,3,13.2659,41.2800,converged,81865.49,50259.65,0.1339,0.00,0.0000,0.0026,0.0110,,,,,,,
33.9412,10,3,16.4981,50.4391,converged,81865.49,50259.65,0.1339,0.00,0.0000,0.0101,0.0186,,,,,,,
36.7265,9,3,9.7201,46.4461,converged,81865.49,50259.65,0.1339,0.00,0.0000,0.0269,0.0525,,,,,,,
45.0134,8,8,32.7022,77.7152,completed,81865.49,50259.65,0.1339,0.00,0.0000,0.2750,0.8305,0.2599,0.3082,3.7044,2.9374,2.2492,,
21.5707,10,3,19.2158,40.7859,converged,81865.49,50259.65,0.1339,0.00,0.0000,0.0183,0.0128,,,,,,,
59.2462,5,4,12.4047,71.6508,converged,81865.49,50259.65,0.1339,0.00,0.0000,0.1234,0.3943,0.0617,,,,,,
22.6585,10,6,27.2232,49.8813,converged,81865.49,50259.65,0.1339,0.00,0.0000,0.0733,0.1236,0.1383,0.3237,0.0985,,,,
42.4263,8,6,22.7144,65.1404,converged,81865.49,50259.65,0.1339,0.00,0.0000,0.0710,0.1042,0.3627,0.1582,0.0611,,,,
55.7650,6,4,17.2434,73.0085,converged,81865.49,50259.65,0.1339,0.00,0.0000,0.0319,0.1666,0.0876,,,,,,
33.6623,10,10,42.8609,76.5229,completed,81865.49,50259.65,0.1339,0.00,0.0000,0.1699,0.5758,2.0820,0.6684,1.4656,4.1778,2.8287,2.4992,2.4661
27.0420,10,4,12.5762,39.6182,converged,81865.49,50259.65,0.1339,0.00,0.0000,0.0478,0.1168,0.0353,,,,,,
57.6701,6,3,21.9356,79.6057,converged,81865.49,50259.65,0.1339,0.00,0.0000,0.1976,0.0287,,,,,,,
22.2682,10,3,9.3713,31.6393,converged,81865.49,50259.65,0.1339,0.00,0.0000,0.0424,0.0624,,,,,,,
39.9841,9,3,10.0825,50.0666,converged,81865.49,50259.65,0.1339,0.00,0.0000,0.0067,0.0391,,,,,,,
40.3482,8,8,30.1165,70.4646,completed,81865.49,50259.65,0.1339,0.00,0.0000,0.1219,0.2382,0.5126,0.2007,0.2636,0.8865,1.8025,,
42.2271,8,3,11.4629,53.6899,converged,81865.49,50259.65,0.1339,0.00,0.0000,0.0264,0.0162,,,,,,,
58.4180,5,3,11.2520,69.6690,converged,81865.49,50259.65,0.1339,0.00,0.0000,0.2941,0.0974,,,,,,,
47.2931,7,7,26.4932,73.7862,completed,81865.49,50259.65,0.1339,0.00,0.0000,0.0261,0.1225,0.2366,0.1366,0.4325,1.0969,,,
25.9138,10,3,10.9783,36.8913,converged,81865.49,50259.65,0.1339,0.00,0.0000,0.0431,0.0887,,,,,,,
26.2810,10,10,47.8860,74.1661,completed,81865.49,50259.65,0.1339,0.00,0.0000,0.1640,0.4229,0.4066,0.8774,0.2341,1.0365,1.8408,1.9023,1.5619
38.9486,9,3,11.7384,50.6864,converged,81865.49,50259.65,0.1339,0.00,0.0000,0.0044,0.0307,,,,,,,
59.8530,5,4,14.8395,74.6925,converged,81865.49,50259.65,0.1339,0.00,0.0000,0.0069,0.2774,0.0528,,,,,,
20.3787,10,3,8.3584,28.7364,converged,81865.49,50259.65,0.1339,0.00,0.0000,0.0051,0.0281,,,,,,,
32.6188,10,3,11.9069,44.5250,converged,81865.49,50259.65,0.1339,0.00,0.0000,0.0075,0.0418,,,,,,,
57.7005,6,6,25.2868,82.9868,completed,81865.49,50259.65,0.1339,0.00,0.0000,0.5661,2.4916,0.5318,3.5941,2.9725,,,,
57.0009,6,5,16.1650,73.1650,converged,81865.49,50259.65,0.1339,0.00,0.0000,0.0307,0.1800,0.1077,0.0909,,,,,
35.2262,9,4,13.6987,48.9247,converged,81865.49,50259.65,0.1339,0.00,0.0000,0.0935,0.2550,0.0887,,,,,,
57.3691,6,6,25.1912,82.5602,completed,81865.49,50259.65,0.1339,0.00,0.0000,0.0500,0.3111,0.1600,0.1112,0.8475,,,,
43.2008,8,6,20.5572,63.7572,converged,81865.49,50259.65,0.1339,0.00,0.0000,0.1174,0.3076,0.3754,0.3311,0.0623,,,,
50.1814,7,3,13.1393,63.3203,converged,81865.49,50259.65,0.1339,0.00,0.0000,0.0205,0.0835,,,,,,,
59.6540,5,4,15.5091,75.1621,converged,81865.49,50259.65,0.1339,0.00,0.0000,0.2212,0.5460,0.0437,,,,,,
32.3803,10,3,8.8675,41.2475,converged,81865.49,50259.65,0.1339,0.00,0.0000,0.0321,0.0673,,,,,,,
46.5389,7,3,9.4261,55.9641,converged,81865.49,50259.65,0.1339,0.00,0.0000,0.0694,0.0138,,,,,,,
54.2343,6,6,25.9064,80.1405,completed,81865.49,50259.65,0.1339,0.00,0.0000,0.3906,0.8855,0.8046,0.8005,2.0191,,,,
27.3738,10,3,17.4647,44.8377,converged,81865.49,50259.65,0.1339,0.00,0.0000,0.0100,0.0403,,,,,,,
47.3860,7,7,37.2876,84.6737,completed,81865.49,50259.65,0.1339,0.00,0.0000,0.0041,0.1694,0.1966,0.1089,0.1865,0.8402,,,
59.4486,5,4,16.2023,75.6503,converged,81865.49,50259.65,0.1339,0.00,0.0000,0.2173,0.3348,0.0517,,,,,,
45.7452,8,3,14.0747,59.8198,converged,81865.49,50259.65,0.1339,0.00,0.0000,0.0152,0.0297,,,,,,,
21.2166,10,6,27.1449,48.3609,converged,81865.49,50259.65,0.1339,0.00,0.0000,0.0650,0.1226,0.1601,0.4061,0.0515,,,,
36.8771,9,3,9.8085,46.6856,converged,81865.49,50259.65,0.1339,0.00,0.0000,0.0245,0.0074,,,,,,,
50.4323,7,6,23.7539,74.1859,converged,81865.49,50259.65,0.1339,0.00,0.0000,0.1327,0.2458,0.6257,0.1674,0.0920,,,,
28.4171,10,3,14.3997,42.8167,converged,81865.49,50259.65,0.1339,0.00,0.0000,0.0032,0.0084,,,,,,,
57.4455,6,6,21.6353,79.0803,completed,81865.49,50259.65,0.1339,0.00,0.0000,0.0914,0.2483,0.3242,0.2407,0.8812,,,,
27.2466,10,6,25.3856,52.6316,converged,81865.49,50259.65,0.1339,0.00,0.0000,0.0568,0.1197,0.1015,0.3470,0.0616,,,,
31.0137,10,10,37.2098,68.2228,completed,81865.49,50259.65,0.1339,0.00,0.0000,0.3404,1.1865,4.9121,11.6147,7.5960,3.0630,4.4806,4.4363,3.6555
31.5865,10,3,12.2032,43.7892,converged,81865.49,50259.65,0.1339,0.00,0.0000,0.0352,0.0644,,,,,,,
55.7957,6,3,11.1708,66.9659,converged,81865.49,50259.65,0.1339,0.00,0.0000,0.1132,0.0371,,,,,,,
24.0348,10,3,11.7395,35.7736,converged,81865.49,50259.65,0.1339,0.00,0.0000,0.0137,0.0314,,,,,,,
41.4114,8,3,8.5555,49.9665,converged,81865.49,50259.65,0.1339,0.00,0.0000,0.0031,0.0501,,,,,,,
20.1871,10,4,13.5744,33.7615,converged,81865.49,50259.65,0.1339,0.00,0.0000,0.0636,0.1599,0.0231,,,,,,
42.0013,8,3,10.7617,52.7627,converged,81865.49,50259.65,0.1339,0.00,0.0000,0.0521,0.0154,,,,,,,
47.1331,7,3,10.9819,58.1149,converged,81865.49,50259.65,0.1339,0.00,0.0000,0.0333,0.0983,,,,,,,
55.5154,6,5,22.3594,77.8745,converged,81865.49,50259.65,0.1339,0.00,0.0000,0.0320,0.1956,0.1639,0.0655,,,,,
27.7444,10,10,46.1545,73.8985,completed,81865.49,50259.65,0.1339,0.00,0.0000,0.0721,0.2095,0.1560,0.5781,0.1520,0.2082,0.4411,1.2377,1.6096
47.0233,7,7,27.6422,74.6652,completed,81865.49,50259.65,0.1339,0.00,0.0000,0.1638,0.4220,0.8366,0.3474,1.2503,1.9011,,,
41.0522,8,3,13.8679,54.9200,converged,81865.49,50259.65,0.1339,0.00,0.0000,0.0219,0.0081,,,,,,,
59.0958,5,4,12.6794,71.7744,converged,81865.49,50259.65,0.1339,0.00,0.0000,0.2529,0.4509,0.0347,,,,,,
30.7882,10,4,14.8809,45.6689,converged,81865.49,50259.65,0.1339,0.00,0.0000,0.0845,0.1928,0.0150,,,,,,
36.8488,9,3,13.7734,50.6214,converged,81865.49,50259.65,0.1339,0.00,0.0000,0.0281,0.0473,,,,,,,
23.9038,10,7,20.5888,44.4918,converged,81865.49,50259.65,0.1339,0.00,0.0000,0.1797,0.4917,0.5274,1.1188,0.3306,0.0635,,,
52.0873,6,6,23.6507,75.7377,completed,81865.49,50259.65,0.1339,0.00,0.0000,0.1864,0.2134,0.6024,0.2127,1.1848,,,,
43.8963,8,3,9.7030,53.5991,converged,81865.49,50259.65,0.1339,0.00,0.0000,0.0191,0.0415,,,,,,,
37.1118,9,3,8.4874,45.5984,converged,81865.49,50259.65,0.1339,0.00,0.0000,0.0150,0.0351,,,,,,,
54.8162,6,5,19.7878,74.6038,converged,81865.49,50259.65,0.1339,0.00,0.0000,0.0058,0.2087,0.1430,0.0700,,,,,
59.6322,5,4,13.3505,72.9825,converged,81865.49,50259.65,0.1339,0.00,0.0000,0.2913,0.5826,0.0636,,,,,,
40.9219,8,3,10.4198,51.3408,converged,81865.49,50259.65,0.1339,0.00,0.0000,0.0585,0.0958,,,,,,,
28.0685,10,10,46.5334,74.6015,completed,81865.49,50259.65,0.1339,0.00,0.0000,0.1076,0.3123,0.6791,0.6541,0.4519,0.3185,0.4335,1.1367,1.4716
50.6417,7,3,11.9155,62.5566,converged,81865.49,50259.65,0.1339,0.00,0.0000,0.0354,0.0689,,,,,,,
28.5759,10,3,8.2275,36.8026,converged,81865.49,50259.65,0.1339,0.00,0.0000,0.0077,0.0073,,,,,,,
39.3251,9,3,11.2497,50.5748,converged,81865.49,50259.65,0.1339,0.00,0.0000,0.0312,0.0714,,,,,,,
33.5783,10,4,17.8220,51.4001,converged,81865.49,50259.65,0.1339,0.00,0.0000,0.0666,0.1799,0.0823,,,,,,
32.9987,10,3,9.5978,42.5958,converged,81865.49,50259.65,0.1339,0.00,0.0000,0.0472,0.0883,,,,,,,
33.3175,10,5,19.4733,52.7903,converged,81865.49,50259.65,0.1339,0.00,0.0000,0.0623,0.2018,0.6829,0.0821,,,,,
57.2283,6,6,22.9648,80.1928,completed,81865.49,50259.65,0.1339,0.00,0.0000,0.0140,0.2551,0.1421,0.1182,0.7560,,,,
28.3446,10,10,42.3373,70.6813,completed,81865.49,50259.65,0.1339,0.00,0.0000,0.1449,0.4647,1.2009,0.9057,0.7886,0.2877,0.8531,1.5862,1.4486
42.2072,8,3,11.2826,53.4896,converged,81865.49,50259.65,0.1339,0.00,0.0000,0.0033,0.0346,,,,,,,
33.7920,10,4,13.8141,47.6051,converged,81865.49,50259.65,0.1339,0.00,0.0000,0.0480,0.1130,0.0149,,,,,,
34.2684,9,3,10.2256,44.4937,converged,81865.49,50259.65,0.1339,0.00,0.0000,0.0545,0.0752,,,,,,,
23.8038,10,10,59.3730,83.1761,completed,81865.49,50259.65,0.1339,0.00,0.0000,0.0799,0.2178,0.1381,0.4842,0.1104,0.4266,0.5249,1.5440,1.6728
36.0102,9,3,11.9678,47.9779,converged,81865.49,50259.65,0.1339,0.00,0.0000,0.0231,0.0561,,,,,,,
39.9243,9,3,16.6644,56.5884,converged,81865.49,50259.65,0.1339,0.00,0.0000,0.0101,0.0123,,,,,,,
25.8225,10,3,9.7328,35.5548,converged,81865.49,50259.65,0.1339,0.00,0.0000,0.0111,0.0083,,,,,,,
59.5414,5,5,34.5890,94.1301,completed,81865.49,50259.65,0.1339,0.00,0.0000,0.5366,0.3031,1.8067,2.6661,,,,,
27.9043,10,10,46.7089,74.6130,completed,81865.49,50259.65,0.1339,0.00,0.0000,0.2237,0.6590,1.4186,0.2711,0.8718,5.7353,3.3994,2.9127,2.4690
39.0457,9,3,14.3043,53.3494,converged,81865.49,50259.65,0.1339,0.00,0.0000,0.0367,0.0506,,,,,,,
20.2157,10,3,10.4081,30.6231,converged,81865.49,50259.65,0.1339,0.00,0.0000,0.0058,0.0286,,,,,,,
40.0910,8,3,12.0043,52.0953,converged,81865.49,50259.65,0.1339,0.00,0.0000,0.0031,0.0635,,,,,,,
54.3626,6,6,23.3068,77.6688,completed,81865.49,50259.65,0.1339,0.00,0.0000,0.3337,0.6323,0.4670,0.9498,2.0469,,,,
43.1801,8,3,12.3140,55.4940,converged,81865.49,50259.65,0.1339,0.00,0.0000,0.0385,0.0076,,,,,,,
51.7971,7,3,9.4940,61.2910,converged,81865.49,50259.65,0.1339,0.00,0.0000,0.0233,0.0624,,,,,,,
51.7161,7,7,32.2910,84.0071,completed,81865.49,50259.65,0.1339,0.00,0.0000,0.1521,0.1458,0.5979,0.1864,0.1431,1.0682,,,
51.2113,7,3,11.5743,62.7853,converged,81865.49,50259.65,0.1339,0.00,0.0000,0.0106,0.0650,,,,,,,
30.1128,10,10,49.2752,79.3872,completed,81865.49,50259.65,0.1339,0.00,0.0000,0.0889,0.2615,0.5848,0.6663,0.4637,0.2083,0.2535,0.6701,1.2230
20.9493,10,4,21.1709,42.1199,converged,81865.49,50259.65,0.1339,0.00,0.0000,0.0743,0.2069,0.0606,,,,,,
30.6342,10,3,10.7579,41.3919,converged,81865.49,50259.65,0.1339,0.00,0.0000,0.0022,0.0147,,,,,,,
43.3793,8,3,10.2487,53.6278,converged,81865.49,50259.65,0.1339,0.00,0.0000,0.0045,0.0245,,,,,,,
34.4593,9,9,38.1886,72.6476,completed,81865.49,50259.65,0.1339,0.00,0.0000,0.0831,0.1854,0.1773,0.5389,0.5071,1.0826,2.1330,1.8418,
33.6383,10,6,22.6743,56.3123,converged,81865.49,50259.65,0.1339,0.00,0.0000,0.0781,0.2163,0.2682,0.5753,0.0749,,,,
32.3605,10,3,8.9097,41.2697,converged,81865.49,50259.65,0.1339,0.00,0.0000,0.0236,0.0427,,,,,,,
49.0200,7,7,33.8467,82.8657,completed,81865.49,50259.65,0.1339,0.00,0.0000,0.3487,2.1073,1.4135,7.6170,4.8162,3.9347,,,
41.5210,8,5,17.6250,59.1450,converged,81865.49,50259.65,0.1339,0.00,0.0000,0.0446,0.1363,0.2141,0.0309,,,,,
53.4442,6,6,21.2955,74.7396,completed,81865.49,50259.65,0.1339,0.00,0.0000,0.1484,0.1040,0.3535,0.1039,0.5900,,,,
48.0069,7,7,28.2963,76.3023,completed,81865.49,50259.65,0.1339,0.00,0.0000,0.2151,0.6156,1.0748,0.6572,1.5767,1.9777,,,
29.9507,10,10,38.0116,67.9616,completed,81865.49,50259.65,0.1339,0.00,0.0000,0.1646,0.6108,2.0827,0.2018,1.7445,1.3803,2.4258,1.8177,1.6849
21.9306,10,10,32.1554,54.0855,completed,81865.49,50259.65,0.1339,0.00,0.0000,0.0926,0.2782,0.5348,0.5235,0.1895,1.0601,2.4250,2.0181,1.5006
40.0826,8,8,33.0838,73.1659,completed,81865.49,50259.65,0.1339,0.00,0.0000,0.3419,1.8431,2.6193,1.4370,4.5843,3.4910,3.2237,,
22.7980,10,10,36.9202,59.7173,completed,81865.49,50259.65,0.1339,0.00,0.0000,0.0771,0.2138,0.2205,0.5909,0.1398,0.2145,0.1789,0.9554,1.5063
50.5046,7,3,8.5568,59.0608,converged,81865.49,50259.65,0.1339,0.00,0.0000,0.0635,0.0262,,,,,,,
54.4460,6,5,21.4296,75.8746,converged,81865.49,50259.65,0.1339,0.00,0.0000,0.1011,0.2756,0.2994,0.0865,,,,,
56.2075,6,6,21.5518,77.7588,completed,81865.49,50259.65,0.1339,0.00,0.0000,0.3338,0.3417,0.3554,1.4213,2.1684,,,,
37.5640,9,6,20.4734,58.0364,converged,81865.49,50259.65,0.1339,0.00,0.0000,0.0776,0.2717,0.2806,0.7637,0.0588,,,,
58.4849,5,4,25.1287,83.6127,converged,81865.49,50259.65,0.1339,0.00,0.0000,0.5043,0.8023,0.0972,,,,,,
37.1569,9,3,12.4934,49.6494,converged,81865.49,50259.65,0.1339,0.00,0.0000,0.0170,0.0057,,,,,,,
51.4617,7,3,19.4799,70.9409,converged,81865.49,50259.65,0.1339,0.00,0.0000,0.0854,0.0517,,,,,,,
53.9990,6,4,24.9377,78.9367,converged,81865.49,50259.65,0.1339,0.00,0.0000,0.0173,0.2501,0.0958,,,,,,
32.0338,10,10,49.7088,81.7419,completed,81865.49,50259.65,0.1339,0.00,0.0000,0.1392,0.4876,1.5828,0.8746,1.2346,0.9167,0.8641,1.5456,1.6596
45.1104,8,8,40.4439,85.5540,completed,81865.49,50259.65,0.1339,0.00,0.0000,0.1425,0.3575,0.5447,0.2924,0.1144,0.1834,0.8015,,
30.5982,10,10,37.0618,67.6598,completed,81865.49,50259.65,0.1339,0.00,0.0000,0.1279,0.4741,2.2098,2.1361,2.9177,0.6133,1.9220,1.9198,1.7461
51.4070,7,3,11.4107,62.8178,converged,81865.49,50259.65,0.1339,0.00,0.0000,0.1519,0.0852,,,,,,,
37.1565,9,3,9.1994,46.3554,converged,81865.49,50259.65,0.1339,0.00,0.0000,0.0303,0.0555,,,,,,,
50.1601,7,7,27.4374,77.5975,completed,81865.49,50259.65,0.1339,0.00,0.0000,0.2491,0.8487,0.6707,0.4338,0.2460,1.5823,,,
59.6196,5,5,22.9722,82.5912,completed,81865.49,50259.65,0.1339,0.00,0.0000,0.0550,0.4581,0.1056,1.1094,,,,,
32.8690,10,3,9.6082,42.4773,converged,81865.49,50259.65,0.1339,0.00,0.0000,0.0023,0.0146,,,,,,,
58.7212,5,4,11.7542,70.4752,converged,81865.49,50259.65,0.1339,0.00,0.0000,0.0603,0.3694,0.0516,,,,,,
20.1019,10,3,9.4758,29.5769,converged,81865.49,50259.65,0.1339,0.00,0.0000,0.0330,0.0278,,,,,,,
41.4254,8,3,14.4894,55.9144,converged,81865.49,50259.65,0.1339,0.00,0.0000,0.0563,0.0614,,,,,,,
55.8706,6,3,10.7384,66.6084,converged,81865.49,50259.65,0.1339,0.00,0.0000,0.1388,0.0764,,,,,,,
43.4733,8,6,19.1062,62.5792,converged,81865.49,50259.65,0.1339,0.00,0.0000,0.0968,0.1768,0.4763,0.1109,0.0931,,,,
37.9597,9,3,11.7241,49.6832,converged,81865.49,50259.65,0.1339,0.00,0.0000,0.0308,0.0436,,,,,,,
35.4999,9,9,44.3227,79.8217,completed,81865.49,50259.65,0.1339,0.00,0.0000,0.3946,1.5836,4.0274,2.3922,4.7970,2.8269,3.4315,3.2742,
44.1822,8,3,10.8063,54.9884,converged,81865.49,50259.65,0.1339,0.00,0.0000,0.0182,0.0201,,,,,,,
51.4053,7,3,10.6133,62.0184,converged,81865.49,50259.65,0.1339,0.00,0.0000,0.0259,0.0778,,,,,,,
36.5760,9,3,11.4015,47.9765,converged,81865.49,50259.65,0.1339,0.00,0.0000,0.0285,0.0723,,,,,,,
58.6939,5,4,12.1389,70.8320,converged,81865.49,50259.65,0.1339,0.00,0.0000,0.1586,0.4753,0.0864,,,,,,
50.3027,7,3,9.9697,60.2717,converged,81865.49,50259.65,0.1339,0.00,0.0000,0.0148,0.0875,,,,,,,
24.6448,10,10,33.9682,58.6123,completed,81865.49,50259.65,0.1339,0.00,0.0000,0.1194,0.3959,0.8372,0.6979,0.5533,0.2794,1.2839,1.8489,1.5655
34.4673,9,9,39.4217,73.8887,completed,81865.49,50259.65,0.1339,0.00,0.0000,0.1632,0.6111,1.2536,1.9292,0.4978,0.6241,1.7895,1.6653,
57.7819,6,3,12.1245,69.9056,converged,81865.49,50259.65,0.1339,0.00,0.0000,0.0984,0.0463,,,,,,,
25.5466,10,3,14.7625,40.3086,converged,81865.49,50259.65,0.1339,0.00,0.0000,0.0083,0.0210,,,,,,,
41.6170,8,6,25.6936,67.3096,converged,81865.49,50259.65,0.1339,0.00,0.0000,0.0728,0.2292,0.1489,0.3183,0.0774,,,,
45.8437,8,3,16.1848,62.0278,converged,81865.49,50259.65,0.1339,0.00,0.0000,0.0031,0.0711,,,,,,,
39.0924,9,3,9.5600,48.6520,converged,81865.49,50259.65,0.1339,0.00,0.0000,0.0039,0.0408,,,,,,,
51.7232,7,7,32.5087,84.2317,completed,81865.49,50259.65,0.1339,0.00,0.0000,0.4198,2.7046,0.3577,3.3466,3.1296,3.0546,,,
31.1365,10,3,10.2711,41.4071,converged,81865.49,50259.65,0.1339,0.00,0.0000,0.0045,0.0232,,,,,,,
33.1983,10,4,16.4283,49.6264,converged,81865.49,50259.65,0.1339,0.00,0.0000,0.0710,0.1623,0.0457,,,,,,
23.2468,10,4,14.7932,38.0393,converged,81865.49,50259.65,0.1339,0.00,0.0000,0.0544,0.1158,0.0419,,,,,,
35.9604,9,4,13.2824,49.2424,converged,81865.49,50259.65,0.1339,0.00,0.0000,0.1113,0.2984,0.0737,,,,,,
35.4137,9,3,11.7690,47.1820,converged,81865.49,50259.65,0.1339,0.00,0.0000,0.0167,0.0330,,,,,,,
44.6526,8,3,10.9749,55.6269,converged,81865.49,50259.65,0.1339,0.00,0.0000,0.0155,0.0111,,,,,,,
43.7247,8,3,9.3227,53.0468,converged,81865.49,50259.65,0.1339,0.00,0.0000,0.0168,0.0794,,,,,,,
25.7672,10,4,11.7279,37.4949,converged,81865.49,50259.65,0.1339,0.00,0.0000,0.0384,0.1106,0.0817,,,,,,
45.5239,8,3,9.9638,55.4868,converged,81865.49,50259.65,0.1339,0.00,0.0000,0.0038,0.0607,,,,,,,
20.3887,10,3,9.6688,30.0568,converged,81865.49,50259.65,0.1339,0.00,0.0000,0.0223,0.0251,,,,,,,
22.7309,10,3,9.5039,32.2340,converged,81865.49,50259.65,0.1339,0.00,0.0000,0.0511,0.0954,,,,,,,
35.0465,9,3,10.5298,45.5758,converged,81865.49,50259.65,0.1339,0.00,0.0000,0.0044,0.0386,,,,,,,
29.7347,10,10,54.3889,84.1229,completed,81865.49,50259.65,0.1339,0.00,0.0000,0.0468,0.1228,0.1006,0.3724,0.1261,0.1294,0.1019,0.5888,1.1608
55.1207,6,6,20.9200,76.0401,completed,81865.49,50259.65,0.1339,0.00,0.0000,0.2487,0.6232,0.4961,1.1799,2.1846,,,,
57.3552,6,6,23.0540,80.4091,completed,81865.49,50259.65,0.1339,0.00,0.0000,0.5863,2.4301,0.8057,2.7724,2.5299,,,,
45.7629,8,3,9.8217,55.5838,converged,81865.49,50259.65,0.1339,0.00,0.0000,0.0742,0.0463,,,,,,,
48.2533,7,3,9.6973,57.9503,converged,81865.49,50259.65,0.1339,0.00,0.0000,0.0732,0.0239,,,,,,,
59.0460,5,4,11.8905,70.9355,converged,81865.49,50259.65,0.1339,0.00,0.0000,0.2719,0.2914,0.0846,,,,,,
35.9908,9,9,39.2247,75.2147,completed,81865.49,50259.65,0.1339,0.00,0.0000,0.3874,2.2995,11.8236,11.8563,3.7837,5.0776,5.7320,5.0987,
59.8308,5,4,12.7995,72.6295,converged,81865.49,50259.65,0.1339,0.00,0.0000,0.2087,0.5464,0.0868,,,,,,
41.9044,8,5,15.7653,57.6694,converged,81865.49,50259.65,0.1339,0.00,0.0000,0.0949,0.1095,0.4380,0.0916,,,,,
55.8179,6,3,13.2361,69.0531,converged,81865.49,50259.65,0.1339,0.00,0.0000,0.2059,0.0667,,,,,,,
21.9926,10,3,9.7223,31.7144,converged,81865.49,50259.65,0.1339,0.00,0.0000,0.0052,0.0167,,,,,,,
42.9031,8,3,16.2214,59.1244,converged,81865.49,50259.65,0.1339,0.00,0.0000,0.0521,0.0448,,,,,,,
32.2654,10,3,8.9127,41.1777,converged,81865.49,50259.65,0.1339,0.00,0.0000,0.0072,0.0217,,,,,,,
32.0698,10,3,9.4282,41.4972,converged,81865.49,50259.65,0.1339,0.00,0.0000,0.0096,0.0044,,,,,,,
30.2020,10,6,20.2896,50.4916,converged,81865.49,50259.65,0.1339,0.00,0.0000,0.0437,0.1196,0.1087,0.3692,0.0865,,,,
25.7108,10,10,38.4104,64.1204,completed,81865.49,50259.65,0.1339,0.00,0.0000,0.1159,0.4260,1.4799,0.4556,1.2027,0.9558,1.0506,1.5919,1.6285
26.9562,10,4,11.8528,38.8088,converged,81865.49,50259.65,0.1339,0.00,0.0000,0.1060,0.2511,0.0656,,,,,,
52.6495,6,5,18.8836,71.5326,converged,81865.49,50259.65,0.1339,0.00,0.0000,0.0350,0.1973,0.1610,0.0784,,,,,
53.5074,6,3,8.9840,62.4911,converged,81865.49,50259.65,0.1339,0.00,0.0000,0.1194,0.0554,,,,,,,
58.6030,5,5,20.8721,79.4752,completed,81865.49,50259.65,0.1339,0.00,0.0000,0.1865,0.3207,0.1237,0.2272,,,,,
46.0018,7,3,10.2748,56.2759,converged,81865.49,50259.65,0.1339,0.00,0.0000,0.1268,0.0421,,,,,,,
49.3767,7,5,26.0265,75.4026,converged,81865.49,50259.65,0.1339,0.00,0.0000,0.0203,0.1491,0.1931,0.0554,,,,,
40.9173,8,3,8.7745,49.6916,converged,81865.49,50259.65,0.1339,0.00,0.0000,0.0185,0.0933,,,,,,,
51.6880,7,5,17.3761,69.0642,converged,81865.49,50259.65,0.1339,0.00,0.0000,0.0045,0.1158,0.1745,0.0308,,,,,
54.9421,6,4,12.1307,67.0727,converged,81865.49,50259.65,0.1339,0.00,0.0000,0.0088,0.2384,0.0796,,,,,,
29.9757,10,10,38.5498,68.5249,completed,81865.49,50259.65,0.1339,0.00,0.0000,0.1118,0.4014,0.9424,0.8257,0.4282,0.8836,1.5456,1.6927,1.5774
21.0006,10,3,12.6816,33.6816,converged,81865.49,50259.65,0.1339,0.00,0.0000,0.0067,0.0365,,,,,,,
25.3668,10,10,40.6997,66.0657,completed,81865.49,50259.65,0.1339,0.00,0.0000,0.3995,1.5521,5.6772,7.1388,8.0477,2.7305,3.7729,3.9499,3.3788
25.8439,10,3,10.2046,36.0476,converged,81865.49,50259.65,0.1339,0.00,0.0000,0.0474,0.0865,,,,,,,
35.8507,9,3,10.5818,46.4318,converged,81865.49,50259.65,0.1339,0.00,0.0000,0.0284,0.0143,,,,,,,
52.6511,6,5,14.3019,66.9530,converged,81865.49,50259.65,0.1339,0.00,0.0000,0.0222,0.1375,0.1129,0.0761,,,,,
40.7965,8,3,9.9165,50.7126,converged,81865.49,50259.65,0.1339,0.00,0.0000,0.0395,0.0070,,,,,,,
25.0427,10,10,47.3784,72.4204,completed,81865.49,50259.65,0.1339,0.00,0.0000,0.1785,0.6922,2.4615,0.6204,0.6642,4.3150,2.6120,2.5717,2.3667
32.0509,10,10,42.8180,74.8681,completed,81865.49,50259.65,0.1339,0.00,0.0000,0.0687,0.1666,0.1043,0.4864,0.1978,0.2230,0.6860,1.5617,1.7285
29.9543,10,3,13.9513,43.9053,converged,81865.49,50259.65,0.1339,0.00,0.0000,0.0090,0.0071,,,,,,,
25.2702,10,8,33.8954,59.1655,converged,81865.49,50259.65,0.1339,0.00,0.0000,0.0680,0.1845,0.1731,0.3999,0.1391,0.1003,0.0527,,
40.8326,8,3,20.6487,61.4808,converged,81865.49,50259.65,0.1339,0.00,0.0000,0.0091,0.0643,,,,,,,
54.1186,6,3,16.9005,71.0185,converged,81865.49,50259.65,0.1339,0.00,0.0000,0.1391,0.0395,,,,,,,
30.1458,10,10,50.7362,80.8812,completed,81865.49,50259.65,0.1339,0.00,0.0000,0.0882,0.2800,0.5174,0.5102,0.1441,0.8008,2.0672,1.8186,1.4510
29.1505,10,10,43.3729,72.5230,completed,81865.49,50259.65,0.1339,0.00,0.0000,0.1108,0.2991,0.5805,0.8218,0.3625,0.1024,0.1919,0.5928,1.0165
26.1998,10,10,39.3567,65.5558,completed,81865.49,50259.65,0.1339,0.00,0.0000,0.1423,0.3716,0.5423,0.7244,0.3300,0.1930,0.3036,1.1369,1.5001
39.5575,9,3,13.9848,53.5419,converged,81865.49,50259.65,0.1339,0.00,0.0000,0.0402,0.0593,,,,,,,
30.8488,10,3,12.9684,43.8165,converged,81865.49,50259.65,0.1339,0.00,0.0000,0.0114,0.0372,,,,,,,
47.2509,7,3,15.1928,62.4428,converged,81865.49,50259.65,0.1339,0.00,0.0000,0.0761,0.0302,,,,,,,
56.3199,6,6,22.9502,79.2692,completed,81865.49,50259.65,0.1339,0.00,0.0000,0.0269,0.1875,0.1740,0.1017,0.5491,,,,
24.2747,10,10,46.6368,70.9109,completed,81865.49,50259.65,0.1339,0.00,0.0000,0.0766,0.2285,0.2285,0.3368,0.3143,0.8331,2.3303,2.0085,1.7094
55.1351,6,6,21.1381,76.2732,completed,81865.49,50259.65,0.1339,0.00,0.0000,0.0900,0.2123,0.2520,0.1568,0.8968,,,,
47.8429,7,5,24.9811,72.8231,converged,81865.49,50259.65,0.1339,0.00,0.0000,0.2562,0.7426,1.1536,0.0953,,,,,
49.3417,7,3,17.1653,66.5063,converged,81865.49,50259.65,0.1339,0.00,0.0000,0.0139,0.0187,,,,,,,
39.7669,9,3,11.7650,51.5311,converged,81865.49,50259.65,0.1339,0.00,0.0000,0.0400,0.0450,,,,,,,
40.2076,8,8,37.6306,77.8376,completed,81865.49,50259.65,0.1339,0.00,0.0000,0.0833,0.1226,0.3311,0.1430,0.1230,0.5638,1.3415,,
31.6568,10,3,10.2593,41.9153,converged,81865.49,50259.65,0.1339,0.00,0.0000,0.0195,0.0280,,,,,,,
24.7504,10,3,15.7078,40.4578,converged,81865.49,50259.65,0.1339,0.00,0.0000,0.0252,0.0322,,,,,,,
26.1458,10,3,16.3006,42.4456,converged,81865.49,50259.65,0.1339,0.00,0.0000,0.0091,0.0052,,,,,,,
51.7682,7,3,12.6694,64.4374,converged,81865.49,50259.65,0.1339,0.00,0.0000,0.1281,0.0426,,,,,,,
46.4844,7,3,14.2736,60.7576,converged,81865.49,50259.65,0.1339,0.00,0.0000,0.0580,0.0129,,,,,,,
31.9604,10,10,50.5462,82.5062,completed,81865.49,50259.65,0.1339,0.00,0.0000,0.1245,0.3959,0.8490,1.0468,0.4907,0.2587,0.1649,0.6554,1.2319
44.8848,8,3,15.0985,59.9825,converged,81865.49,50259.65,0.1339,0.00,0.0000,0.0370,0.0116,,,,,,,
27.8163,10,10,41.3017,69.1177,completed,81865.49,50259.65,0.1339,0.00,0.0000,0.1076,0.3084,0.2698,0.7115,0.1217,0.7577,1.4241,1.8641,1.5053
59.5629,5,4,15.9960,75.5580,converged,81865.49,50259.65,0.1339,0.00,0.0000,0.0167,0.2258,0.0407,,,,,,
53.6802,6,3,9.0824,62.7624,converged,81865.49,50259.65,0.1339,0.00,0.0000,0.1770,0.0474,,,,,,,
37.6650,9,4,12.5257,50.1908,converged,81865.49,50259.65,0.1339,0.00,0.0000,0.0955,0.2525,0.0713,,,,,,
44.8021,8,3,19.3231,64.1251,converged,81865.49,50259.65,0.1339,0.00,0.0000,0.0085,0.0234,,,,,,,
58.4861,5,5,19.2777,77.7638,completed,81865.49,50259.65,0.1339,0.00,0.0000,0.3158,0.4375,0.4503,1.6894,,,,,
37.2320,9,3,13.0664,50.2985,converged,81865.49,50259.65,0.1339,0.00,0.0000,0.0178,0.0586,,,,,,,
27.8856,10,3,10.1867,38.0718,converged,81865.49,50259.65,0.1339,0.00,0.0000,0.0235,0.0584,,,,,,,
38.1554,9,3,13.4147,51.5698,converged,81865.49,50259.65,0.1339,0.00,0.0000,0.0111,0.0075,,,,,,,
33.9068,10,4,15.6351,49.5411,converged,81865.49,50259.65,0.1339,0.00,0.0000,0.0520,0.1391,0.0232,,,,,,
22.6916,10,3,10.3844,33.0754,converged,81865.49,50259.65,0.1339,0.00,0.0000,0.0148,0.0590,,,,,,,
47.2719,7,5,17.4553,64.7264,converged,81865.49,50259.65,0.1339,0.00,0.0000,0.0943,0.1490,0.6195,0.0358,,,,,
39.5803,9,4,14.2141,53.7941,converged,81865.49,50259.65,0.1339,0.00,0.0000,0.1752,0.4191,0.0697,,,,,,
50.1480,7,3,9.8473,59.9943,converged,81865.49,50259.65,0.1339,0.00,0.0000,0.0796,0.0697,,,,,,,
53.2325,6,5,20.4943,73.7263,converged,81865.49,50259.65,0.1339,0.00,0.0000,0.0719,0.2630,0.1796,0.0939,,,,,
47.7162,7,5,16.4841,64.2002,converged,81865.49,50259.65,0.1339,0.00,0.0000,0.0421,0.1512,0.2417,0.0347,,,,,
21.9526,10,3,10.1848,32.1369,converged,81865.49,50259.65,0.1339,0.00,0.0000,0.0085,0.0390,,,,,,,
56.3319,6,4,14.7416,71.0726,converged,81865.49,50259.65,0.1339,0.00,0.0000,0.0187,0.2036,0.0961,,,,,,
51.7443,7,7,26.4668,78.2108,completed,81865.49,50259.65,0.1339,0.00,0.0000,0.1552,0.1334,0.6855,0.2382,0.6702,1.4526,,,
30.7753,10,10,39.0216,69.7966,completed,81865.49,50259.65,0.1339,0.00,0.0000,0.1449,0.4840,1.0835,0.7766,1.0492,5.5688,2.8863,2.6284,2.4250
38.9066,9,3,9.9516,48.8577,converged,81865.49,50259.65,0.1339,0.00,0.0000,0.0291,0.0327,,,,,,,
32.4275,10,3,16.2273,48.6543,converged,81865.49,50259.65,0.1339,0.00,0.0000,0.0376,0.0574,,,,,,,
23.9993,10,6,26.6765,50.6756,converged,81865.49,50259.65,0.1339,0.00,0.0000,0.1162,0.2939,0.1632,0.6402,0.0622,,,,
21.8333,10,3,10.9414,32.7744,converged,81865.49,50259.65,0.1339,0.00,0.0000,0.0363,0.0656,,,,,,,
34.6846,9,6,22.5922,57.2763,converged,81865.49,50259.65,0.1339,0.00,0.0000,0.0636,0.1168,0.2360,0.2547,0.0939,,,,
30.9555,10,3,11.5150,42.4700,converged,81865.49,50259.65,0.1339,0.00,0.0000,0.0366,0.0611,,,,,,,
26.2477,10,3,15.9848,42.2319,converged,81865.49,50259.65,0.1339,0.00,0.0000,0.0352,0.0358,,,,,,,
55.4471,6,6,26.5352,81.9822,completed,81865.49,50259.65,0.1339,0.00,0.0000,0.2548,0.2422,0.5809,3.1312,2.6690,,,,
42.3923,8,8,39.8527,82.2447,completed,81865.49,50259.65,0.1339,0.00,0.0000,0.3863,2.1348,3.9997,3.1522,4.8752,4.0206,3.6029,,
25.7475,10,10,38.4902,64.2373,completed,81865.49,50259.65,0.1339,0.00,0.0000,0.0534,0.1565,0.2176,0.5503,0.1812,0.1017,0.1519,0.5750,1.1054
51.3891,7,3,11.3493,62.7383,converged,81865.49,50259.65,0.1339,0.00,0.0000,0.1022,0.0853,,,,,,,
31.6740,10,3,11.8120,43.4860,converged,81865.49,50259.65,0.1339,0.00,0.0000,0.0249,0.0672,,,,,,,
41.6026,8,3,16.7249,58.3269,converged,81865.49,50259.65,0.1339,0.00,0.0000,0.0208,0.0320,,,,,,,
27.0397,10,3,9.7869,36.8259,converged,81865.49,50259.65,0.1339,0.00,0.0000,0.0182,0.0309,,,,,,,
48.6068,7,3,12.3283,60.9344,converged,81865.49,50259.65,0.1339,0.00,0.0000,0.0186,0.0773,,,,,,,
55.2020,6,6,36.2592,91.4612,completed,81865.49,50259.65,0.1339,0.00,0.0000,0.0859,0.1386,0.3197,0.1187,0.5418,,,,
48.3444,7,7,39.2026,87.5466,completed,81865.49,50259.65,0.1339,0.00,0.0000,0.2139,0.6491,1.0954,0.2010,0.2325,0.8668,,,
27.8202,10,4,16.2162,44.0363,converged,81865.49,50259.65,0.1339,0.00,0.0000,0.0598,0.1548,0.0723,,,,,,
59.8754,5,4,18.5976,78.4726,converged,81865.49,50259.65,0.1339,0.00,0.0000,0.0986,0.3555,0.0787,,,,,,
47.0362,7,3,11.4349,58.5555,converged,81865.49,50259.65,0.1339,0.00,0.0000,0.0592,0.0877,,,,,,,
51.1890,7,7,31.4389,82.6279,completed,81865.49,50259.65,0.1339,0.00,0.0000,0.4196,1.7977,1.7136,0.6782,1.7990,2.0564,,,
45.2398,8,8,38.1530,83.3921,completed,81865.49,50259.65,0.1339,0.00,0.0000,0.2032,0.6574,0.1069,0.3547,3.1894,2.7779,2.2240,,
20.4464,10,4,13.3847,33.8307,converged,81865.49,50259.65,0.1339,0.00,0.0000,0.0809,0.1950,0.0782,,,,,,
59.4496,5,5,28.9757,88.4247,completed,81865.49,50259.65,0.1339,0.00,0.0000,2.7298,11.8441,9.2535,7.8837,,,,,
45.1371,8,3,9.6263,54.7633,converged,81865.49,50259.65,0.1339,0.00,0.0000,0.0120,0.0362,,,,,,,
54.4545,6,5,30.5876,85.0417,converged,81865.49,50259.65,0.1339,0.00,0.0000,0.1269,0.1131,0.2738,0.0970,,,,,
49.1123,7,3,10.7500,59.8620,converged,81865.49,50259.65,0.1339,0.00,0.0000,0.0676,0.0633,,,,,,,
26.0990,10,3,9.0679,35.1669,converged,81865.49,50259.65,0.1339,0.00,0.0000,0.0112,0.0368,,,,,,,
57.7766,6,4,14.3405,72.1166,converged,81865.49,50259.65,0.1339,0.00,0.0000,0.0184,0.2013,0.0970,,,,,,
44.1067,8,8,33.6221,77.7282,completed,81865.49,50259.65,0.1339,0.00,0.0000,0.4716,2.8668,10.1606,11.1491,4.1010,5.1255,5.0047,,
49.7607,7,7,29.9058,79.6659,completed,81865.49,50259.65,0.1339,0.00,0.0000,0.2322,0.5939,0.9265,0.1260,0.3527,1.4449,,,
38.9419,9,3,17.8395,56.7806,converged,81865.49,50259.65,0.1339,0.00,0.0000,0.0077,0.0155,,,,,,,
36.2080,9,3,9.5570,45.7651,converged,81865.49,50259.65,0.1339,0.00,0.0000,0.0072,0.0396,,,,,,,
34.5074,9,9,33.2896,67.7967,completed,81865.49,50259.65,0.1339,0.00,0.0000,0.1558,0.5096,0.1835,0.8769,1.0379,2.3130,2.3292,1.8476,
46.5392,7,5,16.0510,62.5901,converged,81865.49,50259.65,0.1339,0.00,0.0000,0.0291,0.1465,0.1585,0.0617,,,,,
55.2327,6,6,23.7170,78.9491,completed,81865.49,50259.65,0.1339,0.00,0.0000,0.0328,0.1882,0.2088,0.3426,1.2197,,,,
48.0504,7,3,8.1536,56.2036,converged,81865.49,50259.65,0.1339,0.00,0.0000,0.0049,0.0981,,,,,,,
47.6579,7,7,33.4749,81.1319,completed,81865.49,50259.65,0.1339,0.00,0.0000,0.1630,0.3098,0.7055,0.8003,1.5432,2.0644,,,
29.6510,10,4,22.0470,51.6971,converged,81865.49,50259.65,0.1339,0.00,0.0000,0.0806,0.1914,0.0486,,,,,,
30.8048,10,4,14.2884,45.0924,converged,81865.49,50259.65,0.1339,0.00,0.0000,0.0524,0.1325,0.0361,,,,,,
36.2482,9,3,10.0996,46.3477,converged,81865.49,50259.65,0.1339,0.00,0.0000,0.0410,0.0841,,,,,,,
37.5762,9,4,14.1332,51.7093,converged,81865.49,50259.65,0.1339,0.00,0.0000,0.0612,0.1670,0.0906,,,,,,
23.4388,10,10,39.5510,62.9891,completed,81865.49,50259.65,0.1339,0.00,0.0000,0.0841,0.2753,0.4693,0.5576,0.1881,0.8552,2.3765,1.9131,1.5132
29.6051,10,3,9.4829,39.0880,converged,81865.49,50259.65,0.1339,0.00,0.0000,0.0457,0.0957,,,,,,,
35.2864,9,3,8.7140,44.0001,converged,81865.49,50259.65,0.1339,0.00,0.0000,0.0304,0.0729,,,,,,,
28.0173,10,3,10.2739,38.2910,converged,81865.49,50259.65,0.1339,0.00,0.0000,0.0068,0.0172,,,,,,,
50.0035,7,5,17.3501,67.3532,converged,81865.49,50259.65,0.1339,0.00,0.0000,0.1595,0.1410,0.6599,0.0689,,,,,
47.2833,7,3,9.4335,56.7165,converged,81865.49,50259.65,0.1339,0.00,0.0000,0.0156,0.0128,,,,,,,
30.3155,10,3,9.3369,39.6520,converged,81865.49,50259.65,0.1339,0.00,0.0000,0.0112,0.0299,,,,,,,
58.1446,5,3,10.2272,68.3712,converged,81865.49,50259.65,0.1339,0.00,0.0000,0.0205,0.0820,,,,,,,
44.4141,8,3,14.6770,59.0911,converged,81865.49,50259.65,0.1339,0.00,0.0000,0.0060,0.0133,,,,,,,
22.5336,10,3,14.5117,37.0448,converged,81865.49,50259.65,0.1339,0.00,0.0000,0.0086,0.0074,,,,,,,
26.9546,10,3,15.4772,42.4313,converged,81865.49,50259.65,0.1339,0.00,0.0000,0.0073,0.0067,,,,,,,
50.6855,7,3,12.0027,62.6877,converged,81865.49,50259.65,0.1339,0.00,0.0000,0.0147,0.0149,,,,,,,
56.5200,6,3,17.0250,73.5441,converged,81865.49,50259.65,0.1339,0.00,0.0000,0.0070,0.0414,,,,,,,
35.9840,9,3,10.3678,46.3508,converged,81865.49,50259.65,0.1339,0.00,0.0000,0.0088,0.0088,,,,,,,
31.1989,10,3,12.1624,43.3604,converged,81865.49,50259.65,0.1339,0.00,0.0000,0.0080,0.0075,,,,,,,
43.0763,8,3,10.8198,53.8958,converged,81865.49,50259.65,0.1339,0.00,0.0000,0.0097,0.0254,,,,,,,
38.8166,9,3,13.5673,52.3834,converged,81865.49,50259.65,0.1339,0.00,0.0000,0.0100,0.0095,,,,,,,
35.9285,9,3,9.7589,45.6869,converged,81865.49,50259.65,0.1339,0.00,0.0000,0.0089,0.0070,,,,,,,
47.7165,7,3,10.2528,57.9689,converged,81865.49,50259.65,0.1339,0.00,0.0000,0.0159,0.0192,,,,,,,
53.6900,6,3,11.6302,65.3203,converged,81865.49,50259.65,0.1339,0.00,0.0000,0.0106,0.0453,,,,,,,
47.5354,7,3,14.4580,61.9930,converged,81865.49,50259.65,0.1339,0.00,0.0000,0.0087,0.0203,,,,,,,
38.4456,9,3,9.6408,48.0859,converged,81865.49,50259.65,0.1339,0.00,0.0000,0.0160,0.0352,,,,,,,
59.0558,5,3,8.7784,67.8334,converged,81865.49,50259.65,0.1339,0.00,0.0000,0.0084,0.0759,,,,,,,
26.6516,10,3,9.0478,35.6989,converged,81865.49,50259.65,0.1339,0.00,0.0000,0.0070,0.0086,,,,,,,
40.5043,8,3,13.4034,53.9074,converged,81865.49,50259.65,0.1339,0.00,0.0000,0.0058,0.0153,,,,,,,
54.1846,6,6,21.4545,75.6386,completed,81865.49,50259.65,0.1339,0.00,0.0000,0.0277,0.2223,0.5682,2.6955,2.6720,,,,
46.7133,7,3,8.4710,55.1841,converged,81865.49,50259.65,0.1339,0.00,0.0000,0.0144,0.0193,,,,,,,
53.9532,6,3,12.8312,66.7842,converged,81865.49,50259.65,0.1339,0.00,0.0000,0.0068,0.0413,,,,,,,
42.3431,8,3,12.4820,54.8250,converged,81865.49,50259.65,0.1339,0.00,0.0000,0.0105,0.0226,,,,,,,
40.3160,8,3,11.4114,51.7274,converged,81865.49,50259.65,0.1339,0.00,0.0000,0.0078,0.0152,,,,,,,
54.7835,6,3,9.9398,64.7228,converged,81865.49,50259.65,0.1339,0.00,0.0000,0.0061,0.0276,,,,,,,
43.9967,8,3,12.8520,56.8480,converged,81865.49,50259.65,0.1339,0.00,0.0000,0.0077,0.0138,,,,,,,
50.3699,7,3,10.7294,61.0984,converged,81865.49,50259.65,0.1339,0.00,0.0000,0.0082,0.0228,,,,,,,
44.9515,8,3,9.1138,54.0648,converged,81865.49,50259.65,0.1339,0.00,0.0000,0.0241,0.0623,,,,,,,
35.3392,9,3,8.3040,43.6431,converged,81865.49,50259.65,0.1339,0.00,0.0000,0.0082,0.0086,,,,,,,
41.0033,8,3,11.5214,52.5244,converged,81865.49,50259.65,0.1339,0.00,0.0000,0.0081,0.0128,,,,,,,
53.5004,6,3,13.1161,66.6162,converged,81865.49,50259.65,0.1339,0.00,0.0000,0.0114,0.0276,,,,,,,
31.3349,10,3,10.9929,42.3269,converged,81865.49,50259.65,0.1339,0.00,0.0000,0.0086,0.0126,,,,,,,
54.9510,6,3,15.0508,70.0018,converged,81865.49,50259.65,0.1339,0.00,0.0000,0.0098,0.0388,,,,,,,
39.5165,9,3,8.8888,48.4049,converged,81865.49,50259.65,0.1339,0.00,0.0000,0.0070,0.0101,,,,,,,
55.5301,6,3,10.8970,66.4271,converged,81865.49,50259.65,0.1339,0.00,0.0000,0.0165,0.0689,,,,,,,
32.2315,10,3,13.6658,45.8968,converged,81865.49,50259.65,0.1339,0.00,0.0000,0.0151,0.0411,,,,,,,
46.4082,7,3,13.8526,60.2607,converged,81865.49,50259.65,0.1339,0.00,0.0000,0.0071,0.0237,,,,,,,
35.8157,9,3,11.1900,47.0051,converged,81865.49,50259.65,0.1339,0.00,0.0000,0.0051,0.0118,,,,,,,
31.8689,10,3,10.1019,41.9699,converged,81865.49,50259.65,0.1339,0.00,0.0000,0.0102,0.0179,,,,,,,
22.5298,10,3,10.8827,33.4118,converged,81865.49,50259.65,0.1339,0.00,0.0000,0.0239,0.0973,,,,,,,
56.6831,6,3,10.2471,66.9301,converged,81865.49,50259.65,0.1339,0.00,0.0000,0.0068,0.0339,,,,,,,
58.2429,5,3,8.4733,66.7153,converged,81865.49,50259.65,0.1339,0.00,0.0000,0.0130,0.0382,,,,,,,
25.2385,10,3,10.2783,35.5163,converged,81865.49,50259.65,0.1339,0.00,0.0000,0.0102,0.0172,,,,,,,
57.5170,6,3,11.1628,68.6789,converged,81865.49,50259.65,0.1339,0.00,0.0000,0.0083,0.0527,,,,,,,
52.6597,6,3,9.5286,62.1876,converged,81865.49,50259.65,0.1339,0.00,0.0000,0.0301,0.0629,,,,,,,
41.8256,8,3,9.6505,51.4755,converged,81865.49,50259.65,0.1339,0.00,0.0000,0.0074,0.0137,,,,,,,
58.1640,5,3,9.6113,67.7744,converged,81865.49,50259.65,0.1339,0.00,0.0000,0.0166,0.0384,,,,,,,
47.2418,7,3,18.1851,65.4261,converged,81865.49,50259.65,0.1339,0.00,0.0000,0.0064,0.0226,,,,,,,
29.6628,10,3,13.4745,43.1365,converged,81865.49,50259.65,0.1339,0.00,0.0000,0.0075,0.0045,,,,,,,
43.8430,8,3,12.1214,55.9644,converged,81865.49,50259.65,0.1339,0.00,0.0000,0.0220,0.0148,,,,,,,
45.6043,8,3,8.9277,54.5317,converged,81865.49,50259.65,0.1339,0.00,0.0000,0.0078,0.0140,,,,,,,
56.3132,6,6,35.0346,91.3477,completed,81865.49,50259.65,0.1339,0.00,0.0000,0.0333,0.3001,1.5562,3.1703,2.6472,,,,
40.1049,8,3,14.5618,54.6659,converged,81865.49,50259.65,0.1339,0.00,0.0000,0.0100,0.0132,,,,,,,
49.3788,7,3,9.1713,58.5493,converged,81865.49,50259.65,0.1339,0.00,0.0000,0.0066,0.0197,,,,,,,
48.7410,7,3,11.1687,59.9097,converged,81865.49,50259.65,0.1339,0.00,0.0000,0.0054,0.0255,,,,,,,
37.9453,9,3,9.7854,47.7304,converged,81865.49,50259.65,0.1339,0.00,0.0000,0.0077,0.0063,,,,,,,
36.7111,9,3,10.4900,47.2011,converged,81865.49,50259.65,0.1339,0.00,0.0000,0.0100,0.0150,,,,,,,
47.5103,7,3,11.2266,58.7367,converged,81865.49,50259.65,0.1339,0.00,0.0000,0.0071,0.0233,,,,,,,
48.5920,7,3,10.3791,58.9701,converged,81865.49,50259.65,0.1339,0.00,0.0000,0.0103,0.0163,,,,,,,
48.8258,7,7,30.8750,79.7000,completed,81865.49,50259.65,0.1339,0.00,0.0000,0.0128,0.4184,2.3551,8.9648,4.6976,4.3564,,,
30.1120,10,3,11.0579,41.1699,converged,81865.49,50259.65,0.1339,0.00,0.0000,0.0112,0.0140,,,,,,,
20.2671,10,3,18.4195,38.6866,converged,81865.49,50259.65,0.1339,0.00,0.0000,0.0060,0.0057,,,,,,,
41.7030,8,3,13.8620,55.5650,converged,81865.49,50259.65,0.1339,0.00,0.0000,0.0085,0.0474,,,,,,,
22.2767,10,3,8.9969,31.2730,converged,81865.49,50259.65,0.1339,0.00,0.0000,0.0087,0.0149,,,,,,,
48.2169,7,3,10.3360,58.5520,converged,81865.49,50259.65,0.1339,0.00,0.0000,0.0116,0.0133,,,,,,,
34.8302,9,3,10.3144,45.1445,converged,81865.49,50259.65,0.1339,0.00,0.0000,0.0065,0.0107,,,,,,,
31.0138,10,3,12.7552,43.7682,converged,81865.49,50259.65,0.1339,0.00,0.0000,0.0073,0.0064,,,,,,,
52.6308,6,6,21.3923,74.0223,completed,81865.49,50259.65,0.1339,0.00,0.0000,0.0274,0.1368,0.2082,0.2682,1.5101,,,,
38.7316,9,3,9.9352,48.6662,converged,81865.49,50259.65,0.1339,0.00,0.0000,0.0057,0.0127,,,,,,,
54.2420,6,3,16.7502,70.9922,converged,81865.49,50259.65,0.1339,0.00,0.0000,0.0108,0.0300,,,,,,,
32.0691,10,3,12.0486,44.1177,converged,81865.49,50259.65,0.1339,0.00,0.0000,0.0092,0.0050,,,,,,,
28.7154,10,3,14.9429,43.6580,converged,81865.49,50259.65,0.1339,0.00,0.0000,0.0065,0.0105,,,,,,,
23.5647,10,3,9.5080,33.0720,converged,81865.49,50259.65,0.1339,0.00,0.0000,0.0102,0.0084,,,,,,,
44.7630,8,3,9.3866,54.1486,converged,81865.49,50259.65,0.1339,0.00,0.0000,0.0090,0.0147,,,,,,,
38.1028,9,3,13.0624,51.1644,converged,81865.49,50259.65,0.1339,0.00,0.0000,0.0089,0.0062,,,,,,,
57.3637,6,3,12.5963,69.9593,converged,81865.49,50259.65,0.1339,0.00,0.0000,0.0164,0.0152,,,,,,,
20.1453,10,3,9.2581,29.4031,converged,81865.49,50259.65,0.1339,0.00,0.0000,0.0061,0.0088,,,,,,,
49.5691,7,3,13.8457,63.4147,converged,81865.49,50259.65,0.1339,0.00,0.0000,0.0105,0.0228,,,,,,,
27.8621,10,3,12.6420,40.5040,converged,81865.49,50259.65,0.1339,0.00,0.0000,0.0083,0.0058,,,,,,,
49.7887,7,3,10.6436,60.4316,converged,81865.49,50259.65,0.1339,0.00,0.0000,0.0078,0.0269,,,,,,,
27.9129,10,3,9.0481,36.9601,converged,81865.49,50259.65,0.1339,0.00,0.0000,0.0078,0.0041,,,,,,,
49.6366,7,3,8.9148,58.5508,converged,81865.49,50259.65,0.1339,0.00,0.0000,0.0086,0.0289,,,,,,,
58.5538,5,3,11.9873,70.5403,converged,81865.49,50259.65,0.1339,0.00,0.0000,0.0152,0.0675,,,,,,,
49.2834,7,3,10.0220,59.3050,converged,81865.49,50259.65,0.1339,0.00,0.0000,0.0159,0.0230,,,,,,,
49.2384,7,7,25.7617,74.9997,completed,81865.49,50259.65,0.1339,0.00,0.0000,0.0253,0.5533,1.9736,8.4502,4.7957,4.2378,,,
42.6425,8,3,9.6479,52.2899,converged,81865.49,50259.65,0.1339,0.00,0.0000,0.0066,0.0127,,,,,,,
56.0487,6,3,10.1662,66.2143,converged,81865.49,50259.65,0.1339,0.00,0.0000,0.0123,0.0425,,,,,,,
29.0260,10,3,15.0811,44.1062,converged,81865.49,50259.65,0.1339,0.00,0.0000,0.0079,0.0085,,,,,,,
31.0118,10,3,18.1448,49.1558,converged,81865.49,50259.65,0.1339,0.00,0.0000,0.0093,0.0112,,,,,,,
22.0971,10,3,15.1883,37.2853,converged,81865.49,50259.65,0.1339,0.00,0.0000,0.0120,0.0157,,,,,,,
33.6373,10,3,8.6982,42.3352,converged,81865.49,50259.65,0.1339,0.00,0.0000,0.0068,0.0064,,,,,,,
47.9470,7,3,9.7830,57.7290,converged,81865.49,50259.65,0.1339,0.00,0.0000,0.0122,0.0127,,,,,,,
54.5637,6,3,11.6354,66.1984,converged,81865.49,50259.65,0.1339,0.00,0.0000,0.0090,0.0305,,,,,,,
53.5789,6,3,12.5579,66.1359,converged,81865.49,50259.65,0.1339,0.00,0.0000,0.0098,0.0328,,,,,,,
48.4089,7,3,14.6823,63.0903,converged,81865.49,50259.65,0.1339,0.00,0.0000,0.0084,0.0179,,,,,,,
45.0774,8,3,14.1761,59.2532,converged,81865.49,50259.65,0.1339,0.00,0.0000,0.0064,0.0143,,,,,,,
44.1404,8,3,11.7032,55.8432,converged,81865.49,50259.65,0.1339,0.00,0.0000,0.0122,0.0085,,,,,,,
51.1435,7,3,13.2370,64.3801,converged,81865.49,50259.65,0.1339,0.00,0.0000,0.0100,0.0194,,,,,,,
45.0258,8,3,8.3792,53.4042,converged,81865.49,50259.65,0.1339,0.00,0.0000,0.0100,0.0168,,,,,,,
29.2995,10,3,11.0265,40.3255,converged,81865.49,50259.65,0.1339,0.00,0.0000,0.0112,0.0252,,,,,,,
29.3515,10,3,10.2199,39.5710,converged,81865.49,50259.65,0.1339,0.00,0.0000,0.0081,0.0049,,,,,,,
40.5388,8,3,14.3872,54.9253,converged,81865.49,50259.65,0.1339,0.00,0.0000,0.0107,0.0076,,,,,,,
52.8580,6,3,10.8002,63.6583,converged,81865.49,50259.65,0.1339,0.00,0.0000,0.0200,0.0253,,,,,,,
53.3206,6,3,9.2222,62.5422,converged,81865.49,50259.65,0.1339,0.00,0.0000,0.0109,0.0881,,,,,,,
32.0861,10,3,12.8050,44.8910,converged,81865.49,50259.65,0.1339,0.00,0.0000,0.0062,0.0105,,,,,,,
21.8051,10,3,9.6530,31.4580,converged,81865.49,50259.65,0.1339,0.00,0.0000,0.0114,0.0176,,,,,,,
23.8967,10,3,9.0273,32.9234,converged,81865.49,50259.65,0.1339,0.00,0.0000,0.0082,0.0045,,,,,,,
30.1304,10,3,12.6905,42.8205,converged,81865.49,50259.65,0.1339,0.00,0.0000,0.0078,0.0043,,,,,,,
38.2678,9,3,11.2230,49.4900,converged,81865.49,50259.65,0.1339,0.00,0.0000,0.0087,0.0076,,,,,,,
40.4529,8,3,9.0560,49.5080,converged,81865.49,50259.65,0.1339,0.00,0.0000,0.0068,0.0101,,,,,,,
35.0503,9,3,8.8476,43.8976,converged,81865.49,50259.65,0.1339,0.00,0.0000,0.0088,0.0069,,,,,,,
42.5971,8,3,11.0051,53.6021,converged,81865.49,50259.65,0.1339,0.00,0.0000,0.0168,0.0714,,,,,,,
20.3404,10,3,12.8870,33.2271,converged,81865.49,50259.65,0.1339,0.00,0.0000,0.0096,0.0093,,,,,,,
38.7123,9,9,39.6508,78.3628,completed,81865.49,50259.65,0.1339,0.00,0.0000,0.0134,0.1040,1.4043,2.9556,4.4016,3.3471,3.1865,2.9964,
30.4346,10,3,9.5702,40.0042,converged,81865.49,50259.65,0.1339,0.00,0.0000,0.0100,0.0062,,,,,,,
36.9632,9,3,10.5021,47.4651,converged,81865.49,50259.65,0.1339,0.00,0.0000,0.0063,0.0129,,,,,,,
24.8743,10,3,9.2006,34.0746,converged,81865.49,50259.65,0.1339,0.00,0.0000,0.0070,0.0074,,,,,,,
34.2695,9,3,9.5922,43.8613,converged,81865.49,50259.65,0.1339,0.00,0.0000,0.0094,0.0057,,,,,,,
48.3464,7,3,10.8474,59.1934,converged,81865.49,50259.65,0.1339,0.00,0.0000,0.0116,0.0172,,,,,,,
45.4480,8,3,9.4064,54.8545,converged,81865.49,50259.65,0.1339,0.00,0.0000,0.0073,0.0120,,,,,,,
33.6980,10,3,10.0228,43.7208,converged,81865.49,50259.65,0.1339,0.00,0.0000,0.0078,0.0060,,,,,,,
25.5262,10,3,9.4214,34.9474,converged,81865.49,50259.65,0.1339,0.00,0.0000,0.0129,0.0038,,,,,,,
29.2658,10,3,16.4471,45.7121,converged,81865.49,50259.65,0.1339,0.00,0.0000,0.0109,0.0293,,,,,,,
22.6271,10,3,11.3146,33.9417,converged,81865.49,50259.65,0.1339,0.00,0.0000,0.0064,0.0069,,,,,,,
38.2682,9,3,9.5727,47.8407,converged,81865.49,50259.65,0.1339,0.00,0.0000,0.0086,0.0098,,,,,,,
23.8182,10,3,9.9732,33.7912,converged,81865.49,50259.65,0.1339,0.00,0.0000,0.0065,0.0281,,,,,,,
20.9925,10,3,9.7989,30.7909,converged,81865.49,50259.65,0.1339,0.00,0.0000,0.0118,0.0149,,,,,,,
51.4273,7,3,11.0340,62.4610,converged,81865.49,50259.65,0.1339,0.00,0.0000,0.0064,0.0233,,,,,,,
57.7530,6,3,13.5050,71.2581,converged,81865.49,50259.65,0.1339,0.00,0.0000,0.0085,0.0421,,,,,,,
38.6943,9,3,16.0381,54.7321,converged,81865.49,50259.65,0.1339,0.00,0.0000,0.0088,0.0258,,,,,,,
37.0603,9,3,8.7061,45.7662,converged,81865.49,50259.65,0.1339,0.00,0.0000,0.0126,0.0496,,,,,,,
47.5103,7,3,10.2366,57.7467,converged,81865.49,50259.65,0.1339,0.00,0.0000,0.0085,0.0190,,,,,,,
51.4147,7,3,12.3355,63.7496,converged,81865.49,50259.65,0.1339,0.00,0.0000,0.0066,0.0241,,,,,,,
50.1505,7,7,28.6802,78.8302,completed,81865.49,50259.65,0.1339,0.00,0.0000,0.0127,0.2813,0.6835,1.9013,3.3061,2.5486,,,
26.4912,10,3,10.7803,37.2713,converged,81865.49,50259.65,0.1339,0.00,0.0000,0.0049,0.0087,,,,,,,
37.0056,9,3,13.3924,50.3974,converged,81865.49,50259.65,0.1339,0.00,0.0000,0.0059,0.0080,,,,,,,
44.6249,8,3,12.6547,57.2787,converged,81865.49,50259.65,0.1339,0.00,0.0000,0.0090,0.0141,,,,,,,
50.3915,7,7,28.1415,78.5326,completed,81865.49,50259.65,0.1339,0.00,0.0000,0.0306,0.1259,0.1154,0.9087,1.7153,1.9816,,,
48.3337,7,3,13.7029,62.0359,converged,81865.49,50259.65,0.1339,0.00,0.0000,0.0113,0.0187,,,,,,,
29.6558,10,3,10.2956,39.9506,converged,81865.49,50259.65,0.1339,0.00,0.0000,0.0090,0.0094,,,,,,,
55.1641,6,3,15.3678,70.5318,converged,81865.49,50259.65,0.1339,0.00,0.0000,0.0183,0.0174,,,,,,,
59.8748,5,3,21.7719,81.6460,converged,81865.49,50259.65,0.1339,0.00,0.0000,0.0141,0.0274,,,,,,,
34.1762,9,3,12.5690,46.7450,converged,81865.49,50259.65,0.1339,0.00,0.0000,0.0060,0.0094,,,,,,,
22.5825,10,3,10.8116,33.3936,converged,81865.49,50259.65,0.1339,0.00,0.0000,0.0059,0.0051,,,,,,,
25.3401,10,3,14.7943,40.1343,converged,81865.49,50259.65,0.1339,0.00,0.0000,0.0043,0.0080,,,,,,,
26.9869,10,3,8.6189,35.6049,converged,81865.49,50259.65,0.1339,0.00,0.0000,0.0121,0.0187,,,,,,,
28.0383,10,3,14.7872,42.8252,converged,81865.49,50259.65,0.1339,0.00,0.0000,0.0122,0.0202,,,,,,,
34.2309,9,3,8.5317,42.7617,converged,81865.49,50259.65,0.1339,0.00,0.0000,0.0108,0.0065,,,,,,,
57.9515,6,3,12.8257,70.7768,converged,81865.49,50259.65,0.1339,0.00,0.0000,0.0069,0.0406,,,,,,,
38.7620,9,3,10.2679,49.0300,converged,81865.49,50259.65,0.1339,0.00,0.0000,0.0122,0.0550,,,,,,,
28.9586,10,3,10.2011,39.1591,converged,81865.49,50259.65,0.1339,0.00,0.0000,0.0087,0.0058,,,,,,,
43.6633,8,3,10.7922,54.4553,converged,81865.49,50259.65,0.1339,0.00,0.0000,0.0056,0.0205,,,,,,,
31.1457,10,3,15.3898,46.5349,converged,81865.49,50259.65,0.1339,0.00,0.0000,0.0070,0.0058,,,,,,,
49.3694,7,3,10.4532,59.8222,converged,81865.49,50259.65,0.1339,0.00,0.0000,0.0126,0.0168,,,,,,,
22.7137,10,3,8.8970,31.6100,converged,81865.49,50259.65,0.1339,0.00,0.0000,0.0082,0.0071,,,,,,,
50.4118,7,7,26.6310,77.0421,completed,81865.49,50259.65,0.1339,0.00,0.0000,0.0214,0.1300,0.6516,1.1624,2.7235,2.3514,,,
47.5805,7,3,14.6332,62.2133,converged,81865.49,50259.65,0.1339,0.00,0.0000,0.0106,0.0207,,,,,,,
44.4461,8,3,12.3281,56.7741,converged,81865.49,50259.65,0.1339,0.00,0.0000,0.0139,0.0089,,,,,,,
42.1873,8,3,9.0162,51.2032,converged,81865.49,50259.65,0.1339,0.00,0.0000,0.0135,0.0236,,,,,,,
57.0504,6,3,11.4401,68.4902,converged,81865.49,50259.65,0.1339,0.00,0.0000,0.0174,0.0228,,,,,,,
33.6350,10,3,8.9590,42.5931,converged,81865.49,50259.65,0.1339,0.00,0.0000,0.0166,0.0188,,,,,,,
47.7391,7,3,10.8977,58.6367,converged,81865.49,50259.65,0.1339,0.00,0.0000,0.0832,0.0537,,,,,,,
23.5612,10,4,16.7060,40.2670,converged,81865.49,50259.65,0.1339,0.00,0.0000,0.0835,0.1938,0.0551,,,,,,
59.3559,5,4,12.5087,71.8637,converged,81865.49,50259.65,0.1339,0.00,0.0000,0.0301,0.2646,0.0742,,,,,,
20.7890,10,3,12.6482,33.4362,converged,81865.49,50259.65,0.1339,0.00,0.0000,0.0085,0.0331,,,,,,,
44.1696,8,3,17.2393,61.4083,converged,81865.49,50259.65,0.1339,0.00,0.0000,0.0755,0.0157,,,,,,,
28.1201,10,4,21.0861,49.2062,converged,81865.49,50259.65,0.1339,0.00,0.0000,0.0647,0.1925,0.0470,,,,,,
50.5904,7,5,21.9772,72.5673,converged,81865.49,50259.65,0.1339,0.00,0.0000,0.0078,0.1136,0.2567,0.0760,,,,,
28.5625,10,3,10.3140,38.8761,converged,81865.49,50259.65,0.1339,0.00,0.0000,0.0200,0.0278,,,,,,,
25.2108,10,3,12.8358,38.0458,converged,81865.49,50259.65,0.1339,0.00,0.0000,0.0030,0.0082,,,,,,,
37.4146,9,6,20.8869,58.3009,converged,81865.49,50259.65,0.1339,0.00,0.0000,0.0835,0.1705,0.2646,0.3778,0.0353,,,,
48.5513,7,3,8.7322,57.2833,converged,81865.49,50259.65,0.1339,0.00,0.0000,0.0722,0.0394,,,,,,,
51.4585,7,3,8.9883,60.4464,converged,81865.49,50259.65,0.1339,0.00,0.0000,0.0614,0.0231,,,,,,,
44.3959,8,3,12.3517,56.7467,converged,81865.49,50259.65,0.1339,0.00,0.0000,0.0562,0.0507,,,,,,,
50.1087,7,5,15.7943,65.9023,converged,81865.49,50259.65,0.1339,0.00,0.0000,0.0129,0.1128,0.2375,0.0551,,,,,
31.3359,10,10,38.1222,69.4572,completed,81865.49,50259.65,0.1339,0.00,0.0000,0.1326,0.4402,1.0276,0.9658,0.6754,0.2913,0.4115,1.3670,1.5858
36.3425,9,3,10.1629,46.5050,converged,81865.49,50259.65,0.1339,0.00,0.0000,0.0253,0.0085,,,,,,,
44.4998,8,3,14.5799,59.0789,converged,81865.49,50259.65,0.1339,0.00,0.0000,0.0061,0.0397,,,,,,,
20.1009,10,3,8.5374,28.6375,converged,81865.49,50259.65,0.1339,0.00,0.0000,0.0027,0.0130,,,,,,,
26.0342,10,4,12.9065,38.9405,converged,81865.49,50259.65,0.1339,0.00,0.0000,0.0737,0.2058,0.0948,,,,,,
32.3933,10,10,55.3665,87.7595,completed,81865.49,50259.65,0.1339,0.00,0.0000,0.0991,0.3027,0.3915,0.6708,0.1804,1.3182,2.6713,1.8188,1.6471
47.4109,7,3,9.0691,56.4791,converged,81865.49,50259.65,0.1339,0.00,0.0000,0.0637,0.0534,,,,,,,
30.3991,10,3,9.7510,40.1500,converged,81865.49,50259.65,0.1339,0.00,0.0000,0.0081,0.0360,,,,,,,
44.8949,8,3,9.7551,54.6491,converged,81865.49,50259.65,0.1339,0.00,0.0000,0.0571,0.0685,,,,,,,
23.8176,10,3,10.0909,33.9080,converged,81865.49,50259.65,0.1339,0.00,0.0000,0.0083,0.0281,,,,,,,
24.6665,10,3,15.8517,40.5178,converged,81865.49,50259.65,0.1339,0.00,0.0000,0.0025,0.0043,,,,,,,
59.0130,5,4,14.3795,73.3916,converged,81865.49,50259.65,0.1339,0.00,0.0000,0.0794,0.3498,0.0569,,,,,,
56.9709,6,6,38.4766,95.4466,completed,81865.49,50259.65,0.1339,0.00,0.0000,1.5389,9.6428,12.3044,6.3871,6.5780,,,,
31.8619,10,3,14.8569,46.7180,converged,81865.49,50259.65,0.1339,0.00,0.0000,0.0317,0.0398,,,,,,,
30.1583,10,3,14.1345,44.2925,converged,81865.49,50259.65,0.1339,0.00,0.0000,0.0036,0.0093,,,,,,,
32.9806,10,10,41.9624,74.9425,completed,81865.49,50259.65,0.1339,0.00,0.0000,0.1956,0.6545,1.0809,0.3966,0.3225,1.5623,2.7300,1.9242,1.7574
51.6308,7,5,16.5706,68.2045,converged,81865.49,50259.65,0.1339,0.00,0.0000,0.2582,0.8547,1.1051,0.0907,,,,,
42.9928,8,6,21.5332,64.6322,converged,81865.49,50259.65,0.1339,0.00,0.0000,0.0704,0.1037,0.3573,0.1516,0.0914,,,,
24.6621,10,3,8.9923,33.6543,converged,81865.49,50259.65,0.1339,0.00,0.0000,0.0068,0.0075,,,,,,,
59.6746,5,4,12.8266,72.5006,converged,81865.49,50259.65,0.1339,0.00,0.0000,0.0113,0.3463,0.0688,,,,,,
27.3494,10,4,14.7263,42.0753,converged,81865.49,50259.65,0.1339,0.00,0.0000,0.0571,0.1368,0.0632,,,,,,
33.9477,10,10,45.7735,79.7206,completed,81865.49,50259.65,0.1339,0.00,0.0000,0.1737,0.5672,1.6939,0.6047,1.2361,0.7832,1.5956,1.7745,1.6726
57.6009,6,4,19.6843,77.2843,converged,81865.49,50259.65,0.1339,0.00,0.0000,0.0156,0.1616,0.0977,,,,,,
42.3458,8,3,12.5620,54.9070,converged,81865.49,50259.65,0.1339,0.00,0.0000,0.0282,0.0250,,,,,,,
24.1174,10,3,10.2546,34.3717,converged,81865.49,50259.65,0.1339,0.00,0.0000,0.0020,0.0088,,,,,,,
45.8389,8,3,11.1205,56.9585,converged,81865.49,50259.65,0.1339,0.00,0.0000,0.0314,0.0235,,,,,,,
57.6136,6,6,34.8534,92.4664,completed,81865.49,50259.65,0.1339,0.00,0.0000,0.0400,0.1644,0.2592,0.1812,0.4531,,,,
34.8850,9,3,13.2944,48.1794,converged,81865.49,50259.65,0.1339,0.00,0.0000,0.0395,0.0182,,,,,,,
57.5588,6,6,24.8969,82.4549,completed,81865.49,50259.65,0.1339,0.00,0.0000,0.1152,0.1871,0.1715,0.2512,1.3099,,,,
25.1622,10,10,50.0955,75.2576,completed,81865.49,50259.65,0.1339,0.00,0.0000,0.3150,1.5488,8.5730,12.7714,5.6186,3.0808,4.2766,4.9373,4.7569
41.5940,8,3,13.2849,54.8789,converged,81865.49,50259.65,0.1339,0.00,0.0000,0.0380,0.0256,,,,,,,
25.9647,10,4,13.0955,39.0596,converged,81865.49,50259.65,0.1339,0.00,0.0000,0.0669,0.1834,0.0936,,,,,,
44.5654,8,3,11.2641,55.8291,converged,81865.49,50259.65,0.1339,0.00,0.0000,0.0413,0.0682,,,,,,,
23.0618,10,3,9.2967,32.3578,converged,81865.49,50259.65,0.1339,0.00,0.0000,0.0067,0.0315,,,,,,,
34.5464,9,3,10.0277,44.5737,converged,81865.49,50259.65,0.1339,0.00,0.0000,0.0430,0.0598,,,,,,,
56.8295,6,5,16.9750,73.8040,converged,81865.49,50259.65,0.1339,0.00,0.0000,0.0103,0.1984,0.1016,0.0584,,,,,
27.9551,10,3,12.3888,40.3438,converged,81865.49,50259.65,0.1339,0.00,0.0000,0.0277,0.0559,,,,,,,
48.3891,7,3,18.4641,66.8531,converged,81865.49,50259.65,0.1339,0.00,0.0000,0.0627,0.0196,,,,,,,
45.1491,8,3,11.6148,56.7639,converged,81865.49,50259.65,0.1339,0.00,0.0000,0.0083,0.0708,,,,,,,
39.9175,9,7,19.8736,59.7907,converged,81865.49,50259.65,0.1339,0.00,0.0000,0.1177,0.2494,0.2663,0.5366,0.2662,0.0995,,,
43.0720,8,5,19.9922,63.0632,converged,81865.49,50259.65,0.1339,0.00,0.0000,0.1299,0.1893,0.4289,0.0570,,,,,
22.6076,10,10,34.2430,56.8501,completed,81865.49,50259.65,0.1339,0.00,0.0000,0.0962,0.3483,0.5876,0.5830,0.2721,0.6852,1.8577,1.8736,1.4939
21.4854,10,3,9.3615,30.8465,converged,81865.49,50259.65,0.1339,0.00,0.0000,0.0353,0.0551,,,,,,,
25.8626,10,4,13.3837,39.2457,converged,81865.49,50259.65,0.1339,0.00,0.0000,0.0534,0.1140,0.0776,,,,,,
39.4642,9,6,30.2108,69.6749,converged,81865.49,50259.65,0.1339,0.00,0.0000,0.1206,0.3441,0.3007,0.9340,0.0781,,,,
58.2228,5,4,15.9711,74.1931,converged,81865.49,50259.65,0.1339,0.00,0.0000,0.0420,0.1708,0.0545,,,,,,
58.9352,5,4,15.6289,74.5639,converged,81865.49,50259.65,0.1339,0.00,0.0000,0.0062,0.4029,0.0327,,,,,,
27.7357,10,3,12.5782,40.3132,converged,81865.49,50259.65,0.1339,0.00,0.0000,0.0402,0.0931,,,,,,,
39.4314,9,3,9.1560,48.5870,converged,81865.49,50259.65,0.1339,0.00,0.0000,0.0261,0.0218,,,,,,,
31.7732,10,10,33.1957,64.9687,completed,81865.49,50259.65,0.1339,0.00,0.0000,0.2132,0.6434,1.3365,0.7974,0.4106,2.7040,2.6412,2.0098,1.8459
43.3025,8,8,32.2182,75.5202,completed,81865.49,50259.65,0.1339,0.00,0.0000,0.1874,0.3045,0.4873,0.1892,0.4279,1.9323,1.8833,,
32.0327,10,4,12.7734,44.8054,converged,81865.49,50259.65,0.1339,0.00,0.0000,0.0937,0.2285,0.0471,,,,,,
50.5164,7,3,12.2949,62.8109,converged,81865.49,50259.65,0.1339,0.00,0.0000,0.0863,0.0482,,,,,,,
38.8498,9,3,8.3244,47.1734,converged,81865.49,50259.65,0.1339,0.00,0.0000,0.0219,0.0059,,,,,,,
39.6573,9,3,9.6622,49.3193,converged,81865.49,50259.65,0.1339,0.00,0.0000,0.0027,0.0249,,,,,,,
59.5849,5,4,13.8184,73.4025,converged,81865.49,50259.65,0.1339,0.00,0.0000,0.0178,0.4023,0.0581,,,,,,
47.2367,7,5,16.6594,63.8954,converged,81865.49,50259.65,0.1339,0.00,0.0000,0.0161,0.1025,0.2037,0.0404,,,,,
54.1219,6,5,19.8233,73.9444,converged,81865.49,50259.65,0.1339,0.00,0.0000,0.0621,0.3220,0.1899,0.0522,,,,,
56.1395,6,5,14.7265,70.8655,converged,81865.49,50259.65,0.1339,0.00,0.0000,0.1616,0.1110,0.4922,0.0744,,,,,
20.2307,10,3,9.9828,30.2128,converged,81865.49,50259.65,0.1339,0.00,0.0000,0.0052,0.0209,,,,,,,
43.8336,8,8,27.9941,71.8271,completed,81865.49,50259.65,0.1339,0.00,0.0000,0.2472,0.7496,0.4175,1.4954,3.7745,2.8450,2.4469,,
42.2892,8,5,18.9003,61.1894,converged,81865.49,50259.65,0.1339,0.00,0.0000,0.0325,0.1052,0.1251,0.0273,,,,,
36.4429,9,3,10.1891,46.6312,converged,81865.49,50259.65,0.1339,0.00,0.0000,0.0320,0.0626,,,,,,,
37.2062,9,9,42.4510,79.6570,completed,81865.49,50259.65,0.1339,0.00,0.0000,0.3374,1.0187,0.9624,1.8219,1.1897,2.6912,2.2022,1.9184,
41.4755,8,8,29.1251,70.6001,completed,81865.49,50259.65,0.1339,0.00,0.0000,0.1489,0.5303,0.2477,0.6286,0.4671,1.7060,1.9717,,
38.9588,9,6,21.4321,60.3901,converged,81865.49,50259.65,0.1339,0.00,0.0000,0.0983,0.1693,0.3103,0.3584,0.0481,,,,
54.6597,6,5,15.9675,70.6265,converged,81865.49,50259.65,0.1339,0.00,0.0000,0.1079,0.1846,0.2827,0.0675,,,,,
58.9773,5,4,12.8930,71.8700,converged,81865.49,50259.65,0.1339,0.00,0.0000,0.0137,0.3325,0.0657,,,,,,
25.1224,10,3,9.6852,34.8072,converged,81865.49,50259.65,0.1339,0.00,0.0000,0.0138,0.0541,,,,,,,
37.2886,9,9,44.4327,81.7208,completed,81865.49,50259.65,0.1339,0.00,0.0000,0.1924,0.6997,1.5161,0.7083,2.2340,3.2130,2.4828,2.3569,
33.0255,10,3,16.4273,49.4523,converged,81865.49,50259.65,0.1339,0.00,0.0000,0.0665,0.0770,,,,,,,
26.6586,10,3,9.2316,35.8897,converged,81865.49,50259.65,0.1339,0.00,0.0000,0.0186,0.0215,,,,,,,
41.5066,8,3,8.9994,50.5054,converged,81865.49,50259.65,0.1339,0.00,0.0000,0.0097,0.0605,,,,,,,
22.7652,10,4,13.9169,36.6820,converged,81865.49,50259.65,0.1339,0.00,0.0000,0.0598,0.1159,0.0376,,,,,,
58.9482,5,5,25.7832,84.7312,completed,81865.49,50259.65,0.1339,0.00,0.0000,0.4043,0.3261,0.9007,2.3530,,,,,
33.6471,10,10,39.2083,72.8554,completed,81865.49,50259.65,0.1339,0.00,0.0000,0.0920,0.2938,0.7393,0.7630,0.5046,0.2506,0.3498,0.6215,1.2481
24.9299,10,4,12.6964,37.6255,converged,81865.49,50259.65,0.1339,0.00,0.0000,0.0564,0.1327,0.0647,,,,,,
25.9435,10,3,14.4441,40.3871,converged,81865.49,50259.65,0.1339,0.00,0.0000,0.0316,0.0648,,,,,,,
40.4130,8,5,19.9461,60.3591,converged,81865.49,50259.65,0.1339,0.00,0.0000,0.0053,0.1053,0.2394,0.0740,,,,,
58.4779,5,4,13.3667,71.8438,converged,81865.49,50259.65,0.1339,0.00,0.0000,0.0520,0.2713,0.0659,,,,,,
42.0918,8,3,11.0751,53.1661,converged,81865.49,50259.65,0.1339,0.00,0.0000,0.0356,0.0123,,,,,,,
38.2285,9,4,19.1755,57.4035,converged,81865.49,50259.65,0.1339,0.00,0.0000,0.0911,0.2688,0.0456,,,,,,
23.2708,10,10,36.9908,60.2609,completed,81865.49,50259.65,0.1339,0.00,0.0000,0.0913,0.2643,0.4438,0.9743,0.1432,0.1080,0.2111,0.5589,1.0043
41.2001,8,3,20.0086,61.2086,converged,81865.49,50259.65,0.1339,0.00,0.0000,0.0054,0.0466,,,,,,,
48.4002,7,3,14.4887,62.8887,converged,81865.49,50259.65,0.1339,0.00,0.0000,0.0996,0.0992,,,,,,,
57.5662,6,5,16.7137,74.2798,converged,81865.49,50259.65,0.1339,0.00,0.0000,0.0351,0.2591,0.1163,0.0542,,,,,
35.9937,9,3,21.4884,57.4815,converged,81865.49,50259.65,0.1339,0.00,0.0000,0.0178,0.0490,,,,,,,
43.3815,8,8,29.9733,73.3544,completed,81865.49,50259.65,0.1339,0.00,0.0000,0.1220,0.3932,0.4290,0.1040,2.2384,2.6773,2.0762,,
25.1158,10,3,10.7127,35.8277,converged,81865.49,50259.65,0.1339,0.00,0.0000,0.0034,0.0037,,,,,,,
48.0871,7,5,21.6426,69.7296,converged,81865.49,50259.65,0.1339,0.00,0.0000,0.0115,0.1622,0.1758,0.0404,,,,,
20.6142,10,3,12.1130,32.7270,converged,81865.49,50259.65,0.1339,0.00,0.0000,0.0128,0.0165,,,,,,,
59.6908,5,5,22.7354,82.4255,completed,81865.49,50259.65,0.1339,0.00,0.0000,0.0832,0.5114,0.1631,0.6542,,,,,
47.9601,7,5,16.1399,64.0999,converged,81865.49,50259.65,0.1339,0.00,0.0000,0.0510,0.1368,0.2541,0.0369,,,,,
48.0840,7,3,13.0080,61.0920,converged,81865.49,50259.65,0.1339,0.00,0.0000,0.0872,0.0686,,,,,,,
37.8569,9,7,21.8774,59.7334,converged,81865.49,50259.65,0.1339,0.00,0.0000,0.1004,0.2658,0.1611,0.5371,0.1232,0.0814,,,
59.0991,5,4,11.9930,71.0920,converged,81865.49,50259.65,0.1339,0.00,0.0000,0.0396,0.3988,0.0733,,,,,,
53.9795,6,6,31.1054,85.0845,completed,81865.49,50259.65,0.1339,0.00,0.0000,0.3498,0.2759,0.3988,0.9367,1.8583,,,,
48.9719,7,5,17.7231,66.6942,converged,81865.49,50259.65,0.1339,0.00,0.0000,0.2309,1.3409,1.1577,0.0706,,,,,
30.2810,10,3,9.7846,40.0646,converged,81865.49,50259.65,0.1339,0.00,0.0000,0.0066,0.0106,,,,,,,
27.9391,10,3,8.5706,36.5097,converged,81865.49,50259.65,0.1339,0.00,0.0000,0.0071,0.0052,,,,,,,
39.7351,9,3,14.9711,54.7061,converged,81865.49,50259.65,0.1339,0.00,0.0000,0.0259,0.0670,,,,,,,
47.3932,7,3,13.0257,60.4187,converged,81865.49,50259.65,0.1339,0.00,0.0000,0.0967,0.0926,,,,,,,
49.1952,7,7,30.6339,79.8289,completed,81865.49,50259.65,0.1339,0.00,0.0000,0.0223,0.1660,0.1668,0.1051,0.2841,1.0208,,,
47.2349,7,3,11.9755,59.2095,converged,81865.49,50259.65,0.1339,0.00,0.0000,0.0888,0.0375,,,,,,,
56.7476,6,4,14.4623,71.2094,converged,81865.49,50259.65,0.1339,0.00,0.0000,0.0629,0.1177,0.0813,,,,,,
38.4620,9,3,11.2668,49.7289,converged,81865.49,50259.65,0.1339,0.00,0.0000,0.0026,0.0524,,,,,,,
24.6458,10,10,44.2344,68.8794,completed,81865.49,50259.65,0.1339,0.00,0.0000,0.1961,0.5447,0.5619,1.1880,0.3564,3.1438,3.2190,2.1573,1.8947
50.5984,7,7,47.8675,98.4656,completed,81865.49,50259.65,0.1339,0.00,0.0000,0.1500,0.1075,0.4760,0.2667,0.7831,1.7524,,,
27.8562,10,4,14.4578,42.3138,converged,81865.49,50259.65,0.1339,0.00,0.0000,0.0459,0.1126,0.0338,,,,,,
47.1621,7,5,25.1345,72.2966,converged,81865.49,50259.65,0.1339,0.00,0.0000,0.0190,0.1048,0.2559,0.0693,,,,,
30.9192,10,10,57.1512,88.0703,completed,81865.49,50259.65,0.1339,0.00,0.0000,0.1919,0.5714,0.7132,1.1144,0.6972,2.5783,2.7472,1.9293,1.8798
42.2929,8,3,10.5873,52.8793,converged,81865.49,50259.65,0.1339,0.00,0.0000,0.0079,0.0689,,,,,,,
31.0985,10,7,33.5186,64.6167,converged,81865.49,50259.65,0.1339,0.00,0.0000,0.2536,0.9480,2.3837,0.8213,1.6104,0.0842,,,
22.5932,10,3,11.9610,34.5540,converged,81865.49,50259.65,0.1339,0.00,0.0000,0.0188,0.0289,,,,,,,
20.5749,10,4,11.8055,32.3795,converged,81865.49,50259.65,0.1339,0.00,0.0000,0.0542,0.1369,0.0288,,,,,,
20.1656,10,3,8.5777,28.7427,converged,81865.49,50259.65,0.1339,0.00,0.0000,0.0165,0.0064,,,,,,,
35.6548,9,9,41.5726,77.2267,completed,81865.49,50259.65,0.1339,0.00,0.0000,0.1634,0.5665,0.7129,0.8314,2.8673,4.2211,2.9026,2.3526,
35.1878,9,3,11.7763,46.9634,converged,81865.49,50259.65,0.1339,0.00,0.0000,0.0383,0.0243,,,,,,,
28.7751,10,10,36.2748,65.0498,completed,81865.49,50259.65,0.1339,0.00,0.0000,0.0576,0.1808,0.2360,0.5682,0.1581,0.1366,0.1390,0.8486,1.4815
29.7090,10,7,24.5743,54.2833,converged,81865.49,50259.65,0.1339,0.00,0.0000,0.1243,0.3506,0.5970,0.9526,0.4177,0.0735,,,
33.7373,10,3,8.4389,42.1759,converged,81865.49,50259.65,0.1339,0.00,0.0000,0.0529,0.0789,,,,,,,
22.8261,10,3,9.5343,32.3604,converged,81865.49,50259.65,0.1339,0.00,0.0000,0.0360,0.0442,,,,,,,
53.1957,6,3,14.3614,67.5564,converged,81865.49,50259.65,0.1339,0.00,0.0000,0.1378,0.0706,,,,,,,
48.0250,7,3,16.6320,64.6570,converged,81865.49,50259.65,0.1339,0.00,0.0000,0.1052,0.0202,,,,,,,
42.0795,8,8,34.9124,76.9914,completed,81865.49,50259.65,0.1339,0.00,0.0000,0.3000,1.0587,0.2346,0.4158,2.7856,2.7031,2.2201,,
58.3795,5,4,20.2854,78.6644,converged,81865.49,50259.65,0.1339,0.00,0.0000,0.0264,0.3535,0.0626,,,,,,
38.9834,9,9,31.7327,70.7157,completed,81865.49,50259.65,0.1339,0.00,0.0000,0.1380,0.4342,0.2769,1.1244,0.1055,0.2459,0.8673,1.5126,
35.9098,9,6,30.5555,66.4646,converged,81865.49,50259.65,0.1339,0.00,0.0000,0.0822,0.2656,0.1222,0.6286,0.0490,,,,
35.8182,9,4,20.7088,56.5268,converged,81865.49,50259.65,0.1339,0.00,0.0000,0.0374,0.1154,0.0971,,,,,,
42.2831,8,3,16.3825,58.6655,converged,81865.49,50259.65,0.1339,0.00,0.0000,0.0279,0.0524,,,,,,,
49.2078,7,7,27.0061,76.2131,completed,81865.49,50259.65,0.1339,0.00,0.0000,0.5106,2.4382,1.3337,5.4164,3.8602,3.8079,,,
34.3744,9,3,10.3298,44.7038,converged,81865.49,50259.65,0.1339,0.00,0.0000,0.0212,0.0208,,,,,,,
58.6533,5,5,24.7120,83.3650,completed,81865.49,50259.65,0.1339,0.00,0.0000,0.6117,0.6980,0.9548,2.2888,,,,,
25.8758,10,6,24.2509,50.1259,converged,81865.49,50259.65,0.1339,0.00,0.0000,0.0953,0.2824,0.2488,0.5592,0.0757,,,,
49.3308,7,5,20.5578,69.8879,converged,81865.49,50259.65,0.1339,0.00,0.0000,0.2242,0.4046,0.9560,0.0909,,,,,
59.9886,5,4,25.4951,85.4831,converged,81865.49,50259.65,0.1339,0.00,0.0000,0.0081,0.2799,0.0437,,,,,,
37.9590,9,6,26.2442,64.2023,converged,81865.49,50259.65,0.1339,0.00,0.0000,0.0632,0.1325,0.1395,0.3019,0.0478,,,,
47.9655,7,3,15.1968,63.1619,converged,81865.49,50259.65,0.1339,0.00,0.0000,0.0190,0.0705,,,,,,,
35.0616,9,3,11.6617,46.7227,converged,81865.49,50259.65,0.1339,0.00,0.0000,0.0089,0.0179,,,,,,,
54.3845,6,3,12.4021,66.7861,converged,81865.49,50259.65,0.1339,0.00,0.0000,0.0931,0.0216,,,,,,,
49.4763,7,5,19.7920,69.2681,converged,81865.49,50259.65,0.1339,0.00,0.0000,0.0242,0.1428,0.1795,0.0543,,,,,
26.2182,10,3,9.1151,35.3331,converged,81865.49,50259.65,0.1339,0.00,0.0000,0.0063,0.0053,,,,,,,
25.2414,10,3,10.2535,35.4945,converged,81865.49,50259.65,0.1339,0.00,0.0000,0.0278,0.0869,,,,,,,
44.4561,8,8,33.6413,78.0973,completed,81865.49,50259.65,0.1339,0.00,0.0000,0.3021,1.5611,1.3589,2.1700,1.0844,2.1183,1.8271,,
20.7846,10,4,20.0848,40.8689,converged,81865.49,50259.65,0.1339,0.00,0.0000,0.0587,0.1598,0.0927,,,,,,
22.4382,10,6,31.0260,53.4641,converged,81865.49,50259.65,0.1339,0.00,0.0000,0.0659,0.1521,0.1055,0.5149,0.0794,,,,
55.6186,6,5,16.0564,71.6744,converged,81865.49,50259.65,0.1339,0.00,0.0000,0.0650,0.2292,0.1624,0.0705,,,,,
32.7260,10,4,19.2256,51.9516,converged,81865.49,50259.65,0.1339,0.00,0.0000,0.1075,0.2714,0.0182,,,,,,
24.4752,10,3,15.3277,39.8027,converged,81865.49,50259.65,0.1339,0.00,0.0000,0.0018,0.0090,,,,,,,
25.1360,10,10,53.2424,78.3774,completed,81865.49,50259.65,0.1339,0.00,0.0000,0.0657,0.1968,0.2826,0.5500,0.2606,1.0648,1.7146,1.8709,1.5831
49.9301,7,7,27.8902,77.8203,completed,81865.49,50259.65,0.1339,0.00,0.0000,0.5561,2.7604,0.6861,1.9639,2.8781,2.6079,,,
57.3027,6,6,21.1051,78.4071,completed,81865.49,50259.65,0.1339,0.00,0.0000,0.2206,0.1111,0.5916,0.1266,0.6616,,,,
37.0702,9,4,14.6907,51.7607,converged,81865.49,50259.65,0.1339,0.00,0.0000,0.1046,0.3362,0.0390,,,,,,
51.1595,7,5,16.2802,67.4392,converged,81865.49,50259.65,0.1339,0.00,0.0000,0.1780,0.1862,0.5162,0.0606,,,,,
45.6291,8,8,32.9516,78.5806,completed,81865.49,50259.65,0.1339,0.00,0.0000,0.1322,0.2363,0.3675,0.1559,1.2878,2.4256,1.9100,,
31.2478,10,4,14.6299,45.8769,converged,81865.49,50259.65,0.1339,0.00,0.0000,0.0427,0.1169,0.0173,,,,,,
31.0037,10,3,12.5161,43.5191,converged,81865.49,50259.65,0.1339,0.00,0.0000,0.0209,0.0658,,,,,,,
29.7694,10,3,9.6628,39.4318,converged,81865.49,50259.65,0.1339,0.00,0.0000,0.0077,0.0382,,,,,,,
59.5765,5,4,17.0913,76.6674,converged,81865.49,50259.65,0.1339,0.00,0.0000,0.0991,0.3256,0.0730,,,,,,
53.9875,6,5,27.4757,81.4628,converged,81865.49,50259.65,0.1339,0.00,0.0000,0.1321,0.1978,0.2338,0.0882,,,,,
37.9987,9,3,11.7739,49.7719,converged,81865.49,50259.65,0.1339,0.00,0.0000,0.0108,0.0079,,,,,,,
37.7532,9,9,35.1983,72.9513,completed,81865.49,50259.65,0.1339,0.00,0.0000,0.0940,0.2319,0.1550,0.4521,0.3224,0.1024,0.9175,1.5382,
34.5016,9,9,50.4069,84.9079,completed,81865.49,50259.65,0.1339,0.00,0.0000,0.1718,0.4942,0.5471,0.8526,0.3862,1.6388,2.0479,1.6612,
43.1143,8,3,9.8695,52.9835,converged,81865.49,50259.65,0.1339,0.00,0.0000,0.0259,0.0511,,,,,,,
28.9749,10,10,41.1507,70.1247,completed,81865.49,50259.65,0.1339,0.00,0.0000,0.1118,0.3933,0.7726,1.0308,0.3431,0.3650,1.0467,1.8599,1.5245
44.3151,8,8,49.2393,93.5544,completed,81865.49,50259.65,0.1339,0.00,0.0000,0.2893,1.3940,2.9758,2.2580,5.1248,3.7393,3.4223,,
32.4149,10,10,38.4010,70.8151,completed,81865.49,50259.65,0.1339,0.00,0.0000,0.2001,0.6676,1.7371,1.1678,0.8411,1.7184,2.2945,1.7208,1.8032
40.9438,8,3,9.8153,50.7583,converged,81865.49,50259.65,0.1339,0.00,0.0000,0.0344,0.0095,,,,,,,
48.9711,7,5,28.4148,77.3859,converged,81865.49,50259.65,0.1339,0.00,0.0000,0.2082,0.2850,0.8803,0.0904,,,,,
33.6984,10,3,20.3237,54.0218,converged,81865.49,50259.65,0.1339,0.00,0.0000,0.0414,0.0600,,,,,,,
28.4780,10,10,42.3948,70.8728,completed,81865.49,50259.65,0.1339,0.00,0.0000,0.1057,0.2879,0.4388,0.5077,0.4199,0.4329,1.1361,1.7936,1.5424
27.8801,10,10,42.2368,70.1168,completed,81865.49,50259.65,0.1339,0.00,0.0000,0.1636,0.4978,0.8396,0.6951,0.2340,2.3124,2.7209,1.9635,1.8464
26.9869,10,10,40.8145,67.8006,completed,81865.49,50259.65,0.1339,0.00,0.0000,0.1237,0.4076,0.7120,0.8928,0.2890,0.8482,1.6219,1.8730,1.4996
46.1904,7,5,15.1459,61.3359,converged,81865.49,50259.65,0.1339,0.00,0.0000,0.0051,0.1436,0.1499,0.0483,,,,,
48.3035,7,7,32.6956,80.9987,completed,81865.49,50259.65,0.1339,0.00,0.0000,0.4051,1.3232,0.3896,3.2056,3.2746,2.7296,,,
31.0433,10,4,14.2735,45.3165,converged,81865.49,50259.65,0.1339,0.00,0.0000,0.0432,0.1016,0.0805,,,,,,
40.1010,8,3,11.7808,51.8808,converged,81865.49,50259.65,0.1339,0.00,0.0000,0.0066,0.0265,,,,,,,
28.1414,10,4,18.0186,46.1596,converged,81865.49,50259.65,0.1339,0.00,0.0000,0.0749,0.1882,0.0351,,,,,,
58.8738,5,4,24.1546,83.0276,converged,81865.49,50259.65,0.1339,0.00,0.0000,0.0883,0.4521,0.0854,,,,,,
26.7620,10,6,28.4963,55.2584,converged,81865.49,50259.65,0.1339,0.00,0.0000,0.0615,0.1327,0.1171,0.3803,0.0298,,,,
53.8387,6,4,16.7284,70.5664,converged,81865.49,50259.65,0.1339,0.00,0.0000,0.0282,0.1761,0.0691,,,,,,
53.4015,6,5,28.6580,82.0590,converged,81865.49,50259.65,0.1339,0.00,0.0000,0.1007,0.2594,0.2019,0.0529,,,,,
55.4967,6,3,12.5365,68.0325,converged,81865.49,50259.65,0.1339,0.00,0.0000,0.1251,0.0218,,,,,,,
55.1580,6,6,21.9452,77.1022,completed,81865.49,50259.65,0.1339,0.00,0.0000,0.3025,0.5342,0.7570,0.4713,1.8417,,,,
45.8122,8,8,35.1956,81.0076,completed,81865.49,50259.65,0.1339,0.00,0.0000,0.1061,0.2003,0.5169,0.1249,0.2757,0.9247,1.6062,,
36.2991,9,3,10.6771,46.9762,converged,81865.49,50259.65,0.1339,0.00,0.0000,0.0101,0.0430,,,,,,,
25.0931,10,3,8.5004,33.5934,converged,81865.49,50259.65,0.1339,0.00,0.0000,0.0075,0.0104,,,,,,,
22.6040,10,3,13.2368,35.8408,converged,81865.49,50259.65,0.1339,0.00,0.0000,0.0236,0.0502,,,,,,,
49.9261,7,7,30.9417,80.8677,completed,81865.49,50259.65,0.1339,0.00,0.0000,0.2755,0.6399,0.9260,0.2771,0.1649,0.6619,,,
45.8892,8,8,33.3289,79.2179,completed,81865.49,50259.65,0.1339,0.00,0.0000,0.0686,0.1137,0.4061,0.1346,0.1157,0.4001,1.0495,,
39.0486,9,6,19.9091,58.9572,converged,81865.49,50259.65,0.1339,0.00,0.0000,0.1199,0.4115,0.2439,0.8529,0.0679,,,,
59.2268,5,4,21.7532,80.9792,converged,81865.49,50259.65,0.1339,0.00,0.0000,0.0261,0.3108,0.0311,,,,,,
48.7437,7,7,28.7614,77.5044,completed,81865.49,50259.65,0.1339,0.00,0.0000,0.2433,0.4013,0.9502,0.1351,0.9530,1.7233,,,
36.2323,9,3,14.2169,50.4489,converged,81865.49,50259.65,0.1339,0.00,0.0000,0.0163,0.0230,,,,,,,
53.5734,6,3,9.7348,63.3078,converged,81865.49,50259.65,0.1339,0.00,0.0000,0.1900,0.0547,,,,,,,
43.6669,8,3,10.8778,54.5438,converged,81865.49,50259.65,0.1339,0.00,0.0000,0.0574,0.0933,,,,,,,
44.7066,8,8,26.0205,70.7266,completed,81865.49,50259.65,0.1339,0.00,0.0000,0.0981,0.1416,0.4115,0.2071,0.1044,0.9104,1.6412,,
25.0298,10,10,40.5010,65.5301,completed,81865.49,50259.65,0.1339,0.00,0.0000,0.0789,0.2078,0.2192,0.6480,0.1477,0.1318,0.1234,0.5980,1.1323
50.3295,7,5,15.4871,65.8162,converged,81865.49,50259.65,0.1339,0.00,0.0000,0.0124,0.1130,0.2093,0.0447,,,,,
45.5504,8,8,28.0509,73.6009,completed,81865.49,50259.65,0.1339,0.00,0.0000,0.1253,0.2915,0.4197,0.2056,0.1344,0.8907,1.6397,,
20.9113,10,3,10.1229,31.0339,converged,81865.49,50259.65,0.1339,0.00,0.0000,0.0048,0.0243,,,,,,,
53.3121,6,5,16.4329,69.7449,converged,81865.49,50259.65,0.1339,0.00,0.0000,0.0062,0.1274,0.1262,0.0845,,,,,
37.2400,9,3,8.9165,46.1555,converged,81865.49,50259.65,0.1339,0.00,0.0000,0.0488,0.0514,,,,,,,
50.7005,7,7,24.2362,74.9362,completed,81865.49,50259.65,0.1339,0.00,0.0000,0.1133,0.1492,0.6744,0.3267,1.2216,1.9864,,,
39.4210,9,3,10.1436,49.5646,converged,81865.49,50259.65,0.1339,0.00,0.0000,0.0059,0.0417,,,,,,,
23.9263,10,3,9.9212,33.8473,converged,81865.49,50259.65,0.1339,0.00,0.0000,0.0145,0.0414,,,,,,,
30.9638,10,10,43.8992,74.8623,completed,81865.49,50259.65,0.1339,0.00,0.0000,0.1253,0.4337,1.4470,0.1701,0.6367,2.8644,2.9523,2.0976,1.7977
55.1594,6,3,10.6204,65.7794,converged,81865.49,50259.65,0.1339,0.00,0.0000,0.1315,0.0964,,,,,,,
53.3560,6,6,32.6964,86.0525,completed,81865.49,50259.65,0.1339,0.00,0.0000,0.2903,0.3705,0.6228,0.7564,1.8764,,,,
22.3862,10,3,9.3195,31.7055,converged,81865.49,50259.65,0.1339,0.00,0.0000,0.0110,0.0165,,,,,,,
44.2136,8,8,28.9138,73.1268,completed,81865.49,50259.65,0.1339,0.00,0.0000,0.1205,0.4070,0.3491,0.4485,0.2665,0.7790,1.6023,,
44.5617,8,8,31.2038,75.7648,completed,81865.49,50259.65,0.1339,0.00,0.0000,0.1099,0.2893,0.5124,0.3095,0.1007,0.3346,0.9057,,
51.3894,7,7,46.3250,97.7141,completed,81865.49,50259.65,0.1339,0.00,0.0000,0.3195,1.5900,0.8785,0.2402,1.5658,1.9038,,,
50.7416,7,7,32.3505,83.0916,completed,81865.49,50259.65,0.1339,0.00,0.0000,0.2360,1.0951,1.2595,0.2116,0.1922,0.8765,,,
56.0237,6,6,24.5124,80.5354,completed,81865.49,50259.65,0.1339,0.00,0.0000,0.0495,0.1367,0.1779,0.2110,0.2369,,,,
30.7268,10,7,25.2006,55.9266,converged,81865.49,50259.65,0.1339,0.00,0.0000,0.1545,0.4516,0.6551,1.0375,0.3743,0.0556,,,
59.2249,5,5,17.6426,76.8666,completed,81865.49,50259.65,0.1339,0.00,0.0000,0.8000,1.7250,5.9775,4.4443,,,,,
33.1982,10,10,32.0602,65.2582,completed,81865.49,50259.65,0.1339,0.00,0.0000,0.1553,0.5059,1.3187,0.4753,0.6664,1.8385,2.6489,1.9279,1.7776
47.4620,7,7,28.6368,76.0989,completed,81865.49,50259.65,0.1339,0.00,0.0000,0.7847,8.5334,15.4514,6.1273,7.3077,6.8036,,,
59.4922,5,3,11.6957,71.1877,converged,81865.49,50259.65,0.1339,0.00,0.0000,0.4883,0.0512,,,,,,,
58.6798,5,4,18.3918,77.0708,converged,81865.49,50259.65,0.1339,0.00,0.0000,0.0311,0.3736,0.0575,,,,,,
35.0061,9,3,13.4224,48.4284,converged,81865.49,50259.65,0.1339,0.00,0.0000,0.0354,0.0511,,,,,,,
25.2695,10,3,10.3239,35.5930,converged,81865.49,50259.65,0.1339,0.00,0.0000,0.0147,0.0263,,,,,,,
28.3211,10,4,17.7197,46.0407,converged,81865.49,50259.65,0.1339,0.00,0.0000,0.0490,0.1171,0.0241,,,,,,
22.8954,10,3,9.8270,32.7220,converged,81865.49,50259.65,0.1339,0.00,0.0000,0.0296,0.0283,,,,,,,
45.1251,8,8,36.2310,81.3561,completed,81865.49,50259.65,0.1339,0.00,0.0000,0.3192,1.6103,1.7402,0.5993,4.9562,3.1100,3.1665,,
28.4532,10,10,34.4279,62.8809,completed,81865.49,50259.65,0.1339,0.00,0.0000,0.2481,0.8851,3.1032,3.5325,6.9806,3.7682,3.4561,3.3502,2.6795
55.8599,6,5,16.3293,72.1884,converged,81865.49,50259.65,0.1339,0.00,0.0000,0.0051,0.2107,0.1098,0.0869,,,,,
59.7391,5,4,14.4251,74.1641,converged,81865.49,50259.65,0.1339,0.00,0.0000,0.0334,0.2380,0.0537,,,,,,
58.6789,5,4,11.5912,70.2692,converged,81865.49,50259.65,0.1339,0.00,0.0000,0.0353,0.2928,0.0403,,,,,,
54.5781,6,5,20.5773,75.1554,converged,81865.49,50259.65,0.1339,0.00,0.0000,0.0247,0.2264,0.1661,0.0602,,,,,
44.4256,8,3,9.5982,54.0232,converged,81865.49,50259.65,0.1339,0.00,0.0000,0.0044,0.0930,,,,,,,
52.1585,6,6,21.0081,73.1661,completed,81865.49,50259.65,0.1339,0.00,0.0000,0.0568,0.1399,0.2340,0.1178,0.6840,,,,
34.2813,9,4,20.2425,54.5236,converged,81865.49,50259.65,0.1339,0.00,0.0000,0.0815,0.2144,0.0505,,,,,,
40.8254,8,3,9.9229,50.7480,converged,81865.49,50259.65,0.1339,0.00,0.0000,0.0027,0.0493,,,,,,,
35.6304,9,3,9.3298,44.9598,converged,81865.49,50259.65,0.1339,0.00,0.0000,0.0288,0.0288,,,,,,,
53.5498,6,6,20.2165,73.7655,completed,81865.49,50259.65,0.1339,0.00,0.0000,0.9151,6.1172,7.7734,4.2165,4.8485,,,,
35.3561,9,3,11.3138,46.6698,converged,81865.49,50259.65,0.1339,0.00,0.0000,0.0245,0.0100,,,,,,,
34.1302,9,3,11.5062,45.6362,converged,81865.49,50259.65,0.1339,0.00,0.0000,0.0033,0.0550,,,,,,,
58.8089,5,4,13.6982,72.5063,converged,81865.49,50259.65,0.1339,0.00,0.0000,0.0478,0.2882,0.0488,,,,,,
23.7587,10,3,8.3795,32.1376,converged,81865.49,50259.65,0.1339,0.00,0.0000,0.0058,0.0072,,,,,,,
32.6909,10,10,41.6431,74.3331,completed,81865.49,50259.65,0.1339,0.00,0.0000,0.1817,0.6257,1.0827,1.4015,0.2285,0.6989,1.9197,1.7731,1.5679
48.7549,7,7,26.2931,75.0471,completed,81865.49,50259.65,0.1339,0.00,0.0000,0.1387,0.1731,0.5318,0.1386,0.9427,1.7981,,,
48.9978,7,3,9.0706,58.0676,converged,81865.49,50259.65,0.1339,0.00,0.0000,0.0651,0.0230,,,,,,,
29.2474,10,4,21.6701,50.9171,converged,81865.49,50259.65,0.1339,0.00,0.0000,0.0697,0.1696,0.0668,,,,,,
39.1949,9,9,41.0639,80.2580,completed,81865.49,50259.65,0.1339,0.00,0.0000,0.2753,1.0234,2.1717,2.0878,0.4629,1.1088,2.0095,1.8341,
52.9418,6,5,17.8568,70.7978,converged,81865.49,50259.65,0.1339,0.00,0.0000,0.0046,0.2178,0.1185,0.0737,,,,,
35.3579,9,9,46.8572,82.2142,completed,81865.49,50259.65,0.1339,0.00,0.0000,0.1831,0.8358,3.4818,2.4402,0.2978,2.0657,2.0684,2.0590,
20.5551,10,3,13.9199,34.4749,converged,81865.49,50259.65,0.1339,0.00,0.0000,0.0094,0.0244,,,,,,,
31.8163,10,10,55.1840,87.0000,completed,81865.49,50259.65,0.1339,0.00,0.0000,0.1058,0.2989,0.3283,0.5921,0.3045,0.1314,0.2250,1.0530,1.5288
52.5042,6,5,28.2147,80.7188,converged,81865.49,50259.65,0.1339,0.00,0.0000,0.0093,0.1990,0.1137,0.0625,,,,,
46.9443,7,5,26.8170,73.7610,converged,81865.49,50259.65,0.1339,0.00,0.0000,0.0904,0.1099,0.5299,0.0467,,,,,
20.4927,10,10,42.0501,62.5421,completed,81865.49,50259.65,0.1339,0.00,0.0000,0.0387,0.1781,0.1712,0.7767,0.2777,0.3352,0.2448,0.7844,1.3690
51.2435,7,5,21.8841,73.1272,converged,81865.49,50259.65,0.1339,0.00,0.0000,0.0428,0.1479,0.3425,0.0867,,,,,
41.8905,8,8,47.5473,89.4373,completed,81865.49,50259.65,0.1339,0.00,0.0000,0.2011,0.7212,0.5201,0.5535,0.4785,1.6203,1.9531,,
52.0786,6,4,12.1494,64.2274,converged,81865.49,50259.65,0.1339,0.00,0.0000,0.0492,0.1640,0.0683,,,,,,
35.4906,9,6,25.2026,60.6927,converged,81865.49,50259.65,0.1339,0.00,0.0000,0.0865,0.2040,0.1609,0.4499,0.0514,,,,
36.0906,9,9,42.4540,78.5440,completed,81865.49,50259.65,0.1339,0.00,0.0000,0.2218,0.8937,1.0769,1.8041,0.1761,0.5970,1.5426,1.6049,
55.4225,6,4,12.1702,67.5923,converged,81865.49,50259.65,0.1339,0.00,0.0000,0.0466,0.2025,0.0844,,,,,,
42.8656,8,3,9.0079,51.8729,converged,81865.49,50259.65,0.1339,0.00,0.0000,0.0474,0.0120,,,,,,,
20.2594,10,3,8.4329,28.6920,converged,81865.49,50259.65,0.1339,0.00,0.0000,0.0171,0.0389,,,,,,,
52.2879,6,6,34.2975,86.5846,completed,81865.49,50259.65,0.1339,0.00,0.0000,0.1272,0.1693,0.1529,0.3051,0.9724,,,,
52.3982,6,5,17.5044,69.9025,converged,81865.49,50259.65,0.1339,0.00,0.0000,0.0099,0.1797,0.1001,0.0686,,,,,
35.6109,9,4,15.8399,51.4499,converged,81865.49,50259.65,0.1339,0.00,0.0000,0.1030,0.2956,0.0637,,,,,,
38.2964,9,3,14.4090,52.7051,converged,81865.49,50259.65,0.1339,0.00,0.0000,0.0492,0.0969,,,,,,,
20.5205,10,3,11.4206,31.9406,converged,81865.49,50259.65,0.1339,0.00,0.0000,0.0410,0.0577,,,,,,,
28.0258,10,3,12.1225,40.1475,converged,81865.49,50259.65,0.1339,0.00,0.0000,0.0253,0.0530,,,,,,,
52.0806,6,6,20.4539,72.5339,completed,81865.49,50259.65,0.1339,0.00,0.0000,0.0466,0.2051,0.2175,0.1404,0.4446,,,,
46.2496,7,5,15.2847,61.5337,converged,81865.49,50259.65,0.1339,0.00,0.0000,0.1227,0.1837,0.5051,0.0510,,,,,
31.4820,10,10,43.3883,74.8693,completed,81865.49,50259.65,0.1339,0.00,0.0000,0.2627,0.9372,2.9835,0.2033,1.3314,2.6035,2.3690,2.2614,2.3179
24.2936,10,4,13.0482,37.3413,converged,81865.49,50259.65,0.1339,0.00,0.0000,0.0603,0.1335,0.0816,,,,,,
59.4882,5,4,12.1248,71.6128,converged,81865.49,50259.65,0.1339,0.00,0.0000,0.1073,0.4371,0.0625,,,,,,
46.6772,7,3,14.3728,61.0499,converged,81865.49,50259.65,0.1339,0.00,0.0000,0.0493,0.0543,,,,,,,
48.4182,7,7,29.4116,77.8296,completed,81865.49,50259.65,0.1339,0.00,0.0000,0.0247,0.1562,0.2848,0.1123,0.3409,1.2474,,,
41.7113,8,8,28.5829,70.2940,completed,81865.49,50259.65,0.1339,0.00,0.0000,0.0973,0.2052,0.5106,0.2132,0.4498,1.0071,1.7564,,
54.7932,6,5,26.4257,81.2187,converged,81865.49,50259.65,0.1339,0.00,0.0000,0.0589,0.3215,0.2319,0.0960,,,,,
57.1442,6,3,14.2370,71.3810,converged,81865.49,50259.65,0.1339,0.00,0.0000,0.2673,0.0772,,,,,,,
31.2291,10,3,18.2465,49.4755,converged,81865.49,50259.65,0.1339,0.00,0.0000,0.0286,0.0419,,,,,,,
44.3522,8,6,24.2551,68.6071,converged,81865.49,50259.65,0.1339,0.00,0.0000,0.0789,0.1418,0.2901,0.2858,0.0722,,,,
31.9508,10,4,18.0376,49.9876,converged,81865.49,50259.65,0.1339,0.00,0.0000,0.0555,0.1331,0.0159,,,,,,
27.9785,10,4,21.4983,49.4763,converged,81865.49,50259.65,0.1339,0.00,0.0000,0.0551,0.1277,0.0250,,,,,,
33.2963,10,3,10.4820,43.7781,converged,81865.49,50259.65,0.1339,0.00,0.0000,0.0378,0.0883,,,,,,,
40.8998,8,6,23.9956,64.8947,converged,81865.49,50259.65,0.1339,0.00,0.0000,0.0627,0.1194,0.4198,0.1598,0.0701,,,,
39.0522,9,4,12.5876,51.6397,converged,81865.49,50259.65,0.1339,0.00,0.0000,0.1182,0.3123,0.0666,,,,,,
25.0646,10,10,39.7616,64.8256,completed,81865.49,50259.65,0.1339,0.00,0.0000,0.0962,0.2769,0.2981,0.7374,0.2822,0.2927,0.4363,1.1968,1.6360
44.3388,8,8,36.3373,80.6754,completed,81865.49,50259.65,0.1339,0.00,0.0000,0.1325,0.4107,0.2718,0.1204,1.9654,2.6263,1.9651,,
38.8853,9,3,9.6015,48.4865,converged,81865.49,50259.65,0.1339,0.00,0.0000,0.0100,0.0141,,,,,,,
20.1538,10,6,17.8268,37.9798,converged,81865.49,50259.65,0.1339,0.00,0.0000,0.0720,0.1446,0.1193,0.3108,0.0304,,,,
55.7025,6,5,14.6129,70.3149,converged,81865.49,50259.65,0.1339,0.00,0.0000,0.0249,0.2091,0.1198,0.0686,,,,,
55.5803,6,4,18.6923,74.2723,converged,81865.49,50259.65,0.1339,0.00,0.0000,0.0106,0.2246,0.0921,,,,,,
40.7610,8,3,11.3313,52.0913,converged,81865.49,50259.65,0.1339,0.00,0.0000,0.0028,0.0454,,,,,,,
50.0322,7,7,28.1380,78.1700,completed,81865.49,50259.65,0.1339,0.00,0.0000,0.1309,0.2072,0.6701,0.3858,1.0557,1.9533,,,
47.8682,7,3,9.6465,57.5145,converged,81865.49,50259.65,0.1339,0.00,0.0000,0.0809,0.0113,,,,,,,
41.9467,8,3,15.4869,57.4348,converged,81865.49,50259.65,0.1339,0.00,0.0000,0.0302,0.0133,,,,,,,
56.3575,6,3,14.4916,70.8487,converged,81865.49,50259.65,0.1339,0.00,0.0000,0.1801,0.0427,,,,,,,
48.7221,7,5,15.6543,64.3763,converged,81865.49,50259.65,0.1339,0.00,0.0000,0.0171,0.1187,0.1744,0.0414,,,,,
46.1958,7,3,9.7040,55.8990,converged,81865.49,50259.65,0.1339,0.00,0.0000,0.0150,0.0940,,,,,,,
23.1245,10,4,21.4491,44.5731,converged,81865.49,50259.65,0.1339,0.00,0.0000,0.0847,0.2921,0.0394,,,,,,
54.9196,6,6,25.5031,80.4221,completed,81865.49,50259.65,0.1339,0.00,0.0000,0.1153,0.1526,0.2203,0.1934,0.9763,,,,
36.7894,9,6,21.1950,57.9840,converged,81865.49,50259.65,0.1339,0.00,0.0000,0.1205,0.2023,0.3864,0.3559,0.0820,,,,
51.2412,7,7,34.2482,85.4893,completed,81865.49,50259.65,0.1339,0.00,0.0000,0.2431,0.3032,0.9845,0.1696,0.1963,0.9714,,,
42.7873,8,8,26.5775,69.3646,completed,81865.49,50259.65,0.1339,0.00,0.0000,0.2488,1.1507,2.4918,1.6158,2.5672,2.4411,2.2214,,
42.7292,8,4,12.4758,55.2048,converged,81865.49,50259.65,0.1339,0.00,0.0000,0.1748,0.5630,0.0978,,,,,,
20.4146,10,3,12.4235,32.8376,converged,81865.49,50259.65,0.1339,0.00,0.0000,0.0352,0.0875,,,,,,,
53.2985,6,6,23.2074,76.5054,completed,81865.49,50259.65,0.1339,0.00,0.0000,0.0216,0.1091,0.1300,0.1192,0.1342,,,,
40.6245,8,6,18.6097,59.2337,converged,81865.49,50259.65,0.1339,0.00,0.0000,0.0920,0.1328,0.3322,0.1781,0.0831,,,,
37.6359,9,3,8.7530,46.3881,converged,81865.49,50259.65,0.1339,0.00,0.0000,0.0404,0.0638,,,,,,,
33.0673,10,3,9.9685,43.0356,converged,81865.49,50259.65,0.1339,0.00,0.0000,0.0055,0.0125,,,,,,,
59.4963,5,4,12.8697,72.3658,converged,81865.49,50259.65,0.1339,0.00,0.0000,0.4257,0.5479,0.0665,,,,,,
33.1381,10,4,17.1891,50.3272,converged,81865.49,50259.65,0.1339,0.00,0.0000,0.0572,0.1060,0.0666,,,,,,
37.9834,9,3,11.9916,49.9746,converged,81865.49,50259.65,0.1339,0.00,0.0000,0.0057,0.0405,,,,,,,
