jitter_ms,planned_steps,actual_steps,denoise_ms,total_cycle_ms,stop_reason,ego_x,ego_y,ego_yaw,ego_vx,delta_0,delta_1,delta_2,delta_3,delta_4,delta_5,delta_6,delta_7,delta_8,delta_9
35.4642,9,9,36.9171,72.3811,completed,81408.29,49939.31,0.7254,6.80,0.0000,0.7282,1.2218,0.9952,1.0353,3.1178,7.1680,8.0963,6.3902,
20.8568,10,5,77.5790,98.4351,deadline,81410.02,49940.85,0.7353,7.20,0.0000,0.2745,0.5673,0.3998,0.8033,,,,,
57.2275,6,6,41.1351,98.3622,completed,81410.02,49940.85,0.7353,7.20,0.0000,1.0365,1.6942,0.8682,5.3512,9.6609,,,,
43.5786,8,8,31.3091,74.8872,completed,81412.03,49942.66,0.7373,7.54,0.0000,0.2291,0.1281,0.3355,0.9355,4.6134,8.8907,7.9910,,
50.0407,7,7,42.9331,92.9732,completed,81412.03,49942.66,0.7373,7.54,0.0000,0.1932,0.5760,1.7033,1.5745,6.6163,7.8292,,,
20.1516,10,10,48.6313,68.7824,completed,81413.85,49944.30,0.7338,7.91,0.0000,0.0550,0.2608,0.2542,0.8370,1.6719,3.2956,6.1829,8.0417,6.6814
39.6350,9,9,48.1318,87.7669,completed,81413.85,49944.30,0.7338,7.91,0.0000,0.1444,0.5347,0.9246,1.5450,4.8245,8.4581,9.4713,7.1945,
56.3051,6,6,22.8285,79.1335,completed,81415.58,49945.86,0.7329,8.21,0.0000,0.1350,1.6207,3.4914,8.5135,11.4990,,,,
28.5064,10,10,47.0543,75.5603,completed,81415.58,49945.86,0.7329,8.21,0.0000,0.0939,0.2829,0.1447,0.6351,1.0393,4.1430,6.7073,8.4237,6.9457
57.7701,6,6,23.3682,81.1382,completed,81417.44,49947.52,0.7330,8.42,0.0000,0.2756,1.7079,4.1011,9.0858,11.2085,,,,
42.9440,8,8,36.7021,79.6461,completed,81417.44,49947.52,0.7330,8.42,0.0000,0.1781,0.8534,1.7832,4.5897,7.8787,10.6808,8.6782,,
40.1245,8,8,28.0079,68.1320,completed,81419.31,49949.21,0.7356,8.55,0.0000,0.2160,0.2592,0.1847,1.4426,4.2547,8.6726,9.6034,,
25.8566,10,4,13.9012,39.7572,converged,81419.31,49949.21,0.7356,8.55,0.0000,0.0503,0.1613,0.0754,,,,,,
41.7415,8,3,10.7948,52.5358,converged,81420.80,49950.56,0.7327,8.60,0.0000,0.1956,0.0446,,,,,,,
33.0609,10,4,17.1695,50.2295,converged,81420.80,49950.56,0.7327,8.60,0.0000,0.0207,0.1499,0.0625,,,,,,
34.9552,9,3,19.6280,54.5831,converged,81422.18,49951.80,0.7335,8.63,0.0000,0.0830,0.0852,,,,,,,
48.0582,7,7,28.5347,76.5927,completed,81422.18,49951.80,0.7335,8.63,0.0000,0.1445,0.2520,0.5442,1.9664,8.5811,9.0688,,,
37.3279,9,9,35.7602,73.0873,completed,81423.79,49953.25,0.7336,8.64,0.0000,0.4403,0.6385,0.9306,3.5131,4.1299,7.9516,8.7907,7.0023,
23.8762,10,10,45.0031,68.8792,completed,81423.79,49953.25,0.7336,8.64,0.0000,0.1964,0.3397,0.2281,0.3383,0.4189,3.0517,6.2220,8.6924,7.0758
41.6557,8,8,28.9249,70.5800,completed,81425.73,49954.99,0.7298,8.64,0.0000,0.3440,0.5192,0.4082,0.3340,3.4908,8.7895,7.9507,,
37.4670,9,9,79.3135,116.7796,completed,81425.73,49954.99,0.7298,8.64,0.0000,0.3877,0.4638,0.2644,0.4132,1.2276,6.0708,9.1064,7.1405,
54.1882,6,6,33.4008,87.5889,completed,81427.70,49956.74,0.7250,8.64,0.0000,0.7129,0.2973,1.1763,4.0187,9.8793,,,,
56.4088,6,6,31.4972,87.9053,completed,81427.70,49956.74,0.7250,8.64,0.0000,0.9673,0.7799,2.0966,6.5172,11.2852,,,,
37.8127,9,9,29.5220,67.3340,completed,81430.10,49958.86,0.7179,8.64,0.0000,0.7835,0.8923,0.5274,0.8901,3.0180,5.5638,8.9995,8.5751,
36.3404,9,9,34.0582,70.3982,completed,81430.10,49958.86,0.7179,8.64,0.0000,0.7850,0.8736,0.5771,1.4987,4.0372,7.0793,9.5969,7.8419,
47.1821,7,7,33.5350,80.7171,completed,81431.93,49960.44,0.7086,8.64,0.0000,0.8992,0.7670,1.7355,3.7617,7.2848,10.3906,,,
40.1943,8,8,38.3582,78.5522,completed,81431.93,49960.44,0.7086,8.64,0.0000,0.7354,0.4244,0.3641,1.1369,1.6611,6.9311,8.8246,,
42.2036,8,8,36.5371,78.7401,completed,81433.91,49962.12,0.6981,8.65,0.0000,0.3991,0.3768,0.9890,3.7825,4.3899,8.3997,9.6502,,
38.4629,9,9,40.2592,78.7212,completed,81433.91,49962.12,0.6981,8.65,0.0000,0.6682,0.5811,0.1837,0.3980,4.7568,9.3481,8.9710,6.7584,
56.3808,6,6,25.4515,81.8316,completed,81435.90,49963.79,0.6855,8.64,0.0000,0.4212,2.5048,2.9932,3.0279,9.0795,,,,
55.1672,6,3,10.6162,65.7832,converged,81435.90,49963.79,0.6855,8.64,0.0000,0.0839,0.0682,,,,,,,
47.9232,7,7,26.4216,74.3447,completed,81437.91,49965.42,0.6707,8.63,0.0000,0.1492,0.1117,0.4064,4.5636,8.5679,9.9705,,,
55.8483,6,6,24.5556,80.4037,completed,81437.91,49965.42,0.6707,8.63,0.0000,0.1277,0.2467,3.6855,8.2997,11.1156,,,,
50.1872,7,7,38.3063,88.4933,completed,81439.81,49966.91,0.6551,8.63,0.0000,0.1098,0.2487,3.0824,10.0055,10.5063,8.3757,,,
52.5917,6,6,24.9094,77.5004,completed,81439.81,49966.91,0.6551,8.63,0.0000,0.1479,0.4385,4.7805,8.5108,11.0904,,,,
34.7069,9,9,45.1598,79.8658,completed,81442.00,49968.58,0.6410,8.61,0.0000,0.1629,0.8093,2.3073,0.7981,2.6604,5.4824,8.3631,7.5929,
36.0159,9,9,38.7705,74.7856,completed,81442.00,49968.58,0.6410,8.61,0.0000,0.0889,0.2009,0.4335,3.2959,8.5480,8.0268,7.8898,6.4066,
29.6665,10,10,53.4292,83.0952,completed,81443.91,49970.00,0.6328,8.59,0.0000,0.0594,0.2801,0.7391,0.5035,4.0877,4.1912,6.6286,7.7874,6.6496
34.5517,9,9,43.0859,77.6369,completed,81443.91,49970.00,0.6328,8.59,0.0000,0.0716,0.2408,0.1352,2.6867,6.3476,7.9076,8.1287,6.6297,
32.0944,10,10,48.5027,80.5967,completed,81446.22,49971.68,0.6224,8.57,0.0000,0.2443,0.4096,0.6481,0.6168,5.6831,4.7288,6.9403,7.4227,6.1705
45.2977,8,8,39.8507,85.1478,completed,81446.22,49971.68,0.6224,8.57,0.0000,0.0956,0.2665,0.3433,6.8969,7.1188,9.1196,8.2230,,
26.0113,10,10,54.7103,80.7214,completed,81448.19,49973.08,0.6157,8.55,0.0000,0.5453,1.0169,1.0884,0.8739,4.8994,3.7380,6.2069,6.5434,5.4300
43.5325,8,8,35.8972,79.4293,completed,81448.19,49973.08,0.6157,8.55,0.0000,0.8895,2.8252,6.3606,3.4994,4.8688,8.5380,7.4446,,
58.5554,5,5,20.7471,79.3021,completed,81450.40,49974.64,0.6127,8.52,0.0000,0.2386,3.4151,6.6829,9.2096,,,,,
47.1739,7,7,30.7977,77.9707,completed,81450.40,49974.64,0.6127,8.52,0.0000,0.0902,0.2472,3.3106,5.1859,8.3301,7.8039,,,
37.1498,9,9,46.4329,83.5820,completed,81452.41,49976.06,0.6119,8.50,0.0000,0.7031,1.4136,1.1470,3.6903,4.5607,5.3421,6.8206,6.0231,
38.0853,9,9,52.0820,90.1671,completed,81452.41,49976.06,0.6119,8.50,0.0000,0.1900,0.2198,0.6756,2.4805,4.7461,6.6829,6.9847,5.5995,
43.6531,8,8,29.3115,72.9645,completed,81454.83,49977.76,0.6082,8.48,0.0000,0.0774,0.1134,1.3954,2.6724,5.4002,7.5031,6.2656,,
41.0201,8,8,37.4178,78.4378,completed,81454.83,49977.76,0.6082,8.48,0.0000,0.2061,0.4684,1.2856,4.4926,5.2307,7.6337,6.7514,,
29.6962,10,10,53.9146,83.6106,completed,81456.65,49979.03,0.6063,8.47,0.0000,0.2792,0.6917,1.2224,0.2714,3.2460,3.8992,5.7502,6.1453,5.2097
24.3672,10,10,39.6134,63.9805,completed,81456.65,49979.03,0.6063,8.47,0.0000,0.2020,0.4435,0.6240,0.9764,1.7263,4.7127,6.5372,6.1310,4.9371
56.7738,6,6,26.6296,83.4027,completed,81458.50,49980.31,0.6009,8.47,0.0000,0.8676,2.2970,1.9163,5.9383,8.9969,,,,
31.3205,10,10,52.9264,84.2465,completed,81458.50,49980.31,0.6009,8.47,0.0000,0.1649,0.3294,0.4570,0.6900,1.3207,4.7792,6.4470,6.1216,4.9610
50.3775,7,7,37.8350,88.2120,completed,81460.85,49981.91,0.5972,8.47,0.0000,0.8310,1.4526,0.8220,4.3843,7.0527,8.1435,,,
54.7079,6,6,29.1360,83.8430,completed,81460.85,49981.91,0.5972,8.47,0.0000,0.3110,0.6877,2.3834,6.7842,8.9335,,,,
59.7444,5,5,18.9090,78.6530,completed,81462.94,49983.32,0.5938,8.49,0.0000,0.0909,1.1486,5.8076,9.6105,,,,,
33.2230,10,10,39.7057,72.9277,completed,81462.94,49983.32,0.5938,8.49,0.0000,0.2445,0.7914,1.8487,2.2296,1.8391,6.3847,6.6589,5.9512,4.8146
39.9985,9,3,13.7755,53.7735,converged,81464.98,49984.69,0.5872,8.50,0.0000,0.0656,0.0649,,,,,,,
25.1608,10,10,49.9587,75.1187,completed,81464.98,49984.69,0.5872,8.50,0.0000,0.7073,1.9292,5.5191,6.2371,12.2055,0.8759,5.5266,7.8344,7.9099
42.4895,8,8,44.1551,86.6441,completed,81466.94,49985.99,0.5825,8.50,0.0000,0.3160,0.8570,0.7422,1.8023,5.2462,7.7785,6.9213,,
44.1338,8,8,34.8012,78.9342,completed,81466.94,49985.99,0.5825,8.50,0.0000,0.0757,0.1620,0.6839,2.5593,5.6285,7.5036,6.5109,,
34.6240,9,9,56.0524,90.6754,completed,81469.08,49987.38,0.5776,8.50,0.0000,0.2346,0.3335,0.4917,0.6533,4.0050,6.0030,6.7690,5.7278,
22.9544,10,10,50.9397,73.8938,completed,81469.08,49987.38,0.5776,8.50,0.0000,0.3089,0.5149,0.8601,1.3149,3.4297,5.1063,6.2084,5.8428,4.8946
53.4027,6,6,28.8032,82.2052,completed,81471.22,49988.76,0.5708,8.50,0.0000,0.2279,0.8406,1.0666,6.4516,8.8120,,,,
24.2255,10,10,51.9032,76.1282,completed,81471.22,49988.76,0.5708,8.50,0.0000,0.0935,0.2789,0.2326,0.5470,4.3010,4.7478,6.2907,6.1768,5.2371
21.0222,10,10,49.3302,70.3523,completed,81473.37,49990.13,0.5601,8.50,0.0000,0.0187,0.2042,0.6838,1.3081,2.1923,4.2771,6.2669,6.3417,5.3195
36.8553,9,9,37.2901,74.1452,completed,81473.37,49990.13,0.5601,8.50,0.0000,0.7451,2.0645,4.1526,1.0950,4.1583,5.2113,6.9792,6.7604,
23.8634,10,3,12.2442,36.1073,converged,81475.29,49991.32,0.5505,8.49,0.0000,0.1017,0.0335,,,,,,,
43.8705,8,8,36.2383,80.1083,completed,81475.29,49991.32,0.5505,8.49,0.0000,0.4247,1.2745,1.4084,4.1574,4.9924,7.1648,7.2316,,
34.7372,9,3,10.0194,44.7564,converged,81477.46,49992.64,0.5391,8.48,0.0000,0.0432,0.0438,,,,,,,
41.7609,8,8,27.4628,69.2228,completed,81477.46,49992.64,0.5391,8.48,0.0000,0.5716,1.7379,2.1611,4.3294,5.0018,7.2578,7.2699,,
47.7189,7,7,32.0570,79.7751,completed,81479.15,49993.66,0.5366,8.48,0.0000,0.0530,0.1141,1.3907,4.4248,8.1245,7.8491,,,
39.1922,9,9,30.9567,70.1487,completed,81479.15,49993.66,0.5366,8.48,0.0000,0.7886,1.6149,2.2068,1.7397,6.0055,5.1739,7.1134,6.8440,
52.0809,6,6,32.1027,84.1828,completed,81481.33,49994.96,0.5291,8.47,0.0000,0.8902,1.8580,1.8148,5.3145,8.9882,,,,
59.6396,5,5,23.5567,83.1957,completed,81481.33,49994.96,0.5291,8.47,0.0000,1.4626,0.8213,7.2591,10.2654,,,,,
43.3294,8,8,39.0523,82.3814,completed,81483.53,49996.22,0.5069,8.46,0.0000,0.2769,0.1056,0.2682,1.0828,5.1072,7.7924,7.4570,,
31.5322,10,10,40.8415,72.3735,completed,81483.53,49996.22,0.5069,8.46,0.0000,0.2804,0.5619,0.2801,0.4076,2.4202,4.7503,6.5857,6.8067,5.8247
50.5903,7,7,26.7124,77.3024,completed,81485.75,49997.43,0.4926,8.45,0.0000,0.0521,0.1586,0.2586,3.2136,7.2500,8.0827,,,
54.2803,6,3,14.6971,68.9772,converged,81485.75,49997.43,0.4926,8.45,0.0000,0.7806,0.0964,,,,,,,
46.7344,7,7,26.4871,73.2211,completed,81487.75,49998.48,0.4779,8.45,0.0000,0.0309,0.2223,1.5539,3.0000,8.0660,8.3098,,,
36.6899,9,9,40.7054,77.3944,completed,81487.75,49998.48,0.4779,8.45,0.0000,0.6703,0.7661,1.8770,1.7619,2.3581,5.7856,6.9239,5.9933,
31.0305,10,10,50.7812,81.8113,completed,81489.67,49999.46,0.4681,8.45,0.0000,0.0618,0.1911,0.3887,0.4372,1.1997,5.7014,7.5860,6.7749,5.4041
42.3946,8,8,39.5888,81.9829,completed,81489.67,49999.46,0.4681,8.45,0.0000,0.4465,0.5711,0.6552,1.8379,4.7940,7.8650,7.6848,,
58.1318,5,5,24.7944,82.9254,completed,81492.26,50000.76,0.4557,8.45,0.0000,0.4491,0.5444,7.6952,11.2967,,,,,
31.3918,10,10,51.8074,83.1984,completed,81492.26,50000.76,0.4557,8.45,0.0000,0.4348,0.4800,0.6177,0.6015,1.3891,4.6440,6.9916,7.0996,5.9959
51.4970,7,7,29.0202,80.5173,completed,81494.29,50001.73,0.4417,8.44,0.0000,0.1728,0.3659,0.7998,4.7079,8.3831,8.8703,,,
35.9427,9,3,15.9998,51.9418,converged,81494.29,50001.73,0.4417,8.44,0.0000,0.1355,0.0984,,,,,,,
52.4983,6,6,24.0897,76.5878,completed,81496.59,50002.80,0.4283,8.43,0.0000,0.2689,0.4273,1.8218,7.2757,10.0373,,,,
36.1852,9,9,35.0779,71.2629,completed,81496.59,50002.80,0.4283,8.43,0.0000,0.1022,0.1731,0.2741,1.3144,4.1993,7.3643,8.1337,6.8496,
23.4690,10,3,9.8430,33.3120,converged,81498.63,50003.73,0.4195,8.43,0.0000,0.0706,0.0739,,,,,,,
38.5229,9,9,47.0592,85.5812,completed,81498.63,50003.73,0.4195,8.43,0.0000,0.1181,0.2174,0.3298,1.3809,5.2254,8.1168,8.0496,6.5052,
44.5061,8,8,29.2029,73.7089,completed,81500.72,50004.67,0.4122,8.42,0.0000,0.0539,0.3894,2.2957,1.6747,4.4638,8.2107,7.9365,,
54.4941,6,6,21.4955,75.9895,completed,81500.72,50004.67,0.4122,8.42,0.0000,0.3978,0.7308,1.8886,7.7729,9.7934,,,,
59.8869,5,5,19.2658,79.1518,completed,81502.74,50005.55,0.4079,8.41,0.0000,0.4347,7.0664,2.8003,7.5054,,,,,
59.0205,5,5,28.5042,87.5243,completed,81502.74,50005.55,0.4079,8.41,0.0000,0.0985,1.4669,6.1821,10.3521,,,,,
50.9177,7,7,41.4959,92.4130,completed,81505.36,50006.65,0.3877,8.40,0.0000,0.0644,0.4018,2.2995,3.4945,8.2057,9.2076,,,
58.8789,5,5,32.1050,90.9830,completed,81505.36,50006.65,0.3877,8.40,0.0000,0.7451,4.3054,4.5091,9.9822,,,,,
28.9837,10,3,16.6702,45.6533,converged,81508.09,50007.75,0.3713,8.39,0.0000,0.0659,0.0471,,,,,,,
31.3886,10,10,63.6547,95.0428,completed,81508.09,50007.75,0.3713,8.39,0.0000,0.5664,0.7071,0.9092,1.5829,3.7647,6.1584,8.2574,7.5161,6.0056
53.8194,6,6,40.8204,94.6394,completed,81510.52,50008.68,0.3576,8.38,0.0000,0.2048,0.7380,4.3130,9.3439,10.4406,,,,
31.6928,10,10,49.0648,80.7568,completed,81510.52,50008.68,0.3576,8.38,0.0000,0.3234,0.3100,0.1550,0.8560,1.8781,4.3245,7.3778,7.8671,6.5137
27.4033,10,10,42.3785,69.7815,completed,81513.04,50009.62,0.3487,8.38,0.0000,0.1935,0.3196,0.3772,0.6516,3.3764,5.9706,7.8738,7.5858,6.0762
41.7909,8,8,36.1543,77.9443,completed,81513.04,50009.62,0.3487,8.38,0.0000,0.3848,1.2215,2.5900,2.4363,3.4298,8.3043,7.4615,,
47.2035,7,7,25.6831,72.8861,completed,81515.52,50010.48,0.3237,8.38,0.0000,0.4086,0.9434,2.2084,2.0081,6.9644,9.3178,,,
41.8314,8,8,42.4335,84.4251,completed,81515.52,50010.48,0.3237,8.38,0.0000,0.0864,0.7317,1.1827,1.7301,5.3456,9.2180,8.0152,,
56.9817,6,6,26.0975,83.0785,completed,81517.69,50011.20,0.3120,8.36,0.0000,0.2215,0.2635,1.4323,9.7555,10.3328,,,,
34.7232,9,9,42.7021,77.4252,completed,81517.69,50011.20,0.3120,8.36,0.0000,0.1439,0.3228,1.9149,1.6190,1.7831,5.6550,8.2503,7.2678,
56.0342,6,6,32.5587,88.5927,completed,81520.01,50011.94,0.3021,8.35,0.0000,0.0751,0.1941,1.9646,8.4533,10.4068,,,,
36.6800,9,9,60.5520,97.2310,completed,81520.01,50011.94,0.3021,8.35,0.0000,0.4782,0.8542,1.3989,3.7045,6.4870,7.8501,8.6563,7.2692,
21.5993,10,3,11.4518,33.0508,converged,81522.70,50012.78,0.2936,8.37,0.0000,0.0735,0.0920,,,,,,,
54.6394,6,6,28.6231,83.2622,completed,81522.70,50012.78,0.2936,8.37,0.0000,0.2192,0.1713,2.7638,7.5252,11.0490,,,,
31.1271,10,10,46.4919,77.6189,completed,81524.72,50013.37,0.2797,8.39,0.0000,0.1654,0.5259,1.8470,3.3965,1.4173,2.6940,6.9576,7.3750,6.0581
56.0248,6,6,24.2147,80.2387,completed,81524.72,50013.37,0.2797,8.39,0.0000,0.4939,1.1484,5.3283,10.7254,11.0650,,,,
49.3803,7,7,24.6746,74.0547,completed,81527.14,50014.05,0.2753,8.41,0.0000,0.0220,0.1716,0.2496,3.2461,8.7290,9.1029,,,
57.5718,6,6,34.6335,92.2046,completed,81527.14,50014.05,0.2753,8.41,0.0000,0.2810,2.0312,0.6827,5.5267,10.3460,,,,
36.8051,9,3,12.5078,49.3129,converged,81529.66,50014.74,0.2611,8.41,0.0000,0.0330,0.0404,,,,,,,
56.7439,6,6,30.7138,87.4568,completed,81529.66,50014.74,0.2611,8.41,0.0000,0.6525,0.8558,3.7235,10.1875,10.9725,,,,
51.3036,7,3,13.6198,64.9228,converged,81531.82,50015.31,0.2523,8.40,0.0000,0.0344,0.0371,,,,,,,
34.8661,9,9,38.9374,73.8034,completed,81531.82,50015.31,0.2523,8.40,0.0000,0.0166,0.4268,2.1478,2.7947,1.2131,4.9413,8.2281,7.1208,
34.0626,9,3,10.4862,44.5483,converged,81534.26,50015.93,0.2498,8.39,0.0000,0.0113,0.0932,,,,,,,
58.9796,5,5,25.3291,84.3082,completed,81534.26,50015.93,0.2498,8.39,0.0000,0.5352,0.5432,6.2370,11.6269,,,,,
40.1205,8,8,33.8409,73.9610,completed,81536.16,50016.42,0.2481,8.39,0.0000,0.2101,0.2539,0.5017,2.8202,6.8188,9.2829,8.5993,,
59.9184,5,5,35.1245,95.0425,completed,81536.16,50016.42,0.2481,8.39,0.0000,0.1380,0.3655,5.0569,11.2874,,,,,
53.2029,6,6,22.2928,75.4949,completed,81538.60,50017.04,0.2415,8.38,0.0000,0.2777,0.1119,1.0921,8.3423,10.5185,,,,
44.6238,8,8,34.6035,79.2266,completed,81538.60,50017.04,0.2415,8.38,0.0000,0.0324,0.3071,0.8037,0.2216,3.6277,8.7414,8.4324,,
25.2826,10,3,9.6819,34.9639,converged,81541.04,50017.62,0.2233,8.34,0.0000,0.1177,0.0894,,,,,,,
44.1008,8,8,27.9055,72.0056,completed,81541.04,50017.62,0.2233,8.34,0.0000,0.0767,0.4438,1.7962,1.4585,3.7021,8.8632,8.0756,,
59.4703,5,5,30.2917,89.7617,completed,81543.21,50018.11,0.2149,8.35,0.0000,0.0788,1.4042,1.6998,9.8232,,,,,
36.2889,9,9,45.2566,81.5447,completed,81543.21,50018.11,0.2149,8.35,0.0000,0.0213,0.1029,0.3360,0.3016,0.8473,4.3598,7.9165,8.5109,
53.1407,6,3,17.3962,70.5366,converged,81545.66,50018.64,0.2124,8.32,0.0000,0.2378,0.0845,,,,,,,
49.0916,7,7,38.9997,88.0908,completed,81545.66,50018.64,0.2124,8.32,0.0000,0.1304,0.2359,0.9981,4.6810,8.9585,10.0612,,,
58.2633,5,5,30.7011,88.9642,completed,81548.12,50019.15,0.2027,8.33,0.0000,0.0249,1.5421,1.7374,9.9905,,,,,
53.7720,6,6,28.3949,82.1670,completed,81548.12,50019.15,0.2027,8.33,0.0000,0.2655,0.1683,1.0900,7.7805,11.1644,,,,
49.8501,7,7,30.0827,79.9328,completed,81550.57,50019.65,0.1965,8.32,0.0000,0.0668,0.2043,0.4081,3.1798,9.4745,9.0766,,,
44.6003,8,3,13.4789,58.0790,converged,81550.57,50019.65,0.1965,8.32,0.0000,0.0622,0.0775,,,,,,,
36.4255,9,3,10.2386,46.6636,converged,81552.75,50020.07,0.1908,8.32,0.0000,0.1411,0.0823,,,,,,,
38.1333,9,9,35.9670,74.1000,completed,81552.75,50020.07,0.1908,8.32,0.0000,0.1121,0.1180,0.1909,0.5727,1.1458,5.6939,8.9195,7.7078,
29.4009,10,4,15.7273,45.1273,converged,81554.65,50020.44,0.1879,8.32,0.0000,0.1723,0.1689,0.0128,,,,,,
39.9972,9,3,13.4138,53.4109,converged,81554.65,50020.44,0.1879,8.32,0.0000,0.0581,0.0558,,,,,,,
55.4047,6,3,9.4495,64.8536,converged,81556.55,50020.80,0.1894,8.33,0.0000,0.2239,0.0339,,,,,,,
44.4562,8,8,36.7957,81.2517,completed,81556.55,50020.80,0.1894,8.33,0.0000,0.1093,0.1952,0.7556,1.0382,3.6115,8.3854,9.1762,,
50.9098,7,7,24.9226,75.8316,completed,81558.91,50021.25,0.1879,8.33,0.0000,0.2462,0.2709,0.3160,3.8410,9.4096,10.3228,,,
28.2189,10,10,34.0669,62.2849,completed,81558.91,50021.25,0.1879,8.33,0.0000,0.0843,0.1382,0.2591,0.6533,0.6163,3.5549,8.0472,8.5250,6.3872
26.5785,10,3,11.0238,37.6019,converged,81561.18,50021.69,0.1871,8.33,0.0000,0.0821,0.0619,,,,,,,
22.0479,10,10,43.5563,65.6033,completed,81561.18,50021.69,0.1871,8.33,0.0000,0.0837,0.1087,0.1425,0.4761,0.2697,2.5810,6.3777,8.3683,7.1257
40.1455,8,4,18.2489,58.3939,converged,81563.37,50022.10,0.1820,8.34,0.0000,0.1197,0.1145,0.0666,,,,,,
25.0239,10,10,39.7976,64.8207,completed,81563.37,50022.10,0.1820,8.34,0.0000,0.0760,0.1074,0.1917,0.4122,0.2884,2.5970,6.9095,8.5047,7.0851
45.9855,8,3,8.7002,54.6852,converged,81565.56,50022.50,0.1784,8.37,0.0000,0.0907,0.0399,,,,,,,
34.8790,9,3,9.3942,44.2723,converged,81565.56,50022.50,0.1784,8.37,0.0000,0.0277,0.0363,,,,,,,
44.2414,8,3,9.0254,53.2665,converged,81567.50,50022.86,0.1779,8.39,0.0000,0.0744,0.0131,,,,,,,
27.8748,10,3,9.1817,37.0557,converged,81567.50,50022.86,0.1779,8.39,0.0000,0.0155,0.0385,,,,,,,
22.1568,10,3,9.1078,31.2638,converged,81569.42,50023.20,0.1767,8.40,0.0000,0.0269,0.0125,,,,,,,
54.8771,6,6,29.1664,84.0434,completed,81569.42,50023.20,0.1767,8.40,0.0000,0.0581,0.2589,0.3455,4.1888,10.1604,,,,
21.8384,10,3,19.2118,41.0498,converged,81571.63,50023.60,0.1785,8.40,0.0000,0.0279,0.0177,,,,,,,
32.4090,10,3,16.6855,49.0945,converged,81571.63,50023.60,0.1785,8.40,0.0000,0.0130,0.0549,,,,,,,
45.7902,8,3,10.8351,56.6251,converged,81573.28,50023.90,0.1770,8.40,0.0000,0.0235,0.0266,,,,,,,
41.0644,8,8,46.9260,87.9901,completed,81573.28,50023.90,0.1770,8.40,0.0000,0.0204,0.1014,0.2236,0.3325,3.0269,7.9815,9.5183,,
22.9545,10,3,13.7932,36.7472,converged,81575.76,50024.33,0.1766,8.40,0.0000,0.0168,0.0262,,,,,,,
57.5469,6,6,24.4293,81.9753,completed,81575.76,50024.33,0.1766,8.40,0.0000,0.0794,0.4956,2.1011,5.1668,10.4557,,,,
21.3176,10,3,10.5979,31.9149,converged,81577.97,50024.73,0.1767,8.39,0.0000,0.0155,0.0301,,,,,,,
50.6088,7,7,27.0620,77.6701,completed,81577.97,50024.73,0.1767,8.39,0.0000,0.0876,0.1138,1.4581,2.3684,7.7864,9.9867,,,
35.7050,9,3,9.4143,45.1194,converged,81580.18,50025.12,0.1728,8.38,0.0000,0.0121,0.0547,,,,,,,
38.1620,9,9,36.4166,74.5786,completed,81580.18,50025.12,0.1728,8.38,0.0000,0.0805,0.2887,1.1604,3.2646,1.2552,3.1461,7.4406,7.4885,
34.0717,9,3,11.1935,45.2645,converged,81582.38,50025.50,0.1716,8.38,0.0000,0.0125,0.0416,,,,,,,
31.2973,10,3,8.8663,40.1634,converged,81582.38,50025.50,0.1716,8.38,0.0000,0.0242,0.0186,,,,,,,
50.0156,7,7,26.6523,76.6673,completed,81584.31,50025.84,0.1709,8.37,0.0000,0.0139,0.2918,0.5014,2.1597,8.6932,9.7373,,,
35.6512,9,3,11.5448,47.1958,converged,81584.31,50025.84,0.1709,8.37,0.0000,0.0406,0.0371,,,,,,,
26.5603,10,3,11.2201,37.7802,converged,81586.55,50026.23,0.1706,8.36,0.0000,0.0146,0.0365,,,,,,,
28.5526,10,10,41.5997,70.1517,completed,81586.55,50026.23,0.1706,8.36,0.0000,0.0394,0.1081,0.3472,1.2703,1.1092,1.9840,4.5209,8.0645,7.9305
45.7094,8,3,8.5953,54.3043,converged,81588.71,50026.61,0.1750,8.35,0.0000,0.0213,0.0584,,,,,,,
57.4348,6,5,34.5723,92.0064,deadline,81588.71,50026.61,0.1750,8.35,0.0000,0.1079,0.6728,2.1003,4.3703,,,,,
32.1891,10,3,14.6513,46.8403,converged,81591.18,50027.05,0.1740,8.35,0.0000,0.0187,0.0319,,,,,,,
36.7915,9,3,14.7567,51.5478,converged,81591.18,50027.05,0.1740,8.35,0.0000,0.0648,0.0982,,,,,,,
46.7831,7,7,38.1420,84.9251,completed,81593.55,50027.46,0.1750,8.34,0.0000,0.0446,0.1459,0.8348,1.2759,8.3459,10.3390,,,
53.6633,6,6,28.2960,81.9590,completed,81593.55,50027.46,0.1750,8.34,0.0000,0.1432,0.1400,1.0746,5.2134,10.6951,,,,
39.5230,9,3,9.2570,48.7791,converged,81596.38,50027.96,0.1772,8.33,0.0000,0.0179,0.0724,,,,,,,
44.2499,8,8,30.3096,74.5586,completed,81596.38,50027.96,0.1772,8.33,0.0000,0.0766,0.1620,0.4905,1.1548,2.7117,8.7260,9.2653,,
32.5836,10,10,43.4761,76.0592,completed,81598.30,50028.30,0.1793,8.33,0.0000,0.0171,0.1071,0.2127,0.1465,2.1474,7.5999,8.4826,7.7112,6.2907
56.3844,6,6,31.4146,87.7986,completed,81598.30,50028.30,0.1793,8.33,0.0000,0.1116,0.5843,2.6981,3.7733,9.9661,,,,
21.6185,10,3,12.2834,33.9014,converged,81600.76,50028.75,0.1816,8.33,0.0000,0.0273,0.0487,,,,,,,
37.5704,9,3,11.4693,49.0393,converged,81600.76,50028.75,0.1816,8.33,0.0000,0.0475,0.0508,,,,,,,
57.7033,6,6,29.0626,86.7657,completed,81602.57,50029.08,0.1800,8.33,0.0000,0.0765,0.5236,0.2551,6.9087,10.9206,,,,
45.9777,8,8,32.4823,78.4593,completed,81602.57,50029.08,0.1800,8.33,0.0000,0.0955,0.1245,0.5173,1.4997,2.3319,8.4916,9.1796,,
48.7752,7,7,36.0631,84.8381,completed,81605.03,50029.53,0.1857,8.33,0.0000,0.0747,0.2011,0.1363,2.0542,8.9987,10.1805,,,
27.9536,10,3,12.9973,40.9503,converged,81605.03,50029.53,0.1857,8.33,0.0000,0.0343,0.0597,,,,,,,
52.9384,6,6,22.0423,74.9804,completed,81607.04,50029.91,0.1876,8.33,0.0000,0.0649,0.1859,2.3107,9.4901,11.7415,,,,
36.3758,9,9,39.1299,75.5050,completed,81607.04,50029.91,0.1876,8.33,0.0000,0.1367,0.1962,0.1385,0.6516,4.7287,10.1757,9.5105,7.1301,
27.0676,10,3,16.6837,43.7508,converged,81609.23,50030.32,0.1857,8.34,0.0000,0.0378,0.0482,,,,,,,
30.8347,10,4,16.9844,47.8185,converged,81609.23,50030.32,0.1857,8.34,0.0000,0.1176,0.1684,0.0827,,,,,,
27.9966,10,3,10.3056,38.3017,converged,81611.14,50030.68,0.1886,8.34,0.0000,0.0299,0.0718,,,,,,,
52.8871,6,6,24.8976,77.7847,completed,81611.14,50030.68,0.1886,8.34,0.0000,0.0160,0.4456,0.7749,3.7380,10.1194,,,,
29.7139,10,10,35.3601,65.0732,completed,81613.33,50031.09,0.1881,8.35,0.0000,0.0379,0.1396,0.2507,0.7322,1.8991,2.9773,7.7421,8.5005,7.4497
45.7560,8,3,10.1462,55.9013,converged,81613.33,50031.09,0.1881,8.35,0.0000,0.0519,0.0230,,,,,,,
27.4416,10,3,10.0756,37.5167,converged,81615.52,50031.51,0.1910,8.35,0.0000,0.0488,0.0539,,,,,,,
46.8645,7,3,13.4600,60.3240,converged,81615.52,50031.51,0.1910,8.35,0.0000,0.1114,0.0807,,,,,,,
33.0995,10,3,13.7103,46.8094,converged,81617.43,50031.88,0.1910,8.36,0.0000,0.0352,0.0640,,,,,,,
25.9772,10,3,17.1587,43.1357,converged,81617.43,50031.88,0.1910,8.36,0.0000,0.0967,0.0981,,,,,,,
59.0927,5,5,20.0800,79.1721,completed,81619.09,50032.20,0.1944,8.36,0.0000,0.2165,0.7238,5.5424,11.7232,,,,,
41.4514,8,8,35.5884,77.0394,completed,81619.09,50032.20,0.1944,8.36,0.0000,0.1304,0.1272,0.3876,0.6992,3.6099,8.5500,9.5308,,
36.9708,9,9,40.1546,77.1247,completed,81621.54,50032.68,0.1957,8.36,0.0000,0.1414,0.2072,0.2512,1.0648,6.0621,9.5787,9.6355,7.4715,
40.2970,8,8,28.8122,69.1082,completed,81621.54,50032.68,0.1957,8.36,0.0000,0.0479,0.1729,1.1765,0.5157,1.9158,7.6848,9.1562,,
47.3258,7,7,36.5819,83.9069,completed,81623.73,50033.11,0.1958,8.36,0.0000,0.1457,0.1170,0.3124,2.1642,8.8631,10.5391,,,
25.9246,10,4,18.4295,44.3535,converged,81623.73,50033.11,0.1958,8.36,0.0000,0.1490,0.1805,0.0776,,,,,,
53.8489,6,6,30.2317,84.0797,completed,81626.20,50033.59,0.1938,8.37,0.0000,0.4586,23.9314,21.1154,5.4553,1.7900,,,,
51.3407,7,7,24.3569,75.6969,completed,81626.20,50033.59,0.1938,8.37,0.0000,0.1566,0.1291,0.3937,2.9506,10.1075,10.4155,,,
25.3743,10,3,9.7470,35.1210,converged,81628.67,50034.07,0.1960,8.35,0.0000,0.0253,0.0855,,,,,,,
22.5509,10,10,40.0906,62.6406,completed,81628.67,50034.07,0.1960,8.35,0.0000,0.1164,0.1845,0.1670,0.4682,1.5421,6.7394,9.1544,8.6932,6.7003
35.1598,9,9,31.1548,66.3139,completed,81630.84,50034.50,0.1869,8.23,0.0000,0.0417,0.1116,0.3033,1.5598,2.9428,7.6780,9.5551,8.8188,
36.5112,9,9,42.7158,79.2269,completed,81630.84,50034.50,0.1869,8.23,0.0000,0.0661,0.2340,1.0429,0.4904,1.2470,3.3703,7.9880,8.9339,
39.3871,9,3,11.4709,50.8580,converged,81633.26,50034.95,0.1851,8.21,0.0000,0.0273,0.0356,,,,,,,
47.3721,7,7,37.8315,85.2035,completed,81633.26,50034.95,0.1851,8.21,0.0000,0.1104,0.1337,0.7824,2.4733,10.0042,10.3873,,,
59.1724,5,5,22.1450,81.3170,completed,81635.42,50035.35,0.1847,8.24,0.0000,0.0448,0.3912,3.7068,10.2574,,,,,
26.4304,10,3,15.6414,42.0714,converged,81635.42,50035.35,0.1847,8.24,0.0000,0.0627,0.0767,,,,,,,
54.3549,6,6,33.6382,87.9922,completed,81637.72,50035.79,0.1848,8.27,0.0000,0.1735,0.3721,4.1615,10.0304,12.6994,,,,
28.6540,10,3,12.9423,41.5953,converged,81637.72,50035.79,0.1848,8.27,0.0000,0.0527,0.0254,,,,,,,
47.6957,7,3,15.7749,63.4700,converged,81639.75,50036.17,0.1887,8.30,0.0000,0.0542,0.0243,,,,,,,
53.8762,6,6,34.9613,88.8373,completed,81639.75,50036.17,0.1887,8.30,0.0000,0.0627,0.2346,1.2472,3.6713,9.8533,,,,
25.4292,10,3,8.9045,34.3335,converged,81642.21,50036.65,0.1919,8.32,0.0000,0.0374,0.0391,,,,,,,
29.4715,10,3,9.9295,39.4005,converged,81642.21,50036.65,0.1919,8.32,0.0000,0.0704,0.0246,,,,,,,
48.2129,7,7,25.4810,73.6930,completed,81643.83,50036.97,0.1932,8.33,0.0000,0.0436,0.2205,0.9276,2.9341,8.0168,10.9595,,,
40.5299,8,3,9.1483,49.6774,converged,81643.83,50036.97,0.1932,8.33,0.0000,0.0594,0.0900,,,,,,,
46.2090,7,7,37.1994,83.4336,completed,81646.02,50037.40,0.1937,8.34,0.0000,0.2139,0.4163,1.0930,2.5858,6.1901,10.3430,,,
40.7613,8,4,16.1851,56.9461,converged,81646.02,50037.40,0.1937,8.34,0.0000,0.0239,0.1223,0.0389,,,,,,
58.7840,5,5,29.9103,88.6943,completed,81648.34,50037.85,0.1959,8.35,0.0000,0.1150,0.9157,4.2431,10.7749,,,,,
22.5444,10,3,16.8396,39.3837,converged,81648.34,50037.85,0.1959,8.35,0.0000,0.0458,0.0245,,,,,,,
45.8100,8,3,14.4815,60.2905,converged,81650.53,50038.29,0.1972,8.35,0.0000,0.0424,0.0486,,,,,,,
22.6395,10,3,10.3464,32.9854,converged,81650.53,50038.29,0.1972,8.35,0.0000,0.0857,0.0544,,,,,,,
47.1282,7,7,25.9879,73.1160,completed,81652.47,50038.68,0.1978,8.35,0.0000,0.0794,0.1497,0.6445,2.1757,5.1709,10.1340,,,
33.8202,10,4,11.3528,45.1729,converged,81652.47,50038.68,0.1978,8.35,0.0000,0.1238,0.1309,0.0637,,,,,,
59.4389,5,5,19.0436,78.4817,completed,81654.49,50039.09,0.1988,8.35,0.0000,0.1748,0.5162,3.4302,11.0477,,,,,
41.3788,8,3,17.8333,59.2114,converged,81654.49,50039.09,0.1988,8.35,0.0000,0.1250,0.0448,,,,,,,
55.3896,6,6,33.4102,88.7993,completed,81656.67,50039.52,0.1986,8.35,0.0000,0.1930,0.1873,1.5703,4.5827,10.7988,,,,
46.3221,7,3,18.4271,64.7492,converged,81656.67,50039.52,0.1986,8.35,0.0000,0.2083,0.0895,,,,,,,
45.9142,8,3,14.1359,60.0500,converged,81659.12,50040.02,0.1976,8.35,0.0000,0.0471,0.0470,,,,,,,
55.5978,6,3,14.8836,70.4807,converged,81659.12,50040.02,0.1976,8.35,0.0000,0.1756,0.0867,,,,,,,
54.9168,6,3,13.9748,68.8908,converged,81661.31,50040.46,0.1966,8.35,0.0000,0.0880,0.0818,,,,,,,
54.5041,6,3,12.3205,66.8245,converged,81661.31,50040.46,0.1966,8.35,0.0000,0.1869,0.0941,,,,,,,
57.6966,6,3,13.3201,71.0161,converged,81663.50,50040.89,0.1904,8.35,0.0000,0.0450,0.0836,,,,,,,
53.9264,6,6,32.7168,86.6428,completed,81663.50,50040.89,0.1904,8.35,0.0000,0.1715,0.1364,1.0498,4.3553,10.6721,,,,
35.9827,9,3,9.1786,45.1606,converged,81665.98,50041.37,0.1876,8.35,0.0000,0.0504,0.0489,,,,,,,
26.5721,10,4,10.9273,37.4993,converged,81665.98,50041.37,0.1876,8.35,0.0000,0.0944,0.1050,0.0833,,,,,,
46.7690,7,3,9.0599,55.8289,converged,81667.62,50041.68,0.1849,8.34,0.0000,0.1008,0.0887,,,,,,,
51.3822,7,3,11.8420,63.2240,converged,81667.62,50041.68,0.1849,8.34,0.0000,0.1042,0.0415,,,,,,,
45.8510,8,8,27.1032,72.9542,completed,81669.77,50042.08,0.1823,8.34,0.0000,0.0884,0.1086,0.2249,0.8538,1.6186,6.4606,9.3004,,
58.7764,5,5,29.7005,88.4766,completed,81669.77,50042.08,0.1823,8.34,0.0000,0.1071,0.4402,1.4479,7.0787,,,,,
26.0461,10,3,13.1652,39.2112,converged,81672.23,50042.54,0.1833,8.34,0.0000,0.0348,0.0425,,,,,,,
30.9654,10,10,39.4476,70.4126,completed,81672.23,50042.54,0.1833,8.34,0.0000,0.1038,0.1406,0.1263,0.3224,0.7272,1.3645,3.0639,6.7436,7.6296
33.2995,10,3,12.6344,45.9335,converged,81674.14,50042.89,0.1833,8.34,0.0000,0.0313,0.0313,,,,,,,
49.7893,7,3,11.0437,60.8327,converged,81674.14,50042.89,0.1833,8.34,0.0000,0.1377,0.0907,,,,,,,
29.6083,10,3,14.2451,43.8532,converged,81676.23,50043.28,0.1816,8.34,0.0000,0.0480,0.0412,,,,,,,
45.8430,8,8,28.7385,74.5816,completed,81676.23,50043.28,0.1816,8.34,0.0000,0.0901,0.1350,0.3076,0.4375,1.2809,4.2300,7.2371,,
56.4570,6,6,33.2532,89.7092,completed,81678.25,50043.64,0.1808,8.34,0.0000,0.0920,0.1792,0.8435,2.1307,6.4491,,,,
44.2008,8,8,40.0583,84.2583,completed,81678.25,50043.64,0.1808,8.34,0.0000,0.1116,0.1582,0.4640,0.6824,1.4014,3.7813,6.2552,,
33.0387,10,3,13.9513,46.9893,converged,81680.61,50044.07,0.1778,8.34,0.0000,0.0704,0.0716,,,,,,,
30.3401,10,3,13.6015,43.9415,converged,81680.61,50044.07,0.1778,8.34,0.0000,0.0521,0.0280,,,,,,,
52.0964,6,6,33.6261,85.7222,completed,81682.63,50044.43,0.1770,8.34,0.0000,0.0809,0.1073,0.7532,2.3105,6.1707,,,,
52.1437,6,6,23.7254,75.8684,completed,81682.63,50044.43,0.1770,8.34,0.0000,0.1323,0.1227,0.3680,1.6252,5.5359,,,,
43.8637,8,3,11.2190,55.0820,converged,81684.83,50044.83,0.1739,8.34,0.0000,0.0856,0.0542,,,,,,,
55.1175,6,6,25.0086,80.1256,completed,81684.83,50044.83,0.1739,8.34,0.0000,0.1282,0.3179,0.4718,1.5043,4.9912,,,,
25.6329,10,3,16.6811,42.3131,converged,81686.90,50045.19,0.1733,8.34,0.0000,0.0766,0.0519,,,,,,,
54.4381,6,6,23.2610,77.6990,completed,81686.90,50045.19,0.1733,8.34,0.0000,0.0730,0.1280,0.5157,1.5127,5.3469,,,,
28.8349,10,3,13.8726,42.7066,converged,81689.19,50045.59,0.1735,8.33,0.0000,0.0762,0.0643,,,,,,,
25.0688,10,3,9.4156,34.4837,converged,81689.19,50045.59,0.1735,8.33,0.0000,0.0513,0.0616,,,,,,,
36.3679,9,3,10.5394,46.9064,converged,81690.82,50045.88,0.1718,8.24,0.0000,0.0496,0.0600,,,,,,,
56.3965,6,6,24.4717,80.8678,completed,81690.82,50045.88,0.1718,8.24,0.0000,0.0797,0.1223,0.3164,2.0174,5.0527,,,,
49.4782,7,7,24.8044,74.2824,completed,81692.96,50046.25,0.1696,8.02,0.0000,0.0518,0.1069,0.3479,1.0380,3.3608,4.5623,,,
29.7576,10,3,10.7326,40.4897,converged,81692.96,50046.25,0.1696,8.02,0.0000,0.0360,0.0379,,,,,,,
46.3917,7,7,30.7606,77.1516,completed,81694.93,50046.58,0.1662,7.77,0.0000,0.0238,0.1107,0.3752,0.4508,2.3678,4.2637,,,
39.1775,9,3,9.0138,48.1908,converged,81694.93,50046.58,0.1662,7.77,0.0000,0.0574,0.0443,,,,,,,
37.9778,9,3,8.2921,46.2691,converged,81696.79,50046.89,0.1616,7.58,0.0000,0.0361,0.0378,,,,,,,
56.1365,6,6,23.5770,79.7130,completed,81696.79,50046.89,0.1616,7.58,0.0000,0.1715,0.1194,0.2646,2.0595,4.1779,,,,
29.4770,10,3,13.3850,42.8610,converged,81698.67,50047.19,0.1605,7.41,0.0000,0.0829,0.0829,,,,,,,
37.8229,9,4,15.3200,53.1420,converged,81698.67,50047.19,0.1605,7.41,0.0000,0.1124,0.1184,0.0861,,,,,,
39.3878,9,4,19.4065,58.7935,converged,81700.19,50047.44,0.1600,7.13,0.0000,0.1388,0.1644,0.0590,,,,,,
58.4534,5,5,21.4442,79.8972,completed,81700.19,50047.44,0.1600,7.13,0.0000,0.2155,0.1030,1.1695,3.8285,,,,,
35.5544,9,9,38.8339,74.3880,completed,81702.01,50047.74,0.1618,6.77,0.0000,0.1211,0.1438,0.1195,0.3192,1.2497,2.1004,2.9156,2.9825,
28.5627,10,4,14.2432,42.8052,converged,81702.01,50047.74,0.1618,6.77,0.0000,0.1299,0.1089,0.0338,,,,,,
22.2818,10,4,17.5126,39.7937,converged,81703.43,50047.97,0.1692,6.51,0.0000,0.1387,0.1498,0.0782,,,,,,
51.5113,7,3,10.2448,61.7558,converged,81703.43,50047.97,0.1692,6.51,0.0000,0.0964,0.0712,,,,,,,
52.5229,6,6,32.0692,84.5912,completed,81704.98,50048.24,0.1731,6.15,0.0000,0.0646,0.1505,0.4529,1.7957,3.3040,,,,
51.5282,7,3,14.8532,66.3812,converged,81704.98,50048.24,0.1731,6.15,0.0000,0.0371,0.0416,,,,,,,
24.2878,10,10,44.4904,68.7774,completed,81706.54,50048.53,0.1906,5.82,0.0000,0.1098,0.1259,0.1371,0.2891,0.4313,1.2607,2.1028,2.4327,2.4142
52.1099,6,6,26.1516,78.2606,completed,81706.54,50048.53,0.1906,5.82,0.0000,0.0797,0.1260,0.2814,1.4935,3.0991,,,,
21.1613,10,3,10.1376,31.2986,converged,81708.00,50048.83,0.2134,5.42,0.0000,0.0902,0.0997,,,,,,,
24.8717,10,3,10.7425,35.6135,converged,81708.52,50048.94,0.2244,5.29,0.0000,0.1261,0.0970,,,,,,,
34.7204,9,3,10.7084,45.4284,converged,81708.52,50048.94,0.2244,5.29,0.0000,0.0721,0.0699,,,,,,,
33.7802,10,3,15.6998,49.4799,converged,81709.62,50049.21,0.2487,5.01,0.0000,0.0687,0.0816,,,,,,,
58.5650,5,5,22.7131,81.2772,completed,81709.62,50049.21,0.2487,5.01,0.0000,0.6562,1.3254,2.5786,4.1584,,,,,
44.2547,8,3,10.3662,54.6203,converged,81710.90,50049.56,0.2864,4.56,0.0000,0.0937,0.0874,,,,,,,
36.6025,9,3,9.4332,46.0353,converged,81710.90,50049.56,0.2864,4.56,0.0000,0.0723,0.0336,,,,,,,
26.3488,10,3,10.1460,36.4940,converged,81711.82,50049.84,0.3247,4.25,0.0000,0.0760,0.0588,,,,,,,
58.2208,5,5,27.3786,85.5986,completed,81711.82,50049.84,0.3247,4.25,0.0000,0.1571,0.1815,0.2086,3.4093,,,,,
47.1402,7,3,14.8820,62.0221,converged,81712.75,50050.18,0.3694,3.89,0.0000,0.1313,0.0900,,,,,,,
49.6614,7,3,18.1648,67.8259,converged,81712.75,50050.18,0.3694,3.89,0.0000,0.1100,0.0480,,,,,,,
47.7359,7,7,30.0602,77.7952,completed,81713.65,50050.55,0.4233,3.50,0.0000,0.1639,0.1610,0.1891,0.2972,3.0710,3.4415,,,
47.5535,7,3,10.2763,57.8293,converged,81713.65,50050.55,0.4233,3.50,0.0000,0.0854,0.0429,,,,,,,
22.0018,10,3,13.0427,35.0438,converged,81714.48,50050.95,0.4809,3.12,0.0000,0.0522,0.0242,,,,,,,
58.5231,5,5,22.4816,81.0047,completed,81714.48,50050.95,0.4809,3.12,0.0000,0.1473,0.3055,0.6359,3.3795,,,,,
34.7888,9,9,35.2088,69.9968,completed,81715.12,50051.30,0.5327,2.89,0.0000,0.0836,0.1343,0.2194,0.2783,0.5515,2.6839,3.6335,3.0268,
58.6251,5,5,25.1879,83.8129,completed,81715.12,50051.30,0.5327,2.89,0.0000,0.0659,0.2930,0.7920,3.5822,,,,,
37.7771,9,3,10.8027,48.5798,converged,81715.74,50051.68,0.5887,2.67,0.0000,0.0169,0.0524,,,,,,,
37.3922,9,3,10.1582,47.5502,converged,81715.74,50051.68,0.5887,2.67,0.0000,0.0087,0.0206,,,,,,,
27.8728,10,3,9.1931,37.0651,converged,81716.20,50052.00,0.6337,2.51,0.0000,0.0221,0.0436,,,,,,,
42.9443,8,3,9.1815,52.1255,converged,81716.20,50052.00,0.6337,2.51,0.0000,0.0413,0.0810,,,,,,,
55.4044,6,6,23.4800,78.8840,completed,81716.60,50052.31,0.6770,2.35,0.0000,0.1044,0.2163,0.6934,1.1541,3.9842,,,,
58.2467,5,5,21.3189,79.5649,completed,81716.60,50052.31,0.6770,2.35,0.0000,0.1766,0.6834,0.4860,3.5334,,,,,
38.3129,9,9,37.6611,75.9732,completed,81717.11,50052.74,0.7353,2.18,0.0000,0.0836,0.1038,0.1349,0.2943,0.3433,1.5267,3.4405,3.3595,
35.1137,9,3,9.3459,44.4589,converged,81717.11,50052.74,0.7353,2.18,0.0000,0.0648,0.0306,,,,,,,
28.0946,10,3,16.3895,44.4836,converged,81717.50,50053.11,0.7813,2.07,0.0000,0.0723,0.0823,,,,,,,
57.6302,6,6,25.1633,82.7933,completed,81717.50,50053.11,0.7813,2.07,0.0000,0.0833,0.2431,0.8328,3.1412,4.9114,,,,
20.3215,10,3,9.8759,30.1970,converged,81717.89,50053.50,0.8319,1.91,0.0000,0.0672,0.0401,,,,,,,
56.5752,6,6,25.3085,81.8835,completed,81717.89,50053.50,0.8319,1.91,0.0000,0.1994,0.3954,0.5228,2.0990,4.4860,,,,
21.1689,10,3,10.5537,31.7218,converged,81718.17,50053.82,0.8738,1.79,0.0000,0.0446,0.0317,,,,,,,
35.1395,9,3,10.7008,45.8398,converged,81718.17,50053.82,0.8738,1.79,0.0000,0.0689,0.0158,,,,,,,
21.4036,10,3,14.2000,35.6030,converged,81718.42,50054.14,0.9141,1.74,0.0000,0.0935,0.0895,,,,,,,
58.7082,5,5,18.8659,77.5739,completed,81718.42,50054.14,0.9141,1.74,0.0000,0.2409,0.9088,1.1744,3.6293,,,,,
22.8311,10,3,11.0641,33.8952,converged,81718.66,50054.46,0.9531,1.69,0.0000,0.0913,0.0606,,,,,,,
38.5935,9,9,38.9402,77.5333,completed,81718.66,50054.46,0.9531,1.69,0.0000,0.1376,0.1726,0.1512,0.4173,0.3094,1.9058,4.0020,3.7687,
47.1747,7,7,24.4618,71.6359,completed,81718.86,50054.75,0.9888,1.65,0.0000,0.1472,0.2381,0.4838,0.8548,2.6568,4.2288,,,
29.4201,10,3,14.0098,43.4298,converged,81718.86,50054.75,0.9888,1.65,0.0000,0.0871,0.0674,,,,,,,
24.4837,10,10,47.2413,71.7244,completed,81719.10,50055.13,1.0333,1.58,0.0000,0.0999,0.1106,0.1657,0.3061,0.4418,0.2067,2.3407,3.8299,3.5721
55.0500,6,6,22.4625,77.5125,completed,81719.10,50055.13,1.0333,1.58,0.0000,0.1406,0.2060,1.3110,3.9884,5.9280,,,,
59.5103,5,5,21.9127,81.4227,completed,81719.30,50055.48,1.0678,1.44,0.0000,0.1550,0.2681,1.6528,5.6616,,,,,
35.6661,9,9,34.1608,69.8269,completed,81719.30,50055.48,1.0678,1.44,0.0000,0.1273,0.1575,0.1161,0.4303,0.8766,2.3732,4.4295,4.2594,
37.1993,9,3,8.9226,46.1216,converged,81719.49,50055.84,1.1049,1.31,0.0000,0.0842,0.0561,,,,,,,
47.4136,7,7,27.7606,75.1736,completed,81719.49,50055.84,1.1049,1.31,0.0000,0.1262,0.1306,0.4641,1.3795,4.2693,5.1956,,,
54.0471,6,6,24.2640,78.3111,completed,81719.62,50056.11,1.1317,1.27,0.0000,0.1416,0.1856,0.5052,2.3323,5.5328,,,,
44.1564,8,3,10.4061,54.5622,converged,81719.62,50056.11,1.1317,1.27,0.0000,0.0990,0.0941,,,,,,,
44.4932,8,3,10.0675,54.5605,converged,81719.76,50056.41,1.1626,1.25,0.0000,0.0784,0.0458,,,,,,,
44.0666,8,3,12.9793,57.0453,converged,81719.76,50056.41,1.1626,1.25,0.0000,0.0730,0.0618,,,,,,,
55.8752,6,6,24.7550,80.6300,completed,81719.88,50056.71,1.1900,1.19,0.0000,0.1063,0.1368,0.3230,2.6100,5.8632,,,,
28.1470,10,3,9.6205,37.7666,converged,81719.88,50056.71,1.1900,1.19,0.0000,0.0491,0.0444,,,,,,,
59.2558,5,5,22.4739,81.7290,completed,81720.00,50057.00,1.2188,1.15,0.0000,0.1400,0.6225,0.3116,5.2063,,,,,
55.0498,6,6,21.5280,76.5771,completed,81720.00,50057.00,1.2188,1.15,0.0000,0.1358,0.1918,0.5161,2.7429,5.7947,,,,
59.2129,5,5,23.3888,82.6008,completed,81720.09,50057.28,1.2437,1.06,0.0000,0.1329,0.4118,0.6245,5.7753,,,,,
35.2862,9,3,9.6552,44.9412,converged,81720.09,50057.28,1.2437,1.06,0.0000,0.0444,0.0290,,,,,,,
25.0527,10,3,16.2374,41.2894,converged,81720.18,50057.53,1.2657,0.93,0.0000,0.0652,0.0757,,,,,,,
40.9729,8,3,13.2980,54.2701,converged,81720.18,50057.53,1.2657,0.93,0.0000,0.0402,0.0536,,,,,,,
29.0478,10,3,9.7832,38.8303,converged,81720.23,50057.71,1.2836,0.83,0.0000,0.0538,0.0514,,,,,,,
41.8123,8,3,9.3603,51.1730,converged,81720.23,50057.71,1.2836,0.83,0.0000,0.0413,0.0363,,,,,,,
23.3788,10,3,10.4137,33.7918,converged,81720.28,50057.87,1.2976,0.80,0.0000,0.0589,0.0708,,,,,,,
55.9044,6,6,29.2006,85.1046,completed,81720.28,50057.87,1.2976,0.80,0.0000,0.1226,0.2486,0.6662,2.6269,6.1232,,,,
29.4545,10,3,10.0330,39.4870,converged,81720.33,50058.08,1.3159,0.82,0.0000,0.0323,0.0390,,,,,,,
51.2496,7,7,25.4740,76.7231,completed,81720.33,50058.08,1.3159,0.82,0.0000,0.0970,0.2175,1.0532,2.2843,2.7572,5.6561,,,
49.9136,7,7,31.3359,81.2490,completed,81720.39,50058.29,1.3337,0.82,0.0000,0.0795,0.1250,0.3016,0.6859,4.4213,5.7923,,,
50.4904,7,7,24.1219,74.6119,completed,81720.39,50058.29,1.3337,0.82,0.0000,0.0547,0.1250,0.3582,0.3827,4.4379,6.0729,,,
46.5061,7,7,26.3167,72.8227,completed,81720.43,50058.50,1.3511,0.78,0.0000,0.0585,0.1134,0.1446,0.7799,4.7824,6.1204,,,
44.5966,8,3,10.2692,54.8652,converged,81720.43,50058.50,1.3511,0.78,0.0000,0.0461,0.0832,,,,,,,
59.5107,5,5,17.7652,77.2752,completed,81720.47,50058.68,1.3633,0.62,0.0000,0.1901,1.0178,0.9777,5.0711,,,,,
43.0889,8,3,10.0548,53.1428,converged,81720.47,50058.68,1.3633,0.62,0.0000,0.0495,0.0625,,,,,,,
56.6174,6,6,22.7537,79.3707,completed,81720.50,50058.83,1.3723,0.51,0.0000,0.0923,0.1214,0.2548,3.0306,6.4868,,,,
36.8019,9,3,9.3787,46.1798,converged,81720.50,50058.83,1.3723,0.51,0.0000,0.0505,0.0838,,,,,,,
50.5659,7,7,28.1775,78.7426,completed,81720.53,50058.95,1.3795,0.45,0.0000,0.0796,0.1464,0.4567,0.2476,4.4397,5.9789,,,
33.4785,10,10,39.3184,72.7965,completed,81720.53,50058.95,1.3795,0.45,0.0000,0.0934,0.1631,0.3197,0.4789,0.5860,1.2449,3.5359,4.7187,4.2767
46.6660,7,7,31.6679,78.3330,completed,81720.55,50059.07,1.3856,0.35,0.0000,0.1332,0.2752,0.7233,0.5014,3.8539,5.7978,,,
26.5047,10,3,17.3293,43.8334,converged,81720.55,50059.07,1.3856,0.35,0.0000,0.0398,0.0567,,,,,,,
34.8665,9,9,37.1864,72.0524,completed,81720.56,50059.14,1.3892,0.24,0.0000,0.0800,0.1388,0.3070,0.8369,0.9650,2.3972,4.9465,5.0319,
28.4252,10,3,15.6977,44.1227,converged,81720.56,50059.14,1.3892,0.24,0.0000,0.0278,0.0536,,,,,,,
32.3143,10,3,20.7381,53.0521,converged,81720.57,50059.19,1.3904,0.16,0.0000,0.0468,0.0387,,,,,,,
29.6421,10,10,56.9712,86.6132,completed,81720.57,50059.19,1.3904,0.16,0.0000,0.0667,0.1684,0.2058,0.1151,0.7976,2.1561,3.8400,4.8150,4.3183
50.4305,7,7,30.6497,81.0798,completed,81720.58,50059.24,1.3922,0.15,0.0000,0.1766,0.6235,2.3378,1.1610,3.0065,5.5054,,,
34.3220,9,9,30.6211,64.9432,completed,81720.58,50059.24,1.3922,0.15,0.0000,0.0216,0.1004,0.5242,1.8494,0.8546,2.5272,4.4793,4.9252,
47.0665,7,7,28.5990,75.6650,completed,81720.58,50059.27,1.3938,0.00,0.0000,0.0937,0.1278,0.2832,1.4265,4.4825,5.7625,,,
37.0275,9,9,32.9763,70.0033,completed,81720.58,50059.27,1.3938,0.00,0.0000,0.1508,0.3250,1.3547,1.9801,0.6809,2.3080,4.4070,4.6410,
58.5337,5,5,23.9992,82.5322,completed,81720.58,50059.28,1.3936,0.00,0.0000,0.1517,0.3217,0.7377,5.6529,,,,,
44.6459,8,3,10.0123,54.6573,converged,81720.58,50059.28,1.3936,0.00,0.0000,0.0614,0.0590,,,,,,,
41.0147,8,3,9.4153,50.4294,converged,81720.58,50059.28,1.3935,0.00,0.0000,0.0800,0.0842,,,,,,,
59.2950,5,5,18.3071,77.6011,completed,81720.58,50059.28,1.3935,0.00,0.0000,0.0677,0.5058,2.0315,5.7418,,,,,
39.1476,9,9,36.1035,75.2505,completed,81720.58,50059.28,1.3934,0.00,0.0000,0.1358,0.2565,0.9889,1.4782,0.7016,2.4706,4.4267,4.6643,
50.2523,7,7,32.3887,82.6407,completed,81720.58,50059.28,1.3934,0.00,0.0000,0.0557,0.2374,2.1194,0.6289,3.8946,5.1209,,,
43.8115,8,8,43.4821,87.2932,completed,81720.58,50059.29,1.3938,0.00,0.0000,0.0572,0.2518,1.8590,1.6252,1.8156,4.1402,4.4843,,
35.1143,9,3,16.3418,51.4558,converged,81720.58,50059.29,1.3938,0.00,0.0000,0.0148,0.0698,,,,,,,
20.2034,10,3,11.0081,31.2111,converged,81720.58,50059.29,1.3937,0.00,0.0000,0.0146,0.0741,,,,,,,
46.5879,7,7,23.8913,70.4783,completed,81720.58,50059.29,1.3937,0.00,0.0000,0.0214,0.1974,1.5912,0.6185,3.7265,5.0208,,,
21.3366,10,10,34.3874,55.7234,completed,81720.58,50059.30,1.3944,0.00,0.0000,0.0542,0.2064,0.9483,2.9119,3.4303,1.2246,1.8407,3.2861,3.5445
51.7301,7,7,28.8750,80.6051,completed,81720.58,50059.30,1.3944,0.00,0.0000,0.0483,0.2737,1.3855,0.2804,3.4962,4.8990,,,
44.3416,8,3,10.7167,55.0577,converged,81720.58,50059.35,1.3993,0.27,0.0000,0.0551,0.0386,,,,,,,
37.4678,9,9,33.7884,71.2554,completed,81720.58,50059.35,1.3993,0.27,0.0000,0.0210,0.1045,0.6902,1.7789,0.8828,2.3661,3.9378,4.1032,
28.0475,10,3,11.9317,39.9789,converged,81720.60,50059.45,1.4140,0.53,0.0000,0.0210,0.0257,,,,,,,
48.2600,7,7,25.0012,73.2603,completed,81720.60,50059.45,1.4140,0.53,0.0000,0.0294,0.1628,0.9915,0.3945,3.2357,4.9440,,,
56.8432,6,6,34.0392,90.8822,completed,81720.62,50059.63,1.4346,0.71,0.0000,0.0261,0.1857,2.0500,1.4712,5.0490,,,,
50.9901,7,3,16.0188,67.0088,converged,81720.62,50059.63,1.4346,0.71,0.0000,0.0282,0.0267,,,,,,,
42.7124,8,3,20.1867,62.8987,converged,81720.65,50059.87,1.4558,0.91,0.0000,0.0262,0.0670,,,,,,,
42.3554,8,3,12.7400,55.0950,converged,81720.65,50059.87,1.4558,0.91,0.0000,0.0355,0.0184,,,,,,,
21.1984,10,3,14.7272,35.9252,converged,81720.68,50060.11,1.4776,1.16,0.0000,0.0159,0.0146,,,,,,,
38.1792,9,3,10.1469,48.3259,converged,81720.68,50060.11,1.4776,1.16,0.0000,0.0237,0.0168,,,,,,,
51.3650,7,7,26.8016,78.1666,completed,81720.70,50060.37,1.5005,1.35,0.0000,0.0423,0.1039,0.6311,0.4937,3.3828,5.7568,,,
31.7718,10,3,10.3179,42.0889,converged,81720.70,50060.37,1.5005,1.35,0.0000,0.0133,0.0202,,,,,,,
38.9558,9,3,10.6111,49.5662,converged,81720.72,50060.75,1.5303,1.55,0.0000,0.0287,0.0933,,,,,,,
34.3847,9,3,11.6765,46.0606,converged,81720.72,50060.75,1.5303,1.55,0.0000,0.0322,0.0335,,,,,,,
50.4460,7,7,36.8378,87.2838,completed,81720.73,50061.12,1.5567,1.79,0.0000,0.0361,0.2270,1.9692,1.4764,3.8429,6.0215,,,
30.0792,10,10,36.1068,66.1858,completed,81720.73,50061.12,1.5567,1.79,0.0000,0.0302,0.1157,0.3624,1.8465,4.9139,1.9381,3.4454,5.0708,5.0746
28.9416,10,3,11.5235,40.4645,converged,81720.73,50061.68,1.5908,2.08,0.0000,0.0191,0.0632,,,,,,,
42.7112,8,3,9.5160,52.2271,converged,81720.73,50061.68,1.5908,2.08,0.0000,0.0596,0.0621,,,,,,,
50.7576,7,7,34.5804,85.3374,completed,81720.71,50062.19,1.6188,2.45,0.0000,0.0271,0.4437,3.5394,1.9367,4.4072,6.7130,,,
42.4641,8,8,38.0413,80.5053,completed,81720.71,50062.19,1.6188,2.45,0.0000,0.0324,0.1507,1.0518,1.2808,2.4494,6.1518,6.4480,,
35.5412,9,9,46.2266,81.7676,completed,81720.66,50063.00,1.6499,2.93,0.0000,0.1599,0.3974,1.5380,7.8179,9.9510,3.1621,5.8338,5.9003,
31.0422,10,10,38.4582,69.5002,completed,81720.66,50063.00,1.6499,2.93,0.0000,0.0474,0.1536,0.4761,1.7706,1.4821,2.0672,5.4278,6.0130,5.2721
38.6804,9,9,36.7535,75.4336,completed,81720.57,50063.91,1.6850,3.51,0.0000,0.2850,0.5278,1.4845,5.2216,3.4946,4.9772,6.4164,5.7140,
55.0669,6,6,24.5337,79.5998,completed,81720.57,50063.91,1.6850,3.51,0.0000,0.3336,1.3999,3.3676,5.3385,8.0760,,,,
59.0203,5,5,18.9687,77.9887,completed,81720.42,50065.04,1.7123,4.08,0.0000,0.2848,3.7776,2.0741,8.5261,,,,,
25.3842,10,10,38.1297,63.5137,completed,81720.42,50065.04,1.7123,4.08,0.0000,0.2196,0.3289,0.8268,3.4182,4.9276,0.7415,6.2530,6.4578,5.5216
49.2488,7,7,25.2612,74.5092,completed,81720.25,50066.20,1.7316,4.62,0.0000,0.7900,1.7007,3.1097,4.1713,7.5498,8.3172,,,
25.0621,10,10,41.8081,66.8701,completed,81720.25,50066.20,1.7316,4.62,0.0000,0.4316,0.6806,0.9287,2.6089,0.6143,3.7777,5.8515,6.1249,5.1554
30.1001,10,10,32.0002,62.1002,completed,81720.00,50067.67,1.7533,5.27,0.0000,0.7974,1.0579,1.5196,5.6585,12.3738,1.9220,5.9149,6.7871,5.8718
36.3941,9,9,32.4385,68.8326,completed,81720.00,50067.67,1.7533,5.27,0.0000,0.9816,1.8034,4.4773,15.3588,5.7157,2.8416,6.3495,5.9600,
24.3002,10,10,40.1963,64.4964,completed,81719.74,50069.06,1.7604,5.77,0.0000,0.5763,0.8193,0.3005,0.9531,5.5977,6.4903,6.9025,6.1105,5.0076
55.4623,6,6,20.7875,76.2495,completed,81719.74,50069.06,1.7604,5.77,0.0000,1.5656,2.3614,3.8767,7.6910,9.4202,,,,
40.7394,8,8,30.9797,71.7187,completed,81719.46,50070.52,1.7603,6.18,0.0000,1.7096,2.4574,3.2563,0.2598,5.5819,8.9719,8.6555,,
41.1934,8,8,34.1570,75.3500,completed,81719.46,50070.52,1.7603,6.18,0.0000,0.7393,0.8599,0.8861,3.1653,6.6771,8.1310,7.2889,,
20.3438,10,10,36.6032,56.9462,completed,81719.10,50072.41,1.7664,6.58,0.0000,1.3619,2.0839,3.5783,7.5596,7.7886,4.1218,6.4339,6.8344,5.7307
54.7784,6,6,32.7412,87.5193,completed,81719.10,50072.41,1.7664,6.58,0.0000,1.8380,4.5307,7.0605,5.2374,9.1437,,,,
43.3913,8,8,34.0095,77.4006,completed,81718.75,50074.19,1.7675,6.90,0.0000,1.5293,3.6657,11.4897,9.9982,1.2143,6.0726,6.3345,,
28.6494,10,10,44.1714,72.8204,completed,81718.75,50074.19,1.7675,6.90,0.0000,1.0386,1.5378,2.0865,2.0360,0.2392,5.1192,7.3296,7.9516,6.6409
50.0891,7,7,39.5386,89.6277,completed,81718.37,50076.19,1.7687,7.23,0.0000,1.6439,0.8239,4.9023,9.4530,10.5937,9.3229,,,
54.7836,6,6,31.4159,86.1989,completed,81718.37,50076.19,1.7687,7.23,0.0000,2.2625,3.2335,1.8474,8.1353,10.7788,,,,
51.6698,7,7,30.2982,81.9673,completed,81717.94,50078.37,1.7709,7.55,0.0000,1.8129,3.2982,1.5765,5.2079,9.2151,9.9018,,,
45.8269,8,8,39.6179,85.4440,completed,81717.94,50078.37,1.7709,7.55,0.0000,1.5664,2.4558,0.3197,4.4261,8.2656,9.6181,8.4381,,
51.4946,7,7,37.5165,89.0106,completed,81717.42,50081.01,1.7684,7.94,0.0000,0.9029,1.1927,3.0063,8.9439,9.2234,8.3693,,,
36.8917,9,9,36.2567,73.1478,completed,81717.42,50081.01,1.7684,7.94,0.0000,1.0466,1.1266,0.2607,2.5977,7.6117,7.3188,7.6438,6.5204,
56.4619,6,6,23.0324,79.4934,completed,81716.84,50083.93,1.7690,8.30,0.0000,1.9814,1.0296,3.1750,6.0675,8.7509,,,,
42.2347,8,8,32.0064,74.2404,completed,81716.84,50083.93,1.7690,8.30,0.0000,1.3914,1.2712,0.1972,5.5296,5.8722,7.8147,7.0578,,
30.2449,10,10,40.1450,70.3890,completed,81716.37,50086.28,1.7652,8.47,0.0000,1.9941,5.1346,7.1531,2.1068,0.2520,1.6343,5.9042,7.1722,6.4159
26.2961,10,10,31.4699,57.7659,completed,81716.37,50086.28,1.7652,8.47,0.0000,0.0665,0.4577,1.8032,0.9100,4.1264,2.1721,5.3980,5.9826,5.2399
40.5106,8,8,28.8928,69.4029,completed,81715.98,50088.35,1.7600,8.57,0.0000,0.6229,1.6175,1.4151,2.4984,4.1073,6.8355,6.2479,,
55.1354,6,6,30.7462,85.8812,completed,81715.98,50088.35,1.7600,8.57,0.0000,5.4421,2.7224,5.2222,6.7784,9.1262,,,,
50.8182,7,7,32.4569,83.2750,completed,81715.50,50090.87,1.7591,8.63,0.0000,1.3945,4.6874,2.8545,3.2674,6.7560,7.5957,,,
23.7314,10,10,47.4669,71.1979,completed,81715.50,50090.87,1.7591,8.63,0.0000,4.0467,4.7974,3.3943,2.4143,2.5428,2.5898,5.6299,5.9280,5.1240
48.4532,7,7,27.9213,76.3744,completed,81715.06,50093.13,1.7591,8.66,0.0000,2.3230,6.7381,3.6545,2.9428,6.5594,7.4072,,,
58.5464,5,5,26.1318,84.6779,completed,81715.06,50093.13,1.7591,8.66,0.0000,7.3372,6.1988,6.3198,9.4488,,,,,
34.1990,9,9,38.3183,72.5164,completed,81714.60,50095.55,1.7571,8.67,0.0000,1.1320,3.0831,3.3506,1.6231,2.1245,5.0283,6.2090,5.4816,
23.3695,10,10,38.0816,61.4507,completed,81714.60,50095.55,1.7571,8.67,0.0000,1.1505,2.9963,3.6469,2.4152,2.2958,3.2715,5.9020,5.7216,4.7936
52.6911,6,6,28.5485,81.2395,completed,81714.15,50097.92,1.7565,8.66,0.0000,6.3250,0.5114,6.3322,6.7377,8.5211,,,,
29.4632,10,10,47.6085,77.0716,completed,81714.15,50097.92,1.7565,8.66,0.0000,0.7963,1.2319,1.5669,2.2290,2.5817,4.3480,6.0565,5.3222,4.2215
34.6631,9,9,47.2182,81.8812,completed,81713.72,50100.19,1.7558,8.65,0.0000,0.7971,1.1661,1.1362,1.3427,2.6184,5.1741,6.1042,5.2983,
50.8351,7,7,26.6838,77.5189,completed,81713.72,50100.19,1.7558,8.65,0.0000,1.0369,1.3381,3.0702,4.3693,6.9397,7.1006,,,
30.2733,10,10,48.3830,78.6560,completed,81713.19,50103.01,1.7544,8.63,0.0000,0.9214,1.0237,0.8027,0.3423,1.1213,2.4354,4.7918,5.3649,4.7016
26.9953,10,10,38.6158,65.6108,completed,81713.19,50103.01,1.7544,8.63,0.0000,0.5322,0.6784,0.9743,2.1828,2.8349,3.7251,5.4563,5.3516,4.5254
28.6607,10,10,37.4263,66.0863,completed,81712.77,50105.27,1.7543,8.61,0.0000,0.4048,0.4078,0.9767,0.1957,0.9346,2.3260,4.8549,5.2160,4.5050
53.5722,6,6,35.3675,88.9396,completed,81712.77,50105.27,1.7543,8.61,0.0000,1.4183,2.3209,7.1069,7.6830,8.3325,,,,
27.4274,10,10,44.7971,72.2242,completed,81712.32,50107.70,1.7518,8.60,0.0000,0.4804,0.4326,0.2116,0.1874,0.9167,2.5413,4.3935,4.9323,4.2670
48.5349,7,7,33.9942,82.5282,completed,81712.32,50107.70,1.7518,8.60,0.0000,0.1225,0.5751,2.3855,0.8246,7.8967,8.4749,,,
41.2340,8,8,31.4253,72.6593,completed,81711.92,50109.91,1.7518,8.59,0.0000,0.8490,0.8046,0.4249,1.6878,3.8621,5.5916,5.2619,,
32.6382,10,3,14.0422,46.6802,converged,81711.92,50109.91,1.7518,8.59,0.0000,0.2092,0.0743,,,,,,,
48.8379,7,7,32.7564,81.5934,completed,81711.52,50112.17,1.7511,8.58,0.0000,0.3623,0.7932,2.2829,1.0556,8.1697,8.7112,,,
38.3917,9,4,23.8430,62.2340,converged,81711.52,50112.17,1.7511,8.58,0.0000,0.4224,0.2677,0.0948,,,,,,
51.7250,7,3,11.1401,62.8652,converged,81711.11,50114.43,1.7541,8.57,0.0000,0.1217,0.0595,,,,,,,
32.1337,10,10,44.6062,76.7392,completed,81711.11,50114.43,1.7541,8.57,0.0000,0.3874,0.1197,0.7670,0.2629,1.0541,4.0512,7.5623,7.1300,6.0907
59.0610,5,5,18.8285,77.8895,completed,81710.67,50116.80,1.7605,8.56,0.0000,0.3926,1.0056,3.7546,10.1610,,,,,
49.8206,7,7,30.8537,80.6737,completed,81710.67,50116.80,1.7605,8.56,0.0000,0.3434,0.1834,0.6489,4.0320,9.4108,9.1503,,,
49.3254,7,7,30.0442,79.3692,completed,81710.20,50119.19,1.7632,8.55,0.0000,0.3938,0.4298,0.7478,3.7596,5.8622,6.5907,,,
24.8617,10,10,34.6996,59.5607,completed,81710.20,50119.19,1.7632,8.55,0.0000,0.1391,0.2540,0.6090,0.7425,3.6521,7.3109,6.7807,6.3600,5.1945
28.8756,10,10,41.9558,70.8308,completed,81709.73,50121.55,1.7623,8.54,0.0000,0.0980,0.5895,0.6332,0.6242,3.6895,3.4406,4.5744,5.2862,4.7328
27.9776,10,10,41.2489,69.2530,completed,81709.73,50121.55,1.7623,8.54,0.0000,0.0614,0.1979,0.2168,2.0192,5.0314,7.4813,6.0777,6.1938,5.3230
48.2326,7,7,41.9455,90.1775,completed,81709.28,50123.80,1.7603,8.54,0.0000,0.7644,2.4207,1.1860,4.8181,8.7106,8.4194,,,
46.1821,7,7,33.5696,79.7516,completed,81709.28,50123.80,1.7603,8.54,0.0000,1.2980,2.2770,2.5515,7.0998,8.6248,8.2466,,,
49.0159,7,7,28.5354,77.5505,completed,81708.82,50126.23,1.7570,8.53,0.0000,0.4297,1.4667,1.3008,4.4671,7.1737,7.6721,,,
50.3324,7,7,32.4036,82.7356,completed,81708.82,50126.23,1.7570,8.53,0.0000,0.7973,2.0816,3.9064,7.8192,7.9226,7.7150,,,
53.2434,6,6,22.9564,76.1994,completed,81708.33,50128.86,1.7561,8.52,0.0000,0.4264,0.5311,5.0839,9.0506,9.5848,,,,
43.0360,8,8,33.7222,76.7572,completed,81708.33,50128.86,1.7561,8.52,0.0000,1.0846,3.3622,3.3175,4.2054,3.1726,8.0769,7.6520,,
54.7249,6,6,24.3509,79.0749,completed,81707.91,50131.11,1.7531,8.52,0.0000,0.7365,0.5624,7.3863,8.5744,8.7839,,,,
41.8600,8,8,32.1940,74.0530,completed,81707.91,50131.11,1.7531,8.52,0.0000,0.2611,0.6104,1.9928,7.6927,6.1659,7.2609,6.5309,,
50.4779,7,7,30.6536,81.1306,completed,81707.46,50133.63,1.7541,8.51,0.0000,0.9427,2.8100,0.6653,6.5268,8.8164,8.7821,,,
59.7836,5,5,24.6369,84.4200,completed,81707.46,50133.63,1.7541,8.51,0.0000,4.3895,3.3689,3.3160,10.0980,,,,,
22.0502,10,10,48.6579,70.7079,completed,81707.02,50136.02,1.7535,8.50,0.0000,0.6075,1.6695,2.6816,0.3577,0.3053,5.8657,7.7243,7.0168,5.8252
55.4415,6,6,22.7835,78.2245,completed,81707.02,50136.02,1.7535,8.50,0.0000,1.0517,3.1247,1.4755,8.1160,9.8385,,,,
39.8783,9,9,39.9893,79.8673,completed,81706.58,50138.39,1.7538,8.50,0.0000,0.6055,0.6581,0.2565,2.4742,4.4920,5.8882,6.5188,5.7663,
31.6871,10,10,38.4673,70.1544,completed,81706.58,50138.39,1.7538,8.50,0.0000,0.4657,0.2928,0.8940,4.5177,5.3535,4.6997,6.2117,6.0509,5.1495
54.1157,6,6,29.9811,84.0961,completed,81706.11,50140.91,1.7541,8.49,0.0000,0.3727,1.2263,4.2231,7.4612,8.2414,,,,
53.8678,6,6,25.9205,79.7876,completed,81706.11,50140.91,1.7541,8.49,0.0000,0.5925,0.4604,4.8151,7.9108,9.0760,,,,
44.4831,8,8,46.1798,90.6628,completed,81705.65,50143.42,1.7529,8.49,0.0000,0.4418,0.4941,0.5168,1.8368,4.3073,5.8064,5.4922,,
43.2307,8,8,38.3132,81.5432,completed,81705.65,50143.42,1.7529,8.49,0.0000,2.3520,2.4400,2.8343,5.4006,6.2188,7.6627,7.5641,,
38.3296,9,9,40.5111,78.8401,completed,81705.19,50145.93,1.7516,8.48,0.0000,0.2290,0.2959,3.5332,0.9491,5.8970,6.3613,6.2937,5.4446,
49.6615,7,7,27.0955,76.7566,completed,81705.19,50145.93,1.7516,8.48,0.0000,1.5448,0.8044,6.8528,8.5872,9.0444,8.6432,,,
45.7790,8,8,32.5060,78.2841,completed,81704.73,50148.44,1.7511,8.48,0.0000,0.3317,0.8759,1.5342,0.2094,7.6871,8.7408,7.4174,,
40.2248,8,8,39.7030,79.9270,completed,81704.73,50148.44,1.7511,8.48,0.0000,0.3792,1.3459,5.8558,3.9928,6.7593,9.3913,7.9205,,
48.4626,7,7,45.1562,93.6183,completed,81704.25,50151.10,1.7510,8.47,0.0000,0.9374,0.8818,5.6178,10.5121,9.4225,8.2945,,,
58.2741,5,5,24.5293,82.8034,completed,81704.25,50151.10,1.7510,8.47,0.0000,1.5100,1.8169,9.5722,12.1839,,,,,
30.5654,10,10,36.8185,67.3836,completed,81703.77,50153.74,1.7520,8.47,0.0000,0.4597,0.4477,0.3763,0.9303,6.2279,8.0383,7.1078,6.7212,5.8603
37.1474,9,9,35.3537,72.5007,completed,81703.77,50153.74,1.7520,8.47,0.0000,0.2573,0.3825,0.4286,2.4405,8.8537,7.7511,7.7537,6.6502,
49.2390,7,7,38.3435,87.5815,completed,81703.37,50155.97,1.7519,8.46,0.0000,0.6408,0.9738,1.1244,4.8855,9.7011,9.4087,,,
51.8878,7,7,50.1963,102.0833,completed,81703.37,50155.97,1.7519,8.46,0.0000,0.2577,0.3246,1.7454,2.5901,9.7471,9.4798,,,
35.8433,9,9,51.2131,87.0562,completed,81702.82,50159.05,1.7523,8.46,0.0000,0.3809,0.5182,0.6999,0.6514,4.9120,8.3477,7.9490,6.7714,
27.0772,10,3,16.9482,44.0252,converged,81702.82,50159.05,1.7523,8.46,0.0000,0.1076,0.0823,,,,,,,
53.3726,6,6,31.3608,84.7328,completed,81702.36,50161.57,1.7538,8.45,0.0000,0.3852,0.3051,0.2995,9.4828,11.3956,,,,
41.7700,8,3,14.1786,55.9486,converged,81702.36,50161.57,1.7538,8.45,0.0000,0.0567,0.0987,,,,,,,
47.5094,7,5,48.4891,95.9981,deadline,81701.90,50164.07,1.7554,8.45,0.0000,0.5926,0.5964,1.3271,3.4146,,,,,
49.9951,7,7,24.0900,74.0851,completed,81701.90,50164.07,1.7554,8.45,0.0000,0.1051,0.2189,0.3011,10.9885,10.5272,8.4895,,,
26.8706,10,10,37.7553,64.6253,completed,81701.28,50167.40,1.7629,8.44,0.0000,3.5224,4.7152,1.8725,2.1551,4.9803,9.9824,7.8524,6.8372,5.9498
41.4325,8,8,39.6053,81.0373,completed,81701.28,50167.40,1.7629,8.44,0.0000,0.4771,0.3655,0.3247,0.2084,5.5165,9.6668,8.7570,,
44.2166,8,8,30.3756,74.5916,completed,81700.80,50169.90,1.7624,8.44,0.0000,3.5253,3.5565,0.9402,1.5863,6.6313,10.5213,9.0860,,
51.4302,7,7,36.5023,87.9323,completed,81700.80,50169.90,1.7624,8.44,0.0000,0.3158,0.1892,0.3691,1.4125,8.0979,10.2980,,,
37.8001,9,9,33.0723,70.8723,completed,81700.32,50172.40,1.7599,8.44,0.0000,3.7677,3.9197,0.2879,5.9666,3.4331,7.2890,9.8873,8.4655,
23.4724,10,10,41.8759,65.3480,completed,81700.32,50172.40,1.7599,8.44,0.0000,0.3932,0.3939,0.1250,0.1192,0.5811,4.0902,8.9146,7.6762,6.4229
33.0620,10,10,51.6348,84.6968,completed,81699.95,50174.33,1.7586,8.43,0.0000,3.5203,5.5451,2.1651,1.2420,0.6924,4.3203,9.5780,8.2501,6.7215
30.8680,10,10,40.4800,71.3481,completed,81699.95,50174.33,1.7586,8.43,0.0000,0.3180,0.1621,0.6108,0.4032,0.3775,1.4794,6.6132,8.0754,6.9637
38.4485,9,9,40.7838,79.2318,completed,81699.48,50176.80,1.7605,8.43,0.0000,0.4574,1.0509,0.1131,10.1396,14.6723,7.7887,7.7902,6.7856,
38.1198,9,9,31.2409,69.3600,completed,81699.48,50176.80,1.7605,8.43,0.0000,0.3168,0.2397,0.1129,0.1648,2.6065,9.1154,8.4741,7.1384,
58.8239,5,5,19.7950,78.6180,completed,81699.00,50179.29,1.7594,8.43,0.0000,6.1285,0.8360,3.2884,10.7076,,,,,
40.2417,8,8,38.4634,78.7044,completed,81699.00,50179.29,1.7594,8.43,0.0000,0.4179,0.2158,0.4844,0.4243,4.0611,9.5064,8.1873,,
41.4084,8,8,42.1729,83.5810,completed,81698.49,50181.92,1.7578,8.42,0.0000,0.4235,1.0743,0.5609,1.4707,4.8431,9.8954,9.6697,,
32.6488,10,4,17.4867,50.1347,converged,81698.49,50181.92,1.7578,8.42,0.0000,0.0896,0.1099,0.0953,,,,,,
51.4812,7,7,31.1783,82.6593,completed,81698.07,50184.13,1.7577,8.42,0.0000,0.8255,2.1232,0.6003,2.5612,10.9875,9.6710,,,
53.7821,6,6,22.7072,76.4892,completed,81698.07,50184.13,1.7577,8.42,0.0000,0.0563,0.3944,0.7033,6.2409,10.4588,,,,
28.0824,10,3,10.8435,38.9255,converged,81697.63,50186.47,1.7582,8.42,0.0000,0.1346,0.0999,,,,,,,
38.1538,9,9,44.2056,82.3586,completed,81697.63,50186.47,1.7582,8.42,0.0000,0.0218,0.1272,0.2754,0.4223,1.4276,8.5057,8.8066,7.2105,
47.4545,7,7,34.4156,81.8697,completed,81697.27,50188.39,1.7612,8.41,0.0000,3.0753,5.8442,3.4046,2.7588,10.5203,10.1295,,,
44.3507,8,8,30.1666,74.5166,completed,81697.27,50188.39,1.7612,8.41,0.0000,0.0916,0.2777,0.1281,1.2390,6.5693,9.7693,8.6793,,
25.7768,10,10,39.6376,65.4136,completed,81696.79,50190.86,1.7639,8.41,0.0000,0.0123,0.1286,0.4646,0.5005,0.2991,2.3358,8.9152,7.4124,5.8852
49.1807,7,7,31.0205,80.2005,completed,81696.79,50190.86,1.7639,8.41,0.0000,0.3212,0.6101,0.5025,0.9006,8.9243,9.2064,,,
56.7574,6,6,22.6001,79.3571,completed,81696.37,50193.06,1.7619,8.41,0.0000,0.0925,0.3037,0.5457,7.0766,10.6373,,,,
44.8878,8,8,28.0969,72.9839,completed,81696.37,50193.06,1.7619,8.41,0.0000,0.0614,0.2250,0.2558,0.7019,3.7307,9.8262,8.7779,,
31.5387,10,10,37.6503,69.1883,completed,81695.90,50195.54,1.7607,8.40,0.0000,0.0834,0.1658,0.1436,0.2626,0.7503,3.2212,9.3760,8.0448,6.4930
43.8553,8,4,17.9011,61.7561,converged,81695.90,50195.54,1.7607,8.40,0.0000,0.0608,0.1890,0.0450,,,,,,
51.1268,7,7,30.6707,81.7968,completed,81695.48,50197.72,1.7608,8.40,0.0000,0.0727,0.2838,0.4278,1.0129,7.3725,10.0674,,,
22.8193,10,3,8.8675,31.6865,converged,81695.48,50197.72,1.7608,8.40,0.0000,0.0289,0.0923,,,,,,,
41.3369,8,8,30.7852,72.1213,completed,81695.11,50199.64,1.7586,8.40,0.0000,0.0433,0.1271,0.1104,0.6441,3.4284,9.7167,9.2853,,
24.7767,10,10,46.0973,70.8733,completed,81695.11,50199.64,1.7586,8.40,0.0000,0.3849,1.0954,3.0697,2.6224,2.9470,0.6974,6.5039,8.6160,7.0494
29.1262,10,10,32.3528,61.4788,completed,81694.64,50202.11,1.7607,8.39,0.0000,0.7435,1.5692,0.1740,6.8739,1.0728,1.9318,7.8262,8.7023,7.0077
49.7066,7,7,29.3241,79.0301,completed,81694.64,50202.11,1.7607,8.39,0.0000,0.6211,0.9700,5.8373,1.4494,8.1697,10.2940,,,
39.5962,9,9,41.9428,81.5388,completed,81694.22,50204.30,1.7607,8.39,0.0000,0.5281,3.2208,11.8476,12.9772,1.6418,0.4321,0.2565,0.9724,
38.4217,9,9,39.6790,78.1000,completed,81694.22,50204.30,1.7607,8.39,0.0000,2.0277,2.5072,7.1483,8.5060,1.3201,5.0934,9.1698,8.3999,
52.7431,6,6,34.8492,87.5922,completed,81693.77,50206.64,1.7562,8.38,0.0000,6.3353,3.2729,22.4805,11.1945,13.2462,,,,
54.5231,6,6,22.2651,76.7882,completed,81693.77,50206.64,1.7562,8.38,0.0000,1.0021,4.3061,6.3156,6.7162,11.5391,,,,
59.0123,5,5,28.5062,87.5182,completed,81693.32,50209.09,1.7430,8.15,0.0000,3.4848,0.7183,6.3748,11.5484,,,,,
41.0458,8,8,38.5126,79.5577,completed,81693.32,50209.09,1.7430,8.15,0.0000,1.0885,1.2865,1.2741,2.2841,3.3138,10.0033,9.7778,,
27.3752,10,10,37.2961,64.6711,completed,81692.90,50211.57,1.7332,7.93,0.0000,0.8848,1.2172,1.0510,1.2365,2.3700,3.0958,8.6932,9.0328,7.1964
35.7004,9,4,16.7525,52.4525,converged,81692.90,50211.57,1.7332,7.93,0.0000,0.5664,0.4228,0.0395,,,,,,
44.8695,8,8,40.4739,85.3429,completed,81692.51,50213.90,1.7371,7.90,0.0000,0.1592,0.2055,0.5169,3.3061,3.1629,9.5084,9.7374,,
48.6991,7,7,35.6345,84.3336,completed,81692.51,50213.90,1.7371,7.90,0.0000,1.1922,1.0223,2.8678,4.0830,11.3270,11.2152,,,
57.0441,6,6,39.6060,96.6500,completed,81692.07,50216.49,1.7437,7.98,0.0000,0.6702,1.4463,4.3244,9.3813,12.1457,,,,
52.4464,6,6,34.0257,86.4717,completed,81692.07,50216.49,1.7437,7.98,0.0000,0.9114,1.4812,5.8026,9.5846,12.1143,,,,
23.1259,10,10,55.1991,78.3242,completed,81691.58,50219.29,1.7441,8.11,0.0000,0.2643,1.2698,6.8276,9.3454,4.5690,3.9064,5.7050,6.5685,5.9400
23.6194,10,10,47.4304,71.0495,completed,81691.58,50219.29,1.7441,8.11,0.0000,0.9202,1.1393,0.8597,1.5024,5.3890,9.8592,10.3888,8.0361,6.1039
38.7633,9,7,54.3093,93.0723,deadline,81691.13,50221.84,1.7460,8.20,0.0000,1.7428,4.0510,8.0346,2.3490,6.7732,6.5431,,,
53.8731,6,6,34.4521,88.3252,completed,81691.13,50221.84,1.7460,8.20,0.0000,1.0882,0.8567,4.8818,6.2359,12.2609,,,,
57.7853,6,6,25.9285,83.7136,completed,81690.50,50225.35,1.7468,8.29,0.0000,2.3059,5.8544,6.7200,7.3959,9.5345,,,,
36.4870,9,9,35.5719,72.0580,completed,81690.50,50225.35,1.7468,8.29,0.0000,0.4903,0.6126,0.4597,2.3979,2.2009,4.8070,9.8160,10.0698,
58.8187,5,5,26.5915,85.4095,completed,81690.01,50228.08,1.7528,8.33,0.0000,3.2497,4.6314,5.1149,9.0315,,,,,
57.5435,6,6,34.9999,92.5429,completed,81690.01,50228.08,1.7528,8.33,0.0000,0.6290,0.4039,1.3390,5.8227,11.1293,,,,
21.8146,10,10,43.9621,65.7761,completed,81689.53,50230.68,1.7535,8.35,0.0000,0.7823,1.1601,1.3400,1.9251,2.4182,2.8304,5.3007,5.5556,4.7843
24.5281,10,3,11.1447,35.6727,converged,81689.53,50230.68,1.7535,8.35,0.0000,0.2111,0.0707,,,,,,,
32.1023,10,10,37.8284,69.9304,completed,81689.11,50232.97,1.7541,8.36,0.0000,0.0273,0.4241,1.4505,1.1702,1.2394,2.2684,4.9600,5.7630,5.0640
31.0000,10,10,36.1530,67.1520,completed,81689.11,50232.97,1.7541,8.36,0.0000,0.3844,0.3972,0.2284,0.5494,0.4826,2.0312,4.6333,8.1084,9.3450
24.2011,10,10,33.6526,57.8537,completed,81688.70,50235.18,1.7548,8.37,0.0000,0.3282,0.3113,2.4751,1.8067,1.1910,1.7346,4.6943,5.7240,5.0864
53.9358,6,6,27.9214,81.8565,completed,81688.70,50235.18,1.7548,8.37,0.0000,0.8369,0.9369,0.7756,3.6492,8.8217,,,,
53.3853,6,6,22.5883,75.9733,completed,81688.29,50237.36,1.7577,8.37,0.0000,8.0398,14.2442,23.7565,2.2299,7.6643,,,,
42.8725,8,8,35.1678,78.0398,completed,81688.29,50237.36,1.7577,8.37,0.0000,0.3332,0.4330,0.7142,1.2034,2.7567,7.1033,9.4928,,
25.7092,10,10,54.7688,80.4779,completed,81687.82,50239.82,1.7582,8.37,0.0000,0.0225,0.2180,0.4331,0.5788,1.3873,2.6412,4.6591,4.5401,3.6035
37.3991,9,9,51.0390,88.4380,completed,81687.82,50239.82,1.7582,8.37,0.0000,0.2264,0.1671,0.1868,0.4051,1.0256,2.3782,5.4730,7.9877,
30.1005,10,10,40.9298,71.0298,completed,81687.34,50242.28,1.7595,8.36,0.0000,0.0487,0.4118,1.0359,1.0827,1.3270,1.9583,4.1126,4.7798,4.0646
30.4302,10,10,42.6948,73.1249,completed,81687.34,50242.28,1.7595,8.36,0.0000,0.1828,0.1564,0.1782,0.1800,0.5645,1.4137,3.1187,6.2734,7.8921
34.8164,9,9,32.1222,66.9382,completed,81686.87,50244.74,1.7589,8.36,0.0000,0.3473,0.1545,1.4713,3.1179,1.8036,3.8000,5.3517,4.7345,
56.6757,6,6,35.0078,91.6828,completed,81686.87,50244.74,1.7589,8.36,0.0000,0.1659,0.4093,0.9771,3.0262,8.3526,,,,
57.4593,6,6,28.8804,86.3395,completed,81686.42,50247.08,1.7585,8.36,0.0000,0.1816,0.6229,1.9870,4.0498,6.3929,,,,
30.0490,10,10,42.7879,72.8370,completed,81686.42,50247.08,1.7585,8.36,0.0000,0.1703,0.1174,0.1373,0.1152,0.5325,0.9754,2.1192,4.7777,6.8707
55.0283,6,6,22.5887,77.6167,completed,81685.96,50249.54,1.7580,8.36,0.0000,0.0415,1.1986,2.7908,4.4436,6.3588,,,,
25.3112,10,10,39.3933,64.7043,completed,81685.96,50249.54,1.7580,8.36,0.0000,0.0516,0.1120,0.3352,0.3253,0.4178,0.8636,2.4529,6.1175,7.0225
58.4890,5,5,24.8744,83.3625,completed,81685.53,50251.84,1.7568,8.35,0.0000,4.8800,14.3802,1.8087,5.9801,,,,,
51.6582,7,7,28.8452,80.5032,completed,81685.53,50251.84,1.7568,8.35,0.0000,0.1158,0.1865,0.2023,0.8447,3.1220,7.6619,,,
44.5013,8,8,33.3137,77.8147,completed,81685.07,50254.30,1.7565,8.35,0.0000,0.8246,6.0204,23.9616,12.4617,1.4963,7.6416,7.0435,,
28.9938,10,3,9.8203,38.8133,converged,81685.07,50254.30,1.7565,8.35,0.0000,0.0406,0.0577,,,,,,,
54.4775,6,6,21.5320,76.0091,completed,81684.71,50256.23,1.7552,8.35,0.0000,0.2431,0.4148,0.3438,1.8217,7.7432,,,,
41.8616,8,8,30.0790,71.9401,completed,81684.51,50257.33,1.7553,8.35,0.0000,0.1811,0.2231,0.1944,0.2505,0.7727,3.8418,6.7832,,
31.9918,10,10,40.2080,72.1990,completed,81684.51,50257.33,1.7553,8.35,0.0000,0.0844,0.1722,0.8075,0.4587,0.2456,0.5858,1.3052,5.2334,6.6798
30.0952,10,10,35.1209,65.2159,completed,81684.04,50259.78,1.7557,8.35,0.0000,0.2602,0.6733,0.6777,0.5126,0.7675,1.0493,5.6795,8.0493,6.2751
21.8903,10,10,37.9116,59.8016,completed,81684.04,50259.78,1.7557,8.35,0.0000,0.1031,0.2992,1.6672,0.3608,0.3055,1.2445,4.0900,6.7357,6.0665
51.3258,7,7,23.8212,75.1463,completed,81683.66,50261.84,1.7531,8.35,0.0000,4.4882,5.5201,1.4518,9.6755,0.8808,7.1030,,,
41.4439,8,8,32.2461,73.6891,completed,81683.66,50261.84,1.7531,8.35,0.0000,2.4415,8.7582,20.0625,1.1100,1.7042,3.7070,5.3858,,
38.2589,9,9,41.6525,79.9105,completed,81683.21,50264.31,1.7514,8.35,0.0000,3.6722,2.3090,10.4726,0.7557,0.5327,1.3672,5.4887,6.3825,
50.2734,7,7,30.2888,80.5619,completed,81683.21,50264.31,1.7514,8.35,0.0000,0.9820,0.5132,4.8290,3.0254,5.6480,5.7260,,,
51.3417,7,7,42.7065,94.0475,completed,81682.79,50266.61,1.7494,8.35,0.0000,1.7192,9.0228,11.1892,5.0300,6.5212,6.5910,,,
46.8734,7,7,28.9437,75.8167,completed,81682.79,50266.61,1.7494,8.35,0.0000,0.5615,0.3006,3.5066,3.9279,5.0502,5.6111,,,
42.7453,8,8,32.6482,75.3932,completed,81682.35,50269.07,1.7488,8.35,0.0000,0.2264,2.5466,6.5176,7.1555,4.7189,6.2104,5.5202,,
37.3881,9,9,32.5453,69.9334,completed,81682.35,50269.07,1.7488,8.35,0.0000,1.2333,0.8711,1.8276,4.5130,4.3210,3.9396,5.2134,4.7500,
22.6192,10,10,41.5081,64.1271,completed,81681.90,50271.54,1.7510,8.35,0.0000,1.8394,3.3820,6.1755,5.7117,6.6039,3.2780,5.0764,5.1638,4.3470
28.1255,10,10,35.1040,63.2291,completed,81681.90,50271.54,1.7510,8.35,0.0000,0.1007,0.2385,0.9696,1.5150,4.2679,3.4028,4.6859,4.9006,4.1446
54.1946,6,6,39.5256,93.7196,completed,81681.50,50273.75,1.7521,8.35,0.0000,2.8038,13.0540,10.2030,8.5269,9.2060,,,,
38.0324,9,9,43.9572,82.3139,completed,81681.50,50273.75,1.7521,8.35,0.0000,0.1883,0.4293,0.9593,3.2192,3.8802,4.1295,5.3327,4.8182,
47.3247,7,7,47.4334,94.7574,completed,81681.00,50276.47,1.7525,8.35,0.0000,2.7081,3.4411,1.0460,6.8163,8.3774,7.9942,,,
46.8100,7,7,25.9113,72.7214,completed,81681.00,50276.47,1.7525,8.35,0.0000,0.1793,0.1194,3.1748,5.1680,5.9425,6.3042,,,
35.6089,9,9,36.1723,71.7803,completed,81680.55,50278.94,1.7519,8.35,0.0000,0.5083,3.2406,5.1719,6.7623,2.8662,5.3169,6.8407,6.0604,
44.5061,8,8,27.9658,72.4718,completed,81680.55,50278.94,1.7519,8.35,0.0000,0.7391,0.8103,1.1277,4.1436,4.9718,5.9592,5.0624,,
35.2974,9,9,39.3352,74.6322,completed,81680.10,50281.40,1.7518,8.35,0.0000,0.3040,1.0825,3.7942,7.7650,3.8327,6.1777,7.5592,6.6474,
51.0988,7,7,26.5960,77.6941,completed,81680.10,50281.40,1.7518,8.35,0.0000,0.3846,0.5839,2.1434,6.6096,7.0213,6.9058,,,
42.5313,8,8,31.1549,73.6860,completed,81679.69,50283.61,1.7524,8.35,0.0000,2.4029,5.3525,11.7348,5.5002,2.8769,6.5851,6.3719,,
35.5896,9,9,32.8860,68.4750,completed,81679.69,50283.61,1.7524,8.35,0.0000,0.5972,0.8095,0.3055,2.7430,4.4631,5.2141,6.3627,5.6849,
37.0421,9,9,31.8916,68.9337,completed,81679.24,50286.07,1.7543,8.35,0.0000,0.8517,0.8586,1.5558,2.6672,5.0745,7.5915,7.7773,6.6087,
52.0036,6,6,24.1729,76.1760,completed,81679.24,50286.07,1.7543,8.35,0.0000,1.4399,0.9301,3.1496,7.9718,8.5496,,,,
30.5327,10,10,35.3501,65.8821,completed,81678.84,50288.26,1.7534,8.35,0.0000,0.2596,0.2535,0.8038,4.4662,3.0251,2.3215,4.6221,4.4335,3.5461
46.1532,7,7,26.0021,72.1552,completed,81678.84,50288.26,1.7534,8.35,0.0000,1.3856,2.6086,1.2043,6.6398,7.0077,7.3140,,,
43.3469,8,8,33.6542,77.0004,completed,81678.44,50290.43,1.7510,8.35,0.0000,3.0228,4.1007,1.7805,3.2668,5.0200,7.3013,6.4818,,
34.6555,9,9,30.4214,65.0764,completed,81678.44,50290.43,1.7510,8.35,0.0000,0.3207,0.3119,1.8775,6.1173,3.5453,4.7525,5.3084,4.3980,
54.0451,6,6,34.3056,88.3506,completed,81677.99,50292.90,1.7503,8.35,0.0000,0.5535,0.8748,1.5049,3.7204,5.7907,,,,
35.3524,9,9,45.1702,80.5222,completed,81677.99,50292.90,1.7503,8.35,0.0000,1.1839,1.7000,0.4113,3.0867,6.7989,5.7734,6.4494,5.7516,
20.0237,10,10,47.7155,67.7385,completed,81677.54,50295.36,1.7506,8.34,0.0000,0.4189,0.6334,0.4497,1.1938,0.9726,0.6330,3.4187,4.1251,3.4608
57.8641,6,6,20.9513,78.8153,completed,81677.54,50295.36,1.7506,8.34,0.0000,3.3850,2.7632,4.5279,7.3797,8.8224,,,,
21.9311,10,10,36.7029,58.6339,completed,81677.14,50297.57,1.7509,8.34,0.0000,1.0870,2.0862,4.2432,2.0377,4.5924,2.7918,4.0342,5.1058,4.5298
50.8909,7,7,29.0787,79.9687,completed,81677.14,50297.57,1.7509,8.34,0.0000,2.8122,6.0650,4.3439,4.2485,7.1577,8.0540,,,
24.8784,10,10,41.4101,66.2882,completed,81676.75,50299.76,1.7511,8.34,0.0000,0.3954,0.3463,0.5023,1.7075,0.7053,1.0313,3.8161,4.4677,3.8045
52.1907,6,6,23.7276,75.9176,completed,81676.75,50299.76,1.7511,8.34,0.0000,3.2110,5.5191,4.0106,4.7708,8.2972,,,,
21.5195,10,10,52.8534,74.3725,completed,81676.35,50301.93,1.7517,8.34,0.0000,0.6788,0.4350,1.4082,3.7458,1.1168,1.6536,4.6976,4.8169,3.9561
54.8872,6,6,24.6775,79.5645,completed,81676.35,50301.93,1.7517,8.34,0.0000,1.5627,0.1823,7.4771,6.9352,8.3274,,,,
40.4195,8,8,34.5125,74.9315,completed,81675.90,50304.39,1.7512,8.34,0.0000,0.7820,0.5500,2.7017,1.3610,2.0275,5.3708,5.3018,,
44.2261,8,8,28.8451,73.0712,completed,81675.90,50304.39,1.7512,8.34,0.0000,0.7113,0.3927,3.3529,6.4537,5.2914,7.0382,6.3953,,
23.9296,10,10,35.9467,59.8758,completed,81675.46,50306.86,1.7493,8.34,0.0000,1.0706,0.9694,1.1821,5.6771,5.4910,2.6320,4.7092,5.2599,4.5682
55.0305,6,6,29.1371,84.1671,completed,81675.46,50306.86,1.7493,8.34,0.0000,1.6411,2.5996,5.0083,6.4587,8.2942,,,,
20.4918,10,10,45.7150,66.2060,completed,81675.06,50309.07,1.7489,8.34,0.0000,1.4713,1.8928,0.8233,3.4546,6.2502,4.7990,5.6170,5.8817,5.0731
45.5156,8,8,53.6445,99.1595,completed,81675.06,50309.07,1.7489,8.34,0.0000,0.4248,0.2043,3.7718,5.8828,5.9970,7.1684,6.6192,,
44.9238,8,8,33.4885,78.4116,completed,81674.63,50311.49,1.7481,8.34,0.0000,1.3637,1.6445,2.9470,2.7365,4.6054,7.1443,7.1612,,
43.6634,8,8,37.1924,80.8554,completed,81674.63,50311.49,1.7481,8.34,0.0000,0.4720,0.2039,0.7991,4.6998,4.6734,6.8289,6.5216,,
27.2187,10,10,37.3527,64.5708,completed,81674.23,50313.73,1.7485,8.34,0.0000,0.1611,0.4672,1.4312,2.0063,1.2517,1.8636,4.6794,4.8485,3.9720
54.6760,6,6,24.4794,79.1554,completed,81674.23,50313.73,1.7485,8.34,0.0000,0.2292,1.2223,3.9680,6.6032,8.0513,,,,
58.0881,5,5,19.7212,77.8092,completed,81673.81,50316.07,1.7495,8.34,0.0000,0.3984,4.5143,3.5378,7.5794,,,,,
37.6473,9,9,33.5999,71.2470,completed,81673.81,50316.07,1.7495,8.34,0.0000,0.1070,0.2650,0.5894,1.9571,2.6484,5.3798,6.3415,5.4359,
59.7458,5,5,18.9912,78.7363,completed,81673.39,50318.37,1.7499,8.34,0.0000,0.5085,4.6831,3.5458,7.8320,,,,,
30.3696,10,10,33.6140,63.9831,completed,81673.39,50318.37,1.7499,8.34,0.0000,0.3859,0.4517,0.7049,1.5224,2.1012,2.8716,5.0141,5.9209,5.2437
59.8057,5,5,21.7316,81.5366,completed,81672.95,50320.84,1.7503,8.34,0.0000,0.2132,1.0082,0.9399,6.3426,,,,,
44.3442,8,8,34.4287,78.7728,completed,81672.95,50320.84,1.7503,8.34,0.0000,0.1885,0.3184,1.0990,1.6076,3.4801,6.8328,6.6528,,
23.8272,10,10,36.6024,60.4295,completed,81672.55,50323.04,1.7498,8.33,0.0000,0.2493,0.6326,1.2435,1.7214,0.4345,2.6928,5.5674,5.2363,4.2251
51.8970,7,3,14.6460,66.5430,converged,81672.32,50324.28,1.7507,8.33,0.0000,0.1042,0.0829,,,,,,,
27.4790,10,10,61.8087,89.2867,completed,81672.32,50324.28,1.7507,8.33,0.0000,0.1081,0.1947,0.3139,0.5734,1.5764,2.9438,5.7955,5.7969,4.8901
37.1257,9,9,41.9502,79.0753,completed,81671.90,50326.59,1.7514,8.33,0.0000,0.0701,0.1460,0.3591,1.0388,2.1684,5.1601,6.4491,5.6853,
47.7099,7,7,24.4223,72.1313,completed,81671.90,50326.59,1.7514,8.33,0.0000,0.2083,0.6913,1.9230,1.5769,5.4816,6.7759,,,
27.9539,10,3,10.5400,38.4930,converged,81671.50,50328.79,1.7539,8.33,0.0000,0.0855,0.0688,,,,,,,
45.2137,8,8,28.9443,74.1574,completed,81671.50,50328.79,1.7539,8.33,0.0000,0.2596,0.2795,0.4069,0.5691,1.7207,5.4590,5.7603,,
57.2609,6,6,28.4360,85.6960,completed,81671.12,50330.85,1.7516,8.33,0.0000,0.3309,0.7028,1.2942,5.0227,7.8481,,,,
46.0405,7,7,28.6663,74.7064,completed,81671.12,50330.85,1.7516,8.33,0.0000,0.1342,0.1254,0.3704,0.8990,4.8668,6.4880,,,
53.2033,6,6,31.1483,84.3513,completed,81670.69,50333.15,1.7605,8.33,0.0000,0.1601,0.2690,0.5616,5.0826,8.0107,,,,
54.0784,6,6,21.5677,75.6458,completed,81670.69,50333.15,1.7605,8.33,0.0000,0.2364,0.5508,0.8532,5.0564,7.7353,,,,
38.5981,9,9,34.2897,72.8877,completed,81670.22,50335.60,1.7587,8.33,0.0000,0.2192,0.3051,0.2301,0.6202,2.5627,5.9289,6.8673,6.0538,
46.2191,7,7,25.7704,71.9895,completed,81670.22,50335.60,1.7587,8.33,0.0000,0.1201,0.1880,0.5101,2.3696,6.8979,7.5087,,,
57.0864,6,6,39.8681,96.9542,completed,81669.81,50337.80,1.7582,8.33,0.0000,0.3067,0.3567,1.6266,6.5958,8.6455,,,,
41.4766,8,8,34.4025,75.8785,completed,81669.81,50337.80,1.7582,8.33,0.0000,0.1837,0.3492,0.7151,1.4812,3.6302,6.7272,6.6812,,
21.9365,10,10,45.6276,67.5637,completed,81669.37,50340.13,1.7566,8.33,0.0000,0.1175,0.1590,0.2399,0.2000,1.3219,3.2604,6.1847,6.1028,5.1454
42.3584,8,8,44.8927,87.2507,completed,81669.37,50340.13,1.7566,8.33,0.0000,0.1584,0.2871,0.5585,1.4811,3.6542,6.8436,6.7824,,
27.2605,10,10,47.1259,74.3860,completed,81668.88,50342.71,1.7555,8.33,0.0000,0.1562,0.2268,0.2872,0.2794,1.6224,3.5272,6.1991,6.3069,5.3983
22.1942,10,10,39.8216,62.0156,completed,81668.88,50342.71,1.7555,8.33,0.0000,0.1824,0.3295,0.5870,1.2633,1.9741,3.9571,6.1735,6.1137,5.1653
25.3114,10,10,53.9825,79.2936,completed,81668.50,50344.77,1.7547,8.34,0.0000,0.1778,0.2769,0.3316,0.3122,1.5105,4.2665,6.9069,6.7815,5.6620
58.9148,5,5,19.7127,78.6268,completed,81668.50,50344.77,1.7547,8.34,0.0000,0.3780,0.5798,4.0651,9.4153,,,,,
59.8161,5,5,23.6109,83.4270,completed,81668.07,50347.06,1.7530,8.33,0.0000,0.4002,0.2111,3.5951,9.5132,,,,,
21.3993,10,10,42.8415,64.2406,completed,81668.07,50347.06,1.7530,8.33,0.0000,0.1687,0.2482,0.4989,1.0712,2.3632,4.7408,6.9396,6.5913,5.4678
37.6824,9,4,13.6007,51.2828,converged,81667.67,50349.27,1.7540,8.33,0.0000,0.1176,0.1550,0.0733,,,,,,
34.7205,9,9,37.9096,72.6297,completed,81667.67,50349.27,1.7540,8.33,0.0000,0.2706,0.4758,0.9347,2.6243,5.7766,7.8033,7.8975,6.8049,
56.6360,6,6,29.3263,85.9613,completed,81667.31,50351.16,1.7538,8.33,0.0000,0.4389,0.5967,2.3216,8.7807,9.7175,,,,
58.5093,5,5,20.8059,79.3150,completed,81667.31,50351.16,1.7538,8.33,0.0000,0.2922,0.8136,5.0741,10.3143,,,,,
22.5959,10,10,37.0178,59.6128,completed,81666.86,50353.62,1.7561,8.33,0.0000,0.1463,0.2117,0.2741,0.3228,1.4286,3.7213,6.2511,6.9371,6.0929
22.0907,10,3,9.6257,31.7158,converged,81666.86,50353.62,1.7561,8.33,0.0000,0.0478,0.0153,,,,,,,
41.0174,8,3,14.4395,55.4566,converged,81666.55,50355.25,1.7544,8.33,0.0000,0.0959,0.0464,,,,,,,
35.1297,9,9,43.4902,78.6192,completed,81666.55,50355.25,1.7544,8.33,0.0000,0.1308,0.1880,0.4916,1.4537,3.0093,6.5950,7.8241,6.5473,
58.3644,5,5,23.3052,81.6692,completed,81666.10,50357.71,1.7518,8.33,0.0000,0.4324,1.3211,5.4816,10.2946,,,,,
48.5854,7,7,23.6893,72.2743,completed,81666.10,50357.71,1.7518,8.33,0.0000,0.2052,0.5182,1.3754,4.5095,9.1829,8.7174,,,
57.5767,6,6,21.2479,78.8239,completed,81665.69,50359.93,1.7547,8.33,0.0000,0.1256,0.6304,0.7836,5.5917,8.8754,,,,
21.8547,10,10,42.9054,64.7594,completed,81665.69,50359.93,1.7547,8.33,0.0000,0.0087,0.1219,0.4778,1.0898,0.8232,1.9516,5.4802,6.6718,5.8106
46.3559,7,7,24.1064,70.4615,completed,81665.23,50362.39,1.7518,8.33,0.0000,0.0891,0.1137,0.6067,3.1310,8.0480,8.0923,,,
38.4754,9,9,32.6747,71.1498,completed,81665.23,50362.39,1.7518,8.33,0.0000,0.1102,0.1024,0.1763,0.8387,1.1957,4.4565,7.4069,7.0139,
53.3809,6,6,22.0716,75.4517,completed,81664.86,50364.44,1.7499,8.33,0.0000,0.1290,0.1207,0.2670,5.5465,9.3381,,,,
40.5370,8,8,28.4343,68.9704,completed,81664.86,50364.44,1.7499,8.33,0.0000,0.0968,0.2486,0.7317,1.8877,4.9182,8.3470,7.6966,,
30.8860,10,10,41.2637,72.1498,completed,81664.45,50366.74,1.7494,8.33,0.0000,0.1942,0.3000,0.5379,0.8070,2.0444,4.4704,6.9220,6.9870,5.9324
42.1049,8,8,28.3675,70.4716,completed,81664.45,50366.74,1.7494,8.33,0.0000,0.1027,0.1499,0.4364,1.1091,4.0294,7.9755,7.4583,,
40.2394,8,3,9.5270,49.7660,converged,81664.05,50368.95,1.7504,8.33,0.0000,0.0804,0.0350,,,,,,,
36.4365,9,3,14.4719,50.9079,converged,81664.05,50368.95,1.7504,8.33,0.0000,0.0364,0.0852,,,,,,,
25.6460,10,3,14.3306,39.9766,converged,81663.67,50371.01,1.7502,8.33,0.0000,0.0311,0.0181,,,,,,,
20.2810,10,10,43.3210,63.6010,completed,81663.67,50371.01,1.7502,8.33,0.0000,0.0907,0.2272,0.2989,0.4612,1.2368,2.6848,5.9451,6.8386,5.7963
41.6007,8,3,11.0573,52.6574,converged,81663.30,50373.05,1.7548,8.33,0.0000,0.0416,0.0559,,,,,,,
34.8628,9,9,39.3265,74.1886,completed,81663.30,50373.05,1.7548,8.33,0.0000,0.3191,0.8217,1.0671,1.7888,1.7727,5.5940,7.2187,6.3037,
42.2388,8,8,39.7189,81.9569,completed,81662.95,50374.94,1.7547,8.33,0.0000,0.0371,0.4127,0.8220,0.9977,3.7266,7.9444,7.8915,,
36.7986,9,9,34.8740,71.6720,completed,81662.95,50374.94,1.7547,8.33,0.0000,0.4207,0.9313,1.0310,0.8860,1.8719,4.9577,7.3291,6.9265,
59.8263,5,5,19.6866,79.5126,completed,81662.49,50377.39,1.7566,8.33,0.0000,0.1536,0.8416,5.0288,10.5973,,,,,
53.8266,6,6,23.1517,76.9778,completed,81662.49,50377.39,1.7566,8.33,0.0000,0.7666,1.6441,2.5870,5.0025,8.6291,,,,
41.6969,8,8,31.9956,73.6917,completed,81662.08,50379.59,1.7541,8.33,0.0000,0.4556,1.5366,2.3592,1.9958,3.4243,7.5091,7.9331,,
22.6105,10,10,44.1361,66.7462,completed,81662.08,50379.59,1.7541,8.33,0.0000,0.4347,1.0103,1.8109,1.7704,5.0873,3.1242,5.8055,6.6745,5.9250
55.4508,6,6,25.9856,81.4356,completed,81661.70,50381.66,1.7536,8.33,0.0000,0.4722,0.8675,1.0743,5.4709,9.8465,,,,
58.0181,5,5,27.4431,85.4611,completed,81661.70,50381.66,1.7536,8.33,0.0000,1.4108,4.8474,3.3231,7.6003,,,,,
49.3156,7,7,24.0269,73.3419,completed,81661.22,50384.27,1.7531,8.33,0.0000,0.0888,0.2047,1.1860,3.2629,7.7482,9.3526,,,
28.6233,10,10,33.2768,61.8998,completed,81661.22,50384.27,1.7531,8.33,0.0000,0.3990,0.9392,1.6099,3.2231,1.9580,3.5806,6.0106,7.0422,6.1940
23.4247,10,10,40.3535,63.7776,completed,81660.82,50386.42,1.7538,8.33,0.0000,0.1301,0.2683,0.1254,0.3517,0.7651,3.4454,7.1066,7.7748,6.4551
52.3243,6,6,26.5394,78.8634,completed,81660.82,50386.42,1.7538,8.33,0.0000,0.8962,1.5874,1.0325,6.6295,9.7932,,,,
48.4265,7,7,41.6651,90.0911,completed,81660.34,50389.04,1.7537,8.33,0.0000,0.4817,0.8923,0.5456,2.7329,8.7750,9.3614,,,
28.6688,10,10,44.2593,72.9273,completed,81660.34,50389.04,1.7537,8.33,0.0000,0.3068,0.7804,0.7986,0.4675,2.3541,4.8632,7.5653,7.7878,6.4328
23.0693,10,10,62.0070,85.0760,completed,81659.92,50391.33,1.7540,8.33,0.0000,0.2745,0.6952,0.9895,1.0822,0.7246,2.9724,6.1515,7.4813,6.5750
47.4047,7,7,25.1725,72.5766,completed,81659.92,50391.33,1.7540,8.33,0.0000,0.6807,2.0597,0.5567,2.5318,7.0915,8.9691,,,
35.9503,9,9,35.6310,71.5811,completed,81659.53,50393.43,1.7536,8.33,0.0000,0.5134,1.2044,2.1282,2.5297,2.1517,5.3376,7.2123,6.6305,
56.9656,6,6,25.8501,82.8152,completed,81659.53,50393.43,1.7536,8.33,0.0000,1.0056,1.6545,2.2795,6.1090,9.8147,,,,
45.7726,8,8,31.0547,76.8267,completed,81659.06,50396.00,1.7520,8.33,0.0000,0.2186,0.3990,0.3468,0.3185,4.0978,8.5797,8.8514,,
21.1781,10,10,39.6177,60.7957,completed,81659.06,50396.00,1.7520,8.33,0.0000,0.4196,0.9361,1.2028,1.1390,1.7010,3.3527,6.5165,7.5974,6.6184
35.6057,9,9,31.2395,66.8446,completed,81658.65,50398.18,1.7538,8.33,0.0000,0.1427,0.2888,0.3608,1.2140,2.2219,6.6871,8.7070,7.4054,
54.0830,6,6,29.3125,83.3955,completed,81658.65,50398.18,1.7538,8.33,0.0000,0.6031,0.3243,1.0032,9.3915,11.0744,,,,
44.2866,8,8,38.5955,82.8816,completed,81658.19,50400.64,1.7554,8.33,0.0000,0.1592,0.2519,0.3741,1.0290,2.9803,8.1551,8.5703,,
50.8669,7,7,35.4286,86.2946,completed,81658.19,50400.64,1.7554,8.33,0.0000,0.7326,1.0228,1.3886,2.0446,7.3474,9.5374,,,
35.2430,9,3,13.1627,48.4057,converged,81657.68,50403.37,1.7547,8.33,0.0000,0.0421,0.0769,,,,,,,
25.7447,10,10,43.6720,69.4160,completed,81657.68,50403.37,1.7547,8.33,0.0000,0.2507,0.4297,0.5660,0.9454,0.9628,2.6349,6.5358,7.8796,6.7616
36.7635,9,9,50.2552,87.0182,completed,81657.34,50405.25,1.7543,8.33,0.0000,0.0807,0.1114,0.2568,0.3311,1.5422,5.7533,8.5654,7.6704,
26.3910,10,10,69.8970,96.2880,completed,81657.34,50405.25,1.7543,8.33,0.0000,0.2835,0.5403,0.6816,0.9616,0.7914,3.2280,7.0016,7.7808,6.4285
48.7129,7,7,31.2246,79.9367,completed,81656.84,50407.86,1.7616,8.33,0.0000,0.0733,0.1389,0.5977,2.0605,9.3780,9.4289,,,
57.4947,6,6,24.0209,81.5149,completed,81656.84,50407.86,1.7616,8.33,0.0000,0.7211,1.3850,1.3909,4.7729,9.7854,,,,
28.1394,10,3,10.1573,38.2964,converged,81656.40,50410.15,1.7602,8.33,0.0000,0.0307,0.0783,,,,,,,
51.7837,7,7,26.1276,77.9106,completed,81656.40,50410.15,1.7602,8.33,0.0000,0.3797,0.3666,1.1807,4.0674,9.2036,9.7784,,,
54.6752,6,6,23.9440,78.6190,completed,81656.02,50412.11,1.7588,8.33,0.0000,0.0577,0.5348,1.1751,4.8336,9.7518,,,,
34.9132,9,9,48.4171,83.3301,completed,81656.02,50412.11,1.7588,8.33,0.0000,0.3457,0.4377,0.1020,1.7214,2.8838,7.0157,8.8762,7.2175,
24.4744,10,3,12.3444,36.8184,converged,81655.51,50414.68,1.7627,8.33,0.0000,0.0408,0.0624,,,,,,,
26.8510,10,10,35.8084,62.6584,completed,81655.51,50414.68,1.7627,8.33,0.0000,0.2210,0.3960,0.1659,0.2225,0.9514,4.8098,7.7220,8.3048,6.8823
45.0441,8,8,43.2842,88.3283,completed,81655.17,50416.43,1.7601,8.33,0.0000,0.0341,0.1319,0.3602,0.7626,4.4239,8.8624,8.8593,,
41.1491,8,8,35.7932,76.9422,completed,81655.17,50416.43,1.7601,8.33,0.0000,0.4731,0.5704,0.5417,2.8526,5.8894,9.2654,8.6405,,
55.6416,6,3,12.0541,67.6951,converged,81654.66,50419.14,1.7613,8.33,0.0000,0.0563,0.0963,,,,,,,
52.5391,6,6,31.0076,83.5466,completed,81654.66,50419.14,1.7613,8.33,0.0000,0.7498,1.0365,2.3145,5.3965,9.9955,,,,
51.8026,7,7,30.8880,82.6900,completed,81654.24,50421.35,1.7594,8.33,0.0000,0.0474,0.3030,0.3624,1.4408,7.3935,9.5885,,,
31.9989,10,10,41.7877,73.7857,completed,81654.24,50421.35,1.7594,8.33,0.0000,0.3350,0.5014,0.6406,1.0198,0.7654,2.8674,6.2946,7.9743,7.0511
48.7641,7,3,10.7149,59.4789,converged,81653.82,50423.53,1.7604,8.33,0.0000,0.0552,0.0911,,,,,,,
50.0558,7,7,32.4036,82.4587,completed,81653.82,50423.53,1.7604,8.33,0.0000,0.5411,0.8180,1.5102,2.0142,7.4116,9.3085,,,
27.0890,10,3,10.2718,37.3609,converged,81653.38,50425.84,1.7589,8.33,0.0000,0.0187,0.0257,,,,,,,
49.9150,7,7,32.0924,82.0065,completed,81653.38,50425.84,1.7589,8.33,0.0000,0.3714,0.6575,2.0122,2.1011,6.7556,9.3935,,,
59.3738,5,3,12.2707,71.6437,converged,81653.00,50427.88,1.7597,8.33,0.0000,0.4276,0.0696,,,,,,,
25.9465,10,10,38.3197,64.2657,completed,81653.00,50427.88,1.7597,8.33,0.0000,0.3966,0.5370,0.4805,0.2681,0.8827,4.5895,7.3319,8.2366,6.8813
49.3511,7,3,13.1210,62.4721,converged,81652.62,50429.93,1.7620,8.33,0.0000,0.0848,0.0643,,,,,,,
43.0022,8,8,31.7933,74.7954,completed,81652.62,50429.93,1.7620,8.33,0.0000,0.5114,0.9736,0.8889,2.2898,4.8373,8.5833,8.5028,,
30.3211,10,4,13.0231,43.3442,converged,81652.22,50431.98,1.7625,8.33,0.0000,0.2343,0.2422,0.0189,,,,,,
33.5251,10,10,39.9496,73.4760,completed,81652.22,50431.98,1.7625,8.33,0.0000,0.3732,0.5439,0.3141,1.1086,2.2856,4.8801,7.8932,7.8586,6.3727
22.8900,10,5,18.7663,41.6553,converged,81651.80,50434.15,1.7613,8.33,0.0000,0.1526,0.2967,0.3335,0.0624,,,,,
24.5543,10,10,50.1909,74.7450,completed,81651.80,50434.15,1.7613,8.33,0.0000,0.3232,0.3724,0.1484,1.3805,2.3269,4.2409,7.1229,8.0249,6.9230
41.6201,8,8,34.1401,75.7601,completed,81651.46,50435.95,1.7593,8.33,0.0000,0.2536,0.3659,0.2795,0.9381,3.5783,8.2495,8.8100,,
41.2427,8,8,38.7996,80.0417,completed,81651.46,50435.95,1.7593,8.33,0.0000,0.5602,1.4787,4.4735,3.2804,2.9889,7.1723,6.9516,,
22.6789,10,10,47.5642,70.2422,completed,81651.02,50438.24,1.7596,8.33,0.0000,0.1833,0.1872,0.1066,0.8626,1.9189,4.6566,7.9021,8.0075,6.4712
42.4680,8,8,28.1069,70.5739,completed,81651.02,50438.24,1.7596,8.33,0.0000,0.4165,0.6486,0.8869,1.1076,3.1546,8.1304,8.4196,,
45.3495,8,4,18.3079,63.6570,converged,81650.61,50440.39,1.7563,8.33,0.0000,0.1444,0.3275,0.0645,,,,,,
20.2252,10,10,50.7472,70.9723,completed,81650.61,50440.39,1.7563,8.33,0.0000,0.3198,0.4003,0.2217,0.9801,1.3786,4.0704,7.5075,7.9392,6.6457
34.0954,9,4,14.6019,48.6969,converged,81650.20,50442.58,1.7534,8.33,0.0000,0.2459,0.3182,0.0429,,,,,,
42.6175,8,8,35.2671,77.8842,completed,81650.20,50442.58,1.7534,8.33,0.0000,0.2374,0.1671,0.9608,2.1003,5.7335,9.1547,9.3805,,
58.6685,5,5,22.4346,81.1027,completed,81649.82,50444.66,1.7529,8.33,0.0000,0.6105,0.1583,2.7605,10.0725,,,,,
44.2426,8,8,31.8950,76.1371,completed,81649.82,50444.66,1.7529,8.33,0.0000,0.3433,0.2943,0.9728,1.6213,5.5461,9.1788,9.0909,,
43.7071,8,8,34.5333,78.2404,completed,81649.36,50447.11,1.7524,8.34,0.0000,0.3824,0.4521,0.2338,1.5899,5.9322,9.6563,8.3644,,
44.9474,8,8,26.8513,71.7984,completed,81649.36,50447.11,1.7524,8.34,0.0000,0.3361,0.3132,0.7463,2.5636,5.1838,9.3272,8.8048,,
22.7263,10,10,33.8377,56.5637,completed,81648.99,50449.16,1.7502,8.34,0.0000,0.2914,0.3181,0.4056,0.5406,1.0922,2.3811,6.2945,8.0557,7.2071
33.4749,10,10,36.6583,70.1323,completed,81648.99,50449.16,1.7502,8.34,0.0000,0.2978,0.3276,0.3781,0.3569,2.3276,4.3208,7.6667,8.0235,6.5845
55.5826,6,6,20.8700,76.4520,completed,81648.59,50451.36,1.7489,8.34,0.0000,0.4487,0.5449,0.7223,5.7713,10.3744,,,,
51.8946,7,7,29.3551,81.2491,completed,81648.59,50451.36,1.7489,8.34,0.0000,0.5880,0.5924,1.3088,1.3706,8.6741,9.4331,,,
30.1307,10,10,34.8588,64.9889,completed,81648.14,50453.81,1.7502,8.34,0.0000,0.2246,0.3285,0.1696,0.7068,1.5398,5.4395,8.2721,7.4490,5.8038
41.2440,8,3,15.4339,56.6780,converged,81648.14,50453.81,1.7502,8.34,0.0000,0.1921,0.0572,,,,,,,
20.0799,10,10,55.1416,75.2206,completed,81647.75,50455.99,1.7492,8.34,0.0000,0.1970,0.3230,0.4144,0.7061,0.8869,2.5761,6.9377,8.0445,6.9832
26.6363,10,10,47.3943,74.0303,completed,81647.75,50455.99,1.7492,8.34,0.0000,0.2607,0.2892,0.1378,0.1294,1.6241,4.9253,8.1978,8.3332,6.8435
55.4525,6,6,32.3845,87.8365,completed,81647.36,50458.17,1.7476,8.34,0.0000,0.1832,0.3856,0.4380,5.1768,10.4495,,,,
45.9518,8,8,29.4164,75.3674,completed,81647.36,50458.17,1.7476,8.34,0.0000,0.3402,0.4182,0.3035,1.7588,5.8899,9.7009,9.1619,,
47.0439,7,3,10.6208,57.6638,converged,81646.92,50460.63,1.7502,8.34,0.0000,0.0163,0.0602,,,,,,,
59.9355,5,5,20.1154,80.0505,completed,81646.92,50460.63,1.7502,8.34,0.0000,0.6671,1.0418,3.2893,9.7899,,,,,
49.8052,7,7,27.6577,77.4628,completed,81646.53,50462.82,1.7484,8.34,0.0000,0.1003,0.4407,0.5270,0.9259,7.6448,9.7987,,,
38.6723,9,4,14.3837,53.0557,converged,81646.53,50462.82,1.7484,8.34,0.0000,0.2238,0.2750,0.0912,,,,,,
41.4674,8,8,34.4364,75.9035,completed,81646.14,50464.99,1.7479,8.33,0.0000,0.0323,0.2470,0.4535,0.4053,5.1692,9.6750,9.1112,,
58.3502,5,5,18.6304,76.9804,completed,81646.14,50464.99,1.7479,8.33,0.0000,0.4567,0.6253,4.4365,10.9418,,,,,
40.4000,8,8,34.7650,75.1641,completed,81645.74,50467.21,1.7487,8.33,0.0000,0.0247,0.2112,0.3235,0.4187,3.5603,8.6806,9.3503,,
30.3854,10,10,44.0249,74.4100,completed,81645.74,50467.21,1.7487,8.33,0.0000,0.1745,0.2209,0.2848,0.2765,0.6608,3.3193,7.6178,8.1937,6.8616
28.6293,10,10,40.3685,68.9976,completed,81645.30,50469.62,1.7514,8.33,0.0000,0.0315,0.1113,0.1911,0.1036,0.3781,4.6068,8.3924,8.2327,6.6481
53.0403,6,6,35.7158,88.7558,completed,81645.30,50469.62,1.7514,8.33,0.0000,0.3942,0.6286,1.3571,7.1866,10.8615,,,,
28.6328,10,3,11.5276,40.1596,converged,81644.88,50471.99,1.7505,8.33,0.0000,0.0516,0.0109,,,,,,,
27.4592,10,3,9.9535,37.4125,converged,81644.88,50471.99,1.7505,8.33,0.0000,0.0289,0.0441,,,,,,,
24.7060,10,3,11.7484,36.4544,converged,81644.56,50473.76,1.7493,8.33,0.0000,0.0424,0.0787,,,,,,,
20.4300,10,3,10.5729,31.0030,converged,81644.56,50473.76,1.7493,8.33,0.0000,0.0657,0.0671,,,,,,,
50.5005,7,7,33.8871,84.3872,completed,81644.21,50475.65,1.7525,8.33,0.0000,0.0078,0.2395,1.0420,0.4903,7.2615,9.6381,,,
51.7671,7,3,10.1125,61.8796,converged,81644.21,50475.65,1.7525,8.33,0.0000,0.0640,0.0475,,,,,,,
21.9750,10,3,10.2111,32.1851,converged,81643.80,50477.86,1.7534,8.33,0.0000,0.0190,0.0067,,,,,,,
49.4441,7,3,11.3473,60.7913,converged,81643.80,50477.86,1.7534,8.33,0.0000,0.1162,0.0290,,,,,,,
41.0747,8,3,11.9495,53.1514,converged,81643.50,50479.50,1.7543,8.33,0.0000,0.0373,0.0411,,,,,,,
33.5811,10,3,13.3508,46.9318,converged,81643.50,50479.50,1.7543,8.33,0.0000,0.0685,0.0420,,,,,,,
41.0656,8,3,10.7715,51.8365,converged,81643.12,50481.55,1.7555,8.33,0.0000,0.1074,0.0394,,,,,,,
31.7063,10,3,9.5211,41.2271,converged,81643.12,50481.55,1.7555,8.33,0.0000,0.0553,0.0481,,,,,,,
21.7279,10,4,16.0510,37.7780,converged,81642.75,50483.59,1.7550,8.33,0.0000,0.0905,0.1191,0.0806,,,,,,
23.2656,10,3,15.5106,38.7757,converged,81642.75,50483.59,1.7550,8.33,0.0000,0.0686,0.0544,,,,,,,
57.9638,6,6,25.4981,83.4612,completed,81642.44,50485.23,1.7568,8.33,0.0000,0.1753,0.2015,0.9217,8.1018,11.2468,,,,
45.2792,8,8,34.8495,80.1286,completed,81642.44,50485.23,1.7568,8.33,0.0000,0.1695,0.1793,0.3299,1.3184,4.3115,8.6530,9.5637,,
59.5231,5,5,21.1382,80.6613,completed,81641.98,50487.69,1.7561,8.33,0.0000,0.2009,0.1567,2.0522,8.8236,,,,,
55.2128,6,6,25.9207,81.1327,completed,81641.98,50487.69,1.7561,8.33,0.0000,0.1838,0.1327,0.4896,3.5553,8.9325,,,,
29.4067,10,3,16.7092,46.1152,converged,81641.57,50489.87,1.7570,8.33,0.0000,0.0747,0.0818,,,,,,,
29.0711,10,3,13.3234,42.3945,converged,81641.57,50489.87,1.7570,8.33,0.0000,0.0378,0.0146,,,,,,,
32.0420,10,3,9.5433,41.5877,converged,81641.24,50491.65,1.7521,8.33,0.0000,0.0537,0.0740,,,,,,,
51.0980,7,7,25.0789,76.1759,completed,81641.24,50491.65,1.7521,8.33,0.0000,0.0935,0.1469,0.4193,2.2626,8.7223,10.4543,,,
49.9522,7,7,33.9865,83.9386,completed,81640.84,50493.83,1.7501,8.32,0.0000,0.0907,0.1246,0.4441,2.1678,7.9708,10.0291,,,
58.7453,5,5,23.7177,82.4627,completed,81640.84,50493.83,1.7501,8.32,0.0000,0.1093,0.1149,1.9585,8.7676,,,,,
26.8914,10,3,10.3011,37.1921,converged,81640.43,50496.13,1.7493,8.32,0.0000,0.0675,0.0736,,,,,,,
50.5547,7,3,13.0625,63.6165,converged,81640.43,50496.13,1.7493,8.32,0.0000,0.1611,0.0862,,,,,,,
55.2581,6,6,28.5311,83.7891,completed,81640.08,50498.08,1.7488,8.33,0.0000,0.0321,0.2360,0.7018,5.5467,10.3211,,,,
20.5277,10,3,9.2146,29.7416,converged,81640.08,50498.08,1.7488,8.33,0.0000,0.0499,0.0341,,,,,,,
37.2162,9,3,14.1822,51.3982,converged,81639.73,50499.99,1.7464,8.33,0.0000,0.0336,0.0244,,,,,,,
51.1197,7,7,26.5935,77.7125,completed,81639.73,50499.99,1.7464,8.33,0.0000,0.0350,0.6836,13.6677,2.1711,5.4431,7.3381,,,
59.7178,5,5,17.8933,77.6104,completed,81639.29,50502.45,1.7515,8.33,0.0000,0.1105,0.6304,4.5059,11.1679,,,,,
56.3226,6,6,30.3288,86.6508,completed,81639.29,50502.45,1.7515,8.33,0.0000,0.0505,0.4139,0.9418,4.1902,9.3630,,,,
46.1540,7,3,16.1258,62.2789,converged,81638.87,50504.79,1.7487,8.33,0.0000,0.0379,0.0690,,,,,,,
35.2539,9,9,40.6162,75.8693,completed,81638.87,50504.79,1.7487,8.33,0.0000,0.0171,0.1012,0.2219,0.3571,0.9631,4.5412,8.4261,8.7278,
34.5264,9,3,11.0304,45.5565,converged,81638.48,50506.96,1.7506,8.33,0.0000,0.0581,0.0394,,,,,,,
37.6251,9,3,10.7376,48.3626,converged,81638.48,50506.96,1.7506,8.33,0.0000,0.0906,0.0819,,,,,,,
59.6699,5,5,18.7280,78.3971,completed,81638.15,50508.74,1.7473,8.33,0.0000,0.0827,0.2204,3.4437,9.9494,,,,,
36.7304,9,9,49.2025,85.9325,completed,81638.15,50508.74,1.7473,8.33,0.0000,0.0454,0.1119,0.4417,0.4450,1.2739,4.8047,8.5744,8.6494,
48.9140,7,3,13.6336,62.5476,converged,81637.69,50511.33,1.7490,8.33,0.0000,0.1575,0.0581,,,,,,,
55.0995,6,3,12.5720,67.6711,converged,81637.69,50511.33,1.7490,8.33,0.0000,0.0756,0.0896,,,,,,,
21.2016,10,4,17.4348,38.6358,converged,81637.29,50513.51,1.7516,8.33,0.0000,0.1423,0.1360,0.0320,,,,,,
32.7393,10,3,15.6279,48.3669,converged,81637.29,50513.51,1.7516,8.33,0.0000,0.0293,0.0194,,,,,,,
31.9560,10,3,10.0029,41.9579,converged,81636.96,50515.30,1.7487,8.33,0.0000,0.0708,0.0163,,,,,,,
20.0104,10,3,9.1363,29.1463,converged,81636.96,50515.30,1.7487,8.33,0.0000,0.0781,0.0539,,,,,,,
45.8797,8,3,11.4286,57.3077,converged,81636.62,50517.20,1.7540,8.33,0.0000,0.1511,0.0611,,,,,,,
38.4950,9,3,10.4954,48.9894,converged,81636.62,50517.20,1.7540,8.33,0.0000,0.0661,0.0458,,,,,,,
46.8097,7,7,33.5813,80.3903,completed,81636.25,50519.26,1.7539,8.33,0.0000,0.1574,0.1528,0.4226,2.1889,6.0155,10.5658,,,
38.1012,9,9,31.0782,69.1792,completed,81636.25,50519.26,1.7539,8.33,0.0000,0.0213,0.1590,0.6465,1.0720,2.1105,3.8563,8.8378,8.6145,
49.3751,7,7,29.0667,78.4418,completed,81635.87,50521.30,1.7546,8.33,0.0000,0.0530,0.1011,0.3486,1.8992,7.6518,11.0954,,,
54.7385,6,6,21.4727,76.2107,completed,81635.87,50521.30,1.7546,8.33,0.0000,0.0823,1.3908,1.4008,3.4258,9.9225,,,,
31.8686,10,10,36.2984,68.1664,completed,81635.41,50523.77,1.7565,8.33,0.0000,0.1675,0.1131,0.1830,0.2342,1.2570,1.5335,6.7411,9.1804,7.5126
54.0360,6,6,25.2579,79.2930,completed,81635.41,50523.77,1.7565,8.33,0.0000,0.2680,0.1315,1.3336,5.6768,11.2151,,,,
44.2758,8,8,26.3164,70.5914,completed,81635.00,50525.99,1.7568,8.32,0.0000,0.1298,0.1038,0.2513,0.9716,2.8203,8.1293,10.3250,,
51.2533,7,7,40.9697,92.2228,completed,81635.00,50525.99,1.7568,8.32,0.0000,0.0544,0.6950,2.3090,3.8092,6.4153,9.8572,,,
52.9609,6,6,28.8238,81.7839,completed,81634.55,50528.44,1.7566,8.32,0.0000,0.2143,0.2157,1.3854,2.8893,9.4481,,,,
59.3391,5,5,26.8812,86.2203,completed,81634.55,50528.44,1.7566,8.32,0.0000,0.1714,2.0458,3.0730,9.3103,,,,,
30.3147,10,10,39.5607,69.8747,completed,81634.09,50530.92,1.7568,8.31,0.0000,0.1850,0.2084,0.1581,0.2240,0.8973,1.1711,4.2764,8.1712,8.2943
32.0413,10,3,15.0961,47.1371,converged,81634.09,50530.92,1.7568,8.31,0.0000,0.1141,0.0689,,,,,,,
21.3384,10,10,33.8052,55.1433,completed,81633.71,50532.95,1.7555,8.31,0.0000,0.1180,0.1495,0.1693,0.2655,0.7429,1.3061,5.3085,8.7217,7.9032
34.6526,9,4,16.6320,51.2841,converged,81633.71,50532.95,1.7555,8.31,0.0000,0.1793,0.1380,0.0474,,,,,,
26.7730,10,4,16.7345,43.5075,converged,81633.33,50535.01,1.7547,8.31,0.0000,0.1240,0.1639,0.0819,,,,,,
31.3017,10,3,9.4954,40.7965,converged,81633.33,50535.01,1.7547,8.31,0.0000,0.0608,0.0987,,,,,,,
44.1245,8,8,28.8591,72.9832,completed,81633.02,50536.65,1.7577,8.31,0.0000,0.1550,0.2876,0.2540,0.7253,1.6591,7.0303,8.7190,,
40.2389,8,8,30.3714,70.6095,completed,81633.02,50536.65,1.7577,8.31,0.0000,0.0837,0.1489,0.1101,0.5017,1.2433,5.6898,8.8912,,
41.2427,8,8,32.0360,73.2780,completed,81632.60,50538.79,1.7561,8.31,0.0000,0.1170,0.2316,0.1853,0.3411,1.9736,7.7620,8.6666,,
31.7456,10,5,17.2464,48.9914,converged,81632.60,50538.79,1.7561,8.31,0.0000,0.0641,0.1228,0.1514,0.0854,,,,,
31.1020,10,10,33.2896,64.3906,completed,81632.18,50541.00,1.7572,8.31,0.0000,0.0509,0.1282,0.1512,0.4960,0.9002,0.4237,3.1420,6.4002,6.3232
45.9430,8,3,11.3597,57.3018,converged,81632.18,50541.00,1.7572,8.31,0.0000,0.0290,0.0554,,,,,,,
35.8074,9,9,36.8831,72.6902,completed,81631.82,50542.89,1.7522,8.31,0.0000,0.0351,0.1302,0.1525,0.3721,0.4828,2.0822,6.0003,6.9605,
25.8042,10,10,46.7929,72.5969,completed,81631.82,50542.89,1.7522,8.31,0.0000,0.0360,0.1188,0.1916,0.4259,0.5625,0.7414,3.0903,6.0398,6.3075
58.6866,5,5,18.8267,77.5127,completed,81631.42,50545.10,1.7469,8.31,0.0000,0.1019,0.5158,1.4163,6.9103,,,,,
55.6965,6,6,21.1943,76.8904,completed,81631.42,50545.10,1.7469,8.31,0.0000,0.0660,0.1576,0.6884,2.0559,7.6225,,,,
53.9488,6,6,22.1467,76.0947,completed,81630.99,50547.56,1.7447,8.31,0.0000,0.0549,0.1325,0.3751,1.8241,6.4892,,,,
22.3395,10,10,41.2955,63.6345,completed,81630.99,50547.56,1.7447,8.31,0.0000,0.0635,0.1089,0.1473,0.1380,0.3150,0.8321,2.7432,5.3703,5.5185
33.6933,10,3,8.6026,42.2956,converged,81630.59,50549.77,1.7441,8.32,0.0000,0.0333,0.0554,,,,,,,
47.2543,7,7,25.9392,73.1933,completed,81630.59,50549.77,1.7441,8.32,0.0000,0.0517,0.1349,0.4436,0.6914,4.6492,6.1283,,,
46.1101,7,7,31.3727,77.4827,completed,81630.25,50551.67,1.7415,8.32,0.0000,0.1514,0.2673,0.2310,0.8768,4.3765,6.3589,,,
20.6795,10,3,13.3411,34.0202,converged,81630.25,50551.67,1.7415,8.32,0.0000,0.0337,0.0533,,,,,,,
38.7633,9,3,12.9411,51.7042,converged,81629.87,50553.88,1.7366,8.32,0.0000,0.0263,0.0306,,,,,,,
54.4007,6,6,22.7210,77.1222,completed,81629.87,50553.88,1.7366,8.32,0.0000,0.1171,0.2537,0.2136,2.5946,5.8002,,,,
28.9140,10,3,9.2878,38.2018,converged,81629.55,50555.78,1.7324,8.22,0.0000,0.0502,0.0661,,,,,,,
52.1410,6,6,25.1559,77.2960,completed,81629.55,50555.78,1.7324,8.22,0.0000,0.0931,0.2787,0.3288,2.5472,5.2733,,,,
21.3504,10,3,20.3322,41.6822,converged,81629.20,50557.93,1.7278,7.97,0.0000,0.0553,0.0662,,,,,,,
51.8425,7,7,24.9438,76.7858,completed,81629.20,50557.93,1.7278,7.97,0.0000,0.0397,0.1151,0.4696,0.4620,3.8360,4.9709,,,
20.8858,10,3,12.2934,33.1785,converged,81628.94,50559.60,1.7250,7.77,0.0000,0.0190,0.0290,,,,,,,
44.3062,8,3,11.3640,55.6701,converged,81628.94,50559.60,1.7250,7.77,0.0000,0.0309,0.0512,,,,,,,
20.4251,10,3,9.7889,30.2140,converged,81628.69,50561.23,1.7204,7.48,0.0000,0.0553,0.0576,,,,,,,
34.5750,9,3,10.4611,45.0361,converged,81628.54,50562.18,1.7192,7.29,0.0000,0.0313,0.0377,,,,,,,
58.5518,5,3,9.9470,68.4980,converged,81628.54,50562.18,1.7192,7.29,0.0000,0.0329,0.0702,,,,,,,
29.8881,10,3,9.7335,39.6216,converged,81628.29,50563.86,1.7259,6.92,0.0000,0.0405,0.0762,,,,,,,
40.5717,8,3,9.4522,50.0232,converged,81628.29,50563.86,1.7259,6.92,0.0000,0.0751,0.0817,,,,,,,
54.0550,6,6,21.9409,75.9959,completed,81628.05,50565.38,1.7281,6.55,0.0000,0.0919,0.1601,0.3211,2.3369,4.0743,,,,
58.2720,5,5,20.2943,78.5663,completed,81628.05,50565.38,1.7281,6.55,0.0000,0.1137,0.3095,0.4489,3.3788,,,,,
39.3220,9,3,9.6796,49.0016,converged,81627.78,50567.06,1.7378,6.15,0.0000,0.0288,0.0750,,,,,,,
51.1553,7,7,28.4835,79.6386,completed,81627.78,50567.06,1.7378,6.15,0.0000,0.0859,0.1073,0.2317,0.5876,2.3498,3.6724,,,
29.8529,10,3,14.3485,44.2005,converged,81627.53,50568.56,1.7444,5.71,0.0000,0.0258,0.0499,,,,,,,
57.7930,6,3,14.1286,71.9206,converged,81627.53,50568.56,1.7444,5.71,0.0000,0.0524,0.0944,,,,,,,
50.5282,7,3,12.9623,63.4903,converged,81627.30,50569.84,1.7539,5.33,0.0000,0.0264,0.0493,,,,,,,
27.5589,10,3,12.7037,40.2617,converged,81627.15,50570.66,1.7637,5.03,0.0000,0.0248,0.0710,,,,,,,
46.2635,7,3,50.9375,97.2007,converged,81627.15,50570.66,1.7637,5.03,0.0000,0.0426,0.0824,,,,,,,
53.8498,6,6,34.7277,88.5768,completed,81626.94,50571.69,1.7774,4.66,0.0000,0.0755,0.1560,0.2725,1.6299,3.5028,,,,
39.3501,9,3,8.5455,47.8955,converged,81626.94,50571.69,1.7774,4.66,0.0000,0.0497,0.0889,,,,,,,
47.5228,7,7,28.0780,75.6000,completed,81626.64,50573.10,1.7951,4.11,0.0000,0.0596,0.1388,0.2057,0.3992,2.7102,3.3818,,,
43.2089,8,3,16.3963,59.6043,converged,81626.64,50573.10,1.7951,4.11,0.0000,0.0393,0.0791,,,,,,,
31.5073,10,3,14.4685,45.9756,converged,81626.39,50574.17,1.8222,3.69,0.0000,0.0244,0.0650,,,,,,,
36.0676,9,3,10.0522,46.1193,converged,81626.39,50574.17,1.8222,3.69,0.0000,0.0295,0.0524,,,,,,,
35.7636,9,3,9.1831,44.9462,converged,81626.21,50574.85,1.8409,3.43,0.0000,0.0255,0.0454,,,,,,,
40.2375,8,3,8.6217,48.8587,converged,81626.21,50574.85,1.8409,3.43,0.0000,0.0433,0.0946,,,,,,,
33.4205,10,3,9.3922,42.8122,converged,81626.00,50575.56,1.8604,3.06,0.0000,0.0278,0.0376,,,,,,,
38.0487,9,3,10.6524,48.7005,converged,81626.00,50575.56,1.8604,3.06,0.0000,0.0220,0.0430,,,,,,,
35.0294,9,4,18.0168,53.0458,converged,81625.80,50576.24,1.8822,2.71,0.0000,0.0813,0.1202,0.0702,,,,,,
28.8390,10,3,12.4708,41.3098,converged,81625.80,50576.24,1.8822,2.71,0.0000,0.0395,0.0812,,,,,,,
33.0121,10,3,12.8345,45.8465,converged,81625.63,50576.77,1.9066,2.49,0.0000,0.0438,0.0730,,,,,,,
55.5926,6,3,9.1588,64.7509,converged,81625.63,50576.77,1.9066,2.49,0.0000,0.0740,0.0971,,,,,,,
24.8860,10,3,10.1259,35.0120,converged,81625.44,50577.29,1.9353,2.32,0.0000,0.0137,0.0117,,,,,,,
30.1518,10,10,34.4102,64.5612,completed,81625.44,50577.29,1.9353,2.32,0.0000,0.0798,0.1197,0.1352,0.2699,0.5310,1.2658,3.3315,3.1558,2.5919
33.7371,10,3,9.6103,43.3473,converged,81625.26,50577.76,1.9633,2.13,0.0000,0.0213,0.0406,,,,,,,
30.3290,10,3,13.5959,43.9249,converged,81625.26,50577.76,1.9633,2.13,0.0000,0.0228,0.0573,,,,,,,
59.5148,5,5,30.1871,89.7012,completed,81625.09,50578.14,1.9866,2.02,0.0000,0.0923,0.3749,0.2190,3.3847,,,,,
38.1661,9,9,38.9712,77.1372,completed,81625.09,50578.14,1.9866,2.02,0.0000,0.0594,0.1310,0.2058,0.2902,0.4940,2.0491,3.2908,3.2187,
57.6213,6,6,32.1501,89.7711,completed,81624.86,50578.66,2.0245,1.89,0.0000,0.0955,0.1470,0.6405,2.4006,3.9687,,,,
48.4958,7,7,26.9228,75.4178,completed,81624.86,50578.66,2.0245,1.89,0.0000,0.5803,0.9893,3.3991,3.3261,3.7934,4.1189,,,
48.1776,7,7,23.4894,71.6664,completed,81624.60,50579.18,2.0631,1.76,0.0000,0.4224,0.1001,1.4464,0.7754,0.7374,1.6431,,,
58.5088,5,5,19.1407,77.6488,completed,81624.60,50579.18,2.0631,1.76,0.0000,0.1436,1.8290,1.6575,1.3544,,,,,
20.3473,10,10,37.0256,57.3727,completed,81624.37,50579.59,2.0957,1.68,0.0000,0.3064,0.4341,0.3964,0.7387,0.5810,0.5501,1.9282,2.3072,2.1030
28.2147,10,10,39.6000,67.8140,completed,81624.37,50579.59,2.0957,1.68,0.0000,0.2283,0.3342,0.4461,1.0392,1.4076,1.4175,2.2710,2.9363,2.9546
21.2673,10,3,9.8924,31.1594,converged,81624.18,50579.93,2.1228,1.53,0.0000,0.0636,0.0893,,,,,,,
43.8041,8,8,30.6493,74.4533,completed,81624.18,50579.93,2.1228,1.53,0.0000,0.1953,0.3417,0.7723,1.2021,2.3015,4.0478,4.0369,,
41.0074,8,8,31.3270,72.3341,completed,81623.99,50580.23,2.1414,1.27,0.0000,0.1203,0.1551,0.3369,0.8326,1.4173,3.3282,3.3206,,
36.3572,9,9,30.5687,66.9258,completed,81623.99,50580.23,2.1414,1.27,0.0000,0.1520,0.2395,0.1390,0.2352,0.2202,1.2420,2.5393,2.9001,
39.5110,9,9,38.6500,78.1600,completed,81623.82,50580.49,2.1595,1.05,0.0000,0.0909,0.1468,0.1409,0.2347,0.2670,1.7111,3.0612,3.0811,
41.5524,8,8,31.7544,73.3064,completed,81623.82,50580.49,2.1595,1.05,0.0000,0.1590,0.3216,0.6514,0.7687,2.1489,3.8751,4.1807,,
20.7865,10,10,34.9468,55.7328,completed,81623.68,50580.70,2.1754,0.61,0.0000,0.0892,0.1331,0.1608,0.3677,0.3268,1.0662,3.0191,3.4806,3.1235
24.8885,10,10,45.7553,70.6433,completed,81623.68,50580.70,2.1754,0.61,0.0000,0.0792,0.1137,0.1259,0.2923,0.4447,0.8752,2.5042,3.3274,3.1934
41.5648,8,3,15.4097,56.9737,converged,81623.62,50580.78,2.1788,0.17,0.0000,0.0670,0.0724,,,,,,,
40.0274,8,8,33.8896,73.9166,completed,81623.62,50580.78,2.1788,0.17,0.0000,0.0806,0.1326,0.2711,0.7790,1.1468,3.3187,3.8402,,
57.2791,6,6,24.7773,82.0564,completed,81623.61,50580.80,2.1795,0.00,0.0000,0.1251,0.1650,0.5320,1.4481,4.1321,,,,
37.9302,9,9,33.4122,71.3423,completed,81623.61,50580.80,2.1795,0.00,0.0000,0.0887,0.1938,0.2928,0.5023,1.1207,2.6656,3.9580,3.9484,
49.6018,7,7,29.6150,79.2161,completed,81623.59,50580.83,2.1818,0.00,0.0000,0.1562,0.2805,0.4358,1.3290,3.6062,4.8411,,,
26.8887,10,3,12.2238,39.1118,converged,81623.59,50580.83,2.1818,0.00,0.0000,0.0248,0.0887,,,,,,,
21.8376,10,10,41.6154,63.4525,completed,81623.58,50580.85,2.1835,0.11,0.0000,0.0507,0.2059,0.3024,0.5095,1.0722,1.7368,2.2561,2.8832,2.6953
37.8400,9,3,10.9654,48.8056,converged,81623.58,50580.85,2.1835,0.11,0.0000,0.0358,0.0684,,,,,,,
38.8834,9,3,11.2909,50.1739,converged,81623.57,50580.87,2.1850,0.10,0.0000,0.0366,0.0494,,,,,,,
30.2712,10,10,41.6064,71.8774,completed,81623.57,50580.87,2.1850,0.10,0.0000,0.0229,0.1701,0.3130,0.3409,0.3403,1.1053,1.8747,2.2367,1.9724
54.6904,6,6,29.7164,84.4064,completed,81623.55,50580.90,2.1888,0.21,0.0000,0.2463,1.3014,2.5079,0.6871,2.0727,,,,
58.4632,5,5,27.5748,86.0378,completed,81623.55,50580.90,2.1888,0.21,0.0000,0.3844,0.8473,1.0185,3.0808,,,,,
59.8224,5,5,19.6392,79.4613,completed,81623.50,50580.97,2.1973,0.29,0.0000,0.2524,0.3816,0.7629,2.7182,,,,,
27.4017,10,3,14.0212,41.4222,converged,81623.50,50580.97,2.1973,0.29,0.0000,0.0784,0.0622,,,,,,,
31.7766,10,3,11.2693,43.0453,converged,81623.47,50581.02,2.2064,0.31,0.0000,0.0378,0.0333,,,,,,,
24.7353,10,3,15.7489,40.4839,converged,81623.47,50581.02,2.2064,0.31,0.0000,0.0259,0.0586,,,,,,,
26.9082,10,3,10.6276,37.5356,converged,81623.41,50581.09,2.2227,0.46,0.0000,0.0484,0.0385,,,,,,,
28.6454,10,3,12.0460,40.6911,converged,81623.41,50581.09,2.2227,0.46,0.0000,0.0229,0.0633,,,,,,,
43.5923,8,8,28.7689,72.3609,completed,81623.33,50581.20,2.2445,0.66,0.0000,0.0477,0.1083,0.2309,0.4107,0.8510,2.0371,2.7868,,
56.0727,6,6,25.3003,81.3723,completed,81623.33,50581.20,2.2445,0.66,0.0000,0.0381,0.1472,0.2100,1.4337,2.9720,,,,
27.7983,10,3,10.9226,38.7206,converged,81623.19,50581.37,2.2789,0.91,0.0000,0.0227,0.0953,,,,,,,
34.1249,9,3,13.5486,47.6727,converged,81623.19,50581.37,2.2789,0.91,0.0000,0.0369,0.0457,,,,,,,
48.5013,7,7,25.0525,73.5536,completed,81623.04,50581.54,2.3149,1.11,0.0000,0.0972,0.1410,0.5168,0.5605,1.6080,3.1032,,,
45.5162,8,8,29.3839,74.8999,completed,81623.04,50581.54,2.3149,1.11,0.0000,0.0911,0.1545,0.4550,1.2540,0.3416,1.8460,2.5140,,
33.6125,10,3,12.7572,46.3693,converged,81622.80,50581.80,2.3677,1.36,0.0000,0.0447,0.0602,,,,,,,
51.0993,7,7,31.9622,83.0612,completed,81622.80,50581.80,2.3677,1.36,0.0000,0.0798,0.2253,0.3481,0.4990,2.8137,4.3293,,,
41.0894,8,3,9.9172,51.0062,converged,81622.53,50582.05,2.4121,1.54,0.0000,0.0487,0.0571,,,,,,,
25.3944,10,10,35.8346,61.2287,completed,81622.53,50582.05,2.4121,1.54,0.0000,0.0487,0.1151,0.1908,0.2883,0.5455,0.6820,2.7291,3.5939,3.3195
42.6642,8,3,11.0250,53.6891,converged,81622.22,50582.32,2.4593,1.74,0.0000,0.0446,0.0777,,,,,,,
30.8117,10,10,35.7501,66.5611,completed,81622.22,50582.32,2.4593,1.74,0.0000,0.0311,0.1346,0.3537,0.7168,1.3186,0.5482,2.3466,3.7969,3.7129
38.8167,9,3,8.7805,47.5965,converged,81621.86,50582.61,2.4982,1.96,0.0000,0.0320,0.0448,,,,,,,
57.5650,6,6,24.9861,82.5511,completed,81621.86,50582.61,2.4982,1.96,0.0000,0.0523,0.1056,0.6686,2.8781,5.6491,,,,
42.1043,8,8,27.8036,69.9076,completed,81621.41,50582.93,2.5452,2.16,0.0000,0.1035,0.1512,0.1728,0.4917,2.0395,5.1679,5.0662,,
33.3698,10,3,9.6427,43.0118,converged,81621.41,50582.93,2.5452,2.16,0.0000,0.0480,0.0825,,,,,,,
52.9248,6,6,22.8641,75.7881,completed,81620.99,50583.21,2.5861,2.31,0.0000,0.1868,0.2069,0.7022,3.3655,6.0762,,,,
41.3913,8,3,14.1105,55.5016,converged,81620.99,50583.21,2.5861,2.31,0.0000,0.0781,0.0810,,,,,,,
42.2298,8,8,40.9260,83.1551,completed,81620.42,50583.55,2.6390,2.51,0.0000,0.1295,0.1669,0.1261,0.3303,2.3049,5.6590,5.0719,,
25.0442,10,10,53.7929,78.8370,completed,81620.42,50583.55,2.6390,2.51,0.0000,0.1000,0.1270,0.1295,0.2182,0.6828,0.6740,4.0720,4.9898,4.1032
56.2340,6,6,29.2480,85.4820,completed,81619.66,50583.94,2.7157,2.75,0.0000,0.1481,0.2210,0.7731,1.9897,6.9790,,,,
35.7997,9,9,38.1448,73.9438,completed,81619.66,50583.94,2.7157,2.75,0.0000,0.0792,0.1046,0.1354,0.2898,0.3381,3.8793,6.1310,5.2690,
55.1370,6,6,25.1021,80.2391,completed,81618.91,50584.26,2.7764,2.94,0.0000,0.0937,0.2070,0.5017,2.8244,7.5982,,,,
44.7665,8,3,17.0176,61.7836,converged,81618.91,50584.26,2.7764,2.94,0.0000,0.0587,0.0774,,,,,,,
38.7862,9,3,12.5177,51.3037,converged,81618.10,50584.55,2.8355,3.13,0.0000,0.0295,0.0468,,,,,,,
46.9204,7,3,9.3489,56.2689,converged,81618.10,50584.55,2.8355,3.13,0.0000,0.0342,0.0696,,,,,,,
39.0207,9,3,9.5477,48.5677,converged,81617.40,50584.76,2.8852,3.26,0.0000,0.0190,0.0329,,,,,,,
49.3568,7,3,14.7371,64.0931,converged,81617.40,50584.76,2.8852,3.26,0.0000,0.0302,0.0710,,,,,,,
47.9430,7,3,8.7420,56.6841,converged,81616.55,50584.97,2.9444,3.26,0.0000,0.0219,0.0465,,,,,,,
29.5152,10,3,8.5922,38.1073,converged,81616.55,50584.97,2.9444,3.26,0.0000,0.0155,0.0335,,,,,,,
53.8818,6,3,9.8602,63.7412,converged,81615.92,50585.09,2.9817,3.22,0.0000,0.0240,0.0725,,,,,,,
50.4138,7,3,10.7736,61.1866,converged,81615.92,50585.09,2.9817,3.22,0.0000,0.0147,0.0543,,,,,,,
53.2061,6,3,11.7354,64.9415,converged,81615.12,50585.21,3.0293,3.07,0.0000,0.0512,0.0945,,,,,,,
44.5554,8,3,10.2824,54.8374,converged,81615.12,50585.21,3.0293,3.07,0.0000,0.0123,0.0322,,,,,,,
26.9645,10,5,21.7735,48.7376,converged,81614.41,50585.29,3.0667,2.90,0.0000,0.0900,0.1448,0.1658,0.0786,,,,,
48.0244,7,3,12.5492,60.5733,converged,81614.41,50585.29,3.0667,2.90,0.0000,0.0204,0.0255,,,,,,,
53.3225,6,3,15.6241,68.9462,converged,81613.76,50585.34,3.1042,2.77,0.0000,0.0778,0.0494,,,,,,,
32.1270,10,3,13.5141,45.6411,converged,81613.76,50585.34,3.1042,2.77,0.0000,0.0132,0.0162,,,,,,,
41.3054,8,3,9.1729,50.4780,converged,81613.10,50585.36,3.1394,2.66,0.0000,0.0232,0.0272,,,,,,,
32.6911,10,3,10.3460,43.0370,converged,81613.10,50585.36,3.1394,2.66,0.0000,0.0165,0.0169,,,,,,,
45.3972,8,3,9.3957,54.7928,converged,81612.46,50585.36,-3.1114,2.56,0.0000,0.0295,0.0416,,,,,,,
27.7481,10,3,9.8736,37.6216,converged,81612.46,50585.36,-3.1114,2.56,0.0000,0.0342,0.0762,,,,,,,
31.0092,10,3,8.9755,39.9846,converged,81611.88,50585.34,-3.0837,2.50,0.0000,0.0185,0.0200,,,,,,,
54.3185,6,6,23.4640,77.7820,completed,81611.88,50585.34,-3.0837,2.50,0.0000,0.0976,0.5011,0.3994,2.5388,7.8577,,,,
37.6640,9,3,10.0695,47.7325,converged,81611.22,50585.31,-3.0561,2.48,0.0000,0.0268,0.0511,,,,,,,
38.8500,9,3,11.6106,50.4597,converged,81611.22,50585.31,-3.0561,2.48,0.0000,0.0462,0.0307,,,,,,,
29.7508,10,3,16.5619,46.3119,converged,81610.61,50585.26,-3.0347,2.51,0.0000,0.0303,0.0314,,,,,,,
33.9007,10,10,43.4098,77.3099,completed,81610.61,50585.26,-3.0347,2.51,0.0000,0.0372,0.1039,0.2451,0.1435,0.5546,1.9919,5.8550,7.4984,7.2525
22.1565,10,5,16.3540,38.5100,converged,81609.91,50585.18,-3.0129,2.55,0.0000,0.0461,0.1302,0.2023,0.0493,,,,,
44.5529,8,8,31.1503,75.7023,completed,81609.91,50585.18,-3.0129,2.55,0.0000,0.0381,0.1938,0.1003,0.8014,4.0249,8.1756,7.9553,,
20.3701,10,3,15.1358,35.5058,converged,81609.30,50585.10,-2.9950,2.60,0.0000,0.0175,0.0288,,,,,,,
44.5658,8,8,34.1487,78.7137,completed,81609.30,50585.10,-2.9950,2.60,0.0000,0.1522,0.5217,0.7366,0.5447,2.6709,6.8758,6.8770,,
29.9583,10,3,17.4196,47.3776,converged,81608.71,50585.02,-2.9878,2.61,0.0000,0.0295,0.0748,,,,,,,
53.0321,6,6,29.7156,82.7477,completed,81608.71,50585.02,-2.9878,2.61,0.0000,0.1814,0.6100,0.1923,2.2274,7.3275,,,,
51.1497,7,4,14.9799,66.1290,converged,81608.08,50584.93,-2.9830,2.61,0.0000,0.1619,0.4179,0.0748,,,,,,
30.0650,10,10,39.1371,69.2021,completed,81608.08,50584.93,-2.9830,2.61,0.0000,0.0957,0.2580,0.4658,0.1688,0.3991,1.7593,5.2469,6.7236,6.0952
40.4414,8,4,16.8429,57.2839,converged,81607.47,50584.83,-2.9785,2.62,0.0000,0.0921,0.2741,0.0375,,,,,,
35.8535,9,9,40.6358,76.4888,completed,81607.47,50584.83,-2.9785,2.62,0.0000,0.0624,0.2205,0.2299,0.5686,1.1541,3.7762,6.5350,7.3953,
35.6392,9,9,38.1984,73.8374,completed,81606.79,50584.73,-2.9703,2.63,0.0000,0.0869,0.1961,0.1284,0.4847,0.7531,3.1032,6.9131,7.8495,
24.5430,10,3,10.0667,34.6088,converged,81606.79,50584.73,-2.9703,2.63,0.0000,0.0188,0.0913,,,,,,,
38.0093,9,4,12.6311,50.6402,converged,81606.15,50584.62,-2.9598,2.65,0.0000,0.1131,0.1838,0.0689,,,,,,
54.7079,6,6,31.7661,86.4732,completed,81606.15,50584.62,-2.9598,2.65,0.0000,0.1496,0.4483,0.4516,2.6530,7.3789,,,,
29.2428,10,10,41.9790,71.2210,completed,81605.41,50584.48,-2.9514,2.60,0.0000,0.0920,0.1887,0.2297,0.2352,0.9508,2.3577,7.2142,7.8448,6.2535
33.0820,10,10,41.7115,74.7925,completed,81605.41,50584.48,-2.9514,2.60,0.0000,0.0654,0.1864,0.3404,0.1117,0.3570,1.4883,4.8839,7.0108,6.6927
21.8408,10,10,45.7698,67.6098,completed,81604.74,50584.36,-2.9513,2.61,0.0000,0.1184,0.2480,0.3744,0.2703,0.7208,1.3632,5.1783,7.0449,6.3027
27.3198,10,4,14.6410,41.9600,converged,81604.74,50584.36,-2.9513,2.61,0.0000,0.0606,0.1195,0.0875,,,,,,
32.8401,10,5,14.8246,47.6646,converged,81604.10,50584.24,-2.9482,2.54,0.0000,0.1141,0.1728,0.1887,0.0450,,,,,
47.3843,7,7,27.8755,75.2595,completed,81604.10,50584.24,-2.9482,2.54,0.0000,0.1603,0.4832,0.2595,1.3634,6.0438,8.4172,,,
39.9814,9,9,44.5406,84.5216,completed,81603.50,50584.12,-2.9508,2.41,0.0000,0.1330,0.2107,0.1580,0.5668,2.0339,5.5856,8.5215,7.9508,
37.4182,9,9,48.0788,85.4968,completed,81603.50,50584.12,-2.9508,2.41,0.0000,0.1301,0.2282,0.2278,0.8064,1.4708,4.2285,7.5915,7.6022,
35.8708,9,9,44.5088,80.3788,completed,81602.80,50583.99,-2.9565,2.32,0.0000,0.0700,0.1529,0.1182,0.4489,1.2519,3.7303,7.6797,8.0600,
31.5488,10,10,34.9026,66.4506,completed,81602.47,50583.93,-2.9554,2.19,0.0000,0.1246,0.2633,0.4441,0.2865,0.4869,1.3438,4.8667,7.0185,6.5870
41.8142,8,8,34.4091,76.2231,completed,81602.47,50583.93,-2.9554,2.19,0.0000,0.1095,0.1868,0.1093,1.9238,6.8192,10.2972,8.1819,,
36.5022,9,9,33.8213,70.3233,completed,81601.92,50583.83,-2.9546,2.04,0.0000,0.1093,0.1977,0.1048,0.7158,2.9350,7.0667,8.4245,6.8624,
48.5901,7,3,11.3544,59.9444,converged,81601.92,50583.83,-2.9546,2.04,0.0000,0.0579,0.0683,,,,,,,
22.7258,10,10,41.5832,64.5907,completed,81601.43,50583.74,-2.9610,1.84,0.0000,0.0791,0.1199,0.1006,0.5962,2.2538,3.9854,7.4306,8.0670,7.1518
26.1825,10,10,49.9419,76.1239,completed,81601.43,50583.74,-2.9610,1.84,0.0000,0.1107,0.2107,0.2870,0.1153,1.0899,1.2444,4.2593,7.2404,7.4259
58.1215,5,5,21.3092,79.4303,completed,81601.01,50583.67,-2.9674,1.75,0.0000,0.4274,0.6625,2.4233,8.7499,,,,,
23.7401,10,3,17.3208,41.0608,converged,81600.74,50583.63,-2.9702,1.68,0.0000,0.0478,0.0999,,,,,,,
24.0619,10,10,58.6596,82.7207,completed,81600.74,50583.63,-2.9702,1.68,0.0000,0.1430,0.2648,0.4322,0.1263,0.8417,1.3817,4.7666,7.1772,7.2746
50.7572,7,7,50.2620,101.0191,completed,81600.27,50583.55,-2.9764,1.54,0.0000,0.2222,0.3781,0.4129,3.2852,8.8467,9.7713,,,
28.9858,10,10,57.4924,86.4775,completed,81600.27,50583.55,-2.9764,1.54,0.0000,0.1257,0.2861,0.6113,0.6772,0.4793,0.6819,4.5530,6.7172,6.3222
41.0926,8,8,32.5131,73.6051,completed,81599.78,50583.47,-2.9813,1.38,0.0000,0.1864,0.4153,0.4135,0.4960,0.9637,6.1740,8.0452,,
28.2810,10,10,41.7703,70.0513,completed,81599.78,50583.47,-2.9813,1.38,0.0000,0.1146,0.2781,0.6401,0.7629,0.9659,1.3536,5.3239,6.7532,5.9768
39.6845,9,9,29.2835,68.9675,completed,81599.40,50583.41,-2.9820,1.21,0.0000,0.1254,0.2666,0.3849,0.1858,1.7646,5.4638,8.0803,7.6181,
25.4328,10,10,34.7251,60.1571,completed,81599.40,50583.41,-2.9820,1.21,0.0000,0.0840,0.1464,0.2661,0.1008,0.7326,1.3931,4.6172,6.6984,6.8668
39.1211,9,9,34.4693,73.5903,completed,81599.10,50583.37,-2.9844,1.07,0.0000,0.1193,0.2993,0.6265,0.3227,0.8349,3.1068,6.6293,7.1703,
53.1777,6,6,23.3103,76.4874,completed,81599.10,50583.37,-2.9844,1.07,0.0000,2.9847,2.5831,3.8850,6.1850,8.7957,,,,
32.9576,10,10,45.1825,78.1395,completed,81598.81,50583.32,-2.9870,1.01,0.0000,0.0826,0.1738,0.3342,0.1906,1.0830,1.5753,4.7108,6.5264,6.6671
42.9301,8,6,25.1350,68.0650,converged,81598.81,50583.32,-2.9870,1.01,0.0000,0.1651,1.1868,1.5004,0.6017,0.0813,,,,
33.7079,10,3,13.0269,46.7340,converged,81598.55,50583.28,-2.9904,0.95,0.0000,0.0167,0.0491,,,,,,,
45.5366,8,8,39.3524,84.8885,completed,81598.55,50583.28,-2.9904,0.95,0.0000,0.1940,0.1068,0.5081,0.5412,0.5915,1.8099,2.2696,,
50.6032,7,7,27.2609,77.8640,completed,81598.31,50583.25,-2.9912,0.85,0.0000,0.1636,0.4730,0.3405,0.9290,5.0981,7.5699,,,
23.9248,10,10,46.8877,70.8118,completed,81598.31,50583.25,-2.9912,0.85,0.0000,0.2761,0.9384,1.5430,0.8807,1.3502,0.9524,1.9761,2.7078,2.5185
56.4799,6,6,33.3762,89.8552,completed,81598.08,50583.21,-2.9939,0.78,0.0000,0.3210,0.9705,0.5557,2.6356,7.1820,,,,
25.3230,10,3,15.1157,40.4377,converged,81598.08,50583.21,-2.9939,0.78,0.0000,0.2156,0.0909,,,,,,,
34.9786,9,9,45.8582,80.8362,completed,81597.91,50583.19,-2.9905,0.67,0.0000,0.4282,0.1221,0.8820,0.2208,1.3653,0.8341,2.0256,2.2948,
46.2410,7,7,33.8129,80.0539,completed,81597.91,50583.19,-2.9905,0.67,0.0000,0.2215,0.5331,0.4440,1.2392,1.9242,2.7111,,,
45.8838,8,8,26.7637,72.6467,completed,81597.74,50583.16,-2.9848,0.51,0.0000,0.1225,0.5768,2.1832,2.2899,1.7832,2.8202,3.1188,,
50.2746,7,7,27.7412,78.0153,completed,81597.74,50583.16,-2.9848,0.51,0.0000,0.2594,0.9447,1.4968,0.9365,1.6520,2.7382,,,
24.9198,10,10,38.2752,63.1942,completed,81597.63,50583.14,-2.9803,0.33,0.0000,0.4154,1.3729,1.1697,1.4237,1.1424,1.9976,2.2061,2.7510,2.5184
37.0520,9,9,32.5067,69.5587,completed,81597.63,50583.14,-2.9803,0.33,0.0000,0.7893,0.8593,2.6858,4.0540,2.1635,1.2371,3.2519,3.1631,
37.5024,9,9,33.3916,70.8936,completed,81597.56,50583.13,-2.9742,0.23,0.0000,0.2217,1.5118,3.4378,2.9490,3.9090,3.5655,4.0501,3.3902,
40.2317,8,8,31.0309,71.2619,completed,81597.56,50583.13,-2.9742,0.23,0.0000,0.1858,1.0841,2.9181,4.0536,3.6205,4.2587,3.4339,,
47.5877,7,7,28.4180,76.0051,completed,81597.51,50583.12,-2.9672,0.18,0.0000,0.2761,2.0071,1.9913,2.4767,0.7019,1.1269,,,
50.0587,7,7,32.7266,82.7847,completed,81597.51,50583.12,-2.9672,0.18,0.0000,0.4881,1.3955,4.0950,3.8055,2.1088,3.6758,,,
24.2442,10,10,33.9092,58.1533,completed,81597.46,50583.12,-2.9593,0.13,0.0000,0.2672,0.6973,1.6265,0.5579,4.2237,3.0174,2.3157,3.0209,2.7296
26.1827,10,10,33.8392,60.0212,completed,81597.46,50583.12,-2.9593,0.13,0.0000,0.2350,0.2561,1.4066,1.5498,2.5310,1.9538,2.4465,2.6877,2.3166
45.8916,8,8,34.9941,80.8851,completed,81597.44,50583.11,-2.9591,0.00,0.0000,0.0303,0.8753,2.0891,2.9621,1.9813,3.1772,3.1060,,
52.7735,6,6,20.8728,73.6458,completed,81597.44,50583.11,-2.9591,0.00,0.0000,0.8331,1.0511,6.9963,3.8169,0.7140,,,,
32.5025,10,10,36.5251,69.0271,completed,81597.45,50583.11,-2.9596,0.00,0.0000,0.1891,0.4222,1.4727,2.0476,3.6129,2.5234,2.5350,2.9206,2.5448
45.1481,8,8,30.6787,75.8268,completed,81597.45,50583.11,-2.9596,0.00,0.0000,0.0476,1.3950,3.1783,4.0272,3.0301,3.5788,3.6354,,
35.5037,9,9,29.9223,65.4254,completed,81597.45,50583.12,-2.9596,0.00,0.0000,0.0687,0.4452,0.9307,6.9533,0.7629,0.8294,1.9942,2.2812,
25.7842,10,10,36.3240,62.1080,completed,81597.45,50583.12,-2.9596,0.00,0.0000,0.1654,0.6078,1.5217,2.2279,3.4047,2.8686,3.6447,3.6365,3.0758
41.4896,8,8,28.3092,69.7983,completed,81597.45,50583.12,-2.9595,0.00,0.0000,0.1567,0.3663,0.8933,1.8083,2.1234,2.7984,3.4446,,
41.2164,8,8,27.4151,68.6311,completed,81597.45,50583.12,-2.9595,0.00,0.0000,0.0614,0.3197,0.6303,2.2888,2.5374,2.9710,3.4264,,
54.2892,6,6,26.4634,80.7524,completed,81597.45,50583.12,-2.9595,0.00,0.0000,0.3488,1.0544,3.1473,2.6805,4.7770,,,,
22.0463,10,10,33.7629,55.8090,completed,81597.45,50583.12,-2.9595,0.00,0.0000,0.1417,0.3052,0.4634,0.5897,2.0962,1.2688,2.3677,3.2604,3.0330
30.9554,10,10,42.7405,73.6955,completed,81597.45,50583.12,-2.9595,0.00,0.0000,0.1454,0.2515,0.2181,0.5973,1.5281,0.9400,2.0990,3.3213,3.1558
29.8560,10,10,48.7061,78.5611,completed,81597.45,50583.12,-2.9595,0.00,0.0000,0.1001,0.1687,0.1135,0.9009,1.9336,0.7363,1.8674,2.9739,2.9045
25.0915,10,10,39.8509,64.9419,completed,81597.43,50583.11,-2.9592,0.11,0.0000,0.0926,0.1587,0.1403,0.4519,1.4610,1.2634,2.5756,3.4140,3.1335
32.0744,10,4,21.8503,53.9243,converged,81597.43,50583.11,-2.9592,0.11,0.0000,0.1113,0.1662,0.0956,,,,,,
27.5359,10,3,9.3899,36.9249,converged,81597.39,50583.10,-2.9578,0.21,0.0000,0.0284,0.0261,,,,,,,
27.4345,10,10,46.7127,74.1468,completed,81597.39,50583.10,-2.9578,0.21,0.0000,0.0912,0.1626,0.3146,0.6388,1.1564,2.4770,3.4787,4.0192,3.6137
22.3955,10,3,9.3750,31.7701,converged,81597.32,50583.09,-2.9552,0.33,0.0000,0.0434,0.0819,,,,,,,
23.2047,10,7,22.1469,45.3510,converged,81597.32,50583.09,-2.9552,0.33,0.0000,0.0700,0.1706,0.9267,23.0520,3.6436,0.0525,,,
51.7709,7,7,42.6280,94.3980,completed,81597.23,50583.08,-2.9527,0.47,0.0000,0.0296,0.1755,0.4834,1.1211,4.2371,5.9290,,,
47.7074,7,3,9.2508,56.9578,converged,81597.23,50583.08,-2.9527,0.47,0.0000,0.0746,0.0759,,,,,,,
38.8191,9,4,13.3936,52.2126,converged,81597.06,50583.04,-2.9488,0.70,0.0000,0.1704,0.1869,0.0962,,,,,,
57.6431,6,6,36.5611,94.2041,completed,81597.06,50583.04,-2.9488,0.70,0.0000,0.1428,0.1346,0.7172,2.0496,6.1150,,,,
36.5577,9,3,9.3600,45.9170,converged,81596.84,50583.00,-2.9450,0.94,0.0000,0.1254,0.0819,,,,,,,
29.5882,10,4,12.6279,42.2160,converged,81596.84,50583.00,-2.9450,0.94,0.0000,0.1175,0.1377,0.0692,,,,,,
53.3093,6,6,23.5697,76.8787,completed,81596.60,50582.95,-2.9402,1.19,0.0000,0.1327,0.1671,0.7402,2.2686,6.4518,,,,
52.5246,6,6,31.3863,83.9104,completed,81596.60,50582.95,-2.9402,1.19,0.0000,0.3620,0.5505,4.7042,2.0066,3.8761,,,,
29.5248,10,4,12.4054,41.9295,converged,81596.22,50582.87,-2.9362,1.53,0.0000,0.1277,0.1171,0.0455,,,,,,
57.3235,6,3,9.7768,67.0998,converged,81596.22,50582.87,-2.9362,1.53,0.0000,0.0518,0.0936,,,,,,,
25.3000,10,3,12.2841,37.5832,converged,81595.80,50582.78,-2.9303,1.91,0.0000,0.0766,0.0261,,,,,,,
43.0040,8,3,12.1506,55.1547,converged,81595.80,50582.78,-2.9303,1.91,0.0000,0.1351,0.0848,,,,,,,
47.1407,7,3,9.6013,56.7414,converged,81595.36,50582.69,-2.9309,2.16,0.0000,0.0438,0.0760,,,,,,,
35.9795,9,3,12.8134,48.7924,converged,81595.36,50582.69,-2.9309,2.16,0.0000,0.0662,0.0094,,,,,,,
41.1562,8,3,10.1728,51.3288,converged,81594.79,50582.57,-2.9262,2.50,0.0000,0.0433,0.0218,,,,,,,
53.3233,6,3,13.6945,67.0176,converged,81594.79,50582.57,-2.9262,2.50,0.0000,0.0720,0.0668,,,,,,,
54.0654,6,3,11.6502,65.7152,converged,81594.07,50582.41,-2.9234,2.92,0.0000,0.0337,0.0914,,,,,,,
27.3699,10,3,11.2677,38.6368,converged,81594.07,50582.41,-2.9234,2.92,0.0000,0.0283,0.0221,,,,,,,
34.7087,9,3,12.0952,46.8032,converged,81593.36,50582.25,-2.9247,3.33,0.0000,0.0133,0.0742,,,,,,,
35.5343,9,4,20.1369,55.6710,converged,81593.36,50582.25,-2.9247,3.33,0.0000,0.0569,0.1045,0.0797,,,,,,
40.5413,8,3,10.8810,51.4220,converged,81592.56,50582.08,-2.9271,3.72,0.0000,0.0187,0.0197,,,,,,,
36.1017,9,9,35.6088,71.7099,completed,81592.56,50582.08,-2.9271,3.72,0.0000,0.0168,0.1381,0.3031,0.5564,1.4175,3.2349,7.7703,7.9302,
52.6135,6,6,36.4113,89.0244,completed,81591.52,50581.85,-2.9265,4.12,0.0000,0.0626,0.1266,0.2851,2.6136,8.5003,,,,
38.8594,9,3,19.2001,58.0592,converged,81591.52,50581.85,-2.9265,4.12,0.0000,0.0124,0.0571,,,,,,,
54.4052,6,6,28.8617,83.2667,completed,81590.37,50581.60,-2.9252,4.51,0.0000,0.1143,0.3282,0.2136,2.2653,8.5300,,,,
35.7513,9,9,43.9814,79.7324,completed,81590.37,50581.60,-2.9252,4.51,0.0000,0.0213,0.1504,0.2215,0.1728,0.9979,2.1401,7.4993,8.4366,
43.8874,8,8,39.1200,83.0071,completed,81588.99,50581.30,-2.9310,4.94,0.0000,0.0878,0.1969,0.1499,0.2714,2.0125,7.3733,9.1207,,
59.3027,5,5,22.2728,81.5749,completed,81588.99,50581.30,-2.9310,4.94,0.0000,0.1082,0.3158,1.3578,8.6265,,,,,
34.2770,9,9,30.4538,64.7308,completed,81587.47,50580.98,-2.9348,5.43,0.0000,0.1283,0.2458,0.2848,0.1916,0.6624,2.6764,8.2776,8.8036,
41.3619,8,8,49.2195,90.5806,completed,81587.47,50580.98,-2.9348,5.43,0.0000,0.0722,0.1416,0.1907,0.3590,1.4030,8.4483,8.8682,,
54.2919,6,6,31.2736,85.5647,completed,81585.90,50580.66,-2.9384,5.94,0.0000,0.2721,0.3706,0.3197,3.6626,9.7893,,,,
53.0494,6,6,25.3913,78.4403,completed,81585.90,50580.66,-2.9384,5.94,0.0000,0.1961,0.2630,0.1615,2.7362,8.9781,,,,
41.5614,8,4,14.8719,56.4329,converged,81583.93,50580.26,-2.9420,6.54,0.0000,0.2013,0.2853,0.0115,,,,,,
52.7551,6,6,30.1011,82.8561,completed,81583.93,50580.26,-2.9420,6.54,0.0000,0.1752,0.3196,0.1279,2.3929,8.3224,,,,
40.2746,8,3,12.2396,52.5136,converged,81582.06,50579.88,-2.9453,7.04,0.0000,0.0754,0.0427,,,,,,,
58.0919,5,5,21.8135,79.9045,completed,81582.06,50579.88,-2.9453,7.04,0.0000,0.1781,0.1409,1.3601,9.2897,,,,,
51.9395,7,7,25.9582,77.8972,completed,81580.28,50579.53,-2.9527,7.38,0.0000,0.0471,0.1882,0.2030,2.3256,11.2917,10.6658,,,
40.3315,8,8,34.4726,74.8036,completed,81580.28,50579.53,-2.9527,7.38,0.0000,0.0317,0.1342,0.3421,0.8381,1.7102,7.0764,9.0754,,
39.6891,9,3,12.1607,51.8498,converged,81578.28,50579.16,-2.9575,7.62,0.0000,0.0905,0.0885,,,,,,,
40.5514,8,8,29.3967,69.9478,completed,81578.28,50579.16,-2.9575,7.62,0.0000,0.0443,0.2360,0.5642,0.8231,1.8042,7.1869,9.7822,,
57.7065,6,6,21.6285,79.3345,completed,81576.30,50578.79,-2.9566,7.83,0.0000,0.1596,0.3848,0.1251,8.1442,11.9986,,,,
52.8594,6,6,24.4994,77.3585,completed,81576.30,50578.79,-2.9566,7.83,0.0000,0.1446,0.4131,0.4633,5.0115,10.7526,,,,
32.4898,10,3,11.3140,43.8031,converged,81573.95,50578.34,-2.9612,8.09,0.0000,0.1270,0.0183,,,,,,,
49.5452,7,7,23.6328,73.1778,completed,81573.95,50578.34,-2.9612,8.09,0.0000,0.2008,0.3211,1.5067,0.2589,4.5347,8.8210,,,
29.3897,10,3,9.8680,39.2571,converged,81572.02,50577.99,-2.9564,8.24,0.0000,0.1676,0.0435,,,,,,,
43.0709,8,8,27.5988,70.6689,completed,81572.02,50577.99,-2.9564,8.24,0.0000,0.2237,0.1048,0.7266,0.1616,2.6305,6.2982,9.1873,,
26.7660,10,10,36.7012,63.4673,completed,81570.14,50577.63,-2.9601,8.36,0.0000,0.1392,0.1049,0.8604,1.8828,1.8421,1.5398,3.6629,6.1780,7.6403
27.2805,10,10,50.4117,77.6917,completed,81570.14,50577.63,-2.9601,8.36,0.0000,0.2765,0.1566,0.3428,0.6467,0.5373,2.4884,5.9779,8.1004,8.7916
55.9397,6,6,25.4731,81.4122,completed,81567.65,50577.17,-2.9599,8.47,0.0000,0.4255,1.2627,0.8032,3.2710,8.7576,,,,
45.6972,8,8,30.0304,75.7275,completed,81567.65,50577.17,-2.9599,8.47,0.0000,0.0751,1.1187,3.4396,3.1674,0.7232,5.4676,7.8966,,
27.0629,10,3,9.6831,36.7451,converged,81565.14,50576.71,-2.9581,8.55,0.0000,0.2023,0.0700,,,,,,,
22.9665,10,10,37.8388,60.8048,completed,81565.14,50576.71,-2.9581,8.55,0.0000,0.1912,0.1087,1.9370,5.8027,4.1102,0.4927,1.9339,5.1596,6.5938
35.3698,9,9,34.6346,70.0036,completed,81563.20,50576.35,-2.9597,8.58,0.0000,0.0730,0.1438,0.8049,0.7088,4.5542,3.9756,7.9188,9.1505,
39.8474,9,3,15.0010,54.8481,converged,81563.20,50576.35,-2.9597,8.58,0.0000,0.2306,0.0561,,,,,,,
56.5853,6,6,23.8228,80.4078,completed,81561.17,50575.97,-2.9606,8.60,0.0000,0.0277,0.8254,3.5357,4.5439,9.5499,,,,
26.2742,10,3,10.7350,37.0090,converged,81561.17,50575.97,-2.9606,8.60,0.0000,0.1353,0.0922,,,,,,,
25.1269,10,3,12.9938,38.1198,converged,81559.33,50575.64,-2.9603,8.61,0.0000,0.0228,0.0509,,,,,,,
20.7865,10,10,38.2144,59.0004,completed,81559.33,50575.64,-2.9603,8.61,0.0000,0.2817,0.1646,0.1837,0.8850,1.9581,2.3264,3.9441,6.4661,6.7362
32.6881,10,3,10.7090,43.3970,converged,81557.11,50575.22,-2.9576,8.61,0.0000,0.0259,0.0409,,,,,,,
32.4550,10,10,36.4376,68.8926,completed,81557.11,50575.22,-2.9576,8.61,0.0000,0.2921,0.1099,0.4714,0.1480,2.0808,2.4661,2.6222,5.2955,6.1130
23.0563,10,4,12.7577,35.8137,converged,81555.24,50574.88,-2.9556,8.61,0.0000,0.1451,0.1414,0.0986,,,,,,
40.0241,8,3,9.9945,50.0185,converged,81555.24,50574.88,-2.9556,8.61,0.0000,0.2697,0.0238,,,,,,,
52.0884,6,6,22.8660,74.9540,completed,81553.30,50574.51,-2.9574,8.60,0.0000,0.0549,0.4116,0.5978,3.0613,6.6209,,,,
33.1347,10,10,42.0069,75.1410,completed,81553.30,50574.51,-2.9574,8.60,0.0000,0.0437,0.1522,0.3193,0.2358,0.6598,1.9345,2.8215,5.1639,5.2812
29.2026,10,10,35.3171,64.5191,completed,81551.01,50574.09,-2.9602,8.57,0.0000,0.1086,0.1317,0.1978,0.5389,1.4771,2.3548,3.7824,4.4183,3.8931
23.9297,10,10,33.1921,57.1211,completed,81551.01,50574.09,-2.9602,8.57,0.0000,0.0425,0.1227,0.3893,0.8708,0.9805,1.3193,2.8799,4.3576,4.1649
49.4360,7,7,28.9976,78.4327,completed,81548.82,50573.68,-2.9626,8.55,0.0000,0.1033,0.4864,1.2338,1.9117,2.5461,5.4438,,,
43.0101,8,8,34.6244,77.6344,completed,81548.82,50573.68,-2.9626,8.55,0.0000,0.0752,0.1074,0.3954,0.9021,2.8342,4.7411,5.1853,,
37.1083,9,9,40.4560,77.5641,completed,81546.36,50573.24,-2.9688,8.56,0.0000,0.1663,0.3529,0.7626,0.8996,1.9003,1.9992,4.0931,4.3971,
32.7840,10,3,10.3359,43.1189,converged,81546.36,50573.24,-2.9688,8.56,0.0000,0.0387,0.0519,,,,,,,
54.4233,6,6,24.7292,79.1522,completed,81544.26,50572.87,-2.9687,8.56,0.0000,0.2541,1.0463,0.8740,2.1163,5.1865,,,,
32.5280,10,10,44.9506,77.4776,completed,81544.26,50572.87,-2.9687,8.56,0.0000,0.0761,0.1620,0.2423,0.1238,0.5614,1.0790,2.2431,3.7245,3.6234
31.7991,10,10,44.2628,76.0619,completed,81541.89,50572.46,-2.9710,8.46,0.0000,0.1354,0.1920,0.2304,0.4191,1.4667,2.3214,3.1630,3.7892,3.4225
41.6739,8,8,46.6642,88.3372,completed,81541.89,50572.46,-2.9710,8.46,0.0000,0.1170,0.1310,0.1749,0.3424,1.5240,3.9332,4.1007,,
24.9981,10,10,39.9478,64.9459,completed,81539.40,50572.03,-2.9706,8.37,0.0000,0.1326,0.1784,0.2720,0.2931,0.7081,0.1923,1.6100,3.4322,3.7434
23.2730,10,10,46.5859,69.8589,completed,81539.40,50572.03,-2.9706,8.37,0.0000,0.0677,0.1435,0.3147,0.4376,0.7018,0.5388,1.8384,3.4849,3.4594
57.5327,6,6,24.1237,81.6557,completed,81537.33,50571.68,-2.9769,8.38,0.0000,0.2629,0.3076,0.8109,1.9697,4.2836,,,,
54.1854,6,6,26.1482,80.3332,completed,81537.33,50571.68,-2.9769,8.38,0.0000,0.1352,0.2049,0.7719,1.9392,4.3632,,,,
27.6832,10,10,34.4471,62.1302,completed,81535.11,50571.31,-2.9778,8.22,0.0000,0.1423,0.1344,0.2985,0.5875,1.7385,0.9752,1.3503,3.2199,3.6025
44.9726,8,8,32.4456,77.4177,completed,81535.11,50571.31,-2.9778,8.22,0.0000,0.1247,0.2783,0.2398,0.7117,0.3786,2.8079,3.8079,,
55.2330,6,6,21.3623,76.5944,completed,81532.88,50570.94,-2.9799,7.84,0.0000,0.4050,0.2195,1.2211,1.5041,3.9036,,,,
59.3630,5,5,19.7337,79.0957,completed,81532.88,50570.94,-2.9799,7.84,0.0000,0.1040,0.3756,0.5390,2.9807,,,,,
29.5444,10,10,35.9838,65.5279,completed,81530.79,50570.59,-2.9762,7.34,0.0000,0.3983,0.4022,0.5468,0.7700,1.8351,0.8525,2.6125,3.1135,2.8732
32.1977,10,10,36.4483,68.6453,completed,81530.79,50570.59,-2.9762,7.34,0.0000,0.1253,0.1865,0.1580,0.1926,0.1658,0.3536,2.1084,2.9127,2.8689
25.8462,10,10,33.0074,58.8534,completed,81529.09,50570.30,-2.9669,6.95,0.0000,0.2397,0.2316,0.2120,0.1007,0.3376,0.5186,2.3189,2.9914,2.9007
39.2668,9,9,38.4437,77.7097,completed,81529.09,50570.30,-2.9669,6.95,0.0000,0.0858,0.2878,1.1372,2.5833,1.9005,2.0558,3.2518,3.2110,
31.6032,10,3,16.7747,48.3778,converged,81527.25,50569.97,-2.9564,6.47,0.0000,0.2042,0.0484,,,,,,,
20.0250,10,3,15.3864,35.4104,converged,81527.25,50569.97,-2.9564,6.47,0.0000,0.0845,0.0805,,,,,,,
27.8201,10,10,48.5541,76.3742,completed,81525.91,50569.70,-2.9380,6.04,0.0000,0.0478,0.3378,0.6113,0.8685,0.9913,0.4223,1.7096,2.9094,3.0119
30.4167,10,10,51.2308,81.6468,completed,81525.91,50569.70,-2.9380,6.04,0.0000,0.2369,0.3583,0.5039,0.6658,3.4920,2.0867,0.2697,1.9942,2.7683
32.5866,10,3,12.1907,44.7768,converged,81524.45,50569.38,-2.9078,5.46,0.0000,0.1033,0.0614,,,,,,,
58.0176,5,5,22.1368,80.1539,completed,81524.45,50569.38,-2.9078,5.46,0.0000,0.0986,0.5988,0.8182,3.8521,,,,,
46.4557,7,7,35.4985,81.9535,completed,81523.10,50569.01,-2.8484,4.91,0.0000,0.1002,0.1136,0.3683,0.7826,2.5463,3.8469,,,
50.8634,7,3,10.0184,60.8814,converged,81523.10,50569.01,-2.8484,4.91,0.0000,0.1058,0.0667,,,,,,,
53.4977,6,6,35.1689,88.6660,completed,81521.80,50568.57,-2.7821,4.33,0.0000,0.1237,0.2535,0.4619,1.0290,3.0720,,,,
54.7552,6,3,43.2299,97.9852,deadline,81521.80,50568.57,-2.7821,4.33,0.0000,0.1596,0.1336,,,,,,,
51.8096,7,3,12.1489,63.9579,converged,81520.73,50568.13,-2.7272,3.90,0.0000,0.0474,0.0864,,,,,,,
42.3173,8,3,9.8915,52.2086,converged,81520.73,50568.13,-2.7272,3.90,0.0000,0.0632,0.0800,,,,,,,
42.7107,8,3,14.6461,57.3562,converged,81519.71,50567.63,-2.6310,3.59,0.0000,0.0430,0.0608,,,,,,,
38.3266,9,3,10.2066,48.5327,converged,81519.71,50567.63,-2.6310,3.59,0.0000,0.0520,0.0828,,,,,,,
53.8186,6,6,27.3331,81.1511,completed,81519.00,50567.19,-2.5493,3.40,0.0000,0.1094,0.1715,0.3622,1.3784,4.4318,,,,
41.5820,8,8,38.2188,79.7999,completed,81519.00,50567.19,-2.5493,3.40,0.0000,0.0989,0.1796,0.4040,0.3146,0.5768,1.4740,3.7172,,
34.6142,9,9,35.0211,69.6351,completed,81518.24,50566.62,-2.4464,3.17,0.0000,0.1246,0.1776,0.2420,0.4116,0.4548,1.0233,3.8407,4.2584,
47.6190,7,7,33.6431,81.2622,completed,81518.24,50566.62,-2.4464,3.17,0.0000,0.1492,0.2259,0.2726,1.0087,2.9831,4.8308,,,
51.2047,7,7,26.8719,78.0759,completed,81517.63,50566.07,-2.3549,3.02,0.0000,0.1454,0.2436,0.1958,0.8876,3.0650,5.0952,,,
54.0301,6,6,24.1352,78.1652,completed,81517.63,50566.07,-2.3549,3.02,0.0000,0.1354,0.3249,0.5505,1.3973,4.6138,,,,
24.4473,10,3,15.1098,39.5569,converged,81517.02,50565.40,-2.2519,2.86,0.0000,0.0454,0.0584,,,,,,,
35.1759,9,3,11.0977,46.2728,converged,81517.02,50565.40,-2.2519,2.86,0.0000,0.0455,0.0561,,,,,,,
32.1833,10,3,9.2707,41.4538,converged,81516.63,50564.88,-2.1769,2.81,0.0000,0.0269,0.0368,,,,,,,
52.1123,6,6,25.5226,77.6347,completed,81516.63,50564.88,-2.1769,2.81,0.0000,0.0380,0.1461,0.2626,0.9890,4.4458,,,,
26.0265,10,3,17.6449,43.6709,converged,81516.27,50564.33,-2.1015,2.74,0.0000,0.0187,0.0201,,,,,,,
37.9214,9,3,8.7599,46.6809,converged,81516.27,50564.33,-2.1015,2.74,0.0000,0.0254,0.0283,,,,,,,
47.6768,7,3,14.0920,61.7681,converged,81516.01,50563.87,-2.0451,2.59,0.0000,0.0223,0.0684,,,,,,,
37.2754,9,3,10.5405,47.8155,converged,81516.01,50563.87,-2.0451,2.59,0.0000,0.0182,0.0396,,,,,,,
26.7916,10,3,9.7959,36.5870,converged,81515.72,50563.25,-1.9757,2.35,0.0000,0.0191,0.0224,,,,,,,
51.2615,7,3,8.9745,60.2355,converged,81515.72,50563.25,-1.9757,2.35,0.0000,0.0223,0.0671,,,,,,,
41.0720,8,3,9.7800,50.8520,converged,81515.53,50562.79,-1.9224,2.28,0.0000,0.0319,0.0378,,,,,,,
34.6970,9,3,9.5612,44.2572,converged,81515.53,50562.79,-1.9224,2.28,0.0000,0.0204,0.0217,,,,,,,
56.0192,6,3,14.2376,70.2567,converged,81515.36,50562.30,-1.8702,2.23,0.0000,0.0306,0.0574,,,,,,,
33.8057,10,3,12.3546,46.1596,converged,81515.36,50562.30,-1.8702,2.23,0.0000,0.0152,0.0214,,,,,,,
53.2754,6,3,17.1515,70.4265,converged,81515.21,50561.78,-1.8193,2.19,0.0000,0.0289,0.0205,,,,,,,
59.3234,5,3,11.0917,70.4147,converged,81515.21,50561.78,-1.8193,2.19,0.0000,0.0300,0.0589,,,,,,,
43.0136,8,3,15.6450,58.6580,converged,81515.08,50561.25,-1.7683,2.13,0.0000,0.0169,0.0192,,,,,,,
24.5292,10,3,10.3377,34.8667,converged,81515.08,50561.25,-1.7683,2.13,0.0000,0.0101,0.0224,,,,,,,
52.9143,6,3,11.5782,64.4922,converged,81515.00,50560.78,-1.7248,2.11,0.0000,0.0186,0.0312,,,,,,,
28.0296,10,3,12.1162,40.1453,converged,81515.00,50560.78,-1.7248,2.11,0.0000,0.0065,0.0146,,,,,,,
36.0761,9,3,9.3257,45.4017,converged,81514.93,50560.28,-1.6807,2.10,0.0000,0.0102,0.0157,,,,,,,
45.6849,8,3,10.8389,56.5230,converged,81514.93,50560.28,-1.6807,2.10,0.0000,0.0106,0.0190,,,,,,,
37.1316,9,3,11.2266,48.3576,converged,81514.88,50559.80,-1.6459,2.09,0.0000,0.0061,0.0098,,,,,,,
30.2211,10,3,9.6468,39.8678,converged,81514.88,50559.80,-1.6459,2.09,0.0000,0.0090,0.0283,,,,,,,
52.8900,6,3,9.3978,62.2879,converged,81514.86,50559.40,-1.6221,2.02,0.0000,0.0107,0.0173,,,,,,,
45.6770,8,3,9.1782,54.8542,converged,81514.86,50559.40,-1.6221,2.02,0.0000,0.0096,0.0190,,,,,,,
41.4723,8,3,8.8593,50.3313,converged,81514.83,50558.86,-1.5963,1.95,0.0000,0.0203,0.0213,,,,,,,
25.7411,10,3,8.6868,34.4278,converged,81514.83,50558.86,-1.5963,1.95,0.0000,0.0197,0.0180,,,,,,,
31.4868,10,3,14.1279,45.6140,converged,81514.83,50558.48,-1.5797,1.93,0.0000,0.0117,0.0149,,,,,,,
53.5426,6,3,9.9727,63.5147,converged,81514.83,50558.48,-1.5797,1.93,0.0000,0.0259,0.0283,,,,,,,
42.8994,8,3,12.0817,54.9807,converged,81514.82,50558.06,-1.5614,1.92,0.0000,0.0116,0.0118,,,,,,,
46.8802,7,3,17.0077,63.8877,converged,81514.82,50558.06,-1.5614,1.92,0.0000,0.0220,0.0195,,,,,,,
47.6994,7,3,17.8510,65.5500,converged,81514.83,50557.52,-1.5428,1.90,0.0000,0.0096,0.0108,,,,,,,
54.4720,6,3,10.2506,64.7216,converged,81514.83,50557.52,-1.5428,1.90,0.0000,0.0199,0.0291,,,,,,,
45.1781,8,3,9.8221,55.0002,converged,81514.85,50557.03,-1.5207,1.92,0.0000,0.0092,0.0147,,,,,,,
29.7231,10,3,9.5711,39.2941,converged,81514.85,50557.03,-1.5207,1.92,0.0000,0.0063,0.0065,,,,,,,
25.8073,10,3,10.9802,36.7872,converged,81514.87,50556.61,-1.5037,1.90,0.0000,0.0039,0.0117,,,,,,,
51.5442,7,3,13.6394,65.1834,converged,81514.87,50556.61,-1.5037,1.90,0.0000,0.0069,0.0219,,,,,,,
53.2290,6,3,9.7102,62.9393,converged,81514.91,50556.17,-1.4924,1.79,0.0000,0.0095,0.0273,,,,,,,
24.7036,10,3,13.6002,38.3032,converged,81514.91,50556.17,-1.4924,1.79,0.0000,0.0044,0.0098,,,,,,,
58.0911,5,3,10.8599,68.9510,converged,81514.94,50555.81,-1.4874,1.69,0.0000,0.0126,0.0107,,,,,,,
24.3036,10,3,10.8472,35.1503,converged,81514.94,50555.81,-1.4874,1.69,0.0000,0.0049,0.0077,,,,,,,
23.3440,10,3,14.8657,38.2097,converged,81514.97,50555.40,-1.4824,1.58,0.0000,0.0046,0.0079,,,,,,,
22.4565,10,3,17.4271,39.8832,converged,81514.97,50555.40,-1.4824,1.58,0.0000,0.0050,0.0075,,,,,,,
21.4004,10,3,12.4822,33.8823,converged,81515.00,50555.10,-1.4766,1.53,0.0000,0.0050,0.0068,,,,,,,
32.8070,10,3,12.2455,45.0525,converged,81515.00,50555.10,-1.4766,1.53,0.0000,0.0058,0.0095,,,,,,,
38.0618,9,3,12.5446,50.6056,converged,81515.03,50554.77,-1.4704,1.44,0.0000,0.0074,0.0100,,,,,,,
40.6805,8,3,15.8563,56.5363,converged,81515.03,50554.77,-1.4704,1.44,0.0000,0.0105,0.0160,,,,,,,
55.9457,6,3,11.5827,67.5277,converged,81515.07,50554.45,-1.4668,1.35,0.0000,0.0108,0.0263,,,,,,,
23.3644,10,3,13.8056,37.1696,converged,81515.07,50554.45,-1.4668,1.35,0.0000,0.0064,0.0089,,,,,,,
59.4559,5,3,14.3389,73.7939,converged,81515.10,50554.11,-1.4625,1.25,0.0000,0.0172,0.0872,,,,,,,
32.4036,10,3,11.4342,43.8372,converged,81515.10,50554.11,-1.4625,1.25,0.0000,0.0099,0.0135,,,,,,,
32.2679,10,3,11.0783,43.3454,converged,81515.13,50553.84,-1.4580,1.21,0.0000,0.0072,0.0115,,,,,,,
46.1502,7,3,18.9445,65.0946,converged,81515.13,50553.84,-1.4580,1.21,0.0000,0.0138,0.0203,,,,,,,
52.3043,6,3,12.3071,64.6111,converged,81515.17,50553.51,-1.4538,1.18,0.0000,0.0113,0.0231,,,,,,,
25.6010,10,3,16.4883,42.0884,converged,81515.17,50553.51,-1.4538,1.18,0.0000,0.0072,0.0105,,,,,,,
53.8499,6,3,11.9176,65.7746,converged,81515.21,50553.23,-1.4538,1.17,0.0000,0.0161,0.0712,,,,,,,
48.7680,7,3,15.5355,64.3026,converged,81515.21,50553.23,-1.4538,1.17,0.0000,0.0146,0.0212,,,,,,,
35.7866,9,3,15.7017,51.4877,converged,81515.25,50552.93,-1.4533,1.21,0.0000,0.0070,0.0111,,,,,,,
54.0761,6,3,16.4222,70.4983,converged,81515.25,50552.93,-1.4533,1.21,0.0000,0.0147,0.0309,,,,,,,
23.4975,10,3,10.0955,33.5926,converged,81515.28,50552.63,-1.4547,1.21,0.0000,0.0047,0.0066,,,,,,,
33.2280,10,3,11.3997,44.6278,converged,81515.28,50552.63,-1.4547,1.21,0.0000,0.0072,0.0098,,,,,,,
54.6735,6,3,9.8152,64.4883,converged,81515.31,50552.38,-1.4606,1.17,0.0000,0.0095,0.0288,,,,,,,
24.2095,10,3,9.7362,33.9453,converged,81515.31,50552.38,-1.4606,1.17,0.0000,0.0065,0.0057,,,,,,,
47.8604,7,3,9.5787,57.4387,converged,81515.34,50552.11,-1.4736,1.11,0.0000,0.0118,0.0191,,,,,,,
55.8255,6,3,10.2631,66.0882,converged,81515.34,50552.11,-1.4736,1.11,0.0000,0.0102,0.0148,,,,,,,
28.7125,10,3,11.3503,40.0624,converged,81515.37,50551.83,-1.4932,0.96,0.0000,0.0042,0.0044,,,,,,,
26.3147,10,3,10.5847,36.8987,converged,81515.37,50551.83,-1.4932,0.96,0.0000,0.0051,0.0039,,,,,,,
34.0146,9,3,10.2083,44.2223,converged,81515.38,50551.66,-1.5073,0.79,0.0000,0.0050,0.0044,,,,,,,
25.7202,10,3,13.1717,38.8917,converged,81515.38,50551.66,-1.5073,0.79,0.0000,0.0032,0.0030,,,,,,,
41.6839,8,3,9.7575,51.4406,converged,81515.40,50551.50,-1.5156,0.59,0.0000,0.0059,0.0084,,,,,,,
45.5317,8,3,8.6737,54.2047,converged,81515.40,50551.50,-1.5156,0.59,0.0000,0.0035,0.0046,,,,,,,
45.3260,8,3,10.0776,55.4036,converged,81515.40,50551.38,-1.5159,0.41,0.0000,0.0030,0.0043,,,,,,,
29.1192,10,3,12.4829,41.6019,converged,81515.40,50551.38,-1.5159,0.41,0.0000,0.0029,0.0030,,,,,,,
57.7019,6,3,14.9914,72.6925,converged,81515.41,50551.32,-1.5134,0.27,0.0000,0.0052,0.0089,,,,,,,
22.6627,10,3,15.6409,38.3029,converged,81515.41,50551.32,-1.5134,0.27,0.0000,0.0019,0.0040,,,,,,,
26.0319,10,3,18.7458,44.7768,converged,81515.42,50551.26,-1.5088,0.18,0.0000,0.0015,0.0037,,,,,,,
21.4757,10,3,12.6947,34.1698,converged,81515.42,50551.26,-1.5088,0.18,0.0000,0.0022,0.0037,,,,,,,
27.3004,10,3,9.0216,36.3217,converged,81515.42,50551.23,-1.5063,0.12,0.0000,0.0023,0.0027,,,,,,,
23.6564,10,3,18.1574,41.8134,converged,81515.42,50551.23,-1.5063,0.12,0.0000,0.0015,0.0050,,,,,,,
21.8141,10,3,9.9630,31.7771,converged,81515.42,50551.21,-1.5058,0.00,0.0000,0.0023,0.0038,,,,,,,
58.8054,5,3,9.5861,68.3911,converged,81515.42,50551.21,-1.5058,0.00,0.0000,0.0024,0.0211,,,,,,,
22.6164,10,3,10.3574,32.9734,converged,81515.43,50551.22,-1.5060,0.00,0.0000,0.0038,0.0023,,,,,,,
54.3306,6,3,10.1211,64.4511,converged,81515.43,50551.22,-1.5060,0.00,0.0000,0.0090,0.0092,,,,,,,
48.4262,7,3,10.8845,59.3105,converged,81515.43,50551.22,-1.5061,0.00,0.0000,0.0076,0.0060,,,,,,,
33.8603,10,3,10.2885,44.1485,converged,81515.43,50551.22,-1.5061,0.00,0.0000,0.0055,0.0049,,,,,,,
45.8412,8,3,10.6398,56.4809,converged,81515.43,50551.22,-1.5062,0.00,0.0000,0.0034,0.0053,,,,,,,
34.8820,9,3,16.0995,50.9805,converged,81515.43,50551.22,-1.5062,0.00,0.0000,0.0030,0.0047,,,,,,,
59.0504,5,3,13.7367,72.7868,converged,81515.43,50551.22,-1.5063,0.00,0.0000,0.0047,0.0248,,,,,,,
25.6170,10,3,12.3433,37.9593,converged,81515.43,50551.22,-1.5063,0.00,0.0000,0.0029,0.0042,,,,,,,
55.1266,6,3,17.9590,73.0851,converged,81515.44,50551.22,-1.5064,0.00,0.0000,0.0038,0.0163,,,,,,,
47.9884,7,3,10.3968,58.3849,converged,81515.44,50551.22,-1.5064,0.00,0.0000,0.0068,0.0126,,,,,,,
38.8960,9,3,10.7086,49.6037,converged,81515.44,50551.22,-1.5065,0.00,0.0000,0.0037,0.0146,,,,,,,
22.4437,10,3,10.7510,33.1941,converged,81515.44,50551.22,-1.5065,0.00,0.0000,0.0063,0.0087,,,,,,,
42.0307,8,5,18.5623,60.5923,converged,81515.44,50551.22,-1.5066,0.00,0.0000,0.1589,0.1673,0.3382,0.0257,,,,,
21.4438,10,10,41.0160,62.4590,completed,81515.44,50551.22,-1.5066,0.00,0.0000,1.0321,1.5111,0.7858,3.0578,1.5077,5.7456,2.7689,2.8838,2.6287
48.1473,7,7,27.4114,75.5584,completed,81515.44,50551.22,-1.5067,0.00,0.0000,0.2015,0.3000,4.4391,4.7800,2.6624,3.2169,,,
38.4369,9,9,51.7235,90.1595,completed,81515.44,50551.22,-1.5067,0.00,0.0000,0.1277,0.2576,0.2513,1.1695,2.7064,2.8440,3.9059,3.3674,
27.0388,10,3,14.1538,41.1918,converged,81515.44,50551.23,-1.5067,0.00,0.0000,0.0448,0.0520,,,,,,,
30.3827,10,3,17.1869,47.5689,converged,81515.44,50551.23,-1.5067,0.00,0.0000,0.0408,0.0842,,,,,,,
41.8864,8,8,30.3025,72.1886,completed,81515.45,50551.23,-1.5068,0.00,0.0000,0.1865,0.2501,0.7810,0.4320,0.7200,2.9496,3.9210,,
40.1148,8,3,10.0204,50.1345,converged,81515.45,50551.23,-1.5068,0.00,0.0000,0.0515,0.0549,,,,,,,
57.4153,6,6,28.1207,85.5357,completed,81515.45,50551.21,-1.5054,0.10,0.0000,0.1589,0.1296,1.7556,2.6950,4.7675,,,,
49.3488,7,3,12.0337,61.3817,converged,81515.45,50551.21,-1.5054,0.10,0.0000,0.0366,0.0785,,,,,,,
51.9890,7,7,26.5575,78.5455,completed,81515.45,50551.17,-1.5026,0.24,0.0000,0.4017,0.9325,2.4244,1.5828,1.7741,3.0838,,,
36.7916,9,9,46.4294,83.2204,completed,81515.45,50551.17,-1.5026,0.24,0.0000,0.1846,0.1633,0.1426,0.2001,0.9887,2.2205,3.7861,4.0507,
32.3698,10,10,33.9158,66.2849,completed,81515.46,50551.08,-1.4980,0.37,0.0000,0.1576,0.2090,0.3659,1.0399,1.2817,1.2720,2.4904,3.4151,3.1535
26.8723,10,10,36.0645,62.9365,completed,81515.46,50551.08,-1.4980,0.37,0.0000,0.1348,0.1353,0.1305,0.4588,1.2020,1.9877,2.6212,3.6762,3.7097
58.7577,5,5,19.8619,78.6189,completed,81515.47,50550.96,-1.4928,0.50,0.0000,0.1619,0.9568,0.4987,4.3004,,,,,
56.0023,6,6,23.6164,79.6184,completed,81515.47,50550.96,-1.4928,0.50,0.0000,0.0633,0.1945,0.1784,3.2341,5.7168,,,,
29.2022,10,3,9.7749,38.9769,converged,81515.49,50550.76,-1.4825,0.78,0.0000,0.0187,0.0640,,,,,,,
38.0065,9,9,33.5427,71.5488,completed,81515.49,50550.76,-1.4825,0.78,0.0000,0.0695,0.1156,0.2805,1.3093,0.7331,2.3760,4.3562,4.6800,
35.9118,9,3,9.5589,45.4699,converged,81515.51,50550.56,-1.4787,1.05,0.0000,0.0358,0.0987,,,,,,,
49.5772,7,7,27.4254,77.0024,completed,81515.51,50550.56,-1.4787,1.05,0.0000,0.0539,0.2898,1.5415,1.4565,4.5759,5.8228,,,
52.3003,6,6,26.5858,78.8859,completed,81515.54,50550.21,-1.4809,1.42,0.0000,0.2436,0.2928,0.8184,4.2037,7.0138,,,,
31.3498,10,10,39.2876,70.6366,completed,81515.54,50550.21,-1.4809,1.42,0.0000,0.0659,0.2776,0.7252,2.2057,3.0752,1.4490,3.0353,4.4862,4.7949
31.3901,10,10,70.0540,101.4440,completed,81515.59,50549.75,-1.4771,1.80,0.0000,0.0311,0.1201,0.2126,0.8228,1.0232,2.5047,3.7133,5.1512,5.3433
39.1817,9,3,18.7599,57.9410,converged,81515.59,50549.75,-1.4771,1.80,0.0000,0.0643,0.0521,,,,,,,
29.1568,10,10,49.6389,78.7949,completed,81515.65,50549.11,-1.4777,2.21,0.0000,0.0403,0.2517,0.5421,1.0874,1.8795,1.7250,4.4739,5.5581,5.2309
46.5608,7,7,32.1434,78.7034,completed,81515.65,50549.11,-1.4777,2.21,0.0000,0.0841,0.2270,1.7169,1.6212,5.1714,7.1345,,,
33.8459,10,10,34.3859,68.2310,completed,81515.73,50548.31,-1.4792,2.77,0.0000,0.0593,0.2369,0.4757,1.1962,1.0182,2.8402,5.0258,6.1518,5.9266
37.4618,9,9,33.7111,71.1722,completed,81515.73,50548.31,-1.4792,2.77,0.0000,0.1665,0.4542,1.0262,2.7378,0.3118,3.4325,5.6766,6.2419,
22.6889,10,10,43.1913,65.8793,completed,81515.80,50547.53,-1.4704,3.19,0.0000,0.1505,0.1977,0.1518,0.4379,1.3465,4.0997,6.6239,7.0078,5.8410
51.6478,7,7,24.5243,76.1713,completed,81515.80,50547.53,-1.4704,3.19,0.0000,0.3829,0.9050,3.1453,1.7420,4.0101,6.8911,,,
33.1689,10,10,38.2391,71.4079,completed,81515.90,50546.61,-1.4628,3.63,0.0000,0.2625,0.2936,0.3891,0.5306,0.2712,2.4864,5.6059,6.9862,6.5203
25.8665,10,10,42.1183,67.9844,completed,81515.90,50546.61,-1.4628,3.63,0.0000,0.2769,0.2798,0.3283,0.8814,0.1740,3.1644,6.0365,7.1727,6.5673
58.2299,5,5,20.7508,78.9799,completed,81516.04,50545.44,-1.4538,4.12,0.0000,0.7333,3.7930,2.0767,6.8581,,,,,
21.6315,10,10,38.3898,60.0208,completed,81516.04,50545.44,-1.4538,4.12,0.0000,0.3952,0.3198,0.3324,0.9138,0.5206,2.7676,6.7311,7.5381,6.5458
31.1626,10,10,34.2230,65.3851,completed,81516.19,50544.27,-1.4467,4.59,0.0000,0.4491,0.1430,0.1817,0.1163,0.2545,4.8259,7.1984,8.1933,7.0536
31.3314,10,3,10.0370,41.3681,converged,81516.19,50544.27,-1.4467,4.59,0.0000,0.3278,0.0665,,,,,,,
44.6259,8,8,31.7171,76.3421,completed,81516.33,50543.21,-1.4411,4.95,0.0000,0.3236,0.6744,1.8858,5.6410,2.3323,7.5234,7.3540,,
34.9983,9,9,30.7032,65.7013,completed,81516.33,50543.21,-1.4411,4.95,0.0000,0.2038,0.1503,0.7546,3.5720,2.3909,4.4640,7.8007,7.9332,
46.2500,7,7,26.8551,73.1052,completed,81516.54,50541.63,-1.4357,5.41,0.0000,0.5509,0.3976,0.6229,3.7003,9.9791,10.3042,,,
48.5339,7,7,39.8166,88.3497,completed,81516.54,50541.63,-1.4357,5.41,0.0000,0.2236,1.2822,4.5189,5.3294,5.5895,7.3268,,,
39.8527,9,9,42.1977,82.0497,completed,81516.77,50540.00,-1.4263,5.85,0.0000,0.2139,0.3999,0.9911,2.6280,0.9025,4.4136,8.5341,8.6385,
41.9892,8,3,16.3587,58.3477,converged,81516.77,50540.00,-1.4263,5.85,0.0000,0.0149,0.0674,,,,,,,
37.7643,9,9,37.3825,75.1465,completed,81517.01,50538.44,-1.4235,6.17,0.0000,0.1663,0.2005,0.5119,1.2600,2.5281,7.7037,9.5692,7.6900,
22.9286,10,10,48.5358,71.4638,completed,81517.01,50538.44,-1.4235,6.17,0.0000,0.2435,0.2649,0.2792,0.1564,1.9750,3.4708,9.2810,8.7687,6.7576
56.0924,6,6,24.0333,80.1253,completed,81517.27,50536.68,-1.4195,6.50,0.0000,0.1234,0.1665,1.0186,5.1785,11.0639,,,,
42.9890,8,3,17.8819,60.8709,converged,81517.27,50536.68,-1.4195,6.50,0.0000,0.0889,0.0943,,,,,,,
38.1447,9,9,39.4187,77.5627,completed,81517.54,50534.98,-1.4119,6.76,0.0000,0.0365,0.1293,0.2063,0.7338,1.4069,5.2363,9.1483,8.9728,
47.9149,7,7,32.6927,80.6067,completed,81517.54,50534.98,-1.4119,6.76,0.0000,0.2492,0.2644,1.3735,1.3269,8.4220,9.8481,,,
49.7348,7,7,28.3411,78.0751,completed,81517.86,50533.05,-1.4085,7.07,0.0000,0.1605,0.3092,0.3818,2.4341,8.0745,11.2261,,,
46.9827,7,7,27.4383,74.4203,completed,81517.86,50533.05,-1.4085,7.07,0.0000,0.2260,0.1666,1.2683,2.3880,6.3648,10.7894,,,
42.5512,8,8,28.8155,71.3666,completed,81518.20,50531.05,-1.4011,7.36,0.0000,0.3800,0.4465,0.2836,1.2389,3.9701,8.4791,10.1673,,
31.5533,10,10,36.7507,68.3038,completed,81518.20,50531.05,-1.4011,7.36,0.0000,0.1448,0.3820,0.2112,0.4642,0.7486,3.3639,6.9361,8.8725,7.6008
28.9326,10,10,35.3911,64.3231,completed,81518.55,50528.97,-1.3982,7.66,0.0000,0.1379,0.1396,0.1288,0.1759,0.8451,2.0063,7.7076,8.8022,6.9650
58.3191,5,5,18.2617,76.5807,completed,81518.55,50528.97,-1.3982,7.66,0.0000,0.5117,0.7225,2.4201,10.4631,,,,,
58.1589,5,5,21.7597,79.9178,completed,81518.91,50526.90,-1.3959,7.95,0.0000,0.1650,0.1122,2.2426,10.1334,,,,,
56.2482,6,6,27.0457,83.2938,completed,81518.91,50526.90,-1.3959,7.95,0.0000,0.6217,0.9481,2.0309,11.3236,11.6233,,,,
44.8232,8,8,39.5792,84.4022,completed,81519.36,50524.33,-1.3937,8.23,0.0000,0.1489,0.1593,0.3044,0.5742,4.2387,9.8884,9.3287,,
23.6029,10,10,43.5916,67.1937,completed,81519.36,50524.33,-1.3937,8.23,0.0000,0.1899,0.2306,0.2450,0.5400,1.3206,4.5132,9.3617,8.7232,6.7210
58.0138,5,5,18.5634,76.5764,completed,81519.76,50522.13,-1.3947,8.41,0.0000,0.2225,0.3479,3.3736,11.2195,,,,,
51.5342,7,7,28.7809,80.3149,completed,81519.76,50522.13,-1.3947,8.41,0.0000,0.1931,0.1711,0.1093,0.6567,7.0824,10.4702,,,
40.1969,8,3,10.8199,51.0160,converged,81520.17,50519.79,-1.3935,8.53,0.0000,0.0448,0.0621,,,,,,,
27.6794,10,3,10.5057,38.1847,converged,81520.17,50519.79,-1.3935,8.53,0.0000,0.0706,0.0895,,,,,,,
28.1269,10,3,9.6787,37.8047,converged,81520.52,50517.81,-1.3931,8.59,0.0000,0.0186,0.0410,,,,,,,
56.8776,6,6,31.5985,88.4755,completed,81520.52,50517.81,-1.3931,8.59,0.0000,0.0483,0.2920,0.2350,4.4989,10.9594,,,,
51.6614,7,7,40.5091,92.1701,completed,81520.93,50515.54,-1.3945,8.62,0.0000,0.0514,0.3115,0.6869,1.2207,8.6286,10.0288,,,
30.7548,10,3,17.1520,47.9060,converged,81520.93,50515.54,-1.3945,8.62,0.0000,0.0401,0.0405,,,,,,,
47.9601,7,7,36.6859,84.6459,completed,81521.34,50513.29,-1.3923,8.64,0.0000,0.1497,0.7767,1.0580,1.0240,9.5115,9.6727,,,
45.3197,8,8,37.3174,82.6365,completed,81521.34,50513.29,-1.3923,8.64,0.0000,0.0358,0.1152,0.2612,0.4070,5.6849,10.4493,8.9023,,
58.0591,5,5,21.1912,79.2503,completed,81521.79,50510.81,-1.3901,8.64,0.0000,0.7462,0.3895,8.7782,12.3922,,,,,
41.2445,8,8,31.3281,72.5722,completed,81521.79,50510.81,-1.3901,8.64,0.0000,0.0514,0.2116,0.5195,0.2225,4.2258,9.9652,8.3649,,
22.8199,10,10,42.1797,64.9988,completed,81522.20,50508.56,-1.3883,8.64,0.0000,2.3529,4.7678,7.0564,1.7393,0.7953,0.6573,5.5247,8.1486,6.5392
31.4019,10,3,14.5226,45.9237,converged,81522.20,50508.56,-1.3883,8.64,0.0000,0.0203,0.0907,,,,,,,
42.8555,8,8,40.1575,83.0126,completed,81522.59,50506.49,-1.3870,8.63,0.0000,1.8204,4.4597,6.7528,0.9465,2.5837,9.6317,8.9440,,
45.1750,8,8,32.8809,78.0559,completed,81522.59,50506.49,-1.3870,8.63,0.0000,0.0447,0.2514,0.5156,0.7202,3.8886,8.7055,9.6626,,
40.0480,8,8,30.9631,71.0112,completed,81523.05,50504.02,-1.3868,8.62,0.0000,0.6229,0.1893,4.4778,9.1751,6.8210,8.3441,7.5410,,
56.0913,6,6,27.4627,83.5537,completed,81523.05,50504.02,-1.3868,8.62,0.0000,0.1263,0.7257,0.3622,7.2598,10.9906,,,,
45.4057,8,8,29.2454,74.6505,completed,81523.47,50501.75,-1.3854,8.61,0.0000,0.7517,2.3779,5.4711,3.6105,3.5880,9.5926,8.5514,,
47.6983,7,7,29.0015,76.6995,completed,81523.47,50501.75,-1.3854,8.61,0.0000,0.0706,0.4009,0.4635,2.0792,8.4492,10.1447,,,
30.4003,10,10,38.6040,69.0040,completed,81523.90,50499.47,-1.3896,8.60,0.0000,0.6020,0.9888,1.8207,0.9719,4.5430,6.6597,6.9806,6.3374,5.1635
51.0143,7,7,27.8145,78.8285,completed,81523.90,50499.47,-1.3896,8.60,0.0000,0.0425,0.6728,1.2620,1.0874,7.0027,10.3329,,,
34.7757,9,9,34.0251,68.8002,completed,81524.33,50497.10,-1.3889,8.58,0.0000,0.4058,0.6158,0.6341,4.3044,6.7584,6.2222,7.4765,6.6873,
41.8555,8,8,29.4165,71.2716,completed,81524.33,50497.10,-1.3889,8.58,0.0000,0.0289,0.2629,0.4616,1.1055,4.9027,10.1262,8.9601,,
53.0093,6,6,24.7254,77.7344,completed,81524.77,50494.75,-1.3899,8.56,0.0000,0.4136,2.0546,0.1290,6.7231,10.7952,,,,
36.1241,9,9,45.5585,81.6825,completed,81524.77,50494.75,-1.3899,8.56,0.0000,0.0115,0.1232,0.4533,1.1782,5.2741,10.2558,8.6191,6.6029,
57.9522,6,6,27.4886,85.4407,completed,81525.23,50492.23,-1.3914,8.55,0.0000,0.2971,1.2554,2.2974,8.7657,10.5968,,,,
30.7684,10,10,40.8766,71.6447,completed,81525.23,50492.23,-1.3914,8.55,0.0000,0.0193,0.1490,0.6455,0.9911,0.9326,3.7168,8.1939,8.3975,6.9151
48.9989,7,7,37.2647,86.2627,completed,81525.69,50489.71,-1.3896,8.53,0.0000,0.1250,0.2845,3.2628,6.1381,8.7745,8.9248,,,
25.9009,10,10,42.1444,68.0444,completed,81525.69,50489.71,-1.3896,8.53,0.0000,0.0461,0.1991,0.4403,0.5678,5.3394,10.0153,7.5067,7.2423,5.9678
38.2981,9,3,16.2935,54.6117,converged,81526.11,50487.40,-1.3904,8.52,0.0000,0.0686,0.0721,,,,,,,
43.4363,8,8,42.4368,85.8729,completed,81526.11,50487.40,-1.3904,8.52,0.0000,0.1892,0.4965,0.1995,6.6303,9.2135,8.7343,7.5745,,
45.4880,8,8,31.1603,76.6473,completed,81526.55,50484.93,-1.3953,8.51,0.0000,0.3040,0.4653,0.4885,2.0701,4.3835,7.3348,6.7304,,
29.2511,10,10,44.1144,73.3654,completed,81526.55,50484.93,-1.3953,8.51,0.0000,0.1809,0.6459,1.9631,3.9859,2.6469,3.1350,8.2198,7.5960,6.0821
51.7396,7,7,24.5660,76.3050,completed,81526.96,50482.68,-1.3913,8.50,0.0000,0.0779,1.1958,3.0945,2.5095,7.6921,8.2389,,,
24.4900,10,10,34.4208,58.9099,completed,81526.96,50482.68,-1.3913,8.50,0.0000,0.1854,0.4867,0.7937,0.5400,3.9886,9.3767,7.0280,6.6656,5.3500
35.9278,9,9,33.5006,69.4276,completed,81527.38,50480.34,-1.3944,8.49,0.0000,0.1901,0.2579,1.2021,5.8075,6.5683,7.6807,7.7676,6.4334,
46.8188,7,7,36.7905,83.6085,completed,81527.38,50480.34,-1.3944,8.49,0.0000,0.4853,1.9049,3.2562,2.4145,9.3889,9.1318,,,
39.4490,9,4,17.3564,56.8054,converged,81527.80,50478.00,-1.3927,8.49,0.0000,0.1658,0.1315,0.0959,,,,,,
24.9141,10,10,45.6269,70.5410,completed,81527.80,50478.00,-1.3927,8.49,0.0000,0.1333,0.2741,0.5981,1.8722,5.3083,9.1472,7.4386,6.5102,5.1236
41.4424,8,8,28.9841,70.4261,completed,81528.21,50475.75,-1.3965,8.49,0.0000,0.2024,0.2630,0.3303,2.1300,4.6515,7.4276,6.6496,,
33.4187,10,10,39.3511,72.7691,completed,81528.21,50475.75,-1.3965,8.49,0.0000,0.2188,0.5317,1.4897,3.4035,1.2738,2.6451,7.1085,7.1447,5.9256
37.0953,9,9,45.8241,82.9191,completed,81528.61,50473.50,-1.3911,8.49,0.0000,0.0632,0.3230,1.4024,1.1794,3.2921,7.0790,7.7108,6.5542,
46.3991,7,7,34.1450,80.5441,completed,81528.61,50473.50,-1.3911,8.49,0.0000,0.2422,0.7350,1.1351,2.7804,8.5595,9.0703,,,
24.2388,10,10,42.2880,66.5260,completed,81529.07,50471.00,-1.3920,8.49,0.0000,0.3465,0.5447,1.0050,3.2740,7.1189,6.5245,6.9549,6.4530,5.3445
53.4841,6,6,29.3713,82.8553,completed,81529.07,50471.00,-1.3920,8.49,0.0000,0.1304,1.6672,2.0709,7.7866,10.4986,,,,
24.2259,10,3,9.4199,33.6450,converged,81529.50,50468.66,-1.3886,8.49,0.0000,0.2358,0.0751,,,,,,,
39.4332,9,9,48.4578,87.8908,completed,81529.50,50468.66,-1.3886,8.49,0.0000,0.0698,0.7885,5.2929,9.3256,0.7894,5.7075,7.7910,8.4911,
55.2484,6,6,36.3935,91.6415,completed,81529.87,50466.66,-1.3912,8.48,0.0000,0.9199,0.8664,5.1362,9.6207,10.2295,,,,
32.3375,10,3,14.7957,47.1327,converged,81529.87,50466.66,-1.3912,8.48,0.0000,0.0664,0.0769,,,,,,,
21.2246,10,10,44.4212,65.6452,completed,81530.27,50464.49,-1.3826,8.47,0.0000,0.2587,0.2503,0.1969,0.6420,2.0104,4.5737,7.9564,7.7295,6.4700
24.5505,10,10,39.8477,64.3978,completed,81530.27,50464.49,-1.3826,8.47,0.0000,0.0823,0.1588,0.2199,1.2491,3.1763,7.0709,8.4639,7.0002,5.4967
21.0109,10,4,17.7126,38.7227,converged,81530.67,50462.37,-1.3851,8.45,0.0000,0.2206,0.2524,0.0934,,,,,,
58.3183,5,5,23.3258,81.6439,completed,81530.67,50462.37,-1.3851,8.45,0.0000,0.3404,2.7593,3.9225,10.7432,,,,,
36.0630,9,9,51.0695,87.1315,completed,81531.05,50460.34,-1.3829,8.43,0.0000,0.0943,0.1911,1.9012,1.9662,3.1527,5.6805,8.3642,7.3461,
53.9151,6,6,31.5206,85.4356,completed,81531.05,50460.34,-1.3829,8.43,0.0000,0.3051,1.9876,1.9946,7.1400,10.1253,,,,
20.2586,10,10,42.1974,62.4555,completed,81531.56,50457.69,-1.3796,8.41,0.0000,0.4388,0.7106,0.9382,1.3537,2.7788,6.6409,9.0815,7.7418,6.0842
30.7031,10,3,10.3078,41.0108,converged,81531.56,50457.69,-1.3796,8.41,0.0000,0.0921,0.0919,,,,,,,
47.5731,7,7,31.0801,78.6531,completed,81531.91,50455.89,-1.3791,8.39,0.0000,0.6345,1.1185,1.6907,4.5807,10.1219,10.2909,,,
53.8936,6,6,30.3929,84.2859,completed,81531.91,50455.89,-1.3791,8.39,0.0000,0.6376,1.5219,7.4357,9.3867,12.0585,,,,
39.8506,9,9,31.5925,71.4425,completed,81532.36,50453.58,-1.3813,8.38,0.0000,0.0487,0.7118,4.2394,8.3884,2.3963,5.0875,7.6784,8.0044,
47.4888,7,7,25.5975,73.0855,completed,81532.36,50453.58,-1.3813,8.38,0.0000,0.1424,0.3392,1.7111,3.4732,7.0990,10.0240,,,
36.0175,9,9,39.5833,75.6004,completed,81532.82,50451.28,-1.3762,8.37,0.0000,0.6192,0.7965,0.9301,0.5948,2.4499,7.2900,9.1558,7.6807,
32.5651,10,10,45.7044,78.2694,completed,81532.82,50451.28,-1.3762,8.37,0.0000,0.1630,0.2725,0.2488,1.4367,1.9375,5.4947,8.6464,7.6057,5.8839
40.5336,8,8,33.6817,74.2147,completed,81533.26,50448.98,-1.3834,8.38,0.0000,0.3982,0.3558,0.5266,2.7231,3.5006,8.2734,8.6513,,
57.5481,6,6,22.7000,80.2505,completed,81533.26,50448.98,-1.3834,8.38,0.0000,0.2330,0.4763,1.6372,7.4313,10.2608,,,,
29.7302,10,10,33.6512,63.3813,completed,81533.69,50446.76,-1.3807,8.39,0.0000,0.4525,0.6667,0.6287,0.5708,3.1222,6.8128,8.8441,8.4607,6.8756
55.5867,6,6,21.3684,76.9545,completed,81533.69,50446.76,-1.3807,8.39,0.0000,0.2438,0.2319,1.7666,5.9893,10.6863,,,,
49.6823,7,7,26.2216,75.9036,completed,81534.12,50444.53,-1.3787,8.40,0.0000,0.8836,1.7093,4.8107,16.9987,12.6124,8.4034,,,
37.2885,9,9,31.3888,68.6768,completed,81534.12,50444.53,-1.3787,8.40,0.0000,0.0524,0.1585,1.3816,1.7020,2.0632,5.9337,8.8200,7.3882,
27.5143,10,10,36.9684,64.4825,completed,81534.58,50442.21,-1.3764,8.42,0.0000,0.2824,0.3864,0.3068,0.2334,0.9642,4.0104,7.7756,8.4704,6.9070
47.9252,7,3,9.6064,57.5314,converged,81534.58,50442.21,-1.3764,8.42,0.0000,0.1920,0.0770,,,,,,,
32.5422,10,10,33.9719,66.5139,completed,81534.99,50440.15,-1.3782,8.43,0.0000,0.2338,0.3425,0.4481,0.3843,1.1057,5.0413,8.4610,8.5066,6.8388
31.3776,10,10,38.4338,69.8109,completed,81534.99,50440.15,-1.3782,8.43,0.0000,0.1771,0.1849,0.1065,0.9153,1.1182,4.6149,8.7203,7.7129,5.8738
43.0175,8,8,27.2326,70.2496,completed,81535.43,50437.91,-1.3775,8.44,0.0000,0.4423,0.7740,1.5530,2.2971,6.6076,10.2179,9.2253,,
40.3974,8,8,28.7765,69.1735,completed,81535.43,50437.91,-1.3775,8.44,0.0000,0.1306,0.2413,0.3545,1.1255,5.8482,9.9931,8.2483,,
27.9961,10,10,37.1097,65.1057,completed,81535.89,50435.59,-1.3770,8.45,0.0000,0.1407,0.2676,0.2134,1.6794,1.7802,2.6453,6.9987,7.6847,6.6697
47.1872,7,7,33.0519,80.2389,completed,81535.89,50435.59,-1.3770,8.45,0.0000,0.1954,0.1778,0.7827,5.6242,10.1912,10.3036,,,
40.6230,8,8,34.2715,74.8935,completed,81536.33,50433.33,-1.3769,8.45,0.0000,1.0234,1.4150,0.1969,4.4171,6.1864,9.6743,8.9849,,
30.8567,10,10,50.0862,80.9422,completed,81536.33,50433.33,-1.3769,8.45,0.0000,0.3000,0.3426,0.1984,1.4695,1.0431,4.6197,8.4191,8.1074,6.2798
37.9991,9,9,35.5093,73.5083,completed,81536.78,50431.11,-1.3754,8.45,0.0000,0.5528,0.9513,0.9444,2.6737,5.3242,7.9241,8.5794,7.1953,
58.2004,5,5,19.2365,77.4366,completed,81536.78,50431.11,-1.3754,8.45,0.0000,0.6144,1.2479,6.2175,12.0486,,,,,
29.9727,10,10,35.9602,65.9322,completed,81537.30,50428.53,-1.3750,8.44,0.0000,0.0532,0.1734,0.2600,1.6506,1.3074,5.4395,8.3730,8.2386,6.6146
40.8817,8,8,43.9840,84.8651,completed,81537.30,50428.53,-1.3750,8.44,0.0000,0.3628,0.3259,1.2195,1.8369,5.9694,9.4607,9.4232,,
22.2540,10,10,33.3119,55.5660,completed,81537.75,50426.29,-1.3758,8.44,0.0000,0.0869,0.4297,0.7084,0.2515,3.6668,5.4924,8.6392,7.6656,6.0686
36.0413,9,3,10.0167,46.0578,converged,81537.75,50426.29,-1.3758,8.44,0.0000,0.0508,0.0369,,,,,,,
47.7878,7,7,27.9097,75.6968,completed,81538.21,50423.96,-1.3759,8.44,0.0000,0.3034,0.4810,2.1651,5.9596,10.0102,9.8467,,,
40.6476,8,8,27.4184,68.0654,completed,81538.21,50423.96,-1.3759,8.44,0.0000,0.2294,0.1620,0.9604,0.8758,4.9990,9.2710,9.2247,,
24.2995,10,10,34.6475,58.9466,completed,81538.62,50421.89,-1.3739,8.43,0.0000,0.3543,0.7125,1.8239,4.9671,2.4308,3.4425,5.8363,7.6003,6.5944
49.3784,7,7,24.8981,74.2761,completed,81538.62,50421.89,-1.3739,8.43,0.0000,0.2737,0.2211,3.0885,3.5336,9.6817,9.4321,,,
40.9564,8,8,25.7886,66.7446,completed,81539.07,50419.65,-1.3723,8.43,0.0000,0.2140,0.3851,0.8538,2.2587,6.4122,10.0057,8.9977,,
25.1996,10,3,10.2103,35.4093,converged,81539.07,50419.65,-1.3723,8.43,0.0000,0.0706,0.0692,,,,,,,
39.1845,9,9,38.3868,77.5708,completed,81539.45,50417.74,-1.3718,8.43,0.0000,1.5529,3.0701,6.3005,9.1215,2.6020,3.5638,6.5002,5.8591,
34.3704,9,3,9.5049,43.8750,converged,81539.45,50417.74,-1.3718,8.43,0.0000,0.0689,0.0703,,,,,,,
37.8402,9,9,31.5037,69.3437,completed,81539.89,50415.51,-1.3663,8.42,0.0000,0.3546,0.3586,0.4038,1.6321,3.6762,8.2432,9.0351,7.1188,
35.5391,9,9,34.0767,69.6157,completed,81539.89,50415.51,-1.3663,8.42,0.0000,0.1143,0.1073,0.3498,0.3713,2.4537,6.9327,8.3188,6.5164,
56.6437,6,6,21.8027,78.4458,completed,81540.37,50413.20,-1.3655,8.41,0.0000,0.2211,0.8741,4.7055,8.3868,11.0257,,,,
45.0802,8,8,25.8134,70.8934,completed,81540.37,50413.20,-1.3655,8.41,0.0000,0.1676,0.1879,0.3883,2.3272,5.4334,8.8251,6.8029,,
22.2363,10,10,54.9237,77.1598,completed,81540.79,50411.18,-1.3579,8.40,0.0000,0.3847,0.1752,0.6407,4.5261,10.8297,8.2060,8.2074,6.8720,5.5151
53.7578,6,6,20.3380,74.0950,completed,81540.79,50411.18,-1.3579,8.40,0.0000,0.2351,0.5551,3.7879,8.0801,10.8839,,,,
51.8734,7,7,37.0961,88.9691,completed,81541.33,50408.66,-1.3553,8.38,0.0000,0.1761,0.2127,0.5411,4.9168,9.4224,10.0255,,,
21.6644,10,10,46.3120,67.9760,completed,81541.33,50408.66,-1.3553,8.38,0.0000,0.0351,0.1014,0.7659,1.7074,0.9139,4.4166,8.0905,7.4947,5.9088
38.7452,9,3,8.9046,47.6497,converged,81541.84,50406.29,-1.3541,8.38,0.0000,0.0796,0.0769,,,,,,,
26.4538,10,3,8.7384,35.1915,converged,81541.84,50406.29,-1.3541,8.38,0.0000,0.0489,0.0323,,,,,,,
45.6700,8,8,28.4995,74.1696,completed,81542.22,50404.56,-1.3528,8.40,0.0000,0.1176,0.2322,2.2566,3.6799,4.9692,9.7242,8.6559,,
57.2534,6,6,25.0820,82.3351,completed,81542.22,50404.56,-1.3528,8.40,0.0000,0.0610,1.4223,2.0420,4.1211,9.7626,,,,
46.4198,7,7,26.4422,72.8613,completed,81542.71,50402.35,-1.3502,8.44,0.0000,0.1000,0.1259,2.5523,8.3415,11.2527,10.0152,,,
36.2506,9,3,11.2820,47.5321,converged,81542.71,50402.35,-1.3502,8.44,0.0000,0.0994,0.0203,,,,,,,
31.3822,10,3,11.7158,43.0978,converged,81543.19,50400.20,-1.3475,8.46,0.0000,0.1148,0.0321,,,,,,,
34.3717,9,9,30.1132,64.4842,completed,81543.19,50400.20,-1.3475,8.46,0.0000,0.1427,0.1716,1.5059,2.2852,1.0617,4.8431,7.8529,6.8909,
22.7606,10,3,9.5241,32.2841,converged,81543.65,50398.23,-1.3493,8.46,0.0000,0.0697,0.0756,,,,,,,
35.2703,9,9,30.9689,66.2389,completed,81543.65,50398.23,-1.3493,8.46,0.0000,0.1303,0.1732,0.4252,1.9729,4.0621,8.1031,7.9581,6.2322,
59.5027,5,5,19.5442,79.0463,completed,81544.08,50396.34,-1.3451,8.42,0.0000,0.9648,0.8626,7.3933,12.6906,,,,,
21.1869,10,3,10.5800,31.7660,converged,81544.08,50396.34,-1.3451,8.42,0.0000,0.0393,0.0177,,,,,,,
57.9305,6,6,29.0971,87.0271,completed,81544.54,50394.29,-1.3474,8.38,0.0000,1.4194,3.7828,4.6054,5.2632,10.3759,,,,
31.2964,10,10,44.0063,75.3023,completed,81544.54,50394.29,-1.3474,8.38,0.0000,0.0561,0.1262,0.4502,1.1489,3.0608,7.3908,9.2598,7.6176,5.8859
47.1052,7,7,42.1466,89.2516,completed,81545.07,50392.01,-1.3427,8.35,0.0000,0.7228,1.6588,5.1811,1.5091,8.8702,9.0235,,,
32.8534,10,10,38.6845,71.5375,completed,81545.07,50392.01,-1.3427,8.35,0.0000,0.1752,0.1305,0.4370,2.4635,0.6141,4.0650,6.8156,8.3607,6.8425
24.3650,10,10,36.9380,61.3020,completed,81545.57,50389.81,-1.3449,8.36,0.0000,0.1546,0.3319,1.0071,2.4009,3.3643,3.3633,7.6060,7.7720,6.2459
41.6756,8,8,32.0608,73.7359,completed,81545.57,50389.81,-1.3449,8.36,0.0000,0.1054,0.2456,1.4929,3.1476,7.0040,10.5053,9.4189,,
43.7933,8,8,28.5739,72.3669,completed,81546.08,50387.61,-1.3451,8.40,0.0000,0.0230,0.1624,0.5243,2.3915,6.7838,10.3754,9.2892,,
48.9103,7,7,26.2711,75.1812,completed,81546.08,50387.61,-1.3451,8.40,0.0000,0.0757,0.3408,2.5854,8.3671,11.1885,11.2497,,,
36.8605,9,9,39.2657,76.1258,completed,81546.61,50385.31,-1.3449,8.45,0.0000,0.0122,0.1509,0.7330,0.3848,3.5108,7.5708,9.3819,7.6582,
43.2138,8,8,27.8789,71.0920,completed,81546.61,50385.31,-1.3449,8.45,0.0000,0.0735,0.1838,0.4656,2.5966,2.8345,8.2731,8.7397,,
39.9669,9,9,35.6461,75.6122,completed,81547.08,50383.29,-1.3479,8.49,0.0000,0.0439,0.1546,0.3876,0.4320,4.9652,7.9861,9.7778,8.1141,
23.1113,10,3,12.5562,35.6673,converged,81547.08,50383.29,-1.3479,8.49,0.0000,0.0275,0.0385,,,,,,,
36.5093,9,3,10.4574,46.9665,converged,81547.58,50381.02,-1.3550,8.50,0.0000,0.0476,0.0829,,,,,,,
52.0586,6,6,23.2367,75.2948,completed,81547.58,50381.02,-1.3550,8.50,0.0000,0.0945,0.9845,2.5535,6.2501,9.6239,,,,
47.6288,7,7,24.9048,72.5328,completed,81548.00,50379.12,-1.3558,8.47,0.0000,0.0830,0.2882,2.5936,2.9352,8.3987,10.1396,,,
28.0120,10,10,40.6801,68.6911,completed,81548.00,50379.12,-1.3558,8.47,0.0000,0.0749,0.1686,0.7126,2.2310,1.0800,4.5919,8.7417,7.5411,5.6356
35.2189,9,9,38.8725,74.0905,completed,81548.48,50376.89,-1.3588,8.43,0.0000,0.0634,0.1337,0.3589,2.0304,4.9031,10.2801,9.6195,7.1662,
38.2589,9,3,9.4494,47.7075,converged,81548.48,50376.89,-1.3588,8.43,0.0000,0.0370,0.0697,,,,,,,
37.5033,9,9,40.2183,77.7213,completed,81548.90,50374.96,-1.3567,8.39,0.0000,0.0682,0.1484,0.3730,0.8959,4.4508,10.2130,9.5496,7.2220,
40.9147,8,8,37.3280,78.2420,completed,81548.90,50374.96,-1.3567,8.39,0.0000,0.1038,0.2596,1.4730,0.7719,5.7547,10.2891,9.4699,,
41.0379,8,8,33.5048,74.5419,completed,81549.38,50372.77,-1.3564,8.37,0.0000,0.0766,0.3542,2.7994,1.7437,3.9428,8.7199,9.2700,,
31.9071,10,10,45.0129,76.9199,completed,81549.38,50372.77,-1.3564,8.37,0.0000,0.0726,0.1393,0.4541,1.9580,0.4223,3.3210,7.1601,8.7422,7.0516
30.5911,10,3,16.4695,47.0605,converged,81549.87,50370.51,-1.3590,8.36,0.0000,0.0527,0.0607,,,,,,,
51.3723,7,7,36.3862,87.7582,completed,81549.87,50370.51,-1.3590,8.36,0.0000,0.1378,0.6325,2.9381,2.7023,6.4601,10.3453,,,
48.0284,7,7,30.8860,78.9160,completed,81550.32,50368.42,-1.3587,8.36,0.0000,0.1352,0.7777,1.8700,1.5795,8.6946,9.8225,,,
20.1222,10,10,46.3652,66.4872,completed,81550.32,50368.42,-1.3587,8.36,0.0000,0.0356,0.1449,0.5554,1.4918,0.4424,3.6959,6.7107,8.7608,7.5512
46.1853,7,7,30.7955,76.9806,completed,81550.79,50366.24,-1.3616,8.36,0.0000,0.0513,0.4289,0.4398,3.0938,10.1713,9.8743,,,
47.1767,7,7,35.0956,82.2716,completed,81550.79,50366.24,-1.3616,8.36,0.0000,0.1742,0.1594,0.8149,5.4405,10.9413,10.7715,,,
37.0939,9,3,14.9316,52.0246,converged,81551.30,50363.81,-1.3662,8.36,0.0000,0.0954,0.0148,,,,,,,
40.7123,8,8,36.7409,77.4530,completed,81551.30,50363.81,-1.3662,8.36,0.0000,0.1188,0.1546,0.3614,2.2041,2.5042,8.4874,8.6969,,
25.0941,10,4,12.0582,37.1522,converged,81551.73,50361.74,-1.3690,8.36,0.0000,0.1409,0.1558,0.0948,,,,,,
38.1128,9,4,12.0734,50.1854,converged,81551.73,50361.74,-1.3690,8.36,0.0000,0.0956,0.1125,0.0678,,,,,,
36.7642,9,4,15.7524,52.5164,converged,81552.08,50360.04,-1.3714,8.36,0.0000,0.1194,0.1197,0.0953,,,,,,
21.1005,10,10,37.2907,58.3907,completed,81552.08,50360.04,-1.3714,8.36,0.0000,0.0678,0.1064,0.1937,1.9717,0.6103,1.8989,5.2707,8.5047,7.5426
46.3473,7,7,23.5710,69.9180,completed,81552.48,50358.07,-1.3696,8.36,0.0000,0.1604,0.1552,0.3303,0.9699,8.9590,9.5615,,,
39.6252,9,9,33.7942,73.4192,completed,81552.48,50358.07,-1.3696,8.36,0.0000,0.0984,0.1369,0.1636,0.3217,2.0329,6.3291,9.7721,8.1529,
51.0374,7,3,8.2165,59.2535,converged,81552.96,50355.78,-1.3685,8.37,0.0000,0.1875,0.0604,,,,,,,
23.4243,10,4,11.6406,35.0646,converged,81552.96,50355.78,-1.3685,8.37,0.0000,0.0977,0.1144,0.0780,,,,,,
58.6259,5,5,19.4625,78.0875,completed,81553.33,50353.98,-1.3712,8.37,0.0000,0.1928,0.2000,2.6040,10.0125,,,,,
25.6421,10,3,10.0924,35.7344,converged,81553.33,50353.98,-1.3712,8.37,0.0000,0.0427,0.0295,,,,,,,
23.6531,10,3,15.8921,39.5452,converged,81553.69,50352.17,-1.3725,8.37,0.0000,0.0782,0.0811,,,,,,,
30.0244,10,3,15.0388,45.0628,converged,81553.69,50352.17,-1.3725,8.37,0.0000,0.0498,0.0200,,,,,,,
59.8476,5,5,24.4345,84.2815,completed,81554.10,50350.20,-1.3697,8.37,0.0000,0.1478,0.1750,2.4763,10.4677,,,,,
33.0254,10,10,43.5441,76.5692,completed,81554.10,50350.20,-1.3697,8.37,0.0000,0.0857,0.1097,0.1066,0.3769,1.4728,4.0980,8.7284,8.9422,6.9827
30.0772,10,3,10.4783,40.5553,converged,81554.59,50347.80,-1.3683,8.37,0.0000,0.0809,0.0690,,,,,,,
41.4848,8,3,12.6182,54.1022,converged,81554.59,50347.80,-1.3683,8.37,0.0000,0.1112,0.0854,,,,,,,
39.1650,9,3,10.4183,49.5823,converged,81554.98,50345.94,-1.3676,8.37,0.0000,0.0980,0.0832,,,,,,,
34.6025,9,3,9.2600,43.8621,converged,81554.98,50345.94,-1.3676,8.37,0.0000,0.0701,0.0131,,,,,,,
26.4389,10,3,18.1503,44.5884,converged,81555.35,50344.13,-1.3719,8.37,0.0000,0.0657,0.0711,,,,,,,
30.8533,10,4,17.6720,48.5250,converged,81555.35,50344.13,-1.3719,8.37,0.0000,0.0866,0.1008,0.0714,,,,,,
46.7371,7,7,32.4259,79.1629,completed,81555.72,50342.32,-1.3683,8.37,0.0000,0.0587,0.3141,1.2458,0.4912,5.4543,9.6069,,,
51.1505,7,7,36.5382,87.6882,completed,81555.72,50342.32,-1.3683,8.37,0.0000,0.1557,0.1935,1.3282,3.1955,9.7123,10.4642,,,
51.8850,7,7,25.6578,77.5428,completed,81556.19,50340.02,-1.3718,8.37,0.0000,0.0479,0.1685,0.3877,0.7058,7.9025,9.9619,,,
21.0113,10,4,15.5977,36.6087,converged,81556.19,50340.02,-1.3718,8.37,0.0000,0.0923,0.1164,0.0659,,,,,,
38.0816,9,3,10.9191,49.0002,converged,81556.58,50338.13,-1.3690,8.37,0.0000,0.0721,0.0284,,,,,,,
35.0117,9,3,9.3140,44.3251,converged,81556.58,50338.13,-1.3690,8.37,0.0000,0.0988,0.0712,,,,,,,
34.9911,9,3,13.3699,48.3610,converged,81556.96,50336.24,-1.3739,8.37,0.0000,0.0749,0.0312,,,,,,,
45.3467,8,3,13.6021,58.9482,converged,81556.96,50336.24,-1.3739,8.37,0.0000,0.0776,0.0426,,,,,,,
53.4188,6,3,9.1811,62.5992,converged,81557.36,50334.27,-1.3695,8.37,0.0000,0.1562,0.0824,,,,,,,
21.5986,10,4,15.5508,37.1489,converged,81557.36,50334.27,-1.3695,8.37,0.0000,0.1529,0.1809,0.0999,,,,,,
39.2653,9,3,10.3460,49.6111,converged,81557.73,50332.47,-1.3722,8.37,0.0000,0.1103,0.0617,,,,,,,
40.4595,8,8,28.9401,69.3991,completed,81557.73,50332.47,-1.3722,8.37,0.0000,0.1640,0.1855,0.2076,1.6765,3.2098,8.8865,9.6151,,
43.3270,8,3,12.1137,55.4407,converged,81558.17,50330.33,-1.3715,8.37,0.0000,0.1059,0.0833,,,,,,,
22.8570,10,4,16.4551,39.3112,converged,81558.17,50330.33,-1.3715,8.37,0.0000,0.2810,0.3592,0.0957,,,,,,
32.4292,10,3,10.6546,43.0836,converged,81558.54,50328.53,-1.3716,8.37,0.0000,0.1052,0.0844,,,,,,,
24.9561,10,10,41.0300,65.9860,completed,81558.54,50328.53,-1.3716,8.37,0.0000,0.1417,0.1381,0.1694,1.1377,0.5560,2.6960,5.9470,8.5749,7.4145
30.2037,10,3,10.8044,41.0075,converged,81558.91,50326.64,-1.3770,8.37,0.0000,0.0350,0.0700,,,,,,,
52.1208,6,6,31.3632,83.4833,completed,81558.91,50326.64,-1.3770,8.37,0.0000,0.3096,0.2747,1.4642,7.1233,11.5535,,,,
51.7245,7,7,40.1425,91.8665,completed,81559.28,50324.81,-1.3749,8.37,0.0000,0.0540,0.1797,0.4050,1.5362,7.4714,10.4486,,,
20.0433,10,10,36.6649,56.7079,completed,81559.28,50324.81,-1.3749,8.37,0.0000,0.0205,0.1357,0.7886,2.1830,1.1409,3.2855,7.9697,8.0349,6.0973
54.9823,6,6,27.9733,82.9553,completed,81559.71,50322.62,-1.3784,8.38,0.0000,0.1255,0.5803,2.8364,4.0470,10.0481,,,,
21.7632,10,10,47.7585,69.5216,completed,81559.71,50322.62,-1.3784,8.38,0.0000,0.1054,0.2095,1.1906,2.8948,1.5509,4.3190,7.8776,8.5675,6.9592
41.6019,8,8,26.9533,68.5543,completed,81560.15,50320.40,-1.3719,6.70,0.0000,0.0236,0.4659,1.4731,2.5236,5.2562,9.7906,8.3934,,
44.5309,8,8,29.7083,74.2383,completed,81560.15,50320.40,-1.3719,6.70,0.0000,0.1134,0.5859,2.2228,0.7933,4.7909,9.2310,8.3880,,
49.6335,7,7,31.1367,80.7697,completed,81560.55,50318.63,-1.3424,6.48,0.0000,0.6224,1.9185,0.8482,10.0438,10.5331,9.6839,,,
32.0565,10,10,36.2345,68.2905,completed,81560.55,50318.63,-1.3424,6.48,0.0000,0.0941,0.4767,1.8577,1.8454,0.7996,4.5014,7.4787,8.0381,6.5154
43.6734,8,8,27.3791,71.0522,completed,81560.85,50317.19,-1.3369,5.50,0.0000,0.2741,3.5776,14.0852,7.6107,2.1960,7.4519,8.7207,,
53.5414,6,6,29.3197,82.8607,completed,81560.85,50317.19,-1.3369,5.50,0.0000,0.3288,3.2809,1.6990,6.7099,10.1887,,,,
31.9369,10,10,37.6768,69.6128,completed,81561.22,50315.48,-1.3432,5.83,0.0000,0.4108,1.0870,2.4808,0.8797,1.4452,5.1387,8.1126,7.3213,5.7241
23.8282,10,10,42.7168,66.5449,completed,81561.22,50315.48,-1.3432,5.83,0.0000,0.1932,0.1304,1.5195,3.3692,1.4305,4.8194,7.9885,8.0718,6.5712
21.2969,10,10,43.4187,64.7148,completed,81561.51,50314.01,-1.3485,6.07,0.0000,0.3604,1.0105,2.2865,1.6589,0.9664,5.2847,7.2323,8.3108,6.9798
24.5746,10,10,48.7193,73.2933,completed,81561.51,50314.01,-1.3485,6.07,0.0000,0.1918,0.1169,1.9665,3.6798,0.7703,5.4707,8.5486,8.0088,6.4964
57.0241,6,6,24.0001,81.0241,completed,81561.81,50312.58,-1.3553,6.09,0.0000,1.3640,7.1289,4.0475,4.9164,9.6408,,,,
55.4011,6,6,26.0578,81.4589,completed,81561.81,50312.58,-1.3553,6.09,0.0000,0.2886,2.5378,3.7483,6.9909,9.7947,,,,
31.0627,10,10,36.7314,67.7934,completed,81562.20,50310.68,-1.3705,6.40,0.0000,0.2087,0.7462,2.8190,6.5180,1.4674,4.4974,6.4662,8.0862,7.1037
30.4616,10,10,42.1465,72.6075,completed,81562.20,50310.68,-1.3705,6.40,0.0000,0.3248,0.2176,1.2243,6.3320,1.6004,5.5598,8.1679,7.7223,6.3312
24.4840,10,10,49.2923,73.7754,completed,81562.55,50309.09,-1.3692,6.64,0.0000,0.1751,0.2077,2.0732,4.2839,5.1496,4.9278,7.8386,7.7194,6.3178
23.9645,10,10,39.9271,63.8911,completed,81562.55,50309.09,-1.3692,6.64,0.0000,0.2301,0.1987,1.6272,6.7434,4.4889,3.4621,6.7976,7.1720,5.9287
37.3449,9,9,33.7145,71.0586,completed,81562.81,50307.88,-1.3554,0.80,0.0000,0.4137,0.1070,3.9250,6.2001,1.6062,5.7680,7.9286,6.9858,
34.1652,9,3,17.3887,51.5537,converged,81562.81,50307.88,-1.3554,0.80,0.0000,0.4769,0.0246,,,,,,,
36.0306,9,9,40.9989,77.0289,completed,81562.84,50307.82,-1.2469,0.20,0.0000,0.1315,0.1238,1.2003,8.8445,1.8299,7.1869,7.4419,6.0840,
49.2367,7,7,32.7863,82.0224,completed,81562.84,50307.82,-1.2469,0.20,0.0000,0.3561,1.3414,10.8021,3.1671,7.3161,7.9572,,,
25.5280,10,10,52.7469,78.2739,completed,81562.81,50307.80,-1.1470,0.17,0.0000,0.1215,0.2058,0.3098,3.3637,4.1198,4.7686,6.2653,6.2490,5.5322
39.2714,9,9,31.6456,70.9167,completed,81562.81,50307.80,-1.1470,0.17,0.0000,0.0996,0.2543,1.0348,0.7726,7.3256,7.0927,7.5321,6.7525,
33.4771,10,10,43.2862,76.7632,completed,81562.75,50307.75,-1.0879,0.18,0.0000,0.0966,0.1407,0.5008,1.4374,3.1278,4.4113,5.9375,6.0604,5.3681
31.7539,10,10,45.3043,77.0574,completed,81562.75,50307.75,-1.0879,0.18,0.0000,0.2139,0.4754,1.4336,3.8334,2.3631,4.9160,6.0925,6.0415,5.3284
24.0342,10,10,37.1362,61.1703,completed,81562.64,50307.71,-1.0645,0.11,0.0000,0.1909,0.1342,0.2683,2.1681,5.7309,5.2767,6.0653,5.5230,4.5588
41.6310,8,8,34.5407,76.1717,completed,81562.64,50307.71,-1.0645,0.11,0.0000,0.3882,0.3148,1.5813,6.8372,6.7883,7.2200,6.5737,,
32.7385,10,10,42.1130,74.8510,completed,81562.55,50307.68,-1.0680,0.00,0.0000,0.4225,0.2302,0.4079,1.0083,3.6650,4.8581,5.6732,5.3851,4.7126
24.1995,10,10,40.8932,65.0923,completed,81562.55,50307.68,-1.0680,0.00,0.0000,0.4050,0.3072,0.6353,0.7652,2.9679,3.6296,4.6505,4.5007,3.9762
43.5382,8,8,29.3163,72.8544,completed,81562.47,50307.68,-1.0679,0.00,0.0000,0.1984,0.2218,0.6854,3.1313,4.8173,6.3414,6.0343,,
33.0501,10,10,43.8780,76.9280,completed,81562.47,50307.68,-1.0679,0.00,0.0000,0.1160,0.2480,0.2268,2.5694,5.7038,5.5545,5.7981,5.0986,4.1819
27.1311,10,10,37.4258,64.5568,completed,81562.38,50307.67,-1.0661,0.00,0.0000,0.3107,0.1812,0.9016,1.7045,1.0545,1.0776,2.8652,4.4956,4.8511
42.4753,8,8,31.9894,74.4644,completed,81562.38,50307.67,-1.0661,0.00,0.0000,0.4342,0.5184,0.6976,2.5254,1.5343,4.3949,4.3783,,
53.2792,6,6,24.1905,77.4696,completed,81562.32,50307.67,-1.0645,0.00,0.0000,0.6240,1.1404,4.3403,5.2977,5.9416,,,,
54.8184,6,6,23.0468,77.8648,completed,81562.32,50307.67,-1.0645,0.00,0.0000,0.1713,0.3843,4.1867,1.0861,3.0652,,,,
41.9210,8,8,40.1018,82.0229,completed,81562.27,50307.66,-1.0628,0.00,0.0000,0.2607,0.7365,1.3221,5.6965,2.9609,4.7694,4.9113,,
49.0726,7,7,26.0431,75.1152,completed,81562.27,50307.66,-1.0628,0.00,0.0000,0.1802,0.1412,0.4284,2.6019,0.7887,2.0158,,,
54.8805,6,6,32.6898,87.5698,completed,81562.22,50307.66,-1.0617,0.00,0.0000,0.1094,0.1835,2.8826,0.6490,2.2209,,,,
38.4315,9,9,40.6447,79.0757,completed,81562.19,50307.66,-1.0608,0.00,0.0000,0.1569,0.1445,1.2588,4.6036,3.8242,1.9063,2.8025,2.6771,
38.5243,9,9,49.0292,87.5533,completed,81562.19,50307.66,-1.0608,0.00,0.0000,0.4159,0.8217,2.9216,8.6335,1.6850,0.1800,0.1936,0.6147,
38.3234,9,9,30.7266,69.0497,completed,81562.15,50307.66,-1.0599,0.00,0.0000,0.4384,0.3652,0.1362,2.2883,3.6686,0.8875,1.7450,1.6776,
52.6602,6,6,30.6757,83.3357,completed,81562.15,50307.66,-1.0599,0.00,0.0000,0.6424,0.1986,5.5362,3.5429,3.6600,,,,
21.0254,10,10,39.2798,60.3048,completed,81562.12,50307.65,-1.0592,0.00,0.0000,0.4904,0.5875,1.0825,5.5668,0.3710,1.7504,0.1156,0.6426,0.8315
25.7758,10,10,36.7789,62.5539,completed,81562.12,50307.65,-1.0592,0.00,0.0000,0.5154,0.4856,0.4881,2.3135,2.5757,1.2806,0.9411,1.4695,1.4687
38.1111,9,9,30.8887,68.9997,completed,81562.09,50307.65,-1.0589,0.00,0.0000,0.8032,1.3820,4.4165,6.7795,0.5437,0.1041,0.2410,0.7229,
56.6891,6,6,23.1582,79.8472,completed,81562.09,50307.65,-1.0589,0.00,0.0000,0.4272,3.5787,9.9974,4.1481,4.7206,,,,
35.9766,9,9,34.2829,70.2590,completed,81562.07,50307.65,-1.0589,0.00,0.0000,0.6000,0.2176,2.5572,4.9230,3.9669,2.6737,3.0884,2.5416,
26.1532,10,10,37.3843,63.5373,completed,81562.07,50307.65,-1.0589,0.00,0.0000,0.4961,0.5666,0.9090,0.6031,3.8077,0.4140,0.7543,1.5244,1.4945
27.8587,10,3,12.6347,40.4927,converged,81562.05,50307.64,-1.0591,0.00,0.0000,0.2529,0.0954,,,,,,,
23.6317,10,10,55.3016,78.9326,completed,81562.05,50307.64,-1.0591,0.00,0.0000,0.3073,0.3387,0.5216,1.9610,4.7512,1.1915,1.6617,2.0311,1.9662
39.6973,9,9,39.3329,79.0299,completed,81562.03,50307.64,-1.0595,0.00,0.0000,0.5534,1.0039,1.9579,3.6322,2.7085,1.1599,1.8013,1.6820,
26.4948,10,10,46.7008,73.1949,completed,81562.03,50307.64,-1.0595,0.00,0.0000,0.1288,0.2915,0.1584,0.7222,4.2049,1.2740,1.0571,2.1238,2.2670
43.0842,8,8,26.7260,69.8100,completed,81562.02,50307.64,-1.0601,0.00,0.0000,0.7272,1.9714,3.0534,0.7102,0.5687,0.7720,1.0992,,
51.4899,7,7,32.9332,84.4223,completed,81562.02,50307.64,-1.0601,0.00,0.0000,0.9029,0.9492,2.9499,2.7021,1.3902,1.7359,,,
22.7900,10,10,35.0666,57.8567,completed,81562.00,50307.64,-1.0611,0.00,0.0000,0.5443,0.7829,1.0966,1.4947,2.0299,1.0206,0.3443,1.2261,1.3861
45.3785,8,4,13.8436,59.2471,converged,81562.00,50307.64,-1.0611,0.00,0.0000,0.3760,0.6218,0.0979,,,,,,
30.4961,10,10,37.7358,68.2318,completed,81561.98,50307.63,-1.0620,0.00,0.0000,0.4839,0.9359,2.3350,0.4735,3.3383,0.3565,0.9497,1.4533,1.4089
45.0244,8,8,28.5064,73.5305,completed,81561.98,50307.63,-1.0620,0.00,0.0000,0.4988,1.1442,0.8414,2.8788,1.2785,0.6449,1.4147,,
58.2386,5,5,20.9170,79.1551,completed,81561.97,50307.63,-1.0631,0.00,0.0000,0.2263,0.7305,1.7463,3.1070,,,,,
59.4904,5,5,16.7850,76.2751,completed,81561.97,50307.63,-1.0631,0.00,0.0000,0.1952,2.0498,2.1878,2.8748,,,,,
30.4648,10,10,33.7503,64.2144,completed,81561.96,50307.63,-1.0642,0.00,0.0000,0.4864,0.6212,0.8232,1.2453,2.2549,0.5404,0.6211,1.2375,1.2604
52.9172,6,6,33.0924,86.0094,completed,81561.96,50307.63,-1.0642,0.00,0.0000,0.8342,1.0518,1.4780,1.0841,0.4902,,,,
31.4238,10,10,39.7549,71.1779,completed,81561.95,50307.63,-1.0657,0.00,0.0000,0.4940,0.7779,1.4044,1.0024,3.5989,0.5139,0.2461,1.2235,1.4456
53.7992,6,6,29.5204,83.3194,completed,81561.95,50307.63,-1.0657,0.00,0.0000,0.8133,2.0709,4.5188,0.7872,1.4805,,,,
36.3645,9,9,42.7118,79.0758,completed,81561.94,50307.62,-1.0671,0.00,0.0000,0.3819,0.2402,0.7503,5.9766,3.5307,0.9182,1.7789,2.0062,
57.6282,6,6,23.7945,81.4225,completed,81561.94,50307.62,-1.0671,0.00,0.0000,0.3822,0.1528,2.5050,0.2840,1.8287,,,,
39.2032,9,9,35.8081,75.0111,completed,81561.93,50307.62,-1.0686,0.00,0.0000,0.4486,0.5837,0.5477,2.3129,0.9831,0.5339,1.2420,1.3537,
22.2448,10,3,15.4123,37.6563,converged,81561.93,50307.62,-1.0686,0.00,0.0000,0.1961,0.0991,,,,,,,
29.4765,10,10,68.9747,98.4507,completed,81561.93,50307.62,-1.0702,0.00,0.0000,0.5512,0.2604,1.0237,4.2220,5.2455,1.0202,1.3719,2.0152,1.9387
59.2997,5,5,19.8116,79.1107,completed,81561.93,50307.62,-1.0702,0.00,0.0000,0.1182,1.5025,1.7977,2.1246,,,,,
54.7544,6,6,27.5191,82.2731,completed,81561.92,50307.61,-1.0724,0.00,0.0000,0.1346,2.7793,7.2913,3.2275,3.4634,,,,
51.1572,7,7,32.2654,83.4224,completed,81561.92,50307.61,-1.0724,0.00,0.0000,0.5181,0.3904,3.8742,2.9131,2.4755,2.1355,,,
39.7584,9,9,40.0015,79.7596,completed,81561.92,50307.61,-1.0745,0.00,0.0000,0.4568,0.6431,0.3214,3.1047,1.2385,0.4390,1.0953,1.2591,
23.2888,10,10,45.7495,69.0375,completed,81561.92,50307.61,-1.0745,0.00,0.0000,0.0758,0.3169,0.9351,3.3970,4.3177,0.7692,1.9492,2.1980,1.9937
38.5190,9,3,12.0500,50.5680,converged,81561.91,50307.61,-1.0766,0.00,0.0000,0.2752,0.0909,,,,,,,
34.8143,9,9,36.0242,70.8382,completed,81561.91,50307.61,-1.0766,0.00,0.0000,0.3210,0.4941,1.4726,1.8393,2.6012,0.2774,1.0359,1.4341,
35.0286,9,9,40.3751,75.4031,completed,81561.91,50307.60,-1.0782,0.00,0.0000,0.2318,0.2309,0.2687,3.5002,2.0199,0.7907,1.8033,1.8352,
37.8200,9,9,34.6413,72.4603,completed,81561.91,50307.60,-1.0782,0.00,0.0000,0.4317,0.6484,0.8033,4.5575,2.1006,0.2518,1.1934,1.5040,
28.0042,10,10,44.3459,72.3500,completed,81561.91,50307.60,-1.0798,0.00,0.0000,0.3802,0.4373,0.3834,2.0295,3.2464,0.6453,0.8447,1.2906,1.2862
39.8741,9,9,43.7326,83.6067,completed,81561.91,50307.60,-1.0798,0.00,0.0000,0.2124,0.2320,0.2300,4.1234,2.0813,1.2412,1.7975,1.5445,
40.8496,8,8,30.4342,71.2833,completed,81561.90,50307.60,-1.0814,0.00,0.0000,0.3496,0.1904,0.3110,4.7190,0.9045,1.1419,1.8212,,
36.3537,9,9,35.6484,72.0014,completed,81561.90,50307.60,-1.0814,0.00,0.0000,0.4076,0.6787,1.3792,2.8805,0.8157,0.3496,1.1717,1.4525,
54.7734,6,6,24.9766,79.7497,completed,81561.90,50307.60,-1.0832,0.00,0.0000,0.6568,2.8477,3.5745,1.2020,2.2094,,,,
41.6034,8,8,27.7753,69.3784,completed,81561.90,50307.60,-1.0832,0.00,0.0000,0.2447,0.9549,3.8638,3.7608,0.9178,0.9743,1.6028,,
43.6226,8,8,37.2658,80.8878,completed,81561.90,50307.60,-1.0846,0.00,0.0000,0.3698,1.5260,5.3174,1.6474,2.5115,0.3215,1.0581,,
55.4652,6,6,39.5686,95.0337,completed,81561.90,50307.60,-1.0846,0.00,0.0000,0.1980,3.9126,2.3190,1.3248,1.1936,,,,
59.9018,5,5,29.2538,89.1548,completed,81561.89,50307.60,-1.0863,0.00,0.0000,0.2623,3.7108,1.2788,1.2549,,,,,
56.6800,6,6,21.4646,78.1437,completed,81561.89,50307.60,-1.0863,0.00,0.0000,0.1538,3.7910,2.7565,0.5658,1.5419,,,,
26.6355,10,10,33.7686,60.4036,completed,81561.89,50307.60,-1.0881,0.00,0.0000,0.5216,0.9431,1.2634,2.7357,4.4136,2.6735,3.9484,4.0403,3.6213
29.2975,10,10,43.3684,72.6654,completed,81561.89,50307.60,-1.0881,0.00,0.0000,0.4310,0.6986,0.2573,1.1317,4.3519,1.3686,3.1149,3.1625,2.6313
35.3766,9,9,37.4780,72.8541,completed,81561.89,50307.60,-1.0895,0.00,0.0000,0.3405,1.4701,5.7340,0.8804,1.4785,1.7371,0.2257,0.7883,
56.8562,6,6,30.7069,87.5629,completed,81561.89,50307.60,-1.0895,0.00,0.0000,0.6622,0.2275,3.0609,2.7496,3.3713,,,,
39.0871,9,9,37.0319,76.1190,completed,81561.88,50307.60,-1.0914,0.00,0.0000,0.3646,0.4586,0.1327,1.7720,1.8309,3.0326,3.7729,3.2266,
52.6274,6,6,24.1390,76.7661,completed,81561.88,50307.60,-1.0914,0.00,0.0000,0.3149,2.2937,1.3576,0.6323,2.1373,,,,
21.5726,10,3,14.0390,35.6110,converged,81561.88,50307.60,-1.0929,0.00,0.0000,0.1703,0.0995,,,,,,,
44.3575,8,8,34.9870,79.3440,completed,81561.88,50307.60,-1.0929,0.00,0.0000,0.3168,0.1191,2.1925,1.1817,0.7757,1.5192,1.6584,,
55.0781,6,6,21.7797,76.8577,completed,81561.88,50307.60,-1.0943,0.00,0.0000,0.4866,1.8592,3.7161,2.6427,3.2713,,,,
36.9098,9,9,34.4185,71.3276,completed,81561.88,50307.60,-1.0943,0.00,0.0000,0.5914,1.5938,4.7760,0.6743,0.9117,0.5652,0.5450,0.9078,
34.1065,9,9,28.8502,62.9562,completed,81561.88,50307.60,-1.0959,0.00,0.0000,0.1119,0.1886,1.7067,2.7284,0.9051,0.6861,1.7695,1.5370,
59.6228,5,5,22.8114,82.4334,completed,81561.88,50307.60,-1.0959,0.00,0.0000,0.8116,2.5249,1.0295,0.9219,,,,,
22.9813,10,10,29.7409,52.7219,completed,81561.88,50307.60,-1.0973,0.00,0.0000,0.0759,0.1766,1.7432,1.8729,2.0798,1.8359,0.1862,1.4918,1.7783
39.1734,9,9,44.7038,83.8768,completed,81561.88,50307.60,-1.0973,0.00,0.0000,0.5363,0.9619,0.6392,3.6128,2.7050,2.8918,3.4898,2.7344,
20.0179,10,10,38.2422,58.2593,completed,81561.88,50307.60,-1.0987,0.00,0.0000,0.2715,0.3736,0.7749,0.9275,2.3484,0.5791,1.2461,1.7777,1.6593
29.7485,10,10,32.7735,62.5215,completed,81561.88,50307.60,-1.0987,0.00,0.0000,0.2086,0.4375,2.0766,1.3039,1.1385,1.9458,0.4414,0.9212,1.1728
39.7116,9,9,35.4753,75.1864,completed,81561.88,50307.60,-1.1000,0.00,0.0000,0.3665,1.5693,6.0962,0.4226,0.6666,0.9061,0.3777,0.8963,
48.4524,7,7,20.9069,69.3590,completed,81561.88,50307.60,-1.1000,0.00,0.0000,0.2360,0.5739,1.6501,3.0613,1.9748,2.3547,,,
53.8772,6,6,21.6666,75.5437,completed,81561.88,50307.59,-1.1014,0.00,0.0000,0.8666,0.5494,2.9465,2.4680,3.9264,,,,
44.5490,8,8,42.6291,87.1781,completed,81561.88,50307.59,-1.1014,0.00,0.0000,1.3831,2.9282,4.8912,7.0982,6.3644,6.4520,4.9452,,
47.3574,7,7,29.7288,77.0859,completed,81561.88,50307.60,-1.1032,0.00,0.0000,0.7775,0.8926,3.0987,2.4621,3.2163,3.2686,,,
29.8004,10,10,45.0229,74.8230,completed,81561.88,50307.60,-1.1032,0.00,0.0000,0.2564,0.4690,0.3098,0.9654,4.0570,0.9354,1.6807,2.0744,1.8782
58.4705,5,5,24.7068,83.1769,completed,81561.87,50307.60,-1.1046,0.00,0.0000,0.5798,0.8733,2.2349,2.9849,,,,,
57.4115,6,6,30.0942,87.5053,completed,81561.87,50307.60,-1.1046,0.00,0.0000,0.3649,2.4604,4.0770,1.5567,2.4211,,,,
24.2108,10,10,39.6595,63.8695,completed,81561.87,50307.60,-1.1067,0.00,0.0000,0.2505,0.2243,1.2516,1.9355,1.0976,1.3976,0.4508,1.3639,1.3639
39.0043,9,9,31.5693,70.5734,completed,81561.87,50307.60,-1.1067,0.00,0.0000,0.5748,0.9025,0.1739,2.5981,2.8191,2.6440,3.3298,2.7620,
52.0250,6,6,24.9881,77.0121,completed,81561.87,50307.60,-1.1106,-0.16,0.0000,0.1358,4.0122,1.2567,1.5350,0.9867,,,,
58.9780,5,5,17.0891,76.0671,completed,81561.87,50307.60,-1.1106,-0.16,0.0000,0.9592,12.4539,1.4306,0.5249,,,,,
40.4625,8,8,29.1424,69.6044,completed,81561.86,50307.62,-1.1098,0.00,0.0000,0.1483,0.7842,2.4446,6.6454,2.4109,3.1971,2.7986,,
53.7046,6,6,22.3992,76.1032,completed,81561.86,50307.62,-1.1098,0.00,0.0000,0.2141,1.7178,6.4287,1.5547,2.7383,,,,
59.2580,5,5,18.6195,77.8766,completed,81561.86,50307.62,-1.1109,0.00,0.0000,0.3483,3.2595,2.9227,3.3185,,,,,
38.3999,9,8,25.6065,64.0055,converged,81561.86,50307.62,-1.1109,0.00,0.0000,0.5706,0.8759,1.2202,3.6471,0.4311,1.4968,0.0907,,
46.4754,7,7,23.2894,69.7644,completed,81561.87,50307.60,-1.1161,0.17,0.0000,0.4653,0.2084,0.7730,1.9370,4.3050,3.8760,,,
35.7181,9,9,28.5187,64.2367,completed,81561.87,50307.60,-1.1161,0.17,0.0000,0.4191,0.4666,0.1811,2.3516,1.4656,2.3803,3.9543,3.5674,
36.7162,9,9,31.4737,68.1898,completed,81561.87,50307.60,-1.1242,0.00,0.0000,0.0568,0.1422,0.5761,0.6752,0.5930,1.3429,3.0361,2.9389,
53.3576,6,6,20.8603,74.2173,completed,81561.87,50307.60,-1.1242,0.00,0.0000,0.2232,0.9451,0.7876,2.3612,3.9805,,,,
52.9562,6,6,28.3254,81.2815,completed,81561.88,50307.58,-1.1332,0.19,0.0000,0.1544,0.6419,3.4168,3.9534,6.0120,,,,
43.3603,8,8,34.6848,78.0448,completed,81561.88,50307.58,-1.1332,0.19,0.0000,0.0727,0.1017,0.1277,1.0720,0.9880,4.3409,3.9583,,
56.9769,6,6,22.8006,79.7766,completed,81561.89,50307.57,-1.1350,0.00,0.0000,0.0789,0.4140,0.6261,1.1721,4.1514,,,,
32.2860,10,10,47.0935,79.3786,completed,81561.89,50307.57,-1.1350,0.00,0.0000,0.1361,0.2407,0.6296,0.8930,1.7732,0.8231,2.6657,2.6722,2.2074
55.9992,6,6,22.7862,78.7853,completed,81561.89,50307.57,-1.1355,0.00,0.0000,0.1210,0.1951,0.7529,2.1198,4.8215,,,,
29.0504,10,10,39.0111,68.0611,completed,81561.89,50307.57,-1.1355,0.00,0.0000,0.1118,0.1727,0.3724,0.1913,0.5067,0.4807,2.6514,3.3233,3.0042
42.2083,8,3,10.5175,52.7255,converged,81561.89,50307.57,-1.1358,0.00,0.0000,0.0655,0.0537,,,,,,,
20.8611,10,10,43.3346,64.1956,completed,81561.89,50307.57,-1.1358,0.00,0.0000,0.1337,0.2132,0.6071,1.0679,1.4819,0.7515,2.3345,2.7546,2.2187
39.0444,9,9,40.7674,79.8114,completed,81561.89,50307.57,-1.1360,0.00,0.0000,0.1169,0.1524,0.4534,0.2622,0.3809,2.1937,3.8088,3.2938,
36.6876,9,3,13.8302,50.5173,converged,81561.89,50307.57,-1.1360,0.00,0.0000,0.0443,0.0450,,,,,,,
58.1257,5,5,17.7542,75.8792,completed,81561.89,50307.57,-1.1363,0.00,0.0000,0.1631,0.5859,1.4637,5.2198,,,,,
44.9982,8,3,9.5011,54.4992,converged,81561.89,50307.57,-1.1363,0.00,0.0000,0.1002,0.0638,,,,,,,
44.2883,8,8,30.6131,74.9011,completed,81561.89,50307.57,-1.1364,0.00,0.0000,0.0490,0.1466,0.9582,2.3947,2.7155,5.3658,4.6927,,
52.6772,6,6,24.4585,77.1356,completed,81561.89,50307.57,-1.1364,0.00,0.0000,0.1218,0.3263,2.1971,3.7545,5.7453,,,,
51.6245,7,7,36.2241,87.8482,completed,81561.89,50307.57,-1.1366,0.00,0.0000,0.1050,0.1067,1.0094,0.8235,4.2169,4.8229,,,
27.1483,10,10,33.6419,60.7900,completed,81561.89,50307.57,-1.1366,0.00,0.0000,0.0654,0.1866,0.6806,1.9468,3.1328,3.0459,4.7296,4.7414,3.8857
54.4687,6,6,27.8744,82.3424,completed,81561.89,50307.57,-1.1367,0.00,0.0000,0.3337,3.1797,5.1813,2.7135,0.7740,,,,
38.9800,9,9,28.5779,67.5580,completed,81561.89,50307.57,-1.1367,0.00,0.0000,0.0831,0.1972,0.7488,2.2056,2.9509,4.3864,5.3395,4.3577,
24.9214,10,3,9.8072,34.7283,converged,81561.89,50307.57,-1.1367,0.00,0.0000,0.0763,0.0481,,,,,,,
56.2592,6,6,24.5566,80.8157,completed,81561.89,50307.57,-1.1367,0.00,0.0000,0.1654,0.2257,1.0860,2.8209,5.0366,,,,
27.6655,10,3,12.0098,39.6749,converged,81561.89,50307.57,-1.1366,0.00,0.0000,0.0596,0.0405,,,,,,,
35.5033,9,9,40.4429,75.9460,completed,81561.89,50307.57,-1.1366,0.00,0.0000,0.2613,0.2867,0.2979,0.5627,0.7245,1.1297,2.9239,3.6030,
35.1188,9,9,31.7727,66.8907,completed,81561.89,50307.57,-1.1366,0.00,0.0000,0.3936,0.4656,0.2541,1.6627,2.6310,3.9187,4.3060,3.3813,
45.4384,8,8,32.4212,77.8592,completed,81561.89,50307.57,-1.1366,0.00,0.0000,0.1170,0.5552,1.1361,6.2121,1.8522,2.8157,2.4128,,
51.0518,7,7,23.8855,74.9366,completed,81561.89,50307.57,-1.1366,0.00,0.0000,0.1016,0.9063,0.4535,3.9568,1.3692,1.7924,,,
29.8440,10,3,11.0898,40.9338,converged,81561.89,50307.57,-1.1366,0.00,0.0000,0.1981,0.0717,,,,,,,
38.1411,9,9,33.4067,71.5477,completed,81561.89,50307.57,-1.1365,0.00,0.0000,0.7505,1.5688,2.6176,1.1023,2.1481,0.3105,0.9903,1.1287,
46.9926,7,7,25.5066,72.4986,completed,81561.89,50307.57,-1.1365,0.00,0.0000,0.1369,1.4149,5.9536,4.5118,3.3078,2.6733,,,
45.8119,8,8,34.5673,80.3784,completed,81561.89,50307.57,-1.1363,0.00,0.0000,0.0796,0.3271,0.6318,2.6972,0.7551,0.5083,1.2446,,
55.7886,6,6,26.3116,82.0996,completed,81561.89,50307.57,-1.1363,0.00,0.0000,0.1261,2.0538,9.1196,2.9406,3.1837,,,,
48.1804,7,7,25.9003,74.0804,completed,81561.89,50307.57,-1.1361,0.00,0.0000,0.5342,1.5392,0.6338,3.1864,0.8538,0.8652,,,
40.8744,8,8,27.9639,68.8379,completed,81561.89,50307.57,-1.1361,0.00,0.0000,0.1747,0.2650,1.7387,6.6630,2.1036,2.4731,2.0719,,
28.5750,10,10,37.8761,66.4501,completed,81561.89,50307.57,-1.1361,0.00,0.0000,0.0586,0.3912,0.7949,2.7937,5.1642,0.6578,0.8963,1.5858,1.5359
34.2497,9,9,37.8785,72.1275,completed,81561.89,50307.57,-1.1361,0.00,0.0000,0.0548,0.5076,1.8926,6.9011,3.0912,1.7681,2.4760,2.0529,
38.9005,9,9,36.6063,75.5063,completed,81561.89,50307.57,-1.1362,0.00,0.0000,0.4173,0.4319,0.3038,4.9598,4.4366,2.4073,2.4587,2.0269,
28.1021,10,3,9.9340,38.0361,converged,81561.89,50307.57,-1.1362,0.00,0.0000,0.1560,0.0681,,,,,,,
21.4858,10,3,12.9644,34.4495,converged,81561.89,50307.57,-1.1367,0.00,0.0000,0.1922,0.0782,,,,,,,
40.2065,8,8,31.6255,71.8315,completed,81561.89,50307.57,-1.1367,0.00,0.0000,0.2943,2.0884,6.2120,5.6344,2.5531,3.6043,3.0008,,
38.4746,9,9,44.6610,83.1351,completed,81561.89,50307.57,-1.1371,0.00,0.0000,0.2499,0.1072,0.1247,1.6184,2.3504,0.5146,0.7936,1.4118,
38.4464,9,9,29.9592,68.4052,completed,81561.89,50307.57,-1.1371,0.00,0.0000,0.1431,0.1488,0.8127,1.1852,1.8885,0.3024,0.9828,1.1443,
37.9259,9,9,35.4274,73.3524,completed,81561.89,50307.57,-1.1378,0.00,0.0000,0.1320,0.2277,0.8077,3.4895,2.3872,0.1426,1.3919,1.4760,
40.1229,8,8,39.0367,79.1588,completed,81561.89,50307.57,-1.1378,0.00,0.0000,0.2980,0.3423,0.3869,1.1846,0.6987,0.1507,0.7723,,
24.1803,10,10,39.0736,63.2536,completed,81561.89,50307.57,-1.1387,0.00,0.0000,0.1375,0.1383,0.2360,1.8877,3.8358,0.4112,1.3403,1.5134,1.3403
22.0080,10,3,10.8972,32.9052,converged,81561.89,50307.57,-1.1387,0.00,0.0000,0.2897,0.0779,,,,,,,
36.4664,9,9,52.7362,89.2022,completed,81561.89,50307.57,-1.1393,0.00,0.0000,0.2258,0.1702,0.6488,4.8606,3.5401,0.4488,1.7417,1.8889,
40.4356,8,8,37.1181,77.5531,completed,81561.89,50307.57,-1.1393,0.00,0.0000,0.1675,0.8423,3.6922,7.1023,1.6046,2.6991,2.2414,,
51.5404,7,7,26.1502,77.6903,completed,81561.90,50307.56,-1.1446,0.10,0.0000,0.0955,0.6543,1.3035,2.4104,0.8263,2.0742,,,
36.6439,9,9,29.4114,66.0545,completed,81561.90,50307.56,-1.1446,0.10,0.0000,0.5059,1.1722,2.9604,0.5238,2.1721,1.1735,0.5377,0.9126,
38.2822,9,9,38.5396,76.8216,completed,81561.91,50307.53,-1.1515,0.17,0.0000,0.0878,0.2441,0.7970,0.7744,1.3131,1.3090,2.8965,2.5703,
38.4202,9,9,38.6124,77.0325,completed,81561.91,50307.53,-1.1515,0.17,0.0000,0.1217,0.2461,0.8235,0.8320,0.9076,1.8379,3.0330,2.5780,
50.0120,7,7,25.0011,75.0122,completed,81561.93,50307.48,-1.1597,0.15,0.0000,0.0349,0.5080,1.8358,3.1814,5.9284,6.0580,,,
57.4834,6,6,25.9233,83.4063,completed,81561.93,50307.48,-1.1597,0.15,0.0000,0.0716,0.7027,3.7452,5.7103,6.5745,,,,
31.1521,10,3,8.6486,39.8006,converged,81561.95,50307.44,-1.1680,0.19,0.0000,0.1082,0.0244,,,,,,,
31.0803,10,3,10.9331,42.0131,converged,81561.95,50307.44,-1.1680,0.19,0.0000,0.1256,0.0389,,,,,,,
36.0584,9,9,44.6481,80.7061,completed,81561.96,50307.41,-1.1723,0.19,0.0000,0.2114,0.1888,0.1834,0.5712,0.9388,1.9667,4.3567,3.9030,
20.1534,10,10,39.5480,59.7010,completed,81561.96,50307.41,-1.1723,0.19,0.0000,0.1784,0.1930,0.2171,0.2519,0.6479,0.1675,3.1802,4.1000,3.6612
32.3398,10,4,10.8137,43.1528,converged,81561.97,50307.39,-1.1749,0.00,0.0000,0.1603,0.1106,0.0492,,,,,,
50.0936,7,7,24.1514,74.2445,completed,81561.97,50307.39,-1.1749,0.00,0.0000,0.1461,0.1855,1.3313,1.3542,5.1268,5.5735,,,
48.5427,7,3,11.0283,59.5703,converged,81561.97,50307.39,-1.1752,0.00,0.0000,0.1877,0.0560,,,,,,,
49.2950,7,3,8.7069,58.0020,converged,81561.97,50307.39,-1.1752,0.00,0.0000,0.2068,0.0677,,,,,,,
48.8672,7,3,10.4941,59.3612,converged,81561.97,50307.39,-1.1752,0.00,0.0000,0.2256,0.0504,,,,,,,
50.8015,7,3,10.3783,61.1793,converged,81561.97,50307.39,-1.1752,0.00,0.0000,0.1758,0.0600,,,,,,,
37.9340,9,3,10.7366,48.6696,converged,81561.97,50307.39,-1.1753,0.00,0.0000,0.1369,0.0227,,,,,,,
22.1881,10,10,43.3983,65.5863,completed,81561.97,50307.39,-1.1753,0.00,0.0000,0.1842,0.1885,0.2119,0.2004,0.9333,0.3405,2.9173,4.0175,3.5871
50.5430,7,7,34.5528,85.0958,completed,81561.97,50307.39,-1.1754,0.00,0.0000,0.2686,0.3765,0.1713,1.1219,3.8403,4.5436,,,
40.5715,8,8,27.6883,68.2594,completed,81561.97,50307.39,-1.1754,0.00,0.0000,0.2238,0.2769,0.2457,0.7746,0.4861,3.7937,4.1302,,
43.9433,8,8,28.8510,72.7940,completed,81561.97,50307.39,-1.1758,0.00,0.0000,0.1085,0.1235,0.6422,1.0092,2.4301,5.6806,4.8186,,
38.9735,9,9,32.5528,71.5258,completed,81561.97,50307.39,-1.1758,0.00,0.0000,0.2430,0.4451,1.1932,2.2419,3.7208,1.1869,2.5119,2.9579,
47.8630,7,7,24.4107,72.2737,completed,81561.98,50307.39,-1.1765,0.00,0.0000,0.3183,0.4780,0.3954,1.6316,2.6496,4.4953,,,
55.5943,6,6,18.3726,73.9666,completed,81561.98,50307.39,-1.1765,0.00,0.0000,0.2020,0.1705,0.8022,2.6260,5.5364,,,,
36.1432,9,9,30.5592,66.7022,completed,81561.98,50307.40,-1.1771,0.00,0.0000,0.0770,0.2318,1.0146,1.8032,1.6615,3.4465,5.3331,4.8005,
31.2648,10,3,9.8621,41.1261,converged,81561.98,50307.40,-1.1771,0.00,0.0000,0.1355,0.0738,,,,,,,
39.7896,9,9,37.0150,76.8040,completed,81561.98,50307.40,-1.1777,0.00,0.0000,0.2060,0.3017,0.8135,1.2043,2.3303,0.7836,2.8870,3.3349,
32.4320,10,10,66.4600,98.8921,completed,81561.98,50307.40,-1.1777,0.00,0.0000,0.0698,0.1037,0.2023,0.8735,0.9760,0.8609,3.0085,4.0737,3.7695
20.4995,10,3,9.7760,30.2750,converged,81561.98,50307.40,-1.1782,0.00,0.0000,0.0499,0.0875,,,,,,,
31.0034,10,4,21.3428,52.3458,converged,81561.98,50307.40,-1.1782,0.00,0.0000,0.7386,0.7992,0.0633,,,,,,
33.0210,10,10,40.4709,73.4909,completed,81561.98,50307.40,-1.1785,0.00,0.0000,0.2203,0.2696,0.1678,0.4831,1.2366,0.6684,3.2599,3.8481,3.1795
59.1721,5,5,22.3711,81.5432,completed,81561.98,50307.40,-1.1785,0.00,0.0000,0.6708,1.5099,5.7797,4.2037,,,,,
27.5450,10,10,38.7000,66.2451,completed,81561.98,50307.40,-1.1789,0.00,0.0000,0.2994,0.7172,2.3575,2.7404,0.3980,2.4684,0.1089,0.5809,1.0777
33.4086,10,10,37.4905,70.8986,completed,81561.98,50307.40,-1.1789,0.00,0.0000,0.0994,0.4483,0.5282,2.0653,7.4134,1.2438,1.6728,1.9641,1.7338
48.7661,7,7,27.1883,75.9543,completed,81561.98,50307.40,-1.1795,0.00,0.0000,0.1414,0.4253,0.9407,5.3908,2.0919,2.1861,,,
33.7571,10,3,14.2144,47.9714,converged,81561.98,50307.40,-1.1795,0.00,0.0000,0.1339,0.0613,,,,,,,
30.2339,10,8,23.8482,54.0813,converged,81561.98,50307.41,-1.1801,0.00,0.0000,0.3084,0.3165,0.8357,1.7852,1.1456,1.8244,0.0676,,
35.0984,9,9,41.6555,76.7535,completed,81561.98,50307.41,-1.1801,0.00,0.0000,0.0699,0.4400,0.9152,4.0819,3.9991,2.0598,2.4212,2.0096,
48.0557,7,7,27.8199,75.8749,completed,81561.98,50307.41,-1.1809,0.00,0.0000,0.3485,1.1122,4.9918,4.5215,2.8470,2.4092,,,
24.6196,10,10,37.2272,61.8462,completed,81561.98,50307.41,-1.1809,0.00,0.0000,0.4112,1.1895,2.4932,4.8168,6.5026,1.6174,2.1089,2.3614,2.1200
59.3796,5,5,19.0652,78.4443,completed,81561.98,50307.41,-1.1819,0.00,0.0000,0.0922,1.8152,1.4752,0.1959,,,,,
39.4026,9,9,34.3785,73.7806,completed,81561.98,50307.41,-1.1819,0.00,0.0000,0.1105,0.3901,1.3024,4.1700,2.4895,0.8103,1.8813,1.7637,
33.6781,10,10,33.0149,66.6929,completed,81561.98,50307.41,-1.1832,0.00,0.0000,0.0708,0.7512,2.5900,5.6053,5.6143,1.9516,2.9426,2.8445,2.1850
42.1447,8,8,34.0734,76.2174,completed,81561.98,50307.41,-1.1832,0.00,0.0000,0.0636,0.9473,3.1048,6.1527,2.8868,2.6710,1.8956,,
47.6765,7,7,31.7626,79.4386,completed,81561.98,50307.41,-1.1849,0.00,0.0000,0.4122,2.2455,6.7885,4.0830,3.4327,2.8601,,,
32.1484,10,10,41.2334,73.3815,completed,81561.98,50307.41,-1.1849,0.00,0.0000,0.0685,0.4848,1.5509,3.9150,6.4656,1.3645,1.5560,2.2090,1.9449
25.4777,10,10,45.7850,71.2621,completed,81561.98,50307.42,-1.1867,0.00,0.0000,0.2286,1.0816,2.6482,5.8187,5.8934,1.6039,2.2418,2.6169,2.3369
57.3612,6,6,25.4750,82.8361,completed,81561.98,50307.42,-1.1867,0.00,0.0000,0.1024,0.5424,5.4151,1.8410,2.6778,,,,
45.0680,8,8,33.4007,78.4687,completed,81561.98,50307.42,-1.1885,0.00,0.0000,0.2894,1.3820,3.3112,7.9162,3.0502,3.1175,2.7117,,
33.5796,10,3,19.9209,53.5000,converged,81561.98,50307.42,-1.1885,0.00,0.0000,0.3013,0.0891,,,,,,,
26.5081,10,10,47.8058,74.3139,completed,81561.98,50307.42,-1.1903,0.00,0.0000,0.3269,0.2044,0.3498,0.3196,3.7114,1.3708,0.6600,1.2790,1.3424
29.0288,10,10,40.6074,69.6355,completed,81561.98,50307.42,-1.1903,0.00,0.0000,0.0875,0.3587,0.2178,1.2514,2.5379,0.7459,0.2659,0.9355,1.3154
41.5627,8,8,26.0079,67.5699,completed,81561.98,50307.42,-1.1926,0.00,0.0000,0.2817,0.1418,0.3340,7.0731,2.2044,2.4158,2.2469,,
29.5092,10,3,10.9798,40.4889,converged,81561.98,50307.42,-1.1926,0.00,0.0000,0.2059,0.0909,,,,,,,
29.8437,10,10,34.4596,64.3026,completed,81561.98,50307.42,-1.1943,0.00,0.0000,0.0868,0.3567,0.3740,1.8663,3.0596,0.2337,0.7545,1.2506,1.2842
32.8073,10,10,39.5178,72.3248,completed,81561.98,50307.42,-1.1943,0.00,0.0000,0.0692,0.5166,1.0986,3.5900,6.0027,1.9803,2.3747,2.1308,1.6596
33.9672,10,10,36.3809,70.3479,completed,81561.98,50307.42,-1.1961,0.00,0.0000,0.1406,0.6019,0.8867,3.5954,4.9799,1.9227,2.4160,2.4502,2.0373
39.6415,9,9,32.5080,72.1491,completed,81561.98,50307.42,-1.1961,0.00,0.0000,0.5372,0.9882,0.4850,2.7799,2.4974,1.1716,2.0851,1.8946,
36.0099,9,9,34.8881,70.8972,completed,81561.98,50307.42,-1.1984,0.00,0.0000,0.5683,0.8070,1.0144,1.2153,2.1012,0.6617,1.5607,2.0298,
46.0521,7,7,23.7857,69.8378,completed,81561.98,50307.42,-1.1984,0.00,0.0000,0.9045,0.6697,1.2827,5.2295,2.2489,2.4148,,,
55.5415,6,6,25.2423,80.7833,completed,81561.98,50307.43,-1.2005,0.00,0.0000,1.4560,0.1339,4.8022,2.2408,3.1391,,,,
28.8176,10,10,39.4857,68.3027,completed,81561.98,50307.43,-1.2005,0.00,0.0000,0.6944,1.0113,0.3214,0.9959,3.3858,1.0555,2.3568,2.3573,1.8329
31.6036,10,10,39.2675,70.8705,completed,81561.98,50307.43,-1.2047,0.00,0.0000,0.5793,0.5253,1.0577,4.1630,1.3947,0.4637,1.1257,1.7470,1.5445
41.0047,8,8,27.9006,68.9046,completed,81561.98,50307.43,-1.2047,0.00,0.0000,0.6885,0.9863,1.9054,4.1604,3.0766,5.0707,4.6140,,
51.8982,7,7,31.6024,83.5004,completed,81561.98,50307.43,-1.2083,0.00,0.0000,1.0753,0.4853,0.9813,0.6658,2.5123,3.1464,,,
46.2682,7,7,25.7147,71.9828,completed,81561.98,50307.43,-1.2083,0.00,0.0000,0.6825,0.6726,3.5201,1.2210,1.6436,2.2067,,,
41.4981,8,8,29.8450,71.3431,completed,81561.98,50307.44,-1.2104,0.00,0.0000,0.5774,0.5714,0.1955,2.0244,1.3014,3.8029,3.5022,,
43.0965,8,3,9.7575,52.8536,converged,81561.98,50307.44,-1.2104,0.00,0.0000,0.5377,0.0949,,,,,,,
50.2679,7,7,28.2437,78.5107,completed,81561.98,50307.44,-1.2116,0.00,0.0000,0.3345,3.3027,12.0037,5.4186,1.3335,0.8781,,,
55.4291,6,6,22.6455,78.0746,completed,81561.98,50307.44,-1.2116,0.00,0.0000,0.6208,4.5069,2.4004,1.0146,1.0546,,,,
26.5567,10,10,38.2297,64.7857,completed,81561.98,50307.45,-1.2131,0.00,0.0000,0.4752,0.6889,0.7668,2.0351,2.8938,2.0155,4.1282,4.3698,3.5526
23.6497,10,10,44.0523,67.7014,completed,81561.98,50307.45,-1.2131,0.00,0.0000,0.5655,0.5680,0.5739,3.0342,1.8547,0.4607,1.3342,2.0703,1.9433
22.8315,10,10,50.6191,73.4501,completed,81561.99,50307.45,-1.2145,0.00,0.0000,0.3633,0.1250,2.2825,6.9158,1.7572,0.4179,0.6097,1.6076,1.7030
33.8390,10,10,38.8062,72.6442,completed,81561.99,50307.45,-1.2145,0.00,0.0000,0.5135,0.8476,1.1341,2.6097,3.4315,2.9861,4.5266,4.0513,3.1935
51.3156,7,7,29.6483,80.9633,completed,81561.99,50307.45,-1.2162,0.00,0.0000,0.8036,0.4973,1.7842,1.9945,4.2052,4.4056,,,
59.4776,5,5,26.2204,85.6974,completed,81561.99,50307.45,-1.2162,0.00,0.0000,1.8644,2.7399,0.9027,2.1423,,,,,
56.2792,6,6,22.5211,78.8002,completed,81561.99,50307.45,-1.2178,0.00,0.0000,1.4471,1.3927,3.9281,3.7832,4.9694,,,,
30.4954,10,10,46.1682,76.6633,completed,81561.99,50307.45,-1.2178,0.00,0.0000,0.5097,0.3286,1.5677,1.8508,3.6578,0.2587,1.5025,1.7648,1.5317
38.4941,9,9,40.4380,78.9320,completed,81561.99,50307.45,-1.2195,0.00,0.0000,0.6996,0.6559,0.5483,2.0175,2.6701,2.9062,3.2670,2.5053,
49.2108,7,7,32.0209,81.2310,completed,81561.99,50307.45,-1.2195,0.00,0.0000,1.7335,2.5441,5.1072,4.5795,5.6534,5.4375,,,
49.4889,7,7,29.9348,79.4229,completed,81561.99,50307.46,-1.2210,0.00,0.0000,0.7550,1.1848,7.8025,2.7979,1.3884,1.6725,,,
22.2623,10,10,40.9897,63.2518,completed,81561.99,50307.46,-1.2210,0.00,0.0000,1.0412,1.1342,0.4572,2.2849,4.4135,2.0091,2.1342,2.2939,1.9335
39.0336,9,9,40.2832,79.3162,completed,81561.99,50307.46,-1.2226,0.00,0.0000,0.4709,0.3314,1.5638,0.7457,0.8119,1.1802,1.8777,1.6136,
47.1916,7,7,33.2882,80.4792,completed,81561.99,50307.46,-1.2226,0.00,0.0000,0.8330,0.8732,1.5439,2.7323,1.8552,2.0123,,,
24.7834,10,10,45.8928,70.6759,completed,81561.99,50307.46,-1.2242,0.00,0.0000,0.2424,0.1697,2.1815,7.9817,0.2943,0.4653,0.2268,0.7936,1.0160
57.3875,6,6,25.5751,82.9621,completed,81561.99,50307.46,-1.2242,0.00,0.0000,1.5949,0.7767,4.5231,2.4932,2.9900,,,,
51.7287,7,7,33.8869,85.6150,completed,81561.99,50307.46,-1.2266,0.00,0.0000,1.4094,0.6658,6.0641,1.1825,0.2905,1.0196,,,
29.6793,10,10,39.6107,69.2898,completed,81561.99,50307.46,-1.2266,0.00,0.0000,0.2184,0.3120,0.5049,0.1813,3.1508,1.5473,0.3732,1.2162,1.3790
43.9986,8,8,35.9002,79.8983,completed,81561.99,50307.46,-1.2286,0.00,0.0000,0.5605,0.4206,0.2150,4.8639,1.0167,1.9440,1.9706,,
38.1042,9,9,29.0188,67.1229,completed,81561.99,50307.46,-1.2286,0.00,0.0000,0.3940,0.8583,0.3395,1.8904,4.8310,1.6977,2.0577,1.8600,
37.7885,9,9,34.6700,72.4581,completed,81562.00,50307.47,-1.2301,0.00,0.0000,0.0637,0.2912,1.0986,1.3479,0.3452,0.3018,0.4694,0.8888,
24.7556,10,10,39.0314,63.7864,completed,81562.00,50307.47,-1.2301,0.00,0.0000,0.2245,0.5650,0.1633,0.2987,4.6165,2.8728,0.6974,1.5419,1.6361
42.4083,8,8,40.7769,83.1849,completed,81562.00,50307.47,-1.2334,0.00,0.0000,1.0077,0.8488,2.6027,5.5249,1.6308,2.2479,2.1569,,
55.3046,6,6,27.4732,82.7772,completed,81562.00,50307.47,-1.2334,0.00,0.0000,0.1440,2.3632,3.0337,1.6602,1.9493,,,,
29.5240,10,10,33.3763,62.9003,completed,81562.00,50307.47,-1.2378,0.00,0.0000,0.8762,0.7728,1.0224,3.9523,2.9053,0.9337,1.1932,1.8326,1.7226
46.3068,7,7,25.4044,71.7104,completed,81562.00,50307.47,-1.2378,0.00,0.0000,0.9256,0.2861,1.9637,1.5518,1.6554,2.4558,,,
43.6339,8,8,30.9216,74.5546,completed,81562.00,50307.47,-1.2409,0.00,0.0000,0.8798,1.0013,1.3824,2.2293,1.9740,4.5739,4.4665,,
56.9707,6,6,23.8869,80.8569,completed,81562.00,50307.47,-1.2409,0.00,0.0000,1.0402,0.2129,2.0557,3.4833,4.0014,,,,
54.4714,6,6,34.1956,88.6666,completed,81562.00,50307.47,-1.2420,0.00,0.0000,0.2004,7.9256,10.5733,3.4471,0.2017,,,,
51.8023,7,7,34.3272,86.1293,completed,81562.00,50307.47,-1.2424,0.00,0.0000,0.6105,0.8894,4.8797,1.0930,0.8766,1.7334,,,
59.4834,5,5,22.8746,82.3577,completed,81562.00,50307.47,-1.2424,0.00,0.0000,1.6081,4.9316,1.3509,1.9679,,,,,
45.8911,8,8,31.7683,77.6593,completed,81562.00,50307.47,-1.2435,0.00,0.0000,0.7214,0.6416,0.6867,1.4597,1.3296,3.3476,3.9414,,
53.2994,6,6,22.6189,75.9179,completed,81562.00,50307.47,-1.2435,0.00,0.0000,0.8617,1.2312,1.4778,1.3148,3.1180,,,,
27.3378,10,8,25.0869,52.4239,converged,81562.01,50307.47,-1.2447,0.00,0.0000,0.4774,0.2465,1.7765,8.9938,2.6917,0.3858,0.0672,,
46.5664,7,7,36.6151,83.1811,completed,81562.01,50307.47,-1.2447,0.00,0.0000,0.7818,0.8888,7.4401,1.4744,0.3849,1.6154,,,
52.1542,6,6,21.6054,73.7595,completed,81562.01,50307.48,-1.2457,0.00,0.0000,1.1501,1.0096,2.2666,3.8216,5.1859,,,,
27.0779,10,3,9.8445,36.9215,converged,81562.01,50307.48,-1.2457,0.00,0.0000,0.3802,0.0808,,,,,,,
56.3095,6,6,29.5788,85.8878,completed,81562.01,50307.48,-1.2465,0.00,0.0000,0.6708,4.5608,4.4958,1.9634,0.6337,,,,
21.3876,10,10,42.9354,64.3224,completed,81562.01,50307.48,-1.2465,0.00,0.0000,0.5309,0.5926,0.2231,0.3385,1.0220,1.4253,3.3800,3.2623,2.5015
49.9097,7,7,27.6903,77.5993,completed,81562.01,50307.48,-1.2473,0.00,0.0000,0.9237,0.8003,0.7948,1.6375,4.1775,4.4056,,,
38.5978,9,9,42.5655,81.1625,completed,81562.01,50307.48,-1.2473,0.00,0.0000,0.2526,0.8069,7.1852,11.8756,0.1130,1.2112,1.0316,1.1076,
35.7998,9,9,36.1118,71.9109,completed,81562.01,50307.48,-1.2495,0.00,0.0000,0.9219,0.8918,0.7904,0.6360,1.9572,1.3670,2.3852,2.1643,
38.8169,9,9,31.6532,70.4692,completed,81562.01,50307.48,-1.2495,0.00,0.0000,0.6274,1.2535,2.3394,3.9661,3.3699,5.3010,5.7499,4.5013,
39.4217,9,9,37.3876,76.8086,completed,81562.01,50307.49,-1.2506,0.00,0.0000,1.0102,0.8163,2.5809,2.3186,3.2040,0.5416,1.5521,1.5239,
22.8795,10,10,40.3807,63.2598,completed,81562.01,50307.49,-1.2506,0.00,0.0000,0.6852,0.4009,2.3993,7.4553,2.0040,5.3264,1.2621,0.7407,1.4169
45.0302,8,8,30.6705,75.7005,completed,81562.01,50307.49,-1.2516,0.00,0.0000,1.1765,1.5947,1.5171,5.2930,3.3301,4.6016,3.8015,,
21.2747,10,10,36.8638,58.1378,completed,81562.01,50307.49,-1.2516,0.00,0.0000,0.7780,0.8148,0.7257,2.5370,2.6707,0.7922,1.4428,1.7271,1.5256
38.8602,9,9,41.1267,79.9867,completed,81562.02,50307.49,-1.2528,0.00,0.0000,0.4245,0.3000,3.6302,2.0097,0.1158,0.5117,1.0753,1.1122,
20.2000,10,4,15.2106,35.4096,converged,81562.02,50307.49,-1.2528,0.00,0.0000,0.8830,1.2440,0.0257,,,,,,
46.0005,7,7,37.0910,83.0911,completed,81562.02,50307.49,-1.2541,0.00,0.0000,0.5209,1.1392,2.5474,3.9655,2.7342,2.2751,,,
39.7648,9,9,42.5290,82.2931,completed,81562.02,50307.49,-1.2541,0.00,0.0000,0.1118,0.1553,0.6789,0.2880,1.3673,0.2374,0.7117,0.9761,
59.0394,5,5,19.2857,78.3248,completed,81562.02,50307.49,-1.2578,0.00,0.0000,0.5030,0.2783,7.8434,4.4633,,,,,
29.4607,10,10,34.1605,63.6206,completed,81562.02,50307.49,-1.2578,0.00,0.0000,0.5900,1.1952,1.1773,0.3417,3.7263,1.4040,1.2184,1.7774,1.7086
45.6903,8,5,17.1766,62.8666,converged,81562.02,50307.49,-1.2607,0.00,0.0000,0.1446,1.6139,3.8043,0.0514,,,,,
32.8269,10,10,37.3783,70.2044,completed,81562.02,50307.49,-1.2607,0.00,0.0000,1.0996,1.7305,1.8737,2.7125,4.3003,2.5294,3.5659,3.4452,2.6770
36.8465,9,4,15.9583,52.8044,converged,81562.02,50307.50,-1.2624,0.00,0.0000,1.3073,1.6283,0.0334,,,,,,
27.6766,10,10,43.8936,71.5696,completed,81562.02,50307.50,-1.2624,0.00,0.0000,0.5166,0.1286,2.8209,6.0236,0.8874,1.3804,0.9795,1.1560,1.1264
22.0029,10,8,46.1825,68.1845,converged,81562.02,50307.50,-1.2655,0.00,0.0000,0.0799,1.4677,7.5165,7.3146,0.2885,0.6501,0.0328,,
40.9986,8,8,35.8296,76.8277,completed,81562.02,50307.50,-1.2655,0.00,0.0000,1.1507,0.4753,3.6674,1.1924,0.4978,1.7141,1.8498,,
33.8456,10,10,41.3382,75.1833,completed,81562.02,50307.50,-1.2688,0.00,0.0000,0.4531,0.3763,4.7513,9.3894,1.0524,1.1998,0.2144,0.6529,1.4911
25.9299,10,10,35.0590,60.9881,completed,81562.02,50307.50,-1.2688,0.00,0.0000,0.9764,0.9820,1.3137,4.8165,0.7746,0.3266,0.7775,1.3718,1.3590
59.5927,5,5,22.3472,81.9392,completed,81562.02,50307.51,-1.2702,0.00,0.0000,1.6444,7.3400,1.1117,1.0686,,,,,
29.2291,10,10,41.2690,70.4981,completed,81562.02,50307.51,-1.2702,0.00,0.0000,0.7960,0.7600,1.6158,4.9550,2.1250,1.3311,0.7539,1.3346,1.5098
24.8595,10,10,35.8676,60.7266,completed,81562.03,50307.51,-1.2710,0.00,0.0000,0.9704,1.2739,0.6215,1.5518,1.5379,1.5093,2.2147,2.6264,2.2598
25.0356,10,10,33.4369,58.4720,completed,81562.03,50307.51,-1.2710,0.00,0.0000,0.4615,0.2434,4.3165,6.5613,0.7943,1.4882,0.2747,1.1654,1.6696
55.5369,6,6,27.1047,82.6407,completed,81562.03,50307.51,-1.2717,0.00,0.0000,2.0303,1.3772,1.6041,0.3197,1.9318,,,,
57.9916,6,6,22.9770,80.9680,completed,81562.03,50307.51,-1.2717,0.00,0.0000,1.5702,0.6368,0.8721,0.8828,2.1619,,,,
52.9786,6,6,22.5973,75.5754,completed,81562.03,50307.51,-1.2723,0.00,0.0000,1.3948,1.2989,0.9875,1.4761,2.3258,,,,
54.7575,6,6,22.5529,77.3099,completed,81562.03,50307.51,-1.2723,0.00,0.0000,1.3069,1.2910,2.9972,2.4485,2.6529,,,,
32.8155,10,10,38.0677,70.8827,completed,81562.03,50307.52,-1.2729,0.00,0.0000,1.1659,1.5638,0.2518,1.8875,3.3826,1.3813,1.7556,2.0638,1.7995
31.9047,10,10,34.5641,66.4681,completed,81562.03,50307.52,-1.2729,0.00,0.0000,0.7613,0.9128,0.8352,2.3406,2.2923,1.0132,1.0402,1.6626,1.6781
59.0376,5,5,23.4097,82.4467,completed,81562.03,50307.52,-1.2743,0.00,0.0000,0.7249,8.5764,2.8854,0.3425,,,,,
49.6660,7,7,26.3677,76.0327,completed,81562.03,50307.52,-1.2743,0.00,0.0000,1.2191,0.6524,6.4093,1.8301,1.0481,0.9928,,,
21.6719,10,10,36.4277,58.0987,completed,81562.03,50307.53,-1.2765,0.00,0.0000,0.6785,0.9845,0.5690,0.6505,4.2832,2.2381,2.6541,2.7751,2.3231
31.9673,10,6,29.7023,61.6694,converged,81562.03,50307.53,-1.2765,0.00,0.0000,0.0675,0.7283,3.0071,2.6347,0.0382,,,,
41.5538,8,8,29.5366,71.0896,completed,81562.03,50307.53,-1.2784,0.00,0.0000,1.7093,2.2587,1.9308,3.6522,2.2717,3.4221,2.7972,,
53.2182,6,3,12.5424,65.7604,converged,81562.03,50307.53,-1.2784,0.00,0.0000,0.6184,0.0779,,,,,,,
48.5429,7,7,29.2774,77.8195,completed,81562.03,50307.53,-1.2824,0.00,0.0000,1.5460,2.4764,3.3853,4.4000,3.6668,3.3949,,,
50.6452,7,7,33.8975,84.5425,completed,81562.03,50307.53,-1.2824,0.00,0.0000,0.8365,1.5849,5.7704,3.2483,3.0870,2.9109,,,
38.1106,9,9,44.0046,82.1146,completed,81562.04,50307.54,-1.2839,0.00,0.0000,0.8613,1.1784,0.1291,1.9075,5.0383,1.4526,2.0781,2.0459,
51.1030,7,3,15.3371,66.4401,converged,81562.04,50307.54,-1.2839,0.00,0.0000,0.5763,0.0785,,,,,,,
24.4155,10,3,55.7637,80.1790,converged,81562.04,50307.54,-1.2847,0.00,0.0000,0.1341,0.0133,,,,,,,
56.2502,6,6,23.9744,80.2244,completed,81562.04,50307.54,-1.2847,0.00,0.0000,0.3106,0.1172,0.8101,1.9081,1.5841,,,,
39.1435,9,9,36.9433,76.0863,completed,81562.04,50307.55,-1.2862,0.00,0.0000,0.4846,0.8323,0.1816,0.3216,3.8732,1.3667,1.5971,1.6611,
39.9888,9,9,44.2246,84.2127,completed,81562.04,50307.55,-1.2862,0.00,0.0000,0.3525,0.7125,0.1454,0.4810,0.3058,0.2502,0.7179,1.0882,
50.3505,7,7,37.6844,88.0344,completed,81562.04,50307.56,-1.2877,0.00,0.0000,0.7669,2.7158,6.5728,3.8219,3.7062,3.0654,,,
49.4945,7,3,10.6034,60.0974,converged,81562.04,50307.56,-1.2877,0.00,0.0000,0.2747,0.0749,,,,,,,
55.4180,6,6,32.7153,88.1333,completed,81562.04,50307.56,-1.2901,0.00,0.0000,0.9489,2.0713,8.5006,3.9134,3.8298,,,,
35.2636,9,9,38.4919,73.7550,completed,81562.04,50307.56,-1.2901,0.00,0.0000,0.1646,0.4455,0.8016,5.4845,3.9437,0.7720,1.7148,1.9908,
49.7057,7,7,30.4613,80.1664,completed,81562.04,50307.56,-1.2925,0.00,0.0000,0.1431,0.5856,0.1826,6.1371,2.3792,2.1177,,,
29.6162,10,3,14.3515,43.9676,converged,81562.04,50307.56,-1.2925,0.00,0.0000,0.1309,0.0243,,,,,,,
48.9874,7,7,29.7803,78.7673,completed,81562.04,50307.57,-1.2927,0.00,0.0000,0.5482,0.7234,0.4999,3.0103,1.1571,1.9386,,,
39.4038,9,9,29.9127,69.3158,completed,81562.04,50307.57,-1.2927,0.00,0.0000,0.6372,1.4023,2.1783,4.3505,3.3932,1.2817,2.3044,2.2717,
35.0438,9,3,18.6286,53.6716,converged,81562.04,50307.57,-1.2933,0.00,0.0000,0.1354,0.0072,,,,,,,
24.0874,10,10,45.4341,69.5212,completed,81562.04,50307.57,-1.2933,0.00,0.0000,0.5260,1.1817,1.8191,3.2416,5.4186,2.9271,3.0291,2.6031,1.9701
54.6722,6,6,26.5499,81.2219,completed,81562.04,50307.57,-1.2933,0.00,0.0000,0.5592,0.2549,3.9978,2.0884,2.3476,,,,
37.7285,9,9,33.8202,71.5482,completed,81562.04,50307.57,-1.2933,0.00,0.0000,0.5149,0.9827,0.7107,3.0302,5.8813,1.9341,2.3718,2.1493,
49.0867,7,7,26.8511,75.9371,completed,81562.04,50307.57,-1.2933,0.00,0.0000,0.2405,0.3192,1.7478,1.8772,0.9720,1.2560,,,
42.6796,8,8,44.5233,87.2023,completed,81562.04,50307.57,-1.2933,0.00,0.0000,0.6788,1.5050,2.5533,5.9969,2.0893,2.8233,2.7781,,
56.4169,6,6,21.7432,78.1592,completed,81562.04,50307.57,-1.2933,0.00,0.0000,0.5570,1.0157,4.4694,2.7704,2.7340,,,,
29.8391,10,10,37.4105,67.2496,completed,81562.04,50307.57,-1.2933,0.00,0.0000,0.2797,0.6868,0.8510,1.3000,4.7811,0.7664,0.6162,1.7296,1.8509
45.3334,8,8,29.0685,74.4015,completed,81562.04,50307.57,-1.2933,0.00,0.0000,0.4753,1.2067,1.0093,2.8813,1.7396,1.4111,1.6930,,
58.3470,5,5,28.4921,86.8391,completed,81562.04,50307.57,-1.2933,0.00,0.0000,1.1756,3.4494,7.0016,4.7803,,,,,
45.8412,8,8,44.1435,89.9846,completed,81562.04,50307.57,-1.2933,0.00,0.0000,0.7080,1.8439,2.8574,7.7268,2.6937,2.9443,3.1203,,
46.2343,7,7,34.8548,81.0888,completed,81562.04,50307.57,-1.2933,0.00,0.0000,0.2373,0.6240,0.2075,1.1796,0.2751,1.2194,,,
41.9411,8,8,36.9782,78.9193,completed,81562.04,50307.57,-1.2933,0.00,0.0000,0.2926,0.8448,0.9923,1.9002,2.3245,1.4576,1.9077,,
22.2553,10,4,20.9883,43.3834,converged,81562.04,50307.57,-1.2933,0.00,0.0000,0.0839,0.1499,0.0450,,,,,,
47.6402,7,3,13.9035,61.5435,converged,81562.04,50307.57,-1.2933,0.00,0.0000,0.1736,0.0692,,,,,,,
21.2573,10,10,40.2122,61.4693,completed,81562.04,50307.57,-1.2933,0.00,0.0000,0.2799,0.5470,0.3516,0.1684,3.1939,0.9488,0.4534,1.1251,1.3734
25.9189,10,10,40.5702,66.4883,completed,81562.04,50307.57,-1.2933,0.00,0.0000,0.1714,0.4274,0.4776,0.5161,3.6816,2.2523,0.4909,1.3916,1.6595
54.7567,6,6,30.5302,85.2863,completed,81562.04,50307.57,-1.2933,0.00,0.0000,1.3518,4.4759,8.8899,3.6686,4.4630,,,,
49.5582,7,3,17.6557,67.2138,converged,81562.04,50307.57,-1.2933,0.00,0.0000,0.2601,0.0720,,,,,,,
29.6215,10,3,10.0011,39.6221,converged,81562.04,50307.57,-1.2933,0.00,0.0000,0.0265,0.0775,,,,,,,
22.2797,10,10,38.8526,61.1316,completed,81562.04,50307.57,-1.2933,0.00,0.0000,0.2442,0.3975,0.1076,1.0170,0.2753,0.4398,1.0955,0.9415,1.0307
35.6618,9,9,40.2190,75.8800,completed,81562.04,50307.57,-1.2933,0.00,0.0000,0.3097,0.6853,1.0391,2.8603,5.1635,1.6709,2.3194,2.3372,
57.0863,6,6,30.7867,87.8727,completed,81562.04,50307.57,-1.2933,0.00,0.0000,0.3768,0.4039,0.3073,1.0004,1.3605,,,,
51.2873,7,7,24.0275,75.3145,completed,81562.04,50307.57,-1.2933,0.00,0.0000,0.5183,0.7039,0.3782,3.5295,2.0807,2.0356,,,
43.4040,8,8,30.1149,73.5189,completed,81562.04,50307.57,-1.2933,0.00,0.0000,0.3425,0.6535,0.6165,1.4323,2.5701,1.7580,1.6831,,
26.3030,10,10,43.9470,70.2501,completed,81562.04,50307.57,-1.2933,0.00,0.0000,0.2661,0.4727,0.1079,1.1391,0.2601,0.3058,0.9556,0.9819,1.0734
20.8423,10,4,14.8109,35.6530,converged,81562.04,50307.57,-1.2933,0.00,0.0000,0.0957,0.1890,0.0373,,,,,,
23.9631,10,10,45.9685,69.9315,completed,81562.04,50307.57,-1.2933,0.00,0.0000,0.2826,0.6799,0.8379,0.3708,3.9530,3.4008,1.0444,1.8637,2.0372
35.5252,9,9,48.1476,83.6756,completed,81562.04,50307.57,-1.2933,0.00,0.0000,0.3801,0.8857,0.7980,1.1241,5.1590,1.2189,1.9131,2.1302,
29.6336,10,10,42.6163,72.2493,completed,81562.04,50307.57,-1.2933,0.00,0.0000,0.2087,0.4803,0.4823,0.6721,6.7923,3.7887,2.0069,2.2090,1.8937
51.1012,7,7,32.5248,83.6258,completed,81562.04,50307.57,-1.2933,0.00,0.0000,0.0969,0.6469,0.9289,0.3085,0.6451,1.3591,,,
28.7741,10,10,39.6035,68.3775,completed,81562.04,50307.57,-1.2933,0.00,0.0000,0.3281,0.8673,1.7429,2.6743,6.3971,2.5887,2.1913,2.6655,2.3400
47.6003,7,7,29.2918,76.8919,completed,81562.04,50307.57,-1.2933,0.00,0.0000,0.5085,0.5100,0.4761,0.2326,0.5424,1.1676,,,
50.9288,7,7,36.3583,87.2882,completed,81562.04,50307.57,-1.2933,0.00,0.0000,0.2138,1.0036,1.7222,6.1623,3.2556,2.8248,,,
37.5178,9,9,34.0831,71.6002,completed,81562.04,50307.57,-1.2933,0.00,0.0000,0.3541,0.9678,2.1576,4.5939,4.3003,2.1229,2.7386,2.2656,
32.9033,10,10,42.8489,75.7519,completed,81562.04,50307.57,-1.2933,0.00,0.0000,0.2948,0.7795,1.3904,3.2932,5.5212,0.9515,1.8983,2.2553,1.9701
27.5477,10,10,55.1203,82.6674,completed,81562.04,50307.57,-1.2933,0.00,0.0000,0.1444,0.2942,0.1078,0.1832,1.9569,0.7795,0.6134,1.0057,1.1776
48.7427,7,7,28.7357,77.4778,completed,81562.04,50307.57,-1.2933,0.00,0.0000,0.4623,1.0616,1.3251,3.9324,1.8695,2.2673,,,
33.2859,10,4,17.6839,50.9689,converged,81562.04,50307.57,-1.2933,0.00,0.0000,0.1810,0.2955,0.0828,,,,,,
37.4680,9,7,34.6927,72.1597,converged,81562.04,50307.57,-1.2933,0.00,0.0000,0.1645,0.1201,0.7058,0.2444,0.1269,0.0657,,,
21.9398,10,10,42.4819,64.4210,completed,81562.04,50307.57,-1.2933,0.00,0.0000,0.3462,0.6845,0.5266,0.2651,1.3888,1.6638,1.0049,1.3678,1.4631
31.2410,10,5,19.6930,50.9331,converged,81562.04,50307.57,-1.2933,0.00,0.0000,0.2040,0.4169,0.2735,0.0704,,,,,
25.4295,10,10,43.3631,68.7921,completed,81562.04,50307.57,-1.2933,0.00,0.0000,0.2215,0.5052,0.6141,1.6478,6.5872,2.5856,1.5400,2.2159,2.0558
38.5032,9,9,55.4811,93.9841,completed,81562.04,50307.57,-1.2933,0.00,0.0000,0.3183,0.5743,0.5492,0.8833,3.1493,0.9282,1.2421,1.4984,
20.5387,10,10,56.7941,77.3322,completed,81562.04,50307.57,-1.2933,0.00,0.0000,0.2999,0.6590,0.7205,1.0009,3.8295,2.0110,0.9681,1.6321,1.7154
39.1219,9,9,34.4086,73.5297,completed,81562.04,50307.57,-1.2933,0.00,0.0000,0.1697,0.2874,0.2082,0.6841,1.9220,1.1481,1.2955,1.3254,
59.6238,5,5,19.8784,79.5014,completed,81562.04,50307.57,-1.2933,0.00,0.0000,0.9262,2.5177,6.2075,4.1275,,,,,
36.9437,9,9,37.2663,74.2094,completed,81562.04,50307.57,-1.2933,0.00,0.0000,0.2651,0.3417,0.4396,1.0283,0.9653,0.8977,1.1183,1.2309,
23.2480,10,3,10.5543,33.8013,converged,81562.04,50307.57,-1.2933,0.00,0.0000,0.0227,0.0494,,,,,,,
37.7263,9,9,39.7794,77.5054,completed,81562.04,50307.57,-1.2933,0.00,0.0000,0.3475,0.8373,1.0582,2.6066,3.8682,0.7353,1.8421,1.9524,
32.4783,10,4,16.5764,49.0544,converged,81562.04,50307.57,-1.2933,0.00,0.0000,0.1289,0.2784,0.0296,,,,,,
36.3373,9,9,39.9787,76.3158,completed,81562.04,50307.57,-1.2933,0.00,0.0000,0.2519,0.6573,0.9088,3.0612,5.3628,1.2163,2.0204,2.3142,
25.9911,10,10,44.5619,70.5529,completed,81562.04,50307.57,-1.2933,0.00,0.0000,0.6828,1.5070,2.4562,3.1667,4.3028,1.1740,2.2352,2.3030,1.9330
25.5613,10,6,19.6583,45.2193,converged,81562.04,50307.57,-1.2933,0.00,0.0000,0.0530,0.2512,0.9824,0.7871,0.0532,,,,
29.3151,10,10,40.6601,69.9751,completed,81562.04,50307.57,-1.2933,0.00,0.0000,0.3210,0.6711,0.9509,1.8685,5.1449,1.2025,1.0819,1.7943,1.7699
23.6427,10,10,45.9694,69.6115,completed,81562.04,50307.57,-1.2933,0.00,0.0000,0.3952,0.8881,1.2207,1.9879,4.2403,1.4901,1.9054,1.9795,1.7594
32.1085,10,10,41.3536,73.4617,completed,81562.04,50307.57,-1.2933,0.00,0.0000,0.3460,0.8973,1.4467,2.2949,6.3579,3.0330,2.1508,2.2839,1.9437
30.0715,10,10,37.4070,67.4804,completed,81562.04,50307.57,-1.2933,0.00,0.0000,0.0921,0.1933,0.2664,0.3093,7.2208,3.0948,1.8169,2.2058,2.0428
53.6984,6,6,25.5872,79.2852,completed,81562.04,50307.57,-1.2933,0.00,0.0000,0.9326,3.4595,7.1286,2.9604,3.5021,,,,
21.0395,10,10,39.2987,60.3377,completed,81562.04,50307.57,-1.2933,0.00,0.0000,0.2648,0.6602,1.1329,1.9986,2.9716,1.4244,0.7609,1.7910,1.9303
55.8540,6,6,21.7237,77.5777,completed,81562.04,50307.57,-1.2933,0.00,0.0000,0.8838,1.0577,4.6304,2.9570,2.9877,,,,
50.5041,7,7,26.2858,76.7898,completed,81562.04,50307.57,-1.2933,0.00,0.0000,0.9054,2.8893,6.0199,4.1687,3.1767,3.2531,,,
29.6049,10,10,39.9666,69.5706,completed,81562.04,50307.57,-1.2933,0.00,0.0000,0.2827,0.6670,0.8885,1.0810,4.7932,2.4577,0.9587,1.8937,1.9687
