jitter_ms,planned_steps,actual_steps,denoise_ms,total_cycle_ms,stop_reason,ego_x,ego_y,ego_yaw,ego_vx,delta_0,delta_1,delta_2,delta_3,delta_4,delta_5,delta_6,delta_7,delta_8,delta_9
20.4362,10,3,15.7518,36.1879,converged,81377.36,49916.91,0.5890,0.00,0.0000,0.1056,0.0498,,,,,,,
37.7508,9,6,28.2777,66.0277,converged,81377.36,49916.91,0.5890,0.00,0.0000,0.2726,0.2347,0.3484,0.3210,0.0489,,,,
24.5737,10,10,50.5693,75.1423,completed,81377.36,49916.91,0.5890,0.00,0.0000,0.1734,0.2341,0.1277,1.0717,4.0211,3.3730,2.6598,2.7352,2.3674
41.9345,8,5,24.5855,66.5196,converged,81377.36,49916.91,0.5890,0.00,0.0000,0.0825,0.1275,1.0048,0.0486,,,,,
57.8752,6,6,26.7898,84.6649,completed,81377.36,49916.91,0.5890,0.00,0.0000,0.1257,0.4633,0.5269,0.2228,0.2155,,,,
42.3886,8,6,25.6246,68.0127,converged,81377.36,49916.91,0.5890,0.00,0.0000,0.4093,0.2870,0.3912,0.1909,0.0190,,,,
30.4810,10,4,21.9021,52.3831,converged,81377.36,49916.91,0.5890,0.00,0.0000,0.1410,0.1283,0.0541,,,,,,
40.0081,8,6,23.7127,63.7207,converged,81377.36,49916.91,0.5890,0.00,0.0000,0.5225,0.5533,0.7820,0.2513,0.0542,,,,
30.9100,10,6,21.7867,52.6957,converged,81377.36,49916.91,0.5890,0.00,0.0000,0.3323,0.1278,0.3783,0.9443,0.0168,,,,
28.4813,10,6,24.5832,53.0642,converged,81377.36,49916.91,0.5890,0.00,0.0000,0.2366,0.1367,0.3109,0.6154,0.0902,,,,
56.3835,6,5,23.1763,79.5594,converged,81377.36,49916.91,0.5890,0.00,0.0000,0.2169,0.2708,0.3194,0.0751,,,,,
42.6649,8,6,37.0029,79.6669,converged,81377.36,49916.91,0.5890,0.00,0.0000,0.2540,0.3132,0.4285,0.3345,0.0454,,,,
59.1967,5,5,26.7613,85.9574,converged,81377.36,49916.91,0.5890,0.00,0.0000,0.1666,0.8161,0.3578,0.0678,,,,,
42.8910,8,7,26.5914,69.4824,converged,81377.36,49916.91,0.5890,0.00,0.0000,0.3757,0.3544,0.4611,0.3098,0.1609,0.0422,,,
36.5762,9,9,38.6609,75.2369,completed,81377.36,49916.91,0.5890,0.00,0.0000,0.1188,0.2093,0.6222,0.5654,0.2328,0.2673,0.5006,1.0990,
54.3869,6,6,24.8647,79.2507,completed,81377.36,49916.91,0.5890,0.00,0.0000,0.3111,0.5939,0.1316,0.2327,0.8172,,,,
33.1619,10,3,11.2600,44.4210,converged,81377.36,49916.91,0.5890,0.00,0.0000,0.2179,0.0661,,,,,,,
22.3156,10,8,28.8899,51.2049,converged,81377.36,49916.91,0.5890,0.00,0.0000,0.3608,0.2825,0.4817,0.7314,0.1773,0.1288,0.0262,,
52.3358,6,6,28.1041,80.4391,completed,81377.36,49916.91,0.5890,0.00,0.0000,0.2911,0.7036,0.5477,0.3933,0.2200,,,,
50.6901,7,7,49.1810,99.8711,completed,81377.36,49916.91,0.5890,0.00,0.0000,0.4825,3.1652,6.3281,4.5383,4.0716,4.1892,,,
29.7562,10,9,39.2490,69.0051,converged,81377.36,49916.91,0.5890,0.00,0.0000,0.0664,0.3613,0.2551,1.4003,0.8100,0.8403,0.4911,0.0850,
46.8874,7,3,9.2078,56.0948,converged,81377.36,49916.91,0.5890,0.00,0.0000,0.0787,0.0807,,,,,,,
24.9287,10,8,34.4584,59.3864,converged,81377.36,49916.91,0.5890,0.00,0.0000,0.3180,0.1520,0.5876,1.1285,0.9691,0.1241,0.0900,,
57.8851,6,3,11.5107,69.3957,converged,81377.36,49916.91,0.5890,0.00,0.0000,0.2037,0.0293,,,,,,,
45.0147,8,8,36.3298,81.3438,completed,81377.36,49916.91,0.5890,0.00,0.0000,0.2705,1.7144,0.5803,6.2995,3.3250,3.6650,3.3344,,
22.1583,10,10,48.0004,70.1584,completed,81377.36,49916.91,0.5890,0.00,0.0000,0.1241,0.3697,0.8829,0.6625,1.8104,0.9500,2.2620,3.3544,3.4176
55.7178,6,6,22.8419,78.5589,completed,81377.36,49916.91,0.5890,0.00,0.0000,0.3207,0.6391,1.8930,1.4176,1.3053,,,,
46.3742,7,7,34.5812,80.9552,completed,81377.36,49916.91,0.5890,0.00,0.0000,0.1296,0.2506,0.8142,3.1441,1.6540,0.7269,,,
43.9426,8,8,34.3752,78.3172,completed,81377.36,49916.91,0.5890,0.00,0.0000,0.0996,0.2324,0.2357,0.4610,1.8013,3.2297,3.3420,,
51.5424,7,7,30.7568,82.2988,completed,81377.36,49916.91,0.5890,0.00,0.0000,0.0578,0.1809,0.6101,1.6241,0.4637,0.8238,,,
32.5118,10,10,38.1625,70.6735,completed,81377.36,49916.91,0.5890,0.00,0.0000,1.6321,4.2331,5.5662,4.3023,4.5648,3.0389,4.0224,4.0681,3.5436
59.5072,5,5,30.1359,89.6430,completed,81377.36,49916.91,0.5890,0.00,0.0000,0.8720,4.2063,1.2173,0.2466,,,,,
31.7958,10,10,51.6986,83.4937,completed,81377.36,49916.91,0.5890,0.00,0.0000,0.3543,0.2252,2.6400,2.9721,0.4357,0.3673,0.5572,0.2307,0.5912
26.4078,10,10,46.6478,73.0548,completed,81377.36,49916.91,0.5890,0.00,0.0000,0.2869,1.0441,1.4015,3.4448,0.1498,0.9591,0.5257,0.5650,1.0534
39.5724,9,8,34.1322,73.7042,converged,81377.36,49916.91,0.5890,0.00,0.0000,0.3715,0.6823,4.2927,1.2977,0.3200,0.4993,0.0835,,
30.0295,10,3,13.7984,43.8274,converged,81377.36,49916.91,0.5890,0.00,0.0000,0.5056,0.0618,,,,,,,
47.0221,7,7,32.0060,79.0326,completed,81377.36,49916.91,0.5890,0.00,0.0000,0.1041,0.5943,2.7837,1.2838,0.3993,0.2041,,,
51.3336,7,7,32.8797,84.2128,completed,81377.36,49916.91,0.5890,0.00,0.0000,0.8207,1.2974,3.2518,0.9761,1.6279,2.4475,,,
37.3227,9,7,28.8833,66.2054,converged,81377.36,49916.91,0.5890,0.00,0.0000,1.1672,1.4869,0.5961,0.4453,0.1009,0.0145,,,
48.0323,7,6,28.9988,77.0309,converged,81377.36,49916.91,0.5890,0.00,0.0000,1.3363,2.9717,1.1659,0.2288,0.0324,,,,
41.3792,8,7,35.3605,76.7395,converged,81377.36,49916.91,0.5890,0.00,0.0000,0.3910,1.0894,2.1083,0.5673,0.2076,0.0374,,,
39.3340,9,8,35.6643,74.9973,converged,81377.36,49916.91,0.5890,0.00,0.0000,0.6581,1.4358,2.8073,0.3831,0.5162,0.1342,0.0929,,
30.0528,10,10,50.1851,80.2372,completed,81377.36,49916.91,0.5890,0.00,0.0000,0.7919,2.3158,3.4786,2.0590,3.4811,1.9162,3.4790,3.3308,2.5557
58.0972,5,5,29.1504,87.2475,completed,81377.36,49916.91,0.5890,0.00,0.0000,2.0077,1.7884,3.3520,4.4232,,,,,
28.3898,10,8,35.8727,64.2617,converged,81377.36,49916.91,0.5890,0.00,0.0000,0.3931,0.4326,1.6366,0.8220,0.2890,0.4527,0.0751,,
45.9455,8,7,27.8547,73.7997,converged,81377.36,49916.91,0.5890,0.00,0.0000,0.0040,0.2362,4.4593,0.1089,0.8924,0.0649,,,
35.6583,9,9,35.1942,70.8522,completed,81377.36,49916.91,0.5881,0.00,0.0000,1.0997,3.1500,3.5808,4.3869,2.5027,3.4166,3.8619,3.1474,
39.1647,9,7,32.4612,71.6253,converged,81377.36,49916.91,0.5881,0.00,0.0000,0.7053,1.7639,2.4775,0.1991,0.7482,0.0983,,,
47.1286,7,7,27.9380,75.0660,completed,81377.36,49916.91,0.5880,0.00,0.0000,0.7005,1.1055,3.8300,0.5394,0.7461,1.1997,,,
46.9231,7,7,31.9491,78.8721,completed,81377.36,49916.91,0.5880,0.00,0.0000,0.8289,2.2965,1.0525,1.7037,3.1137,3.3499,,,
34.7905,9,9,31.6464,66.4364,completed,81377.37,49916.91,0.5875,0.00,0.0000,0.7640,2.3539,0.2159,3.8563,1.8287,1.5567,2.5307,2.5011,
22.4147,10,10,38.9605,61.3746,completed,81377.37,49916.91,0.5875,0.00,0.0000,0.8207,2.8927,5.1657,3.3541,4.8207,2.5157,3.3245,3.6226,3.1933
30.8740,10,10,46.7868,77.6598,completed,81377.37,49916.91,0.5872,0.00,0.0000,0.5302,0.7233,2.9319,2.3484,0.3197,0.7797,0.4164,0.1329,0.3084
58.6938,5,5,21.7656,80.4587,completed,81377.37,49916.91,0.5872,0.00,0.0000,5.4203,8.8956,6.9258,7.8362,,,,,
30.2365,10,10,45.9094,76.1455,completed,81377.38,49916.92,0.5850,0.00,0.0000,0.6546,1.5078,1.7143,1.1487,2.2285,0.9372,2.6974,3.4088,3.0946
30.0295,10,10,57.6267,87.6558,completed,81377.38,49916.92,0.5850,0.00,0.0000,0.1833,0.2438,3.6192,9.2171,1.5892,0.5088,0.1102,0.2732,0.4566
54.8714,6,6,25.5590,80.4301,completed,81377.42,49916.95,0.5827,0.19,0.0000,1.5964,1.4165,1.4286,2.9355,5.6325,,,,
43.4923,8,8,29.0102,72.5023,completed,81377.42,49916.95,0.5827,0.19,0.0000,0.2944,0.5222,12.5947,7.6199,1.1326,1.9802,2.6836,,
51.6980,7,7,29.0797,80.7767,completed,81377.49,49916.99,0.5823,0.35,0.0000,0.8957,1.1426,0.9683,1.7723,4.6423,5.6606,,,
46.2283,7,7,32.4740,78.7020,completed,81377.49,49916.99,0.5823,0.35,0.0000,0.8392,0.5044,2.6804,0.8101,3.4179,4.5155,,,
25.6518,10,10,35.6120,61.2631,completed,81377.60,49917.07,0.5861,0.48,0.0000,0.2070,0.1500,1.1118,9.9983,13.1522,0.7302,1.8148,2.4491,2.6976
42.2960,8,5,49.8004,92.0954,deadline,81377.60,49917.07,0.5861,0.48,0.0000,0.6403,0.9452,0.9149,0.5278,,,,,
36.5243,9,9,37.0597,73.5837,completed,81377.74,49917.16,0.5896,0.65,0.0000,0.5305,0.5738,0.5571,8.7807,11.3576,0.8984,1.9644,2.8785,
30.7964,10,10,45.7962,76.5922,completed,81377.74,49917.16,0.5896,0.65,0.0000,0.6671,0.9171,1.0227,0.7738,0.5024,2.5595,3.9904,5.1454,4.7482
34.6587,9,9,37.1865,71.8445,completed,81377.90,49917.26,0.5935,0.70,0.0000,0.5048,0.5177,0.1833,3.0794,1.4966,1.6039,4.1431,4.6972,
57.8624,6,6,26.5794,84.4415,completed,81377.90,49917.26,0.5935,0.70,0.0000,1.2012,1.5501,0.4556,2.8403,6.5312,,,,
35.5302,9,9,37.0584,72.5884,completed,81378.07,49917.39,0.5965,0.76,0.0000,0.7674,1.1071,1.2661,1.0145,1.1425,3.5290,5.5467,5.3234,
40.6797,8,8,33.7468,74.4258,completed,81378.07,49917.39,0.5965,0.76,0.0000,0.6767,0.6592,0.5355,2.8354,0.6489,4.0016,5.2441,,
51.4964,7,7,26.5086,78.0046,completed,81378.26,49917.51,0.5974,0.93,0.0000,1.3286,1.9174,2.2727,2.7022,5.4382,6.6635,,,
52.5394,6,6,21.9153,74.4544,completed,81378.26,49917.51,0.5974,0.93,0.0000,0.0874,3.5407,23.3836,6.9567,1.7064,,,,
58.6740,5,5,19.6075,78.2815,completed,81378.51,49917.68,0.5964,1.08,0.0000,0.7941,1.8890,2.9914,7.2193,,,,,
26.5155,10,10,36.3227,62.8377,completed,81378.51,49917.68,0.5964,1.08,0.0000,0.5546,0.6662,0.2654,0.9344,2.3386,0.4924,3.4035,4.8564,4.8451
58.8462,5,5,36.6115,95.4575,completed,81378.79,49917.87,0.5920,1.18,0.0000,0.6742,9.8636,7.7521,2.6693,,,,,
27.6636,10,10,41.9090,69.5721,completed,81378.79,49917.87,0.5920,1.18,0.0000,0.5809,1.2127,1.6789,1.8361,0.4655,2.7021,4.5541,5.7274,5.4297
51.6485,7,7,33.3236,84.9717,completed,81379.10,49918.08,0.5809,1.31,0.0000,0.9820,1.0350,0.3857,0.9541,4.4499,6.9936,,,
33.7002,10,10,42.5545,76.2546,completed,81379.10,49918.08,0.5809,1.31,0.0000,0.3045,0.3685,0.2182,0.3760,2.4032,0.6677,3.7854,5.1908,5.1163
46.2422,7,7,30.2484,76.4905,completed,81379.43,49918.30,0.5855,1.36,0.0000,0.5392,0.4403,0.5024,1.1139,5.2151,6.7811,,,
37.1764,9,9,36.4253,73.6014,completed,81379.43,49918.30,0.5855,1.36,0.0000,0.3745,0.4056,0.6590,0.6355,0.7484,3.3802,6.0687,6.1080,
34.3574,9,9,51.0311,85.4145,completed,81379.78,49918.53,0.5876,1.40,0.0000,0.2871,0.1040,0.7301,1.8202,2.3253,2.2276,5.4077,5.9595,
29.8937,10,10,53.6549,83.5479,completed,81379.78,49918.53,0.5876,1.40,0.0000,0.4019,0.2576,0.1109,0.5590,1.1203,0.8838,4.4796,5.7143,5.2605
27.9521,10,3,14.8607,42.8128,converged,81380.13,49918.77,0.5824,1.40,0.0000,0.1883,0.0837,,,,,,,
23.8281,10,10,57.6943,81.5223,completed,81380.13,49918.77,0.5824,1.40,0.0000,0.6438,0.9722,1.7146,2.4743,1.4593,3.5561,6.0893,6.0079,4.8237
37.8637,9,9,48.8282,86.6913,completed,81380.48,49919.00,0.5808,1.37,0.0000,0.1845,0.1554,0.8239,2.1704,2.0743,2.8253,5.5701,6.1445,
49.7416,7,7,31.6273,81.3683,completed,81380.48,49919.00,0.5808,1.37,0.0000,0.2053,0.1614,0.3851,0.8526,4.5157,7.1459,,,
31.8484,10,10,56.1918,88.0398,completed,81380.84,49919.23,0.5766,1.32,0.0000,0.4967,0.5019,0.7879,1.7498,0.5169,3.0376,5.5432,6.3995,5.2867
47.3958,7,7,31.8190,79.2140,completed,81380.84,49919.23,0.5766,1.32,0.0000,0.8552,0.7551,0.3014,1.5011,5.3732,7.1918,,,
49.2193,7,7,35.0821,84.3011,completed,81381.15,49919.44,0.5719,1.21,0.0000,0.5254,0.9563,1.9916,2.7547,6.2454,7.6725,,,
41.0762,8,8,40.0188,81.0948,completed,81381.15,49919.44,0.5719,1.21,0.0000,0.3128,0.2917,0.8956,1.5196,1.2728,5.5144,6.1146,,
21.1477,10,10,54.7008,75.8478,completed,81381.42,49919.61,0.5680,1.13,0.0000,0.2127,0.9122,1.9771,2.8810,5.0416,3.2950,3.3751,4.7282,4.4712
41.5592,8,8,28.6437,70.2027,completed,81381.42,49919.61,0.5680,1.13,0.0000,1.0650,0.6493,0.7364,2.0206,1.4729,5.1986,5.7603,,
42.7462,8,8,39.7749,82.5209,completed,81381.70,49919.79,0.5622,1.07,0.0000,0.5140,0.5403,1.6943,0.9872,3.3031,6.7867,7.0433,,
34.4954,9,9,45.7571,80.2521,completed,81381.70,49919.79,0.5622,1.07,0.0000,1.5727,1.7581,1.8200,0.3913,1.7684,4.3413,6.0711,5.9480,
39.0922,9,9,41.8247,80.9167,completed,81381.98,49919.96,0.5572,1.01,0.0000,0.0860,0.7529,1.2036,2.1684,1.2824,2.6894,5.8927,6.3102,
39.5117,9,9,36.7203,76.2313,completed,81381.98,49919.96,0.5572,1.01,0.0000,1.3068,1.9964,2.8763,1.9471,2.5444,4.5457,6.1523,5.7862,
22.7515,10,4,20.9436,43.6946,converged,81382.21,49920.10,0.5544,0.92,0.0000,0.1253,0.1222,0.0294,,,,,,
40.1598,8,8,38.2574,78.4164,completed,81382.21,49920.10,0.5544,0.92,0.0000,1.6569,2.0150,1.4094,4.1653,1.9561,3.8617,3.6565,,
43.1600,8,8,43.3906,86.5496,completed,81382.41,49920.22,0.5486,0.81,0.0000,0.5094,4.0992,14.0063,9.0625,2.9150,0.8155,1.9224,,
42.6969,8,8,43.6671,86.3631,completed,81382.41,49920.22,0.5486,0.81,0.0000,1.9218,3.1340,2.2941,1.7616,2.9264,4.9373,4.9489,,
34.1792,9,9,55.5979,89.7770,completed,81382.62,49920.36,0.5456,0.76,0.0000,0.7345,0.3091,2.6872,7.9651,3.8435,0.9361,3.5737,3.7045,
57.6030,6,6,22.4701,80.0731,completed,81382.62,49920.36,0.5456,0.76,0.0000,0.1731,5.8951,3.2075,1.9225,0.7730,,,,
33.3672,10,10,48.6570,82.0241,completed,81382.83,49920.49,0.5477,0.84,0.0000,1.1147,1.4216,0.7830,0.7773,1.1209,1.3408,4.2770,5.2440,4.9210
37.0649,9,3,12.6777,49.7418,converged,81382.83,49920.49,0.5477,0.84,0.0000,0.3162,0.0799,,,,,,,
22.0006,10,3,13.2472,35.2472,converged,81383.04,49920.61,0.5541,0.83,0.0000,0.4274,0.0214,,,,,,,
48.1926,7,3,8.6953,56.8874,converged,81383.04,49920.61,0.5541,0.83,0.0000,0.1235,0.0904,,,,,,,
22.7537,10,10,36.9079,59.6609,completed,81383.19,49920.71,0.5640,0.74,0.0000,0.4912,0.5632,0.7819,2.4397,0.9240,0.2783,0.8347,1.7155,2.1783
37.0103,9,9,36.6236,73.6336,completed,81383.19,49920.71,0.5640,0.74,0.0000,0.2062,0.2949,0.2625,0.8865,1.2062,1.3083,2.1800,2.5953,
40.7128,8,8,29.6734,70.3854,completed,81383.37,49920.81,0.5719,0.69,0.0000,0.3256,0.4067,2.0050,1.6945,0.7019,2.0250,2.4080,,
31.3415,10,3,10.6372,41.9782,converged,81383.37,49920.81,0.5719,0.69,0.0000,0.1041,0.0768,,,,,,,
44.5018,8,8,39.6960,84.1971,completed,81383.53,49920.92,0.5795,0.68,0.0000,0.3818,1.5370,3.3223,5.6325,4.6704,5.6861,5.2238,,
54.4427,6,6,22.7174,77.1594,completed,81383.53,49920.92,0.5795,0.68,0.0000,0.7095,1.1916,2.7545,2.8167,4.7588,,,,
52.8841,6,6,32.7434,85.6274,completed,81383.69,49921.02,0.5852,0.62,0.0000,0.8321,0.2467,0.9736,2.0141,4.2181,,,,
53.9112,6,6,32.5450,86.4560,completed,81383.69,49921.02,0.5852,0.62,0.0000,0.5598,0.3036,1.0817,1.8020,4.1705,,,,
23.7157,10,10,52.9820,76.6970,completed,81383.87,49921.14,0.5916,0.72,0.0000,0.5786,0.5947,0.2076,1.5039,0.5124,0.4906,1.5803,3.2666,3.3554
48.4649,7,7,27.9788,76.4428,completed,81383.87,49921.14,0.5916,0.72,0.0000,0.4425,0.1998,1.3739,0.5540,1.9904,3.8413,,,
49.1824,7,7,29.4888,78.6708,completed,81384.05,49921.26,0.5958,0.78,0.0000,0.3794,1.3331,5.1702,2.6778,0.6292,2.6479,,,
41.3604,8,8,27.5211,68.8811,completed,81384.05,49921.26,0.5958,0.78,0.0000,0.5039,0.1642,1.2667,0.5889,1.1814,3.6818,3.6120,,
26.5815,10,3,8.4443,35.0253,converged,81384.23,49921.38,0.5995,0.86,0.0000,0.2870,0.0577,,,,,,,
48.9388,7,7,41.3248,90.2629,completed,81384.23,49921.38,0.5995,0.86,0.0000,0.7578,0.7910,0.3934,1.5998,4.3336,4.8841,,,
48.0198,7,7,27.3582,75.3772,completed,81384.42,49921.51,0.6033,0.86,0.0000,0.1864,1.6549,3.8134,2.3892,1.0817,2.9564,,,
32.9255,10,10,41.6562,74.5812,completed,81384.42,49921.51,0.6033,0.86,0.0000,0.3235,0.1156,0.9847,2.8637,1.6830,0.7805,1.1946,2.8571,2.9329
33.5951,10,10,34.3601,67.9552,completed,81384.64,49921.67,0.6091,0.96,0.0000,0.4736,0.4640,0.2879,0.5704,1.8381,3.0368,4.0627,4.2970,3.7793
39.1438,9,9,35.7343,74.8774,completed,81384.64,49921.67,0.6091,0.96,0.0000,0.5863,0.3844,1.0290,0.4437,0.5084,3.1700,4.4721,4.1907,
56.1349,6,6,26.4562,82.5903,completed,81384.85,49921.81,0.6119,0.87,0.0000,0.7426,0.2859,2.7184,0.8422,4.3704,,,,
44.4365,8,8,39.7190,84.1551,completed,81384.85,49921.81,0.6119,0.87,0.0000,0.6787,0.2999,1.9884,0.5534,1.0567,3.3516,4.3057,,
28.2855,10,10,47.9802,76.2653,completed,81385.08,49921.97,0.6236,0.95,0.0000,0.7796,1.2626,1.2378,0.7379,2.9669,3.7078,4.3828,4.7341,4.2053
48.3274,7,7,33.6841,82.0111,completed,81385.08,49921.97,0.6236,0.95,0.0000,0.7966,0.9178,4.4326,4.1223,0.6549,2.6157,,,
40.4158,8,8,36.0742,76.4892,completed,81385.32,49922.14,0.6265,1.11,0.0000,1.3009,1.7080,0.9092,2.0939,5.0089,6.2635,6.0656,,
59.5144,5,5,19.5992,79.1132,completed,81385.32,49922.14,0.6265,1.11,0.0000,0.1167,7.0202,3.9683,1.2825,,,,,
49.6871,7,7,28.0312,77.7182,completed,81385.61,49922.34,0.6269,1.18,0.0000,1.2607,1.3011,1.1078,2.3554,4.7884,6.4085,,,
55.5309,6,6,20.5441,76.0742,completed,81385.61,49922.34,0.6269,1.18,0.0000,1.4054,1.0235,1.0401,3.6336,6.5623,,,,
46.8774,7,7,23.6771,70.5542,completed,81385.86,49922.52,0.6353,1.09,0.0000,0.8507,0.8064,5.3321,3.8833,2.8376,4.9227,,,
24.2981,10,10,38.1500,62.4480,completed,81385.86,49922.52,0.6353,1.09,0.0000,0.8739,1.3581,1.2885,0.4720,2.3702,3.0944,4.2885,5.1515,4.9831
20.7805,10,10,41.0286,61.8086,completed,81386.08,49922.69,0.6450,1.03,0.0000,0.7413,0.8671,0.1404,3.3639,4.6710,0.4284,2.3586,4.4649,5.2606
51.3863,7,7,48.8708,100.2569,completed,81386.08,49922.69,0.6450,1.03,0.0000,0.6225,0.1467,1.7966,1.8912,3.2027,5.0232,,,
54.6822,6,6,22.4919,77.1739,completed,81386.35,49922.89,0.6476,1.06,0.0000,1.4861,0.5801,2.3044,3.3165,7.0262,,,,
45.6606,8,8,37.1192,82.7793,completed,81386.35,49922.89,0.6476,1.06,0.0000,0.5117,0.5073,1.2433,2.4816,2.3366,4.1234,4.6840,,
40.8413,8,8,27.8434,68.6844,completed,81386.62,49923.09,0.6399,1.05,0.0000,1.8257,1.7036,0.7061,0.8706,4.0650,6.6478,6.7855,,
52.2490,6,6,25.9441,78.1921,completed,81386.62,49923.09,0.6399,1.05,0.0000,1.3706,1.0136,1.5387,3.2763,6.1988,,,,
22.4242,10,10,41.0006,63.4246,completed,81386.82,49923.24,0.6316,1.00,0.0000,1.4921,1.7221,1.2151,0.8389,2.0277,4.7085,5.5490,6.0861,5.5040
22.6088,10,10,41.1364,63.7444,completed,81386.82,49923.24,0.6316,1.00,0.0000,0.6644,0.7956,0.2051,1.1281,2.5296,2.0163,3.3355,4.1811,3.7983
54.7876,6,6,23.9731,78.7601,completed,81387.04,49923.39,0.6196,0.96,0.0000,2.1716,1.8737,0.7968,5.8066,8.3095,,,,
25.1753,10,10,43.5397,68.7147,completed,81387.04,49923.39,0.6196,0.96,0.0000,1.0421,1.3131,0.8695,0.4777,1.2222,3.5966,4.8707,5.4750,5.1849
58.0676,5,5,18.4974,76.5645,completed,81387.25,49923.54,0.6092,0.92,0.0000,2.4329,0.4580,1.9113,7.1424,,,,,
30.4094,10,10,42.4265,72.8355,completed,81387.25,49923.54,0.6092,0.92,0.0000,0.7434,1.0634,0.2969,1.6066,2.5539,2.0675,2.8919,4.3565,4.2671
34.9541,9,4,14.1956,49.1497,converged,81387.48,49923.69,0.5999,0.91,0.0000,0.7511,0.7136,0.0908,,,,,,
25.2076,10,3,10.3136,35.5206,converged,81387.48,49923.69,0.5999,0.91,0.0000,0.3928,0.0734,,,,,,,
43.0255,8,8,40.2336,83.2586,completed,81387.62,49923.79,0.5935,0.88,0.0000,0.2733,0.5132,0.2712,1.6963,1.0279,3.5888,5.2155,,
24.8098,10,6,33.5786,58.3877,converged,81387.62,49923.79,0.5935,0.88,0.0000,0.0695,0.4666,0.6864,0.1611,0.0686,,,,
42.4985,8,8,29.7131,72.2111,completed,81387.82,49923.92,0.5872,0.94,0.0000,0.6641,0.8591,1.2250,3.4481,0.8094,4.4297,5.4346,,
35.0466,9,9,38.6197,73.6657,completed,81387.82,49923.92,0.5872,0.94,0.0000,0.0906,0.4443,0.4498,0.2763,1.0337,4.0664,5.2823,5.0870,
25.4766,10,10,42.7457,68.2217,completed,81388.07,49924.08,0.5855,1.02,0.0000,1.3155,1.5241,1.0273,1.8831,1.2033,3.7557,5.3151,6.0438,5.7841
40.2056,8,8,30.1604,70.3655,completed,81388.07,49924.08,0.5855,1.02,0.0000,1.6199,2.1198,1.2948,1.8558,2.3586,4.3369,5.0761,,
25.3268,10,4,14.7881,40.1141,converged,81388.29,49924.23,0.5829,1.02,0.0000,1.0448,0.9554,0.0981,,,,,,
22.5475,10,10,46.6535,69.2005,completed,81388.29,49924.23,0.5829,1.02,0.0000,0.9749,1.0790,0.1459,1.2689,1.9329,1.7710,2.6631,3.8600,3.7223
21.1375,10,10,34.2073,55.3444,completed,81388.51,49924.38,0.5802,0.93,0.0000,1.4781,1.8899,1.4350,0.1901,1.1766,3.7167,5.0021,5.6455,5.5132
29.1990,10,10,53.8604,83.0595,completed,81388.51,49924.38,0.5802,0.93,0.0000,1.1426,1.5320,0.9641,0.8798,2.7184,2.9366,3.9577,4.0290,3.5160
43.7967,8,8,34.5276,78.3236,completed,81388.72,49924.51,0.5773,0.95,0.0000,0.9442,0.8434,1.3505,2.2384,3.4483,5.5028,6.0303,,
29.4347,10,10,55.5496,84.9836,completed,81388.72,49924.51,0.5773,0.95,0.0000,1.1925,1.4798,0.8017,1.1263,2.7321,2.0677,3.5052,4.3586,4.2023
49.9801,7,7,29.5086,79.4887,completed,81388.97,49924.68,0.5750,0.94,0.0000,1.4017,0.9249,2.5016,2.9893,6.1052,6.6511,,,
55.0010,6,6,24.6063,79.6073,completed,81388.97,49924.68,0.5750,0.94,0.0000,2.3926,2.1413,1.3919,4.3971,6.2559,,,,
25.3791,10,10,46.8375,72.2165,completed,81389.22,49924.84,0.5727,0.96,0.0000,1.6113,2.2356,1.9903,0.7117,3.9257,4.9575,5.5751,5.7661,5.3038
35.2698,9,9,34.5444,69.8135,completed,81389.22,49924.84,0.5727,0.96,0.0000,1.3498,1.5831,1.2197,1.1961,3.6747,4.7985,5.6069,5.4026,
21.0028,10,10,44.2496,65.2516,completed,81389.45,49924.99,0.5694,0.91,0.0000,0.8578,0.9658,0.2055,2.2519,2.3188,1.1291,3.7070,5.1646,5.0595
58.4593,5,5,22.0126,80.4717,completed,81389.45,49924.99,0.5694,0.91,0.0000,1.4848,3.4342,3.0454,3.4061,,,,,
44.3671,8,8,32.4048,76.7719,completed,81389.66,49925.12,0.5656,0.83,0.0000,0.8859,1.0807,0.2429,2.5146,2.8162,5.5602,6.2861,,
40.4090,8,8,35.8123,76.2214,completed,81389.66,49925.12,0.5656,0.83,0.0000,1.0562,1.0773,0.8902,2.1997,2.6721,4.6991,5.4522,,
56.0038,6,6,21.8167,77.8197,completed,81389.84,49925.24,0.5635,0.73,0.0000,0.8400,0.8211,4.1414,2.3839,5.5407,,,,
38.4352,9,9,37.4929,75.9280,completed,81389.84,49925.24,0.5635,0.73,0.0000,0.8138,0.7033,0.6602,3.3341,1.8780,0.6936,3.2363,3.8235,
20.9809,10,10,43.7280,64.7080,completed,81390.00,49925.34,0.5620,0.57,0.0000,0.5234,0.6462,0.3134,1.0371,2.4439,3.4603,5.2118,5.7530,5.1812
33.2740,10,10,33.6118,66.8849,completed,81390.00,49925.34,0.5620,0.57,0.0000,0.9072,1.2228,1.2991,1.3698,5.1461,5.2204,5.4648,5.6530,4.8013
43.5574,8,8,34.7118,78.2689,completed,81390.12,49925.41,0.5609,0.47,0.0000,0.7982,0.8723,0.8912,1.9939,2.7143,4.9896,6.0069,,
28.7850,10,10,35.1441,63.9281,completed,81390.12,49925.41,0.5609,0.47,0.0000,0.7106,0.7888,0.5121,0.5567,2.3691,3.4174,4.9083,5.7350,5.4187
49.6789,7,7,47.1328,96.8108,completed,81390.22,49925.48,0.5596,0.34,0.0000,0.8859,0.4048,2.9242,2.2493,4.8634,6.2522,,,
39.7940,9,4,17.6475,57.4416,converged,81390.22,49925.48,0.5596,0.34,0.0000,0.8054,0.9278,0.0711,,,,,,
52.3096,6,6,26.9429,79.2520,completed,81390.28,49925.51,0.5580,0.24,0.0000,1.2171,0.1624,2.8047,2.8036,6.0492,,,,
46.1045,7,7,32.9219,79.0260,completed,81390.28,49925.51,0.5580,0.24,0.0000,1.0678,0.6696,2.3556,1.8439,3.2777,4.7798,,,
43.6518,8,8,28.3697,72.0207,completed,81390.33,49925.55,0.5564,0.21,0.0000,1.0187,1.0803,0.4399,2.1491,3.6689,5.2382,5.4415,,
27.5459,10,10,35.8559,63.4009,completed,81390.33,49925.55,0.5564,0.21,0.0000,0.3186,0.1104,0.8460,2.8440,5.3021,1.7881,1.5408,2.7664,2.7113
48.9063,7,7,33.3301,82.2361,completed,81390.37,49925.57,0.5558,0.19,0.0000,0.7352,0.7007,1.5881,5.6081,6.6050,6.9363,,,
56.8310,6,6,27.1427,83.9727,completed,81390.37,49925.57,0.5558,0.19,0.0000,1.5184,2.0171,4.5684,6.2665,7.6047,,,,
20.0780,10,10,42.9459,63.0229,completed,81390.41,49925.60,0.5562,0.16,0.0000,0.5311,0.7379,0.5062,1.3774,2.0122,2.3287,3.8865,4.8285,4.9262
31.5778,10,10,39.7125,71.2895,completed,81390.41,49925.60,0.5562,0.16,0.0000,0.4102,0.5683,0.5727,0.1728,1.3357,2.9223,3.9725,4.7997,4.7724
44.7986,8,8,39.5978,84.3958,completed,81390.44,49925.62,0.5572,0.12,0.0000,0.4066,0.3975,0.9470,2.3076,2.7129,4.8638,5.4355,,
26.1654,10,10,47.5913,73.7564,completed,81390.44,49925.62,0.5572,0.12,0.0000,0.3130,0.4673,0.3721,0.2209,0.9301,2.6517,3.6015,4.2922,4.2830
39.8394,9,3,8.1951,48.0341,converged,81390.47,49925.63,0.5577,0.00,0.0000,0.1718,0.0879,,,,,,,
21.6128,10,10,40.6918,62.3039,completed,81390.47,49925.63,0.5577,0.00,0.0000,0.1448,0.2452,0.2558,0.2644,0.3517,2.3927,3.7334,4.1435,3.9421
41.7119,8,8,39.2775,80.9885,completed,81390.47,49925.64,0.5579,0.00,0.0000,0.0977,0.1585,0.7971,1.3894,1.1324,3.5490,4.2647,,
24.0134,10,10,34.6067,58.6197,completed,81390.47,49925.64,0.5579,0.00,0.0000,0.0862,0.1768,0.2341,0.3953,0.2795,2.6801,3.7219,4.1505,3.8811
25.9800,10,10,44.7964,70.7764,completed,81390.50,49925.66,0.5585,0.21,0.0000,0.0567,0.1069,0.3157,0.6287,1.0304,1.8004,3.1980,3.9024,3.6095
39.1273,9,6,22.6815,61.8085,converged,81390.50,49925.66,0.5585,0.21,0.0000,0.0930,0.1637,0.4047,1.0214,0.0739,,,,
29.3359,10,10,33.9362,63.2713,completed,81390.60,49925.72,0.5595,0.55,0.0000,0.1062,0.1870,0.1899,0.1226,0.7539,3.1565,4.0410,4.5843,4.2675
21.8450,10,10,39.8634,61.7075,completed,81390.60,49925.72,0.5595,0.55,0.0000,0.0647,0.1462,0.1951,0.3098,0.2464,2.1008,3.4316,4.1415,3.9782
24.0584,10,10,41.2137,65.2718,completed,81390.75,49925.81,0.5631,0.86,0.0000,0.1147,0.1855,0.1497,0.2832,0.5056,2.6106,3.7428,4.6206,4.3280
58.5727,5,5,33.0516,91.6236,completed,81390.75,49925.81,0.5631,0.86,0.0000,0.2626,0.4964,2.1234,5.0943,,,,,
49.3112,7,7,36.0080,85.3190,completed,81391.03,49926.00,0.5720,1.33,0.0000,0.2659,0.2015,1.6437,2.5478,4.6416,5.9166,,,
36.2293,9,3,9.3861,45.6152,converged,81391.03,49926.00,0.5720,1.33,0.0000,0.1036,0.0901,,,,,,,
27.7119,10,10,54.1982,81.9092,completed,81391.41,49926.24,0.5760,1.76,0.0000,0.3474,0.4735,0.2558,0.9648,1.3129,3.5168,4.7718,5.4864,4.9489
51.7985,7,7,27.3321,79.1301,completed,81391.41,49926.24,0.5760,1.76,0.0000,0.3333,0.1685,2.8292,0.8956,4.3439,6.2343,,,
55.4343,6,6,30.5822,86.0162,completed,81391.88,49926.54,0.5803,2.31,0.0000,0.6007,0.3998,3.7763,2.5469,6.0330,,,,
40.4405,8,8,26.4446,66.8847,completed,81391.88,49926.54,0.5803,2.31,0.0000,0.3627,0.2119,1.6485,2.0211,3.0838,5.4874,6.3136,,
57.6217,6,6,24.0460,81.6671,completed,81392.54,49926.98,0.5908,2.82,0.0000,0.8945,0.2408,2.9261,4.1963,7.0277,,,,
37.9400,9,9,34.0299,71.9699,completed,81392.54,49926.98,0.5908,2.82,0.0000,0.4993,0.5701,0.3308,3.7265,1.4505,3.2461,5.2259,5.7062,
55.4396,6,6,21.4592,76.8982,completed,81393.31,49927.50,0.5903,3.31,0.0000,1.1442,0.2610,2.3210,5.8828,8.2880,,,,
59.7495,5,5,28.4268,88.1758,completed,81393.31,49927.50,0.5903,3.31,0.0000,1.4052,0.9947,3.2053,7.9912,,,,,
27.0607,10,10,41.0668,68.1268,completed,81394.19,49928.09,0.5945,3.68,0.0000,0.4464,0.6640,0.2290,1.2763,2.2257,2.4637,3.9313,5.5766,5.2731
23.9363,10,10,36.7581,60.6942,completed,81394.19,49928.09,0.5945,3.68,0.0000,0.5619,0.8023,0.2026,1.2965,1.9206,2.3495,3.7278,5.8622,6.0289
58.0518,5,5,25.8348,83.8858,completed,81394.99,49928.64,0.6047,4.04,0.0000,1.5705,0.7807,4.7528,8.5985,,,,,
59.8230,5,5,18.3540,78.1770,completed,81394.99,49928.64,0.6047,4.04,0.0000,1.4707,0.8060,3.5621,8.0398,,,,,
35.1615,9,9,40.2855,75.4465,completed,81395.98,49929.33,0.6122,4.46,0.0000,0.7808,1.1786,0.2244,2.5474,2.1770,3.9687,6.2866,5.8331,
44.6624,8,8,27.9367,72.5987,completed,81395.98,49929.33,0.6122,4.46,0.0000,0.6906,1.0625,0.6299,3.2798,3.8972,6.2307,5.8329,,
49.0262,7,7,39.0609,88.0870,completed,81396.94,49930.02,0.6230,4.83,0.0000,1.2802,1.4836,2.1645,4.1001,7.0802,7.7393,,,
50.8455,7,7,37.5990,88.4441,completed,81396.94,49930.02,0.6230,4.83,0.0000,1.0174,1.3155,2.6701,3.2575,5.1980,6.4600,,,
48.9006,7,7,26.0421,74.9422,completed,81398.38,49931.07,0.6321,5.27,0.0000,1.2781,1.5659,1.7130,4.2370,7.0541,8.1076,,,
32.7979,10,10,33.0331,65.8302,completed,81398.38,49931.07,0.6321,5.27,0.0000,0.7781,1.2719,0.9412,1.7030,3.6448,3.9169,5.9294,5.9243,4.7659
41.7505,8,8,37.6901,79.4402,completed,81399.55,49931.94,0.6481,5.53,0.0000,0.7677,1.2512,0.4122,2.4806,4.8473,7.5780,6.8886,,
48.8794,7,7,33.4094,82.2884,completed,81399.55,49931.94,0.6481,5.53,0.0000,1.2418,1.8103,0.6806,6.2343,9.4987,8.8997,,,
42.5193,8,8,34.9166,77.4356,completed,81401.04,49933.09,0.6659,5.87,0.0000,0.6546,1.1504,0.4552,3.0095,4.7529,7.7486,7.3897,,
32.4660,10,10,56.8064,89.2714,completed,81401.04,49933.09,0.6659,5.87,0.0000,0.5314,0.9629,0.5644,1.1418,1.9763,5.1297,7.0795,6.9487,5.5013
52.9564,6,6,32.6955,85.6515,completed,81402.45,49934.22,0.6837,6.18,0.0000,1.1008,1.5661,1.5862,7.5249,10.2567,,,,
53.0634,6,6,23.4339,76.4969,completed,81402.45,49934.22,0.6837,6.18,0.0000,0.9055,0.8882,2.6816,6.5816,9.0906,,,,
23.3423,10,10,39.9191,63.2612,completed,81403.77,49935.31,0.6976,6.44,0.0000,0.2801,0.7018,0.7392,0.4989,0.5363,3.4654,5.8014,7.4538,6.3141
32.4143,10,10,45.0360,77.4500,completed,81403.77,49935.31,0.6976,6.44,0.0000,0.3186,0.8241,0.9744,0.5887,1.6630,4.0821,6.5300,7.0076,5.6577
47.9044,7,7,27.0227,74.9267,completed,81405.10,49936.45,0.7146,6.71,0.0000,0.5254,1.5203,2.1105,5.3529,9.0372,8.5056,,,
23.0793,10,10,52.6144,75.6934,completed,81405.10,49936.45,0.7146,6.71,0.0000,0.1334,0.5337,0.5366,0.7454,1.4020,2.9902,6.3957,6.8587,5.4904
38.8973,9,9,39.0046,77.9017,completed,81406.66,49937.81,0.7226,7.02,0.0000,0.3015,1.0992,1.9210,2.2289,4.6053,6.4624,8.9488,8.3105,
56.1013,6,6,40.6926,96.7936,completed,81406.66,49937.81,0.7226,7.02,0.0000,0.6497,0.9619,2.0933,6.1081,9.2257,,,,
37.5586,9,9,34.0545,71.6125,completed,81408.42,49939.37,0.7320,7.36,0.0000,0.5894,1.3589,1.4162,1.1868,1.3928,5.0950,7.4659,6.0989,
27.7146,10,10,50.5586,78.2726,completed,81408.42,49939.37,0.7320,7.36,0.0000,0.4085,0.9013,0.9909,0.6675,2.0860,4.2880,7.1773,7.0424,5.5197
33.6165,10,10,44.8153,78.4313,completed,81409.97,49940.77,0.7356,7.65,0.0000,0.4274,1.0072,1.2680,1.3988,4.0322,6.5017,8.1020,8.5387,6.7329
44.7340,8,8,40.5009,85.2350,completed,81409.97,49940.77,0.7356,7.65,0.0000,0.5826,1.2891,1.1242,2.1524,6.1886,9.1491,7.7494,,
43.3847,8,8,43.2405,86.6245,completed,81411.69,49942.32,0.7382,7.96,0.0000,0.4764,1.5147,1.1588,2.1595,2.5259,7.7159,7.6556,,
31.9722,10,10,61.8440,93.8161,completed,81411.69,49942.32,0.7382,7.96,0.0000,0.3040,0.8343,1.1874,1.6814,2.1811,4.7363,7.8598,7.9798,6.2490
45.0907,8,8,33.9744,79.0645,completed,81413.70,49944.15,0.7424,8.29,0.0000,0.4867,1.2864,0.7669,1.8559,1.6049,6.7879,8.3046,,
38.2186,9,9,47.8715,86.0896,completed,81413.70,49944.15,0.7424,8.29,0.0000,0.2016,0.7964,0.7239,1.1913,1.0896,4.5174,7.4330,6.3143,
43.3276,8,8,44.0291,87.3562,completed,81415.76,49946.03,0.7427,8.50,0.0000,0.1856,0.7663,1.3226,0.8608,4.6454,8.9264,8.2685,,
55.5492,6,6,41.3548,96.9038,completed,81415.76,49946.03,0.7427,8.50,0.0000,0.3783,1.3431,1.2542,6.0461,9.7863,,,,
54.5845,6,6,33.2937,87.8778,completed,81417.89,49947.98,0.7401,8.62,0.0000,0.4492,1.8028,3.5086,8.3463,11.2447,,,,
37.2855,9,9,39.9115,77.1965,completed,81417.89,49947.98,0.7401,8.62,0.0000,0.0882,0.5151,0.5406,1.0931,1.5348,6.2993,8.4746,6.8306,
52.6330,6,6,26.1766,78.8097,completed,81420.02,49949.92,0.7400,8.67,0.0000,0.1216,2.2264,7.3240,9.4426,10.3598,,,,
29.1731,10,10,53.4492,82.6223,completed,81420.02,49949.92,0.7400,8.67,0.0000,0.2208,0.1654,0.5852,1.7856,3.5225,1.2092,6.2022,7.4534,6.0166
20.0809,10,10,43.9033,63.9833,completed,81421.84,49951.59,0.7369,8.67,0.0000,0.5388,0.1533,0.3116,1.0545,4.0447,3.0559,7.6038,6.9172,5.5045
41.8023,8,8,38.9497,80.7517,completed,81421.84,49951.59,0.7369,8.67,0.0000,0.2466,1.2649,3.3719,5.9466,8.2669,8.5531,6.9489,,
43.8591,8,8,30.5660,74.4251,completed,81423.84,49953.39,0.7309,8.65,0.0000,0.6678,0.4797,1.2148,4.2391,2.8395,7.6651,7.8540,,
37.0377,9,9,42.9777,80.0147,completed,81423.84,49953.39,0.7309,8.65,0.0000,0.1975,0.1039,0.4824,2.5035,1.5203,6.9645,7.5484,6.1146,
34.6553,9,9,31.2917,65.9468,completed,81425.59,49954.96,0.7306,8.64,0.0000,0.6274,0.3520,0.8184,2.4082,1.6689,6.9561,6.5867,5.3632,
44.6628,8,8,35.8719,80.5339,completed,81426.45,49955.73,0.7285,8.63,0.0000,0.3722,0.1562,0.3595,1.7611,3.8868,8.3521,8.7576,,
48.8877,7,7,36.1595,85.0465,completed,81426.45,49955.73,0.7285,8.63,0.0000,0.9475,0.6442,1.8180,1.8391,7.8125,7.0794,,,
39.6244,9,9,42.5950,82.2191,completed,81428.39,49957.45,0.7212,8.62,0.0000,0.2999,0.6921,3.4964,12.4927,10.7514,6.2865,6.7226,5.9378,
44.1349,8,8,36.1437,80.2777,completed,81428.39,49957.45,0.7212,8.62,0.0000,0.0836,0.1276,0.9153,4.3918,5.2656,7.9216,6.4999,,
35.0254,9,9,36.6797,71.7047,completed,81430.33,49959.15,0.7141,8.62,0.0000,0.2137,0.2218,0.9266,2.2148,0.9939,5.5028,8.0598,6.6495,
25.3234,10,10,44.3969,69.7199,completed,81430.33,49959.15,0.7141,8.62,0.0000,0.9108,0.6723,0.5806,1.1371,2.7435,3.1971,6.7634,7.1907,5.7371
58.6014,5,5,18.9469,77.5479,completed,81432.29,49960.84,0.7062,8.62,0.0000,0.4619,0.7107,6.1463,10.6543,,,,,
45.6572,8,8,32.3995,78.0565,completed,81432.29,49960.84,0.7062,8.62,0.0000,1.7492,1.4222,2.2261,4.8581,6.4303,8.7220,7.8222,,
27.6207,10,10,44.7387,72.3587,completed,81434.05,49962.33,0.6975,8.62,0.0000,0.0212,0.1531,0.3671,2.2786,9.1335,8.8905,6.2397,6.3987,5.6860
55.1230,6,6,34.4555,89.5785,completed,81434.05,49962.33,0.6975,8.62,0.0000,0.5012,5.0603,12.0810,7.3753,8.1639,,,,
32.4758,10,10,45.3575,77.8325,completed,81436.03,49963.99,0.6873,8.62,0.0000,0.3237,0.2781,0.5659,3.6766,9.7431,5.1717,5.4631,5.6785,4.8704
21.3404,10,10,44.7157,66.0557,completed,81436.03,49963.99,0.6873,8.62,0.0000,1.1805,1.4387,0.3253,3.0719,5.9980,3.5971,4.6325,5.4664,4.8785
24.3214,10,10,56.8424,81.1634,completed,81437.92,49965.54,0.6765,8.62,0.0000,0.6290,0.6702,0.3211,2.1545,5.3182,5.8878,6.2468,6.0276,5.0638
36.8306,9,9,32.7392,69.5692,completed,81437.92,49965.54,0.6765,8.62,0.0000,0.2682,0.2741,2.3505,8.2542,6.9427,5.8354,6.2163,5.3506,
54.4518,6,6,30.1975,84.6485,completed,81439.81,49967.04,0.6642,8.61,0.0000,0.4794,0.8978,3.2610,6.4157,9.4201,,,,
50.3606,7,7,24.9149,75.2749,completed,81439.81,49967.04,0.6642,8.61,0.0000,1.3408,1.5609,0.8035,4.0118,8.0455,8.6319,,,
54.7599,6,6,30.3743,85.1334,completed,81441.84,49968.62,0.6486,8.60,0.0000,0.8488,3.7768,2.6726,4.5405,8.9463,,,,
58.7654,5,5,17.9623,76.7273,completed,81441.84,49968.62,0.6486,8.60,0.0000,1.1783,0.9114,6.1057,10.4051,,,,,
22.4982,10,10,35.0880,57.5860,completed,81443.69,49970.01,0.6357,8.58,0.0000,0.2953,0.5038,0.9195,0.3399,2.7598,4.6417,7.3097,6.9863,5.5430
31.4312,10,10,40.0258,71.4568,completed,81443.69,49970.01,0.6357,8.58,0.0000,0.3415,0.4552,0.4534,1.1653,4.6267,5.3543,7.1538,6.6529,5.4267
24.4392,10,10,34.8661,59.3051,completed,81445.53,49971.36,0.6252,8.54,0.0000,0.2533,0.4216,0.9643,0.6927,1.0483,2.5626,6.1783,7.1958,6.0835
51.7743,7,7,26.6204,78.3944,completed,81445.53,49971.36,0.6252,8.54,0.0000,0.5236,0.1404,3.7471,7.4152,9.4338,8.0537,,,
21.2684,10,3,15.1537,36.4218,converged,81447.35,49972.67,0.6210,8.53,0.0000,0.0993,0.0890,,,,,,,
44.2187,8,8,28.8172,73.0352,completed,81447.35,49972.67,0.6210,8.53,0.0000,0.3657,0.3484,1.0703,5.1404,7.1225,8.5794,7.2072,,
59.3297,5,5,35.9456,95.2747,completed,81449.22,49974.01,0.6183,8.51,0.0000,2.4567,5.4583,1.8606,7.6917,,,,,
51.0641,7,7,29.7438,80.8078,completed,81449.22,49974.01,0.6183,8.51,0.0000,0.7708,1.1959,5.5017,6.0662,7.7092,7.0362,,,
45.8227,8,8,38.1181,83.9401,completed,81451.50,49975.64,0.6150,8.49,0.0000,0.6779,0.9228,0.2333,1.7500,4.3564,7.0304,6.6633,,
39.7349,9,9,35.6827,75.4167,completed,81451.50,49975.64,0.6150,8.49,0.0000,0.9246,1.1172,0.1179,2.1990,3.1912,5.3155,6.4758,5.6291,
29.2940,10,10,37.4636,66.7577,completed,81453.37,49976.96,0.6093,8.47,0.0000,0.5865,0.8686,0.9264,0.6639,1.3297,4.1116,6.1199,5.6710,4.7034
52.9892,6,6,25.4537,78.4427,completed,81453.37,49976.96,0.6093,8.47,0.0000,1.4980,0.6358,3.4222,6.0621,8.1507,,,,
43.8168,8,8,50.0351,93.8511,completed,81455.46,49978.41,0.6046,8.46,0.0000,0.3597,0.5496,0.3828,1.5803,5.0708,7.5037,6.5372,,
43.6831,8,8,36.9925,80.6756,completed,81455.46,49978.41,0.6046,8.46,0.0000,0.8045,0.7498,1.3047,4.1967,5.1883,7.1574,6.2310,,
42.6643,8,8,29.8346,72.4986,completed,81457.54,49979.85,0.6039,8.46,0.0000,0.3424,0.5844,0.6602,1.5794,5.0520,7.4727,6.6714,,
20.7275,10,10,51.6614,72.3884,completed,81457.54,49979.85,0.6039,8.46,0.0000,0.7658,1.1744,1.4875,1.0632,1.3765,3.8175,5.5192,6.2298,5.4782
47.1486,7,7,25.7503,72.8983,completed,81459.64,49981.29,0.5988,8.46,0.0000,0.5711,1.7688,2.8423,2.3282,6.2307,8.3589,,,
26.3003,10,10,52.3096,78.6096,completed,81459.64,49981.29,0.5988,8.46,0.0000,0.5556,0.9763,1.5078,1.0698,1.3116,3.9224,5.2541,6.3538,5.7032
24.4411,10,10,45.2955,69.7367,completed,81461.53,49982.57,0.5954,8.47,0.0000,0.3461,0.6060,1.1788,1.3902,2.2509,4.4273,6.0120,6.2032,5.3564
57.0310,6,3,15.1059,72.1370,converged,81461.53,49982.57,0.5954,8.47,0.0000,0.6494,0.0939,,,,,,,
55.1765,6,6,39.6284,94.8044,completed,81463.49,49983.89,0.5881,8.48,0.0000,0.0868,0.3229,3.1681,7.3213,8.6042,,,,
50.8020,7,7,37.4747,88.2758,completed,81463.49,49983.89,0.5881,8.48,0.0000,0.9773,1.3804,0.9510,5.4666,6.9518,7.3215,,,
35.5740,9,3,11.7607,47.3338,converged,81465.97,49985.53,0.5847,8.50,0.0000,0.0257,0.0974,,,,,,,
46.2148,7,7,33.2256,79.4397,completed,81465.97,49985.53,0.5847,8.50,0.0000,1.3841,4.6917,5.9969,2.9323,7.2823,7.5211,,,
37.4218,9,9,56.3413,93.7624,completed,81467.74,49986.70,0.5787,8.50,0.0000,0.1045,0.3249,0.3374,0.7071,4.3214,6.4665,7.2819,6.1709,
25.7029,10,3,10.3445,36.0465,converged,81467.74,49986.70,0.5787,8.50,0.0000,0.0943,0.0546,,,,,,,
26.0210,10,10,43.4130,69.4340,completed,81469.40,49987.78,0.5759,8.50,0.0000,0.1697,0.1165,0.1499,0.7720,2.0936,4.3761,6.2736,6.1303,5.1898
37.7925,9,9,41.7063,79.4983,completed,81469.40,49987.78,0.5759,8.50,0.0000,0.8394,0.9746,0.2119,2.3992,5.6584,5.8219,6.8585,6.1277,
38.6314,9,9,39.1463,77.7774,completed,81471.45,49989.09,0.5673,8.50,0.0000,0.2361,0.6344,1.4738,1.9331,3.6534,6.0491,7.1533,6.2789,
29.3215,10,10,43.5016,72.8226,completed,81471.45,49989.09,0.5673,8.50,0.0000,0.5784,0.7392,0.1023,3.2760,5.0918,4.9224,6.2863,6.1033,5.2518
55.1136,6,6,21.5010,76.6140,completed,81473.60,49990.46,0.5619,8.49,0.0000,0.0543,0.1525,1.3395,7.6253,8.6606,,,,
49.7264,7,7,35.4316,85.1576,completed,81473.60,49990.46,0.5619,8.49,0.0000,0.6105,0.4126,3.9416,6.7682,8.0074,8.1281,,,
47.6009,7,7,39.8020,87.4021,completed,81475.74,49991.79,0.5530,8.49,0.0000,0.2825,0.5237,0.8341,3.4986,7.2165,8.0888,,,
22.2755,10,10,63.1241,85.3992,completed,81475.74,49991.79,0.5530,8.49,0.0000,0.4445,0.6852,0.6430,1.4870,6.0635,4.6569,5.8676,6.1942,5.4102
58.0352,5,5,19.7207,77.7558,completed,81478.15,49993.26,0.5371,8.48,0.0000,0.3076,1.0130,6.1651,10.1223,,,,,
28.4961,10,10,43.2759,71.7719,completed,81478.15,49993.26,0.5371,8.48,0.0000,0.7547,1.3955,2.4021,0.8083,5.9510,5.5417,5.6215,6.6501,6.1125
24.6025,10,3,11.9699,36.5719,converged,81480.34,49994.55,0.5211,8.47,0.0000,0.0358,0.0549,,,,,,,
50.9170,7,7,29.9508,80.8668,completed,81480.34,49994.55,0.5211,8.47,0.0000,1.2812,2.9896,1.3157,6.2864,7.0413,8.3717,,,
32.9925,10,3,12.3260,45.3181,converged,81482.17,49995.59,0.5100,8.46,0.0000,0.0427,0.0648,,,,,,,
57.3115,6,6,23.0937,80.4047,completed,81482.17,49995.59,0.5100,8.46,0.0000,0.5757,0.3786,4.4453,8.3050,9.6039,,,,
48.3958,7,7,27.0483,75.4433,completed,81484.01,49996.62,0.5065,8.46,0.0000,0.2596,0.4302,0.7381,4.0602,7.0670,8.2085,,,
47.1341,7,7,34.6325,81.7665,completed,81484.01,49996.62,0.5065,8.46,0.0000,0.7678,0.4223,3.0389,5.9782,8.3636,8.9615,,,
33.7190,10,10,35.0139,68.7329,completed,81486.23,49997.84,0.4955,8.45,0.0000,0.2625,0.2441,0.2853,0.6172,1.3719,3.7344,6.4917,6.6178,5.5399
29.8998,10,10,46.4532,76.3522,completed,81486.23,49997.84,0.4955,8.45,0.0000,0.5218,0.4976,0.2449,1.1235,3.2630,4.5651,6.4041,6.9520,6.0829
29.4876,10,10,42.8585,72.3455,completed,81488.35,49998.96,0.4756,8.45,0.0000,0.1126,0.1461,0.1434,0.9403,0.9889,3.1497,5.6976,6.5351,5.8276
30.8362,10,3,11.4671,42.3031,converged,81488.35,49998.96,0.4756,8.45,0.0000,0.0600,0.0377,,,,,,,
57.6822,6,6,38.0878,95.7699,completed,81490.19,49999.90,0.4613,8.45,0.0000,0.0726,0.7015,1.7059,4.9780,8.5983,,,,
44.6438,8,8,41.7624,86.4055,completed,81490.19,49999.90,0.4613,8.45,0.0000,0.2415,0.7648,2.9101,3.2952,4.6125,6.8510,6.4840,,
52.7626,6,6,27.0807,79.8428,completed,81492.62,50001.09,0.4480,8.44,0.0000,0.0639,0.6581,2.3775,7.5215,9.2461,,,,
47.8487,7,7,41.7649,89.6129,completed,81492.62,50001.09,0.4480,8.44,0.0000,0.1091,0.6672,2.0892,6.0722,9.1094,8.8091,,,
24.5658,10,10,46.8386,71.4036,completed,81495.04,50002.25,0.4369,8.44,0.0000,0.1080,0.2530,0.1808,1.6495,1.2372,3.5710,6.3130,7.0501,5.9618
31.4636,10,10,37.3695,68.8325,completed,81495.04,50002.25,0.4369,8.44,0.0000,0.0516,0.2576,0.2252,1.4933,0.9644,4.1756,7.0502,6.9165,5.7576
52.9713,6,6,25.1910,78.1620,completed,81497.04,50003.17,0.4241,8.43,0.0000,0.0565,0.2190,0.7464,5.3076,8.7317,,,,
49.1768,7,7,30.4279,79.6039,completed,81497.04,50003.17,0.4241,8.43,0.0000,0.0502,0.6751,1.4337,4.2773,8.3380,8.9840,,,
52.6486,6,6,32.2854,84.9335,completed,81499.12,50004.10,0.4081,8.42,0.0000,0.1316,0.2566,1.2423,6.9110,9.1453,,,,
54.6275,6,6,20.9779,75.6049,completed,81499.12,50004.10,0.4081,8.42,0.0000,0.2474,0.9526,2.6869,5.9839,9.3451,,,,
34.1202,9,9,38.2183,72.3383,completed,81501.44,50005.10,0.3980,8.41,0.0000,0.1113,0.3017,0.3316,0.8679,4.3051,7.8185,8.1225,6.3433,
27.7893,10,10,48.1471,75.9361,completed,81501.44,50005.10,0.3980,8.41,0.0000,0.1753,0.3379,0.5594,2.0102,1.6068,3.9294,6.4045,7.2464,6.2492
57.9100,6,6,25.3010,83.2100,completed,81503.77,50006.07,0.3844,8.40,0.0000,0.0384,0.9690,1.3595,6.6581,9.8683,,,,
59.5054,5,5,28.9368,88.4419,completed,81503.77,50006.07,0.3844,8.40,0.0000,0.4190,1.2144,6.3301,11.1544,,,,,
28.7416,10,10,41.0677,69.8088,completed,81506.10,50007.00,0.3708,8.39,0.0000,0.1527,0.2453,0.2117,1.5434,2.0465,5.4018,7.3798,7.8534,6.5552
51.7851,7,7,33.7396,85.5247,completed,81506.10,50007.00,0.3708,8.39,0.0000,0.4202,0.9048,3.0434,1.8589,7.3841,7.4534,,,
29.1000,10,10,46.0725,75.1715,completed,81508.21,50007.81,0.3613,8.39,0.0000,0.1921,0.3057,0.1787,1.8681,1.1276,4.5468,7.4156,7.2611,6.0511
27.5268,10,10,39.1602,66.6863,completed,81508.21,50007.81,0.3613,8.39,0.0000,0.1463,0.3375,0.2181,1.4440,1.9174,4.9375,7.4586,7.4032,5.9239
32.1337,10,10,58.1404,90.2735,completed,81510.26,50008.58,0.3525,8.38,0.0000,0.2008,0.3628,0.5676,0.5324,2.1709,5.5030,7.5014,7.5884,6.1677
44.5836,8,8,39.6037,84.1867,completed,81510.26,50008.58,0.3525,8.38,0.0000,0.3490,0.6315,2.0513,3.5553,6.7224,9.2800,8.6132,,
22.9005,10,3,19.0646,41.9646,converged,81512.78,50009.49,0.3418,8.38,0.0000,0.0768,0.0191,,,,,,,
38.1375,9,9,36.0611,74.1981,completed,81513.83,50009.87,0.3348,8.38,0.0000,0.2997,0.3355,0.3390,1.7022,2.1834,5.4868,8.3196,7.6294,
27.4843,10,10,47.5514,75.0355,completed,81513.83,50009.87,0.3348,8.38,0.0000,0.2438,0.1892,0.5730,1.2522,2.7487,4.4806,7.3491,7.5589,6.2725
31.8711,10,10,48.6946,80.5657,completed,81516.10,50010.64,0.3207,8.37,0.0000,0.1553,0.5336,0.7101,1.4336,1.7597,3.4118,7.2019,7.4960,6.1132
48.5611,7,7,32.9530,81.5140,completed,81516.10,50010.64,0.3207,8.37,0.0000,0.5733,0.7252,1.2529,4.9855,9.5779,9.7734,,,
41.8979,8,8,29.2575,71.1546,completed,81518.47,50011.43,0.3154,8.36,0.0000,0.3364,0.6439,1.9011,3.6401,7.3132,9.1963,8.1400,,
42.0668,8,8,29.5277,71.5937,completed,81518.47,50011.43,0.3154,8.36,0.0000,0.0268,0.1522,0.3806,0.9190,6.2537,9.0399,7.5972,,
58.1395,5,5,21.3089,79.4479,completed,81520.69,50012.14,0.3037,8.35,0.0000,0.2846,0.8468,7.9415,12.0413,,,,,
50.0453,7,7,26.6932,76.7382,completed,81520.69,50012.14,0.3037,8.35,0.0000,0.1501,0.4114,2.0787,3.0861,8.9362,8.6999,,,
46.5343,7,7,24.8007,71.3348,completed,81523.09,50012.88,0.2892,8.36,0.0000,0.3121,0.5155,2.7915,7.1982,10.4450,9.3507,,,
54.9730,6,6,20.3937,75.3668,completed,81523.09,50012.88,0.2892,8.36,0.0000,0.4458,1.0940,2.7550,8.6393,10.4902,,,,
27.7845,10,10,34.0384,61.8225,completed,81525.09,50013.46,0.2825,8.38,0.0000,0.2123,0.2955,0.5521,1.1817,1.4181,3.6095,7.3521,7.4894,6.0093
30.2456,10,10,55.9072,86.1522,completed,81525.09,50013.46,0.2825,8.38,0.0000,0.3055,0.4033,0.5257,1.8979,6.8030,9.9035,8.9234,7.2836,5.6245
34.3648,9,9,40.1760,74.5400,completed,81527.51,50014.15,0.2703,8.39,0.0000,0.0669,0.1435,0.3380,0.7906,3.2235,6.2031,8.6987,7.8562,
34.1485,9,3,17.4140,51.5621,converged,81527.51,50014.15,0.2703,8.39,0.0000,0.0633,0.0709,,,,,,,
52.1950,6,6,29.8138,82.0088,completed,81529.67,50014.74,0.2614,8.39,0.0000,0.1046,0.1144,2.2887,8.1770,11.0343,,,,
53.6257,6,6,27.5678,81.1928,completed,81529.67,50014.74,0.2614,8.39,0.0000,0.0722,0.1050,1.6338,6.8571,10.4557,,,,
44.0098,8,3,11.2143,55.2234,converged,81531.96,50015.33,0.2518,8.38,0.0000,0.0707,0.0809,,,,,,,
46.2962,7,7,24.1288,70.4248,completed,81531.96,50015.33,0.2518,8.38,0.0000,0.1179,0.2432,1.1899,4.2213,9.5343,10.0761,,,
20.9305,10,10,38.9714,59.9015,completed,81533.85,50015.83,0.2505,8.38,0.0000,0.0570,0.1435,0.3820,1.2392,3.3530,7.8938,8.5863,7.7340,6.0680
53.7297,6,6,25.2999,79.0289,completed,81533.85,50015.83,0.2505,8.38,0.0000,0.1156,0.4065,1.9572,8.6367,11.1625,,,,
35.4767,9,3,11.6240,47.1000,converged,81536.17,50016.41,0.2411,8.38,0.0000,0.0143,0.0361,,,,,,,
37.2282,9,9,33.1562,70.3842,completed,81536.17,50016.41,0.2411,8.38,0.0000,0.0553,0.1073,0.1597,1.0166,3.8626,8.2386,9.0168,7.2250,
49.1936,7,7,30.1664,79.3594,completed,81537.92,50016.85,0.2336,8.37,0.0000,0.0468,0.2562,0.6786,1.8907,8.2680,9.9246,,,
27.0741,10,3,20.7098,47.7838,converged,81537.92,50016.85,0.2336,8.37,0.0000,0.0131,0.0137,,,,,,,
36.8601,9,9,44.2401,81.1001,completed,81540.25,50017.40,0.2264,8.38,0.0000,0.0177,0.1231,0.3645,0.7792,0.7478,4.5642,8.1617,8.3957,
41.0074,8,8,37.5523,78.5594,completed,81540.25,50017.40,0.2264,8.38,0.0000,0.1783,0.4300,0.5325,1.3676,4.0481,8.9149,8.8657,,
28.3624,10,3,17.7714,46.1335,converged,81542.53,50017.92,0.2173,8.38,0.0000,0.0537,0.0145,,,,,,,
21.1921,10,4,17.7719,38.9640,converged,81542.53,50017.92,0.2173,8.38,0.0000,0.0523,0.1180,0.0342,,,,,,
28.1997,10,3,11.1982,39.3972,converged,81544.45,50018.34,0.2114,8.35,0.0000,0.0726,0.0583,,,,,,,
59.4081,5,5,21.6132,81.0212,completed,81544.45,50018.34,0.2114,8.35,0.0000,0.1176,0.6909,2.9916,10.0999,,,,,
25.2093,10,10,61.3341,86.5431,completed,81546.63,50018.80,0.2060,8.35,0.0000,0.0458,0.1908,0.7429,0.6161,0.9391,1.2867,5.2761,8.0965,7.3972
43.2443,8,8,32.3510,75.5950,completed,81546.63,50018.80,0.2060,8.35,0.0000,0.2271,0.2685,1.3715,2.5934,5.0577,8.7521,9.4830,,
29.4059,10,3,14.8198,44.2248,converged,81549.08,50019.30,0.2003,8.34,0.0000,0.0911,0.0931,,,,,,,
58.3376,5,5,23.3943,81.7313,completed,81549.08,50019.30,0.2003,8.34,0.0000,0.2899,1.2631,4.6332,10.6622,,,,,
35.0189,9,3,12.5411,47.5591,converged,81550.89,50019.66,0.1950,8.33,0.0000,0.0387,0.0705,,,,,,,
52.8756,6,6,22.6019,75.4769,completed,81550.89,50019.66,0.1950,8.33,0.0000,0.5185,0.1145,2.8370,5.8141,10.5606,,,,
49.9218,7,7,41.1113,91.0324,completed,81553.18,50020.11,0.1913,8.33,0.0000,0.1101,0.1062,0.4923,2.8497,9.0874,10.2484,,,
55.6276,6,6,23.0976,78.7247,completed,81553.18,50020.11,0.1913,8.33,0.0000,0.1322,0.4401,2.3505,7.0801,11.5143,,,,
54.4276,6,6,21.4181,75.8451,completed,81555.63,50020.58,0.1888,8.33,0.0000,0.2490,0.3046,0.8629,5.9183,10.8478,,,,
45.0565,8,3,9.8448,54.9008,converged,81555.63,50020.58,0.1888,8.33,0.0000,0.0851,0.0806,,,,,,,
34.5873,9,9,29.6932,64.2802,completed,81557.67,50020.97,0.1834,8.33,0.0000,0.0888,0.1066,0.1439,0.3665,0.9592,5.3909,8.9385,7.8617,
31.0028,10,3,12.9339,43.9359,converged,81557.67,50020.97,0.1834,8.33,0.0000,0.0818,0.0873,,,,,,,
48.1367,7,7,29.8336,77.9697,completed,81559.72,50021.35,0.1806,8.33,0.0000,0.1271,0.1298,0.3028,1.2213,6.5014,9.8649,,,
57.2603,6,6,23.9817,81.2417,completed,81559.72,50021.35,0.1806,8.33,0.0000,0.0940,0.3593,1.0740,5.6057,10.8198,,,,
50.4020,7,7,25.2530,75.6540,completed,81562.17,50021.81,0.1835,8.33,0.0000,0.0395,0.1470,0.3586,1.1381,7.2563,9.8214,,,
37.7564,9,9,33.7728,71.5289,completed,81562.17,50021.81,0.1835,8.33,0.0000,0.0356,0.1164,0.3193,0.8772,0.1466,3.5709,7.9255,8.1406,
58.3921,5,5,25.4950,83.8870,completed,81564.51,50022.24,0.1805,8.35,0.0000,0.0226,0.7092,0.8126,9.3308,,,,,
37.3549,9,9,41.6493,79.0033,completed,81564.51,50022.24,0.1805,8.35,0.0000,0.0147,0.1445,0.4716,0.5786,1.2223,2.9702,7.5359,8.2904,
39.3539,9,3,9.6391,48.9921,converged,81566.94,50022.68,0.1768,8.38,0.0000,0.0668,0.0203,,,,,,,
24.7379,10,3,11.4547,36.1918,converged,81566.94,50022.68,0.1768,8.38,0.0000,0.0336,0.0173,,,,,,,
35.9985,9,3,11.5131,47.5112,converged,81568.76,50023.01,0.1736,8.39,0.0000,0.0597,0.0150,,,,,,,
55.3343,6,3,11.0413,66.3753,converged,81568.76,50023.01,0.1736,8.39,0.0000,0.0414,0.0632,,,,,,,
21.9418,10,3,9.5716,31.5126,converged,81570.82,50023.37,0.1764,8.40,0.0000,0.0364,0.0274,,,,,,,
38.0417,9,3,8.1067,46.1477,converged,81570.82,50023.37,0.1764,8.40,0.0000,0.0617,0.0432,,,,,,,
56.5785,6,6,28.8110,85.3891,completed,81572.47,50023.67,0.1777,8.40,0.0000,0.0161,0.2111,0.3041,4.6343,10.2448,,,,
34.7913,9,3,9.4285,44.2196,converged,81572.47,50023.67,0.1777,8.40,0.0000,0.0155,0.0329,,,,,,,
43.6442,8,3,9.4342,53.0783,converged,81574.71,50024.07,0.1780,8.40,0.0000,0.0404,0.0606,,,,,,,
40.2863,8,4,13.1332,53.4192,converged,81574.71,50024.07,0.1780,8.40,0.0000,0.0583,0.1297,0.0635,,,,,,
51.8034,7,7,35.0140,86.8170,completed,81576.86,50024.46,0.1818,8.40,0.0000,0.0078,0.1232,0.5509,0.1865,6.6287,9.6642,,,
22.6745,10,10,36.4167,59.0908,completed,81576.86,50024.46,0.1818,8.40,0.0000,0.0600,0.1298,0.2279,0.8270,1.5621,2.1905,4.2146,7.5236,7.8535
31.7295,10,3,10.1102,41.8392,converged,81579.09,50024.87,0.1821,8.39,0.0000,0.0233,0.0943,,,,,,,
41.3143,8,3,10.6092,51.9232,converged,81579.09,50024.87,0.1821,8.39,0.0000,0.0391,0.0389,,,,,,,
35.9697,9,3,9.9071,45.8761,converged,81580.99,50025.22,0.1827,8.39,0.0000,0.0183,0.0273,,,,,,,
48.7153,7,7,30.5163,79.2314,completed,81580.99,50025.22,0.1827,8.39,0.0000,0.0130,0.1861,1.7200,1.2217,7.1156,9.4967,,,
31.2722,10,3,10.1821,41.4542,converged,81582.97,50025.59,0.1818,8.38,0.0000,0.0069,0.0279,,,,,,,
23.7228,10,3,8.9444,32.6665,converged,81582.97,50025.59,0.1818,8.38,0.0000,0.0481,0.0146,,,,,,,
55.1998,6,6,35.2184,90.4174,completed,81584.62,50025.89,0.1842,8.37,0.0000,0.0210,0.3187,1.2598,4.4268,10.0933,,,,
32.5471,10,3,17.7951,50.3421,converged,81584.62,50025.89,0.1842,8.37,0.0000,0.0233,0.0310,,,,,,,
54.9224,6,6,22.8742,77.7963,completed,81586.93,50026.32,0.1812,8.36,0.0000,0.0469,0.2997,1.0062,4.7876,10.3118,,,,
44.4355,8,3,11.7088,56.1438,converged,81586.93,50026.32,0.1812,8.36,0.0000,0.0287,0.0823,,,,,,,
57.2222,6,6,32.6465,89.8685,completed,81589.24,50026.75,0.1850,8.36,0.0000,0.0640,0.2643,0.7607,5.3366,10.4445,,,,
34.6667,9,9,35.9500,70.6161,completed,81589.24,50026.75,0.1850,8.36,0.0000,0.0786,0.1788,0.5497,1.2919,1.2849,4.0334,8.2608,8.3981,
24.7622,10,3,13.6097,38.3717,converged,81591.33,50027.14,0.1835,8.35,0.0000,0.0397,0.0604,,,,,,,
49.0505,7,7,34.3001,83.3501,completed,81591.33,50027.14,0.1835,8.35,0.0000,0.1648,0.3026,1.8601,1.8238,6.9127,9.9252,,,
34.6407,9,9,43.6535,78.2936,completed,81593.66,50027.57,0.1819,8.34,0.0000,0.0638,0.1485,0.2774,0.8400,1.0491,4.9079,8.9292,8.5177,
35.7748,9,9,33.0389,68.8129,completed,81593.66,50027.57,0.1819,8.34,0.0000,0.1195,0.1684,0.1860,0.6792,1.6759,6.8730,9.4652,7.6836,
29.5063,10,10,42.0273,71.5333,completed,81595.97,50027.99,0.1797,8.33,0.0000,0.0523,0.1221,0.3006,1.0437,1.8552,1.4788,6.4012,8.0734,6.6728
44.6378,8,8,26.0072,70.6442,completed,81595.97,50027.99,0.1797,8.33,0.0000,0.1185,0.1235,0.3548,0.8453,5.0732,10.0592,9.3799,,
44.2092,8,8,33.5208,77.7299,completed,81598.02,50028.36,0.1786,8.33,0.0000,0.0662,0.1936,0.3533,0.5200,3.8012,9.1550,9.1669,,
53.1186,6,6,22.2454,75.3634,completed,81598.02,50028.36,0.1786,8.33,0.0000,0.2371,0.5795,1.3475,3.7498,10.1177,,,,
45.5981,8,8,36.9047,82.5027,completed,81600.48,50028.81,0.1786,8.33,0.0000,0.0654,0.2367,0.3460,0.7294,4.0412,8.5154,9.0201,,
32.5056,10,3,9.7926,42.2976,converged,81600.48,50028.81,0.1786,8.33,0.0000,0.0879,0.0973,,,,,,,
59.0200,5,5,18.0881,77.1081,completed,81602.69,50029.21,0.1803,8.33,0.0000,0.0309,1.2316,9.3814,12.7913,,,,,
58.0806,5,5,31.7421,89.8221,completed,81602.69,50029.21,0.1803,8.33,0.0000,0.3234,0.5781,3.9599,11.5055,,,,,
23.4511,10,6,18.0869,41.5379,converged,81605.15,50029.66,0.1822,8.33,0.0000,0.0729,0.1069,0.3470,0.7049,0.0356,,,,
27.4596,10,3,9.8799,37.3389,converged,81605.15,50029.66,0.1822,8.33,0.0000,0.0165,0.0259,,,,,,,
41.7892,8,3,10.2446,52.0336,converged,81607.04,50030.01,0.1842,8.33,0.0000,0.0423,0.0948,,,,,,,
51.8700,7,3,12.3494,64.2194,converged,81607.04,50030.01,0.1842,8.33,0.0000,0.1208,0.0208,,,,,,,
56.5993,6,6,22.3937,78.9927,completed,81609.25,50030.42,0.1848,8.34,0.0000,0.1544,0.4050,3.6814,9.9262,11.7949,,,,
59.1608,5,5,22.2703,81.4303,completed,81609.25,50030.42,0.1848,8.34,0.0000,0.3185,0.6627,6.9586,12.4908,,,,,
24.8519,10,10,51.1813,76.0323,completed,81611.55,50030.85,0.1881,8.34,0.0000,0.0743,0.1152,0.1561,0.7636,2.7407,3.8029,7.8767,8.2121,7.1980
35.4071,9,3,17.3304,52.7375,converged,81611.55,50030.85,0.1881,8.34,0.0000,0.0389,0.0286,,,,,,,
30.4111,10,3,14.2080,44.6190,converged,81613.75,50031.27,0.1882,8.35,0.0000,0.0156,0.0230,,,,,,,
47.7776,7,3,13.5007,61.2777,converged,81613.75,50031.27,0.1882,8.35,0.0000,0.1608,0.0640,,,,,,,
39.6070,9,9,35.9486,75.5546,completed,81615.94,50031.69,0.1869,8.35,0.0000,0.1654,0.2671,0.4223,0.6454,1.5107,7.8571,8.7824,6.7902,
33.5713,10,3,14.2155,47.7866,converged,81615.94,50031.69,0.1869,8.35,0.0000,0.0951,0.0727,,,,,,,
22.8004,10,3,17.6713,40.4713,converged,81618.12,50032.10,0.1902,8.36,0.0000,0.0153,0.0639,,,,,,,
31.2614,10,4,12.7396,44.0006,converged,81618.12,50032.10,0.1902,8.36,0.0000,0.0845,0.1009,0.0401,,,,,,
54.5154,6,6,21.4510,75.9660,completed,81619.91,50032.44,0.1911,8.36,0.0000,0.0512,0.1817,1.6114,8.5052,11.6618,,,,
35.2390,9,3,9.2275,44.4665,converged,81619.91,50032.44,0.1911,8.36,0.0000,0.0776,0.0905,,,,,,,
53.6786,6,3,12.2150,65.8930,converged,81621.82,50032.81,0.1923,8.36,0.0000,0.1083,0.0574,,,,,,,
32.8762,10,3,13.8526,46.7287,converged,81621.82,50032.81,0.1923,8.36,0.0000,0.0478,0.0337,,,,,,,
29.8244,10,3,10.2115,40.0355,converged,81624.29,50033.28,0.1951,8.36,0.0000,0.0167,0.0196,,,,,,,
52.1883,6,6,25.2239,77.4119,completed,81624.29,50033.28,0.1951,8.36,0.0000,0.0965,0.1444,0.3160,5.1131,10.3245,,,,
47.1744,7,3,12.3871,59.5612,converged,81626.34,50033.69,0.1947,8.36,0.0000,0.0193,0.0404,,,,,,,
58.4385,5,5,18.8814,77.3194,completed,81626.34,50033.69,0.1947,8.36,0.0000,0.2500,0.6504,6.4822,12.2362,,,,,
26.1770,10,3,10.3459,36.5229,converged,81628.40,50034.10,0.1934,8.36,0.0000,0.0193,0.0251,,,,,,,
20.3005,10,3,11.2335,31.6323,converged,81628.40,50034.10,0.1934,8.36,0.0000,0.0839,0.0849,,,,,,,
37.8021,9,3,16.1256,53.9276,converged,81630.29,50034.47,0.1919,8.36,0.0000,0.0518,0.0394,,,,,,,
48.6357,7,3,13.4539,62.0890,converged,81630.29,50034.47,0.1919,8.36,0.0000,0.1051,0.0304,,,,,,,
28.4881,10,3,14.0710,42.5590,converged,81632.25,50034.84,0.1900,8.36,0.0000,0.0601,0.0822,,,,,,,
37.4132,9,3,14.3063,51.7193,converged,81632.25,50034.84,0.1900,8.36,0.0000,0.0342,0.0348,,,,,,,
46.5054,7,7,39.9606,86.4656,completed,81634.40,50035.26,0.1908,8.36,0.0000,0.0187,0.1061,0.8974,2.9152,9.2006,10.6125,,,
56.5091,6,3,9.8935,66.4025,converged,81634.40,50035.26,0.1908,8.36,0.0000,0.1111,0.0680,,,,,,,
22.7362,10,3,10.6803,33.4164,converged,81636.49,50035.66,0.1894,8.36,0.0000,0.0104,0.0627,,,,,,,
49.1185,7,7,27.0657,76.1837,completed,81637.44,50035.84,0.1912,8.36,0.0000,0.1092,0.1367,1.6155,3.2956,8.0922,10.3013,,,
37.3799,9,3,13.9057,51.2847,converged,81637.44,50035.84,0.1912,8.36,0.0000,0.0171,0.0192,,,,,,,
39.5671,9,3,11.1205,50.6876,converged,81639.65,50036.28,0.1929,8.35,0.0000,0.0581,0.0670,,,,,,,
44.8988,8,3,9.2132,54.1113,converged,81639.65,50036.28,0.1929,8.35,0.0000,0.0419,0.0520,,,,,,,
49.2501,7,3,9.8517,59.1018,converged,81641.53,50036.65,0.1923,8.35,0.0000,0.0975,0.0693,,,,,,,
35.6340,9,3,10.1938,45.8269,converged,81641.53,50036.65,0.1923,8.35,0.0000,0.0193,0.0397,,,,,,,
40.7743,8,3,13.6240,54.3980,converged,81643.58,50037.05,0.1917,8.35,0.0000,0.0345,0.0238,,,,,,,
56.7030,6,6,25.1126,81.8156,completed,81643.58,50037.05,0.1917,8.35,0.0000,0.0065,0.6281,4.8912,6.3338,10.9903,,,,
20.1530,10,3,13.0225,33.1745,converged,81645.63,50037.45,0.1920,8.35,0.0000,0.0636,0.0429,,,,,,,
43.2462,8,3,13.2166,56.4626,converged,81646.45,50037.61,0.1911,8.34,0.0000,0.1530,0.0499,,,,,,,
47.0490,7,3,13.5084,60.5574,converged,81646.45,50037.61,0.1911,8.34,0.0000,0.2095,0.0812,,,,,,,
42.8496,8,4,16.9543,59.8033,converged,81648.66,50038.03,0.1863,8.34,0.0000,0.0368,0.1787,0.0498,,,,,,
48.4532,7,3,10.6442,59.0972,converged,81648.66,50038.03,0.1863,8.34,0.0000,0.2205,0.0544,,,,,,,
56.0498,6,6,21.5146,77.5637,completed,81650.43,50038.36,0.1816,8.34,0.0000,0.1249,0.4023,0.9647,3.8814,10.0617,,,,
21.5296,10,4,21.4430,42.9720,converged,81650.43,50038.36,0.1816,8.34,0.0000,0.1183,0.1505,0.0896,,,,,,
39.0226,9,3,12.8405,51.8626,converged,81652.60,50038.76,0.1851,8.33,0.0000,0.1208,0.0416,,,,,,,
58.8736,5,5,28.4081,87.2812,completed,81652.60,50038.76,0.1851,8.33,0.0000,0.3093,0.4138,3.5299,10.4885,,,,,
37.3626,9,3,12.0127,49.3747,converged,81654.89,50039.19,0.1866,8.33,0.0000,0.0520,0.0713,,,,,,,
39.3580,9,3,11.1494,50.5074,converged,81654.89,50039.19,0.1866,8.33,0.0000,0.0958,0.0911,,,,,,,
43.7462,8,3,10.2266,53.9726,converged,81656.85,50039.56,0.1831,8.33,0.0000,0.0604,0.0298,,,,,,,
40.9029,8,8,26.8890,67.7911,completed,81656.85,50039.56,0.1831,8.33,0.0000,0.1197,0.1240,0.3005,1.0397,1.7557,6.5700,9.5523,,
49.5451,7,3,17.1516,66.6966,converged,81658.74,50039.92,0.1826,8.33,0.0000,0.0731,0.0796,,,,,,,
26.3172,10,3,16.9243,43.2413,converged,81658.74,50039.92,0.1826,8.33,0.0000,0.0635,0.0706,,,,,,,
49.5661,7,3,13.2965,62.8626,converged,81660.95,50040.33,0.1813,8.33,0.0000,0.0328,0.0421,,,,,,,
54.2283,6,3,9.8329,64.0609,converged,81660.95,50040.33,0.1813,8.33,0.0000,0.0978,0.0927,,,,,,,
44.0079,8,3,9.5099,53.5169,converged,81662.84,50040.68,0.1814,8.33,0.0000,0.0524,0.0407,,,,,,,
35.5788,9,3,13.5327,49.1107,converged,81662.84,50040.68,0.1814,8.33,0.0000,0.0626,0.0284,,,,,,,
45.4988,8,3,11.0828,56.5808,converged,81665.04,50041.08,0.1777,8.33,0.0000,0.0908,0.0467,,,,,,,
37.6672,9,3,12.9958,50.6628,converged,81665.04,50041.08,0.1777,8.33,0.0000,0.0252,0.0465,,,,,,,
26.6522,10,3,13.1414,39.7934,converged,81666.93,50041.42,0.1791,8.31,0.0000,0.0560,0.0613,,,,,,,
34.4582,9,3,9.1208,43.5788,converged,81666.93,50041.42,0.1791,8.31,0.0000,0.0683,0.0288,,,,,,,
55.5985,6,3,10.3981,65.9962,converged,81668.56,50041.72,0.1765,8.31,0.0000,0.1289,0.0631,,,,,,,
52.0895,6,3,9.9106,61.9996,converged,81668.56,50041.72,0.1765,8.31,0.0000,0.0646,0.0571,,,,,,,
44.0759,8,4,10.8743,54.9493,converged,81670.76,50042.11,0.1753,8.32,0.0000,0.1075,0.1044,0.0828,,,,,,
23.2045,10,3,8.8583,32.0624,converged,81670.76,50042.11,0.1753,8.32,0.0000,0.0201,0.0357,,,,,,,
40.4158,8,3,10.2619,50.6769,converged,81672.65,50042.44,0.1751,8.31,0.0000,0.0576,0.0513,,,,,,,
55.2445,6,3,10.4982,65.7422,converged,81672.65,50042.44,0.1751,8.31,0.0000,0.0886,0.0764,,,,,,,
58.3446,5,5,23.3553,81.6993,completed,81674.85,50042.83,0.1748,8.28,0.0000,0.1570,0.1282,1.5626,6.5848,,,,,
42.9597,8,3,15.8019,58.7609,converged,81674.85,50042.83,0.1748,8.28,0.0000,0.0959,0.0760,,,,,,,
38.9954,9,3,12.1816,51.1767,converged,81677.13,50043.23,0.1735,8.23,0.0000,0.0867,0.0614,,,,,,,
39.1342,9,3,9.6485,48.7825,converged,81677.13,50043.23,0.1735,8.23,0.0000,0.1076,0.0868,,,,,,,
52.4377,6,6,22.3460,74.7830,completed,81678.90,50043.54,0.1734,8.19,0.0000,0.1015,0.1382,0.7034,1.8413,6.2580,,,,
24.9091,10,3,9.6148,34.5238,converged,81678.90,50043.54,0.1734,8.19,0.0000,0.0866,0.0780,,,,,,,
30.3238,10,3,11.2608,41.5839,converged,81681.01,50043.91,0.1724,8.15,0.0000,0.0517,0.0284,,,,,,,
22.9672,10,3,11.7309,34.6979,converged,81681.01,50043.91,0.1724,8.15,0.0000,0.0837,0.0555,,,,,,,
39.1902,9,3,16.9611,56.1511,converged,81682.77,50044.22,0.1761,8.11,0.0000,0.1083,0.0790,,,,,,,
23.9543,10,3,12.7081,36.6622,converged,81682.77,50044.22,0.1761,8.11,0.0000,0.0939,0.0807,,,,,,,
56.9951,6,6,20.3267,77.3218,completed,81684.51,50044.53,0.1755,8.05,0.0000,0.1427,0.2463,0.4438,1.4182,5.5361,,,,
36.8321,9,3,10.1803,47.0124,converged,81684.51,50044.53,0.1755,8.05,0.0000,0.1039,0.0820,,,,,,,
27.7305,10,3,10.8742,38.6043,converged,81686.56,50044.89,0.1744,7.94,0.0000,0.0806,0.0573,,,,,,,
59.7258,5,5,19.2429,78.9679,completed,81686.56,50044.89,0.1744,7.94,0.0000,0.1924,3.7755,1.6915,5.9122,,,,,
28.5889,10,3,10.7840,39.3721,converged,81688.66,50045.26,0.1754,7.84,0.0000,0.0911,0.0652,,,,,,,
22.1490,10,3,11.8531,34.0022,converged,81688.66,50045.26,0.1754,7.84,0.0000,0.0878,0.0998,,,,,,,
21.3974,10,3,13.1650,34.5621,converged,81689.96,50045.50,0.1749,7.72,0.0000,0.0535,0.0338,,,,,,,
52.2060,6,6,24.5346,76.7406,completed,81689.96,50045.50,0.1749,7.72,0.0000,0.1298,0.8560,0.8964,2.0364,5.4105,,,,
26.9114,10,3,11.4004,38.3114,converged,81691.69,50045.80,0.1770,7.45,0.0000,0.0706,0.0348,,,,,,,
33.4849,10,3,12.8144,46.2985,converged,81691.69,50045.80,0.1770,7.45,0.0000,0.0901,0.0495,,,,,,,
45.9727,8,3,16.4518,62.4239,converged,81693.45,50046.12,0.1733,7.05,0.0000,0.0764,0.0510,,,,,,,
35.7715,9,4,12.7231,48.4942,converged,81693.45,50046.12,0.1733,7.05,0.0000,0.1217,0.1138,0.0826,,,,,,
38.9699,9,4,13.2328,52.2019,converged,81694.93,50046.37,0.1713,6.66,0.0000,0.1398,0.1404,0.0732,,,,,,
29.2014,10,4,11.7653,40.9664,converged,81694.93,50046.37,0.1713,6.66,0.0000,0.1285,0.1139,0.0697,,,,,,
37.8697,9,9,33.4197,71.2887,completed,81696.38,50046.63,0.1697,6.21,0.0000,0.1973,0.1774,0.1161,0.5739,0.5928,1.8911,3.4787,3.7022,
26.3412,10,4,20.4835,46.8245,converged,81696.38,50046.63,0.1697,6.21,0.0000,0.1317,0.1297,0.0668,,,,,,
52.3749,6,3,11.5376,63.9116,converged,81697.82,50046.88,0.1703,5.67,0.0000,0.2620,0.0657,,,,,,,
44.2001,8,3,12.8004,57.0005,converged,81697.82,50046.88,0.1703,5.67,0.0000,0.1004,0.0439,,,,,,,
58.7664,5,5,20.0912,78.8572,completed,81699.40,50047.15,0.1684,5.10,0.0000,0.1942,0.2599,1.3549,4.2201,,,,,
21.6403,10,4,13.5545,35.1946,converged,81699.40,50047.15,0.1684,5.10,0.0000,0.1334,0.1258,0.0666,,,,,,
29.1442,10,3,9.4318,38.5758,converged,81700.59,50047.35,0.1686,4.63,0.0000,0.1044,0.0380,,,,,,,
36.9363,9,9,32.7294,69.6654,completed,81700.59,50047.35,0.1686,4.63,0.0000,0.1621,0.1176,0.1755,0.4802,0.8498,1.7602,3.1035,3.5329,
20.5098,10,4,14.2824,34.7914,converged,81701.68,50047.54,0.1689,4.25,0.0000,0.0905,0.1108,0.0600,,,,,,
32.9214,10,4,21.7466,54.6676,converged,81701.68,50047.54,0.1689,4.25,0.0000,0.1336,0.1240,0.0632,,,,,,
46.5536,7,7,29.0659,75.6189,completed,81702.48,50047.68,0.1673,3.96,0.0000,0.1959,0.2314,0.2390,2.1627,3.9787,4.1068,,,
30.2271,10,5,23.4962,53.7232,converged,81702.48,50047.68,0.1673,3.96,0.0000,0.1073,0.1484,0.1263,0.0989,,,,,
22.9521,10,3,10.2056,33.1576,converged,81703.51,50047.85,0.1622,3.59,0.0000,0.0707,0.0820,,,,,,,
55.6164,6,6,28.4177,84.0337,completed,81703.51,50047.85,0.1622,3.59,0.0000,0.1556,0.5318,0.7183,2.1417,3.3185,,,,
51.0470,7,7,35.4113,86.4573,completed,81704.37,50048.00,0.1644,3.36,0.0000,0.0272,0.1494,0.6354,0.8817,2.6124,3.0278,,,
29.6067,10,10,41.5818,71.1878,completed,81704.37,50048.00,0.1644,3.36,0.0000,0.1874,0.5850,2.0808,3.3216,2.5087,1.7761,2.5146,2.7406,2.7488
41.7002,8,8,34.4352,76.1352,completed,81705.21,50048.14,0.1671,3.12,0.0000,0.0151,0.1189,0.6319,1.1158,1.4842,2.4974,2.8472,,
37.0409,9,3,11.3748,48.4148,converged,81705.21,50048.14,0.1671,3.12,0.0000,0.0583,0.0629,,,,,,,
26.5916,10,3,9.7071,36.2982,converged,81706.04,50048.29,0.1734,2.94,0.0000,0.0887,0.0928,,,,,,,
45.9042,8,8,39.7611,85.6651,completed,81706.04,50048.29,0.1734,2.94,0.0000,0.2038,0.2909,0.1649,0.6926,1.5442,2.4471,2.8645,,
36.8466,9,9,40.2100,77.0560,completed,81706.76,50048.42,0.1826,2.80,0.0000,0.0200,0.1051,0.8537,4.4437,5.3705,0.9688,2.9477,3.5266,
56.5520,6,3,14.1770,70.7280,converged,81706.76,50048.42,0.1826,2.80,0.0000,0.2469,0.0714,,,,,,,
53.5612,6,6,23.1177,76.6788,completed,81707.51,50048.57,0.1909,2.62,0.0000,0.0983,0.2730,0.1889,2.3127,3.4039,,,,
40.9200,8,8,30.3048,71.2238,completed,81707.51,50048.57,0.1909,2.62,0.0000,0.1384,0.5993,2.0261,0.8770,0.3365,2.4251,2.9120,,
30.0687,10,3,13.6298,43.6979,converged,81708.21,50048.70,0.2033,2.52,0.0000,0.0844,0.0500,,,,,,,
59.4758,5,5,20.2794,79.7545,completed,81708.21,50048.70,0.2033,2.52,0.0000,0.3367,1.7854,0.8657,2.4080,,,,,
49.3953,7,7,26.3875,75.7826,completed,81708.82,50048.83,0.2164,2.47,0.0000,0.2872,0.1558,0.8701,1.8881,2.3969,3.0590,,,
25.1886,10,10,45.5156,70.7037,completed,81708.82,50048.83,0.2164,2.47,0.0000,0.0201,0.2632,0.9056,0.8089,0.9379,1.2405,0.9972,1.8509,1.7277
58.0030,5,5,20.3984,78.4014,completed,81709.45,50048.98,0.2287,2.38,0.0000,0.6099,2.5627,4.5854,4.7625,,,,,
22.3075,10,3,9.6512,31.9583,converged,81709.45,50048.98,0.2287,2.38,0.0000,0.0546,0.0824,,,,,,,
58.3164,5,5,19.7371,78.0532,completed,81709.94,50049.10,0.2442,2.30,0.0000,0.2295,0.5965,1.3921,3.0395,,,,,
54.7428,6,6,23.7361,78.4781,completed,81709.94,50049.10,0.2442,2.30,0.0000,0.0306,0.2423,1.2158,0.6083,3.0205,,,,
42.7631,8,8,31.3292,74.0923,completed,81710.56,50049.26,0.2589,2.25,0.0000,0.0316,0.2254,0.4979,0.7487,1.3452,1.3938,3.1374,,
50.7984,7,7,36.4384,87.2365,completed,81710.56,50049.26,0.2589,2.25,0.0000,0.0517,0.2461,1.0978,0.4883,2.3772,3.1236,,,
38.5594,9,3,10.1644,48.7234,converged,81711.20,50049.44,0.2857,2.23,0.0000,0.0419,0.0696,,,,,,,
26.1812,10,4,15.6244,41.8055,converged,81711.20,50049.44,0.2857,2.23,0.0000,0.2079,0.2172,0.0351,,,,,,
25.2502,10,10,54.5481,79.7981,completed,81711.69,50049.59,0.3118,2.25,0.0000,0.0675,0.4476,1.3100,2.4410,2.1246,2.2214,3.2677,3.2737,3.0717
36.2098,9,3,14.6012,50.8103,converged,81711.69,50049.59,0.3118,2.25,0.0000,0.1520,0.0467,,,,,,,
49.2319,7,7,31.4855,80.7165,completed,81712.27,50049.79,0.3419,2.26,0.0000,0.5255,0.6025,0.6774,3.8322,4.8122,4.5242,,,
36.8414,9,9,32.3936,69.2347,completed,81712.27,50049.79,0.3419,2.26,0.0000,0.2335,0.2308,0.2191,0.6270,1.4438,2.4753,3.0073,2.6987,
51.4761,7,7,34.2017,85.6778,completed,81712.81,50049.99,0.3716,2.21,0.0000,0.0258,0.5286,1.5359,1.1996,1.5978,2.6990,,,
38.3688,9,9,35.5809,73.9490,completed,81712.81,50049.99,0.3716,2.21,0.0000,0.0785,0.3492,1.3827,1.5869,0.7015,0.6741,1.4360,1.5873,
49.9295,7,3,10.0730,60.0020,converged,81713.36,50050.21,0.4036,2.13,0.0000,0.3606,0.0995,,,,,,,
34.3318,9,3,10.4464,44.7774,converged,81713.36,50050.21,0.4036,2.13,0.0000,0.0987,0.0525,,,,,,,
54.3304,6,6,24.7925,79.1226,completed,81713.83,50050.42,0.4319,2.04,0.0000,0.4294,0.3913,0.9597,3.0791,4.2212,,,,
34.8597,9,9,33.9829,68.8420,completed,81713.83,50050.42,0.4319,2.04,0.0000,0.2311,0.2436,0.3053,0.9316,2.5539,3.1310,3.1570,3.0502,
42.6258,8,8,27.4812,70.1062,completed,81714.27,50050.63,0.4643,1.91,0.0000,0.1079,0.2638,1.0460,0.9759,0.9758,2.2591,3.0320,,
56.8218,6,6,24.7623,81.5833,completed,81714.27,50050.63,0.4643,1.91,0.0000,0.4664,0.4208,1.7344,3.8015,4.1597,,,,
24.1562,10,10,35.4747,59.6308,completed,81714.77,50050.89,0.5036,1.79,0.0000,0.4006,0.5678,0.7143,0.7227,0.5369,1.8616,2.6441,3.0024,2.8405
45.7304,8,8,36.5686,82.2986,completed,81714.77,50050.89,0.5036,1.79,0.0000,0.4982,0.7114,1.1863,2.2323,3.2212,3.4275,3.2360,,
30.0029,10,4,14.6926,44.6946,converged,81715.17,50051.13,0.5377,1.71,0.0000,0.1452,0.1747,0.0677,,,,,,
42.9151,8,8,29.8935,72.8086,completed,81715.17,50051.13,0.5377,1.71,0.0000,0.0716,0.2229,1.4658,1.3206,0.6347,2.6613,2.8510,,
34.6100,9,9,40.0536,74.6636,completed,81715.54,50051.36,0.5724,1.68,0.0000,0.0502,0.1167,0.4831,0.1972,1.5126,2.4460,3.2192,3.1354,
36.4511,9,9,30.4078,66.8588,completed,81715.54,50051.36,0.5724,1.68,0.0000,0.1645,0.1330,0.2088,0.3884,1.2028,2.0050,3.1617,3.3168,
41.0911,8,3,11.1546,52.2456,converged,81715.91,50051.60,0.6093,1.64,0.0000,0.0867,0.0513,,,,,,,
34.1109,9,9,47.4527,81.5628,completed,81715.91,50051.60,0.6093,1.64,0.0000,0.1152,0.2001,0.4132,0.9968,1.3095,2.4529,3.5426,3.2317,
52.6035,6,6,21.8590,74.4621,completed,81716.30,50051.89,0.6481,1.60,0.0000,0.1114,0.2423,0.5102,1.8917,4.1728,,,,
29.6822,10,3,9.8550,39.5370,converged,81716.30,50051.89,0.6481,1.60,0.0000,0.0558,0.0505,,,,,,,
39.4522,9,3,12.7188,52.1709,converged,81716.61,50052.13,0.6824,1.58,0.0000,0.0688,0.0652,,,,,,,
29.3504,10,3,11.4322,40.7822,converged,81716.61,50052.13,0.6824,1.58,0.0000,0.0575,0.0619,,,,,,,
51.6952,7,7,26.9205,78.6156,completed,81716.88,50052.35,0.7114,1.59,0.0000,0.0787,0.1649,0.7142,1.1195,3.2377,4.1788,,,
51.7343,7,7,42.1764,93.9104,completed,81716.88,50052.35,0.7114,1.59,0.0000,0.0836,0.1236,0.5294,1.7007,3.2872,4.2983,,,
20.3914,10,3,13.9016,34.2926,converged,81717.23,50052.67,0.7559,1.58,0.0000,0.0639,0.0584,,,,,,,
25.9194,10,10,53.3915,79.3105,completed,81717.23,50052.67,0.7559,1.58,0.0000,0.0596,0.1064,0.2642,0.5712,0.6879,1.1830,2.9550,3.4624,3.0074
56.1549,6,3,12.3239,68.4780,converged,81717.49,50052.92,0.7904,1.54,0.0000,0.1253,0.0626,,,,,,,
47.2909,7,7,36.9681,84.2581,completed,81717.49,50052.92,0.7904,1.54,0.0000,0.1015,0.2662,1.3401,1.5928,3.8631,4.5469,,,
49.2811,7,3,10.6775,59.9585,converged,81717.83,50053.29,0.8351,1.49,0.0000,0.0921,0.0336,,,,,,,
36.9030,9,9,52.1390,89.0420,completed,81717.83,50053.29,0.8351,1.49,0.0000,0.1421,0.2399,0.6038,0.7075,0.9302,1.4106,3.3803,3.5056,
29.2848,10,10,35.2009,64.4849,completed,81718.10,50053.58,0.8717,1.46,0.0000,0.1156,0.2180,0.2830,0.3919,1.1553,0.5623,2.2658,3.6151,3.3540
25.3972,10,4,18.2837,43.6808,converged,81718.10,50053.58,0.8717,1.46,0.0000,0.1186,0.1570,0.0958,,,,,,
57.1185,6,6,22.7790,79.8970,completed,81718.32,50053.86,0.9070,1.45,0.0000,0.1475,0.1287,1.1029,2.4115,4.9804,,,,
41.2568,8,8,45.0822,86.3382,completed,81718.32,50053.86,0.9070,1.45,0.0000,0.1212,0.1063,0.4671,1.1621,1.2896,3.8845,4.0474,,
25.0016,10,3,11.1514,36.1524,converged,81718.57,50054.20,0.9431,1.34,0.0000,0.0922,0.0553,,,,,,,
39.2680,9,3,14.2769,53.5439,converged,81718.57,50054.20,0.9431,1.34,0.0000,0.1167,0.0916,,,,,,,
38.1822,9,9,44.9954,83.1775,completed,81718.76,50054.45,0.9714,1.22,0.0000,0.1267,0.1549,0.1077,0.6698,0.5003,1.7391,3.9481,3.9288,
22.4420,10,10,45.4028,67.8438,completed,81718.76,50054.45,0.9714,1.22,0.0000,0.1525,0.2797,0.5414,0.5332,0.7977,0.2513,1.8361,3.5464,3.4922
52.1512,6,6,22.1479,74.2989,completed,81718.95,50054.75,1.0044,1.15,0.0000,0.2604,0.3443,0.6978,2.0659,4.9652,,,,
22.3205,10,10,57.5196,79.8396,completed,81718.95,50054.75,1.0044,1.15,0.0000,0.1243,0.1752,0.1917,0.2897,0.2853,0.3782,2.4801,3.4722,3.1010
32.2781,10,4,15.8981,48.1761,converged,81719.12,50055.02,1.0337,1.00,0.0000,0.1141,0.1083,0.0827,,,,,,
26.2560,10,10,45.6952,71.9502,completed,81719.12,50055.02,1.0337,1.00,0.0000,0.1096,0.1077,0.1360,0.1887,0.2142,0.5069,2.3570,3.9467,3.7053
20.7632,10,4,13.7477,34.5107,converged,81719.24,50055.24,1.0544,0.89,0.0000,0.1156,0.1094,0.0818,,,,,,
43.9468,8,8,28.6321,72.5782,completed,81719.24,50055.24,1.0544,0.89,0.0000,0.1607,0.1661,0.1903,0.8511,2.1220,4.5176,4.4850,,
32.5172,10,10,40.0345,72.5516,completed,81719.33,50055.40,1.0708,0.82,0.0000,0.1243,0.1444,0.1409,0.1331,0.2298,0.3698,2.4483,3.7902,3.4267
56.0867,6,6,27.5635,83.6495,completed,81719.33,50055.40,1.0708,0.82,0.0000,0.1436,0.1590,1.0154,3.4400,5.6852,,,,
31.2869,10,3,8.6850,39.9710,converged,81719.44,50055.61,1.0910,0.68,0.0000,0.0863,0.0745,,,,,,,
34.7594,9,9,32.8744,67.6335,completed,81719.44,50055.61,1.0910,0.68,0.0000,0.1189,0.1173,0.1212,0.3327,0.2655,2.0835,4.1533,4.0463,
39.9245,9,9,40.0125,79.9365,completed,81719.51,50055.75,1.1017,0.55,0.0000,0.1159,0.1196,0.1422,0.2865,0.4790,1.3929,3.9461,4.1069,
24.7290,10,3,14.7051,39.4344,converged,81719.51,50055.75,1.1017,0.55,0.0000,0.0778,0.0531,,,,,,,
29.6136,10,4,17.0622,46.6753,converged,81719.57,50055.87,1.1122,0.45,0.0000,0.1189,0.1189,0.0791,,,,,,
40.1474,8,8,38.7625,78.9095,completed,81719.57,50055.87,1.1122,0.45,0.0000,0.1501,0.1598,0.1893,0.3246,1.5095,4.3105,4.6921,,
45.5290,8,8,29.0924,74.6204,completed,81719.62,50055.97,1.1207,0.44,0.0000,0.1470,0.2096,0.3086,0.6534,0.6684,3.4998,4.8722,,
37.9174,9,4,12.5648,50.4818,converged,81719.62,50055.97,1.1207,0.44,0.0000,0.1057,0.1105,0.0682,,,,,,
39.3677,9,3,13.8062,53.1732,converged,81719.67,50056.07,1.1306,0.40,0.0000,0.0954,0.0459,,,,,,,
46.5267,7,3,13.6474,60.1735,converged,81719.67,50056.07,1.1306,0.40,0.0000,0.1328,0.0778,,,,,,,
42.1061,8,8,31.7061,73.8121,completed,81719.71,50056.16,1.1386,0.40,0.0000,0.1821,0.3321,0.6864,0.4962,0.6967,3.7550,4.5216,,
31.5770,10,10,40.0069,71.5830,completed,81719.71,50056.16,1.1386,0.40,0.0000,0.1720,0.3456,1.1003,2.2138,0.9413,1.9910,2.8067,3.8681,3.5504
58.4097,5,5,21.5590,79.9680,completed,81719.76,50056.26,1.1492,0.44,0.0000,0.1971,0.3050,1.6656,5.6908,,,,,
35.5568,9,9,38.8473,74.4033,completed,81719.76,50056.26,1.1492,0.44,0.0000,0.2461,0.5586,2.3774,3.4038,1.7549,0.8253,2.7938,3.2892,
39.2050,9,9,45.1095,84.3146,completed,81719.80,50056.37,1.1581,0.36,0.0000,0.1943,0.2430,0.6292,0.2329,2.2396,2.6147,4.3868,4.2089,
31.2052,10,10,39.7182,70.9232,completed,81719.80,50056.37,1.1581,0.36,0.0000,0.0612,0.1878,0.1317,0.4176,0.8374,2.3064,2.9726,3.8575,3.5683
27.2616,10,10,41.9670,69.2280,completed,81719.83,50056.44,1.1632,0.33,0.0000,0.1712,0.2418,0.4148,0.5457,0.2872,0.9764,2.5305,4.0627,3.8382
59.8642,5,5,19.1964,79.0605,completed,81719.83,50056.44,1.1632,0.33,0.0000,0.4060,5.0377,3.0735,1.4692,,,,,
27.6203,10,10,34.6050,62.2250,completed,81719.86,50056.52,1.1694,0.30,0.0000,0.1280,0.3215,1.2895,2.4068,1.0010,0.6518,2.5119,3.0983,2.9098
30.0241,10,10,40.5918,70.6158,completed,81719.86,50056.52,1.1694,0.30,0.0000,0.0450,0.1568,0.2609,0.2110,0.8696,2.2005,2.9022,3.6567,3.3678
39.7899,9,3,9.6689,49.4579,converged,81719.89,50056.60,1.1747,0.31,0.0000,0.0533,0.0785,,,,,,,
44.0951,8,8,29.4820,73.5771,completed,81719.89,50056.60,1.1747,0.31,0.0000,0.1528,0.6820,2.8812,1.3769,0.5808,2.5104,3.3721,,
49.7589,7,7,26.2836,76.0416,completed,81719.93,50056.69,1.1836,0.42,0.0000,0.2022,0.2710,0.2102,2.0833,3.9073,5.3835,,,
57.6376,6,6,21.6987,79.3357,completed,81719.93,50056.69,1.1836,0.42,0.0000,0.3995,1.8075,0.2493,2.2540,5.1818,,,,
37.8367,9,9,30.6533,68.4894,completed,81719.98,50056.82,1.2006,0.52,0.0000,0.1708,0.2561,0.4551,0.5167,0.2512,1.5829,3.9676,4.4316,
21.9954,10,10,37.5926,59.5876,completed,81719.98,50056.82,1.2006,0.52,0.0000,0.1618,0.4156,1.2625,1.5165,0.4819,1.1662,2.7324,3.4200,3.2180
55.7031,6,6,21.5456,77.2486,completed,81720.02,50056.94,1.2165,0.52,0.0000,0.1242,0.4330,1.5072,3.6421,5.6397,,,,
31.1234,10,10,34.1992,65.3223,completed,81720.02,50056.94,1.2165,0.52,0.0000,0.1570,0.2772,0.8980,2.4671,0.7313,1.6405,2.6134,3.7505,3.6487
53.6108,6,6,24.9192,78.5292,completed,81720.07,50057.07,1.2297,0.47,0.0000,0.1839,0.1595,0.2860,2.7505,5.7118,,,,
58.0431,5,5,23.6071,81.6502,completed,81720.07,50057.07,1.2297,0.47,0.0000,0.1946,0.1624,1.6653,5.6362,,,,,
50.6325,7,7,31.6769,82.3089,completed,81720.12,50057.22,1.2474,0.54,0.0000,0.1287,0.1660,0.1753,0.5132,3.3411,5.3562,,,
38.5564,9,4,13.1504,51.7064,converged,81720.12,50057.22,1.2474,0.54,0.0000,0.1013,0.1206,0.0913,,,,,,
42.5137,8,3,12.9706,55.4836,converged,81720.16,50057.36,1.2625,0.47,0.0000,0.0985,0.0953,,,,,,,
36.6584,9,9,39.7839,76.4419,completed,81720.16,50057.36,1.2625,0.47,0.0000,0.1082,0.1478,0.2388,0.5418,0.1639,1.7621,4.2294,4.5427,
42.0307,8,8,25.7462,67.7763,completed,81720.19,50057.45,1.2695,0.39,0.0000,0.1036,0.1434,0.2875,0.6904,0.9673,3.9292,4.6789,,
40.6661,8,8,36.4805,77.1465,completed,81720.19,50057.45,1.2695,0.39,0.0000,0.1258,0.1673,0.1876,0.4572,1.5150,4.2061,4.8477,,
37.0028,9,3,13.4667,50.4688,converged,81720.22,50057.55,1.2759,0.29,0.0000,0.0749,0.0908,,,,,,,
31.9048,10,10,42.2277,74.1317,completed,81720.22,50057.55,1.2759,0.29,0.0000,0.1117,0.1594,0.3029,0.6918,0.7610,0.3722,2.3085,4.1421,4.1905
31.0361,10,3,10.2581,41.2942,converged,81720.23,50057.60,1.2782,0.19,0.0000,0.0709,0.0775,,,,,,,
38.8031,9,9,50.1414,88.9444,completed,81720.23,50057.60,1.2782,0.19,0.0000,0.1201,0.1525,0.2069,0.2323,0.6677,2.0524,4.3423,4.5323,
55.8979,6,6,26.3309,82.2279,completed,81720.24,50057.64,1.2799,0.10,0.0000,0.1349,0.3517,1.6624,0.9761,5.1145,,,,
59.1195,5,3,9.1164,68.2354,converged,81720.24,50057.64,1.2799,0.10,0.0000,0.1515,0.0811,,,,,,,
40.2814,8,3,9.1506,49.4317,converged,81720.25,50057.66,1.2803,0.00,0.0000,0.0826,0.0746,,,,,,,
38.1914,9,9,37.8374,76.0284,completed,81720.25,50057.66,1.2803,0.00,0.0000,0.0881,0.1179,0.1777,0.5877,0.4726,1.7616,4.1558,4.4495,
37.3382,9,3,9.2941,46.6321,converged,81720.24,50057.67,1.2803,0.00,0.0000,0.0777,0.0819,,,,,,,
48.2696,7,7,25.0122,73.2812,completed,81720.24,50057.67,1.2803,0.00,0.0000,0.1350,0.3126,1.1641,0.9803,2.4344,4.9647,,,
56.3377,6,3,13.4292,69.7662,converged,81720.25,50057.68,1.2815,0.00,0.0000,0.0849,0.0458,,,,,,,
47.5654,7,7,26.1179,73.6829,completed,81720.25,50057.68,1.2815,0.00,0.0000,0.1332,0.1944,0.2545,0.3886,3.3241,5.1891,,,
23.2952,10,3,9.1722,32.4673,converged,81720.25,50057.70,1.2825,0.00,0.0000,0.0661,0.0499,,,,,,,
45.3593,8,8,28.0089,73.3680,completed,81720.25,50057.70,1.2825,0.00,0.0000,0.1020,0.1127,0.1550,0.1113,1.6697,4.2009,4.8288,,
56.5658,6,6,21.4933,78.0583,completed,81720.25,50057.70,1.2826,0.00,0.0000,0.1331,0.1173,0.3305,2.9906,5.5803,,,,
35.0844,9,9,30.0001,65.0842,completed,81720.25,50057.70,1.2826,0.00,0.0000,0.0955,0.1972,0.7983,1.7287,0.2067,2.2375,4.0321,4.2060,
22.2982,10,3,10.5445,32.8426,converged,81720.25,50057.71,1.2826,0.00,0.0000,0.0568,0.0708,,,,,,,
48.0232,7,7,28.3527,76.3757,completed,81720.25,50057.71,1.2826,0.00,0.0000,0.1169,0.4669,1.9395,0.5648,2.8816,4.6833,,,
41.6964,8,8,28.7706,70.4667,completed,81720.25,50057.71,1.2825,0.00,0.0000,0.1017,0.1481,0.2922,0.5234,1.5512,4.0203,4.5907,,
44.7873,8,8,41.1534,85.9404,completed,81720.25,50057.71,1.2825,0.00,0.0000,0.0574,0.2046,1.0413,0.8583,1.7551,4.0282,4.4077,,
37.1602,9,9,42.4762,79.6363,completed,81720.25,50057.72,1.2849,0.10,0.0000,0.0770,0.2516,1.1504,1.9262,1.5798,1.6485,3.6159,3.7666,
27.2905,10,3,10.7470,38.0370,converged,81720.25,50057.72,1.2849,0.10,0.0000,0.0234,0.0163,,,,,,,
53.7153,6,6,31.8286,85.5437,completed,81720.26,50057.75,1.2876,0.13,0.0000,0.0563,0.7946,2.3302,1.4956,4.5099,,,,
22.7261,10,10,38.4120,61.1380,completed,81720.26,50057.75,1.2876,0.13,0.0000,0.0702,0.1273,0.4657,1.0360,0.8459,0.6982,2.6159,3.6942,3.5335
29.1319,10,10,52.4976,81.6287,completed,81720.27,50057.80,1.2953,0.24,0.0000,0.0522,0.1085,0.4262,1.1497,1.7784,0.2389,2.2148,3.6047,3.6151
23.5321,10,3,13.9600,37.4920,converged,81720.27,50057.80,1.2953,0.24,0.0000,0.0579,0.0728,,,,,,,
36.4404,9,9,40.5248,76.9649,completed,81720.29,50057.89,1.3103,0.45,0.0000,0.0883,0.1780,0.5722,1.8220,1.0902,1.5285,3.6236,3.9939,
35.5772,9,9,55.4561,91.0332,completed,81720.29,50057.89,1.3103,0.45,0.0000,0.0830,0.1467,0.4355,1.4558,1.2526,1.5416,3.7119,4.0392,
26.1686,10,3,10.6268,36.7949,converged,81720.33,50058.07,1.3350,0.82,0.0000,0.0541,0.0722,,,,,,,
24.3406,10,3,19.0597,43.3997,converged,81720.33,50058.07,1.3350,0.82,0.0000,0.0417,0.0416,,,,,,,
35.7543,9,3,17.5253,53.2793,converged,81720.38,50058.27,1.3601,1.14,0.0000,0.0428,0.0678,,,,,,,
23.2169,10,3,10.6177,33.8338,converged,81720.38,50058.27,1.3601,1.14,0.0000,0.0394,0.0412,,,,,,,
29.1238,10,3,9.0349,38.1579,converged,81720.43,50058.55,1.3898,1.45,0.0000,0.0384,0.0546,,,,,,,
59.1513,5,5,22.3466,81.4976,completed,81720.43,50058.55,1.3898,1.45,0.0000,0.0649,0.1163,0.7644,5.2792,,,,,
51.4002,7,7,42.6478,94.0478,completed,81720.51,50059.00,1.4309,1.85,0.0000,0.0601,0.1766,1.2619,1.3697,2.8441,5.2328,,,
28.3605,10,3,10.6202,38.9802,converged,81720.51,50059.00,1.4309,1.85,0.0000,0.0212,0.0179,,,,,,,
30.9257,10,3,14.6340,45.5591,converged,81720.57,50059.58,1.4775,2.31,0.0000,0.0230,0.0571,,,,,,,
32.5608,10,3,12.2195,44.7795,converged,81720.57,50059.58,1.4775,2.31,0.0000,0.0250,0.0645,,,,,,,
21.1827,10,3,13.2463,34.4284,converged,81720.62,50060.15,1.5159,2.75,0.0000,0.0267,0.0991,,,,,,,
24.2168,10,3,17.6354,41.8515,converged,81720.62,50060.15,1.5159,2.75,0.0000,0.0135,0.0650,,,,,,,
22.7183,10,3,12.6405,35.3585,converged,81720.64,50060.68,1.5474,3.07,0.0000,0.0080,0.0906,,,,,,,
54.2947,6,6,34.9342,89.2282,completed,81720.64,50060.68,1.5474,3.07,0.0000,0.0749,0.4718,1.7014,2.5905,6.3964,,,,
35.4164,9,9,43.3694,78.7854,completed,81720.64,50061.53,1.5919,3.55,0.0000,0.0134,0.1478,0.7487,2.5753,1.2603,3.0108,5.6050,5.7259,
37.0851,9,9,34.1411,71.2261,completed,81720.64,50061.53,1.5919,3.55,0.0000,0.0123,0.1525,0.5948,1.5464,1.0553,4.3283,6.0505,5.4255,
36.3867,9,9,37.3561,73.7421,completed,81720.59,50062.67,1.6383,4.02,0.0000,0.1229,0.3053,1.2049,3.7237,0.9236,4.3971,6.1081,5.6329,
57.5215,6,6,23.1708,80.6918,completed,81720.59,50062.67,1.6383,4.02,0.0000,0.2212,1.3967,4.4668,3.3590,7.1028,,,,
42.4461,8,8,29.4234,71.8694,completed,81720.49,50063.94,1.6765,4.44,0.0000,0.3766,0.7175,2.9344,7.2209,1.0998,6.3679,8.0421,,
21.9023,10,10,41.6815,63.5835,completed,81720.49,50063.94,1.6765,4.44,0.0000,0.2512,0.4102,0.7995,3.9090,4.4069,0.9744,5.8549,6.4426,5.7411
37.5572,9,9,31.0192,68.5763,completed,81720.34,50065.19,1.7037,4.81,0.0000,0.1843,0.1952,0.7704,2.7878,1.3649,5.8577,7.4639,6.6773,
44.7047,8,8,31.5101,76.2142,completed,81720.34,50065.19,1.7037,4.81,0.0000,0.0397,0.2540,1.9085,0.9414,5.1614,7.7782,6.9567,,
27.9428,10,10,36.7320,64.6772,completed,81720.15,50066.58,1.7229,5.16,0.0000,0.6480,0.8775,0.8382,0.6141,2.9548,5.0623,7.2677,6.9650,5.7707
34.8334,9,9,30.1323,64.9653,completed,81720.15,50066.58,1.7229,5.16,0.0000,0.7627,1.0561,1.1801,0.8921,4.5766,6.9419,8.1745,6.6554,
56.7841,6,6,23.2020,79.9860,completed,81719.91,50068.07,1.7395,5.58,0.0000,1.4033,2.2329,4.5861,4.5976,9.0045,,,,
52.8059,6,6,42.9269,95.7320,completed,81719.91,50068.07,1.7395,5.58,0.0000,1.3387,1.9536,3.2305,6.6690,8.9116,,,,
30.7647,10,10,52.5174,83.2815,completed,81719.59,50069.91,1.7530,6.04,0.0000,0.6988,1.0495,1.8258,4.1810,5.6443,3.3802,6.1562,6.6243,5.5867
31.8832,10,10,52.8184,84.7014,completed,81719.59,50069.91,1.7530,6.04,0.0000,0.6487,0.9842,1.5912,2.8182,3.0225,4.6377,6.4810,7.0360,6.0465
37.6664,9,9,31.0531,68.7191,completed,81719.26,50071.75,1.7626,6.35,0.0000,0.5532,0.6132,0.3044,0.6134,4.9144,7.1042,8.9146,7.6526,
51.1297,7,7,29.0314,80.1604,completed,81719.26,50071.75,1.7626,6.35,0.0000,0.7143,0.5940,0.9191,5.3763,8.1997,10.1507,,,
47.5667,7,7,35.0961,82.6622,completed,81718.89,50073.68,1.7677,6.67,0.0000,0.8504,1.2632,0.4048,4.0311,7.8595,10.0585,,,
24.1504,10,4,13.4845,37.6345,converged,81718.89,50073.68,1.7677,6.67,0.0000,0.4252,0.4469,0.0498,,,,,,
33.8134,10,10,43.0163,76.8293,completed,81718.53,50075.56,1.7671,6.98,0.0000,0.4503,0.5557,0.5019,0.7036,2.8161,3.7842,6.8023,8.3003,7.1445
58.2788,5,5,23.5001,81.7781,completed,81718.53,50075.56,1.7671,6.98,0.0000,0.8482,0.8022,4.9568,10.7773,,,,,
33.6392,10,10,61.0663,94.7054,completed,81718.14,50077.60,1.7689,7.28,0.0000,0.4624,0.5914,0.8624,0.4360,1.8242,3.3725,7.1544,8.0634,6.6639
37.8475,9,9,31.4392,69.2863,completed,81718.14,50077.60,1.7689,7.28,0.0000,0.5913,0.7735,0.6538,1.2628,2.9321,5.1929,8.3694,8.3438,
25.6072,10,4,14.7547,40.3617,converged,81717.75,50079.49,1.7747,7.56,0.0000,0.3591,0.3209,0.0502,,,,,,
59.8983,5,5,30.4924,90.3905,completed,81717.75,50079.49,1.7747,7.56,0.0000,0.9097,1.1563,3.6414,10.7170,,,,,
51.0526,7,7,25.7764,76.8284,completed,81717.27,50081.92,1.7733,7.91,0.0000,0.7619,1.1713,1.0231,3.0589,8.9504,8.7474,,,
43.7649,8,8,48.5142,92.2782,completed,81717.27,50081.92,1.7733,7.91,0.0000,0.6061,0.7169,0.3215,1.8631,4.1407,8.1562,8.8601,,
37.6159,9,9,31.7807,69.3957,completed,81716.79,50084.28,1.7726,8.19,0.0000,0.6816,0.8139,0.2067,2.8038,3.9797,7.4499,8.6376,7.4066,
37.6830,9,4,17.9559,55.6389,converged,81716.79,50084.28,1.7726,8.19,0.0000,0.4409,0.4210,0.0996,,,,,,
34.6832,9,9,31.0728,65.7559,completed,81716.34,50086.47,1.7710,8.40,0.0000,0.3623,0.4068,0.2696,1.6536,2.8442,8.0174,8.6451,6.9126,
55.3070,6,6,23.4778,78.7839,completed,81716.34,50086.47,1.7710,8.40,0.0000,0.9801,1.6689,1.7287,5.0456,10.1960,,,,
58.7501,5,5,22.7922,81.5422,completed,81715.88,50088.78,1.7692,8.53,0.0000,0.5102,0.5169,5.5048,11.5606,,,,,
26.5032,10,10,34.8840,61.3870,completed,81715.88,50088.78,1.7692,8.53,0.0000,0.3703,0.4571,0.7049,0.2412,1.7549,2.6710,6.3953,8.1382,7.0610
20.1862,10,10,46.2306,66.4167,completed,81715.40,50091.13,1.7719,8.61,0.0000,0.1653,0.3117,0.4018,0.4939,1.9240,4.5519,8.2712,7.6942,6.1357
53.8815,6,6,23.8919,77.7729,completed,81715.40,50091.13,1.7719,8.61,0.0000,0.7397,1.8468,0.1252,4.0942,9.5821,,,,
53.7389,6,6,27.9557,81.6938,completed,81714.94,50093.41,1.7686,8.65,0.0000,0.9884,1.3981,1.7338,7.1729,10.5684,,,,
25.1948,10,10,45.7131,70.9072,completed,81714.94,50093.41,1.7686,8.65,0.0000,0.1303,0.2033,0.2539,0.6188,1.9341,3.7286,7.4376,8.1177,6.7603
30.9136,10,10,59.4895,90.4025,completed,81714.44,50095.88,1.7652,8.66,0.0000,0.2678,0.2952,0.3602,1.1596,2.4201,4.7534,7.7923,7.8569,6.4733
21.2746,10,10,56.8082,78.0822,completed,81714.44,50095.88,1.7652,8.66,0.0000,0.2419,0.3035,0.3640,1.2173,1.6999,4.5376,8.2722,8.2732,6.4806
28.9335,10,10,52.7591,81.6922,completed,81713.85,50098.89,1.7626,8.66,0.0000,0.1485,0.2544,0.2145,0.8429,0.7904,2.4936,6.6650,7.6452,6.5996
40.3016,8,8,28.5294,68.8304,completed,81713.85,50098.89,1.7626,8.66,0.0000,0.0723,0.4934,1.3834,1.2627,2.9140,7.3392,8.4968,,
53.1556,6,6,30.8599,84.0150,completed,81713.39,50101.27,1.7583,8.65,0.0000,1.4622,1.7820,4.5803,8.6779,10.5907,,,,
31.0486,10,3,10.7438,41.7918,converged,81713.39,50101.27,1.7583,8.65,0.0000,0.0824,0.0263,,,,,,,
55.9526,6,6,22.9603,78.9124,completed,81713.01,50103.30,1.7544,8.64,0.0000,1.0484,1.8842,5.3553,10.0546,9.9312,,,,
59.3064,5,5,22.2447,81.5507,completed,81713.01,50103.30,1.7544,8.64,0.0000,0.4136,0.3896,3.3559,9.9020,,,,,
34.3017,9,9,34.4776,68.7787,completed,81712.53,50105.84,1.7561,8.62,0.0000,0.7441,0.4744,0.2416,2.3363,4.3699,8.0904,7.4933,6.0591,
36.3630,9,3,12.1529,48.5159,converged,81712.53,50105.84,1.7561,8.62,0.0000,0.1095,0.0172,,,,,,,
21.9737,10,10,43.7769,65.9231,completed,81712.12,50108.04,1.7593,8.61,0.0000,0.5734,0.4648,0.3427,1.2344,2.5728,5.6237,6.9475,5.9665,4.9006
59.1303,5,5,26.2861,85.4162,completed,81712.12,50108.04,1.7593,8.61,0.0000,0.1167,0.4682,3.1487,10.1960,,,,,
42.6739,8,8,42.0505,84.7236,completed,81711.70,50110.31,1.7554,8.59,0.0000,0.3704,0.5068,0.2937,1.7795,5.0722,8.1918,7.1350,,
20.5461,10,3,14.9911,35.5371,converged,81711.70,50110.31,1.7554,8.59,0.0000,0.0171,0.0130,,,,,,,
39.3126,9,9,43.1868,82.4988,completed,81711.23,50112.84,1.7573,8.58,0.0000,0.4549,0.5307,0.8585,2.6535,4.7169,7.2821,7.5519,6.1132,
32.7505,10,10,42.8228,75.5728,completed,81711.23,50112.84,1.7573,8.58,0.0000,0.1093,0.2168,0.3041,0.3597,3.1405,6.5622,9.3032,7.9839,6.2325
39.8462,9,9,53.2448,93.0908,completed,81710.76,50115.41,1.7579,8.57,0.0000,0.1277,0.2500,0.2974,1.5023,1.1353,6.5643,8.3873,7.0800,
33.7206,10,4,18.0669,51.7870,converged,81710.76,50115.41,1.7579,8.57,0.0000,0.0559,0.1119,0.0718,,,,,,
45.1999,8,8,26.5404,71.7394,completed,81710.29,50117.85,1.7581,8.56,0.0000,0.0741,0.1952,0.2633,1.8301,3.2501,8.4391,8.7988,,
25.3837,10,3,16.1565,41.5396,converged,81710.29,50117.85,1.7581,8.56,0.0000,0.0182,0.0307,,,,,,,
46.3523,7,3,16.0804,62.4325,converged,81709.92,50119.75,1.7573,8.55,0.0000,0.0691,0.0890,,,,,,,
26.1792,10,10,46.1431,72.3221,completed,81709.92,50119.75,1.7573,8.55,0.0000,0.1960,0.2739,0.3191,2.4175,1.8579,4.1103,8.2719,7.4744,6.1317
50.8438,7,7,31.4180,82.2611,completed,81709.48,50122.00,1.7603,8.55,0.0000,0.0859,0.2350,0.4741,3.2478,10.0017,9.5924,,,
59.9715,5,5,20.1607,80.1318,completed,81709.48,50122.00,1.7603,8.55,0.0000,0.3126,2.3099,4.3737,10.9223,,,,,
54.5791,6,6,26.2141,80.7931,completed,81708.96,50124.64,1.7632,8.54,0.0000,0.1370,0.2991,0.2053,7.2826,10.4324,,,,
42.0450,8,8,30.0166,72.0606,completed,81708.96,50124.64,1.7632,8.54,0.0000,0.0300,0.1661,1.9579,1.9811,4.2181,8.5846,8.3076,,
35.1819,9,9,30.6523,65.8333,completed,81708.47,50127.17,1.7595,8.53,0.0000,0.0496,0.1689,0.1079,0.7981,1.3892,7.1754,8.4559,7.0584,
51.0541,7,7,33.5877,84.6417,completed,81708.47,50127.17,1.7595,8.53,0.0000,0.2477,0.1822,3.1828,4.2559,9.5193,9.1269,,,
43.4364,8,8,41.8028,85.2388,completed,81708.04,50129.44,1.7574,8.53,0.0000,0.0880,0.1031,0.6527,1.9380,5.1450,8.9560,7.7441,,
58.5555,5,5,30.6551,89.2102,completed,81708.04,50129.44,1.7574,8.53,0.0000,0.3785,0.6380,5.3134,11.0468,,,,,
32.9268,10,3,12.5002,45.4262,converged,81707.53,50132.23,1.7563,8.52,0.0000,0.0498,0.0585,,,,,,,
25.3598,10,4,15.4622,40.8212,converged,81707.53,50132.23,1.7563,8.52,0.0000,0.1004,0.1432,0.0935,,,,,,
48.4766,7,7,42.0119,90.4879,completed,81707.19,50134.09,1.7562,8.51,0.0000,0.3977,0.3061,1.2073,2.2323,9.0084,9.1199,,,
46.7414,7,7,26.0615,72.8025,completed,81707.19,50134.09,1.7562,8.51,0.0000,0.0253,0.5999,7.2918,2.1129,7.6090,8.0390,,,
29.3620,10,10,56.5894,85.9514,completed,81706.70,50136.69,1.7574,8.51,0.0000,0.1408,0.1548,0.2791,1.1719,1.7205,6.6289,8.0615,6.7451,5.3880
22.9598,10,10,33.4436,56.4026,completed,81706.70,50136.69,1.7574,8.51,0.0000,0.0581,0.1506,0.7279,2.3944,4.0636,3.2407,7.2624,7.5946,6.4187
56.9835,6,6,35.8944,92.8775,completed,81706.28,50138.96,1.7583,8.50,0.0000,0.4611,0.2550,0.6726,5.8724,10.3189,,,,
58.7610,5,5,21.5240,80.2840,completed,81706.28,50138.96,1.7583,8.50,0.0000,0.2538,0.3034,5.9877,11.1733,,,,,
49.6360,7,7,33.3123,82.9483,completed,81705.80,50141.50,1.7550,8.50,0.0000,0.3567,0.5011,1.1461,4.3638,8.4675,7.5685,,,
57.2334,6,6,22.5294,79.7624,completed,81705.80,50141.50,1.7550,8.50,0.0000,0.1206,0.1561,2.0154,9.2087,10.8117,,,,
23.9312,10,10,39.4055,63.3365,completed,81705.33,50143.98,1.7542,8.49,0.0000,0.0917,0.1210,0.2623,0.6497,2.9626,9.0613,8.0933,6.5873,5.2637
24.8710,10,3,11.4951,36.3652,converged,81705.33,50143.98,1.7542,8.49,0.0000,0.0409,0.0383,,,,,,,
54.9641,6,6,32.8720,87.8361,completed,81704.99,50145.83,1.7526,8.49,0.0000,0.4413,0.5780,0.1277,7.4570,10.8405,,,,
47.5720,7,7,25.6015,73.1735,completed,81704.99,50145.83,1.7526,8.49,0.0000,0.1421,0.5603,0.3761,2.1553,8.8363,9.8802,,,
35.9503,9,4,16.8266,52.7767,converged,81704.56,50148.16,1.7507,8.48,0.0000,0.1066,0.2614,0.0777,,,,,,
49.7765,7,7,25.7137,75.4897,completed,81704.56,50148.16,1.7507,8.48,0.0000,0.2320,0.1469,3.5644,9.4620,10.7615,10.1039,,,
48.0980,7,7,31.5256,79.6226,completed,81704.09,50150.67,1.7544,8.48,0.0000,0.7755,1.6803,1.7518,0.9330,8.4844,9.3089,,,
29.7877,10,10,39.4653,69.2524,completed,81704.09,50150.67,1.7544,8.48,0.0000,0.3722,0.6999,1.2917,1.1139,1.1973,2.2998,7.3530,8.0570,6.7468
35.9578,9,9,32.3742,68.3312,completed,81703.64,50153.18,1.7523,8.47,0.0000,0.3586,0.4477,0.2616,2.3256,4.5934,6.7965,7.0722,5.8813,
42.0571,8,8,37.7498,79.8068,completed,81703.64,50153.18,1.7523,8.47,0.0000,0.3595,0.8251,1.1276,0.3154,2.7002,8.6106,9.0928,,
21.4772,10,10,38.1572,59.6343,completed,81703.20,50155.60,1.7494,8.47,0.0000,0.1450,0.3525,0.5984,0.4633,1.0043,4.0987,7.7064,8.0810,6.9910
39.7234,9,9,34.5049,74.2279,completed,81703.20,50155.60,1.7494,8.47,0.0000,0.0266,0.2161,0.2354,0.8414,3.1057,8.1541,9.0551,7.9794,
59.6452,5,5,19.8678,79.5129,completed,81702.81,50157.78,1.7497,8.46,0.0000,0.2073,1.6518,0.7709,9.0534,,,,,
30.4644,10,5,22.2896,52.7537,converged,81702.81,50157.78,1.7497,8.46,0.0000,0.1251,0.3121,0.5735,0.0824,,,,,
42.5048,8,4,12.1906,54.6946,converged,81702.41,50160.06,1.7495,8.46,0.0000,0.0638,0.1062,0.0341,,,,,,
41.5023,8,3,15.0286,56.5306,converged,81702.41,50160.06,1.7495,8.46,0.0000,0.0181,0.0258,,,,,,,
46.7428,7,4,12.8463,59.5883,converged,81702.03,50162.15,1.7501,8.46,0.0000,0.0808,0.3736,0.0876,,,,,,
56.4369,6,6,24.4669,80.9029,completed,81702.03,50162.15,1.7501,8.46,0.0000,0.0330,0.1005,1.8567,10.0011,11.3411,,,,
52.1137,6,6,31.5928,83.7058,completed,81701.64,50164.32,1.7555,8.45,0.0000,0.0993,0.6620,0.4052,6.2539,10.9492,,,,
56.9359,6,6,26.0305,82.9655,completed,81701.64,50164.32,1.7555,8.45,0.0000,0.0379,0.3657,0.4826,7.9775,11.1900,,,,
56.9007,6,6,32.7815,89.6815,completed,81701.20,50166.75,1.7549,8.45,0.0000,0.0465,0.1915,0.5439,6.0684,10.7102,,,,
45.6754,8,8,40.0723,85.7473,completed,81701.20,50166.75,1.7549,8.45,0.0000,0.0819,0.2174,0.3141,0.4946,3.9933,8.9350,9.5628,,
23.0676,10,10,36.2192,59.2862,completed,81700.70,50169.49,1.7523,8.45,0.0000,0.0767,0.1607,0.3863,0.6246,0.9305,2.3238,7.8977,8.3218,6.9744
41.2896,8,4,12.5121,53.8012,converged,81700.70,50169.49,1.7523,8.45,0.0000,0.0459,0.1260,0.0366,,,,,,
44.3897,8,8,35.2865,79.6755,completed,81700.32,50171.57,1.7516,8.44,0.0000,0.1347,0.2215,0.1413,2.2498,8.2439,10.0422,8.6897,,
27.2350,10,5,20.7575,47.9916,converged,81700.32,50171.57,1.7516,8.44,0.0000,0.1360,0.2215,0.3848,0.0894,,,,,
21.2586,10,10,49.3219,70.5799,completed,81699.91,50173.82,1.7509,8.44,0.0000,0.0609,0.1933,0.3989,0.3444,0.1364,2.0220,7.4166,8.5294,7.1786
34.0587,9,3,10.3422,44.4002,converged,81699.91,50173.82,1.7509,8.44,0.0000,0.0787,0.0670,,,,,,,
35.0703,9,3,12.4459,47.5160,converged,81699.57,50175.70,1.7554,8.44,0.0000,0.2304,0.0607,,,,,,,
46.9303,7,7,29.1732,76.1033,completed,81699.57,50175.70,1.7554,8.44,0.0000,0.1103,0.2275,0.1558,2.6147,8.1817,10.2272,,,
47.7409,7,7,24.8655,72.6056,completed,81699.14,50177.97,1.7573,8.43,0.0000,0.6473,0.2284,2.1803,3.5878,9.6175,10.5138,,,
45.6899,8,8,34.8671,80.5561,completed,81699.14,50177.97,1.7573,8.43,0.0000,0.1856,0.2963,0.1584,0.5914,4.5408,9.6915,8.3578,,
32.2273,10,6,19.4020,51.6290,converged,81698.66,50180.45,1.7615,8.43,0.0000,0.0589,0.2448,0.5864,0.5280,0.0751,,,,
29.3749,10,10,33.8769,63.2510,completed,81698.66,50180.45,1.7615,8.43,0.0000,0.1153,0.2412,0.3902,0.1651,0.5217,1.7898,6.7727,8.4443,7.1671
31.0371,10,4,12.2194,43.2564,converged,81698.29,50182.36,1.7562,8.43,0.0000,0.2300,0.2273,0.0786,,,,,,
51.2767,7,3,10.8967,62.1727,converged,81698.29,50182.36,1.7562,8.43,0.0000,0.1270,0.0993,,,,,,,
40.2878,8,8,36.1155,76.4026,completed,81697.90,50184.42,1.7569,8.42,0.0000,0.2470,0.1046,0.1549,0.7918,3.0832,8.1362,9.5446,,
46.5578,7,3,11.6378,58.1949,converged,81697.90,50184.42,1.7569,8.42,0.0000,0.0904,0.0338,,,,,,,
49.0686,7,3,11.8721,60.9402,converged,81697.51,50186.49,1.7566,8.42,0.0000,0.2269,0.0562,,,,,,,
34.7272,9,9,42.1446,76.8717,completed,81697.51,50186.49,1.7566,8.42,0.0000,0.1602,0.1467,0.1899,1.7578,1.6385,5.9512,9.2798,7.8760,
54.0400,6,6,32.6607,86.7007,completed,81697.10,50188.72,1.7576,8.42,0.0000,0.4366,0.6145,1.5454,6.1352,10.8263,,,,
38.1379,9,9,36.9167,75.0537,completed,81697.10,50188.72,1.7576,8.42,0.0000,0.0856,0.1789,0.1032,1.0898,0.8422,3.4429,7.9883,8.8019,
24.1049,10,10,41.5261,65.6301,completed,81696.64,50191.19,1.7565,8.41,0.0000,0.0644,0.1291,0.1165,0.7254,1.6211,3.4228,7.8363,8.6588,7.3194
45.1756,8,3,12.6128,57.7878,converged,81696.64,50191.19,1.7565,8.41,0.0000,0.0306,0.0489,,,,,,,
24.8079,10,10,40.0086,64.8156,completed,81696.25,50193.34,1.7534,8.41,0.0000,0.5088,0.5144,0.2928,1.5931,1.5352,1.9387,6.3301,8.6395,7.7181
48.6586,7,3,12.1323,60.7903,converged,81696.25,50193.34,1.7534,8.41,0.0000,0.0171,0.0525,,,,,,,
42.4893,8,4,14.1165,56.6055,converged,81695.84,50195.56,1.7523,8.41,0.0000,0.0277,0.1309,0.0381,,,,,,
41.8952,8,3,9.8719,51.7669,converged,81695.84,50195.56,1.7523,8.41,0.0000,0.0300,0.0480,,,,,,,
35.3333,9,9,39.3725,74.7055,completed,81695.55,50197.13,1.7559,8.40,0.0000,0.0630,0.2069,0.5132,0.6987,1.0764,4.1309,8.7575,8.2316,
23.4622,10,3,13.4358,36.8978,converged,81695.55,50197.13,1.7559,8.40,0.0000,0.0593,0.0408,,,,,,,
58.8517,5,5,22.5145,81.3656,completed,81695.15,50199.27,1.7559,8.40,0.0000,0.2967,0.1810,2.1867,9.7628,,,,,
41.6386,8,8,31.7698,73.4079,completed,81695.15,50199.27,1.7559,8.40,0.0000,0.0588,0.2235,0.2192,0.8338,2.5744,8.5875,9.7456,,
40.8120,8,8,38.3698,79.1809,completed,81694.71,50201.57,1.7598,8.40,0.0000,0.0639,0.3752,0.7818,0.9474,3.3026,8.6581,9.5565,,
29.7231,10,3,19.2192,48.9423,converged,81694.71,50201.57,1.7598,8.40,0.0000,0.0298,0.0309,,,,,,,
58.0822,5,5,24.8570,82.9390,completed,81694.33,50203.58,1.7580,8.40,0.0000,0.2903,0.2860,4.1296,11.6005,,,,,
50.0590,7,7,34.8494,84.9084,completed,81694.33,50203.58,1.7580,8.40,0.0000,0.1518,0.3463,0.4285,1.5073,6.0129,10.2221,,,
23.3880,10,10,48.1087,71.4958,completed,81693.87,50206.02,1.7564,8.40,0.0000,0.1270,0.1939,0.2872,1.5174,4.1194,7.3666,9.1435,8.1400,6.6723
52.3143,6,3,8.6001,60.9142,converged,81693.87,50206.02,1.7564,8.40,0.0000,0.0728,0.0731,,,,,,,
36.1459,9,9,39.8382,75.9832,completed,81693.52,50207.83,1.7574,8.39,0.0000,0.1592,0.1883,0.2081,0.7145,1.8484,5.0228,9.0121,8.8115,
26.3958,10,10,49.1085,75.5035,completed,81693.52,50207.83,1.7574,8.39,0.0000,0.1862,0.2950,0.2087,0.6247,2.0117,3.1080,8.0267,9.1976,7.3856
31.1913,10,3,10.5737,41.7648,converged,81693.05,50210.38,1.7544,8.39,0.0000,0.0589,0.0605,,,,,,,
28.2708,10,10,41.7525,70.0225,completed,81693.05,50210.38,1.7544,8.39,0.0000,0.1815,0.1482,0.1377,0.1655,1.5553,1.9227,6.5575,8.9691,7.6712
20.4437,10,10,38.6935,59.1366,completed,81692.66,50212.44,1.7551,8.39,0.0000,0.6497,1.1487,2.3055,1.9465,2.2176,3.4032,8.9542,7.9610,6.4077
40.7241,8,8,37.5542,78.2783,completed,81692.66,50212.44,1.7551,8.39,0.0000,0.1598,0.1034,0.7699,1.1010,2.1115,7.8736,9.4468,,
28.2386,10,10,37.3811,65.6191,completed,81692.30,50214.41,1.7527,8.39,0.0000,0.1938,0.1170,0.3052,0.5900,3.0974,5.9842,9.8995,8.4076,6.6340
20.5216,10,4,17.6702,38.1913,converged,81692.30,50214.41,1.7527,8.39,0.0000,0.1445,0.2575,0.0545,,,,,,
57.9236,6,6,27.4276,85.3506,completed,81691.90,50216.56,1.7541,8.39,0.0000,0.4011,0.3649,2.3083,4.6846,10.5800,,,,
55.0667,6,6,24.2088,79.2748,completed,81691.90,50216.56,1.7541,8.39,0.0000,0.4729,0.3859,3.3432,10.2415,12.2871,,,,
55.2117,6,6,34.6204,89.8315,completed,81691.44,50219.04,1.7558,8.39,0.0000,0.4549,0.5906,2.7961,5.2376,11.1444,,,,
52.4185,6,6,26.3603,78.7783,completed,81691.44,50219.04,1.7558,8.39,0.0000,0.3783,0.3344,2.8703,7.2238,12.0180,,,,
42.9278,8,8,29.4681,72.3952,completed,81690.98,50221.51,1.7550,8.39,0.0000,0.5125,0.4218,0.1998,4.1404,7.8876,10.6879,9.1741,,
59.1190,5,5,20.0546,79.1727,completed,81690.98,50221.51,1.7550,8.39,0.0000,0.4602,0.2271,4.3598,11.4819,,,,,
54.4449,6,6,23.6241,78.0682,completed,81690.52,50223.98,1.7528,8.38,0.0000,0.4069,0.7640,0.5901,5.3010,10.9977,,,,
45.6618,8,3,9.6974,55.3585,converged,81690.52,50223.98,1.7528,8.38,0.0000,0.3754,0.0798,,,,,,,
38.6695,9,9,43.1104,81.7795,completed,81690.15,50226.04,1.7520,8.38,0.0000,0.1579,0.8576,2.5004,1.3488,1.3065,7.0221,9.0608,7.8564,
42.1141,8,3,10.2700,52.3840,converged,81690.15,50226.04,1.7520,8.38,0.0000,0.5144,0.0619,,,,,,,
44.6070,8,8,28.1320,72.7391,completed,81689.74,50228.27,1.7512,8.38,0.0000,0.2256,1.5227,3.2358,1.3077,3.8541,9.6129,9.3078,,
22.7211,10,10,38.5165,61.2375,completed,81689.74,50228.27,1.7512,8.38,0.0000,0.4922,0.6391,0.4235,1.5753,6.4594,12.9274,9.8318,7.9650,6.1070
51.1898,7,7,40.1464,91.3354,completed,81689.32,50230.57,1.7555,8.38,0.0000,0.7900,0.1256,1.0043,2.9179,9.6169,11.5529,,,
27.6706,10,10,43.2243,70.8944,completed,81689.32,50230.57,1.7555,8.38,0.0000,0.1320,0.1376,0.9158,0.6886,2.2215,2.7675,5.7741,9.0766,8.1395
35.0355,9,9,44.4327,79.4678,completed,81688.86,50233.03,1.7540,8.38,0.0000,0.6538,0.5003,1.0570,1.6011,0.3800,4.9539,9.0431,9.5906,
35.8246,9,9,37.7055,73.5295,completed,81688.86,50233.03,1.7540,8.38,0.0000,0.2881,0.1812,0.5294,0.1933,2.5495,3.6785,8.1760,9.6737,
52.2149,6,6,29.3858,81.5998,completed,81688.50,50234.99,1.7506,8.38,0.0000,1.3810,0.6652,2.1103,6.0291,11.6916,,,,
53.1196,6,6,22.1902,75.3092,completed,81688.50,50234.99,1.7506,8.38,0.0000,0.3256,0.6022,1.5175,4.1578,10.2946,,,,
55.3361,6,6,23.9381,79.2741,completed,81688.03,50237.55,1.7510,8.38,0.0000,0.2509,2.3628,0.8287,3.1522,8.5604,,,,
27.9730,10,10,35.7418,63.7148,completed,81688.03,50237.55,1.7510,8.38,0.0000,0.1576,0.1076,0.1750,0.1666,1.5664,1.9445,3.4153,7.2711,9.2355
51.7677,7,7,38.4534,90.2204,completed,81687.57,50240.02,1.7513,8.37,0.0000,0.2377,0.2874,0.4836,1.6396,4.8460,8.8121,,,
41.2661,8,3,11.3800,52.6460,converged,81687.57,50240.02,1.7513,8.37,0.0000,0.1189,0.0302,,,,,,,
20.4985,10,10,40.7152,61.2133,completed,81687.17,50242.23,1.7476,8.37,0.0000,0.0588,0.1065,0.2849,0.1225,1.1923,1.0802,3.2812,7.0352,8.2338
34.1851,9,3,8.9526,43.1377,converged,81687.17,50242.23,1.7476,8.37,0.0000,0.0504,0.0469,,,,,,,
37.8397,9,9,40.1462,77.9852,completed,81686.83,50244.12,1.7465,8.37,0.0000,2.2518,2.2544,5.6235,14.7507,3.5718,5.3446,5.7569,4.7293,
21.9335,10,3,14.5128,36.4459,converged,81686.83,50244.12,1.7465,8.37,0.0000,0.0434,0.0444,,,,,,,
57.5251,6,6,25.1661,82.6911,completed,81686.46,50246.18,1.7482,8.37,0.0000,2.4618,9.3260,13.1513,8.1082,7.8625,,,,
35.1597,9,9,31.0440,66.2031,completed,81686.46,50246.18,1.7482,8.37,0.0000,0.0871,0.1075,0.1823,0.8726,1.0720,2.3526,6.0036,9.0763,
20.9414,10,4,13.1510,34.0921,converged,81686.04,50248.49,1.7496,8.37,0.0000,0.1376,0.1054,0.0995,,,,,,
50.9514,7,7,29.3573,80.3083,completed,81686.04,50248.49,1.7496,8.37,0.0000,0.0766,0.1351,0.6370,1.1383,3.6155,8.2305,,,
45.7287,8,3,11.4233,57.1514,converged,81685.68,50250.46,1.7491,8.37,0.0000,0.0595,0.0598,,,,,,,
26.4993,10,3,12.0686,38.5676,converged,81685.68,50250.46,1.7491,8.37,0.0000,0.0389,0.0547,,,,,,,
40.4111,8,3,11.8235,52.2345,converged,81685.30,50252.61,1.7497,8.37,0.0000,0.0637,0.0393,,,,,,,
53.1481,6,6,26.5653,79.7134,completed,81685.30,50252.61,1.7497,8.37,0.0000,0.0918,0.1562,0.5922,1.3873,6.6269,,,,
45.7197,8,8,30.1424,75.8615,completed,81684.95,50254.59,1.7488,8.37,0.0000,0.0959,0.2052,0.3296,0.6594,0.4113,5.1954,7.4572,,
23.7047,10,3,9.0936,32.7977,converged,81684.95,50254.59,1.7488,8.37,0.0000,0.0408,0.0585,,,,,,,
29.3102,10,10,39.7759,69.0860,completed,81684.63,50256.39,1.7485,8.37,0.0000,0.1568,0.3964,0.4016,0.3496,0.2367,0.8913,2.1084,6.1840,6.9511
59.9414,5,5,17.4163,77.3574,completed,81684.63,50256.39,1.7485,8.37,0.0000,0.0908,0.2182,1.1096,5.6041,,,,,
25.3128,10,10,41.2525,66.5645,completed,81684.16,50258.94,1.7485,8.37,0.0000,0.5596,5.2928,8.0606,0.5933,0.5531,1.0583,3.8389,6.4016,6.0613
57.4556,6,3,15.1206,72.5756,converged,81684.16,50258.94,1.7485,8.37,0.0000,0.0570,0.0691,,,,,,,
55.6113,6,6,22.2861,77.8972,completed,81683.76,50261.16,1.7496,8.37,0.0000,0.8889,15.5144,2.1217,2.3522,6.5954,,,,
33.3100,10,3,9.7469,43.0569,converged,81683.76,50261.16,1.7496,8.37,0.0000,0.0077,0.0462,,,,,,,
46.4491,7,7,39.2406,85.6897,completed,81683.38,50263.30,1.7481,8.36,0.0000,5.2573,3.2138,18.5888,8.1172,7.3131,6.7782,,,
27.9217,10,3,9.8835,37.8045,converged,81683.38,50263.30,1.7481,8.36,0.0000,0.0216,0.0752,,,,,,,
56.8678,6,6,32.6898,89.5569,completed,81683.02,50265.27,1.7469,8.35,0.0000,5.1100,11.1149,19.0825,9.9530,9.2959,,,,
28.4011,10,3,12.4665,40.8676,converged,81683.02,50265.27,1.7469,8.35,0.0000,0.0229,0.0339,,,,,,,
51.3533,7,7,36.4598,87.8129,completed,81682.59,50267.73,1.7463,8.26,0.0000,1.1404,1.4931,7.7713,8.5898,8.8522,9.2827,,,
41.1718,8,3,16.3323,57.5034,converged,81682.59,50267.73,1.7463,8.26,0.0000,0.0396,0.0851,,,,,,,
57.0863,6,6,25.9848,83.0708,completed,81682.16,50270.14,1.7462,7.99,0.0000,0.4628,8.2344,17.0198,9.1755,8.5888,,,,
43.2762,8,8,36.0638,79.3398,completed,81682.16,50270.14,1.7462,7.99,0.0000,14.9575,25.7748,26.2659,10.8060,8.6290,8.0103,6.3772,,
47.9729,7,7,35.2469,83.2189,completed,81681.78,50272.29,1.7452,7.64,0.0000,0.4732,0.2021,6.1175,6.3907,6.0851,6.0515,,,
53.1499,6,6,29.3647,82.5137,completed,81681.78,50272.29,1.7452,7.64,0.0000,1.0247,12.6775,17.4938,10.6559,9.5960,,,,
52.5113,6,6,24.7989,77.3099,completed,81681.37,50274.63,1.7436,7.25,0.0000,0.1718,0.5378,7.1221,5.3430,6.5314,,,,
56.6551,6,6,24.2935,80.9485,completed,81681.37,50274.63,1.7436,7.25,0.0000,1.5107,8.5592,15.4006,10.1154,9.0888,,,,
23.8790,10,10,43.7807,67.6588,completed,81681.03,50276.60,1.7438,7.10,0.0000,0.1098,0.3384,0.7498,2.9107,7.2721,4.4688,4.8813,5.0522,4.1834
26.2316,10,10,43.6657,69.8967,completed,81681.03,50276.60,1.7438,7.10,0.0000,0.3571,2.4247,5.7454,7.6809,10.6274,4.8476,5.6644,5.8115,4.9566
21.3509,10,3,9.8253,31.1753,converged,81680.72,50278.34,1.7452,7.09,0.0000,0.2530,0.0251,,,,,,,
26.0647,10,10,58.4422,84.5063,completed,81680.72,50278.34,1.7452,7.09,0.0000,0.6402,0.4785,2.7633,4.2569,3.5654,5.0280,6.1554,6.8524,5.9210
34.4988,9,3,15.8115,50.3095,converged,81680.41,50280.10,1.7474,7.20,0.0000,0.3676,0.0909,,,,,,,
36.5764,9,9,40.8430,77.4190,completed,81680.41,50280.10,1.7474,7.20,0.0000,1.6739,2.4120,3.5783,4.7899,2.7016,5.6537,7.4079,6.5994,
20.2789,10,10,52.3159,72.5939,completed,81680.08,50281.91,1.7538,7.44,0.0000,0.2721,0.3206,0.5564,1.2759,2.3257,3.9201,5.9245,6.1751,5.2915
55.2747,6,6,22.8750,78.1490,completed,81680.08,50281.91,1.7538,7.44,0.0000,0.8750,1.3363,2.5484,7.1029,9.1325,,,,
53.1885,6,6,27.6881,80.8762,completed,81679.66,50284.15,1.7569,7.75,0.0000,0.6260,0.4123,5.9238,5.8571,7.2682,,,,
20.0837,10,10,38.2533,58.3364,completed,81679.66,50284.15,1.7569,7.75,0.0000,0.8119,0.8922,1.1870,3.1846,2.9999,4.0905,6.3844,6.3286,5.2658
30.2790,10,10,37.8048,68.0829,completed,81679.27,50286.24,1.7557,8.01,0.0000,0.3104,0.8144,1.3721,2.0450,6.6409,5.9675,5.9123,5.4454,4.4305
47.5590,7,7,42.4723,90.0314,completed,81679.27,50286.24,1.7557,8.01,0.0000,0.9155,1.7770,4.0313,5.1124,8.0639,8.8967,,,
33.3964,10,10,44.0461,77.4422,completed,81678.79,50288.80,1.7544,8.23,0.0000,0.5154,0.1987,1.0264,3.0204,5.5256,5.4594,6.0232,6.1702,5.2458
34.7848,9,9,42.7517,77.5357,completed,81678.79,50288.80,1.7544,8.23,0.0000,0.4539,1.0849,3.2899,3.2963,5.7292,6.0852,7.6243,7.0261,
43.2916,8,8,37.0194,80.3104,completed,81678.40,50290.94,1.7548,8.38,0.0000,0.9406,0.1831,2.7377,4.0080,4.4662,6.4776,5.8410,,
23.8756,10,10,43.3225,67.1975,completed,81678.40,50290.94,1.7548,8.38,0.0000,1.1194,1.3122,1.7972,5.1122,4.8010,3.9044,5.9979,6.4827,5.5655
30.4337,10,10,52.2118,82.6449,completed,81677.94,50293.43,1.7531,8.48,0.0000,0.5166,0.1842,1.3785,2.4868,2.2329,2.8026,5.1950,4.8430,3.8061
56.0566,6,6,24.1460,80.2020,completed,81677.94,50293.43,1.7531,8.48,0.0000,1.9174,3.8496,5.2785,5.0712,8.8470,,,,
35.6691,9,9,37.8658,73.5349,completed,81677.51,50295.77,1.7542,8.54,0.0000,0.7859,0.2522,2.2912,3.1151,2.5839,4.5673,5.7995,5.0379,
54.6008,6,6,23.2772,77.8772,completed,81677.51,50295.77,1.7542,8.54,0.0000,0.1869,1.0945,5.4304,9.0428,9.9002,,,,
27.7769,10,10,35.9659,63.7420,completed,81677.09,50298.05,1.7522,8.56,0.0000,0.8860,0.5543,1.2289,3.9633,3.1350,3.0216,5.2076,5.3746,4.5092
25.4954,10,10,44.8915,70.3866,completed,81677.09,50298.05,1.7522,8.56,0.0000,0.1595,0.2250,1.0778,1.9583,6.6929,6.7109,7.5051,6.3635,4.9761
31.4512,10,10,47.9265,79.3775,completed,81676.67,50300.32,1.7528,8.57,0.0000,0.5490,0.3893,0.7278,2.6151,2.3429,2.3722,5.0222,5.2366,4.3653
50.7538,7,7,24.9422,75.6953,completed,81676.67,50300.32,1.7528,8.57,0.0000,2.1004,2.4994,4.1567,4.1233,7.4470,8.1014,,,
20.9889,10,10,34.6541,55.6421,completed,81676.21,50302.85,1.7511,8.57,0.0000,0.8142,0.7583,0.4336,2.3500,2.4998,2.5893,4.8037,5.2605,4.4863
20.6579,10,10,38.7352,59.3922,completed,81676.21,50302.85,1.7511,8.57,0.0000,1.2352,1.5547,1.6474,2.0729,3.8313,4.1898,5.8914,6.6348,5.8574
50.7146,7,7,45.8039,96.5179,completed,81675.79,50305.21,1.7516,8.56,0.0000,0.5552,0.7715,3.4133,2.3645,6.3707,6.5687,,,
59.1570,5,5,29.6996,88.8566,completed,81675.79,50305.21,1.7516,8.56,0.0000,1.4212,3.4185,6.2315,8.9776,,,,,
25.2428,10,4,20.7345,45.9765,converged,81675.25,50308.16,1.7514,8.54,0.0000,0.1862,0.1955,0.0869,,,,,,
43.8205,8,8,34.8430,78.6630,completed,81675.25,50308.16,1.7514,8.54,0.0000,0.4689,0.2539,1.3360,2.2909,3.2658,6.0436,5.8554,,
54.8114,6,6,33.7438,88.5549,completed,81674.90,50310.09,1.7509,8.53,0.0000,0.8992,1.3209,2.6772,3.4431,6.7149,,,,
35.6966,9,9,39.1582,74.8543,completed,81674.90,50310.09,1.7509,8.53,0.0000,0.4082,0.4314,0.4133,1.4624,1.6594,3.8674,5.6787,5.0977,
33.8132,10,3,12.3651,46.1781,converged,81674.44,50312.61,1.7570,8.52,0.0000,0.0941,0.0609,,,,,,,
54.8499,6,6,22.9901,77.8391,completed,81674.44,50312.61,1.7570,8.52,0.0000,0.4262,1.8023,3.3497,6.6780,7.5351,,,,
49.1158,7,7,28.3183,77.4334,completed,81674.01,50314.87,1.7581,8.51,0.0000,0.4127,0.1225,1.4054,1.0445,4.6539,6.0047,,,
36.0940,9,9,48.5730,84.6670,completed,81674.01,50314.87,1.7581,8.51,0.0000,0.3409,0.3359,0.7392,3.1891,3.2340,5.6524,6.4102,5.4205,
20.6793,10,10,43.9367,64.6158,completed,81673.58,50317.13,1.7627,8.50,0.0000,0.1727,0.1396,0.2069,0.3807,0.8876,1.7804,4.3397,4.8421,4.0046
39.2457,9,9,46.1270,85.3720,completed,81673.58,50317.13,1.7627,8.50,0.0000,1.3619,2.7106,5.5033,9.9178,2.4257,5.1798,6.9439,6.4449,
21.2312,10,10,54.4472,75.6783,completed,81673.06,50319.80,1.7616,8.49,0.0000,0.3426,0.3635,0.1778,0.9974,0.8344,3.9856,5.7197,5.5968,4.6335
24.7277,10,10,54.0285,78.7555,completed,81673.06,50319.80,1.7616,8.49,0.0000,0.5865,0.7899,0.8096,1.1859,1.7637,4.7120,6.7266,6.5828,5.4072
38.5496,9,9,46.4066,84.9556,completed,81672.57,50322.35,1.7599,8.48,0.0000,0.2896,0.3048,0.2432,1.5208,3.1482,4.3330,5.7996,5.2844,
44.2317,8,8,44.7624,88.9935,completed,81672.57,50322.35,1.7599,8.48,0.0000,0.9370,1.5104,1.4069,3.4976,4.8597,7.3096,7.2724,,
53.3214,6,6,24.0369,77.3579,completed,81672.09,50324.89,1.7563,8.47,0.0000,0.4081,0.3868,2.7603,4.6547,7.1674,,,,
25.5933,10,10,48.8187,74.4118,completed,81672.09,50324.89,1.7563,8.47,0.0000,0.7347,1.1862,2.1678,4.1282,2.7650,3.5797,5.9750,6.5806,5.6895
39.5917,9,9,39.0237,78.6148,completed,81671.64,50327.32,1.7550,8.47,0.0000,0.5358,0.7359,1.4314,2.1779,1.6347,5.1503,6.3339,5.5942,
56.2552,6,6,28.6239,84.8790,completed,81671.64,50327.32,1.7550,8.47,0.0000,1.2918,3.1437,2.4128,5.2111,8.5026,,,,
30.1925,10,10,37.8571,68.0492,completed,81671.21,50329.65,1.7544,8.46,0.0000,0.0798,0.1090,0.1877,0.4560,1.2048,1.8737,4.3934,4.6713,3.7414
38.0501,9,9,36.7397,74.7898,completed,81671.21,50329.65,1.7544,8.46,0.0000,0.3783,0.5087,0.2150,2.3656,3.7564,5.5224,6.4617,5.7965,
54.8380,6,6,24.7537,79.5908,completed,81670.77,50331.98,1.7562,8.46,0.0000,0.5885,1.5667,0.8293,4.1863,6.9049,,,,
44.8873,8,8,30.6141,75.5012,completed,81670.77,50331.98,1.7562,8.46,0.0000,0.4956,0.5703,1.2384,4.0243,5.3039,7.2894,6.5393,,
26.5969,10,10,42.5219,69.1179,completed,81670.30,50334.47,1.7578,8.46,0.0000,0.2653,0.3646,0.4869,0.6662,2.0785,2.3664,4.3635,5.0974,4.3710
31.6158,10,10,36.9469,68.5620,completed,81670.30,50334.47,1.7578,8.46,0.0000,0.1188,0.1654,0.2234,1.9213,2.9516,4.5364,6.3224,6.1096,5.1678
38.9383,9,9,32.0690,71.0071,completed,81669.91,50336.55,1.7585,8.45,0.0000,0.1576,0.1822,0.1291,1.6202,1.8264,3.7722,5.5924,5.0498,
50.5636,7,7,29.7984,80.3614,completed,81669.91,50336.55,1.7585,8.45,0.0000,0.1424,0.8083,0.6810,3.5771,7.1240,7.8873,,,
32.8539,10,10,45.2248,78.0779,completed,81669.43,50339.09,1.7577,8.45,0.0000,0.1545,0.1394,0.1312,0.4403,1.7469,3.0727,5.4699,5.7867,4.9930
48.4319,7,7,25.9923,74.4233,completed,81669.43,50339.09,1.7577,8.45,0.0000,0.0870,0.4440,0.4551,1.9985,7.1456,7.2598,,,
40.3914,8,8,30.4050,70.7961,completed,81668.97,50341.53,1.7554,8.45,0.0000,0.1621,0.2042,0.3170,1.3844,2.7719,5.7516,5.9059,,
24.7880,10,10,45.7164,70.5035,completed,81668.97,50341.53,1.7554,8.45,0.0000,0.1982,0.1912,0.2214,0.5206,2.5340,3.8928,5.8862,6.4383,5.6777
23.4842,10,3,15.0773,38.5614,converged,81668.55,50343.77,1.7526,8.45,0.0000,0.0646,0.0992,,,,,,,
24.8846,10,3,14.6456,39.5296,converged,81668.55,50343.77,1.7526,8.45,0.0000,0.1073,0.0618,,,,,,,
27.4474,10,3,11.7481,39.1951,converged,81668.22,50345.59,1.7519,8.44,0.0000,0.0561,0.0511,,,,,,,
51.5820,7,7,27.3941,78.9752,completed,81668.22,50345.59,1.7519,8.44,0.0000,0.0754,1.2676,2.1358,2.2255,7.0703,8.0602,,,
21.0520,10,3,16.0992,37.1513,converged,81667.85,50347.60,1.7560,8.44,0.0000,0.0417,0.0440,,,,,,,
24.1598,10,10,54.4086,78.5676,completed,81667.85,50347.60,1.7560,8.44,0.0000,0.0604,0.1798,0.5335,0.7984,2.2635,4.3409,6.7138,7.0941,5.9626
40.8692,8,8,36.1663,77.0354,completed,81667.42,50349.84,1.7597,8.43,0.0000,0.2368,0.3282,0.5663,1.7524,4.9091,7.7254,7.2336,,
48.4349,7,7,29.1335,77.5676,completed,81667.42,50349.84,1.7597,8.43,0.0000,0.3394,0.8652,1.4867,4.8159,8.0276,8.5169,,,
51.8223,7,7,24.6708,76.4929,completed,81666.95,50352.32,1.7625,8.43,0.0000,0.1891,0.2502,1.0353,3.8628,8.1502,8.4183,,,
48.9947,7,7,31.7020,80.6961,completed,81666.95,50352.32,1.7625,8.43,0.0000,0.2609,0.5470,3.1325,4.7498,7.6526,8.8473,,,
50.1723,7,7,26.8074,76.9794,completed,81666.52,50354.56,1.7540,8.43,0.0000,0.1750,0.1829,0.7655,3.7933,7.8626,8.7012,,,
35.0634,9,9,32.4465,67.5096,completed,81666.52,50354.56,1.7540,8.43,0.0000,0.8821,2.2913,5.5244,1.9595,2.4857,4.5329,6.8649,6.3983,
40.4482,8,8,39.9593,80.4073,completed,81666.13,50356.71,1.7514,8.43,0.0000,0.1027,0.3440,0.6054,1.6345,4.4038,7.7831,7.5419,,
55.1878,6,6,21.5946,76.7816,completed,81666.13,50356.71,1.7514,8.43,0.0000,0.6199,1.1269,6.5702,7.9032,9.5275,,,,
30.7840,10,10,42.8092,73.5932,completed,81665.68,50359.20,1.7502,8.42,0.0000,0.1200,0.3255,0.6229,0.4790,1.3847,2.8372,5.8980,6.6343,5.7389
33.3415,10,10,36.1493,69.4903,completed,81665.68,50359.20,1.7502,8.42,0.0000,0.1545,0.4443,0.4643,3.6082,3.9399,4.1266,6.6745,6.9107,5.6587
44.6393,8,8,28.1891,72.8281,completed,81665.27,50361.44,1.7486,8.42,0.0000,0.1034,0.1206,0.9506,0.7666,4.7387,8.2706,7.5803,,
59.0874,5,5,24.3825,83.4695,completed,81665.27,50361.44,1.7486,8.42,0.0000,0.3458,4.2401,6.6251,11.0973,,,,,
51.3247,7,7,32.7592,84.0833,completed,81664.82,50363.99,1.7453,8.42,0.0000,0.1937,0.3081,0.4988,3.0685,7.4050,8.4448,,,
38.4970,9,9,42.5084,81.0044,completed,81664.82,50363.99,1.7453,8.42,0.0000,0.4072,0.9138,1.4962,0.3631,2.4983,5.3293,7.2433,6.4965,
48.2426,7,7,31.1225,79.3646,completed,81664.39,50366.41,1.7446,8.41,0.0000,0.2207,0.5195,0.7647,2.7236,8.4050,8.1562,,,
47.7070,7,7,36.1687,83.8747,completed,81664.39,50366.41,1.7446,8.41,0.0000,0.4573,1.2021,2.5273,3.5531,7.2145,9.0552,,,
29.7243,10,4,20.0540,49.7780,converged,81664.00,50368.66,1.7446,8.41,0.0000,0.1291,0.1233,0.0974,,,,,,
43.2866,8,8,28.7567,72.0428,completed,81664.00,50368.66,1.7446,8.41,0.0000,0.3556,0.8374,0.3226,2.3566,4.0769,7.7184,7.8214,,
32.5617,10,10,58.6235,91.1846,completed,81663.62,50370.81,1.7459,8.41,0.0000,0.2643,0.3973,0.6875,0.9293,1.3445,5.1650,7.6598,6.6501,5.2799
53.4397,6,6,22.9050,76.3441,completed,81663.62,50370.81,1.7459,8.41,0.0000,0.5944,1.0115,2.5012,5.5860,8.9178,,,,
33.2692,10,10,37.3550,70.6240,completed,81663.22,50373.04,1.7523,8.41,0.0000,0.1094,0.4875,1.7020,4.2716,2.1586,2.0198,5.2353,6.5600,5.8353
28.2600,10,10,51.2108,79.4709,completed,81663.22,50373.04,1.7523,8.41,0.0000,0.3748,0.7561,1.9906,5.3017,2.5313,2.4783,5.7568,6.6163,5.6457
35.0648,9,3,12.9714,48.0354,converged,81662.81,50375.27,1.7496,8.41,0.0000,0.0385,0.0637,,,,,,,
30.7917,10,10,42.0562,72.8472,completed,81662.62,50376.31,1.7503,8.40,0.0000,0.1386,0.1904,0.4550,0.6123,0.7311,4.0180,7.2897,6.8530,5.4776
42.6348,8,8,29.5655,72.1996,completed,81662.62,50376.31,1.7503,8.40,0.0000,0.0867,0.1866,0.4364,0.2439,5.0308,8.7387,7.4354,,
23.9626,10,10,35.5963,59.5583,completed,81662.17,50378.83,1.7533,8.40,0.0000,0.0996,0.1180,0.1542,0.2750,2.9410,3.4339,6.4501,7.2867,6.2586
58.2737,5,5,23.7651,82.0382,completed,81662.17,50378.83,1.7533,8.40,0.0000,0.1751,0.4536,3.4525,9.5840,,,,,
58.7081,5,3,9.0431,67.7511,converged,81661.76,50381.07,1.7535,8.40,0.0000,0.1059,0.0599,,,,,,,
31.6034,10,10,56.0296,87.6326,completed,81661.76,50381.07,1.7535,8.40,0.0000,0.0552,0.2904,0.6373,2.1703,0.7936,4.1055,7.1273,7.6186,6.2518
52.7811,6,6,30.5821,83.3631,completed,81661.26,50383.74,1.7553,8.40,0.0000,0.1123,0.8057,2.1937,5.0223,8.8860,,,,
38.3873,9,9,60.4792,98.8662,completed,81661.26,50383.74,1.7553,8.40,0.0000,0.1102,0.3211,0.2646,0.9268,2.4603,5.5208,7.9841,7.7832,
48.8645,7,7,31.7334,80.5975,completed,81660.79,50386.27,1.7558,8.40,0.0000,0.0476,0.2235,0.3056,2.4209,7.7116,8.3860,,,
57.9167,6,6,27.3962,85.3122,completed,81660.79,50386.27,1.7558,8.40,0.0000,0.0824,0.3104,1.1944,6.4585,9.7370,,,,
37.3438,9,9,48.5354,85.8784,completed,81660.33,50388.74,1.7568,8.39,0.0000,0.0447,0.1754,0.1423,0.2782,2.1545,5.9027,7.7316,6.6783,
22.0536,10,10,68.5548,90.6078,completed,81660.33,50388.74,1.7568,8.39,0.0000,0.0926,0.2839,0.7677,0.5826,1.1335,2.0565,5.7148,7.1026,6.1522
54.9173,6,6,35.2717,90.1888,completed,81659.83,50391.41,1.7563,8.39,0.0000,0.1611,0.9031,0.6968,5.7700,8.6930,,,,
48.3482,7,7,32.0371,80.3851,completed,81659.83,50391.41,1.7563,8.39,0.0000,0.2274,0.9477,0.6417,2.1969,7.0535,8.8382,,,
35.5226,9,9,34.4709,69.9930,completed,81659.29,50394.27,1.7574,8.39,0.0000,0.0489,0.2627,0.4353,0.5235,2.0384,5.8268,7.0063,5.8826,
29.4355,10,3,11.7205,41.1555,converged,81659.29,50394.27,1.7574,8.39,0.0000,0.0508,0.0738,,,,,,,
30.3921,10,10,42.1058,72.4978,completed,81658.89,50396.41,1.7559,8.39,0.0000,0.0819,0.3343,0.7118,0.5944,1.1161,2.9370,6.2691,6.6549,5.4040
40.1302,8,3,14.6761,54.8062,converged,81658.89,50396.41,1.7559,8.39,0.0000,0.0478,0.0690,,,,,,,
53.0767,6,6,28.6174,81.6934,completed,81658.47,50398.64,1.7551,8.39,0.0000,0.2117,0.5500,0.5355,6.8584,9.3338,,,,
24.2560,10,3,16.5181,40.7732,converged,81658.47,50398.64,1.7551,8.39,0.0000,0.0464,0.0748,,,,,,,
48.8439,7,3,9.6189,58.4620,converged,81658.05,50400.86,1.7588,8.38,0.0000,0.0453,0.0872,,,,,,,
26.3799,10,10,36.5542,62.9332,completed,81658.05,50400.86,1.7588,8.38,0.0000,0.0654,0.1618,0.2938,0.3379,0.8792,3.8829,7.5628,7.7912,6.1143
36.4821,9,9,37.9161,74.3981,completed,81657.64,50403.00,1.7614,8.38,0.0000,0.1006,0.4463,0.9994,2.1089,2.2317,5.2495,7.7859,7.0998,
39.9435,9,3,12.9279,52.8710,converged,81657.64,50403.00,1.7614,8.38,0.0000,0.0414,0.0755,,,,,,,
48.9563,7,3,9.9151,58.8711,converged,81657.21,50405.21,1.7634,8.38,0.0000,0.0813,0.0987,,,,,,,
26.9292,10,10,35.5247,62.4538,completed,81657.21,50405.21,1.7634,8.38,0.0000,0.2955,0.6142,1.0249,0.4387,1.7151,3.0621,5.8530,7.3887,6.4174
42.9697,8,3,12.9646,55.9336,converged,81656.81,50407.26,1.7615,8.38,0.0000,0.0340,0.0538,,,,,,,
54.8363,6,6,21.1988,76.0348,completed,81656.81,50407.26,1.7615,8.38,0.0000,0.3320,0.2805,2.4822,7.6691,10.2788,,,,
33.6248,10,10,38.7974,72.4215,completed,81656.42,50409.32,1.7642,8.38,0.0000,0.0448,0.1478,0.1299,0.3162,0.4934,5.1274,8.0685,7.2696,5.6409
34.2726,9,9,48.7334,83.0055,completed,81656.42,50409.32,1.7642,8.38,0.0000,0.5753,0.9800,1.6773,3.1259,2.0227,4.9437,7.9380,7.9147,
25.1978,10,10,41.2592,66.4562,completed,81655.92,50411.78,1.7644,8.38,0.0000,0.0757,0.1865,0.2779,0.6624,0.4916,3.5490,7.6618,7.0257,5.5270
40.9285,8,8,37.7287,78.6567,completed,81655.92,50411.78,1.7644,8.38,0.0000,0.4353,0.5013,0.4852,0.5675,6.2896,9.1895,8.2684,,
55.4413,6,6,30.3383,85.7793,completed,81655.46,50414.16,1.7592,8.37,0.0000,0.5790,3.0440,0.5948,4.0422,9.3720,,,,
38.1384,9,9,37.5872,75.7253,completed,81655.46,50414.16,1.7592,8.37,0.0000,0.4612,0.7191,0.8318,1.9096,3.3318,5.0930,8.0057,7.5574,
33.2370,10,10,34.8443,68.0813,completed,81654.98,50416.71,1.7558,8.37,0.0000,0.0858,0.2821,0.6544,1.4906,1.0324,3.2017,7.0285,7.3406,6.0110
20.8589,10,10,36.0500,56.9081,completed,81654.98,50416.71,1.7558,8.37,0.0000,0.3831,0.5700,0.9309,1.6073,1.8939,4.1697,6.8328,7.3150,6.0702
49.0208,7,7,30.9196,79.9397,completed,81654.60,50418.76,1.7523,8.37,0.0000,0.2118,0.3423,0.6000,4.9650,9.2111,9.3488,,,
34.1069,9,9,40.4790,74.5851,completed,81654.60,50418.76,1.7523,8.37,0.0000,0.4465,0.5545,0.4672,1.5145,4.9899,8.2153,8.3332,6.4878,
54.6448,6,6,24.3125,78.9565,completed,81654.15,50421.23,1.7523,8.37,0.0000,0.6745,0.8464,1.9608,6.4308,10.2807,,,,
27.0767,10,10,36.3521,63.4372,completed,81654.15,50421.23,1.7523,8.37,0.0000,0.5666,0.8197,1.3873,1.7708,2.1399,4.0496,6.9612,7.2522,5.8757
55.3413,6,6,35.7346,91.0757,completed,81653.70,50423.70,1.7522,8.37,0.0000,0.4997,0.3411,1.2432,7.7715,10.9204,,,,
39.6742,9,9,49.0993,88.7734,completed,81653.70,50423.70,1.7522,8.37,0.0000,0.4989,0.7083,0.8042,1.6838,4.2973,5.9704,8.4379,7.6746,
26.1990,10,10,45.7428,71.9418,completed,81653.09,50427.16,1.7515,8.37,0.0000,0.0170,0.1132,0.1466,0.2492,1.1247,4.5289,7.7034,7.5508,6.0754
39.1339,9,9,56.4068,95.5399,completed,81653.09,50427.16,1.7515,8.37,0.0000,0.4936,0.6482,1.1708,1.0627,4.2916,6.1210,8.5870,7.4812,
49.1435,7,7,36.4058,85.5489,completed,81652.65,50429.63,1.7504,8.37,0.0000,0.0241,0.8220,1.2684,1.2267,7.0206,9.3267,,,
20.2233,10,10,45.9782,66.2013,completed,81652.65,50429.63,1.7504,8.37,0.0000,0.1854,0.1434,0.1502,0.4829,0.6926,6.2850,8.4672,7.5242,5.9092
30.7402,10,3,10.5862,41.3262,converged,81652.21,50432.10,1.7499,8.37,0.0000,0.0168,0.0262,,,,,,,
52.9076,6,6,22.4835,75.3905,completed,81652.21,50432.10,1.7499,8.37,0.0000,0.9789,1.6687,2.4808,3.7152,9.2786,,,,
44.6738,8,3,10.1045,54.7775,converged,81651.87,50433.99,1.7487,8.37,0.0000,0.0387,0.0355,,,,,,,
53.1480,6,6,23.7633,76.9114,completed,81651.87,50433.99,1.7487,8.37,0.0000,0.9096,0.8111,2.4500,6.8715,10.3981,,,,
46.4941,7,3,8.7880,55.2820,converged,81651.46,50436.22,1.7531,8.37,0.0000,0.0280,0.0722,,,,,,,
36.2696,9,9,31.7584,68.0274,completed,81651.46,50436.22,1.7531,8.37,0.0000,0.4370,0.3954,0.1089,1.5427,5.3464,7.0725,8.3832,7.0708,
51.1031,7,3,12.8796,63.9827,converged,81651.06,50438.35,1.7567,8.37,0.0000,0.0340,0.0868,,,,,,,
30.9506,10,10,45.4368,76.3869,completed,81651.06,50438.35,1.7567,8.37,0.0000,0.5637,0.5904,0.7344,0.3592,3.1297,4.5271,7.3984,7.3001,5.8651
55.6737,6,6,24.3679,80.0410,completed,81650.64,50440.56,1.7587,8.37,0.0000,0.0358,0.2675,0.3404,5.9883,10.4505,,,,
34.7703,9,9,41.5363,76.3063,completed,81650.64,50440.56,1.7587,8.37,0.0000,0.3749,0.2154,0.4790,1.9622,6.4769,8.5271,8.3110,6.6166,
27.8192,10,10,36.0764,63.8954,completed,81650.22,50442.78,1.7593,8.37,0.0000,0.0243,0.1242,0.2755,0.1391,0.5686,4.0667,8.4674,7.7915,6.2277
26.0566,10,10,34.6397,60.6957,completed,81650.22,50442.78,1.7593,8.37,0.0000,0.2945,0.2072,0.3845,0.3341,2.7676,5.9708,7.7663,7.5065,6.0190
26.9916,10,10,41.0285,68.0195,completed,81649.81,50444.92,1.7568,8.36,0.0000,0.5422,1.1584,1.4771,1.1814,3.3517,5.3779,8.2850,7.3937,5.8646
26.0169,10,10,41.4787,67.4947,completed,81649.81,50444.92,1.7568,8.36,0.0000,0.2353,0.1566,0.3200,0.3346,5.0474,6.1078,7.7732,6.9917,5.5356
20.3841,10,10,37.2555,57.6395,completed,81649.40,50447.14,1.7547,8.36,0.0000,0.6763,0.7656,0.4459,0.1801,1.8397,5.3023,7.9314,7.9274,6.4493
42.1338,8,3,12.1592,54.2922,converged,81649.40,50447.14,1.7547,8.36,0.0000,0.1167,0.0221,,,,,,,
24.2339,10,10,44.2394,68.4724,completed,81649.05,50449.03,1.7534,8.36,0.0000,0.5956,0.5683,0.4691,0.5008,2.2753,5.9505,7.9282,7.7093,6.2307
22.0094,10,3,13.7002,35.7093,converged,81649.05,50449.03,1.7534,8.36,0.0000,0.0939,0.0557,,,,,,,
28.1331,10,10,51.1780,79.3110,completed,81648.68,50451.00,1.7529,8.36,0.0000,0.8538,0.9558,2.1424,4.4069,3.1270,4.1535,6.5099,7.0072,6.1248
28.7294,10,10,38.1085,66.8375,completed,81648.68,50451.00,1.7529,8.36,0.0000,0.2552,0.3509,0.1596,1.1285,6.4630,6.9879,7.7250,6.9785,5.6153
46.9535,7,7,30.0066,76.9596,completed,81648.29,50453.13,1.7560,8.36,0.0000,0.2528,0.4486,1.8174,6.0876,9.1737,9.0061,,,
43.3904,8,8,29.3541,72.7442,completed,81648.29,50453.13,1.7560,8.36,0.0000,0.0425,0.3788,1.4335,0.9767,4.4442,8.3261,8.1303,,
42.7663,8,8,43.9068,86.6728,completed,81647.87,50455.35,1.7545,8.36,0.0000,0.1626,0.2490,1.1139,3.7400,6.6816,9.0372,8.1762,,
58.6578,5,3,8.7531,67.4102,converged,81647.87,50455.35,1.7545,8.36,0.0000,0.0571,0.0584,,,,,,,
44.1453,8,8,34.3036,78.4486,completed,81647.42,50457.80,1.7541,8.36,0.0000,0.0228,0.7628,3.9363,2.3065,5.6894,7.7535,7.2751,,
27.3971,10,10,44.1223,71.5193,completed,81647.42,50457.80,1.7541,8.36,0.0000,0.1745,0.1360,0.6582,0.5005,1.9169,4.5803,7.2349,7.9562,6.6675
56.2148,6,6,28.1590,84.3730,completed,81647.01,50460.02,1.7547,8.36,0.0000,1.4360,2.2197,6.7261,10.2438,10.4178,,,,
28.0865,10,10,44.6403,72.7263,completed,81647.01,50460.02,1.7547,8.36,0.0000,0.0322,0.1656,1.5582,2.8127,1.8902,4.0923,6.6083,6.9556,5.9824
21.1069,10,10,48.2192,69.3252,completed,81646.58,50462.32,1.7538,8.36,0.0000,0.3830,0.6953,0.5643,2.7415,7.4003,7.0040,7.5869,6.7049,5.2506
44.2581,8,8,31.7124,75.9704,completed,81646.58,50462.32,1.7538,8.36,0.0000,0.6868,0.5729,0.8176,4.9947,6.8994,9.2048,8.7252,,
38.8379,9,9,38.9269,77.7639,completed,81646.16,50464.63,1.7535,8.36,0.0000,0.0816,0.1379,0.4865,2.6573,6.0412,7.6155,8.3644,7.0657,
24.4602,10,10,43.1614,67.6215,completed,81646.16,50464.63,1.7535,8.36,0.0000,0.3105,0.1117,1.8402,3.8510,3.4844,4.6298,6.4401,6.6243,5.5281
21.4422,10,10,40.8177,62.2597,completed,81645.75,50466.85,1.7509,8.35,0.0000,0.0796,0.2920,0.1609,1.0369,8.3227,6.9122,7.4167,6.5724,5.1445
30.3890,10,10,40.8473,71.2364,completed,81645.75,50466.85,1.7509,8.35,0.0000,0.7148,0.9648,0.6510,3.0775,7.2673,7.6892,7.4945,7.0545,5.7597
44.3884,8,3,12.2534,56.6414,converged,81645.35,50469.07,1.7505,8.35,0.0000,0.1222,0.0293,,,,,,,
58.6911,5,5,18.8461,77.5372,completed,81645.35,50469.07,1.7505,8.35,0.0000,0.9895,1.1671,7.8923,10.7156,,,,,
59.0432,5,5,23.9866,83.0296,completed,81645.02,50470.88,1.7506,8.35,0.0000,1.2794,5.8302,11.6278,12.6159,,,,,
51.6971,7,3,11.5827,63.2797,converged,81645.02,50470.88,1.7506,8.35,0.0000,0.7138,0.0685,,,,,,,
54.4260,6,6,25.4706,79.8967,completed,81644.60,50473.18,1.7510,8.35,0.0000,0.1603,0.1247,1.5606,6.1419,10.6748,,,,
51.4063,7,7,35.7143,87.1204,completed,81644.60,50473.18,1.7510,8.35,0.0000,0.2538,0.1199,0.4248,0.9576,6.5796,9.8477,,,
57.3120,6,6,33.1407,90.4517,completed,81644.10,50475.89,1.7535,8.35,0.0000,0.1250,0.3769,0.6540,4.0934,9.8115,,,,
43.3800,8,8,41.3114,84.6904,completed,81644.10,50475.89,1.7535,8.35,0.0000,0.1597,0.1532,0.1230,1.0256,3.3776,7.8147,9.3510,,
59.5280,5,5,26.4451,85.9722,completed,81643.60,50478.60,1.7529,8.35,0.0000,0.0489,0.3022,2.6267,9.9021,,,,,
54.8571,6,6,24.2367,79.0937,completed,81643.60,50478.60,1.7529,8.35,0.0000,0.1457,0.1514,0.8813,4.8219,9.6832,,,,
42.6042,8,4,14.8308,57.4349,converged,81643.13,50481.23,1.7497,8.35,0.0000,0.0798,0.1690,0.0363,,,,,,
30.0017,10,3,11.0422,41.0433,converged,81643.13,50481.23,1.7497,8.35,0.0000,0.0336,0.0474,,,,,,,
52.9602,6,6,21.8207,74.7808,completed,81642.81,50483.04,1.7452,8.35,0.0000,0.1605,0.2171,0.8370,5.7504,10.5229,,,,
31.2371,10,4,14.3185,45.5555,converged,81642.81,50483.04,1.7452,8.35,0.0000,0.0664,0.1007,0.0797,,,,,,
28.9337,10,3,10.7288,39.6619,converged,81642.41,50485.34,1.7471,8.34,0.0000,0.0070,0.0088,,,,,,,
28.8380,10,3,16.3440,45.1821,converged,81642.41,50485.34,1.7471,8.34,0.0000,0.0538,0.0148,,,,,,,
50.7218,7,4,12.6206,63.3416,converged,81642.09,50487.16,1.7489,8.34,0.0000,0.0078,0.1844,0.0264,,,,,,
26.2483,10,4,19.2023,45.4503,converged,81642.09,50487.16,1.7489,8.34,0.0000,0.0940,0.1075,0.0120,,,,,,
50.6376,7,7,27.8773,78.5143,completed,81641.74,50489.05,1.7519,8.34,0.0000,0.0176,0.1123,0.1981,0.8729,6.4922,9.6116,,,
53.6523,6,6,33.0520,86.7040,completed,81641.74,50489.05,1.7519,8.34,0.0000,0.0986,0.4617,0.9528,5.7119,10.0192,,,,
51.5157,7,3,12.2227,63.7378,converged,81641.34,50491.27,1.7523,8.34,0.0000,0.0426,0.0497,,,,,,,
55.6697,6,6,33.1157,88.7848,completed,81641.34,50491.27,1.7523,8.34,0.0000,0.1728,0.2856,1.3776,7.4348,11.0789,,,,
37.9613,9,3,9.4932,47.4542,converged,81640.89,50493.73,1.7539,8.34,0.0000,0.0541,0.0536,,,,,,,
48.0853,7,7,25.2821,73.3671,completed,81640.89,50493.73,1.7539,8.34,0.0000,0.0300,0.4685,1.3141,1.1174,6.3850,9.3491,,,
38.3299,9,3,12.4891,50.8181,converged,81640.50,50495.87,1.7485,8.33,0.0000,0.0460,0.0455,,,,,,,
54.1525,6,6,23.4640,77.6160,completed,81640.50,50495.87,1.7485,8.33,0.0000,0.0870,4.0200,2.7036,5.7786,9.6667,,,,
56.7986,6,3,9.0362,65.8342,converged,81640.10,50498.08,1.7477,8.33,0.0000,0.0623,0.0661,,,,,,,
59.0784,5,5,25.6904,84.7685,completed,81640.10,50498.08,1.7477,8.33,0.0000,0.0536,0.4197,2.4515,9.3679,,,,,
29.4015,10,3,9.4637,38.8647,converged,81639.67,50500.46,1.7481,8.33,0.0000,0.0201,0.0221,,,,,,,
28.0855,10,3,9.2657,37.3507,converged,81639.67,50500.46,1.7481,8.33,0.0000,0.0479,0.0320,,,,,,,
36.7708,9,9,33.7169,70.4870,completed,81639.36,50502.19,1.7478,8.34,0.0000,0.0272,0.1043,0.2382,0.6579,1.3783,3.6057,8.3469,8.9949,
34.9067,9,3,13.2012,48.1073,converged,81639.36,50502.19,1.7478,8.34,0.0000,0.1152,0.0830,,,,,,,
57.4659,6,6,20.7503,78.2153,completed,81638.96,50504.41,1.7498,8.34,0.0000,0.0977,0.1839,1.0391,5.6259,10.9880,,,,
38.2107,9,3,14.9768,53.1868,converged,81638.96,50504.41,1.7498,8.34,0.0000,0.1220,0.0636,,,,,,,
34.4421,9,4,14.5476,48.9896,converged,81638.54,50506.70,1.7532,8.34,0.0000,0.1273,0.1228,0.0395,,,,,,
29.9974,10,10,35.1146,65.1117,completed,81638.54,50506.70,1.7532,8.34,0.0000,0.1610,0.1943,0.1612,0.2795,0.9800,4.2615,8.8394,9.0197,7.4645
47.8313,7,7,38.2244,86.0554,completed,81638.16,50508.75,1.7546,8.34,0.0000,0.2036,0.2647,0.3062,1.7979,7.3169,10.2460,,,
47.2924,7,4,20.7848,68.0768,converged,81638.16,50508.75,1.7546,8.34,0.0000,0.2962,0.1419,0.0539,,,,,,
48.3915,7,7,31.1457,79.5368,completed,81637.74,50511.00,1.7551,8.35,0.0000,0.1534,0.1531,0.1633,1.6637,8.0897,10.3536,,,
38.7570,9,4,19.1059,57.8619,converged,81637.74,50511.00,1.7551,8.35,0.0000,0.1345,0.1112,0.0742,,,,,,
44.4716,8,3,15.4969,59.9679,converged,81637.33,50513.19,1.7568,8.35,0.0000,0.1335,0.0759,,,,,,,
32.2250,10,10,40.4614,72.6865,completed,81637.33,50513.19,1.7568,8.35,0.0000,0.0208,0.1654,0.9170,4.2212,2.8572,1.3702,4.9758,8.2210,7.7506
31.3693,10,3,8.8178,40.1868,converged,81636.91,50515.37,1.7581,8.35,0.0000,0.0586,0.0475,,,,,,,
20.3326,10,3,10.0007,30.3328,converged,81636.91,50515.37,1.7581,8.35,0.0000,0.0218,0.0580,,,,,,,
43.4783,8,3,10.3707,53.8488,converged,81636.62,50516.96,1.7590,8.35,0.0000,0.1028,0.0630,,,,,,,
39.7503,9,3,11.0131,50.7632,converged,81636.62,50516.96,1.7590,8.35,0.0000,0.0239,0.0766,,,,,,,
48.5696,7,7,30.2336,78.8026,completed,81636.24,50519.02,1.7567,8.34,0.0000,0.1095,0.1562,0.3250,1.9471,5.4430,10.3153,,,
38.1432,9,3,10.3309,48.4740,converged,81636.24,50519.02,1.7567,8.34,0.0000,0.0497,0.0406,,,,,,,
21.7178,10,10,43.2396,64.9567,completed,81635.90,50520.83,1.7574,8.34,0.0000,0.0348,0.1001,0.3126,0.5073,0.7550,1.2683,4.8746,8.4154,8.1117
46.8354,7,7,31.4739,78.3090,completed,81635.90,50520.83,1.7574,8.34,0.0000,0.1048,0.6045,2.7559,2.4218,5.1792,9.5474,,,
51.7634,7,7,25.1159,76.8789,completed,81635.43,50523.29,1.7572,8.34,0.0000,0.0623,0.1796,0.1996,1.8017,8.3714,11.1669,,,
53.4258,6,6,24.8716,78.2966,completed,81635.43,50523.29,1.7572,8.34,0.0000,0.1501,1.2005,2.0313,5.4210,10.5507,,,,
24.4283,10,10,44.0250,68.4530,completed,81635.00,50525.60,1.7583,8.34,0.0000,0.0601,0.1252,0.2067,0.1890,0.5370,1.4475,5.4408,9.2089,8.2845
57.7802,6,6,22.2242,80.0042,completed,81635.00,50525.60,1.7583,8.34,0.0000,0.1825,0.6570,1.9307,5.1981,10.6747,,,,
53.9855,6,6,29.1017,83.0867,completed,81634.62,50527.66,1.7525,8.33,0.0000,0.0298,0.2669,0.4375,5.4541,11.0485,,,,
30.6513,10,4,19.7464,50.3974,converged,81634.62,50527.66,1.7525,8.33,0.0000,0.1777,0.1240,0.0693,,,,,,
25.7319,10,3,14.9924,40.7235,converged,81634.22,50529.88,1.7533,8.33,0.0000,0.0424,0.0754,,,,,,,
39.9741,9,3,15.0613,55.0354,converged,81634.22,50529.88,1.7533,8.33,0.0000,0.0127,0.0649,,,,,,,
22.5922,10,3,11.9485,34.5405,converged,81633.88,50531.70,1.7524,8.32,0.0000,0.0466,0.0889,,,,,,,
44.7990,8,8,27.6697,72.4678,completed,81633.88,50531.70,1.7524,8.32,0.0000,0.0488,0.2317,0.6689,0.9433,0.8903,5.5191,9.0319,,
48.0441,7,7,27.4006,75.4446,completed,81633.56,50533.42,1.7537,8.32,0.0000,0.0790,0.2042,0.2728,0.4881,4.2488,9.4768,,,
21.5178,10,3,12.5801,34.0971,converged,81633.56,50533.42,1.7537,8.32,0.0000,0.0113,0.0617,,,,,,,
37.9140,9,9,34.0907,72.0038,completed,81633.16,50535.63,1.7521,8.32,0.0000,0.0680,0.1480,0.2964,0.4485,1.1726,2.7159,6.9176,8.3728,
50.2373,7,7,25.7126,75.9497,completed,81633.16,50535.63,1.7521,8.32,0.0000,0.0374,0.1898,0.3084,0.5434,5.3371,9.8805,,,
26.0589,10,3,11.0587,37.1167,converged,81632.76,50537.76,1.7561,8.32,0.0000,0.0224,0.0457,,,,,,,
25.1603,10,3,8.9294,34.0895,converged,81632.76,50537.76,1.7561,8.32,0.0000,0.0246,0.0373,,,,,,,
32.4356,10,3,9.0862,41.5212,converged,81632.46,50539.34,1.7529,8.32,0.0000,0.0338,0.0864,,,,,,,
41.2031,8,8,41.2634,82.4664,completed,81632.46,50539.34,1.7529,8.32,0.0000,0.0261,0.1191,0.3662,0.9887,0.8464,4.3096,7.6067,,
39.0324,9,3,9.2708,48.3029,converged,81632.05,50541.53,1.7522,8.32,0.0000,0.0241,0.0408,,,,,,,
55.0113,6,6,31.7456,86.7566,completed,81632.05,50541.53,1.7522,8.32,0.0000,0.1095,0.2429,0.3399,1.6628,7.4850,,,,
37.4288,9,9,44.9148,82.3429,completed,81631.68,50543.58,1.7524,8.32,0.0000,0.1256,0.2236,0.2225,0.4278,1.3995,3.6493,6.6758,6.9446,
48.3979,7,7,29.8590,78.2561,completed,81631.68,50543.58,1.7524,8.32,0.0000,0.0821,0.1798,0.5069,0.8564,3.8107,7.4603,,,
55.4099,6,6,26.1379,81.5470,completed,81631.21,50546.12,1.7471,8.32,0.0000,0.0770,0.3714,0.6075,1.7686,7.2885,,,,
26.5022,10,3,11.0173,37.5193,converged,81631.21,50546.12,1.7471,8.32,0.0000,0.0332,0.0473,,,,,,,
35.8532,9,3,10.6368,46.4898,converged,81630.88,50547.97,1.7458,8.33,0.0000,0.0490,0.0923,,,,,,,
35.6381,9,3,8.9321,44.5701,converged,81630.88,50547.97,1.7458,8.33,0.0000,0.0163,0.0757,,,,,,,
31.3331,10,10,32.5945,63.9276,completed,81630.55,50549.82,1.7428,8.30,0.0000,0.0644,0.1031,0.2293,0.4710,0.4157,1.3615,3.0826,4.8210,4.6073
38.5131,9,3,9.5735,48.0865,converged,81630.55,50549.82,1.7428,8.30,0.0000,0.0283,0.0712,,,,,,,
54.1627,6,6,22.8119,76.9740,completed,81630.18,50551.87,1.7421,8.24,0.0000,0.0643,0.3422,0.9480,2.2273,5.6331,,,,
50.2486,7,7,26.7698,77.0179,completed,81630.18,50551.87,1.7421,8.24,0.0000,0.0870,0.1450,0.6603,0.6520,2.6671,5.6790,,,
24.4834,10,10,40.8595,65.3425,completed,81629.77,50554.30,1.7346,8.13,0.0000,0.0720,0.1093,0.2312,0.2057,0.6685,1.7861,3.7464,4.7632,4.1752
37.5981,9,3,10.6661,48.2641,converged,81629.77,50554.30,1.7346,8.13,0.0000,0.0404,0.0509,,,,,,,
26.1174,10,10,33.8089,59.9259,completed,81629.44,50556.30,1.7319,8.09,0.0000,0.1047,0.1883,0.3829,0.2967,0.2457,0.4678,2.1579,4.2019,4.3140
45.0556,8,8,32.9803,78.0353,completed,81629.44,50556.30,1.7319,8.09,0.0000,0.0690,0.1124,0.2639,0.2923,1.0515,3.6108,4.8506,,
32.4117,10,3,9.8030,42.2140,converged,81629.09,50558.46,1.7228,8.04,0.0000,0.0601,0.0980,,,,,,,
46.4712,7,3,11.7634,58.2344,converged,81629.09,50558.46,1.7228,8.04,0.0000,0.0380,0.0868,,,,,,,
43.5527,8,8,31.7871,75.3391,completed,81628.81,50560.28,1.7209,7.95,0.0000,0.1257,0.2035,0.1899,0.5210,0.5307,3.2128,4.5245,,
34.9669,9,9,54.2879,89.2539,completed,81628.81,50560.28,1.7209,7.95,0.0000,0.0421,0.1167,0.2611,0.1260,0.9706,3.1968,4.5984,4.1222,
59.8205,5,5,37.3373,97.1573,completed,81628.46,50562.61,1.7217,7.73,0.0000,0.0406,0.2906,0.6434,3.8353,,,,,
41.2599,8,3,14.7602,56.0192,converged,81628.46,50562.61,1.7217,7.73,0.0000,0.0246,0.0721,,,,,,,
22.7895,10,3,9.5696,32.3586,converged,81628.11,50564.81,1.7304,7.62,0.0000,0.0234,0.0301,,,,,,,
24.0828,10,3,9.7867,33.8688,converged,81628.11,50564.81,1.7304,7.62,0.0000,0.0449,0.0591,,,,,,,
36.3955,9,9,30.7846,67.1796,completed,81627.90,50566.13,1.7297,7.48,0.0000,0.0603,0.1093,0.1661,0.6352,1.3939,3.4763,4.0022,3.5610,
27.5570,10,4,14.3310,41.8881,converged,81627.90,50566.13,1.7297,7.48,0.0000,0.0658,0.1120,0.0999,,,,,,
22.5170,10,10,37.3882,59.9053,completed,81627.61,50568.00,1.7371,7.18,0.0000,0.1175,0.1847,0.2159,0.5056,1.1529,2.0394,3.5849,3.5683,3.1963
20.8209,10,3,11.8725,32.6926,converged,81627.61,50568.00,1.7371,7.18,0.0000,0.0336,0.0617,,,,,,,
49.1004,7,7,28.2230,77.3230,completed,81627.36,50569.52,1.7445,6.94,0.0000,0.1029,0.1403,0.4226,1.3163,3.3275,3.8467,,,
21.1431,10,3,14.5246,35.6677,converged,81627.36,50569.52,1.7445,6.94,0.0000,0.0166,0.0342,,,,,,,
59.7932,5,5,19.6554,79.4484,completed,81627.07,50571.11,1.7613,6.63,0.0000,0.0456,0.1453,0.8465,3.4344,,,,,
41.7830,8,3,13.8464,55.6294,converged,81627.07,50571.11,1.7613,6.63,0.0000,0.0489,0.0926,,,,,,,
44.3971,8,3,14.6054,59.0025,converged,81626.75,50572.73,1.7884,6.33,0.0000,0.0569,0.0471,,,,,,,
35.2277,9,3,16.1705,51.3975,converged,81626.75,50572.73,1.7884,6.33,0.0000,0.0801,0.0557,,,,,,,
23.6614,10,4,13.7235,37.3846,converged,81626.42,50574.17,1.8160,5.99,0.0000,0.1239,0.1379,0.0360,,,,,,
23.1801,10,4,13.9600,37.1400,converged,81626.42,50574.17,1.8160,5.99,0.0000,0.1429,0.1260,0.0489,,,,,,
57.5625,6,6,22.3405,79.9025,completed,81626.13,50575.33,1.8390,5.60,0.0000,0.2309,0.2814,1.7501,1.7405,3.9117,,,,
51.6852,7,7,41.0625,92.7475,completed,81626.13,50575.33,1.8390,5.60,0.0000,0.2375,0.1735,0.3565,0.4015,2.4791,3.8290,,,
41.6567,8,8,41.3812,83.0372,completed,81625.68,50576.88,1.8695,4.97,0.0000,0.3152,0.2172,0.5066,1.4070,1.6080,3.3787,3.7851,,
32.4873,10,3,17.2895,49.7765,converged,81625.68,50576.88,1.8695,4.97,0.0000,0.0772,0.0328,,,,,,,
49.0492,7,7,29.4946,78.5436,completed,81625.33,50577.97,1.9108,4.60,0.0000,0.1913,0.1412,2.0143,2.0885,2.1423,3.9182,,,
54.3595,6,6,35.1699,89.5289,completed,81625.33,50577.97,1.9108,4.60,0.0000,0.2113,0.1785,0.7893,2.2625,3.9997,,,,
53.4263,6,3,13.7794,67.2055,converged,81624.84,50579.19,2.0128,4.32,0.0000,0.1525,0.0943,,,,,,,
56.8511,6,3,11.2007,68.0517,converged,81624.84,50579.19,2.0128,4.32,0.0000,0.1950,0.0911,,,,,,,
57.8275,6,3,10.9576,68.7846,converged,81624.25,50580.30,2.1224,4.18,0.0000,0.0991,0.0778,,,,,,,
22.5648,10,3,14.3556,36.9196,converged,81624.25,50580.30,2.1224,4.18,0.0000,0.0827,0.0567,,,,,,,
53.9738,6,6,26.8341,80.8071,completed,81623.68,50581.15,2.2122,4.11,0.0000,0.0658,0.2791,1.0380,2.2379,5.4120,,,,
37.5484,9,3,14.1813,51.7293,converged,81623.68,50581.15,2.2122,4.11,0.0000,0.0386,0.0200,,,,,,,
53.2155,6,6,29.3009,82.5159,completed,81622.99,50582.00,2.3096,4.05,0.0000,0.0331,0.2423,0.9644,4.2806,6.7299,,,,
52.3269,6,6,42.6423,94.9684,completed,81622.99,50582.00,2.3096,4.05,0.0000,0.1994,0.7907,2.0891,1.4575,5.8036,,,,
47.1879,7,7,44.4911,91.6781,completed,81622.04,50582.95,2.4325,3.94,0.0000,0.0931,0.2880,0.6957,0.6072,5.6556,5.9806,,,
38.4267,9,9,38.5990,77.0251,completed,81622.04,50582.95,2.4325,3.94,0.0000,0.1082,0.2560,0.4525,0.6492,0.1982,3.6746,5.5114,4.8498,
47.9753,7,7,26.9171,74.8921,completed,81621.15,50583.66,2.5317,3.97,0.0000,0.0945,0.1191,0.6618,0.6588,5.8800,6.3390,,,
44.8063,8,8,37.9539,82.7600,completed,81621.15,50583.66,2.5317,3.97,0.0000,0.0573,0.1001,0.4028,0.3745,1.4688,6.0588,6.4738,,
27.9635,10,3,9.4649,37.4279,converged,81620.25,50584.24,2.6179,3.98,0.0000,0.0686,0.0938,,,,,,,
33.9447,10,3,8.9549,42.8990,converged,81620.25,50584.24,2.6179,3.98,0.0000,0.0638,0.0881,,,,,,,
47.6416,7,7,32.2592,79.9002,completed,81619.47,50584.68,2.6891,3.95,0.0000,0.0563,0.1887,0.7667,1.0143,5.5237,6.8793,,,
35.2236,9,3,11.0729,46.2960,converged,81619.47,50584.68,2.6891,3.95,0.0000,0.0401,0.0694,,,,,,,
30.1490,10,3,12.7592,42.9072,converged,81618.52,50585.11,2.7784,3.84,0.0000,0.0170,0.0308,,,,,,,
43.1855,8,3,15.9832,59.1682,converged,81618.52,50585.11,2.7784,3.84,0.0000,0.0221,0.0517,,,,,,,
38.2698,9,3,9.3522,47.6212,converged,81617.67,50585.40,2.8585,3.82,0.0000,0.0348,0.0381,,,,,,,
32.6451,10,3,10.9085,43.5536,converged,81617.67,50585.40,2.8585,3.82,0.0000,0.0413,0.0571,,,,,,,
59.9628,5,5,21.1621,81.1241,completed,81616.80,50585.64,2.9337,3.76,0.0000,0.0630,0.2442,0.7229,8.1144,,,,,
47.2281,7,3,11.9496,59.1776,converged,81616.80,50585.64,2.9337,3.76,0.0000,0.0376,0.0329,,,,,,,
22.0406,10,3,10.3397,32.3797,converged,81615.81,50585.82,3.0136,3.65,0.0000,0.0523,0.0558,,,,,,,
45.7488,8,4,15.3907,61.1387,converged,81615.81,50585.82,3.0136,3.65,0.0000,0.1035,0.1133,0.0483,,,,,,
36.1563,9,3,12.7229,48.8790,converged,81615.02,50585.91,3.0684,3.55,0.0000,0.0572,0.0554,,,,,,,
52.3955,6,3,9.5582,61.9532,converged,81615.02,50585.91,3.0684,3.55,0.0000,0.1102,0.0549,,,,,,,
21.4452,10,3,10.2399,31.6849,converged,81614.27,50585.96,3.1147,3.39,0.0000,0.0689,0.0903,,,,,,,
38.4715,9,3,10.8738,49.3449,converged,81614.27,50585.96,3.1147,3.39,0.0000,0.0541,0.0766,,,,,,,
47.0912,7,3,9.0261,56.1172,converged,81613.51,50585.98,-3.1284,3.26,0.0000,0.0273,0.0178,,,,,,,
46.8245,7,3,14.9239,61.7479,converged,81613.51,50585.98,-3.1284,3.26,0.0000,0.0580,0.0823,,,,,,,
45.9564,8,3,14.0042,59.9602,converged,81612.74,50585.96,-3.0888,3.08,0.0000,0.0478,0.0573,,,,,,,
27.7106,10,3,11.2887,38.9988,converged,81612.74,50585.96,-3.0888,3.08,0.0000,0.0338,0.0632,,,,,,,
27.7957,10,3,12.9387,40.7337,converged,81612.09,50585.93,-3.0546,2.94,0.0000,0.0583,0.0543,,,,,,,
57.7883,6,6,22.5353,80.3233,completed,81612.09,50585.93,-3.0546,2.94,0.0000,0.0635,0.1309,0.3619,5.4928,9.5293,,,,
55.1728,6,3,20.9188,76.0909,converged,81611.44,50585.87,-3.0223,2.82,0.0000,0.0544,0.0786,,,,,,,
43.7535,8,3,17.6776,61.4306,converged,81611.44,50585.87,-3.0223,2.82,0.0000,0.0257,0.0316,,,,,,,
34.1990,9,4,17.1486,51.3466,converged,81610.61,50585.77,-2.9912,2.76,0.0000,0.2045,0.2370,0.0499,,,,,,
58.4863,5,5,31.2387,89.7247,completed,81610.61,50585.77,-2.9912,2.76,0.0000,0.1640,0.5070,1.4854,7.3076,,,,,
33.1357,10,10,41.7053,74.8403,completed,81609.89,50585.66,-2.9668,2.81,0.0000,0.1977,0.2272,0.1458,0.3447,1.0154,1.5547,4.9602,7.4194,7.1525
29.0083,10,5,22.5370,51.5450,converged,81609.89,50585.66,-2.9668,2.81,0.0000,0.1469,0.2421,0.3548,0.0497,,,,,
48.0775,7,7,36.3573,84.4344,completed,81609.18,50585.54,-2.9473,2.88,0.0000,0.1703,0.1571,0.4631,1.7682,6.9680,9.2149,,,
58.8149,5,5,18.9975,77.8115,completed,81609.18,50585.54,-2.9473,2.88,0.0000,0.2601,0.5799,4.2063,9.9550,,,,,
52.7611,6,3,14.0679,66.8289,converged,81608.32,50585.37,-2.9344,2.91,0.0000,0.1273,0.0601,,,,,,,
30.9014,10,4,21.0697,51.9708,converged,81608.32,50585.37,-2.9344,2.91,0.0000,0.1888,0.2076,0.0947,,,,,,
49.9152,7,7,27.6238,77.5389,completed,81607.64,50585.23,-2.9285,2.94,0.0000,0.2568,0.2629,0.3648,1.5078,7.2463,8.7341,,,
40.2110,8,8,32.2622,72.4722,completed,81607.64,50585.23,-2.9285,2.94,0.0000,0.2283,0.2345,0.2026,1.2040,2.6621,7.2625,7.9679,,
36.7115,9,3,16.0740,52.7850,converged,81606.85,50585.07,-2.9324,2.89,0.0000,0.0490,0.0425,,,,,,,
36.2948,9,4,17.3444,53.6384,converged,81606.85,50585.07,-2.9324,2.89,0.0000,0.1286,0.1395,0.0602,,,,,,
56.9932,6,6,29.1473,86.1403,completed,81606.19,50584.93,-2.9364,2.80,0.0000,0.1294,0.1710,2.1587,6.5629,10.1824,,,,
54.2079,6,6,37.8037,92.0107,completed,81606.19,50584.93,-2.9364,2.80,0.0000,0.1884,0.2682,0.5031,3.5737,8.0967,,,,
20.6454,10,3,16.3316,36.9767,converged,81605.38,50584.77,-2.9322,2.71,0.0000,0.1146,0.0879,,,,,,,
32.0313,10,10,40.3027,72.3338,completed,81605.38,50584.77,-2.9322,2.71,0.0000,0.1250,0.1502,0.1357,0.4179,0.8906,1.7054,5.4812,7.0649,6.6195
29.5641,10,3,10.5189,40.0830,converged,81604.78,50584.64,-2.9314,2.62,0.0000,0.0323,0.0570,,,,,,,
57.4766,6,6,32.1061,89.5821,completed,81604.78,50584.64,-2.9314,2.62,0.0000,0.2179,0.2015,0.7828,4.1242,8.6703,,,,
50.4372,7,3,12.6042,63.0412,converged,81604.11,50584.51,-2.9341,2.56,0.0000,0.0758,0.0740,,,,,,,
24.6823,10,10,36.7291,61.4111,completed,81604.11,50584.51,-2.9341,2.56,0.0000,0.1211,0.1823,0.2760,0.1396,0.8767,1.3977,4.5010,6.9718,6.8319
31.3270,10,3,17.4886,48.8157,converged,81603.46,50584.38,-2.9413,2.53,0.0000,0.0455,0.0469,,,,,,,
46.7368,7,3,9.7417,56.4777,converged,81603.46,50584.38,-2.9413,2.53,0.0000,0.0355,0.0670,,,,,,,
52.6224,6,3,9.3283,61.9503,converged,81602.85,50584.26,-2.9426,2.47,0.0000,0.0683,0.0193,,,,,,,
56.4353,6,6,28.8169,85.2519,completed,81602.85,50584.26,-2.9426,2.47,0.0000,0.0501,0.1127,1.8215,4.1610,8.8850,,,,
36.0054,9,3,8.4895,44.4945,converged,81602.20,50584.13,-2.9507,2.48,0.0000,0.0848,0.0653,,,,,,,
24.8107,10,10,33.4024,58.2124,completed,81602.20,50584.13,-2.9507,2.48,0.0000,0.1295,0.2103,0.3139,0.1489,0.8559,1.2917,4.8418,6.9956,6.6743
33.9763,10,5,17.8560,51.8320,converged,81601.66,50584.03,-2.9556,2.48,0.0000,0.0873,0.1312,0.1832,0.0802,,,,,
41.3731,8,8,31.9922,73.3652,completed,81601.66,50584.03,-2.9556,2.48,0.0000,0.1048,0.1700,0.2498,1.2173,3.4351,7.1800,7.6729,,
28.8835,10,5,15.8366,44.7197,converged,81600.99,50583.91,-2.9641,2.44,0.0000,0.1308,0.1443,0.1261,0.0916,,,,,
50.6477,7,7,23.7735,74.4206,completed,81600.99,50583.91,-2.9641,2.44,0.0000,0.2299,0.5099,0.5854,1.1296,5.3446,7.5183,,,
38.2241,9,3,11.0477,49.2718,converged,81600.38,50583.81,-2.9714,2.36,0.0000,0.0213,0.0200,,,,,,,
46.9673,7,7,28.1603,75.1273,completed,81600.38,50583.81,-2.9714,2.36,0.0000,0.1835,0.2155,0.8687,2.4392,6.7079,8.8339,,,
34.2841,9,9,31.5251,65.8091,completed,81599.74,50583.70,-2.9721,2.34,0.0000,0.1608,0.2806,0.3919,0.4467,1.1934,4.0061,6.7208,6.7689,
20.2432,10,10,38.7835,59.0266,completed,81599.74,50583.70,-2.9721,2.34,0.0000,0.1386,0.1760,0.3559,0.3858,0.5112,1.5566,4.8893,6.4970,5.9628
47.0742,7,7,27.5002,74.5742,completed,81599.19,50583.60,-2.9708,2.32,0.0000,0.1963,0.2290,0.3947,2.5258,7.4649,9.1023,,,
28.5942,10,10,46.6214,75.2154,completed,81599.19,50583.60,-2.9708,2.32,0.0000,0.0940,0.1524,0.2475,0.8555,1.7444,4.0258,6.8772,7.3544,6.5699
26.2119,10,5,24.7903,51.0014,converged,81598.55,50583.50,-2.9747,2.16,0.0000,0.1227,0.1761,0.2241,0.0898,,,,,
54.8689,6,6,19.2116,74.0796,completed,81598.55,50583.50,-2.9747,2.16,0.0000,0.1819,0.1269,1.8791,7.3146,9.7370,,,,
26.3157,10,10,42.7877,69.1028,completed,81598.08,50583.42,-2.9778,2.02,0.0000,0.1303,0.1477,0.1551,0.1949,1.5268,2.2640,5.9334,7.4854,7.0818
35.4107,9,9,43.2339,78.6439,completed,81598.08,50583.42,-2.9778,2.02,0.0000,0.1886,0.2260,0.2200,0.5633,1.8511,4.9988,6.9694,6.4299,
52.7100,6,6,22.1176,74.8266,completed,81597.45,50583.32,-2.9778,1.91,0.0000,0.1667,0.2059,1.4331,6.0084,9.2575,,,,
27.5633,10,10,44.7326,72.2957,completed,81597.45,50583.32,-2.9778,1.91,0.0000,0.1780,0.3115,0.6870,1.2130,0.9417,1.0961,4.0148,5.3320,4.8234
31.7592,10,5,20.2536,52.0126,converged,81596.95,50583.23,-2.9755,1.79,0.0000,0.1393,0.2228,0.2946,0.0545,,,,,
47.8032,7,7,29.7571,77.5602,completed,81596.95,50583.23,-2.9755,1.79,0.0000,0.2104,0.5297,1.0914,0.3879,3.5055,6.9281,,,
46.6221,7,7,35.7751,82.3972,completed,81596.51,50583.16,-2.9683,1.71,0.0000,0.1220,0.2213,0.2467,2.2830,5.7564,8.5527,,,
49.7912,7,7,25.1462,74.9372,completed,81596.51,50583.16,-2.9683,1.71,0.0000,0.2398,0.4375,0.2201,2.5867,7.4725,8.1506,,,
44.7475,8,4,15.8271,60.5741,converged,81596.02,50583.07,-2.9750,1.64,0.0000,0.1429,0.2017,0.0681,,,,,,
46.6248,7,7,30.9379,77.5619,completed,81596.02,50583.07,-2.9750,1.64,0.0000,0.2715,0.7372,1.0860,0.3378,3.2133,6.7000,,,
55.4368,6,6,36.6479,92.0839,completed,81595.57,50583.00,-2.9800,1.44,0.0000,0.1538,0.3551,1.4075,5.1188,9.2488,,,,
38.2754,9,4,20.3695,58.6445,converged,81595.57,50583.00,-2.9800,1.44,0.0000,0.0733,0.1126,0.0867,,,,,,
58.0860,5,5,30.4089,88.4939,completed,81595.21,50582.95,-2.9832,1.32,0.0000,0.4492,0.6174,1.4915,7.7015,,,,,
59.1779,5,5,20.7160,79.8931,completed,81595.21,50582.95,-2.9832,1.32,0.0000,0.2533,0.2316,2.4571,8.0238,,,,,
44.5402,8,8,43.8820,88.4220,completed,81594.82,50582.88,-2.9835,1.30,0.0000,0.1410,0.2691,0.1257,0.8892,2.7582,7.2027,8.4175,,
53.3956,6,6,22.4018,75.7969,completed,81594.82,50582.88,-2.9835,1.30,0.0000,0.3500,0.9573,0.6149,3.8932,7.4013,,,,
28.3291,10,10,39.3717,67.7008,completed,81594.42,50582.82,-2.9828,1.16,0.0000,0.0802,0.1307,0.2545,0.1170,1.0662,3.3454,7.4886,6.7446,5.1384
58.4525,5,5,29.6423,88.0944,completed,81594.42,50582.82,-2.9828,1.16,0.0000,0.5083,0.9654,1.8638,6.7584,,,,,
53.7674,6,6,34.8088,88.5759,completed,81594.11,50582.77,-2.9859,1.01,0.0000,0.2419,0.4606,0.9520,5.3717,8.9784,,,,
42.0769,8,8,31.9932,74.0693,completed,81594.11,50582.77,-2.9859,1.01,0.0000,0.2743,0.4261,0.8496,1.5439,1.8635,5.1106,6.0540,,
33.1132,10,5,18.6741,51.7871,converged,81593.86,50582.74,-2.9885,0.88,0.0000,0.0797,0.1061,0.2106,0.0739,,,,,
41.4329,8,8,37.5821,79.0142,completed,81593.86,50582.74,-2.9885,0.88,0.0000,0.1746,0.3299,0.8290,2.3720,4.2500,6.9892,6.9937,,
31.0499,10,10,36.8369,67.8859,completed,81593.63,50582.70,-2.9918,0.74,0.0000,0.1467,0.2393,0.3821,0.1911,0.6957,1.5389,5.1154,6.1607,5.4506
41.0722,8,8,33.3608,74.4328,completed,81593.63,50582.70,-2.9918,0.74,0.0000,0.2505,0.3565,0.8352,2.7235,2.8196,5.4471,5.5359,,
33.6354,10,10,47.1009,80.7359,completed,81593.46,50582.68,-2.9957,0.64,0.0000,0.1473,0.2157,0.3274,0.1781,1.3307,2.2900,5.2387,6.0131,5.5816
57.0902,6,6,28.4915,85.5816,completed,81593.46,50582.68,-2.9957,0.64,0.0000,0.1563,0.5699,2.8036,4.1403,6.2182,,,,
44.9529,8,8,46.8725,91.8245,completed,81593.28,50582.65,-3.0003,0.54,0.0000,0.3125,0.6359,0.8299,0.7566,1.0079,5.1339,6.2211,,
35.4917,9,9,44.3804,79.8715,completed,81593.28,50582.65,-3.0003,0.54,0.0000,0.2661,0.7713,0.5863,1.3272,3.0226,3.4088,5.0207,5.0218,
38.0896,9,9,49.7721,87.8611,completed,81593.13,50582.63,-3.0039,0.56,0.0000,0.1561,0.1166,0.2193,0.9643,1.5002,3.8241,5.7644,5.7784,
36.4279,9,9,34.7165,71.1435,completed,81593.13,50582.63,-3.0039,0.56,0.0000,0.4018,0.8543,0.2453,0.8806,1.9233,1.4515,3.4406,3.6350,
36.9875,9,9,37.9690,74.9560,completed,81592.99,50582.61,-3.0051,0.57,0.0000,0.3301,0.8269,2.3122,1.6941,1.4246,1.5971,3.6482,3.8753,
36.3963,9,9,32.9250,69.3211,completed,81592.99,50582.61,-3.0051,0.57,0.0000,0.3704,0.9666,0.3761,1.0562,3.0571,3.3983,5.0505,4.7959,
37.2157,9,9,31.8188,69.0339,completed,81592.82,50582.59,-3.0069,0.56,0.0000,0.1582,0.1380,0.1097,0.9356,1.8452,4.4869,6.2733,6.0724,
57.5894,6,6,27.6136,85.2026,completed,81592.82,50582.59,-3.0069,0.56,0.0000,1.1527,1.1936,1.6491,0.7135,3.5588,,,,
20.6931,10,10,32.2234,52.9164,completed,81592.64,50582.57,-3.0059,0.66,0.0000,0.1592,0.2149,0.6682,0.9001,1.3108,1.5327,3.7950,5.1540,5.0727
32.6340,10,10,44.9503,77.5843,completed,81592.64,50582.57,-3.0059,0.66,0.0000,0.5215,0.9577,0.4571,0.9395,3.6148,1.7366,3.4097,3.5126,2.9888
26.1562,10,10,54.7516,80.9076,completed,81592.48,50582.54,-3.0065,0.64,0.0000,0.1602,0.2685,0.2403,0.3987,1.3686,2.4856,5.3100,6.0607,5.9673
31.8764,10,10,43.2156,75.0917,completed,81592.48,50582.54,-3.0065,0.64,0.0000,0.3468,0.1639,1.7359,1.6730,2.3167,0.3047,1.7594,2.7628,2.6160
46.3176,7,7,35.7962,82.1132,completed,81592.30,50582.52,-3.0111,0.63,0.0000,0.3073,0.6090,0.4445,1.3454,5.1841,6.5853,,,
53.6080,6,6,20.8530,74.4610,completed,81592.30,50582.52,-3.0111,0.63,0.0000,1.4792,1.0611,2.2518,2.3510,4.2869,,,,
34.2667,9,3,10.7139,44.9799,converged,81592.14,50582.50,-3.0132,0.52,0.0000,0.0347,0.0724,,,,,,,
23.5515,10,10,41.7197,65.2707,completed,81592.14,50582.50,-3.0132,0.52,0.0000,0.1256,0.2127,1.2406,1.7156,1.5916,2.3675,2.0543,2.4977,2.2704
49.8120,7,7,32.4638,82.2749,completed,81592.03,50582.48,-3.0144,0.41,0.0000,0.7761,1.6508,6.8029,1.9181,1.6713,2.7344,,,
50.3983,7,7,27.2007,77.5988,completed,81592.03,50582.48,-3.0144,0.41,0.0000,0.4187,0.4423,2.9856,0.6931,2.7432,2.9696,,,
33.5373,10,10,42.4566,75.9936,completed,81591.92,50582.47,-3.0146,0.33,0.0000,0.1165,0.3154,2.2826,8.6513,5.5444,1.9279,1.1397,2.0683,2.0204
30.1508,10,10,52.3463,82.4963,completed,81591.92,50582.47,-3.0146,0.33,0.0000,0.5371,1.1805,1.2620,0.7374,2.5133,2.0910,4.5333,5.2713,5.1821
42.7163,8,3,9.5789,52.2949,converged,81591.85,50582.46,-3.0138,0.25,0.0000,0.1660,0.0328,,,,,,,
34.3797,9,9,50.2313,84.6104,completed,81591.85,50582.46,-3.0138,0.25,0.0000,0.2967,0.6545,0.5871,0.4600,2.1081,2.8185,5.1263,5.8123,
38.9537,9,3,10.7192,49.6722,converged,81591.79,50582.45,-3.0131,0.16,0.0000,0.1680,0.0523,,,,,,,
37.8858,9,9,32.2652,70.1503,completed,81591.79,50582.45,-3.0131,0.16,0.0000,0.2399,0.2937,0.4520,0.6672,1.0939,3.0104,5.2061,5.3432,
38.6607,9,9,33.8887,72.5487,completed,81591.76,50582.45,-3.0126,0.11,0.0000,0.2262,0.1109,0.2141,0.7439,1.3764,3.0313,6.1425,6.2226,
45.2012,8,3,12.3823,57.5833,converged,81591.76,50582.45,-3.0126,0.11,0.0000,0.2609,0.0901,,,,,,,
20.3018,10,3,14.0335,34.3345,converged,81591.72,50582.44,-3.0124,0.12,0.0000,0.1890,0.0906,,,,,,,
40.4688,8,8,32.7132,73.1813,completed,81591.72,50582.44,-3.0124,0.12,0.0000,0.0472,0.2533,0.5986,1.6068,2.2480,5.5329,6.3849,,
45.0372,8,8,26.1760,71.2131,completed,81591.69,50582.44,-3.0128,0.20,0.0000,0.3089,0.2862,0.1885,0.9294,1.3729,5.0634,6.4992,,
47.9695,7,3,9.7603,57.7293,converged,81591.69,50582.44,-3.0128,0.20,0.0000,0.2850,0.0492,,,,,,,
54.9892,6,6,25.8652,80.8542,completed,81591.62,50582.43,-3.0131,0.26,0.0000,0.1701,0.3021,1.6853,5.5711,8.4044,,,,
23.2397,10,3,9.0481,32.2871,converged,81591.62,50582.43,-3.0131,0.26,0.0000,0.1149,0.0424,,,,,,,
22.0545,10,10,33.3175,55.3716,completed,81591.55,50582.42,-3.0143,0.31,0.0000,0.3170,0.3578,0.4501,1.0342,1.3625,1.3405,3.1037,4.6037,4.8042
29.6366,10,10,33.2968,62.9328,completed,81591.55,50582.42,-3.0143,0.31,0.0000,0.0816,0.2739,0.4077,0.5085,1.5042,1.5617,3.7571,5.0015,5.0300
41.3903,8,3,11.7449,53.1349,converged,81591.47,50582.41,-3.0153,0.33,0.0000,0.1879,0.0325,,,,,,,
58.3544,5,5,17.5215,75.8755,completed,81591.47,50582.41,-3.0153,0.33,0.0000,0.0437,10.9349,9.5199,2.5602,,,,,
35.1508,9,4,11.6500,46.8001,converged,81591.39,50582.40,-3.0152,0.33,0.0000,0.2812,0.2706,0.0992,,,,,,
34.9239,9,9,32.6399,67.5629,completed,81591.39,50582.40,-3.0152,0.33,0.0000,0.0616,0.1475,0.3678,0.9785,2.8259,1.3732,3.6365,4.0873,
53.0941,6,3,12.9195,66.0135,converged,81591.30,50582.39,-3.0145,0.32,0.0000,0.3232,0.0669,,,,,,,
51.7901,7,7,25.7313,77.5214,completed,81591.30,50582.39,-3.0145,0.32,0.0000,0.0271,0.3156,0.8899,2.6269,4.2613,4.9467,,,
37.8533,9,9,35.1851,73.0382,completed,81591.21,50582.38,-3.0135,0.33,0.0000,0.2502,0.1846,0.1435,0.5726,0.4427,1.7462,4.6986,5.1510,
32.7682,10,10,35.7952,68.5632,completed,81591.21,50582.38,-3.0135,0.33,0.0000,0.2543,0.3276,0.5804,3.9750,9.6574,3.1160,0.6318,2.0339,2.0281
58.1665,5,5,21.8942,80.0602,completed,81591.12,50582.36,-3.0112,0.34,0.0000,0.3847,0.2626,0.7776,5.6558,,,,,
34.7521,9,3,14.4996,49.2517,converged,81591.12,50582.36,-3.0112,0.34,0.0000,0.1534,0.0629,,,,,,,
35.6009,9,9,45.8818,81.4818,completed,81591.03,50582.35,-3.0083,0.28,0.0000,0.2557,0.2288,0.1309,0.3418,0.1636,1.5940,4.9558,5.4210,
25.3428,10,4,12.7966,38.1387,converged,81591.03,50582.35,-3.0083,0.28,0.0000,0.2020,0.1637,0.0445,,,,,,
56.6584,6,3,11.0018,67.6598,converged,81590.98,50582.34,-3.0065,0.17,0.0000,0.3230,0.0498,,,,,,,
41.6115,8,3,9.6533,51.2643,converged,81590.98,50582.34,-3.0065,0.17,0.0000,0.1680,0.0791,,,,,,,
44.5222,8,3,10.0806,54.6026,converged,81590.94,50582.34,-3.0052,0.18,0.0000,0.2144,0.1000,,,,,,,
46.9897,7,7,25.5372,72.5263,completed,81590.94,50582.34,-3.0052,0.18,0.0000,0.3122,0.1500,0.5745,0.4575,3.6160,6.5893,,,
20.1481,10,3,9.9661,30.1142,converged,81590.88,50582.33,-3.0049,0.29,0.0000,0.1104,0.0156,,,,,,,
37.6350,9,9,31.7034,69.3384,completed,81590.88,50582.33,-3.0049,0.29,0.0000,0.2177,0.1390,0.1652,0.3528,0.3121,1.1821,4.5088,6.0583,
47.9733,7,7,24.0808,72.0539,completed,81590.80,50582.32,-3.0048,0.36,0.0000,0.3082,0.1200,0.6417,0.6082,3.3869,6.4528,,,
39.3873,9,9,55.0851,94.4722,completed,81590.80,50582.32,-3.0048,0.36,0.0000,0.2027,0.1508,0.1237,0.6238,0.5422,1.8023,5.3187,6.0879,
39.1291,9,9,38.0302,77.1592,completed,81590.69,50582.30,-3.0053,0.34,0.0000,0.0802,0.1236,0.4612,0.8462,0.7134,2.7673,5.6436,6.5346,
36.7500,9,3,13.3844,50.1345,converged,81590.69,50582.30,-3.0053,0.34,0.0000,0.1472,0.0455,,,,,,,
49.8596,7,3,15.5231,65.3821,converged,81590.60,50582.29,-3.0065,0.31,0.0000,0.2833,0.0631,,,,,,,
30.6126,10,10,49.2475,79.8595,completed,81590.60,50582.29,-3.0065,0.31,0.0000,0.1899,0.1240,0.1175,0.5476,0.7057,1.0655,3.4180,5.3818,5.5200
30.9826,10,3,14.2383,45.2203,converged,81590.52,50582.28,-3.0077,0.33,0.0000,0.1390,0.0351,,,,,,,
44.1813,8,8,40.2727,84.4537,completed,81590.52,50582.28,-3.0077,0.33,0.0000,0.2662,0.1303,0.3603,0.7935,1.7311,5.7284,6.1690,,
53.3603,6,3,14.4090,67.7690,converged,81590.42,50582.26,-3.0081,0.39,0.0000,0.3227,0.0810,,,,,,,
33.8309,10,4,17.1498,50.9798,converged,81590.42,50582.26,-3.0081,0.39,0.0000,0.1839,0.1227,0.0483,,,,,,
51.9797,7,3,9.2742,61.2533,converged,81590.31,50582.25,-3.0083,0.39,0.0000,0.2354,0.0428,,,,,,,
51.2194,7,3,9.3768,60.5958,converged,81590.31,50582.25,-3.0083,0.39,0.0000,0.3512,0.0746,,,,,,,
51.3475,7,3,12.8704,64.2174,converged,81590.21,50582.23,-3.0080,0.44,0.0000,0.2272,0.0521,,,,,,,
47.8140,7,7,43.5377,91.3507,completed,81590.21,50582.23,-3.0080,0.44,0.0000,0.2257,0.1256,0.9445,1.1798,4.4951,6.7004,,,
23.0620,10,4,21.0827,44.1437,converged,81590.07,50582.21,-3.0071,0.54,0.0000,0.2045,0.1498,0.0974,,,,,,
47.5903,7,7,37.7201,85.3102,completed,81590.07,50582.21,-3.0071,0.54,0.0000,0.2242,0.1001,0.9482,1.2028,4.7543,6.9313,,,
48.9057,7,3,11.9705,60.8756,converged,81589.90,50582.19,-3.0052,0.66,0.0000,0.2189,0.0154,,,,,,,
37.7504,9,9,36.7156,74.4657,completed,81589.90,50582.19,-3.0052,0.66,0.0000,0.2548,0.1313,0.2667,0.9293,0.7699,1.8032,5.3244,6.0833,
44.0851,8,3,13.4890,57.5740,converged,81589.73,50582.17,-3.0037,0.78,0.0000,0.1847,0.0131,,,,,,,
49.1609,7,3,11.8327,60.9927,converged,81589.73,50582.17,-3.0037,0.78,0.0000,0.1835,0.0557,,,,,,,
25.5049,10,4,11.7418,37.2458,converged,81589.53,50582.14,-3.0016,0.87,0.0000,0.1727,0.1109,0.0692,,,,,,
44.0860,8,3,12.4045,56.4905,converged,81589.53,50582.14,-3.0016,0.87,0.0000,0.2151,0.0732,,,,,,,
25.7356,10,3,10.3299,36.0649,converged,81589.33,50582.11,-3.0003,0.96,0.0000,0.1552,0.0966,,,,,,,
37.0692,9,3,10.0806,47.1497,converged,81589.33,50582.11,-3.0003,0.96,0.0000,0.1743,0.0554,,,,,,,
25.0153,10,4,14.1620,39.1770,converged,81589.08,50582.07,-2.9961,1.04,0.0000,0.1723,0.1328,0.0719,,,,,,
44.7216,8,3,13.8736,58.5946,converged,81589.08,50582.07,-2.9961,1.04,0.0000,0.2165,0.0572,,,,,,,
26.6945,10,4,16.2021,42.8961,converged,81588.84,50582.03,-2.9920,1.15,0.0000,0.1750,0.1227,0.0797,,,,,,
54.2590,6,6,27.1615,81.4195,completed,81588.84,50582.03,-2.9920,1.15,0.0000,0.3507,0.5467,0.9750,2.0115,5.6327,,,,
28.9530,10,3,10.7336,39.6856,converged,81588.53,50581.99,-2.9862,1.24,0.0000,0.1454,0.0678,,,,,,,
52.3498,6,6,30.7362,83.0852,completed,81588.53,50581.99,-2.9862,1.24,0.0000,0.1946,0.2059,1.5449,4.1663,7.7258,,,,
23.3275,10,3,21.3159,44.6429,converged,81588.23,50581.94,-2.9831,1.33,0.0000,0.0882,0.0247,,,,,,,
44.6534,8,3,14.8402,59.4933,converged,81588.23,50581.94,-2.9831,1.33,0.0000,0.1544,0.0435,,,,,,,
57.9686,6,6,32.7709,90.7390,completed,81587.91,50581.88,-2.9815,1.40,0.0000,0.1493,0.1837,1.1921,2.9650,7.6396,,,,
25.6899,10,3,17.0079,42.6969,converged,81587.91,50581.88,-2.9815,1.40,0.0000,0.1357,0.0731,,,,,,,
38.7252,9,3,8.5601,47.2851,converged,81587.53,50581.82,-2.9792,1.48,0.0000,0.1437,0.0721,,,,,,,
44.4056,8,3,9.3955,53.8006,converged,81587.53,50581.82,-2.9792,1.48,0.0000,0.1735,0.0732,,,,,,,
31.4637,10,5,14.4645,45.9275,converged,81587.20,50581.77,-2.9741,1.55,0.0000,0.1364,0.1401,0.1223,0.0908,,,,,
25.8383,10,4,12.8436,38.6817,converged,81587.20,50581.77,-2.9741,1.55,0.0000,0.1324,0.1020,0.0536,,,,,,
52.3214,6,3,10.9376,63.2586,converged,81586.89,50581.71,-2.9693,1.58,0.0000,0.1171,0.0965,,,,,,,
29.8640,10,3,13.1797,43.0437,converged,81586.89,50581.71,-2.9693,1.58,0.0000,0.1177,0.0625,,,,,,,
24.7453,10,3,12.1693,36.9143,converged,81586.49,50581.64,-2.9688,1.62,0.0000,0.0961,0.0709,,,,,,,
22.2720,10,3,10.8901,33.1611,converged,81586.49,50581.64,-2.9688,1.62,0.0000,0.0552,0.0138,,,,,,,
21.7057,10,10,37.6034,59.3085,completed,81586.17,50581.59,-2.9692,1.64,0.0000,0.1269,0.1562,0.2170,0.3665,1.2872,1.6339,1.9785,4.4721,4.9125
54.3035,6,3,9.0508,63.3539,converged,81586.17,50581.59,-2.9692,1.64,0.0000,0.1004,0.0794,,,,,,,
21.1869,10,3,8.8111,29.9971,converged,81585.77,50581.51,-2.9691,1.67,0.0000,0.0497,0.0349,,,,,,,
52.3684,6,3,10.2965,62.6645,converged,81585.77,50581.51,-2.9691,1.67,0.0000,0.1558,0.0666,,,,,,,
42.0567,8,3,11.1096,53.1656,converged,81585.38,50581.45,-2.9679,1.64,0.0000,0.0486,0.0251,,,,,,,
54.0775,6,6,24.2719,78.3489,completed,81585.38,50581.45,-2.9679,1.64,0.0000,0.1469,0.1343,0.8432,4.2804,7.7140,,,,
27.1783,10,3,17.6820,44.8601,converged,81584.99,50581.38,-2.9661,1.68,0.0000,0.0585,0.0639,,,,,,,
44.0769,8,3,11.2353,55.3113,converged,81584.99,50581.38,-2.9661,1.68,0.0000,0.0497,0.0807,,,,,,,
36.5344,9,3,9.7530,46.2870,converged,81584.62,50581.31,-2.9649,1.72,0.0000,0.0847,0.0938,,,,,,,
47.6875,7,3,11.9679,59.6549,converged,81584.62,50581.31,-2.9649,1.72,0.0000,0.0830,0.0540,,,,,,,
38.0473,9,3,11.5886,49.6357,converged,81584.19,50581.23,-2.9642,1.78,0.0000,0.0588,0.0962,,,,,,,
26.0991,10,3,10.0710,36.1700,converged,81584.19,50581.23,-2.9642,1.78,0.0000,0.0469,0.0394,,,,,,,
43.0687,8,3,11.8675,54.9356,converged,81583.83,50581.17,-2.9646,1.79,0.0000,0.0464,0.0524,,,,,,,
22.2414,10,10,37.8243,60.0653,completed,81583.83,50581.17,-2.9646,1.79,0.0000,0.1188,0.1627,0.1852,0.1235,0.5070,0.7473,4.6940,5.8387,5.5672
36.8987,9,3,9.0437,45.9417,converged,81583.38,50581.08,-2.9648,1.83,0.0000,0.0352,0.0741,,,,,,,
29.7736,10,3,9.7368,39.5098,converged,81583.38,50581.08,-2.9648,1.83,0.0000,0.0270,0.0142,,,,,,,
21.0441,10,3,8.6907,29.7347,converged,81583.03,50581.02,-2.9659,1.85,0.0000,0.0246,0.0579,,,,,,,
32.1337,10,3,9.3805,41.5136,converged,81582.84,50580.99,-2.9668,1.87,0.0000,0.0377,0.0865,,,,,,,
59.3272,5,3,10.2677,69.5947,converged,81582.84,50580.99,-2.9668,1.87,0.0000,0.1298,0.0862,,,,,,,
40.0879,8,3,13.3362,53.4232,converged,81582.36,50580.90,-2.9684,1.89,0.0000,0.0305,0.0472,,,,,,,
43.2924,8,8,27.3277,70.6198,completed,81582.36,50580.90,-2.9684,1.89,0.0000,0.0256,0.1116,0.2996,0.3963,1.3311,6.4775,6.6110,,
33.3916,10,3,9.4893,42.8803,converged,81581.90,50580.82,-2.9727,1.91,0.0000,0.0188,0.0129,,,,,,,
24.7692,10,3,8.9909,33.7600,converged,81581.90,50580.82,-2.9727,1.91,0.0000,0.0288,0.0372,,,,,,,
53.1859,6,6,24.5239,77.7089,completed,81581.55,50580.76,-2.9712,1.92,0.0000,0.2398,0.3326,0.6896,2.0910,6.2635,,,,
39.0949,9,9,30.9354,70.0294,completed,81581.55,50580.76,-2.9712,1.92,0.0000,0.0744,0.1502,0.2477,0.3521,0.8156,2.4405,5.2437,5.8489,
24.6537,10,3,10.6514,35.3044,converged,81581.00,50580.66,-2.9717,1.96,0.0000,0.0260,0.0370,,,,,,,
50.5037,7,3,9.3466,59.8497,converged,81581.00,50580.66,-2.9717,1.96,0.0000,0.0331,0.0439,,,,,,,
57.9992,6,6,26.1847,84.1838,completed,81580.56,50580.59,-2.9704,2.04,0.0000,0.1969,0.2667,0.3945,3.4383,7.1428,,,,
27.3651,10,3,15.6935,43.0585,converged,81580.56,50580.59,-2.9704,2.04,0.0000,0.0469,0.0998,,,,,,,
29.1984,10,3,10.9773,40.1753,converged,81580.03,50580.49,-2.9675,2.15,0.0000,0.0266,0.0638,,,,,,,
50.1427,7,3,9.7408,59.8828,converged,81580.03,50580.49,-2.9675,2.15,0.0000,0.0771,0.0411,,,,,,,
38.3880,9,3,10.2971,48.6852,converged,81579.50,50580.39,-2.9636,2.26,0.0000,0.0318,0.0265,,,,,,,
58.1202,5,5,24.3455,82.4656,completed,81579.50,50580.39,-2.9636,2.26,0.0000,0.1474,0.1158,2.2598,8.3899,,,,,
24.2641,10,3,15.1685,39.4326,converged,81578.92,50580.28,-2.9560,2.38,0.0000,0.0154,0.0267,,,,,,,
28.7648,10,3,14.2308,42.9948,converged,81578.92,50580.28,-2.9560,2.38,0.0000,0.0154,0.0208,,,,,,,
38.8350,9,3,10.6730,49.5081,converged,81578.34,50580.17,-2.9565,2.45,0.0000,0.0505,0.0997,,,,,,,
59.3884,5,5,20.8350,80.2230,completed,81578.34,50580.17,-2.9565,2.45,0.0000,0.0468,0.2147,1.2586,6.8334,,,,,
53.1667,6,6,30.9830,84.1491,completed,81577.71,50580.05,-2.9551,2.52,0.0000,0.0636,0.1285,0.9543,3.7668,7.8294,,,,
21.7409,10,3,10.4788,32.2189,converged,81577.71,50580.05,-2.9551,2.52,0.0000,0.0488,0.0650,,,,,,,
43.0290,8,3,13.3850,56.4130,converged,81577.10,50579.94,-2.9529,2.65,0.0000,0.0145,0.0527,,,,,,,
50.6310,7,3,11.8811,62.5121,converged,81577.10,50579.94,-2.9529,2.65,0.0000,0.0315,0.0392,,,,,,,
38.2322,9,3,10.4170,48.6491,converged,81576.47,50579.81,-2.9471,2.76,0.0000,0.0097,0.0315,,,,,,,
23.6298,10,3,11.9256,35.5546,converged,81576.47,50579.81,-2.9471,2.76,0.0000,0.0133,0.0182,,,,,,,
41.4141,8,3,18.3136,59.7276,converged,81575.88,50579.69,-2.9462,2.88,0.0000,0.0176,0.0163,,,,,,,
30.4148,10,3,10.3461,40.7601,converged,81575.88,50579.69,-2.9462,2.88,0.0000,0.0101,0.0206,,,,,,,
55.5648,6,3,9.3835,64.9476,converged,81575.22,50579.56,-2.9418,3.01,0.0000,0.0406,0.0505,,,,,,,
48.8216,7,3,9.9364,58.7574,converged,81575.22,50579.56,-2.9418,3.01,0.0000,0.0432,0.0166,,,,,,,
43.4144,8,3,14.0014,57.4154,converged,81574.44,50579.39,-2.9373,3.08,0.0000,0.0082,0.0513,,,,,,,
34.7778,9,3,13.0441,47.8212,converged,81574.44,50579.39,-2.9373,3.08,0.0000,0.0214,0.0238,,,,,,,
53.6844,6,6,23.4356,77.1197,completed,81573.71,50579.24,-2.9360,3.13,0.0000,0.0991,0.1882,0.3008,3.1577,7.9129,,,,
27.8950,10,3,11.3723,39.2663,converged,81573.71,50579.24,-2.9360,3.13,0.0000,0.0118,0.0267,,,,,,,
55.2436,6,3,9.3376,64.5806,converged,81572.85,50579.06,-2.9325,3.17,0.0000,0.0179,0.0229,,,,,,,
59.1630,5,5,21.1697,80.3317,completed,81572.85,50579.06,-2.9325,3.17,0.0000,0.0357,0.2068,1.5501,6.5153,,,,,
26.7834,10,3,9.3051,36.0882,converged,81571.97,50578.86,-2.9272,3.23,0.0000,0.0092,0.0326,,,,,,,
58.1293,5,3,14.6630,72.8064,converged,81571.97,50578.86,-2.9272,3.23,0.0000,0.0605,0.0950,,,,,,,
33.8010,10,3,9.5053,43.3064,converged,81571.13,50578.68,-2.9283,3.25,0.0000,0.0175,0.0086,,,,,,,
56.4619,6,3,10.6082,67.0693,converged,81571.13,50578.68,-2.9283,3.25,0.0000,0.0276,0.0438,,,,,,,
27.7925,10,3,10.0889,37.8810,converged,81570.33,50578.50,-2.9304,3.23,0.0000,0.0147,0.0103,,,,,,,
28.1910,10,3,11.8574,40.0474,converged,81570.33,50578.50,-2.9304,3.23,0.0000,0.0292,0.0289,,,,,,,
58.1453,5,3,8.8255,66.9706,converged,81569.71,50578.37,-2.9343,3.17,0.0000,0.0390,0.0961,,,,,,,
37.5951,9,9,28.2091,65.8041,completed,81569.71,50578.37,-2.9343,3.17,0.0000,0.0656,0.1317,0.3332,0.7631,2.1170,2.6639,5.3218,5.6306,
20.1621,10,3,10.0407,30.2027,converged,81568.95,50578.21,-2.9397,3.10,0.0000,0.0654,0.0724,,,,,,,
45.3580,8,3,10.1747,55.5327,converged,81568.95,50578.21,-2.9397,3.10,0.0000,0.0367,0.0309,,,,,,,
28.3846,10,10,43.6034,71.9875,completed,81568.25,50578.07,-2.9445,3.05,0.0000,0.1330,0.1733,0.1449,0.3408,0.7669,1.9009,4.3847,7.0347,7.4304
43.5406,8,3,12.1683,55.7084,converged,81568.25,50578.07,-2.9445,3.05,0.0000,0.0251,0.0597,,,,,,,
33.5918,10,3,8.7145,42.3055,converged,81567.47,50577.91,-2.9452,2.94,0.0000,0.0080,0.0156,,,,,,,
21.3641,10,3,8.5904,29.9544,converged,81567.47,50577.91,-2.9452,2.94,0.0000,0.0146,0.0467,,,,,,,
24.1635,10,3,9.0429,33.2059,converged,81566.91,50577.80,-2.9446,2.81,0.0000,0.0082,0.0201,,,,,,,
33.4247,10,3,9.7017,43.1257,converged,81566.91,50577.80,-2.9446,2.81,0.0000,0.0653,0.0998,,,,,,,
52.8547,6,6,29.9843,82.8384,completed,81566.37,50577.69,-2.9442,2.72,0.0000,0.0711,0.2578,0.4493,2.0067,6.9189,,,,
52.6503,6,6,23.1729,75.8229,completed,81566.37,50577.69,-2.9442,2.72,0.0000,0.0572,0.1235,0.5418,2.6495,7.0177,,,,
51.2221,7,3,10.3345,61.5565,converged,81565.58,50577.53,-2.9518,2.60,0.0000,0.0084,0.0328,,,,,,,
29.9759,10,3,12.2955,42.2705,converged,81565.58,50577.53,-2.9518,2.60,0.0000,0.0213,0.0378,,,,,,,
30.5741,10,3,11.3349,41.9089,converged,81564.96,50577.41,-2.9504,2.46,0.0000,0.0078,0.0251,,,,,,,
26.9415,10,3,10.1858,37.1269,converged,81564.96,50577.41,-2.9504,2.46,0.0000,0.0130,0.0464,,,,,,,
27.2110,10,3,15.1238,42.3338,converged,81564.51,50577.32,-2.9466,2.42,0.0000,0.0165,0.0203,,,,,,,
39.0791,9,9,31.7032,70.7822,completed,81564.51,50577.32,-2.9466,2.42,0.0000,0.0633,0.1354,0.2351,0.3940,1.3156,4.3494,5.6948,6.0005,
49.3287,7,7,29.1132,78.4412,completed,81564.00,50577.21,-2.9467,2.40,0.0000,0.0503,0.1630,0.4759,1.7708,5.3566,7.1207,,,
33.8236,10,3,11.0033,44.8263,converged,81564.00,50577.21,-2.9467,2.40,0.0000,0.0176,0.0859,,,,,,,
54.7426,6,6,26.5281,81.2701,completed,81563.32,50577.08,-2.9527,2.37,0.0000,0.0091,0.2821,0.9600,1.5677,5.3557,,,,
40.3244,8,8,32.6911,73.0151,completed,81563.32,50577.08,-2.9527,2.37,0.0000,0.0364,0.1143,0.2603,0.5189,0.6430,3.4378,4.5703,,
44.6989,8,8,41.2801,85.9782,completed,81562.64,50576.94,-2.9512,2.34,0.0000,0.0390,0.1043,0.2331,0.4590,3.2140,5.6189,6.3241,,
29.4312,10,10,42.0653,71.4963,completed,81562.64,50576.94,-2.9512,2.34,0.0000,0.0793,0.1469,0.2308,0.7854,1.6998,2.4490,3.8695,4.9621,5.1411
43.9908,8,6,21.8618,65.8518,converged,81561.98,50576.82,-2.9503,2.40,0.0000,0.0389,0.1429,0.6293,0.6399,0.0593,,,,
48.9179,7,7,32.2609,81.1780,completed,81561.98,50576.82,-2.9503,2.40,0.0000,0.0509,0.1572,0.3630,0.2831,3.1074,5.3856,,,
28.6583,10,3,11.9337,40.5917,converged,81561.34,50576.69,-2.9464,2.47,0.0000,0.0062,0.0282,,,,,,,
48.0355,7,7,26.8859,74.9209,completed,81561.34,50576.69,-2.9464,2.47,0.0000,0.0361,0.1368,0.2591,0.2914,4.6243,6.0348,,,
58.4529,5,5,21.8767,80.3288,completed,81560.78,50576.57,-2.9460,2.53,0.0000,0.0433,0.8642,0.7647,4.8463,,,,,
54.7903,6,6,21.7221,76.5121,completed,81560.78,50576.57,-2.9460,2.53,0.0000,0.0387,0.3070,1.0328,2.5826,5.8914,,,,
24.5328,10,3,13.0171,37.5491,converged,81560.04,50576.42,-2.9481,2.54,0.0000,0.0244,0.0530,,,,,,,
30.3600,10,3,9.2688,39.6288,converged,81560.04,50576.42,-2.9481,2.54,0.0000,0.0234,0.0634,,,,,,,
20.9583,10,3,9.6452,30.6032,converged,81559.54,50576.32,-2.9483,2.58,0.0000,0.0166,0.0345,,,,,,,
50.0425,7,7,28.0047,78.0468,completed,81559.54,50576.32,-2.9483,2.58,0.0000,0.0224,0.2639,0.9594,0.7473,1.8301,5.0679,,,
28.4952,10,3,18.7044,47.1994,converged,81558.95,50576.21,-2.9446,2.58,0.0000,0.0363,0.0168,,,,,,,
56.2309,6,6,27.0382,83.2683,completed,81558.95,50576.21,-2.9446,2.58,0.0000,0.1066,0.4516,2.1860,4.7781,6.9910,,,,
56.4107,6,6,23.5196,79.9297,completed,81558.27,50576.07,-2.9366,2.58,0.0000,0.0829,0.8191,1.1389,0.4728,5.1861,,,,
48.0145,7,7,24.8269,72.8409,completed,81558.27,50576.07,-2.9366,2.58,0.0000,0.0322,0.1480,0.9739,0.5385,2.0647,5.4386,,,
46.3275,7,3,8.7491,55.0761,converged,81557.51,50575.90,-2.9309,2.60,0.0000,0.0164,0.0520,,,,,,,
39.4284,9,3,12.5812,52.0093,converged,81557.51,50575.90,-2.9309,2.60,0.0000,0.0064,0.0407,,,,,,,
51.4707,7,7,24.9786,76.4487,completed,81556.91,50575.77,-2.9260,2.65,0.0000,0.0445,0.2453,2.2044,3.8260,5.7883,6.8860,,,
27.2880,10,3,9.0051,36.2921,converged,81556.91,50575.77,-2.9260,2.65,0.0000,0.0190,0.0342,,,,,,,
56.4926,6,6,22.3861,78.8781,completed,81556.31,50575.63,-2.9267,2.65,0.0000,0.0710,0.5990,0.7402,0.6704,5.3879,,,,
26.2097,10,3,13.2696,39.4786,converged,81556.31,50575.63,-2.9267,2.65,0.0000,0.0200,0.0448,,,,,,,
47.6659,7,3,13.7782,61.4432,converged,81555.63,50575.49,-2.9327,2.60,0.0000,0.2429,0.0500,,,,,,,
46.3790,7,7,30.5120,76.8901,completed,81555.63,50575.49,-2.9327,2.60,0.0000,0.0089,0.1084,0.2532,0.4823,1.8771,5.4734,,,
33.2890,10,3,12.5791,45.8681,converged,81554.87,50575.32,-2.9297,2.58,0.0000,0.0098,0.0191,,,,,,,
20.8103,10,3,14.5970,35.4070,converged,81554.87,50575.32,-2.9297,2.58,0.0000,0.0163,0.0201,,,,,,,
43.0278,8,8,31.1290,74.1560,completed,81554.37,50575.21,-2.9300,2.54,0.0000,0.0483,0.1129,0.5493,0.5871,0.1048,4.7305,5.0930,,
42.0717,8,3,9.8745,51.9456,converged,81554.37,50575.21,-2.9300,2.54,0.0000,0.0201,0.0527,,,,,,,
58.5313,5,5,27.6878,86.2188,completed,81553.70,50575.07,-2.9337,2.52,0.0000,0.0869,1.3796,1.7290,5.9764,,,,,
30.2087,10,3,10.9738,41.1818,converged,81553.70,50575.07,-2.9337,2.52,0.0000,0.0299,0.0342,,,,,,,
31.4633,10,3,10.9848,42.4479,converged,81552.97,50574.91,-2.9366,2.48,0.0000,0.0693,0.0285,,,,,,,
58.2757,5,5,24.1616,82.4366,completed,81552.97,50574.91,-2.9366,2.48,0.0000,0.1267,0.7879,0.8933,5.0023,,,,,
53.2537,6,6,23.7560,77.0091,completed,81552.40,50574.79,-2.9345,2.49,0.0000,0.2432,0.1241,1.8162,2.0613,5.9451,,,,
34.5472,9,3,10.2831,44.8302,converged,81552.40,50574.79,-2.9345,2.49,0.0000,0.0586,0.0245,,,,,,,
46.3624,7,7,37.9671,84.3292,completed,81551.75,50574.65,-2.9368,2.48,0.0000,0.1491,0.1880,0.6989,0.6737,5.4198,5.3256,,,
55.7421,6,6,22.7217,78.4638,completed,81551.75,50574.65,-2.9368,2.48,0.0000,0.0804,0.2724,0.8252,0.2507,4.4065,,,,
23.0613,10,3,9.7680,32.8291,converged,81551.03,50574.50,-2.9410,2.41,0.0000,0.1683,0.0805,,,,,,,
55.5546,6,6,30.3428,85.8969,completed,81551.03,50574.50,-2.9410,2.41,0.0000,0.1978,1.4505,4.0265,4.4400,6.2139,,,,
52.6740,6,6,24.9679,77.6410,completed,81550.41,50574.37,-2.9416,2.33,0.0000,0.2721,0.4334,0.4576,2.7247,5.5259,,,,
35.7458,9,9,46.2818,82.0272,completed,81550.41,50574.37,-2.9416,2.33,0.0000,0.1169,0.1007,0.1462,0.9533,0.9522,0.9797,4.5055,4.4229,
53.6712,6,6,24.7373,78.4083,completed,81549.73,50574.23,-2.9466,2.30,0.0000,0.5220,1.4703,1.8410,3.0361,5.4587,,,,
43.5976,8,8,37.6566,81.2536,completed,81549.73,50574.23,-2.9466,2.30,0.0000,0.0883,0.1022,0.5467,1.4683,0.1279,3.3380,4.4130,,
47.2121,7,7,26.4575,73.6696,completed,81549.06,50574.10,-2.9509,2.24,0.0000,0.2992,0.4061,0.1801,3.1187,2.9986,4.6403,,,
42.0507,8,3,11.5641,53.6142,converged,81549.06,50574.10,-2.9509,2.24,0.0000,0.1754,0.0338,,,,,,,
39.4822,9,9,44.9462,84.4282,completed,81548.56,50574.00,-2.9493,2.18,0.0000,0.2264,0.3259,0.7684,1.8806,1.1652,2.3164,3.5088,4.6729,
40.5411,8,8,28.5904,69.1314,completed,81548.56,50574.00,-2.9493,2.18,0.0000,0.2817,0.2567,0.3372,0.8294,1.8369,4.0680,4.5070,,
55.2876,6,6,29.7148,85.0018,completed,81547.91,50573.87,-2.9492,2.16,0.0000,0.3511,0.3983,2.4900,0.6745,4.1958,,,,
27.6278,10,10,37.8885,65.5155,completed,81547.91,50573.87,-2.9492,2.16,0.0000,0.2881,0.6202,1.6637,3.1048,1.9594,1.7451,2.6353,3.8789,4.3683
30.1220,10,10,35.5418,65.6628,completed,81547.35,50573.76,-2.9494,2.12,0.0000,0.1347,0.2157,1.5543,1.6283,2.8389,0.6586,0.1571,2.3848,3.5491
40.1100,8,8,41.7249,81.8339,completed,81547.35,50573.76,-2.9494,2.12,0.0000,0.2702,0.6216,1.5412,1.4031,2.5151,3.1515,4.4996,,
52.8212,6,6,23.5393,76.3603,completed,81546.80,50573.65,-2.9473,2.08,0.0000,0.6906,1.6009,1.7009,2.4921,5.1145,,,,
50.9201,7,7,29.5394,80.4594,completed,81546.80,50573.65,-2.9473,2.08,0.0000,0.4236,2.1960,3.8209,3.6440,4.9921,5.3357,,,
32.5224,10,3,9.9396,42.4616,converged,81546.12,50573.51,-2.9438,2.03,0.0000,0.1226,0.0593,,,,,,,
24.3153,10,10,34.3760,58.6910,completed,81546.12,50573.51,-2.9438,2.03,0.0000,0.3248,0.6605,1.2888,2.1373,1.6820,1.9286,2.7281,3.6886,4.0173
54.3158,6,6,32.5799,86.8949,completed,81545.65,50573.41,-2.9441,2.00,0.0000,0.2977,0.8254,1.3706,2.5198,5.0413,,,,
53.9920,6,6,23.5473,77.5384,completed,81545.65,50573.41,-2.9441,2.00,0.0000,0.3173,2.0907,3.7750,0.7605,3.6091,,,,
41.8661,8,3,15.3204,57.1864,converged,81545.06,50573.29,-2.9420,1.98,0.0000,0.1211,0.0862,,,,,,,
39.1349,9,9,48.5418,87.6758,completed,81545.06,50573.29,-2.9420,1.98,0.0000,0.2596,1.0195,2.2923,2.2002,1.3712,2.6546,3.7697,4.2247,
38.3903,9,9,49.3008,87.6908,completed,81544.49,50573.17,-2.9372,1.91,0.0000,0.2275,0.3374,0.6042,1.1938,1.2636,2.0936,3.3239,3.9171,
36.3397,9,9,33.0855,69.7426,completed,81544.49,50573.17,-2.9372,1.91,0.0000,0.2092,0.7379,2.3620,2.0616,1.1763,1.9390,3.6800,4.2747,
22.1402,10,10,44.7848,66.9249,completed,81543.93,50573.05,-2.9416,1.87,0.0000,0.0686,0.2036,0.5990,1.3085,1.2947,0.6054,1.9128,3.5674,3.7399
21.2170,10,10,50.0392,71.2563,completed,81543.93,50573.05,-2.9416,1.87,0.0000,0.1366,0.4928,1.1821,1.5362,0.8603,1.2497,1.9421,3.1969,3.5775
59.5602,5,5,22.4490,82.0090,completed,81543.45,50572.95,-2.9416,1.79,0.0000,0.4193,2.4097,3.4186,2.2101,,,,,
23.5417,10,10,41.6520,65.1930,completed,81543.45,50572.95,-2.9416,1.79,0.0000,0.2396,0.6752,1.5442,2.0370,1.2751,1.9048,2.5082,3.0338,3.3070
20.5964,10,3,15.5401,36.1361,converged,81543.00,50572.86,-2.9399,1.69,0.0000,0.0275,0.0386,,,,,,,
48.0161,7,7,27.3936,75.4096,completed,81543.00,50572.86,-2.9399,1.69,0.0000,0.1053,0.3692,1.4275,4.2484,0.7646,2.8082,,,
29.0122,10,3,13.7281,42.7401,converged,81542.62,50572.78,-2.9417,1.67,0.0000,0.0605,0.0723,,,,,,,
59.0633,5,5,21.5048,80.5678,completed,81542.62,50572.78,-2.9417,1.67,0.0000,0.1246,0.3462,0.4315,3.7833,,,,,
47.0402,7,7,25.5249,72.5650,completed,81542.19,50572.69,-2.9492,1.64,0.0000,0.3740,2.2723,7.8931,4.0269,0.5597,3.1504,,,
20.1016,10,10,34.1711,54.2722,completed,81542.19,50572.69,-2.9492,1.64,0.0000,0.0306,0.1314,0.3409,0.2084,0.3193,0.3820,1.5232,3.3309,3.6884
29.2931,10,3,8.9877,38.2808,converged,81541.77,50572.60,-2.9556,1.59,0.0000,0.0553,0.0972,,,,,,,
50.4011,7,7,41.3645,91.7656,completed,81541.77,50572.60,-2.9556,1.59,0.0000,0.1859,0.4485,1.1177,1.1992,2.1784,3.8185,,,
35.1051,9,9,29.7731,64.8782,completed,81541.36,50572.52,-2.9537,1.59,0.0000,0.1282,0.3933,1.3636,4.1844,2.4956,0.8922,3.0752,3.3482,
46.7622,7,7,27.4604,74.2224,completed,81541.36,50572.52,-2.9537,1.59,0.0000,0.2289,0.9306,1.6739,1.7514,3.1967,4.1607,,,
21.3597,10,10,36.7386,58.0977,completed,81540.95,50572.44,-2.9551,1.57,0.0000,0.0671,0.1069,0.1684,0.2225,0.7691,0.8311,1.5886,2.8244,3.2872
58.7935,5,5,18.5427,77.3357,completed,81540.95,50572.44,-2.9551,1.57,0.0000,0.5298,2.2226,1.8175,3.9504,,,,,
39.4759,9,9,35.7157,75.1907,completed,81540.54,50572.36,-2.9578,1.50,0.0000,0.0864,0.2962,1.4512,5.8418,8.3208,1.3233,2.0457,2.9865,
56.9912,6,6,27.3671,84.3582,completed,81540.54,50572.36,-2.9578,1.50,0.0000,0.1302,0.3027,2.7984,2.3972,4.0424,,,,
34.6217,9,3,11.1167,45.7377,converged,81540.11,50572.28,-2.9577,1.42,0.0000,0.0571,0.0477,,,,,,,
59.8397,5,5,32.3234,92.1624,completed,81540.11,50572.28,-2.9577,1.42,0.0000,0.6979,5.3857,3.4941,0.5000,,,,,
30.2387,10,10,44.0069,74.2449,completed,81539.74,50572.20,-2.9572,1.43,0.0000,0.0195,0.1298,0.3729,0.6052,1.1828,1.0078,2.0541,2.8485,2.8154
25.9865,10,10,49.1817,75.1677,completed,81539.74,50572.20,-2.9572,1.43,0.0000,0.3288,0.7692,2.1276,4.0118,3.2916,1.5615,2.4328,3.1487,3.1022
40.4382,8,8,31.5225,71.9605,completed,81539.31,50572.12,-2.9622,1.44,0.0000,0.1470,0.1291,1.3174,9.0885,4.9402,0.2121,1.8614,,
46.1981,7,7,32.1635,78.3615,completed,81539.31,50572.12,-2.9622,1.44,0.0000,0.8769,3.2521,5.0779,2.5977,3.1993,3.7740,,,
27.1004,10,10,34.5915,61.6915,completed,81538.94,50572.05,-2.9610,1.44,0.0000,0.1247,0.3411,0.6593,0.7042,1.2695,0.7173,1.6940,2.9190,3.1153
54.9454,6,6,24.5258,79.4708,completed,81538.94,50572.05,-2.9610,1.44,0.0000,0.2648,0.1194,2.3493,0.3534,1.2257,,,,
34.8982,9,9,37.5031,72.4012,completed,81538.55,50571.97,-2.9593,1.47,0.0000,0.4070,0.7953,0.5765,2.7024,1.1291,1.1280,2.8121,3.2871,
22.6767,10,10,37.3256,60.0017,completed,81538.55,50571.97,-2.9593,1.47,0.0000,0.3482,0.5355,0.6792,0.2665,1.4414,2.2846,0.1117,2.1000,2.5497
44.9624,8,8,30.1524,75.1144,completed,81538.16,50571.90,-2.9570,1.50,0.0000,0.0223,1.2812,4.9852,3.3929,0.1318,0.5977,2.2409,,
22.8858,10,10,51.5973,74.4823,completed,81538.16,50571.90,-2.9570,1.50,0.0000,0.2072,0.5026,0.4850,1.0123,1.9150,1.1576,0.2901,1.9163,2.3875
59.6819,5,5,21.9816,81.6627,completed,81537.72,50571.81,-2.9535,1.50,0.0000,0.1362,0.5644,1.4434,3.4056,,,,,
34.7445,9,9,34.7808,69.5248,completed,81537.72,50571.81,-2.9535,1.50,0.0000,0.8982,2.1767,4.6452,3.6771,2.1759,2.2951,2.8476,2.7945,
20.7047,10,3,10.6233,31.3273,converged,81537.28,50571.72,-2.9547,1.55,0.0000,0.0523,0.0559,,,,,,,
44.4025,8,8,33.3563,77.7583,completed,81537.28,50571.72,-2.9547,1.55,0.0000,0.4934,0.6889,2.0190,3.9375,1.7586,1.3866,2.2884,,
20.1536,10,3,9.5213,29.6743,converged,81536.92,50571.65,-2.9581,1.59,0.0000,0.0795,0.0682,,,,,,,
59.1242,5,5,21.3573,80.4814,completed,81536.92,50571.65,-2.9581,1.59,0.0000,0.9829,0.9010,0.8874,3.2076,,,,,
30.8908,10,3,9.7995,40.6895,converged,81536.50,50571.57,-2.9593,1.61,0.0000,0.0505,0.0387,,,,,,,
55.0109,6,6,32.2649,87.2965,completed,81536.50,50571.57,-2.9593,1.61,0.0000,0.2671,1.7296,3.8983,0.8195,1.6136,,,,
39.7562,9,3,17.1411,56.8971,converged,81536.14,50571.50,-2.9662,1.60,0.0000,0.0671,0.0691,,,,,,,
49.9810,7,7,25.3467,75.3267,completed,81536.14,50571.50,-2.9662,1.60,0.0000,0.1316,0.5854,1.2292,1.5802,2.6311,3.0619,,,
20.7761,10,3,8.2893,29.0653,converged,81535.71,50571.42,-2.9667,1.61,0.0000,0.0575,0.0654,,,,,,,
30.6073,10,10,38.6410,69.2481,completed,81535.71,50571.42,-2.9667,1.61,0.0000,0.1093,0.1247,0.2097,0.1320,1.1787,0.6956,1.4472,2.1485,2.0786
51.2824,7,7,31.4536,82.7356,completed,81535.34,50571.35,-2.9754,1.64,0.0000,0.1073,0.2359,0.3544,1.1417,2.0798,3.1564,,,
25.9366,10,10,39.0879,65.0240,completed,81535.34,50571.35,-2.9754,1.64,0.0000,0.1128,0.1310,0.1353,0.1992,0.7159,0.5749,1.3975,2.1357,2.1207
43.9986,8,3,9.6505,53.6486,converged,81534.91,50571.27,-2.9841,1.68,0.0000,0.0500,0.0509,,,,,,,
55.2407,6,6,24.9027,80.1428,completed,81534.91,50571.27,-2.9841,1.68,0.0000,0.2058,0.4812,0.2047,0.4460,2.4129,,,,
55.4589,6,6,22.0416,77.4996,completed,81534.47,50571.20,-2.9903,1.67,0.0000,0.1013,0.2289,0.8313,1.9458,3.0783,,,,
33.5896,10,5,16.4923,50.0813,converged,81534.47,50571.20,-2.9903,1.67,0.0000,0.0866,0.1052,0.1173,0.0802,,,,,
52.4372,6,6,23.3344,75.7714,completed,81534.08,50571.14,-2.9945,1.67,0.0000,0.1421,0.2488,0.9740,2.0879,3.2237,,,,
31.3478,10,3,13.1959,44.5429,converged,81534.08,50571.14,-2.9945,1.67,0.0000,0.0832,0.0912,,,,,,,
20.2918,10,3,10.4461,30.7371,converged,81533.66,50571.07,-2.9968,1.68,0.0000,0.0277,0.0272,,,,,,,
33.8374,10,10,41.6488,75.4858,completed,81533.66,50571.07,-2.9968,1.68,0.0000,0.1075,0.1527,0.3118,0.7735,0.3716,0.5978,1.0393,1.9044,2.0776
34.8520,9,9,34.3811,69.2322,completed,81533.30,50571.02,-2.9967,1.68,0.0000,0.0762,0.1258,0.3161,0.9096,1.0772,0.6372,1.7992,2.3160,
47.1382,7,3,9.8792,57.0173,converged,81533.30,50571.02,-2.9967,1.68,0.0000,0.0814,0.0618,,,,,,,
42.4038,8,3,10.8523,53.2553,converged,81532.85,50570.94,-3.0003,1.72,0.0000,0.0655,0.0802,,,,,,,
46.5275,7,7,26.5963,73.1233,completed,81532.85,50570.94,-3.0003,1.72,0.0000,0.1060,0.1516,0.1022,0.7608,1.5422,2.5175,,,
44.6667,8,3,9.5074,54.1734,converged,81532.40,50570.88,-3.0037,1.70,0.0000,0.0352,0.0335,,,,,,,
56.4472,6,6,26.5209,82.9679,completed,81532.40,50570.88,-3.0037,1.70,0.0000,0.1379,0.2661,0.3609,0.5780,2.2218,,,,
21.6913,10,3,19.0233,40.7143,converged,81531.95,50570.81,-2.9988,1.72,0.0000,0.0282,0.0454,,,,,,,
26.5396,10,3,14.8229,41.3619,converged,81531.95,50570.81,-2.9988,1.72,0.0000,0.0826,0.0880,,,,,,,
30.7883,10,3,11.9411,42.7292,converged,81531.55,50570.75,-2.9967,1.72,0.0000,0.0640,0.0378,,,,,,,
48.0559,7,3,13.2901,61.3452,converged,81531.55,50570.75,-2.9967,1.72,0.0000,0.0927,0.0192,,,,,,,
43.2105,8,3,10.7595,53.9695,converged,81531.18,50570.69,-2.9964,1.72,0.0000,0.0736,0.0444,,,,,,,
42.9628,8,3,10.4564,53.4185,converged,81531.18,50570.69,-2.9964,1.72,0.0000,0.0947,0.0889,,,,,,,
29.1893,10,3,10.6525,39.8415,converged,81530.81,50570.63,-2.9986,1.73,0.0000,0.0289,0.0382,,,,,,,
29.1588,10,3,16.7070,45.8651,converged,81530.81,50570.63,-2.9986,1.73,0.0000,0.0119,0.0879,,,,,,,
20.7920,10,3,13.3135,34.1045,converged,81530.41,50570.57,-3.0036,1.74,0.0000,0.0108,0.0896,,,,,,,
59.9042,5,5,17.4716,77.3757,completed,81530.41,50570.57,-3.0036,1.74,0.0000,0.1136,0.2948,0.8941,2.3723,,,,,
24.8910,10,10,36.0701,60.9601,completed,81530.00,50570.51,-3.0057,1.74,0.0000,0.0136,0.1098,0.2546,0.4245,0.7426,1.4299,1.7990,1.8092,1.7647
49.1248,7,7,29.2437,78.3677,completed,81530.00,50570.51,-3.0057,1.74,0.0000,0.0127,0.2153,0.7835,1.0453,2.1941,2.5252,,,
33.1746,10,3,12.2387,45.4128,converged,81529.55,50570.44,-3.0063,1.74,0.0000,0.0312,0.0537,,,,,,,
48.4070,7,7,26.8228,75.2288,completed,81529.55,50570.44,-3.0063,1.74,0.0000,0.0293,0.1064,0.5574,0.5523,1.7061,2.2606,,,
25.0318,10,3,11.6219,36.6529,converged,81529.14,50570.38,-3.0044,1.74,0.0000,0.0278,0.0555,,,,,,,
36.9910,9,3,9.4705,46.4615,converged,81529.14,50570.38,-3.0044,1.74,0.0000,0.0837,0.0239,,,,,,,
57.8298,6,6,22.7208,80.5498,completed,81528.80,50570.33,-3.0028,1.74,0.0000,0.0180,0.2009,0.8270,1.8224,2.5593,,,,
35.7447,9,9,41.9354,77.6794,completed,81528.80,50570.33,-3.0028,1.74,0.0000,0.0247,0.1090,0.2231,0.4345,0.7204,1.5633,1.9221,1.8456,
50.0403,7,7,31.6293,81.6694,completed,81528.28,50570.25,-2.9993,1.75,0.0000,0.1338,0.3233,0.4804,0.6807,1.4019,2.2169,,,
33.2299,10,3,14.1485,47.3775,converged,81528.28,50570.25,-2.9993,1.75,0.0000,0.0318,0.0150,,,,,,,
27.4013,10,3,9.1943,36.5954,converged,81527.84,50570.18,-2.9896,1.79,0.0000,0.0718,0.0798,,,,,,,
35.1041,9,3,9.6772,44.7812,converged,81527.84,50570.18,-2.9896,1.79,0.0000,0.0628,0.0162,,,,,,,
32.8805,10,10,43.5306,76.4107,completed,81527.48,50570.12,-2.9766,1.79,0.0000,0.0479,0.1699,0.3938,0.9964,1.1259,1.1164,1.9363,1.9952,1.8677
36.9931,9,3,8.4494,45.4425,converged,81527.48,50570.12,-2.9766,1.79,0.0000,0.0378,0.0498,,,,,,,
41.7602,8,3,10.5901,52.3502,converged,81527.05,50570.04,-2.9633,1.81,0.0000,0.0318,0.0917,,,,,,,
58.6199,5,5,20.3955,79.0145,completed,81527.05,50570.04,-2.9633,1.81,0.0000,0.1439,0.3683,1.1501,2.8572,,,,,
49.4521,7,7,29.1865,78.6385,completed,81526.60,50569.95,-2.9519,1.82,0.0000,0.0656,0.2388,0.5927,1.2810,2.7084,2.7794,,,
38.6996,9,3,11.1424,49.8415,converged,81526.60,50569.95,-2.9519,1.82,0.0000,0.0189,0.0291,,,,,,,
42.6801,8,3,9.6281,52.3081,converged,81526.16,50569.86,-2.9413,1.82,0.0000,0.0178,0.0464,,,,,,,
48.8543,7,7,28.8354,77.6894,completed,81526.16,50569.86,-2.9413,1.82,0.0000,0.1760,0.4861,1.2100,1.0178,2.4597,2.6493,,,
44.6649,8,3,14.2825,58.9465,converged,81525.71,50569.76,-2.9255,1.82,0.0000,0.0388,0.0824,,,,,,,
42.2669,8,8,40.2038,82.4698,completed,81525.71,50569.76,-2.9255,1.82,0.0000,0.1033,0.1405,0.7539,1.4451,1.1430,2.2948,2.3077,,
45.7081,8,8,36.2072,81.9152,completed,81525.21,50569.64,-2.9085,1.88,0.0000,0.1194,0.2103,0.4002,0.2709,1.3179,2.1926,2.4186,,
29.3058,10,10,46.2850,75.5900,completed,81525.21,50569.64,-2.9085,1.88,0.0000,0.1650,0.2248,0.3612,0.1864,0.3096,0.1123,1.5614,2.0827,2.1608
25.1310,10,3,10.5892,35.7193,converged,81524.70,50569.50,-2.8856,1.96,0.0000,0.0398,0.0362,,,,,,,
44.4493,8,8,38.5635,83.0126,completed,81524.70,50569.50,-2.8856,1.96,0.0000,0.2164,0.4809,0.2913,1.6053,1.1921,2.1342,2.3645,,
41.5205,8,8,41.2891,82.8091,completed,81524.23,50569.37,-2.8606,1.97,0.0000,0.0798,0.1873,0.7968,0.7764,1.3618,2.5294,2.4438,,
53.4801,6,6,21.8086,75.2886,completed,81524.23,50569.37,-2.8606,1.97,0.0000,0.1058,0.4077,2.4170,2.5892,3.2650,,,,
31.5969,10,10,39.9063,71.5024,completed,81523.70,50569.20,-2.8326,1.99,0.0000,0.0649,0.1050,0.2692,0.8294,0.6498,0.5259,1.8251,2.2193,2.0834
49.6255,7,7,26.8892,76.5143,completed,81523.70,50569.20,-2.8326,1.99,0.0000,0.1877,0.5843,1.0586,0.6918,2.1566,2.6726,,,
26.7854,10,10,36.9765,63.7615,completed,81523.15,50569.01,-2.7936,1.96,0.0000,0.1623,0.2617,0.4017,0.4422,0.4027,0.6302,1.8906,2.3106,2.1748
33.4397,10,10,37.3236,70.7626,completed,81523.15,50569.01,-2.7936,1.96,0.0000,0.0677,0.1147,0.2955,0.8670,0.6252,0.9207,1.9284,2.2865,2.1803
34.5922,9,3,9.0447,43.6367,converged,81522.66,50568.82,-2.7591,1.95,0.0000,0.0653,0.0847,,,,,,,
47.5151,7,7,25.5081,73.0231,completed,81522.66,50568.82,-2.7591,1.95,0.0000,0.0822,0.1372,1.7270,0.7858,2.4336,3.0102,,,
21.8725,10,10,41.0141,62.8861,completed,81522.24,50568.64,-2.7295,1.94,0.0000,0.0950,0.2317,0.5824,1.1398,0.8071,0.9823,2.3496,2.6332,2.3091
31.7868,10,3,18.4248,50.2109,converged,81522.24,50568.64,-2.7295,1.94,0.0000,0.0589,0.0868,,,,,,,
27.4701,10,10,43.4457,70.9157,completed,81521.84,50568.45,-2.7014,1.89,0.0000,0.0812,0.1546,0.4327,1.2280,0.9948,0.6965,2.3767,2.6375,2.2877
47.2375,7,7,26.8802,74.1172,completed,81521.84,50568.45,-2.7014,1.89,0.0000,0.0818,0.1007,1.6445,1.5443,3.1700,3.3657,,,
26.9640,10,10,41.6618,68.6258,completed,81521.36,50568.20,-2.6670,1.86,0.0000,0.0460,0.1049,0.3395,0.7381,0.6943,0.7409,2.3934,2.8180,2.4862
32.4162,10,3,8.7941,41.2101,converged,81521.36,50568.20,-2.6670,1.86,0.0000,0.0445,0.0550,,,,,,,
28.5503,10,10,35.2322,63.7822,completed,81520.96,50567.99,-2.6348,1.81,0.0000,0.0607,0.1419,0.3623,0.7128,0.4568,0.4843,2.1241,2.8435,2.5990
25.5430,10,10,35.9234,61.4654,completed,81520.96,50567.99,-2.6348,1.81,0.0000,0.0632,0.1407,0.3479,1.0455,1.2678,0.5520,2.1794,2.8713,2.6585
54.2673,6,6,22.1609,76.4279,completed,81520.57,50567.76,-2.5965,1.79,0.0000,0.2088,0.2112,0.7718,1.9454,3.8444,,,,
28.5561,10,3,12.4421,40.9981,converged,81520.57,50567.76,-2.5965,1.79,0.0000,0.0563,0.0769,,,,,,,
45.9195,8,8,32.0542,77.9733,completed,81520.20,50567.52,-2.5561,1.77,0.0000,0.0508,0.1845,0.6856,0.8820,1.2543,3.2247,3.3420,,
51.8191,7,7,31.0317,82.8507,completed,81520.20,50567.52,-2.5561,1.77,0.0000,0.1185,0.5181,1.7054,1.5281,3.5516,3.8974,,,
47.2556,7,7,27.6356,74.8907,completed,81519.77,50567.21,-2.5137,1.73,0.0000,0.0722,0.2550,0.7256,0.9379,3.1886,3.8956,,,
43.1318,8,8,30.7160,73.8470,completed,81519.77,50567.21,-2.5137,1.73,0.0000,0.0619,0.1684,0.9445,1.6197,1.4207,3.6587,3.7107,,
21.6644,10,3,9.1584,30.8224,converged,81519.41,50566.94,-2.4765,1.65,0.0000,0.0817,0.0706,,,,,,,
25.9365,10,10,37.8379,63.7739,completed,81519.41,50566.94,-2.4765,1.65,0.0000,0.0498,0.1191,0.3948,0.9184,1.1935,0.9676,2.6797,3.4877,3.0820
43.5705,8,8,31.1561,74.7262,completed,81519.12,50566.70,-2.4441,1.61,0.0000,0.0702,0.2417,0.4103,0.4213,1.0468,3.4205,3.6423,,
40.2468,8,8,34.2613,74.5073,completed,81519.12,50566.70,-2.4441,1.61,0.0000,0.0587,0.1057,0.3632,0.1666,1.1693,3.3689,3.3816,,
37.4985,9,3,15.0931,52.5911,converged,81518.76,50566.38,-2.4046,1.56,0.0000,0.0577,0.0416,,,,,,,
29.8800,10,10,38.8374,68.7164,completed,81518.76,50566.38,-2.4046,1.56,0.0000,0.0372,0.1170,0.3830,0.8715,0.8908,1.0434,2.5571,3.3888,3.0797
33.9736,10,3,15.5108,49.4839,converged,81518.51,50566.14,-2.3776,1.48,0.0000,0.0444,0.0794,,,,,,,
25.0576,10,3,14.4055,39.4625,converged,81518.51,50566.14,-2.3776,1.48,0.0000,0.0367,0.0700,,,,,,,
57.8276,6,6,25.6645,83.4916,completed,81518.26,50565.90,-2.3472,1.42,0.0000,0.1052,0.6466,1.8327,2.9834,4.9765,,,,
48.6477,7,7,30.2237,78.8708,completed,81518.26,50565.90,-2.3472,1.42,0.0000,0.1234,0.4580,1.4883,1.9306,3.9267,4.5952,,,
25.3384,10,3,14.0817,39.4197,converged,81517.99,50565.60,-2.3074,1.39,0.0000,0.0421,0.0375,,,,,,,
24.1560,10,10,48.4225,72.5786,completed,81517.99,50565.60,-2.3074,1.39,0.0000,0.0767,0.1203,0.2085,0.2646,1.4086,0.9389,2.8653,3.3836,2.8466
23.0299,10,3,10.2102,33.2393,converged,81517.77,50565.35,-2.2716,1.34,0.0000,0.0262,0.0724,,,,,,,
43.2374,8,8,33.1724,76.4094,completed,81517.77,50565.35,-2.2716,1.34,0.0000,0.0919,0.1539,0.2665,1.1703,1.1421,3.5802,4.0594,,
46.3759,7,3,10.0321,56.4072,converged,81517.58,50565.11,-2.2419,1.30,0.0000,0.1017,0.0693,,,,,,,
42.5834,8,3,8.5604,51.1434,converged,81517.58,50565.11,-2.2419,1.30,0.0000,0.0482,0.0506,,,,,,,
37.5302,9,3,10.3542,47.8842,converged,81517.39,50564.87,-2.2141,1.23,0.0000,0.0734,0.0687,,,,,,,
44.8619,8,8,31.1422,76.0033,completed,81517.39,50564.87,-2.2141,1.23,0.0000,0.0957,0.3216,0.9933,1.5226,1.6677,4.4047,4.2931,,
50.4384,7,3,9.6138,60.0518,converged,81517.21,50564.61,-2.1840,1.22,0.0000,0.0747,0.0190,,,,,,,
56.1934,6,6,32.7572,88.9503,completed,81517.21,50564.61,-2.1840,1.22,0.0000,0.1196,0.1409,2.0752,3.1812,5.3741,,,,
45.5645,8,3,10.3578,55.9218,converged,81517.03,50564.34,-2.1497,1.21,0.0000,0.0979,0.0636,,,,,,,
40.2316,8,3,10.3285,50.5595,converged,81517.03,50564.34,-2.1497,1.21,0.0000,0.0808,0.0761,,,,,,,
33.2612,10,3,10.7971,44.0581,converged,81516.88,50564.10,-2.1233,1.22,0.0000,0.0916,0.0685,,,,,,,
44.9523,8,8,33.6507,78.6027,completed,81516.88,50564.10,-2.1233,1.22,0.0000,0.0690,0.1731,0.9710,1.6327,1.3024,4.4527,4.7045,,
57.0281,6,6,24.1686,81.1967,completed,81516.71,50563.81,-2.0899,1.25,0.0000,0.2376,0.2982,0.3792,2.2306,5.4502,,,,
41.4859,8,8,31.5323,73.0174,completed,81516.71,50563.81,-2.0899,1.25,0.0000,0.2616,0.5802,1.1044,2.0814,0.7064,3.8388,4.4988,,
31.7156,10,3,14.8008,46.5158,converged,81516.55,50563.52,-2.0563,1.26,0.0000,0.0940,0.0924,,,,,,,
56.7842,6,6,26.0505,82.8346,completed,81516.55,50563.52,-2.0563,1.26,0.0000,0.1608,0.2861,0.9983,2.8307,5.9271,,,,
43.1005,8,3,10.2865,53.3865,converged,81516.40,50563.22,-2.0270,1.22,0.0000,0.1114,0.0710,,,,,,,
48.3351,7,7,38.8678,87.2028,completed,81516.40,50563.22,-2.0270,1.22,0.0000,0.1486,0.1529,1.0106,1.7183,4.6317,5.5132,,,
57.8575,6,3,9.8100,67.6670,converged,81516.27,50562.93,-1.9972,1.21,0.0000,0.2389,0.0897,,,,,,,
42.3147,8,8,38.6796,80.9936,completed,81516.27,50562.93,-1.9972,1.21,0.0000,0.2143,0.4380,1.0998,0.3661,0.6593,3.5880,4.5130,,
29.1894,10,3,10.4662,39.6553,converged,81516.12,50562.59,-1.9640,1.20,0.0000,0.0817,0.0627,,,,,,,
50.4446,7,7,32.4445,82.8885,completed,81516.12,50562.59,-1.9640,1.20,0.0000,0.1636,0.1919,0.2385,0.6894,3.9992,5.3456,,,
28.5681,10,3,11.9064,40.4744,converged,81516.01,50562.30,-1.9332,1.19,0.0000,0.0522,0.0376,,,,,,,
21.1168,10,3,9.0094,30.1255,converged,81516.01,50562.30,-1.9332,1.19,0.0000,0.0920,0.0978,,,,,,,
46.0530,7,7,27.8654,73.9174,completed,81515.93,50562.07,-1.9113,1.19,0.0000,0.1081,0.1376,0.1204,0.4096,3.9691,5.5339,,,
40.3612,8,3,10.1243,50.4853,converged,81515.93,50562.07,-1.9113,1.19,0.0000,0.0565,0.0807,,,,,,,
47.9789,7,7,31.2053,79.1834,completed,81515.83,50561.77,-1.8834,1.17,0.0000,0.0869,0.2214,0.7740,1.0627,3.3771,5.0223,,,
23.6133,10,3,11.0881,34.7012,converged,81515.83,50561.77,-1.8834,1.17,0.0000,0.0515,0.0504,,,,,,,
47.7833,7,3,8.5466,56.3297,converged,81515.75,50561.51,-1.8591,1.16,0.0000,0.0483,0.0603,,,,,,,
50.1724,7,3,10.3040,60.4760,converged,81515.75,50561.51,-1.8591,1.16,0.0000,0.0608,0.0689,,,,,,,
58.1581,5,5,20.4343,78.5923,completed,81515.67,50561.22,-1.8308,1.12,0.0000,0.2064,0.7014,2.9970,7.1963,,,,,
28.1628,10,10,42.1565,70.3186,completed,81515.67,50561.22,-1.8308,1.12,0.0000,0.0841,0.1389,0.2246,0.6944,1.6409,2.7051,4.9338,5.2556,4.3300
53.5132,6,3,15.0807,68.5938,converged,81515.60,50560.93,-1.8053,1.09,0.0000,0.0481,0.0556,,,,,,,
43.1316,8,8,33.9448,77.0758,completed,81515.60,50560.93,-1.8053,1.09,0.0000,0.0771,0.1346,0.2740,0.9597,0.7100,4.4006,5.4460,,
25.6840,10,3,12.3602,38.7216,converged,81515.54,50560.66,-1.7824,1.00,0.0000,0.0252,0.0293,,,,,,,
39.6679,9,3,18.7114,58.3785,converged,81515.54,50560.66,-1.7824,1.00,0.0000,0.0557,0.0618,,,,,,,
39.6488,9,3,11.5520,51.2173,converged,81515.49,50560.43,-1.7625,0.99,0.0000,0.0275,0.0381,,,,,,,
34.4044,9,9,37.2663,71.6704,completed,81515.49,50560.43,-1.7625,0.99,0.0000,0.0495,0.1028,0.1875,0.5406,0.7120,1.9484,4.8138,5.0578,
56.7623,6,3,17.3314,74.0934,converged,81515.45,50560.21,-1.7442,0.98,0.0000,0.0569,0.0458,,,,,,,
41.2458,8,4,19.4607,60.7057,converged,81515.45,50560.21,-1.7442,0.98,0.0000,0.0632,0.1382,0.0796,,,,,,
51.1561,7,7,32.1468,83.3029,completed,81515.41,50559.95,-1.7228,0.99,0.0000,0.0833,0.1320,0.1192,0.3280,4.3407,6.2277,,,
22.9879,10,10,49.9698,72.9568,completed,81515.41,50559.95,-1.7228,0.99,0.0000,0.0904,0.1150,0.1175,0.2231,0.4863,1.1918,3.9798,5.1571,4.6406
30.6968,10,3,11.5832,42.2792,converged,81515.38,50559.65,-1.6993,0.99,0.0000,0.0394,0.0645,,,,,,,
59.0148,5,5,19.0126,78.0266,completed,81515.38,50559.65,-1.6993,0.99,0.0000,0.1971,0.1103,0.4689,5.9941,,,,,
59.9139,5,5,19.6944,79.6074,completed,81515.35,50559.41,-1.6806,0.96,0.0000,0.0583,0.1165,0.9429,6.4860,,,,,
21.7814,10,10,44.9321,66.7132,completed,81515.35,50559.41,-1.6806,0.96,0.0000,0.2558,0.3413,0.4198,0.5639,0.6450,1.5862,4.2338,5.2961,4.7477
40.7705,8,3,9.8770,50.6471,converged,81515.32,50559.13,-1.6587,1.01,0.0000,0.0430,0.0864,,,,,,,
45.9129,8,8,36.6927,82.6047,completed,81515.32,50559.13,-1.6587,1.01,0.0000,0.4418,0.6173,1.0368,1.2901,2.9572,5.9458,5.7298,,
38.4456,9,3,15.1812,53.6262,converged,81515.30,50558.86,-1.6370,1.03,0.0000,0.0467,0.0746,,,,,,,
30.2624,10,10,45.3577,75.6198,completed,81515.30,50558.86,-1.6370,1.03,0.0000,0.0901,0.1424,0.2586,0.5804,0.8382,2.0614,4.4274,5.6962,5.2994
49.5753,7,7,27.8395,77.4145,completed,81515.29,50558.61,-1.6198,1.08,0.0000,0.0532,0.1487,0.4629,1.9730,3.0668,6.2648,,,
25.8283,10,4,30.1099,55.9391,converged,81515.29,50558.61,-1.6198,1.08,0.0000,0.1833,0.1943,0.0688,,,,,,
26.9307,10,3,19.0025,45.9325,converged,81515.28,50558.31,-1.5988,1.16,0.0000,0.0560,0.0675,,,,,,,
44.2879,8,8,46.9062,91.1932,completed,81515.28,50558.31,-1.5988,1.16,0.0000,0.3213,0.4856,1.1636,1.4694,2.7564,5.8213,6.3766,,
25.6317,10,3,9.9352,35.5663,converged,81515.28,50557.95,-1.5730,1.20,0.0000,0.0423,0.0520,,,,,,,
36.7413,9,9,33.8709,70.6119,completed,81515.28,50557.95,-1.5730,1.20,0.0000,0.2074,0.2294,0.2212,1.1791,1.0097,3.2619,5.6219,5.5243,
39.0893,9,9,30.3918,69.4808,completed,81515.28,50557.62,-1.5521,1.27,0.0000,0.0751,0.1157,0.3361,0.9854,1.2938,3.9911,6.2006,5.9159,
43.2421,8,8,29.6021,72.8441,completed,81515.28,50557.62,-1.5521,1.27,0.0000,0.2477,0.2682,0.4155,1.5313,2.0438,5.6556,6.2300,,
58.0442,5,5,23.3774,81.4214,completed,81515.30,50557.27,-1.5306,1.31,0.0000,0.0750,0.2503,1.4685,6.9235,,,,,
28.9523,10,10,38.1151,67.0671,completed,81515.30,50557.27,-1.5306,1.31,0.0000,0.1140,0.1727,0.2446,0.8538,1.0443,1.6726,4.7958,5.5881,4.8187
43.6780,8,4,18.4576,62.1356,converged,81515.32,50556.85,-1.5054,1.36,0.0000,0.0488,0.1657,0.0806,,,,,,
58.3301,5,5,27.8451,86.1752,completed,81515.32,50556.85,-1.5054,1.36,0.0000,0.1273,1.0129,2.6681,7.6499,,,,,
39.2075,9,3,15.6008,54.8078,converged,81515.35,50556.44,-1.4870,1.48,0.0000,0.0257,0.0339,,,,,,,
25.7120,10,4,14.1756,39.8867,converged,81515.35,50556.44,-1.4870,1.48,0.0000,0.0564,0.1159,0.0907,,,,,,
30.1527,10,3,12.4222,42.5743,converged,81515.38,50556.11,-1.4756,1.53,0.0000,0.0329,0.0836,,,,,,,
58.7363,5,5,17.5348,76.2709,completed,81515.38,50556.11,-1.4756,1.53,0.0000,0.2495,0.3241,0.6826,6.5808,,,,,
22.2623,10,3,8.9850,31.2470,converged,81515.42,50555.74,-1.4668,1.54,0.0000,0.0393,0.0766,,,,,,,
57.7556,6,6,22.6284,80.3835,completed,81515.42,50555.74,-1.4668,1.54,0.0000,0.2733,0.6919,1.5964,2.4226,6.6007,,,,
58.9528,5,5,21.0815,80.0336,completed,81515.47,50555.35,-1.4611,1.53,0.0000,0.3279,0.4337,1.2257,7.2485,,,,,
36.8633,9,9,37.2815,74.1445,completed,81515.47,50555.35,-1.4611,1.53,0.0000,0.1094,0.1067,0.3396,1.1849,1.9842,5.2061,7.0292,5.9732,
35.7429,9,9,37.7427,73.4847,completed,81515.52,50554.89,-1.4529,1.55,0.0000,0.0945,0.1924,0.1364,0.1482,0.8200,3.8866,6.4878,6.0862,
35.1473,9,5,17.6187,52.7657,converged,81515.52,50554.89,-1.4529,1.55,0.0000,0.1089,0.2181,0.2355,0.0955,,,,,
43.3034,8,3,10.1365,53.4395,converged,81515.58,50554.45,-1.4417,1.58,0.0000,0.0789,0.0890,,,,,,,
36.8999,9,9,35.7321,72.6312,completed,81515.58,50554.45,-1.4417,1.58,0.0000,0.1934,0.4168,0.7952,1.8133,2.8740,2.3571,5.2826,5.8702,
42.1388,8,3,13.7509,55.8889,converged,81515.63,50554.09,-1.4355,1.54,0.0000,0.0965,0.0835,,,,,,,
52.9369,6,6,23.7945,76.7305,completed,81515.63,50554.09,-1.4355,1.54,0.0000,0.2149,0.1169,0.6876,4.1800,7.8073,,,,
32.9379,10,10,39.9661,72.9031,completed,81515.69,50553.65,-1.4295,1.52,0.0000,0.2030,0.3297,0.3243,0.1158,0.6409,1.3417,4.8780,6.1817,5.4742
40.0257,8,8,34.2792,74.3042,completed,81515.69,50553.65,-1.4295,1.52,0.0000,0.1935,0.3819,0.2171,1.2930,3.2956,7.1276,6.8123,,
25.9390,10,10,45.3017,71.2407,completed,81515.76,50553.21,-1.4248,1.52,0.0000,0.1298,0.2015,0.1776,0.2953,1.0417,2.7113,5.5352,6.3377,5.5109
58.4553,5,5,30.2142,88.6692,completed,81515.76,50553.21,-1.4248,1.52,0.0000,0.6106,0.4285,0.9115,6.9782,,,,,
55.7837,6,6,23.4887,79.2718,completed,81515.82,50552.81,-1.4198,1.40,0.0000,0.4854,0.6365,1.8899,3.2548,7.4422,,,,
43.8105,8,8,33.5249,77.3349,completed,81515.82,50552.81,-1.4198,1.40,0.0000,0.2973,0.6436,0.9211,1.6748,1.5221,5.5486,6.5744,,
25.7911,10,4,19.5748,45.3659,converged,81515.87,50552.46,-1.4185,1.28,0.0000,0.2201,0.2582,0.0633,,,,,,
36.1469,9,9,42.0222,78.1682,completed,81515.87,50552.46,-1.4185,1.28,0.0000,0.2283,0.2620,0.4810,2.0046,3.1663,6.1826,7.3437,6.1722,
34.3470,9,9,47.2893,81.6363,completed,81515.92,50552.16,-1.4184,1.18,0.0000,0.3753,0.6549,0.7597,0.3830,0.3305,4.1317,6.3254,5.9511,
23.3262,10,10,46.5889,69.9150,completed,81515.92,50552.16,-1.4184,1.18,0.0000,0.3217,0.6055,0.9976,0.6545,2.5395,0.2608,4.4232,5.5664,5.2053
30.7058,10,10,41.6728,72.3778,completed,81515.97,50551.85,-1.4191,1.02,0.0000,0.2808,0.4908,0.7093,0.7192,2.0321,0.3650,4.4581,5.6362,5.2172
56.9074,6,6,24.4639,81.3709,completed,81515.97,50551.85,-1.4191,1.02,0.0000,0.5852,0.3530,1.3770,5.3044,8.2055,,,,
45.9173,8,8,43.0201,88.9372,completed,81516.01,50551.57,-1.4218,0.85,0.0000,0.5425,0.8217,0.3395,0.4765,2.2939,6.4415,6.3491,,
49.5464,7,7,25.1737,74.7198,completed,81516.01,50551.57,-1.4218,0.85,0.0000,0.5521,0.5461,2.9927,3.1342,7.1731,7.9131,,,
33.5866,10,4,13.9797,47.5658,converged,81516.05,50551.34,-1.4225,0.68,0.0000,0.2648,0.3360,0.0723,,,,,,
26.4034,10,10,51.5887,77.9918,completed,81516.05,50551.34,-1.4225,0.68,0.0000,0.3353,0.5772,1.1728,0.7657,3.2683,1.4915,4.6151,5.4831,4.8802
26.2274,10,10,33.9666,60.1937,completed,81516.07,50551.19,-1.4248,0.52,0.0000,0.1605,0.2198,0.1739,0.9828,1.1685,2.6419,4.9566,6.3141,5.8687
44.0416,8,8,34.2137,78.2547,completed,81516.07,50551.19,-1.4248,0.52,0.0000,0.2830,0.5775,0.4116,0.1640,3.0496,6.4435,6.3493,,
27.4855,10,10,32.7047,60.1898,completed,81516.10,50551.06,-1.4269,0.48,0.0000,0.1227,0.1831,0.2726,0.4198,0.8716,2.2245,5.1765,6.1356,5.4455
22.4335,10,10,34.0741,56.5072,completed,81516.10,50551.06,-1.4269,0.48,0.0000,0.0785,0.3791,1.4508,3.8375,6.7809,0.3174,3.6894,4.9310,5.1753
34.9418,9,9,33.7234,68.6644,completed,81516.12,50550.94,-1.4293,0.44,0.0000,0.1201,0.3166,0.9621,2.1715,1.4491,3.6670,5.6284,5.7974,
33.1063,10,10,34.3870,67.4930,completed,81516.12,50550.94,-1.4293,0.44,0.0000,0.5503,0.6177,0.4815,0.4866,0.7796,2.9177,4.6886,4.9582,4.7963
33.0754,10,10,41.3347,74.4097,completed,81516.14,50550.81,-1.4321,0.41,0.0000,0.1029,0.4257,1.5266,4.9048,8.3638,0.7908,3.1985,4.5033,4.6553
29.7787,10,10,49.0600,78.8380,completed,81516.14,50550.81,-1.4321,0.41,0.0000,0.4853,0.6121,0.3638,2.1277,3.1612,0.8705,3.7075,4.4268,4.7192
50.0408,7,7,28.4221,78.4621,completed,81516.15,50550.71,-1.4338,0.40,0.0000,0.1069,0.1188,0.7144,1.2726,5.8200,7.0021,,,
41.9918,8,8,52.2178,94.2088,completed,81516.15,50550.71,-1.4338,0.40,0.0000,0.6087,0.8443,0.3862,2.6702,1.5333,4.5321,5.3678,,
27.1971,10,10,54.6250,81.8221,completed,81516.17,50550.58,-1.4347,0.43,0.0000,0.7546,0.8280,0.3415,1.8499,3.2826,1.6793,5.0065,5.2208,4.6382
24.3969,10,3,11.0626,35.4586,converged,81516.17,50550.58,-1.4347,0.43,0.0000,0.1020,0.0280,,,,,,,
33.7569,10,3,15.1007,48.8567,converged,81516.19,50550.48,-1.4362,0.40,0.0000,0.1138,0.0499,,,,,,,
57.5973,6,6,23.7126,81.3097,completed,81516.19,50550.48,-1.4362,0.40,0.0000,0.1101,0.6449,1.0296,2.4760,5.2647,,,,
41.6766,8,8,37.1497,78.8258,completed,81516.21,50550.37,-1.4380,0.44,0.0000,0.1149,0.1207,0.3383,1.4537,1.2520,4.0591,3.9595,,
37.2948,9,3,14.3695,51.6636,converged,81516.21,50550.37,-1.4380,0.44,0.0000,0.0347,0.0446,,,,,,,
55.9679,6,6,26.3700,82.3370,completed,81516.23,50550.24,-1.4375,0.59,0.0000,0.4988,0.2025,2.2981,2.2868,4.6451,,,,
51.8303,7,7,33.4497,85.2797,completed,81516.23,50550.24,-1.4375,0.59,0.0000,0.0696,0.3197,1.7795,2.1735,0.7210,3.0276,,,
34.0070,9,9,35.6043,69.6103,completed,81516.26,50550.02,-1.4347,0.90,0.0000,0.7519,1.4443,2.4609,0.3771,1.1124,4.1444,5.1078,4.5190,
41.0818,8,8,31.0913,72.1723,completed,81516.26,50550.02,-1.4347,0.90,0.0000,0.0417,0.2647,0.4737,1.1310,1.5179,3.7030,4.7844,,
46.7780,7,7,26.1280,72.9060,completed,81516.30,50549.76,-1.4300,1.12,0.0000,0.4351,0.2542,2.6409,0.7204,4.1433,4.8770,,,
39.2588,9,9,32.9703,72.2284,completed,81516.30,50549.76,-1.4300,1.12,0.0000,0.0657,0.2020,0.8375,2.6896,0.7289,0.4814,2.8101,3.6111,
33.0851,10,10,40.5416,73.6266,completed,81516.35,50549.41,-1.4239,1.38,0.0000,0.2625,0.1139,0.4249,3.1690,3.6642,0.5990,3.2593,3.8597,3.6612
49.6869,7,7,24.1727,73.8587,completed,81516.35,50549.41,-1.4239,1.38,0.0000,0.3868,0.9322,4.4898,2.9373,1.7193,3.9962,,,
39.7037,9,9,33.3921,73.0951,completed,81516.41,50549.02,-1.4280,1.54,0.0000,0.9372,0.8675,0.1475,3.2495,1.3704,4.4044,5.5901,4.6698,
24.3973,10,10,39.3010,63.6980,completed,81516.41,50549.02,-1.4280,1.54,0.0000,0.8530,0.9263,1.0719,0.1082,3.2101,2.2302,4.8166,5.0927,4.3518
37.9016,9,9,33.7959,71.6970,completed,81516.47,50548.59,-1.4405,1.68,0.0000,0.0619,0.2481,0.9082,4.5926,4.9102,2.8328,5.2929,5.5731,
54.4745,6,6,28.7659,83.2399,completed,81516.47,50548.59,-1.4405,1.68,0.0000,0.2739,0.3399,0.6207,5.3783,7.8036,,,,
27.7997,10,10,49.1785,76.9776,completed,81516.55,50548.04,-1.4475,1.94,0.0000,0.1722,0.2951,0.6827,2.8214,5.2306,0.7718,4.5328,5.4782,5.0038
31.3388,10,10,45.3909,76.7290,completed,81516.55,50548.04,-1.4475,1.94,0.0000,0.0596,0.1624,0.3776,1.9950,3.2007,1.2954,4.8151,5.7694,5.1545
47.1747,7,7,35.4574,82.6315,completed,81516.62,50547.48,-1.4489,2.10,0.0000,0.0671,0.1185,1.5283,1.8840,6.3518,7.0523,,,
37.0305,9,3,14.0613,51.0913,converged,81516.62,50547.48,-1.4489,2.10,0.0000,0.0454,0.0807,,,,,,,
54.8962,6,6,32.3097,87.2057,completed,81516.69,50546.90,-1.4534,2.24,0.0000,0.4520,0.8517,2.1766,4.6728,7.8229,,,,
41.2938,8,3,15.4876,56.7806,converged,81516.69,50546.90,-1.4534,2.24,0.0000,0.1299,0.0877,,,,,,,
29.1947,10,10,48.7475,77.9416,completed,81516.77,50546.28,-1.4589,2.32,0.0000,0.0418,0.1121,0.6056,2.8415,6.0970,1.6675,4.8204,5.5057,4.9144
31.3291,10,10,49.4557,80.7847,completed,81516.77,50546.28,-1.4589,2.32,0.0000,0.1850,0.1676,0.4462,2.2168,3.6017,1.5179,4.9253,6.0283,5.4961
47.2615,7,7,29.2942,76.5552,completed,81516.85,50545.55,-1.4601,2.39,0.0000,0.1168,0.1341,2.2603,1.6472,6.4262,8.1451,,,
36.1899,9,9,37.7085,73.8975,completed,81516.85,50545.55,-1.4601,2.39,0.0000,0.0938,0.2154,1.2732,4.7741,5.2789,2.2876,5.5017,5.8597,
52.4928,6,3,14.9162,67.4083,converged,81516.93,50544.94,-1.4621,2.43,0.0000,0.0513,0.0763,,,,,,,
26.2380,10,3,12.1858,38.4228,converged,81516.93,50544.94,-1.4621,2.43,0.0000,0.1152,0.0303,,,,,,,
31.8856,10,10,43.7667,75.6517,completed,81516.99,50544.38,-1.4661,2.45,0.0000,0.5374,0.5157,0.8642,2.6059,6.5586,2.7576,5.0669,6.0789,5.4988
41.0091,8,3,17.4997,58.5087,converged,81516.99,50544.38,-1.4661,2.45,0.0000,0.0531,0.0465,,,,,,,
30.8946,10,10,53.8918,84.7858,completed,81517.06,50543.74,-1.4638,2.40,0.0000,0.3884,0.4296,0.8041,2.5344,4.4602,3.1272,6.5769,6.4197,5.3489
51.7187,7,7,27.1355,78.8535,completed,81517.06,50543.74,-1.4638,2.40,0.0000,0.4379,0.2045,2.8413,0.9324,6.5551,8.1640,,,
59.0901,5,5,22.0942,81.1842,completed,81517.14,50543.08,-1.4663,2.28,0.0000,0.2619,0.3301,4.9353,10.2105,,,,,
46.8089,7,7,27.1566,73.9647,completed,81517.14,50543.08,-1.4663,2.28,0.0000,0.7126,0.3112,1.7000,0.8414,6.6949,8.3547,,,
51.5759,7,7,26.2323,77.8074,completed,81517.21,50542.50,-1.4701,2.10,0.0000,0.0826,0.6413,0.6653,4.0698,7.8885,9.3818,,,
24.3700,10,3,10.5256,34.8956,converged,81517.21,50542.50,-1.4701,2.10,0.0000,0.3104,0.0864,,,,,,,
28.3855,10,10,47.1644,75.5495,completed,81517.26,50541.99,-1.4748,1.96,0.0000,0.6085,0.2914,0.2676,1.2416,3.0217,2.9400,6.6983,6.9364,5.8126
23.1854,10,3,15.7476,38.9326,converged,81517.26,50541.99,-1.4748,1.96,0.0000,0.4034,0.0877,,,,,,,
52.2535,6,4,17.8609,70.1140,converged,81517.31,50541.55,-1.4789,1.91,0.0000,0.5273,0.7130,0.0892,,,,,,
20.8737,10,10,45.4986,66.3717,completed,81517.31,50541.55,-1.4789,1.91,0.0000,0.7574,0.7910,2.2449,5.7134,4.7870,1.3632,3.7522,5.2177,4.8727
56.0718,6,6,34.5333,90.6044,completed,81517.36,50541.05,-1.4848,1.85,0.0000,0.4745,0.3543,4.1421,3.7906,8.6739,,,,
39.6658,9,9,32.5786,72.2436,completed,81517.36,50541.05,-1.4848,1.85,0.0000,0.3828,0.8214,0.4344,1.2568,1.3229,5.7829,6.6858,5.5821,
48.5199,7,7,35.0626,83.5817,completed,81517.41,50540.54,-1.4915,1.81,0.0000,0.9232,1.1385,4.2557,2.7735,4.5173,6.3411,,,
24.9471,10,10,43.4623,68.4094,completed,81517.41,50540.54,-1.4915,1.81,0.0000,0.3139,0.5944,0.4444,0.1462,0.4382,2.3431,4.8077,4.6196,3.6835
43.6993,8,8,30.1870,73.8860,completed,81517.45,50540.08,-1.4938,1.67,0.0000,0.3412,0.5620,0.8712,2.0282,4.5326,7.0003,6.7145,,
57.1244,6,6,27.1359,84.2599,completed,81517.45,50540.08,-1.4938,1.67,0.0000,0.5150,0.1822,1.1359,1.6515,4.8281,,,,
54.6690,6,6,30.5852,85.2533,completed,81517.49,50539.60,-1.4954,1.56,0.0000,0.2796,2.6255,7.6141,0.7538,4.6163,,,,
51.5286,7,7,28.7588,80.2869,completed,81517.49,50539.60,-1.4954,1.56,0.0000,0.2068,0.1675,0.7647,0.4642,3.2970,4.2997,,,
30.9085,10,4,12.8706,43.7786,converged,81517.53,50539.16,-1.5037,1.46,0.0000,0.4913,0.7078,0.0442,,,,,,
52.1759,6,6,23.2532,75.4282,completed,81517.53,50539.16,-1.5037,1.46,0.0000,0.8973,1.3226,0.6693,1.1659,4.5383,,,,
27.6721,10,10,40.3758,68.0479,completed,81517.56,50538.83,-1.5105,1.39,0.0000,0.2910,0.7582,1.0224,0.7656,0.5990,2.1071,4.0272,4.3631,3.8724
49.0495,7,7,24.4512,73.5003,completed,81517.56,50538.83,-1.5105,1.39,0.0000,1.1396,2.1198,1.0493,1.7156,2.7445,3.6860,,,
59.6792,5,5,30.2086,89.8877,completed,81517.58,50538.47,-1.5186,1.35,0.0000,1.2598,1.5163,2.4844,5.8915,,,,,
30.2349,10,10,36.0006,66.2346,completed,81517.58,50538.47,-1.5186,1.35,0.0000,0.4169,1.3662,1.5832,0.1970,1.2699,3.1293,2.8265,3.3965,3.2439
51.9732,7,7,28.3449,80.3180,completed,81517.61,50538.07,-1.5238,1.26,0.0000,0.5560,0.2717,1.0627,0.5609,2.4239,4.1265,,,
30.6762,10,10,43.0385,73.7145,completed,81517.61,50538.07,-1.5238,1.26,0.0000,0.7766,1.5633,1.4002,0.1446,1.8379,2.1703,2.3000,3.7003,3.4890
56.1615,6,6,26.4159,82.5770,completed,81517.63,50537.71,-1.5213,1.22,0.0000,1.0150,1.9625,1.1168,3.6311,5.8616,,,,
56.4888,6,6,25.0979,81.5859,completed,81517.63,50537.71,-1.5213,1.22,0.0000,1.0239,2.1981,2.6332,3.4279,4.7001,,,,
30.9581,10,10,37.8019,68.7600,completed,81517.66,50537.35,-1.5209,1.18,0.0000,0.6817,1.2284,1.1865,1.2661,1.6133,1.2926,3.1222,3.7283,3.2273
21.7910,10,10,37.5471,59.3381,completed,81517.66,50537.35,-1.5209,1.18,0.0000,0.7172,1.9530,3.1687,3.1731,7.0812,3.4002,3.8886,4.1451,3.5461
53.2360,6,6,25.3872,78.6232,completed,81517.68,50537.08,-1.5234,1.13,0.0000,1.5069,2.9765,2.8842,3.3378,5.1096,,,,
32.6569,10,10,44.9706,77.6266,completed,81517.68,50537.08,-1.5234,1.13,0.0000,0.4946,1.3468,0.8212,3.6608,5.7386,3.0598,1.1124,0.3181,0.7754
21.8411,10,10,39.5324,61.3734,completed,81517.70,50536.80,-1.5244,1.04,0.0000,0.5426,1.1631,1.2112,1.1021,1.7963,0.5846,3.3441,4.2677,3.9651
36.1496,9,9,31.0713,67.2203,completed,81517.70,50536.80,-1.5244,1.04,0.0000,0.4976,1.6551,0.8308,8.1102,5.4487,1.4707,0.5233,1.0485,
45.4838,8,8,43.4497,88.9328,completed,81517.72,50536.49,-1.5256,0.94,0.0000,0.9212,1.9027,1.9379,1.3224,4.3219,6.2810,5.2904,,
58.1789,5,5,26.1006,84.2787,completed,81517.72,50536.49,-1.5256,0.94,0.0000,2.4985,2.1005,5.0684,5.8414,,,,,
35.0464,9,9,47.5907,82.6367,completed,81517.74,50536.21,-1.5321,0.76,0.0000,0.9887,2.3017,2.9414,2.6358,2.4906,4.0120,5.0822,4.3749,
35.6050,9,9,41.1900,76.7940,completed,81517.74,50536.21,-1.5321,0.76,0.0000,0.2426,0.6858,0.9867,4.6105,3.1731,1.0193,0.2263,0.2333,
24.9270,10,10,44.6215,69.5485,completed,81517.75,50536.00,-1.5336,0.70,0.0000,0.3550,1.2982,1.5792,2.7897,11.6936,2.1544,0.6088,1.1750,1.6035
37.1984,9,9,36.6960,73.8940,completed,81517.75,50536.00,-1.5336,0.70,0.0000,0.1124,0.5856,0.5773,2.1934,1.2077,0.8444,2.2222,2.3909,
25.3580,10,10,41.1985,66.5565,completed,81517.76,50535.83,-1.5349,0.59,0.0000,0.2165,1.2426,2.3185,0.3480,10.3967,2.9923,0.8188,1.6347,2.1338
58.4094,5,5,24.8573,83.2663,completed,81517.76,50535.83,-1.5349,0.59,0.0000,0.3823,0.9727,3.3687,1.0366,,,,,
44.5664,8,8,32.5366,77.1027,completed,81517.77,50535.67,-1.5349,0.52,0.0000,0.1628,0.9458,0.4126,3.3332,2.1682,0.8259,0.4832,,
36.2039,9,9,40.7942,76.9972,completed,81517.77,50535.67,-1.5349,0.52,0.0000,0.1421,0.4579,0.3385,0.8335,2.3424,1.1470,0.3085,0.6968,
57.9967,6,6,32.4515,90.4475,completed,81517.78,50535.52,-1.5352,0.40,0.0000,0.5718,4.0491,4.7418,0.7701,2.5834,,,,
46.8865,7,7,36.7534,83.6394,completed,81517.78,50535.52,-1.5352,0.40,0.0000,0.3631,0.5618,1.4699,2.6867,1.1256,0.3656,,,
58.1809,5,5,18.8786,77.0586,completed,81517.79,50535.43,-1.5345,0.26,0.0000,2.3315,0.6563,3.5187,0.6326,,,,,
52.4704,6,6,29.6329,82.1029,completed,81517.79,50535.43,-1.5345,0.26,0.0000,0.4891,0.6446,1.4522,1.7738,0.6829,,,,
36.3204,9,9,34.1160,70.4361,completed,81517.80,50535.36,-1.5323,0.21,0.0000,0.2702,0.4164,0.3231,0.5529,2.6421,1.6330,0.5461,0.9958,
41.8865,8,8,29.5195,71.4056,completed,81517.80,50535.36,-1.5323,0.21,0.0000,0.3211,1.3418,0.6421,1.9415,1.4372,1.7883,2.5805,,
23.0130,10,10,41.8238,64.8359,completed,81517.81,50535.30,-1.5294,0.25,0.0000,0.2326,0.3559,0.4102,0.5183,0.8293,2.0625,0.9126,0.3165,0.9629
39.4033,9,9,29.7641,69.1671,completed,81517.81,50535.30,-1.5294,0.25,0.0000,0.1309,0.2224,0.8503,2.4000,0.4826,0.6518,2.0719,2.3202,
56.9886,6,6,26.8932,83.8812,completed,81517.82,50535.23,-1.5276,0.32,0.0000,0.4501,0.8243,0.8861,1.4097,1.3930,,,,
48.8355,7,7,27.5810,76.4160,completed,81517.82,50535.23,-1.5276,0.32,0.0000,0.1291,0.2644,0.6903,1.5255,1.8220,3.1233,,,
46.6185,7,7,45.7680,92.3860,completed,81517.83,50535.11,-1.5245,0.32,0.0000,0.3029,0.8489,5.3932,1.2641,0.3534,0.9956,,,
49.3818,7,7,24.8654,74.2464,completed,81517.83,50535.11,-1.5245,0.32,0.0000,0.1322,0.1190,1.5772,1.3862,1.0664,3.3328,,,
48.6006,7,7,35.8554,84.4554,completed,81517.84,50535.04,-1.5223,0.27,0.0000,0.7306,2.5543,2.0756,1.4118,1.6437,2.9038,,,
49.4589,7,7,26.1915,75.6495,completed,81517.84,50535.04,-1.5223,0.27,0.0000,0.1973,0.2083,0.2166,2.0609,2.7753,3.8805,,,
47.7567,7,7,38.7713,86.5274,completed,81517.85,50534.96,-1.5195,0.30,0.0000,0.2146,0.2980,5.7481,4.2627,0.8413,1.9816,,,
35.7155,9,9,39.3359,75.0510,completed,81517.85,50534.96,-1.5195,0.30,0.0000,0.1959,0.1770,0.1063,0.3103,1.8627,0.7280,2.9917,3.2784,
22.8009,10,10,35.8666,58.6667,completed,81517.86,50534.84,-1.5138,0.41,0.0000,0.1510,0.2258,0.2112,0.2809,1.3630,0.6053,1.6968,2.6790,2.5448
44.1496,8,8,37.4054,81.5545,completed,81517.86,50534.84,-1.5138,0.41,0.0000,0.2312,0.3079,0.1155,1.9675,0.8989,2.6606,3.4738,,
22.8627,10,4,17.4327,40.2947,converged,81517.87,50534.74,-1.5097,0.41,0.0000,0.1823,0.1848,0.0424,,,,,,
47.0179,7,7,39.5863,86.6033,completed,81517.87,50534.74,-1.5097,0.41,0.0000,0.3060,0.2082,0.1565,1.6165,1.8820,3.6978,,,
47.0368,7,7,35.6903,82.7263,completed,81517.88,50534.62,-1.5065,0.40,0.0000,0.5113,1.1429,0.4151,3.4573,4.2344,4.8729,,,
21.6831,10,10,46.6382,68.3212,completed,81517.88,50534.62,-1.5065,0.40,0.0000,0.0490,0.2219,0.3507,0.7085,3.4270,3.5646,3.9094,4.3680,3.8814
29.5428,10,10,47.5853,77.1274,completed,81517.89,50534.52,-1.5028,0.41,0.0000,0.4542,0.8565,0.3771,0.8372,0.2342,2.1933,3.0733,4.3729,4.3469
31.0602,10,4,16.7634,47.8234,converged,81517.89,50534.52,-1.5028,0.41,0.0000,0.2122,0.1895,0.0616,,,,,,
38.6458,9,9,44.0425,82.6875,completed,81517.91,50534.40,-1.4963,0.52,0.0000,0.6650,1.2269,0.5813,0.8838,3.4597,4.4926,5.4451,5.4858,
49.7044,7,7,39.3950,89.0991,completed,81517.91,50534.40,-1.4963,0.52,0.0000,0.1207,0.3674,1.1362,3.0728,4.3268,4.8342,,,
47.7349,7,7,38.2097,85.9437,completed,81517.92,50534.27,-1.4919,0.41,0.0000,1.2151,1.5601,0.4874,2.5838,5.9742,6.6773,,,
39.0085,9,9,34.7560,73.7640,completed,81517.92,50534.27,-1.4919,0.41,0.0000,0.5659,1.0041,0.1869,1.2209,0.9741,2.5772,4.6339,5.3012,
40.3527,8,8,32.0538,72.4058,completed,81517.94,50534.17,-1.4897,0.28,0.0000,0.8680,1.2265,0.4575,2.2148,2.4402,4.7003,5.5678,,
31.4103,10,10,49.9746,81.3846,completed,81517.94,50534.17,-1.4897,0.28,0.0000,0.7024,1.1916,0.8238,0.8585,1.3105,3.6365,4.7292,5.4381,5.4224
49.0826,7,7,34.4384,83.5204,completed,81517.95,50534.09,-1.4879,0.24,0.0000,1.0481,1.3459,1.2119,0.7228,5.4914,6.7289,,,
53.6630,6,6,23.2627,76.9247,completed,81517.95,50534.09,-1.4879,0.24,0.0000,1.4817,1.3178,2.0932,5.0567,7.2014,,,,
24.8933,10,10,41.8983,66.7914,completed,81517.96,50534.03,-1.4877,0.24,0.0000,0.4822,0.8440,0.5004,0.5865,1.7998,1.7359,3.6194,4.9036,4.7815
50.9177,7,7,29.0410,79.9581,completed,81517.96,50534.03,-1.4877,0.24,0.0000,0.8389,1.2444,0.9289,1.8363,4.5915,6.1418,,,
37.2790,9,9,35.7183,72.9963,completed,81517.97,50533.95,-1.4880,0.29,0.0000,0.8397,1.4032,0.7242,1.5156,0.8607,5.5076,6.0059,5.9256,
43.7767,8,8,30.3967,74.1728,completed,81517.97,50533.95,-1.4880,0.29,0.0000,0.8175,1.5057,0.2681,0.9603,3.2990,4.6298,5.3326,,
38.2748,9,9,34.6574,72.9314,completed,81517.98,50533.87,-1.4886,0.31,0.0000,0.4978,1.1716,0.6642,0.1778,1.8682,2.8973,4.5126,5.1357,
30.6916,10,10,35.5688,66.2599,completed,81517.98,50533.87,-1.4886,0.31,0.0000,0.3615,0.7588,0.4690,0.5544,0.2915,2.0640,3.7575,4.7169,4.3830
21.5906,10,10,44.9888,66.5788,completed,81517.99,50533.78,-1.4890,0.31,0.0000,0.3923,0.7009,0.2452,1.0278,1.4283,0.4305,2.8284,4.2629,4.9064
31.7687,10,10,36.2214,67.9894,completed,81517.99,50533.78,-1.4890,0.31,0.0000,0.5844,1.0749,0.7629,0.6742,1.0956,2.9899,4.1592,5.1937,5.2737
51.8595,7,7,30.9482,82.8072,completed,81518.01,50533.69,-1.4889,0.30,0.0000,0.5530,0.9796,0.2358,0.4453,3.6220,5.6866,,,
49.7167,7,7,33.9696,83.6857,completed,81518.01,50533.69,-1.4889,0.30,0.0000,0.6326,1.0087,0.4521,2.8226,3.5073,4.7963,,,
54.5681,6,6,40.9268,95.4948,completed,81518.02,50533.60,-1.4880,0.31,0.0000,0.9425,0.8985,0.3624,3.3989,5.7595,,,,
47.0903,7,7,25.9440,73.0341,completed,81518.02,50533.60,-1.4880,0.31,0.0000,0.9289,2.0184,1.3572,5.4510,5.0978,6.5073,,,
53.2177,6,6,23.1881,76.4051,completed,81518.03,50533.49,-1.4879,0.36,0.0000,1.4387,1.5771,0.2526,6.4613,7.6854,,,,
48.9275,7,7,33.0723,81.9994,completed,81518.03,50533.49,-1.4879,0.36,0.0000,0.7259,1.2510,0.4723,0.9373,3.1692,5.1230,,,
37.6303,9,9,34.3414,71.9715,completed,81518.05,50533.40,-1.4869,0.36,0.0000,0.6312,1.1578,0.5365,1.3853,0.9556,3.7797,4.9165,5.6973,
35.9569,9,9,34.7825,70.7385,completed,81518.05,50533.40,-1.4869,0.36,0.0000,0.2942,0.5741,0.3743,2.2017,1.9802,1.2692,2.7383,3.3156,
27.0040,10,10,45.4573,72.4604,completed,81518.06,50533.31,-1.4869,0.38,0.0000,0.5278,0.9808,0.6978,0.8344,1.8322,1.2372,3.2759,4.5370,5.0710
33.7625,10,10,39.2156,72.9776,completed,81518.06,50533.31,-1.4869,0.38,0.0000,0.6695,1.4209,1.4456,1.3538,2.0991,4.4853,5.2452,5.4760,4.7840
23.2018,10,10,36.5484,59.7494,completed,81518.07,50533.20,-1.4875,0.42,0.0000,0.3078,0.7119,0.5932,0.2913,0.2194,0.3701,2.4931,3.8949,4.6125
21.2678,10,10,48.7512,70.0182,completed,81518.07,50533.20,-1.4875,0.42,0.0000,0.2374,0.7280,0.6276,0.1757,2.4180,2.4673,2.8735,4.0136,3.6817
56.6263,6,6,24.2861,80.9122,completed,81518.09,50533.11,-1.4885,0.41,0.0000,1.2363,1.3656,0.3713,4.8070,6.7248,,,,
38.2086,9,9,34.4538,72.6618,completed,81518.09,50533.11,-1.4885,0.41,0.0000,0.4655,1.0021,0.7516,0.3249,1.6039,3.9146,4.9732,5.5798,
37.2166,9,9,32.1750,69.3911,completed,81518.10,50532.99,-1.4892,0.46,0.0000,0.5370,0.9530,0.3558,1.8696,0.9184,3.1486,4.7709,5.6078,
37.2477,9,9,32.2985,69.5456,completed,81518.10,50532.99,-1.4892,0.46,0.0000,0.6017,1.0243,0.2676,1.6425,0.1692,3.4678,4.8145,5.5920,
48.6804,7,7,33.1878,81.8678,completed,81518.11,50532.87,-1.4892,0.46,0.0000,1.0678,1.2591,0.8733,1.8984,5.4732,7.1541,,,
52.9349,6,6,31.7005,84.6346,completed,81518.11,50532.87,-1.4892,0.46,0.0000,1.0098,0.8517,2.8925,3.3149,6.2007,,,,
54.6489,6,6,32.0940,86.7421,completed,81518.13,50532.73,-1.4883,0.45,0.0000,0.5943,0.1516,3.9340,2.7267,5.7276,,,,
58.0067,5,5,19.7965,77.8026,completed,81518.13,50532.73,-1.4883,0.45,0.0000,1.5702,0.5452,1.4734,5.0898,,,,,
36.9209,9,9,38.4293,75.3493,completed,81518.15,50532.60,-1.4893,0.42,0.0000,0.5411,0.9794,0.2813,1.8189,0.8706,3.4513,5.2436,5.1763,
44.4364,8,8,32.8336,77.2696,completed,81518.15,50532.60,-1.4893,0.42,0.0000,0.9727,1.7679,1.0333,0.2345,4.6392,5.5445,5.9582,,
57.7640,6,6,21.0127,78.7768,completed,81518.16,50532.48,-1.4900,0.42,0.0000,1.5398,1.4968,2.4015,5.3478,7.5320,,,,
43.9432,8,4,16.6515,60.5945,converged,81518.16,50532.48,-1.4900,0.42,0.0000,0.6353,1.2737,0.0743,,,,,,
43.1164,8,8,36.9781,80.0941,completed,81518.18,50532.37,-1.4906,0.41,0.0000,0.7240,1.0627,0.8765,2.9968,0.5358,3.6422,5.1897,,
37.9411,9,9,34.8442,72.7852,completed,81518.18,50532.37,-1.4906,0.41,0.0000,1.0169,2.0260,1.7686,0.2252,3.0223,4.6502,5.8398,5.7296,
46.0075,7,7,27.9545,73.9616,completed,81518.19,50532.25,-1.4918,0.48,0.0000,0.8449,1.0043,1.6616,0.2762,4.6732,6.5034,,,
47.3304,7,7,25.5942,72.9242,completed,81518.19,50532.25,-1.4918,0.48,0.0000,1.1282,1.9441,0.5967,5.7232,5.9341,6.7064,,,
52.9692,6,6,31.7898,84.7589,completed,81518.21,50532.11,-1.4928,0.50,0.0000,1.0523,0.3688,3.4856,2.7371,5.5951,,,,
59.1886,5,5,22.8420,82.0300,completed,81518.21,50532.11,-1.4928,0.50,0.0000,1.4490,1.1726,0.5467,3.2767,,,,,
47.5290,7,7,38.5349,86.0640,completed,81518.23,50531.95,-1.4944,0.52,0.0000,0.7480,1.2306,0.5582,0.7890,4.1923,5.9490,,,
57.0214,6,6,27.7454,84.7664,completed,81518.23,50531.95,-1.4944,0.52,0.0000,1.7250,2.3951,1.6457,5.4283,6.9426,,,,
36.4486,9,9,46.2399,82.6880,completed,81518.24,50531.79,-1.4942,0.58,0.0000,0.4962,0.8780,0.2310,3.4164,1.2884,3.5977,4.7731,5.3582,
51.5382,7,7,25.1423,76.6803,completed,81518.24,50531.79,-1.4942,0.58,0.0000,1.3546,2.1160,0.3349,3.2976,7.0061,7.3028,,,
50.7440,7,7,31.9284,82.6715,completed,81518.26,50531.61,-1.4934,0.60,0.0000,0.8478,1.3332,1.5165,1.3157,5.4308,6.8575,,,
56.5556,6,6,22.7400,79.2951,completed,81518.26,50531.61,-1.4934,0.60,0.0000,1.0907,0.8527,8.7373,1.6485,1.6213,,,,
52.5086,6,6,25.2903,77.7984,completed,81518.28,50531.45,-1.4936,0.56,0.0000,1.3879,1.2092,1.6514,5.7477,7.2149,,,,
56.5678,6,6,24.3989,80.9660,completed,81518.28,50531.45,-1.4936,0.56,0.0000,1.6076,1.9826,1.2466,3.3311,5.5054,,,,
47.9388,7,7,32.8991,80.8371,completed,81518.30,50531.29,-1.4953,0.57,0.0000,0.5962,0.1038,3.6936,1.5961,3.4768,5.5240,,,
57.5339,6,6,31.7534,89.2864,completed,81518.30,50531.29,-1.4953,0.57,0.0000,1.8529,3.4329,1.3621,5.2575,6.5281,,,,
38.7802,9,9,34.3463,73.1263,completed,81518.32,50531.11,-1.4963,0.55,0.0000,0.9082,1.8605,1.9903,1.0619,3.4323,6.1332,6.3492,6.2671,
34.5306,9,9,39.2253,73.7553,completed,81518.32,50531.11,-1.4963,0.55,0.0000,0.9462,1.5995,0.5901,0.7532,6.4243,5.0045,5.4192,4.5623,
47.2073,7,7,37.8350,85.0420,completed,81518.34,50530.97,-1.4972,0.58,0.0000,0.9645,0.9292,2.4233,1.2996,3.6034,5.3215,,,
25.2267,10,10,47.4871,72.7132,completed,81518.34,50530.97,-1.4972,0.58,0.0000,0.8155,1.6574,1.3404,2.3863,4.2159,0.8587,2.2423,3.3151,3.6351
30.5091,10,10,48.9119,79.4209,completed,81518.36,50530.78,-1.4992,0.62,0.0000,0.7500,1.2332,0.6488,0.9232,1.1493,3.7565,4.4953,5.0357,4.4649
44.4317,8,8,48.0284,92.4595,completed,81518.36,50530.78,-1.4992,0.62,0.0000,1.0895,2.5237,0.6881,6.2669,0.5649,1.5704,3.3604,,
48.4415,7,7,27.6426,76.0837,completed,81518.37,50530.60,-1.5001,0.66,0.0000,1.2348,1.1707,2.0550,1.6452,4.2377,5.3478,,,
49.8030,7,7,32.3192,82.1222,completed,81518.37,50530.60,-1.5001,0.66,0.0000,1.2534,1.7696,1.0868,1.1657,4.1368,5.5047,,,
39.4970,9,9,41.0664,80.5624,completed,81518.39,50530.40,-1.5013,0.66,0.0000,0.6522,0.8406,0.4631,2.8125,1.9990,2.0073,4.6360,4.7007,
44.8244,8,8,32.1427,76.9668,completed,81518.39,50530.40,-1.5013,0.66,0.0000,1.3880,2.2913,1.3521,1.2222,3.0740,4.9959,5.9946,,
49.6952,7,7,30.5113,80.2063,completed,81518.41,50530.21,-1.5014,0.61,0.0000,0.6972,0.3464,3.3263,1.5537,4.4900,6.2092,,,
49.9242,7,7,44.8559,94.7799,completed,81518.41,50530.21,-1.5014,0.61,0.0000,0.8117,1.0428,3.7085,0.7345,3.0006,4.4271,,,
26.5638,10,10,55.9723,82.5354,completed,81518.44,50530.01,-1.5024,0.62,0.0000,0.9584,1.5696,1.2128,1.2617,0.8640,4.6457,5.3094,5.8516,6.0905
51.5686,7,7,27.1940,78.7620,completed,81518.44,50530.01,-1.5024,0.62,0.0000,1.7319,3.2653,1.7822,4.2522,5.6590,6.1102,,,
49.2326,7,7,27.3918,76.6239,completed,81518.45,50529.85,-1.5045,0.62,0.0000,1.3304,0.8915,2.2613,1.1800,3.6643,5.1447,,,
32.9910,10,10,45.0914,78.0825,completed,81518.45,50529.85,-1.5045,0.62,0.0000,0.6555,1.5288,1.1279,3.8324,3.3329,0.6763,1.1132,2.7334,3.0514
38.1199,9,9,42.2620,80.3810,completed,81518.47,50529.67,-1.5054,0.61,0.0000,0.9275,1.5700,0.5703,1.3725,2.3015,3.9948,5.3443,4.6686,
22.8860,10,10,46.3929,69.2779,completed,81518.47,50529.67,-1.5054,0.61,0.0000,1.0112,2.1532,2.0815,2.5070,5.6581,1.0892,1.4975,2.9330,3.6963
33.6399,10,10,42.9028,76.5418,completed,81518.49,50529.49,-1.5071,0.65,0.0000,1.0275,1.6761,1.0932,1.3354,1.7311,2.0277,4.2760,5.0917,4.5781
28.0198,10,10,47.8557,75.8747,completed,81518.49,50529.49,-1.5071,0.65,0.0000,0.8761,2.2636,3.3163,0.8111,2.4806,4.4630,3.9104,4.6199,4.3775
27.4989,10,10,44.3824,71.8804,completed,81518.51,50529.30,-1.5094,0.71,0.0000,0.5743,0.9393,0.1018,3.0611,1.5812,0.9064,2.3763,3.5122,3.9013
59.3906,5,5,28.9299,88.3199,completed,81518.51,50529.30,-1.5094,0.71,0.0000,1.7084,2.8015,1.6336,0.7189,,,,,
35.9791,9,9,43.8770,79.8560,completed,81518.53,50529.08,-1.5112,0.81,0.0000,1.0840,1.7059,0.2231,3.2423,1.4905,2.4066,4.2877,5.2504,
58.1213,5,5,24.4862,82.6073,completed,81518.53,50529.08,-1.5112,0.81,0.0000,3.0732,2.0365,2.9319,5.8480,,,,,
53.6006,6,6,23.0375,76.6376,completed,81518.55,50528.84,-1.5110,0.83,0.0000,2.6866,2.4973,0.7035,4.0103,6.9197,,,,
37.3659,9,9,41.5134,78.8784,completed,81518.55,50528.84,-1.5110,0.83,0.0000,0.8907,2.4927,3.0897,2.0511,4.4022,5.2696,5.1299,5.0478,
56.1973,6,6,21.0630,77.2601,completed,81518.57,50528.58,-1.5107,0.86,0.0000,1.9999,2.7272,2.4811,4.4397,6.6770,,,,
20.2924,10,10,32.4459,52.7379,completed,81518.57,50528.58,-1.5107,0.86,0.0000,0.9776,2.2406,3.0736,1.3574,2.1671,6.3065,4.7671,5.4226,5.2039
46.6838,7,7,31.7526,78.4356,completed,81518.59,50528.37,-1.5097,0.87,0.0000,1.4228,0.5010,5.4172,2.5602,1.6516,4.1181,,,
44.9963,8,8,29.8605,74.8566,completed,81518.59,50528.37,-1.5097,0.87,0.0000,0.7370,2.5176,0.9607,6.4504,0.5380,2.1970,3.4956,,
58.8314,5,5,19.3526,78.1837,completed,81518.61,50528.11,-1.5084,0.88,0.0000,2.1679,2.0551,7.6928,8.1727,,,,,
57.8202,6,6,34.2179,92.0380,completed,81518.61,50528.11,-1.5084,0.88,0.0000,1.9267,4.3125,3.6263,1.8592,3.2659,,,,
22.5687,10,10,45.0447,67.6128,completed,81518.64,50527.83,-1.5045,0.98,0.0000,0.7555,1.0386,0.2737,4.4011,7.4784,2.3963,0.5246,3.0418,3.8227
28.1941,10,10,56.2446,84.4387,completed,81518.64,50527.83,-1.5045,0.98,0.0000,0.6902,1.5211,1.3146,4.1605,3.7753,0.5529,1.5161,2.8195,3.0484
27.7108,10,10,43.7011,71.4112,completed,81518.67,50527.53,-1.5007,1.05,0.0000,1.0519,1.6933,0.5156,3.9419,5.2530,0.7649,3.3186,3.9134,4.1735
35.1197,9,9,39.3218,74.4408,completed,81518.67,50527.53,-1.5007,1.05,0.0000,0.5603,1.1908,0.8739,5.9782,4.2027,1.2699,1.1045,1.9861,
51.7504,7,7,35.4320,87.1821,completed,81518.69,50527.28,-1.4952,1.14,0.0000,0.6743,0.5795,6.8066,2.7318,2.4184,4.2251,,,
48.6792,7,7,26.2406,74.9196,completed,81518.69,50527.28,-1.4952,1.14,0.0000,2.2144,5.9961,7.7032,9.2504,9.4548,7.9954,,,
29.1953,10,10,39.8043,68.9994,completed,81518.73,50526.92,-1.4932,1.18,0.0000,1.0929,1.4621,0.3427,2.7951,1.9082,2.6328,4.9162,5.7271,5.1815
44.1343,8,8,27.8949,72.0289,completed,81518.73,50526.92,-1.4932,1.18,0.0000,1.3321,2.1411,1.1582,0.7263,4.6384,7.1753,6.8631,,
43.0199,8,8,32.0211,75.0402,completed,81518.76,50526.60,-1.4951,1.18,0.0000,0.2566,0.5019,0.2168,0.7465,3.9436,6.6725,6.8026,,
26.0163,10,10,42.9575,68.9736,completed,81518.76,50526.60,-1.4951,1.18,0.0000,0.7276,1.1327,0.7076,1.0312,0.8339,2.6055,3.6357,5.2587,5.1387
58.6609,5,5,20.0642,78.7243,completed,81518.80,50526.24,-1.4891,1.19,0.0000,0.2763,2.3976,2.3273,6.9013,,,,,
24.2127,10,10,42.8543,67.0663,completed,81518.80,50526.24,-1.4891,1.19,0.0000,0.5390,0.4718,0.9457,3.0826,1.4520,0.5407,3.6854,4.9515,4.6096
38.6054,9,9,31.2257,69.8307,completed,81518.83,50525.92,-1.4810,1.16,0.0000,0.0556,0.1557,0.7378,0.4678,2.5780,4.4213,7.0889,6.7039,
51.0526,7,7,26.5407,77.5927,completed,81518.83,50525.92,-1.4810,1.16,0.0000,0.5245,0.1897,3.0384,4.1289,5.5072,6.4047,,,
54.1902,6,6,24.7692,78.9592,completed,81518.87,50525.58,-1.4683,1.19,0.0000,0.2111,1.3100,3.8384,5.4706,8.5866,,,,
26.0579,10,10,33.7005,59.7575,completed,81518.87,50525.58,-1.4683,1.19,0.0000,0.4370,0.7663,0.5064,0.1377,5.5036,4.2296,6.5509,5.7627,4.4730
44.6751,8,8,30.9208,75.5958,completed,81518.92,50525.25,-1.4574,1.21,0.0000,0.3671,0.6713,0.8992,2.8744,3.8549,6.9233,7.0612,,
49.2868,7,7,30.0295,79.3264,completed,81518.92,50525.25,-1.4574,1.21,0.0000,0.3262,0.3557,1.2383,2.5370,4.6977,7.1961,,,
23.0927,10,10,38.3461,61.4381,completed,81518.96,50524.93,-1.4486,1.13,0.0000,0.1701,0.1513,0.2718,0.6206,4.0155,4.7839,6.0232,6.3226,5.4404
48.7999,7,7,39.1017,87.9008,completed,81518.96,50524.93,-1.4486,1.13,0.0000,0.1559,0.5537,0.7558,5.1566,6.7576,7.1814,,,
52.7996,6,6,24.2223,77.0213,completed,81519.01,50524.61,-1.4472,1.11,0.0000,0.5723,0.2666,5.1953,7.5857,8.4604,,,,
36.6251,9,9,41.3981,78.0231,completed,81519.01,50524.61,-1.4472,1.11,0.0000,0.4145,0.6283,1.8925,2.4451,1.5865,1.8866,5.1288,5.3154,
33.2122,10,10,38.7384,71.9504,completed,81519.05,50524.32,-1.4449,1.03,0.0000,0.5069,1.0741,2.3002,3.2544,3.9339,2.7164,2.2888,4.4977,4.5020
28.9352,10,10,41.9255,70.8606,completed,81519.05,50524.32,-1.4449,1.03,0.0000,0.1658,0.4567,0.3327,0.3578,2.9657,2.8460,5.5674,6.2985,5.3855
34.0264,9,9,40.8185,74.8445,completed,81519.10,50524.06,-1.4436,0.97,0.0000,0.3095,0.3660,0.8808,0.5530,0.6731,2.1383,5.8654,5.8369,
24.8736,10,10,52.6587,77.5317,completed,81519.10,50524.06,-1.4436,0.97,0.0000,0.1341,0.5099,0.6027,0.5541,2.8233,3.4170,5.9024,6.0363,5.1412
45.0572,8,8,30.7137,75.7708,completed,81519.14,50523.78,-1.4412,0.87,0.0000,0.2962,0.2303,1.8681,1.7652,0.9931,4.8368,5.9605,,
52.9944,6,6,25.9274,78.9214,completed,81519.14,50523.78,-1.4412,0.87,0.0000,0.5857,1.8024,5.6872,8.6547,8.3670,,,,
20.9306,10,10,53.2382,74.1683,completed,81519.18,50523.58,-1.4431,0.72,0.0000,0.1257,0.3289,0.4572,0.3899,2.5039,4.7557,6.1436,5.9989,5.1155
36.1717,9,4,17.0697,53.2407,converged,81519.18,50523.58,-1.4431,0.72,0.0000,0.0922,0.2394,0.0784,,,,,,
23.1110,10,10,36.6246,59.7346,completed,81519.20,50523.42,-1.4447,0.56,0.0000,0.0853,0.1569,0.5183,1.5004,1.1974,1.6906,3.7947,5.4995,5.3477
59.4796,5,5,19.9996,79.4787,completed,81519.20,50523.42,-1.4447,0.56,0.0000,0.8132,1.9557,5.2095,8.0749,,,,,
43.9519,8,8,32.7618,76.7128,completed,81519.23,50523.30,-1.4456,0.47,0.0000,0.2026,0.3095,1.4748,1.7100,1.2602,3.6362,4.8108,,
53.8436,6,6,20.2899,74.1329,completed,81519.23,50523.30,-1.4456,0.47,0.0000,0.6157,1.5713,3.9498,4.5428,7.4518,,,,
50.0040,7,7,29.7771,79.7812,completed,81519.25,50523.18,-1.4450,0.45,0.0000,0.1317,0.5009,1.0402,3.1935,5.9166,6.5447,,,
34.5070,9,9,33.6093,68.1163,completed,81519.25,50523.18,-1.4450,0.45,0.0000,0.0984,0.6708,0.9074,1.9628,1.0043,3.0361,5.4794,5.7393,
37.3054,9,9,31.7959,69.1010,completed,81519.28,50523.05,-1.4460,0.42,0.0000,0.2778,0.2108,1.1889,4.4793,3.4292,0.7875,3.7426,4.9153,
30.7517,10,10,39.3879,70.1389,completed,81519.28,50523.05,-1.4460,0.42,0.0000,0.3778,0.3508,1.0869,3.4926,9.5256,4.8871,0.9805,2.1505,2.5368
29.7925,10,10,41.4799,71.2719,completed,81519.30,50522.95,-1.4479,0.37,0.0000,0.3243,0.9364,1.3704,1.6389,3.1008,2.4561,4.7917,5.9758,5.6786
57.9849,6,6,29.6379,87.6219,completed,81519.30,50522.95,-1.4479,0.37,0.0000,0.1544,2.1065,10.1579,2.3883,0.6745,,,,
50.9153,7,7,25.0270,75.9421,completed,81519.32,50522.84,-1.4504,0.40,0.0000,0.6095,1.8724,3.3058,5.4801,7.4991,6.8353,,,
46.9555,7,7,28.5742,75.5293,completed,81519.33,50522.78,-1.4519,0.41,0.0000,0.3979,1.9530,0.3224,1.5957,3.0722,4.3054,,,
51.1367,7,7,28.2829,79.4190,completed,81519.33,50522.78,-1.4519,0.41,0.0000,0.2829,0.7489,0.8905,3.3945,3.3635,4.6915,,,
31.9666,10,3,11.0222,42.9882,converged,81519.35,50522.67,-1.4539,0.32,0.0000,0.0141,0.0576,,,,,,,
44.8012,8,8,30.3898,75.1908,completed,81519.35,50522.67,-1.4539,0.32,0.0000,0.3889,1.3646,2.1287,2.8157,2.8818,5.1537,5.5127,,
46.0855,7,7,34.8983,81.0995,completed,81519.37,50522.60,-1.4542,0.26,0.0000,0.0661,0.4820,0.1430,0.7072,1.9069,3.0655,,,
35.8874,9,9,34.3118,70.1988,completed,81519.37,50522.60,-1.4542,0.26,0.0000,0.1424,0.3515,0.7787,0.8413,1.0187,2.1491,3.1154,2.6195,
27.6333,10,3,11.8703,39.5034,converged,81519.38,50522.54,-1.4540,0.15,0.0000,0.0282,0.0480,,,,,,,
22.3472,10,10,47.2815,69.6285,completed,81519.38,50522.54,-1.4540,0.15,0.0000,0.0583,0.1752,0.4431,0.3908,0.1018,0.9894,2.5246,3.1443,2.7602
49.9808,7,3,9.0906,59.0706,converged,81519.39,50522.51,-1.4538,0.10,0.0000,0.0262,0.0657,,,,,,,
35.9141,9,9,33.3370,69.2511,completed,81519.39,50522.51,-1.4538,0.10,0.0000,0.2015,0.6764,1.6456,2.7986,4.0345,4.4983,5.1510,4.5133,
26.3128,10,3,9.6469,35.9590,converged,81519.40,50522.50,-1.4539,0.00,0.0000,0.0432,0.0679,,,,,,,
46.9476,7,3,13.3349,60.2819,converged,81519.40,50522.50,-1.4539,0.00,0.0000,0.0700,0.0580,,,,,,,
39.0153,9,9,34.4705,73.4856,completed,81519.41,50522.50,-1.4542,0.00,0.0000,0.0986,0.1221,0.1058,0.4682,1.4725,1.9471,3.5736,3.3503,
23.2570,10,10,37.3773,60.6343,completed,81519.41,50522.50,-1.4542,0.00,0.0000,0.2237,0.4593,0.3988,0.5123,1.7354,2.0620,4.1473,4.9949,4.7488
36.8775,9,4,16.7932,53.6703,converged,81519.41,50522.50,-1.4545,0.00,0.0000,0.2516,0.4129,0.0955,,,,,,
40.2012,8,8,38.5829,78.7840,completed,81519.41,50522.50,-1.4545,0.00,0.0000,0.3515,0.5843,0.6578,1.4232,3.2444,6.7089,5.9837,,
39.9071,9,9,35.1714,75.0784,completed,81519.42,50522.50,-1.4548,0.00,0.0000,0.1017,0.3532,0.3502,0.2241,1.1547,4.0686,5.8065,4.9595,
43.5087,8,8,29.5429,73.0510,completed,81519.42,50522.50,-1.4548,0.00,0.0000,0.3938,0.7079,1.3863,0.8166,2.1408,6.0376,6.4806,,
29.3996,10,10,52.9509,82.3499,completed,81519.43,50522.50,-1.4552,0.00,0.0000,0.1053,0.2620,0.3766,0.5162,0.5867,1.4833,4.0218,5.1611,4.5888
34.3234,9,9,53.4616,87.7846,completed,81519.43,50522.50,-1.4552,0.00,0.0000,0.2480,0.3906,0.4163,0.6363,1.1911,3.3597,5.6914,5.2812,
26.6187,10,10,47.4174,74.0355,completed,81519.43,50522.51,-1.4556,0.00,0.0000,0.0574,0.2870,0.5316,0.5248,0.9703,1.9516,4.5910,5.2245,4.4318
28.9244,10,10,43.8022,72.7263,completed,81519.43,50522.51,-1.4556,0.00,0.0000,0.0726,0.1662,0.1688,0.7343,1.3506,0.9764,3.2161,4.9134,4.9394
49.9404,7,7,34.8520,84.7920,completed,81519.44,50522.51,-1.4559,0.00,0.0000,0.0482,0.5422,0.8440,1.3797,4.3872,5.7664,,,
53.5366,6,6,26.0719,79.6079,completed,81519.44,50522.51,-1.4559,0.00,0.0000,0.2621,0.5720,0.1946,2.1655,6.0485,,,,
34.0206,9,9,40.3783,74.3983,completed,81519.44,50522.51,-1.4562,0.00,0.0000,0.0186,0.1459,0.1741,0.3401,0.6043,2.3068,4.3632,3.8697,
39.0482,9,9,33.1695,72.2175,completed,81519.44,50522.51,-1.4562,0.00,0.0000,0.1001,0.2837,0.3000,0.2305,0.9124,2.3220,4.4342,4.1062,
34.1401,9,9,35.8055,69.9455,completed,81519.45,50522.51,-1.4561,0.00,0.0000,0.1264,0.2338,0.1396,0.1948,0.4440,2.7756,4.9803,4.5107,
23.5596,10,10,34.2243,57.7833,completed,81519.45,50522.51,-1.4561,0.00,0.0000,0.1049,0.2918,0.3600,0.3279,0.8311,1.5304,3.8565,4.4130,3.7427
40.1114,8,4,13.3625,53.4736,converged,81519.46,50522.48,-1.4548,0.17,0.0000,0.0792,0.1702,0.0982,,,,,,
51.7912,7,7,29.1363,80.9273,completed,81519.46,50522.48,-1.4548,0.17,0.0000,0.0759,0.2112,1.1444,0.3204,2.9758,4.3919,,,
51.0758,7,7,26.6142,77.6892,completed,81519.47,50522.41,-1.4519,0.33,0.0000,0.2518,0.4519,0.1662,0.9310,3.9688,5.5650,,,
37.4490,9,9,32.9919,70.4399,completed,81519.47,50522.41,-1.4519,0.33,0.0000,0.2315,0.3208,0.2938,0.2711,0.7878,2.7033,4.8516,4.5212,
40.4496,8,8,34.5585,75.0075,completed,81519.49,50522.28,-1.4466,0.57,0.0000,0.1384,0.2545,0.1026,2.6827,1.6509,5.0761,5.3950,,
44.7685,8,8,35.2771,80.0452,completed,81519.49,50522.28,-1.4466,0.57,0.0000,0.2483,0.3747,0.4167,0.2124,1.5015,4.7980,5.3875,,
41.7224,8,8,45.3445,87.0666,completed,81519.53,50522.05,-1.4333,0.91,0.0000,0.2660,0.5338,0.9667,0.3877,2.3941,5.8575,5.7919,,
41.8139,8,8,39.7542,81.5672,completed,81519.53,50522.05,-1.4333,0.91,0.0000,0.2457,0.4816,0.9995,1.2824,2.0894,5.8378,5.6847,,
50.1455,7,7,36.4408,86.5858,completed,81519.58,50521.74,-1.4255,1.31,0.0000,0.0887,0.3083,0.6866,0.4543,5.0642,6.3917,,,
26.6509,10,3,17.8090,44.4590,converged,81519.58,50521.74,-1.4255,1.31,0.0000,0.0322,0.0508,,,,,,,
49.1356,7,7,36.8551,85.9902,completed,81519.64,50521.36,-1.4203,1.67,0.0000,0.2286,0.3358,0.1349,0.8362,3.9200,6.8125,,,
47.6058,7,7,36.1376,83.7426,completed,81519.64,50521.36,-1.4203,1.67,0.0000,0.1128,0.1970,0.1282,0.9452,3.8576,6.3273,,,
51.2001,7,7,25.3256,76.5256,completed,81519.72,50520.83,-1.4137,2.16,0.0000,0.1216,0.1018,0.5351,0.4274,4.8804,6.7165,,,
57.6434,6,6,28.2067,85.8498,completed,81519.72,50520.83,-1.4137,2.16,0.0000,0.1088,0.1045,1.2205,2.0766,6.5663,,,,
58.1103,5,5,20.4906,78.6006,completed,81519.85,50520.11,-1.4059,2.65,0.0000,0.1363,0.2084,2.6447,7.6385,,,,,
24.5035,10,10,38.6324,63.1355,completed,81519.85,50520.11,-1.4059,2.65,0.0000,0.0308,0.2807,0.3568,0.6842,2.3035,2.5881,5.2097,6.3394,5.6084
28.5331,10,10,51.0140,79.5470,completed,81520.00,50519.24,-1.4005,3.13,0.0000,0.3400,0.8150,1.0555,1.0007,1.8578,1.4473,5.5883,6.4757,5.4435
52.6671,6,6,31.3526,84.0196,completed,81520.00,50519.24,-1.4005,3.13,0.0000,1.2793,3.7511,5.6934,1.6060,4.9165,,,,
55.9918,6,6,21.1360,77.1270,completed,81520.19,50518.22,-1.3936,3.67,0.0000,1.2465,1.7305,2.0441,4.8673,8.2638,,,,
23.1774,10,10,35.1353,58.3124,completed,81520.19,50518.22,-1.3936,3.67,0.0000,0.4107,0.5811,0.7736,0.8817,1.6407,2.3357,5.5047,6.8419,5.8588
44.0718,8,3,10.7430,54.8141,converged,81520.38,50517.21,-1.3934,4.01,0.0000,0.1210,0.0847,,,,,,,
50.0904,7,7,30.4681,80.5582,completed,81520.38,50517.21,-1.3934,4.01,0.0000,0.4266,0.8752,1.1986,1.8817,4.7223,7.4808,,,
29.0701,10,10,35.1448,64.2148,completed,81520.58,50516.11,-1.3944,4.29,0.0000,0.6982,0.6950,0.5304,0.9250,1.9651,1.5576,4.9467,6.2038,5.2413
43.1177,8,8,34.2459,77.3629,completed,81520.58,50516.11,-1.3944,4.29,0.0000,1.2970,1.3574,0.5424,1.9125,3.1855,6.9431,7.3326,,
33.0212,10,10,40.1762,73.1973,completed,81520.80,50514.94,-1.3981,4.59,0.0000,0.6096,0.8848,0.4917,1.6725,0.8065,4.0702,7.3110,7.5562,6.1548
41.1643,8,8,30.8577,72.0217,completed,81520.80,50514.94,-1.3981,4.59,0.0000,0.7136,1.1554,0.3630,1.0712,3.8160,8.1016,8.2265,,
26.9876,10,10,38.8278,65.8149,completed,81521.04,50513.62,-1.3936,4.82,0.0000,0.5951,0.6905,0.3666,0.7865,1.5076,3.0174,6.6424,8.0623,6.7906
44.0543,8,8,27.8896,71.9437,completed,81521.04,50513.62,-1.3936,4.82,0.0000,0.9269,1.1391,0.6360,2.9948,5.9567,9.3776,8.3904,,
50.8370,7,7,34.5947,85.4318,completed,81521.29,50512.26,-1.3926,5.05,0.0000,1.1056,1.0171,1.7444,1.5648,7.7934,9.0066,,,
35.3042,9,9,41.3957,76.6997,completed,81521.29,50512.26,-1.3926,5.05,0.0000,0.7874,0.9776,0.6244,1.4161,1.5459,7.9585,8.4476,6.6989,
41.3803,8,8,33.4463,74.8299,completed,81521.58,50510.73,-1.3913,5.29,0.0000,1.0465,1.0924,0.1602,2.8898,4.5095,9.0760,7.9663,,
42.5918,8,8,37.0370,79.6281,completed,81521.58,50510.73,-1.3913,5.29,0.0000,0.8959,0.8456,0.3863,4.5448,4.6679,7.9498,6.6228,,
58.2741,5,5,20.7661,79.0401,completed,81521.84,50509.32,-1.3904,5.49,0.0000,1.8630,1.2036,2.1940,10.2860,,,,,
48.6468,7,7,24.6061,73.2521,completed,81521.84,50509.32,-1.3904,5.49,0.0000,1.3111,1.3496,0.6419,2.8974,8.9765,9.3637,,,
42.5908,8,8,33.0651,75.6552,completed,81522.15,50507.62,-1.3899,5.85,0.0000,0.9190,0.8703,0.3016,2.5192,3.4546,8.8824,8.3489,,
54.4082,6,6,36.7195,91.1275,completed,81522.15,50507.62,-1.3899,5.85,0.0000,1.3591,0.4491,3.0503,5.8907,9.9599,,,,
55.3333,6,6,39.1915,94.5246,completed,81522.51,50505.66,-1.3884,6.19,0.0000,1.5085,1.2780,2.3317,6.9576,10.9532,,,,
47.6645,7,7,27.2349,74.8990,completed,81522.51,50505.66,-1.3884,6.19,0.0000,1.2383,1.4389,1.1267,2.6927,7.9325,8.1253,,,
43.5152,8,8,36.0714,79.5906,completed,81522.85,50503.79,-1.3893,6.51,0.0000,0.5583,0.7436,0.4161,2.2327,4.7226,10.2976,8.7519,,
46.0333,7,7,25.1485,71.1816,completed,81522.85,50503.79,-1.3893,6.51,0.0000,1.1284,0.9355,0.5381,2.2293,8.8103,9.8768,,,
44.6148,8,8,31.4582,76.0723,completed,81523.19,50501.82,-1.3913,6.82,0.0000,0.2303,0.9168,0.7744,2.9002,2.9484,9.2192,7.6874,,
25.4981,10,10,39.2874,64.7854,completed,81523.19,50501.82,-1.3913,6.82,0.0000,0.5924,0.8374,0.7461,0.9498,1.3192,2.8572,7.3076,8.9352,6.8479
51.9611,7,7,29.5208,81.4818,completed,81523.52,50499.98,-1.3920,7.09,0.0000,0.8586,2.4068,4.3556,1.6450,6.5734,10.0785,,,
44.4245,8,8,40.3917,84.8157,completed,81523.52,50499.98,-1.3920,7.09,0.0000,0.5077,0.5794,0.9346,1.6320,2.8881,7.8427,9.5866,,
21.9271,10,10,41.2101,63.1371,completed,81523.87,50497.95,-1.3937,7.38,0.0000,0.9212,1.8799,3.4627,3.6130,3.1626,5.7712,7.5379,6.6696,5.3000
23.0646,10,10,47.8484,70.9124,completed,81523.87,50497.95,-1.3937,7.38,0.0000,0.5036,0.6649,0.4684,2.1906,3.6268,3.3601,9.6002,8.3225,6.1203
32.2645,10,10,36.2984,68.5624,completed,81524.28,50495.59,-1.3944,7.72,0.0000,0.1979,0.3219,0.6637,0.9616,2.6261,4.5379,6.7540,6.5786,5.4002
55.2163,6,6,26.7236,81.9396,completed,81524.28,50495.59,-1.3944,7.72,0.0000,2.2537,8.7763,4.3430,6.1572,9.0343,,,,
58.7778,5,5,21.3914,80.1684,completed,81524.61,50493.64,-1.3981,7.96,0.0000,0.4107,1.0428,6.9397,10.5203,,,,,
43.5275,8,8,28.8897,72.4171,completed,81524.61,50493.64,-1.3981,7.96,0.0000,0.6570,2.6849,6.3988,3.3765,3.6382,10.2046,8.2491,,
54.3465,6,6,27.1622,81.5083,completed,81524.99,50491.40,-1.3986,8.24,0.0000,0.7227,6.4711,7.6619,4.3399,10.4584,,,,
29.6453,10,10,39.8237,69.4688,completed,81524.99,50491.40,-1.3986,8.24,0.0000,0.2968,0.6271,0.5115,0.9963,5.2019,4.6044,6.5276,6.4587,5.3817
21.6198,10,10,37.9060,59.5250,completed,81525.37,50489.19,-1.3979,8.41,0.0000,0.1871,0.1210,0.3271,0.6313,4.4371,7.5758,6.6192,6.8623,5.9551
53.1705,6,6,24.2585,77.4286,completed,81525.37,50489.19,-1.3979,8.41,0.0000,2.1050,13.3798,4.7873,2.8797,10.4602,,,,
38.9084,9,9,43.8076,82.7156,completed,81525.72,50487.10,-1.3977,8.51,0.0000,0.2187,0.8717,5.5363,10.8044,4.0914,5.4865,9.3007,7.8004,
31.4046,10,10,37.1277,68.5317,completed,81525.72,50487.10,-1.3977,8.51,0.0000,0.1999,0.5288,0.4653,4.0076,12.7163,5.4459,6.7251,6.4213,5.3254
48.0594,7,7,28.0093,76.0683,completed,81526.12,50484.74,-1.4027,8.58,0.0000,0.8188,0.4930,1.4307,5.6852,10.2994,9.6503,,,
55.8819,6,6,23.6413,79.5223,completed,81526.12,50484.74,-1.4027,8.58,0.0000,0.3530,5.6914,2.3223,7.0807,11.7258,,,,
52.1594,6,6,26.6386,78.7976,completed,81526.54,50482.19,-1.4008,8.62,0.0000,0.3482,9.9548,2.8310,7.9296,10.3647,,,,
39.1747,9,9,30.7660,69.9400,completed,81526.54,50482.19,-1.4008,8.62,0.0000,1.7574,2.1689,4.0476,5.4224,6.6435,8.1951,7.5499,6.0510,
52.9483,6,6,25.2459,78.1939,completed,81526.97,50479.64,-1.4005,8.63,0.0000,2.2037,6.6618,1.8161,6.9289,9.9279,,,,
35.4178,9,9,44.1235,79.5405,completed,81526.97,50479.64,-1.4005,8.63,0.0000,1.6997,0.3673,5.9263,3.2819,3.3560,3.3851,4.5666,5.4891,
24.7412,10,3,11.1810,35.9220,converged,81527.39,50477.21,-1.3987,8.63,0.0000,1.6439,0.0576,,,,,,,
53.5206,6,6,39.8702,93.3902,completed,81527.39,50477.21,-1.3987,8.63,0.0000,1.7742,0.9571,2.6648,3.7363,5.5112,,,,
27.1882,10,10,45.9425,73.1306,completed,81527.80,50474.79,-1.3982,8.62,0.0000,2.6054,2.8989,1.6793,3.7884,11.1338,9.9426,8.1620,5.7266,4.1681
20.0575,10,10,43.7051,63.7621,completed,81527.80,50474.79,-1.3982,8.62,0.0000,0.2357,0.1709,1.4609,2.4945,1.4157,0.5137,0.1132,0.8924,1.4004
45.4137,8,8,35.2258,80.6388,completed,81528.15,50472.82,-1.3921,8.60,0.0000,6.2656,5.9666,1.9048,1.9394,9.2023,9.5009,8.7308,,
27.1029,10,10,39.4449,66.5469,completed,81528.15,50472.82,-1.3921,8.60,0.0000,0.3579,0.4756,0.4618,1.2860,3.0353,3.2177,2.9971,4.0795,4.9126
32.6927,10,10,36.5515,69.2436,completed,81528.55,50470.58,-1.3915,8.48,0.0000,5.1342,6.4676,8.8793,11.7181,2.7382,5.6533,8.9659,7.1586,5.6956
47.1756,7,7,32.5532,79.7282,completed,81528.55,50470.58,-1.3915,8.48,0.0000,0.4052,0.2094,1.1901,5.2884,4.5020,4.9616,,,
50.8278,7,7,31.6064,82.4335,completed,81528.92,50468.38,-1.4175,8.28,0.0000,0.3714,1.8347,2.9386,0.9402,0.3517,1.4990,,,
21.1693,10,10,35.7661,56.9351,completed,81528.92,50468.38,-1.4175,8.28,0.0000,0.1083,0.1069,0.6978,0.5973,0.3921,1.3100,1.5985,1.9075,2.2190
36.0242,9,9,36.1425,72.1665,completed,81529.24,50466.08,-1.4291,8.03,0.0000,0.0506,0.4483,1.0385,0.3468,0.7548,0.1250,0.6530,1.1378,
58.5782,5,5,19.3753,77.9533,completed,81529.24,50466.08,-1.4291,8.03,0.0000,0.2731,0.3307,1.0732,1.3040,,,,,
50.9832,7,7,33.9507,84.9337,completed,81529.55,50463.92,-1.4283,7.55,0.0000,0.3549,0.5270,1.8450,1.9340,0.5986,0.1962,,,
48.7221,7,7,28.9999,77.7219,completed,81529.55,50463.92,-1.4283,7.55,0.0000,0.0994,0.2219,2.0887,1.9860,0.9862,1.6674,,,
42.7754,8,8,46.9587,89.7337,completed,81529.87,50461.67,-1.4233,6.61,0.0000,0.8608,0.7209,2.4892,0.5723,0.4697,0.5975,0.7510,,
31.8187,10,4,20.7909,52.6089,converged,81529.87,50461.67,-1.4233,6.61,0.0000,0.1801,0.1321,0.0965,,,,,,
54.5413,6,6,30.0143,84.5553,completed,81530.12,50460.02,-1.4188,5.41,0.0000,0.1654,0.8835,1.2450,0.8396,0.8189,,,,
39.9779,9,3,19.8135,59.7905,converged,81530.12,50460.02,-1.4188,5.41,0.0000,0.1136,0.0407,,,,,,,
59.3608,5,5,23.4251,82.7851,completed,81530.30,50458.81,-1.4188,4.39,0.0000,0.5460,0.8539,1.2599,1.3329,,,,,
58.8219,5,5,25.6522,84.4732,completed,81530.30,50458.81,-1.4188,4.39,0.0000,0.1125,0.5147,1.7532,0.8425,,,,,
35.0777,9,9,42.3878,77.4649,completed,81530.46,50457.79,-1.4149,3.06,0.0000,1.4637,4.1109,1.9954,2.8433,2.5234,1.9273,1.3808,1.4420,
35.0123,9,9,38.4745,73.4865,completed,81530.46,50457.79,-1.4149,3.06,0.0000,0.2933,2.0056,2.6562,0.5587,0.6025,0.1952,0.2918,0.3105,
50.4983,7,7,27.5566,78.0547,completed,81530.56,50457.14,-1.4092,1.82,0.0000,1.9343,1.6770,11.4628,0.7104,0.5382,0.2082,,,
33.1022,10,10,35.7216,68.8236,completed,81530.56,50457.14,-1.4092,1.82,0.0000,0.1729,0.5612,0.6650,0.7785,0.9528,1.9160,3.6530,7.6914,7.7063
48.7479,7,7,30.7427,79.4898,completed,81530.61,50456.88,-1.4088,0.76,0.0000,0.2181,0.4532,0.1081,0.9530,3.5038,8.6741,,,
50.0964,7,7,25.2730,75.3690,completed,81530.61,50456.85,-1.4107,0.00,0.0000,0.4208,0.7307,0.4330,0.9479,4.3431,9.2120,,,
42.2718,8,4,13.9607,56.2317,converged,81530.61,50456.85,-1.4107,0.00,0.0000,0.2146,0.3570,0.0521,,,,,,
34.8777,9,9,33.9843,68.8613,completed,81530.62,50456.86,-1.4102,0.00,0.0000,0.2319,0.2116,0.8408,1.4035,3.0734,4.4574,5.5634,5.0550,
48.5868,7,7,27.7139,76.2999,completed,81530.62,50456.86,-1.4102,0.00,0.0000,1.1017,0.5961,3.4442,0.7219,3.1364,6.1352,,,
54.7543,6,6,22.7095,77.4635,completed,81530.62,50456.86,-1.4099,0.00,0.0000,0.8807,1.5242,1.5139,0.8603,2.6829,,,,
42.3989,8,8,31.6720,74.0700,completed,81530.62,50456.86,-1.4099,0.00,0.0000,1.5406,0.4488,6.4987,4.1380,0.9757,3.5844,3.8656,,
45.1787,8,3,13.6702,58.8483,converged,81530.62,50456.87,-1.4096,0.00,0.0000,0.0867,0.0719,,,,,,,
32.9893,10,10,51.5167,84.5057,completed,81530.62,50456.87,-1.4096,0.00,0.0000,0.2039,0.3386,1.0859,4.9193,4.3569,2.5899,0.6635,0.7883,1.5400
55.5818,6,6,24.3295,79.9105,completed,81530.62,50456.87,-1.4094,0.00,0.0000,0.0540,0.2903,1.8325,1.5068,1.4145,,,,
56.4764,6,6,25.7949,82.2709,completed,81530.62,50456.87,-1.4094,0.00,0.0000,0.1136,0.3440,0.9114,0.9547,2.7270,,,,
38.4127,9,3,13.3888,51.8009,converged,81530.62,50456.87,-1.4093,0.00,0.0000,0.0341,0.0960,,,,,,,
45.0874,8,4,13.2282,58.3152,converged,81530.62,50456.87,-1.4093,0.00,0.0000,0.0338,0.1758,0.0111,,,,,,
35.1526,9,3,13.4514,48.6034,converged,81530.62,50456.88,-1.4092,0.00,0.0000,0.0289,0.0669,,,,,,,
42.2862,8,8,35.0215,77.3075,completed,81530.62,50456.88,-1.4092,0.00,0.0000,0.0663,0.1188,0.2209,0.6513,0.6512,0.9094,2.2791,,
52.2571,6,6,28.1686,80.4256,completed,81530.63,50456.88,-1.4091,0.00,0.0000,0.0425,0.1368,0.3432,0.9868,3.1672,,,,
20.1486,10,3,8.3928,28.5408,converged,81530.63,50456.88,-1.4091,0.00,0.0000,0.0167,0.0652,,,,,,,
30.7301,10,3,10.4577,41.1878,converged,81530.63,50456.88,-1.4091,0.00,0.0000,0.0284,0.0514,,,,,,,
26.1921,10,3,9.4575,35.6495,converged,81530.63,50456.88,-1.4091,0.00,0.0000,0.0404,0.0340,,,,,,,
46.5938,7,7,31.0971,77.6901,completed,81530.63,50456.88,-1.4091,0.00,0.0000,0.0633,0.2073,0.4595,1.6490,2.8259,3.7545,,,
30.4301,10,3,11.5897,42.0197,converged,81530.63,50456.88,-1.4091,0.00,0.0000,0.0546,0.0964,,,,,,,
52.6358,6,6,26.5066,79.1416,completed,81530.63,50456.88,-1.4089,0.00,0.0000,0.0658,0.6598,2.5617,2.0852,4.1232,,,,
23.0003,10,10,52.3520,75.3521,completed,81530.63,50456.88,-1.4089,0.00,0.0000,0.1296,0.1406,0.3528,0.3569,2.1989,0.4267,1.6137,3.0144,2.9665
44.6117,8,8,27.7535,72.3645,completed,81530.63,50456.86,-1.4081,0.00,0.0000,0.0603,0.7221,1.8154,5.0340,4.1840,4.8700,4.6739,,
30.4476,10,10,34.9137,65.3607,completed,81530.63,50456.86,-1.4081,0.00,0.0000,0.0245,0.6667,1.5392,2.8649,5.6256,2.8006,3.4465,4.4271,4.2425
37.2957,9,3,12.7381,50.0331,converged,81530.64,50456.83,-1.4066,0.17,0.0000,0.3520,0.0656,,,,,,,
26.1609,10,10,35.3868,61.5468,completed,81530.64,50456.83,-1.4066,0.17,0.0000,0.0438,0.5046,1.0704,2.0378,3.4403,2.0037,3.2883,3.8296,3.3861
46.9527,7,7,24.7665,71.7185,completed,81530.65,50456.76,-1.4046,0.37,0.0000,0.0892,0.8343,2.5464,3.5323,4.3093,4.9706,,,
24.9015,10,10,41.9245,66.8256,completed,81530.65,50456.76,-1.4046,0.37,0.0000,0.9864,2.6249,4.4624,3.1285,4.7689,2.7702,3.5769,4.4680,4.3298
36.2997,9,9,43.6219,79.9209,completed,81530.67,50456.64,-1.4014,0.56,0.0000,0.1856,0.5041,1.2763,5.7853,3.3952,3.1136,4.2933,3.8924,
54.2843,6,6,29.7870,84.0710,completed,81530.67,50456.64,-1.4014,0.56,0.0000,0.1557,1.0343,0.2318,3.6462,6.2377,,,,
33.4853,10,10,52.8557,86.3407,completed,81530.71,50456.43,-1.3960,0.86,0.0000,0.0598,0.1055,0.2072,0.8577,3.3818,0.7224,3.1303,4.8783,5.0258
26.0576,10,3,15.4386,41.4956,converged,81530.71,50456.43,-1.3960,0.86,0.0000,0.0520,0.0687,,,,,,,
26.1410,10,10,45.4731,71.6131,completed,81530.76,50456.14,-1.3892,1.19,0.0000,0.1664,0.2774,0.3474,0.4099,2.3155,1.7991,4.4754,5.3742,4.8597
45.3482,8,8,36.6017,81.9497,completed,81530.76,50456.14,-1.3892,1.19,0.0000,0.0154,0.2917,1.9350,5.7923,1.6173,3.8533,5.5938,,
28.6163,10,10,42.8670,71.4830,completed,81530.84,50455.73,-1.3840,1.75,0.0000,0.0705,0.1020,0.1601,0.4094,2.9915,1.2775,4.0369,5.4953,5.2699
34.3059,9,4,18.0796,52.3846,converged,81530.84,50455.73,-1.3840,1.75,0.0000,0.1689,0.1789,0.0893,,,,,,
45.2293,8,8,32.5748,77.8038,completed,81530.94,50455.19,-1.3815,2.22,0.0000,0.1391,0.1823,0.2087,2.5341,2.5662,6.0485,6.0670,,
45.4989,8,8,36.5508,82.0488,completed,81530.94,50455.19,-1.3815,2.22,0.0000,0.0536,0.7577,5.7285,12.6890,3.6151,3.3486,5.1986,,
40.7977,8,8,29.8266,70.6236,completed,81531.07,50454.55,-1.3837,2.67,0.0000,0.0887,0.1014,0.3400,2.8016,2.1248,6.1810,6.3312,,
37.4979,9,3,9.9487,47.4457,converged,81531.07,50454.55,-1.3837,2.67,0.0000,0.0415,0.0776,,,,,,,
56.6260,6,6,25.4155,82.0415,completed,81531.19,50453.90,-1.3839,3.10,0.0000,0.0696,0.7534,6.7121,2.2288,6.8260,,,,
52.8540,6,6,19.8810,72.7340,completed,81531.19,50453.90,-1.3839,3.10,0.0000,0.1090,0.7581,7.7493,1.8453,6.5705,,,,
44.2059,8,3,10.0309,54.2359,converged,81531.38,50452.89,-1.3889,3.63,0.0000,0.0204,0.0816,,,,,,,
59.3601,5,5,25.1880,84.5480,completed,81531.38,50452.89,-1.3889,3.63,0.0000,0.0624,0.9301,1.3082,7.0269,,,,,
26.4971,10,10,35.1739,61.6710,completed,81531.58,50451.86,-1.3877,4.11,0.0000,0.0806,0.1405,0.1118,0.3843,0.4580,3.3078,5.4890,5.7641,4.8439
43.3423,8,8,29.0423,72.3843,completed,81531.58,50451.86,-1.3877,4.11,0.0000,0.0462,0.1199,0.1635,2.2049,6.0651,6.9765,6.2095,,
30.4574,10,10,34.5588,65.0158,completed,81531.80,50450.64,-1.3952,4.57,0.0000,0.0649,0.1241,0.1689,1.1045,1.9072,3.1199,5.4409,6.2349,5.3557
39.3405,9,4,11.9433,51.2833,converged,81531.80,50450.64,-1.3952,4.57,0.0000,0.0708,0.1121,0.0704,,,,,,
53.2365,6,6,22.6810,75.9170,completed,81532.01,50449.45,-1.3959,5.09,0.0000,0.1840,0.3146,0.9059,6.4803,8.9998,,,,
57.1850,6,6,21.9660,79.1510,completed,81532.01,50449.45,-1.3959,5.09,0.0000,0.1667,0.3708,0.5979,5.9084,8.9384,,,,
44.5373,8,8,30.5023,75.0393,completed,81532.29,50447.86,-1.3999,5.61,0.0000,0.0375,0.1121,0.4149,1.6039,5.8012,8.0366,6.9742,,
55.6486,6,6,33.9161,89.5642,completed,81532.29,50447.86,-1.3999,5.61,0.0000,0.0551,0.2289,0.9448,6.8945,9.2054,,,,
57.1018,6,6,22.7767,79.8777,completed,81532.58,50446.19,-1.3967,6.10,0.0000,0.1650,0.6934,0.7218,6.0352,9.2262,,,,
22.6532,10,10,50.3093,72.9624,completed,81532.58,50446.19,-1.3967,6.10,0.0000,0.0703,0.1686,0.2470,1.2470,0.5560,3.6280,5.8475,6.8866,5.9718
40.2423,8,8,35.7520,75.9977,completed,81532.89,50444.41,-1.3999,6.54,0.0000,0.1430,0.3077,0.3861,1.1348,4.2027,7.6744,8.0143,,
48.3555,7,7,27.7507,76.1057,completed,81532.89,50444.41,-1.3999,6.54,0.0000,0.1674,0.3584,0.9036,3.6339,6.8889,8.7647,,,
35.8680,9,9,40.4481,76.3162,completed,81533.18,50442.69,-1.3986,6.83,0.0000,0.0422,0.1432,0.1983,0.9172,3.3481,6.8880,7.9426,6.3674,
26.1371,10,10,34.2654,60.4024,completed,81533.18,50442.69,-1.3986,6.83,0.0000,0.0953,0.2721,0.5234,1.9613,0.8095,3.2584,5.7794,7.0553,6.0528
50.4413,7,7,26.8890,77.3300,completed,81533.50,50440.82,-1.3979,7.09,0.0000,0.0406,0.1121,0.6862,3.8346,7.6980,9.0520,,,
49.8443,7,7,24.3990,74.2430,completed,81533.50,50440.82,-1.3979,7.09,0.0000,0.1950,0.5659,1.8855,2.4649,7.1685,8.8247,,,
57.2519,6,6,25.2968,82.5479,completed,81533.87,50438.66,-1.3960,7.43,0.0000,0.3148,1.2970,2.1145,4.9343,9.7020,,,,
46.0508,7,7,27.9944,74.0444,completed,81533.87,50438.66,-1.3960,7.43,0.0000,0.1731,0.3661,0.3995,3.1300,7.4231,9.0757,,,
45.8537,8,8,35.3813,81.2344,completed,81534.27,50436.41,-1.3909,7.76,0.0000,0.1249,0.4837,2.3799,3.8479,4.7127,8.5422,7.4762,,
35.4311,9,9,46.9876,82.4186,completed,81534.27,50436.41,-1.3909,7.76,0.0000,0.0735,0.2290,0.6368,1.3858,4.2327,8.2822,8.3048,6.2710,
55.0828,6,6,24.3819,79.4640,completed,81534.65,50434.32,-1.3886,8.04,0.0000,0.3165,0.9205,1.6391,6.0316,10.0434,,,,
24.6097,10,10,45.2442,69.8532,completed,81534.65,50434.32,-1.3886,8.04,0.0000,0.2305,0.4155,0.7189,2.9307,4.0337,2.1739,5.9848,7.4550,6.3614
41.8969,8,8,33.2220,75.1180,completed,81535.09,50431.89,-1.3910,8.28,0.0000,0.1173,0.2466,1.3896,0.5625,5.2399,8.7612,8.3155,,
31.7992,10,10,36.7174,68.5165,completed,81535.09,50431.89,-1.3910,8.28,0.0000,0.1116,0.2292,0.5047,1.7894,2.1503,3.4141,7.3020,7.6953,6.2380
22.2874,10,3,12.1342,34.4213,converged,81535.51,50429.54,-1.3866,8.47,0.0000,0.0449,0.0819,,,,,,,
44.1772,8,8,35.9116,80.0886,completed,81535.51,50429.54,-1.3866,8.47,0.0000,0.1856,0.6625,3.4571,6.6159,2.5984,7.2997,7.0738,,
47.8904,7,7,25.1586,73.0487,completed,81535.85,50427.72,-1.3843,8.55,0.0000,0.0535,0.1753,1.3499,3.6372,10.2782,9.4635,,,
48.6037,7,7,28.2113,76.8143,completed,81535.85,50427.72,-1.3843,8.55,0.0000,0.1325,0.6056,2.8070,1.3332,7.8371,9.3482,,,
32.6171,10,10,45.7120,78.3291,completed,81536.30,50425.32,-1.3814,8.62,0.0000,0.0350,0.1077,0.4085,1.7257,1.7856,2.7356,6.7741,8.1213,6.8866
44.3884,8,8,27.0972,71.4852,completed,81536.30,50425.32,-1.3814,8.62,0.0000,0.0384,0.1260,0.9900,1.2985,4.1440,8.0038,8.8151,,
31.2906,10,10,42.6486,73.9387,completed,81536.75,50422.93,-1.3745,8.66,0.0000,0.0176,0.1190,0.7309,3.4358,5.6759,2.2050,6.2707,5.9671,4.7673
32.3557,10,3,12.1235,44.4785,converged,81536.75,50422.93,-1.3745,8.66,0.0000,0.0566,0.0480,,,,,,,
22.1413,10,3,16.5213,38.6623,converged,81537.15,50420.88,-1.3754,8.67,0.0000,0.0440,0.0609,,,,,,,
20.2483,10,3,12.9567,33.2047,converged,81537.15,50420.88,-1.3754,8.67,0.0000,0.0697,0.0319,,,,,,,
35.6743,9,3,13.9960,49.6701,converged,81537.47,50419.20,-1.3735,8.66,0.0000,0.0688,0.0462,,,,,,,
53.0549,6,6,22.7423,75.7963,completed,81537.47,50419.20,-1.3735,8.66,0.0000,0.0709,0.7812,2.5689,5.5210,10.2262,,,,
58.6987,5,5,23.5489,82.2470,completed,81537.86,50417.21,-1.3685,8.65,0.0000,0.0578,1.0643,2.2138,9.5448,,,,,
37.8938,9,3,9.6909,47.5839,converged,81537.86,50417.21,-1.3685,8.65,0.0000,0.0864,0.0381,,,,,,,
22.7087,10,3,15.3243,38.0324,converged,81538.32,50414.94,-1.3635,8.63,0.0000,0.1032,0.0518,,,,,,,
37.3836,9,9,31.0860,68.4690,completed,81538.32,50414.94,-1.3635,8.63,0.0000,0.2241,0.1887,0.2451,2.2535,1.2750,6.0280,8.6661,7.8542,
51.9721,7,7,32.8903,84.8623,completed,81538.73,50412.98,-1.3548,8.61,0.0000,0.2158,0.3014,3.1815,2.3350,6.6136,8.7248,,,
36.7059,9,9,34.4008,71.1059,completed,81538.73,50412.98,-1.3548,8.61,0.0000,0.3090,0.2811,0.3346,1.8510,1.3443,5.8993,8.2403,7.0192,
30.8197,10,4,12.1599,42.9789,converged,81539.29,50410.46,-1.3459,8.58,0.0000,0.1337,0.1849,0.0655,,,,,,
32.3930,10,10,38.7016,71.0946,completed,81539.29,50410.46,-1.3459,8.58,0.0000,0.3800,0.5372,0.2810,0.8272,0.9311,3.0922,5.6485,7.4369,6.8119
21.9045,10,10,41.4606,63.3647,completed,81539.76,50408.37,-1.3417,8.56,0.0000,0.1883,0.3456,0.3226,0.1806,1.0050,2.1441,5.4996,7.5966,7.2222
34.0330,9,9,37.2384,71.2704,completed,81539.76,50408.37,-1.3417,8.56,0.0000,0.5536,0.8488,0.6775,0.5303,3.6667,6.7723,8.7577,8.1719,
33.1402,10,10,35.3807,68.5208,completed,81540.23,50406.28,-1.3371,8.55,0.0000,0.1659,0.2893,0.1621,0.3458,1.1843,2.3617,6.2541,7.9352,6.9761
37.3549,9,9,39.5876,76.9416,completed,81540.23,50406.28,-1.3371,8.55,0.0000,0.4836,0.6355,0.1679,0.8742,1.3857,5.1119,8.0815,7.3322,
41.4628,8,8,28.8191,70.2811,completed,81540.77,50404.03,-1.3313,8.55,0.0000,0.1994,0.3498,0.2644,1.5566,3.1547,8.1359,8.3885,,
30.8632,10,10,34.8503,65.7133,completed,81540.77,50404.03,-1.3313,8.55,0.0000,0.3408,0.5634,0.5183,0.5202,1.7201,3.5937,5.6165,7.8358,7.5028
37.0364,9,9,38.3121,75.3481,completed,81541.29,50401.87,-1.3267,8.57,0.0000,0.2716,0.5161,0.5108,0.5797,2.0016,5.7740,8.7669,8.4663,
49.3089,7,7,32.4363,81.7444,completed,81541.29,50401.87,-1.3267,8.57,0.0000,0.9113,1.3554,1.1420,6.1345,9.8737,10.5655,,,
29.4630,10,10,44.0526,73.5156,completed,81541.92,50399.38,-1.3219,8.59,0.0000,0.0803,0.2046,0.2127,0.1742,0.7500,3.0155,7.7038,8.5773,6.7053
21.7520,10,10,36.8832,58.6352,completed,81541.92,50399.38,-1.3219,8.59,0.0000,0.3941,0.6209,0.5570,0.3676,0.8682,3.5580,6.1226,8.0040,7.9532
57.8344,6,6,25.9977,83.8317,completed,81542.49,50397.13,-1.3113,8.57,0.0000,0.0608,0.3544,1.3272,3.9857,9.5932,,,,
27.1311,10,10,37.1933,64.3243,completed,81542.49,50397.13,-1.3113,8.57,0.0000,0.3307,0.6017,0.5343,0.3252,1.4092,2.4971,6.7291,8.2200,6.7541
45.9655,8,4,14.8611,60.8261,converged,81543.08,50394.92,-1.3101,8.54,0.0000,0.2687,0.4359,0.0797,,,,,,
41.4399,8,8,36.5770,78.0160,completed,81543.08,50394.92,-1.3101,8.54,0.0000,0.3748,0.6766,0.2155,1.3894,2.8087,7.9070,8.9923,,
44.6076,8,8,38.2349,82.9017,completed,81543.69,50392.59,-1.3102,8.50,0.0000,0.0879,0.1465,0.3257,1.0991,2.6065,8.3499,8.9056,,
33.4517,10,10,38.3528,71.8039,completed,81543.69,50392.59,-1.3102,8.50,0.0000,0.2027,0.3283,0.1996,0.3412,0.4518,2.6876,6.7799,8.2400,6.9961
50.1025,7,7,29.8528,79.9548,completed,81544.34,50390.13,-1.3104,8.49,0.0000,0.0588,0.1157,1.3208,0.9536,6.3579,9.6547,,,
47.0134,7,3,9.9176,56.9307,converged,81544.34,50390.13,-1.3104,8.49,0.0000,0.1746,0.0727,,,,,,,
47.0500,7,3,10.7630,57.8130,converged,81544.85,50388.21,-1.3099,8.50,0.0000,0.0606,0.0970,,,,,,,
41.5240,8,8,38.8951,80.4191,completed,81544.85,50388.21,-1.3099,8.50,0.0000,0.2622,0.2904,0.6528,0.8689,2.6130,7.8640,9.2874,,
29.7161,10,4,21.9395,51.6555,converged,81545.47,50385.85,-1.3161,8.56,0.0000,0.1200,0.1842,0.0640,,,,,,
43.8857,8,8,40.8306,84.7156,completed,81545.47,50385.85,-1.3161,8.56,0.0000,0.2801,0.2360,1.1554,1.4648,3.1604,8.0223,9.2526,,
39.6232,9,9,47.5973,87.2204,completed,81546.03,50383.70,-1.3142,8.59,0.0000,0.2004,0.2172,0.2944,0.6850,1.5769,5.0477,8.7970,8.2714,
52.0019,6,6,23.9896,75.9906,completed,81546.03,50383.70,-1.3142,8.59,0.0000,0.4375,0.3693,1.8826,5.2333,10.4182,,,,
39.6656,9,3,16.4426,56.1076,converged,81546.67,50381.20,-1.3189,8.60,0.0000,0.2121,0.0885,,,,,,,
45.1741,8,8,30.4580,75.6320,completed,81546.67,50381.20,-1.3189,8.60,0.0000,0.3591,0.1684,0.9547,1.0969,3.6068,8.1779,9.4001,,
44.2345,8,8,31.6638,75.8978,completed,81547.17,50379.21,-1.3229,8.58,0.0000,0.4043,0.2464,0.5358,0.6636,3.4083,8.5093,9.3532,,
20.4281,10,10,40.5323,60.9604,completed,81547.17,50379.21,-1.3229,8.58,0.0000,0.1571,0.1416,0.9558,0.9871,2.4400,2.4105,5.8788,8.2910,6.8734
40.3115,8,8,35.1236,75.4346,completed,81547.75,50376.89,-1.3245,8.53,0.0000,0.2175,0.1854,0.4201,0.8698,3.7873,9.7680,8.7288,,
55.5708,6,6,20.9720,76.5421,completed,81547.75,50376.89,-1.3245,8.53,0.0000,0.2822,2.0333,0.8545,6.1321,9.9561,,,,
44.2131,8,3,10.0225,54.2356,converged,81548.26,50374.83,-1.3309,8.49,0.0000,0.2230,0.0577,,,,,,,
36.4207,9,9,44.5824,81.1305,completed,81548.26,50374.83,-1.3309,8.49,0.0000,0.1559,0.2697,2.1003,1.8194,2.3437,4.8462,8.4406,7.0758,
44.7030,8,8,29.6432,74.3463,completed,81548.80,50372.61,-1.3364,8.44,0.0000,0.2935,0.2165,0.5115,1.0550,3.0254,9.1393,9.0888,,
58.4152,5,5,24.9957,83.4107,completed,81548.80,50372.61,-1.3364,8.44,0.0000,0.3382,0.8924,3.1522,9.6899,,,,,
38.5083,9,9,31.6286,70.1367,completed,81549.37,50370.16,-1.3420,8.41,0.0000,0.2856,0.2505,0.1231,0.7670,1.9153,5.4958,9.6820,8.5953,
29.7977,10,10,37.0788,66.8758,completed,81549.37,50370.16,-1.3420,8.41,0.0000,0.1472,0.1320,0.4614,1.0861,1.6195,2.4372,6.5962,8.5230,7.0419
28.8360,10,10,59.3910,88.2271,completed,81549.86,50368.01,-1.3479,8.41,0.0000,0.0626,0.1953,0.6020,0.8313,1.0878,2.0007,5.6420,8.6309,7.2872
35.0082,9,9,32.8311,67.8391,completed,81549.86,50368.01,-1.3479,8.41,0.0000,0.0393,0.4088,0.4610,1.6679,1.7263,4.1009,8.6503,7.6011,
29.6239,10,4,14.6882,44.3112,converged,81550.41,50365.55,-1.3532,8.43,0.0000,0.4521,0.2566,0.0332,,,,,,
29.0736,10,10,41.3225,70.3956,completed,81550.41,50365.55,-1.3532,8.43,0.0000,0.2508,0.2362,1.1438,0.9175,2.9954,2.6839,6.0747,8.3817,7.1561
50.6268,7,7,35.8865,86.5126,completed,81550.89,50363.32,-1.3579,8.44,0.0000,0.4712,0.1236,0.9341,2.9781,9.5243,10.3565,,,
32.8576,10,3,10.5168,43.3739,converged,81550.89,50363.32,-1.3579,8.44,0.0000,0.2395,0.0890,,,,,,,
49.8642,7,7,31.6070,81.4710,completed,81551.36,50361.12,-1.3633,8.44,0.0000,0.3123,0.8992,1.4384,3.4061,7.9834,9.8533,,,
32.2783,10,3,10.5463,42.8244,converged,81551.36,50361.12,-1.3633,8.44,0.0000,0.1858,0.0871,,,,,,,
42.6004,8,8,47.6223,90.2223,completed,81551.81,50358.95,-1.3674,8.45,0.0000,0.5517,0.2935,0.3664,0.9855,3.9602,9.8026,9.0472,,
50.2928,7,7,31.9071,82.1991,completed,81551.81,50358.95,-1.3674,8.45,0.0000,0.2450,0.3316,0.8356,2.2722,7.6343,10.5629,,,
31.8968,10,10,52.2162,84.1122,completed,81552.32,50356.47,-1.3677,8.45,0.0000,0.2704,0.1854,0.2803,0.8510,0.8745,2.1877,6.3515,8.9099,7.5711
51.0780,7,7,32.7890,83.8671,completed,81552.32,50356.47,-1.3677,8.45,0.0000,0.2679,0.1037,0.9224,1.6391,9.4879,10.3244,,,
20.9352,10,10,47.9958,68.9308,completed,81552.77,50354.23,-1.3703,8.45,0.0000,0.1878,0.1397,0.1023,0.4558,0.4783,2.3481,7.3819,8.9318,7.6208
57.6846,6,6,21.7316,79.4156,completed,81552.77,50354.23,-1.3703,8.45,0.0000,0.1955,0.2583,0.7766,3.8430,10.0689,,,,
52.7004,6,3,9.9297,62.6297,converged,81553.22,50351.99,-1.3765,8.45,0.0000,0.2429,0.0664,,,,,,,
55.8250,6,6,28.5567,84.3818,completed,81553.22,50351.99,-1.3765,8.45,0.0000,0.1347,0.2203,1.1253,5.0626,10.7641,,,,
27.7830,10,4,14.5001,42.2821,converged,81553.70,50349.53,-1.3784,8.45,0.0000,0.1444,0.1573,0.0567,,,,,,
46.5614,7,3,12.6694,59.2304,converged,81553.70,50349.53,-1.3784,8.45,0.0000,0.1569,0.0290,,,,,,,
44.8724,8,8,32.1838,77.0559,completed,81554.12,50347.35,-1.3828,8.45,0.0000,0.1845,0.1662,0.1466,0.8957,2.1857,8.5839,9.3772,,
40.0573,8,3,9.6159,49.6729,converged,81554.12,50347.35,-1.3828,8.45,0.0000,0.1149,0.0956,,,,,,,
52.0301,6,6,21.1827,73.2127,completed,81554.49,50345.37,-1.3857,8.44,0.0000,0.2643,0.1426,0.4287,5.1507,10.9715,,,,
34.8043,9,3,10.9913,45.7953,converged,81554.49,50345.37,-1.3857,8.44,0.0000,0.0896,0.0717,,,,,,,
25.6626,10,10,45.6519,71.3139,completed,81554.91,50343.19,-1.3826,8.44,0.0000,0.1518,0.1890,0.1657,0.2468,0.2538,2.0157,5.5096,8.4543,8.1333
46.3132,7,3,8.6120,54.9250,converged,81554.91,50343.19,-1.3826,8.44,0.0000,0.1126,0.0761,,,,,,,
47.4818,7,7,28.1093,75.5904,completed,81555.34,50340.95,-1.3804,8.44,0.0000,0.1845,0.1654,0.1517,0.6462,8.7975,10.4514,,,
40.7952,8,8,32.9092,73.7042,completed,81555.34,50340.95,-1.3804,8.44,0.0000,0.1199,0.1053,0.1158,0.5912,2.3921,9.7438,9.6097,,
59.7578,5,5,17.3666,77.1236,completed,81555.76,50338.73,-1.3798,8.43,0.0000,0.2558,0.2692,1.3820,10.0409,,,,,
22.8675,10,3,8.6297,31.4967,converged,81555.76,50338.73,-1.3798,8.43,0.0000,0.0924,0.0839,,,,,,,
46.3218,7,3,11.2462,57.5672,converged,81556.13,50336.80,-1.3815,8.43,0.0000,0.1639,0.0984,,,,,,,
33.9541,10,3,9.9674,43.9215,converged,81556.13,50336.80,-1.3815,8.43,0.0000,0.0835,0.0803,,,,,,,
53.0671,6,3,18.5712,71.6382,converged,81556.49,50334.89,-1.3845,8.43,0.0000,0.1835,0.0837,,,,,,,
32.2199,10,3,13.3073,45.5263,converged,81556.49,50334.89,-1.3845,8.43,0.0000,0.0868,0.0769,,,,,,,
20.3219,10,3,10.8175,31.1386,converged,81556.89,50332.78,-1.3836,8.43,0.0000,0.0803,0.0781,,,,,,,
51.4052,7,3,9.7106,61.1157,converged,81556.89,50332.78,-1.3836,8.43,0.0000,0.1233,0.0388,,,,,,,
56.5354,6,6,23.0042,79.5392,completed,81557.22,50331.00,-1.3837,8.43,0.0000,0.1981,0.1235,0.5888,2.9266,10.0005,,,,
32.2024,10,3,11.4690,43.6711,converged,81557.22,50331.00,-1.3837,8.43,0.0000,0.0828,0.0840,,,,,,,
26.6857,10,4,18.0458,44.7308,converged,81557.60,50328.92,-1.3851,8.43,0.0000,0.1171,0.1500,0.0939,,,,,,
55.7291,6,3,9.8229,65.5519,converged,81557.60,50328.92,-1.3851,8.43,0.0000,0.1672,0.0339,,,,,,,
30.9463,10,4,13.1707,44.1167,converged,81557.95,50327.10,-1.3819,8.43,0.0000,0.1144,0.1384,0.0901,,,,,,
50.9905,7,3,10.5309,61.5209,converged,81557.95,50327.10,-1.3819,8.43,0.0000,0.1269,0.0340,,,,,,,
52.9243,6,3,12.9916,65.9156,converged,81558.28,50325.32,-1.3845,8.43,0.0000,0.1958,0.0953,,,,,,,
38.4721,9,3,10.9345,49.4066,converged,81558.28,50325.32,-1.3845,8.43,0.0000,0.0875,0.0617,,,,,,,
30.0436,10,4,16.2324,46.2754,converged,81558.72,50322.96,-1.3861,8.43,0.0000,0.1080,0.1186,0.0333,,,,,,
24.8630,10,3,15.3579,40.2199,converged,81558.72,50322.96,-1.3861,8.43,0.0000,0.0670,0.0643,,,,,,,
40.2368,8,4,13.6983,53.9343,converged,81559.05,50321.19,-1.3852,8.44,0.0000,0.1340,0.1484,0.0772,,,,,,
37.1559,9,3,9.3666,46.5216,converged,81559.05,50321.19,-1.3852,8.44,0.0000,0.0517,0.0100,,,,,,,
44.1526,8,3,13.1641,57.3161,converged,81559.38,50319.40,-1.3873,8.43,0.0000,0.1071,0.0867,,,,,,,
29.2090,10,3,11.2244,40.4324,converged,81559.38,50319.40,-1.3873,8.43,0.0000,0.0674,0.0747,,,,,,,
49.4346,7,4,14.5717,64.0058,converged,81559.78,50317.18,-1.3883,8.41,0.0000,0.1430,0.1089,0.0907,,,,,,
34.8357,9,3,8.7845,43.6196,converged,81559.78,50317.18,-1.3883,8.41,0.0000,0.0606,0.0718,,,,,,,
29.3036,10,4,13.1457,42.4488,converged,81560.13,50315.27,-1.3895,8.36,0.0000,0.1016,0.1314,0.0470,,,,,,
53.4907,6,6,29.0645,82.5546,completed,81560.13,50315.27,-1.3895,8.36,0.0000,0.1260,0.1070,0.3330,1.7965,7.7132,,,,
27.3728,10,4,20.4926,47.8646,converged,81560.53,50313.06,-1.3925,8.31,0.0000,0.1218,0.1645,0.0887,,,,,,
41.1989,8,4,14.1939,55.3920,converged,81560.53,50313.06,-1.3925,8.31,0.0000,0.1129,0.1325,0.0713,,,,,,
45.2692,8,3,10.3359,55.6049,converged,81560.84,50311.30,-1.3944,8.29,0.0000,0.1002,0.0684,,,,,,,
55.7433,6,6,31.7823,87.5253,completed,81560.84,50311.30,-1.3944,8.29,0.0000,0.0601,0.2063,0.4977,1.7776,7.9915,,,,
56.0229,6,3,10.9144,66.9364,converged,81561.24,50309.00,-1.3956,8.21,0.0000,0.1479,0.0650,,,,,,,
22.2573,10,4,16.0641,38.3211,converged,81561.24,50309.00,-1.3956,8.21,0.0000,0.0694,0.1106,0.0954,,,,,,
26.6766,10,10,40.7203,67.3963,completed,81561.57,50307.12,-1.3938,8.14,0.0000,0.1276,0.1633,0.1055,0.1003,0.5394,1.5520,7.6297,9.1337,7.2903
22.0350,10,4,13.5830,35.6170,converged,81561.57,50307.12,-1.3938,8.14,0.0000,0.1132,0.1481,0.0593,,,,,,
57.8129,6,3,11.5576,69.3697,converged,81561.89,50305.29,-1.3957,8.10,0.0000,0.1836,0.0582,,,,,,,
54.4346,6,3,11.7086,66.1426,converged,81561.89,50305.29,-1.3957,8.10,0.0000,0.1897,0.0691,,,,,,,
33.9306,10,4,12.6270,46.5570,converged,81562.27,50303.15,-1.3932,8.05,0.0000,0.1368,0.1575,0.0917,,,,,,
37.3598,9,4,15.4799,52.8389,converged,81562.27,50303.15,-1.3932,8.05,0.0000,0.1566,0.1767,0.0849,,,,,,
30.0255,10,10,38.3612,68.3862,completed,81562.62,50301.17,-1.3929,8.01,0.0000,0.1832,0.2157,0.2025,0.1422,0.5468,0.8904,2.6498,6.1528,8.2183
34.3257,9,4,14.2625,48.5875,converged,81562.62,50301.17,-1.3929,8.01,0.0000,0.1897,0.1796,0.0981,,,,,,
21.1442,10,10,38.8249,59.9690,completed,81562.97,50299.21,-1.3939,7.94,0.0000,1.1164,1.0402,1.7229,2.7433,0.9458,0.9834,2.4326,5.9938,7.9954
25.2291,10,10,40.7961,66.0251,completed,81562.97,50299.21,-1.3939,7.94,0.0000,0.2020,0.2522,0.1341,0.3504,0.5089,1.0693,2.8203,6.7392,8.0872
28.5791,10,10,37.7386,66.3176,completed,81563.35,50297.11,-1.3896,7.86,0.0000,0.1538,0.2321,0.2760,0.1104,0.4929,0.6831,2.4448,5.9113,7.7218
39.4706,9,4,17.3217,56.7917,converged,81563.35,50297.11,-1.3896,7.86,0.0000,0.1714,0.1659,0.0481,,,,,,
22.9844,10,10,38.3457,61.3298,completed,81563.67,50295.33,-1.3883,7.86,0.0000,0.2581,0.1665,0.2193,0.7979,1.0823,0.8417,2.3981,5.4534,7.3994
37.1077,9,9,41.7174,78.8244,completed,81563.67,50295.33,-1.3883,7.86,0.0000,0.2258,0.2658,0.1420,0.4815,0.3759,1.5144,4.4515,7.4860,
55.7061,6,6,22.6857,78.3917,completed,81564.05,50293.25,-1.3881,7.86,0.0000,1.0056,1.2407,5.6421,8.2315,9.4016,,,,
44.4365,8,8,28.1417,72.5777,completed,81564.05,50293.25,-1.3881,7.86,0.0000,0.2115,0.1072,0.4605,0.7906,1.1190,3.5474,6.6676,,
42.9801,8,8,27.3098,70.2898,completed,81564.45,50291.08,-1.3864,7.89,0.0000,1.1945,0.6901,1.8394,1.2768,0.5421,3.3402,6.6335,,
26.7734,10,10,43.1568,69.9298,completed,81564.45,50291.08,-1.3864,7.89,0.0000,0.1206,0.1303,0.2219,0.1784,0.4642,0.5456,1.2617,3.6347,5.9085
39.9041,9,9,37.1059,77.0100,completed,81564.81,50289.13,-1.3872,8.00,0.0000,2.0319,2.4234,3.4393,1.4752,0.5428,1.4773,5.0032,7.2869,
39.3339,9,9,30.2523,69.5853,completed,81564.81,50289.13,-1.3872,8.00,0.0000,0.1227,0.1582,0.3845,0.5745,0.3944,0.7313,3.0569,5.7227,
58.2998,5,5,27.5564,85.8554,completed,81565.25,50286.76,-1.3852,8.05,0.0000,25.3601,38.7674,18.9246,14.2980,,,,,
36.1869,9,9,40.1090,76.2950,completed,81565.25,50286.76,-1.3852,8.05,0.0000,0.0781,0.2081,0.5766,0.4075,0.4650,0.6460,3.2176,5.8996,
53.0150,6,6,30.2600,83.2741,completed,81565.69,50284.38,-1.3836,7.98,0.0000,3.5523,0.3797,3.1404,6.6750,9.2477,,,,
20.7884,10,10,42.6627,63.4507,completed,81565.69,50284.38,-1.3836,7.98,0.0000,0.9591,3.3235,6.4338,11.0940,23.2271,8.1875,7.6349,7.0086,5.6189
24.6833,10,10,43.2257,67.9088,completed,81566.08,50282.30,-1.3855,7.80,0.0000,6.8034,2.4234,0.3167,2.8346,5.4961,5.6057,6.4732,6.4123,5.4264
41.5178,8,8,38.2392,79.7562,completed,81566.08,50282.30,-1.3855,7.80,0.0000,0.0906,0.1942,0.3163,0.4084,0.3722,3.9523,6.2422,,
30.7783,10,10,61.4387,92.2167,completed,81566.44,50280.32,-1.3853,7.62,0.0000,23.3620,21.4322,16.0816,1.3553,5.4934,5.5860,6.3225,6.0467,4.9273
49.8013,7,7,29.1122,78.9133,completed,81566.44,50280.32,-1.3853,7.62,0.0000,0.0360,0.3767,0.1906,0.7632,1.0942,4.5829,,,
29.8130,10,10,37.9216,67.7346,completed,81566.85,50278.11,-1.3874,7.37,0.0000,0.3146,0.2281,0.4544,0.5748,2.1616,4.1281,6.5518,6.7013,5.8397
49.9940,7,7,25.0351,75.0291,completed,81566.85,50278.11,-1.3874,7.37,0.0000,0.2086,0.7757,0.5228,0.7154,1.9695,5.1435,,,
42.2206,8,8,42.6835,84.9035,completed,81567.20,50276.20,-1.3885,7.01,0.0000,0.3572,0.7176,1.0815,3.0102,5.7079,7.6353,6.9440,,
41.4701,8,8,28.8990,70.3690,completed,81567.20,50276.20,-1.3885,7.01,0.0000,8.0917,14.8613,50.8664,10.7771,9.3487,8.5753,6.8483,,
55.7184,6,6,21.4019,77.1199,completed,81567.53,50274.40,-1.3898,6.53,0.0000,1.2633,1.2959,0.9736,4.8046,8.7860,,,,
42.4650,8,8,32.0137,74.4787,completed,81567.53,50274.40,-1.3898,6.53,0.0000,19.8578,2.4280,32.1789,1.9902,0.9037,2.0242,3.7640,,
43.9732,8,8,27.3373,71.3103,completed,81567.86,50272.57,-1.3911,6.05,0.0000,0.6898,0.5570,0.9698,2.4857,6.0405,7.6062,6.5450,,
51.7607,7,7,28.9576,80.7177,completed,81567.86,50272.57,-1.3911,6.05,0.0000,3.7135,0.9387,3.6579,6.9572,8.5876,7.2630,,,
57.9278,6,6,26.9038,84.8308,completed,81568.13,50271.04,-1.3917,5.59,0.0000,1.4142,1.1628,4.0877,8.3379,9.0080,,,,
28.6042,10,10,42.5181,71.1221,completed,81568.13,50271.04,-1.3917,5.59,0.0000,1.1080,0.8473,1.2634,0.5219,2.8018,4.9462,6.1362,6.2567,5.1462
42.9933,8,8,36.5679,79.5610,completed,81568.39,50269.64,-1.3929,5.17,0.0000,10.0113,4.3785,1.9164,2.5218,6.1234,7.7461,6.9963,,
31.3502,10,10,36.2684,67.6185,completed,81568.39,50269.64,-1.3929,5.17,0.0000,1.3032,1.3470,0.2014,2.2689,3.8108,5.3762,6.7541,6.4781,5.4404
45.5861,8,8,35.7246,81.3106,completed,81568.65,50268.18,-1.3908,4.85,0.0000,11.2387,13.7489,4.4967,0.3741,4.8041,7.7110,7.2898,,
43.5189,8,8,27.9742,71.4923,completed,81568.65,50268.18,-1.3908,4.85,0.0000,1.3498,0.7671,0.1835,3.2381,6.5359,7.6322,7.2979,,
32.4064,10,10,33.2514,65.6575,completed,81568.90,50266.77,-1.3890,4.72,0.0000,5.2025,4.4561,1.8807,2.9074,0.3738,4.6753,6.4312,6.4030,5.3785
30.1586,10,10,42.0857,72.2437,completed,81568.90,50266.77,-1.3890,4.72,0.0000,6.9163,6.5888,2.1877,1.4004,0.7198,4.8108,6.5670,6.1955,5.0465
58.1589,5,5,19.1749,77.3329,completed,81569.14,50265.53,-1.3875,4.76,0.0000,6.0421,4.0943,6.7454,11.3871,,,,,
56.9394,6,6,22.9969,79.9359,completed,81569.14,50265.53,-1.3875,4.76,0.0000,1.8623,3.3469,9.8691,13.3279,11.9059,,,,
26.6174,10,10,34.6697,61.2867,completed,81569.38,50264.19,-1.3917,4.94,0.0000,0.4540,0.6306,0.7425,0.4985,0.4872,5.0174,5.0995,7.6543,8.0178
54.0611,6,6,20.1437,74.2047,completed,81569.38,50264.19,-1.3917,4.94,0.0000,0.7502,0.7935,1.7575,4.9812,7.7894,,,,
51.5312,7,7,43.7720,95.3030,completed,81569.61,50262.95,-1.3942,5.16,0.0000,0.3922,0.1788,2.3753,3.5052,7.1636,8.1984,,,
57.9850,6,3,9.8980,67.8821,converged,81569.61,50262.95,-1.3942,5.16,0.0000,0.4426,0.0836,,,,,,,
28.9178,10,10,40.6444,69.5614,completed,81569.87,50261.47,-1.3935,5.34,0.0000,0.2320,0.3393,0.2686,0.1104,0.8118,4.7472,6.3238,7.8461,7.0941
28.4164,10,10,40.5736,68.9896,completed,81569.87,50261.47,-1.3935,5.34,0.0000,0.1784,0.2112,0.1273,1.6201,2.6020,1.4981,3.1099,3.5170,3.8198
23.0981,10,4,13.9755,37.0735,converged,81570.13,50260.07,-1.3894,5.37,0.0000,0.0968,0.1342,0.0771,,,,,,
34.2487,9,9,29.8703,64.1184,completed,81570.13,50260.07,-1.3894,5.37,0.0000,0.3180,0.4983,0.2624,1.4793,0.4039,4.5740,6.1546,5.8986,
31.5906,10,3,12.1171,43.7071,converged,81570.36,50258.77,-1.3913,5.24,0.0000,0.0271,0.0586,,,,,,,
31.2677,10,10,35.1020,66.3691,completed,81570.36,50258.77,-1.3913,5.24,0.0000,0.2691,0.4296,0.3870,0.7030,1.6782,0.5856,3.7579,3.8502,3.5889
47.1247,7,3,12.4961,59.6202,converged,81570.59,50257.51,-1.3958,5.02,0.0000,0.0634,0.0864,,,,,,,
42.8035,8,8,27.8819,70.6850,completed,81570.59,50257.51,-1.3958,5.02,0.0000,0.2883,0.3950,0.4375,1.9454,1.3967,2.1733,2.4459,,
26.7517,10,10,36.4710,63.2220,completed,81570.80,50256.31,-1.3968,4.71,0.0000,0.0619,0.2265,0.3157,0.2136,1.6660,2.7908,4.8398,6.4436,6.1158
50.9993,7,7,39.3114,90.3105,completed,81570.80,50256.31,-1.3968,4.71,0.0000,0.4043,0.4835,1.1630,0.5639,0.8710,2.5346,,,
31.3042,10,3,8.8347,40.1387,converged,81571.00,50255.12,-1.4026,4.28,0.0000,0.0250,0.0841,,,,,,,
55.1333,6,6,25.4559,80.5890,completed,81571.00,50255.12,-1.4026,4.28,0.0000,0.4618,0.1135,2.6176,1.1833,1.9556,,,,
52.2411,6,6,32.4792,84.7202,completed,81571.17,50254.08,-1.4118,3.79,0.0000,0.5310,0.7618,2.2554,4.2763,7.5334,,,,
26.0720,10,4,12.4973,38.5684,converged,81571.17,50254.08,-1.4118,3.79,0.0000,0.0413,0.1524,0.0552,,,,,,
43.9312,8,8,29.4623,73.3933,completed,81571.30,50253.26,-1.4138,3.39,0.0000,0.7834,0.9931,1.7249,2.5619,8.3529,8.6697,7.1567,,
39.5539,9,3,9.6025,49.1555,converged,81571.30,50253.26,-1.4138,3.39,0.0000,0.0873,0.0910,,,,,,,
28.2625,10,10,39.3764,67.6384,completed,81571.41,50252.54,-1.4253,2.99,0.0000,0.5619,0.4740,1.7769,14.1504,10.1009,0.8344,1.8389,4.1095,5.0737
40.8176,8,8,28.5342,69.3512,completed,81571.41,50252.54,-1.4253,2.99,0.0000,0.0649,0.3600,0.2346,1.6276,3.8068,5.2435,6.4548,,
56.6849,6,6,24.1550,80.8390,completed,81571.54,50251.71,-1.4248,2.66,0.0000,0.9708,1.3443,16.2639,1.1438,4.4908,,,,
34.0656,9,3,11.4067,45.4718,converged,81571.54,50251.71,-1.4248,2.66,0.0000,0.1540,0.0769,,,,,,,
55.2777,6,6,27.3873,82.6643,completed,81571.63,50251.08,-1.4202,2.52,0.0000,1.4009,0.8499,4.1844,4.4178,8.6634,,,,
59.3303,5,5,23.0110,82.3410,completed,81571.63,50251.08,-1.4202,2.52,0.0000,0.8281,2.4239,0.8419,6.0327,,,,,
27.6525,10,10,45.9900,73.6420,completed,81571.75,50250.34,-1.4103,2.49,0.0000,0.4696,0.4238,0.4933,3.3540,8.3149,3.3406,5.4659,5.4162,4.5122
47.2239,7,7,33.9065,81.1296,completed,81571.75,50250.34,-1.4103,2.49,0.0000,0.1059,1.7951,6.7357,3.9511,1.1793,1.9006,,,
55.1392,6,6,28.9776,84.1166,completed,81571.85,50249.74,-1.4066,2.39,0.0000,0.7124,1.1424,7.6437,4.4575,6.8942,,,,
20.4224,10,10,48.7110,69.1330,completed,81571.85,50249.74,-1.4066,2.39,0.0000,0.4611,0.7283,0.3015,3.4239,3.3225,2.6516,3.2192,3.6336,3.5766
46.5693,7,7,31.7544,78.3235,completed,81571.96,50249.06,-1.4088,2.24,0.0000,0.3977,0.3153,6.2982,1.4314,3.4620,5.7176,,,
51.4717,7,7,38.6889,90.1599,completed,81571.96,50249.06,-1.4088,2.24,0.0000,0.6792,0.1656,6.4138,5.1984,0.4292,1.2578,,,
36.3555,9,9,32.2148,68.5698,completed,81572.06,50248.49,-1.4148,2.10,0.0000,0.3177,0.7276,0.6759,0.9934,3.2979,5.0652,6.7041,6.8714,
48.5564,7,7,27.5733,76.1295,completed,81572.06,50248.49,-1.4148,2.10,0.0000,0.2569,2.1265,6.8876,3.9946,0.7052,0.2405,,,
38.2006,9,9,32.6157,70.8157,completed,81572.14,50247.92,-1.4175,2.00,0.0000,0.2828,0.4289,0.2103,0.9046,1.4358,3.7430,5.3476,4.7093,
57.3826,6,6,31.3982,88.7802,completed,81572.14,50247.92,-1.4175,2.00,0.0000,0.3128,0.7534,9.0016,2.0310,0.8810,,,,
57.5545,6,6,36.8405,94.3945,completed,81572.23,50247.36,-1.4159,1.83,0.0000,0.4535,0.1050,1.4486,2.3110,5.6121,,,,
27.2063,10,10,40.3985,67.6045,completed,81572.23,50247.36,-1.4159,1.83,0.0000,0.5150,0.8255,0.1176,2.2594,4.0702,1.3271,1.9174,2.6236,2.9494
20.7362,10,10,52.9593,73.6953,completed,81572.32,50246.83,-1.4107,1.74,0.0000,0.2494,0.2690,0.6034,2.7884,3.4471,2.1265,2.0565,3.5404,3.5481
21.7848,10,10,42.3314,64.1154,completed,81572.32,50246.83,-1.4107,1.74,0.0000,0.4737,0.6872,0.2872,3.5861,5.9672,2.7861,0.2744,1.3770,1.6241
30.8015,10,10,39.2836,70.0847,completed,81572.38,50246.43,-1.4143,1.69,0.0000,0.3388,0.6517,0.5307,0.3252,0.4369,1.2689,3.3949,4.9817,5.3131
55.6267,6,6,25.0862,80.7122,completed,81572.38,50246.43,-1.4143,1.69,0.0000,1.2919,2.7512,1.0053,4.7215,4.7131,,,,
54.4714,6,6,22.9629,77.4340,completed,81572.47,50245.93,-1.4120,1.52,0.0000,0.4840,0.2942,1.4214,2.4435,5.4134,,,,
23.3626,10,10,55.3289,78.6909,completed,81572.47,50245.93,-1.4120,1.52,0.0000,0.6405,1.3173,1.6453,1.0418,4.2469,2.3170,3.6618,4.3269,4.0776
49.6770,7,7,26.7620,76.4390,completed,81572.53,50245.54,-1.4163,1.47,0.0000,0.6832,1.0366,0.2873,2.0403,5.3823,6.7915,,,
37.7177,9,9,33.4984,71.2154,completed,81572.53,50245.54,-1.4163,1.47,0.0000,0.4632,0.7279,0.2494,2.5307,2.5438,1.7457,3.9899,3.8228,
45.7337,8,8,33.7990,79.5320,completed,81572.59,50245.14,-1.4148,1.48,0.0000,0.8350,0.9750,0.3354,1.2125,4.4846,7.4238,6.0398,,
24.5608,10,3,12.2955,36.8555,converged,81572.59,50245.14,-1.4148,1.48,0.0000,0.1348,0.0285,,,,,,,
45.0903,8,8,29.3159,74.4059,completed,81572.65,50244.82,-1.4155,1.48,0.0000,0.9999,1.6014,0.9299,1.6715,3.4378,6.5091,6.0586,,
40.1272,8,8,28.4381,68.5652,completed,81572.65,50244.82,-1.4155,1.48,0.0000,1.0286,2.3772,3.4824,4.1417,4.4145,6.6418,6.7518,,
26.3993,10,10,53.6460,80.0451,completed,81572.71,50244.45,-1.4160,1.46,0.0000,0.7016,0.9128,0.4167,1.1600,0.9489,1.9405,4.1176,5.2449,4.9864
34.8921,9,9,32.0893,66.9813,completed,81572.71,50244.45,-1.4160,1.46,0.0000,0.7590,1.3611,0.8778,0.8161,1.3495,2.2100,4.5597,4.7474,
38.6128,9,9,35.0385,73.6506,completed,81572.77,50244.06,-1.4149,1.48,0.0000,0.6246,0.8447,0.1631,1.3540,1.1650,2.6337,4.9666,5.6058,
48.9974,7,7,27.9782,76.9753,completed,81572.77,50244.06,-1.4149,1.48,0.0000,0.6308,0.1569,3.2171,2.8665,2.6351,4.0770,,,
57.3100,6,6,29.8256,87.1357,completed,81572.84,50243.60,-1.4121,1.64,0.0000,0.8474,0.9581,0.6578,4.4185,7.5655,,,,
52.5571,6,6,27.0382,79.5953,completed,81572.84,50243.60,-1.4121,1.64,0.0000,0.1762,2.8440,4.6498,5.7265,8.0666,,,,
57.1372,6,6,24.3618,81.4988,completed,81572.93,50243.08,-1.4118,1.85,0.0000,1.0520,2.1262,7.3351,1.6235,3.2259,,,,
30.4915,10,10,45.4492,75.9402,completed,81572.93,50243.08,-1.4118,1.85,0.0000,0.7509,0.8161,0.3036,2.4631,2.9017,2.1114,1.8028,3.1417,3.2788
55.3394,6,6,21.9576,77.2967,completed,81573.02,50242.57,-1.4125,2.01,0.0000,1.0592,1.0287,0.2917,4.1158,7.3253,,,,
51.6633,7,7,25.8013,77.4644,completed,81573.02,50242.57,-1.4125,2.01,0.0000,1.3663,1.3180,1.5301,1.6091,0.8016,3.7024,,,
36.6911,9,9,39.2110,75.9020,completed,81573.11,50241.99,-1.4073,2.16,0.0000,0.5341,0.6964,0.2527,1.4187,0.9598,4.2533,6.3448,6.1512,
39.4321,9,9,32.0473,71.4794,completed,81573.11,50241.99,-1.4073,2.16,0.0000,0.4364,0.7276,0.5130,0.6933,1.0874,3.1093,5.5354,5.2172,
25.1279,10,10,37.9553,63.0824,completed,81573.21,50241.44,-1.4038,2.33,0.0000,0.2708,0.3786,0.2118,0.4805,0.7262,2.7051,4.9766,6.2998,5.8140
56.0756,6,6,21.3473,77.4224,completed,81573.21,50241.44,-1.4038,2.33,0.0000,1.1540,1.5754,2.5610,5.8663,6.8393,,,,
21.5001,10,10,33.4287,54.9287,completed,81573.32,50240.79,-1.4031,2.49,0.0000,0.1377,0.3047,1.2477,4.8977,8.3508,2.6448,1.8740,3.7803,4.6920
41.4698,8,8,39.9336,81.4026,completed,81573.32,50240.79,-1.4031,2.49,0.0000,0.2518,0.2059,0.9794,1.1154,2.8266,5.6463,6.3102,,
39.3407,9,9,32.4266,71.7667,completed,81573.45,50240.08,-1.4014,2.70,0.0000,0.8876,1.4699,3.3160,6.7539,2.7492,2.4857,5.4169,5.4636,
34.1737,9,9,31.0348,65.2078,completed,81573.45,50240.08,-1.4014,2.70,0.0000,0.1745,0.1166,0.2964,1.8507,1.1747,3.7633,6.1427,5.8791,
26.4434,10,10,37.8669,64.3099,completed,81573.58,50239.29,-1.3995,3.03,0.0000,0.9599,1.5774,2.7799,5.3784,5.1892,2.9780,5.2132,5.2352,4.4945
57.2079,6,6,21.6344,78.8414,completed,81573.58,50239.29,-1.3995,3.03,0.0000,1.1774,1.0696,5.0831,3.3887,6.9806,,,,
40.2279,8,8,27.8480,68.0750,completed,81573.73,50238.44,-1.3980,3.32,0.0000,0.6860,0.7561,2.4375,4.2222,5.3001,7.6323,6.4589,,
26.4205,10,10,37.9570,64.3770,completed,81573.73,50238.44,-1.3980,3.32,0.0000,0.8295,0.9738,1.0245,2.0814,2.2008,3.2918,6.9442,6.1465,5.0974
59.2493,5,5,18.2130,77.4620,completed,81573.90,50237.52,-1.3962,3.57,0.0000,0.6038,1.2101,6.4757,9.3598,,,,,
43.3442,8,8,29.3661,72.7102,completed,81573.90,50237.52,-1.3962,3.57,0.0000,0.7855,1.0058,3.7549,6.4462,4.1898,7.3836,6.5899,,
50.0713,7,7,40.8433,90.9143,completed,81574.08,50236.49,-1.3960,3.80,0.0000,0.5489,0.2026,0.6122,7.0999,7.6040,7.1114,,,
53.0562,6,6,35.5618,88.6179,completed,81574.08,50236.49,-1.3960,3.80,0.0000,1.1702,1.9153,4.6721,5.6905,7.3551,,,,
32.5120,10,10,44.6702,77.1813,completed,81574.31,50235.24,-1.3946,4.07,0.0000,0.3964,0.5742,0.8070,2.0808,4.1816,5.2855,5.7315,5.6003,4.6717
36.3958,9,9,32.6475,69.0426,completed,81574.31,50235.24,-1.3946,4.07,0.0000,0.5361,0.5379,0.6940,0.2021,6.3370,6.0903,6.5009,5.5266,
38.3249,9,3,10.3015,48.6255,converged,81574.47,50234.34,-1.3955,4.28,0.0000,0.2248,0.0822,,,,,,,
27.2340,10,10,53.4043,80.6384,completed,81574.47,50234.34,-1.3955,4.28,0.0000,0.6638,0.8699,0.9969,1.6779,2.4728,5.1939,5.6276,5.9938,5.2487
33.8405,10,10,44.1052,77.9452,completed,81574.69,50233.11,-1.3944,4.51,0.0000,0.3052,0.4004,0.5264,0.2786,4.2563,3.7370,5.8667,5.7687,4.7787
48.1124,7,7,38.4136,86.5257,completed,81574.69,50233.11,-1.3944,4.51,0.0000,1.0227,1.2644,1.5290,6.5268,7.8502,7.8263,,,
26.6593,10,10,38.1819,64.8409,completed,81574.93,50231.75,-1.3972,4.64,0.0000,0.3768,0.3911,0.3286,0.1030,5.9255,4.6777,6.2400,5.8266,4.7540
35.7629,9,9,33.0834,68.8455,completed,81574.93,50231.75,-1.3972,4.64,0.0000,0.5349,0.4086,0.2425,1.2851,6.8558,6.0955,6.7741,5.9194,
24.2995,10,10,39.4368,63.7359,completed,81575.13,50230.54,-1.3996,4.72,0.0000,0.6260,0.8302,1.8648,6.1061,10.1859,2.6255,5.9208,7.0986,5.9863
52.5332,6,6,21.2898,73.8229,completed,81575.13,50230.54,-1.3996,4.72,0.0000,1.8821,2.6522,5.6490,4.1741,7.6536,,,,
31.0464,10,10,33.1517,64.1978,completed,81575.35,50229.26,-1.4016,4.84,0.0000,0.0549,0.3682,0.9788,2.6318,5.8680,5.1194,6.5206,5.7569,4.5541
51.9505,7,7,37.7364,89.6864,completed,81575.35,50229.26,-1.4016,4.84,0.0000,0.2587,0.6017,4.8444,3.0992,6.9945,7.5416,,,
57.3130,6,6,23.2912,80.6033,completed,81575.57,50227.94,-1.3987,5.08,0.0000,0.2726,0.1243,6.1653,8.3312,9.2761,,,,
52.7596,6,6,25.0295,77.7885,completed,81575.57,50227.94,-1.3987,5.08,0.0000,0.2733,0.2820,2.2123,7.2071,9.5468,,,,
59.5823,5,5,24.3843,83.9664,completed,81575.84,50226.37,-1.3978,5.43,0.0000,0.5180,0.7855,6.8454,10.8133,,,,,
27.7648,10,10,40.7262,68.4902,completed,81575.84,50226.37,-1.3978,5.43,0.0000,0.0352,0.2552,0.9347,2.6648,6.0199,5.1357,6.8045,6.1612,4.9730
49.5889,7,7,30.0062,79.5942,completed,81576.11,50224.87,-1.3939,5.73,0.0000,0.1950,0.3197,2.9823,5.7506,8.3388,8.9386,,,
29.5579,10,10,35.1928,64.7498,completed,81576.11,50224.87,-1.3939,5.73,0.0000,0.0660,0.2747,0.8127,2.3932,5.3524,5.0747,7.3573,6.3911,5.0578
59.5312,5,5,21.2251,80.7562,completed,81576.36,50223.46,-1.3918,5.98,0.0000,0.5524,1.4938,5.9734,10.7103,,,,,
28.3145,10,10,45.2693,73.5834,completed,81576.36,50223.46,-1.3918,5.98,0.0000,0.2514,0.2658,0.3952,1.5893,1.8212,5.1651,6.7992,7.6174,6.3686
53.8245,6,6,23.8931,77.7171,completed,81576.67,50221.73,-1.3920,6.29,0.0000,0.6466,0.1287,4.1681,7.4189,10.0964,,,,
52.8218,6,6,28.2888,81.1098,completed,81576.67,50221.73,-1.3920,6.29,0.0000,0.3452,0.4854,5.1105,8.2721,10.2868,,,,
49.6016,7,7,26.9340,76.5350,completed,81577.01,50219.81,-1.3882,6.61,0.0000,0.7821,0.5470,1.8217,4.0358,8.9545,8.9793,,,
24.5027,10,10,36.0223,60.5243,completed,81577.01,50219.81,-1.3882,6.61,0.0000,0.4684,0.4217,0.3196,0.9253,2.0908,5.7819,7.3677,6.8708,5.4956
42.2600,8,8,31.4512,73.7113,completed,81577.33,50218.08,-1.3884,6.90,0.0000,0.4988,0.3313,0.3067,0.8969,3.8331,8.1499,8.8068,,
39.8321,9,9,29.7197,69.5518,completed,81577.33,50218.08,-1.3884,6.90,0.0000,0.4792,0.3871,0.7804,5.2684,2.6308,5.6480,7.5111,6.6044,
58.9880,5,5,20.2665,79.2536,completed,81577.67,50216.20,-1.3899,7.19,0.0000,0.4544,2.3079,7.2451,11.7463,,,,,
35.3407,9,9,34.5653,69.9054,completed,81577.67,50216.20,-1.3899,7.19,0.0000,0.5124,0.5301,1.1414,6.2343,2.1532,5.6047,7.7236,7.0157,
48.1586,7,7,27.6713,75.8293,completed,81578.02,50214.25,-1.3888,7.48,0.0000,0.5530,0.1072,0.6854,3.0409,9.0243,9.0546,,,
53.6303,6,6,30.2771,83.9072,completed,81578.02,50214.25,-1.3888,7.48,0.0000,0.8098,0.7299,1.6698,6.5305,10.5025,,,,
32.7848,10,10,34.4119,67.1959,completed,81578.42,50211.99,-1.3908,7.80,0.0000,0.2637,0.1431,0.5008,1.8815,4.7041,7.8451,7.9430,6.8584,5.5059
36.0505,9,9,31.5901,67.6401,completed,81578.42,50211.99,-1.3908,7.80,0.0000,0.4325,0.1180,1.1064,0.8603,3.0056,7.5323,8.2707,6.9164,
20.2221,10,10,35.4015,55.6236,completed,81578.78,50209.95,-1.3931,8.08,0.0000,0.4404,0.5192,0.4606,0.8123,4.0221,3.6615,7.9152,7.4044,5.9899
53.9218,6,6,19.9989,73.9200,completed,81578.78,50209.95,-1.3931,8.08,0.0000,0.2806,2.1347,4.2514,9.1827,10.9392,,,,
32.6710,10,10,33.3684,66.0395,completed,81579.12,50208.01,-1.3951,8.29,0.0000,0.5042,0.5528,0.7586,3.7765,6.3181,2.7305,6.9826,7.3896,6.2299
20.9152,10,10,33.5336,54.4486,completed,81579.12,50208.01,-1.3951,8.29,0.0000,0.5318,0.2927,0.1678,0.1771,0.4543,4.2499,7.3435,7.4320,6.1615
40.8481,8,8,29.9631,70.8111,completed,81579.50,50205.86,-1.3926,8.43,0.0000,0.7235,0.1597,2.6867,11.0103,10.6751,9.4935,7.9861,,
53.6700,6,6,23.1487,76.8188,completed,81579.50,50205.86,-1.3926,8.43,0.0000,1.0091,0.2316,1.5147,8.8365,11.0399,,,,
58.1294,5,5,20.8312,78.9602,completed,81579.89,50203.59,-1.3921,8.56,0.0000,1.5701,3.1101,2.7791,10.3969,,,,,
44.8381,8,8,26.4669,71.3049,completed,81579.89,50203.59,-1.3921,8.56,0.0000,0.9975,0.6031,0.4704,3.6167,6.1636,9.2816,7.7460,,
29.4191,10,10,31.9269,61.3459,completed,81580.29,50201.31,-1.3950,8.62,0.0000,0.5778,0.4547,0.1779,2.2815,8.4471,7.5022,7.6129,7.3886,6.3465
43.2508,8,8,30.6601,73.9101,completed,81580.29,50201.31,-1.3950,8.62,0.0000,1.1340,1.3362,3.5348,3.6805,4.3476,8.9958,8.2603,,
40.2750,8,8,30.2069,70.4819,completed,81580.71,50198.92,-1.3941,8.67,0.0000,0.4107,0.6067,1.3417,0.7942,5.8740,9.3436,8.3485,,
55.8076,6,6,30.0395,85.8465,completed,81580.71,50198.92,-1.3941,8.67,0.0000,0.8737,2.2652,5.9267,6.1444,8.2478,,,,
51.9353,7,7,30.0885,82.0235,completed,81581.15,50196.35,-1.3956,8.69,0.0000,0.2729,0.6323,1.6901,2.0092,8.5186,9.4701,,,
34.2348,9,9,41.5407,75.7747,completed,81581.15,50196.35,-1.3956,8.69,0.0000,0.3621,0.3233,0.4884,2.0191,3.1847,7.3411,9.1636,7.8354,
58.8926,5,5,25.4648,84.3569,completed,81581.57,50193.95,-1.3928,8.70,0.0000,0.2381,0.2685,7.5190,12.4325,,,,,
28.9689,10,4,20.0576,49.0256,converged,81581.57,50193.95,-1.3928,8.70,0.0000,0.1825,0.1091,0.0655,,,,,,
22.0892,10,10,42.4387,64.5278,completed,81581.93,50191.89,-1.3956,8.68,0.0000,0.1950,0.3328,0.7400,0.9675,0.9448,3.7469,7.2358,7.7994,6.6138
27.8188,10,10,37.4577,65.2757,completed,81581.93,50191.89,-1.3956,8.68,0.0000,0.1616,0.3427,1.2073,2.2165,2.8728,3.0035,6.9154,7.7146,6.2578
20.6325,10,10,33.8434,54.4754,completed,81582.30,50189.77,-1.3951,8.66,0.0000,0.1360,0.2105,0.3861,0.2727,2.1265,6.6525,8.6772,7.5983,6.2636
55.6285,6,6,28.3588,83.9868,completed,81582.30,50189.77,-1.3951,8.66,0.0000,0.1040,0.4046,8.5113,12.1232,11.3157,,,,
58.0082,5,5,22.9618,80.9698,completed,81582.67,50187.64,-1.3917,8.64,0.0000,0.3405,2.0870,5.2439,11.3768,,,,,
36.2355,9,9,33.1673,69.4023,completed,81582.67,50187.64,-1.3917,8.64,0.0000,0.0617,0.2816,1.4080,3.0837,3.4776,7.8906,8.2394,6.5313,
26.0987,10,10,50.4116,76.5096,completed,81583.10,50185.25,-1.3896,8.61,0.0000,0.1851,0.4207,1.2543,2.6475,2.3889,1.5673,6.3627,7.5473,6.5334
58.2236,5,5,19.3590,77.5820,completed,81583.10,50185.25,-1.3896,8.61,0.0000,0.2055,2.2337,11.3846,13.8923,,,,,
48.4932,7,7,28.7710,77.2641,completed,81583.53,50182.88,-1.3884,8.58,0.0000,0.1575,0.7937,1.2322,3.1199,9.4911,9.5839,,,
49.1572,7,7,26.4385,75.5955,completed,81583.53,50182.88,-1.3884,8.58,0.0000,0.0661,0.3098,0.6889,2.9105,8.3679,10.3415,,,
57.8722,6,6,27.4055,85.2775,completed,81583.92,50180.72,-1.3916,8.57,0.0000,0.0696,0.5770,2.1437,10.0496,11.0619,,,,
29.7020,10,3,17.4962,47.1973,converged,81583.92,50180.72,-1.3916,8.57,0.0000,0.0700,0.0570,,,,,,,
37.8872,9,9,37.7141,75.6011,completed,81584.35,50178.34,-1.3891,8.55,0.0000,0.0586,0.1120,0.2617,0.7053,5.5747,8.8617,8.9725,7.3365,
31.7756,10,10,38.1740,69.9491,completed,81584.35,50178.34,-1.3891,8.55,0.0000,0.1109,0.1233,0.1319,0.8651,4.6460,9.7725,9.0494,7.4045,5.7458
59.4992,5,5,27.6793,87.1783,completed,81584.76,50176.09,-1.3873,8.54,0.0000,0.2599,0.6513,6.8406,11.9810,,,,,
39.5888,9,3,15.6409,55.2289,converged,81584.76,50176.09,-1.3873,8.54,0.0000,0.1315,0.0828,,,,,,,
22.3113,10,3,10.9367,33.2477,converged,81585.17,50173.86,-1.3836,8.53,0.0000,0.0637,0.0788,,,,,,,
49.7919,7,7,27.2431,77.0342,completed,81585.17,50173.86,-1.3836,8.53,0.0000,0.2031,0.1476,1.2003,7.1187,10.8668,10.2174,,,
44.7057,8,8,35.5585,80.2635,completed,81585.56,50171.78,-1.3852,8.53,0.0000,0.1969,0.1320,0.6411,12.6815,12.4916,9.8335,7.4468,,
30.1019,10,3,10.3888,40.4898,converged,81585.56,50171.78,-1.3852,8.53,0.0000,0.1334,0.0940,,,,,,,
47.3928,7,7,25.5885,72.9805,completed,81585.90,50169.94,-1.3798,8.52,0.0000,0.2177,0.4050,2.3029,0.6362,6.2727,8.9175,,,
35.0838,9,3,9.5758,44.6588,converged,81585.90,50169.94,-1.3798,8.52,0.0000,0.0534,0.0176,,,,,,,
29.4627,10,10,35.8505,65.3125,completed,81586.31,50167.76,-1.3820,8.51,0.0000,0.1487,0.1459,0.1112,0.2270,0.3793,3.8086,7.5231,7.7796,6.3792
51.7196,7,7,29.6692,81.3882,completed,81586.31,50167.76,-1.3820,8.51,0.0000,0.1559,0.2502,2.1222,3.9956,9.4549,8.7256,,,
37.7936,9,9,40.2283,78.0214,completed,81586.78,50165.34,-1.3774,8.49,0.0000,0.1636,0.1406,0.5224,3.5474,2.1928,6.2985,8.7828,7.4659,
28.5947,10,10,55.6029,84.1969,completed,81586.78,50165.34,-1.3774,8.49,0.0000,0.2004,0.2685,0.1202,1.5378,2.0164,4.6095,7.8677,7.8827,6.2037
45.6696,8,4,13.7731,59.4422,converged,81587.23,50163.01,-1.3772,8.49,0.0000,0.2302,0.1447,0.0261,,,,,,
22.6516,10,10,52.1421,74.7931,completed,81587.23,50163.01,-1.3772,8.49,0.0000,0.1834,0.1558,0.3755,0.8199,2.2244,3.3855,6.7379,8.2223,6.8705
21.2098,10,3,14.4387,35.6478,converged,81587.66,50160.76,-1.3781,8.49,0.0000,0.1167,0.0913,,,,,,,
41.9573,8,8,35.5795,77.5366,completed,81587.66,50160.76,-1.3781,8.49,0.0000,0.3390,0.4594,1.0448,6.6292,10.3319,10.4489,8.4183,,
27.7293,10,4,12.1635,39.8925,converged,81588.03,50158.82,-1.3775,8.49,0.0000,0.2056,0.2182,0.0228,,,,,,
59.8831,5,5,31.7494,91.6325,completed,81588.03,50158.82,-1.3775,8.49,0.0000,0.8416,0.5243,3.3494,9.9891,,,,,
34.2299,9,9,37.3160,71.5450,completed,81588.47,50156.59,-1.3735,8.50,0.0000,0.3283,0.2373,0.6609,1.0102,0.3268,5.2667,8.3657,7.3945,
24.7467,10,10,40.5645,65.3105,completed,81588.47,50156.59,-1.3735,8.50,0.0000,0.4735,0.4519,0.3193,1.4876,4.7531,6.5613,8.1325,8.1153,6.7258
55.7320,6,6,32.6873,88.4193,completed,81588.90,50154.42,-1.3723,8.50,0.0000,0.4444,0.1447,0.5556,7.5091,11.1154,,,,
33.0226,10,10,39.3358,72.3578,completed,81588.90,50154.42,-1.3723,8.50,0.0000,0.2968,0.3965,0.2494,2.5363,3.3466,2.9672,6.6216,7.6951,6.0622
48.7999,7,3,10.1183,58.9174,converged,81589.33,50152.29,-1.3737,8.51,0.0000,0.4056,0.0356,,,,,,,
36.3987,9,9,44.4309,80.8289,completed,81589.33,50152.29,-1.3737,8.51,0.0000,0.3362,0.3540,0.6589,2.3951,1.2502,5.6190,8.6600,6.9156,
52.0909,6,6,23.7216,75.8116,completed,81589.79,50149.92,-1.3761,8.51,0.0000,0.4523,0.3774,0.1965,7.9741,11.0639,,,,
20.5769,10,10,38.4891,59.0651,completed,81589.79,50149.92,-1.3761,8.51,0.0000,0.3525,0.3656,0.1664,0.6095,0.3049,2.1071,6.1383,8.2367,7.1862
27.2385,10,3,10.0673,37.3053,converged,81590.22,50147.75,-1.3743,8.51,0.0000,0.1676,0.0772,,,,,,,
38.2311,9,9,39.2926,77.5236,completed,81590.22,50147.75,-1.3743,8.51,0.0000,0.3888,0.4473,0.4622,3.1438,1.8799,5.1669,8.5087,7.0662,
48.3719,7,3,8.6739,57.0450,converged,81590.65,50145.61,-1.3724,8.50,0.0000,0.2534,0.0916,,,,,,,
42.1898,8,8,44.8732,87.0622,completed,81590.65,50145.61,-1.3724,8.50,0.0000,0.4211,0.2349,0.5578,0.9184,5.0030,9.7822,7.8931,,
51.7618,7,7,26.9672,78.7283,completed,81591.09,50143.42,-1.3726,8.50,0.0000,0.3328,0.1046,0.3563,5.1202,9.8883,9.8795,,,
55.7388,6,3,9.3167,65.0547,converged,81591.09,50143.42,-1.3726,8.50,0.0000,0.4487,0.0904,,,,,,,
40.8914,8,3,18.2214,59.1124,converged,81591.55,50141.09,-1.3739,8.49,0.0000,0.1708,0.0498,,,,,,,
38.9094,9,9,38.2136,77.1226,completed,81591.55,50141.09,-1.3739,8.49,0.0000,0.1543,0.1155,0.2414,0.8869,0.3722,4.1288,7.9282,7.9682,
34.0409,9,3,12.8893,46.9294,converged,81591.97,50138.95,-1.3738,8.49,0.0000,0.1048,0.0458,,,,,,,
58.5767,5,5,25.1043,83.6803,completed,81591.97,50138.95,-1.3738,8.49,0.0000,0.2560,1.0231,0.8952,8.6444,,,,,
21.0309,10,3,11.0155,32.0455,converged,81592.41,50136.76,-1.3722,8.48,0.0000,0.0751,0.0581,,,,,,,
20.1643,10,10,37.5538,57.7179,completed,81592.41,50136.76,-1.3722,8.48,0.0000,0.1381,0.1085,0.1215,0.4782,0.3710,2.1775,6.9715,8.2686,6.8287
45.5608,8,3,9.7379,55.2979,converged,81592.77,50134.93,-1.3725,8.48,0.0000,0.1216,0.0643,,,,,,,
54.9452,6,6,32.6152,87.5602,completed,81592.77,50134.93,-1.3725,8.48,0.0000,0.1628,0.6304,1.3647,3.4074,9.1962,,,,
47.4927,7,7,31.4928,78.9848,completed,81593.23,50132.61,-1.3747,8.47,0.0000,0.1622,0.1028,1.5277,0.4658,5.3101,8.9535,,,
34.5083,9,3,8.8956,43.4037,converged,81593.23,50132.61,-1.3747,8.47,0.0000,0.1285,0.0678,,,,,,,
56.5987,6,3,13.0935,69.6916,converged,81593.64,50130.53,-1.3757,8.47,0.0000,0.0947,0.0999,,,,,,,
31.4780,10,3,9.5228,41.0009,converged,81593.64,50130.53,-1.3757,8.47,0.0000,0.1016,0.0920,,,,,,,
49.2098,7,3,9.2198,58.4288,converged,81594.01,50128.62,-1.3772,8.46,0.0000,0.0989,0.0863,,,,,,,
28.3988,10,3,9.1607,37.5587,converged,81594.01,50128.62,-1.3772,8.46,0.0000,0.0788,0.0618,,,,,,,
28.1308,10,3,10.4066,38.5366,converged,81594.40,50126.64,-1.3721,8.46,0.0000,0.0542,0.0182,,,,,,,
25.8819,10,3,14.3669,40.2480,converged,81594.40,50126.64,-1.3721,8.46,0.0000,0.0816,0.0712,,,,,,,
30.7077,10,3,11.8797,42.5867,converged,81594.70,50125.14,-1.3719,8.46,0.0000,0.0639,0.0605,,,,,,,
47.0690,7,3,9.7065,56.7756,converged,81594.70,50125.14,-1.3719,8.46,0.0000,0.1462,0.0787,,,,,,,
55.1313,6,6,22.1862,77.3173,completed,81595.12,50123.07,-1.3728,8.45,0.0000,0.1032,0.3446,0.8626,4.7223,9.9180,,,,
49.3254,7,3,11.7656,61.0906,converged,81595.12,50123.07,-1.3728,8.45,0.0000,0.0969,0.0775,,,,,,,
20.4316,10,3,10.5140,30.9450,converged,81595.53,50121.00,-1.3744,8.45,0.0000,0.0557,0.0525,,,,,,,
42.7569,8,3,15.5903,58.3464,converged,81595.53,50121.00,-1.3744,8.45,0.0000,0.0870,0.0662,,,,,,,
59.9285,5,5,21.1786,81.1066,completed,81595.89,50119.17,-1.3709,8.45,0.0000,0.0416,1.2933,1.1737,8.4033,,,,,
46.4878,7,3,13.4960,59.9830,converged,81595.89,50119.17,-1.3709,8.45,0.0000,0.0790,0.0981,,,,,,,
46.0198,7,7,32.4139,78.4330,completed,81596.32,50117.02,-1.3730,8.44,0.0000,0.0525,0.2076,1.1530,1.0701,5.5900,9.2750,,,
25.6580,10,3,12.6373,38.2944,converged,81596.32,50117.02,-1.3730,8.44,0.0000,0.0413,0.0244,,,,,,,
42.4349,8,3,10.4426,52.8767,converged,81596.72,50115.04,-1.3718,8.44,0.0000,0.0676,0.0257,,,,,,,
21.3500,10,3,10.1157,31.4648,converged,81596.72,50115.04,-1.3718,8.44,0.0000,0.0536,0.0469,,,,,,,
21.4556,10,3,12.1008,33.5558,converged,81597.05,50113.38,-1.3716,8.44,0.0000,0.0381,0.0468,,,,,,,
24.8917,10,3,13.1703,38.0613,converged,81597.05,50113.38,-1.3716,8.44,0.0000,0.0377,0.0516,,,,,,,
47.4374,7,7,27.5667,75.0038,completed,81597.38,50111.73,-1.3723,8.44,0.0000,0.0282,0.1729,0.9145,1.4774,5.9688,9.6771,,,
59.4979,5,5,19.9270,79.4240,completed,81597.38,50111.73,-1.3723,8.44,0.0000,0.0746,1.9356,0.7885,7.7861,,,,,
45.9852,8,3,10.2820,56.2671,converged,81597.81,50109.58,-1.3740,8.44,0.0000,0.0143,0.0473,,,,,,,
29.8026,10,3,13.5828,43.3848,converged,81597.81,50109.58,-1.3740,8.44,0.0000,0.0328,0.0257,,,,,,,
36.8131,9,9,31.2643,68.0774,completed,81598.17,50107.76,-1.3731,8.44,0.0000,0.0441,0.1912,1.0640,1.3389,0.5485,3.7242,7.9741,8.1242,
20.6455,10,3,10.6349,31.2799,converged,81598.17,50107.76,-1.3731,8.44,0.0000,0.0285,0.0572,,,,,,,
29.5898,10,3,9.1929,38.7820,converged,81598.53,50105.94,-1.3786,8.43,0.0000,0.0179,0.0290,,,,,,,
59.2898,5,5,17.9231,77.2122,completed,81598.53,50105.94,-1.3786,8.43,0.0000,0.1038,0.7072,3.9355,9.8804,,,,,
45.2872,8,8,31.8784,77.1655,completed,81598.89,50104.04,-1.3771,8.43,0.0000,0.0711,0.2562,0.9779,0.7123,2.0302,7.9061,8.7317,,
32.3784,10,3,11.2757,43.6538,converged,81598.89,50104.04,-1.3771,8.43,0.0000,0.0349,0.0286,,,,,,,
46.2156,7,7,25.9154,72.1305,completed,81599.29,50101.97,-1.3787,8.42,0.0000,0.1111,0.4793,4.0509,2.7471,5.3194,9.2566,,,
48.9720,7,3,12.3067,61.2778,converged,81599.29,50101.97,-1.3787,8.42,0.0000,0.0641,0.0358,,,,,,,
46.7549,7,7,29.0357,75.7897,completed,81599.69,50099.91,-1.3779,8.42,0.0000,0.0468,0.1342,0.1608,3.1696,7.7317,9.8602,,,
47.4275,7,3,12.0026,59.4296,converged,81599.69,50099.91,-1.3779,8.42,0.0000,0.0326,0.0675,,,,,,,
56.4777,6,6,21.9085,78.3856,completed,81600.09,50097.84,-1.3748,8.42,0.0000,0.0543,0.2036,1.8979,6.1728,10.5285,,,,
20.0209,10,3,13.4156,33.4356,converged,81600.09,50097.84,-1.3748,8.42,0.0000,0.0635,0.0819,,,,,,,
37.0536,9,3,9.1669,46.2200,converged,81600.45,50096.03,-1.3732,8.42,0.0000,0.0507,0.0895,,,,,,,
28.7462,10,10,37.5866,66.3327,completed,81600.45,50096.03,-1.3732,8.42,0.0000,0.1019,0.1842,0.5709,1.1528,2.6554,1.1510,4.7410,7.7594,7.3875
58.8643,5,5,20.1614,79.0255,completed,81600.83,50094.13,-1.3728,8.42,0.0000,0.0829,0.3052,3.4289,9.8169,,,,,
27.1877,10,10,37.6957,64.8828,completed,81600.83,50094.13,-1.3728,8.42,0.0000,0.0784,0.1645,0.4115,0.1640,1.6689,1.1505,4.9407,7.9522,7.5976
50.1282,7,7,31.8418,81.9698,completed,81601.27,50091.90,-1.3752,8.41,0.0000,0.0525,0.2571,0.4107,2.4246,8.6582,10.2005,,,
22.0800,10,10,45.5077,67.5868,completed,81601.27,50091.90,-1.3752,8.41,0.0000,0.0892,0.1530,0.3377,0.5150,2.0178,1.9797,5.5417,8.0178,7.6111
23.6193,10,3,11.5245,35.1435,converged,81601.75,50089.42,-1.3777,8.41,0.0000,0.0464,0.0449,,,,,,,
40.4032,8,8,30.8569,71.2600,completed,81601.75,50089.42,-1.3777,8.41,0.0000,0.0699,0.2873,0.6607,0.9469,1.8135,7.6414,8.9923,,
25.4696,10,10,32.0599,57.5289,completed,81602.12,50087.49,-1.3806,8.41,0.0000,0.1249,0.1508,0.6861,1.0040,0.7649,1.8395,7.2323,7.8944,6.0521
55.1140,6,6,33.6627,88.7758,completed,81602.12,50087.49,-1.3806,8.41,0.0000,0.0489,0.2818,2.8829,5.6026,10.6120,,,,
27.0746,10,10,45.1122,72.1862,completed,81602.53,50085.29,-1.3866,8.41,0.0000,0.1019,0.1229,0.5206,2.3958,4.4970,4.2350,7.3765,8.3295,6.8523
55.9530,6,6,24.6421,80.5951,completed,81602.53,50085.29,-1.3866,8.41,0.0000,0.1146,0.3190,3.8565,9.6856,11.7510,,,,
43.0519,8,8,47.6662,90.7172,completed,81602.95,50082.97,-1.3835,8.40,0.0000,0.1640,0.2583,1.7139,4.9527,4.8410,8.9557,9.4841,,
35.3568,9,9,37.5398,72.8958,completed,81602.95,50082.97,-1.3835,8.40,0.0000,0.1377,0.1231,0.6671,3.2769,4.5572,7.1106,9.3875,8.2335,
40.3783,8,8,35.5397,75.9178,completed,81603.42,50080.48,-1.3818,8.40,0.0000,0.1098,0.3066,0.9714,2.7579,2.9492,7.5740,9.0574,,
23.9479,10,3,12.0326,35.9797,converged,81603.42,50080.48,-1.3818,8.40,0.0000,0.0639,0.0625,,,,,,,
44.3206,8,8,30.8041,75.1241,completed,81603.81,50078.41,-1.3839,8.40,0.0000,0.0892,0.1409,2.5042,6.8380,5.4311,8.8759,9.4415,,
46.3199,7,7,24.4973,70.8163,completed,81603.81,50078.41,-1.3839,8.40,0.0000,0.1601,0.4949,2.7750,3.9768,9.4873,9.6653,,,
24.4056,10,10,40.0637,64.4687,completed,81604.23,50076.18,-1.3850,8.40,0.0000,0.1786,0.1979,0.5181,2.7888,3.9323,2.9409,5.9394,7.4692,6.7700
44.5487,8,8,29.7475,74.2956,completed,81604.23,50076.18,-1.3850,8.40,0.0000,0.1469,0.3013,0.4077,2.7335,2.9885,7.2803,7.3007,,
34.5005,9,9,33.7959,68.2959,completed,81604.69,50073.71,-1.3812,8.40,0.0000,0.1051,0.4848,0.4746,2.4428,2.1380,4.0052,7.0035,6.8307,
54.2658,6,6,21.9125,76.1775,completed,81604.69,50073.71,-1.3812,8.40,0.0000,0.2665,1.4216,3.5393,5.2112,9.5406,,,,
53.2069,6,6,21.3903,74.5963,completed,81605.13,50071.40,-1.3894,8.39,0.0000,0.2277,0.5443,3.4401,5.8324,8.1654,,,,
28.4892,10,10,32.4664,60.9554,completed,81605.13,50071.40,-1.3894,8.39,0.0000,0.0626,0.1907,0.4056,1.6063,4.3785,2.4303,5.8820,7.6261,6.6875
58.7107,5,5,21.6741,80.3841,completed,81605.48,50069.38,-1.4023,8.39,0.0000,1.7331,0.7889,5.3138,8.6116,,,,,
51.1105,7,7,39.2393,90.3493,completed,81605.48,50069.38,-1.4023,8.39,0.0000,0.9401,1.4058,3.6112,7.3618,8.9260,9.6822,,,
31.5403,10,10,44.6071,76.1471,completed,81605.91,50066.83,-1.3978,8.39,0.0000,0.3756,0.6890,0.6479,2.4775,3.1060,3.0679,5.2321,5.4824,4.6019
45.7274,8,8,28.9122,74.6392,completed,81605.91,50066.83,-1.3978,8.39,0.0000,0.1807,0.5783,2.3850,4.4293,3.6399,6.0392,5.8967,,
43.4239,8,8,28.3991,71.8222,completed,81606.33,50064.38,-1.4017,8.38,0.0000,0.4936,0.6589,3.9211,7.2435,5.9510,8.7265,8.1245,,
34.5025,9,9,33.9962,68.4982,completed,81606.33,50064.38,-1.4017,8.38,0.0000,0.2892,1.2264,3.4964,3.8746,3.5071,5.4346,5.1937,4.3952,
59.9513,5,5,16.4930,76.4441,completed,81606.70,50062.15,-1.4117,8.38,0.0000,1.3116,2.6897,5.8835,7.7639,,,,,
31.2270,10,10,39.2327,70.4588,completed,81606.70,50062.15,-1.4117,8.38,0.0000,0.3244,0.3782,2.8422,6.2033,4.1650,3.5259,4.7888,4.5346,3.8750
23.2657,10,10,33.4174,56.6824,completed,81607.09,50059.67,-1.4190,8.38,0.0000,0.2768,0.3604,0.8605,3.2176,3.3213,2.1255,4.1716,4.9375,4.4199
43.8185,8,8,25.6014,69.4194,completed,81607.09,50059.67,-1.4190,8.38,0.0000,0.4143,0.8507,3.7757,6.4925,3.5990,5.3366,5.1323,,
57.4878,6,6,24.9535,82.4405,completed,81607.38,50057.76,-1.4242,8.37,0.0000,0.5567,2.4956,7.3051,5.5613,7.0956,,,,
25.9367,10,10,37.1590,63.0951,completed,81607.38,50057.76,-1.4242,8.37,0.0000,0.8434,1.0259,1.1421,4.8921,6.6699,3.0099,3.5390,4.3744,3.9424
57.1067,6,6,26.7180,83.8241,completed,81607.71,50055.53,-1.4263,8.36,0.0000,2.1336,2.8935,6.3470,4.4340,6.0307,,,,
28.5166,10,10,41.7154,70.2315,completed,81607.71,50055.53,-1.4263,8.36,0.0000,0.4947,0.6897,1.1282,4.2792,6.0404,2.3854,4.5793,5.6138,5.1127
50.7870,7,7,31.0387,81.8248,completed,81608.09,50053.04,-1.4048,8.36,0.0000,0.9893,1.2779,3.6571,3.0775,4.3205,5.2555,,,
23.3654,10,10,43.6401,67.0051,completed,81608.09,50053.04,-1.4048,8.36,0.0000,0.3738,0.6754,1.8552,4.7386,6.5364,2.0891,3.3877,3.7452,3.1972
23.8041,10,10,42.0929,65.8969,completed,81608.48,50050.73,-1.4013,8.37,0.0000,0.2419,0.6950,1.2166,2.4127,8.8884,3.5025,5.5597,6.7630,6.0342
58.6797,5,5,21.9746,80.6537,completed,81608.48,50050.73,-1.4013,8.37,0.0000,1.3296,5.6103,4.6743,2.8074,,,,,
47.3468,7,7,27.3053,74.6514,completed,81608.81,50048.78,-1.4012,8.38,0.0000,1.6950,4.1219,9.8236,3.6519,4.3749,4.9366,,,
42.3172,8,8,30.9383,73.2553,completed,81608.81,50048.78,-1.4012,8.38,0.0000,1.4387,2.8360,5.8825,5.6859,3.3157,4.8884,4.1001,,
32.3494,10,10,39.5323,71.8813,completed,81609.19,50046.47,-1.3953,8.26,0.0000,0.6104,0.5439,0.8460,3.5396,8.1391,7.0772,6.7756,6.7857,5.2938
51.5807,7,7,28.1439,79.7239,completed,81609.19,50046.47,-1.3953,8.26,0.0000,0.4086,1.3369,4.7705,3.8442,1.4757,4.0520,,,
41.1373,8,8,28.9338,70.0708,completed,81609.58,50044.26,-1.3851,7.99,0.0000,0.2021,0.6618,0.8657,11.8116,7.1283,8.6169,7.7635,,
45.3367,8,8,30.5966,75.9326,completed,81609.58,50044.26,-1.3851,7.99,0.0000,0.8964,2.2837,6.8599,8.9169,3.0964,4.2520,4.1029,,
41.1285,8,8,32.3845,73.5126,completed,81609.98,50042.11,-1.3716,7.68,0.0000,0.1445,0.5400,3.0292,7.0888,3.7875,3.9454,3.6173,,
47.1278,7,7,27.3262,74.4532,completed,81609.98,50042.11,-1.3716,7.68,0.0000,0.2444,0.4098,4.6456,4.7652,5.9025,5.7959,,,
58.5981,5,5,20.4928,79.0909,completed,81610.37,50040.12,-1.3783,7.34,0.0000,0.5897,4.9309,4.8540,4.4813,,,,,
47.2781,7,7,24.8825,72.1606,completed,81610.37,50040.12,-1.3783,7.34,0.0000,0.6408,1.5393,3.6021,3.5988,2.2348,2.9709,,,
32.2998,10,10,31.9137,64.2128,completed,81610.80,50038.01,-1.3611,7.09,0.0000,0.1151,0.3282,0.9260,1.4183,4.1136,4.1725,5.3014,5.7426,5.3305
29.1769,10,10,33.8221,62.9982,completed,81610.80,50038.01,-1.3611,7.09,0.0000,0.2920,0.4272,0.8061,1.6794,4.4339,2.0124,3.3453,3.5915,3.0843
43.4081,8,8,30.4862,73.8942,completed,81611.16,50036.31,-1.3632,6.93,0.0000,0.3912,1.7886,6.0391,5.8047,3.6762,3.7216,4.1130,,
36.8142,9,9,31.8556,68.6696,completed,81611.16,50036.31,-1.3632,6.93,0.0000,0.6143,1.0128,1.4609,5.0940,3.4962,1.5318,2.9572,3.4195,
32.4009,10,10,33.7074,66.1074,completed,81611.51,50034.64,-1.3621,6.72,0.0000,0.4382,0.3318,1.3290,3.3848,1.6596,6.6698,6.2572,4.9826,4.0688
58.4180,5,5,19.9926,78.4096,completed,81611.51,50034.64,-1.3621,6.72,0.0000,1.3492,8.6421,9.3867,10.6761,,,,,
59.4688,5,5,17.7102,77.1782,completed,81611.89,50032.90,-1.3579,6.55,0.0000,0.6038,0.6973,5.1717,8.1768,,,,,
31.9974,10,10,34.4071,66.4041,completed,81611.89,50032.90,-1.3579,6.55,0.0000,0.2687,0.1427,0.5614,1.4847,2.2052,1.4735,4.5069,5.5361,4.9212
45.2762,8,8,33.4840,78.7601,completed,81612.27,50031.15,-1.3376,6.32,0.0000,0.3795,1.2606,6.7830,8.3137,2.5726,4.3867,4.4780,,
52.3601,6,6,28.3719,80.7319,completed,81612.27,50031.15,-1.3376,6.32,0.0000,0.4308,0.9742,4.3857,6.2084,9.3186,,,,
35.6643,9,9,39.5487,75.2128,completed,81612.70,50029.45,-1.3140,5.93,0.0000,0.8590,0.1817,1.6488,1.3235,7.9699,6.4436,7.6996,7.6917,
43.4147,8,8,38.7299,82.1756,completed,81612.70,50029.45,-1.3140,5.93,0.0000,0.1858,1.6178,4.6164,6.3065,1.6549,4.3009,4.8387,,
37.4954,9,9,33.4321,70.9271,completed,81613.14,50027.84,-1.2927,5.43,0.0000,0.5417,0.5744,1.9692,2.4034,3.3742,6.4007,7.8099,6.7124,
28.2490,10,10,41.3557,69.6038,completed,81613.14,50027.84,-1.2927,5.43,0.0000,0.5168,0.1654,1.1071,4.9091,4.1904,0.9309,3.5242,5.2262,5.3176
34.8828,9,9,37.3540,72.2361,completed,81613.53,50026.48,-1.2884,5.17,0.0000,0.6762,0.1371,2.0968,4.5404,1.7997,3.8448,6.0955,6.8665,
27.8164,10,10,44.8355,72.6516,completed,81613.53,50026.48,-1.2884,5.17,0.0000,0.3229,0.4260,0.7271,2.6709,2.7091,4.9903,6.6480,5.8608,4.7401
24.5889,10,10,43.8494,68.4375,completed,81613.88,50025.24,-1.2959,5.24,0.0000,0.7500,0.2169,0.4525,1.2112,3.6265,4.6145,5.6644,7.3638,7.6601
21.1403,10,10,38.0195,59.1596,completed,81613.88,50025.24,-1.2959,5.24,0.0000,0.3387,0.5984,2.8535,6.3614,4.4013,1.1372,0.5296,1.2205,1.3629
25.9646,10,10,41.6517,67.6158,completed,81614.24,50023.94,-1.3098,5.46,0.0000,0.9873,0.7584,0.6225,1.3621,2.9236,3.8043,5.8038,7.1851,6.3799
52.4505,6,6,31.5570,84.0070,completed,81614.24,50023.94,-1.3098,5.46,0.0000,0.8734,6.6843,10.1419,2.1220,1.7210,,,,
53.9745,6,6,25.2834,79.2574,completed,81614.61,50022.51,-1.3195,5.61,0.0000,1.5990,2.8306,8.2851,10.3043,10.9083,,,,
53.5850,6,6,25.3906,78.9757,completed,81614.61,50022.51,-1.3195,5.61,0.0000,0.2301,8.6178,10.7634,3.0663,1.0102,,,,
31.4604,10,10,41.6603,73.1204,completed,81615.00,50021.01,-1.3283,5.53,0.0000,1.3431,0.9469,0.6024,2.5792,2.6990,3.9583,6.6088,6.0678,4.8500
35.8433,9,9,38.4768,74.3199,completed,81615.00,50021.01,-1.3283,5.53,0.0000,1.1144,0.5736,1.4618,5.5163,2.6659,2.5363,3.8568,3.8581,
54.3703,6,6,26.9984,81.3685,completed,81615.35,50019.51,-1.3605,5.39,0.0000,1.8783,0.6368,1.0354,5.8305,9.0726,,,,
42.8249,8,8,29.4903,72.3143,completed,81615.35,50019.51,-1.3605,5.39,0.0000,2.7485,2.6625,0.6492,1.8090,3.6130,6.3843,5.7721,,
42.9333,8,8,34.6789,77.6119,completed,81615.63,50018.11,-1.3875,5.23,0.0000,1.5407,0.7006,1.3080,1.1237,3.2207,7.0804,6.7242,,
55.6494,6,6,25.7333,81.3823,completed,81615.63,50018.11,-1.3875,5.23,0.0000,1.9502,3.6092,9.7321,0.7607,4.2637,,,,
20.6244,10,10,39.7249,60.3489,completed,81615.88,50016.75,-1.3892,5.05,0.0000,1.2368,1.1134,0.9074,2.5709,3.3788,5.3823,7.5148,7.3780,6.0363
40.7818,8,8,29.6456,70.4266,completed,81615.88,50016.75,-1.3892,5.05,0.0000,2.6385,1.4592,2.6314,3.7327,0.8597,3.2994,3.8966,,
39.6723,9,9,37.3434,77.0154,completed,81616.12,50015.47,-1.3948,4.87,0.0000,0.9696,0.3910,0.7632,0.7846,1.4595,4.0269,6.2746,5.9849,
42.9838,8,8,28.8587,71.8417,completed,81616.12,50015.47,-1.3948,4.87,0.0000,1.5415,0.7816,0.4107,0.7000,4.0333,6.5913,6.5889,,
58.7448,5,5,20.1596,78.9036,completed,81616.33,50014.21,-1.4064,4.66,0.0000,1.8237,3.4922,4.2968,9.7483,,,,,
53.6414,6,6,20.9371,74.5781,completed,81616.33,50014.21,-1.4064,4.66,0.0000,1.8754,1.0455,1.5554,4.6937,7.4372,,,,
38.2370,9,9,30.4798,68.7159,completed,81616.53,50013.00,-1.4057,4.50,0.0000,1.2983,0.8181,0.5148,3.2958,3.8847,7.2754,7.2398,5.7850,
49.1566,7,7,38.4624,87.6184,completed,81616.53,50013.00,-1.4057,4.50,0.0000,1.2409,1.7094,7.8699,5.4146,1.3309,2.8216,,,
55.4342,6,6,25.7083,81.1423,completed,81616.75,50011.67,-1.4005,4.44,0.0000,1.5057,2.6697,7.9433,0.9124,5.7205,,,,
57.0758,6,6,32.4057,89.4807,completed,81616.75,50011.67,-1.4005,4.44,0.0000,1.6060,0.2557,5.5704,0.7577,3.5569,,,,
39.2811,9,3,8.4275,47.7086,converged,81616.98,50010.36,-1.3950,4.28,0.0000,0.9962,0.0984,,,,,,,
38.1273,9,9,30.5853,68.7123,completed,81616.98,50010.36,-1.3950,4.28,0.0000,1.1523,0.8337,0.1144,2.8537,2.4477,2.9230,4.5779,4.2644,
58.3124,5,5,33.6463,91.9583,completed,81617.15,50009.40,-1.3843,4.03,0.0000,2.0984,1.7212,1.4124,7.6115,,,,,
53.5048,6,6,25.6967,79.2007,completed,81617.15,50009.40,-1.3843,4.03,0.0000,3.1096,3.2943,7.2652,7.6594,8.7286,,,,
46.1032,7,7,31.3993,77.5024,completed,81617.37,50008.25,-1.3784,3.62,0.0000,1.7472,1.5971,6.8915,0.6621,4.6778,6.2495,,,
20.7508,10,10,39.3161,60.0662,completed,81617.37,50008.25,-1.3784,3.62,0.0000,0.6684,0.1722,3.1776,9.8166,8.3493,2.2376,1.9783,4.1371,4.2333
51.4087,7,7,24.6366,76.0446,completed,81617.55,50007.24,-1.3887,3.38,0.0000,2.0746,0.3473,2.4809,1.7878,6.7993,7.0757,,,
57.3128,6,6,24.4437,81.7557,completed,81617.55,50007.24,-1.3887,3.38,0.0000,2.5258,0.4655,1.4262,4.5881,6.9024,,,,
38.0646,9,9,30.3432,68.4072,completed,81617.70,50006.35,-1.3926,3.30,0.0000,1.1819,0.1830,1.3255,3.5014,0.1963,4.7260,6.3678,5.5152,
45.6548,8,8,31.5242,77.1782,completed,81617.70,50006.35,-1.3926,3.30,0.0000,1.1294,0.8918,3.1042,3.9430,3.0607,4.4383,4.2678,,
54.2855,6,6,26.2159,80.5009,completed,81617.87,50005.41,-1.3923,3.17,0.0000,2.0056,4.2747,7.9738,8.2332,7.4736,,,,
32.4212,10,10,30.7625,63.1835,completed,81617.87,50005.41,-1.3923,3.17,0.0000,1.3229,1.3423,2.5972,3.8534,1.0613,1.8938,3.3911,3.6798,3.3225
51.4448,7,7,32.0622,83.5062,completed,81617.99,50004.71,-1.3947,3.04,0.0000,2.8219,1.4991,2.4866,1.1096,4.7566,5.6541,,,
20.6987,10,10,33.4631,54.1611,completed,81617.99,50004.71,-1.3947,3.04,0.0000,1.2731,1.4806,2.6872,3.0891,0.5257,1.4009,2.8014,3.5508,3.3545
27.6063,10,10,33.1503,60.7564,completed,81618.12,50003.84,-1.4149,2.89,0.0000,2.3860,3.0488,4.2227,6.3063,7.2469,7.3067,6.7291,5.5269,4.1761
36.6105,9,9,37.1106,73.7207,completed,81618.12,50003.84,-1.4149,2.89,0.0000,0.6906,0.6024,2.0231,2.2822,0.5397,2.2805,3.4517,3.3349,
30.4513,10,10,40.9588,71.4099,completed,81618.22,50003.09,-1.4327,2.75,0.0000,1.4657,1.7209,2.4234,3.9682,2.7558,5.5823,5.7205,4.8021,3.6878
28.0108,10,10,39.9209,67.9309,completed,81618.22,50003.09,-1.4327,2.75,0.0000,0.2610,0.1021,0.1798,2.0297,2.8344,0.7492,2.1474,2.4911,2.2892
36.5271,9,9,36.3587,72.8857,completed,81618.30,50002.46,-1.4335,2.52,0.0000,0.8465,0.2896,2.8293,7.5005,3.8696,0.7846,2.7096,3.1908,
36.9568,9,9,30.7392,67.6952,completed,81618.30,50002.46,-1.4335,2.52,0.0000,0.9743,1.5176,4.5429,3.3253,1.7649,1.7253,2.4783,2.4465,
57.9086,6,6,23.8735,81.7815,completed,81618.39,50001.81,-1.4259,2.23,0.0000,2.8071,5.6367,8.2011,6.7959,8.1542,,,,
34.0305,9,9,34.4423,68.4723,completed,81618.39,50001.81,-1.4259,2.23,0.0000,0.1800,0.2979,0.3505,2.9974,3.1610,1.5071,1.6606,2.5097,
31.2822,10,10,38.2674,69.5494,completed,81618.47,50001.27,-1.4330,1.89,0.0000,1.8668,2.2375,4.5154,8.7861,3.3711,4.1256,5.3972,5.3196,4.4533
43.5814,8,8,45.9082,89.4893,completed,81618.47,50001.27,-1.4330,1.89,0.0000,0.7589,0.4059,1.1698,2.9361,2.4869,2.1740,2.4759,,
46.5865,7,7,24.2180,70.8040,completed,81618.54,50000.77,-1.4302,1.64,0.0000,0.9813,2.0785,4.2826,1.3434,2.9379,3.2766,,,
57.1712,6,6,27.5332,84.7042,completed,81618.54,50000.77,-1.4302,1.64,0.0000,0.4539,1.3392,1.2474,1.4244,2.3334,,,,
23.0301,10,10,46.0057,69.0357,completed,81618.61,50000.36,-1.4145,1.36,0.0000,0.5366,0.2136,0.1387,6.4371,6.5374,1.9074,2.8895,3.3454,3.0705
59.3209,5,5,24.9419,84.2619,completed,81618.61,50000.36,-1.4145,1.36,0.0000,0.9300,4.8490,4.6138,4.4864,,,,,
25.3859,10,10,53.1354,78.5205,completed,81618.66,50000.05,-1.4004,1.01,0.0000,0.6277,0.2412,0.5894,5.6309,4.3341,2.2108,3.1346,3.3511,3.0144
47.0016,7,7,34.7012,81.7023,completed,81618.66,50000.05,-1.4004,1.01,0.0000,0.3142,0.5498,5.7473,6.3451,2.8126,0.1608,,,
56.6352,6,6,23.6496,80.2846,completed,81618.70,49999.84,-1.3913,0.49,0.0000,1.0776,3.5945,10.5950,5.6503,5.5794,,,,
55.4745,6,6,22.9823,78.4564,completed,81618.70,49999.84,-1.3913,0.49,0.0000,0.1737,0.3854,2.2760,3.4415,2.5826,,,,
47.0175,7,7,23.3673,70.3843,completed,81618.71,49999.79,-1.3887,0.00,0.0000,0.6610,0.2596,7.9467,3.8993,2.7932,3.5322,,,
48.9776,7,7,27.1716,76.1487,completed,81618.71,49999.79,-1.3887,0.00,0.0000,0.1784,1.8072,1.8394,1.1336,2.3939,1.7571,,,
29.9990,10,10,35.7925,65.7905,completed,81618.72,49999.78,-1.3861,0.00,0.0000,0.3739,0.2075,0.4823,2.9940,3.9975,2.8722,0.4271,1.3099,1.4031
31.7320,10,10,33.2235,64.9546,completed,81618.72,49999.78,-1.3861,0.00,0.0000,0.1156,0.2507,0.7999,1.4838,1.1248,1.8156,1.7745,1.4876,1.3712
52.0597,6,6,21.7577,73.8167,completed,81618.72,49999.78,-1.3818,0.13,0.0000,0.5628,0.6852,0.8175,1.4266,2.0022,,,,
29.2932,10,10,39.6500,68.9431,completed,81618.72,49999.78,-1.3818,0.13,0.0000,0.3424,0.2567,1.0506,1.4874,0.9055,1.4022,1.0634,1.2841,1.4363
36.2886,9,9,29.8094,66.0975,completed,81618.73,49999.74,-1.3779,0.17,0.0000,0.6860,0.2385,0.2988,2.3102,4.7600,2.3158,2.7283,2.9386,
39.6336,9,9,29.3983,69.0313,completed,81618.73,49999.74,-1.3779,0.17,0.0000,0.2753,0.1969,1.1722,1.1186,1.1521,1.7481,1.8771,2.1176,
26.4785,10,10,37.9135,64.3915,completed,81618.74,49999.71,-1.3762,0.12,0.0000,0.6154,0.6910,0.9021,0.3953,2.3105,2.1721,2.3093,2.2467,2.0863
31.0194,10,10,41.3052,72.3243,completed,81618.74,49999.71,-1.3762,0.12,0.0000,0.5709,0.6565,0.9667,1.2939,1.0761,1.6594,1.2596,1.5946,1.5165
32.9870,10,10,35.9903,68.9774,completed,81618.75,49999.70,-1.3757,0.00,0.0000,0.3162,0.1716,0.3238,1.1736,1.3257,3.0063,3.0085,2.3760,2.1138
54.3871,6,6,24.3062,78.6933,completed,81618.75,49999.70,-1.3757,0.00,0.0000,0.6361,0.1937,1.2959,2.1880,2.2349,,,,
23.0247,10,10,35.4745,58.4985,completed,81618.75,49999.71,-1.3761,0.00,0.0000,0.5385,0.5823,0.9458,2.5312,3.3179,2.6979,2.3998,2.3403,1.9514
39.0056,9,9,31.1134,70.1185,completed,81618.75,49999.71,-1.3761,0.00,0.0000,0.4261,0.2892,0.5329,0.7423,2.2574,1.1095,1.2271,1.3937,
51.1098,7,7,29.3962,80.5053,completed,81618.75,49999.70,-1.3753,0.00,0.0000,0.5515,0.3246,2.7749,2.4514,0.7340,1.6171,,,
48.9849,7,7,37.8089,86.7930,completed,81618.75,49999.70,-1.3753,0.00,0.0000,0.5450,0.5183,1.4585,3.6770,3.3346,2.8175,,,
38.1955,9,9,39.5249,77.7200,completed,81618.76,49999.68,-1.3686,0.08,0.0000,0.3755,0.4065,1.0417,1.2738,2.6491,2.4537,2.0632,1.9349,
52.8686,6,6,25.9429,78.8110,completed,81618.76,49999.68,-1.3686,0.08,0.0000,0.5712,0.7811,3.3658,0.8147,0.2114,,,,
34.9987,9,9,38.0073,73.0054,completed,81618.77,49999.65,-1.3553,0.19,0.0000,0.1696,0.1958,0.8656,1.3085,1.2198,0.3779,0.6732,1.0293,
28.9793,10,3,9.8885,38.8676,converged,81618.77,49999.65,-1.3553,0.19,0.0000,0.2101,0.0235,,,,,,,
48.3831,7,7,23.0756,71.4586,completed,81618.79,49999.59,-1.3374,0.33,0.0000,0.7249,0.8925,5.3201,3.9623,0.1347,0.5889,,,
46.3045,7,6,17.1971,63.5011,converged,81618.79,49999.59,-1.3374,0.33,0.0000,0.4125,0.5241,4.5242,1.7090,0.0664,,,,
20.6278,10,7,22.6769,43.3039,converged,81618.81,49999.51,-1.3122,0.41,0.0000,0.0903,0.1647,0.4727,0.5455,0.1120,0.0988,,,
51.1872,7,7,28.4112,79.5983,completed,81618.81,49999.51,-1.3122,0.41,0.0000,0.2844,0.3691,0.8846,0.4061,0.1825,0.6288,,,
31.1396,10,8,23.7968,54.9358,converged,81618.84,49999.42,-1.2923,0.35,0.0000,0.3630,0.3853,0.5042,1.5902,2.3720,0.2587,0.0692,,
45.3271,8,8,29.4112,74.7382,completed,81618.84,49999.42,-1.2923,0.35,0.0000,0.4521,0.4821,0.7615,1.1287,2.1603,1.6618,1.7283,,
50.9560,7,6,19.7881,70.7432,converged,81618.86,49999.34,-1.2822,0.22,0.0000,0.7406,1.4785,3.0003,0.6546,0.0391,,,,
33.0672,10,10,43.4683,76.5354,completed,81618.86,49999.34,-1.2822,0.22,0.0000,0.3985,0.4073,0.3954,0.9282,3.8273,0.4524,1.1229,1.5169,1.3256
24.5333,10,10,35.1716,59.7046,completed,81618.88,49999.28,-1.2765,0.16,0.0000,0.3693,0.3109,0.3289,1.7470,7.7955,6.9535,3.8854,2.8337,2.1869
38.3533,9,9,40.2283,78.5813,completed,81618.88,49999.28,-1.2765,0.16,0.0000,0.6737,0.4836,0.8982,4.0203,4.5152,0.3700,1.6038,1.3709,
54.6579,6,6,29.4592,84.1163,completed,81618.90,49999.24,-1.2735,0.10,0.0000,0.5896,3.4097,10.9490,2.2828,0.1355,,,,
27.0020,10,8,31.8112,58.8122,converged,81618.90,49999.24,-1.2735,0.10,0.0000,0.2181,0.8936,2.5751,4.6602,0.3869,0.2706,0.0719,,
50.4788,7,7,32.8955,83.3735,completed,81618.91,49999.20,-1.2695,0.00,0.0000,0.5080,0.5823,2.5804,3.5243,0.7368,1.4681,,,
52.1945,6,6,23.7070,75.9010,completed,81618.91,49999.20,-1.2695,0.00,0.0000,0.5877,1.4422,2.3827,3.7869,2.7083,,,,
20.9297,10,10,40.5709,61.4999,completed,81618.92,49999.20,-1.2684,0.00,0.0000,0.3316,0.5457,1.8545,4.7865,2.1442,0.4386,0.3754,0.1994,0.3831
44.2972,8,8,29.6233,73.9203,completed,81618.92,49999.20,-1.2684,0.00,0.0000,0.6346,0.4293,0.3746,4.4919,3.8499,0.2782,0.6430,,
25.4593,10,8,26.9653,52.4243,converged,81618.92,49999.20,-1.2685,0.00,0.0000,0.4152,0.3110,1.5125,3.6238,4.9619,0.4185,0.0893,,
34.9936,9,9,43.1242,78.1172,completed,81618.92,49999.20,-1.2685,0.00,0.0000,0.3837,0.3418,0.7225,3.3529,5.7755,4.0566,3.2774,2.4599,
27.2697,10,8,32.3942,59.6632,converged,81618.92,49999.21,-1.2677,0.00,0.0000,0.3662,0.3379,1.4741,4.9483,4.3752,0.5017,0.0614,,
27.2605,10,10,46.3091,73.5692,completed,81618.92,49999.21,-1.2677,0.00,0.0000,0.8127,0.4606,0.6000,2.8266,5.1998,1.9232,2.2301,1.4883,1.3167
26.5268,10,10,41.9081,68.4341,completed,81618.93,49999.21,-1.2676,0.00,0.0000,0.6947,0.3484,0.3539,1.2811,4.2023,3.8678,3.1675,2.2565,1.6813
58.8854,5,5,22.6019,81.4869,completed,81618.93,49999.21,-1.2676,0.00,0.0000,0.7296,1.0818,6.8922,5.3355,,,,,
31.4273,10,8,30.1157,61.5428,converged,81618.93,49999.21,-1.2677,0.00,0.0000,0.3221,0.7333,3.1619,6.3118,1.4982,0.3806,0.0720,,
44.8276,8,8,35.4382,80.2652,completed,81618.93,49999.21,-1.2677,0.00,0.0000,0.5522,0.7478,2.3481,7.5601,5.6813,4.7258,3.5493,,
48.0164,7,7,26.1906,74.2066,completed,81618.94,49999.21,-1.2679,0.00,0.0000,0.6074,0.9348,6.5872,3.6633,0.1593,0.4836,,,
33.9656,10,8,24.6880,58.6530,converged,81618.94,49999.21,-1.2679,0.00,0.0000,0.1867,0.5941,2.1013,4.3898,1.1821,0.3499,0.0373,,
54.1707,6,6,23.9739,78.1439,completed,81618.94,49999.21,-1.2678,0.00,0.0000,0.3196,2.7144,0.9871,0.1725,0.5050,,,,
27.4292,10,3,12.2081,39.6372,converged,81618.94,49999.21,-1.2678,0.00,0.0000,0.0405,0.0215,,,,,,,
51.0117,7,3,8.8952,59.9063,converged,81618.94,49999.21,-1.2679,0.00,0.0000,0.0197,0.0143,,,,,,,
24.1549,10,3,11.0928,35.2468,converged,81618.94,49999.21,-1.2679,0.00,0.0000,0.0238,0.0688,,,,,,,
42.1232,8,3,12.3453,54.4696,converged,81618.95,49999.21,-1.2681,0.00,0.0000,0.0496,0.0606,,,,,,,
25.7390,10,3,8.8682,34.6072,converged,81618.95,49999.21,-1.2681,0.00,0.0000,0.0134,0.0325,,,,,,,
43.4878,8,3,8.4854,51.9725,converged,81618.94,49999.21,-1.2680,0.00,0.0000,0.0197,0.0316,,,,,,,
31.8153,10,3,11.4913,43.3064,converged,81618.94,49999.21,-1.2680,0.00,0.0000,0.0410,0.0133,,,,,,,
44.5373,8,6,19.1697,63.7067,converged,81618.94,49999.22,-1.2672,0.00,0.0000,0.0923,0.1539,0.5576,0.1496,0.0992,,,,
34.9553,9,9,35.7250,70.6800,completed,81618.94,49999.22,-1.2672,0.00,0.0000,0.1542,0.2492,0.1490,1.0593,0.1507,0.2707,0.7072,0.9334,
39.5964,9,3,9.7017,49.2978,converged,81618.95,49999.23,-1.2664,0.00,0.0000,0.1703,0.0138,,,,,,,
56.7594,6,5,16.0781,72.8371,converged,81618.95,49999.23,-1.2664,0.00,0.0000,0.1653,1.4298,0.2354,0.0938,,,,,
52.3201,6,6,21.9923,74.3123,completed,81618.95,49999.23,-1.2666,0.00,0.0000,1.0718,0.2482,2.9774,0.8302,0.4224,,,,
30.0599,10,10,37.6334,67.6925,completed,81618.95,49999.23,-1.2666,0.00,0.0000,0.7822,1.2600,2.5501,3.5976,4.5449,3.9959,3.4418,2.4778,1.8487
57.0394,6,6,20.4220,77.4610,completed,81618.95,49999.23,-1.2666,0.00,0.0000,0.9018,0.8174,3.7751,0.7547,0.8479,,,,
29.9570,10,8,25.0724,55.0285,converged,81618.95,49999.23,-1.2666,0.00,0.0000,0.5640,0.5323,0.3375,3.2017,1.3188,0.1816,0.0703,,
54.6217,6,6,21.3630,75.9840,completed,81618.95,49999.23,-1.2662,0.00,0.0000,2.0402,3.0922,2.2138,3.6565,3.5229,,,,
34.7494,9,9,32.3810,67.1301,completed,81618.95,49999.23,-1.2662,0.00,0.0000,1.0651,1.7450,3.0088,1.6298,2.7353,2.7048,2.7087,2.3209,
45.2436,8,6,23.1228,68.3658,converged,81618.96,49999.23,-1.2660,0.00,0.0000,0.2865,0.6416,3.0850,0.7857,0.0904,,,,
26.5710,10,10,34.9609,61.5319,completed,81618.96,49999.23,-1.2660,0.00,0.0000,0.4286,0.3839,0.3564,3.1063,1.1125,0.1996,0.1853,0.6803,1.0553
55.4851,6,5,14.4266,69.9117,converged,81618.96,49999.23,-1.2657,0.00,0.0000,0.1721,1.9542,0.5139,0.0831,,,,,
45.2561,8,6,30.2985,75.5546,converged,81618.96,49999.23,-1.2657,0.00,0.0000,0.3270,0.9817,2.7782,0.5070,0.0684,,,,
41.4991,8,6,18.8466,60.3457,converged,81618.96,49999.23,-1.2655,0.00,0.0000,0.2335,1.0922,2.4406,0.1384,0.0587,,,,
27.0708,10,10,34.9454,62.0154,completed,81618.96,49999.23,-1.2655,0.00,0.0000,0.4608,0.2202,1.0952,2.5951,0.3196,0.6169,1.6668,1.5743,1.2378
29.6218,10,8,26.0927,55.7138,converged,81618.97,49999.23,-1.2654,0.00,0.0000,0.7182,0.8969,0.4754,2.5809,1.9334,0.8546,0.0605,,
34.0777,9,7,25.2621,59.3391,converged,81618.97,49999.23,-1.2654,0.00,0.0000,0.5372,0.3178,1.6608,2.5279,0.2930,0.0323,,,
53.0553,6,5,20.7769,73.8320,converged,81618.97,49999.23,-1.2653,0.00,0.0000,0.5496,1.4257,1.3183,0.0994,,,,,
25.8904,10,10,40.5010,66.3910,completed,81618.97,49999.23,-1.2653,0.00,0.0000,0.7858,1.0436,1.1549,1.9695,2.7432,1.4260,0.2930,0.9705,1.1932
29.7271,10,10,36.4253,66.1523,completed,81618.97,49999.23,-1.2652,0.00,0.0000,0.7182,0.8914,1.0227,1.1389,2.8827,3.3182,0.4664,0.3592,0.7001
44.8683,8,8,44.6952,89.5633,completed,81618.97,49999.23,-1.2652,0.00,0.0000,0.9619,1.4051,0.5916,1.3735,3.6444,2.9862,2.6184,,
38.0379,9,9,46.3452,84.3823,completed,81618.97,49999.23,-1.2651,0.00,0.0000,1.1280,1.7467,2.0272,1.1021,0.9781,0.5828,1.1716,1.7376,
57.3969,6,6,28.9138,86.3098,completed,81618.97,49999.23,-1.2651,0.00,0.0000,0.7649,0.2301,3.0929,0.5742,0.8021,,,,
43.1610,8,6,29.1852,72.3462,converged,81618.98,49999.23,-1.2649,0.00,0.0000,0.3579,0.8000,2.8820,0.4055,0.0973,,,,
52.4632,6,6,21.3561,73.8191,completed,81618.98,49999.23,-1.2649,0.00,0.0000,0.9321,1.2726,3.2828,0.1669,0.6248,,,,
29.7827,10,10,36.8577,66.6397,completed,81618.98,49999.22,-1.2647,0.00,0.0000,1.0731,1.7437,3.2390,3.3838,3.6721,3.1627,3.3001,2.5991,1.9091
53.3518,6,6,20.0062,73.3572,completed,81618.98,49999.22,-1.2647,0.00,0.0000,0.2990,2.9916,2.5409,0.1165,1.1699,,,,
25.0534,10,4,18.4737,43.5267,converged,81618.98,49999.23,-1.2645,0.00,0.0000,0.4824,0.5523,0.0730,,,,,,
27.6497,10,3,17.7285,45.3775,converged,81618.98,49999.23,-1.2645,0.00,0.0000,0.0929,0.0458,,,,,,,
26.2386,10,10,31.8438,58.0818,completed,81618.98,49999.23,-1.2639,0.00,0.0000,0.0467,0.1400,0.4948,1.2832,2.7896,2.8903,3.2687,2.8092,2.1748
30.0836,10,10,33.6337,63.7167,completed,81618.98,49999.23,-1.2639,0.00,0.0000,0.2657,0.1503,0.5586,1.9758,1.0432,0.2638,0.2737,0.7828,1.1578
53.4141,6,6,23.8955,77.3096,completed,81618.98,49999.25,-1.2626,0.00,0.0000,0.0939,1.8359,1.9371,0.8399,1.5615,,,,
41.3853,8,8,33.5541,74.9391,completed,81618.98,49999.25,-1.2626,0.00,0.0000,0.5441,0.3835,0.4808,1.2085,2.3081,2.4464,2.4236,,
48.9710,7,7,32.9409,81.9110,completed,81618.98,49999.27,-1.2606,0.00,0.0000,1.2845,2.0879,1.7786,0.5478,1.4419,1.7826,,,
42.3204,8,8,24.6840,67.0040,completed,81618.98,49999.27,-1.2606,0.00,0.0000,0.3043,0.4077,2.0526,0.2629,0.1464,0.3925,0.7618,,
56.9790,6,6,21.0983,78.0764,completed,81618.97,49999.29,-1.2593,0.00,0.0000,0.9065,0.2655,2.1442,0.1932,0.4798,,,,
23.0287,10,6,21.4313,44.4593,converged,81618.97,49999.29,-1.2593,0.00,0.0000,0.2741,0.1251,0.8529,0.9431,0.0512,,,,
24.4831,10,10,43.0993,67.5824,completed,81618.97,49999.32,-1.2572,0.00,0.0000,0.7540,1.3280,1.8515,0.6562,2.4171,0.1112,1.5100,1.5392,1.4822
45.7234,8,8,34.4746,80.1976,completed,81618.97,49999.32,-1.2572,0.00,0.0000,0.1490,0.1334,0.8812,2.5282,1.5658,2.9856,2.7052,,
32.7239,10,10,40.1582,72.8812,completed,81618.96,49999.34,-1.2550,-0.10,0.0000,0.1139,0.1082,0.2355,1.2002,3.2963,0.9866,0.8389,1.6030,1.5989
51.6081,7,7,36.3922,88.0002,completed,81618.96,49999.34,-1.2550,-0.10,0.0000,0.1176,0.5293,1.5606,0.9811,0.2656,1.0290,,,
40.4358,8,6,19.7225,60.1575,converged,81618.95,49999.38,-1.2524,0.00,0.0000,0.3628,0.5652,0.1022,0.6844,0.0981,,,,
43.3433,8,6,21.9857,65.3287,converged,81618.95,49999.38,-1.2524,0.00,0.0000,0.6531,0.3207,2.1516,0.9938,0.0734,,,,
42.1399,8,8,30.4550,72.5940,completed,81618.95,49999.40,-1.2501,-0.11,0.0000,0.4322,0.1979,1.4952,0.4268,0.1048,0.2203,0.6633,,
55.8377,6,6,22.3946,78.2317,completed,81618.95,49999.40,-1.2501,-0.11,0.0000,0.1335,1.2101,4.6040,4.6501,4.3235,,,,
55.2476,6,6,21.9112,77.1898,completed,81618.95,49999.41,-1.2494,0.00,0.0000,0.0686,0.1812,3.4832,3.3533,3.7018,,,,
54.0327,6,6,25.8492,79.8812,completed,81618.95,49999.41,-1.2494,0.00,0.0000,0.4480,0.4763,1.0647,0.5987,1.5227,,,,
38.2896,9,9,38.6386,76.9276,completed,81618.95,49999.42,-1.2494,0.00,0.0000,0.3888,0.6864,0.5596,0.4935,0.1314,1.3112,1.7684,1.4410,
20.1712,10,10,42.5902,62.7612,completed,81618.95,49999.42,-1.2494,0.00,0.0000,0.4560,0.6613,0.5004,1.7003,0.3289,0.1225,0.5116,1.0329,1.2078
40.9378,8,8,28.6802,69.6172,completed,81618.95,49999.42,-1.2502,0.00,0.0000,0.8013,0.8608,0.8755,1.5330,0.2455,0.9520,1.2733,,
21.3507,10,10,44.6867,66.0367,completed,81618.95,49999.41,-1.2503,0.00,0.0000,0.3752,0.1645,0.7027,2.8698,0.8093,0.4004,1.3504,1.3867,1.1991
39.1949,9,9,32.5289,71.7230,completed,81618.95,49999.41,-1.2503,0.00,0.0000,0.5620,0.7838,0.8418,2.1938,1.2462,2.4787,2.1502,1.7678,
24.0426,10,10,40.8117,64.8538,completed,81618.95,49999.42,-1.2502,0.00,0.0000,0.1636,0.4942,2.2603,3.5782,0.9526,0.4696,0.1992,0.6872,1.1103
20.9903,10,10,39.8232,60.8132,completed,81618.95,49999.42,-1.2502,0.00,0.0000,0.2634,0.3004,0.2802,1.8618,0.5778,2.6296,2.6252,2.3720,2.1947
33.7347,10,10,36.7977,70.5464,completed,81618.96,49999.43,-1.2502,0.00,0.0000,0.4984,0.2745,1.0693,2.8373,0.5665,0.1543,0.1049,0.3823,0.8431
35.9325,9,9,34.3828,70.3148,completed,81618.96,49999.43,-1.2502,0.00,0.0000,0.4424,0.1648,0.6394,1.3669,1.3293,1.2367,1.4834,1.5389,
30.9712,10,10,50.2970,81.2680,completed,81618.96,49999.42,-1.2501,0.00,0.0000,0.6545,1.4369,3.7633,5.1047,3.4326,4.1084,4.6090,3.3289,2.3492
53.0922,6,6,23.6946,76.7866,completed,81618.96,49999.42,-1.2501,0.00,0.0000,0.1263,0.3142,1.5272,2.1443,2.9110,,,,
43.0121,8,3,9.8555,52.8675,converged,81618.97,49999.41,-1.2493,0.00,0.0000,0.1695,0.0709,,,,,,,
39.6476,9,7,24.6304,64.2774,converged,81618.97,49999.41,-1.2493,0.00,0.0000,0.4371,0.3079,2.8992,2.8409,0.2405,0.0592,,,
42.0527,8,8,29.5844,71.6365,completed,81618.98,49999.39,-1.2512,0.00,0.0000,1.0437,0.8192,2.5220,2.0639,0.2387,0.1817,0.7291,,
27.7499,10,10,33.2440,60.9931,completed,81618.98,49999.39,-1.2512,0.00,0.0000,0.7237,0.8206,0.3861,2.4272,0.9721,1.6164,0.1920,0.8596,1.1867
54.2827,6,5,18.0813,72.3633,converged,81618.98,49999.38,-1.2530,0.00,0.0000,0.7182,2.5818,2.4814,0.0809,,,,,
57.7515,6,5,16.4907,74.2417,converged,81618.98,49999.38,-1.2530,0.00,0.0000,1.0664,2.2285,1.9010,0.0861,,,,,
54.9831,6,6,23.1817,78.1647,completed,81618.99,49999.39,-1.2531,0.00,0.0000,0.9192,1.6887,5.4874,1.0878,0.2721,,,,
54.0355,6,6,21.8245,75.8595,completed,81618.99,49999.39,-1.2531,0.00,0.0000,1.6229,5.2023,6.8857,5.6864,5.1605,,,,
42.9867,8,8,35.1613,78.1474,completed,81618.99,49999.39,-1.2529,0.00,0.0000,1.5535,2.2165,2.2595,2.4259,1.9656,3.2627,2.9744,,
22.6757,10,10,51.8557,74.5307,completed,81618.99,49999.39,-1.2529,0.00,0.0000,0.4298,0.1983,0.2511,1.8304,1.7527,2.4060,2.3188,2.0413,1.6851
38.5411,9,9,30.3990,68.9400,completed,81618.99,49999.39,-1.2521,0.00,0.0000,0.5868,0.6412,5.0512,9.3707,1.4870,0.7464,0.2119,0.7545,
55.6252,6,6,23.7885,79.4135,completed,81618.99,49999.39,-1.2521,0.00,0.0000,2.0122,0.1971,2.9374,3.6365,2.9990,,,,
43.5448,8,7,25.7199,69.2639,converged,81619.00,49999.37,-1.2518,0.00,0.0000,0.2707,2.7402,10.6479,2.8999,0.1141,0.0831,,,
34.8761,9,9,37.7884,72.6645,completed,81619.00,49999.37,-1.2518,0.00,0.0000,1.4652,0.8785,1.2410,4.6312,1.3380,3.2859,2.3458,1.9363,
55.4658,6,6,27.2540,82.7190,completed,81619.01,49999.35,-1.2533,0.00,0.0000,0.3393,4.8897,9.0936,3.5452,0.4185,,,,
34.4676,9,9,33.6648,68.1318,completed,81619.01,49999.35,-1.2533,0.00,0.0000,0.1000,0.6812,1.6344,2.2327,1.8682,2.3448,2.5049,2.0825,
46.0535,7,7,28.1657,74.2187,completed,81619.01,49999.36,-1.2534,0.00,0.0000,0.0692,2.8021,13.1125,5.9688,0.3740,0.5898,,,
35.1059,9,7,26.9775,62.0825,converged,81619.01,49999.36,-1.2534,0.00,0.0000,0.4956,1.0752,5.8055,7.5056,0.2177,0.0501,,,
27.6115,10,10,37.3717,64.9828,completed,81619.01,49999.37,-1.2533,0.00,0.0000,1.3520,1.7457,3.3116,5.1918,6.1160,4.8106,4.8791,3.8216,2.8265
25.9192,10,3,12.3799,38.2989,converged,81619.01,49999.37,-1.2533,0.00,0.0000,0.7838,0.0934,,,,,,,
51.1316,7,7,27.2598,78.3908,completed,81619.01,49999.38,-1.2532,0.00,0.0000,0.9002,0.5762,5.9742,1.4951,2.8145,1.9700,,,
43.2441,8,7,23.7870,67.0310,converged,81619.01,49999.38,-1.2532,0.00,0.0000,0.9571,0.9226,7.9478,2.3584,0.1602,0.0851,,,
46.0417,7,6,20.3630,66.4041,converged,81619.01,49999.38,-1.2531,0.00,0.0000,0.9232,2.3866,11.3729,0.5787,0.0606,,,,
38.2087,9,7,31.2398,69.4478,converged,81619.01,49999.38,-1.2531,0.00,0.0000,0.2107,2.0261,6.1991,0.5189,0.1474,0.0561,,,
42.2809,8,8,37.3731,79.6531,completed,81619.02,49999.38,-1.2531,0.00,0.0000,1.0598,0.2708,1.9011,2.2905,1.9749,2.9368,2.7301,,
53.8693,6,6,29.9696,83.8386,completed,81619.02,49999.38,-1.2531,0.00,0.0000,1.5958,2.1678,8.3623,0.2644,0.2378,,,,
49.3306,7,7,29.7647,79.0948,completed,81619.02,49999.38,-1.2531,0.00,0.0000,1.8910,1.4643,5.0567,4.4121,1.4657,0.6391,,,
33.0744,10,10,34.7199,67.7939,completed,81619.02,49999.38,-1.2531,0.00,0.0000,0.6690,1.3244,3.2129,2.9769,4.3512,2.3986,2.5609,2.4499,2.0258
49.3138,7,7,29.5947,78.9078,completed,81619.02,49999.38,-1.2536,0.00,0.0000,1.8922,5.2958,6.5130,6.4381,6.7844,5.2814,,,
46.2910,7,7,28.7563,75.0474,completed,81619.02,49999.38,-1.2536,0.00,0.0000,0.5570,0.3788,2.1438,0.2215,0.7978,1.3519,,,
42.6989,8,6,22.0480,64.7460,converged,81619.02,49999.39,-1.2546,0.00,0.0000,0.4611,0.3177,1.6947,0.5202,0.0657,,,,
45.7970,8,3,17.7494,63.5465,converged,81619.02,49999.39,-1.2546,0.00,0.0000,0.5095,0.0203,,,,,,,
33.9693,10,10,38.0930,72.0621,completed,81619.03,49999.38,-1.2555,0.00,0.0000,0.7218,1.0080,0.4909,2.7318,2.1454,0.5459,0.1241,0.6001,0.9412
25.6457,10,7,22.2994,47.9445,converged,81619.03,49999.38,-1.2555,0.00,0.0000,0.3660,0.1927,1.0801,1.7984,0.1541,0.0829,,,
57.8804,6,6,25.5886,83.4687,completed,81619.03,49999.38,-1.2556,0.00,0.0000,0.7029,1.4696,2.9504,0.8579,1.6754,,,,
36.4348,9,9,32.8989,69.3329,completed,81619.03,49999.38,-1.2556,0.00,0.0000,1.1088,1.4680,0.2891,3.2269,0.4296,2.1884,2.0017,1.6616,
34.0443,9,9,32.1703,66.2144,completed,81619.03,49999.39,-1.2556,0.00,0.0000,1.2819,2.4331,3.8539,2.4382,3.8073,2.3892,3.0792,2.8272,
43.2956,8,8,31.0094,74.3044,completed,81619.03,49999.39,-1.2556,0.00,0.0000,1.7643,3.9817,5.3761,4.5475,3.9485,3.8831,2.7283,,
28.6393,10,10,37.0499,65.6889,completed,81619.04,49999.39,-1.2550,0.00,0.0000,0.6934,0.7598,0.4972,2.0645,1.8758,0.5940,0.2460,0.4408,0.8052
52.8148,6,5,22.7086,75.5226,converged,81619.04,49999.39,-1.2550,0.00,0.0000,0.7252,1.2380,1.1062,0.0755,,,,,
54.1575,6,6,27.6622,81.8193,completed,81619.03,49999.42,-1.2540,0.00,0.0000,1.1038,0.9421,1.9332,1.3888,1.6845,,,,
59.1474,5,5,23.4875,82.6345,completed,81619.03,49999.42,-1.2540,0.00,0.0000,0.5971,1.7849,0.2560,0.3223,,,,,
46.2031,7,7,28.7709,74.9739,completed,81619.03,49999.42,-1.2535,0.00,0.0000,1.0863,1.8253,1.2076,0.4203,1.3884,1.6012,,,
47.4832,7,6,26.5672,74.0502,converged,81619.03,49999.42,-1.2535,0.00,0.0000,0.4849,0.3911,1.3267,0.1042,0.0946,,,,
37.5965,9,6,23.5473,61.1433,converged,81619.04,49999.43,-1.2537,0.00,0.0000,0.4863,0.2691,1.3399,1.3717,0.0876,,,,
42.1729,8,6,27.4972,69.6692,converged,81619.04,49999.43,-1.2537,0.00,0.0000,0.3162,0.3459,1.5896,0.2676,0.0376,,,,
26.6659,10,8,31.8365,58.5015,converged,81619.04,49999.43,-1.2539,0.00,0.0000,0.6639,0.6694,0.6039,3.4690,1.1929,0.1495,0.0754,,
57.1579,6,6,23.8434,81.0004,completed,81619.04,49999.43,-1.2539,0.00,0.0000,1.0950,2.3420,2.7015,3.9669,3.5578,,,,
35.5710,9,6,29.5152,65.0863,converged,81619.04,49999.43,-1.2539,0.00,0.0000,0.2910,0.4312,1.9940,0.5822,0.0764,,,,
25.9727,10,7,30.9040,56.8760,converged,81619.04,49999.43,-1.2539,0.00,0.0000,0.3985,0.1341,1.3658,2.5166,0.2852,0.0513,,,
22.8799,10,10,42.3752,65.2543,completed,81619.04,49999.43,-1.2539,0.00,0.0000,0.2884,0.1110,0.9346,1.0368,0.1430,0.2858,0.2794,0.4709,0.5693
55.6709,6,5,18.6142,74.2842,converged,81619.04,49999.43,-1.2539,0.00,0.0000,0.2213,2.3523,0.6990,0.0410,,,,,
48.6576,7,6,20.2118,68.8689,converged,81619.04,49999.43,-1.2539,0.00,0.0000,0.5738,0.7144,1.9107,0.1251,0.0582,,,,
47.5671,7,6,20.7109,68.2779,converged,81619.04,49999.43,-1.2539,0.00,0.0000,0.2953,0.2740,0.7096,0.1218,0.0786,,,,
55.2642,6,6,25.3014,80.5655,completed,81619.05,49999.44,-1.2539,0.00,0.0000,1.3621,0.9401,3.4715,1.6925,0.2600,,,,
23.3912,10,10,44.4980,67.8891,completed,81619.05,49999.44,-1.2539,0.00,0.0000,0.9128,1.5858,1.9875,0.5023,0.4881,3.0240,2.6821,2.1327,1.8536
25.8378,10,3,9.8064,35.6434,converged,81619.05,49999.44,-1.2539,0.00,0.0000,0.2633,0.0389,,,,,,,
44.8827,8,8,29.0660,73.9480,completed,81619.05,49999.44,-1.2539,0.00,0.0000,1.1890,2.6683,2.5082,1.3264,3.0323,3.1250,2.6914,,
31.3144,10,6,19.1865,50.5006,converged,81619.05,49999.44,-1.2540,0.00,0.0000,0.3629,0.3492,0.5061,0.9502,0.0585,,,,
33.6622,10,7,23.1315,56.7935,converged,81619.05,49999.44,-1.2540,0.00,0.0000,0.5314,0.6482,0.1647,2.9332,1.7016,0.0917,,,
51.5081,7,7,27.1862,78.6943,completed,81619.06,49999.45,-1.2538,0.00,0.0000,0.4394,1.0218,1.8500,0.1848,0.1843,0.6732,,,
59.3459,5,5,21.2505,80.5955,completed,81619.06,49999.45,-1.2538,0.00,0.0000,0.1133,1.4866,0.1867,0.2632,,,,,
20.9210,10,10,36.9508,57.8718,completed,81619.06,49999.45,-1.2540,0.00,0.0000,0.5029,0.4965,0.3852,1.8250,0.9304,0.3567,0.2278,0.6825,0.9670
25.5807,10,10,38.0482,63.6282,completed,81619.06,49999.45,-1.2540,0.00,0.0000,0.4294,0.4213,0.4762,2.5067,0.5006,0.1171,0.2346,0.6515,0.9723
31.2271,10,10,34.4772,65.7043,completed,81619.06,49999.45,-1.2539,0.00,0.0000,0.0751,0.3302,0.7434,0.4154,0.3207,0.2530,0.1466,0.5855,0.5938
51.3469,7,7,28.3276,79.6736,completed,81619.06,49999.45,-1.2539,0.00,0.0000,0.4921,0.3110,1.6841,0.1494,0.3744,1.1582,,,
32.3533,10,10,38.9852,71.3382,completed,81619.06,49999.46,-1.2535,0.00,0.0000,0.6282,0.6287,0.3126,2.6781,0.8777,0.2606,0.2158,0.6868,1.0264
30.6569,10,10,36.4746,67.1307,completed,81619.06,49999.46,-1.2535,0.00,0.0000,0.7340,1.2696,2.7263,3.5708,3.4883,2.7877,2.7236,2.4384,1.9827
50.8643,7,7,32.7661,83.6302,completed,81619.06,49999.46,-1.2529,0.00,0.0000,1.4001,1.8527,4.0226,2.9440,0.2737,0.5032,,,
39.8146,9,4,16.7334,56.5474,converged,81619.06,49999.46,-1.2529,0.00,0.0000,0.7415,1.0328,0.0719,,,,,,
20.4932,10,7,23.5079,44.0009,converged,81619.06,49999.47,-1.2531,0.00,0.0000,0.5433,0.8553,0.9825,1.2239,0.6969,0.0554,,,
43.4785,8,8,34.0007,77.4787,completed,81619.06,49999.47,-1.2531,0.00,0.0000,0.4756,0.2120,2.5242,1.6508,0.3235,0.1380,0.4490,,
23.5363,10,8,29.2683,52.8043,converged,81619.06,49999.47,-1.2530,0.00,0.0000,0.3391,0.3983,0.1709,1.1800,0.1010,0.2412,0.0806,,
41.9035,8,6,17.8525,59.7556,converged,81619.06,49999.47,-1.2530,0.00,0.0000,0.4535,0.4781,1.6517,0.6711,0.0955,,,,
20.0231,10,8,25.7855,45.8085,converged,81619.06,49999.47,-1.2529,0.00,0.0000,0.4698,0.3599,0.7730,2.3538,0.6849,0.1614,0.0572,,
59.9270,5,5,19.5466,79.4727,completed,81619.06,49999.47,-1.2529,0.00,0.0000,1.2009,2.3774,0.7605,0.1857,,,,,
26.9763,10,10,33.1032,60.0792,completed,81619.06,49999.47,-1.2529,0.00,0.0000,0.7818,0.9934,0.3582,2.8327,2.2502,0.9941,0.8867,1.4088,1.2789
23.8419,10,3,9.3547,33.1958,converged,81619.06,49999.47,-1.2529,0.00,0.0000,0.2340,0.0602,,,,,,,
47.4928,7,7,27.3978,74.8898,completed,81619.07,49999.47,-1.2528,0.00,0.0000,0.5109,0.5636,2.2791,0.1197,0.2242,0.8125,,,
51.2906,7,7,23.5588,74.8489,completed,81619.07,49999.47,-1.2528,0.00,0.0000,0.0930,0.9680,0.4265,0.1196,0.1821,0.5834,,,
52.0021,6,6,23.2638,75.2659,completed,81619.07,49999.48,-1.2527,0.00,0.0000,1.5863,5.0577,7.8186,5.6413,4.3365,,,,
57.1852,6,6,23.7657,80.9508,completed,81619.07,49999.48,-1.2527,0.00,0.0000,1.4418,0.6314,2.0934,1.6217,1.8894,,,,
53.0557,6,3,10.2269,63.2819,converged,81619.07,49999.48,-1.2526,0.00,0.0000,1.0788,0.0663,,,,,,,
43.0585,8,8,31.2044,74.2787,completed,81619.07,49999.48,-1.2526,0.00,0.0000,1.1253,1.8095,0.3513,1.2583,0.4423,2.0523,1.9005,,
40.7813,8,3,8.7072,49.4883,converged,81619.07,49999.48,-1.2536,0.00,0.0000,0.3504,0.0444,,,,,,,
57.0819,6,6,25.0100,82.0910,completed,81619.07,49999.48,-1.2536,0.00,0.0000,0.1903,1.4918,0.3935,0.2409,0.6576,,,,
28.3092,10,8,26.9932,55.3022,converged,81619.07,49999.48,-1.2537,0.00,0.0000,0.5627,0.5810,0.4758,2.3228,0.1374,0.1247,0.0835,,
37.8114,9,9,32.5732,70.3842,completed,81619.07,49999.48,-1.2537,0.00,0.0000,0.8834,1.4693,1.3053,1.4873,1.7418,3.7158,2.7105,2.1109,
43.4806,8,8,25.5672,69.0473,completed,81619.08,49999.48,-1.2538,0.00,0.0000,0.1033,1.0001,1.7316,0.3003,0.2659,0.3723,0.6247,,
57.9779,6,6,32.1133,90.0904,completed,81619.08,49999.48,-1.2538,0.00,0.0000,1.2966,1.8556,1.1092,4.2333,3.1633,,,,
49.0343,7,7,29.5468,78.5808,completed,81619.08,49999.47,-1.2548,0.00,0.0000,0.7084,0.6062,2.7179,0.2374,0.2756,0.9820,,,
22.3441,10,10,39.8934,62.2374,completed,81619.08,49999.47,-1.2548,0.00,0.0000,0.1844,0.1132,0.6892,0.2846,0.1549,0.3778,0.2226,0.3307,0.5391
34.8406,9,9,44.2305,79.0706,completed,81619.09,49999.46,-1.2566,0.00,0.0000,0.6216,0.5732,1.1582,2.6580,0.1412,0.1606,1.0034,1.2693,
37.0179,9,3,10.7884,47.8054,converged,81619.09,49999.46,-1.2566,0.00,0.0000,0.3469,0.0348,,,,,,,
37.0127,9,9,36.0972,73.1093,completed,81619.09,49999.44,-1.2586,0.00,0.0000,1.5928,1.8587,1.8109,0.7770,3.2365,3.0694,2.9101,2.3433,
32.9347,10,10,36.5914,69.5255,completed,81619.09,49999.44,-1.2586,0.00,0.0000,1.0374,1.2616,2.3070,2.7588,5.4565,3.8597,3.5764,2.7049,1.9129
36.3083,9,9,50.1701,86.4781,completed,81619.09,49999.44,-1.2587,0.00,0.0000,0.8707,0.1439,2.2743,6.9090,1.7141,0.1547,0.5209,0.8442,
47.8847,7,7,27.3133,75.1973,completed,81619.09,49999.44,-1.2587,0.00,0.0000,1.7446,2.4568,1.5628,7.2600,4.3790,3.3603,,,
39.0339,9,9,35.8702,74.9033,completed,81619.10,49999.43,-1.2593,0.00,0.0000,1.6337,2.2718,3.7243,6.1990,6.1210,4.7171,4.7899,3.7148,
45.5921,8,8,30.8483,76.4403,completed,81619.10,49999.43,-1.2593,0.00,0.0000,1.4897,1.7763,2.4693,6.7504,4.4759,4.1559,2.8146,,
22.0172,10,10,55.4286,77.4456,completed,81619.11,49999.43,-1.2594,0.00,0.0000,1.2562,0.6056,2.0227,7.3208,4.2683,0.2334,0.4780,0.7971,0.9405
48.4413,7,7,24.9609,73.4019,completed,81619.11,49999.43,-1.2594,0.00,0.0000,1.5118,0.2923,2.9104,2.0226,2.3056,2.3392,,,
44.7065,8,7,22.0449,66.7509,converged,81619.11,49999.41,-1.2608,0.00,0.0000,0.6873,2.9449,9.3793,0.1614,0.1347,0.0319,,,
51.2031,7,7,25.4811,76.6842,completed,81619.11,49999.41,-1.2608,0.00,0.0000,1.8664,1.3028,0.8049,5.7758,3.9176,3.2993,,,
43.4981,8,7,23.5513,67.0493,converged,81619.12,49999.41,-1.2632,0.00,0.0000,1.1273,0.1317,4.0629,9.7060,4.3278,0.0984,,,
20.3541,10,10,34.8505,55.2045,completed,81619.12,49999.41,-1.2632,0.00,0.0000,0.9425,0.2143,1.8668,7.5721,8.0868,1.5859,0.1799,0.6324,0.8472
39.4622,9,9,38.9954,78.4574,completed,81619.12,49999.41,-1.2636,0.00,0.0000,1.5967,1.6912,1.4888,2.0484,5.7384,3.8526,3.5719,2.5896,
43.7939,8,7,23.3617,67.1548,converged,81619.12,49999.41,-1.2636,0.00,0.0000,0.3002,3.3119,12.5584,4.0598,0.1914,0.0919,,,
30.3748,10,10,50.1497,80.5238,completed,81619.12,49999.40,-1.2643,0.00,0.0000,0.1026,0.2854,1.9656,3.4954,4.0548,4.5169,5.0320,4.7382,3.8772
53.0787,6,6,22.8879,75.9660,completed,81619.12,49999.40,-1.2643,0.00,0.0000,0.9356,2.0039,10.6605,3.6705,0.7263,,,,
30.5512,10,10,43.7775,74.3286,completed,81619.13,49999.39,-1.2651,0.00,0.0000,1.4014,0.9624,0.3162,0.2182,1.0142,1.9469,2.4781,3.2000,2.9835
59.5261,5,5,21.0884,80.6145,completed,81619.13,49999.39,-1.2651,0.00,0.0000,0.1819,11.6016,6.9373,0.6173,,,,,
36.3169,9,9,32.5453,68.8613,completed,81619.13,49999.39,-1.2661,0.00,0.0000,0.7908,0.6994,2.1318,5.5593,5.0735,4.1053,4.6023,4.0250,
44.4747,8,8,41.2905,85.7645,completed,81619.13,49999.39,-1.2661,0.00,0.0000,0.8052,1.0841,3.4745,7.1045,4.9663,5.5406,4.3581,,
41.7021,8,8,33.3454,75.0475,completed,81619.14,49999.39,-1.2664,0.00,0.0000,1.4242,0.6250,0.2545,6.1580,4.3243,4.0012,2.6287,,
39.5696,9,9,38.3440,77.9130,completed,81619.14,49999.39,-1.2664,0.00,0.0000,0.7600,0.2437,0.4428,1.3595,4.9161,3.6178,2.8003,1.8133,
53.0033,6,6,35.4401,88.4432,completed,81619.14,49999.39,-1.2672,0.00,0.0000,0.7349,2.4730,3.9384,2.2604,2.6401,,,,
28.8338,10,8,28.5225,57.3555,converged,81619.14,49999.39,-1.2672,0.00,0.0000,0.8075,0.1059,3.0022,8.9585,4.5469,0.2563,0.0505,,
39.5945,9,9,37.8993,77.4934,completed,81619.15,49999.37,-1.2681,0.00,0.0000,1.0618,0.5263,0.5322,1.6549,1.8209,2.0049,2.7297,2.4617,
45.5230,8,8,28.1217,73.6438,completed,81619.15,49999.37,-1.2681,0.00,0.0000,1.4066,1.2125,2.4681,6.9306,4.8086,4.5755,3.4366,,
53.1460,6,6,22.0959,75.2420,converged,81619.15,49999.36,-1.2703,0.00,0.0000,1.3699,3.0207,12.8519,2.1112,0.0772,,,,
24.6598,10,10,40.7747,65.4337,completed,81619.15,49999.36,-1.2703,0.00,0.0000,1.0145,1.0360,1.8435,3.0538,6.2295,3.4434,4.1774,3.9560,3.1952
39.5030,9,9,30.6784,70.1814,completed,81619.15,49999.36,-1.2706,0.00,0.0000,0.8249,0.9105,2.1600,5.5012,5.7814,4.8977,4.4180,3.0820,
38.8348,9,3,10.3094,49.1435,converged,81619.15,49999.36,-1.2706,0.00,0.0000,0.9412,0.0684,,,,,,,
38.8258,9,9,31.9362,70.7612,completed,81619.15,49999.36,-1.2706,0.00,0.0000,1.0293,0.3020,1.0587,3.3165,3.8658,0.4839,1.9197,2.5036,
50.0856,7,3,11.5698,61.6548,converged,81619.15,49999.36,-1.2706,0.00,0.0000,0.7220,0.0954,,,,,,,
46.9450,7,7,22.7663,69.7113,completed,81619.15,49999.36,-1.2706,0.00,0.0000,0.3390,5.0739,13.3804,0.4455,0.1171,0.2773,,,
26.6150,10,10,38.3025,64.9175,completed,81619.15,49999.36,-1.2706,0.00,0.0000,0.6652,0.8333,2.2912,4.4680,4.7625,5.3792,5.3394,4.2151,3.0229
37.3950,9,7,30.8265,68.2215,converged,81619.15,49999.36,-1.2706,0.00,0.0000,0.8748,0.5910,5.4962,9.7751,0.3448,0.0601,,,
35.6860,9,3,9.7600,45.4460,converged,81619.15,49999.36,-1.2706,0.00,0.0000,0.7877,0.0937,,,,,,,
23.5524,10,10,43.3749,66.9269,completed,81619.15,49999.36,-1.2706,0.00,0.0000,1.4684,1.7056,1.0838,2.3034,4.3102,0.2434,2.8269,1.8951,1.7029
59.8738,5,5,19.5847,79.4577,completed,81619.15,49999.36,-1.2706,0.00,0.0000,0.4451,10.0952,1.2426,0.1279,,,,,
42.9904,8,8,30.8137,73.8037,completed,81619.15,49999.36,-1.2706,0.00,0.0000,1.0525,0.8271,0.7024,5.6171,1.5056,1.0019,1.5194,,
28.2654,10,10,35.6226,63.8877,completed,81619.15,49999.36,-1.2706,0.00,0.0000,0.2684,0.5125,1.9458,6.5528,7.1610,0.4362,0.1453,0.3498,0.5214
45.1859,8,8,30.6563,75.8413,completed,81619.15,49999.36,-1.2706,0.00,0.0000,1.6205,0.7157,3.2706,7.8561,1.6763,1.3394,1.4200,,
51.0950,7,7,24.7603,75.8553,completed,81619.15,49999.36,-1.2706,0.00,0.0000,1.4672,3.6228,8.3060,8.0023,6.1750,4.7123,,,
48.2987,7,6,18.5064,66.8044,converged,81619.15,49999.36,-1.2706,0.00,0.0000,0.9768,1.3268,6.0366,0.3184,0.0616,,,,
44.2768,8,8,28.3193,72.5953,completed,81619.15,49999.36,-1.2706,0.00,0.0000,1.6735,2.6026,3.8586,7.0581,4.6360,4.5535,3.6559,,
55.1726,6,5,21.9005,77.0726,converged,81619.15,49999.36,-1.2706,0.00,0.0000,0.9176,4.2081,0.1558,0.0787,,,,,
45.3719,8,8,30.3630,75.7341,completed,81619.15,49999.36,-1.2706,0.00,0.0000,1.3272,1.3318,2.8113,6.7156,0.2745,0.1005,0.4727,,
20.4240,10,8,26.0134,46.4375,converged,81619.15,49999.36,-1.2706,0.00,0.0000,0.4032,0.5407,3.2413,4.0636,0.3217,0.1212,0.0695,,
42.2585,8,8,30.3912,72.6493,completed,81619.15,49999.36,-1.2706,0.00,0.0000,1.0765,1.6381,0.5464,4.4141,0.6229,1.5928,1.4664,,
47.1589,7,7,40.6947,87.8528,completed,81619.15,49999.36,-1.2706,0.00,0.0000,0.9097,0.6366,4.2470,2.3958,0.1443,0.4411,,,
51.3436,7,7,32.9027,84.2457,completed,81619.15,49999.36,-1.2706,0.00,0.0000,1.0344,1.7318,1.2976,1.2954,0.5437,0.9420,,,
35.1182,9,9,32.6198,67.7378,completed,81619.15,49999.36,-1.2709,0.00,0.0000,0.5216,0.2631,1.2085,2.0138,0.1522,0.1994,0.9754,1.2695,
43.6328,8,8,26.9760,70.6080,completed,81619.15,49999.36,-1.2709,0.00,0.0000,0.5917,0.1436,2.9355,0.8553,0.1131,0.4382,0.9776,,
56.0144,6,5,18.9805,74.9945,converged,81619.15,49999.36,-1.2711,0.00,0.0000,0.5729,1.8896,0.8581,0.0664,,,,,
35.8816,9,6,17.7676,53.6487,converged,81619.15,49999.36,-1.2711,0.00,0.0000,0.3823,0.2827,1.2208,3.0717,0.0914,,,,
34.0883,9,9,32.0401,66.1281,completed,81619.15,49999.36,-1.2711,0.00,0.0000,0.6457,0.1870,1.9107,1.4854,0.1843,0.1230,0.3431,0.7134,
22.7983,10,10,35.8411,58.6391,completed,81619.15,49999.36,-1.2711,0.00,0.0000,0.6733,0.5429,0.8881,3.5157,0.6957,0.7013,0.1186,0.6143,0.9433
24.1416,10,10,41.7323,65.8733,completed,81619.16,49999.36,-1.2711,0.00,0.0000,1.0701,1.3844,1.6012,0.9748,2.7737,3.5863,3.1370,2.4857,1.9973
54.1747,6,6,21.1221,75.2961,completed,81619.16,49999.36,-1.2711,0.00,0.0000,0.1804,2.8598,0.4672,0.1025,0.3676,,,,
31.6200,10,8,26.0326,57.6516,converged,81619.16,49999.36,-1.2711,0.00,0.0000,0.7474,0.6088,0.9921,3.1242,0.9509,0.2695,0.0986,,
27.7416,10,3,10.0635,37.8046,converged,81619.16,49999.36,-1.2711,0.00,0.0000,0.4215,0.0458,,,,,,,
46.2166,7,7,25.3689,71.5849,completed,81619.16,49999.37,-1.2711,0.00,0.0000,0.7059,0.6326,2.9427,0.2266,0.2056,0.3183,,,
41.9137,8,8,29.3631,71.2761,completed,81619.16,49999.37,-1.2711,0.00,0.0000,0.3913,0.7299,2.9759,0.5052,1.1742,2.6641,1.7620,,
36.3102,9,9,30.7786,67.0886,completed,81619.16,49999.37,-1.2711,0.00,0.0000,0.8547,0.7018,1.5539,3.5432,0.5680,0.2403,0.2812,0.7615,
29.9068,10,10,41.7127,71.6187,completed,81619.16,49999.37,-1.2711,0.00,0.0000,1.2238,2.0355,3.7492,3.5137,3.8433,2.4732,2.9329,2.7602,2.2358
35.9497,9,9,40.1712,76.1202,completed,81619.16,49999.37,-1.2711,0.00,0.0000,1.0441,1.7724,2.0466,0.5709,4.0254,2.8864,2.6500,2.1646,
31.7077,10,10,34.0508,65.7578,completed,81619.16,49999.37,-1.2711,0.00,0.0000,1.0213,1.5662,2.4576,1.2876,1.1689,2.2615,2.3092,2.5027,2.2278
21.0055,10,8,27.5114,48.5164,converged,81619.16,49999.37,-1.2711,0.00,0.0000,0.5600,0.5280,0.3999,3.1582,1.0725,0.1643,0.0647,,
56.0547,6,6,23.0024,79.0565,completed,81619.16,49999.37,-1.2711,0.00,0.0000,0.7756,1.6125,1.6660,0.1010,0.2912,,,,
36.2628,9,3,10.7808,47.0429,converged,81619.16,49999.37,-1.2711,0.00,0.0000,0.4956,0.0189,,,,,,,
59.1599,5,5,20.7088,79.8678,completed,81619.16,49999.37,-1.2711,0.00,0.0000,0.7320,3.1749,0.3624,0.2927,,,,,
57.5123,6,6,34.1274,91.6394,completed,81619.16,49999.37,-1.2711,0.00,0.0000,0.3389,3.2381,1.2422,0.1082,0.3338,,,,
55.6136,6,6,25.8193,81.4324,completed,81619.16,49999.37,-1.2711,0.00,0.0000,1.2390,0.9971,4.4477,0.9802,0.1405,,,,
28.7949,10,3,11.4076,40.2016,converged,81619.16,49999.37,-1.2711,0.00,0.0000,0.3579,0.0257,,,,,,,
27.8826,10,10,34.7652,62.6472,completed,81619.16,49999.37,-1.2711,0.00,0.0000,0.7576,0.6576,0.9623,3.2970,0.7214,0.1216,0.2391,0.5712,0.8053
45.2482,8,8,27.5736,72.8216,completed,81619.16,49999.37,-1.2711,0.00,0.0000,1.3783,2.6878,3.6485,4.4884,3.2969,3.2993,2.6962,,
35.0984,9,9,37.4944,72.5925,completed,81619.16,49999.37,-1.2711,0.00,0.0000,1.0126,2.2075,5.0610,5.4937,4.6865,3.3485,3.3470,2.5348,
43.4265,8,7,31.6580,75.0840,converged,81619.16,49999.37,-1.2711,0.00,0.0000,0.6113,0.1879,3.9718,1.6770,0.1026,0.0680,,,
43.4213,8,8,36.9157,80.3368,completed,81619.16,49999.37,-1.2711,0.00,0.0000,0.8992,0.7662,2.2731,3.2712,0.9803,0.2141,0.6866,,
24.9281,10,10,42.2202,67.1482,completed,81619.16,49999.37,-1.2711,0.00,0.0000,0.5277,0.5866,0.1791,3.3841,1.5243,0.5121,2.2067,1.7426,1.2918
24.5403,10,10,33.2797,57.8197,completed,81619.16,49999.37,-1.2711,0.00,0.0000,0.5978,0.6834,0.3097,2.4628,1.5016,0.1031,0.9307,1.3833,1.2409
26.2513,10,8,28.0983,54.3494,converged,81619.16,49999.37,-1.2711,0.00,0.0000,0.4913,0.4490,0.7806,2.3755,0.1676,0.1312,0.0849,,
26.1994,10,10,35.9595,62.1585,completed,81619.16,49999.37,-1.2711,0.00,0.0000,0.9145,1.4877,2.6246,1.4970,0.8258,1.7077,2.2729,2.6280,2.4300
37.6448,9,6,23.2535,60.8975,converged,81619.16,49999.37,-1.2711,0.00,0.0000,0.2433,0.3383,1.3463,0.3774,0.0688,,,,
57.2811,6,6,28.8682,86.1492,completed,81619.16,49999.37,-1.2711,0.00,0.0000,1.2105,0.4194,4.2075,0.4822,0.4587,,,,
47.4481,7,7,36.3438,83.7919,completed,81619.16,49999.37,-1.2711,0.00,0.0000,1.1577,2.5186,0.5359,1.6648,2.3451,2.5919,,,
53.9916,6,5,17.8336,71.8247,converged,81619.16,49999.37,-1.2711,0.00,0.0000,0.3813,1.7744,0.6031,0.0399,,,,,
46.7835,7,3,8.8423,55.6254,converged,81619.16,49999.37,-1.2711,0.00,0.0000,0.8060,0.0745,,,,,,,
45.6954,8,6,26.9999,72.6950,converged,81619.16,49999.37,-1.2711,0.00,0.0000,0.2116,0.9563,1.5499,0.1138,0.0928,,,,
58.8258,5,5,24.3428,83.1679,completed,81619.16,49999.37,-1.2711,0.00,0.0000,0.9940,3.5028,0.7145,1.2575,,,,,
21.5354,10,10,40.3532,61.8883,completed,81619.16,49999.37,-1.2711,0.00,0.0000,0.5551,0.3913,0.8828,3.8625,1.2766,0.3145,0.2821,0.6755,0.9674
59.7354,5,5,20.6745,80.4096,completed,81619.16,49999.37,-1.2711,0.00,0.0000,2.0874,0.9770,0.5136,1.5618,,,,,
52.7839,6,6,21.9631,74.7462,completed,81619.16,49999.37,-1.2711,0.00,0.0000,1.1617,2.4571,4.2039,0.3474,0.7118,,,,
49.3108,7,7,29.1761,78.4861,completed,81619.16,49999.37,-1.2711,0.00,0.0000,1.3260,1.0332,2.6732,1.3294,0.1620,1.1894,,,
55.9301,6,6,25.7878,81.7178,completed,81619.16,49999.37,-1.2711,0.00,0.0000,1.0218,0.9337,2.2047,0.1361,0.3574,,,,
34.2130,9,9,34.3642,68.5789,completed,81619.16,49999.37,-1.2711,0.00,0.0000,1.2545,2.3965,4.5013,3.3993,4.5557,4.0985,3.4421,2.4188,
33.3850,10,3,13.0348,46.4198,converged,81619.16,49999.37,-1.2711,0.00,0.0000,0.3286,0.0602,,,,,,,
54.0887,6,3,11.1858,65.2739,converged,81619.16,49999.37,-1.2711,0.00,0.0000,1.1670,0.0289,,,,,,,
58.0940,5,5,22.7733,80.8673,completed,81619.16,49999.37,-1.2711,0.00,0.0000,0.6462,3.9352,0.7252,0.2058,,,,,
29.7483,10,10,45.7014,75.4495,completed,81619.16,49999.37,-1.2711,0.00,0.0000,1.0281,1.4767,1.0704,3.2732,3.0549,0.5210,0.1456,0.5365,0.8420
52.3813,6,6,23.7144,76.0955,completed,81619.16,49999.37,-1.2711,0.00,0.0000,1.2234,0.4923,1.5833,1.6980,2.0511,,,,
53.7243,6,3,10.0152,63.7393,converged,81619.16,49999.37,-1.2711,0.00,0.0000,1.3265,0.0512,,,,,,,
55.7115,6,6,29.2777,84.9887,completed,81619.16,49999.37,-1.2711,0.00,0.0000,1.5591,0.6366,3.5195,1.6363,0.1593,,,,
33.0838,10,10,44.3887,77.4718,completed,81619.16,49999.37,-1.2711,0.00,0.0000,0.7728,1.2702,1.9931,0.2645,1.4522,0.9377,2.3305,2.0386,1.8042
27.9654,10,10,38.0835,66.0486,completed,81619.16,49999.37,-1.2711,0.00,0.0000,0.8844,1.0952,0.6093,2.0961,1.5569,1.2040,1.0908,1.2855,1.2161
56.1802,6,5,26.2081,82.3881,converged,81619.16,49999.37,-1.2711,0.00,0.0000,0.6237,2.0768,1.1411,0.0459,,,,,
49.0521,7,7,36.8778,85.9299,completed,81619.16,49999.37,-1.2711,0.00,0.0000,1.1533,1.8118,1.3423,0.5206,2.3064,2.3361,,,
38.7641,9,7,28.8640,67.6281,converged,81619.16,49999.37,-1.2711,0.00,0.0000,0.6146,0.3425,1.9856,1.9597,0.1730,0.0723,,,
58.2969,5,5,23.7525,82.0485,completed,81619.16,49999.37,-1.2711,0.00,0.0000,0.3875,2.2960,0.1065,0.2588,,,,,
48.7075,7,7,25.3895,74.0966,completed,81619.16,49999.37,-1.2711,0.00,0.0000,1.3771,3.4012,4.2075,4.7727,3.5366,3.1208,,,
20.9026,10,6,26.2047,47.1068,converged,81619.16,49999.37,-1.2711,0.00,0.0000,0.1754,0.3455,1.5847,0.9686,0.0485,,,,
48.1621,7,7,34.2080,82.3700,completed,81619.16,49999.37,-1.2711,0.00,0.0000,0.1122,2.2353,1.3968,0.1161,0.2875,0.8128,,,
38.4601,9,9,41.3781,79.8381,completed,81619.16,49999.37,-1.2711,0.00,0.0000,0.6971,0.6202,0.8119,3.8236,1.6856,3.5664,2.1582,1.7015,
43.0133,8,6,24.9313,67.9444,converged,81619.16,49999.37,-1.2711,0.00,0.0000,0.2539,0.9338,2.1911,0.1013,0.0638,,,,
20.4131,10,10,43.1024,63.5155,completed,81619.16,49999.37,-1.2711,0.00,0.0000,0.5707,0.3189,0.9607,2.4844,0.8348,0.7824,0.4306,0.9319,1.1035
22.3939,10,10,51.0130,73.4061,completed,81619.16,49999.37,-1.2711,0.00,0.0000,0.6744,1.0367,2.7559,3.6753,3.5589,1.7691,2.1716,2.7145,2.4749
21.6892,10,10,45.1842,66.8732,completed,81619.16,49999.37,-1.2711,0.00,0.0000,0.8166,0.9578,0.4770,2.4515,1.7177,0.5421,2.4021,1.6695,1.4101
49.5809,7,7,30.1490,79.7290,completed,81619.16,49999.37,-1.2711,0.00,0.0000,1.7982,5.1352,6.3639,5.4040,4.9585,4.0254,,,
58.4713,5,5,18.4505,76.9216,completed,81619.16,49999.37,-1.2711,0.00,0.0000,1.1549,4.6359,0.6393,0.1525,,,,,
52.5972,6,6,21.6675,74.2645,completed,81619.16,49999.37,-1.2711,0.00,0.0000,0.8063,2.0754,2.9635,0.2033,0.5673,,,,
20.9802,10,7,23.6149,44.5949,converged,81619.16,49999.37,-1.2711,0.00,0.0000,0.2864,0.1314,1.7892,2.1670,0.1505,0.0732,,,
52.3810,6,5,27.0027,79.3837,converged,81619.16,49999.37,-1.2711,0.00,0.0000,0.5818,2.3637,1.1879,0.0785,,,,,
44.7014,8,8,31.0264,75.7274,completed,81619.16,49999.37,-1.2711,0.00,0.0000,0.2035,1.0352,2.1053,0.1799,0.2963,0.3370,0.6883,,
35.3712,9,7,26.2594,61.6305,converged,81619.16,49999.37,-1.2711,0.00,0.0000,0.6580,0.2274,2.5008,2.6628,0.3541,0.0316,,,
23.4068,10,10,56.7223,80.1284,completed,81619.16,49999.37,-1.2711,0.00,0.0000,0.6309,0.8912,0.7163,2.4219,2.1504,0.7512,1.9813,1.5148,1.3483
58.4579,5,5,30.1365,88.5935,completed,81619.16,49999.37,-1.2711,0.00,0.0000,2.8497,6.8687,6.3343,5.9707,,,,,
57.5670,6,5,14.8535,72.4195,converged,81619.16,49999.37,-1.2711,0.00,0.0000,1.2044,1.5463,2.6925,0.0943,,,,,
20.6726,10,10,48.0558,68.7278,completed,81619.16,49999.37,-1.2711,0.00,0.0000,0.7632,0.7620,0.3229,3.8962,1.2436,0.3655,0.2496,0.7966,1.1338
34.5924,9,7,27.3062,61.8983,converged,81619.16,49999.37,-1.2711,0.00,0.0000,0.5309,0.2339,1.7040,1.8029,0.1226,0.0337,,,
49.4052,7,7,29.3128,78.7179,completed,81619.16,49999.37,-1.2711,0.00,0.0000,0.8104,0.4583,4.1270,1.3665,0.2200,0.5273,,,
34.7348,9,7,22.8218,57.5559,converged,81619.16,49999.37,-1.2711,0.00,0.0000,0.3560,0.2418,2.1001,1.1588,0.1884,0.0778,,,
22.0496,10,10,49.8535,71.9025,completed,81619.16,49999.37,-1.2711,0.00,0.0000,0.5522,0.3767,0.8816,2.9453,0.4764,0.2943,0.1489,0.5699,0.8553
56.4878,6,6,35.2507,91.7377,completed,81619.16,49999.37,-1.2711,0.00,0.0000,2.6695,7.0577,8.2447,4.7702,4.7228,,,,
38.6467,9,9,27.0248,65.6708,completed,81619.16,49999.37,-1.2711,0.00,0.0000,0.3166,0.1155,1.7553,0.8626,0.1723,0.1107,0.2912,0.6854,
37.5629,9,6,20.5439,58.1060,converged,81619.16,49999.37,-1.2711,0.00,0.0000,0.2706,0.5482,2.0108,0.5272,0.0652,,,,
39.0451,9,9,37.1112,76.1562,completed,81619.16,49999.37,-1.2711,0.00,0.0000,0.8073,0.8980,0.3803,3.5701,2.0199,0.1163,1.3136,1.4069,
33.9450,10,8,28.1234,62.0685,converged,81619.16,49999.37,-1.2711,0.00,0.0000,0.5893,0.5925,0.4362,2.3778,0.7407,0.2062,0.0318,,
39.7096,9,7,28.3247,68.0338,converged,81619.16,49999.37,-1.2711,0.00,0.0000,0.8491,0.9293,0.7215,4.1520,1.0326,0.0871,,,
34.7956,9,9,37.5834,72.3784,completed,81619.16,49999.37,-1.2711,0.00,0.0000,0.7761,0.6454,1.5237,2.7994,0.2624,0.1420,0.4376,0.8412,
35.5925,9,9,35.9109,71.5030,completed,81619.16,49999.37,-1.2711,0.00,0.0000,0.9758,1.5771,0.9695,4.1473,3.3326,1.0954,0.2573,0.6693,
51.2677,7,7,29.5460,80.8130,completed,81619.16,49999.37,-1.2711,0.00,0.0000,0.5767,1.4598,2.9155,0.1149,0.2201,0.8952,,,
29.5794,10,10,44.3133,73.8924,completed,81619.16,49999.37,-1.2711,0.00,0.0000,0.8220,0.7286,0.1372,2.4173,1.1796,0.3604,1.6327,1.4967,1.2587
24.5553,10,10,36.5723,61.1274,completed,81619.16,49999.37,-1.2711,0.00,0.0000,0.5946,0.3305,0.9860,3.3510,1.0543,0.1140,0.1202,0.5377,0.8630
20.2882,10,10,49.6910,69.9790,completed,81619.16,49999.37,-1.2711,0.00,0.0000,0.4553,0.6641,0.3413,2.1849,0.6347,0.3602,0.1520,0.2896,0.6540
45.8638,8,6,30.7589,76.6219,converged,81619.16,49999.37,-1.2711,0.00,0.0000,0.0985,1.5625,2.3205,0.1024,0.0932,,,,
51.8744,7,6,22.4074,74.2814,converged,81619.16,49999.37,-1.2712,0.00,0.0000,0.6479,0.7916,3.2503,0.3827,0.0598,,,,
30.4307,10,3,10.8458,41.2758,converged,81619.16,49999.37,-1.2712,0.00,0.0000,0.4072,0.0275,,,,,,,
26.4114,10,10,36.1116,62.5226,completed,81619.16,49999.37,-1.2713,0.00,0.0000,0.8238,1.1670,1.4795,1.3567,0.6627,1.8456,2.5645,2.1200,1.8079
20.7665,10,8,31.4457,52.2118,converged,81619.16,49999.37,-1.2713,0.00,0.0000,0.1538,0.9196,1.3584,0.4653,0.2776,0.6832,0.0402,,
39.8856,9,7,28.1584,68.0434,converged,81619.16,49999.37,-1.2713,0.00,0.0000,0.3312,0.2361,1.8193,0.7521,0.1203,0.0977,,,
54.9436,6,3,12.9599,67.9030,converged,81619.16,49999.37,-1.2713,0.00,0.0000,1.4070,0.0506,,,,,,,
24.7434,10,7,19.4959,44.2389,converged,81619.16,49999.37,-1.2713,0.00,0.0000,0.4193,0.1056,1.4467,2.4045,0.4038,0.0837,,,
44.8808,8,8,30.8977,75.7777,completed,81619.16,49999.37,-1.2713,0.00,0.0000,1.1416,1.7260,0.3508,3.5989,2.3324,0.3944,0.8808,,
52.3409,6,6,34.5151,86.8552,completed,81619.16,49999.37,-1.2713,0.00,0.0000,0.6779,1.2007,3.0183,0.8894,0.3871,,,,
50.0325,7,6,21.1334,71.1655,converged,81619.16,49999.37,-1.2713,0.00,0.0000,0.5451,1.3345,4.4577,0.4155,0.0419,,,,
26.9398,10,10,47.4683,74.4074,completed,81619.16,49999.37,-1.2713,0.00,0.0000,0.8144,1.2632,2.1742,0.8052,0.8203,0.2826,1.9202,2.1194,1.9681
22.3691,10,7,27.5798,49.9488,converged,81619.16,49999.37,-1.2713,0.00,0.0000,0.5422,0.2865,1.1110,2.1467,0.3145,0.0995,,,
45.4685,8,8,30.5622,76.0302,completed,81619.16,49999.37,-1.2713,0.00,0.0000,0.8639,1.0852,0.1821,3.0938,0.2777,1.6869,1.6987,,
36.7753,9,9,32.4477,69.2228,completed,81619.16,49999.37,-1.2713,0.00,0.0000,0.8625,1.7262,3.3834,3.0232,5.1814,5.0251,3.5194,2.2254,
51.4803,7,7,30.7721,82.2521,completed,81619.16,49999.37,-1.2713,0.00,0.0000,1.4574,3.5015,3.4152,6.0641,3.5791,3.3823,,,
36.4051,9,9,35.8748,72.2798,completed,81619.16,49999.37,-1.2713,0.00,0.0000,0.8671,0.5647,1.9925,3.1433,0.4667,0.1573,0.9985,1.3452,
21.1579,10,10,38.4296,59.5867,completed,81619.16,49999.37,-1.2713,0.00,0.0000,0.8502,0.8629,0.8535,0.4446,0.6298,1.2891,2.1634,1.8650,1.7633
25.5373,10,8,28.1903,53.7274,converged,81619.16,49999.37,-1.2713,0.00,0.0000,0.4704,0.3193,0.8477,2.7728,0.8276,0.1366,0.0241,,
22.9453,10,3,10.4918,33.4369,converged,81619.16,49999.37,-1.2713,0.00,0.0000,0.3988,0.0971,,,,,,,
37.3052,9,9,38.3622,75.6673,completed,81619.16,49999.37,-1.2713,0.00,0.0000,0.5672,0.4860,0.6895,3.9746,1.1873,0.7451,0.7087,1.1496,
52.2797,6,6,27.1817,79.4607,completed,81619.16,49999.37,-1.2713,0.00,0.0000,1.0929,0.8777,4.4608,0.4583,0.5379,,,,
22.7103,10,10,40.8752,63.5852,completed,81619.16,49999.37,-1.2713,0.00,0.0000,0.6172,0.5065,0.3072,3.8618,3.0286,0.6646,0.1271,0.4238,0.8238
27.9918,10,6,25.3997,53.3907,converged,81619.16,49999.37,-1.2713,0.00,0.0000,0.1537,0.3599,1.3683,0.8463,0.0701,,,,
48.0752,7,7,44.3988,92.4738,completed,81619.16,49999.37,-1.2713,0.00,0.0000,0.9990,0.7054,3.8472,0.7541,0.3356,1.0697,,,
47.0266,7,7,29.4285,76.4546,completed,81619.16,49999.37,-1.2713,0.00,0.0000,1.1068,0.5480,4.2404,1.8583,0.4316,0.4929,,,
22.8433,10,8,27.3804,50.2235,converged,81619.16,49999.37,-1.2713,0.00,0.0000,0.6767,0.6982,0.3960,2.9503,0.7275,0.3838,0.0641,,
37.8270,9,9,34.0955,71.9215,completed,81619.16,49999.37,-1.2713,0.00,0.0000,0.3787,0.6461,1.7222,0.5874,0.9690,1.8825,2.4174,2.2952,
47.8959,7,7,24.3391,72.2341,completed,81619.16,49999.37,-1.2713,0.00,0.0000,2.3927,3.0286,2.4980,2.9298,2.7394,2.4303,,,
32.0784,10,10,38.5862,70.6642,completed,81619.16,49999.37,-1.2713,0.00,0.0000,1.9903,3.4739,5.0410,2.9137,2.9924,2.0243,2.4899,2.9117,2.5875
50.3437,7,7,26.8756,77.2186,completed,81619.16,49999.37,-1.2713,0.00,0.0000,0.3633,1.5090,3.1185,0.3208,1.2553,1.4715,,,
23.2887,10,10,43.1582,66.4463,completed,81619.16,49999.37,-1.2713,0.00,0.0000,1.0910,0.9874,1.4471,3.7174,0.2166,0.4140,0.1875,0.8563,1.2122
20.8599,10,7,22.8111,43.6701,converged,81619.16,49999.37,-1.2713,0.00,0.0000,0.6233,0.1176,1.9200,2.0220,0.1724,0.0411,,,
59.0735,5,5,22.9907,82.0637,completed,81619.16,49999.37,-1.2713,0.00,0.0000,0.9254,4.9886,0.3756,0.1361,,,,,
32.1925,10,7,26.0835,58.2755,converged,81619.16,49999.37,-1.2713,0.00,0.0000,0.8999,0.8737,1.0887,3.1765,0.2516,0.0579,,,
31.3842,10,8,36.2442,67.6282,converged,81619.16,49999.37,-1.2713,0.00,0.0000,0.8376,0.1239,2.6681,2.0086,0.2695,0.1236,0.0596,,
57.8374,6,6,24.0406,81.8776,completed,81619.16,49999.37,-1.2713,0.00,0.0000,3.5880,4.8324,4.6051,3.4745,3.6093,,,,
21.0369,10,7,23.7228,44.7588,converged,81619.16,49999.37,-1.2713,0.00,0.0000,0.8412,0.4661,1.8782,2.1021,0.1199,0.0879,,,
53.5817,6,6,27.5196,81.1006,completed,81619.16,49999.37,-1.2713,0.00,0.0000,1.7600,1.5830,2.3430,0.2247,0.4233,,,,
40.6590,8,8,27.0939,67.7520,completed,81619.16,49999.37,-1.2713,0.00,0.0000,1.5705,1.7345,2.5748,2.2325,2.6752,2.0629,1.5999,,
34.5860,9,6,19.5495,54.1355,converged,81619.16,49999.37,-1.2719,0.00,0.0000,0.7460,0.3336,2.0308,0.8733,0.0280,,,,
32.5802,10,10,39.0205,71.6006,completed,81619.16,49999.37,-1.2719,0.00,0.0000,1.7024,2.2958,2.3602,2.2127,5.6364,0.1677,2.1323,1.6295,1.4483
50.7423,7,7,41.6852,92.4272,completed,81619.16,49999.37,-1.2719,0.00,0.0000,1.8754,1.1581,5.4132,1.7156,0.1294,0.3844,,,
47.3581,7,7,32.5442,79.9022,completed,81619.16,49999.37,-1.2719,0.00,0.0000,2.0939,1.7161,6.6541,2.1168,0.1859,0.3290,,,
37.1772,9,6,18.7584,55.9354,converged,81619.16,49999.37,-1.2719,0.00,0.0000,0.6604,0.3186,2.6475,0.5919,0.0600,,,,
47.4026,7,7,27.6140,75.0160,completed,81619.16,49999.37,-1.2719,0.00,0.0000,1.2752,0.7329,3.4246,0.2367,0.2975,0.9292,,,
31.1149,10,7,27.0155,58.1295,converged,81619.16,49999.37,-1.2719,0.00,0.0000,0.4780,0.1251,1.9234,0.9971,0.1001,0.0541,,,
52.6157,6,5,16.3025,68.9175,converged,81619.16,49999.37,-1.2719,0.00,0.0000,2.0178,1.8223,4.5569,0.0928,,,,,
44.3424,8,8,30.0779,74.4199,completed,81619.16,49999.37,-1.2719,0.00,0.0000,2.1428,2.9960,0.4768,3.3666,3.5992,2.7108,2.1602,,
48.4812,7,7,21.8582,70.3392,completed,81619.16,49999.37,-1.2719,0.00,0.0000,1.3926,0.1867,3.5572,0.2968,0.1215,0.4716,,,
56.0206,6,6,21.1908,77.2108,completed,81619.16,49999.37,-1.2719,0.00,0.0000,2.7276,1.3026,3.9158,1.2919,1.6420,,,,
26.9610,10,10,54.6793,81.6404,completed,81619.16,49999.37,-1.2719,0.00,0.0000,1.5516,2.1468,2.4428,1.8907,4.7746,4.5353,2.5084,1.8360,1.6843
37.9252,9,9,43.8018,81.7268,completed,81619.16,49999.37,-1.2719,0.00,0.0000,1.2004,0.9343,1.2695,5.7655,0.6499,0.1438,0.7537,1.1525,
33.9632,10,8,22.9259,56.8890,converged,81619.16,49999.37,-1.2719,0.00,0.0000,1.1038,1.1379,0.9448,4.4667,0.7101,0.1312,0.0442,,
49.6156,7,7,43.1651,94.8484,completed,81619.16,49999.37,-1.2719,0.00,0.0000,0.8133,1.5650,1.8304,0.1008,0.2159,0.5264,,,
30.1498,10,4,23.3164,53.4655,converged,81619.16,49999.37,-1.2719,0.00,0.0000,0.9589,1.1617,0.0653,,,,,,
59.9137,5,5,19.6493,79.5624,completed,81619.16,49999.37,-1.2719,0.00,0.0000,3.1279,2.3737,0.4718,1.3344,,,,,
22.1874,10,10,38.2905,60.4776,completed,81619.16,49999.37,-1.2719,0.00,0.0000,1.3541,1.5832,0.5098,4.1725,0.4914,0.6117,1.2409,1.3268,1.2674
22.7324,10,10,40.1424,62.8744,completed,81619.16,49999.37,-1.2719,0.00,0.0000,1.1883,1.2529,0.8260,4.2852,0.8922,0.2704,0.3057,0.7384,1.0500
39.4668,9,7,42.5878,82.0538,converged,81619.16,49999.37,-1.2719,0.00,0.0000,1.1009,1.4151,1.1571,4.1255,0.1953,0.0749,,,
45.4616,8,8,25.5052,70.9663,completed,81619.16,49999.37,-1.2719,0.00,0.0000,2.2820,3.4803,2.4388,2.9762,2.3562,2.8825,2.5029,,
48.5123,7,7,40.9911,89.5031,completed,81619.16,49999.37,-1.2719,0.00,0.0000,2.3713,3.0565,3.1317,3.6888,3.1048,2.4639,,,
21.1074,10,10,29.4101,50.5171,completed,81619.16,49999.37,-1.2719,0.00,0.0000,1.7764,2.7187,3.4786,1.1718,2.4761,2.5808,2.6101,2.3018,1.8598
59.5823,5,5,28.9368,88.5188,completed,81619.16,49999.37,-1.2719,0.00,0.0000,1.5671,4.9125,0.5855,0.6425,,,,,
56.9746,6,6,35.9011,92.8752,completed,81619.16,49999.37,-1.2719,0.00,0.0000,2.4597,0.2698,4.3665,2.8523,2.1691,,,,
43.4796,8,8,28.2397,71.7187,completed,81619.16,49999.37,-1.2719,0.00,0.0000,2.0044,2.0419,2.7176,4.8587,0.4047,1.4207,1.3004,,
35.6101,9,3,15.7843,51.3944,converged,81619.16,49999.37,-1.2719,0.00,0.0000,0.8496,0.0464,,,,,,,
21.7823,10,8,32.0873,53.8694,converged,81619.16,49999.37,-1.2719,0.00,0.0000,0.7847,0.2706,2.1659,2.1500,0.2747,0.1175,0.0670,,
25.8731,10,10,43.0589,68.9319,completed,81619.16,49999.37,-1.2719,0.00,0.0000,1.3585,1.7784,0.2213,5.3930,2.0917,0.2678,0.2032,0.8501,1.2572
36.7934,9,9,40.0095,76.8025,completed,81619.16,49999.37,-1.2719,0.00,0.0000,1.9390,2.9545,1.3831,5.9429,3.4087,0.9891,0.1199,0.5780,
42.4341,8,8,31.9717,74.4057,completed,81619.16,49999.37,-1.2719,0.00,0.0000,2.4006,3.2737,1.4086,1.0461,2.8245,2.8867,2.5359,,
58.7530,5,5,20.0338,78.7858,completed,81619.16,49999.37,-1.2719,0.00,0.0000,2.3397,4.8489,0.7782,0.3780,,,,,
21.6356,10,10,39.1024,60.7375,completed,81619.16,49999.37,-1.2719,0.00,0.0000,1.3624,1.6303,0.5272,4.3668,2.6263,2.2176,2.6335,1.7190,1.5909
47.8214,7,6,28.3505,76.1715,converged,81619.16,49999.37,-1.2719,0.00,0.0000,0.4661,2.6107,1.6999,0.2359,0.0503,,,,
30.3856,10,10,37.3447,67.7298,completed,81619.16,49999.37,-1.2719,0.00,0.0000,1.4401,1.9038,1.8946,2.8290,1.6533,4.1467,2.2866,2.0457,1.9259
58.8224,5,5,19.6985,78.5205,converged,81619.16,49999.37,-1.2719,0.00,0.0000,2.6335,2.4843,1.3089,0.0853,,,,,
54.3440,6,6,32.9363,87.2804,completed,81619.16,49999.37,-1.2719,0.00,0.0000,1.4672,1.7837,2.2455,0.1553,0.3743,,,,
25.3272,10,10,39.4166,64.7464,completed,81619.16,49999.37,-1.2719,0.00,0.0000,1.8140,2.6949,4.2673,4.3069,4.1432,2.4115,3.3779,3.1833,2.6128
50.1739,7,7,29.1115,79.2845,completed,81619.16,49999.37,-1.2719,0.00,0.0000,2.6898,4.1984,1.0958,0.6243,1.4096,2.3413,,,
22.5713,10,10,33.2921,55.8632,completed,81619.16,49999.37,-1.2719,0.00,0.0000,0.6927,0.5812,1.2121,1.5706,0.1041,0.1715,0.1164,0.4498,0.8922
47.7057,7,6,28.4442,76.1492,converged,81619.16,49999.37,-1.2719,0.00,0.0000,1.3229,0.4585,3.5620,0.2181,0.0387,,,,
54.7745,6,5,22.1790,76.9531,converged,81619.16,49999.37,-1.2719,0.00,0.0000,1.0369,3.1034,1.2041,0.0887,,,,,
47.2151,7,6,29.5088,76.7239,converged,81619.16,49999.37,-1.2719,0.00,0.0000,1.6576,0.1143,4.6744,0.3944,0.0304,,,,
32.3579,10,7,30.0111,62.3682,converged,81619.16,49999.37,-1.2719,0.00,0.0000,0.7979,0.5198,1.6300,2.3063,0.2305,0.0824,,,
53.2230,6,6,26.1889,79.4109,completed,81619.16,49999.37,-1.2719,0.00,0.0000,2.6718,1.4611,5.4011,0.6458,1.0475,,,,
46.0916,7,7,21.3545,67.4455,completed,81619.16,49999.37,-1.2719,0.00,0.0000,1.9750,0.7592,6.3036,0.6739,2.3894,1.7535,,,
47.9727,7,6,24.1438,72.1158,converged,81619.16,49999.37,-1.2719,0.00,0.0000,1.1506,0.6437,2.5254,0.2067,0.0408,,,,
50.7296,7,7,35.3141,86.0431,completed,81619.16,49999.37,-1.2719,0.00,0.0000,1.5797,1.1150,4.5841,0.1013,0.4739,0.4979,,,
20.9791,10,10,47.9537,68.9327,completed,81619.16,49999.37,-1.2719,0.00,0.0000,1.3531,1.7208,0.5323,4.2156,2.3426,1.9864,1.2435,1.1864,1.2127
32.6975,10,10,32.8903,65.5873,completed,81619.16,49999.37,-1.2719,0.00,0.0000,1.0000,1.1204,0.6284,3.5125,0.5116,0.3054,0.2252,0.7590,1.0797
57.0499,6,6,23.1290,80.1780,completed,81619.16,49999.37,-1.2719,0.00,0.0000,2.0851,1.3604,3.6466,0.1031,0.5650,,,,
27.2571,10,7,20.7996,48.0566,converged,81619.16,49999.37,-1.2719,0.00,0.0000,0.9744,0.6962,1.8406,3.6222,0.5228,0.0310,,,
47.1318,7,7,25.5183,72.6493,completed,81619.16,49999.37,-1.2719,0.00,0.0000,2.6620,3.2782,0.7191,5.2009,3.3047,2.9200,,,
33.6814,10,6,23.1604,56.8414,converged,81619.16,49999.37,-1.2719,0.00,0.0000,0.7708,0.6164,1.3476,2.3377,0.0688,,,,
59.7940,5,5,17.6913,77.4853,completed,81619.16,49999.37,-1.2719,0.00,0.0000,2.9175,3.7749,1.8065,0.3642,,,,,
51.2750,7,6,19.0294,70.3044,converged,81619.16,49999.37,-1.2719,0.00,0.0000,1.3361,0.5489,3.3822,0.1791,0.0462,,,,
25.2696,10,10,43.4675,68.7365,completed,81619.16,49999.37,-1.2719,0.00,0.0000,1.5300,3.1599,5.4344,2.6665,3.1819,1.9327,2.5348,2.5692,2.1404
36.3380,9,7,20.6964,57.0334,converged,81619.16,49999.37,-1.2719,0.00,0.0000,0.9634,0.6370,2.8172,1.9114,0.1170,0.0766,,,
59.4342,5,5,20.8834,80.3175,completed,81619.16,49999.37,-1.2719,0.00,0.0000,1.7496,3.8313,0.7827,0.2951,,,,,
52.1151,6,6,20.4908,72.6059,completed,81619.16,49999.37,-1.2719,0.00,0.0000,2.8871,3.2181,1.2520,3.6759,3.1793,,,,
59.0219,5,5,20.0760,79.0970,completed,81619.16,49999.37,-1.2719,0.00,0.0000,0.4562,2.8182,0.2037,0.1024,,,,,
52.0531,6,5,14.1359,66.1890,converged,81619.16,49999.37,-1.2719,0.00,0.0000,1.2644,1.5906,1.4880,0.0777,,,,,
42.0822,8,6,26.9030,68.9850,converged,81619.16,49999.37,-1.2719,0.00,0.0000,1.1203,0.3598,3.9912,0.7501,0.0714,,,,
50.2689,7,7,41.8509,92.1189,completed,81619.16,49999.37,-1.2719,0.00,0.0000,2.8438,4.5480,2.4187,3.5954,3.2463,2.7044,,,
26.6746,10,10,33.3796,60.0537,completed,81619.16,49999.37,-1.2719,0.00,0.0000,1.8215,3.0237,4.2469,1.6597,1.7148,2.4730,2.4000,2.3397,1.9476
41.1395,8,8,31.6708,72.8099,completed,81619.16,49999.37,-1.2719,0.00,0.0000,1.1979,1.0904,3.2274,1.7394,0.7125,1.3978,1.5193,,
37.2713,9,6,24.8701,62.1411,converged,81619.16,49999.37,-1.2719,0.00,0.0000,0.8594,0.2099,3.7773,1.0494,0.0368,,,,
44.6961,8,6,22.7879,67.4840,converged,81619.16,49999.37,-1.2719,0.00,0.0000,1.0916,0.6327,3.7653,1.0156,0.0983,,,,
50.8002,7,7,25.8188,76.6189,completed,81619.16,49999.37,-1.2719,0.00,0.0000,2.4838,3.8409,2.5529,3.5616,0.6187,0.8672,,,
39.5077,9,7,24.3970,63.9040,converged,81619.16,49999.37,-1.2719,0.00,0.0000,0.3931,2.1520,2.5933,0.2730,0.1532,0.0794,,,
34.5974,9,9,32.4257,67.0228,completed,81619.16,49999.37,-1.2719,0.00,0.0000,1.3341,1.7271,0.8088,5.0687,1.5843,0.3446,0.5970,0.8872,
49.3816,7,7,25.8580,75.2390,completed,81619.16,49999.37,-1.2719,0.00,0.0000,2.4421,4.2557,3.1069,4.4529,3.5459,3.1987,,,
40.8837,8,6,22.6206,63.5036,converged,81619.16,49999.37,-1.2719,0.00,0.0000,1.1128,0.2453,3.4848,0.7063,0.0543,,,,
47.6997,7,6,27.1523,74.8514,converged,81619.16,49999.37,-1.2719,0.00,0.0000,1.3693,0.7239,4.2336,0.2369,0.0866,,,,
24.2935,10,10,34.6768,58.9698,completed,81619.16,49999.37,-1.2719,0.00,0.0000,1.3622,1.6584,0.7882,3.6347,3.6096,0.8035,0.1806,0.6509,1.0737
50.9802,7,7,32.9524,83.9324,completed,81619.16,49999.37,-1.2719,0.00,0.0000,1.1209,0.9773,2.5667,0.6988,0.1959,0.9034,,,
29.2145,10,10,43.0034,72.2174,completed,81619.16,49999.37,-1.2719,0.00,0.0000,2.0857,3.2684,5.2904,5.1511,3.4980,3.7468,4.6461,3.8039,2.9024
30.6477,10,10,57.3587,88.0058,completed,81619.16,49999.37,-1.2719,0.00,0.0000,1.8656,3.1388,4.6168,3.3794,3.8810,1.6527,2.5906,2.6330,2.2098
30.8495,10,7,29.0190,59.8680,converged,81619.16,49999.37,-1.2719,0.00,0.0000,0.9235,0.8552,0.8871,3.4345,0.9567,0.0457,,,
28.6378,10,7,28.8845,57.5215,converged,81619.16,49999.37,-1.2719,0.00,0.0000,0.7726,0.6164,1.2309,2.4714,0.1431,0.0425,,,
55.2806,6,5,20.9162,76.1963,converged,81619.16,49999.37,-1.2719,0.00,0.0000,2.0265,2.1548,3.2989,0.0783,,,,,
40.9203,8,8,40.6705,81.5906,completed,81619.16,49999.37,-1.2719,0.00,0.0000,2.2149,4.5530,4.3277,3.8217,2.6382,3.2638,2.8755,,
31.9233,10,8,32.3041,64.2272,converged,81619.16,49999.37,-1.2719,0.00,0.0000,1.2395,1.6268,0.4872,4.7588,1.9951,0.1988,0.0575,,
46.7866,7,6,24.1570,70.9430,converged,81619.16,49999.37,-1.2719,0.00,0.0000,1.2708,1.3976,3.1879,0.3472,0.0339,,,,
59.5634,5,5,25.9729,85.5360,completed,81619.16,49999.37,-1.2719,0.00,0.0000,1.4550,3.1838,0.1647,0.4014,,,,,
24.7443,10,10,36.0616,60.8057,completed,81619.16,49999.37,-1.2719,0.00,0.0000,1.1772,1.3106,0.2068,4.2535,1.7900,0.4005,0.1748,0.7044,1.0578
29.8772,10,7,25.7209,55.5980,converged,81619.16,49999.37,-1.2719,0.00,0.0000,0.8872,0.6150,1.6788,3.5151,0.2949,0.0316,,,
28.2937,10,4,17.6871,45.9802,converged,81619.16,49999.37,-1.2719,0.00,0.0000,1.1884,1.3065,0.0886,,,,,,
46.6581,7,5,26.1172,72.7753,converged,81619.16,49999.37,-1.2719,0.00,0.0000,0.8520,0.8667,2.4039,0.0504,,,,,
21.8937,10,7,23.6901,45.5832,converged,81619.16,49999.37,-1.2719,0.00,0.0000,0.9092,0.8149,1.3506,2.8256,0.2856,0.0803,,,
30.9607,10,10,36.7378,67.6979,completed,81619.16,49999.37,-1.2719,0.00,0.0000,1.3430,1.6823,0.4172,3.9201,0.9316,4.5005,2.4580,1.5507,1.4157
37.9468,9,6,22.9928,60.9388,converged,81619.16,49999.37,-1.2719,0.00,0.0000,0.7462,0.3013,2.2733,0.8564,0.0875,,,,
37.3534,9,9,34.6546,72.0076,completed,81619.16,49999.37,-1.2719,0.00,0.0000,1.5079,1.9738,0.2685,5.1274,1.3706,1.3199,1.7591,1.4761,
56.8557,6,6,29.5999,86.4549,completed,81619.16,49999.37,-1.2719,0.00,0.0000,2.8677,2.2540,2.7930,1.9251,2.1903,,,,
38.6283,9,9,54.1722,92.8003,completed,81619.16,49999.37,-1.2719,0.00,0.0000,1.1779,1.2468,1.2651,4.2552,0.5444,1.3201,1.6666,1.3213,
57.3372,6,5,15.6628,72.9998,converged,81619.16,49999.37,-1.2719,0.00,0.0000,1.6954,2.7124,2.3023,0.0810,,,,,
33.8264,10,7,21.8263,55.6523,converged,81619.16,49999.37,-1.2719,0.00,0.0000,0.9908,0.8735,1.5619,3.3489,0.4169,0.0720,,,
37.3748,9,9,44.7559,82.1300,completed,81619.16,49999.37,-1.2719,0.00,0.0000,1.3799,2.3013,0.8146,5.0424,1.5300,0.1809,0.1725,0.5023,
24.5000,10,10,42.7495,67.2485,completed,81619.16,49999.37,-1.2719,0.00,0.0000,1.2831,2.0386,2.0925,3.0775,3.0780,1.5689,2.5712,1.6260,1.3576
36.4866,9,6,19.5275,56.0135,converged,81619.16,49999.37,-1.2719,0.00,0.0000,1.5195,1.6215,1.6331,4.9886,0.0857,,,,
45.8913,8,6,26.5910,72.4820,converged,81619.16,49999.37,-1.2719,0.00,0.0000,0.9912,0.2314,3.2413,0.5769,0.0595,,,,
58.4195,5,5,18.8958,77.3149,completed,81619.16,49999.37,-1.2719,0.00,0.0000,1.4654,4.7743,0.5368,0.3602,,,,,
38.4606,9,9,33.4311,71.8912,completed,81619.16,49999.37,-1.2719,0.00,0.0000,1.4839,1.8689,0.6339,5.4757,0.4981,0.1390,0.2468,0.6130,
28.2057,10,10,44.9557,73.1608,completed,81619.16,49999.37,-1.2719,0.00,0.0000,1.2294,1.7410,1.0713,4.6513,1.9824,0.6155,1.1095,1.4266,1.2472
41.4989,8,6,19.5231,61.0211,converged,81619.16,49999.37,-1.2719,0.00,0.0000,0.8743,0.3947,3.0585,0.3287,0.0828,,,,
32.5309,10,10,38.7800,71.3101,completed,81619.16,49999.37,-1.2719,0.00,0.0000,1.4458,1.9382,2.2130,1.3852,2.1935,3.6382,1.8400,1.8174,1.6926
26.6793,10,7,25.9038,52.5828,converged,81619.16,49999.37,-1.2719,0.00,0.0000,0.7549,0.4566,1.5703,2.6112,0.1243,0.0325,,,
33.2947,10,6,33.0103,66.3044,converged,81619.16,49999.37,-1.2719,0.00,0.0000,0.5219,0.2256,2.1000,0.8767,0.0734,,,,
52.0285,6,6,23.9589,75.9870,completed,81619.16,49999.37,-1.2719,0.00,0.0000,1.1773,1.7993,1.7057,0.1337,0.1296,,,,
57.5992,6,5,16.2840,73.8831,converged,81619.16,49999.37,-1.2719,0.00,0.0000,1.7417,2.9401,2.9602,0.0293,,,,,
44.8446,8,7,21.6935,66.5376,converged,81619.16,49999.37,-1.2719,0.00,0.0000,0.6635,0.7189,2.2654,0.1468,0.1148,0.0388,,,
24.4280,10,7,27.0244,51.4514,converged,81619.16,49999.37,-1.2719,0.00,0.0000,1.0508,0.9204,1.2807,4.3033,0.5532,0.0535,,,
55.0385,6,6,30.1512,85.1892,completed,81619.16,49999.37,-1.2719,0.00,0.0000,2.1272,0.5116,5.5268,1.5679,0.1618,,,,
50.6196,7,7,24.7714,75.3904,completed,81619.16,49999.37,-1.2719,0.00,0.0000,2.1840,4.1170,1.0655,2.5498,2.7900,2.6177,,,
23.2545,10,4,11.6508,34.9048,converged,81619.16,49999.37,-1.2719,0.00,0.0000,1.2747,1.5717,0.0969,,,,,,
53.2523,6,6,26.3122,79.5642,completed,81619.16,49999.37,-1.2719,0.00,0.0000,2.4532,2.6859,1.3478,3.4741,2.9086,,,,
52.3079,6,6,21.6901,73.9972,completed,81619.16,49999.37,-1.2719,0.00,0.0000,2.8533,2.2919,3.2072,2.1654,2.0866,,,,
27.1516,10,10,49.6517,76.8027,completed,81619.16,49999.37,-1.2719,0.00,0.0000,0.9321,1.2642,0.2295,3.8388,1.1291,0.3876,0.8789,1.0689,1.1193
34.4181,9,7,25.7286,60.1467,converged,81619.16,49999.37,-1.2719,0.00,0.0000,0.7181,0.2083,2.3136,0.9921,0.1232,0.0432,,,
39.9372,9,6,20.4963,60.4334,converged,81619.16,49999.37,-1.2719,0.00,0.0000,0.6037,0.3106,3.0727,0.9166,0.0220,,,,
40.1647,8,6,21.0128,61.1769,converged,81619.16,49999.37,-1.2719,0.00,0.0000,0.8073,0.2778,2.1565,0.3844,0.0558,,,,
53.5136,6,6,26.3685,79.8816,completed,81619.16,49999.37,-1.2719,0.00,0.0000,1.0826,5.4346,2.8804,0.3193,0.6172,,,,
21.9540,10,10,43.1349,65.0889,completed,81619.16,49999.37,-1.2719,0.00,0.0000,1.5282,1.5685,0.5822,5.2375,5.6057,0.1386,0.9058,1.3439,1.2624
51.7989,7,7,27.7670,79.5651,completed,81619.16,49999.37,-1.2719,0.00,0.0000,3.4822,4.9404,3.1024,4.6731,4.8942,3.5424,,,
45.8462,8,6,21.5173,67.3633,converged,81619.16,49999.37,-1.2719,0.00,0.0000,0.7973,0.4295,2.4399,0.2547,0.0544,,,,
41.3296,8,6,21.1440,62.4730,converged,81619.16,49999.37,-1.2719,0.00,0.0000,1.2567,1.6313,3.3361,1.3722,0.0754,,,,
31.6888,10,10,34.5279,66.2159,completed,81619.16,49999.37,-1.2719,0.00,0.0000,1.3783,2.3863,3.0296,0.8565,1.9033,2.4559,2.2705,1.9731,1.7772
43.0575,8,8,39.5507,82.6078,completed,81619.16,49999.37,-1.2719,0.00,0.0000,1.4641,0.9718,4.2592,2.3556,0.1871,1.1898,1.4391,,
22.9583,10,6,20.9836,43.9416,converged,81619.16,49999.37,-1.2719,0.00,0.0000,0.2867,0.6455,2.4973,0.9488,0.0995,,,,
48.3304,7,5,18.5453,66.8754,converged,81619.16,49999.37,-1.2719,0.00,0.0000,0.7904,1.4561,3.4890,0.0575,,,,,
37.2536,9,9,50.3728,87.6259,completed,81619.16,49999.37,-1.2719,0.00,0.0000,1.6440,2.1949,0.2482,5.0234,1.0577,2.2221,1.8712,1.5320,
29.6630,10,3,10.8339,40.4969,converged,81619.16,49999.37,-1.2719,0.00,0.0000,0.6021,0.0611,,,,,,,
26.1427,10,10,33.9261,60.0681,completed,81619.16,49999.37,-1.2719,0.00,0.0000,1.6193,2.0580,1.5862,3.2463,4.9483,3.0565,2.8760,1.7073,1.5339
46.5598,7,7,25.2047,71.7638,completed,81619.16,49999.37,-1.2719,0.00,0.0000,1.0284,1.4032,2.9242,0.1046,0.2215,0.8045,,,
58.3898,5,5,17.7794,76.1684,completed,81619.16,49999.37,-1.2719,0.00,0.0000,4.5447,1.0666,3.9716,3.6595,,,,,
20.5595,10,7,24.0365,44.5955,converged,81619.16,49999.37,-1.2719,0.00,0.0000,1.0013,0.9529,1.3924,3.1154,0.3675,0.0901,,,
31.8625,10,10,34.3197,66.1817,completed,81619.16,49999.37,-1.2719,0.00,0.0000,0.8097,0.7139,1.2887,3.2769,0.3472,0.9697,1.1871,1.4021,1.1938
20.4882,10,10,35.5463,56.0343,completed,81619.16,49999.37,-1.2719,0.00,0.0000,1.1132,1.5348,1.1543,1.4240,2.2603,5.3653,2.9705,2.0454,1.6235
47.3320,7,5,16.9851,64.3171,converged,81619.16,49999.37,-1.2719,0.00,0.0000,0.4111,2.2138,1.6562,0.0928,,,,,
47.0010,7,7,24.6396,71.6406,completed,81619.16,49999.37,-1.2719,0.00,0.0000,1.4264,0.2214,4.3683,0.3056,0.3535,0.9579,,,
47.9688,7,7,29.8433,77.8114,completed,81619.16,49999.37,-1.2719,0.00,0.0000,1.6887,2.2794,4.3259,0.5656,1.5460,1.4468,,,
22.0003,10,10,39.3148,61.3148,completed,81619.16,49999.37,-1.2719,0.00,0.0000,1.1934,1.5396,1.0302,4.0130,2.4768,0.2605,0.2598,0.4545,0.9338
54.4199,6,5,15.5828,70.0019,converged,81619.16,49999.37,-1.2719,0.00,0.0000,1.1273,2.2407,1.0244,0.0491,,,,,
27.7519,10,4,16.0729,43.8239,converged,81619.16,49999.37,-1.2719,0.00,0.0000,1.1808,1.3036,0.0737,,,,,,
31.2671,10,10,38.4816,69.7486,completed,81619.16,49999.37,-1.2719,0.00,0.0000,1.2242,1.1144,1.2661,4.0141,0.5008,0.8102,1.3702,1.3660,1.1770
35.6607,9,9,40.9787,76.6388,completed,81619.16,49999.37,-1.2719,0.00,0.0000,1.1133,0.9134,2.3104,2.3066,0.1250,0.2289,0.9856,1.1380,
24.4685,10,7,21.2773,45.7453,converged,81619.16,49999.37,-1.2719,0.00,0.0000,1.2742,1.6427,0.6379,3.6920,2.4530,0.0709,,,
45.3711,8,8,30.2091,75.5802,completed,81619.16,49999.37,-1.2719,0.00,0.0000,0.9220,0.5850,3.0723,0.4801,0.1320,0.1013,0.5623,,
25.1052,10,7,24.8755,49.9805,converged,81619.16,49999.37,-1.2719,0.00,0.0000,0.8299,0.4699,1.7066,3.1715,0.3082,0.0731,,,
21.9461,10,10,40.8546,62.8006,completed,81619.16,49999.37,-1.2719,0.00,0.0000,1.6229,2.3110,1.8722,3.6247,3.4900,2.5263,1.9514,1.4940,1.4309
29.8306,10,10,38.8772,68.7072,completed,81619.16,49999.37,-1.2719,0.00,0.0000,1.2109,1.1338,0.9474,4.1221,0.8464,0.1307,0.2070,0.7672,1.1859
36.9520,9,7,23.7309,60.6830,converged,81619.16,49999.37,-1.2719,0.00,0.0000,1.1683,1.6381,1.0140,3.7799,0.3163,0.0981,,,
36.4615,9,9,34.5066,71.0230,completed,81619.16,49999.37,-1.2719,0.00,0.0000,1.4327,2.0250,0.1535,5.3988,0.4656,3.6093,2.0845,1.5036,
48.8327,7,7,24.4814,73.3134,completed,81619.16,49999.37,-1.2719,0.00,0.0000,1.4848,0.6853,3.9283,0.8644,0.6055,1.2380,,,
54.0249,6,5,19.7390,73.7631,converged,81619.16,49999.37,-1.2719,0.00,0.0000,0.7962,2.3277,0.5369,0.0897,,,,,
30.2218,10,3,10.4374,40.6584,converged,81619.16,49999.37,-1.2719,0.00,0.0000,0.4126,0.0861,,,,,,,
42.8488,8,6,22.0763,64.9243,converged,81619.16,49999.37,-1.2719,0.00,0.0000,1.2905,0.8128,4.0890,1.2259,0.0545,,,,
24.3060,10,7,26.7767,51.0827,converged,81619.16,49999.37,-1.2719,0.00,0.0000,1.2693,1.6934,0.8127,5.1062,1.9911,0.0957,,,
32.4510,10,10,41.1555,73.6055,completed,81619.16,49999.37,-1.2719,0.00,0.0000,0.9283,0.5690,1.6878,5.2080,0.8477,0.1769,0.2885,0.8118,1.1659
20.4505,10,10,59.7264,80.1764,completed,81619.16,49999.37,-1.2719,0.00,0.0000,1.4527,2.2310,2.9895,1.5174,4.7502,0.7145,0.8847,1.1831,1.4085
53.0428,6,6,26.5994,79.6414,completed,81619.16,49999.37,-1.2719,0.00,0.0000,2.5887,1.2221,4.3714,1.8497,1.6710,,,,
56.5807,6,5,26.6379,83.2179,converged,81619.16,49999.37,-1.2719,0.00,0.0000,1.1859,2.3417,1.1086,0.0650,,,,,
43.0199,8,8,28.6837,71.7027,completed,81619.16,49999.37,-1.2719,0.00,0.0000,0.8032,0.3586,2.9863,0.4176,0.1176,0.2479,0.7393,,
46.2252,7,7,28.4042,74.6292,completed,81619.16,49999.37,-1.2719,0.00,0.0000,2.0474,3.4692,4.0392,2.3930,0.9502,0.3832,,,
46.4512,7,7,27.2458,73.6969,completed,81619.16,49999.37,-1.2719,0.00,0.0000,1.7644,2.9037,5.0654,0.9414,0.2904,0.5410,,,
55.1207,6,5,14.3153,69.4353,converged,81619.16,49999.37,-1.2719,0.00,0.0000,0.9848,1.8372,0.9334,0.0685,,,,,
23.3294,10,7,21.5415,44.8706,converged,81619.16,49999.37,-1.2719,0.00,0.0000,1.0152,1.1333,0.2764,4.1054,1.3887,0.0924,,,
33.6965,10,6,18.1155,51.8116,converged,81619.16,49999.37,-1.2719,0.00,0.0000,0.4338,0.2496,1.0794,0.7933,0.0525,,,,
29.7264,10,10,39.8274,69.5534,completed,81619.16,49999.37,-1.2719,0.00,0.0000,1.4084,2.4572,3.7382,0.8385,1.0352,4.2592,2.8241,2.3752,1.9403
39.1661,9,9,33.1611,72.3271,completed,81619.16,49999.37,-1.2719,0.00,0.0000,1.4856,1.7605,0.8632,5.8597,0.6443,0.1403,1.0543,1.3966,
24.0020,10,7,28.4091,52.4112,converged,81619.16,49999.37,-1.2719,0.00,0.0000,0.5720,0.3855,1.1723,1.0462,0.2558,0.0712,,,
47.7615,7,7,27.4766,75.2376,completed,81619.16,49999.37,-1.2719,0.00,0.0000,1.6893,1.9288,4.5298,1.7256,0.1525,0.4268,,,
27.5747,10,10,41.0875,68.6616,completed,81619.16,49999.37,-1.2719,0.00,0.0000,1.8415,3.0493,4.0468,2.5366,3.2062,3.4105,3.3544,2.5200,1.9054
50.6774,7,7,28.1266,78.8037,completed,81619.16,49999.37,-1.2719,0.00,0.0000,2.9188,6.5951,7.2832,4.5850,4.3539,3.6879,,,
28.8121,10,10,53.3069,82.1190,completed,81619.16,49999.37,-1.2719,0.00,0.0000,1.3421,1.6918,0.3043,4.6598,2.1481,0.4458,0.2254,0.1730,0.5100
41.4124,8,3,11.8474,53.2594,converged,81619.16,49999.37,-1.2719,0.00,0.0000,1.2040,0.0531,,,,,,,
52.6723,6,6,24.8111,77.4831,completed,81619.16,49999.37,-1.2719,0.00,0.0000,2.9268,2.3997,3.4154,1.3047,1.9553,,,,
46.3496,7,7,24.0358,70.3848,completed,81619.16,49999.37,-1.2719,0.00,0.0000,1.4899,0.3397,3.6543,0.5374,0.2193,0.7598,,,
44.4617,8,8,27.1107,71.5717,completed,81619.16,49999.37,-1.2719,0.00,0.0000,1.6293,1.7920,3.7633,4.5345,0.1036,0.7773,1.2392,,
33.4376,10,10,36.5490,69.9860,completed,81619.16,49999.37,-1.2719,0.00,0.0000,1.2614,1.3739,0.1827,4.8743,1.9475,0.9159,0.8194,1.2523,1.2227
27.2499,10,10,42.1246,69.3737,completed,81619.16,49999.37,-1.2719,0.00,0.0000,1.4824,2.0994,1.7334,3.3038,4.2123,0.4663,2.5416,1.5396,1.3345
50.5535,7,7,29.6880,80.2644,completed,81619.16,49999.37,-1.2719,0.00,0.0000,1.4073,0.8582,4.0724,0.1414,0.4169,1.0605,,,
58.0422,5,5,17.3740,75.4160,converged,81619.16,49999.37,-1.2719,0.00,0.0000,1.6653,3.6364,0.5063,0.0644,,,,,
28.2907,10,10,41.5380,69.8280,completed,81619.16,49999.37,-1.2719,0.00,0.0000,1.1004,1.0955,0.3536,5.3101,2.1710,2.7919,3.8547,1.9374,1.6099
35.1260,9,9,35.6242,70.7503,completed,81619.16,49999.37,-1.2719,0.00,0.0000,1.1528,0.9606,2.5160,3.5165,1.8075,4.3052,2.4107,1.7751,
21.2079,10,7,25.7839,46.9909,converged,81619.16,49999.37,-1.2719,0.00,0.0000,0.8106,0.7100,1.5691,2.3129,0.2060,0.0357,,,
38.2307,9,7,23.3169,61.5469,converged,81619.16,49999.37,-1.2719,0.00,0.0000,1.0861,1.2666,1.1964,3.5582,0.2166,0.0258,,,
52.4024,6,6,24.3292,76.7312,completed,81619.16,49999.37,-1.2719,0.00,0.0000,1.8394,2.1721,2.9703,1.3715,1.8376,,,,
27.1892,10,10,37.5729,64.7619,completed,81619.16,49999.37,-1.2719,0.00,0.0000,1.8442,3.2790,4.5380,2.1405,1.9238,1.8313,2.5680,2.3562,1.9052
40.0325,8,8,32.9991,73.0311,completed,81619.16,49999.37,-1.2719,0.00,0.0000,2.2033,2.8698,0.8034,1.3726,2.5312,2.4016,2.1837,,
32.3622,10,6,19.8284,52.1904,converged,81619.16,49999.37,-1.2719,0.00,0.0000,0.5487,0.2147,1.5915,1.3916,0.0573,,,,
38.5726,9,9,40.4757,79.0477,completed,81619.16,49999.37,-1.2719,0.00,0.0000,1.3159,1.5460,0.8579,4.4002,0.3387,2.5667,1.8514,1.6730,
53.1525,6,6,30.5430,83.6951,completed,81619.16,49999.37,-1.2719,0.00,0.0000,2.4726,0.1818,5.7235,0.9640,0.1283,,,,
53.6690,6,6,21.5766,75.2456,completed,81619.16,49999.37,-1.2719,0.00,0.0000,1.8945,0.4635,5.8014,0.2144,0.1244,,,,
36.2763,9,9,37.9631,74.2392,completed,81619.16,49999.37,-1.2719,0.00,0.0000,1.6732,2.5266,1.2854,5.5029,0.1998,0.8449,0.6288,1.1700,
23.0391,10,10,36.8611,60.0325,completed,81619.16,49999.37,-1.2719,0.00,0.0000,1.0975,1.4277,0.2818,4.1889,1.1326,0.1030,0.1378,0.3455,0.7263
26.6080,10,8,30.4993,57.1064,converged,81619.16,49999.37,-1.2719,0.00,0.0000,1.1049,1.4222,0.3397,3.9775,1.0576,0.1592,0.0276,,
26.9655,10,10,39.0318,65.9968,completed,81619.16,49999.37,-1.2719,0.00,0.0000,0.7948,1.0099,0.3610,2.7341,0.3547,0.6729,0.1896,0.6485,1.1333
52.7957,6,5,16.7819,69.5770,converged,81619.16,49999.37,-1.2719,0.00,0.0000,1.7417,1.4147,2.2606,0.0360,,,,,
40.6634,8,7,24.6817,65.3447,converged,81619.16,49999.37,-1.2719,0.00,0.0000,0.8626,0.1309,2.6240,0.3515,0.1273,0.0346,,,
48.0880,7,7,25.4732,73.5612,completed,81619.16,49999.37,-1.2719,0.00,0.0000,1.7227,0.1073,6.2209,0.6729,0.3725,0.7416,,,
50.5412,7,6,21.7859,72.3270,converged,81619.16,49999.37,-1.2719,0.00,0.0000,1.2072,0.3956,3.2706,0.1288,0.0618,,,,
29.8073,10,7,23.0633,52.8704,converged,81619.16,49999.37,-1.2719,0.00,0.0000,1.0750,1.0980,0.9962,4.1547,0.5628,0.0928,,,
36.1069,9,6,22.3554,58.4614,converged,81619.16,49999.37,-1.2719,0.00,0.0000,0.5791,0.3931,2.1290,0.3345,0.0226,,,,
59.9522,5,5,22.6690,82.6211,completed,81619.16,49999.37,-1.2719,0.00,0.0000,3.8231,1.2744,1.5936,2.5876,,,,,
27.0320,10,10,36.4780,63.5091,completed,81619.16,49999.37,-1.2719,0.00,0.0000,1.7955,2.5743,2.3195,2.0819,2.7028,1.9843,1.9689,1.7441,1.7154
50.9655,7,7,24.8488,75.8138,completed,81619.16,49999.37,-1.2719,0.00,0.0000,2.8691,4.4756,3.9383,4.8584,3.5355,3.1066,,,
29.0492,10,7,28.3008,57.3499,converged,81619.16,49999.37,-1.2719,0.00,0.0000,0.9557,0.8990,1.4388,3.1103,0.2619,0.0674,,,
43.4597,8,8,32.0939,75.5530,completed,81619.16,49999.37,-1.2719,0.00,0.0000,1.3491,1.1006,3.6850,1.4674,0.2676,1.0192,1.4122,,
54.2164,6,6,31.6203,85.8363,completed,81619.16,49999.37,-1.2719,0.00,0.0000,2.5106,0.6425,6.7942,0.9384,0.3386,,,,
51.9441,7,7,34.4254,86.3695,completed,81619.16,49999.37,-1.2719,0.00,0.0000,3.7954,8.4642,7.0686,6.4480,6.0006,4.7576,,,
43.9515,8,8,31.0739,75.0249,completed,81619.16,49999.37,-1.2719,0.00,0.0000,0.8558,0.3552,3.7196,1.6724,0.9508,2.0463,1.7254,,
53.4506,6,6,23.3603,76.8103,completed,81619.16,49999.37,-1.2719,0.00,0.0000,1.8649,2.1627,3.5953,0.4738,0.3581,,,,
47.8707,7,5,15.9771,63.8471,converged,81619.16,49999.37,-1.2719,0.00,0.0000,0.7739,0.9841,1.4904,0.0363,,,,,
44.9914,8,6,22.4073,67.3983,converged,81619.16,49999.37,-1.2719,0.00,0.0000,0.8901,0.7514,3.6796,0.4284,0.0757,,,,
21.6043,10,10,45.7362,67.3402,completed,81619.16,49999.37,-1.2719,0.00,0.0000,0.8874,0.6425,1.6587,2.8060,0.1022,0.8755,2.1184,1.6839,1.2998
22.7572,10,10,46.2822,69.0393,completed,81619.16,49999.37,-1.2719,0.00,0.0000,0.7119,0.5645,1.2147,2.1217,0.2102,0.1527,0.4850,0.8215,1.0585
41.6202,8,8,38.8080,80.4280,completed,81619.16,49999.37,-1.2719,0.00,0.0000,1.9542,3.0837,2.1326,3.9782,3.8223,3.5071,2.3956,,
54.2974,6,5,15.2224,69.5194,converged,81619.16,49999.37,-1.2719,0.00,0.0000,1.2010,2.2041,1.0393,0.0580,,,,,
53.3483,6,6,22.1385,75.4865,completed,81619.16,49999.37,-1.2719,0.00,0.0000,1.3940,1.5263,1.8151,0.1383,0.3920,,,,
44.3787,8,8,27.2561,71.6341,completed,81619.16,49999.37,-1.2719,0.00,0.0000,1.6692,1.7849,2.6806,3.6337,4.2535,2.5738,2.0180,,
56.6949,6,6,21.3473,78.0413,completed,81619.16,49999.37,-1.2719,0.00,0.0000,0.8872,2.3398,0.7094,0.1032,0.1778,,,,
58.9349,5,5,17.7699,76.7040,converged,81619.16,49999.38,-1.2708,0.00,0.0000,1.2303,3.9212,0.1861,0.0425,,,,,
32.4169,10,8,31.6259,64.0420,converged,81619.16,49999.38,-1.2708,0.00,0.0000,0.9633,1.2068,0.1077,4.5598,0.6569,0.1153,0.0647,,
44.1938,8,8,31.9122,76.1053,completed,81619.16,49999.38,-1.2707,0.00,0.0000,2.1925,4.1269,2.9489,2.1949,3.0097,3.1622,2.3716,,
24.2575,10,10,39.6997,63.9567,completed,81619.16,49999.38,-1.2707,0.00,0.0000,1.0174,1.5020,0.8496,3.8992,1.8347,0.2619,0.1668,0.1227,0.4702
58.5795,5,5,25.2900,83.8690,completed,81619.16,49999.38,-1.2706,0.00,0.0000,5.3030,6.8197,5.9201,5.8921,,,,,
30.5545,10,8,25.4844,56.0384,converged,81619.16,49999.38,-1.2706,0.00,0.0000,1.2653,1.5494,0.4073,4.8463,2.7592,0.2722,0.0323,,
48.8211,7,3,17.1098,65.9309,converged,81619.16,49999.38,-1.2706,0.00,0.0000,1.6296,0.0877,,,,,,,
20.8710,10,10,37.0322,57.9022,completed,81619.16,49999.38,-1.2706,0.00,0.0000,1.7719,2.8067,3.7896,0.7061,1.6134,2.4501,2.0183,2.4608,2.2659
39.4981,9,9,35.4846,74.9826,completed,81619.16,49999.38,-1.2706,0.00,0.0000,2.5679,4.8654,7.0340,4.9675,4.3172,4.3867,3.9116,2.9440,
53.1609,6,5,23.6939,76.8539,converged,81619.16,49999.38,-1.2706,0.00,0.0000,0.6134,1.5343,0.4955,0.0549,,,,,
38.9274,9,9,37.7387,76.6658,completed,81619.16,49999.38,-1.2706,0.00,0.0000,1.3586,1.6529,1.1869,4.6833,0.2302,1.0331,1.7334,1.4429,
47.9041,7,7,36.3707,84.2747,completed,81619.16,49999.38,-1.2706,0.00,0.0000,4.0199,8.3169,6.5689,4.9257,5.3803,4.3351,,,
26.5824,10,10,40.8061,67.3881,completed,81619.16,49999.38,-1.2706,0.00,0.0000,1.1647,1.4558,0.1488,3.9050,1.3191,0.6333,1.1431,1.3784,1.2008
55.8616,6,6,20.5315,76.3925,converged,81619.16,49999.38,-1.2706,0.00,0.0000,2.4992,0.4795,5.9725,1.9291,0.0400,,,,
25.1066,10,10,51.0920,76.1980,completed,81619.16,49999.38,-1.2706,0.00,0.0000,1.1917,1.6190,0.8682,4.1810,2.9384,0.1284,0.2561,1.0618,1.3455
54.3032,6,6,24.9339,79.2369,completed,81619.16,49999.38,-1.2706,0.00,0.0000,1.1553,2.0593,1.3652,0.1986,0.3636,,,,
45.7831,8,8,28.0429,73.8260,completed,81619.16,49999.38,-1.2706,0.00,0.0000,1.7559,1.8157,3.5580,3.9863,0.1054,1.0919,1.4727,,
40.8007,8,8,38.0338,78.8338,completed,81619.16,49999.38,-1.2706,0.00,0.0000,2.3151,3.6580,3.0371,4.4105,3.0810,3.3216,2.6478,,
28.3806,10,6,30.0875,58.4676,converged,81619.16,49999.38,-1.2706,0.00,0.0000,0.5593,0.3012,1.2277,1.4640,0.0281,,,,
26.8128,10,10,32.7513,59.5633,completed,81619.16,49999.38,-1.2706,0.00,0.0000,1.1447,0.5272,0.3632,5.5136,3.9769,0.1232,0.2256,0.2137,0.4901
56.3795,6,6,26.4609,82.8399,completed,81619.16,49999.38,-1.2706,0.00,0.0000,0.9743,3.2148,1.1617,0.2560,0.9230,,,,
30.1991,10,7,27.3212,57.5203,converged,81619.16,49999.38,-1.2706,0.00,0.0000,1.0803,1.1788,0.8805,3.6737,0.6240,0.0449,,,
40.8724,8,8,28.2714,69.1435,completed,81619.16,49999.38,-1.2706,0.00,0.0000,2.8907,5.0226,5.2919,5.1537,3.6422,3.8712,2.8358,,
36.9606,9,9,31.9097,68.8697,completed,81619.16,49999.38,-1.2706,0.00,0.0000,2.5182,3.7124,4.5660,3.7643,3.3118,2.7171,3.0991,2.4843,
33.8791,10,6,20.1631,54.0421,converged,81619.16,49999.38,-1.2706,0.00,0.0000,0.7568,0.5276,1.5903,1.6411,0.0900,,,,
46.9926,7,6,20.4469,67.4389,converged,81619.16,49999.38,-1.2706,0.00,0.0000,1.2018,0.2293,3.2971,0.1531,0.0295,,,,
26.6204,10,10,34.0488,60.6689,completed,81619.16,49999.38,-1.2706,0.00,0.0000,1.4551,2.0220,2.1550,2.6602,4.4323,0.8248,1.3745,1.4180,1.3607
41.7524,8,5,16.3703,58.1271,converged,81619.16,49999.38,-1.2706,0.00,0.0000,0.5197,0.6853,1.3392,0.0798,,,,,
49.0587,7,7,25.3170,74.3750,completed,81619.16,49999.38,-1.2706,0.00,0.0000,2.2952,2.4625,5.2491,1.9528,1.1915,1.4626,,,
37.4501,9,6,20.9414,58.3914,converged,81619.16,49999.38,-1.2706,0.00,0.0000,0.8021,0.3980,2.3813,0.9076,0.0618,,,,
44.4603,8,7,25.3302,69.7902,converged,81619.16,49999.38,-1.2706,0.00,0.0000,0.8914,0.6888,3.0162,0.3146,0.1476,0.0231,,,
46.1074,7,5,15.5205,61.6276,converged,81619.16,49999.38,-1.2706,0.00,0.0000,0.9913,0.1425,2.7837,0.0982,,,,,
53.5313,6,6,27.9310,81.4620,completed,81619.16,49999.38,-1.2706,0.00,0.0000,0.5833,4.5923,1.2370,0.1589,0.8966,,,,
42.4258,8,6,17.0280,59.4530,converged,81619.16,49999.38,-1.2706,0.00,0.0000,0.8278,0.2500,3.5009,0.8196,0.0516,,,,
23.0712,10,8,30.4398,53.5108,converged,81619.16,49999.38,-1.2706,0.00,0.0000,1.0433,1.0615,0.5186,3.5131,0.9997,0.3586,0.0958,,
28.7249,10,6,23.9171,52.6411,converged,81619.16,49999.38,-1.2706,0.00,0.0000,0.6301,0.4230,1.4025,1.9695,0.0601,,,,
45.0297,8,8,40.9515,85.9806,completed,81619.16,49999.38,-1.2706,0.00,0.0000,2.5780,4.8039,4.5748,1.6979,1.8261,2.6314,3.3759,,
30.0313,10,7,36.2979,66.3289,converged,81619.16,49999.38,-1.2706,0.00,0.0000,0.7955,0.3821,1.9865,2.5221,0.1189,0.0758,,,
37.3846,9,6,17.7572,55.1412,converged,81619.16,49999.38,-1.2706,0.00,0.0000,0.9381,0.2256,3.0369,1.3188,0.0327,,,,
38.7448,9,9,31.1081,69.8522,completed,81619.16,49999.38,-1.2706,0.00,0.0000,1.8315,3.1978,3.6308,1.6261,3.5713,2.8336,2.5898,2.1019,
24.6761,10,10,37.0446,61.7206,completed,81619.16,49999.38,-1.2706,0.00,0.0000,2.3899,3.7622,5.3692,4.3857,3.3723,3.5558,4.4475,3.3849,2.4828
46.7355,7,5,16.0998,62.8349,converged,81619.16,49999.38,-1.2706,0.00,0.0000,0.8463,1.2968,1.8762,0.0248,,,,,
54.2785,6,6,22.5280,76.8060,completed,81619.16,49999.38,-1.2706,0.00,0.0000,2.4790,2.1115,6.5659,1.2667,0.1159,,,,
27.8706,10,8,22.9198,50.7898,converged,81619.16,49999.38,-1.2706,0.00,0.0000,0.9783,0.9561,1.2711,3.0109,0.3403,0.1359,0.0794,,
21.8320,10,7,25.1274,46.9595,converged,81619.16,49999.38,-1.2706,0.00,0.0000,1.2499,1.3510,0.6843,4.9169,1.2352,0.0474,,,
42.2622,8,8,30.5065,72.7686,completed,81619.16,49999.38,-1.2706,0.00,0.0000,1.8580,3.1074,0.6402,5.7367,1.3614,0.5956,1.2884,,
44.1180,8,6,17.2233,61.3413,converged,81619.16,49999.38,-1.2706,0.00,0.0000,1.0033,0.2286,3.5832,0.5813,0.0621,,,,
38.3909,9,9,33.7181,72.1082,completed,81619.16,49999.38,-1.2706,0.00,0.0000,1.3145,1.8417,0.6699,3.8555,1.4728,3.5116,1.9841,1.7159,
26.8650,10,8,29.0390,55.9031,converged,81619.16,49999.38,-1.2706,0.00,0.0000,0.6889,0.2513,1.7145,1.8199,0.1900,0.1839,0.0269,,
52.0625,6,6,20.4246,72.4866,completed,81619.16,49999.38,-1.2706,0.00,0.0000,3.3675,6.2068,6.1900,4.5127,4.0278,,,,
56.5737,6,6,25.2594,81.8324,completed,81619.16,49999.38,-1.2706,0.00,0.0000,2.0605,1.1872,5.0729,0.1793,0.2972,,,,
35.3491,9,6,20.2813,55.6304,converged,81619.16,49999.38,-1.2706,0.00,0.0000,0.4835,0.1389,1.7860,0.4953,0.0755,,,,
58.5425,5,5,20.4522,78.9942,completed,81619.16,49999.38,-1.2706,0.00,0.0000,2.8552,2.8264,0.4092,1.4473,,,,,
56.0837,6,6,33.2322,89.3152,completed,81619.16,49999.38,-1.2706,0.00,0.0000,3.2520,4.6767,5.6131,3.8816,4.0405,,,,
48.4217,7,7,25.4077,73.8287,completed,81619.16,49999.38,-1.2706,0.00,0.0000,0.7010,1.4440,1.1039,0.1067,0.1055,0.3115,,,
24.5493,10,6,20.3100,44.8591,converged,81619.16,49999.38,-1.2706,0.00,0.0000,0.4778,0.1028,1.4045,0.6121,0.0965,,,,
30.4141,10,7,32.5588,62.9729,converged,81619.16,49999.38,-1.2706,0.00,0.0000,1.0739,1.0104,0.3545,4.0852,1.1233,0.0607,,,
26.5265,10,7,25.3934,51.9194,converged,81619.16,49999.38,-1.2706,0.00,0.0000,1.0734,1.5298,0.5312,4.3368,1.1759,0.0439,,,
36.2459,9,9,52.1026,88.3477,completed,81619.16,49999.38,-1.2706,0.00,0.0000,1.6768,2.4997,1.5192,5.9894,1.4801,0.5948,0.4974,0.9793,
42.9370,8,7,26.5469,69.4839,converged,81619.16,49999.38,-1.2706,0.00,0.0000,1.2266,0.2396,3.3314,0.8552,0.3301,0.0775,,,
48.4681,7,3,18.4559,66.9239,converged,81619.16,49999.38,-1.2706,0.00,0.0000,1.3774,0.0755,,,,,,,
23.5392,10,7,23.0495,46.5886,converged,81619.16,49999.38,-1.2706,0.00,0.0000,0.9371,0.6714,1.7668,3.7337,0.4740,0.0651,,,
23.1721,10,10,35.4169,58.5890,completed,81619.16,49999.38,-1.2706,0.00,0.0000,1.1625,1.3649,0.1164,4.4428,1.5827,0.3899,0.5461,1.1632,1.2599
35.0026,9,9,29.3793,64.3814,completed,81619.16,49999.38,-1.2706,0.00,0.0000,1.8954,2.8291,1.3482,6.5916,0.4781,0.7657,1.3380,1.3831,
58.6075,5,5,22.3484,80.9554,completed,81619.16,49999.38,-1.2706,0.00,0.0000,3.0425,2.8327,2.1311,0.4500,,,,,
51.6795,7,3,10.6896,62.3687,converged,81619.16,49999.38,-1.2706,0.00,0.0000,1.2749,0.0996,,,,,,,
33.1966,10,10,36.0358,69.2318,completed,81619.16,49999.38,-1.2706,0.00,0.0000,0.6453,0.1976,1.7377,1.5792,0.5600,0.1102,0.1198,0.6024,0.9559
56.3658,6,6,27.0788,83.4439,completed,81619.16,49999.38,-1.2706,0.00,0.0000,2.3895,0.4922,5.0907,0.9618,0.3915,,,,
28.4299,10,10,39.2899,67.7189,completed,81619.16,49999.38,-1.2706,0.00,0.0000,0.9631,0.9594,0.9437,3.5422,0.4191,0.7901,1.2921,1.4698,1.1590
43.7302,8,8,50.4402,94.1702,completed,81619.16,49999.38,-1.2706,0.00,0.0000,2.3313,4.0884,1.2164,3.2936,0.6836,1.6697,1.9936,,
59.9467,5,5,20.5697,80.5157,completed,81619.16,49999.38,-1.2706,0.00,0.0000,4.1491,3.3967,5.7117,4.6523,,,,,
25.1336,10,10,34.1559,59.2889,completed,81619.16,49999.38,-1.2706,0.00,0.0000,2.3094,4.6017,7.8826,5.8725,5.1444,5.6741,5.2421,4.2613,3.1703
58.4379,5,5,19.6207,78.0578,converged,81619.16,49999.38,-1.2706,0.00,0.0000,2.0763,4.2931,0.9873,0.0540,,,,,
26.7399,10,7,28.2543,54.9934,converged,81619.16,49999.38,-1.2706,0.00,0.0000,0.7146,0.6855,0.9228,2.2256,0.2396,0.0392,,,
24.6296,10,6,26.1693,50.7983,converged,81619.16,49999.38,-1.2706,0.00,0.0000,0.7200,0.4559,1.4625,1.8847,0.0612,,,,
41.3344,8,8,37.9181,79.2521,completed,81619.16,49999.38,-1.2706,0.00,0.0000,1.2477,1.0008,5.2755,2.8825,0.1177,0.1776,0.6729,,
54.2027,6,6,34.0117,88.2138,completed,81619.16,49999.38,-1.2706,0.00,0.0000,1.9736,0.1733,4.3882,0.5148,0.5684,,,,
57.4197,6,6,22.1743,79.5933,completed,81619.16,49999.38,-1.2706,0.00,0.0000,2.1824,0.6173,5.0154,0.7776,0.3185,,,,
27.4217,10,10,33.7359,61.1569,completed,81619.16,49999.38,-1.2706,0.00,0.0000,1.1034,1.8168,1.7439,3.3668,2.7143,0.4864,0.1374,0.3427,0.6988
48.6969,7,6,21.1391,69.8352,converged,81619.16,49999.38,-1.2706,0.00,0.0000,0.9536,1.1515,3.0838,0.1300,0.0658,,,,
57.0265,6,5,16.0454,73.0714,converged,81619.16,49999.38,-1.2706,0.00,0.0000,0.3583,3.4200,0.3769,0.0763,,,,,
58.9866,5,5,19.6965,78.6825,converged,81619.16,49999.38,-1.2706,0.00,0.0000,2.1424,4.4831,1.0896,0.0622,,,,,
32.6364,10,10,36.1118,68.7478,completed,81619.16,49999.38,-1.2706,0.00,0.0000,0.9944,0.8496,1.2904,3.8057,0.4518,0.3192,0.7121,1.2944,1.3018
42.6507,8,8,25.3545,68.0045,completed,81619.16,49999.38,-1.2706,0.00,0.0000,0.9675,0.5711,2.6241,0.3541,0.8113,0.7480,1.3443,,
26.3915,10,7,22.6989,49.0899,converged,81619.16,49999.38,-1.2706,0.00,0.0000,0.1888,1.0004,3.1503,1.2201,0.1106,0.0619,,,
53.9810,6,6,22.1429,76.1229,completed,81619.16,49999.38,-1.2706,0.00,0.0000,1.5875,2.0050,2.1226,0.1142,0.1338,,,,
58.2578,5,5,19.8926,78.1497,completed,81619.16,49999.38,-1.2706,0.00,0.0000,1.7465,5.6928,1.2015,0.2840,,,,,
51.8693,7,7,32.3084,84.1774,completed,81619.16,49999.38,-1.2706,0.00,0.0000,1.5136,1.0885,4.0813,0.2639,0.2056,0.5658,,,
24.3213,10,10,38.0066,62.3276,completed,81619.16,49999.38,-1.2706,0.00,0.0000,1.3183,2.1867,2.1415,2.5743,2.5295,0.2855,1.3110,1.2512,1.1569
33.4314,10,10,38.7255,72.1566,completed,81619.16,49999.38,-1.2706,0.00,0.0000,1.1756,1.6706,1.4902,3.6126,2.7443,2.5594,1.9364,1.4200,1.3971
23.4311,10,10,39.2458,62.6769,completed,81619.16,49999.38,-1.2706,0.00,0.0000,1.7302,2.6559,2.5553,2.8164,3.5627,1.2555,1.8693,1.7101,1.6478
37.4178,9,9,32.2034,69.6204,completed,81619.16,49999.38,-1.2706,0.00,0.0000,1.3032,1.2770,1.7177,4.9006,0.5152,0.3223,0.1962,0.7888,
20.9261,10,7,20.4908,41.4168,converged,81619.16,49999.38,-1.2706,0.00,0.0000,0.5908,0.1566,1.8527,1.4955,0.1478,0.0971,,,
46.1195,7,7,23.8873,70.0063,completed,81619.16,49999.38,-1.2706,0.00,0.0000,1.7482,0.6355,5.8634,0.4552,1.2983,1.5408,,,
46.0564,7,5,15.8694,61.9254,converged,81619.16,49999.38,-1.2706,0.00,0.0000,0.2648,1.9250,0.3358,0.0327,,,,,
34.5588,9,6,18.7267,53.2847,converged,81619.16,49999.38,-1.2706,0.00,0.0000,1.1700,1.1975,2.1997,2.8306,0.0793,,,,
37.4938,9,9,30.9966,68.4896,completed,81619.16,49999.38,-1.2706,0.00,0.0000,1.1583,0.7337,2.9330,2.3437,0.2666,0.1291,0.7502,1.1660,
39.6584,9,7,23.2082,62.8662,converged,81619.16,49999.38,-1.2706,0.00,0.0000,1.1802,1.1968,1.7676,3.1943,0.4089,0.0612,,,
21.7840,10,7,26.2225,48.0055,converged,81619.16,49999.38,-1.2706,0.00,0.0000,1.0386,1.1817,0.1306,4.1716,1.4086,0.0820,,,
49.1379,7,7,26.0907,75.2277,completed,81619.16,49999.38,-1.2706,0.00,0.0000,2.1440,2.1966,2.0093,1.2214,1.7536,2.1068,,,
59.6057,5,5,17.3484,76.9535,converged,81619.16,49999.38,-1.2706,0.00,0.0000,0.1994,2.2850,0.1687,0.0603,,,,,
49.4557,7,7,24.5410,73.9960,completed,81619.16,49999.38,-1.2706,0.00,0.0000,2.7350,4.3339,3.6294,3.7108,4.0327,2.9630,,,
47.2305,7,6,19.5627,66.7927,converged,81619.16,49999.38,-1.2706,0.00,0.0000,0.4898,2.7032,2.3066,0.2178,0.0384,,,,
51.6550,7,6,19.9154,71.5704,converged,81619.16,49999.38,-1.2706,0.00,0.0000,0.3020,2.1240,0.8390,0.1398,0.0647,,,,
40.9595,8,8,26.4789,67.4380,completed,81619.16,49999.38,-1.2706,0.00,0.0000,1.5860,1.1482,4.1139,2.1595,0.1816,0.9833,1.3427,,
42.3306,8,8,27.0608,69.3909,completed,81619.16,49999.38,-1.2706,0.00,0.0000,1.3231,1.4460,3.0419,2.1925,0.2585,1.2470,1.4479,,
28.9861,10,7,23.7225,52.7086,converged,81619.16,49999.38,-1.2706,0.00,0.0000,0.6533,0.4584,1.2677,1.3045,0.1319,0.0544,,,
46.8194,7,7,36.6814,83.5004,completed,81619.16,49999.38,-1.2706,0.00,0.0000,1.7163,1.8226,4.8481,1.2312,0.1971,0.5626,,,
23.4374,10,7,27.0594,50.4964,converged,81619.16,49999.38,-1.2706,0.00,0.0000,0.6768,0.2345,2.3003,2.4284,0.1714,0.0589,,,
43.7503,8,8,39.1413,82.8913,completed,81619.16,49999.38,-1.2706,0.00,0.0000,2.2800,3.7572,3.2496,5.3416,2.8685,3.1461,2.8549,,
35.2829,9,9,35.0510,70.3330,completed,81619.16,49999.38,-1.2706,0.00,0.0000,0.3797,0.4044,1.4685,0.2750,0.1497,0.3367,0.1049,0.4907,
59.0722,5,5,24.1221,83.1941,completed,81619.16,49999.38,-1.2706,0.00,0.0000,2.1592,4.3021,0.9541,0.2403,,,,,
33.7260,10,6,20.8601,54.5861,converged,81619.16,49999.38,-1.2706,0.00,0.0000,0.4137,0.1030,1.1929,0.8274,0.0923,,,,
32.8990,10,10,36.7243,69.6223,completed,81619.16,49999.38,-1.2706,0.00,0.0000,1.6157,2.1543,2.5853,0.9516,4.7475,2.3201,2.3300,2.0173,1.8602
34.1348,9,9,45.7562,79.8903,completed,81619.16,49999.38,-1.2706,0.00,0.0000,1.4501,2.1489,0.3062,5.6047,1.1679,0.6111,1.4927,1.4031,
28.3854,10,10,37.4639,65.8489,completed,81619.16,49999.38,-1.2706,0.00,0.0000,1.2868,2.4362,3.0153,1.1932,4.1458,1.1101,0.5234,1.0574,1.0999
31.2492,10,10,34.1044,65.3534,completed,81619.16,49999.38,-1.2706,0.00,0.0000,1.1689,1.3780,0.1090,4.5648,1.3932,0.9282,1.9878,1.5149,1.1642
28.0816,10,10,38.5993,66.6804,completed,81619.16,49999.38,-1.2706,0.00,0.0000,1.0576,1.3153,0.1018,3.9565,0.9747,0.4011,0.1074,0.2318,0.5671
34.0173,9,9,32.5853,66.6024,completed,81619.16,49999.38,-1.2706,0.00,0.0000,2.1130,3.2076,2.5646,3.3325,1.6146,0.9152,1.6214,1.7547,
24.5798,10,6,21.0641,45.6431,converged,81619.16,49999.38,-1.2706,0.00,0.0000,0.1357,0.1745,0.6185,0.1820,0.0472,,,,
36.7405,9,6,18.7922,55.5322,converged,81619.16,49999.38,-1.2706,0.00,0.0000,1.0170,0.4676,3.3703,2.9665,0.0966,,,,
58.8811,5,5,20.5907,79.4717,completed,81619.16,49999.38,-1.2706,0.00,0.0000,5.5989,8.3190,6.8503,6.3978,,,,,
52.4878,6,6,21.7958,74.2828,completed,81619.16,49999.38,-1.2706,0.00,0.0000,1.7851,0.2601,3.8851,0.1479,0.2945,,,,
27.1998,10,7,21.4045,48.6035,converged,81619.16,49999.38,-1.2706,0.00,0.0000,0.7820,0.1399,2.5368,1.6155,0.2297,0.0622,,,
59.7234,5,5,17.2574,76.9805,converged,81619.16,49999.38,-1.2706,0.00,0.0000,2.7531,3.8526,1.7426,0.0518,,,,,
48.8537,7,7,24.6835,73.5366,completed,81619.16,49999.38,-1.2706,0.00,0.0000,1.2212,0.4225,3.8107,0.3430,0.1515,0.8958,,,
37.2166,9,6,28.9574,66.1734,converged,81619.16,49999.38,-1.2706,0.00,0.0000,1.1472,1.4786,0.7926,4.4601,0.0799,,,,
43.7534,8,8,29.1917,72.9448,completed,81619.16,49999.38,-1.2706,0.00,0.0000,2.4056,3.7442,2.3311,1.7851,2.4039,2.8190,2.6540,,
55.7896,6,6,22.2229,78.0119,completed,81619.16,49999.38,-1.2706,0.00,0.0000,1.7396,2.3798,2.7714,0.3113,0.3774,,,,
49.2568,7,7,34.7277,83.9837,completed,81619.16,49999.38,-1.2706,0.00,0.0000,2.3139,3.8379,1.2308,4.8550,3.1692,2.9032,,,
23.0117,10,4,16.4142,39.4252,converged,81619.16,49999.38,-1.2706,0.00,0.0000,1.3500,1.5393,0.0849,,,,,,
35.7611,9,9,45.0465,80.8075,completed,81619.16,49999.38,-1.2706,0.00,0.0000,1.9448,2.9787,2.1267,2.7154,3.0843,2.9850,2.5050,2.1346,
44.0026,8,6,23.6612,67.6632,converged,81619.16,49999.38,-1.2706,0.00,0.0000,0.3091,1.0885,1.8644,0.1215,0.0875,,,,
45.5803,8,8,32.2308,77.8109,completed,81619.16,49999.38,-1.2706,0.00,0.0000,1.4758,1.5224,1.9687,3.6943,0.2887,0.5582,1.1495,,
57.8324,6,6,24.6122,82.4442,completed,81619.16,49999.38,-1.2706,0.00,0.0000,2.2744,0.9219,4.5446,0.4875,0.3225,,,,
58.9941,5,5,18.2546,77.2486,converged,81619.16,49999.38,-1.2706,0.00,0.0000,1.2237,3.0185,0.1967,0.0494,,,,,
38.7307,9,9,46.2819,85.0119,completed,81619.16,49999.38,-1.2706,0.00,0.0000,2.3419,4.3720,5.7243,3.7562,3.9891,3.1795,3.0778,2.3546,
48.1081,7,6,26.4147,74.5228,converged,81619.16,49999.38,-1.2706,0.00,0.0000,1.3419,1.3848,5.1168,0.7855,0.0382,,,,
59.7667,5,5,29.3218,89.0879,completed,81619.16,49999.38,-1.2706,0.00,0.0000,1.6294,5.0256,1.0296,0.2450,,,,,
31.6527,10,10,40.2069,71.8590,completed,81619.16,49999.38,-1.2706,0.00,0.0000,1.2364,1.9433,1.7868,3.6174,3.5297,0.5488,0.1358,0.3840,0.7512
47.2005,7,5,30.7053,77.9053,converged,81619.16,49999.38,-1.2706,0.00,0.0000,0.7385,1.5929,1.4949,0.0493,,,,,
20.5837,10,7,29.7800,50.3631,converged,81619.16,49999.38,-1.2706,0.00,0.0000,1.0072,0.8319,1.1209,3.9308,0.4456,0.0616,,,
32.4852,10,10,44.3348,76.8199,completed,81619.16,49999.38,-1.2706,0.00,0.0000,1.4712,2.5339,3.5217,0.4922,1.1529,4.0107,2.8467,2.1930,1.7665
40.7551,8,8,40.2290,80.9841,completed,81619.16,49999.38,-1.2706,0.00,0.0000,1.4894,0.8427,4.5522,2.5174,1.4717,3.0544,1.7669,,
38.9301,9,9,32.3687,71.2987,completed,81619.16,49999.38,-1.2706,0.00,0.0000,1.8475,2.8326,1.9145,5.2658,2.2690,2.7480,2.1015,2.0104,
28.9967,10,10,37.9736,66.9696,completed,81619.16,49999.38,-1.2706,0.00,0.0000,2.0562,3.3499,5.1357,3.9966,2.9269,2.0863,2.9153,2.4259,1.9111
51.7807,7,6,24.6278,76.4078,converged,81619.16,49999.38,-1.2706,0.00,0.0000,1.0734,0.6740,2.7514,0.1256,0.0521,,,,
45.2128,8,8,33.5892,78.8013,completed,81619.16,49999.38,-1.2706,0.00,0.0000,2.2840,4.1022,2.2474,1.7817,2.2293,2.4649,2.5242,,
25.8139,10,8,26.1838,51.9969,converged,81619.16,49999.38,-1.2706,0.00,0.0000,1.1281,1.1202,0.9336,4.2184,1.0087,0.1787,0.0866,,
54.2128,6,5,14.3872,68.5993,converged,81619.16,49999.38,-1.2706,0.00,0.0000,0.6036,2.2151,0.7029,0.0505,,,,,
57.0130,6,6,29.1323,86.1454,completed,81619.16,49999.38,-1.2706,0.00,0.0000,1.3205,3.1226,1.4852,0.5305,1.1166,,,,
36.5243,9,9,32.7472,69.2712,completed,81619.16,49999.38,-1.2706,0.00,0.0000,1.1463,0.8487,2.3939,3.3614,0.3114,0.1472,0.3937,0.9255,
28.1203,10,10,33.6234,61.7434,completed,81619.16,49999.38,-1.2706,0.00,0.0000,1.9177,3.0775,3.3871,1.0111,3.7314,2.3798,2.2039,2.0021,1.8610
20.4412,10,7,20.5713,41.0123,converged,81619.16,49999.38,-1.2706,0.00,0.0000,0.7114,0.7985,0.8206,2.1818,0.1977,0.0399,,,
51.3485,7,7,23.3746,74.7227,completed,81619.16,49999.38,-1.2706,0.00,0.0000,1.4918,0.1180,4.0606,0.1013,0.5341,1.2190,,,
52.2066,6,6,21.8355,74.0415,completed,81619.16,49999.38,-1.2706,0.00,0.0000,1.4848,2.4336,2.1152,0.1045,0.1776,,,,
33.5173,10,10,32.5164,66.0335,completed,81619.16,49999.38,-1.2706,0.00,0.0000,1.4456,2.1362,2.5007,0.8717,0.7653,4.6234,2.8916,2.3116,1.9312
33.4350,10,10,33.5557,66.9908,completed,81619.16,49999.38,-1.2706,0.00,0.0000,1.3588,1.5732,1.7167,1.1586,3.9033,1.4950,1.8296,1.5760,1.4383
36.7933,9,9,43.6903,80.4834,completed,81619.16,49999.38,-1.2706,0.00,0.0000,1.4707,2.6114,1.3704,4.5219,0.3222,1.9727,1.5091,1.5052,
23.7667,10,10,34.0945,57.8605,completed,81619.16,49999.38,-1.2706,0.00,0.0000,1.4077,2.2495,3.2227,1.8466,1.9183,3.6922,2.9580,2.2810,1.8510
32.0803,10,7,23.7317,55.8117,converged,81619.16,49999.38,-1.2706,0.00,0.0000,1.0420,0.6023,2.1558,4.0151,0.5700,0.0407,,,
53.1397,6,5,20.6338,73.7729,converged,81619.16,49999.38,-1.2706,0.00,0.0000,0.7501,3.4327,0.6770,0.0777,,,,,
56.1831,6,6,20.0953,76.2783,completed,81619.16,49999.38,-1.2706,0.00,0.0000,1.4205,1.8862,3.1896,0.1335,0.5269,,,,
41.1180,8,6,22.6292,63.7463,converged,81619.16,49999.38,-1.2706,0.00,0.0000,0.7621,0.3147,2.1834,0.2381,0.0966,,,,
40.6150,8,8,32.9534,73.5674,completed,81619.16,49999.38,-1.2706,0.00,0.0000,2.3432,4.1201,4.9119,3.9088,2.2937,3.2975,2.7600,,
42.6220,8,8,27.1057,69.7278,completed,81619.16,49999.38,-1.2706,0.00,0.0000,1.7803,2.0600,2.9365,3.9011,0.2740,1.3809,1.4645,,
42.0024,8,8,28.7806,70.7826,completed,81619.16,49999.38,-1.2706,0.00,0.0000,1.6694,1.4975,3.2390,2.7948,0.5844,0.3889,0.9373,,
33.3749,10,7,27.9056,61.2796,converged,81619.16,49999.38,-1.2706,0.00,0.0000,0.5179,0.3680,1.1098,1.3992,0.1759,0.0852,,,
25.0523,10,7,28.3400,53.3920,converged,81619.16,49999.38,-1.2706,0.00,0.0000,0.7247,0.2148,2.1451,1.5940,0.1386,0.0671,,,
35.3719,9,9,31.0865,66.4575,completed,81619.16,49999.38,-1.2706,0.00,0.0000,1.2604,1.1888,1.8761,4.9057,1.4478,1.7501,1.7347,1.4416,
26.3279,10,6,21.7891,48.1161,converged,81619.16,49999.38,-1.2706,0.00,0.0000,0.2276,0.5056,1.4664,0.4224,0.0830,,,,
46.2272,7,6,22.2070,68.4340,converged,81619.16,49999.38,-1.2706,0.00,0.0000,1.7265,0.4241,6.5543,1.0089,0.0697,,,,
47.0381,7,6,18.5597,65.5978,converged,81619.16,49999.38,-1.2706,0.00,0.0000,1.0689,0.8091,2.8299,0.2615,0.0713,,,,
50.1081,7,7,33.7889,83.8969,completed,81619.16,49999.38,-1.2706,0.00,0.0000,3.4547,6.6674,4.5186,4.6928,4.5021,3.3911,,,
34.4257,9,6,23.9639,58.3889,converged,81619.16,49999.38,-1.2706,0.00,0.0000,0.7410,0.3893,2.2141,1.5558,0.0360,,,,
53.2031,6,6,31.4415,84.6445,completed,81619.16,49999.38,-1.2706,0.00,0.0000,1.7671,2.7079,2.9941,0.1772,0.5913,,,,
46.8818,7,7,41.2262,88.1073,completed,81619.16,49999.38,-1.2706,0.00,0.0000,1.3404,0.5894,3.8036,0.1386,0.3782,1.1244,,,
23.8213,10,10,38.9984,62.8195,completed,81619.16,49999.38,-1.2706,0.00,0.0000,1.2901,1.5669,0.5172,4.4332,1.9016,2.3192,2.5232,1.4731,1.2854
27.4089,10,4,15.3083,42.7163,converged,81619.16,49999.38,-1.2706,0.00,0.0000,1.1923,1.4039,0.0304,,,,,,
59.4613,5,5,29.9334,89.3944,completed,81619.16,49999.38,-1.2706,0.00,0.0000,3.4385,1.1539,4.4407,3.5017,,,,,
21.5666,10,10,39.7178,61.2838,completed,81619.16,49999.38,-1.2706,0.00,0.0000,1.5682,2.7029,3.6039,1.3553,2.1710,2.8360,2.6865,2.3865,1.9656
48.6047,7,5,27.1447,75.7487,converged,81619.16,49999.38,-1.2706,0.00,0.0000,0.8509,0.8371,2.2127,0.0481,,,,,
52.6877,6,6,25.4217,78.1087,completed,81619.16,49999.38,-1.2706,0.00,0.0000,2.6046,1.7730,3.7407,0.6014,1.2286,,,,
33.6321,10,7,29.9035,63.5355,converged,81619.16,49999.38,-1.2706,0.00,0.0000,0.7402,0.7586,0.9331,1.8620,0.1972,0.0669,,,
43.0347,8,6,27.2829,70.3170,converged,81619.16,49999.38,-1.2706,0.00,0.0000,0.8216,0.2426,2.3999,0.5017,0.0759,,,,
41.0609,8,8,27.8459,68.9059,completed,81619.16,49999.38,-1.2706,0.00,0.0000,3.9882,7.8460,7.3738,5.3352,5.6835,5.7233,4.5181,,
38.3590,9,9,36.1769,74.5349,completed,81619.16,49999.38,-1.2706,0.00,0.0000,1.0805,1.1771,1.2742,4.1068,0.5700,1.6263,1.8850,1.3331,
45.9163,8,7,24.9793,70.8953,converged,81619.16,49999.38,-1.2706,0.00,0.0000,1.9301,2.4615,3.1498,4.5862,0.3942,0.0580,,,
42.3871,8,8,28.7629,71.1500,completed,81619.16,49999.38,-1.2706,0.00,0.0000,2.8303,5.4114,6.8401,4.9170,4.8467,5.1039,3.7049,,
42.2920,8,8,28.5488,70.8408,completed,81619.16,49999.38,-1.2706,0.00,0.0000,2.2198,3.3922,1.7275,1.5319,3.0803,3.0702,2.4511,,
26.9824,10,7,25.7319,52.7139,converged,81619.16,49999.38,-1.2706,0.00,0.0000,1.0590,1.3295,0.3039,4.0304,0.7534,0.0697,,,
48.7831,7,7,31.1879,79.9709,completed,81619.16,49999.38,-1.2706,0.00,0.0000,1.9416,2.7556,4.6777,2.1912,0.5428,0.5039,,,
44.3441,8,3,9.2101,53.5541,converged,81619.16,49999.38,-1.2706,0.00,0.0000,1.1138,0.0507,,,,,,,
52.0839,6,5,16.3019,68.3849,converged,81619.16,49999.38,-1.2706,0.00,0.0000,1.5351,2.6052,1.9255,0.0548,,,,,
53.7027,6,5,13.7867,67.4887,converged,81619.16,49999.38,-1.2706,0.00,0.0000,1.1885,2.3216,1.7495,0.0822,,,,,
39.3006,9,9,31.3684,70.6685,completed,81619.16,49999.38,-1.2706,0.00,0.0000,1.8497,2.6617,3.2798,1.0504,1.0369,2.2456,2.3974,2.0960,
36.4334,9,6,23.1366,59.5697,converged,81619.16,49999.38,-1.2706,0.00,0.0000,1.3157,1.5077,0.7429,5.9703,0.0598,,,,
29.6663,10,10,35.7548,65.4208,completed,81619.16,49999.38,-1.2706,0.00,0.0000,1.4414,2.1161,1.9861,3.2708,3.1339,2.5004,2.0548,1.5686,1.6003
26.4004,10,10,40.5386,66.9386,completed,81619.16,49999.38,-1.2706,0.00,0.0000,1.3185,1.9607,1.5486,3.5262,3.7640,0.3209,0.2715,1.1438,1.2568
30.5385,10,7,22.5478,53.0858,converged,81619.16,49999.38,-1.2706,0.00,0.0000,1.0296,0.5429,2.3539,3.3910,0.3082,0.0538,,,
49.1214,7,6,20.9241,70.0451,converged,81619.16,49999.38,-1.2706,0.00,0.0000,0.9022,2.0093,2.5864,0.3771,0.0550,,,,
51.0842,7,7,30.0365,81.1205,completed,81619.16,49999.38,-1.2706,0.00,0.0000,2.5349,4.1910,2.9705,5.5955,3.6657,3.4511,,,
26.8532,10,6,16.5264,43.3795,converged,81619.16,49999.38,-1.2706,0.00,0.0000,0.0940,1.0228,1.0302,0.1822,0.0481,,,,
57.7444,6,5,16.0806,73.8247,converged,81619.16,49999.38,-1.2706,0.00,0.0000,1.8667,1.2388,3.6043,0.0525,,,,,
44.8982,8,6,19.8231,64.7211,converged,81619.16,49999.38,-1.2706,0.00,0.0000,1.1055,0.4566,3.3441,0.7081,0.0510,,,,
20.1399,10,7,22.1979,42.3369,converged,81619.16,49999.38,-1.2706,0.00,0.0000,1.1339,1.4523,0.7785,4.6593,2.5884,0.0723,,,
54.1271,6,6,33.4495,87.5766,completed,81619.16,49999.38,-1.2706,0.00,0.0000,1.3758,2.6621,2.5565,0.1784,0.7266,,,,
37.1480,9,9,41.8729,79.0209,completed,81619.16,49999.38,-1.2706,0.00,0.0000,1.9076,2.8472,3.5099,1.3171,3.3428,2.2905,2.5410,2.0245,
56.4019,6,6,25.1251,81.5262,completed,81619.16,49999.38,-1.2706,0.00,0.0000,3.5678,4.7639,4.4778,3.7993,3.6850,,,,
40.5039,8,8,29.8208,70.3239,completed,81619.16,49999.38,-1.2706,0.00,0.0000,1.0931,0.2157,3.8301,0.6680,0.2290,0.9362,1.4730,,
45.9530,8,8,31.4459,77.3980,completed,81619.16,49999.38,-1.2706,0.00,0.0000,1.3558,1.0909,3.4761,1.3963,1.2557,2.0598,1.5475,,
46.2531,7,7,27.5170,73.7700,completed,81619.16,49999.38,-1.2706,0.00,0.0000,2.6942,4.8610,3.1143,3.9659,3.3307,3.5382,,,
44.8094,8,8,29.1084,73.9175,completed,81619.16,49999.38,-1.2706,0.00,0.0000,1.2477,0.2998,4.8002,1.6664,0.3515,1.6360,1.4924,,
57.2649,6,5,18.9791,76.2431,converged,81619.16,49999.38,-1.2706,0.00,0.0000,1.0114,2.7444,1.1295,0.0792,,,,,
52.5554,6,5,15.2038,67.7589,converged,81619.16,49999.38,-1.2706,0.00,0.0000,1.0812,2.6751,0.8394,0.0778,,,,,
41.5100,8,7,22.7714,64.2815,converged,81619.16,49999.38,-1.2706,0.00,0.0000,1.4950,1.3340,4.5191,1.8844,0.1793,0.0802,,,
22.4468,10,10,35.1973,57.6433,completed,81619.16,49999.38,-1.2706,0.00,0.0000,1.2661,1.5343,0.1163,4.8825,1.6110,0.2936,0.1112,0.6823,1.0889
53.3374,6,6,22.9048,76.2418,completed,81619.16,49999.38,-1.2706,0.00,0.0000,3.0790,3.2370,1.2608,3.1289,2.9756,,,,
40.3900,8,8,29.3790,69.7680,completed,81619.16,49999.38,-1.2706,0.00,0.0000,1.7810,1.9812,3.6521,4.4855,0.5602,1.3350,1.4658,,
57.3594,6,5,16.5781,73.9371,converged,81619.16,49999.38,-1.2706,0.00,0.0000,1.1057,2.8706,1.1307,0.0679,,,,,
32.4180,10,10,42.1341,74.5512,completed,81619.16,49999.38,-1.2706,0.00,0.0000,1.2980,1.5759,1.1518,2.3047,0.5807,2.7331,2.0723,1.7157,1.6654
59.2828,5,5,19.7235,79.0056,completed,81619.16,49999.38,-1.2706,0.00,0.0000,1.5076,3.6137,0.4392,0.5544,,,,,
28.2213,10,10,41.3129,69.5339,completed,81619.16,49999.38,-1.2706,0.00,0.0000,1.3269,1.5500,0.5259,3.5928,1.8619,3.5719,2.5561,1.7828,1.6366
24.4865,10,7,24.4258,48.9118,converged,81619.16,49999.38,-1.2706,0.00,0.0000,0.7792,0.9849,0.3121,2.5991,0.5577,0.0490,,,
49.1871,7,6,19.6172,68.8042,converged,81619.16,49999.38,-1.2706,0.00,0.0000,1.3014,0.8554,3.4957,0.4743,0.0723,,,,
45.4516,8,8,41.5612,87.0122,completed,81619.16,49999.38,-1.2706,0.00,0.0000,0.9421,0.4018,2.1552,0.4485,0.2780,0.1410,0.8888,,
47.8101,7,6,27.2616,75.0716,converged,81619.16,49999.38,-1.2706,0.00,0.0000,0.7848,2.4340,2.1619,0.1276,0.0337,,,,
45.5536,8,7,34.5390,80.0921,converged,81619.16,49999.38,-1.2706,0.00,0.0000,1.8811,2.3181,2.2709,5.5488,0.9220,0.0872,,,
23.2109,10,7,25.5914,48.8014,converged,81619.16,49999.38,-1.2706,0.00,0.0000,0.7373,0.5567,1.3163,1.9283,0.2258,0.0805,,,
57.2970,6,6,24.2826,81.5787,completed,81619.16,49999.38,-1.2706,0.00,0.0000,1.3584,3.1970,1.6208,0.1791,0.3615,,,,
54.9844,6,6,28.6131,83.5971,completed,81619.16,49999.38,-1.2706,0.00,0.0000,1.5678,1.9282,2.1838,0.2296,0.1830,,,,
34.8002,9,9,33.0008,67.8009,completed,81619.16,49999.38,-1.2706,0.00,0.0000,2.0119,2.5622,0.8862,4.8528,1.4196,2.8979,2.1857,2.1028,
56.1102,6,6,24.5539,80.6639,completed,81619.16,49999.38,-1.2706,0.00,0.0000,1.2830,3.2085,2.0791,0.1087,0.3046,,,,
45.3762,8,8,27.7380,73.1140,completed,81619.16,49999.38,-1.2706,0.00,0.0000,1.2265,0.8853,3.7986,1.4733,0.1137,0.1397,0.6969,,
36.1316,9,6,18.1486,54.2796,converged,81619.16,49999.38,-1.2706,0.00,0.0000,0.7767,0.2447,2.3065,0.8905,0.0480,,,,
25.4761,10,10,41.5525,67.0285,completed,81619.16,49999.38,-1.2706,0.00,0.0000,1.6943,3.0056,3.9539,0.8496,1.1604,3.0187,2.3232,2.3919,2.1604
31.3635,10,10,44.6744,76.0374,completed,81619.16,49999.38,-1.2706,0.00,0.0000,1.5353,2.1485,2.2163,1.3612,5.7893,0.1807,1.2345,1.2809,1.2101
38.7284,9,6,19.7720,58.5001,converged,81619.16,49999.38,-1.2706,0.00,0.0000,0.7576,0.7659,1.7960,1.1285,0.0492,,,,
27.1600,10,10,32.3675,59.5275,completed,81619.16,49999.38,-1.2706,0.00,0.0000,1.4063,2.1621,2.7076,1.0705,2.4340,2.9533,2.1402,1.8033,1.6231
28.4975,10,7,26.1845,54.6816,converged,81619.16,49999.38,-1.2706,0.00,0.0000,0.9202,1.2337,0.3589,2.9174,1.3573,0.0530,,,
28.2473,10,7,22.4893,50.7363,converged,81619.16,49999.38,-1.2706,0.00,0.0000,1.0635,0.9838,0.8934,4.2523,0.5697,0.0677,,,
23.2676,10,10,41.7971,65.0642,completed,81619.16,49999.38,-1.2706,0.00,0.0000,1.5843,2.0674,0.8957,5.5726,2.6433,0.1139,0.2131,0.8290,1.1963
33.2436,10,8,25.7629,59.0060,converged,81619.16,49999.38,-1.2706,0.00,0.0000,1.0980,1.1088,0.3172,4.4332,1.2858,0.1627,0.0765,,
22.1764,10,3,16.6404,38.8164,converged,81619.16,49999.38,-1.2706,0.00,0.0000,0.6298,0.0474,,,,,,,
23.1220,10,10,40.4147,63.5368,completed,81619.16,49999.38,-1.2706,0.00,0.0000,1.4272,1.7523,1.3434,3.8441,5.5576,0.6673,1.8071,1.5170,1.2494
29.5102,10,7,22.9186,52.4286,converged,81619.16,49999.38,-1.2706,0.00,0.0000,0.9844,1.0612,0.9730,3.2295,0.6706,0.0957,,,
50.3294,7,7,27.1665,77.4955,completed,81619.16,49999.38,-1.2706,0.00,0.0000,2.2904,2.8013,5.6270,3.3715,0.5630,0.2734,,,
35.8540,9,9,31.1748,67.0278,completed,81619.16,49999.38,-1.2706,0.00,0.0000,1.7436,2.3066,0.3015,4.3766,1.0156,3.0175,1.9421,1.6473,
49.0789,7,5,17.5844,66.6624,converged,81619.16,49999.38,-1.2706,0.00,0.0000,0.7156,1.4361,1.5431,0.0675,,,,,
22.8560,10,10,35.7008,58.5558,completed,81619.16,49999.38,-1.2706,0.00,0.0000,1.4158,2.3363,2.3506,1.5541,1.6990,2.7218,2.5711,1.9810,1.8462
22.9719,10,7,29.5747,52.5457,converged,81619.16,49999.38,-1.2706,0.00,0.0000,0.8843,0.3897,2.4261,3.2870,0.2000,0.0431,,,
30.3386,10,7,27.7696,58.1076,converged,81619.16,49999.38,-1.2706,0.00,0.0000,0.7331,0.7328,0.9685,2.0249,0.1711,0.0421,,,
38.2763,9,9,33.2707,71.5468,completed,81619.16,49999.39,-1.2719,0.00,0.0000,2.9298,5.3321,7.1203,4.5516,3.2316,3.8523,4.0636,3.3484,
23.1846,10,7,24.0197,47.2038,converged,81619.16,49999.39,-1.2719,0.00,0.0000,1.0565,1.0311,1.0367,3.7220,0.4020,0.0342,,,
54.6881,6,6,26.2641,80.9522,completed,81619.16,49999.39,-1.2719,0.00,0.0000,1.7899,0.1927,5.4942,0.2168,0.1939,,,,
42.3487,8,6,18.9551,61.3032,converged,81619.16,49999.39,-1.2719,0.00,0.0000,0.9056,1.0328,2.9888,0.3470,0.0444,,,,
37.7163,9,9,31.3989,69.1149,completed,81619.16,49999.39,-1.2719,0.00,0.0000,1.6084,3.0732,3.9348,1.2124,3.0101,3.1220,2.6624,2.1065,
51.2543,7,6,20.0242,71.2783,converged,81619.16,49999.39,-1.2719,0.00,0.0000,0.6083,1.8085,1.2058,0.1062,0.0937,,,,
39.8558,9,7,20.2140,60.0690,converged,81619.16,49999.39,-1.2719,0.00,0.0000,1.3208,1.3470,0.3063,5.7188,1.1227,0.0944,,,
38.8130,9,9,31.5357,70.3487,completed,81619.16,49999.39,-1.2719,0.00,0.0000,1.1066,1.4535,1.2460,2.7787,0.6830,0.2223,0.1488,0.4506,
40.3389,8,7,27.5467,67.8847,converged,81619.16,49999.39,-1.2719,0.00,0.0000,1.8594,1.4918,5.4923,3.5880,0.2236,0.0395,,,
31.9326,10,10,39.8069,71.7390,completed,81619.16,49999.39,-1.2719,0.00,0.0000,1.6274,2.2359,2.2966,1.7846,5.5192,0.1508,0.7179,1.1955,1.3942
27.9193,10,10,39.0498,66.9688,completed,81619.16,49999.39,-1.2719,0.00,0.0000,1.3865,1.5980,0.2681,5.0176,1.1144,2.0594,2.8528,1.6138,1.4093
28.6957,10,10,40.4444,69.1395,completed,81619.16,49999.39,-1.2719,0.00,0.0000,1.7608,2.2631,1.1867,4.1041,3.5491,0.9781,2.6603,1.6949,1.5318
25.0189,10,7,35.3805,60.3985,converged,81619.16,49999.39,-1.2719,0.00,0.0000,0.9049,0.7940,1.1091,2.7848,0.1765,0.0558,,,
45.1609,8,3,12.6127,57.7728,converged,81619.16,49999.39,-1.2719,0.00,0.0000,1.1975,0.0355,,,,,,,
56.1103,6,6,22.3802,78.4902,completed,81619.16,49999.39,-1.2719,0.00,0.0000,1.5633,4.1898,2.2282,0.1548,0.5610,,,,
59.0635,5,5,34.1489,93.2119,completed,81619.16,49999.39,-1.2719,0.00,0.0000,2.5654,1.4032,2.1855,0.1620,,,,,
34.4368,9,7,26.9289,61.3649,converged,81619.16,49999.39,-1.2719,0.00,0.0000,1.0511,0.6153,2.8053,1.7969,0.1338,0.0893,,,
59.7552,5,5,19.3135,79.0685,converged,81619.16,49999.39,-1.2719,0.00,0.0000,1.3768,2.9872,0.4031,0.0423,,,,,
56.4807,6,6,25.1374,81.6175,completed,81619.16,49999.39,-1.2719,0.00,0.0000,2.1673,1.3526,4.6939,0.3795,0.4322,,,,
43.3792,8,8,30.3416,73.7206,completed,81619.16,49999.39,-1.2719,0.00,0.0000,1.4312,1.7821,2.8242,2.7962,0.6048,1.5446,1.5642,,
41.2658,8,8,28.6804,69.9454,completed,81619.16,49999.39,-1.2719,0.00,0.0000,2.1370,3.3370,0.7483,1.6947,2.5884,2.1951,2.2103,,
42.6422,8,6,22.4519,65.0939,converged,81619.16,49999.39,-1.2719,0.00,0.0000,1.3677,0.7541,3.7092,1.0622,0.0992,,,,
30.2467,10,10,39.1847,69.4307,completed,81619.16,49999.39,-1.2719,0.00,0.0000,1.3165,1.1609,0.6990,5.6806,3.3853,0.9922,2.4481,1.4277,1.2413
34.3110,9,9,36.9169,71.2269,completed,81619.16,49999.39,-1.2719,0.00,0.0000,1.6737,2.3898,1.3995,4.5259,2.9665,3.4064,2.3006,2.0503,
48.8861,7,6,23.0231,71.9091,converged,81619.16,49999.39,-1.2719,0.00,0.0000,0.8617,2.3762,2.3991,0.1291,0.0696,,,,
26.2118,10,10,57.2571,83.4682,completed,81619.16,49999.39,-1.2719,0.00,0.0000,1.7124,2.6988,3.3499,0.9592,3.1312,1.0237,1.5915,1.7290,1.6369
44.6645,8,8,27.6412,72.3053,completed,81619.16,49999.39,-1.2719,0.00,0.0000,1.6672,2.3900,1.6961,4.3196,0.5477,1.8214,1.3914,,
20.9590,10,10,40.5700,61.5291,completed,81619.16,49999.39,-1.2719,0.00,0.0000,0.2986,1.2740,1.5820,0.3312,0.1066,0.1927,0.1058,0.1921,0.5043
34.0734,9,9,30.3391,64.4121,completed,81619.16,49999.39,-1.2719,0.00,0.0000,2.4419,3.8306,5.1007,3.9306,4.0196,3.9785,3.8162,2.9630,
51.7600,7,7,32.7104,84.4694,completed,81619.16,49999.39,-1.2719,0.00,0.0000,3.5298,5.2807,4.3773,4.2663,4.1282,3.2021,,,
45.4234,8,6,20.3691,65.7921,converged,81619.16,49999.39,-1.2719,0.00,0.0000,0.5109,0.9412,1.5105,0.1286,0.0386,,,,
49.5473,7,7,23.6394,73.1864,completed,81619.16,49999.39,-1.2719,0.00,0.0000,2.6086,4.7543,1.9238,3.9045,3.2744,2.9544,,,
22.0148,10,7,24.6805,46.6945,converged,81619.16,49999.39,-1.2719,0.00,0.0000,1.0162,1.1167,0.6072,4.1958,0.6293,0.0613,,,
24.1321,10,7,22.5848,46.7168,converged,81619.16,49999.39,-1.2719,0.00,0.0000,0.7238,0.4559,1.5530,2.1461,0.1794,0.0548,,,
40.5013,8,6,20.2361,60.7372,converged,81619.16,49999.39,-1.2719,0.00,0.0000,1.1241,0.4564,3.4506,0.6224,0.0732,,,,
26.2149,10,7,33.5056,59.7196,converged,81619.16,49999.39,-1.2719,0.00,0.0000,0.6975,0.1794,2.0612,1.5914,0.1414,0.0808,,,
29.0207,10,7,27.5888,56.6088,converged,81619.16,49999.39,-1.2719,0.00,0.0000,1.0113,0.6029,1.8000,4.0846,0.6702,0.0378,,,
43.8986,8,5,20.0694,63.9674,converged,81619.16,49999.39,-1.2719,0.00,0.0000,0.4988,1.3384,1.9265,0.0819,,,,,
58.5857,5,5,21.5698,80.1548,completed,81619.16,49999.39,-1.2719,0.00,0.0000,1.4510,3.1692,0.5006,0.1368,,,,,
54.6902,6,6,20.7518,75.4419,completed,81619.16,49999.39,-1.2719,0.00,0.0000,1.8911,1.5371,2.8217,0.1314,0.6230,,,,
31.9204,10,7,24.0050,55.9250,converged,81619.16,49999.39,-1.2719,0.00,0.0000,0.8958,1.2908,0.2091,3.3266,0.8378,0.0479,,,
33.0410,10,7,22.1327,55.1727,converged,81619.16,49999.39,-1.2719,0.00,0.0000,0.6226,0.1696,3.0589,4.1359,0.2853,0.0742,,,
43.1330,8,6,24.2710,67.4040,converged,81619.16,49999.39,-1.2719,0.00,0.0000,1.0717,0.2013,3.7875,0.4078,0.0459,,,,
24.9787,10,4,15.5606,40.5386,converged,81619.16,49999.39,-1.2719,0.00,0.0000,1.0208,1.3099,0.0999,,,,,,
39.0973,9,9,33.5132,72.6102,completed,81619.16,49999.39,-1.2719,0.00,0.0000,1.2721,0.9530,2.7088,4.6836,0.5154,0.1253,0.3446,0.6645,
37.7828,9,6,20.5667,58.3488,converged,81619.16,49999.39,-1.2719,0.00,0.0000,0.7188,0.2997,3.2505,0.9282,0.0294,,,,
50.3181,7,6,20.7186,71.0367,converged,81619.16,49999.39,-1.2719,0.00,0.0000,0.4260,1.5727,0.9732,0.1475,0.0812,,,,
55.8699,6,6,21.4032,77.2722,completed,81619.16,49999.39,-1.2719,0.00,0.0000,1.9151,2.0638,2.9643,0.1594,0.1929,,,,
34.3442,9,9,31.4710,65.8150,completed,81619.16,49999.39,-1.2719,0.00,0.0000,2.1296,3.9721,5.3621,4.2548,3.5892,3.7748,3.1816,2.3526,
40.1923,8,8,30.8555,71.0475,completed,81619.16,49999.39,-1.2719,0.00,0.0000,1.6775,1.8743,2.8265,5.2612,0.1708,0.5960,1.2023,,
49.9674,7,7,24.0744,74.0414,completed,81619.16,49999.39,-1.2719,0.00,0.0000,2.7018,4.2177,1.3913,5.2342,3.7289,3.0327,,,
44.2377,8,6,20.0265,64.2635,converged,81619.16,49999.39,-1.2719,0.00,0.0000,1.2571,0.2844,4.8597,0.8328,0.0894,,,,
49.3922,7,7,27.7680,77.1600,completed,81619.16,49999.39,-1.2719,0.00,0.0000,2.3946,2.2948,5.4668,1.3316,2.3414,1.8321,,,
29.1448,10,7,23.8145,52.9586,converged,81619.16,49999.39,-1.2719,0.00,0.0000,1.0708,1.1303,0.8047,3.7622,0.4473,0.0785,,,
53.2462,6,5,16.8323,70.0784,converged,81619.16,49999.39,-1.2719,0.00,0.0000,0.3638,1.9533,2.0888,0.0313,,,,,
33.6339,10,7,21.7709,55.4039,converged,81619.16,49999.39,-1.2719,0.00,0.0000,1.2132,1.3169,0.5341,4.9208,1.0422,0.0488,,,
22.0050,10,10,33.6940,55.6980,completed,81619.16,49999.39,-1.2719,0.00,0.0000,1.7933,2.6394,2.7004,1.1563,1.2849,3.0257,2.1135,2.0985,1.9306
41.4624,8,8,26.8303,68.2923,completed,81619.16,49999.39,-1.2719,0.00,0.0000,1.8029,1.9935,3.0950,3.8860,1.9005,1.9993,1.4960,,
59.9074,5,5,24.2284,84.1355,completed,81619.16,49999.39,-1.2719,0.00,0.0000,2.6524,3.7554,1.2938,0.3597,,,,,
57.2630,6,6,29.3031,86.5651,completed,81619.16,49999.39,-1.2719,0.00,0.0000,2.6779,1.6386,4.8141,1.0066,0.6262,,,,
45.3045,8,7,36.5760,81.8800,converged,81619.16,49999.39,-1.2719,0.00,0.0000,0.9816,0.4455,4.0958,0.8703,0.1943,0.0243,,,
24.0417,10,7,27.0444,51.0854,converged,81619.16,49999.39,-1.2719,0.00,0.0000,1.0563,1.1651,0.7066,3.5082,0.6582,0.0894,,,
33.7248,10,3,12.9076,46.6317,converged,81619.16,49999.39,-1.2719,0.00,0.0000,0.6712,0.0702,,,,,,,
40.4933,8,8,34.1000,74.5931,completed,81619.16,49999.39,-1.2719,0.00,0.0000,2.5907,4.3600,5.0489,4.7066,3.2986,3.7463,3.0665,,
37.0094,9,7,24.3526,61.3616,converged,81619.16,49999.39,-1.2719,0.00,0.0000,1.3079,1.6165,1.0030,5.0300,0.3396,0.0737,,,
46.0304,7,7,28.7567,74.7867,completed,81619.16,49999.39,-1.2719,0.00,0.0000,2.4638,3.0442,1.9895,3.1570,3.0101,2.6844,,,
20.3193,10,7,22.2561,42.5752,converged,81619.16,49999.39,-1.2719,0.00,0.0000,1.1922,1.2778,0.5595,4.1108,1.1622,0.0750,,,
55.4870,6,5,16.5161,72.0021,converged,81619.16,49999.39,-1.2719,0.00,0.0000,1.3152,2.2186,1.1053,0.0963,,,,,
58.2710,5,5,17.5604,75.8304,converged,81619.16,49999.39,-1.2719,0.00,0.0000,2.5204,3.8946,1.2641,0.0482,,,,,
37.7346,9,9,44.0059,81.7399,completed,81619.16,49999.39,-1.2719,0.00,0.0000,0.9481,0.6618,2.4018,2.5686,0.2956,0.4286,0.1777,0.7779,
32.0648,10,10,48.2798,80.3438,completed,81619.16,49999.38,-1.2721,0.00,0.0000,1.8215,2.5890,3.2736,1.9175,3.3181,2.0940,2.6124,2.7064,2.3277
44.1174,8,6,25.9389,70.0559,converged,81619.16,49999.38,-1.2721,0.00,0.0000,0.8414,0.2027,2.6351,0.1938,0.0513,,,,
28.8867,10,10,39.6777,68.5637,completed,81619.16,49999.38,-1.2721,0.00,0.0000,1.4552,2.2944,2.1219,3.5091,3.7272,1.9666,2.1988,1.6018,1.4925
50.0201,7,7,31.2370,81.2570,completed,81619.16,49999.38,-1.2721,0.00,0.0000,1.5246,0.2579,4.0378,0.2762,0.1920,0.9626,,,
24.0860,10,7,23.6089,47.6949,converged,81619.16,49999.38,-1.2721,0.00,0.0000,1.0151,0.9075,1.2209,3.8544,0.4320,0.0979,,,
48.2547,7,7,35.9621,84.2161,completed,81619.16,49999.38,-1.2721,0.00,0.0000,2.7988,4.2719,1.5060,2.5827,2.7309,2.6304,,,
41.2661,8,8,41.0858,82.3518,completed,81619.16,49999.38,-1.2721,0.00,0.0000,1.6321,1.0597,4.4815,3.7480,1.5975,2.2991,1.6047,,
28.1269,10,10,40.4771,68.6032,completed,81619.16,49999.38,-1.2721,0.00,0.0000,1.3267,1.9377,2.0080,3.7127,4.1257,1.2333,2.3077,1.5529,1.4274
32.3148,10,7,26.6214,58.9354,converged,81619.16,49999.38,-1.2721,0.00,0.0000,0.7861,0.8351,0.8649,2.7101,0.4615,0.0472,,,
20.2231,10,10,62.1326,82.3556,completed,81619.16,49999.38,-1.2721,0.00,0.0000,1.2062,1.2542,0.3103,4.6974,1.2080,1.7234,2.2210,1.3851,1.2705
20.2902,10,10,39.2374,59.5274,completed,81619.16,49999.38,-1.2721,0.00,0.0000,1.0658,1.0989,0.6025,4.5029,1.1057,0.5736,1.5945,1.6092,1.1930
51.0174,7,7,29.1046,80.1216,completed,81619.16,49999.38,-1.2721,0.00,0.0000,2.0243,1.8144,5.0621,1.9377,0.2081,0.3837,,,
27.4614,10,10,47.0963,74.5574,completed,81619.16,49999.38,-1.2721,0.00,0.0000,1.2210,2.0014,2.3881,2.3288,3.8270,0.2300,1.2147,1.2636,1.1791
30.3836,10,10,44.3666,74.7496,completed,81619.16,49999.38,-1.2721,0.00,0.0000,1.1456,1.2820,0.3907,4.7414,1.0050,0.1749,0.1251,0.4525,0.7677
30.9554,10,7,34.1281,65.0831,converged,81619.16,49999.38,-1.2721,0.00,0.0000,0.5100,0.1354,1.5456,0.9554,0.1425,0.0667,,,
35.3236,9,9,32.7727,68.0958,completed,81619.16,49999.38,-1.2721,0.00,0.0000,1.3323,1.2656,1.4257,5.2331,0.7045,2.0913,1.7101,1.4054,
44.8138,8,8,28.8764,73.6895,completed,81619.16,49999.38,-1.2721,0.00,0.0000,2.2702,3.3549,0.4195,1.2656,3.0369,2.4700,2.4290,,
59.8011,5,5,18.8955,78.6965,completed,81619.16,49999.38,-1.2721,0.00,0.0000,4.3640,7.1365,5.6313,5.4532,,,,,
45.2701,8,8,27.0257,72.2957,completed,81619.16,49999.38,-1.2721,0.00,0.0000,1.2358,1.8001,2.6164,1.8988,0.1953,0.2827,0.8933,,
59.9529,5,5,19.9176,79.8697,completed,81619.16,49999.38,-1.2721,0.00,0.0000,2.8903,2.7066,2.8357,2.9559,,,,,
42.4686,8,6,16.9365,59.4045,converged,81619.16,49999.38,-1.2721,0.00,0.0000,0.6802,0.8540,2.9043,0.2070,0.0791,,,,
57.3518,6,5,17.3525,74.7036,converged,81619.16,49999.38,-1.2721,0.00,0.0000,1.7513,0.4134,3.1881,0.0963,,,,,
50.2959,7,7,24.8650,75.1601,completed,81619.16,49999.38,-1.2721,0.00,0.0000,2.7613,4.9834,1.5356,3.9539,2.9289,3.0429,,,
59.5099,5,5,26.3222,85.8312,completed,81619.16,49999.38,-1.2721,0.00,0.0000,3.0235,2.0890,3.2253,3.1061,,,,,
48.8892,7,5,17.0404,65.9294,converged,81619.16,49999.38,-1.2721,0.00,0.0000,0.7632,1.4913,1.3089,0.0776,,,,,
59.7618,5,5,17.5566,77.3176,completed,81619.16,49999.38,-1.2721,0.00,0.0000,1.1885,4.2312,0.1775,0.4682,,,,,
31.1780,10,10,37.2107,68.3877,completed,81619.16,49999.38,-1.2721,0.00,0.0000,1.1329,0.7602,1.8964,4.9748,0.6999,0.1116,0.1956,0.6423,0.9973
31.2730,10,10,34.6117,65.8837,completed,81619.16,49999.38,-1.2721,0.00,0.0000,1.6926,2.8899,4.3538,1.8911,2.3673,1.8969,2.5043,2.3979,1.9975
57.9213,6,5,19.3354,77.2565,converged,81619.16,49999.38,-1.2721,0.00,0.0000,1.5415,2.8123,1.8474,0.0567,,,,,
21.5790,10,4,12.5546,34.1326,converged,81619.16,49999.38,-1.2721,0.00,0.0000,1.0153,1.4019,0.0888,,,,,,
48.6939,7,7,27.2645,75.9575,completed,81619.16,49999.38,-1.2721,0.00,0.0000,2.1135,0.5000,6.0664,0.9665,0.1152,0.7870,,,
51.0464,7,5,20.8364,71.8824,converged,81619.16,49999.38,-1.2721,0.00,0.0000,1.5667,1.0169,4.3583,0.0968,,,,,
25.1922,10,7,28.1436,53.3356,converged,81619.16,49999.38,-1.2721,0.00,0.0000,0.7466,0.7153,1.0394,2.1321,0.1576,0.0488,,,
37.3387,9,9,33.9935,71.3315,completed,81619.16,49999.38,-1.2721,0.00,0.0000,0.9069,0.6417,2.3850,2.3441,0.2914,0.4345,0.1650,0.6313,
50.1274,7,7,24.5413,74.6683,completed,81619.16,49999.38,-1.2721,0.00,0.0000,2.1574,1.4007,4.9777,2.4496,0.3687,0.4741,,,
39.5601,9,7,26.1772,65.7372,converged,81619.16,49999.38,-1.2721,0.00,0.0000,0.7620,0.1778,2.9324,1.8122,0.1542,0.0388,,,
22.3285,10,10,38.1989,60.5270,completed,81619.16,49999.40,-1.2719,0.00,0.0000,1.4493,1.8105,0.7791,3.9225,2.8790,1.2865,0.1131,0.4195,0.6982
59.4377,5,5,20.9499,80.3869,completed,81619.16,49999.40,-1.2719,0.00,0.0000,1.3999,2.8820,0.2959,0.9546,,,,,
47.5594,7,7,27.5951,75.1541,completed,81619.16,49999.40,-1.2719,0.00,0.0000,2.2109,2.4897,3.2143,1.4683,2.9051,2.2609,,,
52.4814,6,6,22.0376,74.5186,completed,81619.16,49999.40,-1.2719,0.00,0.0000,1.8600,2.2162,3.5147,0.2370,0.5749,,,,
45.0871,8,8,33.2228,78.3098,completed,81619.16,49999.40,-1.2720,0.00,0.0000,2.0848,2.7570,0.7589,3.4521,3.9705,2.8267,2.3205,,
28.9167,10,7,25.3091,54.2251,converged,81619.16,49999.40,-1.2720,0.00,0.0000,1.1441,1.3751,0.2158,5.1104,1.3009,0.0965,,,
25.3317,10,10,33.6608,58.9918,completed,81619.16,49999.40,-1.2719,0.00,0.0000,1.1122,1.4176,0.1064,4.1235,0.9388,2.2088,3.5145,1.8085,1.4789
55.1980,6,6,21.0148,76.2118,completed,81619.16,49999.40,-1.2719,0.00,0.0000,4.0901,7.8715,6.8687,4.0813,4.5187,,,,
51.3713,7,6,20.1634,71.5344,converged,81619.16,49999.40,-1.2719,0.00,0.0000,1.1817,0.4465,2.6094,0.2362,0.0556,,,,
51.1913,7,7,22.8516,74.0427,completed,81619.16,49999.40,-1.2719,0.00,0.0000,1.1215,1.1070,2.5129,0.1658,0.1810,0.3327,,,
48.8450,7,7,24.5805,73.4255,completed,81619.16,49999.40,-1.2719,0.00,0.0000,2.2835,4.1048,0.8426,4.6279,3.0048,2.7955,,,
25.4391,10,10,38.0900,63.5291,completed,81619.16,49999.40,-1.2719,0.00,0.0000,1.8191,2.8317,3.7526,0.5618,2.6580,2.3242,2.1980,2.1480,1.8766
48.1046,7,7,26.1671,74.2711,completed,81619.16,49999.40,-1.2719,0.00,0.0000,3.3704,7.2944,7.4078,5.7942,5.3259,4.8169,,,
42.3659,8,6,19.4254,61.7904,converged,81619.16,49999.40,-1.2719,0.00,0.0000,1.0597,0.5430,3.1344,0.9888,0.0799,,,,
50.2214,7,7,25.1007,75.3217,completed,81619.16,49999.40,-1.2717,0.00,0.0000,2.5664,3.4002,4.7379,0.2985,1.8161,1.9200,,,
32.0718,10,10,33.2408,65.3119,completed,81619.16,49999.40,-1.2717,0.00,0.0000,0.1336,0.1962,0.3094,1.9723,4.1858,0.7632,0.8030,1.6126,1.7171
41.2560,8,8,31.0622,72.3172,completed,81619.16,49999.40,-1.2718,0.00,0.0000,0.1181,0.4580,1.3008,1.8285,0.7046,1.6564,1.7527,,
37.7407,9,6,25.4329,63.1729,converged,81619.16,49999.40,-1.2718,0.00,0.0000,0.3741,0.8012,2.8662,0.6600,0.0646,,,,
44.7550,8,8,35.5744,80.3294,completed,81619.16,49999.40,-1.2718,0.00,0.0000,2.1169,4.3096,3.3031,1.3133,2.8454,2.9003,2.4973,,
42.9318,8,8,44.2246,87.1556,completed,81619.16,49999.40,-1.2718,0.00,0.0000,1.4746,1.6246,2.1396,2.9920,2.6741,2.4049,1.6663,,
53.4375,6,6,21.0978,74.5349,completed,81619.16,49999.40,-1.2718,0.00,0.0000,2.2364,0.2360,4.5347,1.2001,1.6441,,,,
50.2933,7,5,15.2815,65.5746,converged,81619.16,49999.40,-1.2718,0.00,0.0000,1.3382,0.4499,3.1088,0.0800,,,,,
56.9189,6,6,24.7254,81.6435,completed,81619.16,49999.40,-1.2718,0.00,0.0000,2.7756,1.9182,2.4401,2.6503,2.2529,,,,
31.4796,10,7,24.8319,56.3110,converged,81619.16,49999.40,-1.2718,0.00,0.0000,1.0697,1.0840,0.7389,4.6615,0.9307,0.0471,,,
32.3276,10,7,24.1530,56.4800,converged,81619.16,49999.40,-1.2718,0.00,0.0000,0.6625,0.3728,1.4780,1.8647,0.1629,0.0985,,,
57.4149,6,6,26.7349,84.1489,completed,81619.16,49999.40,-1.2718,0.00,0.0000,1.9441,0.5850,4.2288,0.5148,0.4922,,,,
26.4616,10,10,49.8572,76.3183,completed,81619.16,49999.40,-1.2718,0.00,0.0000,1.1777,1.5357,0.4013,4.4078,1.2659,0.1179,0.1499,0.6115,1.0326
57.1813,6,6,25.7532,82.9343,completed,81619.16,49999.40,-1.2718,0.00,0.0000,2.1028,0.5575,4.6584,0.2432,0.6459,,,,
21.9656,10,10,42.7600,64.7250,completed,81619.16,49999.40,-1.2718,0.00,0.0000,2.0398,2.9682,3.3449,0.5469,0.8721,2.7467,2.5395,2.3957,2.0638
58.3061,5,5,18.8042,77.1103,completed,81619.16,49999.40,-1.2718,0.00,0.0000,2.2338,4.8421,1.3753,0.7223,,,,,
28.1819,10,10,40.0230,68.2040,completed,81619.16,49999.40,-1.2718,0.00,0.0000,1.3210,1.3439,0.5739,5.0668,5.1147,0.6902,0.1294,0.4855,0.8082
36.4665,9,9,28.9903,65.4564,completed,81619.16,49999.40,-1.2718,0.00,0.0000,1.3774,1.4456,0.9637,5.2449,0.5902,1.6155,2.0087,1.4795,
40.4089,8,6,20.1296,60.5377,converged,81619.16,49999.40,-1.2718,0.00,0.0000,0.7582,0.4617,2.9163,0.1695,0.0386,,,,
32.5112,10,10,34.3817,66.8928,completed,81619.16,49999.40,-1.2718,0.00,0.0000,1.7444,2.6748,3.1058,1.1204,2.7136,2.7202,2.5578,2.3365,1.9588
44.2672,8,6,23.3190,67.5860,converged,81619.16,49999.40,-1.2718,0.00,0.0000,1.3742,0.4244,4.5771,1.5775,0.0723,,,,
32.8578,10,7,20.2477,53.1047,converged,81619.16,49999.40,-1.2718,0.00,0.0000,1.1190,0.9682,1.3688,3.5976,0.3639,0.0732,,,
35.3548,9,6,20.6925,56.0465,converged,81619.16,49999.40,-1.2718,0.00,0.0000,0.9089,0.5651,2.1330,1.9812,0.0290,,,,
37.0309,9,6,21.3224,58.3524,converged,81619.16,49999.40,-1.2718,0.00,0.0000,1.2180,1.5278,1.1555,4.9998,0.0783,,,,
59.8529,5,5,19.2548,79.1068,completed,81619.16,49999.40,-1.2718,0.00,0.0000,1.7165,3.1957,0.4839,0.2396,,,,,
41.9036,8,8,31.6694,73.5724,completed,81619.16,49999.40,-1.2718,0.00,0.0000,2.0373,2.5291,1.4432,6.3054,0.9054,1.1094,1.3213,,
38.7970,9,6,19.2441,58.0411,converged,81619.16,49999.40,-1.2718,0.00,0.0000,1.1125,0.4464,3.1246,2.7487,0.0832,,,,
24.1870,10,10,41.6473,65.8343,completed,81619.16,49999.40,-1.2718,0.00,0.0000,0.9678,0.7860,0.6687,4.4234,1.1050,0.4851,0.8513,1.4512,1.3476
55.3166,6,6,21.7330,77.0490,completed,81619.17,49999.38,-1.2721,0.00,0.0000,2.7803,4.0003,1.0435,3.2565,3.0687,,,,
51.9315,7,7,29.1895,81.1206,completed,81619.17,49999.38,-1.2721,0.00,0.0000,1.0557,1.0508,3.7271,0.1218,0.4341,0.4147,,,
33.6418,10,10,32.6494,66.2905,completed,81619.17,49999.39,-1.2718,0.00,0.0000,1.1542,1.1620,0.7204,2.1938,4.5926,1.5280,1.6504,1.7843,1.6879
47.6491,7,7,25.7334,73.3824,completed,81619.17,49999.39,-1.2718,0.00,0.0000,2.0540,2.6395,2.6501,3.2169,3.3650,3.3640,,,
59.8083,5,5,18.9913,78.7993,converged,81619.17,49999.39,-1.2718,0.00,0.0000,1.3668,2.5185,0.2388,0.0356,,,,,
40.2867,8,3,11.1993,51.4853,converged,81619.17,49999.39,-1.2718,0.00,0.0000,1.2532,0.0592,,,,,,,
55.2394,6,6,29.3204,84.5594,completed,81619.17,49999.39,-1.2718,0.00,0.0000,1.3007,2.9809,2.1223,0.2313,0.4414,,,,
22.4510,10,10,46.2303,68.6803,completed,81619.17,49999.39,-1.2718,0.00,0.0000,0.9973,0.8645,1.4153,3.5801,0.4456,0.1445,0.5492,1.0811,1.2581
22.8241,10,10,44.8383,67.6623,completed,81619.17,49999.39,-1.2718,0.00,0.0000,1.1476,1.3194,0.4351,4.3899,0.9307,0.1021,0.1424,0.2611,0.5621
32.2810,10,10,46.0717,78.3517,completed,81619.17,49999.39,-1.2718,0.00,0.0000,1.5998,2.0420,1.2465,3.9112,3.9438,0.4058,1.0492,1.2268,1.2599
46.1939,7,7,26.1735,72.3665,completed,81619.17,49999.39,-1.2718,0.00,0.0000,2.2653,1.9250,1.1586,4.3618,3.4149,2.9184,,,
41.8757,8,6,20.7273,62.6023,converged,81619.17,49999.39,-1.2718,0.00,0.0000,0.7927,1.3540,2.9790,0.3822,0.0638,,,,
47.6179,7,6,32.0701,79.6872,converged,81619.17,49999.39,-1.2718,0.00,0.0000,2.1326,1.7109,7.0812,1.8816,0.0760,,,,
49.0162,7,7,25.2851,74.3011,completed,81619.17,49999.39,-1.2718,0.00,0.0000,1.9597,1.9478,5.0282,1.7257,0.1772,1.0540,,,
46.6362,7,7,30.9189,77.5550,completed,81619.17,49999.39,-1.2718,0.00,0.0000,2.1964,2.1729,5.6264,2.1688,0.4826,1.2758,,,
24.6493,10,10,39.9234,64.5725,completed,81619.17,49999.39,-1.2718,0.00,0.0000,2.1349,3.2839,4.9682,4.1510,3.7818,3.2769,3.9978,3.4817,2.7507
53.6641,6,6,25.0572,78.7213,completed,81619.17,49999.39,-1.2718,0.00,0.0000,3.3823,4.6146,2.5475,2.1654,3.4316,,,,
52.2280,6,6,28.2520,80.4790,completed,81619.17,49999.39,-1.2718,0.00,0.0000,2.9090,2.3132,2.3432,1.7311,2.4602,,,,
36.9216,9,6,21.7521,58.6732,converged,81619.17,49999.39,-1.2718,0.00,0.0000,1.0735,1.3675,1.4462,2.9917,0.0883,,,,
42.8702,8,8,29.5048,72.3749,completed,81619.17,49999.39,-1.2718,0.00,0.0000,1.3635,1.9594,2.1316,2.6102,0.2638,0.1062,0.6558,,
26.1841,10,7,20.8575,47.0416,converged,81619.17,49999.39,-1.2718,0.00,0.0000,0.9328,0.5429,1.9535,3.9977,0.5001,0.0599,,,
55.0070,6,5,16.1312,71.1372,converged,81619.17,49999.39,-1.2718,0.00,0.0000,0.3753,2.9399,0.4797,0.0818,,,,,
26.1108,10,10,34.8709,60.9809,completed,81619.17,49999.39,-1.2718,0.00,0.0000,1.7296,2.4842,3.0453,0.5447,1.8822,3.2735,2.7909,2.4563,2.0152
47.6012,7,6,24.7241,72.3251,converged,81619.17,49999.39,-1.2718,0.00,0.0000,1.5590,0.3459,4.8254,0.3303,0.0703,,,,
21.2140,10,8,26.5686,47.7816,converged,81619.17,49999.39,-1.2718,0.00,0.0000,1.0128,1.1030,0.7739,3.9888,0.6527,0.1398,0.0398,,
38.7989,9,6,19.0712,57.8692,converged,81619.17,49999.39,-1.2718,0.00,0.0000,1.2800,1.0225,2.7865,3.5526,0.0397,,,,
40.2199,8,7,20.6834,60.9024,converged,81619.17,49999.39,-1.2718,0.00,0.0000,1.0610,0.5084,3.0646,0.5406,0.1106,0.0920,,,
48.6582,7,5,17.3692,66.0272,converged,81619.17,49999.39,-1.2718,0.00,0.0000,0.7388,0.9336,1.3320,0.0471,,,,,
47.2551,7,7,24.3669,71.6219,completed,81619.17,49999.39,-1.2717,0.00,0.0000,2.1097,2.8964,4.2595,0.2733,0.9440,1.3923,,,
47.0733,7,7,23.6870,70.7600,completed,81619.17,49999.39,-1.2717,0.00,0.0000,3.0676,5.0883,3.4141,3.7275,3.9876,3.2473,,,
55.6713,6,5,26.2065,81.8775,converged,81619.17,49999.39,-1.2717,0.00,0.0000,1.1336,3.3274,1.1975,0.0717,,,,,
24.9947,10,10,39.0723,64.0663,completed,81619.17,49999.39,-1.2717,0.00,0.0000,1.6693,2.3586,2.7655,1.1572,2.4692,4.3986,2.9772,2.3863,2.0143
35.5386,9,9,35.4694,71.0074,completed,81619.17,49999.39,-1.2717,0.00,0.0000,1.4313,2.3825,2.2374,4.8277,2.7369,0.7553,0.2660,0.7741,
44.3778,8,6,17.4915,61.8685,converged,81619.17,49999.39,-1.2717,0.00,0.0000,1.3854,0.6222,4.1367,1.0118,0.0937,,,,
42.8903,8,6,21.8675,64.7575,converged,81619.17,49999.39,-1.2717,0.00,0.0000,1.0636,0.5509,3.3272,0.6338,0.0694,,,,
50.1644,7,6,18.9810,69.1451,converged,81619.17,49999.39,-1.2717,0.00,0.0000,0.8421,1.6000,2.0880,0.1443,0.0748,,,,
42.2472,8,6,23.9312,66.1782,converged,81619.17,49999.39,-1.2716,0.00,0.0000,0.8861,0.3841,2.8930,0.5086,0.0646,,,,
27.6524,10,7,21.0685,48.7206,converged,81619.17,49999.39,-1.2716,0.00,0.0000,1.0842,0.8482,1.5949,4.6610,0.5716,0.0542,,,
27.0613,10,7,21.1016,48.1627,converged,81619.17,49999.39,-1.2715,0.00,0.0000,0.8856,0.5648,1.6769,3.0468,0.3855,0.0404,,,
43.9972,8,3,9.0858,53.0828,converged,81619.17,49999.39,-1.2715,0.00,0.0000,0.8933,0.0535,,,,,,,
57.4735,6,6,34.0150,91.4880,completed,81619.17,49999.39,-1.2715,0.00,0.0000,3.8855,6.0185,5.3714,3.5285,3.9027,,,,
30.7615,10,10,41.4277,72.1888,completed,81619.17,49999.39,-1.2715,0.00,0.0000,1.8302,2.5666,2.9190,0.9549,1.9331,2.5589,1.9268,2.0043,1.8566
48.8030,7,7,34.7956,83.5986,completed,81619.17,49999.39,-1.2715,0.00,0.0000,1.6629,0.9670,5.9008,0.1848,1.5759,1.6138,,,
31.3038,10,10,49.4534,80.7565,completed,81619.17,49999.39,-1.2715,0.00,0.0000,0.8983,0.2535,2.7881,4.1891,0.3805,0.1640,0.1205,0.6778,1.0762
54.9723,6,6,21.4188,76.3909,completed,81619.17,49999.39,-1.2715,0.00,0.0000,3.2867,4.6046,5.1940,3.8789,3.5702,,,,
27.5181,10,6,21.4408,48.9589,converged,81619.17,49999.39,-1.2715,0.00,0.0000,0.2409,0.2528,1.3482,0.4776,0.0735,,,,
51.2497,7,7,28.8582,80.1072,completed,81619.17,49999.39,-1.2715,0.00,0.0000,2.1773,3.1133,3.5438,0.9136,2.5991,2.0871,,,
51.0514,7,7,32.2893,83.3404,completed,81619.17,49999.39,-1.2715,0.00,0.0000,1.4717,0.1435,4.5416,0.5113,0.4746,1.1168,,,
42.2297,8,6,18.9123,61.1413,converged,81619.17,49999.39,-1.2715,0.00,0.0000,0.8804,0.1320,2.8201,0.4490,0.0972,,,,
44.6434,8,8,37.7258,82.3689,completed,81619.17,49999.39,-1.2715,0.00,0.0000,1.6664,1.7875,2.6580,3.9136,0.6235,0.5981,1.1980,,
54.7745,6,6,30.5761,85.3501,completed,81619.17,49999.39,-1.2715,0.00,0.0000,1.9146,2.0724,4.7414,0.3205,0.7839,,,,
41.0398,8,8,34.8199,75.8659,completed,81619.17,49999.39,-1.2715,0.00,0.0000,1.8046,2.0701,1.6353,4.0340,3.1961,2.5445,1.8402,,
39.3963,9,9,32.4978,71.8938,completed,81619.17,49999.39,-1.2715,0.00,0.0000,2.4497,3.8613,4.9520,4.3001,3.3057,3.6029,3.2729,2.5789,
33.4356,10,8,25.6516,59.0868,converged,81619.17,49999.39,-1.2715,0.00,0.0000,0.9802,0.6204,1.8469,2.7185,0.6265,0.1490,0.0261,,
52.7769,6,6,33.6700,86.4460,completed,81619.17,49999.39,-1.2715,0.00,0.0000,0.6821,3.4813,1.0347,0.1226,0.3385,,,,
38.2386,9,9,35.0623,73.3004,completed,81619.17,49999.39,-1.2715,0.00,0.0000,2.0632,3.7868,4.5603,1.9733,2.3520,2.7172,2.9320,2.4746,
38.5894,9,9,34.0278,72.6168,completed,81619.17,49999.39,-1.2715,0.00,0.0000,1.2947,1.6287,0.4303,4.0524,0.5444,0.8331,1.4776,1.3116,
25.9021,10,10,36.8027,62.7047,completed,81619.17,49999.39,-1.2715,0.00,0.0000,0.8919,0.8091,0.8523,3.9160,0.6483,0.9355,2.0250,1.5464,1.1560
55.4602,6,6,25.3650,80.8250,completed,81619.17,49999.39,-1.2715,0.00,0.0000,2.0026,0.9255,3.1728,0.4232,0.9115,,,,
57.9361,6,6,20.9436,78.8797,completed,81619.17,49999.39,-1.2715,0.00,0.0000,3.0595,2.9280,3.3884,1.8021,2.0070,,,,
34.0299,9,3,9.8564,43.8855,converged,81619.17,49999.39,-1.2715,0.00,0.0000,0.6233,0.0669,,,,,,,
55.8105,6,6,25.2349,81.0449,completed,81619.17,49999.39,-1.2715,0.00,0.0000,3.4836,4.1264,1.2692,2.8712,3.1288,,,,
31.3636,10,8,26.3976,57.7607,converged,81619.17,49999.39,-1.2715,0.00,0.0000,1.2731,1.6102,0.5376,4.3013,2.2621,0.2834,0.0875,,
49.0831,7,7,31.5457,80.6287,completed,81619.17,49999.39,-1.2715,0.00,0.0000,0.9175,1.1041,2.0586,0.1297,0.2567,0.8649,,,
47.9292,7,7,37.3874,85.3164,completed,81619.17,49999.39,-1.2715,0.00,0.0000,1.5628,0.9051,4.1848,0.6183,0.1171,0.7650,,,
33.7415,10,8,34.3007,68.0417,converged,81619.17,49999.39,-1.2715,0.00,0.0000,1.3675,1.6829,0.3665,5.1806,2.7835,0.3444,0.0647,,
57.9666,6,6,21.2290,79.1950,completed,81619.17,49999.39,-1.2715,0.00,0.0000,2.2877,1.3209,4.2709,0.3217,0.2904,,,,
56.2538,6,6,24.4538,80.7069,completed,81619.17,49999.39,-1.2715,0.00,0.0000,3.5747,7.0747,7.5650,5.1465,4.3969,,,,
48.8950,7,7,27.6938,76.5888,completed,81619.17,49999.39,-1.2715,0.00,0.0000,3.0676,5.1055,4.0080,3.8395,3.6574,3.0491,,,
20.7094,10,10,44.1875,64.8966,completed,81619.17,49999.39,-1.2715,0.00,0.0000,1.1279,1.7484,1.0729,3.9086,1.8831,0.1275,0.1022,0.2486,0.6666
40.7996,8,8,37.0410,77.8401,completed,81619.17,49999.39,-1.2715,0.00,0.0000,1.2509,0.7540,3.6310,1.1396,0.1148,0.1621,0.6515,,
34.0395,9,9,32.2117,66.2507,completed,81619.17,49999.39,-1.2715,0.00,0.0000,0.9312,0.5075,3.0024,1.7500,0.3628,0.3656,0.2957,0.6878,
58.3060,5,5,19.2152,77.5213,converged,81619.17,49999.39,-1.2715,0.00,0.0000,2.6504,4.8734,1.8800,0.0396,,,,,
49.5473,7,5,17.7448,67.2919,converged,81619.17,49999.39,-1.2715,0.00,0.0000,0.3329,2.0027,1.1460,0.0687,,,,,
24.4642,10,6,19.5373,44.0013,converged,81619.17,49999.39,-1.2715,0.00,0.0000,0.7693,0.6019,1.3971,1.9343,0.0968,,,,
37.7163,9,9,36.2748,73.9908,completed,81619.17,49999.39,-1.2715,0.00,0.0000,2.3985,4.3849,6.3948,5.1854,3.9433,3.4844,3.2014,2.4203,
46.7000,7,5,17.3861,64.0861,converged,81619.17,49999.39,-1.2715,0.00,0.0000,0.4564,2.2144,1.2455,0.0870,,,,,
55.9701,6,6,20.4831,76.4531,completed,81619.17,49999.39,-1.2715,0.00,0.0000,2.0192,0.6782,4.9353,0.2703,1.3798,,,,
26.4516,10,7,22.7107,49.1618,converged,81619.17,49999.39,-1.2715,0.00,0.0000,0.5000,0.3519,2.7011,1.2329,0.1234,0.0759,,,
32.9327,10,10,36.9471,69.8792,completed,81619.17,49999.39,-1.2715,0.00,0.0000,1.2318,1.6317,1.1875,3.5594,1.9068,3.5081,3.1783,1.9233,1.7353
23.6093,10,10,48.0561,71.6652,completed,81619.17,49999.39,-1.2715,0.00,0.0000,1.2204,1.6308,1.2796,2.6400,4.0808,0.1858,0.3913,1.1427,1.3180
21.2535,10,10,49.9581,71.2111,completed,81619.17,49999.39,-1.2715,0.00,0.0000,1.0958,1.2405,0.2077,3.8372,1.8515,0.4210,0.4785,0.1598,0.5424
50.0439,7,7,24.0996,74.1431,completed,81619.17,49999.39,-1.2715,0.00,0.0000,2.7542,4.6058,3.5192,3.7423,2.7085,3.0988,,,
55.7394,6,5,18.2340,73.9730,converged,81619.17,49999.39,-1.2715,0.00,0.0000,0.9724,2.1063,0.8035,0.0271,,,,,
30.0286,10,10,32.2100,62.2380,completed,81619.17,49999.39,-1.2715,0.00,0.0000,0.9795,1.3645,0.8884,3.6432,1.7751,0.2043,0.1320,0.3882,0.7368
33.6354,10,10,32.2113,65.8464,completed,81619.17,49999.39,-1.2715,0.00,0.0000,1.6539,2.0631,1.4327,3.3060,3.3907,2.9226,2.7427,1.9149,1.8635
34.3926,9,3,13.5855,47.9775,converged,81619.17,49999.39,-1.2715,0.00,0.0000,0.6319,0.0755,,,,,,,
56.7978,6,5,19.7685,76.5656,converged,81619.17,49999.39,-1.2715,0.00,0.0000,1.6909,2.1450,2.9323,0.0684,,,,,
43.2461,8,7,23.2699,66.5159,converged,81619.17,49999.39,-1.2715,0.00,0.0000,0.9562,0.1292,3.5675,0.6872,0.1351,0.0497,,,
26.5602,10,10,34.5349,61.0950,completed,81619.17,49999.39,-1.2715,0.00,0.0000,2.0224,2.8511,3.6952,3.4239,3.1118,1.9087,2.9596,2.5012,1.8830
54.5171,6,6,23.4386,77.9556,completed,81619.17,49999.39,-1.2715,0.00,0.0000,2.0315,0.8099,4.9787,0.4977,0.2454,,,,
34.4866,9,9,34.9947,69.4807,completed,81619.17,49999.39,-1.2715,0.00,0.0000,2.2643,3.9731,5.1821,4.1249,3.0265,2.8355,3.0502,2.5684,
25.1349,10,10,37.2352,62.3692,completed,81619.17,49999.39,-1.2715,0.00,0.0000,1.4395,2.2052,2.1178,3.0793,3.5238,1.2306,1.9223,1.4645,1.3191
36.3559,9,9,41.9574,78.3124,completed,81619.17,49999.39,-1.2715,0.00,0.0000,1.2251,1.2112,1.6383,3.5104,0.1488,0.3909,0.5154,1.0910,
26.5018,10,10,40.6442,67.1453,completed,81619.17,49999.39,-1.2715,0.00,0.0000,1.1011,1.1691,0.4189,4.0392,0.7776,0.1051,0.1082,0.3563,0.6627
21.1568,10,7,28.9023,50.0583,converged,81619.17,49999.39,-1.2715,0.00,0.0000,0.5464,0.2932,1.3400,1.0351,0.1036,0.0404,,,
26.9693,10,6,23.1046,50.0737,converged,81619.17,49999.39,-1.2715,0.00,0.0000,0.5121,0.4295,2.7075,1.1851,0.0853,,,,
26.9454,10,10,38.2631,65.2082,completed,81619.17,49999.39,-1.2715,0.00,0.0000,1.7846,2.7577,3.6252,2.2860,1.2584,2.3699,3.0203,2.2940,1.7703
50.1492,7,7,41.6259,91.7750,completed,81619.17,49999.39,-1.2715,0.00,0.0000,2.6469,5.6004,6.1967,4.4276,5.1702,4.1920,,,
36.3417,9,9,47.9386,84.2796,completed,81619.17,49999.39,-1.2715,0.00,0.0000,1.6055,2.2766,2.4507,1.3625,2.8465,2.4085,2.5406,2.3145,
41.8059,8,6,16.6846,58.4896,converged,81619.17,49999.39,-1.2715,0.00,0.0000,1.3661,0.8042,4.7205,1.9424,0.0634,,,,
38.4022,9,6,27.8207,66.2227,converged,81619.17,49999.39,-1.2715,0.00,0.0000,0.3681,0.2766,1.1046,0.1735,0.0315,,,,
24.2202,10,4,12.8619,37.0820,converged,81619.17,49999.39,-1.2715,0.00,0.0000,1.1711,1.5234,0.0634,,,,,,
45.8597,8,8,40.1939,86.0530,completed,81619.17,49999.39,-1.2715,0.00,0.0000,0.7611,0.2989,2.1503,0.1051,0.4039,0.8070,1.1699,,
42.2590,8,8,32.4823,74.7403,completed,81619.17,49999.39,-1.2715,0.00,0.0000,1.9588,3.1155,0.4172,4.1722,1.8703,1.9289,2.0533,,
44.6227,8,8,32.5215,77.1435,completed,81619.17,49999.39,-1.2715,0.00,0.0000,1.2405,1.3784,2.1121,2.5011,0.8266,1.8199,1.5006,,
58.7590,5,5,23.1152,81.8732,completed,81619.17,49999.39,-1.2715,0.00,0.0000,3.3238,5.0860,4.0878,0.3431,,,,,
38.0378,9,9,32.5737,70.6107,completed,81619.17,49999.39,-1.2715,0.00,0.0000,1.5146,2.2190,0.6051,6.1016,1.2262,1.0392,1.3024,1.3412,
33.0689,10,10,35.0583,68.1264,completed,81619.17,49999.39,-1.2715,0.00,0.0000,1.4488,2.1553,1.9619,3.4407,4.2084,0.9505,0.1878,0.8284,1.1450
21.3480,10,8,24.5948,45.9418,converged,81619.17,49999.39,-1.2715,0.00,0.0000,0.9677,1.1447,0.5642,3.2101,0.6012,0.1759,0.0898,,
23.3355,10,8,25.3248,48.6598,converged,81619.17,49999.39,-1.2715,0.00,0.0000,0.6825,0.1915,3.2194,3.2483,0.4274,0.1033,0.0533,,
24.2803,10,8,28.7944,53.0745,converged,81619.17,49999.39,-1.2715,0.00,0.0000,0.8187,0.2669,2.2434,2.1824,0.1883,0.2128,0.0918,,
41.5389,8,6,26.2217,67.7597,converged,81619.17,49999.39,-1.2716,0.00,0.0000,0.8257,0.2000,2.3412,0.2107,0.0495,,,,
29.9790,10,8,28.3654,58.3444,converged,81619.17,49999.39,-1.2716,0.00,0.0000,1.5674,2.0270,0.7200,5.2810,2.6371,0.1097,0.0709,,
22.7529,10,7,22.7524,45.5044,converged,81619.18,49999.39,-1.2718,0.00,0.0000,0.9643,0.9409,1.1387,3.0888,0.1149,0.0900,,,
31.3592,10,10,34.9653,66.3243,completed,81619.18,49999.39,-1.2718,0.00,0.0000,1.2261,1.2351,0.7098,4.9899,1.3755,0.2125,0.4161,0.8911,1.1820
26.1241,10,10,33.5635,59.6875,completed,81619.18,49999.39,-1.2718,0.00,0.0000,1.5697,2.3924,2.4094,1.5774,3.7557,1.8738,2.6382,1.9301,1.7066
47.2110,7,7,30.6123,77.8233,completed,81619.18,49999.39,-1.2718,0.00,0.0000,2.2100,2.1173,5.3434,3.2750,3.0828,2.2242,,,
58.9430,5,5,22.2398,81.1819,completed,81619.18,49999.39,-1.2718,0.00,0.0000,1.3945,4.0598,0.3175,0.2753,,,,,
45.5599,8,8,30.2619,75.8209,completed,81619.18,49999.39,-1.2718,0.00,0.0000,1.4100,1.1102,3.4366,3.0115,0.2277,0.1840,0.3640,,
52.6445,6,5,14.9778,67.6218,converged,81619.18,49999.39,-1.2718,0.00,0.0000,0.9064,3.0747,0.8199,0.0508,,,,,
39.6274,9,9,31.5113,71.1383,completed,81619.18,49999.39,-1.2718,0.00,0.0000,0.6656,0.2561,1.9611,0.6599,0.4116,0.4241,0.3297,0.8118,
43.2993,8,8,31.5652,74.8643,completed,81619.18,49999.39,-1.2718,0.00,0.0000,1.8777,2.1037,2.7932,4.9446,0.1103,1.1909,1.4389,,
26.6270,10,10,38.4409,65.0679,completed,81619.18,49999.39,-1.2718,0.00,0.0000,1.9153,2.8274,2.8265,1.6482,2.9351,0.4256,1.4973,1.8138,1.9041
33.9468,10,8,30.2478,64.1938,converged,81619.18,49999.39,-1.2718,0.00,0.0000,0.3368,1.6023,2.1674,2.7101,0.1792,0.1453,0.0421,,
45.1617,8,6,31.3814,76.5424,converged,81619.18,49999.39,-1.2718,0.00,0.0000,1.1410,0.2663,3.5000,0.5094,0.0441,,,,
31.5339,10,8,31.2007,62.7337,converged,81619.18,49999.39,-1.2718,0.00,0.0000,0.9187,1.3244,1.1257,3.4274,1.8885,0.3475,0.0866,,
32.5400,10,3,12.5254,45.0645,converged,81619.18,49999.39,-1.2718,0.00,0.0000,0.5555,0.0638,,,,,,,
56.8472,6,5,18.2265,75.0735,converged,81619.18,49999.39,-1.2718,0.00,0.0000,1.1279,2.5239,1.5595,0.0748,,,,,
27.3422,10,10,48.6177,75.9597,completed,81619.18,49999.39,-1.2718,0.00,0.0000,0.7878,1.0572,0.2056,2.7613,0.3110,0.1657,0.2198,0.1025,0.5024
56.4338,6,6,21.6004,78.2908,completed,81619.18,49999.39,-1.2718,0.00,0.0000,2.0963,1.9478,4.3043,0.2432,0.2425,,,,
46.1925,7,7,30.2539,76.4460,completed,81619.18,49999.39,-1.2718,0.00,0.0000,2.1831,3.9638,1.7489,4.9399,3.4453,2.8327,,,
40.4475,8,6,17.1693,57.6163,converged,81619.17,49999.40,-1.2713,0.00,0.0000,1.2609,0.6422,3.6539,0.9339,0.0682,,,,
21.3864,10,10,36.6093,57.9953,completed,81619.17,49999.40,-1.2713,0.00,0.0000,1.4653,1.9010,1.4599,3.7240,3.5800,0.5384,1.0992,1.3220,1.2595
22.6426,10,10,41.8926,64.5346,completed,81619.17,49999.40,-1.2713,0.00,0.0000,0.9791,1.1237,0.3740,3.3324,0.5041,0.7302,0.8070,1.3137,1.2251
54.9145,6,6,27.9255,82.8396,completed,81619.17,49999.40,-1.2713,0.00,0.0000,2.4341,0.3867,2.9359,2.5568,2.2899,,,,
57.5505,6,6,23.7823,81.3323,completed,81619.17,49999.40,-1.2713,0.00,0.0000,1.8384,3.0109,2.7731,0.1920,0.4055,,,,
58.7523,5,5,21.6957,80.4477,completed,81619.17,49999.40,-1.2713,0.00,0.0000,5.1795,5.5974,4.3258,4.1745,,,,,
27.6815,10,3,9.1286,36.8096,converged,81619.17,49999.40,-1.2713,0.00,0.0000,0.5354,0.0934,,,,,,,
25.1510,10,10,39.6668,64.8178,completed,81619.17,49999.40,-1.2713,0.00,0.0000,1.1329,1.2345,0.1824,3.5346,1.7784,0.2538,0.2060,0.7027,1.2016
28.8511,10,10,35.0721,63.9232,completed,81619.17,49999.40,-1.2713,0.00,0.0000,1.4001,1.7025,0.5491,4.3318,2.1315,2.8624,2.8652,1.6352,1.4194
46.3798,7,7,29.2645,75.6435,completed,81619.17,49999.40,-1.2713,0.00,0.0000,2.6080,3.6212,1.8132,3.8406,3.3499,2.7126,,,
48.9697,7,7,29.0547,78.0237,completed,81619.17,49999.40,-1.2713,0.00,0.0000,1.7856,0.1877,6.1707,1.4254,1.2057,1.4958,,,
48.1151,7,7,34.7066,82.8217,completed,81619.17,49999.40,-1.2713,0.00,0.0000,2.2582,4.0545,1.0400,3.9219,3.1566,2.8032,,,
36.2366,9,9,30.1563,66.3924,completed,81619.17,49999.40,-1.2713,0.00,0.0000,1.1993,1.7100,0.6605,4.1290,0.3240,0.2851,0.1515,0.5528,
47.4881,7,6,19.3184,66.8065,converged,81619.17,49999.40,-1.2713,0.00,0.0000,2.0288,1.1356,6.2352,0.9634,0.0274,,,,
51.1172,7,7,28.1430,79.2601,completed,81619.17,49999.40,-1.2713,0.00,0.0000,2.2328,3.0754,0.6597,3.4948,2.8865,2.7103,,,
34.6598,9,6,18.5959,53.2549,converged,81619.17,49999.40,-1.2713,0.00,0.0000,0.9462,0.3596,3.3625,1.8940,0.0856,,,,
20.5963,10,10,37.8568,58.4529,completed,81619.17,49999.40,-1.2713,0.00,0.0000,1.6489,2.4485,3.4544,1.0904,1.6785,2.3955,2.0823,2.5002,2.2585
26.6122,10,3,10.5957,37.2077,converged,81619.17,49999.40,-1.2713,0.00,0.0000,0.5868,0.0583,,,,,,,
52.8560,6,5,18.7843,71.6403,converged,81619.17,49999.40,-1.2713,0.00,0.0000,1.6602,2.0114,1.9433,0.0877,,,,,
25.9352,10,10,35.8805,61.8155,completed,81619.17,49999.40,-1.2713,0.00,0.0000,0.9203,1.2112,0.1289,2.9765,0.2689,3.0659,3.0008,1.5536,1.3283
41.6371,8,8,31.1186,72.7557,completed,81619.17,49999.40,-1.2713,0.00,0.0000,1.7456,2.3236,2.2360,3.8716,0.3654,1.7623,1.4307,,
44.7241,8,8,35.0820,79.8060,completed,81619.17,49999.40,-1.2713,0.00,0.0000,1.7083,2.1129,2.5047,3.6480,0.1751,0.7567,1.2689,,
36.7822,9,9,28.2826,65.0646,completed,81619.17,49999.41,-1.2712,0.00,0.0000,1.9147,2.9001,2.5268,2.0523,4.1692,2.7257,2.4029,2.0078,
27.8381,10,6,28.4794,56.3175,converged,81619.17,49999.41,-1.2712,0.00,0.0000,0.5442,0.4355,1.1221,0.9908,0.0907,,,,
34.2406,9,9,38.2762,72.5162,completed,81619.17,49999.41,-1.2712,0.00,0.0000,0.8590,0.7789,0.3732,2.5123,1.0770,0.1507,0.2199,0.5554,
49.6391,7,3,9.2308,58.8698,converged,81619.17,49999.41,-1.2712,0.00,0.0000,1.4616,0.0781,,,,,,,
29.3785,10,7,24.2911,53.6691,converged,81619.18,49999.41,-1.2713,0.00,0.0000,1.0085,0.9561,1.0662,4.4866,0.5502,0.0639,,,
20.4179,10,10,33.3178,53.7348,completed,81619.18,49999.41,-1.2713,0.00,0.0000,1.2904,1.7668,0.7903,4.3985,1.6694,2.1523,1.8916,1.2953,1.2623
43.5853,8,8,28.9257,72.5108,completed,81619.18,49999.41,-1.2713,0.00,0.0000,1.2643,1.6047,2.5788,2.4327,0.6452,0.1385,0.4216,,
54.3211,6,6,21.8411,76.1621,converged,81619.18,49999.41,-1.2713,0.00,0.0000,2.0547,1.0157,6.0166,1.9022,0.0420,,,,
53.1841,6,6,22.9093,76.0933,completed,81619.18,49999.41,-1.2715,0.00,0.0000,2.9377,1.8156,3.7226,1.3499,1.6933,,,,
53.1454,6,6,29.0349,82.1799,completed,81619.18,49999.41,-1.2715,0.00,0.0000,3.0217,3.5593,2.1792,1.9513,2.4946,,,,
40.8641,8,7,24.1985,65.0625,converged,81619.18,49999.41,-1.2715,0.00,0.0000,1.7646,2.3615,2.3149,4.4305,1.6927,0.0440,,,
59.8618,5,5,19.3902,79.2513,completed,81619.18,49999.41,-1.2715,0.00,0.0000,4.1665,1.2299,4.6083,3.7909,,,,,
57.7269,6,5,24.8475,82.5736,converged,81619.18,49999.41,-1.2715,0.00,0.0000,0.1646,3.4877,0.7200,0.0932,,,,,
49.6301,7,7,33.2010,82.8310,completed,81619.18,49999.41,-1.2715,0.00,0.0000,1.8055,0.9912,4.5457,0.2169,1.5120,1.5593,,,
21.5082,10,10,43.5735,65.0815,completed,81619.18,49999.41,-1.2715,0.00,0.0000,1.3363,1.4035,0.4532,5.2998,1.0073,2.6904,3.0509,1.7909,1.6280
38.0538,9,9,31.9230,69.9760,completed,81619.18,49999.41,-1.2715,0.00,0.0000,2.5186,4.4424,6.6059,5.5473,2.7790,3.6148,3.5448,2.7447,
52.7981,6,6,33.5537,86.3518,completed,81619.18,49999.41,-1.2715,0.00,0.0000,1.6586,0.6788,3.9630,0.1660,0.3669,,,,
51.8633,7,5,14.5117,66.3747,converged,81619.18,49999.41,-1.2715,0.00,0.0000,0.4356,2.7160,3.0896,0.0916,,,,,
59.6649,5,5,14.0570,73.7210,converged,81619.18,49999.41,-1.2713,0.00,0.0000,1.6109,4.0925,0.4768,0.0317,,,,,
44.7520,8,8,32.4708,77.2218,completed,81619.18,49999.41,-1.2713,0.00,0.0000,1.7039,2.2863,2.1765,4.3323,3.7045,2.6222,2.0358,,
42.6414,8,8,28.2373,70.8783,completed,81619.18,49999.41,-1.2713,0.00,0.0000,1.2571,2.0532,1.6266,2.8052,0.4245,0.1044,0.8416,,
47.1011,7,7,23.2361,70.3372,completed,81619.18,49999.41,-1.2713,0.00,0.0000,1.6844,0.7228,6.1586,0.9742,0.1110,0.5976,,,
23.2565,10,7,23.6765,46.9325,converged,81619.18,49999.41,-1.2713,0.00,0.0000,0.8032,0.9035,0.8612,2.2044,0.3126,0.0999,,,
24.9195,10,10,38.7033,63.6223,completed,81619.18,49999.41,-1.2713,0.00,0.0000,1.7145,2.9587,4.4267,2.7164,3.3147,2.3929,3.0950,2.5147,1.8906
54.2124,6,6,25.1922,79.4042,completed,81619.18,49999.41,-1.2713,0.00,0.0000,1.8928,0.9346,4.6704,0.1854,0.6229,,,,
57.4048,6,5,26.2916,83.6956,converged,81619.18,49999.41,-1.2713,0.00,0.0000,1.4265,3.0812,1.8105,0.0714,,,,,
58.3377,5,4,13.4400,71.7770,converged,81619.18,49999.41,-1.2713,0.00,0.0000,0.2201,2.9713,0.0798,,,,,,
59.7545,5,5,18.0759,77.8299,completed,81619.18,49999.41,-1.2713,0.00,0.0000,2.8266,4.5706,1.4233,0.4929,,,,,
45.0827,8,8,31.6678,76.7498,completed,81619.18,49999.41,-1.2713,0.00,0.0000,1.8946,2.9168,0.7499,1.7587,3.7537,2.5636,2.2237,,
57.2203,6,6,24.3551,81.5751,completed,81619.18,49999.41,-1.2713,0.00,0.0000,2.6207,0.7102,5.2530,1.0805,0.4713,,,,
52.8703,6,6,23.5507,76.4207,completed,81619.18,49999.41,-1.2713,0.00,0.0000,1.8500,1.2217,4.1367,0.4486,0.5756,,,,
28.3017,10,8,27.5538,55.8549,converged,81619.18,49999.41,-1.2713,0.00,0.0000,1.1335,1.3139,0.1920,4.5079,1.1029,0.1248,0.0865,,
43.8378,8,8,27.8999,71.7369,completed,81619.18,49999.41,-1.2713,0.00,0.0000,1.9117,2.6401,1.6355,4.3814,1.7432,1.8676,1.8344,,
53.1249,6,5,19.3237,72.4477,converged,81619.18,49999.41,-1.2713,0.00,0.0000,0.4659,2.1463,0.2730,0.0477,,,,,
23.0354,10,10,43.4928,66.5279,completed,81619.18,49999.41,-1.2713,0.00,0.0000,0.8498,0.5890,1.2266,3.5877,0.5270,2.4168,3.0112,1.5330,1.3139
46.9667,7,7,25.8200,72.7861,completed,81619.18,49999.41,-1.2713,0.00,0.0000,2.8938,6.1857,5.8612,4.3476,4.1938,3.3224,,,
24.1198,10,6,20.3868,44.5059,converged,81619.18,49999.41,-1.2713,0.00,0.0000,0.6312,0.1724,1.8202,1.2031,0.0564,,,,
26.8965,10,10,37.9324,64.8285,completed,81619.18,49999.41,-1.2713,0.00,0.0000,1.5949,2.3212,2.4252,0.6319,3.4081,2.0840,2.8247,2.0846,1.7894
45.6660,8,3,10.0607,55.7258,converged,81619.18,49999.41,-1.2713,0.00,0.0000,0.9291,0.0376,,,,,,,
28.2186,10,7,24.7026,52.9206,converged,81619.18,49999.41,-1.2713,0.00,0.0000,0.8648,0.6967,1.4988,2.4595,0.2115,0.0699,,,
33.3597,10,10,34.2682,67.6273,completed,81619.18,49999.41,-1.2715,0.00,0.0000,1.5047,2.0345,1.5598,3.5919,3.9907,1.4371,1.9366,1.4897,1.3596
26.3824,10,3,8.7460,35.1281,converged,81619.18,49999.41,-1.2715,0.00,0.0000,0.4750,0.0912,,,,,,,
45.7333,8,8,35.0604,80.7935,completed,81619.18,49999.41,-1.2719,0.00,0.0000,1.5322,2.1615,0.5282,5.5237,0.9572,0.4542,0.8963,,
43.1191,8,8,29.4513,72.5703,completed,81619.18,49999.41,-1.2719,0.00,0.0000,2.7475,4.5091,4.8501,4.1169,3.7611,4.5159,3.5605,,
41.1694,8,8,29.2202,70.3892,completed,81619.18,49999.41,-1.2719,0.00,0.0000,1.5893,2.1932,0.4054,3.6864,0.5670,1.1467,1.2994,,
59.0072,5,5,20.4731,79.4801,completed,81619.18,49999.41,-1.2719,0.00,0.0000,1.4322,4.3525,0.5488,0.3330,,,,,
46.5564,7,7,26.6208,73.1768,completed,81619.18,49999.41,-1.2719,0.00,0.0000,1.1429,1.1980,3.2583,0.1412,0.1031,0.3683,,,
48.9128,7,7,27.2503,76.1623,completed,81619.18,49999.41,-1.2719,0.00,0.0000,1.1192,1.3420,3.0926,0.1222,0.3451,0.7995,,,
47.6735,7,6,17.4129,65.0859,converged,81619.18,49999.41,-1.2719,0.00,0.0000,0.7400,1.9502,2.2444,0.1823,0.0591,,,,
54.7206,6,6,22.4934,77.2134,completed,81619.18,49999.41,-1.2719,0.00,0.0000,2.5961,1.7947,4.5413,1.2578,1.6262,,,,
36.5027,9,9,36.7346,73.2366,completed,81619.19,49999.40,-1.2721,0.00,0.0000,1.7275,2.2652,0.9847,6.9210,3.3415,0.4165,0.1634,0.4844,
55.2594,6,6,32.2695,87.5285,completed,81619.19,49999.40,-1.2721,0.00,0.0000,2.2387,0.8390,3.8264,0.4849,0.2878,,,,
36.3401,9,9,42.0404,78.3805,completed,81619.19,49999.40,-1.2721,0.00,0.0000,1.0335,0.6264,2.5782,2.0398,0.3757,0.2038,0.1342,0.5801,
48.1095,7,3,12.9844,61.0934,converged,81619.19,49999.40,-1.2721,0.00,0.0000,1.4927,0.0327,,,,,,,
37.0431,9,6,23.2442,60.2873,converged,81619.19,49999.40,-1.2721,0.00,0.0000,0.8465,0.6027,1.8363,1.4053,0.0257,,,,
23.8599,10,7,22.0451,45.9041,converged,81619.19,49999.40,-1.2721,0.00,0.0000,0.8909,0.6016,1.8610,2.5776,0.1931,0.0765,,,
30.1717,10,7,21.4305,51.6015,converged,81619.19,49999.40,-1.2721,0.00,0.0000,0.5335,0.1209,2.2451,1.2903,0.1033,0.0698,,,
39.4285,9,9,32.6216,72.0496,completed,81619.19,49999.40,-1.2721,0.00,0.0000,1.3836,1.5632,2.0620,3.9717,0.3168,0.1797,0.3133,0.7765,
30.2289,10,7,21.4274,51.6555,converged,81619.19,49999.40,-1.2721,0.00,0.0000,1.2509,1.7516,0.7038,4.7193,1.9721,0.0951,,,
32.7515,10,10,38.8495,71.6005,completed,81619.19,49999.40,-1.2721,0.00,0.0000,1.1870,1.0977,0.3191,4.3303,2.3439,0.3265,1.5719,1.5909,1.2408
46.8793,7,7,27.3966,74.2756,completed,81619.19,49999.40,-1.2721,0.00,0.0000,2.2423,1.8878,5.8132,1.7839,0.2169,0.5222,,,
59.1449,5,5,14.6931,73.8371,converged,81619.19,49999.40,-1.2721,0.00,0.0000,2.6135,4.7972,1.4218,0.0930,,,,,
20.8957,10,10,35.7674,56.6624,completed,81619.19,49999.40,-1.2721,0.00,0.0000,1.4068,1.9976,1.8038,2.0676,1.0577,4.4846,2.5053,1.9791,1.8123
42.5949,8,6,24.1867,66.7807,converged,81619.19,49999.40,-1.2721,0.00,0.0000,1.1404,0.8759,3.4022,1.0815,0.0618,,,,
51.0994,7,7,29.7608,80.8599,completed,81619.19,49999.40,-1.2721,0.00,0.0000,1.8374,1.5482,5.2101,0.5495,0.1962,0.5517,,,
50.4270,7,7,26.9863,77.4133,completed,81619.19,49999.40,-1.2721,0.00,0.0000,2.0416,1.6380,5.4081,1.3585,0.4842,0.6026,,,
30.1167,10,10,38.7252,68.8413,completed,81619.19,49999.40,-1.2721,0.00,0.0000,1.2828,1.2583,0.2461,4.7997,2.0347,0.7644,1.2937,1.4570,1.2266
33.2432,10,10,35.3063,68.5493,completed,81619.19,49999.40,-1.2721,0.00,0.0000,1.0593,1.2904,0.4246,3.3839,0.6214,1.6184,0.7602,1.1736,1.2120
29.5953,10,8,30.5614,60.1564,converged,81619.19,49999.40,-1.2721,0.00,0.0000,1.4382,1.9048,0.3843,4.8690,2.5212,0.3498,0.0845,,
32.9606,10,10,34.9531,67.9131,completed,81619.19,49999.40,-1.2721,0.00,0.0000,0.9228,0.7804,1.1993,3.1528,0.4604,1.0037,0.5007,1.1162,1.1721
38.4295,9,6,20.6316,59.0607,converged,81619.19,49999.40,-1.2721,0.00,0.0000,1.2302,0.6610,3.5185,3.1914,0.0645,,,,
29.0413,10,7,20.4760,49.5170,converged,81619.19,49999.40,-1.2721,0.00,0.0000,0.8282,0.2621,2.3351,2.1398,0.2576,0.0574,,,
40.9806,8,8,29.7114,70.6915,completed,81619.19,49999.40,-1.2721,0.00,0.0000,1.6477,2.1657,1.1983,3.2810,3.1959,2.5233,1.9934,,
26.8232,10,7,22.1125,48.9356,converged,81619.19,49999.40,-1.2721,0.00,0.0000,0.4572,0.5499,2.6858,0.9923,0.1503,0.0884,,,
57.4196,6,6,22.6514,80.0704,completed,81619.19,49999.40,-1.2721,0.00,0.0000,3.6851,6.0674,4.2231,3.4094,3.8516,,,,
49.9917,7,6,21.3674,71.3584,converged,81619.19,49999.40,-1.2721,0.00,0.0000,1.3023,0.5073,4.1086,0.4227,0.0557,,,,
33.1054,10,6,21.9012,55.0062,converged,81619.19,49999.41,-1.2716,0.00,0.0000,0.7491,0.4153,1.8948,2.0790,0.0994,,,,
42.5348,8,8,28.6058,71.1398,completed,81619.19,49999.41,-1.2716,0.00,0.0000,1.6876,2.4215,1.3163,4.7536,1.0853,2.0974,1.6940,,
37.0230,9,9,31.9003,68.9233,completed,81619.19,49999.41,-1.2716,0.00,0.0000,1.3485,2.0553,0.9883,6.0925,0.8895,2.1139,1.6331,1.4274,
48.7223,7,7,36.5846,85.3066,completed,81619.19,49999.41,-1.2716,0.00,0.0000,2.0016,1.2289,4.1983,1.7447,3.0215,1.9317,,,
57.6012,6,6,21.3201,78.9211,completed,81619.19,49999.40,-1.2717,0.00,0.0000,2.4631,2.1056,2.3674,3.5765,2.7315,,,,
54.7950,6,6,26.1856,80.9796,completed,81619.19,49999.40,-1.2717,0.00,0.0000,3.6718,7.9551,8.7168,5.5405,5.1747,,,,
21.7004,10,8,32.0940,53.7941,converged,81619.19,49999.40,-1.2717,0.00,0.0000,1.3014,1.3421,0.2910,5.5535,2.0522,0.2767,0.0221,,
58.4581,5,5,23.0479,81.5059,completed,81619.19,49999.40,-1.2717,0.00,0.0000,5.9799,10.3437,7.5320,7.3039,,,,,
41.8550,8,6,26.5958,68.6479,converged,81619.19,49999.40,-1.2717,0.00,0.0000,0.6949,0.5947,1.9637,0.1747,0.0718,,,,
31.0830,10,10,45.5855,76.6686,completed,81619.19,49999.40,-1.2717,0.00,0.0000,1.8833,2.9711,4.0193,2.2114,3.4376,2.8369,3.4668,2.7471,2.1317
41.9727,8,6,20.0576,62.0297,converged,81619.19,49999.40,-1.2717,0.00,0.0000,1.0128,0.1934,3.7119,0.5658,0.0589,,,,
55.6246,6,5,17.7828,73.4068,converged,81619.19,49999.40,-1.2717,0.00,0.0000,1.5450,2.2865,2.2298,0.0730,,,,,
43.1865,8,8,31.2408,74.4268,completed,81619.19,49999.41,-1.2715,0.00,0.0000,2.1463,3.4014,1.0563,1.5597,3.3446,2.8631,2.4564,,
48.8073,7,7,28.6257,77.4327,completed,81619.19,49999.41,-1.2715,0.00,0.0000,0.3683,0.6529,0.9184,1.4742,1.5329,1.7841,,,
42.9346,8,8,31.2117,74.1458,completed,81619.19,49999.41,-1.2714,0.00,0.0000,0.1237,0.1577,0.9816,2.5094,1.7691,2.9364,2.5923,,
54.2870,6,6,21.4629,75.7490,completed,81619.19,49999.41,-1.2714,0.00,0.0000,0.6076,1.6862,0.6306,0.2373,0.3792,,,,
21.9891,10,10,37.8235,59.8125,completed,81619.20,49999.40,-1.2718,0.00,0.0000,2.3314,3.8847,5.7741,4.4859,3.6945,4.0875,4.6224,3.4535,2.5826
47.8872,7,7,36.9716,84.8586,completed,81619.20,49999.40,-1.2718,0.00,0.0000,1.0993,1.5910,3.6637,0.1242,0.8271,1.2896,,,
26.1779,10,3,11.5578,37.7511,converged,81619.20,49999.40,-1.2720,0.00,0.0000,0.5927,0.0387,,,,,,,
45.0722,8,8,30.8458,75.9178,completed,81619.20,49999.40,-1.2720,0.00,0.0000,2.0962,3.6147,3.4999,4.6288,3.4348,3.2172,2.3426,,
27.2215,10,7,22.2009,49.4219,converged,81619.20,49999.41,-1.2720,0.00,0.0000,0.9997,0.8022,1.5420,3.4894,0.4598,0.0563,,,
36.2259,9,9,42.7612,78.9862,completed,81619.20,49999.41,-1.2720,0.00,0.0000,1.6006,1.9529,0.5515,4.3335,1.6407,0.3942,0.4581,1.0222,
21.3771,10,10,35.2082,56.5852,completed,81619.19,49999.41,-1.2716,0.00,0.0000,0.4236,0.6550,3.0232,1.6120,0.1757,0.1047,0.1284,0.5213,0.7805
21.7358,10,10,38.8621,60.5971,completed,81619.19,49999.41,-1.2716,0.00,0.0000,1.1986,1.6825,1.6739,2.1606,2.8631,0.5171,0.8401,1.1543,1.2135
43.1916,8,8,29.1867,72.3777,completed,81619.19,49999.41,-1.2716,0.00,0.0000,1.0854,0.3530,3.2805,1.2861,0.1853,0.2970,0.8615,,
22.6146,10,10,33.4503,56.0643,completed,81619.19,49999.41,-1.2716,0.00,0.0000,0.0749,0.7911,2.5529,2.6403,0.1162,0.3791,1.9829,1.9257,1.2835
38.2044,9,7,23.0162,61.2202,converged,81619.19,49999.41,-1.2716,0.00,0.0000,1.1425,1.2485,1.8619,2.8459,0.1607,0.0418,,,
26.0111,10,10,37.1896,63.2006,completed,81619.19,49999.41,-1.2716,0.00,0.0000,1.5448,2.2885,3.8996,4.4566,4.3075,2.4440,3.3454,2.5770,1.8972
37.4839,9,9,33.9121,71.3952,completed,81619.19,49999.41,-1.2716,0.00,0.0000,0.8826,0.8917,0.5654,6.4488,2.7740,4.7849,2.3586,1.7725,
37.5689,9,9,30.1568,67.7248,completed,81619.19,49999.41,-1.2716,0.00,0.0000,1.5935,2.1114,0.2632,5.6692,0.6769,3.2881,1.8075,1.6102,
23.7764,10,7,22.1845,45.9606,converged,81619.19,49999.41,-1.2716,0.00,0.0000,0.7212,0.6477,1.0618,1.9370,0.2341,0.0443,,,
58.7667,5,5,17.1348,75.9009,converged,81619.19,49999.41,-1.2716,0.00,0.0000,0.3684,2.8503,0.1668,0.0490,,,,,
38.8917,9,6,18.5945,57.4855,converged,81619.19,49999.41,-1.2716,0.00,0.0000,0.6598,0.6326,1.4074,0.8784,0.0713,,,,
27.0256,10,8,27.6286,54.6537,converged,81619.19,49999.41,-1.2716,0.00,0.0000,1.2530,1.8001,1.9143,3.2790,4.3177,0.2623,0.0987,,
40.4621,8,8,34.3210,74.7830,completed,81619.19,49999.41,-1.2716,0.00,0.0000,0.9665,0.3690,3.3410,0.3904,0.2239,0.2307,0.9666,,
22.5578,10,7,31.5149,54.0719,converged,81619.19,49999.41,-1.2716,0.00,0.0000,0.8897,0.4022,2.2395,2.9853,0.4382,0.0614,,,
42.0174,8,8,29.9254,71.9424,completed,81619.19,49999.41,-1.2716,0.00,0.0000,1.1796,0.7026,3.3470,1.4110,0.1170,0.1063,0.8025,,
48.1478,7,6,18.7608,66.9078,converged,81619.19,49999.41,-1.2716,0.00,0.0000,0.6991,2.9926,3.5462,0.3477,0.0484,,,,
45.2453,8,8,39.1984,84.4435,completed,81619.19,49999.41,-1.2716,0.00,0.0000,1.9768,2.5274,1.7934,3.7322,1.4904,2.0260,1.6687,,
54.0397,6,6,23.4588,77.4979,completed,81619.19,49999.41,-1.2716,0.00,0.0000,2.6044,4.2415,2.1238,3.6191,3.1735,,,,
33.1272,10,10,37.3498,70.4769,completed,81619.19,49999.41,-1.2716,0.00,0.0000,1.6540,2.7035,3.4404,0.6460,1.1373,3.4164,2.2343,2.3382,2.1521
59.5862,5,5,14.7050,74.2911,converged,81619.19,49999.41,-1.2716,0.00,0.0000,0.0713,3.6206,0.4130,0.0268,,,,,
20.2290,10,10,38.2159,58.4449,completed,81619.19,49999.41,-1.2716,0.00,0.0000,0.2288,0.4534,2.8517,7.6423,1.4853,2.0686,2.1462,1.1762,1.2138
43.1570,8,8,31.6096,74.7656,completed,81619.19,49999.41,-1.2716,0.00,0.0000,1.8080,2.2616,2.2680,2.5485,2.4727,3.7516,3.1555,,
55.9001,6,5,17.4162,73.4663,converged,81619.19,49999.41,-1.2716,0.00,0.0000,1.2648,1.9414,1.4261,0.0708,,,,,
28.1863,10,10,39.8980,68.0840,completed,81619.19,49999.41,-1.2716,0.00,0.0000,0.8627,0.9657,0.1078,5.3332,1.3522,0.6036,0.8569,1.2883,1.2182
57.1736,6,5,17.5982,74.7720,converged,81619.19,49999.41,-1.2716,0.00,0.0000,1.0013,1.9306,1.3859,0.0493,,,,,
48.8069,7,7,29.8434,78.6495,completed,81619.19,49999.41,-1.2716,0.00,0.0000,1.3266,0.2414,4.2347,0.4906,0.1018,0.5093,,,
39.5599,9,9,32.8345,72.3935,completed,81619.19,49999.41,-1.2716,0.00,0.0000,1.9062,3.0992,2.4798,2.7791,1.1947,2.9183,2.4071,2.0507,
23.4780,10,10,35.6229,59.1009,completed,81619.19,49999.41,-1.2716,0.00,0.0000,1.5428,2.5626,3.0563,1.1546,4.7853,0.2459,1.6501,1.5097,1.3965
40.5813,8,6,24.9132,65.4942,converged,81619.19,49999.41,-1.2716,0.00,0.0000,0.7724,0.4089,2.7901,0.1733,0.0437,,,,
38.2936,9,9,34.3715,72.6646,completed,81619.19,49999.41,-1.2716,0.00,0.0000,1.1956,1.5073,0.2679,4.6825,0.4542,0.1803,0.3636,0.7262,
50.6747,7,7,25.6353,76.3094,completed,81619.19,49999.41,-1.2716,0.00,0.0000,0.8732,1.5252,2.4265,0.5823,1.2293,1.5554,,,
27.2612,10,10,34.9184,62.1795,completed,81619.19,49999.41,-1.2716,0.00,0.0000,2.2115,3.8869,5.9962,5.3163,4.4864,3.0997,3.9448,3.2129,2.4877
55.9906,6,6,21.8158,77.8059,completed,81619.19,49999.41,-1.2716,0.00,0.0000,2.6745,3.4031,2.5275,3.7871,3.4003,,,,
49.2522,7,7,26.3517,75.6037,completed,81619.19,49999.41,-1.2716,0.00,0.0000,2.7848,6.9396,6.2985,3.9604,3.9224,3.1252,,,
39.9367,9,6,25.6052,65.5413,converged,81619.19,49999.41,-1.2716,0.00,0.0000,0.8547,0.9734,1.5944,1.6034,0.0267,,,,
29.2065,10,7,23.7704,52.9765,converged,81619.19,49999.41,-1.2716,0.00,0.0000,0.0611,0.8230,1.8870,0.6603,0.1319,0.0830,,,
30.0014,10,10,44.3165,74.3175,completed,81619.19,49999.41,-1.2716,0.00,0.0000,1.3455,2.0073,1.8999,1.0331,1.4653,4.2310,2.6691,2.1206,1.8349
58.8753,5,5,15.6959,74.5709,converged,81619.19,49999.41,-1.2716,0.00,0.0000,2.1479,2.4527,1.0111,0.0944,,,,,
49.7678,7,5,23.9255,73.6925,converged,81619.19,49999.41,-1.2716,0.00,0.0000,0.5229,1.6714,1.0285,0.0535,,,,,
22.4519,10,8,25.3905,47.8415,converged,81619.19,49999.41,-1.2716,0.00,0.0000,0.9023,0.9967,0.7046,3.4295,0.5858,0.1414,0.0617,,
27.9222,10,10,35.1016,63.0237,completed,81619.19,49999.41,-1.2716,0.00,0.0000,1.6017,2.9020,5.3210,3.2365,4.7500,2.8222,3.4003,2.8684,2.1449
21.0680,10,8,36.8267,57.8937,converged,81619.19,49999.41,-1.2716,0.00,0.0000,1.4079,1.7833,0.2704,5.3919,1.9767,0.2199,0.0876,,
52.1172,6,6,22.5896,74.7066,completed,81619.19,49999.41,-1.2716,0.00,0.0000,1.6750,2.1999,2.7256,0.1335,0.3425,,,,
47.6092,7,6,19.3010,66.9101,converged,81619.19,49999.41,-1.2716,0.00,0.0000,1.4102,0.5597,3.7955,0.3863,0.0827,,,,
27.5290,10,10,38.3875,65.9165,completed,81619.19,49999.41,-1.2716,0.00,0.0000,1.2959,1.7034,1.7130,3.9984,3.6567,1.6381,2.2977,1.6051,1.3419
34.5692,9,9,29.8418,64.4108,completed,81619.19,49999.41,-1.2716,0.00,0.0000,0.8903,0.4244,2.3606,2.4563,1.0460,1.8480,1.8910,1.4244,
25.8909,10,10,34.7993,60.6894,completed,81619.19,49999.41,-1.2716,0.00,0.0000,2.0737,2.9439,4.2972,4.6069,4.1487,2.5069,3.5559,3.1088,2.5074
26.5077,10,10,38.4591,64.9664,completed,81619.19,49999.41,-1.2716,0.00,0.0000,1.2627,1.9512,2.7477,0.4557,1.0792,3.2129,2.2173,2.1427,1.9060
40.9292,8,7,24.9958,65.9249,converged,81619.19,49999.41,-1.2716,0.00,0.0000,1.4676,0.5380,4.5717,2.0765,0.3729,0.0366,,,
23.0762,10,8,25.3673,48.4434,converged,81619.19,49999.41,-1.2716,0.00,0.0000,1.3170,1.4332,0.1254,5.0761,2.1264,0.1894,0.0474,,
27.5244,10,10,35.0345,62.5585,completed,81619.19,49999.41,-1.2716,0.00,0.0000,1.5180,1.8504,0.3254,4.5685,2.7108,0.1041,1.2555,1.3873,1.2164
28.7091,10,8,25.1489,53.8579,converged,81619.19,49999.41,-1.2716,0.00,0.0000,0.6270,0.1871,2.2488,1.1516,0.2525,0.1543,0.0366,,
30.0804,10,8,40.5889,70.6689,converged,81619.19,49999.41,-1.2716,0.00,0.0000,1.2293,1.5724,0.1159,4.5016,1.4782,0.1017,0.0400,,
21.9954,10,10,46.1424,68.1374,completed,81619.19,49999.41,-1.2716,0.00,0.0000,0.9301,1.0297,0.4258,2.9615,0.5055,0.1345,0.1854,0.3734,0.8172
44.3707,8,8,31.1830,75.5530,completed,81619.19,49999.41,-1.2716,0.00,0.0000,0.8783,0.4866,3.4967,0.4577,0.9273,2.2050,1.6551,,
49.0587,7,7,28.2330,77.2911,completed,81619.19,49999.41,-1.2716,0.00,0.0000,2.7479,4.5042,0.9064,3.2828,2.2118,2.9689,,,
55.2456,6,6,21.4123,76.6573,completed,81619.19,49999.41,-1.2716,0.00,0.0000,1.6486,1.8392,2.8138,0.1641,0.2735,,,,
29.1181,10,10,34.5492,63.6672,completed,81619.19,49999.41,-1.2716,0.00,0.0000,2.3307,3.8930,5.8117,5.4270,4.6722,2.2536,3.7651,3.2256,2.5962
37.7719,9,9,37.0769,74.8479,completed,81619.19,49999.41,-1.2716,0.00,0.0000,2.1866,3.4305,4.1738,2.2417,3.3450,2.2634,3.1435,2.8330,
28.1923,10,8,25.1814,53.3734,converged,81619.19,49999.41,-1.2716,0.00,0.0000,1.2931,1.7659,0.8050,4.6331,2.3228,0.1324,0.0665,,
53.4044,6,6,25.0301,78.4341,completed,81619.19,49999.41,-1.2716,0.00,0.0000,1.1354,1.2977,1.1136,0.1622,0.4226,,,,
43.4358,8,6,18.9135,62.3485,converged,81619.19,49999.41,-1.2716,0.00,0.0000,1.0262,0.2274,3.1132,0.4319,0.0790,,,,
30.6613,10,7,25.6160,56.2771,converged,81619.19,49999.41,-1.2716,0.00,0.0000,0.9390,1.0360,0.9231,2.8688,0.3866,0.0483,,,
41.0476,8,8,29.8825,70.9296,completed,81619.19,49999.41,-1.2716,0.00,0.0000,2.1267,3.1606,1.1333,2.2751,2.8040,2.6794,2.2892,,
36.7328,9,9,28.9692,65.7012,completed,81619.19,49999.41,-1.2716,0.00,0.0000,1.9757,2.7513,2.0928,1.0915,4.6940,3.1647,2.7345,2.1693,
40.8541,8,8,43.0918,83.9458,completed,81619.19,49999.41,-1.2716,0.00,0.0000,2.4249,3.6055,2.4824,1.5829,2.5585,3.1027,2.8253,,
23.8263,10,7,32.3326,56.1586,converged,81619.19,49999.41,-1.2716,0.00,0.0000,1.0157,1.0182,0.2364,4.6096,1.2245,0.0483,,,
40.3857,8,8,30.6049,70.9900,completed,81619.19,49999.41,-1.2716,0.00,0.0000,1.3952,1.0954,2.6240,2.1084,0.7693,1.6128,1.3473,,
43.0649,8,5,25.1110,68.1750,converged,81619.19,49999.41,-1.2716,0.00,0.0000,0.4075,0.2441,1.5068,0.0973,,,,,
35.5047,9,9,29.1680,64.6720,completed,81619.19,49999.41,-1.2716,0.00,0.0000,1.4542,2.2173,1.5242,5.8365,0.4126,3.2687,1.9547,1.5644,
56.9744,6,6,32.0257,88.9997,completed,81619.19,49999.41,-1.2716,0.00,0.0000,1.3886,1.5174,1.4085,0.2653,0.9105,,,,
47.2824,7,7,34.6073,81.8893,completed,81619.19,49999.41,-1.2716,0.00,0.0000,0.9525,0.7881,2.4408,0.1127,0.2382,0.9674,,,
58.4295,5,5,20.6892,79.1182,completed,81619.19,49999.41,-1.2716,0.00,0.0000,3.4341,3.6742,2.4408,0.5087,,,,,
52.0369,6,5,20.4109,72.4469,converged,81619.19,49999.41,-1.2716,0.00,0.0000,1.5791,1.2613,2.2198,0.0642,,,,,
52.2287,6,6,27.4956,79.7236,completed,81619.19,49999.41,-1.2716,0.00,0.0000,1.7745,0.5291,2.6468,0.1327,0.2197,,,,
33.3338,10,10,40.8946,74.2277,completed,81619.19,49999.41,-1.2716,0.00,0.0000,1.2031,1.3497,0.5165,4.6514,0.5226,0.2159,0.3657,0.1913,0.5310
49.3914,7,6,20.4396,69.8306,converged,81619.19,49999.41,-1.2716,0.00,0.0000,1.3359,1.5980,4.0231,0.4069,0.0276,,,,
33.0261,10,6,24.4894,57.5154,converged,81619.19,49999.41,-1.2716,0.00,0.0000,0.3334,0.4004,2.4511,2.0559,0.0561,,,,
44.8321,8,7,23.3590,68.1910,converged,81619.19,49999.41,-1.2716,0.00,0.0000,1.1592,1.5830,2.3769,1.5209,0.5939,0.0572,,,
30.6214,10,10,43.4692,74.0902,completed,81619.19,49999.41,-1.2716,0.00,0.0000,2.0746,3.2417,4.8101,3.4729,2.9798,3.3808,4.3546,3.4580,2.5966
38.8983,9,6,24.6581,63.5561,converged,81619.19,49999.41,-1.2716,0.00,0.0000,0.9031,1.1630,1.2142,2.8592,0.0845,,,,
48.0801,7,7,32.6968,80.7769,completed,81619.19,49999.41,-1.2716,0.00,0.0000,0.9436,1.1088,2.1720,0.1380,0.2883,1.0521,,,
59.4618,5,4,19.0683,78.5293,converged,81619.19,49999.41,-1.2716,0.00,0.0000,0.9864,2.9175,0.0908,,,,,,
36.8623,9,9,36.0574,72.9194,completed,81619.19,49999.41,-1.2716,0.00,0.0000,2.1481,3.6162,5.1138,3.5069,3.0630,3.1682,2.9256,2.1375,
36.7401,9,9,37.7680,74.5081,completed,81619.19,49999.41,-1.2716,0.00,0.0000,2.3173,4.0603,5.3182,5.4208,3.3457,3.2705,3.4344,2.7638,
27.7918,10,6,22.4184,50.2094,converged,81619.19,49999.41,-1.2716,0.00,0.0000,0.6176,0.2448,1.7296,1.6472,0.0672,,,,
53.4313,6,3,11.0282,64.4593,converged,81619.19,49999.41,-1.2716,0.00,0.0000,1.7900,0.0985,,,,,,,
35.3432,9,9,43.2842,78.6272,completed,81619.19,49999.41,-1.2716,0.00,0.0000,2.6007,4.2943,5.6577,4.2476,3.1436,4.3320,3.6394,2.5776,
39.8548,9,6,24.0745,63.9771,converged,81619.19,49999.41,-1.2716,0.00,0.0000,1.6519,2.0055,1.3895,4.8071,0.0926,,,,
28.3146,10,10,41.4082,69.7222,completed,81619.19,49999.41,-1.2716,0.00,0.0000,1.1393,1.3994,0.3476,4.9796,2.4443,0.5798,1.9253,1.5970,1.2001
28.5166,10,7,27.1811,55.6971,converged,81619.19,49999.41,-1.2716,0.00,0.0000,0.7572,0.5069,1.2526,4.2388,0.5119,0.0869,,,
38.8639,9,9,30.6566,69.5196,completed,81619.19,49999.41,-1.2716,0.00,0.0000,1.3824,1.6599,1.5442,4.2215,0.2117,0.1949,0.3767,0.8497,
57.5108,6,6,22.0014,79.5114,completed,81619.19,49999.41,-1.2716,0.00,0.0000,1.0235,2.1741,0.7593,0.1441,0.4821,,,,
29.4490,10,10,32.9968,62.4448,completed,81619.19,49999.41,-1.2716,0.00,0.0000,1.3265,1.6898,0.7113,3.7152,2.1769,3.5804,3.0985,1.7707,1.4789
59.1619,5,5,17.3387,76.4998,converged,81619.19,49999.41,-1.2716,0.00,0.0000,0.3815,3.0991,0.3537,0.0597,,,,,
31.4755,10,7,26.2682,57.7432,converged,81619.19,49999.41,-1.2716,0.00,0.0000,0.9947,0.9771,1.1269,3.1133,0.7113,0.0583,,,
25.7283,10,10,40.6130,66.3410,completed,81619.19,49999.41,-1.2716,0.00,0.0000,1.6548,2.1853,2.6012,1.2405,3.0090,2.5340,2.2725,2.0099,1.8434
28.9734,10,8,24.5710,53.5440,converged,81619.19,49999.41,-1.2716,0.00,0.0000,1.2402,1.4855,0.2039,4.8473,1.2375,0.2512,0.0314,,
58.7132,5,5,18.0041,76.7171,converged,81619.19,49999.41,-1.2716,0.00,0.0000,1.0679,3.2408,0.3967,0.0507,,,,,
59.6741,5,5,21.7553,81.4293,completed,81619.19,49999.41,-1.2716,0.00,0.0000,2.8217,4.0446,2.0657,0.1249,,,,,
28.8766,10,8,34.9568,63.8328,converged,81619.19,49999.41,-1.2716,0.00,0.0000,1.1039,2.1384,2.5757,3.2149,3.5654,0.6408,0.0901,,
20.6303,10,10,46.5856,67.2157,completed,81619.19,49999.41,-1.2716,0.00,0.0000,1.1770,1.1621,0.3579,5.1775,1.3343,0.1115,0.3568,0.7918,1.0469
40.4763,8,8,31.4505,71.9266,completed,81619.19,49999.41,-1.2716,0.00,0.0000,2.3329,3.9475,3.9045,3.6091,2.7882,3.1079,2.4843,,
29.8342,10,10,42.2116,72.0456,completed,81619.19,49999.41,-1.2716,0.00,0.0000,1.0467,0.9685,1.6143,3.8888,0.6472,0.6141,2.3378,1.6615,1.1504
59.0501,5,5,15.6663,74.7163,converged,81619.19,49999.41,-1.2716,0.00,0.0000,2.5893,5.1877,1.5531,0.0897,,,,,
57.4913,6,6,21.7157,79.2067,completed,81619.19,49999.41,-1.2716,0.00,0.0000,3.3091,6.8604,5.3218,2.8816,3.5725,,,,
24.7195,10,3,9.2369,33.9559,converged,81619.19,49999.41,-1.2716,0.00,0.0000,0.4154,0.0680,,,,,,,
36.4133,9,9,45.6618,82.0749,completed,81619.19,49999.41,-1.2716,0.00,0.0000,1.6181,1.8137,0.5396,5.0931,0.3754,2.7039,1.6938,1.4548,
36.9547,9,9,35.3943,72.3483,completed,81619.19,49999.41,-1.2716,0.00,0.0000,2.0714,3.4600,3.7458,1.4093,3.3827,3.0536,2.8058,2.1743,
22.2662,10,10,47.0351,69.3011,completed,81619.19,49999.41,-1.2716,0.00,0.0000,1.4968,2.0299,1.5787,4.1402,4.5199,0.3816,0.1697,0.3490,0.7312
42.5247,8,6,24.1067,66.6307,converged,81619.19,49999.41,-1.2716,0.00,0.0000,1.2484,0.2353,4.4613,0.9962,0.0574,,,,
41.6407,8,6,21.8392,63.4792,converged,81619.19,49999.41,-1.2716,0.00,0.0000,0.7453,0.5993,2.1682,0.2344,0.0420,,,,
35.3377,9,6,24.7659,60.1029,converged,81619.19,49999.41,-1.2716,0.00,0.0000,0.8573,0.4190,2.3058,1.1953,0.0311,,,,
53.5334,6,6,21.7262,75.2592,completed,81619.19,49999.41,-1.2716,0.00,0.0000,1.2124,2.5002,1.1709,0.1126,0.4551,,,,
27.9102,10,8,29.8559,57.7659,converged,81619.19,49999.41,-1.2716,0.00,0.0000,0.7977,0.3672,1.9125,1.7958,0.4029,0.2781,0.0967,,
42.7905,8,6,21.6852,64.4753,converged,81619.19,49999.41,-1.2716,0.00,0.0000,1.3863,1.2895,3.1212,1.9706,0.0468,,,,
21.8719,10,10,53.3751,75.2461,completed,81619.19,49999.41,-1.2716,0.00,0.0000,1.1504,1.6507,0.8115,3.3999,1.8267,0.7066,2.0733,1.4774,1.2844
40.4251,8,6,20.6081,61.0332,converged,81619.19,49999.41,-1.2716,0.00,0.0000,1.6903,2.0012,3.3565,3.4228,0.0837,,,,
31.4134,10,7,23.9721,55.3851,converged,81619.19,49999.41,-1.2716,0.00,0.0000,0.9388,0.8972,0.9306,2.9786,0.4265,0.0532,,,
29.5109,10,10,45.5617,75.0718,completed,81619.19,49999.41,-1.2716,0.00,0.0000,1.1595,1.1171,0.7097,4.4735,1.0791,0.3776,1.0610,1.3921,1.2572
57.8981,6,6,25.1277,83.0258,completed,81619.19,49999.41,-1.2716,0.00,0.0000,3.3828,6.3924,6.3087,3.7192,3.8098,,,,
59.3404,5,5,16.7919,76.1320,completed,81619.19,49999.41,-1.2716,0.00,0.0000,4.3642,1.6642,4.2459,3.7334,,,,,
43.0944,8,8,27.0160,70.1101,completed,81619.19,49999.41,-1.2716,0.00,0.0000,1.8714,2.1520,3.1262,3.2948,2.7608,2.5279,1.8821,,
48.7099,7,7,32.8201,81.5291,completed,81619.19,49999.41,-1.2716,0.00,0.0000,0.8191,1.4067,2.5303,0.3545,1.9411,1.9519,,,
30.6038,10,7,24.9598,55.5628,converged,81619.19,49999.41,-1.2716,0.00,0.0000,0.9230,0.9641,0.8190,2.9517,0.1579,0.0885,,,
26.6372,10,10,33.0258,59.6628,completed,81619.19,49999.41,-1.2716,0.00,0.0000,1.1856,1.2731,0.2229,4.6422,1.3593,0.9044,2.4640,1.4490,1.2107
42.4687,8,6,21.0310,63.4990,converged,81619.19,49999.41,-1.2716,0.00,0.0000,0.8859,0.1303,3.4345,0.3350,0.0692,,,,
33.9360,10,10,37.0404,70.9764,completed,81619.19,49999.41,-1.2716,0.00,0.0000,1.2648,2.0842,1.6446,4.4155,3.1017,0.8517,0.1023,0.7400,1.1901
49.3757,7,7,28.8878,78.2629,completed,81619.19,49999.41,-1.2716,0.00,0.0000,2.0540,2.6398,4.6588,1.8092,0.6325,1.3838,,,
27.3623,10,10,35.7826,63.1446,completed,81619.19,49999.41,-1.2716,0.00,0.0000,0.8722,0.7722,1.2097,3.3797,0.2217,3.0008,3.5008,1.7419,1.3898
50.1212,7,7,33.7104,83.8314,completed,81619.19,49999.41,-1.2716,0.00,0.0000,1.7695,0.7539,6.9125,0.6175,2.2175,1.7269,,,
40.2798,8,8,28.3199,68.5990,completed,81619.19,49999.41,-1.2716,0.00,0.0000,1.7046,2.7766,0.6780,5.1495,0.5470,1.5536,1.5014,,
24.1977,10,6,24.9107,49.1078,converged,81619.19,49999.41,-1.2716,0.00,0.0000,0.8079,0.2984,2.2127,2.3740,0.0489,,,,
26.9630,10,6,21.4434,48.4055,converged,81619.19,49999.41,-1.2716,0.00,0.0000,0.8608,0.3846,2.1218,2.3079,0.0736,,,,
46.8772,7,7,31.4292,78.3062,completed,81619.19,49999.41,-1.2716,0.00,0.0000,1.7010,1.4043,3.1896,4.5707,3.7904,2.4883,,,
48.1546,7,7,35.1629,83.3169,completed,81619.19,49999.41,-1.2716,0.00,0.0000,1.3392,0.4262,3.1051,0.2052,0.1724,0.8180,,,
21.5757,10,7,24.0736,45.6486,converged,81619.19,49999.41,-1.2716,0.00,0.0000,1.2788,1.5847,0.3572,5.3984,1.5655,0.0972,,,
34.2818,9,3,11.9458,46.2269,converged,81619.19,49999.41,-1.2716,0.00,0.0000,0.5308,0.0930,,,,,,,
28.1002,10,10,37.0589,65.1590,completed,81619.19,49999.41,-1.2716,0.00,0.0000,1.0103,0.8909,1.0747,3.7665,0.5897,0.3040,0.7383,1.2346,1.2421
23.9222,10,6,19.1055,43.0275,converged,81619.19,49999.41,-1.2716,0.00,0.0000,0.6708,0.5185,1.2474,1.5167,0.0991,,,,
22.3247,10,10,32.2424,54.5664,completed,81619.19,49999.41,-1.2716,0.00,0.0000,0.9318,1.0297,0.7568,3.1095,0.3089,0.1899,0.1746,0.2761,0.7244
53.0206,6,6,26.5404,79.5605,completed,81619.19,49999.41,-1.2716,0.00,0.0000,4.0091,6.9372,6.3798,4.0547,4.3448,,,,
23.3205,10,10,35.9996,59.3196,completed,81619.19,49999.41,-1.2716,0.00,0.0000,1.1568,1.4141,0.1994,4.0801,1.2450,0.8901,1.3970,1.3204,1.2104
51.8780,7,6,17.6446,69.5217,converged,81619.19,49999.41,-1.2716,0.00,0.0000,0.6287,2.1684,2.2700,0.1405,0.0427,,,,
35.1867,9,6,19.6706,54.8566,converged,81619.19,49999.41,-1.2716,0.00,0.0000,1.0243,0.7592,2.7019,2.6200,0.0648,,,,
43.6608,8,8,36.1117,79.7717,completed,81619.19,49999.41,-1.2716,0.00,0.0000,2.0414,2.4198,2.0774,5.1370,0.1263,0.8481,1.2562,,
33.7875,10,6,18.6421,52.4292,converged,81619.19,49999.41,-1.2716,0.00,0.0000,0.5381,0.5964,0.6876,1.6417,0.0736,,,,
38.1673,9,9,38.1130,76.2800,completed,81619.19,49999.41,-1.2716,0.00,0.0000,1.1940,1.3437,0.7350,3.7884,0.5705,0.1852,0.3574,0.8078,
25.0724,10,8,38.6961,63.7682,converged,81619.19,49999.41,-1.2716,0.00,0.0000,1.1701,1.8290,1.3249,3.1660,2.8214,0.2412,0.0754,,
20.9224,10,3,11.4532,32.3752,converged,81619.19,49999.41,-1.2716,0.00,0.0000,0.5894,0.0981,,,,,,,
42.9491,8,6,20.6299,63.5790,converged,81619.19,49999.41,-1.2716,0.00,0.0000,0.7067,0.2276,2.4133,0.2837,0.0416,,,,
30.6196,10,8,25.8601,56.4791,converged,81619.19,49999.41,-1.2716,0.00,0.0000,0.6547,0.4037,1.4919,1.4350,0.1959,0.1041,0.0652,,
55.4525,6,6,21.6021,77.0541,completed,81619.19,49999.41,-1.2716,0.00,0.0000,2.0378,1.3849,3.0289,0.5433,0.4572,,,,
27.9153,10,10,32.1394,60.0545,completed,81619.19,49999.41,-1.2716,0.00,0.0000,1.1949,0.9675,1.1166,4.3490,0.7234,0.8516,1.4417,1.2890,1.2027
27.1198,10,10,33.5313,60.6504,completed,81619.19,49999.41,-1.2716,0.00,0.0000,1.2780,1.2662,1.0713,4.8427,0.9988,0.7178,0.9503,1.3256,1.1829
42.9331,8,6,20.8309,63.7639,converged,81619.19,49999.41,-1.2716,0.00,0.0000,1.3078,1.2831,3.8184,2.1748,0.0862,,,,
54.0588,6,6,21.8787,75.9367,completed,81619.19,49999.41,-1.2716,0.00,0.0000,2.2991,0.4803,4.1343,1.2656,1.6128,,,,
25.3556,10,7,20.7220,46.0770,converged,81619.19,49999.41,-1.2716,0.00,0.0000,0.7292,0.5112,1.4655,2.0571,0.1109,0.0619,,,
47.8015,7,7,29.8563,77.6574,completed,81619.19,49999.41,-1.2716,0.00,0.0000,3.5157,6.4007,5.6813,4.7023,4.5727,3.5933,,,
37.3965,9,3,8.9067,46.3028,converged,81619.19,49999.41,-1.2716,0.00,0.0000,0.8422,0.0276,,,,,,,
26.0274,10,8,26.5255,52.5525,converged,81619.20,49999.39,-1.2726,0.00,0.0000,0.9710,0.9165,0.7811,5.9802,1.5949,0.2285,0.0405,,
21.7344,10,10,35.2347,56.9687,completed,81619.20,49999.39,-1.2726,0.00,0.0000,1.0715,1.2826,0.4920,4.1112,0.6990,1.5895,2.3609,1.5313,1.2696
46.9427,7,5,18.6150,65.5588,converged,81619.20,49999.38,-1.2728,0.00,0.0000,1.4777,0.5596,4.3115,0.0757,,,,,
55.4383,6,6,21.8575,77.2955,completed,81619.20,49999.38,-1.2728,0.00,0.0000,1.5433,1.2759,5.7122,0.7760,1.6169,,,,
35.5719,9,9,29.6843,65.2554,completed,81619.20,49999.38,-1.2728,0.00,0.0000,1.3100,0.9960,2.4724,4.2729,0.1492,0.2870,0.7408,1.1029,
35.0293,9,9,34.7295,69.7585,completed,81619.20,49999.38,-1.2728,0.00,0.0000,1.5952,1.8731,0.7246,5.7146,0.3888,0.4761,1.2673,1.2581,
46.1539,7,6,18.4498,64.6028,converged,81619.20,49999.38,-1.2728,0.00,0.0000,1.1169,2.2898,6.2921,0.7891,0.0685,,,,
