jitter_ms,planned_steps,actual_steps,denoise_ms,total_cycle_ms,stop_reason,ego_x,ego_y,ego_yaw,ego_vx,delta_0,delta_1,delta_2,delta_3,delta_4,delta_5,delta_6,delta_7,delta_8,delta_9
26.3071,10,10,35.1339,61.4409,completed,3684.10,73774.90,-2.2438,0.00,0.0000,0.3066,0.2806,0.2177,0.6213,0.5620,0.9324,1.7516,2.6229,2.8534
40.1971,8,8,31.1327,71.3298,completed,3684.10,73774.90,-2.2438,0.00,0.0000,0.2513,0.2346,0.3924,1.5467,0.5068,2.2664,2.7436,,
29.1589,10,10,40.8578,70.0158,completed,3684.10,73774.90,-2.2438,0.00,0.0000,0.3313,0.3867,0.3518,0.5563,0.5013,1.4878,2.5202,3.1187,3.0699
57.3164,6,6,20.2598,77.5758,completed,3684.10,73774.90,-2.2438,0.00,0.0000,0.6439,0.4575,0.4549,1.8263,3.4854,,,,
32.7775,10,10,37.2108,69.9879,completed,3684.10,73774.90,-2.2438,0.00,0.0000,0.4382,0.5887,0.6289,1.0879,0.8550,2.3176,2.9947,3.3583,3.2779
51.0502,7,7,23.8044,74.8544,completed,3684.10,73774.90,-2.2438,0.00,0.0000,0.4369,0.1560,0.4833,0.8253,1.2701,2.6631,,,
56.5854,6,6,22.1630,78.7481,completed,3684.10,73774.90,-2.2438,0.00,0.0000,0.2870,0.8934,5.9611,3.6886,0.9041,,,,
29.6154,10,10,38.9220,68.5371,completed,3684.10,73774.90,-2.2438,0.00,0.0000,0.2885,0.3086,0.2571,0.2415,0.8952,0.4945,1.5647,2.4751,2.8084
48.0472,7,7,27.8516,75.8986,completed,3684.10,73774.90,-2.2438,0.00,0.0000,0.4314,0.2892,0.4794,0.2294,2.0815,3.2347,,,
59.5649,5,5,18.5465,78.1106,completed,3684.10,73774.90,-2.2438,0.00,0.0000,0.4650,0.6658,1.1296,1.8755,,,,,
22.8442,10,5,15.5090,38.3531,converged,3684.10,73774.90,-2.2438,0.00,0.0000,0.4434,0.4727,0.3871,0.0948,,,,,
35.6759,9,9,29.6019,65.2770,completed,3684.10,73774.90,-2.2438,0.00,0.0000,0.4833,0.5319,0.4296,0.6410,1.4777,2.6241,3.6782,3.5000,
41.3505,8,8,25.6500,67.0000,completed,3684.10,73774.90,-2.2438,0.00,0.0000,0.4964,0.5828,1.0031,0.4453,2.2020,3.0337,3.5510,,
38.4819,9,9,29.6339,68.1150,completed,3684.10,73774.90,-2.2438,0.00,0.0000,0.4607,0.5926,0.7790,0.8255,1.1504,2.1844,3.3585,3.4825,
50.4057,7,7,27.0167,77.4218,completed,3684.10,73774.90,-2.2438,0.00,0.0000,0.4498,0.2748,0.3043,0.6791,1.1901,2.7584,,,
25.8310,10,10,32.1017,57.9327,completed,3684.10,73774.90,-2.2438,0.00,0.0000,0.2364,0.2551,0.1667,0.4039,1.6808,0.6364,1.0711,2.1168,2.2763
44.0423,8,8,26.1812,70.2233,completed,3684.10,73774.90,-2.2438,0.00,0.0000,0.3859,0.4225,0.6576,0.3755,1.0342,2.3691,3.1931,,
26.8693,10,10,49.0615,75.9305,completed,3684.10,73774.90,-2.2438,0.00,0.0000,0.2397,0.2260,0.2021,1.4930,3.2253,2.9105,0.4495,1.4093,1.4661
41.6041,8,8,30.7033,72.3073,completed,3684.10,73774.90,-2.2438,0.00,0.0000,0.5071,0.6365,0.8020,0.4300,1.1856,2.4361,3.2558,,
29.0996,10,3,9.3146,38.4137,converged,3684.10,73774.90,-2.2438,0.00,0.0000,0.2092,0.0789,,,,,,,
27.7020,10,10,34.2866,61.9876,completed,3684.10,73774.90,-2.2438,0.00,0.0000,0.2887,0.2885,0.1160,0.4810,2.7245,2.5669,0.3859,1.2080,1.5978
58.0417,5,5,18.1663,76.2074,completed,3684.10,73774.90,-2.2438,0.00,0.0000,0.7246,0.8688,1.1249,3.4895,,,,,
37.0856,9,9,30.3232,67.4082,completed,3684.10,73774.90,-2.2438,0.00,0.0000,0.1169,0.2282,2.2525,6.3706,2.8796,0.1687,0.1478,0.5534,
23.0746,10,10,32.6319,55.7059,completed,3684.10,73774.90,-2.2438,0.00,0.0000,0.2282,0.2104,0.2072,0.5688,0.5889,1.0655,1.5760,2.4536,2.8759
25.3276,10,4,12.1467,37.4737,converged,3684.10,73774.90,-2.2438,0.00,0.0000,0.3068,0.2795,0.0929,,,,,,
43.4565,8,8,27.2431,70.6991,completed,3684.10,73774.90,-2.2438,0.00,0.0000,0.2181,0.3160,0.3587,0.2393,0.7070,2.2146,3.4676,,
51.6105,7,7,23.9386,75.5486,completed,3684.10,73774.90,-2.2438,0.00,0.0000,0.3548,0.4394,0.7865,1.4092,2.3720,3.6494,,,
41.7042,8,8,26.5182,68.2222,completed,3684.10,73774.90,-2.2438,0.00,0.0000,0.0570,0.1035,0.1065,0.2340,0.5226,2.6327,3.8063,,
33.5197,10,3,9.4087,42.9278,converged,3684.10,73774.90,-2.2438,0.00,0.0000,0.0501,0.0265,,,,,,,
30.0743,10,5,15.0865,45.1605,converged,3684.10,73774.90,-2.2438,0.00,0.0000,0.0663,0.1359,0.1072,0.0903,,,,,
52.8694,6,6,20.9891,73.8581,completed,3684.10,73774.90,-2.2438,0.00,0.0000,0.3727,0.1088,0.6526,0.8464,2.8501,,,,
44.6214,8,8,26.1932,70.8142,completed,3684.10,73774.90,-2.2438,0.00,0.0000,0.2415,0.2501,0.2181,0.6317,0.6214,2.3138,3.0823,,
54.1500,6,6,20.9648,75.1138,completed,3684.10,73774.90,-2.2438,0.00,0.0000,0.4164,0.3409,0.2413,2.1140,3.6194,,,,
34.2112,9,3,9.4151,43.6261,converged,3684.10,73774.90,-2.2438,0.00,0.0000,0.1724,0.0822,,,,,,,
53.0838,6,6,20.9972,74.0802,completed,3684.10,73774.90,-2.2438,0.00,0.0000,0.3893,0.3627,0.2205,2.1804,3.7768,,,,
24.5959,10,10,32.9019,57.4969,completed,3684.10,73774.90,-2.2438,0.00,0.0000,0.1519,0.1785,0.1229,0.1227,0.2893,0.7676,1.5178,2.5271,2.4585
34.7808,9,9,41.1789,75.9590,completed,3684.10,73774.90,-2.2438,0.00,0.0000,0.1895,0.2598,0.3174,0.4732,0.3454,0.8061,2.3657,2.9118,
44.6255,8,8,38.5337,83.1588,completed,3684.10,73774.90,-2.2438,0.00,0.0000,0.2535,0.2194,0.1964,0.4006,1.0858,2.7137,3.4471,,
52.4394,6,6,21.6998,74.1388,completed,3684.10,73774.90,-2.2438,0.00,0.0000,0.3319,0.2814,0.6912,0.2128,2.3145,,,,
22.9418,10,4,18.6747,41.6157,converged,3684.10,73774.90,-2.2438,0.00,0.0000,0.2037,0.2014,0.0998,,,,,,
47.4516,7,7,46.4336,93.8846,completed,3684.10,73774.90,-2.2438,0.00,0.0000,0.2663,0.1457,0.7044,0.9178,0.8200,2.6054,,,
35.4203,9,9,30.3150,65.7350,completed,3684.10,73774.90,-2.2438,0.00,0.0000,0.2478,0.2892,0.2985,0.3270,0.5254,1.3647,2.4091,2.9946,
27.5360,10,5,17.6186,45.1537,converged,3684.10,73774.90,-2.2438,0.00,0.0000,0.1858,0.2056,0.1201,0.0933,,,,,
57.0379,6,6,23.4309,80.4679,completed,3684.10,73774.90,-2.2438,0.00,0.0000,0.2728,0.2912,1.8071,0.8913,2.0570,,,,
56.9260,6,6,20.6298,77.5558,completed,3684.10,73774.90,-2.2438,0.00,0.0000,0.3169,0.2595,0.2812,1.4571,3.3574,,,,
50.9507,7,7,24.2306,75.1806,completed,3684.10,73774.90,-2.2438,0.00,0.0000,0.1524,0.1356,0.1890,0.4808,1.2257,2.8278,,,
23.8570,10,10,36.8515,60.7075,completed,3684.10,73774.90,-2.2438,0.01,0.0000,0.1256,0.2134,0.2469,0.3972,0.5727,0.3294,1.1191,2.3498,2.7274
56.2558,6,6,20.3390,76.5940,completed,3684.10,73774.90,-2.2438,0.01,0.0000,0.2567,0.4116,1.3682,1.8325,3.6551,,,,
42.8006,8,8,29.7874,72.5874,completed,3684.09,73774.89,-2.2438,0.05,0.0000,0.2414,0.4023,0.5827,1.3394,1.0882,2.5002,3.3375,,
26.4168,10,10,36.5699,62.9859,completed,3684.09,73774.89,-2.2438,0.05,0.0000,0.1213,0.2021,0.2140,0.3256,0.4825,0.1638,1.4026,2.4772,2.7770
54.3968,6,6,21.1102,75.5062,completed,3684.09,73774.88,-2.2439,0.02,0.0000,0.1163,0.3125,1.2457,1.3891,3.5055,,,,
52.8003,6,6,21.1553,73.9553,completed,3684.09,73774.88,-2.2439,0.02,0.0000,0.1764,0.3607,0.8802,1.0824,3.1692,,,,
41.1530,8,8,26.8995,68.0516,completed,3684.09,73774.88,-2.2440,0.00,0.0000,0.1665,0.3102,0.6251,0.8901,1.0097,2.5121,3.3855,,
25.2123,10,10,37.5341,62.7462,completed,3684.09,73774.88,-2.2440,0.00,0.0000,0.0978,0.1529,0.1472,0.2351,0.7525,0.3315,1.3082,2.3118,2.8353
47.6853,7,3,8.8786,56.5636,converged,3684.09,73774.88,-2.2440,0.00,0.0000,0.0472,0.0288,,,,,,,
22.0308,10,4,12.7266,34.7566,converged,3684.09,73774.88,-2.2440,0.00,0.0000,0.1148,0.1445,0.0590,,,,,,
28.0557,10,10,32.7094,60.7645,completed,3684.09,73774.88,-2.2440,0.02,0.0000,0.0809,0.1318,0.2013,0.5060,0.5095,0.5129,1.7385,2.8034,3.0241
33.2397,10,6,19.7636,53.0027,converged,3684.09,73774.88,-2.2440,0.02,0.0000,0.0929,0.1728,0.1972,0.2554,0.0779,,,,
42.4301,8,8,36.5624,78.9924,completed,3684.08,73774.88,-2.2440,0.03,0.0000,0.1365,0.2046,0.3549,1.1892,1.5464,2.7467,3.6830,,
42.8907,8,8,27.3028,70.1928,completed,3684.08,73774.88,-2.2440,0.03,0.0000,0.1135,0.1534,0.2036,0.4921,0.5795,2.7090,3.1914,,
39.1029,9,9,35.6061,74.7081,completed,3684.08,73774.87,-2.2440,0.02,0.0000,0.0929,0.1317,0.1285,0.1787,0.5456,1.1889,2.4856,3.0141,
40.6283,8,8,27.3067,67.9347,completed,3684.08,73774.87,-2.2440,0.02,0.0000,0.0826,0.1414,0.2385,0.4467,0.4815,1.8273,2.9761,,
44.9633,8,4,12.5833,57.5464,converged,3684.07,73774.86,-2.2440,0.08,0.0000,0.1086,0.1177,0.0640,,,,,,
25.4664,10,4,18.3265,43.7925,converged,3684.07,73774.86,-2.2440,0.08,0.0000,0.0819,0.1103,0.0777,,,,,,
53.5306,6,6,20.7368,74.2668,completed,3684.06,73774.85,-2.2439,0.07,0.0000,0.1334,0.1306,0.4460,1.7035,3.4823,,,,
29.5154,10,3,10.0037,39.5187,converged,3684.06,73774.85,-2.2439,0.07,0.0000,0.0368,0.0308,,,,,,,
41.1504,8,3,9.4446,50.5946,converged,3684.05,73774.84,-2.2437,0.02,0.0000,0.0442,0.0276,,,,,,,
59.0245,5,5,18.0564,77.0804,completed,3684.05,73774.84,-2.2437,0.02,0.0000,0.2204,0.1155,1.1421,3.3848,,,,,
59.7507,5,5,17.8927,77.6427,completed,3684.05,73774.84,-2.2437,0.00,0.0000,0.1166,0.1298,0.5806,2.5029,,,,,
51.6609,7,3,14.0481,65.7081,converged,3684.05,73774.84,-2.2437,0.00,0.0000,0.0784,0.0513,,,,,,,
49.2930,7,4,14.8544,64.1475,converged,3684.05,73774.84,-2.2437,0.01,0.0000,0.1089,0.1152,0.0818,,,,,,
40.7089,8,8,30.0970,70.8055,completed,3684.05,73774.84,-2.2437,0.01,0.0000,0.0825,0.1242,0.1505,0.5193,1.0110,2.3881,3.5008,,
48.8607,7,3,11.0014,59.8614,converged,3684.05,73774.83,-2.2437,0.05,0.0000,0.1081,0.0948,,,,,,,
59.2565,5,5,19.8571,79.1131,completed,3684.05,73774.83,-2.2437,0.05,0.0000,0.1556,0.2244,0.6635,3.1105,,,,,
52.4675,6,6,25.7525,78.2195,completed,3684.03,73774.82,-2.2438,0.10,0.0000,0.1835,0.1275,0.3402,2.3007,4.0324,,,,
56.4396,6,6,21.6131,78.0521,completed,3684.03,73774.82,-2.2438,0.10,0.0000,0.1658,0.1038,0.3010,0.4294,2.8739,,,,
27.9355,10,4,12.7690,40.7041,converged,3684.01,73774.79,-2.2438,0.13,0.0000,0.0805,0.1065,0.0753,,,,,,
40.1195,8,4,12.1428,52.2619,converged,3684.01,73774.79,-2.2438,0.13,0.0000,0.1044,0.1159,0.0904,,,,,,
23.8836,10,3,9.3149,33.1979,converged,3683.99,73774.77,-2.2437,0.14,0.0000,0.0628,0.0916,,,,,,,
23.6020,10,4,14.0429,37.6439,converged,3683.99,73774.77,-2.2437,0.14,0.0000,0.0743,0.1015,0.0601,,,,,,
44.8342,8,3,10.4521,55.2861,converged,3683.98,73774.75,-2.2436,0.15,0.0000,0.0869,0.0883,,,,,,,
55.4584,6,6,21.0621,76.5201,completed,3683.98,73774.75,-2.2436,0.15,0.0000,0.1484,0.1229,0.1179,1.2241,3.4103,,,,
38.9085,9,4,11.7930,50.7010,converged,3683.95,73774.71,-2.2434,0.18,0.0000,0.0912,0.1055,0.0605,,,,,,
28.9973,10,3,9.4720,38.4690,converged,3683.95,73774.71,-2.2434,0.18,0.0000,0.0750,0.0895,,,,,,,
41.3011,8,3,9.2405,50.5416,converged,3683.93,73774.68,-2.2432,0.21,0.0000,0.0747,0.0546,,,,,,,
50.3619,7,3,9.7037,60.0647,converged,3683.93,73774.68,-2.2432,0.21,0.0000,0.0599,0.0712,,,,,,,
46.4844,7,7,29.5824,76.0665,completed,3683.90,73774.64,-2.2430,0.24,0.0000,0.1011,0.1147,0.1405,0.3652,1.8028,3.5771,,,
44.2411,8,8,27.8651,72.1061,completed,3683.90,73774.64,-2.2430,0.24,0.0000,0.1161,0.1274,0.1166,0.1165,0.6015,2.2621,3.4695,,
20.0961,10,3,9.2373,29.3333,converged,3683.85,73774.59,-2.2430,0.31,0.0000,0.0735,0.0861,,,,,,,
55.4944,6,6,19.9848,75.4789,completed,3683.85,73774.59,-2.2430,0.31,0.0000,0.1453,0.1221,0.3636,1.6214,3.6817,,,,
46.3133,7,3,8.9689,55.2819,converged,3683.81,73774.54,-2.2430,0.32,0.0000,0.1099,0.0979,,,,,,,
46.2489,7,3,9.4783,55.7263,converged,3683.79,73774.51,-2.2430,0.33,0.0000,0.0813,0.0689,,,,,,,
25.7898,10,3,9.0862,34.8752,converged,3683.79,73774.51,-2.2430,0.33,0.0000,0.0566,0.0687,,,,,,,
24.6668,10,3,9.3500,34.0161,converged,3683.74,73774.45,-2.2432,0.37,0.0000,0.0494,0.0632,,,,,,,
51.2016,7,7,23.7330,74.9340,completed,3683.74,73774.45,-2.2432,0.37,0.0000,0.0876,0.1118,0.1736,0.5868,2.1928,3.7238,,,
59.3590,5,5,18.0564,77.4154,completed,3683.69,73774.38,-2.2436,0.44,0.0000,0.1451,0.2235,0.8524,3.9133,,,,,
26.1143,10,3,10.0529,36.1670,converged,3683.69,73774.38,-2.2436,0.44,0.0000,0.0387,0.0428,,,,,,,
56.2074,6,3,9.1100,65.3170,converged,3683.62,73774.30,-2.2437,0.50,0.0000,0.1268,0.0801,,,,,,,
29.5405,10,3,9.8397,39.3797,converged,3683.62,73774.30,-2.2437,0.50,0.0000,0.0392,0.0539,,,,,,,
21.3315,10,3,9.7024,31.0335,converged,3683.56,73774.22,-2.2438,0.54,0.0000,0.0541,0.0723,,,,,,,
57.6711,6,6,21.0129,78.6840,completed,3683.56,73774.22,-2.2438,0.54,0.0000,0.0939,0.2036,0.6098,1.3700,3.3815,,,,
22.5401,10,3,9.3218,31.8618,converged,3683.48,73774.12,-2.2444,0.62,0.0000,0.0493,0.0596,,,,,,,
42.3633,8,3,10.4695,52.8326,converged,3683.48,73774.12,-2.2444,0.62,0.0000,0.0536,0.0608,,,,,,,
56.3698,6,6,20.7263,77.0953,completed,3683.39,73774.02,-2.2449,0.70,0.0000,0.0655,0.1633,0.2531,0.8520,3.2141,,,,
50.2265,7,7,23.1977,73.4238,completed,3683.39,73774.02,-2.2449,0.70,0.0000,0.0767,0.1407,0.3074,0.8522,1.5150,3.4133,,,
59.5024,5,5,18.5736,78.0756,completed,3683.28,73773.87,-2.2454,0.75,0.0000,0.0952,0.2434,0.5436,3.3325,,,,,
31.4643,10,3,9.1465,40.6106,converged,3683.28,73773.87,-2.2454,0.75,0.0000,0.0534,0.0754,,,,,,,
34.9319,9,3,9.4034,44.3344,converged,3683.17,73773.74,-2.2460,0.79,0.0000,0.0499,0.0712,,,,,,,
26.1088,10,3,9.3931,35.5011,converged,3683.17,73773.74,-2.2460,0.79,0.0000,0.0211,0.0363,,,,,,,
30.2537,10,3,10.2747,40.5278,converged,3683.07,73773.61,-2.2469,0.81,0.0000,0.0397,0.0548,,,,,,,
58.0171,5,5,18.0919,76.1089,completed,3683.07,73773.61,-2.2469,0.81,0.0000,0.0483,0.2451,0.2440,3.6121,,,,,
22.8712,10,3,9.0592,31.9303,converged,3682.96,73773.47,-2.2493,0.87,0.0000,0.0211,0.0324,,,,,,,
42.0245,8,3,10.0859,52.1100,converged,3682.96,73773.47,-2.2493,0.87,0.0000,0.0437,0.0920,,,,,,,
24.8612,10,10,33.1819,58.0429,completed,3682.84,73773.33,-2.2515,0.94,0.0000,0.0907,0.1311,0.1448,0.1487,0.1484,0.3892,1.4736,2.6603,3.0549
54.4338,6,6,24.0150,78.4480,completed,3682.84,73773.33,-2.2515,0.94,0.0000,0.0635,0.1194,0.2280,1.1467,3.7345,,,,
22.1027,10,3,10.1042,32.2063,converged,3682.69,73773.14,-2.2541,0.97,0.0000,0.0602,0.0885,,,,,,,
55.3602,6,6,21.7441,77.1041,completed,3682.69,73773.14,-2.2541,0.97,0.0000,0.1305,0.1514,0.7035,1.0073,3.8408,,,,
46.3642,7,3,11.4266,57.7906,converged,3682.55,73772.97,-2.2559,0.99,0.0000,0.0308,0.0755,,,,,,,
30.1469,10,3,9.1632,39.3092,converged,3682.55,73772.97,-2.2559,0.99,0.0000,0.0469,0.0804,,,,,,,
54.9770,6,6,20.5568,75.5338,completed,3682.41,73772.80,-2.2565,1.02,0.0000,0.0396,0.1832,0.5033,0.5835,3.2610,,,,
31.1567,10,3,9.3366,40.4927,converged,3682.41,73772.80,-2.2565,1.02,0.0000,0.0447,0.0569,,,,,,,
42.1154,8,3,8.8480,50.9630,converged,3682.26,73772.61,-2.2561,1.11,0.0000,0.0153,0.0666,,,,,,,
36.6008,9,3,9.1864,45.7864,converged,3682.26,73772.61,-2.2561,1.11,0.0000,0.0686,0.0849,,,,,,,
29.8640,10,3,9.3687,39.2317,converged,3682.11,73772.43,-2.2542,1.18,0.0000,0.0275,0.0632,,,,,,,
57.8647,6,6,20.5119,78.3759,completed,3682.11,73772.43,-2.2542,1.18,0.0000,0.0488,0.1019,0.2998,0.6784,3.1166,,,,
45.4895,8,3,9.1628,54.6519,converged,3681.94,73772.22,-2.2524,1.26,0.0000,0.0252,0.0505,,,,,,,
59.0308,5,3,8.9368,67.9668,converged,3681.94,73772.22,-2.2524,1.26,0.0000,0.1099,0.0844,,,,,,,
21.2176,10,3,9.7106,30.9276,converged,3681.73,73771.96,-2.2522,1.34,0.0000,0.0275,0.0522,,,,,,,
41.4465,8,3,9.7104,51.1564,converged,3681.73,73771.96,-2.2522,1.34,0.0000,0.0570,0.0787,,,,,,,
40.2573,8,3,9.2138,49.4709,converged,3681.58,73771.78,-2.2533,1.38,0.0000,0.0260,0.0715,,,,,,,
34.8493,9,3,10.1480,44.9971,converged,3681.58,73771.78,-2.2533,1.38,0.0000,0.0360,0.0459,,,,,,,
32.1739,10,3,10.3294,42.5025,converged,3681.40,73771.56,-2.2542,1.44,0.0000,0.0354,0.0751,,,,,,,
31.7026,10,3,10.9379,42.6400,converged,3681.40,73771.56,-2.2542,1.44,0.0000,0.0504,0.0892,,,,,,,
41.6351,8,8,25.7954,67.4305,completed,3681.22,73771.33,-2.2554,1.48,0.0000,0.0977,0.2310,0.5868,0.5556,0.5086,1.1410,2.3410,,
39.1252,9,3,10.8986,50.0237,converged,3681.22,73771.33,-2.2554,1.48,0.0000,0.0175,0.0284,,,,,,,
43.3330,8,8,26.9214,70.2535,completed,3680.98,73771.04,-2.2576,1.52,0.0000,0.0574,0.1026,0.1964,0.1680,0.5268,1.3687,2.0259,,
45.6954,8,3,10.1405,55.8355,converged,3680.98,73771.04,-2.2576,1.52,0.0000,0.0490,0.0951,,,,,,,
24.2761,10,3,11.4182,35.6943,converged,3680.76,73770.78,-2.2585,1.53,0.0000,0.0466,0.0745,,,,,,,
34.3617,9,3,8.9422,43.3032,converged,3680.76,73770.78,-2.2585,1.53,0.0000,0.0419,0.0615,,,,,,,
45.8700,8,3,10.3363,56.2064,converged,3680.57,73770.54,-2.2576,1.54,0.0000,0.0592,0.0931,,,,,,,
59.5958,5,5,18.6160,78.2110,completed,3680.57,73770.54,-2.2576,1.54,0.0000,0.1424,0.4657,0.5631,2.2116,,,,,
59.8040,5,5,18.8430,78.6470,completed,3680.32,73770.24,-2.2557,1.56,0.0000,0.0915,0.2237,0.8379,2.5650,,,,,
38.8512,9,9,36.5073,75.3584,completed,3680.32,73770.24,-2.2557,1.56,0.0000,0.0646,0.1275,0.3092,0.7132,0.5444,0.2578,1.6192,2.0586,
55.5648,6,6,23.3879,78.9519,completed,3680.08,73769.94,-2.2543,1.59,0.0000,0.1031,0.2432,0.3049,0.3816,1.7779,,,,
54.0839,6,6,23.5369,77.6200,completed,3680.08,73769.94,-2.2543,1.59,0.0000,0.0804,0.1795,0.1935,0.6327,2.1374,,,,
49.8423,7,3,8.9900,58.8320,converged,3679.77,73769.56,-2.2526,1.62,0.0000,0.0471,0.0793,,,,,,,
33.9682,10,3,9.4913,43.4593,converged,3679.77,73769.56,-2.2526,1.62,0.0000,0.0543,0.0855,,,,,,,
27.9311,10,3,9.1146,37.0456,converged,3679.57,73769.31,-2.2514,1.62,0.0000,0.0538,0.0794,,,,,,,
32.9604,10,3,9.7068,42.6668,converged,3679.57,73769.31,-2.2514,1.62,0.0000,0.0353,0.0415,,,,,,,
26.1848,10,3,9.7415,35.9255,converged,3679.36,73769.06,-2.2500,1.63,0.0000,0.0281,0.0251,,,,,,,
28.8967,10,3,9.0076,37.9036,converged,3679.36,73769.06,-2.2500,1.63,0.0000,0.0312,0.0253,,,,,,,
22.5116,10,3,9.1064,31.6174,converged,3679.18,73768.84,-2.2495,1.63,0.0000,0.0329,0.0302,,,,,,,
42.5843,8,3,10.4646,53.0486,converged,3679.08,73768.71,-2.2493,1.63,0.0000,0.0322,0.0364,,,,,,,
52.8395,6,3,9.3438,62.1829,converged,3679.08,73768.71,-2.2493,1.63,0.0000,0.0369,0.0716,,,,,,,
36.1182,9,3,9.6255,45.7436,converged,3678.82,73768.39,-2.2504,1.63,0.0000,0.0478,0.0393,,,,,,,
21.5389,10,3,10.1873,31.7254,converged,3678.82,73768.39,-2.2504,1.63,0.0000,0.0383,0.0314,,,,,,,
20.4375,10,3,9.3937,29.8307,converged,3678.65,73768.17,-2.2537,1.61,0.0000,0.0518,0.0467,,,,,,,
42.2038,8,3,9.0326,51.2356,converged,3678.65,73768.17,-2.2537,1.61,0.0000,0.0442,0.0320,,,,,,,
30.9931,10,3,8.6812,39.6743,converged,3678.44,73767.92,-2.2591,1.60,0.0000,0.0506,0.0386,,,,,,,
59.3680,5,5,18.5253,77.8933,completed,3678.44,73767.92,-2.2591,1.60,0.0000,0.0498,0.2335,0.2027,1.2028,,,,,
20.7500,10,3,9.7293,30.4794,converged,3678.22,73767.65,-2.2630,1.57,0.0000,0.0650,0.0481,,,,,,,
39.0576,9,3,9.2744,48.3315,converged,3678.22,73767.65,-2.2630,1.57,0.0000,0.0440,0.0293,,,,,,,
56.5783,6,6,25.6960,82.2741,completed,3678.02,73767.41,-2.2654,1.56,0.0000,0.0564,0.1230,0.3405,0.8025,1.5412,,,,
21.7819,10,3,9.1917,30.9727,converged,3678.02,73767.41,-2.2654,1.56,0.0000,0.0556,0.0415,,,,,,,
20.3356,10,3,9.3659,29.7009,converged,3677.79,73767.14,-2.2657,1.56,0.0000,0.0443,0.0181,,,,,,,
37.4365,9,3,9.8837,47.3198,converged,3677.79,73767.14,-2.2657,1.56,0.0000,0.0775,0.0856,,,,,,,
47.8215,7,7,25.2469,73.0679,completed,3677.62,73766.93,-2.2640,1.57,0.0000,0.0926,0.1175,0.2955,0.2400,0.6616,1.0579,,,
37.4110,9,3,9.6772,47.0872,converged,3677.62,73766.93,-2.2640,1.57,0.0000,0.0598,0.0487,,,,,,,
39.1346,9,3,8.8715,48.0055,converged,3677.39,73766.66,-2.2590,1.57,0.0000,0.0542,0.0629,,,,,,,
22.4641,10,3,9.6595,32.1236,converged,3677.39,73766.66,-2.2590,1.57,0.0000,0.0669,0.0401,,,,,,,
37.4146,9,9,29.7784,67.1925,completed,3677.19,73766.41,-2.2539,1.59,0.0000,0.1414,0.1318,0.2652,0.1086,0.4780,0.7143,1.1633,0.9946,
21.3942,10,3,8.6777,30.0717,converged,3677.19,73766.41,-2.2539,1.59,0.0000,0.0531,0.0335,,,,,,,
42.7645,8,8,26.4329,69.1969,completed,3676.99,73766.16,-2.2491,1.60,0.0000,0.0979,0.1006,0.2026,0.1372,0.3415,1.1430,1.2294,,
27.1833,10,3,9.1843,36.3673,converged,3676.99,73766.16,-2.2491,1.60,0.0000,0.0430,0.0155,,,,,,,
55.3243,6,6,25.6867,81.0107,completed,3676.79,73765.91,-2.2431,1.61,0.0000,0.1300,0.1637,0.2670,0.4540,1.0816,,,,
33.3128,10,3,9.8074,43.1194,converged,3676.79,73765.91,-2.2431,1.61,0.0000,0.0675,0.0452,,,,,,,
28.9892,10,3,9.1530,38.1420,converged,3676.54,73765.59,-2.2332,1.60,0.0000,0.0522,0.0354,,,,,,,
55.6212,6,6,31.2476,86.8686,completed,3676.54,73765.59,-2.2332,1.60,0.0000,0.0907,0.1427,0.5350,0.6506,1.1072,,,,
36.8371,9,3,13.3302,50.1672,converged,3676.32,73765.31,-2.2223,1.58,0.0000,0.0684,0.0551,,,,,,,
50.9418,7,7,23.8693,74.8103,completed,3676.32,73765.31,-2.2223,1.58,0.0000,0.2208,0.5286,1.7476,0.6729,0.5717,1.3134,,,
40.4460,8,3,9.7432,50.1893,converged,3676.09,73765.00,-2.2085,1.54,0.0000,0.0995,0.0915,,,,,,,
44.5241,8,8,29.6282,74.1522,completed,3676.09,73765.00,-2.2085,1.54,0.0000,0.0946,0.1477,0.5133,0.1706,0.5725,1.3633,1.2092,,
49.0836,7,7,25.1328,74.2158,completed,3675.86,73764.69,-2.1940,1.51,0.0000,0.1309,0.1900,0.9031,0.3848,0.8587,1.2867,,,
52.9675,6,6,21.1093,74.0763,completed,3675.86,73764.69,-2.1940,1.51,0.0000,0.0734,0.2987,0.7680,0.9979,1.1196,,,,
51.1242,7,7,30.5553,81.6794,completed,3675.65,73764.39,-2.1804,1.47,0.0000,0.1197,0.1655,0.6089,0.3154,0.9856,1.1065,,,
41.7544,8,8,27.3391,69.0931,completed,3675.65,73764.39,-2.1804,1.47,0.0000,0.1124,0.1862,0.4501,0.2981,0.4941,1.2184,1.1849,,
50.2645,7,7,24.4745,74.7386,completed,3675.42,73764.05,-2.1616,1.48,0.0000,0.1468,0.2033,0.6029,0.7486,0.9328,0.8893,,,
24.7713,10,10,31.9668,56.7378,completed,3675.42,73764.05,-2.1616,1.48,0.0000,0.1069,0.1924,0.3978,0.6943,0.2365,0.3632,1.0956,1.1385,0.9085
36.7332,9,9,30.1442,66.8773,completed,3675.22,73763.74,-2.1308,1.49,0.0000,0.0958,0.1045,0.1337,0.4688,0.2726,0.8058,0.8162,0.5481,
59.9311,5,5,18.8727,78.8038,completed,3675.22,73763.74,-2.1308,1.49,0.0000,0.1312,1.2515,1.2810,1.2389,,,,,
42.5723,8,8,25.8653,68.4373,completed,3675.00,73763.39,-2.0859,1.50,0.0000,0.0969,0.1055,0.2011,0.4895,0.7607,0.9754,0.7885,,
38.5426,9,9,28.6458,67.1878,completed,3675.00,73763.39,-2.0859,1.50,0.0000,0.1180,0.1765,0.2967,0.6611,0.3804,0.4947,0.9686,0.9369,
24.5226,10,3,9.3812,33.9032,converged,3674.83,73763.06,-2.0451,1.52,0.0000,0.0754,0.0978,,,,,,,
34.3526,9,9,29.1566,63.5086,completed,3674.83,73763.06,-2.0451,1.52,0.0000,0.1048,0.1229,0.2282,0.5819,0.6441,0.6062,0.8045,0.7379,
30.9935,10,3,9.2779,40.2710,converged,3674.68,73762.75,-2.0076,1.53,0.0000,0.0863,0.0495,,,,,,,
29.9217,10,10,33.9614,63.8825,completed,3674.68,73762.75,-2.0076,1.53,0.0000,0.1285,0.1160,0.1045,0.4240,1.3671,0.5104,0.7867,0.6555,0.5104
34.9909,9,9,34.5732,69.5632,completed,3674.55,73762.47,-1.9715,1.55,0.0000,0.1064,0.1867,0.7788,1.2586,0.9948,0.4429,0.4843,0.4635,
28.8946,10,10,35.7632,64.6572,completed,3674.55,73762.47,-1.9715,1.55,0.0000,0.1127,0.2026,0.3223,0.6501,0.6612,0.7718,0.8024,0.6886,0.5013
33.8828,10,10,35.7907,69.6728,completed,3674.41,73762.11,-1.9263,1.55,0.0000,0.0625,0.2658,0.8897,1.4444,1.0849,0.1912,0.4071,0.3650,0.4055
28.5875,10,3,9.2697,37.8568,converged,3674.41,73762.11,-1.9263,1.55,0.0000,0.1255,0.0924,,,,,,,
49.6910,7,7,26.8462,76.5363,completed,3674.29,73761.78,-1.8875,1.54,0.0000,0.1290,0.8829,2.3209,0.5369,0.7800,0.6227,,,
32.5525,10,10,34.4451,66.9972,completed,3674.29,73761.78,-1.8875,1.54,0.0000,0.1071,0.2856,0.7450,1.9189,0.6857,1.7018,1.2783,1.0314,0.6554
59.8562,5,5,17.4244,77.2804,completed,3674.18,73761.41,-1.8410,1.56,0.0000,0.2064,0.6271,0.5409,0.8342,,,,,
53.9107,6,6,20.4561,74.3661,completed,3674.18,73761.41,-1.8410,1.56,0.0000,0.0848,0.4912,0.8787,0.5671,0.9315,,,,
22.4906,10,10,31.8470,54.3370,completed,3674.08,73760.99,-1.7843,1.59,0.0000,0.1359,0.2302,0.4624,1.7626,0.6644,0.8311,0.8969,1.0494,0.9033
30.5422,10,10,32.0185,62.5605,completed,3674.08,73760.99,-1.7843,1.59,0.0000,0.0794,0.1652,0.3541,0.5460,0.7721,0.4561,0.5664,0.6437,0.7015
28.2045,10,3,8.9702,37.1742,converged,3674.00,73760.60,-1.7293,1.60,0.0000,0.0366,0.0760,,,,,,,
55.5423,6,6,20.6446,76.1866,completed,3674.00,73760.60,-1.7293,1.60,0.0000,0.2331,0.6443,0.2899,1.3538,1.3524,,,,
20.6594,10,10,32.4362,53.0952,completed,3673.95,73760.24,-1.6807,1.63,0.0000,0.0695,0.1988,0.3614,0.2826,0.2901,0.1638,0.3046,0.6009,0.7107
45.9442,8,8,25.7874,71.7314,completed,3673.95,73760.24,-1.6807,1.63,0.0000,0.1680,0.3535,0.5507,0.8479,0.8732,0.8426,0.9624,,
32.2640,10,10,31.3424,63.6054,completed,3673.92,73759.83,-1.6240,1.64,0.0000,0.0561,0.1438,0.3264,0.3016,0.1931,0.5359,0.5453,0.6184,0.5324
55.1076,6,6,21.3763,76.4833,completed,3673.92,73759.83,-1.6240,1.64,0.0000,0.2404,0.3074,0.6782,1.2240,1.1485,,,,
43.3152,8,8,29.7501,73.0651,completed,3673.91,73759.41,-1.5653,1.67,0.0000,0.0886,0.3876,0.8543,0.3693,0.2691,0.5970,0.8388,,
46.2972,7,7,23.9353,70.2324,completed,3673.91,73759.41,-1.5653,1.67,0.0000,0.1358,0.2372,0.2531,0.6991,1.0017,0.9182,,,
40.6515,8,8,26.4635,67.1145,completed,3673.93,73758.99,-1.5004,1.69,0.0000,0.0938,0.2152,0.7237,0.3373,0.4203,0.6574,0.8824,,
59.3367,5,5,17.5787,76.9147,completed,3673.93,73758.99,-1.5004,1.69,0.0000,0.2484,0.3802,1.5999,1.4126,,,,,
33.8922,10,3,9.0268,42.9189,converged,3673.97,73758.57,-1.4292,1.74,0.0000,0.0314,0.0925,,,,,,,
25.8212,10,3,8.8553,34.6763,converged,3673.97,73758.57,-1.4292,1.74,0.0000,0.0512,0.0975,,,,,,,
36.4442,9,3,9.1586,45.6026,converged,3674.02,73758.26,-1.3782,1.78,0.0000,0.0372,0.0766,,,,,,,
54.1138,6,6,21.1168,75.2299,completed,3674.02,73758.26,-1.3782,1.78,0.0000,0.0843,0.2867,0.1727,0.5579,1.2048,,,,
57.0219,6,6,20.4639,77.4849,completed,3674.13,73757.82,-1.3056,1.83,0.0000,0.0751,0.3567,0.3730,0.6107,1.3921,,,,
33.0009,10,3,9.5981,42.5981,converged,3674.13,73757.82,-1.3056,1.83,0.0000,0.0414,0.0594,,,,,,,
58.6300,5,5,17.5142,76.1432,completed,3674.25,73757.43,-1.2429,1.85,0.0000,0.0711,0.2462,0.3413,1.4557,,,,,
25.4508,10,3,9.3198,34.7698,converged,3674.25,73757.43,-1.2429,1.85,0.0000,0.0425,0.0645,,,,,,,
33.5975,10,3,10.8219,44.4190,converged,3674.39,73757.03,-1.1795,1.89,0.0000,0.0224,0.0540,,,,,,,
43.2793,8,8,25.5872,68.8663,completed,3674.39,73757.03,-1.1795,1.89,0.0000,0.0815,0.1648,0.2166,0.2704,0.7760,1.4733,1.3375,,
41.2123,8,3,10.6818,51.8938,converged,3674.57,73756.65,-1.1099,1.90,0.0000,0.0354,0.0349,,,,,,,
25.2057,10,3,10.7631,35.9681,converged,3674.57,73756.65,-1.1099,1.90,0.0000,0.0442,0.0862,,,,,,,
34.6651,9,3,9.4209,44.0860,converged,3674.75,73756.31,-1.0456,1.90,0.0000,0.0314,0.0726,,,,,,,
49.5179,7,4,12.2421,61.7592,converged,3674.75,73756.31,-1.0456,1.90,0.0000,0.0888,0.2060,0.0934,,,,,,
55.2120,6,6,26.6784,81.8905,completed,3674.95,73755.99,-0.9832,1.91,0.0000,0.0552,0.1196,0.6253,1.0164,2.2019,,,,
54.0216,6,6,21.5608,75.5819,completed,3674.95,73755.99,-0.9832,1.91,0.0000,0.0867,0.1911,0.3303,1.0689,2.2058,,,,
34.7461,9,4,13.0344,47.7804,converged,3675.26,73755.57,-0.8974,1.89,0.0000,0.0497,0.1155,0.0452,,,,,,
33.0678,10,3,9.4665,42.5335,converged,3675.26,73755.57,-0.8974,1.89,0.0000,0.0351,0.0967,,,,,,,
32.6200,10,3,10.3699,42.9900,converged,3675.50,73755.28,-0.8372,1.90,0.0000,0.0237,0.0920,,,,,,,
56.5011,6,3,9.9139,66.4150,converged,3675.50,73755.28,-0.8372,1.90,0.0000,0.0314,0.0619,,,,,,,
25.3833,10,3,9.2590,34.6420,converged,3675.81,73754.97,-0.7680,1.94,0.0000,0.0098,0.0558,,,,,,,
48.9407,7,7,24.4613,73.4014,completed,3675.81,73754.97,-0.7680,1.94,0.0000,0.0494,0.1212,0.2278,0.1840,1.6913,2.5323,,,
52.6139,6,6,23.3522,75.9652,completed,3676.13,73754.67,-0.6982,1.92,0.0000,0.0384,0.2619,0.1560,1.8847,3.1567,,,,
59.0711,5,5,19.1193,78.1903,completed,3676.13,73754.67,-0.6982,1.92,0.0000,0.0736,0.2638,0.9456,2.1960,,,,,
46.6145,7,7,24.8907,71.5048,completed,3676.54,73754.36,-0.6166,1.86,0.0000,0.0607,0.1930,0.1876,1.0473,1.5730,2.9031,,,
37.9554,9,9,33.3892,71.3442,completed,3676.54,73754.36,-0.6166,1.86,0.0000,0.0635,0.1406,0.1116,0.2295,0.2356,1.3285,2.5598,2.7735,
51.3651,7,7,27.4621,78.8271,completed,3676.93,73754.10,-0.5437,1.83,0.0000,0.0549,0.2203,0.1273,0.2872,2.8279,3.6573,,,
34.1973,9,3,9.1753,43.3723,converged,3676.93,73754.10,-0.5437,1.83,0.0000,0.0159,0.0916,,,,,,,
49.1674,7,7,26.4217,75.5888,completed,3677.29,73753.90,-0.4772,1.84,0.0000,0.0851,0.2905,0.2353,0.3272,2.8956,4.0696,,,
45.0568,8,4,12.7349,57.7910,converged,3677.29,73753.90,-0.4772,1.84,0.0000,0.0228,0.1088,0.0546,,,,,,
22.5964,10,3,10.0983,32.6944,converged,3677.71,73753.70,-0.4025,1.88,0.0000,0.0145,0.0284,,,,,,,
21.7613,10,3,9.3542,31.1153,converged,3677.71,73753.70,-0.4025,1.88,0.0000,0.0332,0.0917,,,,,,,
45.8947,8,8,27.2243,73.1183,completed,3678.01,73753.58,-0.3488,1.91,0.0000,0.0498,0.1352,0.2332,0.4399,1.4995,3.5654,4.0847,,
40.7024,8,3,9.3309,50.0329,converged,3678.01,73753.58,-0.3488,1.91,0.0000,0.0221,0.0596,,,,,,,
28.2862,10,3,9.4213,37.7073,converged,3678.43,73753.45,-0.2765,1.95,0.0000,0.0378,0.0637,,,,,,,
26.7805,10,3,9.6394,36.4194,converged,3678.43,73753.45,-0.2765,1.95,0.0000,0.0411,0.0654,,,,,,,
55.8805,6,6,21.0351,76.9152,completed,3678.81,73753.35,-0.2114,1.98,0.0000,0.1053,0.3784,0.5189,2.3496,5.4827,,,,
32.1955,10,3,9.4017,41.5968,converged,3678.81,73753.35,-0.2114,1.98,0.0000,0.0547,0.0531,,,,,,,
21.0023,10,3,10.0936,31.0956,converged,3679.25,73753.28,-0.1398,1.99,0.0000,0.0766,0.0943,,,,,,,
24.0259,10,4,17.5040,41.5291,converged,3679.25,73753.28,-0.1398,1.99,0.0000,0.0755,0.1083,0.0808,,,,,,
45.3024,8,3,9.1588,54.4608,converged,3679.59,73753.24,-0.0871,1.98,0.0000,0.0328,0.0194,,,,,,,
41.1541,8,8,28.6585,69.8126,completed,3679.59,73753.24,-0.0871,1.98,0.0000,0.0431,0.1528,1.2562,1.0871,1.0635,3.7826,5.0095,,
37.6671,9,3,10.0368,47.7039,converged,3680.09,73753.21,-0.0162,1.96,0.0000,0.0333,0.0667,,,,,,,
40.5094,8,3,8.9844,49.4934,converged,3680.09,73753.21,-0.0162,1.96,0.0000,0.0384,0.0905,,,,,,,
35.2715,9,3,9.3353,44.6063,converged,3680.47,73753.22,0.0358,1.92,0.0000,0.0212,0.0121,,,,,,,
56.6875,6,3,10.1994,66.8864,converged,3680.47,73753.22,0.0358,1.92,0.0000,0.0388,0.0655,,,,,,,
33.3177,10,3,9.9871,43.3042,converged,3680.90,73753.24,0.0881,1.90,0.0000,0.0176,0.0476,,,,,,,
53.3930,6,6,23.1854,76.5775,completed,3680.90,73753.24,0.0881,1.90,0.0000,0.0587,0.1076,0.4565,2.2045,5.8926,,,,
45.6323,8,3,12.8013,58.4333,converged,3681.32,73753.29,0.1333,1.86,0.0000,0.0230,0.0238,,,,,,,
47.7970,7,3,14.0188,61.8158,converged,3681.32,73753.29,0.1333,1.86,0.0000,0.0669,0.0942,,,,,,,
30.4966,10,3,10.4289,40.9249,converged,3681.77,73753.36,0.1777,1.76,0.0000,0.0173,0.0193,,,,,,,
34.3066,9,3,10.9058,45.2118,converged,3681.77,73753.36,0.1777,1.76,0.0000,0.0476,0.0622,,,,,,,
57.5248,6,3,9.6142,67.1383,converged,3682.11,73753.43,0.2074,1.64,0.0000,0.0424,0.0919,,,,,,,
50.8873,7,3,9.2864,60.1734,converged,3682.11,73753.43,0.2074,1.64,0.0000,0.0691,0.0552,,,,,,,
43.2949,8,3,12.1727,55.4667,converged,3682.49,73753.51,0.2371,1.47,0.0000,0.0215,0.0581,,,,,,,
53.6156,6,3,11.5654,65.1805,converged,3682.49,73753.51,0.2371,1.47,0.0000,0.0763,0.0176,,,,,,,
43.8294,8,3,10.2689,54.0979,converged,3682.82,73753.60,0.2610,1.34,0.0000,0.0532,0.0208,,,,,,,
57.2085,6,3,9.5338,66.7418,converged,3682.82,73753.60,0.2610,1.34,0.0000,0.0774,0.0445,,,,,,,
32.9201,10,3,9.5515,42.4715,converged,3683.11,73753.68,0.2795,1.29,0.0000,0.0609,0.0568,,,,,,,
43.0853,8,3,9.3272,52.4123,converged,3683.11,73753.68,0.2795,1.29,0.0000,0.0674,0.0205,,,,,,,
34.7531,9,3,9.0365,43.7896,converged,3683.38,73753.76,0.2947,1.26,0.0000,0.0389,0.0119,,,,,,,
56.4241,6,3,9.3107,65.7347,converged,3683.38,73753.76,0.2947,1.26,0.0000,0.0649,0.0407,,,,,,,
37.4018,9,3,9.2466,46.6476,converged,3683.65,73753.84,0.3064,1.24,0.0000,0.0563,0.0165,,,,,,,
20.6620,10,3,10.2328,30.8948,converged,3683.65,73753.84,0.3064,1.24,0.0000,0.0703,0.0185,,,,,,,
41.4707,8,3,9.9014,51.3714,converged,3683.86,73753.91,0.3143,1.23,0.0000,0.0710,0.0258,,,,,,,
34.6952,9,3,10.4665,45.1616,converged,3683.86,73753.91,0.3143,1.23,0.0000,0.0769,0.0190,,,,,,,
34.3202,9,3,9.4953,43.8153,converged,3684.12,73753.99,0.3233,1.23,0.0000,0.0338,0.0188,,,,,,,
28.9174,10,3,9.3187,38.2358,converged,3684.12,73753.99,0.3233,1.23,0.0000,0.0421,0.0389,,,,,,,
42.4541,8,3,9.0838,51.5378,converged,3684.35,73754.07,0.3311,1.23,0.0000,0.0309,0.0968,,,,,,,
31.2661,10,3,9.0299,40.2960,converged,3684.35,73754.07,0.3311,1.23,0.0000,0.0366,0.0572,,,,,,,
49.1000,7,4,12.5778,61.6778,converged,3684.59,73754.15,0.3382,1.25,0.0000,0.0439,0.1027,0.0547,,,,,,
52.2345,6,6,20.7747,73.0088,completed,3684.59,73754.15,0.3382,1.25,0.0000,0.0327,0.1136,0.6987,1.8543,5.7195,,,,
37.3112,9,3,9.3626,46.6737,converged,3684.88,73754.26,0.3469,1.27,0.0000,0.0206,0.0480,,,,,,,
44.6977,8,8,33.7686,78.4656,completed,3684.88,73754.26,0.3469,1.27,0.0000,0.0436,0.1613,0.2781,0.2055,1.1692,4.3679,6.0089,,
41.4357,8,3,8.8956,50.3307,converged,3685.18,73754.37,0.3560,1.30,0.0000,0.0176,0.0791,,,,,,,
21.8942,10,3,9.1164,31.0104,converged,3685.18,73754.37,0.3560,1.30,0.0000,0.0095,0.0300,,,,,,,
31.1263,10,3,14.6392,45.7652,converged,3685.43,73754.46,0.3636,1.32,0.0000,0.0211,0.0829,,,,,,,
48.5284,7,7,24.1533,72.6813,completed,3685.43,73754.46,0.3636,1.32,0.0000,0.0466,0.1609,0.1691,0.5494,3.2818,5.8933,,,
36.9335,9,3,9.8890,46.8220,converged,3685.74,73754.58,0.3746,1.37,0.0000,0.0267,0.0891,,,,,,,
38.9469,9,3,9.2334,48.1795,converged,3685.74,73754.58,0.3746,1.37,0.0000,0.0194,0.0446,,,,,,,
44.5451,8,8,36.2710,80.8160,completed,3686.00,73754.69,0.3823,1.40,0.0000,0.0570,0.1560,0.1963,0.4892,0.6246,4.3171,5.9433,,
59.7753,5,5,17.9369,77.7119,completed,3686.00,73754.69,0.3823,1.40,0.0000,0.1102,0.1052,0.6888,4.7028,,,,,
48.9492,7,3,9.2744,58.2234,converged,3686.40,73754.85,0.3941,1.45,0.0000,0.0324,0.0955,,,,,,,
49.2524,7,7,23.3228,72.5749,completed,3686.40,73754.85,0.3941,1.45,0.0000,0.0277,0.1567,0.2003,0.5146,5.3303,6.9870,,,
28.4074,10,3,9.2003,37.6073,converged,3686.74,73754.99,0.4041,1.49,0.0000,0.0197,0.0739,,,,,,,
47.0241,7,7,23.7428,70.7668,completed,3686.74,73754.99,0.4041,1.49,0.0000,0.0696,0.1755,0.1095,0.1385,2.8331,5.8316,,,
56.0884,6,4,13.1357,69.2237,converged,3687.05,73755.13,0.4138,1.53,0.0000,0.0609,0.1722,0.0838,,,,,,
48.2875,7,7,24.1294,72.4165,completed,3687.05,73755.13,0.4138,1.53,0.0000,0.0527,0.1427,0.1056,0.1141,3.0261,5.9236,,,
48.9685,7,3,9.1181,58.0861,converged,3687.41,73755.28,0.4230,1.60,0.0000,0.0323,0.0939,,,,,,,
48.1613,7,7,23.4110,71.5721,completed,3687.41,73755.28,0.4230,1.60,0.0000,0.0568,0.1639,0.1169,0.2069,2.3837,5.7949,,,
38.0924,9,3,8.6662,46.7582,converged,3687.74,73755.44,0.4299,1.65,0.0000,0.0163,0.0541,,,,,,,
57.7400,6,6,20.8371,78.5762,completed,3687.93,73755.52,0.4342,1.67,0.0000,0.0473,0.1061,0.2036,1.5661,6.0946,,,,
41.9210,8,3,10.8664,52.7865,converged,3687.93,73755.52,0.4342,1.67,0.0000,0.0453,0.0951,,,,,,,
38.5260,9,3,8.8611,47.3871,converged,3688.31,73755.70,0.4411,1.72,0.0000,0.0200,0.0509,,,,,,,
48.3004,7,3,9.1933,57.4934,converged,3688.31,73755.70,0.4411,1.72,0.0000,0.0232,0.0642,,,,,,,
45.6214,8,3,9.0238,54.6448,converged,3688.66,73755.87,0.4460,1.76,0.0000,0.0198,0.0609,,,,,,,
55.9682,6,6,20.9761,76.9441,completed,3688.66,73755.87,0.4460,1.76,0.0000,0.0354,0.2029,0.1789,1.4911,6.0884,,,,
29.2866,10,3,8.9588,38.2449,converged,3689.06,73756.06,0.4511,1.80,0.0000,0.0170,0.0490,,,,,,,
23.8259,10,3,8.8455,32.6705,converged,3689.06,73756.06,0.4511,1.80,0.0000,0.0093,0.0346,,,,,,,
26.5877,10,3,11.5429,38.1299,converged,3689.35,73756.20,0.4561,1.83,0.0000,0.0151,0.0582,,,,,,,
28.4584,10,3,12.1817,40.6397,converged,3689.35,73756.20,0.4561,1.83,0.0000,0.0085,0.0193,,,,,,,
53.9023,6,6,21.4179,75.3199,completed,3689.68,73756.37,0.4621,1.86,0.0000,0.0415,0.1165,0.1232,1.5323,6.2091,,,,
56.1697,6,6,20.4366,76.6056,completed,3689.68,73756.37,0.4621,1.86,0.0000,0.0300,0.1185,0.1380,1.4614,6.0470,,,,
45.0861,8,3,9.5221,54.6081,converged,3690.14,73756.60,0.4658,1.89,0.0000,0.0220,0.0613,,,,,,,
22.4762,10,3,9.0556,31.5317,converged,3690.14,73756.60,0.4658,1.89,0.0000,0.0111,0.0507,,,,,,,
44.0296,8,3,9.2615,53.2905,converged,3690.48,73756.77,0.4674,1.92,0.0000,0.0170,0.0439,,,,,,,
56.3844,6,6,21.0936,77.4777,completed,3690.48,73756.77,0.4674,1.92,0.0000,0.0218,0.1166,0.5302,2.0649,6.8879,,,,
50.9808,7,3,8.9915,59.9715,converged,3690.92,73756.99,0.4729,1.98,0.0000,0.0091,0.0789,,,,,,,
46.9366,7,3,9.2378,56.1739,converged,3690.92,73756.99,0.4729,1.98,0.0000,0.0101,0.0318,,,,,,,
51.7163,7,3,9.2120,60.9280,converged,3691.36,73757.22,0.4789,2.04,0.0000,0.0128,0.0794,,,,,,,
57.1553,6,3,9.2032,66.3582,converged,3691.36,73757.22,0.4789,2.04,0.0000,0.0159,0.0793,,,,,,,
36.7284,9,3,9.1711,45.8992,converged,3691.77,73757.43,0.4838,2.07,0.0000,0.0385,0.0223,,,,,,,
48.1003,7,3,9.2618,57.3618,converged,3691.77,73757.43,0.4838,2.07,0.0000,0.0796,0.0503,,,,,,,
22.3132,10,3,9.7557,32.0687,converged,3692.19,73757.65,0.4874,2.11,0.0000,0.0382,0.0300,,,,,,,
36.3975,9,3,9.2749,45.6720,converged,3692.19,73757.65,0.4874,2.11,0.0000,0.0057,0.0492,,,,,,,
39.5219,9,3,9.8450,49.3661,converged,3692.52,73757.83,0.4916,2.16,0.0000,0.0164,0.0181,,,,,,,
56.9030,6,6,21.1976,78.1006,completed,3692.52,73757.83,0.4916,2.16,0.0000,0.0145,0.1067,0.5658,3.8564,7.2872,,,,
48.3054,7,3,9.1529,57.4579,converged,3693.00,73758.09,0.4968,2.23,0.0000,0.0399,0.0725,,,,,,,
41.9914,8,3,9.9948,51.9858,converged,3693.00,73758.09,0.4968,2.23,0.0000,0.0157,0.0578,,,,,,,
51.2795,7,3,9.5316,60.8106,converged,3693.45,73758.33,0.4968,2.29,0.0000,0.0096,0.0526,,,,,,,
48.0300,7,3,9.5151,57.5452,converged,3693.45,73758.33,0.4968,2.29,0.0000,0.0100,0.0522,,,,,,,
23.9573,10,3,9.0476,33.0046,converged,3693.91,73758.58,0.4952,2.34,0.0000,0.0059,0.0089,,,,,,,
55.0549,6,6,21.1733,76.2273,completed,3693.91,73758.58,0.4952,2.34,0.0000,0.0330,0.1249,0.4170,2.0397,6.2102,,,,
45.4569,8,3,9.7421,55.1981,converged,3694.37,73758.83,0.4959,2.37,0.0000,0.0143,0.0264,,,,,,,
24.7666,10,3,10.5405,35.3066,converged,3694.37,73758.83,0.4959,2.37,0.0000,0.0077,0.0077,,,,,,,
50.6655,7,3,13.6175,64.2825,converged,3694.79,73759.06,0.4970,2.39,0.0000,0.0298,0.0189,,,,,,,
36.6964,9,3,10.3667,47.0627,converged,3694.79,73759.06,0.4970,2.39,0.0000,0.0263,0.0386,,,,,,,
48.5327,7,3,13.7553,62.2874,converged,3695.26,73759.31,0.4966,2.39,0.0000,0.0424,0.0231,,,,,,,
33.7237,10,3,9.1548,42.8778,converged,3695.26,73759.31,0.4966,2.39,0.0000,0.0156,0.0288,,,,,,,
42.4262,8,3,9.5295,51.9556,converged,3695.79,73759.60,0.4953,2.39,0.0000,0.0174,0.0074,,,,,,,
53.3497,6,6,22.1634,75.5125,completed,3695.79,73759.60,0.4953,2.39,0.0000,0.0356,0.1170,0.3414,1.6220,6.0312,,,,
28.2544,10,3,9.6584,37.9124,converged,3696.26,73759.85,0.4942,2.38,0.0000,0.0130,0.0160,,,,,,,
57.6481,6,3,12.2324,69.8804,converged,3696.26,73759.85,0.4942,2.38,0.0000,0.0118,0.0757,,,,,,,
45.2477,8,3,13.6375,58.8846,converged,3696.73,73760.11,0.4938,2.37,0.0000,0.0201,0.0486,,,,,,,
20.3982,10,3,8.8393,29.2374,converged,3696.73,73760.11,0.4938,2.37,0.0000,0.0048,0.0184,,,,,,,
59.5955,5,5,26.4732,86.0682,completed,3697.15,73760.33,0.4945,2.37,0.0000,0.0135,0.1193,1.3868,6.6044,,,,,
40.3619,8,3,9.9124,50.2734,converged,3697.15,73760.33,0.4945,2.37,0.0000,0.0074,0.0239,,,,,,,
46.7557,7,3,9.4037,56.1587,converged,3697.72,73760.64,0.4901,2.36,0.0000,0.0210,0.0228,,,,,,,
24.1062,10,3,9.7094,33.8154,converged,3697.72,73760.64,0.4901,2.36,0.0000,0.0071,0.0159,,,,,,,
29.4729,10,3,9.4934,38.9654,converged,3698.14,73760.86,0.4860,2.33,0.0000,0.0079,0.0078,,,,,,,
21.2193,10,3,9.2883,30.5073,converged,3698.14,73760.86,0.4860,2.33,0.0000,0.0060,0.0111,,,,,,,
47.0647,7,3,13.9308,60.9948,converged,3698.50,73761.05,0.4835,2.32,0.0000,0.0180,0.0103,,,,,,,
21.8609,10,3,10.3026,32.1627,converged,3698.50,73761.05,0.4835,2.32,0.0000,0.0098,0.0269,,,,,,,
57.9061,6,3,9.4767,67.3828,converged,3698.96,73761.29,0.4818,2.34,0.0000,0.0239,0.0153,,,,,,,
29.5199,10,3,9.6186,39.1376,converged,3698.96,73761.29,0.4818,2.34,0.0000,0.0057,0.0074,,,,,,,
51.0344,7,3,9.1959,60.2299,converged,3699.38,73761.51,0.4788,2.36,0.0000,0.0097,0.0180,,,,,,,
48.2100,7,3,8.8516,57.0606,converged,3699.38,73761.51,0.4788,2.36,0.0000,0.0182,0.0552,,,,,,,
37.2576,9,3,8.9579,46.2150,converged,3699.91,73761.78,0.4717,2.37,0.0000,0.0170,0.0343,,,,,,,
36.4359,9,3,10.0591,46.4941,converged,3699.91,73761.78,0.4717,2.37,0.0000,0.0133,0.0228,,,,,,,
47.8672,7,3,9.7404,57.6074,converged,3700.33,73762.00,0.4670,2.38,0.0000,0.0367,0.0128,,,,,,,
29.6169,10,3,9.1343,38.7503,converged,3700.33,73762.00,0.4670,2.38,0.0000,0.0268,0.0362,,,,,,,
39.4819,9,3,9.3754,48.8564,converged,3700.76,73762.21,0.4633,2.39,0.0000,0.0121,0.0099,,,,,,,
28.0873,10,3,9.0766,37.1636,converged,3700.76,73762.21,0.4633,2.39,0.0000,0.0116,0.0222,,,,,,,
44.4636,8,3,9.1105,53.5736,converged,3701.18,73762.42,0.4623,2.40,0.0000,0.0199,0.0197,,,,,,,
22.4268,10,3,8.9361,31.3622,converged,3701.18,73762.42,0.4623,2.40,0.0000,0.0266,0.0458,,,,,,,
24.9221,10,3,8.9153,33.8373,converged,3701.62,73762.64,0.4626,2.41,0.0000,0.0270,0.0346,,,,,,,
39.3194,9,3,9.3445,48.6635,converged,3701.83,73762.75,0.4632,2.41,0.0000,0.0443,0.0630,,,,,,,
59.6544,5,3,9.2979,68.9519,converged,3701.83,73762.75,0.4632,2.41,0.0000,0.0551,0.0173,,,,,,,
57.9670,6,3,14.7405,72.7066,converged,3702.37,73763.02,0.4672,2.42,0.0000,0.0506,0.0442,,,,,,,
56.4515,6,3,10.7799,67.2310,converged,3702.37,73763.02,0.4672,2.42,0.0000,0.0325,0.0171,,,,,,,
34.1691,9,3,9.4713,43.6404,converged,3702.97,73763.32,0.4716,2.45,0.0000,0.0086,0.0109,,,,,,,
44.9473,8,3,13.9590,58.9060,converged,3702.97,73763.32,0.4716,2.45,0.0000,0.0092,0.0205,,,,,,,
54.7383,6,3,9.2495,63.9875,converged,3703.46,73763.57,0.4720,2.49,0.0000,0.0144,0.0479,,,,,,,
59.3128,5,3,9.5790,68.8911,converged,3703.46,73763.57,0.4720,2.49,0.0000,0.0165,0.0558,,,,,,,
42.4901,8,3,9.1330,51.6230,converged,3704.02,73763.86,0.4766,2.54,0.0000,0.0153,0.0194,,,,,,,
56.0071,6,3,13.6774,69.6845,converged,3704.02,73763.86,0.4766,2.54,0.0000,0.0141,0.0215,,,,,,,
46.5030,7,3,9.2030,55.7060,converged,3704.53,73764.13,0.4801,2.58,0.0000,0.0254,0.0274,,,,,,,
35.2528,9,3,10.6855,45.9376,converged,3704.53,73764.13,0.4801,2.58,0.0000,0.0249,0.0288,,,,,,,
37.8858,9,3,9.9226,47.8076,converged,3705.05,73764.40,0.4811,2.61,0.0000,0.0299,0.0265,,,,,,,
42.1718,8,3,9.2920,51.4630,converged,3705.05,73764.40,0.4811,2.61,0.0000,0.0273,0.0457,,,,,,,
58.8989,5,3,9.1987,68.0968,converged,3705.51,73764.64,0.4817,2.61,0.0000,0.0865,0.0562,,,,,,,
57.8328,6,3,9.4896,67.3216,converged,3705.51,73764.64,0.4817,2.61,0.0000,0.0334,0.0455,,,,,,,
33.6215,10,3,9.1578,42.7788,converged,3706.09,73764.94,0.4788,2.60,0.0000,0.0140,0.0192,,,,,,,
34.5238,9,3,8.8567,43.3797,converged,3706.09,73764.94,0.4788,2.60,0.0000,0.0152,0.0227,,,,,,,
55.2239,6,3,10.5718,65.7948,converged,3706.55,73765.18,0.4740,2.57,0.0000,0.0385,0.0472,,,,,,,
48.2746,7,3,8.8896,57.1636,converged,3706.55,73765.18,0.4740,2.57,0.0000,0.0201,0.0235,,,,,,,
37.8521,9,3,9.2625,47.1145,converged,3707.07,73765.44,0.4704,2.55,0.0000,0.0055,0.0093,,,,,,,
55.5213,6,3,10.0063,65.5274,converged,3707.07,73765.44,0.4704,2.55,0.0000,0.0280,0.0730,,,,,,,
52.2936,6,3,9.3403,61.6333,converged,3707.58,73765.70,0.4691,2.53,0.0000,0.0330,0.0549,,,,,,,
59.1060,5,3,9.4633,68.5683,converged,3707.58,73765.70,0.4691,2.53,0.0000,0.0308,0.0705,,,,,,,
43.0484,8,3,9.2451,52.2932,converged,3708.14,73765.98,0.4664,2.53,0.0000,0.0479,0.0575,,,,,,,
43.8549,8,3,9.3773,53.2314,converged,3708.14,73765.98,0.4664,2.53,0.0000,0.0541,0.0698,,,,,,,
38.9958,9,3,9.4333,48.4284,converged,3708.59,73766.21,0.4660,2.53,0.0000,0.0082,0.0086,,,,,,,
38.9502,9,3,10.0475,48.9975,converged,3708.59,73766.21,0.4660,2.53,0.0000,0.0127,0.0176,,,,,,,
51.4856,7,3,13.7760,65.2610,converged,3709.10,73766.47,0.4652,2.53,0.0000,0.0070,0.0274,,,,,,,
23.9914,10,3,9.0789,33.0699,converged,3709.10,73766.47,0.4652,2.53,0.0000,0.0186,0.0178,,,,,,,
21.9485,10,3,9.1923,31.1403,converged,3709.55,73766.69,0.4652,2.53,0.0000,0.0244,0.0320,,,,,,,
27.7598,10,3,9.1483,36.9073,converged,3709.55,73766.69,0.4652,2.53,0.0000,0.0298,0.0495,,,,,,,
45.5477,8,3,9.1549,54.7019,converged,3710.01,73766.92,0.4640,2.54,0.0000,0.0100,0.0211,,,,,,,
30.3702,10,3,9.6101,39.9802,converged,3710.01,73766.92,0.4640,2.54,0.0000,0.0199,0.0294,,,,,,,
48.7432,7,7,34.2624,83.0055,completed,3710.46,73767.15,0.4635,2.54,0.0000,0.0489,0.1302,0.2932,1.5428,4.6479,6.7395,,,
36.6394,9,4,12.1755,48.8145,converged,3710.46,73767.15,0.4635,2.54,0.0000,0.0535,0.1281,0.0632,,,,,,
29.6781,10,3,9.1560,38.8340,converged,3711.03,73767.43,0.4631,2.55,0.0000,0.0340,0.0236,,,,,,,
31.9749,10,3,9.0116,40.9856,converged,3711.03,73767.43,0.4631,2.55,0.0000,0.0396,0.0462,,,,,,,
55.0016,6,3,8.8197,63.8207,converged,3711.49,73767.66,0.4641,2.56,0.0000,0.0575,0.0365,,,,,,,
42.0282,8,3,9.3332,51.3612,converged,3711.49,73767.66,0.4641,2.56,0.0000,0.0432,0.0908,,,,,,,
29.3559,10,3,9.0134,38.3684,converged,3712.06,73767.95,0.4710,2.58,0.0000,0.0408,0.0527,,,,,,,
38.6973,9,3,8.9751,47.6722,converged,3712.23,73768.04,0.4740,2.58,0.0000,0.0410,0.0318,,,,,,,
31.8607,10,3,9.1107,40.9707,converged,3712.23,73768.04,0.4740,2.58,0.0000,0.0267,0.0067,,,,,,,
50.7091,7,3,9.1729,59.8820,converged,3712.75,73768.31,0.4826,2.60,0.0000,0.0508,0.0163,,,,,,,
40.1286,8,3,9.7357,49.8638,converged,3712.75,73768.31,0.4826,2.60,0.0000,0.0395,0.0459,,,,,,,
56.5162,6,3,8.7720,65.2880,converged,3713.27,73768.58,0.4892,2.60,0.0000,0.0207,0.0843,,,,,,,
47.4065,7,3,9.4859,56.8920,converged,3713.27,73768.58,0.4892,2.60,0.0000,0.0675,0.0507,,,,,,,
52.4701,6,3,9.2628,61.7329,converged,3713.84,73768.88,0.4891,2.60,0.0000,0.0404,0.0405,,,,,,,
41.7721,8,8,25.4944,67.2664,completed,3713.84,73768.88,0.4891,2.60,0.0000,0.0913,0.1233,0.4939,3.2586,1.4849,2.5079,4.4834,,
31.1126,10,3,9.0558,40.1679,converged,3714.41,73769.19,0.4860,2.59,0.0000,0.0605,0.0902,,,,,,,
26.6774,10,3,10.1094,36.7864,converged,3714.41,73769.19,0.4860,2.59,0.0000,0.0175,0.0133,,,,,,,
44.3360,8,3,9.3092,53.6452,converged,3714.82,73769.40,0.4843,2.60,0.0000,0.0277,0.0114,,,,,,,
39.5206,9,3,9.3394,48.8595,converged,3714.82,73769.40,0.4843,2.60,0.0000,0.0452,0.0488,,,,,,,
36.1405,9,3,9.2929,45.4330,converged,3715.33,73769.67,0.4831,2.61,0.0000,0.0281,0.0071,,,,,,,
45.0562,8,3,8.8671,53.9231,converged,3715.33,73769.67,0.4831,2.61,0.0000,0.0247,0.0164,,,,,,,
37.5221,9,3,8.9757,46.4977,converged,3715.85,73769.94,0.4807,2.58,0.0000,0.0220,0.0290,,,,,,,
30.6511,10,3,13.6726,44.3236,converged,3715.85,73769.94,0.4807,2.58,0.0000,0.0188,0.0221,,,,,,,
34.9954,9,3,12.3733,47.3684,converged,3716.31,73770.18,0.4756,2.56,0.0000,0.0236,0.0214,,,,,,,
57.1967,6,3,8.7473,65.9433,converged,3716.31,73770.18,0.4756,2.56,0.0000,0.0360,0.0330,,,,,,,
42.0873,8,3,9.4940,51.5811,converged,3716.87,73770.47,0.4730,2.54,0.0000,0.0299,0.0391,,,,,,,
24.2748,10,3,13.9058,38.1798,converged,3716.87,73770.47,0.4730,2.54,0.0000,0.0128,0.0266,,,,,,,
41.1693,8,3,9.1519,50.3209,converged,3717.32,73770.70,0.4727,2.53,0.0000,0.0428,0.0712,,,,,,,
34.0916,9,3,13.0053,47.0963,converged,3717.32,73770.70,0.4727,2.53,0.0000,0.0206,0.0308,,,,,,,
47.9921,7,3,8.7685,56.7606,converged,3717.83,73770.96,0.4718,2.53,0.0000,0.0369,0.0345,,,,,,,
30.1114,10,3,12.6842,42.7952,converged,3717.83,73770.96,0.4718,2.53,0.0000,0.0227,0.0188,,,,,,,
35.4296,9,3,11.9286,47.3577,converged,3718.28,73771.19,0.4729,2.52,0.0000,0.0258,0.0656,,,,,,,
40.2431,8,3,8.6696,48.9126,converged,3718.28,73771.19,0.4729,2.52,0.0000,0.0252,0.0586,,,,,,,
32.4626,10,3,8.8722,41.3342,converged,3718.79,73771.45,0.4733,2.51,0.0000,0.0240,0.0227,,,,,,,
57.9387,6,3,9.1428,67.0809,converged,3718.79,73771.45,0.4733,2.51,0.0000,0.0565,0.0262,,,,,,,
55.4050,6,3,8.8759,64.2800,converged,3719.29,73771.70,0.4741,2.49,0.0000,0.0639,0.0666,,,,,,,
59.1449,5,5,17.9745,77.1185,completed,3719.29,73771.70,0.4741,2.49,0.0000,0.0625,0.4477,0.3700,5.0790,,,,,
37.2168,9,3,8.9629,46.1789,converged,3719.84,73771.99,0.4749,2.48,0.0000,0.0342,0.0299,,,,,,,
35.8568,9,3,9.1124,44.9685,converged,3719.84,73771.99,0.4749,2.48,0.0000,0.0257,0.0144,,,,,,,
47.8662,7,3,9.0134,56.8794,converged,3720.28,73772.21,0.4763,2.47,0.0000,0.0524,0.0203,,,,,,,
39.2443,9,3,9.8117,49.0557,converged,3720.28,73772.21,0.4763,2.47,0.0000,0.0373,0.0278,,,,,,,
50.1093,7,3,9.2917,59.4008,converged,3720.77,73772.47,0.4781,2.46,0.0000,0.0606,0.0277,,,,,,,
46.0911,7,7,23.6545,69.7455,completed,3720.77,73772.47,0.4781,2.46,0.0000,0.0756,0.1806,0.2753,1.7287,3.2776,4.6739,,,
32.4838,10,3,9.1622,41.6452,converged,3721.32,73772.75,0.4797,2.45,0.0000,0.0301,0.0339,,,,,,,
40.3079,8,3,8.7380,49.0450,converged,3721.32,73772.75,0.4797,2.45,0.0000,0.0490,0.0757,,,,,,,
45.1261,8,3,8.9017,54.0277,converged,3721.75,73772.98,0.4794,2.44,0.0000,0.0515,0.0845,,,,,,,
47.7141,7,3,9.1941,56.9081,converged,3721.75,73772.98,0.4794,2.44,0.0000,0.0340,0.0313,,,,,,,
38.3673,9,3,9.2027,47.5697,converged,3722.24,73773.23,0.4801,2.44,0.0000,0.0498,0.0924,,,,,,,
53.4094,6,3,10.2034,63.6125,converged,3722.24,73773.23,0.4801,2.44,0.0000,0.0903,0.0719,,,,,,,
31.1566,10,3,9.4244,40.5804,converged,3722.72,73773.48,0.4795,2.42,0.0000,0.0521,0.0738,,,,,,,
36.9603,9,3,11.3905,48.3505,converged,3722.72,73773.48,0.4795,2.42,0.0000,0.0383,0.0427,,,,,,,
28.0505,10,3,9.9096,37.9596,converged,3723.15,73773.71,0.4768,2.41,0.0000,0.0399,0.0381,,,,,,,
51.3546,7,7,25.4632,76.8173,completed,3723.15,73773.71,0.4768,2.41,0.0000,0.0777,0.1107,0.1978,1.7236,3.2132,4.2331,,,
25.1825,10,3,8.9125,34.0950,converged,3723.63,73773.95,0.4734,2.41,0.0000,0.0353,0.0389,,,,,,,
33.3282,10,3,11.0476,44.3756,converged,3723.63,73773.95,0.4734,2.41,0.0000,0.0695,0.0835,,,,,,,
39.5188,9,3,11.3958,50.9138,converged,3724.01,73774.15,0.4717,2.41,0.0000,0.0469,0.0657,,,,,,,
44.0261,8,3,10.2662,54.2922,converged,3724.01,73774.15,0.4717,2.41,0.0000,0.0403,0.0905,,,,,,,
48.2360,7,7,36.0637,84.2997,completed,3724.55,73774.42,0.4688,2.41,0.0000,0.0564,0.1321,0.8414,1.1198,2.6698,4.1795,,,
38.7740,9,3,10.6495,49.4226,converged,3724.55,73774.42,0.4688,2.41,0.0000,0.0565,0.0613,,,,,,,
31.8804,10,3,9.1513,41.0313,converged,3725.09,73774.69,0.4684,2.41,0.0000,0.0453,0.0678,,,,,,,
26.3186,10,10,32.5519,58.8699,completed,3725.09,73774.69,0.4684,2.41,0.0000,0.0619,0.1517,0.3603,0.4642,1.1256,1.1727,2.0470,2.3684,2.1209
43.4869,8,8,25.9028,69.3889,completed,3725.52,73774.91,0.4705,2.40,0.0000,0.1026,0.3817,0.1795,0.3167,0.7700,2.7146,3.4195,,
48.8302,7,3,9.0152,57.8452,converged,3725.52,73774.91,0.4705,2.40,0.0000,0.0884,0.0360,,,,,,,
58.9477,5,5,18.4883,77.4353,completed,3726.05,73775.18,0.4759,2.38,0.0000,0.1068,0.5998,1.4707,3.5824,,,,,
28.2879,10,3,9.1752,37.4623,converged,3726.05,73775.18,0.4759,2.38,0.0000,0.0421,0.0597,,,,,,,
55.9857,6,6,20.1784,76.1634,completed,3726.52,73775.43,0.4791,2.37,0.0000,0.0655,0.1597,1.6759,0.6673,3.1247,,,,
50.1270,7,7,23.0346,73.1616,completed,3726.52,73775.43,0.4791,2.37,0.0000,0.0561,0.1632,1.3835,1.7211,1.5989,3.5267,,,
30.1920,10,3,9.4954,39.6864,converged,3727.10,73775.73,0.4800,2.38,0.0000,0.0571,0.0622,,,,,,,
24.8295,10,3,8.9715,33.8005,converged,3727.10,73775.73,0.4800,2.38,0.0000,0.0548,0.0569,,,,,,,
56.0065,6,6,20.8512,76.8572,completed,3727.52,73775.95,0.4847,2.40,0.0000,0.0687,0.1506,2.2524,0.6069,3.2652,,,,
47.9316,7,7,23.3382,71.2693,completed,3727.52,73775.95,0.4847,2.40,0.0000,0.1486,0.2899,1.4530,4.3823,1.1532,1.5729,,,
21.5266,10,3,9.0763,30.6024,converged,3728.11,73776.26,0.4928,2.43,0.0000,0.0761,0.0417,,,,,,,
35.0154,9,9,41.5063,76.5213,completed,3728.11,73776.26,0.4928,2.43,0.0000,0.0492,0.1271,0.1634,1.4004,0.5378,0.7732,2.9529,3.3097,
29.2240,10,3,9.2318,38.4548,converged,3728.60,73776.52,0.4963,2.46,0.0000,0.1875,0.0946,,,,,,,
38.2312,9,3,13.8747,52.1057,converged,3728.60,73776.52,0.4963,2.46,0.0000,0.0675,0.0981,,,,,,,
40.6128,8,3,13.7270,54.3390,converged,3729.03,73776.76,0.4987,2.50,0.0000,0.3168,0.0811,,,,,,,
22.6065,10,3,13.3843,35.9903,converged,3729.03,73776.76,0.4987,2.50,0.0000,0.0429,0.0896,,,,,,,
41.6109,8,3,9.4141,51.0241,converged,3729.47,73777.00,0.4968,2.50,0.0000,0.2692,0.0704,,,,,,,
54.9532,6,6,20.0095,74.9626,completed,3729.47,73777.00,0.4968,2.50,0.0000,0.1903,2.0866,3.0071,1.8973,2.3790,,,,
20.0586,10,10,31.6847,51.7428,completed,3730.02,73777.30,0.4876,2.50,0.0000,0.0801,0.1396,0.5957,0.3091,0.5397,1.2123,2.7692,3.3720,2.5404
34.7236,9,9,29.1852,63.9083,completed,3730.02,73777.30,0.4876,2.50,0.0000,0.1394,0.2741,0.7068,1.2191,0.7769,1.2749,2.9988,2.7171,
24.0813,10,10,33.1613,57.2424,completed,3730.58,73777.59,0.4787,2.49,0.0000,0.0679,0.1937,0.4920,0.8536,0.8925,0.9970,1.6868,2.5534,2.4169
32.3076,10,10,32.4880,64.7950,completed,3730.58,73777.59,0.4787,2.49,0.0000,0.0686,0.4730,1.3455,0.4506,1.2585,0.5117,2.3567,2.9023,2.3006
51.7494,7,7,23.7802,75.5292,completed,3731.07,73777.84,0.4755,2.48,0.0000,0.1402,1.1802,0.2390,0.5688,1.0505,2.2819,,,
47.3575,7,7,24.1225,71.4795,completed,3731.07,73777.84,0.4755,2.48,0.0000,0.2330,0.8985,0.3034,0.5537,2.8517,3.2290,,,
41.4996,8,4,12.5219,54.0210,converged,3731.67,73778.15,0.4791,2.43,0.0000,0.0572,0.2748,0.0900,,,,,,
38.8606,9,3,9.4505,48.3105,converged,3731.67,73778.15,0.4791,2.43,0.0000,0.2608,0.0524,,,,,,,
33.6102,10,3,9.4163,43.0264,converged,3732.15,73778.40,0.4864,2.40,0.0000,0.0289,0.0282,,,,,,,
50.6540,7,7,24.4754,75.1285,completed,3732.15,73778.40,0.4864,2.40,0.0000,0.2198,0.2339,1.7194,1.7441,0.2595,1.3521,,,
38.5930,9,9,29.3383,67.9313,completed,3732.63,73778.66,0.4905,2.38,0.0000,0.1766,0.7036,1.4791,1.1612,2.1024,0.4574,1.2002,1.8295,
46.2545,7,7,24.4596,70.7136,completed,3732.63,73778.66,0.4905,2.38,0.0000,0.1988,0.3094,2.7520,1.0187,1.4684,2.0463,,,
40.3114,8,8,26.8500,67.1610,completed,3733.14,73778.93,0.4906,2.26,0.0000,0.2640,0.4197,0.2422,1.2700,0.4302,0.2627,1.2957,,
48.5195,7,7,22.7829,71.3019,completed,3733.14,73778.93,0.4906,2.26,0.0000,0.0871,0.1926,1.4640,0.3881,1.5272,2.7810,,,
54.5229,6,6,21.0252,75.5472,completed,3733.62,73779.19,0.4857,2.07,0.0000,0.2784,0.3849,3.0748,1.1579,0.4675,,,,
58.7901,5,5,18.7286,77.5187,completed,3733.62,73779.19,0.4857,2.07,0.0000,0.5413,0.3779,1.1046,2.7189,,,,,
28.8873,10,10,32.7960,61.6831,completed,3734.09,73779.43,0.4737,1.75,0.0000,0.0732,0.1291,0.1343,0.6149,0.7633,0.1470,0.6617,1.6525,1.7850
51.4418,7,7,23.6362,75.0772,completed,3734.09,73779.43,0.4737,1.75,0.0000,0.1725,0.2182,1.9261,1.8625,1.5800,2.0598,,,
22.4171,10,10,31.5889,54.0060,completed,3734.45,73779.61,0.4534,1.53,0.0000,0.3719,1.2675,3.4007,4.1340,0.9261,0.2607,0.2927,0.4420,0.5496
50.5944,7,7,23.4933,74.0873,completed,3734.45,73779.61,0.4534,1.53,0.0000,0.1532,1.8889,1.5985,1.3454,0.8329,0.9009,,,
58.2933,5,5,17.3727,75.6657,completed,3734.75,73779.75,0.4391,1.42,0.0000,1.1965,3.1402,1.4487,0.2200,,,,,
24.3253,10,10,31.7501,56.0752,completed,3734.75,73779.75,0.4391,1.42,0.0000,0.3623,0.1700,0.8657,0.3212,0.7879,0.2394,0.6404,0.6807,0.5106
27.3405,10,10,30.7820,58.1221,completed,3735.07,73779.90,0.4340,1.38,0.0000,0.5909,0.4569,0.4404,0.7999,1.6728,1.8305,0.3623,0.5274,0.6921
23.2486,10,3,8.7931,32.0411,converged,3735.07,73779.90,0.4340,1.38,0.0000,0.0214,0.0829,,,,,,,
40.3926,8,8,26.6427,67.0347,completed,3735.32,73780.02,0.4350,1.39,0.0000,1.7849,3.2206,4.1446,2.1399,1.8299,2.2979,1.8092,,
30.8252,10,3,10.1023,40.9273,converged,3735.32,73780.02,0.4350,1.39,0.0000,0.0295,0.0897,,,,,,,
59.9775,5,5,18.7309,78.7079,completed,3735.60,73780.15,0.4372,1.41,0.0000,0.0415,0.1929,0.2802,0.6210,,,,,
24.7067,10,10,32.9502,57.6563,completed,3735.60,73780.15,0.4372,1.41,0.0000,0.1408,0.2680,0.8366,1.8987,1.1936,0.6782,0.1610,0.4086,0.6354
42.5604,8,3,9.3173,51.8773,converged,3735.93,73780.30,0.4414,1.49,0.0000,0.0254,0.0323,,,,,,,
36.6335,9,9,29.1056,65.7387,completed,3735.93,73780.30,0.4414,1.49,0.0000,0.0505,0.1682,0.2858,0.2711,0.3076,0.1011,0.3845,0.4820,
53.1672,6,6,24.9543,78.1213,completed,3736.28,73780.47,0.4468,1.60,0.0000,0.1156,0.8464,0.2859,0.2410,0.4434,,,,
44.4388,8,8,27.5018,71.9398,completed,3736.28,73780.47,0.4468,1.60,0.0000,0.1280,0.4000,0.2651,0.2572,0.2294,0.6034,0.4945,,
28.6972,10,3,9.4758,38.1729,converged,3736.69,73780.67,0.4511,1.71,0.0000,0.0194,0.0262,,,,,,,
44.8129,8,8,28.9231,73.7351,completed,3736.69,73780.67,0.4511,1.71,0.0000,0.1608,0.5273,0.4246,0.1793,0.3332,0.3719,0.4524,,
35.9793,9,3,9.2259,45.2050,converged,3737.04,73780.84,0.4466,1.76,0.0000,0.0394,0.0713,,,,,,,
27.6303,10,10,32.2282,59.8582,completed,3737.04,73780.84,0.4466,1.76,0.0000,0.0390,0.1745,0.2558,0.1221,0.2046,0.3633,0.1980,0.3548,0.3394
42.1316,8,3,14.0072,56.1382,converged,3737.40,73781.01,0.4345,1.82,0.0000,0.0294,0.0477,,,,,,,
39.2204,9,3,9.3531,48.5731,converged,3737.40,73781.01,0.4345,1.82,0.0000,0.0315,0.0266,,,,,,,
33.0922,10,3,12.2443,45.3364,converged,3737.78,73781.18,0.4167,1.84,0.0000,0.0287,0.0580,,,,,,,
44.8192,8,8,33.6309,78.4500,completed,3737.78,73781.18,0.4167,1.84,0.0000,0.0973,0.2683,0.2530,0.2653,0.1720,0.4587,0.4926,,
26.0862,10,3,15.4530,41.5390,converged,3738.20,73781.36,0.3914,1.85,0.0000,0.0208,0.0411,,,,,,,
58.5982,5,5,18.3698,76.9678,completed,3738.20,73781.36,0.3914,1.85,0.0000,0.1140,0.2692,0.6914,0.4198,,,,,
22.1397,10,3,9.4159,31.5549,converged,3738.63,73781.53,0.3626,1.85,0.0000,0.0173,0.0364,,,,,,,
36.7639,9,3,9.4548,46.2179,converged,3738.63,73781.53,0.3626,1.85,0.0000,0.0231,0.0619,,,,,,,
49.0314,7,3,9.4377,58.4687,converged,3738.98,73781.66,0.3387,1.87,0.0000,0.0408,0.0908,,,,,,,
25.4936,10,3,9.7877,35.2807,converged,3738.98,73781.66,0.3387,1.87,0.0000,0.0159,0.0466,,,,,,,
47.8155,7,3,8.9184,56.7334,converged,3739.34,73781.78,0.3103,1.90,0.0000,0.0434,0.0460,,,,,,,
40.7618,8,3,10.4177,51.1788,converged,3739.34,73781.78,0.3103,1.90,0.0000,0.0395,0.0701,,,,,,,
40.1193,8,3,9.1829,49.3019,converged,3739.75,73781.90,0.2740,1.93,0.0000,0.0221,0.0636,,,,,,,
34.5356,9,3,9.1623,43.6973,converged,3739.75,73781.90,0.2740,1.93,0.0000,0.0163,0.0693,,,,,,,
56.0255,6,3,9.4834,65.5085,converged,3740.13,73782.00,0.2400,1.96,0.0000,0.0390,0.0944,,,,,,,
31.0634,10,3,10.1719,41.2350,converged,3740.13,73782.00,0.2400,1.96,0.0000,0.0148,0.0200,,,,,,,
35.1526,9,3,13.8322,48.9843,converged,3740.56,73782.10,0.2016,1.99,0.0000,0.0243,0.0418,,,,,,,
36.3175,9,3,11.6939,48.0109,converged,3740.56,73782.10,0.2016,1.99,0.0000,0.0225,0.0183,,,,,,,
38.2139,9,3,10.9086,49.1216,converged,3741.01,73782.18,0.1628,2.04,0.0000,0.0503,0.0301,,,,,,,
42.5922,8,3,9.6649,52.2570,converged,3741.01,73782.18,0.1628,2.04,0.0000,0.0577,0.0307,,,,,,,
34.2096,9,3,10.3795,44.5886,converged,3741.47,73782.25,0.1236,2.12,0.0000,0.0649,0.0305,,,,,,,
20.1550,10,3,9.5194,29.6744,converged,3741.47,73782.25,0.1236,2.12,0.0000,0.0480,0.0344,,,,,,,
40.6246,8,3,9.2545,49.8785,converged,3741.84,73782.29,0.0899,2.18,0.0000,0.0697,0.0429,,,,,,,
20.4404,10,3,9.0237,29.4637,converged,3741.84,73782.29,0.0899,2.18,0.0000,0.0618,0.0326,,,,,,,
21.3101,10,3,9.2176,30.5277,converged,3742.28,73782.32,0.0454,2.22,0.0000,0.0610,0.0397,,,,,,,
37.9221,9,3,9.4158,47.3379,converged,3742.45,73782.32,0.0261,2.22,0.0000,0.0607,0.0335,,,,,,,
23.5009,10,3,9.0811,32.5811,converged,3742.45,73782.32,0.0261,2.22,0.0000,0.0591,0.0359,,,,,,,
33.5281,10,3,10.7955,44.3236,converged,3742.89,73782.32,-0.0339,2.23,0.0000,0.0469,0.0227,,,,,,,
58.2941,5,3,9.4181,67.7121,converged,3742.89,73782.32,-0.0339,2.23,0.0000,0.0899,0.0826,,,,,,,
24.4640,10,3,9.5573,34.0203,converged,3743.44,73782.28,-0.1208,2.15,0.0000,0.0339,0.0164,,,,,,,
22.3081,10,3,9.1984,31.5064,converged,3743.44,73782.28,-0.1208,2.15,0.0000,0.0461,0.0357,,,,,,,
34.0108,9,3,10.4258,44.4359,converged,3743.81,73782.23,-0.1856,2.09,0.0000,0.0299,0.0189,,,,,,,
26.2152,10,3,10.1826,36.3977,converged,3743.81,73782.23,-0.1856,2.09,0.0000,0.0281,0.0255,,,,,,,
44.6570,8,3,11.5754,56.2324,converged,3744.21,73782.13,-0.2593,2.01,0.0000,0.0295,0.0323,,,,,,,
46.6520,7,3,10.8049,57.4559,converged,3744.21,73782.13,-0.2593,2.01,0.0000,0.0229,0.0482,,,,,,,
43.8230,8,3,9.5457,53.3687,converged,3744.58,73782.02,-0.3300,1.89,0.0000,0.0086,0.0317,,,,,,,
46.9202,7,3,8.9384,55.8584,converged,3744.58,73782.02,-0.3300,1.89,0.0000,0.0144,0.0361,,,,,,,
43.9518,8,3,9.5889,53.5400,converged,3744.96,73781.87,-0.4072,1.74,0.0000,0.0256,0.0199,,,,,,,
33.7928,10,3,9.1884,42.9804,converged,3744.96,73781.87,-0.4072,1.74,0.0000,0.0207,0.0217,,,,,,,
44.7813,8,3,8.8593,53.6403,converged,3745.30,73781.71,-0.4810,1.59,0.0000,0.0105,0.0547,,,,,,,
52.5687,6,3,10.0108,62.5788,converged,3745.30,73781.71,-0.4810,1.59,0.0000,0.0241,0.0627,,,,,,,
37.4409,9,3,8.8778,46.3178,converged,3745.60,73781.55,-0.5456,1.42,0.0000,0.0216,0.0304,,,,,,,
23.8109,10,3,9.0447,32.8548,converged,3745.60,73781.55,-0.5456,1.42,0.0000,0.0194,0.0262,,,,,,,
49.5710,7,3,10.0884,59.6584,converged,3745.80,73781.42,-0.5870,1.28,0.0000,0.0452,0.0360,,,,,,,
35.2307,9,3,9.6086,44.8387,converged,3745.80,73781.42,-0.5870,1.28,0.0000,0.0251,0.0216,,,,,,,
45.9175,8,3,9.3907,55.3077,converged,3746.02,73781.27,-0.6290,1.11,0.0000,0.0386,0.0184,,,,,,,
50.7359,7,3,9.7724,60.5075,converged,3746.02,73781.27,-0.6290,1.11,0.0000,0.0414,0.0290,,,,,,,
48.0860,7,3,9.2448,57.3299,converged,3746.20,73781.12,-0.6641,1.01,0.0000,0.0554,0.0375,,,,,,,
47.5226,7,3,10.0886,57.6106,converged,3746.20,73781.12,-0.6641,1.01,0.0000,0.0468,0.0327,,,,,,,
25.4707,10,3,9.6701,35.1401,converged,3746.38,73780.98,-0.6987,1.00,0.0000,0.0281,0.0212,,,,,,,
20.1061,10,3,9.4991,29.6051,converged,3746.38,73780.98,-0.6987,1.00,0.0000,0.0432,0.0364,,,,,,,
33.5730,10,3,8.9852,42.5582,converged,3746.51,73780.87,-0.7251,1.00,0.0000,0.0219,0.0195,,,,,,,
36.5052,9,3,9.1626,45.6677,converged,3746.51,73780.87,-0.7251,1.00,0.0000,0.0584,0.0426,,,,,,,
23.9357,10,3,11.7899,35.7249,converged,3746.66,73780.73,-0.7548,1.01,0.0000,0.0313,0.0303,,,,,,,
58.9081,5,5,17.9034,76.8114,completed,3746.66,73780.73,-0.7548,1.01,0.0000,0.0627,0.1874,0.4938,3.1296,,,,,
55.0005,6,3,9.3645,64.3646,converged,3746.82,73780.57,-0.7873,1.03,0.0000,0.0339,0.0834,,,,,,,
50.6181,7,7,23.6773,74.2954,completed,3746.82,73780.57,-0.7873,1.03,0.0000,0.0568,0.1083,0.2355,0.4512,1.3968,3.4517,,,
51.3761,7,3,9.3371,60.7131,converged,3747.01,73780.39,-0.8219,1.06,0.0000,0.0067,0.0467,,,,,,,
36.2004,9,3,9.3527,45.5527,converged,3747.01,73780.39,-0.8219,1.06,0.0000,0.0479,0.0731,,,,,,,
29.3884,10,3,9.3645,38.7525,converged,3747.17,73780.21,-0.8504,1.09,0.0000,0.0084,0.0188,,,,,,,
30.1003,10,3,9.3589,39.4589,converged,3747.17,73780.21,-0.8504,1.09,0.0000,0.0287,0.0346,,,,,,,
55.9736,6,4,13.8385,69.8116,converged,3747.29,73780.06,-0.8696,1.12,0.0000,0.0602,0.1208,0.0853,,,,,,
47.2497,7,3,9.9716,57.2207,converged,3747.29,73780.06,-0.8696,1.12,0.0000,0.0225,0.0554,,,,,,,
32.6841,10,3,14.0924,46.7765,converged,3747.48,73779.84,-0.8947,1.18,0.0000,0.0191,0.0197,,,,,,,
39.9669,9,3,10.7720,50.7381,converged,3747.48,73779.84,-0.8947,1.18,0.0000,0.0183,0.0178,,,,,,,
57.8258,6,3,9.4244,67.2495,converged,3747.64,73779.62,-0.9162,1.23,0.0000,0.0233,0.0955,,,,,,,
35.4513,9,3,9.1456,44.5967,converged,3747.64,73779.62,-0.9162,1.23,0.0000,0.0145,0.0234,,,,,,,
49.3553,7,3,10.2159,59.5709,converged,3747.81,73779.40,-0.9357,1.27,0.0000,0.0367,0.0243,,,,,,,
44.3786,8,3,9.8230,54.2010,converged,3747.81,73779.40,-0.9357,1.27,0.0000,0.0322,0.0327,,,,,,,
41.2693,8,3,9.7866,51.0556,converged,3747.98,73779.16,-0.9542,1.33,0.0000,0.0143,0.0536,,,,,,,
58.7763,5,5,19.3796,78.1556,completed,3747.98,73779.16,-0.9542,1.33,0.0000,0.0334,0.1733,0.6784,3.6715,,,,,
40.4615,8,3,8.7446,49.2057,converged,3748.16,73778.91,-0.9698,1.37,0.0000,0.0233,0.0738,,,,,,,
41.4514,8,3,8.9090,50.3601,converged,3748.16,73778.91,-0.9698,1.37,0.0000,0.0185,0.0244,,,,,,,
53.8195,6,3,8.6314,62.4505,converged,3748.33,73778.65,-0.9827,1.39,0.0000,0.0232,0.0680,,,,,,,
45.5913,8,3,9.2856,54.8766,converged,3748.33,73778.65,-0.9827,1.39,0.0000,0.0236,0.0789,,,,,,,
58.7827,5,5,18.0276,76.8097,completed,3748.51,73778.39,-0.9938,1.44,0.0000,0.0141,0.4539,0.4788,4.1540,,,,,
50.7280,7,3,9.0822,59.8093,converged,3748.51,73778.39,-0.9938,1.44,0.0000,0.0187,0.0287,,,,,,,
55.2912,6,3,9.4499,64.7409,converged,3748.70,73778.08,-1.0054,1.49,0.0000,0.0354,0.0345,,,,,,,
31.6020,10,3,9.1784,40.7804,converged,3748.70,73778.08,-1.0054,1.49,0.0000,0.0269,0.0499,,,,,,,
31.8513,10,3,9.2198,41.0709,converged,3748.87,73777.83,-1.0146,1.53,0.0000,0.0331,0.0468,,,,,,,
32.9808,10,3,9.0890,42.0690,converged,3748.87,73777.83,-1.0146,1.53,0.0000,0.0289,0.0537,,,,,,,
54.1044,6,3,8.8052,62.9092,converged,3749.03,73777.56,-1.0236,1.58,0.0000,0.0313,0.0633,,,,,,,
21.0410,10,3,9.5149,30.5559,converged,3749.03,73777.56,-1.0236,1.58,0.0000,0.0133,0.0201,,,,,,,
59.9320,5,5,17.8373,77.7694,completed,3749.19,73777.28,-1.0308,1.63,0.0000,0.0258,0.1994,0.5473,4.6787,,,,,
46.9926,7,3,8.7904,55.7825,converged,3749.19,73777.28,-1.0308,1.63,0.0000,0.0208,0.0223,,,,,,,
45.5972,8,3,8.9848,54.5818,converged,3749.41,73776.93,-1.0389,1.67,0.0000,0.0354,0.0299,,,,,,,
26.4258,10,3,9.7114,36.1365,converged,3749.41,73776.93,-1.0389,1.67,0.0000,0.0355,0.0377,,,,,,,
20.5556,10,3,9.5313,30.0864,converged,3749.60,73776.60,-1.0450,1.72,0.0000,0.0381,0.0324,,,,,,,
35.1115,9,3,13.6275,48.7385,converged,3749.66,73776.49,-1.0466,1.74,0.0000,0.0284,0.0316,,,,,,,
49.2073,7,3,9.3868,58.5939,converged,3749.66,73776.49,-1.0466,1.74,0.0000,0.0602,0.0116,,,,,,,
21.5294,10,3,9.3147,30.8437,converged,3749.88,73776.11,-1.0503,1.79,0.0000,0.0409,0.0428,,,,,,,
46.1305,7,3,10.1942,56.3242,converged,3749.88,73776.11,-1.0503,1.79,0.0000,0.0701,0.0661,,,,,,,
58.9806,5,5,23.4779,82.4580,completed,3750.06,73775.79,-1.0538,1.82,0.0000,0.0574,0.3480,0.1707,3.6190,,,,,
25.3746,10,3,9.9462,35.3202,converged,3750.06,73775.79,-1.0538,1.82,0.0000,0.0505,0.0540,,,,,,,
39.5563,9,3,9.7290,49.2850,converged,3750.26,73775.43,-1.0634,1.84,0.0000,0.0459,0.0494,,,,,,,
30.5685,10,3,9.1412,39.7093,converged,3750.26,73775.43,-1.0634,1.84,0.0000,0.0410,0.0458,,,,,,,
56.4985,6,3,9.3878,65.8859,converged,3750.44,73775.11,-1.0721,1.86,0.0000,0.0578,0.0461,,,,,,,
22.6645,10,3,9.2712,31.9353,converged,3750.44,73775.11,-1.0721,1.86,0.0000,0.0430,0.0587,,,,,,,
49.0315,7,3,9.0205,58.0515,converged,3750.64,73774.74,-1.0799,1.88,0.0000,0.0414,0.0409,,,,,,,
31.6457,10,3,9.2112,40.8562,converged,3750.64,73774.74,-1.0799,1.88,0.0000,0.0341,0.0452,,,,,,,
53.9940,6,6,20.7456,74.7396,completed,3750.82,73774.40,-1.0852,1.91,0.0000,0.0284,0.1299,1.7840,2.3026,3.5669,,,,
28.6161,10,3,9.2475,37.8635,converged,3750.82,73774.40,-1.0852,1.91,0.0000,0.0307,0.0422,,,,,,,
44.4857,8,3,8.9694,53.4544,converged,3751.03,73774.01,-1.0899,2.00,0.0000,0.0579,0.0935,,,,,,,
43.2848,8,3,10.3688,53.6529,converged,3751.03,73774.01,-1.0899,2.00,0.0000,0.0373,0.0555,,,,,,,
39.0068,9,3,9.6060,48.6120,converged,3751.21,73773.65,-1.0928,2.07,0.0000,0.0285,0.0370,,,,,,,
20.1911,10,3,9.1474,29.3384,converged,3751.21,73773.65,-1.0928,2.07,0.0000,0.0324,0.0404,,,,,,,
23.5166,10,3,9.2423,32.7584,converged,3751.41,73773.28,-1.0927,2.15,0.0000,0.0298,0.0473,,,,,,,
41.7426,8,3,9.4303,51.1724,converged,3751.41,73773.28,-1.0927,2.15,0.0000,0.0452,0.0680,,,,,,,
34.5497,9,3,13.4389,47.9880,converged,3751.61,73772.89,-1.0901,2.26,0.0000,0.0343,0.0529,,,,,,,
31.3588,10,3,9.1675,40.5256,converged,3751.61,73772.89,-1.0901,2.26,0.0000,0.0299,0.0451,,,,,,,
53.9578,6,3,9.2779,63.2349,converged,3751.82,73772.48,-1.0870,2.37,0.0000,0.0474,0.0495,,,,,,,
42.3388,8,3,9.4476,51.7856,converged,3751.82,73772.48,-1.0870,2.37,0.0000,0.0275,0.0667,,,,,,,
43.8464,8,3,9.5645,53.4105,converged,3752.08,73771.99,-1.0868,2.47,0.0000,0.0234,0.0256,,,,,,,
50.6654,7,3,9.1372,59.8022,converged,3752.08,73771.99,-1.0868,2.47,0.0000,0.0379,0.0355,,,,,,,
59.4339,5,5,18.5193,77.9523,completed,3752.34,73771.49,-1.0906,2.55,0.0000,0.0995,0.1119,0.1750,4.6973,,,,,
31.8204,10,3,9.6756,41.4956,converged,3752.34,73771.49,-1.0906,2.55,0.0000,0.0232,0.0295,,,,,,,
51.3868,7,3,11.4808,62.8669,converged,3752.61,73770.97,-1.0946,2.67,0.0000,0.0716,0.0323,,,,,,,
41.1469,8,3,9.4484,50.5944,converged,3752.61,73770.97,-1.0946,2.67,0.0000,0.0339,0.0248,,,,,,,
36.6361,9,3,9.3933,46.0293,converged,3752.93,73770.36,-1.0940,2.84,0.0000,0.0493,0.0639,,,,,,,
27.2336,10,3,10.3042,37.5372,converged,3752.93,73770.36,-1.0940,2.84,0.0000,0.0322,0.0543,,,,,,,
28.7401,10,10,32.8096,61.5496,completed,3753.19,73769.85,-1.0940,2.95,0.0000,0.0589,0.1217,0.3083,0.9874,2.4286,3.2618,2.7989,3.5432,4.0298
35.0602,9,3,8.8804,43.9405,converged,3753.19,73769.85,-1.0940,2.95,0.0000,0.0448,0.0589,,,,,,,
58.9994,5,5,18.2871,77.2862,completed,3753.50,73769.24,-1.0956,3.06,0.0000,0.2227,0.6393,0.5688,4.0484,,,,,
46.4320,7,4,15.2397,61.6708,converged,3753.50,73769.24,-1.0956,3.06,0.0000,0.0789,0.1254,0.0335,,,,,,
34.6396,9,4,12.6145,47.2536,converged,3753.89,73768.48,-1.0987,3.18,0.0000,0.0675,0.1183,0.0232,,,,,,
21.1341,10,3,9.2088,30.3428,converged,3753.89,73768.48,-1.0987,3.18,0.0000,0.0408,0.0694,,,,,,,
53.8503,6,6,20.4527,74.3027,completed,3754.15,73767.98,-1.0996,3.24,0.0000,0.1215,0.2979,0.5342,0.2799,3.7217,,,,
25.6229,10,3,9.6596,35.2816,converged,3754.15,73767.98,-1.0996,3.24,0.0000,0.0364,0.0977,,,,,,,
40.6139,8,3,9.9332,50.5462,converged,3754.48,73767.32,-1.1008,3.29,0.0000,0.1197,0.0398,,,,,,,
55.8527,6,6,20.0679,75.9199,completed,3754.48,73767.32,-1.1008,3.29,0.0000,0.1143,0.7185,2.6543,3.0918,4.3653,,,,
58.3064,5,5,18.1025,76.4085,completed,3754.82,73766.66,-1.1033,3.30,0.0000,0.2603,0.7118,2.8893,5.0843,,,,,
44.3298,8,8,26.4623,70.7913,completed,3754.82,73766.66,-1.1033,3.30,0.0000,0.0778,0.2379,0.2526,0.3690,1.0469,1.5026,3.3725,,
42.5213,8,8,26.1007,68.6218,completed,3755.23,73765.85,-1.1060,3.28,0.0000,0.0274,0.2693,1.5085,0.7790,1.2882,3.5059,4.1260,,
48.9141,7,7,23.5465,72.4605,completed,3755.23,73765.85,-1.1060,3.28,0.0000,0.2444,0.8936,0.2542,0.8198,2.7286,3.8262,,,
48.8602,7,3,10.1844,59.0444,converged,3755.59,73765.12,-1.1068,3.27,0.0000,0.0553,0.0767,,,,,,,
25.3827,10,4,12.2598,37.6418,converged,3755.59,73765.12,-1.1068,3.27,0.0000,0.0713,0.1501,0.0421,,,,,,
43.2370,8,3,11.9317,55.1678,converged,3755.92,73764.47,-1.1046,3.20,0.0000,0.0406,0.0389,,,,,,,
36.0705,9,9,29.7780,65.8481,completed,3755.92,73764.47,-1.1046,3.20,0.0000,0.1241,0.3926,0.6601,0.9294,1.3458,1.7494,3.0535,2.9118,
39.9739,9,3,9.0926,49.0656,converged,3756.24,73763.84,-1.1058,3.10,0.0000,0.0263,0.0408,,,,,,,
39.6387,9,9,28.7867,68.4247,completed,3756.24,73763.84,-1.1058,3.10,0.0000,0.0927,0.2433,1.1367,2.9766,1.2255,1.7369,2.5101,2.9009,
44.6873,8,8,26.4803,71.1674,completed,3756.58,73763.16,-1.1071,2.96,0.0000,0.0788,0.2046,0.4503,1.1851,1.0488,2.0968,2.6710,,
35.1092,9,3,9.4323,44.5413,converged,3756.58,73763.16,-1.1071,2.96,0.0000,0.0638,0.0305,,,,,,,
55.7174,6,6,21.4970,77.2141,completed,3756.87,73762.57,-1.1094,2.84,0.0000,0.0291,0.1553,0.9169,0.6735,2.6775,,,,
52.1589,6,6,19.6832,71.8412,completed,3756.87,73762.57,-1.1094,2.84,0.0000,0.0780,0.1354,0.6088,1.0419,2.7444,,,,
55.8972,6,6,20.8885,76.7855,completed,3757.18,73761.95,-1.1118,2.73,0.0000,0.0890,0.2379,0.8642,0.7764,2.4901,,,,
32.3035,10,3,10.0717,42.3747,converged,3757.18,73761.95,-1.1118,2.73,0.0000,0.0930,0.0739,,,,,,,
43.2913,8,3,9.5029,52.7939,converged,3757.47,73761.35,-1.1121,2.60,0.0000,0.0268,0.0522,,,,,,,
25.4730,10,3,10.4814,35.9545,converged,3757.47,73761.35,-1.1121,2.60,0.0000,0.0469,0.0508,,,,,,,
29.4121,10,3,10.3562,39.7683,converged,3757.73,73760.84,-1.1117,2.47,0.0000,0.0119,0.0195,,,,,,,
52.9668,6,3,9.9352,62.9012,converged,3757.73,73760.84,-1.1117,2.47,0.0000,0.0371,0.0857,,,,,,,
30.2026,10,10,32.6012,62.8032,completed,3757.99,73760.30,-1.1091,2.38,0.0000,0.0947,0.1443,0.3060,0.4118,0.4894,0.3563,0.7741,1.9009,1.8279
43.9216,8,3,9.0397,52.9607,converged,3757.99,73760.30,-1.1091,2.38,0.0000,0.0288,0.0728,,,,,,,
53.3153,6,6,20.7053,74.0204,completed,3758.23,73759.82,-1.1073,2.32,0.0000,0.0474,0.1327,0.3719,0.7332,2.5281,,,,
46.7115,7,7,22.8067,69.5177,completed,3758.23,73759.82,-1.1073,2.32,0.0000,0.0676,0.1493,0.1655,0.2888,1.2792,2.3400,,,
43.8747,8,8,26.1795,70.0535,completed,3758.48,73759.31,-1.1097,2.24,0.0000,0.0890,0.1872,0.3439,0.7663,1.0220,2.1549,2.2325,,
59.8870,5,5,18.2724,78.1594,completed,3758.48,73759.31,-1.1097,2.24,0.0000,0.0464,0.2708,0.7497,2.5094,,,,,
46.2771,7,3,9.4353,55.7123,converged,3758.75,73758.77,-1.1108,2.14,0.0000,0.0384,0.0539,,,,,,,
31.5209,10,10,31.4606,62.9806,completed,3758.75,73758.77,-1.1108,2.14,0.0000,0.0721,0.1170,0.2536,0.4066,0.4833,0.2039,0.4570,1.5198,1.6646
57.8349,6,3,10.1052,67.9393,converged,3758.96,73758.35,-1.1078,2.06,0.0000,0.0407,0.0456,,,,,,,
26.3103,10,3,10.4036,36.7136,converged,3758.96,73758.35,-1.1078,2.06,0.0000,0.0141,0.0320,,,,,,,
32.3882,10,10,32.4212,64.8092,completed,3759.17,73757.94,-1.1046,2.01,0.0000,0.0849,0.1499,0.3488,0.7537,0.5013,0.3900,0.4352,1.3928,1.4539
41.0279,8,3,8.8863,49.9133,converged,3759.17,73757.94,-1.1046,2.01,0.0000,0.0543,0.0653,,,,,,,
27.6488,10,10,45.3556,73.0036,completed,3759.37,73757.54,-1.1025,1.98,0.0000,0.0741,0.1278,0.2942,0.6876,0.6244,0.2952,0.5133,1.3910,1.4729
32.2061,10,3,8.8249,41.0309,converged,3759.37,73757.54,-1.1025,1.98,0.0000,0.0226,0.0174,,,,,,,
31.8148,10,3,9.6164,41.4305,converged,3759.59,73757.10,-1.0994,1.95,0.0000,0.0189,0.0266,,,,,,,
34.8523,9,3,9.1557,44.0078,converged,3759.59,73757.10,-1.0994,1.95,0.0000,0.0330,0.0375,,,,,,,
22.5757,10,3,10.5851,33.1602,converged,3759.77,73756.75,-1.0955,1.94,0.0000,0.0193,0.0325,,,,,,,
30.6345,10,10,31.7081,62.3422,completed,3759.77,73756.75,-1.0955,1.94,0.0000,0.0798,0.1038,0.1886,0.1394,0.2065,0.1725,0.3845,1.1086,1.3205
59.8722,5,5,19.2824,79.1544,completed,3759.95,73756.41,-1.0908,1.92,0.0000,0.0515,0.2713,0.3481,1.6873,,,,,
21.7950,10,3,9.0613,30.8553,converged,3759.95,73756.41,-1.0908,1.92,0.0000,0.0420,0.0264,,,,,,,
29.6447,10,3,9.0612,38.7053,converged,3760.15,73756.03,-1.0846,1.90,0.0000,0.0391,0.0524,,,,,,,
48.5221,7,3,9.6393,58.1613,converged,3760.24,73755.86,-1.0809,1.90,0.0000,0.0331,0.0687,,,,,,,
49.2089,7,3,9.5821,58.7901,converged,3760.24,73755.86,-1.0809,1.90,0.0000,0.0349,0.0480,,,,,,,
44.2717,8,3,9.6200,53.8911,converged,3760.44,73755.49,-1.0697,1.90,0.0000,0.0524,0.0555,,,,,,,
31.2902,10,3,9.0650,40.3550,converged,3760.44,73755.49,-1.0697,1.90,0.0000,0.0178,0.0207,,,,,,,
52.9440,6,6,21.1820,74.1260,completed,3760.65,73755.11,-1.0562,1.94,0.0000,0.0229,0.1223,0.1898,1.7153,2.2480,,,,
46.4565,7,3,8.8887,55.3447,converged,3760.65,73755.11,-1.0562,1.94,0.0000,0.0285,0.0817,,,,,,,
56.9396,6,6,20.7085,77.6475,completed,3760.87,73754.72,-1.0384,2.07,0.0000,0.1149,0.4321,1.0695,0.7136,1.5222,,,,
40.7635,8,3,9.4806,50.2436,converged,3760.87,73754.72,-1.0384,2.07,0.0000,0.0337,0.0261,,,,,,,
29.2373,10,3,9.3504,38.5875,converged,3761.16,73754.26,-1.0090,2.25,0.0000,0.0206,0.0273,,,,,,,
52.1580,6,3,11.3804,63.5374,converged,3761.25,73754.11,-0.9989,2.30,0.0000,0.0167,0.0799,,,,,,,
23.3178,10,3,9.8520,33.1690,converged,3761.25,73754.11,-0.9989,2.30,0.0000,0.0297,0.0218,,,,,,,
36.0473,9,3,13.8963,49.9434,converged,3761.54,73753.67,-0.9678,2.46,0.0000,0.0164,0.0197,,,,,,,
48.0916,7,7,24.5053,72.5964,completed,3761.54,73753.67,-0.9678,2.46,0.0000,0.0872,0.1471,0.1892,0.2092,1.0353,1.9084,,,
33.3087,10,3,13.4987,46.8067,converged,3761.88,73753.20,-0.9327,2.66,0.0000,0.0123,0.0177,,,,,,,
40.6472,8,3,8.9937,49.6407,converged,3762.08,73752.93,-0.9105,2.77,0.0000,0.0223,0.0444,,,,,,,
46.1255,7,3,9.3276,55.4526,converged,3762.08,73752.93,-0.9105,2.77,0.0000,0.0220,0.0673,,,,,,,
38.1510,9,3,9.7445,47.8945,converged,3762.49,73752.43,-0.8637,2.92,0.0000,0.0174,0.0209,,,,,,,
33.5555,10,3,9.2093,42.7643,converged,3762.49,73752.43,-0.8637,2.92,0.0000,0.0162,0.0180,,,,,,,
51.9243,7,3,11.8697,63.7937,converged,3762.88,73751.99,-0.8142,3.00,0.0000,0.0252,0.0875,,,,,,,
38.8878,9,3,9.3640,48.2511,converged,3762.88,73751.99,-0.8142,3.00,0.0000,0.0294,0.0358,,,,,,,
48.6748,7,3,9.1974,57.8714,converged,3763.37,73751.51,-0.7497,3.03,0.0000,0.0251,0.0458,,,,,,,
37.8495,9,3,9.9506,47.7996,converged,3763.37,73751.51,-0.7497,3.03,0.0000,0.0310,0.0275,,,,,,,
27.2590,10,3,10.0805,37.3396,converged,3763.88,73751.07,-0.6791,3.02,0.0000,0.0121,0.0572,,,,,,,
36.2394,9,3,9.0367,45.2758,converged,3763.88,73751.07,-0.6791,3.02,0.0000,0.0255,0.0423,,,,,,,
23.8917,10,3,9.3383,33.2294,converged,3764.36,73750.71,-0.6108,2.96,0.0000,0.0143,0.0583,,,,,,,
48.3333,7,3,9.0708,57.4039,converged,3764.36,73750.71,-0.6108,2.96,0.0000,0.0255,0.0621,,,,,,,
26.6028,10,3,9.0272,35.6292,converged,3764.85,73750.39,-0.5415,2.86,0.0000,0.0184,0.0707,,,,,,,
23.2391,10,3,8.9994,32.2385,converged,3764.85,73750.39,-0.5415,2.86,0.0000,0.0223,0.0607,,,,,,,
59.2586,5,5,17.8460,77.1040,completed,3765.28,73750.15,-0.4808,2.76,0.0000,0.1480,0.5794,1.7414,5.4115,,,,,
57.8473,6,6,19.9995,77.8465,completed,3765.28,73750.15,-0.4808,2.76,0.0000,0.0399,0.1956,0.2092,2.4961,4.9189,,,,
26.6356,10,3,10.1492,36.7842,converged,3765.94,73749.84,-0.3877,2.55,0.0000,0.0209,0.0214,,,,,,,
35.5202,9,3,9.2585,44.7785,converged,3765.94,73749.84,-0.3877,2.55,0.0000,0.0337,0.0299,,,,,,,
45.9618,8,3,9.3808,55.3419,converged,3766.40,73749.67,-0.3231,2.37,0.0000,0.0568,0.0846,,,,,,,
43.2365,8,3,9.3212,52.5572,converged,3766.40,73749.67,-0.3231,2.37,0.0000,0.0402,0.0773,,,,,,,
38.2004,9,3,9.3562,47.5562,converged,3766.89,73749.52,-0.2570,2.17,0.0000,0.0334,0.0707,,,,,,,
46.1415,7,3,9.2079,55.3489,converged,3766.89,73749.52,-0.2570,2.17,0.0000,0.0363,0.0755,,,,,,,
39.3727,9,3,9.5613,48.9333,converged,3767.30,73749.43,-0.2063,1.99,0.0000,0.0326,0.0655,,,,,,,
58.0183,5,5,22.8047,80.8228,completed,3767.30,73749.43,-0.2063,1.99,0.0000,0.1223,0.2136,1.2129,6.0270,,,,,
44.1685,8,3,9.4467,53.6147,converged,3767.76,73749.35,-0.1459,1.78,0.0000,0.0418,0.0212,,,,,,,
20.1617,10,3,8.9341,29.0951,converged,3767.76,73749.35,-0.1459,1.78,0.0000,0.0251,0.0566,,,,,,,
43.0856,8,3,8.7820,51.8671,converged,3768.10,73749.30,-0.1028,1.65,0.0000,0.0339,0.0535,,,,,,,
26.6958,10,3,9.0348,35.7298,converged,3768.10,73749.30,-0.1028,1.65,0.0000,0.0254,0.0330,,,,,,,
23.8734,10,3,9.4039,33.2770,converged,3768.42,73749.28,-0.0646,1.56,0.0000,0.0378,0.0763,,,,,,,
23.8170,10,3,9.3325,33.1485,converged,3768.42,73749.28,-0.0646,1.56,0.0000,0.0298,0.0481,,,,,,,
40.9574,8,3,9.5095,50.4665,converged,3768.69,73749.26,-0.0345,1.53,0.0000,0.0379,0.0330,,,,,,,
46.0910,7,3,8.9404,55.0304,converged,3768.69,73749.26,-0.0345,1.53,0.0000,0.0353,0.0698,,,,,,,
34.7582,9,3,9.2312,43.9892,converged,3768.99,73749.26,-0.0012,1.48,0.0000,0.0621,0.0856,,,,,,,
42.8319,8,3,9.4375,52.2685,converged,3768.99,73749.26,-0.0012,1.48,0.0000,0.0298,0.0195,,,,,,,
22.7944,10,3,9.3914,32.1855,converged,3769.31,73749.26,0.0338,1.39,0.0000,0.0391,0.0628,,,,,,,
32.6297,10,3,9.6395,42.2686,converged,3769.31,73749.26,0.0338,1.39,0.0000,0.0573,0.0839,,,,,,,
31.2148,10,3,9.4825,40.6965,converged,3769.55,73749.27,0.0579,1.35,0.0000,0.0589,0.0815,,,,,,,
26.0359,10,4,13.4537,39.4887,converged,3769.55,73749.27,0.0579,1.35,0.0000,0.0712,0.1059,0.0325,,,,,,
42.0761,8,3,10.5504,52.6264,converged,3769.82,73749.29,0.0841,1.30,0.0000,0.0625,0.0456,,,,,,,
48.6118,7,3,13.8592,62.4703,converged,3769.82,73749.29,0.0841,1.30,0.0000,0.1505,0.0822,,,,,,,
50.6644,7,3,9.1485,59.8125,converged,3770.10,73749.32,0.1108,1.24,0.0000,0.0470,0.0690,,,,,,,
55.0728,6,6,21.4820,76.5540,completed,3770.10,73749.32,0.1108,1.24,0.0000,0.2050,0.2034,0.9611,2.3748,5.7745,,,,
43.7977,8,3,9.2735,53.0706,converged,3770.43,73749.36,0.1392,1.18,0.0000,0.1853,0.0714,,,,,,,
48.3870,7,7,35.1989,83.5850,completed,3770.43,73749.36,0.1392,1.18,0.0000,0.4311,0.1360,1.1158,0.3204,3.3827,5.4800,,,
57.7834,6,6,27.3092,85.0922,completed,3770.72,73749.41,0.1625,1.18,0.0000,0.3585,0.1043,0.3293,2.4674,6.2890,,,,
54.5646,6,6,21.4086,75.9726,completed,3770.72,73749.41,0.1625,1.18,0.0000,0.5405,0.1236,0.9320,3.6755,6.8356,,,,
21.0749,10,4,12.1246,33.1987,converged,3771.08,73749.47,0.1913,1.22,0.0000,0.2859,0.3557,0.0380,,,,,,
29.2025,10,10,32.9697,62.1717,completed,3771.08,73749.47,0.1913,1.22,0.0000,0.4652,0.6673,0.4220,0.3806,0.2320,1.1054,3.5766,5.0511,5.2243
27.6352,10,10,33.3769,61.0120,completed,3771.35,73749.52,0.2131,1.23,0.0000,0.3623,0.4854,0.1011,0.9797,0.3502,0.8295,2.8385,4.6810,5.3144
45.3925,8,8,26.6252,72.0172,completed,3771.35,73749.52,0.2131,1.23,0.0000,0.3438,0.2901,1.3385,0.4812,1.0822,3.5752,5.3078,,
55.3590,6,6,20.2510,75.6101,completed,3771.65,73749.59,0.2369,1.23,0.0000,0.6104,0.2047,0.3013,3.0169,6.5941,,,,
58.9981,5,5,18.0633,77.0613,completed,3771.65,73749.59,0.2369,1.23,0.0000,0.5784,2.6836,1.2795,5.3921,,,,,
42.3495,8,8,25.7062,68.0552,completed,3771.97,73749.67,0.2597,1.15,0.0000,0.2610,0.1262,0.9360,0.7636,0.7723,4.4781,6.0020,,
28.4346,10,4,11.9437,40.3777,converged,3771.97,73749.67,0.2597,1.15,0.0000,0.3140,0.3825,0.0487,,,,,,
30.6054,10,4,11.8477,42.4527,converged,3772.20,73749.74,0.2742,1.05,0.0000,0.2299,0.3161,0.0886,,,,,,
53.2740,6,6,21.3255,74.5995,completed,3772.20,73749.74,0.2742,1.05,0.0000,0.4346,0.1171,0.4376,2.2797,6.4571,,,,
43.2008,8,8,26.1870,69.3871,completed,3772.45,73749.81,0.2883,0.99,0.0000,0.2455,0.2791,0.4042,0.2537,1.6072,4.9342,6.4992,,
51.2573,7,7,22.3739,73.6309,completed,3772.45,73749.81,0.2883,0.99,0.0000,0.2387,0.1131,2.3329,0.6839,3.5334,5.6914,,,
37.1090,9,4,12.2642,49.3733,converged,3772.68,73749.88,0.3019,0.99,0.0000,0.1784,0.2205,0.0314,,,,,,
46.8490,7,3,9.2699,56.1190,converged,3772.68,73749.88,0.3019,0.99,0.0000,0.1811,0.0424,,,,,,,
49.0533,7,3,8.7737,57.8267,converged,3772.89,73749.95,0.3122,0.95,0.0000,0.1410,0.0489,,,,,,,
38.3148,9,9,33.1518,71.4659,completed,3772.89,73749.95,0.3122,0.95,0.0000,0.1662,0.1942,0.1058,0.1112,0.7457,2.4401,5.3099,6.1335,
24.6806,10,4,12.3969,37.0770,converged,3773.09,73750.01,0.3209,0.94,0.0000,0.1070,0.1182,0.0606,,,,,,
45.8892,8,8,26.9771,72.8661,completed,3773.09,73750.01,0.3209,0.94,0.0000,0.1391,0.1084,1.1844,0.4186,0.5893,4.3640,5.7444,,
44.2252,8,8,25.7195,69.9445,completed,3773.30,73750.08,0.3301,0.98,0.0000,0.1350,0.1011,0.5800,0.5636,0.2910,4.2078,5.8040,,
24.6813,10,4,11.7054,36.3865,converged,3773.30,73750.08,0.3301,0.98,0.0000,0.1380,0.1790,0.0934,,,,,,
34.9806,9,3,8.7216,43.7016,converged,3773.51,73750.16,0.3390,0.99,0.0000,0.0555,0.0542,,,,,,,
28.1209,10,3,8.8705,36.9905,converged,3773.51,73750.16,0.3390,0.99,0.0000,0.0916,0.0831,,,,,,,
24.3496,10,10,31.4477,55.7967,completed,3773.70,73750.22,0.3466,0.99,0.0000,0.1581,0.1877,0.1505,0.2112,0.1526,1.0951,3.4346,5.2338,5.6316
54.5553,6,3,10.7672,65.3222,converged,3773.70,73750.22,0.3466,0.99,0.0000,0.2094,0.0501,,,,,,,
22.5579,10,10,32.1992,54.7563,completed,3773.93,73750.31,0.3574,1.01,0.0000,0.1082,0.1530,0.1857,0.2529,0.6741,1.1375,3.6785,5.5017,5.8501
37.8098,9,3,8.9005,46.7095,converged,3773.93,73750.31,0.3574,1.01,0.0000,0.0611,0.0358,,,,,,,
45.3269,8,8,28.6939,74.0199,completed,3774.12,73750.38,0.3664,1.05,0.0000,0.1527,0.1491,0.2841,0.2176,0.7914,5.1404,6.2229,,
57.7710,6,6,21.1381,78.9081,completed,3774.12,73750.38,0.3664,1.05,0.0000,0.1697,0.1444,0.6988,2.1729,6.0081,,,,
25.8576,10,5,16.7898,42.6468,converged,3774.39,73750.49,0.3790,1.06,0.0000,0.1075,0.1151,0.1118,0.0932,,,,,
35.9313,9,3,9.1274,45.0585,converged,3774.39,73750.49,0.3790,1.06,0.0000,0.0427,0.0543,,,,,,,
39.1485,9,3,10.3875,49.5356,converged,3774.59,73750.57,0.3890,1.07,0.0000,0.0856,0.0851,,,,,,,
47.6789,7,3,8.8185,56.4965,converged,3774.59,73750.57,0.3890,1.07,0.0000,0.1244,0.0644,,,,,,,
25.7182,10,3,9.2716,34.9896,converged,3774.82,73750.66,0.4002,1.13,0.0000,0.0567,0.0519,,,,,,,
37.6024,9,9,29.7832,67.3853,completed,3774.82,73750.66,0.4002,1.13,0.0000,0.0880,0.1111,0.1465,0.6207,0.4953,2.6534,5.4760,5.9154,
36.7717,9,3,9.0886,45.8596,converged,3775.06,73750.77,0.4110,1.24,0.0000,0.0864,0.0988,,,,,,,
42.7587,8,4,11.9184,54.6764,converged,3775.06,73750.77,0.4110,1.24,0.0000,0.1188,0.1340,0.0886,,,,,,
22.7298,10,4,12.3382,35.0672,converged,3775.30,73750.87,0.4203,1.34,0.0000,0.1077,0.1111,0.0790,,,,,,
45.2506,8,3,9.3128,54.5628,converged,3775.30,73750.87,0.4203,1.34,0.0000,0.0794,0.0942,,,,,,,
40.2898,8,8,25.8321,66.1211,completed,3775.58,73751.00,0.4307,1.45,0.0000,0.1286,0.1303,0.2369,4.4025,0.5623,3.4059,5.4348,,
20.5848,10,3,9.8065,30.3905,converged,3775.58,73751.00,0.4307,1.45,0.0000,0.0777,0.0792,,,,,,,
37.0130,9,3,8.8744,45.8875,converged,3775.86,73751.13,0.4393,1.55,0.0000,0.0893,0.0901,,,,,,,
26.6700,10,3,9.0577,35.7267,converged,3775.86,73751.13,0.4393,1.55,0.0000,0.0522,0.0680,,,,,,,
23.1704,10,10,30.8154,53.9855,completed,3776.15,73751.27,0.4469,1.68,0.0000,0.1273,0.1351,0.1039,0.1389,0.2729,0.6142,3.3533,5.6471,6.0340
32.8583,10,5,15.0177,47.8758,converged,3776.15,73751.27,0.4469,1.68,0.0000,0.1002,0.1600,0.1603,0.0777,,,,,
23.8084,10,3,9.1878,32.9959,converged,3776.50,73751.44,0.4563,1.83,0.0000,0.0841,0.0977,,,,,,,
56.0962,6,6,20.1761,76.2722,completed,3776.50,73751.44,0.4563,1.83,0.0000,0.1405,0.1271,0.1983,1.9387,6.1928,,,,
36.8588,9,3,9.2378,46.0958,converged,3776.88,73751.63,0.4673,1.94,0.0000,0.1017,0.0742,,,,,,,
49.4410,7,7,23.8873,73.3273,completed,3776.88,73751.63,0.4673,1.94,0.0000,0.1571,0.1524,0.1908,0.7055,3.8896,6.6138,,,
57.7210,6,3,8.7730,66.4931,converged,3777.28,73751.83,0.4789,1.98,0.0000,0.0643,0.0492,,,,,,,
27.0878,10,5,14.1332,41.2203,converged,3777.28,73751.83,0.4789,1.98,0.0000,0.1234,0.1428,0.1105,0.0654,,,,,
37.5119,9,4,11.6083,49.1193,converged,3777.68,73752.04,0.4861,2.03,0.0000,0.0826,0.1182,0.0761,,,,,,
56.2358,6,6,20.7139,76.9489,completed,3777.68,73752.04,0.4861,2.03,0.0000,0.1582,0.1535,0.2272,2.3510,6.6755,,,,
39.4391,9,3,9.8662,49.3052,converged,3778.13,73752.28,0.4890,2.10,0.0000,0.0536,0.0479,,,,,,,
41.0534,8,3,8.9613,50.0143,converged,3778.13,73752.28,0.4890,2.10,0.0000,0.1123,0.0930,,,,,,,
21.0951,10,3,9.5457,30.6407,converged,3778.51,73752.48,0.4916,2.15,0.0000,0.0383,0.0250,,,,,,,
28.9422,10,3,9.3402,38.2822,converged,3778.51,73752.48,0.4916,2.15,0.0000,0.0821,0.0974,,,,,,,
51.2396,7,7,23.7729,75.0120,completed,3778.84,73752.66,0.4943,2.19,0.0000,0.0192,0.1718,0.3846,1.2460,5.1189,7.5063,,,
56.3006,6,6,21.1926,77.4927,completed,3778.84,73752.66,0.4943,2.19,0.0000,0.1135,0.1427,0.1372,2.6032,7.0223,,,,
58.5825,5,5,17.5638,76.1458,completed,3779.37,73752.95,0.4950,2.19,0.0000,0.0389,0.1800,2.1533,6.8872,,,,,
48.9813,7,3,9.6004,58.5814,converged,3779.37,73752.95,0.4950,2.19,0.0000,0.0334,0.0819,,,,,,,
44.6231,8,3,8.9637,53.5867,converged,3779.86,73753.21,0.4917,2.17,0.0000,0.0283,0.0838,,,,,,,
32.1444,10,3,9.0884,41.2324,converged,3779.86,73753.21,0.4917,2.17,0.0000,0.0666,0.0801,,,,,,,
31.4051,10,3,10.5917,41.9968,converged,3780.28,73753.44,0.4887,2.14,0.0000,0.0396,0.0462,,,,,,,
31.1446,10,3,8.9978,40.1418,converged,3780.28,73753.44,0.4887,2.14,0.0000,0.0277,0.0282,,,,,,,
49.4326,7,7,23.4288,72.8609,completed,3780.61,73753.61,0.4887,2.13,0.0000,0.0273,0.1530,0.5425,1.2231,4.5210,7.2677,,,
43.3052,8,3,13.5403,56.8453,converged,3780.61,73753.61,0.4887,2.13,0.0000,0.0593,0.0985,,,,,,,
53.4040,6,3,14.1017,67.5058,converged,3781.13,73753.89,0.4901,2.16,0.0000,0.0991,0.0870,,,,,,,
33.9554,10,3,11.5350,45.4901,converged,3781.13,73753.89,0.4901,2.16,0.0000,0.0357,0.0478,,,,,,,
33.7685,10,3,8.8876,42.6556,converged,3781.56,73754.12,0.4869,2.15,0.0000,0.0378,0.0367,,,,,,,
55.0056,6,6,19.8239,74.8289,completed,3781.56,73754.12,0.4869,2.15,0.0000,0.0777,0.3937,1.6868,2.2219,5.9190,,,,
56.4466,6,6,20.2616,76.7076,completed,3781.99,73754.34,0.4826,2.14,0.0000,0.1916,0.2146,0.6671,3.9539,8.0499,,,,
24.1155,10,3,9.0546,33.1697,converged,3781.99,73754.34,0.4826,2.14,0.0000,0.0255,0.0527,,,,,,,
30.9107,10,3,8.8495,39.7595,converged,3782.47,73754.59,0.4783,2.18,0.0000,0.0386,0.0477,,,,,,,
44.7902,8,8,26.0804,70.8705,completed,3782.47,73754.59,0.4783,2.18,0.0000,0.0599,0.1548,0.3392,1.0937,1.9411,5.7341,6.2270,,
39.2063,9,3,9.4677,48.6738,converged,3782.86,73754.79,0.4748,2.21,0.0000,0.0383,0.0706,,,,,,,
50.3635,7,7,23.5661,73.9291,completed,3782.86,73754.79,0.4748,2.21,0.0000,0.1000,0.1129,1.1384,0.4764,3.6648,6.4289,,,
48.9717,7,4,11.7324,60.7034,converged,3783.35,73755.04,0.4735,2.22,0.0000,0.0971,0.1012,0.0669,,,,,,
21.9685,10,3,9.1702,31.1383,converged,3783.35,73755.04,0.4735,2.22,0.0000,0.0758,0.0968,,,,,,,
29.2894,10,10,33.4979,62.7869,completed,3783.75,73755.25,0.4731,2.23,0.0000,0.0588,0.1847,0.5746,1.8913,4.0064,2.0512,2.4859,4.2949,4.8217
46.5762,7,7,23.5944,70.1705,completed,3783.75,73755.25,0.4731,2.23,0.0000,0.1116,0.1413,1.2106,0.7595,3.2180,5.9248,,,
51.3493,7,3,10.3716,61.7206,converged,3784.25,73755.50,0.4702,2.25,0.0000,0.0954,0.0962,,,,,,,
32.1249,10,4,17.5570,49.6810,converged,3784.25,73755.50,0.4702,2.25,0.0000,0.0940,0.1227,0.0975,,,,,,
36.3273,9,3,13.2540,49.5810,converged,3784.70,73755.73,0.4685,2.27,0.0000,0.0282,0.0693,,,,,,,
52.0238,6,6,26.7645,78.7876,completed,3784.70,73755.73,0.4685,2.27,0.0000,0.1682,0.8107,3.2491,2.9645,6.0542,,,,
47.9734,7,7,30.9758,78.9488,completed,3785.21,73755.99,0.4698,2.29,0.0000,0.1175,0.6895,3.9850,2.3506,2.9390,5.5140,,,
34.6600,9,9,45.1406,79.8007,completed,3785.21,73755.99,0.4698,2.29,0.0000,0.2100,0.2562,0.2361,2.2134,1.3346,2.8030,4.7619,5.8137,
47.2981,7,7,29.9461,77.2441,completed,3785.77,73756.28,0.4740,2.33,0.0000,0.2005,0.1700,1.5877,1.5281,4.1462,6.6480,,,
32.5202,10,10,44.2976,76.8176,completed,3785.77,73756.28,0.4740,2.33,0.0000,0.1403,0.1384,0.3273,1.8018,4.2078,2.0560,3.7476,4.5351,4.4588
30.3185,10,3,13.2053,43.5233,converged,3786.34,73756.57,0.4763,2.34,0.0000,0.0772,0.0514,,,,,,,
30.9767,10,10,35.7498,66.7258,completed,3786.34,73756.57,0.4763,2.34,0.0000,0.1300,0.1184,0.1528,1.0224,1.4213,1.6696,3.0267,5.0041,5.6974
25.4866,10,3,9.1595,34.6455,converged,3786.86,73756.84,0.4808,2.32,0.0000,0.0847,0.0618,,,,,,,
42.4725,8,8,28.7653,71.2373,completed,3786.86,73756.84,0.4808,2.32,0.0000,0.1146,0.1486,1.5068,5.3500,1.2055,2.8731,5.0732,,
39.3567,9,9,28.8493,68.2054,completed,3787.27,73757.05,0.4852,2.30,0.0000,0.1270,0.5211,1.9681,7.7989,8.1415,1.7884,1.8695,2.7750,
44.4381,8,8,25.5782,70.0162,completed,3787.27,73757.05,0.4852,2.30,0.0000,0.1719,0.1916,0.6920,3.3386,2.1847,4.4202,5.9822,,
34.1324,9,3,9.1330,43.2650,converged,3787.83,73757.35,0.4882,2.28,0.0000,0.0688,0.0628,,,,,,,
53.4995,6,6,20.0505,73.5495,completed,3787.83,73757.35,0.4882,2.28,0.0000,0.1919,0.9181,2.9195,2.4035,6.1773,,,,
48.8703,7,7,23.8582,72.7282,completed,3788.27,73757.59,0.4835,2.22,0.0000,0.0966,0.6415,3.6499,0.9102,3.7374,6.2922,,,
39.1906,9,9,29.8171,69.0071,completed,3788.27,73757.59,0.4835,2.22,0.0000,0.1245,0.1441,0.1455,1.6678,1.3933,2.5681,4.6328,5.7525,
24.9352,10,10,32.1080,57.0430,completed,3788.76,73757.84,0.4776,2.16,0.0000,0.0481,0.1539,0.4489,1.5366,1.6351,1.3094,4.6182,5.0087,4.7750
29.9433,10,3,9.4757,39.4188,converged,3788.76,73757.84,0.4776,2.16,0.0000,0.0908,0.0926,,,,,,,
34.1129,9,9,30.1939,64.3059,completed,3789.19,73758.06,0.4741,2.14,0.0000,0.0762,0.1037,0.8419,2.0699,1.4498,3.2354,5.3389,5.5414,
30.0930,10,10,31.2244,61.3174,completed,3789.19,73758.06,0.4741,2.14,0.0000,0.0981,0.1195,0.1038,0.7414,0.8695,2.1785,3.3396,5.0429,5.3646
53.1130,6,6,31.4446,84.5576,completed,3789.61,73758.27,0.4716,2.04,0.0000,0.2244,1.3683,3.2510,2.2663,5.5230,,,,
39.7035,9,9,42.1501,81.8531,completed,3789.61,73758.27,0.4716,2.04,0.0000,0.1275,0.1282,0.6770,2.9828,0.6174,2.4122,4.4923,5.5908,
45.8444,8,8,25.7755,71.6196,completed,3790.14,73758.54,0.4692,1.89,0.0000,0.0853,0.1426,1.4930,2.1499,1.0277,5.3519,6.1648,,
39.6469,9,9,34.3340,73.9800,completed,3790.14,73758.54,0.4692,1.89,0.0000,0.1097,0.1232,0.2855,2.0299,0.7026,2.5500,4.7891,5.5066,
31.9041,10,3,9.2627,41.1668,converged,3790.54,73758.75,0.4675,1.78,0.0000,0.0692,0.0519,,,,,,,
37.1383,9,9,29.1000,66.2380,completed,3790.54,73758.75,0.4675,1.78,0.0000,0.1151,0.2190,0.7811,2.8636,1.5745,2.2184,4.6103,5.2125,
52.9824,6,6,20.5936,73.5757,completed,3790.90,73758.93,0.4652,1.74,0.0000,0.1237,0.3968,1.9115,2.0936,5.6577,,,,
38.1355,9,9,29.8507,67.9858,completed,3790.90,73758.93,0.4652,1.74,0.0000,0.1321,0.1320,0.3962,1.9459,1.4841,2.7689,4.6310,5.4391,
23.8551,10,3,9.0995,32.9545,converged,3791.32,73759.14,0.4644,1.69,0.0000,0.0823,0.0850,,,,,,,
25.9512,10,4,11.9592,37.9102,converged,3791.43,73759.19,0.4640,1.68,0.0000,0.1060,0.1018,0.0825,,,,,,
42.1859,8,8,26.7737,68.9588,completed,3791.58,73759.27,0.4636,1.64,0.0000,0.1729,0.2111,0.2877,0.8785,2.4692,4.2574,5.6103,,
33.9194,10,10,31.6744,65.5934,completed,3791.58,73759.27,0.4636,1.64,0.0000,0.0691,0.1450,0.1797,0.5862,0.7887,2.7563,2.0382,3.7639,4.3479
56.5610,6,6,20.4551,77.0151,completed,3791.93,73759.44,0.4630,1.53,0.0000,0.2436,0.3863,1.5744,2.2422,5.4850,,,,
29.4922,10,10,39.2589,68.7509,completed,3791.93,73759.44,0.4630,1.53,0.0000,0.1051,0.1835,0.1671,0.7986,0.8660,1.6645,2.6725,4.0871,4.3811
40.4136,8,8,26.8609,67.2740,completed,3792.27,73759.61,0.4612,1.50,0.0000,0.1965,0.2397,0.5768,1.8666,0.9204,4.1529,5.2084,,
47.8145,7,7,23.6826,71.4967,completed,3792.27,73759.61,0.4612,1.50,0.0000,0.2078,0.2211,1.8930,1.1764,3.0909,4.8422,,,
53.1765,6,6,20.5434,73.7195,completed,3792.63,73759.79,0.4595,1.42,0.0000,0.1989,0.8066,5.8343,1.9384,3.4768,,,,
46.3926,7,7,23.4456,69.8377,completed,3792.63,73759.79,0.4595,1.42,0.0000,0.2321,0.2389,2.9524,0.7558,2.8333,4.8653,,,
48.6875,7,7,24.0111,72.6981,completed,3792.94,73759.94,0.4591,1.33,0.0000,0.2150,0.2546,3.3444,1.8376,3.1222,4.9712,,,
31.6343,10,10,32.4408,64.0748,completed,3792.94,73759.94,0.4591,1.33,0.0000,0.1443,0.1954,0.1022,0.8440,1.4532,1.2191,2.4348,3.8930,4.1964
28.6157,10,10,31.0860,59.7010,completed,3793.23,73760.09,0.4584,1.29,0.0000,0.1531,0.1662,0.1586,1.2137,1.6288,1.3525,3.1848,4.4427,4.6605
42.1827,8,8,29.9809,72.1629,completed,3793.23,73760.09,0.4584,1.29,0.0000,0.2140,0.3697,0.1516,1.4402,1.8983,3.4118,4.7364,,
25.2308,10,10,32.6184,57.8485,completed,3793.52,73760.23,0.4584,1.30,0.0000,0.1785,0.2134,0.1806,0.4043,1.1805,2.4642,2.7766,4.3384,4.8959
58.6750,5,5,17.9071,76.5821,completed,3793.52,73760.23,0.4584,1.30,0.0000,0.3702,0.4511,1.4020,4.8909,,,,,
41.1941,8,8,24.9010,66.0950,completed,3793.79,73760.36,0.4574,1.30,0.0000,0.2253,0.2766,0.1046,0.7414,1.9187,3.8947,5.2442,,
37.0144,9,9,30.5643,67.5783,completed,3793.79,73760.36,0.4574,1.30,0.0000,0.2151,0.2864,0.3970,0.2345,0.6870,2.6030,4.7653,5.0170,
53.0872,6,6,20.3053,73.3924,completed,3794.07,73760.50,0.4558,1.25,0.0000,0.2365,0.1612,2.4960,1.1747,4.4435,,,,
48.5575,7,7,22.7067,71.2637,completed,3794.07,73760.50,0.4558,1.25,0.0000,0.2343,0.2557,2.9070,2.9197,0.7381,3.5893,,,
36.3393,9,9,28.1960,64.5350,completed,3794.35,73760.64,0.4530,1.22,0.0000,0.1945,0.2803,0.1120,1.6277,1.5461,1.0268,2.8279,3.9629,
43.1136,8,8,25.9265,69.0396,completed,3794.35,73760.64,0.4530,1.22,0.0000,0.2286,0.2430,0.3763,1.9468,1.7328,2.9957,4.2422,,
52.3965,6,6,23.2831,75.6792,completed,3794.61,73760.76,0.4497,1.11,0.0000,0.2869,0.2773,0.7267,2.8295,5.6676,,,,
35.5086,9,9,28.9861,64.4942,completed,3794.61,73760.76,0.4497,1.11,0.0000,0.2196,0.2580,0.1519,0.7007,0.3573,2.1037,4.0069,4.5627,
47.9750,7,7,26.2268,74.2009,completed,3794.85,73760.88,0.4473,1.03,0.0000,0.2097,0.1614,0.5806,0.7195,3.9894,5.7104,,,
42.4001,8,8,26.5885,68.9886,completed,3794.85,73760.88,0.4473,1.03,0.0000,0.2441,0.3392,0.1873,0.8642,1.1169,3.0528,4.3288,,
36.0374,9,9,28.7716,64.8086,completed,3795.08,73760.99,0.4487,0.99,0.0000,0.1856,0.2000,0.2665,0.1768,0.5393,2.9227,4.9795,5.0410,
47.9272,7,7,23.4493,71.3763,completed,3795.08,73760.99,0.4487,0.99,0.0000,0.2644,0.2137,0.9803,1.1589,2.0568,4.2204,,,
29.0575,10,10,31.1672,60.2243,completed,3795.30,73761.10,0.4508,0.96,0.0000,0.1267,0.1633,0.1052,0.3063,1.1352,0.9964,1.9339,3.8128,4.2554
51.1915,7,7,26.9433,78.1343,completed,3795.30,73761.10,0.4508,0.96,0.0000,0.1942,0.1365,0.5916,1.0119,2.9839,4.8728,,,
22.4611,10,3,10.1775,32.6386,converged,3795.51,73761.20,0.4508,0.94,0.0000,0.0941,0.0844,,,,,,,
50.0786,7,7,24.3293,74.4073,completed,3795.51,73761.20,0.4508,0.94,0.0000,0.2116,0.1576,0.9164,1.0689,2.4236,4.4991,,,
27.4326,10,10,33.1826,60.6146,completed,3795.70,73761.29,0.4499,0.92,0.0000,0.1226,0.1498,0.1310,0.1739,1.0055,0.6135,1.4655,3.2586,4.0053
40.7278,8,4,11.5026,52.2296,converged,3795.70,73761.29,0.4499,0.92,0.0000,0.1955,0.2430,0.0414,,,,,,
47.4912,7,7,22.4443,69.9353,completed,3795.88,73761.38,0.4488,0.86,0.0000,0.1121,0.1472,1.3489,2.3348,1.9594,4.0432,,,
31.7725,10,10,41.5435,73.3155,completed,3795.88,73761.38,0.4488,0.86,0.0000,0.1539,0.1696,0.1110,0.4227,0.9982,0.7334,2.6215,3.8468,4.0888
45.3735,8,4,11.9432,57.3163,converged,3796.09,73761.48,0.4484,0.79,0.0000,0.1213,0.1117,0.0511,,,,,,
27.1573,10,4,11.8140,38.9710,converged,3796.09,73761.48,0.4484,0.79,0.0000,0.1296,0.1359,0.0685,,,,,,
45.5481,8,3,8.8540,54.4021,converged,3796.24,73761.55,0.4474,0.74,0.0000,0.0753,0.0632,,,,,,,
26.4319,10,3,9.7418,36.1729,converged,3796.24,73761.55,0.4474,0.74,0.0000,0.0847,0.0739,,,,,,,
52.0227,6,6,20.6234,72.6455,completed,3796.37,73761.61,0.4475,0.70,0.0000,0.1626,0.1768,1.0991,0.3413,3.6088,,,,
50.7939,7,7,34.9102,85.7033,completed,3796.37,73761.61,0.4475,0.70,0.0000,0.1470,0.1416,0.1664,0.4721,3.6155,5.0488,,,
25.3938,10,3,10.5266,35.9197,converged,3796.55,73761.70,0.4487,0.75,0.0000,0.0684,0.0686,,,,,,,
53.1708,6,6,20.0947,73.2648,completed,3796.55,73761.70,0.4487,0.75,0.0000,0.1313,0.1781,0.3319,1.7308,4.5804,,,,
22.5061,10,3,10.0837,32.5898,converged,3796.71,73761.77,0.4499,0.79,0.0000,0.0596,0.0435,,,,,,,
53.8671,6,6,21.4636,75.3306,completed,3796.71,73761.77,0.4499,0.79,0.0000,0.0837,0.3268,2.5121,0.9293,4.0436,,,,
49.5395,7,3,8.9363,58.4754,converged,3796.85,73761.84,0.4497,0.74,0.0000,0.0864,0.0633,,,,,,,
40.6425,8,3,10.6523,51.2943,converged,3796.85,73761.84,0.4497,0.74,0.0000,0.0530,0.0601,,,,,,,
22.3068,10,3,10.5804,32.8865,converged,3797.00,73761.91,0.4488,0.74,0.0000,0.0364,0.0452,,,,,,,
34.0027,9,3,8.9024,42.9044,converged,3797.00,73761.91,0.4488,0.74,0.0000,0.0686,0.0702,,,,,,,
38.9571,9,3,8.9052,47.8623,converged,3797.13,73761.98,0.4483,0.75,0.0000,0.0366,0.0591,,,,,,,
27.4746,10,3,11.3126,38.7866,converged,3797.13,73761.98,0.4483,0.75,0.0000,0.0542,0.0863,,,,,,,
31.7438,10,3,8.9877,40.7307,converged,3797.27,73762.04,0.4481,0.81,0.0000,0.0439,0.0832,,,,,,,
24.7533,10,3,8.9412,33.6942,converged,3797.27,73762.04,0.4481,0.81,0.0000,0.0550,0.0684,,,,,,,
51.7989,7,3,10.2012,61.9992,converged,3797.40,73762.11,0.4486,0.89,0.0000,0.0455,0.0596,,,,,,,
25.0909,10,3,9.2229,34.3130,converged,3797.40,73762.11,0.4486,0.89,0.0000,0.0572,0.0768,,,,,,,
44.2143,8,3,9.0227,53.2367,converged,3797.59,73762.20,0.4497,0.99,0.0000,0.0420,0.0570,,,,,,,
59.0265,5,5,18.4537,77.4797,completed,3797.59,73762.20,0.4497,0.99,0.0000,0.0746,0.2485,0.6554,3.9934,,,,,
32.7236,10,3,9.6075,42.3305,converged,3797.80,73762.30,0.4508,1.10,0.0000,0.0473,0.0615,,,,,,,
36.0056,9,3,9.8245,45.8295,converged,3797.80,73762.30,0.4508,1.10,0.0000,0.0638,0.0980,,,,,,,
36.4333,9,3,9.2685,45.7016,converged,3798.04,73762.42,0.4527,1.21,0.0000,0.0430,0.0480,,,,,,,
38.7074,9,3,9.2794,47.9864,converged,3798.04,73762.42,0.4527,1.21,0.0000,0.0530,0.0557,,,,,,,
56.2070,6,6,20.5449,76.7509,completed,3798.26,73762.53,0.4548,1.27,0.0000,0.0689,0.1435,0.3147,1.3872,4.1359,,,,
59.1237,5,5,17.9439,77.0669,completed,3798.26,73762.53,0.4548,1.27,0.0000,0.0708,0.2292,0.4162,3.7407,,,,,
31.3767,10,3,9.8212,41.1973,converged,3798.59,73762.69,0.4562,1.38,0.0000,0.0387,0.0421,,,,,,,
40.9812,8,3,9.5054,50.4864,converged,3798.59,73762.69,0.4562,1.38,0.0000,0.0640,0.0725,,,,,,,
31.6604,10,3,9.6484,41.3084,converged,3798.87,73762.83,0.4584,1.43,0.0000,0.0632,0.0902,,,,,,,
32.8408,10,3,9.6707,42.5107,converged,3798.87,73762.83,0.4584,1.43,0.0000,0.0507,0.0555,,,,,,,
45.7192,8,3,8.7683,54.4874,converged,3799.13,73762.95,0.4611,1.45,0.0000,0.0603,0.0765,,,,,,,
29.4039,10,3,9.3103,38.7133,converged,3799.13,73762.95,0.4611,1.45,0.0000,0.0578,0.0869,,,,,,,
52.9878,6,6,20.2277,73.2147,completed,3799.40,73763.09,0.4629,1.52,0.0000,0.0982,0.3536,3.2637,1.2149,4.1913,,,,
50.4072,7,7,22.7633,73.1703,completed,3799.40,73763.09,0.4629,1.52,0.0000,0.0774,0.1097,0.3259,0.4360,2.6278,4.5364,,,
54.2454,6,6,20.9486,75.1936,completed,3799.75,73763.26,0.4659,1.61,0.0000,0.0899,0.1499,0.1232,0.9284,3.4170,,,,
46.8431,7,3,9.4621,56.3051,converged,3799.75,73763.26,0.4659,1.61,0.0000,0.0803,0.0857,,,,,,,
44.3765,8,3,10.0105,54.3866,converged,3800.11,73763.45,0.4700,1.66,0.0000,0.0597,0.0562,,,,,,,
38.9719,9,3,9.1010,48.0721,converged,3800.11,73763.45,0.4700,1.66,0.0000,0.0652,0.0803,,,,,,,
44.1968,8,8,25.9306,70.1266,completed,3800.41,73763.60,0.4747,1.65,0.0000,0.0808,0.1056,0.1771,0.2139,0.7083,2.1202,3.5607,,
25.6504,10,3,8.8240,34.4740,converged,3800.41,73763.60,0.4747,1.65,0.0000,0.0601,0.0784,,,,,,,
24.1407,10,3,9.0936,33.2337,converged,3800.74,73763.77,0.4792,1.67,0.0000,0.0526,0.0645,,,,,,,
30.2830,10,3,9.2604,39.5425,converged,3800.74,73763.77,0.4792,1.67,0.0000,0.0519,0.0565,,,,,,,
53.2263,6,6,20.4450,73.6710,completed,3801.00,73763.91,0.4824,1.72,0.0000,0.1106,0.2777,0.1773,1.2040,3.9209,,,,
48.0565,7,3,9.1922,57.2482,converged,3801.00,73763.91,0.4824,1.72,0.0000,0.0899,0.0657,,,,,,,
23.5012,10,3,9.4097,32.9107,converged,3801.39,73764.11,0.4870,1.77,0.0000,0.0518,0.0473,,,,,,,
40.5206,8,8,25.0761,65.5962,completed,3801.39,73764.11,0.4870,1.77,0.0000,0.0817,0.1024,0.2269,0.2519,0.8018,2.6159,3.5713,,
34.9237,9,3,8.7725,43.6955,converged,3801.70,73764.28,0.4900,1.79,0.0000,0.0585,0.0639,,,,,,,
20.7235,10,3,12.6770,33.4001,converged,3801.70,73764.28,0.4900,1.79,0.0000,0.0678,0.0586,,,,,,,
48.1145,7,3,11.8249,59.9389,converged,3802.02,73764.44,0.4917,1.80,0.0000,0.0825,0.0776,,,,,,,
46.6881,7,3,11.1556,57.8437,converged,3802.02,73764.44,0.4917,1.80,0.0000,0.0962,0.0920,,,,,,,
48.9274,7,3,9.0298,57.9568,converged,3802.38,73764.64,0.4934,1.82,0.0000,0.0910,0.0747,,,,,,,
48.4031,7,3,9.4157,57.8187,converged,3802.38,73764.64,0.4934,1.82,0.0000,0.0861,0.0728,,,,,,,
39.2182,9,3,9.7681,48.9861,converged,3802.78,73764.86,0.4913,1.88,0.0000,0.0693,0.0630,,,,,,,
37.5449,9,3,8.7146,46.2586,converged,3802.78,73764.86,0.4913,1.88,0.0000,0.0736,0.0733,,,,,,,
59.7939,5,3,8.9161,68.7091,converged,3803.12,73765.04,0.4903,1.93,0.0000,0.0959,0.0877,,,,,,,
20.6001,10,3,9.2454,29.8455,converged,3803.12,73765.04,0.4903,1.93,0.0000,0.0683,0.0872,,,,,,,
22.8416,10,3,9.0963,31.9373,converged,3803.46,73765.22,0.4919,1.96,0.0000,0.0654,0.0573,,,,,,,
43.8695,8,8,25.4226,69.2916,completed,3803.46,73765.22,0.4919,1.96,0.0000,0.1347,0.1578,0.2278,0.7269,0.5520,1.8826,2.8245,,
53.6953,6,6,20.6566,74.3516,completed,3803.86,73765.43,0.4962,1.99,0.0000,0.2054,1.1864,5.5286,0.5904,3.9842,,,,
35.8569,9,9,28.9771,64.8331,completed,3803.86,73765.43,0.4962,1.99,0.0000,0.1063,0.1242,0.2805,0.8831,1.4616,0.6775,1.9588,2.5486,
42.5551,8,8,26.2884,68.8434,completed,3804.30,73765.67,0.4987,2.03,0.0000,0.0826,0.1104,0.3781,0.8595,0.3629,1.3305,2.2302,,
39.8853,9,3,9.3583,49.2433,converged,3804.30,73765.67,0.4987,2.03,0.0000,0.1048,0.0871,,,,,,,
56.7868,6,6,21.5115,78.2975,completed,3804.70,73765.89,0.4976,2.05,0.0000,0.1255,0.3942,0.7075,0.4613,2.1238,,,,
20.2447,10,10,37.7138,57.9578,completed,3804.70,73765.89,0.4976,2.05,0.0000,0.0872,0.1086,0.1354,0.2889,0.8358,0.4794,1.0409,2.1142,2.1054
25.9325,10,10,33.3687,59.3008,completed,3805.16,73766.14,0.4959,2.08,0.0000,0.0918,0.1206,0.1936,0.6725,1.2310,0.5129,0.7412,1.5078,1.6976
24.2378,10,10,31.4310,55.6680,completed,3805.16,73766.14,0.4959,2.08,0.0000,0.0914,0.1190,0.1541,0.3104,0.8048,0.4508,0.9248,1.9283,1.9624
36.1574,9,9,29.1582,65.3153,completed,3805.57,73766.36,0.4946,2.10,0.0000,0.0882,0.1175,0.2036,0.1727,1.1715,0.5770,1.3169,1.7667,
25.9559,10,10,31.8824,57.8374,completed,3805.57,73766.36,0.4946,2.10,0.0000,0.0910,0.1269,0.1523,0.2220,0.6973,0.3742,0.8054,1.5888,1.7322
42.8675,8,8,28.4549,71.3220,completed,3806.03,73766.61,0.4950,2.10,0.0000,0.1155,0.1950,0.6034,1.0565,0.4388,1.1643,1.8256,,
26.0716,10,3,9.6107,35.6817,converged,3806.03,73766.61,0.4950,2.10,0.0000,0.0649,0.0587,,,,,,,
28.2530,10,10,32.1267,60.3797,completed,3806.45,73766.83,0.4948,2.09,0.0000,0.0896,0.1471,0.4458,2.8148,1.3576,1.3888,1.8567,1.7554,1.9878
29.1946,10,3,9.2813,38.4753,converged,3806.45,73766.83,0.4948,2.09,0.0000,0.0876,0.0722,,,,,,,
56.0204,6,6,30.8521,86.8722,completed,3806.81,73767.03,0.4942,2.10,0.0000,0.1100,0.1851,0.5146,0.4912,1.6566,,,,
27.0208,10,3,9.5597,36.5797,converged,3806.81,73767.03,0.4942,2.10,0.0000,0.0751,0.0709,,,,,,,
33.4898,10,3,9.0465,42.5355,converged,3807.28,73767.28,0.4947,2.09,0.0000,0.0583,0.0755,,,,,,,
45.4499,8,8,31.7898,77.2388,completed,3807.28,73767.28,0.4947,2.09,0.0000,0.1017,0.1413,0.5528,0.8112,0.3689,0.8364,1.7335,,
49.3372,7,7,24.0090,73.3460,completed,3807.74,73767.53,0.4975,2.12,0.0000,0.0871,0.1610,0.4137,0.7129,0.5751,1.6650,,,
59.6751,5,5,20.1123,79.7874,completed,3807.74,73767.53,0.4975,2.12,0.0000,0.1978,0.6047,0.6094,1.8188,,,,,
35.7934,9,3,9.6512,45.4442,converged,3808.21,73767.79,0.5028,2.16,0.0000,0.0448,0.0252,,,,,,,
20.5248,10,3,8.9587,29.4827,converged,3808.21,73767.79,0.5028,2.16,0.0000,0.0618,0.0578,,,,,,,
38.1066,9,3,8.8491,46.9551,converged,3808.59,73768.00,0.5062,2.19,0.0000,0.0619,0.0618,,,,,,,
38.6340,9,3,9.1170,47.7501,converged,3808.59,73768.00,0.5062,2.19,0.0000,0.0665,0.0744,,,,,,,
34.3137,9,3,9.2580,43.5710,converged,3808.97,73768.21,0.5077,2.22,0.0000,0.0463,0.0509,,,,,,,
24.4183,10,3,9.1472,33.5652,converged,3808.97,73768.21,0.5077,2.22,0.0000,0.0633,0.0723,,,,,,,
31.0811,10,3,13.5447,44.6258,converged,3809.36,73768.43,0.5075,2.24,0.0000,0.0463,0.0943,,,,,,,
48.4814,7,3,9.0422,57.5232,converged,3809.36,73768.43,0.5075,2.24,0.0000,0.0758,0.0702,,,,,,,
48.0747,7,7,23.4291,71.5032,completed,3809.81,73768.67,0.5070,2.26,0.0000,0.0878,0.1894,0.2667,0.3177,0.5408,1.4625,,,
52.0075,6,3,9.0693,61.0764,converged,3809.81,73768.67,0.5070,2.26,0.0000,0.0892,0.0781,,,,,,,
33.9179,10,3,9.6768,43.5939,converged,3810.30,73768.95,0.5050,2.26,0.0000,0.0422,0.0408,,,,,,,
58.4640,5,5,18.1701,76.6331,completed,3810.30,73768.95,0.5050,2.26,0.0000,0.0749,0.1688,0.7398,1.4210,,,,,
38.2307,9,3,9.3476,47.5776,converged,3810.80,73769.22,0.5022,2.29,0.0000,0.0445,0.0329,,,,,,,
26.4582,10,3,9.0218,35.4798,converged,3810.80,73769.22,0.5022,2.29,0.0000,0.0523,0.0449,,,,,,,
56.5847,6,3,9.1271,65.7112,converged,3811.20,73769.44,0.5031,2.31,0.0000,0.0696,0.0877,,,,,,,
20.4092,10,3,8.9884,29.3974,converged,3811.20,73769.44,0.5031,2.31,0.0000,0.0417,0.0364,,,,,,,
30.5024,10,3,8.9371,39.4391,converged,3811.61,73769.67,0.5062,2.32,0.0000,0.0396,0.0424,,,,,,,
40.1791,8,3,9.1082,49.2872,converged,3811.61,73769.67,0.5062,2.32,0.0000,0.0701,0.0628,,,,,,,
33.5505,10,3,8.7264,42.2764,converged,3812.01,73769.89,0.5077,2.32,0.0000,0.0371,0.0470,,,,,,,
30.8978,10,3,9.1056,40.0026,converged,3812.01,73769.89,0.5077,2.32,0.0000,0.0524,0.0538,,,,,,,
30.6345,10,3,8.6141,39.2481,converged,3812.42,73770.12,0.5095,2.30,0.0000,0.0360,0.0413,,,,,,,
58.6230,5,3,8.8650,67.4881,converged,3812.42,73770.12,0.5095,2.30,0.0000,0.0968,0.0870,,,,,,,
35.7524,9,3,8.8499,44.6020,converged,3812.87,73770.37,0.5107,2.30,0.0000,0.0501,0.0580,,,,,,,
41.7617,8,3,8.9497,50.7108,converged,3812.87,73770.37,0.5107,2.30,0.0000,0.0546,0.0574,,,,,,,
48.7319,7,3,9.4499,58.1810,converged,3813.27,73770.60,0.5109,2.29,0.0000,0.0489,0.0514,,,,,,,
52.1303,6,3,9.0791,61.2091,converged,3813.27,73770.60,0.5109,2.29,0.0000,0.0642,0.0513,,,,,,,
20.6442,10,3,9.3458,29.9898,converged,3813.72,73770.85,0.5108,2.29,0.0000,0.0326,0.0421,,,,,,,
32.7345,10,3,9.2523,41.9863,converged,3813.72,73770.85,0.5108,2.29,0.0000,0.0437,0.0477,,,,,,,
22.9705,10,3,9.2699,32.2400,converged,3814.12,73771.07,0.5089,2.29,0.0000,0.0335,0.0429,,,,,,,
31.8615,10,3,9.6049,41.4659,converged,3814.12,73771.07,0.5089,2.29,0.0000,0.0406,0.0436,,,,,,,
47.2549,7,3,9.0746,56.3286,converged,3814.47,73771.27,0.5068,2.30,0.0000,0.0632,0.0659,,,,,,,
26.0478,10,3,9.4399,35.4870,converged,3814.47,73771.27,0.5068,2.30,0.0000,0.0506,0.0571,,,,,,,
48.7353,7,3,9.2671,58.0021,converged,3814.92,73771.52,0.5042,2.29,0.0000,0.0701,0.0515,,,,,,,
32.4820,10,3,8.9502,41.4323,converged,3814.92,73771.52,0.5042,2.29,0.0000,0.0460,0.0528,,,,,,,
25.0158,10,3,9.3034,34.3184,converged,3815.32,73771.74,0.5018,2.29,0.0000,0.0512,0.0531,,,,,,,
45.4444,8,3,8.7194,54.1635,converged,3815.32,73771.74,0.5018,2.29,0.0000,0.0693,0.0613,,,,,,,
43.2617,8,3,9.1504,52.4114,converged,3815.72,73771.96,0.4992,2.30,0.0000,0.0680,0.0639,,,,,,,
24.2121,10,3,13.5052,37.7172,converged,3815.72,73771.96,0.4992,2.30,0.0000,0.0482,0.0501,,,,,,,
55.5044,6,6,19.8403,75.3443,completed,3816.18,73772.21,0.4975,2.31,0.0000,0.1023,0.1809,0.1930,0.8404,0.6178,,,,
45.0535,8,3,9.1445,54.1976,converged,3816.18,73772.21,0.4975,2.31,0.0000,0.0862,0.0892,,,,,,,
53.2668,6,6,20.5378,73.8038,completed,3816.69,73772.48,0.4934,2.35,0.0000,0.0702,0.1096,0.8386,0.4639,0.8468,,,,
24.3931,10,3,9.4743,33.8674,converged,3816.69,73772.48,0.4934,2.35,0.0000,0.0546,0.0527,,,,,,,
38.3640,9,3,9.0517,47.4158,converged,3817.17,73772.74,0.4884,2.44,0.0000,0.0518,0.0261,,,,,,,
54.1408,6,6,20.6172,74.7572,completed,3817.17,73772.74,0.4884,2.44,0.0000,0.0671,0.1434,0.7780,0.2892,0.7394,,,,
44.8031,8,3,8.7801,53.5831,converged,3817.66,73773.00,0.4816,2.55,0.0000,0.0717,0.0433,,,,,,,
41.3967,8,3,13.1031,54.4991,converged,3817.66,73773.00,0.4816,2.55,0.0000,0.0849,0.0695,,,,,,,
37.6381,9,3,8.7744,46.4124,converged,3818.24,73773.30,0.4677,2.66,0.0000,0.0719,0.0595,,,,,,,
59.7610,5,5,26.9220,86.6831,completed,3818.24,73773.30,0.4677,2.66,0.0000,0.1441,0.1357,0.5006,0.9283,,,,,
37.2729,9,3,9.6820,46.9540,converged,3818.85,73773.59,0.4431,2.74,0.0000,0.0642,0.0669,,,,,,,
46.6980,7,3,9.2181,55.9161,converged,3818.85,73773.59,0.4431,2.74,0.0000,0.0850,0.0525,,,,,,,
20.1943,10,3,9.3725,29.5666,converged,3819.41,73773.85,0.4105,2.79,0.0000,0.0413,0.0429,,,,,,,
34.2020,9,3,9.3785,43.5805,converged,3819.41,73773.85,0.4105,2.79,0.0000,0.0595,0.0547,,,,,,,
45.7322,8,3,8.7944,54.5265,converged,3819.87,73774.04,0.3828,2.83,0.0000,0.0460,0.0223,,,,,,,
56.1019,6,3,8.9822,65.0833,converged,3819.87,73774.04,0.3828,2.83,0.0000,0.1037,0.0503,,,,,,,
39.4069,9,3,9.2043,48.6103,converged,3820.47,73774.27,0.3450,2.89,0.0000,0.0380,0.0469,,,,,,,
57.2947,6,6,20.5420,77.8360,completed,3820.47,73774.27,0.3450,2.89,0.0000,0.0528,0.1236,0.4679,0.4642,0.8026,,,,
57.6739,6,6,20.2530,77.9260,completed,3821.16,73774.50,0.2974,2.91,0.0000,0.0468,0.1093,0.8707,0.2480,0.6154,,,,
32.9844,10,3,9.3910,42.3750,converged,3821.16,73774.50,0.2974,2.91,0.0000,0.0218,0.0210,,,,,,,
35.9023,9,3,9.4025,45.3046,converged,3821.79,73774.68,0.2474,2.94,0.0000,0.0568,0.0769,,,,,,,
23.3656,10,3,9.3929,32.7579,converged,3821.79,73774.68,0.2474,2.94,0.0000,0.0397,0.0377,,,,,,,
22.7412,10,3,8.7287,31.4698,converged,3822.37,73774.81,0.2002,2.99,0.0000,0.0767,0.0896,,,,,,,
23.6878,10,3,9.2709,32.9579,converged,3822.37,73774.81,0.2002,2.99,0.0000,0.0464,0.0496,,,,,,,
55.9746,6,6,20.5090,76.4830,completed,3822.89,73774.90,0.1572,3.03,0.0000,0.1716,0.1447,0.3195,0.4028,0.9050,,,,
55.7547,6,6,20.5406,76.2946,completed,3822.89,73774.90,0.1572,3.03,0.0000,0.0994,0.1275,0.3817,0.6341,0.9096,,,,
33.4766,10,3,8.7781,42.2541,converged,3823.64,73775.00,0.0901,3.04,0.0000,0.0595,0.0619,,,,,,,
52.3808,6,6,20.9835,73.3635,completed,3823.64,73775.00,0.0901,3.04,0.0000,0.1087,0.1230,0.2853,0.4020,0.7988,,,,
31.3857,10,3,8.7704,40.1555,converged,3824.32,73775.04,0.0273,2.99,0.0000,0.0715,0.0902,,,,,,,
55.1240,6,6,19.8639,74.9869,completed,3824.32,73775.04,0.0273,2.99,0.0000,0.1512,0.1919,0.3668,0.5740,1.1406,,,,
26.2835,10,10,31.9932,58.2763,completed,3824.99,73775.03,-0.0377,2.93,0.0000,0.0641,0.1024,0.1025,0.1794,0.3509,0.3436,0.8158,1.0480,0.9322
23.3527,10,3,9.1980,32.5500,converged,3824.99,73775.03,-0.0377,2.93,0.0000,0.0498,0.0722,,,,,,,
29.6120,10,3,9.2081,38.8192,converged,3825.64,73774.99,-0.1029,2.88,0.0000,0.0369,0.0640,,,,,,,
24.9198,10,3,9.5236,34.4426,converged,3825.64,73774.99,-0.1029,2.88,0.0000,0.0465,0.0722,,,,,,,
32.2452,10,3,9.2536,41.4987,converged,3826.13,73774.92,-0.1493,2.85,0.0000,0.0287,0.0410,,,,,,,
50.4933,7,3,8.8493,59.3424,converged,3826.13,73774.92,-0.1493,2.85,0.0000,0.0250,0.0393,,,,,,,
55.1143,6,3,8.9076,64.0216,converged,3826.69,73774.83,-0.1992,2.80,0.0000,0.0437,0.0364,,,,,,,
59.3697,5,5,17.4060,76.7750,completed,3826.69,73774.83,-0.1992,2.80,0.0000,0.0263,0.1256,0.3473,2.0291,,,,,
58.0001,5,5,19.8361,77.8361,completed,3827.36,73774.67,-0.2636,2.69,0.0000,0.0732,0.1972,0.4765,2.1114,,,,,
42.1204,8,3,9.1863,51.3063,converged,3827.36,73774.67,-0.2636,2.69,0.0000,0.0180,0.0375,,,,,,,
36.8800,9,3,9.0922,45.9713,converged,3827.99,73774.48,-0.3350,2.62,0.0000,0.0124,0.0332,,,,,,,
41.2763,8,3,9.1143,50.3904,converged,3827.99,73774.48,-0.3350,2.62,0.0000,0.0120,0.0247,,,,,,,
33.4251,10,3,9.8877,43.3127,converged,3828.48,73774.29,-0.3933,2.61,0.0000,0.0093,0.0227,,,,,,,
50.1091,7,3,9.0053,59.1143,converged,3828.48,73774.29,-0.3933,2.61,0.0000,0.0183,0.0570,,,,,,,
42.1648,8,3,9.2653,51.4293,converged,3829.01,73774.05,-0.4584,2.58,0.0000,0.0148,0.0186,,,,,,,
28.2984,10,3,8.8970,37.1950,converged,3829.01,73774.05,-0.4584,2.58,0.0000,0.0070,0.0232,,,,,,,
44.9641,8,3,9.5408,54.5048,converged,3829.46,73773.81,-0.5159,2.53,0.0000,0.0121,0.0272,,,,,,,
37.3386,9,3,9.2564,46.5944,converged,3829.46,73773.81,-0.5159,2.53,0.0000,0.0122,0.0279,,,,,,,
37.9387,9,3,9.3085,47.2465,converged,3829.89,73773.55,-0.5702,2.47,0.0000,0.0241,0.0110,,,,,,,
38.2079,9,3,11.5932,49.8003,converged,3829.89,73773.55,-0.5702,2.47,0.0000,0.0178,0.0227,,,,,,,
26.5482,10,3,8.9209,35.4689,converged,3830.34,73773.24,-0.6266,2.40,0.0000,0.0200,0.0117,,,,,,,
25.1201,10,3,9.2279,34.3480,converged,3830.34,73773.24,-0.6266,2.40,0.0000,0.0162,0.0100,,,,,,,
54.3050,6,3,10.0066,64.3106,converged,3830.67,73772.99,-0.6682,2.34,0.0000,0.0233,0.0822,,,,,,,
33.0083,10,3,9.4233,42.4314,converged,3830.67,73772.99,-0.6682,2.34,0.0000,0.0282,0.0065,,,,,,,
27.8639,10,3,9.4247,37.2877,converged,3831.07,73772.66,-0.7178,2.25,0.0000,0.0251,0.0110,,,,,,,
59.6722,5,3,8.8977,68.5698,converged,3831.07,73772.66,-0.7178,2.25,0.0000,0.0365,0.0416,,,,,,,
35.5314,9,3,8.9485,44.4795,converged,3831.44,73772.33,-0.7639,2.15,0.0000,0.0247,0.0105,,,,,,,
58.0441,5,5,17.8752,75.9193,completed,3831.44,73772.33,-0.7639,2.15,0.0000,0.0537,0.1241,0.4413,2.1794,,,,,
46.1735,7,3,9.7391,55.9121,converged,3831.77,73771.99,-0.8081,2.05,0.0000,0.0277,0.0225,,,,,,,
48.9341,7,3,9.8863,58.8204,converged,3831.77,73771.99,-0.8081,2.05,0.0000,0.0303,0.0264,,,,,,,
46.7163,7,3,9.2422,55.9582,converged,3832.08,73771.66,-0.8474,1.98,0.0000,0.0271,0.0107,,,,,,,
59.2006,5,5,18.5628,77.7629,completed,3832.08,73771.66,-0.8474,1.98,0.0000,0.0253,0.1073,0.6029,2.3175,,,,,
38.1330,9,3,9.9121,48.0451,converged,3832.39,73771.29,-0.8858,1.92,0.0000,0.0218,0.0107,,,,,,,
48.0799,7,3,9.3209,57.3999,converged,3832.39,73771.29,-0.8858,1.92,0.0000,0.0211,0.0375,,,,,,,
43.5219,8,3,9.5376,53.0586,converged,3832.66,73770.95,-0.9152,1.89,0.0000,0.0152,0.0191,,,,,,,
20.9626,10,3,9.5456,30.5076,converged,3832.66,73770.95,-0.9152,1.89,0.0000,0.0175,0.0071,,,,,,,
48.9558,7,3,9.3305,58.2856,converged,3832.86,73770.69,-0.9365,1.89,0.0000,0.0204,0.0178,,,,,,,
34.5636,9,3,10.0001,44.5631,converged,3832.86,73770.69,-0.9365,1.89,0.0000,0.0208,0.0148,,,,,,,
58.3698,5,3,12.6459,71.0149,converged,3833.11,73770.34,-0.9617,1.90,0.0000,0.0141,0.0537,,,,,,,
45.7808,8,3,9.1375,54.9175,converged,3833.11,73770.34,-0.9617,1.90,0.0000,0.0254,0.0126,,,,,,,
47.8138,7,3,9.4604,57.2735,converged,3833.37,73769.95,-0.9891,1.88,0.0000,0.0067,0.0220,,,,,,,
51.0368,7,3,12.5873,63.6234,converged,3833.37,73769.95,-0.9891,1.88,0.0000,0.0205,0.0320,,,,,,,
38.0183,9,3,9.3170,47.3350,converged,3833.60,73769.59,-1.0120,1.90,0.0000,0.0069,0.0224,,,,,,,
54.6959,6,3,9.0792,63.7742,converged,3833.60,73769.59,-1.0120,1.90,0.0000,0.0160,0.0337,,,,,,,
35.6300,9,3,8.8469,44.4760,converged,3833.82,73769.23,-1.0313,1.91,0.0000,0.0090,0.0198,,,,,,,
35.7160,9,3,8.8856,44.6007,converged,3833.82,73769.23,-1.0313,1.91,0.0000,0.0093,0.0210,,,,,,,
21.7282,10,3,9.3478,31.0759,converged,3834.02,73768.90,-1.0448,1.92,0.0000,0.0029,0.0105,,,,,,,
37.1592,9,3,8.9858,46.1449,converged,3834.09,73768.77,-1.0492,1.93,0.0000,0.0068,0.0194,,,,,,,
29.8915,10,3,9.1172,39.0082,converged,3834.09,73768.77,-1.0492,1.93,0.0000,0.0049,0.0135,,,,,,,
56.0656,6,3,9.0513,65.1163,converged,3834.28,73768.43,-1.0596,1.95,0.0000,0.0186,0.0441,,,,,,,
58.8088,5,3,9.0620,67.8701,converged,3834.28,73768.43,-1.0596,1.95,0.0000,0.0225,0.0476,,,,,,,
31.7616,10,3,9.0959,40.8569,converged,3834.52,73768.00,-1.0702,1.97,0.0000,0.0094,0.0248,,,,,,,
46.2448,7,3,9.1425,55.3865,converged,3834.52,73768.00,-1.0702,1.97,0.0000,0.0205,0.0363,,,,,,,
41.8815,8,3,9.2768,51.1578,converged,3834.71,73767.66,-1.0789,2.01,0.0000,0.0063,0.0281,,,,,,,
37.7157,9,3,9.9836,47.6987,converged,3834.71,73767.66,-1.0789,2.01,0.0000,0.0187,0.0310,,,,,,,
51.2756,7,3,9.9506,61.2256,converged,3834.93,73767.25,-1.0844,2.08,0.0000,0.0102,0.0310,,,,,,,
26.7796,10,3,14.5865,41.3655,converged,3834.93,73767.25,-1.0844,2.08,0.0000,0.0147,0.0276,,,,,,,
54.1501,6,3,9.2389,63.3889,converged,3835.15,73766.82,-1.0853,2.18,0.0000,0.0226,0.0319,,,,,,,
51.6186,7,3,10.2906,61.9086,converged,3835.15,73766.82,-1.0853,2.18,0.0000,0.0245,0.0379,,,,,,,
23.9069,10,3,9.1655,33.0716,converged,3835.41,73766.32,-1.0845,2.36,0.0000,0.0211,0.0433,,,,,,,
55.5869,6,3,9.2405,64.8265,converged,3835.41,73766.32,-1.0845,2.36,0.0000,0.0200,0.0113,,,,,,,
33.7362,10,3,9.4010,43.1371,converged,3835.64,73765.89,-1.0812,2.56,0.0000,0.0169,0.0317,,,,,,,
29.8576,10,3,9.2143,39.0713,converged,3835.64,73765.89,-1.0812,2.56,0.0000,0.0205,0.0361,,,,,,,
36.0950,9,3,9.2036,45.2976,converged,3835.90,73765.42,-1.0774,2.81,0.0000,0.0178,0.0300,,,,,,,
56.1511,6,3,9.1995,65.3505,converged,3835.90,73765.42,-1.0774,2.81,0.0000,0.0350,0.0346,,,,,,,
40.8887,8,3,9.3576,50.2456,converged,3836.21,73764.83,-1.0740,3.06,0.0000,0.0232,0.0419,,,,,,,
49.1780,7,3,9.2244,58.4024,converged,3836.21,73764.83,-1.0740,3.06,0.0000,0.0196,0.0243,,,,,,,
34.3483,9,3,9.5091,43.8572,converged,3836.55,73764.21,-1.0731,3.26,0.0000,0.0153,0.0251,,,,,,,
32.7007,10,3,9.7943,42.4943,converged,3836.55,73764.21,-1.0731,3.26,0.0000,0.0163,0.0284,,,,,,,
53.9479,6,3,9.2034,63.1504,converged,3836.87,73763.62,-1.0743,3.41,0.0000,0.0323,0.0425,,,,,,,
58.2715,5,3,8.9879,67.2589,converged,3836.87,73763.62,-1.0743,3.41,0.0000,0.0421,0.0675,,,,,,,
23.7260,10,3,8.9553,32.6813,converged,3837.29,73762.85,-1.0759,3.55,0.0000,0.0092,0.0263,,,,,,,
30.1314,10,3,9.2560,39.3870,converged,3837.29,73762.85,-1.0759,3.55,0.0000,0.0115,0.0284,,,,,,,
30.8451,10,3,9.2202,40.0652,converged,3837.58,73762.30,-1.0786,3.60,0.0000,0.0088,0.0251,,,,,,,
26.9189,10,3,14.3100,41.2281,converged,3837.58,73762.30,-1.0786,3.60,0.0000,0.0061,0.0209,,,,,,,
33.8808,10,3,13.5108,47.3908,converged,3837.92,73761.67,-1.0804,3.60,0.0000,0.0069,0.0209,,,,,,,
49.5578,7,3,9.9886,59.5456,converged,3837.92,73761.67,-1.0804,3.60,0.0000,0.0113,0.0383,,,,,,,
58.8507,5,5,16.7807,75.6307,completed,3838.30,73760.96,-1.0839,3.53,0.0000,0.0385,0.1320,0.1112,1.9959,,,,,
23.8749,10,3,9.0147,32.8887,converged,3838.30,73760.96,-1.0839,3.53,0.0000,0.0046,0.0198,,,,,,,
42.4561,8,3,8.6264,51.0824,converged,3838.66,73760.26,-1.0910,3.44,0.0000,0.0105,0.0430,,,,,,,
22.4381,10,3,9.2758,31.7138,converged,3838.66,73760.26,-1.0910,3.44,0.0000,0.0041,0.0183,,,,,,,
55.4447,6,3,9.2715,64.7155,converged,3838.94,73759.73,-1.0947,3.38,0.0000,0.0123,0.0641,,,,,,,
35.4334,9,3,8.7833,44.2164,converged,3838.94,73759.73,-1.0947,3.38,0.0000,0.0076,0.0284,,,,,,,
28.3807,10,3,9.6823,38.0623,converged,3839.28,73759.07,-1.0983,3.29,0.0000,0.0094,0.0413,,,,,,,
41.0702,8,3,8.8254,49.8954,converged,3839.28,73759.07,-1.0983,3.29,0.0000,0.0028,0.0141,,,,,,,
37.2956,9,3,13.1771,50.4721,converged,3839.57,73758.49,-1.1007,3.18,0.0000,0.0060,0.0389,,,,,,,
47.9295,7,3,8.7534,56.6825,converged,3839.57,73758.49,-1.1007,3.18,0.0000,0.0064,0.0282,,,,,,,
40.6331,8,3,8.8540,49.4871,converged,3839.89,73757.86,-1.1031,3.04,0.0000,0.0189,0.0266,,,,,,,
47.2981,7,3,9.5835,56.8815,converged,3839.89,73757.86,-1.1031,3.04,0.0000,0.0067,0.0069,,,,,,,
46.0658,7,7,21.7458,67.8108,completed,3840.19,73757.27,-1.1056,2.89,0.0000,0.0860,0.1020,0.2795,1.6977,1.7157,2.9744,,,
53.7418,6,3,9.0708,62.8118,converged,3840.19,73757.27,-1.1056,2.89,0.0000,0.0148,0.0179,,,,,,,
35.7472,9,9,29.4108,65.1579,completed,3840.47,73756.70,-1.1084,2.74,0.0000,0.0188,0.2177,1.5275,4.8783,4.4499,2.1737,2.6319,2.3610,
36.4155,9,3,9.1945,45.6095,converged,3840.47,73756.70,-1.1084,2.74,0.0000,0.0062,0.0089,,,,,,,
52.5230,6,6,20.7120,73.2341,completed,3840.74,73756.17,-1.1104,2.57,0.0000,0.0206,0.1031,0.1255,0.7838,3.0855,,,,
25.3761,10,3,9.0715,34.4475,converged,3840.74,73756.17,-1.1104,2.57,0.0000,0.0079,0.0105,,,,,,,
51.0178,7,3,9.8529,60.8699,converged,3840.99,73755.66,-1.1125,2.42,0.0000,0.0225,0.0426,,,,,,,
24.6577,10,3,9.8523,34.5093,converged,3840.99,73755.66,-1.1125,2.42,0.0000,0.0045,0.0080,,,,,,,
34.7670,9,3,9.2108,43.9778,converged,3841.20,73755.24,-1.1153,2.32,0.0000,0.0079,0.0242,,,,,,,
48.4128,7,3,9.0446,57.4567,converged,3841.20,73755.24,-1.1153,2.32,0.0000,0.0113,0.0097,,,,,,,
40.7955,8,3,8.9033,49.6983,converged,3841.45,73754.73,-1.1180,2.23,0.0000,0.0115,0.0231,,,,,,,
53.6093,6,3,9.2552,62.8642,converged,3841.45,73754.73,-1.1180,2.23,0.0000,0.0309,0.0403,,,,,,,
20.9174,10,3,9.0961,30.0132,converged,3841.64,73754.33,-1.1172,2.16,0.0000,0.0163,0.0356,,,,,,,
33.3576,10,3,9.2650,42.6220,converged,3841.64,73754.33,-1.1172,2.16,0.0000,0.0088,0.0144,,,,,,,
38.3249,9,3,9.6213,47.9454,converged,3841.83,73753.95,-1.1134,2.08,0.0000,0.0187,0.0323,,,,,,,
50.6412,7,3,9.3269,59.9679,converged,3841.83,73753.95,-1.1134,2.08,0.0000,0.0388,0.0753,,,,,,,
44.9166,8,4,12.1141,57.0301,converged,3842.01,73753.59,-1.1079,1.97,0.0000,0.0468,0.1155,0.0722,,,,,,
48.8936,7,7,24.6427,73.5358,completed,3842.01,73753.59,-1.1079,1.97,0.0000,0.0663,0.1617,0.1122,0.2559,2.0208,2.4574,,,
30.6728,10,3,9.1169,39.7890,converged,3842.22,73753.17,-1.1022,1.82,0.0000,0.0212,0.0647,,,,,,,
34.5396,9,5,22.4272,56.9662,converged,3842.22,73753.17,-1.1022,1.82,0.0000,0.0335,0.1109,0.1483,0.0820,,,,,
20.3736,10,10,33.5387,53.9117,completed,3842.40,73752.81,-1.0974,1.69,0.0000,0.0519,0.1399,0.3319,0.6176,0.8898,0.7564,1.4707,1.8799,1.7257
20.3919,10,10,31.2915,51.6825,completed,3842.40,73752.81,-1.0974,1.69,0.0000,0.0720,0.1596,0.1766,0.2051,0.4798,0.6032,0.3724,1.6272,1.7354
30.5843,10,10,32.7766,63.3606,completed,3842.57,73752.49,-1.0951,1.54,0.0000,0.1014,0.1972,0.1311,0.6277,0.6387,0.3508,1.0045,1.7570,1.4677
29.4192,10,10,30.8293,60.2483,completed,3842.57,73752.49,-1.0951,1.54,0.0000,0.0892,0.1966,0.1744,0.4593,0.6342,0.5392,0.9475,1.7687,1.5090
42.3407,8,8,27.0278,69.3678,completed,3842.72,73752.20,-1.0969,1.39,0.0000,0.0671,0.3610,0.7233,0.8468,0.2597,1.6585,1.8830,,
38.0776,9,9,29.6163,67.6947,completed,3842.72,73752.20,-1.0969,1.39,0.0000,0.1112,0.2534,0.4081,0.6881,0.4232,0.1701,1.1746,1.4102,
47.2302,7,7,23.2884,70.5184,completed,3842.86,73751.91,-1.0997,1.21,0.0000,0.1492,0.1005,1.0088,0.9442,1.1134,1.4145,,,
25.4496,10,10,35.3135,60.7625,completed,3842.86,73751.91,-1.0997,1.21,0.0000,0.0828,0.1202,0.1398,1.3226,1.6570,0.3869,1.7694,1.3206,1.2523
37.9146,9,3,9.8016,47.7156,converged,3842.99,73751.66,-1.1087,1.05,0.0000,0.0503,0.0648,,,,,,,
32.8350,10,4,11.4541,44.2882,converged,3842.99,73751.66,-1.1087,1.05,0.0000,0.0734,0.1704,0.0419,,,,,,
36.0855,9,3,13.8618,49.9469,converged,3843.08,73751.48,-1.1194,0.94,0.0000,0.0634,0.0873,,,,,,,
54.2715,6,6,19.9851,74.2561,completed,3843.08,73751.48,-1.1194,0.94,0.0000,0.0664,0.6914,0.6858,0.3452,1.4096,,,,
40.0509,8,3,9.4833,49.5333,converged,3843.17,73751.28,-1.1355,0.83,0.0000,0.0096,0.0952,,,,,,,
38.6190,9,3,9.2049,47.8229,converged,3843.17,73751.28,-1.1355,0.83,0.0000,0.0103,0.0511,,,,,,,
59.6268,5,5,16.9566,76.5826,completed,3843.25,73751.12,-1.1507,0.71,0.0000,0.0727,0.1108,0.5066,1.0827,,,,,
33.6671,10,3,9.8533,43.5203,converged,3843.25,73751.12,-1.1507,0.71,0.0000,0.0182,0.0126,,,,,,,
45.4791,8,3,8.7583,54.2373,converged,3843.30,73750.98,-1.1629,0.62,0.0000,0.0566,0.0444,,,,,,,
34.5584,9,3,8.7672,43.3252,converged,3843.30,73750.98,-1.1629,0.62,0.0000,0.0523,0.0705,,,,,,,
28.9823,10,3,9.1410,38.1230,converged,3843.35,73750.87,-1.1693,0.59,0.0000,0.0546,0.0734,,,,,,,
59.2015,5,5,20.2204,79.4214,completed,3843.35,73750.87,-1.1693,0.59,0.0000,0.0874,0.2937,0.6906,0.4708,,,,,
31.2813,10,3,9.0406,40.3216,converged,3843.40,73750.75,-1.1711,0.59,0.0000,0.0484,0.0654,,,,,,,
38.1089,9,3,10.0721,48.1801,converged,3843.43,73750.70,-1.1700,0.56,0.0000,0.0390,0.0455,,,,,,,
20.7069,10,3,9.9891,30.6952,converged,3843.43,73750.70,-1.1700,0.56,0.0000,0.0210,0.0273,,,,,,,
52.3349,6,6,19.9634,72.2975,completed,3843.47,73750.60,-1.1641,0.48,0.0000,0.1047,0.1210,0.7980,0.5857,1.8385,,,,
30.3947,10,3,9.1879,39.5819,converged,3843.47,73750.60,-1.1641,0.48,0.0000,0.0338,0.0488,,,,,,,
39.9586,9,3,8.8543,48.8124,converged,3843.50,73750.52,-1.1540,0.37,0.0000,0.0468,0.0613,,,,,,,
24.2858,10,3,9.5246,33.8096,converged,3843.50,73750.52,-1.1540,0.37,0.0000,0.0440,0.0576,,,,,,,
52.2094,6,6,21.0381,73.2471,completed,3843.53,73750.46,-1.1462,0.27,0.0000,0.0656,0.1147,0.1703,0.3326,1.5192,,,,
39.7651,9,3,9.4177,49.1827,converged,3843.53,73750.46,-1.1462,0.27,0.0000,0.0384,0.0421,,,,,,,
38.0584,9,3,8.8297,46.8877,converged,3843.55,73750.41,-1.1396,0.19,0.0000,0.0408,0.0778,,,,,,,
55.1548,6,6,24.5150,79.6690,completed,3843.55,73750.41,-1.1396,0.19,0.0000,0.0501,0.1856,0.3683,0.4066,1.6244,,,,
49.7777,7,3,9.2499,59.0270,converged,3843.57,73750.38,-1.1357,0.11,0.0000,0.0375,0.0687,,,,,,,
46.9743,7,3,9.1443,56.1184,converged,3843.57,73750.38,-1.1357,0.11,0.0000,0.0359,0.0889,,,,,,,
53.6016,6,6,20.7187,74.3198,completed,3843.57,73750.36,-1.1346,0.04,0.0000,0.0482,0.1202,0.8152,1.0788,2.0959,,,,
50.4027,7,3,9.7126,60.1146,converged,3843.57,73750.36,-1.1346,0.04,0.0000,0.0278,0.0641,,,,,,,
40.6456,8,3,8.9562,49.6012,converged,3843.58,73750.36,-1.1345,0.00,0.0000,0.0457,0.0729,,,,,,,
56.7341,6,6,23.2417,79.9757,completed,3843.58,73750.36,-1.1345,0.00,0.0000,0.0913,0.1045,0.2269,0.3693,1.6525,,,,
21.4463,10,3,9.1579,30.6039,converged,3843.58,73750.36,-1.1345,0.00,0.0000,0.0345,0.0273,,,,,,,
51.8726,7,3,9.1535,61.0255,converged,3843.58,73750.36,-1.1345,0.00,0.0000,0.0204,0.0165,,,,,,,
25.9436,10,3,9.2965,35.2395,converged,3843.58,73750.36,-1.1345,0.00,0.0000,0.0319,0.0929,,,,,,,
30.0380,10,3,9.4925,39.5296,converged,3843.58,73750.36,-1.1345,0.00,0.0000,0.0286,0.0614,,,,,,,
35.2941,9,3,9.4309,44.7250,converged,3843.58,73750.36,-1.1345,0.00,0.0000,0.0770,0.0849,,,,,,,
55.5842,6,6,19.9961,75.5802,completed,3843.58,73750.36,-1.1345,0.00,0.0000,0.0542,0.3252,1.0309,0.6915,1.5203,,,,
42.8984,8,8,27.2046,70.1027,completed,3843.58,73750.36,-1.1345,0.00,0.0000,0.1083,0.3267,0.7834,1.3956,1.0081,1.2271,1.2998,,
51.2056,7,7,23.6510,74.8560,completed,3843.58,73750.36,-1.1345,0.03,0.0000,0.0713,0.2368,0.5663,0.6002,0.7564,1.5015,,,
52.3559,6,6,20.8252,73.1803,completed,3843.58,73750.36,-1.1345,0.03,0.0000,0.1097,0.5024,1.2860,1.0903,1.6799,,,,
51.9994,7,7,23.2376,75.2366,completed,3843.58,73750.34,-1.1340,0.11,0.0000,0.0802,0.2319,0.8919,0.9335,0.7673,1.4302,,,
43.9539,8,3,9.3743,53.3273,converged,3843.58,73750.34,-1.1340,0.11,0.0000,0.0232,0.0581,,,,,,,
39.2364,9,3,9.0565,48.2926,converged,3843.60,73750.31,-1.1331,0.21,0.0000,0.0394,0.0963,,,,,,,
24.6793,10,10,34.7147,59.3937,completed,3843.60,73750.31,-1.1331,0.21,0.0000,0.0413,0.1346,0.2540,0.4578,0.5899,0.5210,0.5792,0.9654,0.9603
29.5240,10,3,10.0929,39.6170,converged,3843.63,73750.25,-1.1321,0.35,0.0000,0.0315,0.0840,,,,,,,
40.3360,8,8,28.8527,69.1878,completed,3843.63,73750.25,-1.1321,0.35,0.0000,0.0071,0.1025,0.3530,0.5867,0.3704,0.9001,1.2379,,
49.4050,7,7,26.1031,75.5071,completed,3843.67,73750.17,-1.1306,0.51,0.0000,0.0902,0.2035,0.2955,0.3849,0.6758,1.3717,,,
53.3421,6,6,24.6249,77.9669,completed,3843.67,73750.17,-1.1306,0.51,0.0000,0.0474,0.1624,0.7546,0.4723,1.3295,,,,
51.8490,7,3,9.6875,61.5366,converged,3843.73,73750.03,-1.1267,0.72,0.0000,0.0292,0.0540,,,,,,,
26.3778,10,10,34.7477,61.1248,completed,3843.73,73750.03,-1.1267,0.72,0.0000,0.0546,0.1402,0.2477,0.3352,0.3798,0.6176,0.6960,0.8818,0.8117
52.3703,6,3,11.1185,63.4885,converged,3843.81,73749.86,-1.1214,0.92,0.0000,0.0692,0.0728,,,,,,,
29.7336,10,3,10.1839,39.9169,converged,3843.81,73749.86,-1.1214,0.92,0.0000,0.0276,0.0800,,,,,,,
53.9516,6,6,20.2812,74.2322,completed,3843.91,73749.66,-1.1145,1.12,0.0000,0.0970,0.1642,0.4452,1.2225,1.2971,,,,
31.7264,10,3,9.1251,40.8511,converged,3843.91,73749.66,-1.1145,1.12,0.0000,0.0212,0.0583,,,,,,,
36.7072,9,3,10.2497,46.9567,converged,3844.03,73749.41,-1.1058,1.35,0.0000,0.0111,0.0351,,,,,,,
56.9718,6,3,9.4622,66.4333,converged,3844.03,73749.41,-1.1058,1.35,0.0000,0.0233,0.0674,,,,,,,
22.8317,10,3,9.0901,31.9211,converged,3844.18,73749.11,-1.0943,1.58,0.0000,0.0219,0.0446,,,,,,,
52.7081,6,6,19.9944,72.7024,completed,3844.18,73749.11,-1.0943,1.58,0.0000,0.1187,0.1880,0.1858,1.4384,1.5045,,,,
50.7935,7,3,9.9807,60.7737,converged,3844.36,73748.77,-1.0812,1.84,0.0000,0.0113,0.0313,,,,,,,
44.8132,8,3,9.6715,54.4846,converged,3844.36,73748.77,-1.0812,1.84,0.0000,0.0457,0.0659,,,,,,,
57.1386,6,3,9.1488,66.2869,converged,3844.57,73748.39,-1.0643,2.08,0.0000,0.0634,0.0898,,,,,,,
31.1028,10,3,9.2910,40.3931,converged,3844.57,73748.39,-1.0643,2.08,0.0000,0.0091,0.0146,,,,,,,
58.3656,5,5,17.2552,75.6203,completed,3844.82,73747.96,-1.0439,2.29,0.0000,0.1543,0.1498,0.9271,1.9042,,,,,
34.1424,9,3,9.4004,43.5425,converged,3844.82,73747.96,-1.0439,2.29,0.0000,0.0530,0.0856,,,,,,,
32.3343,10,3,9.9758,42.3098,converged,3845.09,73747.50,-1.0194,2.49,0.0000,0.0248,0.0332,,,,,,,
33.5833,10,3,9.8056,43.3887,converged,3845.09,73747.50,-1.0194,2.49,0.0000,0.0091,0.0371,,,,,,,
42.1049,8,3,8.9586,51.0626,converged,3845.37,73747.06,-0.9962,2.60,0.0000,0.0543,0.0901,,,,,,,
31.9175,10,3,9.3791,41.2961,converged,3845.37,73747.06,-0.9962,2.60,0.0000,0.0633,0.0923,,,,,,,
39.5198,9,3,8.9308,48.4498,converged,3845.66,73746.63,-0.9739,2.64,0.0000,0.0554,0.0688,,,,,,,
49.2923,7,4,15.2633,64.5553,converged,3845.66,73746.63,-0.9739,2.64,0.0000,0.0758,0.1021,0.0888,,,,,,
25.9023,10,5,15.4238,41.3259,converged,3846.04,73746.09,-0.9457,2.64,0.0000,0.1107,0.1315,0.1090,0.0710,,,,,
22.3194,10,3,9.6294,31.9485,converged,3846.04,73746.09,-0.9457,2.64,0.0000,0.0494,0.0956,,,,,,,
59.1662,5,5,18.3469,77.5129,completed,3846.31,73745.72,-0.9217,2.59,0.0000,0.2065,0.2301,0.5979,2.3034,,,,,
58.1342,5,5,17.9763,76.1103,completed,3846.31,73745.72,-0.9217,2.59,0.0000,0.0635,0.4894,0.3987,2.0798,,,,,
32.1513,10,3,9.0258,41.1768,converged,3846.74,73745.17,-0.8734,2.47,0.0000,0.0251,0.0566,,,,,,,
30.6099,10,3,9.0364,39.6454,converged,3846.74,73745.17,-0.8734,2.47,0.0000,0.0169,0.0636,,,,,,,
44.5708,8,3,8.9560,53.5260,converged,3847.06,73744.81,-0.8339,2.32,0.0000,0.0335,0.0871,,,,,,,
35.3588,9,3,9.2727,44.6308,converged,3847.06,73744.81,-0.8339,2.32,0.0000,0.0163,0.0804,,,,,,,
23.4436,10,3,10.0496,33.4926,converged,3847.40,73744.45,-0.7883,2.13,0.0000,0.0345,0.0206,,,,,,,
52.2919,6,6,21.7407,74.0318,completed,3847.40,73744.45,-0.7883,2.13,0.0000,0.0432,0.1642,0.1303,1.4297,2.9851,,,,
20.4635,10,3,8.9654,29.4284,converged,3847.73,73744.13,-0.7443,1.93,0.0000,0.0579,0.0118,,,,,,,
24.1538,10,3,8.8841,33.0371,converged,3847.73,73744.13,-0.7443,1.93,0.0000,0.0516,0.0090,,,,,,,
51.0499,7,7,23.9075,74.9565,completed,3847.97,73743.91,-0.7094,1.79,0.0000,0.0488,0.1221,0.1156,0.4202,2.4970,3.1198,,,
52.6601,6,6,29.7690,82.4291,completed,3847.97,73743.91,-0.7094,1.79,0.0000,0.0288,0.1136,0.3167,1.0925,2.9110,,,,
22.0863,10,3,9.6107,31.6968,converged,3848.31,73743.64,-0.6595,1.65,0.0000,0.0347,0.0416,,,,,,,
53.4126,6,6,20.2967,73.7087,completed,3848.31,73743.64,-0.6595,1.65,0.0000,0.1434,0.1435,0.1805,1.5129,3.1136,,,,
20.2617,10,3,9.1848,29.4458,converged,3848.60,73743.43,-0.6142,1.58,0.0000,0.0521,0.0197,,,,,,,
43.0336,8,3,9.2174,52.2504,converged,3848.60,73743.43,-0.6142,1.58,0.0000,0.0753,0.0190,,,,,,,
32.3707,10,3,10.0913,42.4613,converged,3848.86,73743.25,-0.5740,1.52,0.0000,0.0442,0.0195,,,,,,,
40.2110,8,3,9.0164,49.2265,converged,3848.86,73743.25,-0.5740,1.52,0.0000,0.1406,0.0906,,,,,,,
49.8968,7,7,23.2015,73.0975,completed,3849.11,73743.09,-0.5339,1.48,0.0000,0.0208,0.1824,0.2403,0.3507,2.2474,3.4472,,,
49.6887,7,3,8.8014,58.4894,converged,3849.11,73743.09,-0.5339,1.48,0.0000,0.1046,0.0273,,,,,,,
39.6985,9,3,9.3273,49.0254,converged,3849.40,73742.93,-0.4854,1.43,0.0000,0.0817,0.0128,,,,,,,
42.1541,8,3,11.8833,54.0373,converged,3849.40,73742.93,-0.4854,1.43,0.0000,0.0722,0.0585,,,,,,,
26.8006,10,3,9.3835,36.1835,converged,3849.68,73742.79,-0.4329,1.38,0.0000,0.0736,0.0151,,,,,,,
44.4017,8,3,13.6384,58.0394,converged,3849.68,73742.79,-0.4329,1.38,0.0000,0.1093,0.0110,,,,,,,
33.7367,10,3,9.6920,43.4281,converged,3849.93,73742.69,-0.3862,1.33,0.0000,0.0676,0.0192,,,,,,,
49.7488,7,7,22.7399,72.4880,completed,3849.93,73742.69,-0.3862,1.33,0.0000,0.0839,0.1015,0.2997,0.4119,2.5610,4.0156,,,
35.5081,9,3,9.1332,44.6413,converged,3850.21,73742.58,-0.3349,1.28,0.0000,0.0322,0.0413,,,,,,,
33.4373,10,10,31.3431,64.7801,completed,3850.21,73742.58,-0.3349,1.28,0.0000,0.4381,0.8022,1.9428,3.9909,3.7721,1.4750,0.2173,1.0458,1.1855
38.5996,9,3,8.8686,47.4676,converged,3850.48,73742.50,-0.2850,1.23,0.0000,0.0443,0.0307,,,,,,,
45.1754,8,8,25.9285,71.1036,completed,3850.48,73742.50,-0.2850,1.23,0.0000,0.1672,0.1500,0.8595,1.2197,0.6793,1.1490,1.7105,,
52.3907,6,6,20.8895,73.2795,completed,3850.77,73742.42,-0.2317,1.16,0.0000,0.0511,0.1333,0.7158,1.6738,4.4673,,,,
46.3328,7,7,23.8725,70.2045,completed,3850.77,73742.42,-0.2317,1.16,0.0000,0.0522,0.6486,1.8678,3.9247,4.3430,4.7520,,,
25.8920,10,3,10.5112,36.4023,converged,3851.03,73742.36,-0.1891,1.00,0.0000,0.0261,0.0407,,,,,,,
20.8508,10,10,31.6513,52.5013,completed,3851.03,73742.36,-0.1891,1.00,0.0000,0.0397,0.1456,0.2040,0.5329,0.8996,2.6267,2.7150,3.4614,3.4525
27.9531,10,3,9.1912,37.1443,converged,3851.22,73742.33,-0.1626,0.88,0.0000,0.0264,0.0292,,,,,,,
41.6106,8,3,9.3925,51.0025,converged,3851.22,73742.33,-0.1626,0.88,0.0000,0.0291,0.0398,,,,,,,
43.9842,8,3,8.9106,52.8946,converged,3851.38,73742.30,-0.1393,0.82,0.0000,0.0270,0.0206,,,,,,,
24.2700,10,10,30.9673,55.2363,completed,3851.38,73742.30,-0.1393,0.82,0.0000,0.0651,0.2066,0.9540,2.2359,0.6565,1.4072,2.2964,2.9506,3.0909
21.4302,10,3,9.0639,30.4939,converged,3851.57,73742.28,-0.1111,0.80,0.0000,0.0361,0.0352,,,,,,,
38.8241,9,3,9.0380,47.8620,converged,3851.57,73742.28,-0.1111,0.80,0.0000,0.1259,0.0597,,,,,,,
25.2916,10,3,9.0436,34.3347,converged,3851.70,73742.27,-0.0887,0.80,0.0000,0.0249,0.0213,,,,,,,
50.9146,7,7,22.8476,73.7616,completed,3851.70,73742.27,-0.0887,0.80,0.0000,0.0683,0.1297,0.3345,1.6139,3.4056,4.9128,,,
40.6297,8,3,13.7071,54.3362,converged,3851.89,73742.25,-0.0621,0.84,0.0000,0.0231,0.0158,,,,,,,
50.5200,7,3,9.5311,60.0501,converged,3851.89,73742.25,-0.0621,0.84,0.0000,0.1311,0.0892,,,,,,,
20.5703,10,3,9.1648,29.7348,converged,3852.11,73742.24,-0.0331,0.89,0.0000,0.0491,0.0610,,,,,,,
30.7410,10,10,32.2001,62.9412,completed,3852.17,73742.24,-0.0241,0.90,0.0000,0.1011,0.1521,0.2151,0.2680,0.7654,2.1163,2.5187,3.8458,3.9933
31.4240,10,3,9.4269,40.8499,converged,3852.17,73742.24,-0.0241,0.90,0.0000,0.0369,0.0310,,,,,,,
43.9074,8,8,27.3346,71.2417,completed,3852.40,73742.24,0.0061,0.94,0.0000,0.1381,0.1527,0.1278,0.5464,1.6163,3.7106,4.9770,,
41.9157,8,3,9.6618,51.5768,converged,3852.40,73742.24,0.0061,0.94,0.0000,0.0244,0.0314,,,,,,,
58.4634,5,5,18.0698,76.5329,completed,3852.64,73742.24,0.0350,0.94,0.0000,0.0680,1.0804,0.3663,4.3562,,,,,
53.9438,6,3,9.4311,63.3741,converged,3852.64,73742.24,0.0350,0.94,0.0000,0.0307,0.0629,,,,,,,
32.8722,10,3,9.2421,42.1142,converged,3852.87,73742.26,0.0626,0.94,0.0000,0.0290,0.0559,,,,,,,
36.1633,9,3,9.8681,46.0311,converged,3852.87,73742.26,0.0626,0.94,0.0000,0.0301,0.0370,,,,,,,
50.4396,7,7,23.8828,74.3218,completed,3853.06,73742.27,0.0848,0.93,0.0000,0.0267,0.1062,0.9476,0.1833,2.2425,4.8672,,,
30.7082,10,3,8.8037,39.5117,converged,3853.06,73742.27,0.0848,0.93,0.0000,0.0218,0.0160,,,,,,,
23.3749,10,10,40.9225,64.2965,completed,3853.27,73742.29,0.1088,0.93,0.0000,0.0164,0.1177,0.6261,2.4426,3.1869,1.9869,0.8658,2.4679,2.8686
56.7063,6,6,25.5995,82.3056,completed,3853.27,73742.29,0.1088,0.93,0.0000,0.0640,0.2288,0.9480,1.0984,4.8603,,,,
24.1513,10,3,13.3267,37.4777,converged,3853.52,73742.32,0.1351,0.92,0.0000,0.0221,0.0282,,,,,,,
32.9530,10,3,9.4607,42.4128,converged,3853.52,73742.32,0.1351,0.92,0.0000,0.0575,0.0701,,,,,,,
59.7641,5,5,17.1355,76.8996,completed,3853.70,73742.35,0.1528,0.94,0.0000,0.0825,0.2191,0.3144,4.5201,,,,,
36.5265,9,3,8.8099,45.3359,converged,3853.70,73742.35,0.1528,0.94,0.0000,0.0579,0.0622,,,,,,,
59.6100,5,3,10.3891,69.9991,converged,3853.92,73742.38,0.1765,1.00,0.0000,0.0890,0.0967,,,,,,,
30.5805,10,3,9.2463,39.8263,converged,3853.92,73742.38,0.1765,1.00,0.0000,0.0407,0.0339,,,,,,,
48.5156,7,3,9.1508,57.6659,converged,3854.14,73742.42,0.2013,0.98,0.0000,0.0585,0.0628,,,,,,,
20.9122,10,3,9.1115,30.0235,converged,3854.14,73742.42,0.2013,0.98,0.0000,0.0563,0.0494,,,,,,,
44.5153,8,3,9.8666,54.3817,converged,3854.33,73742.46,0.2175,0.94,0.0000,0.0573,0.0547,,,,,,,
36.5737,9,3,9.2833,45.8564,converged,3854.33,73742.46,0.2175,0.94,0.0000,0.0630,0.0580,,,,,,,
32.5780,10,3,9.3478,41.9248,converged,3854.53,73742.51,0.2335,0.96,0.0000,0.0464,0.0367,,,,,,,
37.9863,9,3,9.1028,47.0888,converged,3854.53,73742.51,0.2335,0.96,0.0000,0.0521,0.0430,,,,,,,
59.4447,5,5,22.2384,81.6824,completed,3854.72,73742.56,0.2478,0.99,0.0000,0.0822,0.1309,0.5045,4.6831,,,,,
40.7583,8,3,9.1849,49.9430,converged,3854.72,73742.56,0.2478,0.99,0.0000,0.0694,0.0944,,,,,,,
53.9201,6,6,19.9165,73.8365,completed,3854.94,73742.62,0.2632,1.03,0.0000,0.0871,0.1108,0.1589,1.1619,6.0743,,,,
56.9424,6,3,9.8951,66.8372,converged,3854.94,73742.62,0.2632,1.03,0.0000,0.0821,0.0798,,,,,,,
29.4702,10,3,13.4811,42.9511,converged,3855.19,73742.69,0.2801,1.04,0.0000,0.0314,0.0325,,,,,,,
36.6965,9,3,9.2616,45.9576,converged,3855.19,73742.69,0.2801,1.04,0.0000,0.0479,0.0531,,,,,,,
26.7033,10,3,9.2656,35.9686,converged,3855.39,73742.74,0.2932,1.03,0.0000,0.0412,0.0315,,,,,,,
37.5734,9,3,10.5325,48.1055,converged,3855.39,73742.74,0.2932,1.03,0.0000,0.0417,0.0330,,,,,,,
55.1682,6,3,9.3134,64.4815,converged,3855.59,73742.81,0.3069,1.04,0.0000,0.0712,0.0893,,,,,,,
21.5435,10,3,9.0256,30.5686,converged,3855.59,73742.81,0.3069,1.04,0.0000,0.0515,0.0322,,,,,,,
57.6621,6,3,8.7354,66.3975,converged,3855.79,73742.87,0.3206,1.09,0.0000,0.0461,0.0527,,,,,,,
57.3867,6,6,20.2197,77.6057,completed,3855.79,73742.87,0.3206,1.09,0.0000,0.0285,0.1522,0.9052,3.1025,7.0692,,,,
37.4544,9,3,9.4377,46.8918,converged,3856.09,73742.97,0.3386,1.19,0.0000,0.0465,0.0186,,,,,,,
45.7649,8,3,8.9419,54.7059,converged,3856.09,73742.97,0.3386,1.19,0.0000,0.0503,0.0364,,,,,,,
48.2880,7,3,8.7191,57.0062,converged,3856.32,73743.06,0.3527,1.27,0.0000,0.0437,0.0205,,,,,,,
59.0231,5,5,17.4794,76.5024,completed,3856.32,73743.06,0.3527,1.27,0.0000,0.0479,0.1706,1.0515,6.2255,,,,,
51.2134,7,3,8.7636,59.9766,converged,3856.63,73743.17,0.3718,1.38,0.0000,0.0212,0.0655,,,,,,,
35.5960,9,3,8.9676,44.5636,converged,3856.63,73743.17,0.3718,1.38,0.0000,0.0246,0.0131,,,,,,,
32.5919,10,3,10.5903,43.1813,converged,3856.90,73743.28,0.3898,1.48,0.0000,0.0152,0.0383,,,,,,,
21.1328,10,3,13.4437,34.5757,converged,3856.90,73743.28,0.3898,1.48,0.0000,0.0106,0.0557,,,,,,,
39.2486,9,3,9.0255,48.2735,converged,3857.22,73743.42,0.4101,1.63,0.0000,0.0207,0.0459,,,,,,,
54.0488,6,3,9.0373,63.0854,converged,3857.22,73743.42,0.4101,1.63,0.0000,0.0306,0.0618,,,,,,,
53.2327,6,3,10.0551,63.2871,converged,3857.57,73743.57,0.4294,1.79,0.0000,0.0106,0.0833,,,,,,,
43.8565,8,3,9.0268,52.8828,converged,3857.57,73743.57,0.4294,1.79,0.0000,0.0246,0.0499,,,,,,,
24.4507,10,3,9.1876,33.6377,converged,3857.95,73743.75,0.4465,1.98,0.0000,0.0063,0.0290,,,,,,,
23.6445,10,3,10.2905,33.9345,converged,3857.95,73743.75,0.4465,1.98,0.0000,0.0162,0.0097,,,,,,,
59.3078,5,5,17.8965,77.2035,completed,3858.28,73743.91,0.4596,2.13,0.0000,0.0101,0.1074,1.8072,6.7171,,,,,
29.4175,10,3,10.0329,39.4500,converged,3858.28,73743.91,0.4596,2.13,0.0000,0.0143,0.0305,,,,,,,
43.6279,8,3,10.2213,53.8483,converged,3858.73,73744.14,0.4769,2.34,0.0000,0.0132,0.0283,,,,,,,
41.0233,8,3,10.1731,51.1961,converged,3858.73,73744.14,0.4769,2.34,0.0000,0.0375,0.0134,,,,,,,
48.3426,7,3,8.8879,57.2299,converged,3859.21,73744.39,0.4940,2.54,0.0000,0.0402,0.0511,,,,,,,
31.6626,10,3,8.5765,40.2385,converged,3859.21,73744.39,0.4940,2.54,0.0000,0.0057,0.0214,,,,,,,
54.4812,6,3,9.1696,63.6506,converged,3859.67,73744.65,0.5067,2.72,0.0000,0.0389,0.0607,,,,,,,
25.7107,10,3,9.6298,35.3398,converged,3859.67,73744.65,0.5067,2.72,0.0000,0.0279,0.0184,,,,,,,
56.7406,6,3,9.6853,66.4254,converged,3860.23,73744.96,0.5151,2.92,0.0000,0.1305,0.0649,,,,,,,
47.4012,7,3,9.3681,56.7691,converged,3860.23,73744.96,0.5151,2.92,0.0000,0.0300,0.0412,,,,,,,
43.7943,8,3,9.3262,53.1202,converged,3860.82,73745.29,0.5182,3.11,0.0000,0.0219,0.0350,,,,,,,
45.6994,8,3,9.6267,55.3257,converged,3860.82,73745.29,0.5182,3.11,0.0000,0.0448,0.0500,,,,,,,
38.4426,9,3,8.9828,47.4248,converged,3861.44,73745.65,0.5180,3.30,0.0000,0.0476,0.0426,,,,,,,
38.7915,9,3,9.7931,48.5841,converged,3861.44,73745.65,0.5180,3.30,0.0000,0.0463,0.0374,,,,,,,
51.8789,7,3,8.9869,60.8650,converged,3862.03,73745.98,0.5174,3.44,0.0000,0.0310,0.0420,,,,,,,
51.7953,7,3,8.8612,60.6563,converged,3862.03,73745.98,0.5174,3.44,0.0000,0.0234,0.0939,,,,,,,
50.7586,7,3,9.1650,59.9230,converged,3862.72,73746.37,0.5163,3.57,0.0000,0.0270,0.0540,,,,,,,
53.6763,6,6,20.8899,74.5660,completed,3862.72,73746.37,0.5163,3.57,0.0000,0.0341,0.1235,0.3336,2.5405,7.2984,,,,
48.8913,7,3,9.7574,58.6484,converged,3863.51,73746.82,0.5145,3.73,0.0000,0.0322,0.0655,,,,,,,
21.5156,10,3,8.7184,30.2334,converged,3863.51,73746.82,0.5145,3.73,0.0000,0.0051,0.0097,,,,,,,
48.4316,7,3,9.3005,57.7315,converged,3864.17,73747.20,0.5130,3.86,0.0000,0.0142,0.0480,,,,,,,
59.1607,5,5,17.3683,76.5283,completed,3864.17,73747.20,0.5130,3.86,0.0000,0.0254,0.1327,1.2722,5.6080,,,,,
40.7517,8,3,8.7350,49.4861,converged,3865.03,73747.68,0.5106,4.01,0.0000,0.0532,0.0576,,,,,,,
30.4228,10,3,8.5633,38.9853,converged,3865.03,73747.68,0.5106,4.01,0.0000,0.0135,0.0378,,,,,,,
42.7548,8,3,9.0184,51.7725,converged,3865.74,73748.08,0.5089,4.11,0.0000,0.0625,0.0568,,,,,,,
45.3302,8,3,9.0805,54.4106,converged,3865.74,73748.08,0.5089,4.11,0.0000,0.0600,0.0421,,,,,,,
49.1795,7,3,10.4981,59.6772,converged,3866.56,73748.53,0.5071,4.22,0.0000,0.0507,0.0295,,,,,,,
41.2481,8,3,8.9487,50.1967,converged,3866.56,73748.53,0.5071,4.22,0.0000,0.0523,0.0548,,,,,,,
51.6691,7,7,24.9429,76.6119,completed,3867.30,73748.94,0.5053,4.26,0.0000,0.0983,0.1174,0.1673,1.2080,2.6057,6.4267,,,
49.1955,7,3,10.2610,59.4561,converged,3867.30,73748.94,0.5053,4.26,0.0000,0.0753,0.0868,,,,,,,
27.0076,10,3,9.3591,36.3662,converged,3868.24,73749.46,0.4994,4.28,0.0000,0.0294,0.0288,,,,,,,
46.6139,7,7,23.4292,70.0422,completed,3868.24,73749.46,0.4994,4.28,0.0000,0.1031,0.1262,0.1800,1.2355,2.7047,6.3186,,,
46.6100,7,3,10.0884,56.6974,converged,3869.08,73749.92,0.4967,4.29,0.0000,0.1073,0.0953,,,,,,,
35.1810,9,3,9.1807,44.3617,converged,3869.08,73749.92,0.4967,4.29,0.0000,0.0583,0.0553,,,,,,,
57.3784,6,3,9.2024,66.5804,converged,3869.84,73750.33,0.4977,4.31,0.0000,0.1252,0.0652,,,,,,,
36.8790,9,3,9.1399,46.0179,converged,3869.84,73750.33,0.4977,4.31,0.0000,0.0624,0.0526,,,,,,,
32.6429,10,4,11.9539,44.5960,converged,3870.69,73750.79,0.4980,4.29,0.0000,0.0967,0.1132,0.0698,,,,,,
31.1660,10,3,14.5648,45.7298,converged,3870.69,73750.79,0.4980,4.29,0.0000,0.0598,0.0580,,,,,,,
48.9102,7,3,9.3140,58.2240,converged,3871.44,73751.20,0.4936,4.26,0.0000,0.0927,0.0620,,,,,,,
32.0660,10,3,9.2976,41.3626,converged,3871.44,73751.20,0.4936,4.26,0.0000,0.0743,0.0707,,,,,,,
50.5677,7,4,11.6900,62.2571,converged,3872.28,73751.65,0.4903,4.19,0.0000,0.1751,0.1879,0.0999,,,,,,
23.7504,10,3,9.1993,32.9493,converged,3872.28,73751.65,0.4903,4.19,0.0000,0.0986,0.0943,,,,,,,
43.1363,8,4,11.4264,54.5625,converged,3873.02,73752.04,0.4889,4.11,0.0000,0.1629,0.1485,0.0616,,,,,,
26.5187,10,4,11.6513,38.1693,converged,3873.02,73752.04,0.4889,4.11,0.0000,0.1136,0.1166,0.0403,,,,,,
27.7781,10,3,9.1005,36.8786,converged,3873.73,73752.42,0.4886,4.02,0.0000,0.0908,0.0965,,,,,,,
57.6562,6,3,9.0472,66.7033,converged,3873.73,73752.42,0.4886,4.02,0.0000,0.1075,0.0767,,,,,,,
29.2296,10,3,9.3968,38.6258,converged,3874.44,73752.79,0.4896,3.91,0.0000,0.0892,0.0938,,,,,,,
38.1969,9,3,9.2074,47.4035,converged,3874.44,73752.79,0.4896,3.91,0.0000,0.1006,0.0623,,,,,,,
31.0357,10,4,11.3543,42.3893,converged,3875.11,73753.16,0.4880,3.78,0.0000,0.1075,0.1259,0.0716,,,,,,
47.8151,7,3,9.1605,56.9755,converged,3875.11,73753.16,0.4880,3.78,0.0000,0.1566,0.0788,,,,,,,
58.1755,5,3,14.8236,72.9986,converged,3875.85,73753.54,0.4827,3.62,0.0000,0.1909,0.0813,,,,,,,
31.8993,10,3,9.3547,41.2537,converged,3875.85,73753.54,0.4827,3.62,0.0000,0.1027,0.0947,,,,,,,
39.1348,9,3,9.6628,48.7968,converged,3876.56,73753.91,0.4763,3.46,0.0000,0.0841,0.0959,,,,,,,
34.8032,9,3,9.3233,44.1263,converged,3876.56,73753.91,0.4763,3.46,0.0000,0.0834,0.0604,,,,,,,
32.7272,10,3,9.5163,42.2433,converged,3877.24,73754.26,0.4723,3.32,0.0000,0.0714,0.0789,,,,,,,
42.6402,8,3,8.9250,51.5651,converged,3877.24,73754.26,0.4723,3.32,0.0000,0.1308,0.0492,,,,,,,
31.7836,10,3,9.4922,41.2752,converged,3877.82,73754.56,0.4734,3.21,0.0000,0.0757,0.0904,,,,,,,
31.2832,10,4,11.6949,42.9779,converged,3877.82,73754.56,0.4734,3.21,0.0000,0.1250,0.1220,0.0545,,,,,,
21.7755,10,3,8.9959,30.7709,converged,3878.38,73754.85,0.4769,3.12,0.0000,0.0730,0.0696,,,,,,,
58.8975,5,5,17.4978,76.3948,completed,3878.38,73754.85,0.4769,3.12,0.0000,0.0768,0.5627,1.6913,5.1358,,,,,
20.2561,10,3,8.8290,29.0850,converged,3879.00,73755.16,0.4763,3.04,0.0000,0.0694,0.0626,,,,,,,
24.2580,10,3,9.0629,33.3200,converged,3879.00,73755.16,0.4763,3.04,0.0000,0.0663,0.0363,,,,,,,
54.2777,6,3,12.0389,66.3159,converged,3879.46,73755.41,0.4722,2.97,0.0000,0.1739,0.0403,,,,,,,
20.3077,10,3,9.0493,29.3563,converged,3879.46,73755.41,0.4722,2.97,0.0000,0.0713,0.0367,,,,,,,
41.0689,8,3,8.8203,49.8883,converged,3879.99,73755.67,0.4665,2.92,0.0000,0.0754,0.0398,,,,,,,
54.2879,6,6,20.9034,75.1904,completed,3879.99,73755.67,0.4665,2.92,0.0000,0.0484,0.3184,1.0751,1.2927,4.2732,,,,
35.3393,9,3,9.3469,44.6859,converged,3880.64,73755.99,0.4603,2.87,0.0000,0.0438,0.0558,,,,,,,
49.3261,7,3,8.8378,58.1638,converged,3880.64,73755.99,0.4603,2.87,0.0000,0.1088,0.0197,,,,,,,
36.8423,9,3,8.6082,45.4502,converged,3881.21,73756.28,0.4576,2.83,0.0000,0.0538,0.0671,,,,,,,
43.3409,8,3,12.3126,55.6527,converged,3881.21,73756.28,0.4576,2.83,0.0000,0.0850,0.0709,,,,,,,
33.1976,10,3,11.2837,44.4808,converged,3881.78,73756.56,0.4597,2.80,0.0000,0.0326,0.0396,,,,,,,
21.8024,10,3,8.8376,30.6397,converged,3881.78,73756.56,0.4597,2.80,0.0000,0.0472,0.0527,,,,,,,
56.3631,6,3,8.9987,65.3617,converged,3882.22,73756.78,0.4635,2.78,0.0000,0.0468,0.0498,,,,,,,
36.5966,9,3,13.6024,50.1984,converged,3882.22,73756.78,0.4635,2.78,0.0000,0.0281,0.0145,,,,,,,
25.0666,10,3,9.0220,34.0880,converged,3882.77,73757.06,0.4695,2.75,0.0000,0.0346,0.0207,,,,,,,
27.6180,10,3,9.5158,37.1338,converged,3882.77,73757.06,0.4695,2.75,0.0000,0.0514,0.0468,,,,,,,
26.3579,10,3,8.9200,35.2770,converged,3883.20,73757.27,0.4735,2.73,0.0000,0.0372,0.0420,,,,,,,
51.6130,7,3,8.9598,60.5728,converged,3883.20,73757.27,0.4735,2.73,0.0000,0.0740,0.0532,,,,,,,
35.3940,9,3,9.0740,44.4671,converged,3883.74,73757.55,0.4796,2.68,0.0000,0.0548,0.0318,,,,,,,
45.3396,8,3,9.3530,54.6920,converged,3883.74,73757.55,0.4796,2.68,0.0000,0.0671,0.0210,,,,,,,
29.2731,10,3,9.2876,38.5606,converged,3884.21,73757.80,0.4856,2.63,0.0000,0.0571,0.0643,,,,,,,
51.9430,7,3,13.3064,65.2484,converged,3884.21,73757.80,0.4856,2.63,0.0000,0.0692,0.0203,,,,,,,
58.7595,5,5,17.7626,76.5216,completed,3884.73,73758.07,0.4901,2.57,0.0000,0.1270,0.2106,1.9173,4.4382,,,,,
22.1426,10,3,9.6263,31.7684,converged,3884.73,73758.07,0.4901,2.57,0.0000,0.0525,0.0459,,,,,,,
39.8629,9,3,8.8530,48.7150,converged,3885.23,73758.35,0.4933,2.53,0.0000,0.0665,0.0936,,,,,,,
38.1835,9,3,10.9103,49.0933,converged,3885.23,73758.35,0.4933,2.53,0.0000,0.0348,0.0092,,,,,,,
20.7765,10,3,12.7459,33.5220,converged,3885.73,73758.61,0.4934,2.50,0.0000,0.0436,0.0524,,,,,,,
45.7586,8,3,9.0341,54.7922,converged,3885.90,73758.70,0.4931,2.49,0.0000,0.0394,0.0564,,,,,,,
40.9369,8,3,8.8948,49.8308,converged,3885.90,73758.70,0.4931,2.49,0.0000,0.0516,0.0436,,,,,,,
21.9477,10,3,9.2456,31.1926,converged,3886.39,73758.97,0.4909,2.45,0.0000,0.0542,0.0523,,,,,,,
26.8011,10,3,9.2692,36.0703,converged,3886.39,73758.97,0.4909,2.45,0.0000,0.0330,0.0342,,,,,,,
26.0861,10,3,13.6321,39.7181,converged,3886.77,73759.17,0.4872,2.43,0.0000,0.0179,0.0556,,,,,,,
53.4720,6,6,20.7686,74.2396,completed,3886.98,73759.28,0.4843,2.43,0.0000,0.0216,0.1858,0.5892,1.8176,4.0223,,,,
52.6135,6,6,21.5396,74.1526,completed,3886.98,73759.28,0.4843,2.43,0.0000,0.0430,0.1465,0.2481,1.5191,3.5660,,,,
50.6335,7,7,25.6156,76.2486,completed,3887.57,73759.59,0.4769,2.40,0.0000,0.0294,0.1025,0.5354,1.4741,2.0345,3.8947,,,
35.4805,9,3,9.1456,44.6256,converged,3887.57,73759.59,0.4769,2.40,0.0000,0.0257,0.0517,,,,,,,
24.8093,10,3,9.9271,34.7361,converged,3888.05,73759.83,0.4720,2.38,0.0000,0.0377,0.0823,,,,,,,
23.1569,10,3,9.1252,32.2813,converged,3888.05,73759.83,0.4720,2.38,0.0000,0.0308,0.0286,,,,,,,
34.1084,9,3,8.9413,43.0493,converged,3888.42,73760.02,0.4696,2.40,0.0000,0.0239,0.0490,,,,,,,
20.6688,10,3,9.0595,29.7275,converged,3888.42,73760.02,0.4696,2.40,0.0000,0.0449,0.0735,,,,,,,
32.8081,10,3,9.0136,41.8217,converged,3888.80,73760.21,0.4723,2.41,0.0000,0.0332,0.0244,,,,,,,
24.2620,10,3,9.1362,33.3983,converged,3888.80,73760.21,0.4723,2.41,0.0000,0.0207,0.0200,,,,,,,
36.7886,9,3,9.3427,46.1307,converged,3889.22,73760.43,0.4770,2.39,0.0000,0.0237,0.0270,,,,,,,
29.4134,10,3,8.9558,38.3688,converged,3889.22,73760.43,0.4770,2.39,0.0000,0.0287,0.0314,,,,,,,
44.8128,8,3,9.9905,54.8025,converged,3889.64,73760.65,0.4799,2.35,0.0000,0.0339,0.0524,,,,,,,
58.6654,5,5,17.4813,76.1463,completed,3889.64,73760.65,0.4799,2.35,0.0000,0.1211,0.2129,0.6852,3.4322,,,,,
57.2289,6,6,21.0845,78.3125,completed,3890.16,73760.92,0.4808,2.31,0.0000,0.1313,0.1813,0.3774,0.7509,3.1587,,,,
21.9978,10,3,8.8942,30.8912,converged,3890.16,73760.92,0.4808,2.31,0.0000,0.0478,0.0684,,,,,,,
38.5834,9,3,9.7739,48.3569,converged,3890.62,73761.16,0.4799,2.26,0.0000,0.0394,0.0461,,,,,,,
48.6886,7,3,9.2499,57.9379,converged,3890.62,73761.16,0.4799,2.26,0.0000,0.0900,0.0527,,,,,,,
50.6662,7,3,9.1742,59.8403,converged,3891.02,73761.37,0.4785,2.24,0.0000,0.0228,0.0418,,,,,,,
25.1627,10,3,8.7832,33.9452,converged,3891.02,73761.37,0.4785,2.24,0.0000,0.0643,0.0809,,,,,,,
26.2388,10,3,9.1442,35.3823,converged,3891.41,73761.57,0.4811,2.23,0.0000,0.0529,0.0754,,,,,,,
50.1928,7,7,23.4353,73.6273,completed,3891.41,73761.57,0.4811,2.23,0.0000,0.0860,0.1236,0.4300,0.8568,1.4092,3.3577,,,
49.7352,7,3,9.0379,58.7730,converged,3891.86,73761.80,0.4867,2.20,0.0000,0.0623,0.0806,,,,,,,
51.9859,7,3,8.6469,60.6320,converged,3891.86,73761.80,0.4867,2.20,0.0000,0.0532,0.0397,,,,,,,
25.7212,10,3,9.1006,34.8216,converged,3892.29,73762.03,0.4913,2.16,0.0000,0.0390,0.0538,,,,,,,
20.5856,10,3,10.1891,30.7741,converged,3892.29,73762.03,0.4913,2.16,0.0000,0.0535,0.0761,,,,,,,
43.9533,8,3,9.2589,53.2119,converged,3892.62,73762.21,0.4938,2.13,0.0000,0.0253,0.0529,,,,,,,
30.8359,10,3,9.0852,39.9202,converged,3892.62,73762.21,0.4938,2.13,0.0000,0.0111,0.0142,,,,,,,
20.6625,10,3,8.5935,29.2555,converged,3892.99,73762.41,0.4947,2.10,0.0000,0.0383,0.0409,,,,,,,
20.1149,10,3,8.9341,29.0481,converged,3892.99,73762.41,0.4947,2.10,0.0000,0.0456,0.0603,,,,,,,
21.4781,10,3,9.4902,30.9683,converged,3893.31,73762.59,0.4939,2.06,0.0000,0.0138,0.0229,,,,,,,
41.4691,8,8,26.9872,68.4562,completed,3893.45,73762.66,0.4932,2.04,0.0000,0.0633,0.1459,0.4402,0.9882,0.4651,1.3730,2.7741,,
27.7951,10,3,8.8192,36.6142,converged,3893.45,73762.66,0.4932,2.04,0.0000,0.0227,0.0339,,,,,,,
30.4632,10,3,8.8105,39.2735,converged,3893.84,73762.87,0.4906,1.96,0.0000,0.0218,0.0273,,,,,,,
31.2447,10,3,9.3841,40.6281,converged,3893.84,73762.87,0.4906,1.96,0.0000,0.0113,0.0182,,,,,,,
56.3359,6,6,20.5054,76.8404,completed,3894.18,73763.05,0.4878,1.89,0.0000,0.0311,0.1020,0.4446,0.5136,2.3704,,,,
35.3441,9,3,10.3216,45.6656,converged,3894.18,73763.05,0.4878,1.89,0.0000,0.0299,0.0576,,,,,,,
33.1773,10,3,13.1154,46.2925,converged,3894.59,73763.27,0.4848,1.84,0.0000,0.0228,0.0383,,,,,,,
51.6629,7,7,22.8578,74.5199,completed,3894.59,73763.27,0.4848,1.84,0.0000,0.0261,0.1127,0.3616,0.2130,0.8646,2.4590,,,
31.1827,10,3,8.9958,40.1779,converged,3895.00,73763.48,0.4849,1.85,0.0000,0.0417,0.0594,,,,,,,
24.9118,10,3,11.5090,36.4200,converged,3895.12,73763.55,0.4852,1.86,0.0000,0.0499,0.0767,,,,,,,
27.4838,10,3,8.9388,36.4218,converged,3895.29,73763.63,0.4857,1.87,0.0000,0.0267,0.0267,,,,,,,
50.7700,7,7,22.6762,73.4462,completed,3895.45,73763.72,0.4865,1.89,0.0000,0.0656,0.2032,0.7286,0.8012,0.7515,2.4686,,,
23.0971,10,3,8.9459,32.0430,converged,3895.45,73763.72,0.4865,1.89,0.0000,0.0479,0.0574,,,,,,,
29.8509,10,3,9.7171,39.5671,converged,3895.83,73763.92,0.4872,1.87,0.0000,0.0307,0.0462,,,,,,,
52.6385,6,6,20.0898,72.7278,completed,3895.83,73763.92,0.4872,1.87,0.0000,0.0729,0.2276,0.6388,0.2072,2.2762,,,,
43.7463,8,3,8.7927,52.5387,converged,3896.23,73764.13,0.4835,1.81,0.0000,0.0314,0.0249,,,,,,,
36.2094,9,3,8.8671,45.0762,converged,3896.23,73764.13,0.4835,1.81,0.0000,0.0330,0.0524,,,,,,,
56.8163,6,6,20.6433,77.4593,completed,3896.55,73764.30,0.4812,1.76,0.0000,0.0626,0.1381,0.2620,0.3326,1.7888,,,,
42.3183,8,3,9.7477,52.0657,converged,3896.55,73764.30,0.4812,1.76,0.0000,0.0321,0.0254,,,,,,,
46.9943,7,3,8.8310,55.8250,converged,3896.93,73764.50,0.4827,1.66,0.0000,0.0452,0.0573,,,,,,,
38.4782,9,3,8.6468,47.1248,converged,3896.93,73764.50,0.4827,1.66,0.0000,0.0254,0.0290,,,,,,,
53.4636,6,6,23.2048,76.6678,completed,3897.22,73764.65,0.4846,1.59,0.0000,0.0695,0.3265,0.6709,0.5302,2.0328,,,,
34.1691,9,3,11.6951,45.8641,converged,3897.22,73764.65,0.4846,1.59,0.0000,0.0380,0.0337,,,,,,,
41.6351,8,3,9.1733,50.8083,converged,3897.53,73764.81,0.4871,1.52,0.0000,0.0326,0.0308,,,,,,,
36.9814,9,3,9.3077,46.2887,converged,3897.53,73764.81,0.4871,1.52,0.0000,0.0454,0.0488,,,,,,,
38.6479,9,9,27.7477,66.3947,completed,3897.79,73764.95,0.4887,1.45,0.0000,0.0517,0.1148,0.3517,0.6210,0.4050,0.1796,1.0793,1.5350,
30.6692,10,3,8.8864,39.5554,converged,3897.79,73764.95,0.4887,1.45,0.0000,0.0179,0.0156,,,,,,,
30.0889,10,3,9.0674,39.1554,converged,3898.07,73765.10,0.4893,1.41,0.0000,0.0287,0.0525,,,,,,,
21.3792,10,3,13.2830,34.6621,converged,3898.07,73765.10,0.4893,1.41,0.0000,0.0170,0.0239,,,,,,,
40.9986,8,3,8.8696,49.8676,converged,3898.29,73765.22,0.4893,1.39,0.0000,0.0252,0.0242,,,,,,,
20.8541,10,3,8.9967,29.8507,converged,3898.29,73765.22,0.4893,1.39,0.0000,0.0236,0.0279,,,,,,,
35.2475,9,3,8.9903,44.2373,converged,3898.53,73765.35,0.4890,1.38,0.0000,0.0312,0.0441,,,,,,,
29.4011,10,3,11.8109,41.2120,converged,3898.53,73765.35,0.4890,1.38,0.0000,0.0142,0.0159,,,,,,,
55.0113,6,3,12.7402,67.7512,converged,3898.78,73765.48,0.4870,1.36,0.0000,0.0323,0.0759,,,,,,,
42.9350,8,3,9.2206,52.1546,converged,3898.78,73765.48,0.4870,1.36,0.0000,0.0353,0.0544,,,,,,,
53.1825,6,6,22.4808,75.6629,completed,3899.05,73765.62,0.4827,1.35,0.0000,0.0217,0.1084,0.1168,0.6262,1.4837,,,,
47.5015,7,3,11.6388,59.1399,converged,3899.05,73765.62,0.4827,1.35,0.0000,0.0178,0.0715,,,,,,,
45.4522,8,3,9.0763,54.5283,converged,3899.34,73765.77,0.4793,1.34,0.0000,0.0301,0.0336,,,,,,,
48.3640,7,3,8.9231,57.2871,converged,3899.34,73765.77,0.4793,1.34,0.0000,0.0318,0.0513,,,,,,,
43.1947,8,3,9.6023,52.7964,converged,3899.61,73765.91,0.4797,1.35,0.0000,0.0162,0.0226,,,,,,,
26.7059,10,3,9.2546,35.9597,converged,3899.61,73765.91,0.4797,1.35,0.0000,0.0102,0.0255,,,,,,,
25.8712,10,3,9.0321,34.9031,converged,3899.85,73766.04,0.4837,1.39,0.0000,0.0361,0.0505,,,,,,,
41.9567,8,3,8.8793,50.8353,converged,3899.85,73766.04,0.4837,1.39,0.0000,0.0167,0.0491,,,,,,,
38.2770,9,3,8.9095,47.1866,converged,3900.10,73766.17,0.4890,1.43,0.0000,0.0279,0.0543,,,,,,,
55.0692,6,4,11.7958,66.8648,converged,3900.10,73766.17,0.4890,1.43,0.0000,0.0217,0.1208,0.0683,,,,,,
45.0109,8,3,9.1030,54.1131,converged,3900.39,73766.33,0.4942,1.46,0.0000,0.0085,0.0238,,,,,,,
57.3802,6,3,8.9388,66.3188,converged,3900.39,73766.33,0.4942,1.46,0.0000,0.0156,0.0445,,,,,,,
21.7014,10,3,9.8016,31.5026,converged,3900.68,73766.49,0.4990,1.50,0.0000,0.0221,0.0335,,,,,,,
45.5357,8,3,13.8347,59.3698,converged,3900.68,73766.49,0.4990,1.50,0.0000,0.0297,0.0787,,,,,,,
44.7222,8,3,8.8421,53.5642,converged,3900.95,73766.63,0.5046,1.56,0.0000,0.0283,0.0617,,,,,,,
56.6856,6,3,9.2146,65.8997,converged,3900.95,73766.63,0.5046,1.56,0.0000,0.0574,0.0753,,,,,,,
32.0629,10,3,9.3068,41.3689,converged,3901.30,73766.83,0.5148,1.67,0.0000,0.0077,0.0137,,,,,,,
23.0416,10,3,13.4296,36.4706,converged,3901.30,73766.83,0.5148,1.67,0.0000,0.0172,0.0124,,,,,,,
31.8825,10,3,8.8411,40.7231,converged,3901.56,73766.98,0.5244,1.77,0.0000,0.0096,0.0281,,,,,,,
46.7752,7,3,9.3445,56.1196,converged,3901.56,73766.98,0.5244,1.77,0.0000,0.0180,0.0678,,,,,,,
44.1283,8,3,9.3040,53.4321,converged,3901.92,73767.19,0.5400,1.93,0.0000,0.0288,0.0463,,,,,,,
20.7390,10,3,9.5792,30.3183,converged,3901.92,73767.19,0.5400,1.93,0.0000,0.0047,0.0165,,,,,,,
54.5760,6,3,8.8434,63.4194,converged,3902.27,73767.40,0.5564,2.08,0.0000,0.0178,0.0718,,,,,,,
20.0031,10,3,9.1242,29.1273,converged,3902.27,73767.40,0.5564,2.08,0.0000,0.0060,0.0183,,,,,,,
20.5496,10,3,9.7332,30.2822,converged,3902.63,73767.63,0.5754,2.25,0.0000,0.0231,0.0307,,,,,,,
34.0632,9,3,8.5667,42.6297,converged,3902.63,73767.63,0.5754,2.25,0.0000,0.0152,0.0204,,,,,,,
57.3738,6,6,24.0611,81.4342,completed,3902.97,73767.86,0.5960,2.40,0.0000,0.0143,0.1295,0.1247,0.6985,1.5545,,,,
50.4596,7,3,8.6900,59.1490,converged,3902.97,73767.86,0.5960,2.40,0.0000,0.0108,0.0294,,,,,,,
56.6717,6,3,9.6304,66.3014,converged,3903.48,73768.22,0.6318,2.59,0.0000,0.0285,0.0615,,,,,,,
39.4208,9,3,9.0310,48.4510,converged,3903.48,73768.22,0.6318,2.59,0.0000,0.0081,0.0441,,,,,,,
45.7118,8,3,9.4496,55.1607,converged,3903.96,73768.58,0.6733,2.71,0.0000,0.0202,0.0797,,,,,,,
43.5667,8,3,8.7186,52.2847,converged,3903.96,73768.58,0.6733,2.71,0.0000,0.0323,0.0862,,,,,,,
45.9293,8,3,8.9378,54.8669,converged,3904.43,73768.98,0.7214,2.83,0.0000,0.0127,0.0642,,,,,,,
34.0299,9,3,8.8609,42.8900,converged,3904.43,73768.98,0.7214,2.83,0.0000,0.0103,0.0372,,,,,,,
35.5895,9,3,10.3460,45.9351,converged,3904.86,73769.37,0.7733,2.93,0.0000,0.0126,0.0315,,,,,,,
44.9768,8,3,9.2438,54.2198,converged,3904.86,73769.37,0.7733,2.93,0.0000,0.0170,0.0290,,,,,,,
38.0191,9,3,9.9616,47.9806,converged,3905.32,73769.85,0.8446,3.00,0.0000,0.0284,0.0161,,,,,,,
57.2512,6,3,9.0015,66.2526,converged,3905.32,73769.85,0.8446,3.00,0.0000,0.0162,0.0672,,,,,,,
32.6579,10,3,8.8531,41.5102,converged,3905.75,73770.38,0.9257,3.01,0.0000,0.0232,0.0171,,,,,,,
46.3789,7,3,9.4352,55.8133,converged,3905.75,73770.38,0.9257,3.01,0.0000,0.0145,0.0770,,,,,,,
48.9792,7,3,9.7353,58.7143,converged,3906.09,73770.87,1.0033,2.98,0.0000,0.0633,0.0277,,,,,,,
24.9566,10,3,8.9598,33.9158,converged,3906.09,73770.87,1.0033,2.98,0.0000,0.0391,0.0171,,,,,,,
39.4844,9,3,9.7066,49.1906,converged,3906.39,73771.38,1.0828,2.91,0.0000,0.0810,0.0445,,,,,,,
27.5607,10,3,11.7779,39.3380,converged,3906.39,73771.38,1.0828,2.91,0.0000,0.0406,0.0161,,,,,,,
51.7338,7,3,9.4779,61.2110,converged,3906.64,73771.89,1.1620,2.81,0.0000,0.1055,0.0649,,,,,,,
25.1102,10,3,9.9554,35.0654,converged,3906.64,73771.89,1.1620,2.81,0.0000,0.0451,0.0250,,,,,,,
30.1582,10,3,9.0565,39.2145,converged,3906.83,73772.41,1.2400,2.71,0.0000,0.0861,0.0521,,,,,,,
51.5956,7,3,9.0050,60.6000,converged,3906.83,73772.41,1.2400,2.71,0.0000,0.1240,0.0411,,,,,,,
48.6019,7,3,8.9376,57.5386,converged,3907.00,73772.98,1.3251,2.58,0.0000,0.1092,0.0454,,,,,,,
23.2628,10,3,9.2662,32.5282,converged,3907.00,73772.98,1.3251,2.58,0.0000,0.0434,0.0508,,,,,,,
30.4493,10,3,9.7810,40.2301,converged,3907.11,73773.47,1.3984,2.46,0.0000,0.0971,0.0508,,,,,,,
51.5422,7,7,23.8207,75.3627,completed,3907.11,73773.47,1.3984,2.46,0.0000,0.0709,0.1247,0.2486,0.5445,3.2116,4.6985,,,
46.8155,7,7,24.9661,71.7811,completed,3907.18,73774.01,1.4767,2.32,0.0000,0.0745,0.1215,0.3428,1.0428,3.9544,5.6645,,,
33.9668,10,3,9.3233,43.2893,converged,3907.18,73774.01,1.4767,2.32,0.0000,0.0709,0.0408,,,,,,,
34.2859,9,3,9.3178,43.6028,converged,3907.21,73774.51,1.5483,2.16,0.0000,0.0503,0.0378,,,,,,,
46.2095,7,3,8.9763,55.1853,converged,3907.21,73774.51,1.5483,2.16,0.0000,0.0313,0.0927,,,,,,,
40.2306,8,3,9.4079,49.6379,converged,3907.21,73774.93,1.6034,2.01,0.0000,0.0461,0.0399,,,,,,,
45.9044,8,3,9.5456,55.4496,converged,3907.21,73774.93,1.6034,2.01,0.0000,0.0234,0.0303,,,,,,,
33.3549,10,3,8.7403,42.0943,converged,3907.18,73775.36,1.6519,1.83,0.0000,0.0324,0.0356,,,,,,,
35.6794,9,3,9.1230,44.8020,converged,3907.18,73775.36,1.6519,1.83,0.0000,0.0191,0.0259,,,,,,,
56.8579,6,6,20.8744,77.7314,completed,3907.15,73775.70,1.6867,1.64,0.0000,0.0569,0.1771,0.9148,1.9064,5.5640,,,,
51.1811,7,3,9.3786,60.5596,converged,3907.15,73775.70,1.6867,1.64,0.0000,0.0190,0.0349,,,,,,,
43.8507,8,3,12.9938,56.8438,converged,3907.10,73776.04,1.7230,1.42,0.0000,0.0313,0.0645,,,,,,,
32.6731,10,3,9.0143,41.6873,converged,3907.10,73776.04,1.7230,1.42,0.0000,0.0208,0.0175,,,,,,,
23.5734,10,3,9.1742,32.7472,converged,3907.05,73776.33,1.7550,1.22,0.0000,0.0216,0.0193,,,,,,,
38.8002,9,3,8.9998,47.7998,converged,3907.04,73776.42,1.7647,1.17,0.0000,0.0272,0.0202,,,,,,,
45.9643,8,3,9.1149,55.0790,converged,3907.04,73776.42,1.7647,1.17,0.0000,0.0255,0.0253,,,,,,,
37.6199,9,3,10.0181,47.6371,converged,3906.98,73776.67,1.7913,1.07,0.0000,0.0336,0.0231,,,,,,,
26.5546,10,3,11.8520,38.4060,converged,3906.98,73776.67,1.7913,1.07,0.0000,0.0246,0.0145,,,,,,,
23.8727,10,3,11.0417,34.9137,converged,3906.93,73776.90,1.8153,1.04,0.0000,0.0270,0.0223,,,,,,,
37.3835,9,3,9.2358,46.6188,converged,3906.93,73776.90,1.8153,1.04,0.0000,0.0178,0.0271,,,,,,,
43.2813,8,3,10.0301,53.3111,converged,3906.88,73777.10,1.8333,1.05,0.0000,0.0364,0.0203,,,,,,,
41.5155,8,3,9.2119,50.7269,converged,3906.88,73777.10,1.8333,1.05,0.0000,0.0396,0.0140,,,,,,,
22.9036,10,3,9.1633,32.0664,converged,3906.82,73777.30,1.8503,1.06,0.0000,0.0474,0.0302,,,,,,,
38.7074,9,3,10.2267,48.9337,converged,3906.82,73777.30,1.8503,1.06,0.0000,0.0511,0.0254,,,,,,,
28.8068,10,3,12.6438,41.4499,converged,3906.76,73777.51,1.8656,1.08,0.0000,0.0446,0.0342,,,,,,,
55.8778,6,3,9.0387,64.9157,converged,3906.76,73777.51,1.8656,1.08,0.0000,0.0667,0.0864,,,,,,,
26.0991,10,3,10.1754,36.2745,converged,3906.69,73777.74,1.8820,1.09,0.0000,0.0401,0.0177,,,,,,,
50.9294,7,3,9.8892,60.8182,converged,3906.69,73777.74,1.8820,1.09,0.0000,0.0258,0.0204,,,,,,,
24.1238,10,3,9.5044,33.6274,converged,3906.62,73777.95,1.8952,1.09,0.0000,0.0440,0.0289,,,,,,,
28.2108,10,3,9.1393,37.3494,converged,3906.62,73777.95,1.8952,1.09,0.0000,0.0455,0.0281,,,,,,,
45.9419,8,3,9.2538,55.1948,converged,3906.56,73778.13,1.9056,1.09,0.0000,0.0500,0.0762,,,,,,,
54.2655,6,3,10.6061,64.8712,converged,3906.56,73778.13,1.9056,1.09,0.0000,0.0705,0.0508,,,,,,,
20.9619,10,3,8.7879,29.7489,converged,3906.48,73778.36,1.9189,1.09,0.0000,0.0357,0.0620,,,,,,,
25.9997,10,3,11.4686,37.4676,converged,3906.48,73778.36,1.9189,1.09,0.0000,0.0354,0.0120,,,,,,,
35.9973,9,3,9.1256,45.1226,converged,3906.41,73778.54,1.9284,1.12,0.0000,0.0478,0.0479,,,,,,,
52.7273,6,6,21.4436,74.1707,completed,3906.41,73778.54,1.9284,1.12,0.0000,0.0724,0.1015,0.5284,1.4125,6.0498,,,,
42.1893,8,3,9.0845,51.2735,converged,3906.31,73778.81,1.9418,1.23,0.0000,0.0363,0.0731,,,,,,,
32.2171,10,3,9.1353,41.3524,converged,3906.31,73778.81,1.9418,1.23,0.0000,0.0610,0.0307,,,,,,,
58.0913,5,5,17.7522,75.8432,completed,3906.21,73779.05,1.9547,1.36,0.0000,0.0559,0.1040,0.7113,4.4804,,,,,
34.9418,9,3,8.5290,43.4701,converged,3906.21,73779.05,1.9547,1.36,0.0000,0.0450,0.0432,,,,,,,
54.5361,6,6,20.0699,74.6059,completed,3906.09,73779.35,1.9706,1.53,0.0000,0.0340,0.1893,0.4769,1.4964,5.9558,,,,
25.8414,10,3,9.3971,35.2381,converged,3906.09,73779.35,1.9706,1.53,0.0000,0.0544,0.0046,,,,,,,
23.9528,10,3,8.8051,32.7571,converged,3905.94,73779.69,1.9869,1.78,0.0000,0.0440,0.0355,,,,,,,
55.3894,6,6,21.4540,76.8430,completed,3905.94,73779.69,1.9869,1.78,0.0000,0.0266,0.2247,0.6851,1.9603,6.4919,,,,
29.3513,10,3,9.6054,38.9564,converged,3905.78,73780.04,2.0051,2.04,0.0000,0.0523,0.0200,,,,,,,
51.1625,7,7,27.0794,78.2414,completed,3905.78,73780.04,2.0051,2.04,0.0000,0.0553,0.1239,0.3739,0.6365,5.6572,7.5193,,,
44.4220,8,3,10.1514,54.5734,converged,3905.57,73780.48,2.0273,2.33,0.0000,0.0122,0.0769,,,,,,,
20.7022,10,3,9.7761,30.4781,converged,3905.57,73780.48,2.0273,2.33,0.0000,0.0490,0.0174,,,,,,,
53.7498,6,6,21.0195,74.7686,completed,3905.35,73780.92,2.0436,2.61,0.0000,0.0346,0.2049,0.2524,0.7133,5.3057,,,,
58.5784,5,5,18.7585,77.3365,completed,3905.35,73780.92,2.0436,2.61,0.0000,0.0200,0.3126,1.0447,6.2882,,,,,
44.5665,8,3,9.1991,53.7651,converged,3905.02,73781.55,2.0582,3.02,0.0000,0.0188,0.0691,,,,,,,
34.5064,9,3,9.0210,43.5270,converged,3905.02,73781.55,2.0582,3.02,0.0000,0.0381,0.0354,,,,,,,
36.2729,9,3,9.2119,45.4840,converged,3904.68,73782.18,2.0647,3.41,0.0000,0.0292,0.0357,,,,,,,
21.1792,10,3,8.8859,30.0649,converged,3904.68,73782.18,2.0647,3.41,0.0000,0.0107,0.0429,,,,,,,
39.1056,9,3,8.8973,48.0024,converged,3904.38,73782.73,2.0686,3.73,0.0000,0.0509,0.0260,,,,,,,
34.2744,9,3,8.7917,43.0658,converged,3904.38,73782.73,2.0686,3.73,0.0000,0.0209,0.0313,,,,,,,
31.4503,10,3,8.6678,40.1178,converged,3904.01,73783.42,2.0711,4.13,0.0000,0.0073,0.0331,,,,,,,
31.0742,10,3,9.1135,40.1875,converged,3904.01,73783.42,2.0711,4.13,0.0000,0.0193,0.0127,,,,,,,
33.0358,10,3,9.1468,42.1818,converged,3903.59,73784.18,2.0725,4.54,0.0000,0.0354,0.0181,,,,,,,
58.7167,5,5,17.0675,75.7835,completed,3903.59,73784.18,2.0725,4.54,0.0000,0.0534,0.1871,0.6396,5.4646,,,,,
46.2483,7,3,9.3188,55.5668,converged,3903.08,73785.12,2.0733,4.98,0.0000,0.0320,0.0662,,,,,,,
36.4711,9,3,9.6311,46.1022,converged,3903.08,73785.12,2.0733,4.98,0.0000,0.0336,0.0075,,,,,,,
51.9904,7,3,9.4516,61.4416,converged,3902.58,73786.03,2.0725,5.33,0.0000,0.0207,0.0661,,,,,,,
56.9708,6,3,9.4539,66.4240,converged,3902.58,73786.03,2.0725,5.33,0.0000,0.0619,0.0803,,,,,,,
30.0771,10,3,9.8459,39.9229,converged,3901.92,73787.23,2.0700,5.62,0.0000,0.0192,0.0378,,,,,,,
30.9787,10,3,9.1032,40.0812,converged,3901.92,73787.23,2.0700,5.62,0.0000,0.0189,0.0258,,,,,,,
47.3070,7,7,22.7956,70.1016,completed,3901.44,73788.11,2.0686,5.81,0.0000,0.0213,0.1390,0.2457,0.7303,2.6281,7.6217,,,
58.2060,5,5,17.1114,75.3164,completed,3901.44,73788.11,2.0686,5.81,0.0000,0.0386,0.1891,0.5967,5.3779,,,,,
20.2756,10,3,11.8092,32.0842,converged,3900.66,73789.55,2.0661,6.11,0.0000,0.0125,0.0576,,,,,,,
20.7867,10,3,8.8392,29.6253,converged,3900.66,73789.55,2.0661,6.11,0.0000,0.0222,0.0270,,,,,,,
41.5487,8,3,13.3821,54.9301,converged,3900.15,73790.51,2.0614,6.29,0.0000,0.0241,0.0905,,,,,,,
25.5385,10,3,9.9660,35.5040,converged,3900.15,73790.51,2.0614,6.29,0.0000,0.0088,0.0564,,,,,,,
26.1737,10,3,12.5282,38.7012,converged,3899.47,73791.78,2.0580,6.47,0.0000,0.0146,0.0271,,,,,,,
33.3893,10,3,9.7902,43.1792,converged,3899.47,73791.78,2.0580,6.47,0.0000,0.0130,0.0514,,,,,,,
29.1038,10,3,10.2865,39.3895,converged,3898.86,73792.93,2.0543,6.58,0.0000,0.0145,0.0531,,,,,,,
23.2449,10,3,8.6351,31.8791,converged,3898.86,73792.93,2.0543,6.58,0.0000,0.0093,0.0139,,,,,,,
46.3207,7,3,9.1517,55.4717,converged,3898.33,73793.96,2.0512,6.65,0.0000,0.0353,0.0844,,,,,,,
59.0417,5,5,17.5528,76.5938,completed,3898.33,73793.96,2.0512,6.65,0.0000,0.0665,0.1240,0.7162,5.6826,,,,,
30.1052,10,3,8.8432,38.9482,converged,3897.56,73795.43,2.0512,6.66,0.0000,0.0333,0.0474,,,,,,,
51.9414,7,3,8.7592,60.7003,converged,3897.56,73795.43,2.0512,6.66,0.0000,0.0407,0.0547,,,,,,,
59.0485,5,5,17.1538,76.2018,completed,3896.94,73796.61,2.0498,6.65,0.0000,0.0996,0.1010,0.9164,5.1139,,,,,
43.0024,8,3,9.7154,52.7174,converged,3896.94,73796.61,2.0498,6.65,0.0000,0.0449,0.0626,,,,,,,
24.2421,10,3,8.9415,33.1836,converged,3896.18,73798.09,2.0501,6.63,0.0000,0.0593,0.0749,,,,,,,
34.2718,9,3,9.1890,43.4600,converged,3895.95,73798.53,2.0494,6.61,0.0000,0.0374,0.0337,,,,,,,
45.5948,8,3,9.3509,54.9449,converged,3895.65,73799.12,2.0477,6.60,0.0000,0.0482,0.0277,,,,,,,
30.9662,10,3,13.1370,44.1030,converged,3895.65,73799.12,2.0477,6.60,0.0000,0.0101,0.0160,,,,,,,
28.6931,10,3,8.7160,37.4091,converged,3894.97,73800.43,2.0486,6.52,0.0000,0.0464,0.0457,,,,,,,
33.9312,10,3,11.4709,45.4019,converged,3894.97,73800.43,2.0486,6.52,0.0000,0.0122,0.0153,,,,,,,
21.2170,10,3,9.0652,30.2813,converged,3894.30,73801.72,2.0472,6.35,0.0000,0.0581,0.0717,,,,,,,
52.9037,6,3,8.9528,61.8559,converged,3894.30,73801.72,2.0472,6.35,0.0000,0.0589,0.0190,,,,,,,
24.3105,10,3,8.7029,33.0129,converged,3893.73,73802.83,2.0413,6.18,0.0000,0.0238,0.0260,,,,,,,
43.8391,8,3,9.0492,52.8882,converged,3893.73,73802.83,2.0413,6.18,0.0000,0.0258,0.0335,,,,,,,
55.2266,6,3,9.9271,65.1532,converged,3893.25,73803.78,2.0406,6.02,0.0000,0.0716,0.0540,,,,,,,
31.5891,10,3,9.1800,40.7691,converged,3893.25,73803.78,2.0406,6.02,0.0000,0.0210,0.0397,,,,,,,
58.4462,5,5,17.2041,75.6501,completed,3892.64,73804.97,2.0419,5.78,0.0000,0.0757,0.1381,0.2272,3.8469,,,,,
37.5997,9,3,8.8921,46.4911,converged,3892.64,73804.97,2.0419,5.78,0.0000,0.0393,0.0675,,,,,,,
24.9790,10,3,9.2231,34.2021,converged,3892.07,73806.10,2.0417,5.54,0.0000,0.0309,0.0438,,,,,,,
49.7449,7,3,8.7704,58.5144,converged,3892.07,73806.10,2.0417,5.54,0.0000,0.0382,0.0389,,,,,,,
39.0157,9,3,14.2893,53.3043,converged,3891.57,73807.07,2.0447,5.32,0.0000,0.0404,0.0616,,,,,,,
37.7690,9,3,9.5261,47.2941,converged,3891.57,73807.07,2.0447,5.32,0.0000,0.0332,0.0481,,,,,,,
29.0833,10,3,13.8751,42.9581,converged,3891.04,73808.11,2.0487,5.07,0.0000,0.0370,0.0576,,,,,,,
35.9386,9,3,11.6377,47.5758,converged,3891.04,73808.11,2.0487,5.07,0.0000,0.0368,0.0687,,,,,,,
23.5963,10,3,9.1056,32.7016,converged,3890.58,73808.99,2.0511,4.84,0.0000,0.0396,0.0452,,,,,,,
32.8242,10,3,8.8814,41.7054,converged,3890.58,73808.99,2.0511,4.84,0.0000,0.0271,0.0357,,,,,,,
30.4381,10,3,8.8790,39.3171,converged,3890.09,73809.93,2.0521,4.57,0.0000,0.0342,0.0457,,,,,,,
35.4734,9,3,8.9203,44.3934,converged,3889.93,73810.23,2.0525,4.48,0.0000,0.0366,0.0522,,,,,,,
33.4154,10,3,8.6604,42.0755,converged,3889.73,73810.62,2.0524,4.36,0.0000,0.0241,0.0296,,,,,,,
44.8328,8,3,9.1075,53.9395,converged,3889.53,73811.00,2.0524,4.24,0.0000,0.0264,0.0285,,,,,,,
54.4907,6,3,10.3540,64.8440,converged,3889.53,73811.00,2.0524,4.24,0.0000,0.0294,0.0139,,,,,,,
57.3352,6,3,8.9978,66.3328,converged,3889.06,73811.90,2.0520,3.89,0.0000,0.0486,0.0386,,,,,,,
52.4314,6,3,8.9146,61.3456,converged,3889.06,73811.90,2.0520,3.89,0.0000,0.0518,0.0154,,,,,,,
20.0351,10,3,9.4663,29.5013,converged,3888.67,73812.65,2.0458,3.58,0.0000,0.0268,0.0429,,,,,,,
54.0861,6,3,8.9843,63.0703,converged,3888.67,73812.65,2.0458,3.58,0.0000,0.0423,0.0107,,,,,,,
21.7126,10,3,8.9154,30.6275,converged,3888.36,73813.26,2.0373,3.33,0.0000,0.0129,0.0205,,,,,,,
59.1678,5,3,11.7861,70.9532,converged,3888.36,73813.26,2.0373,3.33,0.0000,0.0634,0.0293,,,,,,,
57.7459,6,3,9.0111,66.7561,converged,3888.03,73813.91,2.0356,3.11,0.0000,0.0411,0.0477,,,,,,,
58.3701,5,3,8.8659,67.2359,converged,3888.03,73813.91,2.0356,3.11,0.0000,0.0540,0.0188,,,,,,,
57.1832,6,3,9.9874,67.1704,converged,3887.73,73814.52,2.0361,2.95,0.0000,0.0395,0.0448,,,,,,,
25.7549,10,3,10.0049,35.7590,converged,3887.73,73814.52,2.0361,2.95,0.0000,0.0188,0.0350,,,,,,,
40.9286,8,3,9.6080,50.5360,converged,3887.44,73815.10,2.0359,2.83,0.0000,0.0156,0.0249,,,,,,,
27.7536,10,3,9.2024,36.9554,converged,3887.44,73815.10,2.0359,2.83,0.0000,0.0177,0.0368,,,,,,,
55.9637,6,3,8.9708,64.9338,converged,3887.18,73815.60,2.0374,2.75,0.0000,0.0360,0.0608,,,,,,,
39.3531,9,3,9.0836,48.4366,converged,3887.18,73815.60,2.0374,2.75,0.0000,0.0146,0.0343,,,,,,,
56.4904,6,3,12.1490,68.6390,converged,3886.91,73816.14,2.0429,2.68,0.0000,0.0422,0.0741,,,,,,,
44.6588,8,3,8.9723,53.6304,converged,3886.91,73816.14,2.0429,2.68,0.0000,0.0219,0.0451,,,,,,,
41.2894,8,3,9.1180,50.4070,converged,3886.64,73816.67,2.0478,2.62,0.0000,0.0335,0.0687,,,,,,,
43.3163,8,3,9.2291,52.5451,converged,3886.64,73816.67,2.0478,2.62,0.0000,0.0239,0.0503,,,,,,,
57.7703,6,3,9.3804,67.1505,converged,3886.37,73817.19,2.0500,2.55,0.0000,0.0307,0.0514,,,,,,,
53.7232,6,3,9.0652,62.7883,converged,3886.37,73817.19,2.0500,2.55,0.0000,0.0265,0.0488,,,,,,,
38.8826,9,3,9.1217,48.0037,converged,3886.11,73817.69,2.0523,2.50,0.0000,0.0152,0.0293,,,,,,,
37.0860,9,3,8.7781,45.8632,converged,3886.11,73817.69,2.0523,2.50,0.0000,0.0203,0.0401,,,,,,,
24.8789,10,3,9.0065,33.8846,converged,3885.87,73818.13,2.0536,2.47,0.0000,0.0156,0.0307,,,,,,,
24.8920,10,3,8.9399,33.8319,converged,3885.87,73818.13,2.0536,2.47,0.0000,0.0322,0.0582,,,,,,,
37.2262,9,3,8.9471,46.1732,converged,3885.65,73818.57,2.0548,2.46,0.0000,0.0093,0.0288,,,,,,,
21.8721,10,3,9.9097,31.7818,converged,3885.65,73818.57,2.0548,2.46,0.0000,0.0057,0.0188,,,,,,,
45.8886,8,3,9.4081,55.2961,converged,3885.42,73819.01,2.0570,2.47,0.0000,0.0084,0.0239,,,,,,,
37.0808,9,3,9.1849,46.2649,converged,3885.42,73819.01,2.0570,2.47,0.0000,0.0118,0.0269,,,,,,,
45.8469,8,3,8.8951,54.7412,converged,3885.18,73819.45,2.0585,2.49,0.0000,0.0078,0.0236,,,,,,,
58.9101,5,4,11.8150,70.7251,converged,3885.18,73819.45,2.0585,2.49,0.0000,0.0998,0.1236,0.0914,,,,,,
49.8690,7,3,9.8956,59.7646,converged,3884.92,73819.94,2.0599,2.47,0.0000,0.0117,0.0389,,,,,,,
55.9672,6,3,8.8179,64.7849,converged,3884.92,73819.94,2.0599,2.47,0.0000,0.0295,0.0601,,,,,,,
52.4607,6,3,9.7239,62.1839,converged,3884.63,73820.48,2.0587,2.42,0.0000,0.0152,0.0348,,,,,,,
44.2657,8,3,9.9740,54.2390,converged,3884.63,73820.48,2.0587,2.42,0.0000,0.0120,0.0364,,,,,,,
44.5675,8,3,8.9513,53.5184,converged,3884.38,73820.95,2.0553,2.38,0.0000,0.0075,0.0247,,,,,,,
33.7235,10,3,8.9182,42.6413,converged,3884.38,73820.95,2.0553,2.38,0.0000,0.0088,0.0289,,,,,,,
21.4535,10,3,9.4582,30.9112,converged,3884.13,73821.43,2.0533,2.34,0.0000,0.0059,0.0163,,,,,,,
32.4069,10,3,9.0549,41.4609,converged,3884.13,73821.43,2.0533,2.34,0.0000,0.0036,0.0145,,,,,,,
30.8602,10,3,9.0570,39.9171,converged,3883.95,73821.79,2.0523,2.29,0.0000,0.0061,0.0166,,,,,,,
34.5563,9,3,10.3420,44.8980,converged,3883.95,73821.79,2.0523,2.29,0.0000,0.0061,0.0225,,,,,,,
25.3001,10,3,8.7731,34.0731,converged,3883.74,73822.19,2.0525,2.22,0.0000,0.0044,0.0174,,,,,,,
32.2612,10,3,9.0232,41.2843,converged,3883.74,73822.19,2.0525,2.22,0.0000,0.0079,0.0254,,,,,,,
24.1782,10,3,8.8105,32.9885,converged,3883.54,73822.57,2.0538,2.12,0.0000,0.0057,0.0190,,,,,,,
51.2066,7,3,9.1767,60.3827,converged,3883.54,73822.57,2.0538,2.12,0.0000,0.0153,0.0351,,,,,,,
55.1644,6,3,9.5390,64.7030,converged,3883.34,73822.94,2.0542,2.02,0.0000,0.0169,0.0422,,,,,,,
20.0925,10,3,9.0041,29.0961,converged,3883.34,73822.94,2.0542,2.02,0.0000,0.0116,0.0287,,,,,,,
48.0380,7,3,9.4824,57.5194,converged,3883.16,73823.29,2.0539,1.95,0.0000,0.0111,0.0306,,,,,,,
28.1082,10,3,9.2943,37.4024,converged,3883.16,73823.29,2.0539,1.95,0.0000,0.0126,0.0305,,,,,,,
55.0823,6,3,8.9723,64.0543,converged,3882.98,73823.63,2.0530,1.89,0.0000,0.0166,0.0393,,,,,,,
30.2230,10,3,9.1136,39.3367,converged,3882.98,73823.63,2.0530,1.89,0.0000,0.0092,0.0204,,,,,,,
48.2391,7,3,9.5325,57.7716,converged,3882.79,73824.00,2.0516,1.84,0.0000,0.0132,0.0315,,,,,,,
50.5951,7,3,9.9295,60.5246,converged,3882.79,73824.00,2.0516,1.84,0.0000,0.0157,0.0303,,,,,,,
20.7539,10,3,9.8756,30.6286,converged,3882.60,73824.36,2.0518,1.79,0.0000,0.0079,0.0180,,,,,,,
55.7353,6,3,9.7540,65.4890,converged,3882.60,73824.36,2.0518,1.79,0.0000,0.0197,0.0229,,,,,,,
55.4510,6,3,9.0471,64.4981,converged,3882.41,73824.72,2.0546,1.76,0.0000,0.0140,0.0191,,,,,,,
48.4878,7,3,9.5937,58.0808,converged,3882.41,73824.72,2.0546,1.76,0.0000,0.0161,0.0337,,,,,,,
38.8807,9,3,8.9443,47.8243,converged,3882.23,73825.06,2.0586,1.72,0.0000,0.0095,0.0207,,,,,,,
54.7681,6,3,9.1936,63.9617,converged,3882.23,73825.06,2.0586,1.72,0.0000,0.0278,0.0520,,,,,,,
55.5581,6,3,8.5998,64.1578,converged,3882.05,73825.40,2.0612,1.69,0.0000,0.0174,0.0314,,,,,,,
42.5146,8,3,9.2902,51.8042,converged,3882.05,73825.40,2.0612,1.69,0.0000,0.0033,0.0695,,,,,,,
31.0217,10,3,8.9873,40.0083,converged,3881.87,73825.73,2.0627,1.65,0.0000,0.0048,0.0166,,,,,,,
23.3770,10,3,9.5783,32.9544,converged,3881.87,73825.73,2.0627,1.65,0.0000,0.0076,0.0216,,,,,,,
56.4817,6,3,13.2253,69.7063,converged,3881.72,73826.02,2.0628,1.61,0.0000,0.0154,0.0335,,,,,,,
54.5091,6,3,9.2383,63.7473,converged,3881.72,73826.02,2.0628,1.61,0.0000,0.0080,0.0226,,,,,,,
43.7080,8,3,9.3892,53.0973,converged,3881.53,73826.37,2.0619,1.56,0.0000,0.0065,0.0172,,,,,,,
26.6117,10,3,9.1533,35.7643,converged,3881.53,73826.37,2.0619,1.56,0.0000,0.0099,0.0126,,,,,,,
21.8064,10,3,8.8402,30.6462,converged,3881.38,73826.64,2.0618,1.50,0.0000,0.0049,0.0098,,,,,,,
52.8352,6,3,9.9218,62.7568,converged,3881.38,73826.64,2.0618,1.50,0.0000,0.0143,0.0134,,,,,,,
51.5565,7,3,9.3141,60.8701,converged,3881.25,73826.90,2.0625,1.43,0.0000,0.0078,0.0222,,,,,,,
48.0653,7,3,8.6794,56.7445,converged,3881.25,73826.90,2.0625,1.43,0.0000,0.0140,0.0112,,,,,,,
51.9848,7,3,8.9280,60.9120,converged,3881.10,73827.18,2.0638,1.34,0.0000,0.0092,0.0162,,,,,,,
46.7640,7,3,8.8394,55.6024,converged,3881.10,73827.18,2.0638,1.34,0.0000,0.0109,0.0169,,,,,,,
43.1493,8,3,8.5411,51.6902,converged,3880.95,73827.46,2.0636,1.24,0.0000,0.0067,0.0139,,,,,,,
51.0107,7,3,9.2079,60.2180,converged,3880.95,73827.46,2.0636,1.24,0.0000,0.0121,0.0090,,,,,,,
58.4153,5,3,8.8917,67.3067,converged,3880.82,73827.70,2.0629,1.17,0.0000,0.0123,0.0135,,,,,,,
39.3430,9,3,8.9229,48.2650,converged,3880.82,73827.70,2.0629,1.17,0.0000,0.0096,0.0149,,,,,,,
49.4963,7,3,8.6404,58.1364,converged,3880.70,73827.93,2.0637,1.12,0.0000,0.0076,0.0137,,,,,,,
23.8360,10,3,9.4835,33.3185,converged,3880.70,73827.93,2.0637,1.12,0.0000,0.0053,0.0094,,,,,,,
42.1930,8,3,9.3906,51.5836,converged,3880.58,73828.15,2.0644,1.09,0.0000,0.0073,0.0113,,,,,,,
25.4456,10,3,8.5941,34.0391,converged,3880.58,73828.15,2.0644,1.09,0.0000,0.0068,0.0097,,,,,,,
37.0240,9,3,9.4596,46.4836,converged,3880.48,73828.34,2.0650,1.08,0.0000,0.0058,0.0115,,,,,,,
45.5100,8,3,8.7561,54.2662,converged,3880.48,73828.34,2.0650,1.08,0.0000,0.0063,0.0147,,,,,,,
52.0885,6,3,8.9265,61.0146,converged,3880.36,73828.55,2.0665,1.05,0.0000,0.0109,0.0169,,,,,,,
37.2194,9,3,9.5982,46.8172,converged,3880.36,73828.55,2.0665,1.05,0.0000,0.0043,0.0121,,,,,,,
22.2901,10,3,9.1178,31.4079,converged,3880.25,73828.75,2.0675,1.02,0.0000,0.0050,0.0081,,,,,,,
33.7781,10,3,8.8653,42.6433,converged,3880.25,73828.75,2.0675,1.02,0.0000,0.0038,0.0078,,,,,,,
45.1345,8,3,9.7562,54.8902,converged,3880.17,73828.91,2.0664,0.99,0.0000,0.0062,0.0114,,,,,,,
39.3656,9,3,9.7527,49.1178,converged,3880.17,73828.91,2.0664,0.99,0.0000,0.0081,0.0147,,,,,,,
53.5527,6,3,9.2229,62.7750,converged,3880.06,73829.10,2.0620,0.95,0.0000,0.0101,0.0174,,,,,,,
41.1710,8,3,10.0082,51.1783,converged,3880.06,73829.10,2.0620,0.95,0.0000,0.0086,0.0130,,,,,,,
26.3556,10,3,9.1848,35.5398,converged,3879.96,73829.29,2.0566,0.91,0.0000,0.0087,0.0120,,,,,,,
36.1864,9,3,10.3826,46.5687,converged,3879.96,73829.29,2.0566,0.91,0.0000,0.0089,0.0147,,,,,,,
47.0330,7,3,8.7799,55.8119,converged,3879.89,73829.43,2.0514,0.89,0.0000,0.0110,0.0130,,,,,,,
54.7176,6,3,8.8351,63.5522,converged,3879.89,73829.43,2.0514,0.89,0.0000,0.0150,0.0224,,,,,,,
56.0569,6,3,8.5503,64.6063,converged,3879.79,73829.62,2.0413,0.85,0.0000,0.0099,0.0254,,,,,,,
35.8522,9,3,8.6539,44.5060,converged,3879.79,73829.62,2.0413,0.85,0.0000,0.0102,0.0118,,,,,,,
48.9843,7,3,9.0769,58.0609,converged,3879.71,73829.79,2.0305,0.83,0.0000,0.0158,0.0214,,,,,,,
54.5322,6,3,9.5910,64.1231,converged,3879.71,73829.79,2.0305,0.83,0.0000,0.0187,0.0157,,,,,,,
50.1308,7,3,8.9165,59.0465,converged,3879.61,73829.98,2.0186,0.85,0.0000,0.0116,0.0115,,,,,,,
44.6378,8,3,9.4619,54.0989,converged,3879.61,73829.98,2.0186,0.85,0.0000,0.0100,0.0072,,,,,,,
51.5785,7,3,9.1326,60.7107,converged,3879.53,73830.15,2.0067,0.82,0.0000,0.0157,0.0176,,,,,,,
36.0138,9,3,9.2871,45.3002,converged,3879.53,73830.15,2.0067,0.82,0.0000,0.0116,0.0089,,,,,,,
53.1449,6,3,8.9724,62.1164,converged,3879.46,73830.30,2.0010,0.69,0.0000,0.0220,0.0245,,,,,,,
28.0602,10,3,8.5102,36.5702,converged,3879.46,73830.30,2.0010,0.69,0.0000,0.0101,0.0076,,,,,,,
51.4618,7,3,9.0321,60.4931,converged,3879.41,73830.41,2.0032,0.53,0.0000,0.0166,0.0150,,,,,,,
33.6786,10,3,10.2958,43.9739,converged,3879.41,73830.41,2.0032,0.53,0.0000,0.0107,0.0090,,,,,,,
59.5648,5,3,9.5809,69.1449,converged,3879.37,73830.51,2.0104,0.37,0.0000,0.0217,0.0254,,,,,,,
47.7508,7,3,9.7924,57.5424,converged,3879.37,73830.51,2.0104,0.37,0.0000,0.0133,0.0068,,,,,,,
34.9203,9,3,9.3834,44.3034,converged,3879.34,73830.58,2.0193,0.27,0.0000,0.0095,0.0065,,,,,,,
40.7977,8,3,8.9074,49.7044,converged,3879.34,73830.58,2.0193,0.27,0.0000,0.0088,0.0035,,,,,,,
36.8903,9,3,9.1923,46.0823,converged,3879.31,73830.62,2.0263,0.19,0.0000,0.0069,0.0040,,,,,,,
24.0722,10,3,9.4937,33.5657,converged,3879.31,73830.62,2.0263,0.19,0.0000,0.0072,0.0036,,,,,,,
40.0718,8,3,9.8643,49.9353,converged,3879.30,73830.64,2.0312,0.09,0.0000,0.0101,0.0094,,,,,,,
50.4368,7,3,9.1164,59.5525,converged,3879.30,73830.64,2.0312,0.09,0.0000,0.0056,0.0065,,,,,,,
34.2913,9,3,10.5626,44.8537,converged,3879.30,73830.65,2.0331,0.01,0.0000,0.0061,0.0030,,,,,,,
26.6478,10,3,8.9093,35.5563,converged,3879.30,73830.65,2.0331,0.01,0.0000,0.0030,0.0029,,,,,,,
29.2568,10,3,8.5717,37.8278,converged,3879.30,73830.65,2.0331,0.00,0.0000,0.0039,0.0021,,,,,,,
52.7750,6,3,9.1768,61.9508,converged,3879.30,73830.65,2.0331,0.00,0.0000,0.0032,0.0127,,,,,,,
56.5170,6,3,9.1316,65.6487,converged,3879.30,73830.65,2.0331,0.00,0.0000,0.0047,0.0079,,,,,,,
27.8389,10,3,9.0165,36.8546,converged,3879.30,73830.65,2.0331,0.00,0.0000,0.0027,0.0032,,,,,,,
53.9350,6,3,8.8584,62.7935,converged,3879.30,73830.65,2.0331,0.00,0.0000,0.0025,0.0051,,,,,,,
27.0320,10,3,8.8338,35.8658,converged,3879.30,73830.65,2.0331,0.00,0.0000,0.0024,0.0027,,,,,,,
46.5413,7,3,9.1563,55.6973,converged,3879.30,73830.65,2.0331,0.00,0.0000,0.0023,0.0075,,,,,,,
27.4920,10,3,10.0031,37.4951,converged,3879.30,73830.65,2.0331,0.00,0.0000,0.0026,0.0028,,,,,,,
43.3542,8,3,9.4108,52.7649,converged,3879.30,73830.65,2.0331,0.00,0.0000,0.0027,0.0041,,,,,,,
22.6725,10,3,9.6188,32.2908,converged,3879.30,73830.65,2.0331,0.00,0.0000,0.0030,0.0025,,,,,,,
39.5665,9,3,8.7335,48.2995,converged,3879.30,73830.65,2.0331,0.00,0.0000,0.0027,0.0037,,,,,,,
40.9951,8,3,9.6852,50.6803,converged,3879.30,73830.65,2.0331,0.00,0.0000,0.0024,0.0045,,,,,,,
25.0299,10,3,8.6314,33.6604,converged,3879.30,73830.65,2.0331,0.00,0.0000,0.0025,0.0030,,,,,,,
50.7058,7,3,9.7489,60.4539,converged,3879.30,73830.65,2.0331,0.00,0.0000,0.0023,0.0059,,,,,,,
41.3756,8,3,9.3541,50.7291,converged,3879.30,73830.65,2.0331,0.00,0.0000,0.0026,0.0037,,,,,,,
49.4931,7,3,8.9930,58.4861,converged,3879.30,73830.65,2.0331,0.00,0.0000,0.0026,0.0080,,,,,,,
50.9799,7,3,8.8875,59.8665,converged,3879.30,73830.65,2.0331,0.00,0.0000,0.0027,0.0052,,,,,,,
51.6454,7,3,10.2444,61.8894,converged,3879.30,73830.65,2.0331,0.00,0.0000,0.0024,0.0054,,,,,,,
39.8941,9,3,9.8720,49.7661,converged,3879.30,73830.65,2.0331,0.00,0.0000,0.0027,0.0031,,,,,,,
36.1887,9,3,8.9264,45.1144,converged,3879.30,73830.65,2.0331,0.00,0.0000,0.0028,0.0038,,,,,,,
29.5594,10,3,10.0770,39.6360,converged,3879.30,73830.65,2.0331,0.00,0.0000,0.0026,0.0027,,,,,,,
21.7052,10,3,8.6024,30.3074,converged,3879.30,73830.65,2.0331,0.00,0.0000,0.0026,0.0025,,,,,,,
38.5339,9,3,9.0782,47.6112,converged,3879.30,73830.65,2.0331,0.00,0.0000,0.0027,0.0035,,,,,,,
45.1745,8,3,9.1121,54.2862,converged,3879.30,73830.65,2.0331,0.00,0.0000,0.0028,0.0057,,,,,,,
56.0081,6,3,9.0545,65.0625,converged,3879.30,73830.65,2.0331,0.00,0.0000,0.0029,0.0115,,,,,,,
48.1743,7,3,9.8624,58.0364,converged,3879.30,73830.65,2.0331,0.00,0.0000,0.0025,0.0085,,,,,,,
40.3690,8,3,9.4143,49.7823,converged,3879.30,73830.65,2.0331,0.00,0.0000,0.0031,0.0059,,,,,,,
58.5048,5,3,9.0422,67.5462,converged,3879.30,73830.65,2.0331,0.00,0.0000,0.0028,0.0223,,,,,,,
24.2122,10,3,8.8773,33.0893,converged,3879.30,73830.65,2.0331,0.00,0.0000,0.0024,0.0032,,,,,,,
28.5197,10,3,8.8800,37.3991,converged,3879.30,73830.65,2.0331,0.00,0.0000,0.0030,0.0023,,,,,,,
52.0279,6,3,8.6753,60.7023,converged,3879.30,73830.65,2.0331,0.00,0.0000,0.0027,0.0127,,,,,,,
58.5555,5,3,8.9447,67.4997,converged,3879.30,73830.65,2.0331,0.00,0.0000,0.0039,0.0211,,,,,,,
26.6526,10,3,9.9095,36.5615,converged,3879.30,73830.65,2.0331,0.00,0.0000,0.0031,0.0018,,,,,,,
27.7023,10,3,8.9016,36.6037,converged,3879.30,73830.65,2.0331,0.00,0.0000,0.0027,0.0032,,,,,,,
47.7354,7,3,9.3457,57.0808,converged,3879.30,73830.65,2.0331,0.00,0.0000,0.0027,0.0102,,,,,,,
28.4585,10,3,9.5233,37.9813,converged,3879.30,73830.65,2.0331,0.00,0.0000,0.0028,0.0035,,,,,,,
55.1954,6,3,9.2508,64.4458,converged,3879.30,73830.65,2.0331,0.00,0.0000,0.0028,0.0126,,,,,,,
33.1715,10,3,9.0501,42.2211,converged,3879.30,73830.65,2.0331,0.00,0.0000,0.0028,0.0030,,,,,,,
21.8051,10,3,9.0779,30.8829,converged,3879.30,73830.65,2.0331,0.00,0.0000,0.0027,0.0030,,,,,,,
51.3307,7,3,8.7139,60.0440,converged,3879.30,73830.65,2.0331,0.00,0.0000,0.0029,0.0077,,,,,,,
42.0124,8,3,9.7881,51.8001,converged,3879.30,73830.65,2.0331,0.00,0.0000,0.0027,0.0055,,,,,,,
50.7896,7,3,9.0169,59.8060,converged,3879.30,73830.65,2.0331,0.00,0.0000,0.0030,0.0086,,,,,,,
42.8266,8,3,10.1989,53.0249,converged,3879.30,73830.65,2.0331,0.00,0.0000,0.0030,0.0060,,,,,,,
41.5558,8,3,8.7061,50.2612,converged,3879.30,73830.65,2.0331,0.00,0.0000,0.0025,0.0064,,,,,,,
24.8523,10,3,9.2684,34.1204,converged,3879.30,73830.65,2.0331,0.00,0.0000,0.0031,0.0018,,,,,,,
30.5591,10,3,8.9870,39.5460,converged,3879.30,73830.65,2.0331,0.00,0.0000,0.0027,0.0028,,,,,,,
45.3916,8,3,8.5872,53.9782,converged,3879.30,73830.65,2.0331,0.00,0.0000,0.0028,0.0059,,,,,,,
31.1598,10,3,9.1906,40.3496,converged,3879.30,73830.65,2.0331,0.00,0.0000,0.0026,0.0029,,,,,,,
56.7857,6,3,9.1447,65.9297,converged,3879.30,73830.65,2.0331,0.00,0.0000,0.0031,0.0143,,,,,,,
41.6336,8,3,8.7842,50.4172,converged,3879.30,73830.65,2.0331,0.00,0.0000,0.0029,0.0054,,,,,,,
33.6354,10,3,8.8768,42.5119,converged,3879.30,73830.65,2.0331,0.00,0.0000,0.0027,0.0026,,,,,,,
47.1236,7,3,9.0369,56.1599,converged,3879.30,73830.65,2.0331,0.00,0.0000,0.0025,0.0103,,,,,,,
49.6571,7,3,8.8638,58.5208,converged,3879.30,73830.65,2.0331,0.00,0.0000,0.0025,0.0088,,,,,,,
46.5759,7,3,8.9285,55.5035,converged,3879.30,73830.65,2.0331,0.00,0.0000,0.0025,0.0087,,,,,,,
56.9989,6,3,9.9705,66.9685,converged,3879.30,73830.65,2.0331,0.00,0.0000,0.0024,0.0127,,,,,,,
20.5518,10,3,9.1824,29.7335,converged,3879.30,73830.65,2.0331,0.00,0.0000,0.0025,0.0037,,,,,,,
59.2426,5,3,13.0391,72.2811,converged,3879.30,73830.65,2.0331,0.00,0.0000,0.0046,0.0287,,,,,,,
50.0884,7,3,9.0361,59.1241,converged,3879.30,73830.65,2.0331,0.00,0.0000,0.0036,0.0063,,,,,,,
23.5261,10,3,10.3741,33.9002,converged,3879.30,73830.65,2.0331,0.00,0.0000,0.0024,0.0036,,,,,,,
37.0509,9,3,13.8654,50.9154,converged,3879.30,73830.65,2.0331,0.00,0.0000,0.0024,0.0046,,,,,,,
32.0111,10,3,13.9503,45.9613,converged,3879.30,73830.65,2.0331,0.00,0.0000,0.0030,0.0025,,,,,,,
38.7800,9,3,8.8126,47.5927,converged,3879.30,73830.65,2.0331,0.00,0.0000,0.0028,0.0043,,,,,,,
32.9641,10,3,8.9808,41.9448,converged,3879.30,73830.65,2.0331,0.00,0.0000,0.0027,0.0033,,,,,,,
27.1624,10,3,8.9403,36.1024,converged,3879.30,73830.65,2.0331,0.00,0.0000,0.0030,0.0032,,,,,,,
56.6150,6,3,8.5048,65.1199,converged,3879.30,73830.65,2.0331,0.00,0.0000,0.0030,0.0089,,,,,,,
53.1078,6,3,10.1319,63.2389,converged,3879.30,73830.65,2.0331,0.00,0.0000,0.0027,0.0104,,,,,,,
58.7521,5,3,11.9231,70.6751,converged,3879.30,73830.65,2.0331,0.00,0.0000,0.0040,0.0182,,,,,,,
30.2551,10,3,8.7292,38.9842,converged,3879.30,73830.65,2.0331,0.00,0.0000,0.0027,0.0026,,,,,,,
24.5979,10,3,11.7906,36.3877,converged,3879.30,73830.65,2.0331,0.00,0.0000,0.0027,0.0031,,,,,,,
58.6573,5,3,8.8511,67.5081,converged,3879.30,73830.65,2.0331,0.00,0.0000,0.0035,0.0196,,,,,,,
52.7421,6,3,9.0231,61.7651,converged,3879.30,73830.65,2.0331,0.00,0.0000,0.0030,0.0143,,,,,,,
25.2639,10,3,9.0805,34.3435,converged,3879.30,73830.65,2.0331,0.00,0.0000,0.0026,0.0027,,,,,,,
42.1147,8,3,9.6930,51.8070,converged,3879.30,73830.65,2.0331,0.00,0.0000,0.0037,0.0047,,,,,,,
38.5967,9,3,9.0346,47.6307,converged,3879.30,73830.65,2.0331,0.00,0.0000,0.0028,0.0040,,,,,,,
31.1840,10,3,8.9472,40.1303,converged,3879.30,73830.65,2.0331,0.00,0.0000,0.0026,0.0034,,,,,,,
52.1993,6,3,11.9071,64.1061,converged,3879.30,73830.65,2.0331,0.00,0.0000,0.0027,0.0126,,,,,,,
55.5660,6,3,8.8045,64.3706,converged,3879.30,73830.65,2.0331,0.00,0.0000,0.0026,0.0145,,,,,,,
20.5450,10,3,8.6969,29.2409,converged,3879.30,73830.65,2.0331,0.00,0.0000,0.0032,0.0025,,,,,,,
50.5599,7,3,8.8330,59.3921,converged,3879.30,73830.65,2.0331,0.00,0.0000,0.0027,0.0045,,,,,,,
49.1840,7,3,9.0020,58.1851,converged,3879.30,73830.65,2.0331,0.00,0.0000,0.0027,0.0103,,,,,,,
46.5125,7,3,8.9113,55.4233,converged,3879.30,73830.65,2.0331,0.00,0.0000,0.0029,0.0069,,,,,,,
55.8019,6,3,9.2591,65.0601,converged,3879.30,73830.65,2.0331,0.00,0.0000,0.0029,0.0156,,,,,,,
30.7952,10,3,9.2649,40.0599,converged,3879.30,73830.65,2.0331,0.00,0.0000,0.0032,0.0019,,,,,,,
43.0001,8,3,8.7945,51.7945,converged,3879.30,73830.65,2.0331,0.00,0.0000,0.0033,0.0042,,,,,,,
29.3573,10,3,9.4060,38.7630,converged,3879.30,73830.65,2.0331,0.00,0.0000,0.0026,0.0028,,,,,,,
33.7356,10,3,9.0214,42.7564,converged,3879.30,73830.65,2.0331,0.00,0.0000,0.0033,0.0028,,,,,,,
36.2451,9,3,8.9261,45.1712,converged,3879.30,73830.65,2.0331,0.00,0.0000,0.0028,0.0038,,,,,,,
44.6355,8,3,9.5737,54.2087,converged,3879.30,73830.65,2.0331,0.00,0.0000,0.0026,0.0055,,,,,,,
29.7630,10,3,9.5603,39.3224,converged,3879.30,73830.65,2.0331,0.00,0.0000,0.0032,0.0023,,,,,,,
41.8439,8,3,8.5500,50.3930,converged,3879.30,73830.65,2.0331,0.00,0.0000,0.0026,0.0059,,,,,,,
22.9240,10,3,8.9504,31.8734,converged,3879.30,73830.65,2.0331,0.00,0.0000,0.0034,0.0032,,,,,,,
34.5589,9,3,8.8579,43.4159,converged,3879.30,73830.65,2.0331,0.00,0.0000,0.0028,0.0040,,,,,,,
42.1643,8,3,9.0037,51.1677,converged,3879.30,73830.65,2.0331,0.00,0.0000,0.0033,0.0043,,,,,,,
59.3878,5,3,9.6741,69.0611,converged,3879.30,73830.65,2.0331,0.00,0.0000,0.0039,0.0170,,,,,,,
23.0037,10,3,8.7817,31.7847,converged,3879.30,73830.65,2.0331,0.00,0.0000,0.0024,0.0031,,,,,,,
33.8783,10,3,8.6695,42.5476,converged,3879.30,73830.65,2.0331,0.00,0.0000,0.0024,0.0030,,,,,,,
40.1765,8,3,9.0080,49.1840,converged,3879.30,73830.65,2.0331,0.00,0.0000,0.0026,0.0051,,,,,,,
57.9496,6,3,8.8768,66.8258,converged,3879.30,73830.65,2.0331,0.00,0.0000,0.0037,0.0143,,,,,,,
54.4507,6,3,9.5611,64.0111,converged,3879.30,73830.65,2.0331,0.00,0.0000,0.0029,0.0175,,,,,,,
32.1273,10,3,8.8654,40.9924,converged,3879.30,73830.65,2.0331,0.00,0.0000,0.0033,0.0031,,,,,,,
41.3874,8,3,8.8115,50.1986,converged,3879.30,73830.65,2.0331,0.00,0.0000,0.0029,0.0062,,,,,,,
38.9162,9,3,9.0690,47.9850,converged,3879.30,73830.65,2.0331,0.00,0.0000,0.0028,0.0041,,,,,,,
36.3620,9,3,9.6266,45.9886,converged,3879.30,73830.65,2.0331,0.00,0.0000,0.0028,0.0038,,,,,,,
57.9985,6,3,9.0918,67.0898,converged,3879.30,73830.65,2.0331,0.00,0.0000,0.0034,0.0175,,,,,,,
58.8816,5,3,8.8941,67.7752,converged,3879.30,73830.65,2.0331,0.00,0.0000,0.0035,0.0181,,,,,,,
48.5047,7,3,9.0200,57.5240,converged,3879.30,73830.65,2.0331,0.00,0.0000,0.0028,0.0104,,,,,,,
49.2292,7,3,9.2391,58.4681,converged,3879.30,73830.65,2.0331,0.00,0.0000,0.0025,0.0095,,,,,,,
40.5148,8,3,8.9831,49.4971,converged,3879.30,73830.65,2.0331,0.00,0.0000,0.0028,0.0058,,,,,,,
58.5236,5,3,9.2380,67.7610,converged,3879.30,73830.65,2.0331,0.00,0.0000,0.0034,0.0185,,,,,,,
54.5675,6,3,9.2142,63.7813,converged,3879.30,73830.65,2.0331,0.00,0.0000,0.0030,0.0147,,,,,,,
20.2031,10,3,8.7637,28.9667,converged,3879.30,73830.65,2.0331,0.00,0.0000,0.0025,0.0035,,,,,,,
43.4778,8,3,9.2206,52.6976,converged,3879.30,73830.65,2.0331,0.00,0.0000,0.0034,0.0048,,,,,,,
50.4094,7,3,10.0280,60.4371,converged,3879.30,73830.65,2.0331,0.00,0.0000,0.0029,0.0073,,,,,,,
24.0861,10,3,10.1481,34.2341,converged,3879.30,73830.65,2.0331,0.00,0.0000,0.0035,0.0029,,,,,,,
30.4772,10,3,9.2861,39.7631,converged,3879.30,73830.65,2.0331,0.00,0.0000,0.0031,0.0019,,,,,,,
38.0911,9,3,9.4928,47.5839,converged,3879.30,73830.65,2.0331,0.00,0.0000,0.0032,0.0039,,,,,,,
49.5536,7,3,9.4867,59.0397,converged,3879.30,73830.65,2.0331,0.00,0.0000,0.0024,0.0099,,,,,,,
21.5456,10,3,9.3974,30.9424,converged,3879.30,73830.65,2.0331,0.00,0.0000,0.0029,0.0024,,,,,,,
41.7961,8,3,10.4425,52.2385,converged,3879.30,73830.65,2.0331,0.00,0.0000,0.0025,0.0059,,,,,,,
58.4808,5,3,9.8132,68.2932,converged,3879.30,73830.65,2.0331,0.00,0.0000,0.0044,0.0188,,,,,,,
26.2729,10,3,9.1285,35.4005,converged,3879.30,73830.65,2.0331,0.00,0.0000,0.0029,0.0033,,,,,,,
54.3262,6,3,9.1612,63.4872,converged,3879.30,73830.65,2.0331,0.00,0.0000,0.0031,0.0152,,,,,,,
55.4921,6,3,8.8330,64.3250,converged,3879.30,73830.65,2.0331,0.00,0.0000,0.0034,0.0195,,,,,,,
47.9291,7,3,8.9832,56.9123,converged,3879.30,73830.65,2.0331,0.00,0.0000,0.0025,0.0086,,,,,,,
53.0005,6,3,9.9427,62.9428,converged,3879.30,73830.65,2.0331,0.00,0.0000,0.0027,0.0105,,,,,,,
44.6381,8,3,8.9375,53.5756,converged,3879.30,73830.65,2.0331,0.00,0.0000,0.0031,0.0049,,,,,,,
22.2886,10,3,9.6281,31.9162,converged,3879.30,73830.65,2.0331,0.00,0.0000,0.0027,0.0027,,,,,,,
44.2749,8,3,9.1232,53.3973,converged,3879.30,73830.65,2.0331,0.00,0.0000,0.0028,0.0056,,,,,,,
39.9804,9,3,9.4883,49.4683,converged,3879.30,73830.65,2.0331,0.00,0.0000,0.0027,0.0039,,,,,,,
26.5044,10,3,8.8396,35.3436,converged,3879.30,73830.65,2.0331,0.00,0.0000,0.0027,0.0028,,,,,,,
33.5621,10,3,8.8050,42.3670,converged,3879.30,73830.65,2.0331,0.00,0.0000,0.0028,0.0035,,,,,,,
52.0231,6,3,8.9098,60.9328,converged,3879.30,73830.65,2.0331,0.00,0.0000,0.0029,0.0120,,,,,,,
45.6154,8,3,11.8460,57.4610,converged,3879.30,73830.65,2.0331,0.00,0.0000,0.0034,0.0047,,,,,,,
42.3445,8,3,9.3733,51.7173,converged,3879.30,73830.65,2.0331,0.00,0.0000,0.0035,0.0042,,,,,,,
28.3158,10,3,9.3573,37.6723,converged,3879.30,73830.65,2.0331,0.00,0.0000,0.0029,0.0024,,,,,,,
47.4001,7,3,8.7193,56.1193,converged,3879.30,73830.65,2.0331,0.00,0.0000,0.0028,0.0067,,,,,,,
26.5545,10,3,8.9222,35.4762,converged,3879.30,73830.65,2.0331,0.00,0.0000,0.0028,0.0024,,,,,,,
53.8272,6,3,9.6684,63.4954,converged,3879.30,73830.65,2.0331,0.00,0.0000,0.0028,0.0140,,,,,,,
32.1712,10,3,9.2614,41.4324,converged,3879.30,73830.65,2.0331,0.00,0.0000,0.0027,0.0024,,,,,,,
48.0986,7,3,8.7583,56.8564,converged,3879.30,73830.65,2.0331,0.00,0.0000,0.0026,0.0093,,,,,,,
41.2142,8,3,8.7883,50.0023,converged,3879.30,73830.65,2.0331,0.00,0.0000,0.0027,0.0046,,,,,,,
59.5256,5,3,8.8464,68.3714,converged,3879.30,73830.65,2.0331,0.00,0.0000,0.0033,0.0201,,,,,,,
39.8046,9,3,9.4676,49.2716,converged,3879.30,73830.65,2.0331,0.00,0.0000,0.0026,0.0035,,,,,,,
37.2115,9,3,9.1229,46.3339,converged,3879.30,73830.65,2.0331,0.00,0.0000,0.0032,0.0035,,,,,,,
42.3523,8,3,8.8719,51.2239,converged,3879.30,73830.65,2.0331,0.00,0.0000,0.0027,0.0053,,,,,,,
52.3168,6,3,9.0812,61.3972,converged,3879.30,73830.65,2.0331,0.00,0.0000,0.0030,0.0142,,,,,,,
41.7850,8,3,8.7982,50.5832,converged,3879.30,73830.65,2.0331,0.00,0.0000,0.0029,0.0058,,,,,,,
55.6081,6,3,9.2917,64.8997,converged,3879.30,73830.65,2.0331,0.00,0.0000,0.0030,0.0140,,,,,,,
58.4050,5,3,9.0249,67.4289,converged,3879.30,73830.65,2.0331,0.00,0.0000,0.0044,0.0238,,,,,,,
55.9584,6,3,8.7031,64.6611,converged,3879.30,73830.65,2.0331,0.00,0.0000,0.0028,0.0119,,,,,,,
55.3371,6,3,8.7094,64.0464,converged,3879.30,73830.65,2.0331,0.00,0.0000,0.0026,0.0117,,,,,,,
23.6667,10,3,8.8212,32.4872,converged,3879.30,73830.65,2.0331,0.00,0.0000,0.0031,0.0021,,,,,,,
50.7290,7,3,8.7864,59.5154,converged,3879.30,73830.65,2.0331,0.00,0.0000,0.0035,0.0077,,,,,,,
49.0448,7,3,8.8874,57.9314,converged,3879.30,73830.65,2.0331,0.00,0.0000,0.0026,0.0096,,,,,,,
41.0368,8,3,9.0152,50.0512,converged,3879.30,73830.65,2.0331,0.00,0.0000,0.0028,0.0050,,,,,,,
36.7768,9,3,8.9441,45.7201,converged,3879.30,73830.65,2.0331,0.00,0.0000,0.0032,0.0040,,,,,,,
46.6541,7,3,9.3079,55.9619,converged,3879.30,73830.65,2.0331,0.00,0.0000,0.0034,0.0086,,,,,,,
29.1980,10,3,9.9393,39.1373,converged,3879.30,73830.65,2.0331,0.00,0.0000,0.0026,0.0032,,,,,,,
38.0257,9,3,9.4708,47.4958,converged,3879.30,73830.65,2.0331,0.00,0.0000,0.0027,0.0041,,,,,,,
46.2742,7,3,9.2318,55.5059,converged,3879.30,73830.65,2.0331,0.00,0.0000,0.0027,0.0102,,,,,,,
51.2744,7,3,8.8578,60.1323,converged,3879.30,73830.65,2.0331,0.00,0.0000,0.0030,0.0075,,,,,,,
22.9222,10,3,9.7170,32.6391,converged,3879.30,73830.65,2.0331,0.00,0.0000,0.0025,0.0026,,,,,,,
31.1111,10,3,9.6319,40.7429,converged,3879.30,73830.65,2.0331,0.00,0.0000,0.0028,0.0030,,,,,,,
40.0813,8,3,8.9712,49.0523,converged,3879.30,73830.65,2.0331,0.00,0.0000,0.0029,0.0057,,,,,,,
44.4218,8,3,8.8844,53.3055,converged,3879.30,73830.65,2.0331,0.00,0.0000,0.0026,0.0069,,,,,,,
21.6724,10,3,9.2263,30.8983,converged,3879.30,73830.65,2.0331,0.00,0.0000,0.0030,0.0029,,,,,,,
51.8502,7,3,8.9672,60.8172,converged,3879.30,73830.65,2.0331,0.00,0.0000,0.0030,0.0089,,,,,,,
27.3648,10,3,9.1366,36.5006,converged,3879.30,73830.65,2.0331,0.00,0.0000,0.0031,0.0035,,,,,,,
34.5348,9,3,8.9505,43.4845,converged,3879.30,73830.65,2.0331,0.00,0.0000,0.0029,0.0036,,,,,,,
55.0517,6,3,8.7537,63.8047,converged,3879.30,73830.65,2.0331,0.00,0.0000,0.0029,0.0106,,,,,,,
20.2027,10,3,8.9334,29.1355,converged,3879.30,73830.65,2.0331,0.00,0.0000,0.0026,0.0024,,,,,,,
20.1557,10,3,9.5375,29.6926,converged,3879.30,73830.65,2.0331,0.00,0.0000,0.0027,0.0030,,,,,,,
51.9839,7,3,9.0958,61.0789,converged,3879.30,73830.65,2.0331,0.00,0.0000,0.0026,0.0085,,,,,,,
57.6409,6,3,8.7559,66.3960,converged,3879.30,73830.65,2.0331,0.00,0.0000,0.0026,0.0105,,,,,,,
42.3046,8,3,9.0042,51.3082,converged,3879.30,73830.65,2.0331,0.00,0.0000,0.0028,0.0064,,,,,,,
51.8911,7,3,8.8632,60.7542,converged,3879.30,73830.65,2.0331,0.00,0.0000,0.0026,0.0082,,,,,,,
44.7884,8,3,9.1376,53.9257,converged,3879.30,73830.65,2.0331,0.00,0.0000,0.0031,0.0055,,,,,,,
56.1137,6,3,9.2892,65.4022,converged,3879.30,73830.65,2.0331,0.00,0.0000,0.0033,0.0107,,,,,,,
49.6042,7,3,9.1519,58.7559,converged,3879.30,73830.65,2.0331,0.00,0.0000,0.0030,0.0074,,,,,,,
47.8333,7,3,10.1472,57.9803,converged,3879.30,73830.65,2.0331,0.00,0.0000,0.0029,0.0095,,,,,,,
41.7138,8,3,9.3298,51.0428,converged,3879.30,73830.65,2.0331,0.00,0.0000,0.0027,0.0058,,,,,,,
53.9706,6,3,9.2220,63.1920,converged,3879.30,73830.65,2.0331,0.00,0.0000,0.0031,0.0161,,,,,,,
45.8890,8,3,8.7109,54.6000,converged,3879.30,73830.65,2.0331,0.00,0.0000,0.0024,0.0049,,,,,,,
43.4388,8,3,8.7604,52.1985,converged,3879.30,73830.65,2.0331,0.00,0.0000,0.0028,0.0055,,,,,,,
40.1982,8,3,9.0913,49.2894,converged,3879.30,73830.65,2.0331,0.00,0.0000,0.0028,0.0055,,,,,,,
31.4039,10,3,13.3284,44.7314,converged,3879.30,73830.65,2.0331,0.00,0.0000,0.0025,0.0032,,,,,,,
28.3417,10,3,9.3160,37.6570,converged,3879.30,73830.65,2.0331,0.00,0.0000,0.0024,0.0035,,,,,,,
36.3897,9,3,9.5885,45.9775,converged,3879.30,73830.65,2.0331,0.00,0.0000,0.0027,0.0029,,,,,,,
42.8335,8,3,8.4725,51.3055,converged,3879.30,73830.65,2.0331,0.00,0.0000,0.0029,0.0059,,,,,,,
31.0667,10,3,9.7737,40.8398,converged,3879.30,73830.65,2.0331,0.00,0.0000,0.0020,0.0039,,,,,,,
56.9806,6,3,10.0090,66.9890,converged,3879.30,73830.65,2.0331,0.00,0.0000,0.0026,0.0165,,,,,,,
34.5876,9,3,8.7076,43.2947,converged,3879.30,73830.65,2.0331,0.00,0.0000,0.0029,0.0036,,,,,,,
24.9870,10,3,9.1221,34.1081,converged,3879.30,73830.65,2.0331,0.00,0.0000,0.0023,0.0035,,,,,,,
55.0829,6,3,9.1187,64.2008,converged,3879.30,73830.65,2.0331,0.00,0.0000,0.0027,0.0127,,,,,,,
24.0885,10,3,8.8004,32.8885,converged,3879.30,73830.65,2.0331,0.00,0.0000,0.0027,0.0035,,,,,,,
25.7875,10,3,8.4573,34.2443,converged,3879.30,73830.65,2.0331,0.00,0.0000,0.0028,0.0033,,,,,,,
50.3094,7,3,9.2151,59.5242,converged,3879.30,73830.65,2.0331,0.00,0.0000,0.0028,0.0086,,,,,,,
34.8021,9,3,9.5531,44.3551,converged,3879.30,73830.65,2.0331,0.00,0.0000,0.0026,0.0043,,,,,,,
37.1744,9,3,13.8164,50.9905,converged,3879.30,73830.65,2.0331,0.00,0.0000,0.0027,0.0045,,,,,,,
41.3367,8,3,9.0311,50.3671,converged,3879.30,73830.65,2.0331,0.00,0.0000,0.0026,0.0066,,,,,,,
45.1396,8,3,8.7944,53.9334,converged,3879.30,73830.65,2.0331,0.00,0.0000,0.0026,0.0064,,,,,,,
56.5166,6,3,9.4877,66.0037,converged,3879.30,73830.65,2.0331,0.00,0.0000,0.0030,0.0101,,,,,,,
46.8956,7,3,9.4878,56.3828,converged,3879.30,73830.65,2.0331,0.00,0.0000,0.0033,0.0095,,,,,,,
33.1939,10,3,8.7681,41.9612,converged,3879.30,73830.65,2.0331,0.00,0.0000,0.0025,0.0038,,,,,,,
21.3966,10,3,9.5065,30.9026,converged,3879.30,73830.65,2.0331,0.00,0.0000,0.0030,0.0018,,,,,,,
34.6642,9,3,9.6969,44.3610,converged,3879.30,73830.65,2.0331,0.00,0.0000,0.0022,0.0044,,,,,,,
47.0507,7,3,8.9200,55.9700,converged,3879.30,73830.65,2.0331,0.00,0.0000,0.0024,0.0097,,,,,,,
55.3176,6,3,10.2521,65.5691,converged,3879.30,73830.65,2.0331,0.00,0.0000,0.0025,0.0125,,,,,,,
27.3156,10,3,9.3735,36.6885,converged,3879.30,73830.65,2.0331,0.00,0.0000,0.0023,0.0030,,,,,,,
23.8661,10,3,9.5942,33.4602,converged,3879.30,73830.65,2.0331,0.00,0.0000,0.0028,0.0028,,,,,,,
24.8954,10,3,8.7154,33.6104,converged,3879.30,73830.65,2.0331,0.00,0.0000,0.0023,0.0031,,,,,,,
37.9243,9,3,9.3803,47.3044,converged,3879.30,73830.65,2.0331,0.00,0.0000,0.0025,0.0042,,,,,,,
44.8317,8,3,8.9100,53.7410,converged,3879.30,73830.65,2.0331,0.00,0.0000,0.0027,0.0048,,,,,,,
59.4056,5,3,8.9084,68.3135,converged,3879.30,73830.65,2.0331,0.00,0.0000,0.0035,0.0265,,,,,,,
31.4643,10,3,8.8299,40.2939,converged,3879.30,73830.65,2.0331,0.00,0.0000,0.0025,0.0033,,,,,,,
47.4698,7,3,8.8603,56.3293,converged,3879.30,73830.65,2.0331,0.00,0.0000,0.0026,0.0115,,,,,,,
46.1581,7,3,10.5071,56.6651,converged,3879.30,73830.65,2.0331,0.00,0.0000,0.0037,0.0065,,,,,,,
52.1992,6,3,9.9672,62.1662,converged,3879.30,73830.65,2.0331,0.00,0.0000,0.0026,0.0137,,,,,,,
58.8433,5,3,9.7969,68.6400,converged,3879.30,73830.65,2.0331,0.00,0.0000,0.0037,0.0226,,,,,,,
53.4188,6,3,9.7022,63.1202,converged,3879.30,73830.65,2.0331,0.00,0.0000,0.0026,0.0135,,,,,,,
27.6181,10,3,9.3231,36.9412,converged,3879.30,73830.65,2.0331,0.00,0.0000,0.0028,0.0026,,,,,,,
25.1544,10,3,9.1944,34.3484,converged,3879.30,73830.65,2.0331,0.00,0.0000,0.0027,0.0029,,,,,,,
49.0897,7,3,8.9273,58.0163,converged,3879.30,73830.65,2.0331,0.00,0.0000,0.0025,0.0090,,,,,,,
22.5630,10,3,9.1422,31.7053,converged,3879.30,73830.65,2.0331,0.00,0.0000,0.0027,0.0033,,,,,,,
28.0045,10,3,8.4964,36.5005,converged,3879.30,73830.65,2.0331,0.00,0.0000,0.0026,0.0032,,,,,,,
53.2295,6,3,8.5059,61.7350,converged,3879.30,73830.65,2.0331,0.00,0.0000,0.0031,0.0162,,,,,,,
24.4092,10,3,8.8752,33.2842,converged,3879.30,73830.65,2.0331,0.00,0.0000,0.0028,0.0031,,,,,,,
41.8081,8,3,9.2145,51.0226,converged,3879.30,73830.65,2.0331,0.00,0.0000,0.0022,0.0065,,,,,,,
21.8493,10,3,8.8986,30.7476,converged,3879.30,73830.65,2.0331,0.00,0.0000,0.0025,0.0030,,,,,,,
58.4352,5,3,9.0471,67.4821,converged,3879.30,73830.65,2.0331,0.00,0.0000,0.0034,0.0169,,,,,,,
37.5106,9,3,8.7530,46.2630,converged,3879.30,73830.65,2.0331,0.00,0.0000,0.0028,0.0036,,,,,,,
30.6754,10,3,8.5827,39.2577,converged,3879.30,73830.65,2.0331,0.00,0.0000,0.0023,0.0037,,,,,,,
51.8024,7,3,9.2199,61.0219,converged,3879.30,73830.65,2.0331,0.00,0.0000,0.0028,0.0085,,,,,,,
33.6283,10,3,9.5911,43.2192,converged,3879.30,73830.65,2.0331,0.00,0.0000,0.0027,0.0033,,,,,,,
30.9551,10,3,11.1091,42.0641,converged,3879.30,73830.65,2.0331,0.00,0.0000,0.0032,0.0025,,,,,,,
57.2435,6,3,9.0212,66.2642,converged,3879.30,73830.65,2.0331,0.00,0.0000,0.0024,0.0124,,,,,,,
46.8525,7,3,15.4253,62.2773,converged,3879.30,73830.65,2.0331,0.00,0.0000,0.0025,0.0092,,,,,,,
49.5913,7,3,9.0799,58.6709,converged,3879.30,73830.65,2.0331,0.00,0.0000,0.0041,0.0026,,,,,,,
41.8208,8,3,8.7351,50.5552,converged,3879.30,73830.65,2.0331,0.00,0.0000,0.0033,0.0047,,,,,,,
27.1025,10,3,8.9121,36.0141,converged,3879.30,73830.65,2.0331,0.00,0.0000,0.0029,0.0027,,,,,,,
58.1100,5,3,9.1020,67.2110,converged,3879.30,73830.65,2.0331,0.00,0.0000,0.0041,0.0259,,,,,,,
28.1771,10,3,10.2049,38.3819,converged,3879.30,73830.65,2.0331,0.00,0.0000,0.0026,0.0035,,,,,,,
40.8340,8,3,9.2095,50.0435,converged,3879.30,73830.65,2.0331,0.00,0.0000,0.0034,0.0041,,,,,,,
43.6914,8,3,9.4652,53.1562,converged,3879.30,73830.65,2.0331,0.00,0.0000,0.0030,0.0051,,,,,,,
55.2210,6,3,8.8101,64.0311,converged,3879.30,73830.65,2.0331,0.00,0.0000,0.0033,0.0172,,,,,,,
41.7516,8,3,8.8889,50.6399,converged,3879.30,73830.65,2.0331,0.00,0.0000,0.0025,0.0054,,,,,,,
28.9509,10,3,8.7002,37.6502,converged,3879.30,73830.65,2.0331,0.00,0.0000,0.0032,0.0026,,,,,,,
58.1412,5,3,8.6398,66.7808,converged,3879.30,73830.65,2.0331,0.00,0.0000,0.0034,0.0176,,,,,,,
35.9282,9,3,8.6385,44.5665,converged,3879.30,73830.65,2.0331,0.00,0.0000,0.0029,0.0041,,,,,,,
21.3672,10,3,8.7915,30.1585,converged,3879.30,73830.65,2.0331,0.00,0.0000,0.0027,0.0033,,,,,,,
46.7519,7,3,8.9970,55.7480,converged,3879.30,73830.65,2.0331,0.00,0.0000,0.0028,0.0086,,,,,,,
54.6792,6,3,8.9925,63.6715,converged,3879.30,73830.65,2.0331,0.00,0.0000,0.0025,0.0111,,,,,,,
58.4931,5,3,8.9449,67.4379,converged,3879.30,73830.65,2.0331,0.00,0.0000,0.0040,0.0152,,,,,,,
52.2321,6,3,11.3918,63.6239,converged,3879.30,73830.65,2.0331,0.00,0.0000,0.0029,0.0144,,,,,,,
28.7247,10,3,10.6652,39.3892,converged,3879.30,73830.65,2.0331,0.00,0.0000,0.0026,0.0031,,,,,,,
29.4872,10,3,9.1864,38.6734,converged,3879.30,73830.65,2.0331,0.00,0.0000,0.0029,0.0029,,,,,,,
55.3081,6,3,10.1379,65.4459,converged,3879.30,73830.65,2.0331,0.00,0.0000,0.0030,0.0148,,,,,,,
33.3125,10,3,9.9197,43.2317,converged,3879.30,73830.65,2.0331,0.00,0.0000,0.0028,0.0034,,,,,,,
33.5570,10,3,9.0272,42.5832,converged,3879.30,73830.65,2.0331,0.00,0.0000,0.0025,0.0031,,,,,,,
40.2373,8,3,10.5149,50.7520,converged,3879.30,73830.65,2.0331,0.00,0.0000,0.0031,0.0054,,,,,,,
51.3497,7,3,8.9735,60.3225,converged,3879.30,73830.65,2.0331,0.00,0.0000,0.0023,0.0088,,,,,,,
54.5192,6,3,8.8233,63.3423,converged,3879.30,73830.65,2.0331,0.00,0.0000,0.0029,0.0165,,,,,,,
46.1331,7,3,8.9683,55.1013,converged,3879.30,73830.65,2.0331,0.00,0.0000,0.0024,0.0081,,,,,,,
32.9740,10,3,10.3692,43.3422,converged,3879.30,73830.65,2.0331,0.00,0.0000,0.0031,0.0022,,,,,,,
44.2550,8,3,9.1607,53.4148,converged,3879.30,73830.65,2.0331,0.00,0.0000,0.0028,0.0060,,,,,,,
41.8866,8,3,8.9871,50.8731,converged,3879.30,73830.65,2.0331,0.00,0.0000,0.0031,0.0044,,,,,,,
33.4794,10,3,9.6438,43.1229,converged,3879.30,73830.65,2.0331,0.00,0.0000,0.0028,0.0025,,,,,,,
34.6497,9,3,9.3461,43.9952,converged,3879.30,73830.65,2.0331,0.00,0.0000,0.0031,0.0042,,,,,,,
24.4376,10,3,10.0776,34.5146,converged,3879.30,73830.65,2.0331,0.00,0.0000,0.0027,0.0029,,,,,,,
20.4789,10,3,9.6033,30.0813,converged,3879.30,73830.65,2.0331,0.00,0.0000,0.0028,0.0032,,,,,,,
28.8880,10,3,8.6583,37.5454,converged,3879.30,73830.65,2.0331,0.00,0.0000,0.0023,0.0040,,,,,,,
30.1016,10,3,8.9399,39.0409,converged,3879.30,73830.65,2.0331,0.00,0.0000,0.0030,0.0026,,,,,,,
21.8962,10,3,8.6558,30.5518,converged,3879.30,73830.65,2.0331,0.00,0.0000,0.0030,0.0025,,,,,,,
41.0508,8,3,9.1884,50.2385,converged,3879.30,73830.65,2.0331,0.00,0.0000,0.0028,0.0062,,,,,,,
55.1555,6,3,9.1933,64.3484,converged,3879.30,73830.65,2.0331,0.00,0.0000,0.0027,0.0126,,,,,,,
58.6358,5,3,9.6446,68.2797,converged,3879.30,73830.65,2.0331,0.00,0.0000,0.0041,0.0255,,,,,,,
30.0946,10,3,9.1983,39.2923,converged,3879.30,73830.65,2.0331,0.00,0.0000,0.0027,0.0037,,,,,,,
53.3965,6,3,9.2350,62.6310,converged,3879.30,73830.65,2.0331,0.00,0.0000,0.0029,0.0098,,,,,,,
28.6997,10,3,9.0426,37.7417,converged,3879.30,73830.65,2.0331,0.00,0.0000,0.0024,0.0027,,,,,,,
23.1329,10,3,8.9351,32.0671,converged,3879.30,73830.65,2.0331,0.00,0.0000,0.0026,0.0028,,,,,,,
55.5358,6,3,9.3305,64.8655,converged,3879.30,73830.65,2.0331,0.00,0.0000,0.0026,0.0141,,,,,,,
43.4207,8,3,9.8946,53.3146,converged,3879.30,73830.65,2.0331,0.00,0.0000,0.0024,0.0060,,,,,,,
48.0843,7,3,8.7135,56.7975,converged,3879.30,73830.65,2.0331,0.00,0.0000,0.0026,0.0101,,,,,,,
37.2486,9,3,8.5646,45.8126,converged,3879.30,73830.65,2.0331,0.00,0.0000,0.0022,0.0041,,,,,,,
20.0189,10,3,9.4932,29.5112,converged,3879.30,73830.65,2.0331,0.00,0.0000,0.0026,0.0032,,,,,,,
57.0226,6,3,13.0460,70.0680,converged,3879.30,73830.65,2.0331,0.00,0.0000,0.0029,0.0154,,,,,,,
38.8773,9,3,8.5604,47.4375,converged,3879.30,73830.65,2.0331,0.00,0.0000,0.0037,0.0030,,,,,,,
35.2788,9,3,8.4902,43.7682,converged,3879.30,73830.65,2.0331,0.00,0.0000,0.0026,0.0035,,,,,,,
46.1870,7,3,9.2578,55.4448,converged,3879.30,73830.65,2.0331,0.00,0.0000,0.0029,0.0071,,,,,,,
34.1917,9,3,8.8415,43.0326,converged,3879.30,73830.65,2.0331,0.00,0.0000,0.0024,0.0050,,,,,,,
20.3189,10,3,9.0177,29.3357,converged,3879.30,73830.65,2.0331,0.00,0.0000,0.0035,0.0031,,,,,,,
24.6370,10,3,8.8866,33.5237,converged,3879.30,73830.65,2.0331,0.00,0.0000,0.0024,0.0030,,,,,,,
35.6280,9,3,9.2311,44.8582,converged,3879.30,73830.65,2.0331,0.00,0.0000,0.0030,0.0026,,,,,,,
36.2753,9,3,9.6287,45.9037,converged,3879.30,73830.65,2.0331,0.00,0.0000,0.0030,0.0046,,,,,,,
48.2925,7,3,8.5795,56.8715,converged,3879.30,73830.65,2.0331,0.00,0.0000,0.0031,0.0089,,,,,,,
56.4451,6,3,9.1071,65.5521,converged,3879.30,73830.65,2.0331,0.00,0.0000,0.0026,0.0131,,,,,,,
23.8962,10,3,10.0425,33.9385,converged,3879.30,73830.65,2.0331,0.00,0.0000,0.0026,0.0033,,,,,,,
54.2972,6,3,10.2531,64.5502,converged,3879.30,73830.65,2.0331,0.00,0.0000,0.0029,0.0157,,,,,,,
20.2161,10,3,9.4468,29.6629,converged,3879.30,73830.65,2.0331,0.00,0.0000,0.0029,0.0025,,,,,,,
49.4951,7,3,8.6374,58.1324,converged,3879.30,73830.65,2.0331,0.00,0.0000,0.0026,0.0099,,,,,,,
40.7722,8,3,9.0041,49.7762,converged,3879.30,73830.65,2.0331,0.00,0.0000,0.0032,0.0052,,,,,,,
38.3205,9,3,8.6425,46.9626,converged,3879.30,73830.65,2.0331,0.00,0.0000,0.0029,0.0037,,,,,,,
38.8444,9,3,9.0373,47.8814,converged,3879.30,73830.65,2.0331,0.00,0.0000,0.0027,0.0038,,,,,,,
55.0452,6,3,9.3272,64.3722,converged,3879.30,73830.65,2.0331,0.00,0.0000,0.0029,0.0157,,,,,,,
32.3686,10,3,9.4903,41.8584,converged,3879.30,73830.65,2.0331,0.00,0.0000,0.0034,0.0029,,,,,,,
39.5810,9,3,9.3565,48.9365,converged,3879.30,73830.65,2.0331,0.00,0.0000,0.0027,0.0029,,,,,,,
36.7703,9,3,9.0913,45.8613,converged,3879.30,73830.65,2.0331,0.00,0.0000,0.0031,0.0042,,,,,,,
35.2116,9,3,9.6009,44.8120,converged,3879.30,73830.65,2.0331,0.00,0.0000,0.0024,0.0043,,,,,,,
30.2615,10,3,11.6400,41.9010,converged,3879.30,73830.65,2.0331,0.00,0.0000,0.0030,0.0030,,,,,,,
42.5568,8,3,13.8512,56.4072,converged,3879.30,73830.65,2.0331,0.00,0.0000,0.0025,0.0057,,,,,,,
39.8639,9,3,9.1143,48.9773,converged,3879.30,73830.65,2.0331,0.00,0.0000,0.0027,0.0031,,,,,,,
41.5524,8,3,9.0635,50.6155,converged,3879.30,73830.65,2.0331,0.00,0.0000,0.0026,0.0045,,,,,,,
45.5252,8,3,10.3159,55.8409,converged,3879.30,73830.65,2.0331,0.00,0.0000,0.0029,0.0061,,,,,,,
41.5572,8,3,9.2151,50.7722,converged,3879.30,73830.65,2.0331,0.00,0.0000,0.0033,0.0055,,,,,,,
45.9206,8,3,10.3710,56.2911,converged,3879.30,73830.65,2.0331,0.00,0.0000,0.0031,0.0053,,,,,,,
25.9547,10,3,9.1488,35.1028,converged,3879.30,73830.65,2.0331,0.00,0.0000,0.0030,0.0026,,,,,,,
59.4261,5,3,9.2360,68.6620,converged,3879.30,73830.65,2.0331,0.00,0.0000,0.0034,0.0223,,,,,,,
20.8382,10,3,8.8101,29.6481,converged,3879.30,73830.65,2.0331,0.00,0.0000,0.0028,0.0028,,,,,,,
45.0965,8,3,8.9099,54.0059,converged,3879.30,73830.65,2.0331,0.00,0.0000,0.0028,0.0057,,,,,,,
40.0778,8,3,9.7734,49.8505,converged,3879.30,73830.65,2.0331,0.00,0.0000,0.0030,0.0045,,,,,,,
48.4761,7,3,9.2542,57.7302,converged,3879.30,73830.65,2.0331,0.00,0.0000,0.0026,0.0083,,,,,,,
49.2435,7,3,8.8859,58.1289,converged,3879.30,73830.65,2.0331,0.00,0.0000,0.0027,0.0099,,,,,,,
54.8992,6,3,8.7180,63.6171,converged,3879.30,73830.65,2.0331,0.00,0.0000,0.0029,0.0187,,,,,,,
31.3866,10,3,8.5264,39.9125,converged,3879.30,73830.65,2.0331,0.00,0.0000,0.0030,0.0028,,,,,,,
59.5822,5,3,9.3853,68.9674,converged,3879.30,73830.65,2.0331,0.00,0.0000,0.0031,0.0175,,,,,,,
50.9670,7,3,9.4282,60.3953,converged,3879.30,73830.65,2.0331,0.00,0.0000,0.0028,0.0067,,,,,,,
31.5387,10,3,9.1464,40.6844,converged,3879.30,73830.65,2.0331,0.00,0.0000,0.0031,0.0022,,,,,,,
20.6080,10,3,9.1138,29.7208,converged,3879.30,73830.65,2.0331,0.00,0.0000,0.0023,0.0033,,,,,,,
58.8783,5,3,8.8380,67.7161,converged,3879.30,73830.65,2.0331,0.00,0.0000,0.0050,0.0286,,,,,,,
51.9969,7,3,9.2659,61.2620,converged,3879.30,73830.65,2.0331,0.00,0.0000,0.0028,0.0086,,,,,,,
41.4637,8,3,9.0572,50.5203,converged,3879.30,73830.65,2.0331,0.00,0.0000,0.0026,0.0044,,,,,,,
46.3368,7,3,8.5463,54.8823,converged,3879.30,73830.65,2.0331,0.00,0.0000,0.0031,0.0071,,,,,,,
56.5774,6,3,9.4579,66.0350,converged,3879.30,73830.65,2.0331,0.00,0.0000,0.0030,0.0147,,,,,,,
28.7973,10,3,9.7729,38.5699,converged,3879.30,73830.65,2.0331,0.00,0.0000,0.0024,0.0032,,,,,,,
41.7123,8,3,9.5655,51.2775,converged,3879.30,73830.65,2.0331,0.00,0.0000,0.0025,0.0064,,,,,,,
35.2226,9,3,9.3327,44.5548,converged,3879.30,73830.65,2.0331,0.00,0.0000,0.0029,0.0040,,,,,,,
33.9549,10,3,8.9057,42.8597,converged,3879.30,73830.65,2.0331,0.00,0.0000,0.0026,0.0037,,,,,,,
38.9176,9,3,8.8517,47.7687,converged,3879.30,73830.65,2.0331,0.00,0.0000,0.0028,0.0038,,,,,,,
22.3474,10,3,8.4238,30.7708,converged,3879.30,73830.65,2.0331,0.00,0.0000,0.0027,0.0031,,,,,,,
24.7120,10,3,9.0517,33.7627,converged,3879.30,73830.65,2.0331,0.00,0.0000,0.0027,0.0032,,,,,,,
26.5653,10,3,8.8337,35.3987,converged,3879.30,73830.65,2.0331,0.00,0.0000,0.0027,0.0031,,,,,,,
39.5387,9,3,8.9134,48.4515,converged,3879.30,73830.65,2.0331,0.00,0.0000,0.0031,0.0028,,,,,,,
48.9964,7,3,8.7200,57.7160,converged,3879.30,73830.65,2.0331,0.00,0.0000,0.0032,0.0066,,,,,,,
35.6156,9,3,12.3656,47.9806,converged,3879.30,73830.65,2.0331,0.00,0.0000,0.0029,0.0044,,,,,,,
31.9464,10,3,8.9517,40.8978,converged,3879.30,73830.65,2.0331,0.00,0.0000,0.0026,0.0032,,,,,,,
46.1846,7,3,9.8687,56.0527,converged,3879.30,73830.65,2.0331,0.00,0.0000,0.0031,0.0069,,,,,,,
38.2874,9,3,9.6695,47.9566,converged,3879.30,73830.65,2.0331,0.00,0.0000,0.0025,0.0043,,,,,,,
40.3907,8,3,8.8303,49.2204,converged,3879.30,73830.65,2.0331,0.00,0.0000,0.0027,0.0059,,,,,,,
42.9897,8,3,8.9371,51.9262,converged,3879.30,73830.65,2.0331,0.00,0.0000,0.0024,0.0067,,,,,,,
32.3984,10,3,9.2614,41.6594,converged,3879.30,73830.65,2.0331,0.00,0.0000,0.0025,0.0035,,,,,,,
34.7681,9,3,9.3637,44.1317,converged,3879.30,73830.65,2.0331,0.00,0.0000,0.0027,0.0046,,,,,,,
51.7835,7,3,8.7746,60.5576,converged,3879.30,73830.65,2.0331,0.00,0.0000,0.0029,0.0073,,,,,,,
51.7133,7,3,8.9508,60.6639,converged,3879.30,73830.65,2.0331,0.00,0.0000,0.0029,0.0084,,,,,,,
49.4118,7,3,9.1394,58.5504,converged,3879.30,73830.65,2.0331,0.00,0.0000,0.0025,0.0074,,,,,,,
20.0117,10,3,9.3375,29.3485,converged,3879.30,73830.65,2.0331,0.00,0.0000,0.0025,0.0035,,,,,,,
43.0131,8,3,9.3797,52.3928,converged,3879.30,73830.65,2.0331,0.00,0.0000,0.0023,0.0061,,,,,,,
22.2805,10,3,8.9749,31.2550,converged,3879.30,73830.65,2.0331,0.00,0.0000,0.0028,0.0032,,,,,,,
27.8458,10,3,9.4398,37.2849,converged,3879.30,73830.65,2.0331,0.00,0.0000,0.0026,0.0035,,,,,,,
22.6679,10,3,9.6934,32.3605,converged,3879.30,73830.65,2.0331,0.00,0.0000,0.0029,0.0023,,,,,,,
47.0666,7,3,8.5958,55.6619,converged,3879.30,73830.65,2.0331,0.00,0.0000,0.0024,0.0089,,,,,,,
41.4248,8,3,9.1681,50.5922,converged,3879.30,73830.65,2.0331,0.00,0.0000,0.0030,0.0064,,,,,,,
44.5206,8,3,9.4122,53.9322,converged,3879.30,73830.65,2.0331,0.00,0.0000,0.0028,0.0072,,,,,,,
58.5882,5,3,9.0168,67.6049,converged,3879.30,73830.65,2.0331,0.00,0.0000,0.0032,0.0123,,,,,,,
55.2453,6,3,9.4155,64.6606,converged,3879.30,73830.65,2.0331,0.00,0.0000,0.0026,0.0120,,,,,,,
20.4044,10,3,8.8848,29.2888,converged,3879.30,73830.65,2.0331,0.00,0.0000,0.0028,0.0028,,,,,,,
58.0858,5,3,8.8270,66.9120,converged,3879.30,73830.65,2.0331,0.00,0.0000,0.0036,0.0237,,,,,,,
54.3739,6,3,9.0846,63.4576,converged,3879.30,73830.65,2.0331,0.00,0.0000,0.0038,0.0142,,,,,,,
52.7665,6,3,8.9831,61.7492,converged,3879.30,73830.65,2.0331,0.00,0.0000,0.0025,0.0142,,,,,,,
23.6202,10,3,8.9082,32.5282,converged,3879.30,73830.65,2.0331,0.00,0.0000,0.0025,0.0035,,,,,,,
32.8160,10,3,8.8845,41.7005,converged,3879.30,73830.65,2.0331,0.00,0.0000,0.0025,0.0036,,,,,,,
50.6267,7,3,9.2958,59.9218,converged,3879.30,73830.65,2.0331,0.00,0.0000,0.0029,0.0073,,,,,,,
45.5317,8,3,8.9046,54.4357,converged,3879.30,73830.65,2.0331,0.00,0.0000,0.0028,0.0067,,,,,,,
41.9757,8,3,10.8340,52.8090,converged,3879.30,73830.65,2.0331,0.00,0.0000,0.0030,0.0059,,,,,,,
54.7867,6,3,9.7810,64.5670,converged,3879.30,73830.65,2.0331,0.00,0.0000,0.0025,0.0141,,,,,,,
58.4640,5,3,8.9376,67.4016,converged,3879.30,73830.65,2.0331,0.00,0.0000,0.0038,0.0217,,,,,,,
26.9353,10,3,9.3586,36.2936,converged,3879.30,73830.65,2.0331,0.00,0.0000,0.0027,0.0025,,,,,,,
50.4890,7,3,10.7240,61.2130,converged,3879.30,73830.65,2.0331,0.00,0.0000,0.0028,0.0087,,,,,,,
38.7582,9,3,13.1756,51.9337,converged,3879.30,73830.65,2.0331,0.00,0.0000,0.0030,0.0039,,,,,,,
42.3562,8,3,10.7291,53.0852,converged,3879.30,73830.65,2.0331,0.00,0.0000,0.0028,0.0055,,,,,,,
44.7287,8,3,9.2009,53.9289,converged,3879.30,73830.65,2.0331,0.00,0.0000,0.0025,0.0061,,,,,,,
20.7849,10,3,9.5500,30.3340,converged,3879.30,73830.65,2.0331,0.00,0.0000,0.0021,0.0035,,,,,,,
51.9373,7,3,8.8162,60.7532,converged,3879.30,73830.65,2.0331,0.00,0.0000,0.0028,0.0073,,,,,,,
39.3620,9,3,8.6853,48.0463,converged,3879.30,73830.65,2.0331,0.00,0.0000,0.0032,0.0042,,,,,,,
30.1724,10,3,8.8303,39.0023,converged,3879.30,73830.65,2.0331,0.00,0.0000,0.0025,0.0028,,,,,,,
29.1735,10,3,8.9327,38.1058,converged,3879.30,73830.65,2.0331,0.00,0.0000,0.0027,0.0030,,,,,,,
22.6138,10,3,9.0150,31.6280,converged,3879.30,73830.65,2.0331,0.00,0.0000,0.0026,0.0027,,,,,,,
52.9517,6,3,9.1381,62.0892,converged,3879.30,73830.65,2.0331,0.00,0.0000,0.0024,0.0139,,,,,,,
36.7464,9,3,9.6592,46.4052,converged,3879.30,73830.65,2.0331,0.00,0.0000,0.0031,0.0034,,,,,,,
38.4283,9,3,9.8860,48.3140,converged,3879.30,73830.65,2.0331,0.00,0.0000,0.0026,0.0042,,,,,,,
26.8623,10,3,9.8516,36.7136,converged,3879.30,73830.65,2.0331,0.00,0.0000,0.0023,0.0031,,,,,,,
40.6741,8,3,10.2402,50.9143,converged,3879.30,73830.65,2.0331,0.00,0.0000,0.0031,0.0053,,,,,,,
34.8507,9,3,9.0239,43.8739,converged,3879.30,73830.65,2.0331,0.00,0.0000,0.0029,0.0040,,,,,,,
25.4658,10,3,9.0635,34.5285,converged,3879.30,73830.65,2.0331,0.00,0.0000,0.0030,0.0024,,,,,,,
41.2645,8,3,12.2197,53.4838,converged,3879.30,73830.65,2.0331,0.00,0.0000,0.0025,0.0061,,,,,,,
41.6525,8,3,11.2978,52.9499,converged,3879.30,73830.65,2.0331,0.00,0.0000,0.0025,0.0069,,,,,,,
38.0766,9,3,13.6579,51.7339,converged,3879.30,73830.65,2.0331,0.00,0.0000,0.0025,0.0042,,,,,,,
46.8574,7,3,12.8882,59.7452,converged,3879.30,73830.65,2.0331,0.00,0.0000,0.0029,0.0082,,,,,,,
31.2222,10,3,10.1371,41.3591,converged,3879.30,73830.65,2.0331,0.00,0.0000,0.0026,0.0038,,,,,,,
51.7043,7,3,8.7133,60.4173,converged,3879.30,73830.65,2.0331,0.00,0.0000,0.0034,0.0087,,,,,,,
20.8518,10,3,8.9557,29.8068,converged,3879.30,73830.65,2.0331,0.00,0.0000,0.0027,0.0021,,,,,,,
25.1556,10,3,8.9774,34.1324,converged,3879.30,73830.65,2.0331,0.00,0.0000,0.0036,0.0023,,,,,,,
33.3856,10,3,9.2909,42.6759,converged,3879.30,73830.65,2.0331,0.00,0.0000,0.0027,0.0027,,,,,,,
58.8044,5,3,9.8927,68.6967,converged,3879.30,73830.65,2.0331,0.00,0.0000,0.0035,0.0200,,,,,,,
52.6857,6,3,9.0941,61.7791,converged,3879.30,73830.65,2.0331,0.00,0.0000,0.0032,0.0136,,,,,,,
38.8527,9,3,9.1900,48.0421,converged,3879.30,73830.65,2.0331,0.00,0.0000,0.0030,0.0037,,,,,,,
51.2913,7,3,9.0766,60.3676,converged,3879.30,73830.65,2.0331,0.00,0.0000,0.0032,0.0073,,,,,,,
57.5416,6,3,10.6737,68.2147,converged,3879.30,73830.65,2.0331,0.00,0.0000,0.0031,0.0134,,,,,,,
57.8747,6,3,8.9396,66.8136,converged,3879.30,73830.65,2.0331,0.00,0.0000,0.0026,0.0120,,,,,,,
34.1393,9,3,9.1543,43.2934,converged,3879.30,73830.65,2.0331,0.00,0.0000,0.0029,0.0042,,,,,,,
29.1108,10,3,8.9053,38.0153,converged,3879.30,73830.65,2.0331,0.00,0.0000,0.0029,0.0035,,,,,,,
31.7876,10,3,9.0204,40.8074,converged,3879.30,73830.65,2.0331,0.00,0.0000,0.0025,0.0027,,,,,,,
31.3341,10,3,9.2818,40.6158,converged,3879.30,73830.65,2.0331,0.00,0.0000,0.0025,0.0036,,,,,,,
38.2486,9,3,9.3074,47.5555,converged,3879.30,73830.65,2.0331,0.00,0.0000,0.0028,0.0044,,,,,,,
30.4044,10,3,9.4011,39.8052,converged,3879.30,73830.65,2.0331,0.00,0.0000,0.0029,0.0025,,,,,,,
57.0357,6,3,9.2678,66.3028,converged,3879.30,73830.65,2.0331,0.00,0.0000,0.0029,0.0127,,,,,,,
47.0397,7,3,9.0819,56.1210,converged,3879.30,73830.65,2.0331,0.00,0.0000,0.0036,0.0074,,,,,,,
23.3277,10,3,9.2697,32.5968,converged,3879.30,73830.65,2.0331,0.00,0.0000,0.0030,0.0035,,,,,,,
21.0129,10,3,8.8153,29.8273,converged,3879.30,73830.65,2.0331,0.00,0.0000,0.0032,0.0028,,,,,,,
24.0861,10,3,9.2597,33.3458,converged,3879.30,73830.65,2.0331,0.00,0.0000,0.0026,0.0027,,,,,,,
43.9195,8,3,9.4385,53.3575,converged,3879.30,73830.65,2.0331,0.00,0.0000,0.0031,0.0054,,,,,,,
53.5496,6,3,10.5615,64.1106,converged,3879.30,73830.65,2.0331,0.00,0.0000,0.0036,0.0164,,,,,,,
58.1309,5,3,9.1747,67.3048,converged,3879.30,73830.65,2.0331,0.00,0.0000,0.0032,0.0188,,,,,,,
49.3065,7,3,11.2919,60.5980,converged,3879.30,73830.65,2.0331,0.00,0.0000,0.0026,0.0092,,,,,,,
58.4786,5,3,12.0719,70.5499,converged,3879.30,73830.65,2.0331,0.00,0.0000,0.0044,0.0227,,,,,,,
35.9454,9,3,9.3736,45.3187,converged,3879.30,73830.65,2.0331,0.00,0.0000,0.0028,0.0039,,,,,,,
34.1467,9,3,10.8617,45.0077,converged,3879.30,73830.65,2.0331,0.00,0.0000,0.0027,0.0042,,,,,,,
27.6778,10,3,13.6912,41.3683,converged,3879.30,73830.65,2.0331,0.00,0.0000,0.0027,0.0030,,,,,,,
51.7810,7,3,9.2450,61.0261,converged,3879.30,73830.65,2.0331,0.00,0.0000,0.0032,0.0062,,,,,,,
25.6101,10,3,9.4127,35.0227,converged,3879.30,73830.65,2.0331,0.00,0.0000,0.0027,0.0025,,,,,,,
59.0484,5,3,9.1503,68.1983,converged,3879.30,73830.65,2.0331,0.00,0.0000,0.0036,0.0195,,,,,,,
28.2019,10,3,9.3058,37.5068,converged,3879.30,73830.65,2.0331,0.00,0.0000,0.0028,0.0028,,,,,,,
43.0757,8,3,9.7935,52.8685,converged,3879.30,73830.65,2.0331,0.00,0.0000,0.0025,0.0054,,,,,,,
27.6881,10,3,10.7440,38.4321,converged,3879.30,73830.65,2.0331,0.00,0.0000,0.0029,0.0029,,,,,,,
31.4989,10,3,8.9551,40.4531,converged,3879.30,73830.65,2.0331,0.00,0.0000,0.0030,0.0024,,,,,,,
31.7940,10,3,8.7795,40.5735,converged,3879.30,73830.65,2.0331,0.00,0.0000,0.0029,0.0029,,,,,,,
40.2696,8,3,9.0931,49.3622,converged,3879.30,73830.65,2.0331,0.00,0.0000,0.0030,0.0055,,,,,,,
24.3736,10,3,9.0976,33.4707,converged,3879.30,73830.65,2.0331,0.00,0.0000,0.0024,0.0029,,,,,,,
49.7899,7,3,9.2446,59.0337,converged,3879.30,73830.65,2.0331,0.00,0.0000,0.0037,0.0075,,,,,,,
53.4342,6,3,9.3992,62.8332,converged,3879.30,73830.65,2.0331,0.00,0.0000,0.0029,0.0125,,,,,,,
43.0330,8,3,8.7661,51.7991,converged,3879.30,73830.65,2.0331,0.00,0.0000,0.0028,0.0055,,,,,,,
36.2413,9,3,9.8612,46.1022,converged,3879.30,73830.65,2.0331,0.00,0.0000,0.0028,0.0039,,,,,,,
52.6034,6,3,8.7970,61.4000,converged,3879.30,73830.65,2.0331,0.00,0.0000,0.0034,0.0130,,,,,,,
39.4378,9,3,8.9129,48.3499,converged,3879.30,73830.65,2.0331,0.00,0.0000,0.0024,0.0048,,,,,,,
24.5778,10,3,8.9064,33.4834,converged,3879.30,73830.65,2.0331,0.00,0.0000,0.0027,0.0030,,,,,,,
52.0116,6,3,8.8509,60.8620,converged,3879.30,73830.65,2.0331,0.00,0.0000,0.0029,0.0184,,,,,,,
21.3755,10,3,8.8770,30.2521,converged,3879.30,73830.65,2.0331,0.00,0.0000,0.0031,0.0035,,,,,,,
45.6423,8,3,8.8094,54.4515,converged,3879.30,73830.65,2.0331,0.00,0.0000,0.0030,0.0047,,,,,,,
57.9983,6,3,8.8420,66.8400,converged,3879.30,73830.65,2.0331,0.00,0.0000,0.0023,0.0133,,,,,,,
42.2674,8,3,9.2787,51.5457,converged,3879.30,73830.65,2.0331,0.00,0.0000,0.0027,0.0046,,,,,,,
21.8982,10,3,9.0183,30.9163,converged,3879.30,73830.65,2.0331,0.00,0.0000,0.0027,0.0041,,,,,,,
38.3564,9,3,9.1852,47.5413,converged,3879.30,73830.65,2.0331,0.00,0.0000,0.0032,0.0029,,,,,,,
47.9183,7,3,9.0163,56.9343,converged,3879.30,73830.65,2.0331,0.00,0.0000,0.0026,0.0081,,,,,,,
31.0016,10,3,9.2282,40.2293,converged,3879.30,73830.65,2.0331,0.00,0.0000,0.0028,0.0028,,,,,,,
54.5264,6,3,9.1718,63.6978,converged,3879.30,73830.65,2.0331,0.00,0.0000,0.0029,0.0157,,,,,,,
23.0118,10,3,8.7407,31.7517,converged,3879.30,73830.65,2.0331,0.00,0.0000,0.0036,0.0030,,,,,,,
37.3710,9,3,8.6314,46.0014,converged,3879.30,73830.65,2.0331,0.00,0.0000,0.0030,0.0039,,,,,,,
20.3953,10,3,9.6139,30.0089,converged,3879.30,73830.65,2.0331,0.00,0.0000,0.0027,0.0026,,,,,,,
53.7896,6,3,8.9222,62.7112,converged,3879.30,73830.65,2.0331,0.00,0.0000,0.0029,0.0099,,,,,,,
30.3519,10,3,12.7981,43.1492,converged,3879.30,73830.65,2.0331,0.00,0.0000,0.0028,0.0031,,,,,,,
43.5703,8,3,9.7473,53.3173,converged,3879.30,73830.65,2.0331,0.00,0.0000,0.0033,0.0054,,,,,,,
20.9031,10,3,8.9701,29.8731,converged,3879.30,73830.65,2.0331,0.00,0.0000,0.0024,0.0033,,,,,,,
22.5332,10,3,9.1311,31.6642,converged,3879.30,73830.65,2.0331,0.00,0.0000,0.0027,0.0025,,,,,,,
24.8152,10,3,8.9413,33.7564,converged,3879.30,73830.65,2.0331,0.00,0.0000,0.0026,0.0032,,,,,,,
33.1481,10,3,9.0642,42.2122,converged,3879.30,73830.65,2.0331,0.00,0.0000,0.0032,0.0029,,,,,,,
28.9782,10,3,9.7723,38.7504,converged,3879.30,73830.65,2.0331,0.00,0.0000,0.0024,0.0035,,,,,,,
29.5457,10,3,8.6262,38.1712,converged,3879.30,73830.65,2.0331,0.00,0.0000,0.0027,0.0031,,,,,,,
53.6662,6,3,9.5617,63.2277,converged,3879.30,73830.65,2.0331,0.00,0.0000,0.0026,0.0118,,,,,,,
40.5134,8,3,9.0108,49.5239,converged,3879.30,73830.65,2.0331,0.00,0.0000,0.0025,0.0051,,,,,,,
31.2427,10,3,8.8663,40.1083,converged,3879.30,73830.65,2.0331,0.00,0.0000,0.0024,0.0033,,,,,,,
44.6211,8,3,8.9745,53.5955,converged,3879.30,73830.65,2.0331,0.00,0.0000,0.0028,0.0052,,,,,,,
51.1975,7,3,9.4659,60.6629,converged,3879.30,73830.65,2.0331,0.00,0.0000,0.0029,0.0070,,,,,,,
55.3926,6,3,9.6569,65.0489,converged,3879.30,73830.65,2.0331,0.00,0.0000,0.0029,0.0129,,,,,,,
43.2561,8,3,8.7741,52.0301,converged,3879.30,73830.65,2.0331,0.00,0.0000,0.0032,0.0050,,,,,,,
24.3253,10,3,9.2345,33.5596,converged,3879.30,73830.65,2.0331,0.00,0.0000,0.0026,0.0032,,,,,,,
35.4784,9,3,9.1722,44.6503,converged,3879.30,73830.65,2.0331,0.00,0.0000,0.0024,0.0041,,,,,,,
55.3912,6,3,8.8686,64.2597,converged,3879.30,73830.65,2.0331,0.00,0.0000,0.0027,0.0159,,,,,,,
53.9032,6,3,8.8937,62.7967,converged,3879.30,73830.65,2.0331,0.00,0.0000,0.0027,0.0160,,,,,,,
53.3588,6,3,8.8351,62.1931,converged,3879.30,73830.65,2.0331,0.00,0.0000,0.0032,0.0134,,,,,,,
35.3598,9,3,9.3868,44.7458,converged,3879.30,73830.65,2.0331,0.00,0.0000,0.0029,0.0037,,,,,,,
37.1007,9,3,9.5283,46.6283,converged,3879.30,73830.65,2.0331,0.00,0.0000,0.0027,0.0042,,,,,,,
52.4006,6,3,9.3070,61.7070,converged,3879.30,73830.65,2.0331,0.00,0.0000,0.0033,0.0155,,,,,,,
40.6285,8,3,8.5710,49.1990,converged,3879.30,73830.65,2.0331,0.00,0.0000,0.0034,0.0057,,,,,,,
26.4747,10,3,8.8293,35.3033,converged,3879.30,73830.65,2.0331,0.00,0.0000,0.0029,0.0017,,,,,,,
45.1704,8,3,9.5132,54.6832,converged,3879.30,73830.65,2.0331,0.00,0.0000,0.0030,0.0055,,,,,,,
48.5334,7,3,13.6303,62.1634,converged,3879.30,73830.65,2.0331,0.00,0.0000,0.0025,0.0083,,,,,,,
25.5108,10,3,9.5598,35.0698,converged,3879.30,73830.65,2.0331,0.00,0.0000,0.0026,0.0028,,,,,,,
49.3754,7,3,8.8276,58.2026,converged,3879.30,73830.65,2.0331,0.00,0.0000,0.0028,0.0094,,,,,,,
46.6925,7,3,9.1550,55.8471,converged,3879.30,73830.65,2.0331,0.00,0.0000,0.0026,0.0105,,,,,,,
40.8828,8,3,8.8871,49.7691,converged,3879.30,73830.65,2.0331,0.00,0.0000,0.0026,0.0060,,,,,,,
45.5152,8,3,8.8192,54.3342,converged,3879.30,73830.65,2.0331,0.00,0.0000,0.0029,0.0041,,,,,,,
26.0456,10,3,8.7589,34.8040,converged,3879.30,73830.65,2.0331,0.00,0.0000,0.0026,0.0028,,,,,,,
43.5314,8,3,9.2177,52.7488,converged,3879.30,73830.65,2.0331,0.00,0.0000,0.0034,0.0047,,,,,,,
35.5028,9,3,8.9396,44.4417,converged,3879.30,73830.65,2.0331,0.00,0.0000,0.0033,0.0043,,,,,,,
23.3638,10,3,9.9221,33.2851,converged,3879.30,73830.65,2.0331,0.00,0.0000,0.0027,0.0025,,,,,,,
30.5203,10,3,12.2745,42.7946,converged,3879.30,73830.65,2.0331,0.00,0.0000,0.0029,0.0026,,,,,,,
22.3045,10,3,9.0162,31.3202,converged,3879.30,73830.65,2.0331,0.00,0.0000,0.0027,0.0028,,,,,,,
26.1642,10,3,13.2874,39.4514,converged,3879.30,73830.65,2.0331,0.00,0.0000,0.0028,0.0032,,,,,,,
33.2965,10,3,12.0731,45.3691,converged,3879.30,73830.65,2.0331,0.00,0.0000,0.0032,0.0025,,,,,,,
38.6155,9,3,8.7283,47.3433,converged,3879.30,73830.65,2.0331,0.00,0.0000,0.0031,0.0034,,,,,,,
44.0986,8,3,9.1266,53.2246,converged,3879.30,73830.65,2.0331,0.00,0.0000,0.0025,0.0057,,,,,,,
36.6406,9,3,12.9258,49.5658,converged,3879.30,73830.65,2.0331,0.00,0.0000,0.0030,0.0030,,,,,,,
35.2805,9,3,9.2180,44.4980,converged,3879.30,73830.65,2.0331,0.00,0.0000,0.0028,0.0043,,,,,,,
41.5469,8,3,9.1060,50.6521,converged,3879.30,73830.65,2.0331,0.00,0.0000,0.0035,0.0048,,,,,,,
41.0997,8,3,9.4650,50.5641,converged,3879.30,73830.65,2.0331,0.00,0.0000,0.0026,0.0064,,,,,,,
29.4143,10,3,9.3350,38.7491,converged,3879.30,73830.65,2.0331,0.00,0.0000,0.0025,0.0030,,,,,,,
24.3006,10,3,10.3776,34.6777,converged,3879.30,73830.65,2.0331,0.00,0.0000,0.0027,0.0028,,,,,,,
49.5080,7,3,9.1494,58.6564,converged,3879.30,73830.65,2.0331,0.00,0.0000,0.0028,0.0095,,,,,,,
35.2884,9,3,9.2057,44.4937,converged,3879.30,73830.65,2.0331,0.00,0.0000,0.0031,0.0032,,,,,,,
26.1496,10,3,9.0840,35.2330,converged,3879.30,73830.65,2.0331,0.00,0.0000,0.0032,0.0021,,,,,,,
25.7841,10,3,8.9064,34.6904,converged,3879.30,73830.65,2.0331,0.00,0.0000,0.0030,0.0033,,,,,,,
30.9747,10,3,8.9605,39.9345,converged,3879.30,73830.65,2.0331,0.00,0.0000,0.0034,0.0028,,,,,,,
52.3087,6,3,9.4109,61.7190,converged,3879.30,73830.65,2.0331,0.00,0.0000,0.0031,0.0145,,,,,,,
29.8339,10,3,9.5397,39.3727,converged,3879.30,73830.65,2.0331,0.00,0.0000,0.0034,0.0028,,,,,,,
26.1141,10,3,9.3024,35.4165,converged,3879.30,73830.65,2.0331,0.00,0.0000,0.0024,0.0031,,,,,,,
46.8218,7,3,8.7733,55.5944,converged,3879.30,73830.65,2.0331,0.00,0.0000,0.0030,0.0087,,,,,,,
43.3946,8,3,9.0312,52.4252,converged,3879.30,73830.65,2.0331,0.00,0.0000,0.0028,0.0052,,,,,,,
44.0009,8,3,12.6363,56.6363,converged,3879.30,73830.65,2.0331,0.00,0.0000,0.0028,0.0069,,,,,,,
33.7198,10,3,9.2489,42.9680,converged,3879.30,73830.65,2.0331,0.00,0.0000,0.0025,0.0037,,,,,,,
21.0859,10,3,9.3132,30.3982,converged,3879.30,73830.65,2.0331,0.00,0.0000,0.0034,0.0021,,,,,,,
47.7600,7,3,8.8899,56.6499,converged,3879.30,73830.65,2.0331,0.00,0.0000,0.0032,0.0074,,,,,,,
28.2020,10,3,9.5459,37.7480,converged,3879.30,73830.65,2.0331,0.00,0.0000,0.0024,0.0032,,,,,,,
38.4415,9,3,9.4314,47.8724,converged,3879.30,73830.65,2.0331,0.00,0.0000,0.0028,0.0047,,,,,,,
56.9756,6,3,9.4255,66.4005,converged,3879.30,73830.65,2.0331,0.00,0.0000,0.0034,0.0148,,,,,,,
32.6712,10,3,9.6618,42.3329,converged,3879.30,73830.65,2.0331,0.00,0.0000,0.0029,0.0033,,,,,,,
47.9685,7,3,9.8547,57.8227,converged,3879.30,73830.65,2.0331,0.00,0.0000,0.0022,0.0094,,,,,,,
59.1479,5,3,9.5257,68.6727,converged,3879.30,73830.65,2.0331,0.00,0.0000,0.0030,0.0198,,,,,,,
21.7460,10,3,14.0033,35.7494,converged,3879.30,73830.65,2.0331,0.00,0.0000,0.0028,0.0030,,,,,,,
57.1366,6,3,10.7715,67.9076,converged,3879.30,73830.65,2.0331,0.00,0.0000,0.0031,0.0152,,,,,,,
47.3493,7,3,8.8980,56.2470,converged,3879.30,73830.65,2.0331,0.00,0.0000,0.0028,0.0072,,,,,,,
55.8726,6,3,8.5631,64.4351,converged,3879.30,73830.65,2.0331,0.00,0.0000,0.0032,0.0134,,,,,,,
41.5284,8,3,9.0549,50.5830,converged,3879.30,73830.65,2.0331,0.00,0.0000,0.0033,0.0022,,,,,,,
52.3764,6,3,8.9434,61.3194,converged,3879.30,73830.65,2.0331,0.00,0.0000,0.0032,0.0156,,,,,,,
57.0792,6,3,9.1944,66.2734,converged,3879.30,73830.65,2.0331,0.00,0.0000,0.0022,0.0145,,,,,,,
36.9745,9,3,9.2953,46.2693,converged,3879.30,73830.65,2.0331,0.00,0.0000,0.0025,0.0049,,,,,,,
39.4997,9,3,8.9515,48.4506,converged,3879.30,73830.65,2.0331,0.00,0.0000,0.0027,0.0033,,,,,,,
38.3105,9,3,9.0048,47.3149,converged,3879.30,73830.65,2.0331,0.00,0.0000,0.0033,0.0038,,,,,,,
43.4507,8,3,9.1584,52.6084,converged,3879.30,73830.65,2.0331,0.00,0.0000,0.0033,0.0050,,,,,,,
56.6050,6,3,8.8639,65.4679,converged,3879.30,73830.65,2.0331,0.00,0.0000,0.0029,0.0132,,,,,,,
30.1876,10,3,9.6980,39.8851,converged,3879.30,73830.65,2.0331,0.00,0.0000,0.0025,0.0032,,,,,,,
24.4910,10,3,8.7301,33.2211,converged,3879.30,73830.65,2.0331,0.00,0.0000,0.0026,0.0029,,,,,,,
59.3006,5,3,9.6550,68.9550,converged,3879.30,73830.65,2.0331,0.00,0.0000,0.0039,0.0222,,,,,,,
56.3920,6,3,8.8999,65.2909,converged,3879.30,73830.65,2.0331,0.00,0.0000,0.0029,0.0142,,,,,,,
27.3663,10,3,9.2883,36.6543,converged,3879.30,73830.65,2.0331,0.00,0.0000,0.0027,0.0034,,,,,,,
47.9134,7,3,11.0457,58.9587,converged,3879.30,73830.65,2.0331,0.00,0.0000,0.0026,0.0094,,,,,,,
44.6014,8,3,8.9245,53.5255,converged,3879.30,73830.65,2.0331,0.00,0.0000,0.0029,0.0057,,,,,,,
48.2165,7,3,9.0678,57.2838,converged,3879.30,73830.65,2.0331,0.00,0.0000,0.0028,0.0083,,,,,,,
38.5034,9,3,9.2587,47.7617,converged,3879.30,73830.65,2.0331,0.00,0.0000,0.0036,0.0042,,,,,,,
56.7446,6,3,9.1558,65.8998,converged,3879.30,73830.65,2.0331,0.00,0.0000,0.0030,0.0130,,,,,,,
30.5283,10,3,13.4904,44.0185,converged,3879.30,73830.65,2.0331,0.00,0.0000,0.0026,0.0030,,,,,,,
38.1809,9,3,10.3682,48.5482,converged,3879.30,73830.65,2.0331,0.00,0.0000,0.0031,0.0039,,,,,,,
40.3329,8,3,9.0560,49.3881,converged,3879.30,73830.65,2.0331,0.00,0.0000,0.0029,0.0054,,,,,,,
47.7998,7,3,9.3798,57.1789,converged,3879.30,73830.65,2.0331,0.00,0.0000,0.0029,0.0086,,,,,,,
39.4835,9,3,9.7176,49.2007,converged,3879.30,73830.65,2.0331,0.00,0.0000,0.0026,0.0037,,,,,,,
55.5391,6,3,9.1090,64.6480,converged,3879.30,73830.65,2.0331,0.00,0.0000,0.0026,0.0144,,,,,,,
33.8643,10,3,9.0604,42.9244,converged,3879.30,73830.65,2.0331,0.00,0.0000,0.0027,0.0029,,,,,,,
27.9806,10,3,8.7984,36.7785,converged,3879.30,73830.65,2.0331,0.00,0.0000,0.0030,0.0029,,,,,,,
32.5294,10,3,9.9613,42.4904,converged,3879.30,73830.65,2.0331,0.00,0.0000,0.0025,0.0036,,,,,,,
48.2734,7,3,9.5967,57.8697,converged,3879.30,73830.65,2.0331,0.00,0.0000,0.0031,0.0090,,,,,,,
58.7003,5,3,9.1627,67.8628,converged,3879.30,73830.65,2.0331,0.00,0.0000,0.0033,0.0256,,,,,,,
53.0148,6,3,10.3101,63.3241,converged,3879.30,73830.65,2.0331,0.00,0.0000,0.0028,0.0110,,,,,,,
53.9304,6,3,9.9155,63.8455,converged,3879.30,73830.65,2.0331,0.00,0.0000,0.0031,0.0136,,,,,,,
33.4741,10,3,10.1915,43.6655,converged,3879.30,73830.65,2.0331,0.00,0.0000,0.0029,0.0022,,,,,,,
26.9446,10,3,9.4324,36.3764,converged,3879.30,73830.65,2.0331,0.00,0.0000,0.0028,0.0032,,,,,,,
52.4409,6,3,8.8000,61.2400,converged,3879.30,73830.65,2.0331,0.00,0.0000,0.0025,0.0116,,,,,,,
24.0683,10,3,9.4584,33.5264,converged,3879.30,73830.65,2.0331,0.00,0.0000,0.0026,0.0026,,,,,,,
58.0862,5,3,8.9482,67.0342,converged,3879.30,73830.65,2.0331,0.00,0.0000,0.0040,0.0326,,,,,,,
38.9070,9,3,9.2047,48.1118,converged,3879.30,73830.65,2.0331,0.00,0.0000,0.0029,0.0031,,,,,,,
35.4053,9,3,8.9142,44.3193,converged,3879.30,73830.65,2.0331,0.00,0.0000,0.0027,0.0043,,,,,,,
45.0534,8,3,8.9027,53.9558,converged,3879.30,73830.65,2.0331,0.00,0.0000,0.0030,0.0058,,,,,,,
36.0905,9,3,9.1431,45.2332,converged,3879.30,73830.65,2.0331,0.00,0.0000,0.0032,0.0034,,,,,,,
39.8713,9,3,9.4017,49.2727,converged,3879.30,73830.65,2.0331,0.00,0.0000,0.0033,0.0029,,,,,,,
39.7926,9,3,10.0888,49.8808,converged,3879.30,73830.65,2.0331,0.00,0.0000,0.0030,0.0028,,,,,,,
57.9523,6,3,10.0662,68.0182,converged,3879.30,73830.65,2.0331,0.00,0.0000,0.0027,0.0129,,,,,,,
42.7653,8,3,8.8134,51.5784,converged,3879.30,73830.65,2.0331,0.00,0.0000,0.0026,0.0063,,,,,,,
37.1584,9,3,8.8734,46.0314,converged,3879.30,73830.65,2.0331,0.00,0.0000,0.0029,0.0036,,,,,,,
23.2998,10,3,9.1500,32.4491,converged,3879.30,73830.65,2.0331,0.00,0.0000,0.0027,0.0026,,,,,,,
41.9638,8,3,8.8559,50.8190,converged,3879.30,73830.65,2.0331,0.00,0.0000,0.0028,0.0057,,,,,,,
25.7886,10,3,9.0686,34.8567,converged,3879.30,73830.65,2.0331,0.00,0.0000,0.0026,0.0027,,,,,,,
34.4738,9,3,9.0808,43.5538,converged,3879.30,73830.65,2.0331,0.00,0.0000,0.0037,0.0030,,,,,,,
45.4630,8,3,9.1450,54.6071,converged,3879.30,73830.65,2.0331,0.00,0.0000,0.0030,0.0042,,,,,,,
26.5082,10,3,9.0385,35.5466,converged,3879.30,73830.65,2.0331,0.00,0.0000,0.0027,0.0032,,,,,,,
32.2437,10,3,9.1991,41.4422,converged,3879.30,73830.65,2.0331,0.00,0.0000,0.0026,0.0030,,,,,,,
28.2066,10,3,9.0578,37.2638,converged,3879.30,73830.65,2.0331,0.00,0.0000,0.0030,0.0029,,,,,,,
23.1095,10,3,8.9318,32.0408,converged,3879.30,73830.65,2.0331,0.00,0.0000,0.0026,0.0030,,,,,,,
50.4759,7,3,9.3543,59.8293,converged,3879.30,73830.65,2.0331,0.00,0.0000,0.0026,0.0098,,,,,,,
24.8732,10,3,9.0261,33.8991,converged,3879.30,73830.65,2.0331,0.00,0.0000,0.0027,0.0024,,,,,,,
31.1885,10,3,9.0515,40.2395,converged,3879.30,73830.65,2.0331,0.00,0.0000,0.0024,0.0027,,,,,,,
26.4723,10,3,8.9865,35.4586,converged,3879.30,73830.65,2.0331,0.00,0.0000,0.0031,0.0032,,,,,,,
53.7260,6,3,8.9376,62.6636,converged,3879.30,73830.65,2.0331,0.00,0.0000,0.0028,0.0141,,,,,,,
44.4242,8,3,9.3301,53.7542,converged,3879.30,73830.65,2.0331,0.00,0.0000,0.0029,0.0052,,,,,,,
21.8342,10,3,9.1494,30.9834,converged,3879.30,73830.65,2.0331,0.00,0.0000,0.0027,0.0030,,,,,,,
54.6196,6,3,8.8396,63.4586,converged,3879.30,73830.65,2.0331,0.00,0.0000,0.0025,0.0142,,,,,,,
42.8154,8,3,8.8748,51.6899,converged,3879.30,73830.65,2.0331,0.00,0.0000,0.0030,0.0058,,,,,,,
59.9726,5,3,9.2563,69.2284,converged,3879.30,73830.65,2.0331,0.00,0.0000,0.0033,0.0187,,,,,,,
37.4086,9,3,9.2518,46.6599,converged,3879.30,73830.65,2.0331,0.00,0.0000,0.0028,0.0043,,,,,,,
36.3511,9,3,9.2888,45.6399,converged,3879.30,73830.65,2.0331,0.00,0.0000,0.0028,0.0047,,,,,,,
59.4772,5,3,9.7630,69.2400,converged,3879.30,73830.65,2.0331,0.00,0.0000,0.0037,0.0201,,,,,,,
52.2099,6,3,9.1908,61.3999,converged,3879.30,73830.65,2.0331,0.00,0.0000,0.0026,0.0131,,,,,,,
54.4744,6,3,8.8841,63.3581,converged,3879.30,73830.65,2.0331,0.00,0.0000,0.0031,0.0136,,,,,,,
22.6450,10,3,8.7653,31.4093,converged,3879.30,73830.65,2.0331,0.00,0.0000,0.0023,0.0034,,,,,,,
53.8891,6,3,9.6680,63.5570,converged,3879.30,73830.65,2.0331,0.00,0.0000,0.0031,0.0137,,,,,,,
29.1125,10,3,9.4887,38.6007,converged,3879.30,73830.65,2.0331,0.00,0.0000,0.0025,0.0031,,,,,,,
53.6747,6,3,13.9738,67.6479,converged,3879.30,73830.65,2.0331,0.00,0.0000,0.0028,0.0117,,,,,,,
52.3711,6,3,13.1456,65.5166,converged,3879.30,73830.65,2.0331,0.00,0.0000,0.0025,0.0133,,,,,,,
46.9944,7,3,9.8055,56.7995,converged,3879.30,73830.65,2.0331,0.00,0.0000,0.0027,0.0103,,,,,,,
56.9826,6,3,8.8341,65.8161,converged,3879.30,73830.65,2.0331,0.00,0.0000,0.0030,0.0102,,,,,,,
30.8464,10,3,8.8010,39.6470,converged,3879.30,73830.65,2.0331,0.00,0.0000,0.0027,0.0031,,,,,,,
31.7757,10,3,8.9620,40.7370,converged,3879.30,73830.65,2.0331,0.00,0.0000,0.0026,0.0037,,,,,,,
27.2294,10,3,9.0827,36.3117,converged,3879.30,73830.65,2.0331,0.00,0.0000,0.0028,0.0035,,,,,,,
50.2456,7,3,9.6095,59.8546,converged,3879.30,73830.65,2.0331,0.00,0.0000,0.0025,0.0101,,,,,,,
47.8413,7,3,9.2057,57.0467,converged,3879.30,73830.65,2.0331,0.00,0.0000,0.0027,0.0088,,,,,,,
44.0554,8,3,8.8683,52.9233,converged,3879.30,73830.65,2.0331,0.00,0.0000,0.0025,0.0067,,,,,,,
53.3172,6,3,9.1984,62.5155,converged,3879.30,73830.65,2.0331,0.00,0.0000,0.0028,0.0122,,,,,,,
40.4253,8,3,9.2295,49.6545,converged,3879.30,73830.65,2.0331,0.00,0.0000,0.0026,0.0055,,,,,,,
44.9079,8,3,9.1179,54.0249,converged,3879.30,73830.65,2.0331,0.00,0.0000,0.0028,0.0058,,,,,,,
36.0545,9,3,9.0624,45.1164,converged,3879.30,73830.65,2.0331,0.00,0.0000,0.0033,0.0029,,,,,,,
37.0181,9,3,10.7134,47.7314,converged,3879.30,73830.65,2.0331,0.00,0.0000,0.0027,0.0045,,,,,,,
25.7218,10,3,8.9300,34.6510,converged,3879.30,73830.65,2.0331,0.00,0.0000,0.0031,0.0031,,,,,,,
59.2083,5,3,9.4104,68.6185,converged,3879.30,73830.65,2.0331,0.00,0.0000,0.0040,0.0176,,,,,,,
44.0654,8,3,9.1940,53.2590,converged,3879.30,73830.65,2.0331,0.00,0.0000,0.0030,0.0052,,,,,,,
24.2715,10,3,9.5984,33.8694,converged,3879.30,73830.65,2.0331,0.00,0.0000,0.0023,0.0028,,,,,,,
42.0631,8,3,9.3549,51.4180,converged,3879.30,73830.65,2.0331,0.00,0.0000,0.0028,0.0048,,,,,,,
20.6982,10,3,8.8131,29.5112,converged,3879.30,73830.65,2.0331,0.00,0.0000,0.0024,0.0034,,,,,,,
30.2267,10,3,9.9145,40.1406,converged,3879.30,73830.65,2.0331,0.00,0.0000,0.0026,0.0028,,,,,,,
21.1735,10,3,9.5628,30.7358,converged,3879.30,73830.65,2.0331,0.00,0.0000,0.0024,0.0029,,,,,,,
55.9409,6,3,8.6823,64.6224,converged,3879.30,73830.65,2.0331,0.00,0.0000,0.0028,0.0149,,,,,,,
49.5646,7,3,11.5717,61.1358,converged,3879.30,73830.65,2.0331,0.00,0.0000,0.0024,0.0092,,,,,,,
31.1756,10,3,8.8659,40.0409,converged,3879.30,73830.65,2.0331,0.00,0.0000,0.0025,0.0029,,,,,,,
46.8978,7,3,9.0266,55.9236,converged,3879.30,73830.65,2.0331,0.00,0.0000,0.0029,0.0089,,,,,,,
31.3684,10,3,9.7346,41.1026,converged,3879.30,73830.65,2.0331,0.00,0.0000,0.0028,0.0030,,,,,,,
28.9809,10,3,13.0053,41.9854,converged,3879.30,73830.65,2.0331,0.00,0.0000,0.0027,0.0028,,,,,,,
43.1301,8,3,9.2608,52.3909,converged,3879.30,73830.65,2.0331,0.00,0.0000,0.0029,0.0050,,,,,,,
48.0973,7,3,8.9075,57.0045,converged,3879.30,73830.65,2.0331,0.00,0.0000,0.0026,0.0088,,,,,,,
24.5168,10,3,9.8881,34.4042,converged,3879.30,73830.65,2.0331,0.00,0.0000,0.0025,0.0029,,,,,,,
25.6194,10,3,10.2153,35.8343,converged,3879.30,73830.65,2.0331,0.00,0.0000,0.0031,0.0018,,,,,,,
51.6609,7,3,8.8043,60.4643,converged,3879.30,73830.65,2.0331,0.00,0.0000,0.0024,0.0090,,,,,,,
48.6609,7,3,9.0978,57.7578,converged,3879.30,73830.65,2.0331,0.00,0.0000,0.0028,0.0086,,,,,,,
33.8100,10,3,9.2270,43.0360,converged,3879.30,73830.65,2.0331,0.00,0.0000,0.0030,0.0029,,,,,,,
37.7180,9,3,9.8943,47.6113,converged,3879.30,73830.65,2.0331,0.00,0.0000,0.0029,0.0040,,,,,,,
37.1159,9,3,9.0202,46.1352,converged,3879.30,73830.65,2.0331,0.00,0.0000,0.0029,0.0039,,,,,,,
27.5838,10,3,8.6952,36.2782,converged,3879.30,73830.65,2.0331,0.00,0.0000,0.0029,0.0026,,,,,,,
44.6508,8,3,9.2159,53.8659,converged,3879.30,73830.65,2.0331,0.00,0.0000,0.0035,0.0048,,,,,,,
57.9824,6,3,9.4444,67.4264,converged,3879.30,73830.65,2.0331,0.00,0.0000,0.0023,0.0150,,,,,,,
29.6803,10,3,9.5652,39.2452,converged,3879.30,73830.65,2.0331,0.00,0.0000,0.0027,0.0030,,,,,,,
58.3479,5,3,9.1194,67.4665,converged,3879.30,73830.65,2.0331,0.00,0.0000,0.0034,0.0198,,,,,,,
20.4445,10,3,8.8250,29.2691,converged,3879.30,73830.65,2.0331,0.00,0.0000,0.0025,0.0030,,,,,,,
32.0510,10,3,8.8213,40.8714,converged,3879.30,73830.65,2.0331,0.00,0.0000,0.0026,0.0029,,,,,,,
38.7080,9,3,8.7007,47.4087,converged,3879.30,73830.65,2.0331,0.00,0.0000,0.0027,0.0044,,,,,,,
57.4095,6,3,8.8389,66.2479,converged,3879.30,73830.65,2.0331,0.00,0.0000,0.0026,0.0143,,,,,,,
32.1023,10,3,9.0293,41.1313,converged,3879.30,73830.65,2.0331,0.00,0.0000,0.0026,0.0025,,,,,,,
30.0820,10,3,9.0549,39.1360,converged,3879.30,73830.65,2.0331,0.00,0.0000,0.0026,0.0033,,,,,,,
56.9452,6,3,8.9368,65.8819,converged,3879.30,73830.65,2.0331,0.00,0.0000,0.0031,0.0091,,,,,,,
26.9322,10,3,10.0216,36.9536,converged,3879.30,73830.65,2.0331,0.00,0.0000,0.0025,0.0030,,,,,,,
54.9658,6,3,8.9656,63.9306,converged,3879.30,73830.65,2.0331,0.00,0.0000,0.0031,0.0168,,,,,,,
59.5077,5,3,8.9382,68.4452,converged,3879.30,73830.65,2.0331,0.00,0.0000,0.0035,0.0153,,,,,,,
41.0449,8,3,9.3073,50.3513,converged,3879.30,73830.65,2.0331,0.00,0.0000,0.0027,0.0054,,,,,,,
40.3175,8,3,8.8745,49.1915,converged,3879.30,73830.65,2.0331,0.00,0.0000,0.0031,0.0044,,,,,,,
49.5245,7,3,10.3782,59.9022,converged,3879.30,73830.65,2.0331,0.00,0.0000,0.0028,0.0064,,,,,,,
40.6501,8,3,8.8006,49.4507,converged,3879.30,73830.65,2.0331,0.00,0.0000,0.0031,0.0040,,,,,,,
37.5181,9,3,8.9275,46.4455,converged,3879.30,73830.65,2.0331,0.00,0.0000,0.0029,0.0037,,,,,,,
23.2789,10,3,10.6844,33.9625,converged,3879.30,73830.65,2.0331,0.00,0.0000,0.0029,0.0029,,,,,,,
35.1908,9,3,13.6129,48.8029,converged,3879.30,73830.65,2.0331,0.00,0.0000,0.0027,0.0037,,,,,,,
47.3880,7,3,8.9647,56.3517,converged,3879.30,73830.65,2.0331,0.00,0.0000,0.0025,0.0114,,,,,,,
27.1950,10,3,8.6375,35.8325,converged,3879.30,73830.65,2.0331,0.00,0.0000,0.0025,0.0032,,,,,,,
26.8926,10,3,9.3060,36.1981,converged,3879.30,73830.65,2.0331,0.00,0.0000,0.0028,0.0024,,,,,,,
49.0273,7,3,8.8353,57.8623,converged,3879.30,73830.65,2.0331,0.00,0.0000,0.0027,0.0088,,,,,,,
52.1351,6,3,8.7798,60.9149,converged,3879.30,73830.65,2.0331,0.00,0.0000,0.0033,0.0149,,,,,,,
37.6774,9,3,8.8366,46.5137,converged,3879.30,73830.65,2.0331,0.00,0.0000,0.0027,0.0047,,,,,,,
31.1703,10,3,8.9524,40.1224,converged,3879.30,73830.65,2.0331,0.00,0.0000,0.0030,0.0023,,,,,,,
55.4748,6,3,9.0931,64.5671,converged,3879.30,73830.65,2.0331,0.00,0.0000,0.0029,0.0132,,,,,,,
46.9617,7,3,8.9605,55.9215,converged,3879.30,73830.65,2.0331,0.00,0.0000,0.0029,0.0089,,,,,,,
59.3570,5,3,9.3326,68.6896,converged,3879.30,73830.65,2.0331,0.00,0.0000,0.0035,0.0164,,,,,,,
46.5682,7,3,9.0777,55.6457,converged,3879.30,73830.65,2.0331,0.00,0.0000,0.0029,0.0074,,,,,,,
24.8469,10,3,9.3136,34.1596,converged,3879.30,73830.65,2.0331,0.00,0.0000,0.0022,0.0033,,,,,,,
20.4087,10,3,8.7982,29.2062,converged,3879.30,73830.65,2.0331,0.00,0.0000,0.0027,0.0031,,,,,,,
32.1720,10,3,8.8532,41.0243,converged,3879.30,73830.65,2.0331,0.00,0.0000,0.0025,0.0028,,,,,,,
30.6763,10,3,8.9248,39.6009,converged,3879.30,73830.65,2.0331,0.00,0.0000,0.0030,0.0023,,,,,,,
41.1690,8,3,9.0706,50.2387,converged,3879.30,73830.65,2.0331,0.00,0.0000,0.0025,0.0060,,,,,,,
43.8752,8,3,9.3314,53.2064,converged,3879.30,73830.65,2.0331,0.00,0.0000,0.0026,0.0070,,,,,,,
38.4203,9,3,9.7066,48.1266,converged,3879.30,73830.65,2.0331,0.00,0.0000,0.0026,0.0043,,,,,,,
50.9444,7,3,8.8842,59.8282,converged,3879.30,73830.65,2.0331,0.00,0.0000,0.0034,0.0048,,,,,,,
59.5975,5,3,8.9741,68.5711,converged,3879.30,73830.65,2.0331,0.00,0.0000,0.0041,0.0208,,,,,,,
21.4532,10,3,8.8881,30.3411,converged,3879.30,73830.65,2.0331,0.00,0.0000,0.0026,0.0032,,,,,,,
23.3731,10,3,8.6006,31.9736,converged,3879.30,73830.65,2.0331,0.00,0.0000,0.0029,0.0025,,,,,,,
44.7077,8,3,10.5061,55.2131,converged,3879.30,73830.65,2.0331,0.00,0.0000,0.0024,0.0060,,,,,,,
30.2773,10,3,9.1087,39.3858,converged,3879.30,73830.65,2.0331,0.00,0.0000,0.0026,0.0034,,,,,,,
54.5459,6,3,9.1440,63.6890,converged,3879.30,73830.65,2.0331,0.00,0.0000,0.0030,0.0169,,,,,,,
35.6212,9,3,9.2712,44.8922,converged,3879.30,73830.65,2.0331,0.00,0.0000,0.0026,0.0035,,,,,,,
59.2307,5,3,9.2145,68.4445,converged,3879.30,73830.65,2.0331,0.00,0.0000,0.0027,0.0241,,,,,,,
41.4701,8,3,8.8414,50.3114,converged,3879.30,73830.65,2.0331,0.00,0.0000,0.0022,0.0067,,,,,,,
42.5654,8,3,8.5694,51.1344,converged,3879.30,73830.65,2.0331,0.00,0.0000,0.0030,0.0044,,,,,,,
50.8754,7,3,9.6014,60.4764,converged,3879.30,73830.65,2.0331,0.00,0.0000,0.0031,0.0080,,,,,,,
45.5581,8,3,8.4997,54.0577,converged,3879.30,73830.65,2.0331,0.00,0.0000,0.0032,0.0048,,,,,,,
28.2427,10,3,9.2225,37.4646,converged,3879.30,73830.65,2.0331,0.00,0.0000,0.0032,0.0020,,,,,,,
43.0889,8,3,9.0198,52.1078,converged,3879.30,73830.65,2.0331,0.00,0.0000,0.0026,0.0062,,,,,,,
20.5973,10,3,9.5315,30.1285,converged,3879.30,73830.65,2.0331,0.00,0.0000,0.0023,0.0029,,,,,,,
40.7083,8,3,13.2251,53.9331,converged,3879.30,73830.65,2.0331,0.00,0.0000,0.0026,0.0051,,,,,,,
27.8598,10,3,13.8582,41.7172,converged,3879.30,73830.65,2.0331,0.00,0.0000,0.0029,0.0031,,,,,,,
52.3574,6,3,9.0204,61.3774,converged,3879.30,73830.65,2.0331,0.00,0.0000,0.0026,0.0127,,,,,,,
47.1473,7,3,8.7439,55.8909,converged,3879.30,73830.65,2.0331,0.00,0.0000,0.0026,0.0104,,,,,,,
20.7228,10,3,9.4700,30.1921,converged,3879.30,73830.65,2.0331,0.00,0.0000,0.0024,0.0033,,,,,,,
48.5560,7,3,8.6729,57.2289,converged,3879.30,73830.65,2.0331,0.00,0.0000,0.0030,0.0072,,,,,,,
30.1544,10,3,8.7675,38.9215,converged,3879.30,73830.65,2.0331,0.00,0.0000,0.0025,0.0032,,,,,,,
40.6445,8,3,8.7527,49.3967,converged,3879.30,73830.65,2.0331,0.00,0.0000,0.0028,0.0069,,,,,,,
20.9120,10,3,8.9837,29.8948,converged,3879.30,73830.65,2.0331,0.00,0.0000,0.0024,0.0038,,,,,,,
25.7389,10,3,13.1244,38.8624,converged,3879.30,73830.65,2.0331,0.00,0.0000,0.0026,0.0034,,,,,,,
20.9426,10,3,13.0668,34.0089,converged,3879.30,73830.65,2.0331,0.00,0.0000,0.0023,0.0031,,,,,,,
32.7875,10,3,9.7495,42.5365,converged,3879.30,73830.65,2.0331,0.00,0.0000,0.0027,0.0027,,,,,,,
44.2816,8,3,8.9432,53.2242,converged,3879.30,73830.65,2.0331,0.00,0.0000,0.0027,0.0046,,,,,,,
29.1933,10,3,8.8304,38.0235,converged,3879.30,73830.65,2.0331,0.00,0.0000,0.0025,0.0031,,,,,,,
36.8374,9,3,8.6441,45.4811,converged,3879.30,73830.65,2.0331,0.00,0.0000,0.0028,0.0043,,,,,,,
20.9198,10,3,8.7356,29.6546,converged,3879.30,73830.65,2.0331,0.00,0.0000,0.0029,0.0024,,,,,,,
49.8026,7,3,9.0054,58.8074,converged,3879.30,73830.65,2.0331,0.00,0.0000,0.0028,0.0063,,,,,,,
46.8528,7,3,9.1456,55.9976,converged,3879.30,73830.65,2.0331,0.00,0.0000,0.0025,0.0081,,,,,,,
39.0522,9,3,10.5176,49.5697,converged,3879.30,73830.65,2.0331,0.00,0.0000,0.0031,0.0033,,,,,,,
52.7828,6,3,8.8799,61.6619,converged,3879.30,73830.65,2.0331,0.00,0.0000,0.0023,0.0167,,,,,,,
42.8457,8,3,9.0206,51.8657,converged,3879.30,73830.65,2.0331,0.00,0.0000,0.0032,0.0050,,,,,,,
33.5707,10,3,9.2352,42.8052,converged,3879.30,73830.65,2.0331,0.00,0.0000,0.0024,0.0032,,,,,,,
59.4700,5,3,9.4491,68.9191,converged,3879.30,73830.65,2.0331,0.00,0.0000,0.0030,0.0161,,,,,,,
50.5955,7,3,9.0148,59.6098,converged,3879.30,73830.65,2.0331,0.00,0.0000,0.0024,0.0078,,,,,,,
50.3799,7,3,9.1287,59.5078,converged,3879.30,73830.65,2.0331,0.00,0.0000,0.0025,0.0089,,,,,,,
40.8885,8,3,9.1175,50.0056,converged,3879.30,73830.65,2.0331,0.00,0.0000,0.0025,0.0059,,,,,,,
48.3967,7,3,9.3645,57.7605,converged,3879.30,73830.65,2.0331,0.00,0.0000,0.0029,0.0071,,,,,,,
46.2776,7,3,8.9957,55.2727,converged,3879.30,73830.65,2.0331,0.00,0.0000,0.0028,0.0093,,,,,,,
55.3229,6,3,10.2877,65.6097,converged,3879.30,73830.65,2.0331,0.00,0.0000,0.0027,0.0143,,,,,,,
35.9407,9,3,9.5361,45.4762,converged,3879.30,73830.65,2.0331,0.00,0.0000,0.0028,0.0035,,,,,,,
20.8872,10,3,8.9405,29.8276,converged,3879.30,73830.65,2.0331,0.00,0.0000,0.0027,0.0023,,,,,,,
52.9358,6,3,8.6562,61.5912,converged,3879.30,73830.65,2.0331,0.00,0.0000,0.0030,0.0098,,,,,,,
35.7961,9,3,8.7700,44.5660,converged,3879.30,73830.65,2.0331,0.00,0.0000,0.0028,0.0033,,,,,,,
46.5958,7,3,9.1706,55.7656,converged,3879.30,73830.65,2.0331,0.00,0.0000,0.0029,0.0079,,,,,,,
53.6868,6,3,8.7420,62.4281,converged,3879.30,73830.65,2.0331,0.00,0.0000,0.0032,0.0180,,,,,,,
57.4490,6,3,9.0272,66.4752,converged,3879.30,73830.65,2.0331,0.00,0.0000,0.0027,0.0160,,,,,,,
48.5935,7,3,9.3575,57.9506,converged,3879.30,73830.65,2.0331,0.00,0.0000,0.0031,0.0058,,,,,,,
41.7966,8,3,8.6559,50.4519,converged,3879.30,73830.65,2.0331,0.00,0.0000,0.0030,0.0062,,,,,,,
48.6339,7,3,9.6271,58.2602,converged,3879.30,73830.65,2.0331,0.00,0.0000,0.0026,0.0106,,,,,,,
26.5747,10,3,8.6968,35.2708,converged,3879.30,73830.65,2.0331,0.00,0.0000,0.0026,0.0031,,,,,,,
21.4463,10,3,9.1041,30.5502,converged,3879.30,73830.65,2.0331,0.00,0.0000,0.0024,0.0031,,,,,,,
58.9172,5,3,9.1293,68.0463,converged,3879.30,73830.65,2.0331,0.00,0.0000,0.0033,0.0193,,,,,,,
48.1153,7,3,8.8996,57.0146,converged,3879.30,73830.65,2.0331,0.00,0.0000,0.0025,0.0097,,,,,,,
24.0478,10,3,8.7662,32.8133,converged,3879.30,73830.65,2.0331,0.00,0.0000,0.0031,0.0022,,,,,,,
37.1539,9,3,9.0862,46.2393,converged,3879.30,73830.65,2.0331,0.00,0.0000,0.0031,0.0031,,,,,,,
47.8071,7,3,9.0885,56.8955,converged,3879.30,73830.65,2.0331,0.00,0.0000,0.0032,0.0069,,,,,,,
41.6841,8,3,9.0877,50.7717,converged,3879.30,73830.65,2.0331,0.00,0.0000,0.0028,0.0060,,,,,,,
45.4159,8,3,9.8674,55.2824,converged,3879.30,73830.65,2.0331,0.00,0.0000,0.0027,0.0058,,,,,,,
44.8675,8,3,9.8072,54.6742,converged,3879.30,73830.65,2.0331,0.00,0.0000,0.0027,0.0074,,,,,,,
33.9589,10,3,9.2780,43.2360,converged,3879.30,73830.65,2.0331,0.00,0.0000,0.0027,0.0033,,,,,,,
23.8447,10,3,9.3693,33.2133,converged,3879.30,73830.65,2.0331,0.00,0.0000,0.0028,0.0026,,,,,,,
55.6913,6,3,9.0730,64.7640,converged,3879.30,73830.65,2.0331,0.00,0.0000,0.0028,0.0096,,,,,,,
22.3873,10,3,8.9739,31.3609,converged,3879.30,73830.65,2.0331,0.00,0.0000,0.0027,0.0028,,,,,,,
38.9166,9,3,9.1184,48.0344,converged,3879.30,73830.65,2.0331,0.00,0.0000,0.0026,0.0046,,,,,,,
29.0660,10,3,10.1535,39.2195,converged,3879.30,73830.65,2.0331,0.00,0.0000,0.0024,0.0032,,,,,,,
44.8534,8,3,11.6960,56.5491,converged,3879.30,73830.65,2.0331,0.00,0.0000,0.0027,0.0055,,,,,,,
51.5743,7,3,8.9189,60.4929,converged,3879.30,73830.65,2.0331,0.00,0.0000,0.0030,0.0075,,,,,,,
51.9310,7,3,9.1952,61.1253,converged,3879.30,73830.65,2.0331,0.00,0.0000,0.0028,0.0085,,,,,,,
50.9351,7,3,8.9591,59.8941,converged,3879.30,73830.65,2.0331,0.00,0.0000,0.0028,0.0055,,,,,,,
56.2700,6,3,9.7367,66.0067,converged,3879.30,73830.65,2.0331,0.00,0.0000,0.0028,0.0108,,,,,,,
28.8157,10,3,9.3093,38.1243,converged,3879.30,73830.65,2.0331,0.00,0.0000,0.0028,0.0030,,,,,,,
32.7659,10,3,8.8701,41.6351,converged,3879.30,73830.65,2.0331,0.00,0.0000,0.0031,0.0029,,,,,,,
31.2262,10,3,8.6921,39.9181,converged,3879.30,73830.65,2.0331,0.00,0.0000,0.0029,0.0024,,,,,,,
41.6317,8,3,9.3744,51.0054,converged,3879.30,73830.65,2.0331,0.00,0.0000,0.0028,0.0053,,,,,,,
29.9960,10,3,10.9047,40.8997,converged,3879.30,73830.65,2.0331,0.00,0.0000,0.0033,0.0030,,,,,,,
26.3795,10,3,9.6109,35.9899,converged,3879.30,73830.65,2.0331,0.00,0.0000,0.0027,0.0028,,,,,,,
20.5497,10,3,9.1198,29.6688,converged,3879.30,73830.65,2.0331,0.00,0.0000,0.0026,0.0029,,,,,,,
33.0246,10,3,9.2621,42.2861,converged,3879.30,73830.65,2.0331,0.00,0.0000,0.0028,0.0030,,,,,,,
22.4210,10,3,9.8097,32.2307,converged,3879.30,73830.65,2.0331,0.00,0.0000,0.0027,0.0025,,,,,,,
49.1264,7,3,8.9668,58.0929,converged,3879.30,73830.65,2.0331,0.00,0.0000,0.0037,0.0037,,,,,,,
34.7635,9,3,8.7200,43.4830,converged,3879.30,73830.65,2.0331,0.00,0.0000,0.0029,0.0037,,,,,,,
57.4336,6,3,9.5266,66.9596,converged,3879.30,73830.65,2.0331,0.00,0.0000,0.0028,0.0153,,,,,,,
46.9116,7,3,9.0860,55.9970,converged,3879.30,73830.65,2.0331,0.00,0.0000,0.0024,0.0076,,,,,,,
27.6895,10,3,10.0317,37.7208,converged,3879.30,73830.65,2.0331,0.00,0.0000,0.0026,0.0033,,,,,,,
52.6979,6,3,8.9190,61.6161,converged,3879.30,73830.65,2.0331,0.00,0.0000,0.0029,0.0096,,,,,,,
48.1143,7,3,9.5276,57.6417,converged,3879.30,73830.65,2.0331,0.00,0.0000,0.0028,0.0079,,,,,,,
28.1539,10,3,10.0990,38.2520,converged,3879.30,73830.65,2.0331,0.00,0.0000,0.0030,0.0030,,,,,,,
37.6967,9,3,10.1270,47.8230,converged,3879.30,73830.65,2.0331,0.00,0.0000,0.0024,0.0045,,,,,,,
33.9302,10,3,10.3865,44.3165,converged,3879.30,73830.65,2.0331,0.00,0.0000,0.0026,0.0030,,,,,,,
27.6064,10,3,9.5435,37.1495,converged,3879.30,73830.65,2.0331,0.00,0.0000,0.0027,0.0032,,,,,,,
23.2441,10,3,8.8968,32.1408,converged,3879.30,73830.65,2.0331,0.00,0.0000,0.0027,0.0024,,,,,,,
23.2497,10,3,8.8296,32.0787,converged,3879.30,73830.65,2.0331,0.00,0.0000,0.0027,0.0031,,,,,,,
34.2956,9,3,9.2921,43.5872,converged,3879.30,73830.65,2.0331,0.00,0.0000,0.0033,0.0037,,,,,,,
27.3027,10,3,9.0089,36.3109,converged,3879.30,73830.65,2.0331,0.00,0.0000,0.0026,0.0031,,,,,,,
28.2285,10,3,8.8491,37.0772,converged,3879.30,73830.65,2.0331,0.00,0.0000,0.0031,0.0025,,,,,,,
28.2716,10,3,8.8545,37.1255,converged,3879.30,73830.65,2.0331,0.00,0.0000,0.0025,0.0030,,,,,,,
49.1698,7,3,8.7115,57.8806,converged,3879.30,73830.65,2.0331,0.00,0.0000,0.0033,0.0071,,,,,,,
57.0645,6,3,9.0633,66.1273,converged,3879.30,73830.65,2.0331,0.00,0.0000,0.0027,0.0117,,,,,,,
44.8419,8,3,9.4160,54.2571,converged,3879.30,73830.65,2.0331,0.00,0.0000,0.0031,0.0055,,,,,,,
50.5214,7,3,8.9472,59.4683,converged,3879.30,73830.65,2.0331,0.00,0.0000,0.0029,0.0084,,,,,,,
55.1630,6,3,9.0305,64.1925,converged,3879.30,73830.65,2.0331,0.00,0.0000,0.0030,0.0117,,,,,,,
34.5143,9,3,9.2476,43.7616,converged,3879.30,73830.65,2.0331,0.00,0.0000,0.0030,0.0030,,,,,,,
56.2435,6,3,9.0269,65.2699,converged,3879.30,73830.65,2.0331,0.00,0.0000,0.0029,0.0110,,,,,,,
59.3197,5,3,9.0896,68.4086,converged,3879.30,73830.65,2.0331,0.00,0.0000,0.0038,0.0173,,,,,,,
47.9079,7,3,9.3186,57.2256,converged,3879.30,73830.65,2.0331,0.00,0.0000,0.0027,0.0085,,,,,,,
21.7939,10,3,8.8319,30.6250,converged,3879.30,73830.65,2.0331,0.00,0.0000,0.0027,0.0035,,,,,,,
37.6818,9,3,9.4385,47.1196,converged,3879.30,73830.65,2.0331,0.00,0.0000,0.0028,0.0037,,,,,,,
42.6538,8,3,9.2000,51.8531,converged,3879.30,73830.65,2.0331,0.00,0.0000,0.0031,0.0056,,,,,,,
28.0681,10,3,8.9695,37.0375,converged,3879.30,73830.65,2.0331,0.00,0.0000,0.0033,0.0022,,,,,,,
32.7130,10,3,8.8572,41.5702,converged,3879.30,73830.65,2.0331,0.00,0.0000,0.0027,0.0032,,,,,,,
27.1880,10,3,10.0932,37.2803,converged,3879.30,73830.65,2.0331,0.00,0.0000,0.0025,0.0033,,,,,,,
25.1022,10,3,10.0121,35.1141,converged,3879.30,73830.65,2.0331,0.00,0.0000,0.0027,0.0030,,,,,,,
32.8429,10,3,9.6689,42.5109,converged,3879.30,73830.65,2.0331,0.00,0.0000,0.0027,0.0035,,,,,,,
59.9625,5,3,9.6951,69.6571,converged,3879.30,73830.65,2.0331,0.00,0.0000,0.0033,0.0171,,,,,,,
32.9636,10,3,9.8638,42.8269,converged,3879.30,73830.65,2.0331,0.00,0.0000,0.0028,0.0031,,,,,,,
57.9918,6,3,9.0606,67.0517,converged,3879.30,73830.65,2.0331,0.00,0.0000,0.0033,0.0165,,,,,,,
39.8039,9,3,9.2525,49.0555,converged,3879.30,73830.65,2.0331,0.00,0.0000,0.0026,0.0048,,,,,,,
30.6799,10,3,9.7216,40.4006,converged,3879.30,73830.65,2.0331,0.00,0.0000,0.0031,0.0018,,,,,,,
45.8350,8,3,10.0515,55.8855,converged,3879.30,73830.65,2.0331,0.00,0.0000,0.0032,0.0062,,,,,,,
39.2782,9,3,9.0201,48.2981,converged,3879.30,73830.65,2.0331,0.00,0.0000,0.0031,0.0040,,,,,,,
47.2229,7,3,9.9231,57.1452,converged,3879.30,73830.65,2.0331,0.00,0.0000,0.0034,0.0075,,,,,,,
32.2418,10,3,9.1522,41.3933,converged,3879.30,73830.65,2.0331,0.00,0.0000,0.0024,0.0033,,,,,,,
49.1130,7,3,8.7218,57.8339,converged,3879.30,73830.65,2.0331,0.00,0.0000,0.0027,0.0099,,,,,,,
38.8355,9,3,8.9490,47.7840,converged,3879.30,73830.65,2.0331,0.00,0.0000,0.0028,0.0041,,,,,,,
27.3485,10,3,8.6929,36.0410,converged,3879.30,73830.65,2.0331,0.00,0.0000,0.0029,0.0035,,,,,,,
45.9009,8,3,10.3238,56.2238,converged,3879.30,73830.65,2.0331,0.00,0.0000,0.0025,0.0073,,,,,,,
58.9930,5,3,10.8159,69.8080,converged,3879.30,73830.65,2.0331,0.00,0.0000,0.0039,0.0272,,,,,,,
44.6418,8,3,10.0474,54.6884,converged,3879.30,73830.65,2.0331,0.00,0.0000,0.0025,0.0056,,,,,,,
53.9230,6,3,9.0646,62.9877,converged,3879.30,73830.65,2.0331,0.00,0.0000,0.0032,0.0160,,,,,,,
50.7262,7,3,8.8940,59.6201,converged,3879.30,73830.65,2.0331,0.00,0.0000,0.0032,0.0092,,,,,,,
50.5638,7,3,10.7261,61.2891,converged,3879.30,73830.65,2.0331,0.00,0.0000,0.0029,0.0090,,,,,,,
36.8460,9,3,12.5557,49.4017,converged,3879.30,73830.65,2.0331,0.00,0.0000,0.0030,0.0026,,,,,,,
45.3319,8,3,9.2614,54.5924,converged,3879.30,73830.65,2.0331,0.00,0.0000,0.0036,0.0027,,,,,,,
33.2290,10,3,11.7547,44.9827,converged,3879.30,73830.65,2.0331,0.00,0.0000,0.0026,0.0029,,,,,,,
39.3908,9,3,9.2600,48.6500,converged,3879.30,73830.65,2.0331,0.00,0.0000,0.0027,0.0039,,,,,,,
21.2629,10,3,9.3189,30.5809,converged,3879.30,73830.65,2.0331,0.00,0.0000,0.0027,0.0026,,,,,,,
47.4741,7,3,8.9598,56.4338,converged,3879.30,73830.65,2.0331,0.00,0.0000,0.0029,0.0084,,,,,,,
38.9053,9,3,8.7954,47.7004,converged,3879.30,73830.65,2.0331,0.00,0.0000,0.0029,0.0039,,,,,,,
38.9218,9,3,8.9273,47.8484,converged,3879.30,73830.65,2.0331,0.00,0.0000,0.0029,0.0040,,,,,,,
44.8461,8,3,8.6384,53.4845,converged,3879.30,73830.65,2.0331,0.00,0.0000,0.0029,0.0053,,,,,,,
35.6653,9,3,12.2320,47.8971,converged,3879.30,73830.65,2.0331,0.00,0.0000,0.0027,0.0045,,,,,,,
42.3209,8,3,9.7669,52.0869,converged,3879.30,73830.65,2.0331,0.00,0.0000,0.0029,0.0054,,,,,,,
58.8473,5,3,13.7574,72.6045,converged,3879.30,73830.65,2.0331,0.00,0.0000,0.0045,0.0246,,,,,,,
24.3500,10,3,9.2795,33.6285,converged,3879.30,73830.65,2.0331,0.00,0.0000,0.0027,0.0028,,,,,,,
53.3136,6,3,9.3319,62.6450,converged,3879.30,73830.65,2.0331,0.00,0.0000,0.0027,0.0114,,,,,,,
41.9006,8,3,9.0095,50.9096,converged,3879.30,73830.65,2.0331,0.00,0.0000,0.0026,0.0060,,,,,,,
23.2875,10,3,8.9681,32.2551,converged,3879.30,73830.65,2.0331,0.00,0.0000,0.0028,0.0029,,,,,,,
37.8237,9,3,8.9971,46.8202,converged,3879.30,73830.65,2.0331,0.00,0.0000,0.0031,0.0023,,,,,,,
34.5013,9,3,9.0511,43.5521,converged,3879.30,73830.65,2.0331,0.00,0.0000,0.0035,0.0033,,,,,,,
32.9908,10,3,8.9747,41.9647,converged,3879.30,73830.65,2.0331,0.00,0.0000,0.0029,0.0024,,,,,,,
50.3285,7,3,9.0070,59.3351,converged,3879.30,73830.65,2.0331,0.00,0.0000,0.0025,0.0072,,,,,,,
33.3384,10,3,9.1030,42.4410,converged,3879.30,73830.65,2.0331,0.00,0.0000,0.0028,0.0031,,,,,,,
59.7023,5,3,10.1317,69.8338,converged,3879.30,73830.65,2.0331,0.00,0.0000,0.0038,0.0202,,,,,,,
56.6904,6,3,9.1528,65.8428,converged,3879.30,73830.65,2.0331,0.00,0.0000,0.0030,0.0122,,,,,,,
56.4153,6,3,10.1561,66.5712,converged,3879.30,73830.65,2.0331,0.00,0.0000,0.0027,0.0117,,,,,,,
45.3863,8,3,9.2071,54.5932,converged,3879.30,73830.65,2.0331,0.00,0.0000,0.0027,0.0056,,,,,,,
29.7222,10,3,9.1560,38.8780,converged,3879.30,73830.65,2.0331,0.00,0.0000,0.0026,0.0033,,,,,,,
26.7542,10,3,9.4924,36.2465,converged,3879.30,73830.65,2.0331,0.00,0.0000,0.0030,0.0031,,,,,,,
42.1823,8,3,9.6620,51.8440,converged,3879.30,73830.65,2.0331,0.00,0.0000,0.0028,0.0046,,,,,,,
43.0984,8,3,8.7518,51.8498,converged,3879.30,73830.65,2.0331,0.00,0.0000,0.0029,0.0049,,,,,,,
53.9244,6,3,8.6755,62.5996,converged,3879.30,73830.65,2.0331,0.00,0.0000,0.0027,0.0124,,,,,,,
46.7201,7,3,9.8159,56.5359,converged,3879.30,73830.65,2.0331,0.00,0.0000,0.0034,0.0071,,,,,,,
47.4613,7,3,8.9883,56.4493,converged,3879.30,73830.65,2.0331,0.00,0.0000,0.0025,0.0088,,,,,,,
58.5453,5,3,8.6853,67.2304,converged,3879.30,73830.65,2.0331,0.00,0.0000,0.0034,0.0215,,,,,,,
39.3773,9,3,9.0176,48.3947,converged,3879.30,73830.65,2.0331,0.00,0.0000,0.0025,0.0039,,,,,,,
37.9149,9,3,8.8678,46.7818,converged,3879.30,73830.65,2.0331,0.00,0.0000,0.0033,0.0029,,,,,,,
32.2482,10,3,8.6736,40.9217,converged,3879.30,73830.65,2.0331,0.00,0.0000,0.0028,0.0026,,,,,,,
26.8259,10,3,8.8937,35.7187,converged,3879.30,73830.65,2.0331,0.00,0.0000,0.0026,0.0021,,,,,,,
35.6012,9,3,8.9220,44.5231,converged,3879.30,73830.65,2.0331,0.00,0.0000,0.0028,0.0041,,,,,,,
21.5074,10,3,9.0106,30.5176,converged,3879.30,73830.65,2.0331,0.00,0.0000,0.0035,0.0015,,,,,,,
34.0333,9,3,9.4273,43.4603,converged,3879.30,73830.65,2.0331,0.00,0.0000,0.0029,0.0036,,,,,,,
52.9106,6,3,8.9278,61.8378,converged,3879.30,73830.65,2.0331,0.00,0.0000,0.0025,0.0103,,,,,,,
49.1731,7,3,9.4293,58.6023,converged,3879.30,73830.65,2.0331,0.00,0.0000,0.0030,0.0085,,,,,,,
26.1971,10,3,8.4929,34.6899,converged,3879.30,73830.65,2.0331,0.00,0.0000,0.0024,0.0036,,,,,,,
21.8840,10,3,9.1247,31.0087,converged,3879.30,73830.65,2.0331,0.00,0.0000,0.0026,0.0032,,,,,,,
39.7162,9,3,9.7563,49.4723,converged,3879.30,73830.65,2.0331,0.00,0.0000,0.0029,0.0047,,,,,,,
36.3526,9,3,8.9820,45.3340,converged,3879.30,73830.65,2.0331,0.00,0.0000,0.0032,0.0041,,,,,,,
47.2221,7,3,10.3569,57.5789,converged,3879.30,73830.65,2.0331,0.00,0.0000,0.0026,0.0090,,,,,,,
26.3429,10,3,9.0454,35.3874,converged,3879.30,73830.65,2.0331,0.00,0.0000,0.0024,0.0036,,,,,,,
53.2834,6,3,8.8849,62.1679,converged,3879.30,73830.65,2.0331,0.00,0.0000,0.0029,0.0169,,,,,,,
57.0411,6,3,9.1962,66.2372,converged,3879.30,73830.65,2.0331,0.00,0.0000,0.0028,0.0156,,,,,,,
23.6391,10,3,9.2094,32.8484,converged,3879.30,73830.65,2.0331,0.00,0.0000,0.0025,0.0026,,,,,,,
26.6896,10,3,9.2143,35.9034,converged,3879.30,73830.65,2.0331,0.00,0.0000,0.0029,0.0033,,,,,,,
36.0622,9,3,9.2435,45.3055,converged,3879.30,73830.65,2.0331,0.00,0.0000,0.0028,0.0046,,,,,,,
55.3916,6,3,8.6476,64.0387,converged,3879.30,73830.65,2.0331,0.00,0.0000,0.0031,0.0102,,,,,,,
50.5910,7,3,10.4385,61.0285,converged,3879.30,73830.65,2.0331,0.00,0.0000,0.0033,0.0077,,,,,,,
53.3667,6,3,12.9168,66.2828,converged,3879.30,73830.65,2.0331,0.00,0.0000,0.0023,0.0129,,,,,,,
58.7789,5,3,10.0716,68.8497,converged,3879.30,73830.65,2.0331,0.00,0.0000,0.0031,0.0179,,,,,,,
43.6459,8,3,9.5787,53.2237,converged,3879.30,73830.65,2.0331,0.00,0.0000,0.0025,0.0057,,,,,,,
31.1577,10,3,9.2292,40.3862,converged,3879.30,73830.65,2.0331,0.00,0.0000,0.0023,0.0033,,,,,,,
38.2329,9,3,10.0907,48.3227,converged,3879.30,73830.65,2.0331,0.00,0.0000,0.0026,0.0038,,,,,,,
45.7600,8,3,11.2540,57.0131,converged,3879.30,73830.65,2.0331,0.00,0.0000,0.0031,0.0065,,,,,,,
53.6715,6,3,9.4203,63.0913,converged,3879.30,73830.65,2.0331,0.00,0.0000,0.0032,0.0080,,,,,,,
34.8084,9,3,9.0579,43.8659,converged,3879.30,73830.65,2.0331,0.00,0.0000,0.0029,0.0037,,,,,,,
33.6800,10,3,10.0217,43.7017,converged,3879.30,73830.65,2.0331,0.00,0.0000,0.0028,0.0029,,,,,,,
58.5466,5,3,8.5756,67.1217,converged,3879.30,73830.65,2.0331,0.00,0.0000,0.0027,0.0198,,,,,,,
35.5228,9,3,9.1678,44.6898,converged,3879.30,73830.65,2.0331,0.00,0.0000,0.0029,0.0035,,,,,,,
54.9607,6,3,9.7442,64.7043,converged,3879.30,73830.65,2.0331,0.00,0.0000,0.0026,0.0080,,,,,,,
30.2916,10,3,9.1647,39.4557,converged,3879.30,73830.65,2.0331,0.00,0.0000,0.0026,0.0031,,,,,,,
33.6615,10,3,11.3573,45.0183,converged,3879.30,73830.65,2.0331,0.00,0.0000,0.0025,0.0031,,,,,,,
42.8214,8,3,9.4436,52.2646,converged,3879.30,73830.65,2.0331,0.00,0.0000,0.0034,0.0044,,,,,,,
56.4939,6,3,9.5033,65.9963,converged,3879.30,73830.65,2.0331,0.00,0.0000,0.0027,0.0134,,,,,,,
55.1272,6,3,9.0951,64.2221,converged,3879.30,73830.65,2.0331,0.00,0.0000,0.0027,0.0121,,,,,,,
50.4143,7,3,8.6653,59.0794,converged,3879.30,73830.65,2.0331,0.00,0.0000,0.0027,0.0093,,,,,,,
48.9663,7,3,8.7658,57.7319,converged,3879.30,73830.65,2.0331,0.00,0.0000,0.0027,0.0085,,,,,,,
52.7776,6,3,10.8640,63.6410,converged,3879.30,73830.65,2.0331,0.00,0.0000,0.0030,0.0134,,,,,,,
20.7603,10,3,9.1742,29.9342,converged,3879.30,73830.65,2.0331,0.00,0.0000,0.0028,0.0031,,,,,,,
41.5866,8,3,9.2623,50.8483,converged,3879.30,73830.65,2.0331,0.00,0.0000,0.0025,0.0066,,,,,,,
37.6349,9,3,9.1365,46.7706,converged,3879.30,73830.65,2.0331,0.00,0.0000,0.0036,0.0026,,,,,,,
42.0269,8,3,8.6964,50.7224,converged,3879.30,73830.65,2.0331,0.00,0.0000,0.0031,0.0047,,,,,,,
27.5192,10,3,8.6612,36.1803,converged,3879.30,73830.65,2.0331,0.00,0.0000,0.0029,0.0021,,,,,,,
38.0658,9,3,8.6991,46.7641,converged,3879.30,73830.65,2.0331,0.00,0.0000,0.0028,0.0038,,,,,,,
27.9501,10,3,9.8606,37.8106,converged,3879.30,73830.65,2.0331,0.00,0.0000,0.0031,0.0028,,,,,,,
23.5474,10,3,8.9586,32.5057,converged,3879.30,73830.65,2.0331,0.00,0.0000,0.0027,0.0035,,,,,,,
42.6912,8,3,9.7565,52.4476,converged,3879.30,73830.65,2.0331,0.00,0.0000,0.0026,0.0045,,,,,,,
25.5503,10,3,8.7526,34.3026,converged,3879.30,73830.65,2.0331,0.00,0.0000,0.0026,0.0035,,,,,,,
58.7412,5,3,8.7496,67.4906,converged,3879.30,73830.65,2.0331,0.00,0.0000,0.0033,0.0156,,,,,,,
23.5409,10,3,9.6449,33.1850,converged,3879.30,73830.65,2.0331,0.00,0.0000,0.0025,0.0027,,,,,,,
37.2384,9,3,10.4667,47.7048,converged,3879.30,73830.65,2.0331,0.00,0.0000,0.0028,0.0036,,,,,,,
54.4966,6,3,9.7583,64.2543,converged,3879.30,73830.65,2.0331,0.00,0.0000,0.0030,0.0144,,,,,,,
42.9037,8,3,8.8134,51.7165,converged,3879.30,73830.65,2.0331,0.00,0.0000,0.0030,0.0068,,,,,,,
40.6068,8,3,8.8858,49.4918,converged,3879.30,73830.65,2.0331,0.00,0.0000,0.0026,0.0057,,,,,,,
37.8607,9,3,8.9332,46.7932,converged,3879.30,73830.65,2.0331,0.00,0.0000,0.0027,0.0040,,,,,,,
28.8164,10,3,13.1773,41.9934,converged,3879.30,73830.65,2.0331,0.00,0.0000,0.0026,0.0027,,,,,,,
30.7603,10,3,8.7041,39.4641,converged,3879.30,73830.65,2.0331,0.00,0.0000,0.0031,0.0020,,,,,,,
20.6232,10,3,8.6139,29.2370,converged,3879.30,73830.65,2.0331,0.00,0.0000,0.0026,0.0027,,,,,,,
54.6405,6,3,9.2275,63.8675,converged,3879.30,73830.65,2.0331,0.00,0.0000,0.0031,0.0187,,,,,,,
53.6200,6,3,12.8987,66.5178,converged,3879.30,73830.65,2.0331,0.00,0.0000,0.0028,0.0123,,,,,,,
48.3317,7,3,9.2667,57.5977,converged,3879.30,73830.65,2.0331,0.00,0.0000,0.0027,0.0088,,,,,,,
53.7230,6,3,9.1919,62.9140,converged,3879.30,73830.65,2.0331,0.00,0.0000,0.0030,0.0189,,,,,,,
54.8586,6,3,9.0660,63.9240,converged,3879.30,73830.65,2.0331,0.00,0.0000,0.0027,0.0125,,,,,,,
38.0757,9,3,8.7753,46.8503,converged,3879.30,73830.65,2.0331,0.00,0.0000,0.0027,0.0040,,,,,,,
44.9213,8,3,9.2399,54.1609,converged,3879.30,73830.65,2.0331,0.00,0.0000,0.0029,0.0051,,,,,,,
52.5932,6,3,9.3150,61.9080,converged,3879.30,73830.65,2.0331,0.00,0.0000,0.0025,0.0164,,,,,,,
54.2189,6,3,9.2528,63.4709,converged,3879.30,73830.65,2.0331,0.00,0.0000,0.0035,0.0147,,,,,,,
36.3692,9,3,9.6782,46.0472,converged,3879.30,73830.65,2.0331,0.00,0.0000,0.0032,0.0033,,,,,,,
57.9542,6,3,8.9634,66.9175,converged,3879.30,73830.65,2.0331,0.00,0.0000,0.0029,0.0130,,,,,,,
50.2282,7,3,8.8833,59.1113,converged,3879.30,73830.65,2.0331,0.00,0.0000,0.0026,0.0102,,,,,,,
53.6101,6,3,9.5573,63.1673,converged,3879.30,73830.65,2.0331,0.00,0.0000,0.0026,0.0120,,,,,,,
36.8353,9,3,10.2062,47.0413,converged,3879.30,73830.65,2.0331,0.00,0.0000,0.0024,0.0042,,,,,,,
20.6381,10,3,8.9969,29.6349,converged,3879.30,73830.65,2.0331,0.00,0.0000,0.0032,0.0028,,,,,,,
25.9270,10,3,8.9189,34.8449,converged,3879.30,73830.65,2.0331,0.00,0.0000,0.0030,0.0037,,,,,,,
30.2794,10,3,9.0562,39.3353,converged,3879.30,73830.65,2.0331,0.00,0.0000,0.0030,0.0035,,,,,,,
29.1711,10,3,8.8808,38.0518,converged,3879.30,73830.65,2.0331,0.00,0.0000,0.0025,0.0032,,,,,,,
53.6730,6,3,8.7611,62.4332,converged,3879.30,73830.65,2.0331,0.00,0.0000,0.0026,0.0186,,,,,,,
56.4076,6,3,8.5707,64.9778,converged,3879.30,73830.65,2.0331,0.00,0.0000,0.0026,0.0126,,,,,,,
44.7500,8,3,9.4104,54.1604,converged,3879.30,73830.65,2.0331,0.00,0.0000,0.0030,0.0061,,,,,,,
57.0497,6,3,8.9312,65.9802,converged,3879.30,73830.65,2.0331,0.00,0.0000,0.0029,0.0111,,,,,,,
34.4683,9,3,8.8622,43.3302,converged,3879.30,73830.65,2.0331,0.00,0.0000,0.0024,0.0043,,,,,,,
59.5590,5,3,9.1054,68.6634,converged,3879.30,73830.65,2.0331,0.00,0.0000,0.0025,0.0109,,,,,,,
36.3727,9,3,9.3088,45.6808,converged,3879.30,73830.65,2.0331,0.00,0.0000,0.0032,0.0038,,,,,,,
24.4212,10,3,9.1230,33.5441,converged,3879.30,73830.65,2.0331,0.00,0.0000,0.0025,0.0031,,,,,,,
55.5037,6,3,9.4120,64.9150,converged,3879.30,73830.65,2.0331,0.00,0.0000,0.0033,0.0134,,,,,,,
36.4242,9,3,8.9356,45.3597,converged,3879.30,73830.65,2.0331,0.00,0.0000,0.0029,0.0043,,,,,,,
36.0347,9,3,8.9691,45.0031,converged,3879.30,73830.65,2.0331,0.00,0.0000,0.0024,0.0045,,,,,,,
44.5597,8,3,8.8162,53.3752,converged,3879.30,73830.65,2.0331,0.00,0.0000,0.0031,0.0052,,,,,,,
44.4305,8,3,9.5047,53.9347,converged,3879.30,73830.65,2.0331,0.00,0.0000,0.0031,0.0060,,,,,,,
34.4920,9,3,9.4283,43.9203,converged,3879.30,73830.65,2.0331,0.00,0.0000,0.0027,0.0045,,,,,,,
43.2246,8,3,10.2549,53.4789,converged,3879.30,73830.65,2.0331,0.00,0.0000,0.0031,0.0057,,,,,,,
56.5270,6,3,9.1377,65.6637,converged,3879.30,73830.65,2.0331,0.00,0.0000,0.0028,0.0113,,,,,,,
31.0272,10,3,9.2657,40.2928,converged,3879.30,73830.65,2.0331,0.00,0.0000,0.0028,0.0026,,,,,,,
40.7786,8,3,10.4127,51.1907,converged,3879.30,73830.65,2.0331,0.00,0.0000,0.0024,0.0066,,,,,,,
24.5831,10,3,12.2208,36.8038,converged,3879.30,73830.65,2.0331,0.00,0.0000,0.0026,0.0029,,,,,,,
47.9098,7,3,8.7128,56.6219,converged,3879.30,73830.65,2.0331,0.00,0.0000,0.0031,0.0085,,,,,,,
23.8605,10,3,9.0936,32.9536,converged,3879.30,73830.65,2.0331,0.00,0.0000,0.0032,0.0034,,,,,,,
38.7388,9,3,9.0713,47.8093,converged,3879.30,73830.65,2.0331,0.00,0.0000,0.0025,0.0048,,,,,,,
44.3122,8,3,8.8831,53.1951,converged,3879.30,73830.65,2.0331,0.00,0.0000,0.0025,0.0071,,,,,,,
38.4384,9,3,9.0987,47.5367,converged,3879.30,73830.65,2.0331,0.00,0.0000,0.0025,0.0047,,,,,,,
40.1672,8,3,8.8699,49.0369,converged,3879.30,73830.65,2.0331,0.00,0.0000,0.0031,0.0047,,,,,,,
24.7119,10,3,8.5107,33.2217,converged,3879.30,73830.65,2.0331,0.00,0.0000,0.0028,0.0033,,,,,,,
40.5035,8,3,8.8947,49.3978,converged,3879.30,73830.65,2.0331,0.00,0.0000,0.0026,0.0038,,,,,,,
28.3793,10,3,9.0468,37.4259,converged,3879.30,73830.65,2.0331,0.00,0.0000,0.0029,0.0027,,,,,,,
30.8817,10,3,9.0883,39.9693,converged,3879.30,73830.65,2.0331,0.00,0.0000,0.0025,0.0025,,,,,,,
24.8265,10,3,9.1596,33.9856,converged,3879.30,73830.65,2.0331,0.00,0.0000,0.0025,0.0035,,,,,,,
31.6231,10,3,9.8072,41.4302,converged,3879.30,73830.65,2.0331,0.00,0.0000,0.0027,0.0033,,,,,,,
37.4461,9,3,9.2030,46.6490,converged,3879.30,73830.65,2.0331,0.00,0.0000,0.0028,0.0041,,,,,,,
28.6071,10,3,8.6053,37.2123,converged,3879.30,73830.65,2.0331,0.00,0.0000,0.0027,0.0030,,,,,,,
52.7822,6,3,9.0388,61.8209,converged,3879.30,73830.65,2.0331,0.00,0.0000,0.0027,0.0158,,,,,,,
37.0506,9,3,8.7863,45.8363,converged,3879.30,73830.65,2.0331,0.00,0.0000,0.0032,0.0040,,,,,,,
42.0447,8,3,8.9092,50.9533,converged,3879.30,73830.65,2.0331,0.00,0.0000,0.0029,0.0052,,,,,,,
58.8986,5,3,8.9030,67.8010,converged,3879.30,73830.65,2.0331,0.00,0.0000,0.0036,0.0249,,,,,,,
29.2766,10,3,9.1200,38.3961,converged,3879.30,73830.65,2.0331,0.00,0.0000,0.0031,0.0022,,,,,,,
28.9016,10,3,8.8432,37.7442,converged,3879.30,73830.65,2.0331,0.00,0.0000,0.0028,0.0029,,,,,,,
38.1444,9,3,8.8501,46.9941,converged,3879.30,73830.65,2.0331,0.00,0.0000,0.0025,0.0045,,,,,,,
54.9266,6,3,9.3261,64.2522,converged,3879.30,73830.65,2.0331,0.00,0.0000,0.0023,0.0128,,,,,,,
24.1802,10,3,9.1963,33.3763,converged,3879.30,73830.65,2.0331,0.00,0.0000,0.0029,0.0034,,,,,,,
37.5096,9,3,9.5384,47.0474,converged,3879.30,73830.65,2.0331,0.00,0.0000,0.0030,0.0033,,,,,,,
53.2970,6,3,8.8876,62.1846,converged,3879.30,73830.65,2.0331,0.00,0.0000,0.0029,0.0146,,,,,,,
28.8990,10,3,8.8288,37.7268,converged,3879.30,73830.65,2.0331,0.00,0.0000,0.0032,0.0021,,,,,,,
56.0874,6,3,9.0077,65.0947,converged,3879.30,73830.65,2.0331,0.00,0.0000,0.0026,0.0135,,,,,,,
43.6269,8,3,9.6284,53.2545,converged,3879.30,73830.65,2.0331,0.00,0.0000,0.0027,0.0049,,,,,,,
40.7915,8,3,9.0445,49.8355,converged,3879.30,73830.65,2.0331,0.00,0.0000,0.0036,0.0057,,,,,,,
35.8154,9,3,8.5632,44.3783,converged,3879.30,73830.65,2.0331,0.00,0.0000,0.0025,0.0037,,,,,,,
28.9817,10,3,10.2784,39.2595,converged,3879.30,73830.65,2.0331,0.00,0.0000,0.0025,0.0030,,,,,,,
51.4383,7,3,9.1737,60.6118,converged,3879.30,73830.65,2.0331,0.00,0.0000,0.0026,0.0096,,,,,,,
41.3294,8,3,9.0301,50.3591,converged,3879.30,73830.65,2.0331,0.00,0.0000,0.0032,0.0042,,,,,,,
40.8252,8,3,8.8641,49.6892,converged,3879.30,73830.65,2.0331,0.00,0.0000,0.0031,0.0038,,,,,,,
21.1123,10,3,8.8020,29.9140,converged,3879.30,73830.65,2.0331,0.00,0.0000,0.0030,0.0024,,,,,,,
48.5761,7,3,8.8296,57.4056,converged,3879.30,73830.65,2.0331,0.00,0.0000,0.0033,0.0071,,,,,,,
43.1225,8,3,9.0617,52.1837,converged,3879.30,73830.65,2.0331,0.00,0.0000,0.0027,0.0054,,,,,,,
58.3695,5,3,11.8845,70.2535,converged,3879.30,73830.65,2.0331,0.00,0.0000,0.0031,0.0195,,,,,,,
41.4494,8,3,8.9651,50.4141,converged,3879.30,73830.65,2.0331,0.00,0.0000,0.0028,0.0048,,,,,,,
47.0846,7,3,8.8573,55.9413,converged,3879.30,73830.65,2.0331,0.00,0.0000,0.0028,0.0094,,,,,,,
53.5933,6,3,8.9848,62.5779,converged,3879.30,73830.65,2.0331,0.00,0.0000,0.0030,0.0148,,,,,,,
38.0676,9,3,8.9191,46.9862,converged,3879.30,73830.65,2.0331,0.00,0.0000,0.0024,0.0043,,,,,,,
35.6122,9,3,9.8269,45.4390,converged,3879.30,73830.65,2.0331,0.00,0.0000,0.0027,0.0044,,,,,,,
21.1898,10,3,9.6204,30.8094,converged,3879.30,73830.65,2.0331,0.00,0.0000,0.0034,0.0031,,,,,,,
43.0267,8,3,9.2445,52.2705,converged,3879.30,73830.65,2.0331,0.00,0.0000,0.0030,0.0051,,,,,,,
22.0409,10,3,8.6667,30.7067,converged,3879.30,73830.65,2.0331,0.00,0.0000,0.0026,0.0029,,,,,,,
43.1519,8,3,8.9264,52.0775,converged,3879.30,73830.65,2.0331,0.00,0.0000,0.0026,0.0058,,,,,,,
58.8452,5,3,9.3097,68.1547,converged,3879.30,73830.65,2.0331,0.00,0.0000,0.0040,0.0260,,,,,,,
27.9292,10,3,8.9945,36.9235,converged,3879.30,73830.65,2.0331,0.00,0.0000,0.0025,0.0032,,,,,,,
43.7055,8,3,8.9906,52.6957,converged,3879.30,73830.65,2.0331,0.00,0.0000,0.0031,0.0049,,,,,,,
34.4613,9,3,12.9076,47.3687,converged,3879.30,73830.65,2.0331,0.00,0.0000,0.0031,0.0037,,,,,,,
50.6361,7,3,9.2045,59.8405,converged,3879.30,73830.65,2.0331,0.00,0.0000,0.0033,0.0098,,,,,,,
27.7136,10,3,9.2027,36.9157,converged,3879.30,73830.65,2.0331,0.00,0.0000,0.0030,0.0039,,,,,,,
49.9900,7,3,8.9825,58.9716,converged,3879.30,73830.65,2.0331,0.00,0.0000,0.0026,0.0093,,,,,,,
46.2966,7,3,9.1380,55.4340,converged,3879.30,73830.65,2.0331,0.00,0.0000,0.0026,0.0103,,,,,,,
39.6495,9,3,9.1673,48.8163,converged,3879.30,73830.65,2.0331,0.00,0.0000,0.0028,0.0037,,,,,,,
57.5608,6,3,8.9816,66.5417,converged,3879.30,73830.65,2.0331,0.00,0.0000,0.0025,0.0140,,,,,,,
24.1912,10,3,8.9014,33.0924,converged,3879.30,73830.65,2.0331,0.00,0.0000,0.0029,0.0026,,,,,,,
42.3095,8,3,9.0556,51.3646,converged,3879.30,73830.65,2.0331,0.00,0.0000,0.0029,0.0058,,,,,,,
51.6916,7,3,8.9839,60.6749,converged,3879.30,73830.65,2.0331,0.00,0.0000,0.0026,0.0086,,,,,,,
22.0368,10,3,9.0293,31.0654,converged,3879.30,73830.65,2.0331,0.00,0.0000,0.0028,0.0026,,,,,,,
53.2795,6,3,10.8123,64.0913,converged,3879.30,73830.65,2.0331,0.00,0.0000,0.0024,0.0175,,,,,,,
28.2727,10,3,10.4803,38.7523,converged,3879.30,73830.65,2.0331,0.00,0.0000,0.0026,0.0029,,,,,,,
33.6568,10,3,12.5617,46.2177,converged,3879.30,73830.65,2.0331,0.00,0.0000,0.0023,0.0032,,,,,,,
31.2870,10,3,11.6714,42.9574,converged,3879.30,73830.65,2.0331,0.00,0.0000,0.0026,0.0026,,,,,,,
30.3182,10,3,9.0081,39.3261,converged,3879.30,73830.65,2.0331,0.00,0.0000,0.0023,0.0031,,,,,,,
50.3628,7,3,9.4641,59.8262,converged,3879.30,73830.65,2.0331,0.00,0.0000,0.0031,0.0068,,,,,,,
40.5939,8,3,8.8944,49.4874,converged,3879.30,73830.65,2.0331,0.00,0.0000,0.0031,0.0046,,,,,,,
25.4741,10,3,9.0395,34.5136,converged,3879.30,73830.65,2.0331,0.00,0.0000,0.0024,0.0032,,,,,,,
43.1478,8,3,12.1589,55.3060,converged,3879.30,73830.65,2.0331,0.00,0.0000,0.0023,0.0063,,,,,,,
43.9634,8,3,9.5064,53.4695,converged,3879.30,73830.65,2.0331,0.00,0.0000,0.0032,0.0043,,,,,,,
27.3849,10,3,9.0094,36.3934,converged,3879.30,73830.65,2.0331,0.00,0.0000,0.0026,0.0031,,,,,,,
22.5771,10,3,9.1982,31.7752,converged,3879.30,73830.65,2.0331,0.00,0.0000,0.0026,0.0029,,,,,,,
27.5375,10,3,10.2428,37.7798,converged,3879.30,73830.65,2.0331,0.00,0.0000,0.0029,0.0030,,,,,,,
58.5912,5,3,9.2575,67.8485,converged,3879.30,73830.65,2.0331,0.00,0.0000,0.0037,0.0199,,,,,,,
33.4865,10,3,9.2699,42.7559,converged,3879.30,73830.65,2.0331,0.00,0.0000,0.0034,0.0024,,,,,,,
37.7997,9,3,9.4793,47.2783,converged,3879.30,73830.65,2.0331,0.00,0.0000,0.0032,0.0033,,,,,,,
49.6539,7,3,8.7480,58.4010,converged,3879.30,73830.65,2.0331,0.00,0.0000,0.0031,0.0080,,,,,,,
58.6985,5,3,9.9334,68.6314,converged,3879.30,73830.65,2.0331,0.00,0.0000,0.0043,0.0239,,,,,,,
50.5659,7,3,11.7655,62.3305,converged,3879.30,73830.65,2.0331,0.00,0.0000,0.0026,0.0090,,,,,,,
43.9953,8,3,9.9881,53.9831,converged,3879.30,73830.65,2.0331,0.00,0.0000,0.0036,0.0029,,,,,,,
22.3011,10,3,8.7955,31.0965,converged,3879.30,73830.65,2.0331,0.00,0.0000,0.0029,0.0035,,,,,,,
46.8563,7,3,13.8212,60.6773,converged,3879.30,73830.65,2.0331,0.00,0.0000,0.0028,0.0083,,,,,,,
44.1904,8,3,9.1989,53.3890,converged,3879.30,73830.65,2.0331,0.00,0.0000,0.0031,0.0057,,,,,,,
31.4684,10,3,9.6531,41.1211,converged,3879.30,73830.65,2.0331,0.00,0.0000,0.0027,0.0030,,,,,,,
49.9849,7,3,9.6505,59.6346,converged,3879.30,73830.65,2.0331,0.00,0.0000,0.0027,0.0087,,,,,,,
59.3581,5,3,8.9293,68.2873,converged,3879.30,73830.65,2.0331,0.00,0.0000,0.0034,0.0205,,,,,,,
27.3116,10,3,10.8509,38.1619,converged,3879.30,73830.65,2.0331,0.00,0.0000,0.0032,0.0023,,,,,,,
52.6734,6,3,8.9290,61.6021,converged,3879.30,73830.65,2.0331,0.00,0.0000,0.0026,0.0147,,,,,,,
21.4797,10,3,9.5772,31.0562,converged,3879.30,73830.65,2.0331,0.00,0.0000,0.0024,0.0035,,,,,,,
38.8982,9,3,9.5866,48.4847,converged,3879.30,73830.65,2.0331,0.00,0.0000,0.0027,0.0035,,,,,,,
58.3027,5,3,8.9911,67.2932,converged,3879.30,73830.65,2.0331,0.00,0.0000,0.0041,0.0221,,,,,,,
51.4948,7,3,8.9538,60.4479,converged,3879.30,73830.65,2.0331,0.00,0.0000,0.0025,0.0103,,,,,,,
25.9089,10,3,8.9637,34.8717,converged,3879.30,73830.65,2.0331,0.00,0.0000,0.0027,0.0033,,,,,,,
48.1699,7,3,8.9493,57.1184,converged,3879.30,73830.65,2.0331,0.00,0.0000,0.0030,0.0087,,,,,,,
42.9861,8,3,8.9039,51.8899,converged,3879.30,73830.65,2.0331,0.00,0.0000,0.0031,0.0043,,,,,,,
51.8008,7,3,9.4790,61.2791,converged,3879.30,73830.65,2.0331,0.00,0.0000,0.0029,0.0079,,,,,,,
34.0735,9,3,9.1891,43.2621,converged,3879.30,73830.65,2.0331,0.00,0.0000,0.0030,0.0042,,,,,,,
57.0525,6,3,9.0599,66.1119,converged,3879.30,73830.65,2.0331,0.00,0.0000,0.0032,0.0162,,,,,,,
36.2271,9,3,9.1886,45.4157,converged,3879.30,73830.65,2.0331,0.00,0.0000,0.0031,0.0038,,,,,,,
37.6039,9,3,8.6899,46.2930,converged,3879.30,73830.65,2.0331,0.00,0.0000,0.0026,0.0041,,,,,,,
58.2705,5,3,8.6586,66.9287,converged,3879.30,73830.65,2.0331,0.00,0.0000,0.0034,0.0260,,,,,,,
44.1208,8,3,8.8975,53.0175,converged,3879.30,73830.65,2.0331,0.00,0.0000,0.0033,0.0058,,,,,,,
21.8944,10,3,8.6622,30.5563,converged,3879.30,73830.65,2.0331,0.00,0.0000,0.0025,0.0030,,,,,,,
25.5492,10,3,8.5880,34.1370,converged,3879.30,73830.65,2.0331,0.00,0.0000,0.0030,0.0024,,,,,,,
24.8710,10,3,13.7847,38.6557,converged,3879.30,73830.65,2.0331,0.00,0.0000,0.0029,0.0025,,,,,,,
50.4104,7,3,9.1941,59.6041,converged,3879.30,73830.65,2.0331,0.00,0.0000,0.0033,0.0077,,,,,,,
23.9830,10,3,8.7731,32.7551,converged,3879.30,73830.65,2.0331,0.00,0.0000,0.0024,0.0030,,,,,,,
32.9622,10,3,8.8067,41.7687,converged,3879.30,73830.65,2.0331,0.00,0.0000,0.0026,0.0028,,,,,,,
44.7954,8,3,9.0386,53.8336,converged,3879.30,73830.65,2.0331,0.00,0.0000,0.0031,0.0036,,,,,,,
52.9527,6,3,9.2405,62.1925,converged,3879.30,73830.65,2.0331,0.00,0.0000,0.0024,0.0129,,,,,,,
29.8469,10,3,9.3205,39.1665,converged,3879.30,73830.65,2.0331,0.00,0.0000,0.0028,0.0023,,,,,,,
41.1669,8,3,8.6795,49.8455,converged,3879.30,73830.65,2.0331,0.00,0.0000,0.0029,0.0048,,,,,,,
42.2299,8,3,9.1694,51.3984,converged,3879.30,73830.65,2.0331,0.00,0.0000,0.0025,0.0066,,,,,,,
52.4251,6,3,8.9784,61.4034,converged,3879.30,73830.65,2.0331,0.00,0.0000,0.0028,0.0149,,,,,,,
44.7428,8,3,10.4033,55.1453,converged,3879.30,73830.65,2.0331,0.00,0.0000,0.0025,0.0062,,,,,,,
29.9824,10,3,8.9874,38.9695,converged,3879.30,73830.65,2.0331,0.00,0.0000,0.0031,0.0025,,,,,,,
37.4858,9,3,8.6359,46.1209,converged,3879.30,73830.65,2.0331,0.00,0.0000,0.0028,0.0038,,,,,,,
53.5354,6,3,8.5829,62.1180,converged,3879.30,73830.65,2.0331,0.00,0.0000,0.0024,0.0111,,,,,,,
39.7686,9,3,9.1626,48.9307,converged,3879.30,73830.65,2.0331,0.00,0.0000,0.0038,0.0026,,,,,,,
39.1660,9,3,9.2075,48.3735,converged,3879.30,73830.65,2.0331,0.00,0.0000,0.0030,0.0030,,,,,,,
37.8688,9,3,9.6148,47.4828,converged,3879.30,73830.65,2.0331,0.00,0.0000,0.0029,0.0041,,,,,,,
47.1797,7,3,15.1840,62.3631,converged,3879.30,73830.65,2.0331,0.00,0.0000,0.0027,0.0092,,,,,,,
31.8164,10,3,9.4322,41.2482,converged,3879.30,73830.65,2.0331,0.00,0.0000,0.0029,0.0032,,,,,,,
39.4927,9,3,9.7864,49.2784,converged,3879.30,73830.65,2.0331,0.00,0.0000,0.0037,0.0024,,,,,,,
31.5635,10,3,9.2257,40.7887,converged,3879.30,73830.65,2.0331,0.00,0.0000,0.0024,0.0033,,,,,,,
54.6706,6,3,9.6764,64.3464,converged,3879.30,73830.65,2.0331,0.00,0.0000,0.0026,0.0100,,,,,,,
39.0295,9,3,9.2784,48.3075,converged,3879.30,73830.65,2.0331,0.00,0.0000,0.0029,0.0034,,,,,,,
48.1214,7,3,8.8676,56.9886,converged,3879.30,73830.65,2.0331,0.00,0.0000,0.0035,0.0079,,,,,,,
26.2400,10,3,8.7359,34.9749,converged,3879.30,73830.65,2.0331,0.00,0.0000,0.0029,0.0031,,,,,,,
24.8348,10,3,9.1035,33.9376,converged,3879.30,73830.65,2.0331,0.00,0.0000,0.0026,0.0025,,,,,,,
37.0464,9,3,9.4606,46.5066,converged,3879.30,73830.65,2.0331,0.00,0.0000,0.0027,0.0038,,,,,,,
53.8733,6,3,9.0647,62.9378,converged,3879.30,73830.65,2.0331,0.00,0.0000,0.0029,0.0165,,,,,,,
44.7458,8,3,8.6589,53.4039,converged,3879.30,73830.65,2.0331,0.00,0.0000,0.0029,0.0065,,,,,,,
50.8216,7,3,13.1498,63.9708,converged,3879.30,73830.65,2.0331,0.00,0.0000,0.0032,0.0077,,,,,,,
48.1826,7,3,8.8899,57.0720,converged,3879.30,73830.65,2.0331,0.00,0.0000,0.0028,0.0094,,,,,,,
34.1560,9,3,9.1255,43.2805,converged,3879.30,73830.65,2.0331,0.00,0.0000,0.0030,0.0031,,,,,,,
56.0355,6,3,9.2373,65.2723,converged,3879.30,73830.65,2.0331,0.00,0.0000,0.0025,0.0104,,,,,,,
26.6236,10,3,8.7264,35.3494,converged,3879.30,73830.65,2.0331,0.00,0.0000,0.0028,0.0028,,,,,,,
38.4106,9,3,9.1431,47.5531,converged,3879.30,73830.65,2.0331,0.00,0.0000,0.0028,0.0040,,,,,,,
39.8329,9,3,13.3273,53.1593,converged,3879.30,73830.65,2.0331,0.00,0.0000,0.0026,0.0041,,,,,,,
52.2313,6,3,9.0740,61.3051,converged,3879.30,73830.65,2.0331,0.00,0.0000,0.0032,0.0130,,,,,,,
57.8779,6,3,9.1800,67.0570,converged,3879.30,73830.65,2.0331,0.00,0.0000,0.0028,0.0195,,,,,,,
38.8389,9,3,9.4316,48.2696,converged,3879.30,73830.65,2.0331,0.00,0.0000,0.0025,0.0040,,,,,,,
21.0434,10,3,8.7009,29.7439,converged,3879.30,73830.65,2.0331,0.00,0.0000,0.0028,0.0025,,,,,,,
53.1290,6,3,8.9884,62.1174,converged,3879.30,73830.65,2.0331,0.00,0.0000,0.0028,0.0137,,,,,,,
35.9014,9,3,10.0132,45.9143,converged,3879.30,73830.65,2.0331,0.00,0.0000,0.0028,0.0041,,,,,,,
55.2607,6,3,10.0956,65.3556,converged,3879.30,73830.65,2.0331,0.00,0.0000,0.0029,0.0158,,,,,,,
43.5657,8,3,14.2846,57.8497,converged,3879.30,73830.65,2.0331,0.00,0.0000,0.0025,0.0057,,,,,,,
33.1579,10,3,9.2533,42.4104,converged,3879.30,73830.65,2.0331,0.00,0.0000,0.0027,0.0027,,,,,,,
20.2724,10,3,10.7853,31.0574,converged,3879.30,73830.65,2.0331,0.00,0.0000,0.0022,0.0037,,,,,,,
59.4200,5,3,8.7524,68.1724,converged,3879.30,73830.65,2.0331,0.00,0.0000,0.0037,0.0277,,,,,,,
32.8249,10,3,8.8224,41.6464,converged,3879.30,73830.65,2.0331,0.00,0.0000,0.0026,0.0039,,,,,,,
54.6124,6,3,9.1436,63.7556,converged,3879.30,73830.65,2.0331,0.00,0.0000,0.0027,0.0128,,,,,,,
49.0883,7,3,9.0197,58.1078,converged,3879.30,73830.65,2.0331,0.00,0.0000,0.0030,0.0088,,,,,,,
36.8778,9,3,9.2298,46.1068,converged,3879.30,73830.65,2.0331,0.00,0.0000,0.0025,0.0040,,,,,,,
28.8168,10,3,9.0541,37.8701,converged,3879.30,73830.65,2.0331,0.00,0.0000,0.0027,0.0034,,,,,,,
44.4241,8,3,8.5989,53.0230,converged,3879.30,73830.65,2.0331,0.00,0.0000,0.0028,0.0049,,,,,,,
39.5278,9,3,9.2748,48.8018,converged,3879.30,73830.65,2.0331,0.00,0.0000,0.0029,0.0040,,,,,,,
37.4567,9,3,9.4082,46.8643,converged,3879.30,73830.65,2.0331,0.00,0.0000,0.0026,0.0045,,,,,,,
48.4347,7,3,8.9557,57.3897,converged,3879.30,73830.65,2.0331,0.00,0.0000,0.0023,0.0092,,,,,,,
59.6568,5,3,8.5446,68.2006,converged,3879.30,73830.65,2.0331,0.00,0.0000,0.0041,0.0329,,,,,,,
22.2084,10,3,9.5433,31.7513,converged,3879.30,73830.65,2.0331,0.00,0.0000,0.0033,0.0028,,,,,,,
26.7128,10,3,10.0159,36.7279,converged,3879.30,73830.65,2.0331,0.00,0.0000,0.0033,0.0020,,,,,,,
57.1754,6,3,9.2918,66.4669,converged,3879.30,73830.65,2.0331,0.00,0.0000,0.0028,0.0133,,,,,,,
58.0153,5,3,10.2019,68.2170,converged,3879.30,73830.65,2.0331,0.00,0.0000,0.0032,0.0207,,,,,,,
54.9199,6,3,9.4183,64.3374,converged,3879.30,73830.65,2.0331,0.00,0.0000,0.0026,0.0121,,,,,,,
20.3883,10,3,8.7510,29.1391,converged,3879.30,73830.65,2.0331,0.00,0.0000,0.0027,0.0035,,,,,,,
49.4771,7,3,9.3095,58.7865,converged,3879.30,73830.65,2.0331,0.00,0.0000,0.0028,0.0099,,,,,,,
59.8642,5,3,9.9446,69.8086,converged,3879.30,73830.65,2.0331,0.00,0.0000,0.0042,0.0252,,,,,,,
37.7395,9,3,8.7844,46.5235,converged,3879.30,73830.65,2.0331,0.00,0.0000,0.0026,0.0041,,,,,,,
59.1228,5,3,8.5852,67.7072,converged,3879.30,73830.65,2.0331,0.00,0.0000,0.0038,0.0347,,,,,,,
55.2351,6,3,9.2296,64.4646,converged,3879.30,73830.65,2.0331,0.00,0.0000,0.0028,0.0147,,,,,,,
53.9096,6,3,9.5472,63.4563,converged,3879.30,73830.65,2.0331,0.00,0.0000,0.0027,0.0147,,,,,,,
52.3715,6,3,9.7732,62.1442,converged,3879.30,73830.65,2.0331,0.00,0.0000,0.0025,0.0130,,,,,,,
46.7771,7,3,9.2711,56.0481,converged,3879.30,73830.65,2.0331,0.00,0.0000,0.0029,0.0083,,,,,,,
58.4680,5,3,14.7312,73.1982,converged,3879.30,73830.65,2.0331,0.00,0.0000,0.0040,0.0164,,,,,,,
58.3361,5,3,9.2182,67.5542,converged,3879.30,73830.65,2.0331,0.00,0.0000,0.0044,0.0302,,,,,,,
31.6982,10,3,9.4802,41.1782,converged,3879.30,73830.65,2.0331,0.00,0.0000,0.0028,0.0031,,,,,,,
39.4656,9,3,8.9233,48.3884,converged,3879.30,73830.65,2.0331,0.00,0.0000,0.0026,0.0041,,,,,,,
57.9512,6,3,8.8207,66.7717,converged,3879.30,73830.65,2.0331,0.00,0.0000,0.0037,0.0144,,,,,,,
21.9226,10,3,8.9431,30.8651,converged,3879.30,73830.65,2.0331,0.00,0.0000,0.0030,0.0024,,,,,,,
53.6954,6,3,10.3220,64.0171,converged,3879.30,73830.65,2.0331,0.00,0.0000,0.0029,0.0153,,,,,,,
57.6097,6,3,13.0985,70.7075,converged,3879.30,73830.65,2.0331,0.00,0.0000,0.0027,0.0134,,,,,,,
26.0165,10,3,9.2897,35.3057,converged,3879.30,73830.65,2.0331,0.00,0.0000,0.0026,0.0030,,,,,,,
40.9163,8,3,9.2365,50.1525,converged,3879.30,73830.65,2.0331,0.00,0.0000,0.0025,0.0059,,,,,,,
34.5148,9,3,9.0087,43.5228,converged,3879.30,73830.65,2.0331,0.00,0.0000,0.0029,0.0037,,,,,,,
40.4532,8,3,9.3701,49.8232,converged,3879.30,73830.65,2.0331,0.00,0.0000,0.0026,0.0058,,,,,,,
49.2895,7,3,8.8315,58.1205,converged,3879.30,73830.65,2.0331,0.00,0.0000,0.0032,0.0092,,,,,,,
59.7417,5,3,8.5307,68.2717,converged,3879.30,73830.65,2.0331,0.00,0.0000,0.0036,0.0208,,,,,,,
46.6850,7,3,9.2541,55.9382,converged,3879.30,73830.65,2.0331,0.00,0.0000,0.0030,0.0088,,,,,,,
52.1799,6,3,8.8622,61.0412,converged,3879.30,73830.65,2.0331,0.00,0.0000,0.0029,0.0121,,,,,,,
23.4862,10,3,8.5139,32.0000,converged,3879.30,73830.65,2.0331,0.00,0.0000,0.0029,0.0031,,,,,,,
55.8272,6,3,9.3150,65.1421,converged,3879.30,73830.65,2.0331,0.00,0.0000,0.0029,0.0117,,,,,,,
43.0898,8,3,9.1043,52.1933,converged,3879.30,73830.65,2.0331,0.00,0.0000,0.0027,0.0059,,,,,,,
22.6572,10,3,9.7709,32.4279,converged,3879.30,73830.65,2.0331,0.00,0.0000,0.0028,0.0033,,,,,,,
34.6918,9,3,8.8940,43.5850,converged,3879.30,73830.65,2.0331,0.00,0.0000,0.0031,0.0039,,,,,,,
36.1614,9,3,9.7598,45.9208,converged,3879.30,73830.65,2.0331,0.00,0.0000,0.0028,0.0031,,,,,,,
20.7059,10,3,9.1249,29.8299,converged,3879.30,73830.65,2.0331,0.00,0.0000,0.0023,0.0033,,,,,,,
20.3138,10,3,8.6250,28.9380,converged,3879.30,73830.65,2.0331,0.00,0.0000,0.0029,0.0029,,,,,,,
39.5018,9,3,9.2975,48.7985,converged,3879.30,73830.65,2.0331,0.00,0.0000,0.0027,0.0039,,,,,,,
49.1292,7,3,8.7743,57.9034,converged,3879.30,73830.65,2.0331,0.00,0.0000,0.0024,0.0086,,,,,,,
32.4185,10,3,8.9750,41.3930,converged,3879.30,73830.65,2.0331,0.00,0.0000,0.0029,0.0035,,,,,,,
58.6434,5,3,9.2724,67.9154,converged,3879.30,73830.65,2.0331,0.00,0.0000,0.0037,0.0243,,,,,,,
57.9662,6,3,13.6074,71.5735,converged,3879.30,73830.65,2.0331,0.00,0.0000,0.0026,0.0165,,,,,,,
37.9928,9,3,8.6888,46.6809,converged,3879.30,73830.65,2.0331,0.00,0.0000,0.0030,0.0026,,,,,,,
46.2288,7,3,9.4041,55.6321,converged,3879.30,73830.65,2.0331,0.00,0.0000,0.0034,0.0064,,,,,,,
24.9227,10,3,8.8051,33.7271,converged,3879.30,73830.65,2.0331,0.00,0.0000,0.0029,0.0037,,,,,,,
38.3689,9,3,12.4980,50.8660,converged,3879.30,73830.65,2.0331,0.00,0.0000,0.0029,0.0048,,,,,,,
42.4780,8,3,9.4328,51.9109,converged,3879.30,73830.65,2.0331,0.00,0.0000,0.0037,0.0032,,,,,,,
48.2466,7,3,8.9663,57.2123,converged,3879.30,73830.65,2.0331,0.00,0.0000,0.0030,0.0098,,,,,,,
26.5455,10,3,9.6835,36.2286,converged,3879.30,73830.65,2.0331,0.00,0.0000,0.0030,0.0031,,,,,,,
54.6719,6,3,11.8616,66.5327,converged,3879.30,73830.65,2.0331,0.00,0.0000,0.0028,0.0125,,,,,,,
51.3049,7,3,8.9779,60.2820,converged,3879.30,73830.65,2.0331,0.00,0.0000,0.0027,0.0078,,,,,,,
42.1578,8,3,10.4218,52.5788,converged,3879.30,73830.65,2.0331,0.00,0.0000,0.0025,0.0061,,,,,,,
37.5639,9,3,9.1591,46.7221,converged,3879.30,73830.65,2.0331,0.00,0.0000,0.0030,0.0038,,,,,,,
55.7332,6,3,12.4831,68.2161,converged,3879.30,73830.65,2.0331,0.00,0.0000,0.0028,0.0137,,,,,,,
40.6073,8,3,9.2256,49.8327,converged,3879.30,73830.65,2.0331,0.00,0.0000,0.0028,0.0035,,,,,,,
25.8811,10,3,9.7457,35.6267,converged,3879.30,73830.65,2.0331,0.00,0.0000,0.0026,0.0031,,,,,,,
38.2382,9,3,8.9294,47.1675,converged,3879.30,73830.65,2.0331,0.00,0.0000,0.0027,0.0038,,,,,,,
40.2904,8,3,8.9941,49.2842,converged,3879.30,73830.65,2.0331,0.00,0.0000,0.0028,0.0053,,,,,,,
27.1765,10,3,9.0589,36.2350,converged,3879.30,73830.65,2.0331,0.00,0.0000,0.0028,0.0038,,,,,,,
50.7077,7,3,9.2386,59.9456,converged,3879.30,73830.65,2.0331,0.00,0.0000,0.0040,0.0039,,,,,,,
46.0124,7,3,8.5322,54.5442,converged,3879.30,73830.65,2.0331,0.00,0.0000,0.0028,0.0086,,,,,,,
37.2401,9,3,8.7809,46.0210,converged,3879.30,73830.65,2.0331,0.00,0.0000,0.0030,0.0036,,,,,,,
40.3670,8,3,9.5034,49.8704,converged,3879.30,73830.65,2.0331,0.00,0.0000,0.0025,0.0047,,,,,,,
59.6920,5,3,9.2219,68.9139,converged,3879.30,73830.65,2.0331,0.00,0.0000,0.0041,0.0208,,,,,,,
48.9574,7,3,9.2817,58.2387,converged,3879.30,73830.65,2.0331,0.00,0.0000,0.0026,0.0067,,,,,,,
27.0153,10,3,8.9185,35.9336,converged,3879.30,73830.65,2.0331,0.00,0.0000,0.0029,0.0032,,,,,,,
40.2780,8,3,9.1746,49.4517,converged,3879.30,73830.65,2.0331,0.00,0.0000,0.0033,0.0034,,,,,,,
24.8370,10,3,9.0569,33.8940,converged,3879.30,73830.65,2.0331,0.00,0.0000,0.0023,0.0033,,,,,,,
26.6811,10,3,9.9056,36.5866,converged,3879.30,73830.65,2.0331,0.00,0.0000,0.0030,0.0036,,,,,,,
50.4872,7,3,9.3784,59.8654,converged,3879.30,73830.65,2.0331,0.00,0.0000,0.0025,0.0094,,,,,,,
33.1824,10,3,9.2266,42.4086,converged,3879.30,73830.65,2.0331,0.00,0.0000,0.0026,0.0029,,,,,,,
51.6552,7,3,8.9089,60.5639,converged,3879.30,73830.65,2.0331,0.00,0.0000,0.0025,0.0107,,,,,,,
23.4503,10,3,9.2452,32.6952,converged,3879.30,73830.65,2.0331,0.00,0.0000,0.0028,0.0028,,,,,,,
24.2148,10,3,9.2051,33.4191,converged,3879.30,73830.65,2.0331,0.00,0.0000,0.0029,0.0025,,,,,,,
25.9774,10,3,9.8114,35.7884,converged,3879.30,73830.65,2.0331,0.00,0.0000,0.0028,0.0027,,,,,,,
42.4182,8,3,13.0240,55.4421,converged,3879.30,73830.65,2.0331,0.00,0.0000,0.0033,0.0037,,,,,,,
46.0135,7,3,8.9539,54.9669,converged,3879.30,73830.65,2.0331,0.00,0.0000,0.0028,0.0086,,,,,,,
29.0877,10,3,8.9157,38.0027,converged,3879.30,73830.65,2.0331,0.00,0.0000,0.0026,0.0029,,,,,,,
26.3045,10,3,9.4513,35.7553,converged,3879.30,73830.65,2.0331,0.00,0.0000,0.0029,0.0031,,,,,,,
37.8760,9,3,8.9067,46.7827,converged,3879.30,73830.65,2.0331,0.00,0.0000,0.0034,0.0035,,,,,,,
48.0164,7,3,9.9141,57.9302,converged,3879.30,73830.65,2.0331,0.00,0.0000,0.0032,0.0059,,,,,,,
21.3331,10,3,8.8988,30.2319,converged,3879.30,73830.65,2.0331,0.00,0.0000,0.0026,0.0030,,,,,,,
47.2820,7,3,9.6051,56.8871,converged,3879.30,73830.65,2.0331,0.00,0.0000,0.0037,0.0077,,,,,,,
48.8619,7,3,10.5726,59.4336,converged,3879.30,73830.65,2.0331,0.00,0.0000,0.0032,0.0068,,,,,,,
51.8657,7,3,8.9115,60.7765,converged,3879.30,73830.65,2.0331,0.00,0.0000,0.0028,0.0091,,,,,,,
47.8863,7,3,11.1265,59.0126,converged,3879.30,73830.65,2.0331,0.00,0.0000,0.0028,0.0076,,,,,,,
40.3111,8,3,8.9090,49.2200,converged,3879.30,73830.65,2.0331,0.00,0.0000,0.0034,0.0045,,,,,,,
56.5098,6,3,9.6050,66.1140,converged,3879.30,73830.65,2.0331,0.00,0.0000,0.0027,0.0135,,,,,,,
28.7087,10,3,9.3654,38.0735,converged,3879.30,73830.65,2.0331,0.00,0.0000,0.0027,0.0035,,,,,,,
53.5360,6,3,9.8158,63.3508,converged,3879.30,73830.65,2.0331,0.00,0.0000,0.0027,0.0121,,,,,,,
29.5452,10,3,9.2445,38.7896,converged,3879.30,73830.65,2.0331,0.00,0.0000,0.0027,0.0027,,,,,,,
30.7850,10,3,10.0720,40.8561,converged,3879.30,73830.65,2.0331,0.00,0.0000,0.0024,0.0029,,,,,,,
27.1321,10,3,10.3050,37.4371,converged,3879.30,73830.65,2.0331,0.00,0.0000,0.0028,0.0025,,,,,,,
54.7301,6,3,9.1586,63.8886,converged,3879.30,73830.65,2.0331,0.00,0.0000,0.0030,0.0166,,,,,,,
35.6398,9,3,9.1140,44.7531,converged,3879.30,73830.65,2.0331,0.00,0.0000,0.0029,0.0036,,,,,,,
57.5715,6,3,8.9899,66.5609,converged,3879.30,73830.65,2.0331,0.00,0.0000,0.0033,0.0116,,,,,,,
36.2382,9,3,9.3846,45.6226,converged,3879.30,73830.65,2.0331,0.00,0.0000,0.0026,0.0044,,,,,,,
57.5679,6,3,9.4091,66.9762,converged,3879.30,73830.65,2.0331,0.00,0.0000,0.0028,0.0129,,,,,,,
57.9075,6,3,9.0769,66.9840,converged,3879.30,73830.65,2.0331,0.00,0.0000,0.0031,0.0131,,,,,,,
20.7899,10,3,9.0535,29.8425,converged,3879.30,73830.65,2.0331,0.00,0.0000,0.0026,0.0032,,,,,,,
46.4774,7,3,8.8815,55.3585,converged,3879.30,73830.65,2.0331,0.00,0.0000,0.0023,0.0101,,,,,,,
37.3627,9,3,9.0921,46.4541,converged,3879.30,73830.65,2.0331,0.00,0.0000,0.0027,0.0046,,,,,,,
46.9256,7,3,9.3199,56.2449,converged,3879.30,73830.65,2.0331,0.00,0.0000,0.0043,0.0037,,,,,,,
26.2314,10,3,9.1315,35.3626,converged,3879.30,73830.65,2.0331,0.00,0.0000,0.0025,0.0024,,,,,,,
44.8313,8,3,9.3449,54.1759,converged,3879.30,73830.65,2.0331,0.00,0.0000,0.0025,0.0049,,,,,,,
32.0393,10,3,9.5062,41.5452,converged,3879.30,73830.65,2.0331,0.00,0.0000,0.0027,0.0020,,,,,,,
35.6374,9,3,11.6852,47.3222,converged,3879.30,73830.65,2.0331,0.00,0.0000,0.0023,0.0042,,,,,,,
55.4116,6,3,9.0222,64.4332,converged,3879.30,73830.65,2.0331,0.00,0.0000,0.0033,0.0168,,,,,,,
46.3078,7,3,10.4561,56.7631,converged,3879.30,73830.65,2.0331,0.00,0.0000,0.0034,0.0073,,,,,,,
43.1354,8,3,9.3860,52.5210,converged,3879.30,73830.65,2.0331,0.00,0.0000,0.0035,0.0046,,,,,,,
58.3461,5,3,8.8607,67.2068,converged,3879.30,73830.65,2.0331,0.00,0.0000,0.0024,0.0189,,,,,,,
41.2164,8,3,8.6038,49.8198,converged,3879.30,73830.65,2.0331,0.00,0.0000,0.0026,0.0054,,,,,,,
22.9209,10,3,9.4126,32.3326,converged,3879.30,73830.65,2.0331,0.00,0.0000,0.0037,0.0027,,,,,,,
51.7701,7,3,8.5337,60.3038,converged,3879.30,73830.65,2.0331,0.00,0.0000,0.0024,0.0104,,,,,,,
31.9659,10,3,8.6623,40.6273,converged,3879.30,73830.65,2.0331,0.00,0.0000,0.0030,0.0031,,,,,,,
40.7311,8,3,8.9460,49.6771,converged,3879.30,73830.65,2.0331,0.00,0.0000,0.0027,0.0061,,,,,,,
50.3899,7,3,9.1071,59.4961,converged,3879.30,73830.65,2.0331,0.00,0.0000,0.0043,0.0068,,,,,,,
23.0655,10,3,8.5697,31.6347,converged,3879.30,73830.65,2.0331,0.00,0.0000,0.0026,0.0035,,,,,,,
23.7898,10,3,9.1604,32.9494,converged,3879.30,73830.65,2.0331,0.00,0.0000,0.0027,0.0026,,,,,,,
46.1307,7,3,8.7848,54.9148,converged,3879.30,73830.65,2.0331,0.00,0.0000,0.0028,0.0095,,,,,,,
37.1755,9,3,8.4970,45.6720,converged,3879.30,73830.65,2.0331,0.00,0.0000,0.0033,0.0038,,,,,,,
31.6920,10,3,8.5276,40.2196,converged,3879.30,73830.65,2.0331,0.00,0.0000,0.0025,0.0033,,,,,,,
30.5383,10,3,9.7399,40.2779,converged,3879.30,73830.65,2.0331,0.00,0.0000,0.0028,0.0031,,,,,,,
45.2225,8,3,8.5773,53.7993,converged,3879.30,73830.65,2.0331,0.00,0.0000,0.0031,0.0061,,,,,,,
31.3603,10,3,8.9878,40.3479,converged,3879.30,73830.65,2.0331,0.00,0.0000,0.0026,0.0032,,,,,,,
57.0365,6,3,9.5300,66.5660,converged,3879.30,73830.65,2.0331,0.00,0.0000,0.0029,0.0166,,,,,,,
29.5498,10,3,8.6175,38.1665,converged,3879.30,73830.65,2.0331,0.00,0.0000,0.0025,0.0032,,,,,,,
56.9797,6,3,9.1891,66.1682,converged,3879.30,73830.65,2.0331,0.00,0.0000,0.0030,0.0114,,,,,,,
56.9761,6,3,8.9404,65.9164,converged,3879.30,73830.65,2.0331,0.00,0.0000,0.0033,0.0181,,,,,,,
20.7621,10,3,8.9372,29.6992,converged,3879.30,73830.65,2.0331,0.00,0.0000,0.0033,0.0032,,,,,,,
41.7741,8,3,8.9608,50.7349,converged,3879.30,73830.65,2.0331,0.00,0.0000,0.0030,0.0046,,,,,,,
50.1575,7,3,10.0715,60.2285,converged,3879.30,73830.65,2.0331,0.00,0.0000,0.0026,0.0090,,,,,,,
46.5080,7,3,9.4696,55.9767,converged,3879.30,73830.65,2.0331,0.00,0.0000,0.0028,0.0084,,,,,,,
33.1941,10,3,9.1882,42.3823,converged,3879.30,73830.65,2.0331,0.00,0.0000,0.0030,0.0033,,,,,,,
33.1422,10,3,9.2109,42.3529,converged,3879.30,73830.65,2.0331,0.00,0.0000,0.0025,0.0027,,,,,,,
53.4421,6,3,8.7792,62.2213,converged,3879.30,73830.65,2.0331,0.00,0.0000,0.0027,0.0177,,,,,,,
53.2559,6,3,9.5276,62.7826,converged,3879.30,73830.65,2.0331,0.00,0.0000,0.0026,0.0118,,,,,,,
32.0184,10,3,10.7209,42.7389,converged,3879.30,73830.65,2.0331,0.00,0.0000,0.0032,0.0034,,,,,,,
30.6493,10,3,9.1696,39.8186,converged,3879.30,73830.65,2.0331,0.00,0.0000,0.0029,0.0038,,,,,,,
38.1386,9,3,9.5450,47.6831,converged,3879.30,73830.65,2.0331,0.00,0.0000,0.0028,0.0033,,,,,,,
46.9379,7,3,8.9683,55.9054,converged,3879.30,73830.65,2.0331,0.00,0.0000,0.0038,0.0076,,,,,,,
48.5961,7,3,14.3219,62.9179,converged,3879.30,73830.65,2.0331,0.00,0.0000,0.0029,0.0097,,,,,,,
21.0480,10,3,8.9264,29.9744,converged,3879.30,73830.65,2.0331,0.00,0.0000,0.0033,0.0025,,,,,,,
25.3033,10,3,8.6341,33.9371,converged,3879.30,73830.65,2.0331,0.00,0.0000,0.0026,0.0034,,,,,,,
33.6557,10,3,9.1782,42.8332,converged,3879.30,73830.65,2.0331,0.00,0.0000,0.0031,0.0030,,,,,,,
37.5913,9,3,9.7719,47.3629,converged,3879.30,73830.65,2.0331,0.00,0.0000,0.0028,0.0040,,,,,,,
25.3851,10,3,9.1435,34.5286,converged,3879.30,73830.65,2.0331,0.00,0.0000,0.0027,0.0029,,,,,,,
29.4444,10,3,9.4926,38.9367,converged,3879.30,73830.65,2.0331,0.00,0.0000,0.0027,0.0031,,,,,,,
24.8882,10,3,8.5621,33.4501,converged,3879.30,73830.65,2.0331,0.00,0.0000,0.0025,0.0029,,,,,,,
46.1782,7,3,8.5758,54.7539,converged,3879.30,73830.65,2.0331,0.00,0.0000,0.0032,0.0073,,,,,,,
22.0253,10,3,9.2478,31.2728,converged,3879.30,73830.65,2.0331,0.00,0.0000,0.0025,0.0032,,,,,,,
41.2898,8,3,9.0396,50.3286,converged,3879.30,73830.65,2.0331,0.00,0.0000,0.0032,0.0052,,,,,,,
46.2815,7,3,9.4239,55.7050,converged,3879.30,73830.65,2.0331,0.00,0.0000,0.0028,0.0076,,,,,,,
45.8191,8,3,8.8243,54.6433,converged,3879.30,73830.65,2.0331,0.00,0.0000,0.0027,0.0072,,,,,,,
45.4339,8,3,8.9072,54.3402,converged,3879.30,73830.65,2.0331,0.00,0.0000,0.0027,0.0065,,,,,,,
59.3046,5,3,8.7205,68.0245,converged,3879.30,73830.65,2.0331,0.00,0.0000,0.0040,0.0223,,,,,,,
59.8138,5,3,8.5097,68.3227,converged,3879.30,73830.65,2.0331,0.00,0.0000,0.0044,0.0272,,,,,,,
42.7741,8,3,10.0089,52.7829,converged,3879.30,73830.65,2.0331,0.00,0.0000,0.0033,0.0050,,,,,,,
32.1528,10,3,9.7482,41.9003,converged,3879.30,73830.65,2.0331,0.00,0.0000,0.0034,0.0030,,,,,,,
38.5632,9,3,9.2350,47.7981,converged,3879.30,73830.65,2.0331,0.00,0.0000,0.0027,0.0039,,,,,,,
52.1964,6,3,9.4230,61.6190,converged,3879.30,73830.65,2.0331,0.00,0.0000,0.0033,0.0142,,,,,,,
27.9436,10,3,9.0428,36.9858,converged,3879.30,73830.65,2.0331,0.00,0.0000,0.0030,0.0038,,,,,,,
41.0538,8,3,9.9240,50.9771,converged,3879.30,73830.65,2.0331,0.00,0.0000,0.0030,0.0051,,,,,,,
34.7769,9,3,10.1439,44.9200,converged,3879.30,73830.65,2.0331,0.00,0.0000,0.0028,0.0042,,,,,,,
45.6030,8,3,9.2781,54.8801,converged,3879.30,73830.65,2.0331,0.00,0.0000,0.0028,0.0051,,,,,,,
54.4278,6,3,8.5946,63.0217,converged,3879.30,73830.65,2.0331,0.00,0.0000,0.0027,0.0131,,,,,,,
46.6912,7,3,9.5223,56.2133,converged,3879.30,73830.65,2.0331,0.00,0.0000,0.0035,0.0057,,,,,,,
38.7862,9,3,12.6905,51.4765,converged,3879.30,73830.65,2.0331,0.00,0.0000,0.0028,0.0035,,,,,,,
59.4908,5,3,8.7831,68.2731,converged,3879.30,73830.65,2.0331,0.00,0.0000,0.0031,0.0244,,,,,,,
31.4108,10,3,9.8355,41.2455,converged,3879.30,73830.65,2.0331,0.00,0.0000,0.0028,0.0033,,,,,,,
28.2763,10,3,10.2589,38.5350,converged,3879.30,73830.65,2.0331,0.00,0.0000,0.0028,0.0029,,,,,,,
49.2744,7,3,8.5687,57.8428,converged,3879.30,73830.65,2.0331,0.00,0.0000,0.0027,0.0071,,,,,,,
42.9250,8,3,9.2878,52.2118,converged,3879.30,73830.65,2.0331,0.00,0.0000,0.0027,0.0053,,,,,,,
25.8364,10,3,8.6096,34.4456,converged,3879.30,73830.65,2.0331,0.00,0.0000,0.0027,0.0028,,,,,,,
22.3922,10,3,9.2809,31.6730,converged,3879.30,73830.65,2.0331,0.00,0.0000,0.0027,0.0026,,,,,,,
59.2687,5,3,8.9178,68.1859,converged,3879.30,73830.65,2.0331,0.00,0.0000,0.0039,0.0200,,,,,,,
23.9303,10,3,8.8497,32.7797,converged,3879.30,73830.65,2.0331,0.00,0.0000,0.0027,0.0030,,,,,,,
53.8636,6,3,9.3253,63.1883,converged,3879.30,73830.65,2.0331,0.00,0.0000,0.0030,0.0157,,,,,,,
20.6295,10,3,9.4701,30.0991,converged,3879.30,73830.65,2.0331,0.00,0.0000,0.0030,0.0022,,,,,,,
21.5847,10,3,11.3058,32.8899,converged,3879.30,73830.65,2.0331,0.00,0.0000,0.0025,0.0039,,,,,,,
32.4220,10,3,9.2954,41.7174,converged,3879.30,73830.65,2.0331,0.00,0.0000,0.0024,0.0035,,,,,,,
24.8912,10,3,8.9429,33.8339,converged,3879.30,73830.65,2.0331,0.00,0.0000,0.0027,0.0031,,,,,,,
56.8640,6,3,9.2715,66.1345,converged,3879.30,73830.65,2.0331,0.00,0.0000,0.0031,0.0173,,,,,,,
40.1480,8,3,9.0562,49.2032,converged,3879.30,73830.65,2.0331,0.00,0.0000,0.0027,0.0069,,,,,,,
52.8113,6,3,8.9303,61.7414,converged,3879.30,73830.65,2.0331,0.00,0.0000,0.0027,0.0150,,,,,,,
48.7406,7,3,10.1772,58.9173,converged,3879.30,73830.65,2.0331,0.00,0.0000,0.0024,0.0095,,,,,,,
52.1293,6,3,8.8244,60.9534,converged,3879.30,73830.65,2.0331,0.00,0.0000,0.0025,0.0162,,,,,,,
39.1629,9,3,9.3969,48.5589,converged,3879.30,73830.65,2.0331,0.00,0.0000,0.0029,0.0040,,,,,,,
23.5693,10,3,8.6175,32.1865,converged,3879.30,73830.65,2.0331,0.00,0.0000,0.0027,0.0030,,,,,,,
21.2810,10,3,10.3862,31.6672,converged,3879.30,73830.65,2.0331,0.00,0.0000,0.0026,0.0030,,,,,,,
43.9673,8,3,8.6964,52.6634,converged,3879.30,73830.65,2.0331,0.00,0.0000,0.0025,0.0055,,,,,,,
46.5013,7,3,9.0545,55.5555,converged,3879.30,73830.65,2.0331,0.00,0.0000,0.0028,0.0080,,,,,,,
24.2052,10,3,13.6793,37.8843,converged,3879.30,73830.65,2.0331,0.00,0.0000,0.0025,0.0031,,,,,,,
42.6020,8,3,9.0383,51.6393,converged,3879.30,73830.65,2.0331,0.00,0.0000,0.0026,0.0061,,,,,,,
56.0097,6,3,11.0080,67.0170,converged,3879.30,73830.65,2.0331,0.00,0.0000,0.0024,0.0147,,,,,,,
37.5300,9,3,9.5510,47.0800,converged,3879.30,73830.65,2.0331,0.00,0.0000,0.0027,0.0039,,,,,,,
33.6688,10,3,9.1231,42.7911,converged,3879.30,73830.65,2.0331,0.00,0.0000,0.0027,0.0029,,,,,,,
21.7831,10,3,9.5500,31.3330,converged,3879.30,73830.65,2.0331,0.00,0.0000,0.0029,0.0037,,,,,,,
28.8130,10,3,9.2064,38.0194,converged,3879.30,73830.65,2.0331,0.00,0.0000,0.0028,0.0031,,,,,,,
23.2921,10,3,8.9158,32.2078,converged,3879.30,73830.65,2.0331,0.00,0.0000,0.0026,0.0026,,,,,,,
55.0503,6,3,8.9756,64.0257,converged,3879.30,73830.65,2.0331,0.00,0.0000,0.0031,0.0140,,,,,,,
44.7932,8,3,13.5563,58.3493,converged,3879.30,73830.65,2.0331,0.00,0.0000,0.0031,0.0046,,,,,,,
42.5859,8,3,13.8715,56.4565,converged,3879.30,73830.65,2.0331,0.00,0.0000,0.0035,0.0024,,,,,,,
55.8092,6,3,9.1465,64.9556,converged,3879.30,73830.65,2.0331,0.00,0.0000,0.0027,0.0134,,,,,,,
45.1744,8,3,9.1985,54.3726,converged,3879.30,73830.65,2.0331,0.00,0.0000,0.0030,0.0059,,,,,,,
27.0452,10,3,8.6882,35.7333,converged,3879.30,73830.65,2.0331,0.00,0.0000,0.0031,0.0033,,,,,,,
22.2349,10,3,8.8354,31.0694,converged,3879.30,73830.65,2.0331,0.00,0.0000,0.0027,0.0026,,,,,,,
27.2771,10,3,8.7233,36.0004,converged,3879.30,73830.65,2.0331,0.00,0.0000,0.0028,0.0028,,,,,,,
55.0160,6,3,8.9221,63.9372,converged,3879.30,73830.65,2.0331,0.00,0.0000,0.0028,0.0111,,,,,,,
55.9665,6,3,9.1772,65.1432,converged,3879.30,73830.65,2.0331,0.00,0.0000,0.0026,0.0134,,,,,,,
57.9267,6,3,8.7231,66.6491,converged,3879.30,73830.65,2.0331,0.00,0.0000,0.0031,0.0127,,,,,,,
26.1455,10,3,8.9486,35.0936,converged,3879.30,73830.65,2.0331,0.00,0.0000,0.0034,0.0029,,,,,,,
49.6326,7,3,8.9890,58.6210,converged,3879.30,73830.65,2.0331,0.00,0.0000,0.0027,0.0078,,,,,,,
52.8954,6,3,9.8228,62.7178,converged,3879.30,73830.65,2.0331,0.00,0.0000,0.0033,0.0093,,,,,,,
21.6248,10,3,8.7667,30.3907,converged,3879.30,73830.65,2.0331,0.00,0.0000,0.0027,0.0029,,,,,,,
20.4469,10,3,9.1820,29.6280,converged,3879.30,73830.65,2.0331,0.00,0.0000,0.0028,0.0036,,,,,,,
34.3093,9,3,9.9641,44.2731,converged,3879.30,73830.65,2.0331,0.00,0.0000,0.0029,0.0032,,,,,,,
35.9074,9,3,8.9833,44.8904,converged,3879.30,73830.65,2.0331,0.00,0.0000,0.0026,0.0040,,,,,,,
28.0282,10,3,8.9865,37.0145,converged,3879.30,73830.65,2.0331,0.00,0.0000,0.0029,0.0027,,,,,,,
41.1156,8,3,8.9255,50.0405,converged,3879.30,73830.65,2.0331,0.00,0.0000,0.0030,0.0053,,,,,,,
26.8855,10,3,8.8535,35.7385,converged,3879.30,73830.65,2.0331,0.00,0.0000,0.0028,0.0031,,,,,,,
22.9452,10,3,8.8900,31.8350,converged,3879.30,73830.65,2.0331,0.00,0.0000,0.0029,0.0028,,,,,,,
43.9981,8,3,8.9636,52.9616,converged,3879.30,73830.65,2.0331,0.00,0.0000,0.0030,0.0049,,,,,,,
41.1022,8,3,9.1204,50.2225,converged,3879.30,73830.65,2.0331,0.00,0.0000,0.0028,0.0055,,,,,,,
56.8292,6,3,8.8352,65.6642,converged,3879.30,73830.65,2.0331,0.00,0.0000,0.0027,0.0101,,,,,,,
32.2763,10,3,8.9089,41.1849,converged,3879.30,73830.65,2.0331,0.00,0.0000,0.0026,0.0032,,,,,,,
35.6515,9,3,8.8176,44.4686,converged,3879.30,73830.65,2.0331,0.00,0.0000,0.0028,0.0041,,,,,,,
20.1468,10,3,8.7331,28.8791,converged,3879.30,73830.65,2.0331,0.00,0.0000,0.0023,0.0032,,,,,,,
53.9537,6,3,8.7588,62.7119,converged,3879.30,73830.65,2.0331,0.00,0.0000,0.0026,0.0162,,,,,,,
51.8755,7,3,9.2082,61.0832,converged,3879.30,73830.65,2.0331,0.00,0.0000,0.0029,0.0071,,,,,,,
52.2434,6,3,10.7776,63.0206,converged,3879.30,73830.65,2.0331,0.00,0.0000,0.0031,0.0168,,,,,,,
44.9517,8,3,9.0810,54.0320,converged,3879.30,73830.65,2.0331,0.00,0.0000,0.0028,0.0066,,,,,,,
22.3359,10,3,8.6960,31.0311,converged,3879.30,73830.65,2.0331,0.00,0.0000,0.0027,0.0030,,,,,,,
23.2646,10,3,8.7195,31.9836,converged,3879.30,73830.65,2.0331,0.00,0.0000,0.0030,0.0023,,,,,,,
56.6188,6,3,9.5828,66.2009,converged,3879.30,73830.65,2.0331,0.00,0.0000,0.0034,0.0187,,,,,,,
21.6688,10,3,8.6580,30.3260,converged,3879.30,73830.65,2.0331,0.00,0.0000,0.0026,0.0034,,,,,,,
42.0749,8,3,9.1325,51.2065,converged,3879.30,73830.65,2.0331,0.00,0.0000,0.0025,0.0068,,,,,,,
37.2958,9,3,9.2412,46.5362,converged,3879.30,73830.65,2.0331,0.00,0.0000,0.0025,0.0043,,,,,,,
41.6315,8,3,8.9440,50.5750,converged,3879.30,73830.65,2.0331,0.00,0.0000,0.0030,0.0047,,,,,,,
42.1904,8,3,9.0793,51.2693,converged,3879.30,73830.65,2.0331,0.00,0.0000,0.0032,0.0058,,,,,,,
37.4573,9,3,9.2270,46.6840,converged,3879.30,73830.65,2.0331,0.00,0.0000,0.0026,0.0040,,,,,,,
44.9293,8,3,8.9501,53.8792,converged,3879.30,73830.65,2.0331,0.00,0.0000,0.0025,0.0064,,,,,,,
45.0340,8,3,9.1640,54.1970,converged,3879.30,73830.65,2.0331,0.00,0.0000,0.0026,0.0055,,,,,,,
22.5993,10,3,13.7035,36.3025,converged,3879.30,73830.65,2.0331,0.00,0.0000,0.0026,0.0032,,,,,,,
55.2813,6,3,10.4024,65.6835,converged,3879.30,73830.65,2.0331,0.00,0.0000,0.0032,0.0115,,,,,,,
59.5045,5,3,8.9450,68.4491,converged,3879.30,73830.65,2.0331,0.00,0.0000,0.0043,0.0241,,,,,,,
37.4496,9,3,8.9477,46.3967,converged,3879.30,73830.65,2.0331,0.00,0.0000,0.0024,0.0043,,,,,,,
57.0896,6,3,8.8861,65.9752,converged,3879.30,73830.65,2.0331,0.00,0.0000,0.0027,0.0165,,,,,,,
58.7824,5,3,9.1880,67.9701,converged,3879.30,73830.65,2.0331,0.00,0.0000,0.0041,0.0233,,,,,,,
51.1249,7,3,8.8540,59.9780,converged,3879.30,73830.65,2.0331,0.00,0.0000,0.0035,0.0076,,,,,,,
53.6060,6,3,10.3979,64.0029,converged,3879.30,73830.65,2.0331,0.00,0.0000,0.0027,0.0123,,,,,,,
56.7285,6,3,10.0384,66.7665,converged,3879.30,73830.65,2.0331,0.00,0.0000,0.0028,0.0107,,,,,,,
26.5800,10,3,10.5453,37.1254,converged,3879.30,73830.65,2.0331,0.00,0.0000,0.0026,0.0031,,,,,,,
42.3939,8,3,10.0456,52.4386,converged,3879.30,73830.65,2.0331,0.00,0.0000,0.0023,0.0067,,,,,,,
37.8439,9,3,9.3121,47.1551,converged,3879.30,73830.65,2.0331,0.00,0.0000,0.0027,0.0036,,,,,,,
54.7723,6,3,8.9542,63.7262,converged,3879.30,73830.65,2.0331,0.00,0.0000,0.0027,0.0141,,,,,,,
34.7874,9,3,9.6708,44.4578,converged,3879.30,73830.65,2.0331,0.00,0.0000,0.0029,0.0038,,,,,,,
55.8647,6,3,9.0974,64.9614,converged,3879.30,73830.65,2.0331,0.00,0.0000,0.0024,0.0115,,,,,,,
37.4896,9,3,8.9214,46.4105,converged,3879.30,73830.65,2.0331,0.00,0.0000,0.0027,0.0034,,,,,,,
40.3640,8,3,13.4418,53.8059,converged,3879.30,73830.65,2.0331,0.00,0.0000,0.0029,0.0042,,,,,,,
46.1235,7,3,8.6300,54.7530,converged,3879.30,73830.65,2.0331,0.00,0.0000,0.0034,0.0059,,,,,,,
26.1214,10,3,9.1296,35.2506,converged,3879.30,73830.65,2.0331,0.00,0.0000,0.0029,0.0032,,,,,,,
40.7920,8,3,9.2823,50.0743,converged,3879.30,73830.65,2.0331,0.00,0.0000,0.0030,0.0055,,,,,,,
49.9024,7,3,9.3274,59.2294,converged,3879.30,73830.65,2.0331,0.00,0.0000,0.0024,0.0090,,,,,,,
46.0562,7,3,9.7802,55.8362,converged,3879.30,73830.65,2.0331,0.00,0.0000,0.0035,0.0052,,,,,,,
47.6918,7,3,9.8837,57.5747,converged,3879.30,73830.65,2.0331,0.00,0.0000,0.0029,0.0085,,,,,,,
58.7779,5,3,8.7977,67.5748,converged,3879.30,73830.65,2.0331,0.00,0.0000,0.0047,0.0311,,,,,,,
46.4596,7,3,8.8518,55.3109,converged,3879.30,73830.65,2.0331,0.00,0.0000,0.0030,0.0074,,,,,,,
44.8803,8,3,8.9728,53.8528,converged,3879.30,73830.65,2.0331,0.00,0.0000,0.0026,0.0059,,,,,,,
53.2508,6,3,10.3009,63.5509,converged,3879.30,73830.65,2.0331,0.00,0.0000,0.0032,0.0215,,,,,,,
41.9085,8,3,9.6376,51.5456,converged,3879.30,73830.65,2.0331,0.00,0.0000,0.0028,0.0058,,,,,,,
50.1589,7,3,13.3523,63.5103,converged,3879.30,73830.65,2.0331,0.00,0.0000,0.0027,0.0091,,,,,,,
40.6578,8,3,10.2117,50.8688,converged,3879.30,73830.65,2.0331,0.00,0.0000,0.0025,0.0060,,,,,,,
35.2546,9,3,8.7937,44.0477,converged,3879.30,73830.65,2.0331,0.00,0.0000,0.0029,0.0038,,,,,,,
37.2460,9,3,8.8020,46.0481,converged,3879.30,73830.65,2.0331,0.00,0.0000,0.0030,0.0039,,,,,,,
36.1540,9,3,9.2924,45.4454,converged,3879.30,73830.65,2.0331,0.00,0.0000,0.0026,0.0038,,,,,,,
30.3473,10,3,9.7833,40.1303,converged,3879.30,73830.65,2.0331,0.00,0.0000,0.0029,0.0028,,,,,,,
45.2618,8,3,11.8545,57.1156,converged,3879.30,73830.65,2.0331,0.00,0.0000,0.0033,0.0052,,,,,,,
24.0988,10,3,9.4808,33.5789,converged,3879.30,73830.65,2.0331,0.00,0.0000,0.0027,0.0026,,,,,,,
20.0526,10,3,8.9594,29.0114,converged,3879.30,73830.65,2.0331,0.00,0.0000,0.0030,0.0021,,,,,,,
42.6201,8,3,9.5516,52.1717,converged,3879.30,73830.65,2.0331,0.00,0.0000,0.0026,0.0070,,,,,,,
54.2338,6,3,9.4032,63.6362,converged,3879.30,73830.65,2.0331,0.00,0.0000,0.0021,0.0149,,,,,,,
54.5364,6,3,10.8367,65.3727,converged,3879.30,73830.65,2.0331,0.00,0.0000,0.0027,0.0123,,,,,,,
26.1635,10,3,8.8497,35.0127,converged,3879.30,73830.65,2.0331,0.00,0.0000,0.0034,0.0019,,,,,,,
35.3857,9,3,9.3041,44.6892,converged,3879.30,73830.65,2.0331,0.00,0.0000,0.0038,0.0019,,,,,,,
44.0255,8,3,13.6866,57.7116,converged,3879.30,73830.65,2.0331,0.00,0.0000,0.0026,0.0052,,,,,,,
45.2614,8,3,9.3912,54.6523,converged,3879.30,73830.65,2.0331,0.00,0.0000,0.0027,0.0064,,,,,,,
58.4932,5,3,9.5227,68.0158,converged,3879.30,73830.65,2.0331,0.00,0.0000,0.0036,0.0196,,,,,,,
32.8179,10,3,9.5794,42.3964,converged,3879.30,73830.65,2.0331,0.00,0.0000,0.0029,0.0028,,,,,,,
