jitter_ms,planned_steps,actual_steps,denoise_ms,total_cycle_ms,stop_reason,ego_x,ego_y,ego_yaw,ego_vx,delta_0,delta_1,delta_2,delta_3,delta_4,delta_5,delta_6,delta_7,delta_8,delta_9
25.9143,10,10,60.5358,86.4498,completed,81377.36,49916.91,0.5890,0.00,0.0000,0.0719,0.1379,0.4634,0.5993,1.0279,0.8531,1.9120,2.9964,2.6480
31.9224,10,10,49.2544,81.1765,completed,81377.36,49916.91,0.5890,0.00,0.0000,0.1927,0.9168,1.8769,1.7130,0.9682,2.8100,1.7565,2.2068,2.2227
48.2878,7,7,24.6500,72.9370,completed,81377.36,49916.91,0.5890,0.00,0.0000,0.0168,0.3317,1.0977,0.4136,0.3040,0.3175,,,
33.7773,10,8,29.4174,63.1944,converged,81377.36,49916.91,0.5890,0.00,0.0000,0.2103,0.1518,0.4044,0.5259,0.2084,0.2280,0.0179,,
25.8688,10,10,47.0963,72.9643,completed,81377.36,49916.91,0.5890,0.00,0.0000,0.1795,0.3306,0.4180,1.5619,1.7460,1.9331,1.6292,1.5523,1.4702
21.7900,10,10,60.0235,81.8125,completed,81377.36,49916.91,0.5890,0.00,0.0000,0.0120,0.2130,0.2818,1.1359,0.3263,0.4849,0.4328,0.1667,0.4236
53.1173,6,6,32.9046,86.0216,completed,81377.36,49916.91,0.5890,0.00,0.0000,0.4858,1.8105,3.9663,1.6772,3.4142,,,,
30.9354,10,10,47.4521,78.3871,completed,81377.36,49916.91,0.5890,0.00,0.0000,0.0460,0.2923,0.1766,1.3017,1.3293,0.9341,1.1023,1.2303,1.2221
42.0508,8,5,20.9419,62.9919,converged,81377.36,49916.91,0.5890,0.00,0.0000,0.4074,0.3228,0.7192,0.0913,,,,,
29.7428,10,3,13.5844,43.3264,converged,81377.36,49916.91,0.5890,0.00,0.0000,0.2175,0.0565,,,,,,,
42.4397,8,8,50.7939,93.2329,completed,81377.36,49916.91,0.5890,0.00,0.0000,0.2647,2.3938,0.6586,4.1862,2.8601,3.6197,3.5786,,
23.3953,10,3,16.9226,40.3176,converged,81377.36,49916.91,0.5890,0.00,0.0000,0.1686,0.0621,,,,,,,
50.0378,7,5,28.1043,78.1413,converged,81377.36,49916.91,0.5890,0.00,0.0000,0.1583,0.1637,0.6813,0.0237,,,,,
41.9075,8,8,34.8112,76.7182,completed,81377.36,49916.91,0.5890,0.00,0.0000,0.0894,1.2189,0.2396,3.1993,3.3043,2.9720,3.0864,,
43.1691,8,8,41.6581,84.8271,completed,81377.36,49916.91,0.5890,0.00,0.0000,0.2040,0.8331,1.2200,0.8207,0.4155,0.2835,0.5328,,
36.1280,9,8,28.2149,64.3429,converged,81377.36,49916.91,0.5890,0.00,0.0000,0.0508,0.2192,0.4117,0.2212,0.2908,0.6998,0.0421,,
55.5184,6,4,23.5770,79.0950,converged,81377.36,49916.91,0.5890,0.00,0.0000,0.2780,0.4884,0.0442,,,,,,
40.2348,8,8,37.8086,78.0426,completed,81377.36,49916.91,0.5890,0.00,0.0000,0.1097,1.0943,1.5246,0.4162,0.5322,0.2142,1.0853,,
28.7497,10,7,25.1588,53.9078,converged,81377.36,49916.91,0.5890,0.00,0.0000,0.1068,0.2055,0.1403,1.6955,0.4086,0.0449,,,
59.6084,5,5,25.2089,84.8169,converged,81377.36,49916.91,0.5890,0.00,0.0000,0.3133,1.8614,0.1779,0.0574,,,,,
44.1875,8,8,58.1526,102.3396,completed,81377.36,49916.91,0.5890,0.00,0.0000,0.0998,1.0793,0.6639,2.4858,2.5304,2.3894,2.6161,,
45.6850,8,8,34.3452,80.0302,completed,81377.36,49916.91,0.5890,0.00,0.0000,0.1132,1.3592,0.1328,3.0653,2.4523,2.9287,3.1421,,
32.3880,10,10,58.2496,90.6366,completed,81377.36,49916.91,0.5890,0.00,0.0000,0.0510,0.6018,0.7246,2.0446,3.3901,3.9157,2.4855,2.6921,2.4192
47.0853,7,7,29.9687,77.0537,completed,81377.36,49916.91,0.5890,0.00,0.0000,0.1443,0.1182,1.4188,1.0062,0.7429,1.3675,,,
48.5601,7,7,29.6975,78.2575,completed,81377.36,49916.91,0.5890,0.00,0.0000,0.0626,2.8322,2.3706,4.3864,3.8887,4.1498,,,
46.5995,7,7,28.6352,75.2342,completed,81377.36,49916.91,0.5890,0.00,0.0000,0.1419,0.2131,0.3818,0.6304,1.6679,2.7298,,,
50.3004,7,7,35.7139,86.0139,completed,81377.36,49916.91,0.5890,0.00,0.0000,0.1440,0.3286,0.3283,0.1502,0.8981,2.3699,,,
58.6256,5,5,20.8896,79.5345,completed,81377.36,49916.91,0.5890,0.00,0.0000,0.0967,0.1116,0.8735,2.0997,,,,,
53.8680,6,6,26.4531,80.3202,completed,81377.36,49916.91,0.5890,0.00,0.0000,0.1372,0.2096,0.7191,1.1130,2.9302,,,,
53.6025,6,6,23.0032,76.6052,completed,81377.36,49916.91,0.5890,0.00,0.0000,0.2744,0.9460,0.5905,1.7610,3.0372,,,,
24.4439,10,10,43.9262,68.3692,completed,81377.36,49916.91,0.5890,0.00,0.0000,0.2170,0.3075,3.1908,2.8444,0.1261,0.5215,0.2443,0.1981,0.4700
20.0860,10,8,39.0324,59.1174,converged,81377.36,49916.91,0.5890,0.00,0.0000,1.2715,1.8681,1.7639,0.4146,0.4138,0.1382,0.0150,,
47.1819,7,7,39.9150,87.0960,completed,81377.36,49916.91,0.5890,0.00,0.0000,0.3742,1.0296,4.3828,1.9475,0.8347,0.1570,,,
44.2611,8,8,30.3729,74.6339,completed,81377.36,49916.91,0.5890,0.00,0.0000,0.2368,0.1684,5.7184,0.4850,0.8718,0.2799,0.3306,,
33.8304,10,9,45.0480,78.8780,converged,81377.36,49916.91,0.5890,0.00,0.0000,0.0099,0.4712,0.9265,2.7329,0.4634,1.2638,0.5393,0.0744,
44.1068,8,7,24.6652,68.7713,converged,81377.36,49916.91,0.5890,0.00,0.0000,0.7524,1.5348,1.4648,0.8384,0.3350,0.0527,,,
39.2754,9,9,56.5212,95.7962,completed,81377.36,49916.91,0.5890,0.00,0.0000,0.2604,2.0369,2.9421,2.3800,1.5757,1.4392,2.7224,2.9994,
28.5031,10,10,46.4412,74.9442,completed,81377.36,49916.91,0.5890,0.00,0.0000,0.4519,1.8106,2.0149,2.3713,0.7159,1.4186,2.5090,2.7331,2.3698
28.3106,10,10,59.8429,88.1530,completed,81377.36,49916.91,0.5890,0.00,0.0000,0.3210,0.3651,2.6842,1.8988,0.4419,0.2891,0.1377,0.1806,0.4193
26.4629,10,4,23.2903,49.7524,converged,81377.36,49916.91,0.5890,0.00,0.0000,0.2799,1.0573,0.0935,,,,,,
48.3631,7,6,19.8604,68.2234,converged,81377.36,49916.91,0.5886,0.00,0.0000,1.2082,1.9616,0.5074,0.3139,0.0529,,,,
54.8649,6,6,28.0078,82.8718,completed,81377.36,49916.91,0.5886,0.00,0.0000,0.4211,2.6956,2.0394,1.7116,0.4375,,,,
49.3113,7,6,21.9421,71.2531,converged,81377.36,49916.91,0.5884,0.00,0.0000,1.0649,2.8021,0.9609,0.5979,0.0285,,,,
36.3071,9,9,39.5555,75.8660,completed,81377.36,49916.91,0.5884,0.00,0.0000,0.3773,1.2633,2.3989,3.5468,0.5737,0.7751,0.9116,1.1116,
22.7234,10,10,35.7850,58.5080,completed,81377.36,49916.91,0.5883,0.00,0.0000,0.1867,0.8190,0.9667,3.2634,0.4269,1.3424,1.4437,2.0823,2.0573
31.6055,10,10,42.7960,74.4011,completed,81377.36,49916.91,0.5883,0.00,0.0000,0.2494,1.3222,0.2169,5.3773,0.3808,0.5984,0.1869,0.2461,0.5881
57.5428,6,6,21.6302,79.1722,completed,81377.36,49916.91,0.5882,0.00,0.0000,1.5290,0.2362,1.3442,1.7694,2.4343,,,,
48.2513,7,7,37.4635,85.7145,completed,81377.36,49916.91,0.5882,0.00,0.0000,0.1648,0.7973,2.1975,1.0266,0.3890,0.1367,,,
22.0070,10,10,51.4420,73.4490,completed,81377.37,49916.91,0.5883,0.00,0.0000,0.6139,2.1427,3.1265,1.0877,3.0523,1.7904,2.5751,3.2603,2.8157
41.6492,8,7,35.6256,77.2746,converged,81377.37,49916.91,0.5883,0.00,0.0000,1.0996,2.7115,2.4984,0.5965,0.3446,0.0990,,,
36.3771,9,9,50.8121,87.1891,completed,81377.37,49916.92,0.5886,0.00,0.0000,0.9058,2.7024,1.0024,3.4532,1.4902,0.9101,2.4235,3.0387,
55.9501,6,6,34.5293,90.4793,completed,81377.37,49916.92,0.5886,0.00,0.0000,1.3706,1.1947,1.5783,2.0489,3.7100,,,,
24.3033,10,7,35.6376,59.9406,converged,81377.38,49916.92,0.5883,0.00,0.0000,0.6222,1.1790,1.8097,0.3268,0.5857,0.0642,,,
48.3961,7,5,49.5077,97.9038,deadline,81377.38,49916.92,0.5883,0.00,0.0000,0.2205,3.8644,5.8999,1.1410,,,,,
25.8056,10,10,43.6656,69.4707,completed,81377.39,49916.93,0.5852,0.00,0.0000,0.3008,0.3011,2.3202,8.9615,1.4133,1.9192,1.8627,2.6401,2.5606
26.1754,10,10,59.6060,85.7810,completed,81377.39,49916.93,0.5852,0.00,0.0000,0.8647,1.6876,1.9114,1.2002,3.4973,2.3745,3.6762,4.1216,3.7017
48.5590,7,7,47.1590,95.7181,completed,81377.39,49916.93,0.5852,0.00,0.0000,1.2518,2.4562,3.2655,3.6924,5.3437,5.7142,,,
40.0233,8,8,41.5279,81.5509,completed,81377.39,49916.93,0.5852,0.00,0.0000,0.3153,0.8755,11.6685,5.2548,3.0046,0.2763,0.3415,,
28.0818,10,10,40.0881,68.1692,completed,81377.39,49916.93,0.5851,0.00,0.0000,0.6555,1.0986,0.3576,5.6890,3.4363,0.4777,2.1623,3.0254,2.8694
38.6636,9,8,46.6174,85.2804,converged,81377.39,49916.93,0.5851,0.00,0.0000,0.2518,0.1878,7.3808,7.8830,4.1823,1.2626,0.0504,,
51.5283,7,7,28.5279,80.0560,completed,81377.39,49916.93,0.5851,0.00,0.0000,0.5998,0.8328,7.2549,0.9747,2.4222,3.2963,,,
32.5519,10,10,46.3861,78.9372,completed,81377.39,49916.93,0.5851,0.00,0.0000,0.3620,0.7261,0.1741,3.9482,1.9925,0.8553,2.4808,2.9071,2.3933
47.8392,7,7,37.7771,85.6162,completed,81377.39,49916.93,0.5851,0.00,0.0000,1.1158,2.2879,3.5341,3.2409,4.7185,5.3573,,,
58.9498,5,5,22.2388,81.1879,completed,81377.39,49916.93,0.5851,0.00,0.0000,0.4134,14.1388,6.9014,0.7508,,,,,
23.1983,10,10,60.0380,83.2360,completed,81377.39,49916.93,0.5851,0.00,0.0000,0.7222,1.3296,1.0783,0.8478,1.9700,1.1995,3.2311,3.7407,3.2731
43.1920,8,8,44.2831,87.4741,completed,81377.39,49916.93,0.5851,0.00,0.0000,0.4750,0.3153,8.2552,4.9864,1.0795,2.0350,2.7221,,
59.9374,5,5,36.0044,95.9414,completed,81377.39,49916.93,0.5849,0.00,0.0000,2.4834,2.5644,3.3224,5.5513,,,,,
59.6797,5,5,29.2462,88.9252,completed,81377.39,49916.93,0.5849,0.00,0.0000,1.7326,1.7498,1.5766,3.8841,,,,,
25.2343,10,8,38.7720,64.0061,converged,81377.40,49916.93,0.5839,0.00,0.0000,0.0288,0.4727,5.3680,13.9319,4.6962,0.8691,0.0391,,
43.1319,8,8,35.0782,78.2092,completed,81377.40,49916.93,0.5839,0.00,0.0000,0.5287,1.0328,0.5954,2.6586,1.7942,4.1129,4.2604,,
41.1202,8,8,36.5168,77.6368,completed,81377.41,49916.94,0.5838,0.00,0.0000,0.5489,0.5378,2.2612,1.4199,0.5224,3.3619,3.6194,,
31.2903,10,10,46.1949,77.4850,completed,81377.41,49916.94,0.5838,0.00,0.0000,0.2465,0.2699,1.8987,11.1644,5.9755,1.4527,1.4624,2.4765,2.8032
32.2374,10,10,64.5656,96.8027,completed,81377.41,49916.94,0.5828,0.00,0.0000,1.1147,1.8572,2.3696,1.8533,2.2422,4.0359,5.1030,5.1877,4.2896
33.4808,10,10,47.9816,81.4616,completed,81377.41,49916.94,0.5828,0.00,0.0000,1.0065,1.6279,1.9908,1.9232,1.8448,2.6405,4.1841,4.8521,4.4532
51.3743,7,7,33.3060,84.6800,completed,81377.44,49916.96,0.5798,0.00,0.0000,0.9721,0.8419,2.7387,1.0328,2.6141,4.5098,,,
53.3240,6,6,32.0315,85.3555,completed,81377.44,49916.96,0.5798,0.00,0.0000,0.6056,17.0396,10.3043,0.4923,0.1090,,,,
22.2543,10,10,60.9856,83.2397,completed,81377.44,49916.96,0.5796,0.00,0.0000,0.6366,0.8743,0.4751,0.4160,1.5889,0.8332,3.1466,4.1158,3.8400
40.7608,8,7,24.8006,65.5606,converged,81377.44,49916.96,0.5796,0.00,0.0000,0.2163,2.6596,17.6522,7.0704,1.1593,0.0899,,,
46.3856,7,7,27.1995,73.5845,completed,81377.44,49916.96,0.5793,0.00,0.0000,0.8581,1.3899,1.6774,2.7670,4.1822,5.7155,,,
37.5374,9,9,30.4962,68.0332,completed,81377.44,49916.96,0.5793,0.00,0.0000,0.6099,0.6593,3.2556,11.8537,0.6630,1.5528,2.7174,2.9941,
36.1314,9,9,37.4335,73.5646,completed,81377.44,49916.96,0.5792,0.00,0.0000,1.1989,1.9930,1.8057,1.2447,2.6593,3.2152,4.7123,5.0070,
49.0626,7,7,25.7112,74.7733,completed,81377.44,49916.96,0.5791,0.00,0.0000,0.9242,1.4244,1.1832,1.7330,4.1810,5.4021,,,
42.6000,8,8,36.7674,79.3665,completed,81377.44,49916.96,0.5791,0.00,0.0000,0.6373,1.0813,0.5023,1.2081,1.4174,4.0069,4.6694,,
32.4486,10,10,35.6115,68.0595,completed,81377.44,49916.96,0.5789,0.00,0.0000,0.9926,1.6938,2.1423,2.2624,2.1335,2.8736,4.4289,4.7850,4.1077
28.2643,10,10,35.8915,64.1555,completed,81377.44,49916.96,0.5789,0.00,0.0000,0.5561,0.7659,0.2487,1.8520,0.5997,0.2873,2.6154,3.8254,3.7238
25.0643,10,10,45.0871,70.1512,completed,81377.44,49916.96,0.5787,0.00,0.0000,0.5250,0.5595,1.3935,11.7494,6.1726,1.4807,1.8094,2.6012,2.8440
36.9744,9,9,34.2903,71.2643,completed,81377.44,49916.96,0.5787,0.00,0.0000,0.1427,0.1279,3.1408,8.4422,2.0866,1.3882,2.9595,2.6665,
54.0174,6,6,40.8412,94.8582,completed,81377.44,49916.96,0.5784,0.00,0.0000,1.1663,0.3943,1.4435,1.4317,4.4687,,,,
54.7034,6,6,23.1754,77.8784,completed,81377.44,49916.96,0.5784,0.00,0.0000,0.9545,0.6389,1.1966,2.1761,4.6264,,,,
45.1764,8,8,38.6292,83.8053,completed,81377.46,49916.98,0.5784,0.00,0.0000,0.5313,0.6370,1.9924,0.5593,2.2883,4.1232,4.5459,,
53.2469,6,6,24.7781,78.0242,completed,81377.46,49916.98,0.5784,0.00,0.0000,0.8446,0.7416,2.4162,1.2008,4.5917,,,,
39.7812,9,9,37.5129,77.2940,completed,81377.48,49916.99,0.5785,0.00,0.0000,0.7080,1.1443,0.9069,0.2681,1.0820,3.4350,4.7793,4.2238,
57.6641,6,6,27.4228,85.0869,completed,81377.48,49916.99,0.5785,0.00,0.0000,1.2415,1.7602,1.3219,4.5259,6.2754,,,,
24.9512,10,10,52.8998,77.8509,completed,81377.50,49917.00,0.5785,0.13,0.0000,0.0371,0.4686,5.0971,17.7563,5.0341,2.0880,0.1474,0.1138,0.3274
51.7147,7,7,44.1389,95.8529,completed,81377.50,49917.00,0.5785,0.13,0.0000,1.2708,2.4022,3.5183,4.0961,6.9450,6.6165,,,
24.1244,10,10,47.0963,71.2203,completed,81377.56,49917.04,0.5782,0.34,0.0000,0.4108,0.6013,0.5959,0.4149,1.6385,1.5892,3.3194,4.6366,4.5161
48.9632,7,7,38.6249,87.5880,completed,81377.56,49917.04,0.5782,0.34,0.0000,0.7908,0.8762,0.6838,1.1162,3.8414,5.5838,,,
33.7672,10,10,50.8645,84.6315,completed,81377.70,49917.13,0.5780,0.63,0.0000,0.4466,0.5740,0.2677,0.4943,0.7544,1.9521,3.8698,4.7475,4.1732
59.0541,5,5,32.4098,91.4639,completed,81377.70,49917.13,0.5780,0.63,0.0000,1.7331,1.5562,2.9605,6.2747,,,,,
55.5565,6,6,26.6940,82.2500,completed,81377.90,49917.26,0.5786,1.01,0.0000,1.0274,0.1675,2.4687,1.4244,4.7288,,,,
54.2790,6,6,24.6861,78.9641,completed,81377.90,49917.26,0.5786,1.01,0.0000,0.8387,0.2054,4.6421,0.8401,4.2189,,,,
55.2341,6,6,24.3672,79.6012,completed,81378.21,49917.47,0.5796,1.43,0.0000,1.2829,2.3681,1.5385,4.3943,7.1810,,,,
38.6860,9,9,49.3123,87.9983,completed,81378.21,49917.47,0.5796,1.43,0.0000,0.6112,0.7872,0.4984,1.5927,0.9764,2.8496,5.0863,5.2796,
20.7871,10,10,42.8010,63.5881,completed,81378.62,49917.73,0.5822,1.70,0.0000,0.2955,0.3153,0.2779,0.6537,1.5692,1.3184,4.3592,5.3034,4.6083
58.7998,5,5,32.3541,91.1531,completed,81378.62,49917.73,0.5822,1.70,0.0000,0.9443,1.1098,2.5521,6.7443,,,,,
52.5352,6,6,29.2837,81.8187,completed,81379.08,49918.04,0.5836,2.06,0.0000,0.5571,4.4730,25.6385,8.0680,2.3896,,,,
24.9740,10,10,40.7008,65.6749,completed,81379.08,49918.04,0.5836,2.06,0.0000,0.7435,1.0324,1.3144,1.2972,0.7018,2.2158,4.3083,5.7976,5.5905
53.3411,6,6,24.9618,78.3028,completed,81379.65,49918.42,0.5817,2.49,0.0000,0.7630,1.2128,0.9686,4.5918,7.7890,,,,
38.5206,9,9,40.4842,79.0043,completed,81379.65,49918.42,0.5817,2.49,0.0000,0.6037,0.9666,1.6307,1.8247,2.5724,4.8857,6.5436,5.7833,
59.1515,5,5,31.3355,90.4866,completed,81380.31,49918.86,0.5668,2.77,0.0000,0.4042,0.7454,1.9244,7.1687,,,,,
26.6501,10,10,49.4474,76.0974,completed,81380.31,49918.86,0.5668,2.77,0.0000,0.3152,0.8689,1.4309,1.4388,3.3229,2.7126,4.0861,5.1771,4.8468
42.9001,8,8,37.3445,80.2445,completed,81381.04,49919.32,0.5635,3.18,0.0000,0.2079,0.6591,0.2334,0.9464,2.7319,6.4470,7.0996,,
24.3228,10,4,19.9635,44.2855,converged,81381.04,49919.32,0.5635,3.18,0.0000,0.0499,0.2911,0.0420,,,,,,
55.0852,6,3,12.0236,67.1087,converged,81381.87,49919.85,0.5645,3.62,0.0000,0.1124,0.0331,,,,,,,
52.5132,6,6,40.2149,92.7279,completed,81381.87,49919.85,0.5645,3.62,0.0000,0.3648,0.7805,1.9715,5.0850,8.7537,,,,
51.1704,7,7,28.8647,80.0347,completed,81382.84,49920.45,0.5572,3.90,0.0000,1.0834,1.4150,2.8348,6.4514,7.8011,9.0692,,,
48.1921,7,7,37.7447,85.9368,completed,81382.84,49920.45,0.5572,3.90,0.0000,0.3140,0.2700,2.0810,1.6975,6.2019,8.4841,,,
20.0123,10,10,57.0918,77.1038,completed,81384.08,49921.24,0.5662,4.28,0.0000,0.5312,0.6634,0.2713,1.7404,3.7916,4.4110,6.8768,6.5147,5.3675
20.1376,10,10,39.9242,60.0613,completed,81384.08,49921.24,0.5662,4.28,0.0000,0.8139,1.0657,0.8120,0.7911,1.9496,4.2142,6.9952,7.3793,5.9815
45.0871,8,8,32.2270,77.3141,completed,81385.30,49922.01,0.5688,4.68,0.0000,0.5155,0.4799,1.5488,5.5027,5.2828,7.2111,6.9663,,
21.7066,10,10,45.8315,67.5376,completed,81385.30,49922.01,0.5688,4.68,0.0000,0.4194,0.4512,0.3423,2.8246,4.3877,5.1607,5.9496,6.2835,5.4226
46.1313,7,7,35.4559,81.5869,completed,81386.61,49922.84,0.5719,4.96,0.0000,0.2511,1.1386,4.6563,1.7940,6.1900,7.1222,,,
57.7994,6,6,38.6240,96.4231,completed,81386.61,49922.84,0.5719,4.96,0.0000,0.5933,0.3733,2.4442,6.6663,9.5706,,,,
37.3976,9,9,50.6847,88.0818,completed,81388.03,49923.75,0.5778,5.23,0.0000,0.4873,0.5889,1.1106,2.6856,1.6999,5.0003,6.6932,5.6375,
56.7482,6,6,32.1736,88.9216,completed,81388.03,49923.75,0.5778,5.23,0.0000,0.1257,0.7390,2.4067,7.8245,10.0088,,,,
41.1136,8,8,36.6228,77.7358,completed,81389.63,49924.79,0.5868,5.63,0.0000,0.1668,0.1257,0.9471,3.7046,3.5760,7.0112,6.2703,,
27.6172,10,10,43.7576,71.3746,completed,81389.63,49924.79,0.5868,5.63,0.0000,0.0305,0.1079,0.1878,1.7632,3.4619,3.5836,5.4844,6.0314,5.0455
26.2723,10,10,41.3416,67.6136,completed,81391.08,49925.76,0.5968,5.96,0.0000,0.2478,0.5301,0.5720,0.8215,3.7160,6.6914,7.8615,7.1070,5.5680
41.2006,8,8,28.1276,69.3276,completed,81391.08,49925.76,0.5968,5.96,0.0000,0.2871,0.4986,1.1123,2.1478,4.7661,7.7335,6.9213,,
24.5809,10,10,43.5356,68.1157,completed,81392.50,49926.73,0.6072,6.27,0.0000,0.3179,0.7008,0.9327,0.8032,1.8278,5.6373,6.7422,6.9569,5.7444
45.9319,8,8,30.0695,76.0005,completed,81392.50,49926.73,0.6072,6.27,0.0000,0.4125,0.7814,0.7367,2.6885,3.2072,6.9173,6.5612,,
36.8559,9,9,46.7561,83.6111,completed,81394.18,49927.92,0.6277,6.57,0.0000,0.2833,0.4974,0.1956,2.9843,2.1900,5.0183,6.8733,5.7327,
26.8178,10,10,48.8193,75.6363,completed,81394.18,49927.92,0.6277,6.57,0.0000,0.3025,0.5590,0.3390,0.7308,1.3544,2.6250,5.1898,6.6329,5.5193
22.0072,10,10,44.6960,66.7030,completed,81395.75,49929.06,0.6431,6.91,0.0000,0.3269,0.7215,1.0646,1.0926,1.5472,4.4047,6.3115,7.0411,5.9088
51.3844,7,7,33.5940,84.9780,completed,81395.75,49929.06,0.6431,6.91,0.0000,0.5167,0.8425,1.5148,2.4274,6.8135,7.5355,,,
34.5640,9,9,35.9918,70.5558,completed,81397.41,49930.31,0.6569,7.20,0.0000,0.3344,0.6349,0.2787,2.2363,1.2962,3.7836,6.8420,5.8061,
35.3030,9,9,47.2217,82.5237,completed,81397.41,49930.31,0.6569,7.20,0.0000,0.3679,0.7203,1.0691,0.7705,2.7969,5.0895,7.8064,7.0495,
55.0736,6,6,22.5498,77.6229,completed,81398.98,49931.54,0.6680,7.53,0.0000,0.5083,0.8878,1.6040,4.9974,9.4124,,,,
31.5623,10,10,48.9690,80.5310,completed,81398.98,49931.54,0.6680,7.53,0.0000,0.2614,0.6072,0.7637,1.5140,1.3301,4.6690,7.1072,7.2281,5.7238
20.2987,10,10,42.6038,62.9019,completed,81400.79,49932.97,0.6781,7.83,0.0000,0.3760,0.7981,0.8334,1.1323,1.4010,3.6710,5.5367,7.6645,7.2629
29.3644,10,10,46.0081,75.3722,completed,81400.79,49932.97,0.6781,7.83,0.0000,0.2086,0.5405,0.5252,0.6520,2.6554,1.2913,5.2865,6.4579,5.2022
39.3101,9,9,39.3426,78.6526,completed,81402.46,49934.34,0.6942,8.10,0.0000,0.1553,0.6835,1.0624,2.6770,2.7663,5.1694,8.2947,7.6019,
56.7561,6,6,36.2282,92.9843,completed,81402.46,49934.34,0.6942,8.10,0.0000,0.8548,1.9960,3.9644,7.7717,11.4104,,,,
39.9999,9,9,45.4522,85.4513,completed,81404.34,49935.93,0.7058,8.32,0.0000,0.2138,0.7737,1.1945,2.7889,3.6795,7.4071,8.5798,6.7940,
57.8738,6,6,30.8981,88.7712,completed,81404.34,49935.93,0.7058,8.32,0.0000,0.5075,1.4392,3.4041,6.5783,10.5439,,,,
37.2307,9,9,36.8958,74.1259,completed,81406.26,49937.57,0.7160,8.47,0.0000,0.0179,0.5552,0.7444,2.9804,4.3272,6.0644,8.4552,7.0182,
43.3573,8,8,36.7319,80.0889,completed,81406.26,49937.57,0.7160,8.47,0.0000,0.3417,1.0258,2.1350,4.8325,6.3186,9.6232,9.2091,,
31.3858,10,10,43.5549,74.9400,completed,81408.05,49939.14,0.7246,8.54,0.0000,0.1856,0.8061,1.2568,2.6755,3.4950,6.2793,8.6648,6.9061,5.1743
40.4602,8,8,38.4259,78.8860,completed,81408.05,49939.14,0.7246,8.54,0.0000,0.4274,1.2072,1.7520,3.0507,4.8854,9.0698,8.5752,,
26.6064,10,10,38.8348,65.4408,completed,81409.97,49940.86,0.7385,8.60,0.0000,0.0767,0.6034,1.0202,1.3408,2.0010,4.1304,6.7226,7.8234,6.3613
21.4326,10,10,36.3034,57.7355,completed,81410.93,49941.73,0.7417,8.61,0.0000,0.1287,0.7082,1.1876,1.9255,3.0509,6.2744,8.5719,7.6313,5.8106
58.3092,5,5,23.6953,82.0044,completed,81410.93,49941.73,0.7417,8.61,0.0000,0.7549,1.0185,4.7714,10.2162,,,,,
45.6731,8,8,30.5446,76.2176,completed,81412.65,49943.30,0.7424,8.63,0.0000,0.1708,1.7443,3.1064,4.6808,7.9691,10.3423,9.0949,,
29.8252,10,10,47.0215,76.8465,completed,81412.65,49943.30,0.7424,8.63,0.0000,0.0285,0.3891,0.2272,2.0871,3.3849,2.0320,6.1141,6.9295,5.5191
24.7826,10,3,15.4100,40.1920,converged,81414.56,49945.05,0.7432,8.64,0.0000,0.1297,0.0299,,,,,,,
31.9737,10,10,38.8746,70.8476,completed,81414.56,49945.05,0.7432,8.64,0.0000,0.1530,0.2185,0.3568,0.7722,1.1945,3.1544,6.6015,7.5656,6.2207
21.0469,10,10,36.3913,57.4373,completed,81416.03,49946.39,0.7423,8.64,0.0000,0.0845,0.1476,0.1172,1.2459,1.0419,3.6873,6.7583,7.8385,6.5124
31.4865,10,10,54.0032,85.4893,completed,81416.03,49946.39,0.7423,8.64,0.0000,0.0506,0.3408,0.2973,1.0299,1.0018,4.7952,7.6539,7.6051,6.1354
48.4902,7,7,44.7225,93.2126,completed,81418.08,49948.27,0.7391,8.63,0.0000,0.2538,0.6593,2.4734,5.5638,9.5695,8.7616,,,
20.2241,10,3,15.1069,35.3309,converged,81418.08,49948.27,0.7391,8.63,0.0000,0.3193,0.0432,,,,,,,
53.8268,6,6,25.8681,79.6941,completed,81419.77,49949.81,0.7394,8.62,0.0000,0.1293,0.8330,6.0232,10.3681,10.7095,,,,
57.9616,6,6,27.5748,85.5359,completed,81419.77,49949.81,0.7394,8.62,0.0000,0.5419,0.5427,2.5153,5.3705,9.6550,,,,
49.1894,7,7,33.5916,82.7806,completed,81421.76,49951.62,0.7318,8.59,0.0000,0.1152,0.1614,1.4654,0.3627,6.2502,9.0708,,,
29.8137,10,10,40.1645,69.9775,completed,81421.76,49951.62,0.7318,8.59,0.0000,0.4410,0.3671,2.8998,8.7112,10.1938,4.8864,5.9785,5.9112,5.0108
38.5969,9,9,33.3507,71.9467,completed,81423.68,49953.34,0.7312,8.57,0.0000,0.3207,0.6560,0.9921,2.7198,4.7847,7.5344,8.2394,7.0221,
46.8901,7,7,36.7730,83.6631,completed,81423.68,49953.34,0.7312,8.57,0.0000,0.2844,1.4383,3.6707,6.0324,8.9182,8.1839,,,
21.7280,10,10,43.2330,64.9600,completed,81425.51,49954.97,0.7259,8.55,0.0000,0.0687,0.1257,0.6155,1.4793,3.0266,1.5538,5.3550,7.7915,6.7545
48.2299,7,7,35.7788,84.0079,completed,81425.51,49954.97,0.7259,8.55,0.0000,0.5380,0.9045,1.7484,4.5382,9.2165,8.2625,,,
50.2002,7,7,28.2284,78.4284,completed,81427.52,49956.75,0.7214,8.55,0.0000,0.4401,0.2838,0.6025,1.9731,7.6202,9.0700,,,
49.2942,7,7,27.8469,77.1556,completed,81427.52,49956.75,0.7214,8.55,0.0000,0.2380,0.4327,1.0224,2.3304,7.6079,9.8553,,,
36.9535,9,9,31.5177,68.4707,completed,81429.45,49958.44,0.7166,8.56,0.0000,0.3409,0.3655,0.2398,1.3480,1.3497,6.9629,8.3845,6.4398,
25.4299,10,10,38.6143,64.0433,completed,81429.45,49958.44,0.7166,8.56,0.0000,0.5166,0.6621,0.6407,1.1350,2.1276,6.0883,8.7780,7.0534,5.6574
23.2557,10,10,35.5266,58.7816,completed,81431.39,49960.13,0.7068,8.57,0.0000,0.0465,0.3808,1.8740,3.6423,7.3716,1.6692,4.6904,6.7243,5.7305
51.1503,7,7,33.1695,84.3196,completed,81431.39,49960.13,0.7068,8.57,0.0000,0.5425,0.8823,1.7139,4.8754,9.7813,7.8367,,,
20.2185,10,10,57.1296,77.3476,completed,81433.37,49961.82,0.7017,8.58,0.0000,0.3385,0.5026,0.4846,1.0994,3.7304,6.2336,8.2248,7.0546,5.7776
53.8993,6,6,25.4507,79.3497,completed,81433.37,49961.82,0.7017,8.58,0.0000,0.0729,1.3061,1.7294,3.9265,9.4373,,,,
29.8411,10,10,42.9139,72.7549,completed,81435.52,49963.62,0.6899,8.59,0.0000,0.3942,0.3720,0.4477,0.6700,2.5720,4.2317,7.6824,6.6681,5.4538
53.8701,6,6,22.2412,76.1112,completed,81435.52,49963.62,0.6899,8.59,0.0000,0.2170,2.3166,15.4810,9.3892,9.3457,,,,
45.9965,8,8,28.5322,74.5282,completed,81437.31,49965.09,0.6765,8.59,0.0000,1.0402,0.8392,1.8043,5.9622,6.3195,7.1998,7.0027,,
42.6036,8,8,39.2614,81.8645,completed,81437.31,49965.09,0.6765,8.59,0.0000,1.1186,1.1282,0.6513,5.8692,6.6751,7.3756,7.0683,,
27.3414,10,10,51.1959,78.5370,completed,81439.67,49966.96,0.6571,8.59,0.0000,0.8532,1.1228,0.8534,0.9560,3.6992,4.3228,5.9955,5.7746,4.9090
32.6816,10,10,38.4356,71.1167,completed,81439.67,49966.96,0.6571,8.59,0.0000,0.8628,1.1780,1.7760,0.9567,1.5626,3.0005,6.7323,6.9153,5.7282
52.0192,6,6,29.2236,81.2427,completed,81441.58,49968.41,0.6423,8.58,0.0000,2.0305,2.3222,4.0364,6.7381,8.3337,,,,
30.9950,10,10,42.2152,73.2092,completed,81441.58,49968.41,0.6423,8.58,0.0000,0.5233,0.8542,1.5134,1.1837,1.1514,2.8428,6.3018,6.9054,5.6604
24.3746,10,10,36.0965,60.4705,completed,81443.43,49969.79,0.6347,8.56,0.0000,0.4775,0.5290,0.4108,0.7275,5.4083,3.8761,6.5354,6.8660,5.8198
24.6473,10,10,48.9301,73.5771,completed,81443.43,49969.79,0.6347,8.56,0.0000,0.4068,0.5220,0.4500,1.1170,3.8499,5.6086,7.4226,6.4696,5.1959
46.0776,7,7,26.2609,72.3379,completed,81445.49,49971.31,0.6258,8.54,0.0000,0.4463,0.3620,2.4506,4.6342,8.3062,8.2849,,,
59.9573,5,5,20.7566,80.7137,completed,81445.49,49971.31,0.6258,8.54,0.0000,0.1714,1.8354,7.4288,11.2302,,,,,
21.8395,10,10,34.8371,56.6762,completed,81447.35,49972.66,0.6257,8.52,0.0000,0.4024,0.5428,0.6215,0.3583,2.5569,3.7361,6.7857,7.2052,6.0183
52.5976,6,6,24.8499,77.4469,completed,81447.35,49972.66,0.6257,8.52,0.0000,0.4857,0.4004,4.7734,6.5420,9.7943,,,,
43.7229,8,8,31.5677,75.2897,completed,81449.28,49974.05,0.6201,8.50,0.0000,0.9254,1.8276,3.5376,1.7173,3.6131,6.9709,8.1214,,
48.1925,7,7,24.3026,72.4947,completed,81449.28,49974.05,0.6201,8.50,0.0000,0.9698,0.8150,1.7829,4.4366,7.9199,7.5389,,,
27.9201,10,10,57.2632,85.1833,completed,81451.36,49975.53,0.6196,8.48,0.0000,0.5011,0.7335,0.6535,0.7138,2.8100,2.9230,5.4624,6.1060,5.2546
50.6253,7,7,42.6461,93.2711,completed,81451.36,49975.53,0.6196,8.48,0.0000,0.9120,0.8059,1.8447,4.7587,7.3737,7.4147,,,
38.6049,9,9,37.5710,76.1750,completed,81453.56,49977.09,0.6118,8.45,0.0000,0.3140,0.4237,0.1327,1.4118,3.1215,5.5112,6.7913,5.8737,
23.7104,10,10,36.2588,59.9688,completed,81453.56,49977.09,0.6118,8.45,0.0000,0.4463,0.5256,0.2044,0.4633,2.2521,4.3883,6.0798,5.7457,4.7647
53.6351,6,6,25.9209,79.5560,completed,81455.36,49978.35,0.6089,8.44,0.0000,0.8756,1.7371,1.5790,6.2516,8.4934,,,,
38.6233,9,9,37.2523,75.8754,completed,81455.36,49978.35,0.6089,8.44,0.0000,0.2599,0.2812,0.1137,1.3059,4.0398,5.6951,6.5673,5.5969,
34.3472,9,9,39.7765,74.1235,completed,81457.23,49979.65,0.6023,8.44,0.0000,0.3151,0.5667,0.2184,0.9915,3.4475,6.2191,6.7996,5.5479,
59.3076,5,5,19.9365,79.2436,completed,81457.23,49979.65,0.6023,8.44,0.0000,1.6154,4.8149,1.5205,8.2578,,,,,
48.9285,7,7,53.4385,102.3666,completed,81459.32,49981.08,0.5993,8.44,0.0000,0.3664,0.8653,0.6083,3.8497,7.7181,7.9334,,,
29.4305,10,10,61.0447,90.4747,completed,81459.32,49981.08,0.5993,8.44,0.0000,0.2454,0.4632,0.5868,0.4768,2.1275,3.7780,5.6257,5.9977,5.1417
51.6678,7,7,30.0449,81.7119,completed,81461.90,49982.84,0.5934,8.45,0.0000,0.3537,0.6317,2.0842,4.4945,7.9805,7.4596,,,
35.3316,9,9,50.0186,85.3496,completed,81461.90,49982.84,0.5934,8.45,0.0000,0.4011,1.0512,2.1524,2.1635,3.0167,6.2339,7.2907,6.4446,
30.0924,10,10,34.8013,64.8933,completed,81464.01,49984.24,0.5876,8.47,0.0000,0.0222,0.2042,0.5455,0.3266,2.4694,4.4673,6.1052,5.9720,5.0379
46.4767,7,7,34.4066,80.8826,completed,81464.01,49984.24,0.5876,8.47,0.0000,0.5620,2.4647,2.0433,4.3126,7.3207,8.1369,,,
55.1899,6,6,28.8382,84.0272,completed,81466.26,49985.72,0.5784,8.48,0.0000,0.4280,0.7447,2.6074,7.3384,8.8108,,,,
21.5104,10,10,42.9707,64.4807,completed,81466.26,49985.72,0.5784,8.48,0.0000,0.1261,0.4375,0.5204,1.0528,3.1921,4.7806,6.3478,5.8789,4.8473
35.8130,9,3,22.5118,58.3238,converged,81468.12,49986.92,0.5747,8.48,0.0000,0.1617,0.0441,,,,,,,
55.0328,6,6,25.4317,80.4637,completed,81468.12,49986.92,0.5747,8.48,0.0000,1.2065,4.8867,1.6308,6.3536,9.0969,,,,
34.6642,9,9,51.1310,85.7951,completed,81470.26,49988.30,0.5691,8.48,0.0000,0.0484,0.1033,0.3332,0.9928,3.3487,6.1546,6.8949,5.9820,
46.9917,7,7,43.6155,90.6065,completed,81470.26,49988.30,0.5691,8.48,0.0000,0.6475,1.8872,0.4558,6.4850,7.3526,8.2108,,,
26.4198,10,10,58.1047,84.5238,completed,81472.54,49989.76,0.5635,8.47,0.0000,0.0824,0.2409,0.5032,0.8689,1.5082,4.6176,6.8255,6.4372,5.2133
26.9605,10,10,45.0949,72.0550,completed,81472.54,49989.76,0.5635,8.47,0.0000,0.1485,0.5581,0.9866,0.4942,6.0369,5.0788,6.0184,6.0844,5.2774
38.2335,9,3,9.0107,47.2437,converged,81474.90,49991.24,0.5519,8.47,0.0000,0.0620,0.0549,,,,,,,
29.6301,10,10,45.1750,74.8051,completed,81474.90,49991.24,0.5519,8.47,0.0000,0.4425,0.7883,1.6117,0.7690,2.6916,4.3831,5.8120,6.3826,5.6384
48.1412,7,7,26.6849,74.8259,completed,81477.04,49992.53,0.5412,8.46,0.0000,0.1121,0.2144,0.5488,3.4642,7.3429,8.0219,,,
31.1230,10,10,39.4808,70.6028,completed,81477.04,49992.53,0.5412,8.46,0.0000,0.0817,0.1213,0.2782,0.6836,2.8203,4.4669,6.3144,6.1526,5.1689
29.7102,10,10,39.4318,69.1418,completed,81478.89,49993.64,0.5347,8.45,0.0000,0.1802,0.1795,0.3028,0.8312,1.7499,4.5774,6.9831,6.4136,5.1427
26.2753,10,10,39.7642,66.0392,completed,81478.89,49993.64,0.5347,8.45,0.0000,0.2945,0.7116,1.1453,0.3329,3.7510,4.6696,6.2505,6.4240,5.4590
31.2945,10,3,14.9371,46.2312,converged,81481.07,49994.93,0.5229,8.45,0.0000,0.0395,0.0459,,,,,,,
20.0451,10,3,11.5689,31.6139,converged,81481.07,49994.93,0.5229,8.45,0.0000,0.0421,0.0908,,,,,,,
32.6954,10,3,15.4221,48.1171,converged,81482.67,49995.85,0.5162,8.44,0.0000,0.0378,0.0534,,,,,,,
59.0658,5,5,21.2115,80.2765,completed,81482.67,49995.85,0.5162,8.44,0.0000,0.5498,1.2426,5.9490,10.0309,,,,,
30.4488,10,3,14.4570,44.9051,converged,81484.27,49996.76,0.5073,8.44,0.0000,0.0378,0.0575,,,,,,,
54.9242,6,6,37.3507,92.2747,completed,81484.27,49996.76,0.5073,8.44,0.0000,0.5559,0.1179,4.4200,8.1445,9.8493,,,,
27.8863,10,10,51.4040,79.2900,completed,81486.52,49998.00,0.4993,8.43,0.0000,0.1102,0.1159,0.3357,0.8580,1.3656,2.6424,5.9696,6.3857,5.4210
29.1391,10,4,20.4840,49.6230,converged,81486.52,49998.00,0.4993,8.43,0.0000,0.4042,0.3061,0.0497,,,,,,
58.7453,5,5,27.7545,86.4995,completed,81488.57,49999.10,0.4865,8.43,0.0000,0.2646,1.2756,4.2612,9.4387,,,,,
29.0429,10,3,12.2562,41.2982,converged,81488.57,49999.10,0.4865,8.43,0.0000,0.1127,0.0305,,,,,,,
46.2554,7,7,29.8805,76.1356,completed,81490.66,50000.18,0.4651,8.43,0.0000,0.0934,0.3208,2.0156,3.3925,7.7750,8.1435,,,
50.2051,7,7,32.6845,82.8895,completed,81490.66,50000.18,0.4651,8.43,0.0000,0.3655,0.6101,1.4420,4.1898,7.9094,8.0383,,,
44.8830,8,8,36.1216,81.0036,completed,81493.07,50001.38,0.4553,8.43,0.0000,0.0898,0.2667,0.8823,1.4192,5.5440,8.0092,6.8514,,
45.6384,8,8,32.8670,78.5050,completed,81493.07,50001.38,0.4553,8.43,0.0000,0.3163,0.1223,0.7797,2.5469,6.2005,8.3243,7.4361,,
57.5621,6,6,23.0492,80.6112,completed,81495.19,50002.41,0.4428,8.42,0.0000,0.1722,0.3776,1.8918,6.4062,9.2194,,,,
35.7365,9,9,33.9904,69.7264,completed,81495.19,50002.41,0.4428,8.42,0.0000,0.0926,0.4880,0.5551,1.1223,3.4318,6.0116,7.4969,7.6011,
25.4610,10,10,52.1124,77.5734,completed,81497.49,50003.47,0.4250,8.42,0.0000,0.0699,0.3110,0.2979,1.3334,1.5462,4.0710,6.5917,6.9446,5.7732
22.1791,10,10,38.2477,60.4267,completed,81497.49,50003.47,0.4250,8.42,0.0000,0.1603,0.4013,0.1128,1.3633,1.2640,4.3211,6.4159,6.9153,6.0024
47.5082,7,7,30.6421,78.1502,completed,81499.64,50004.43,0.4091,8.41,0.0000,0.1474,0.1420,1.9135,4.1156,8.4911,8.7660,,,
39.9386,9,9,31.3320,71.2700,completed,81499.64,50004.43,0.4091,8.41,0.0000,0.0698,0.1671,1.0537,2.7185,2.1303,5.9231,7.1383,6.3529,
40.8261,8,8,43.2122,84.0382,completed,81501.96,50005.42,0.3943,8.40,0.0000,0.0636,0.2788,1.1242,1.9805,5.6252,8.3167,8.3916,,
20.4690,10,3,11.0554,31.5244,converged,81501.96,50005.42,0.3943,8.40,0.0000,0.1028,0.0391,,,,,,,
38.4530,9,9,34.5235,72.9756,completed,81503.82,50006.19,0.3847,8.39,0.0000,0.3090,0.1829,0.5468,1.1813,4.2495,7.7784,8.0748,6.6614,
59.8400,5,5,32.3435,92.1825,completed,81503.82,50006.19,0.3847,8.39,0.0000,0.0898,0.7795,6.3815,10.5139,,,,,
26.7274,10,3,15.6015,42.3285,converged,81506.19,50007.14,0.3764,8.39,0.0000,0.0427,0.0331,,,,,,,
58.7555,5,5,31.0021,89.7571,completed,81506.19,50007.14,0.3764,8.39,0.0000,0.2124,1.4378,8.3871,11.6618,,,,,
23.1028,10,3,11.3081,34.4102,converged,81508.49,50008.05,0.3662,8.38,0.0000,0.1186,0.0910,,,,,,,
30.4132,10,10,44.9034,75.3165,completed,81508.49,50008.05,0.3662,8.38,0.0000,0.1273,0.1984,0.1595,1.4741,2.8447,5.1607,7.7132,6.9855,5.5914
27.1541,10,4,13.1670,40.3210,converged,81510.53,50008.82,0.3576,8.37,0.0000,0.1304,0.1931,0.0964,,,,,,
41.5927,8,8,39.4544,81.0465,completed,81510.53,50008.82,0.3576,8.37,0.0000,0.0986,0.6512,0.3806,1.8178,5.1003,8.6496,7.8485,,
56.0950,6,6,24.5470,80.6410,completed,81512.25,50009.46,0.3512,8.37,0.0000,0.0604,0.9847,2.3570,5.9072,9.5557,,,,
35.7603,9,9,36.4334,72.1934,completed,81512.25,50009.46,0.3512,8.37,0.0000,0.3429,0.4393,1.2539,4.4280,5.3293,8.1700,8.6144,7.1390,
25.6657,10,10,41.7171,67.3821,completed,81514.77,50010.37,0.3462,8.37,0.0000,0.1708,0.3177,0.2548,0.2703,2.2084,4.8696,6.8402,7.2736,5.9456
44.1747,8,8,29.4138,73.5879,completed,81514.77,50010.37,0.3462,8.37,0.0000,0.4404,0.6918,1.4497,2.4676,4.6465,8.1008,6.8474,,
49.9929,7,7,28.2061,78.1982,completed,81516.81,50011.09,0.3276,8.35,0.0000,0.1011,0.2858,1.7580,7.2892,10.8140,8.6529,,,
41.7614,8,8,29.4751,71.2362,completed,81516.81,50011.09,0.3276,8.35,0.0000,0.2463,0.1909,0.7750,2.6248,4.9698,8.8485,8.2569,,
55.8399,6,6,30.7225,86.5615,completed,81519.19,50011.88,0.3079,8.34,0.0000,0.1459,0.6187,2.6409,9.3935,10.4373,,,,
33.1100,10,10,55.7079,88.8179,completed,81519.19,50011.88,0.3079,8.34,0.0000,0.3076,0.2838,0.1496,1.6972,4.1092,4.3566,7.4688,7.2145,5.7434
30.7473,10,10,39.0152,69.7622,completed,81521.73,50012.69,0.2997,8.35,0.0000,0.2816,0.4058,1.1632,2.6056,1.6946,2.7108,6.9428,7.5157,6.2377
56.8902,6,6,26.9122,83.8022,completed,81521.73,50012.69,0.2997,8.35,0.0000,0.4987,0.3715,1.3526,4.8497,10.0463,,,,
20.3054,10,3,12.1269,32.4319,converged,81524.29,50013.44,0.2821,8.38,0.0000,0.0285,0.0882,,,,,,,
53.3017,6,6,21.8645,75.1656,completed,81524.29,50013.44,0.2821,8.38,0.0000,0.7037,1.0288,3.6390,9.1310,10.3443,,,,
45.1069,8,8,37.7734,82.8796,completed,81526.39,50014.04,0.2709,8.42,0.0000,0.0247,0.2418,1.0330,0.4740,5.2295,9.2882,8.2775,,
47.0549,7,7,44.8914,91.9455,completed,81526.39,50014.04,0.2709,8.42,0.0000,0.3252,0.1825,3.7218,6.1668,10.2731,10.2268,,,
36.5030,9,3,21.1918,57.6948,converged,81528.98,50014.75,0.2652,8.41,0.0000,0.0287,0.0681,,,,,,,
50.8903,7,7,29.2012,80.0912,completed,81528.98,50014.75,0.2652,8.41,0.0000,0.7490,1.9664,1.5508,2.5893,7.5160,9.8392,,,
42.8512,8,3,14.0548,56.9058,converged,81531.25,50015.36,0.2510,8.40,0.0000,0.0414,0.0286,,,,,,,
43.6810,8,8,43.6160,87.2970,completed,81531.25,50015.36,0.2510,8.40,0.0000,0.2226,0.5814,0.7538,1.8338,4.9651,9.3818,8.5542,,
54.3718,6,3,13.8391,68.2101,converged,81533.45,50015.91,0.2429,8.40,0.0000,0.0281,0.0603,,,,,,,
59.8173,5,5,21.8071,81.6241,completed,81533.45,50015.91,0.2429,8.40,0.0000,0.3310,0.6599,3.7806,10.7349,,,,,
41.2729,8,8,29.8240,71.0961,completed,81535.90,50016.52,0.2370,8.39,0.0000,0.0360,0.1448,0.3836,0.7279,4.5024,8.5612,8.6752,,
47.8163,7,7,32.9329,80.7489,completed,81535.90,50016.52,0.2370,8.39,0.0000,0.1192,0.4763,1.0757,3.0031,9.1977,9.7187,,,
43.9659,8,4,12.9095,56.8745,converged,81538.34,50017.10,0.2282,8.33,0.0000,0.1403,0.1176,0.0728,,,,,,
24.9556,10,3,11.2029,36.1579,converged,81538.34,50017.10,0.2282,8.33,0.0000,0.0214,0.0609,,,,,,,
52.9520,6,6,27.6764,80.6300,completed,81539.97,50017.48,0.2205,8.33,0.0000,0.0578,0.1179,1.7086,9.2166,11.3277,,,,
29.1011,10,10,35.9196,65.0206,completed,81539.97,50017.48,0.2205,8.33,0.0000,0.0437,0.1551,0.3204,0.1208,0.4465,3.3325,7.8270,8.0716,6.3106
30.5617,10,3,10.6185,41.1795,converged,81542.40,50018.02,0.2169,8.34,0.0000,0.0054,0.0112,,,,,,,
31.5337,10,10,42.0104,73.5435,completed,81542.40,50018.02,0.2169,8.34,0.0000,0.0154,0.1066,0.4717,0.5442,0.7156,1.5343,6.3062,7.7921,6.6677
42.6605,8,8,29.8773,72.5373,completed,81544.60,50018.51,0.2120,8.32,0.0000,0.0348,0.1822,0.4251,0.7473,4.7884,8.8920,8.3924,,
47.8363,7,7,29.3135,77.1495,completed,81544.60,50018.51,0.2120,8.32,0.0000,0.0390,0.2002,0.4468,2.8050,9.6188,9.3030,,,
35.2760,9,3,10.4164,45.6914,converged,81546.88,50018.98,0.2052,8.30,0.0000,0.0678,0.0204,,,,,,,
26.6898,10,3,17.9629,44.6519,converged,81547.86,50019.18,0.2004,8.30,0.0000,0.0519,0.0344,,,,,,,
38.9060,9,3,10.6686,49.5747,converged,81547.86,50019.18,0.2004,8.30,0.0000,0.0455,0.0254,,,,,,,
53.4110,6,6,22.3075,75.7186,completed,81549.73,50019.55,0.1964,8.30,0.0000,0.0682,0.6684,1.8655,8.2156,11.1791,,,,
35.0308,9,3,12.9236,47.9536,converged,81549.73,50019.55,0.1964,8.30,0.0000,0.0769,0.0609,,,,,,,
33.3047,10,3,15.3206,48.6246,converged,81551.77,50019.96,0.1941,8.31,0.0000,0.0407,0.0375,,,,,,,
33.2157,10,10,37.4875,70.7025,completed,81551.77,50019.96,0.1941,8.31,0.0000,0.0650,0.1200,0.2588,0.5889,0.3840,3.4140,7.4297,8.5587,6.7582
56.5379,6,6,29.6060,86.1430,completed,81553.71,50020.34,0.1926,8.31,0.0000,0.1219,0.5800,1.9927,7.7833,11.2332,,,,
45.0635,8,3,12.5967,57.6598,converged,81553.71,50020.34,0.1926,8.31,0.0000,0.0683,0.0716,,,,,,,
43.5556,8,3,9.8437,53.3987,converged,81556.25,50020.83,0.1895,8.32,0.0000,0.0372,0.0601,,,,,,,
53.1237,6,6,28.7974,81.9205,completed,81556.25,50020.83,0.1895,8.32,0.0000,0.1487,0.4318,1.1722,6.2196,10.9742,,,,
55.7093,6,6,24.2861,79.9952,completed,81558.29,50021.22,0.1863,8.32,0.0000,0.0797,0.3927,1.7078,5.4545,10.5208,,,,
20.4591,10,3,13.5333,33.9923,converged,81558.29,50021.22,0.1863,8.32,0.0000,0.0622,0.0852,,,,,,,
20.9645,10,3,14.0620,35.0260,converged,81560.34,50021.61,0.1832,8.33,0.0000,0.0389,0.0808,,,,,,,
44.0033,8,8,41.7493,85.7523,completed,81560.34,50021.61,0.1832,8.33,0.0000,0.1298,0.1933,0.4245,0.5514,3.5716,9.0968,9.1793,,
32.1409,10,3,16.8509,48.9909,converged,81562.38,50021.99,0.1802,8.33,0.0000,0.0232,0.0363,,,,,,,
24.3306,10,3,10.9491,35.2791,converged,81562.38,50021.99,0.1802,8.33,0.0000,0.0296,0.0209,,,,,,,
29.7507,10,10,38.9915,68.7415,completed,81564.19,50022.32,0.1801,8.35,0.0000,0.0657,0.1316,0.3176,0.5502,0.8082,3.0898,6.9071,8.5565,7.2440
57.5689,6,3,10.0554,67.6234,converged,81564.19,50022.32,0.1801,8.35,0.0000,0.0894,0.0951,,,,,,,
35.8231,9,3,13.4871,49.3101,converged,81566.49,50022.74,0.1764,8.37,0.0000,0.0597,0.0944,,,,,,,
35.4829,9,3,10.7256,46.2076,converged,81566.49,50022.74,0.1764,8.37,0.0000,0.0242,0.0212,,,,,,,
46.0665,7,3,10.4399,56.5059,converged,81568.31,50023.06,0.1792,8.38,0.0000,0.0211,0.0786,,,,,,,
23.1969,10,3,9.9397,33.1357,converged,81568.31,50023.06,0.1792,8.38,0.0000,0.0617,0.0779,,,,,,,
35.7736,9,3,13.0952,48.8682,converged,81569.96,50023.36,0.1776,8.39,0.0000,0.0603,0.0841,,,,,,,
53.8577,6,6,28.5523,82.4093,completed,81569.96,50023.36,0.1776,8.39,0.0000,0.0818,0.2889,1.2193,5.8945,11.0124,,,,
48.8438,7,3,16.6752,65.5182,converged,81572.04,50023.73,0.1754,8.39,0.0000,0.0670,0.0935,,,,,,,
25.9146,10,3,13.4535,39.3675,converged,81572.04,50023.73,0.1754,8.39,0.0000,0.0206,0.0211,,,,,,,
33.0925,10,3,10.3636,43.4557,converged,81573.93,50024.06,0.1755,8.40,0.0000,0.0175,0.0183,,,,,,,
44.3517,8,8,28.4988,72.8498,completed,81573.93,50024.06,0.1755,8.40,0.0000,0.0827,0.2537,0.3893,0.3196,2.3824,7.9280,9.0593,,
29.8145,10,3,10.2587,40.0728,converged,81576.25,50024.47,0.1714,8.39,0.0000,0.0070,0.0325,,,,,,,
38.5583,9,3,18.5227,57.0808,converged,81576.25,50024.47,0.1714,8.39,0.0000,0.0129,0.0242,,,,,,,
20.4985,10,3,13.7611,34.2591,converged,81578.24,50024.82,0.1715,8.39,0.0000,0.0201,0.0132,,,,,,,
52.9184,6,6,30.7497,83.6677,completed,81578.24,50024.82,0.1715,8.39,0.0000,0.0791,0.1197,0.9082,5.1556,10.5976,,,,
46.2105,7,3,17.5808,63.7908,converged,81580.73,50025.24,0.1692,8.38,0.0000,0.0409,0.0320,,,,,,,
41.8213,8,8,39.2881,81.1092,completed,81580.73,50025.24,0.1692,8.38,0.0000,0.0380,0.2100,1.2548,2.4923,2.4086,6.4654,8.7802,,
38.2882,9,3,14.4192,52.7072,converged,81583.04,50025.64,0.1709,8.37,0.0000,0.0425,0.0258,,,,,,,
37.5148,9,3,10.4275,47.9415,converged,81583.04,50025.64,0.1709,8.37,0.0000,0.0296,0.0369,,,,,,,
46.4769,7,7,26.0037,72.4797,completed,81584.86,50025.96,0.1693,8.37,0.0000,0.0148,0.1468,1.1360,0.4024,6.5338,9.6461,,,
32.1957,10,3,10.6856,42.8806,converged,81584.86,50025.96,0.1693,8.37,0.0000,0.0121,0.0662,,,,,,,
36.6155,9,3,10.9409,47.5559,converged,81587.01,50026.33,0.1674,8.36,0.0000,0.0147,0.0208,,,,,,,
59.5978,5,5,22.8618,82.4589,completed,81587.01,50026.33,0.1674,8.36,0.0000,0.2001,1.0363,2.0552,9.6935,,,,,
28.3567,10,3,12.5320,40.8880,converged,81589.24,50026.71,0.1737,8.35,0.0000,0.0099,0.0296,,,,,,,
26.2118,10,3,13.3931,39.6042,converged,81589.24,50026.71,0.1737,8.35,0.0000,0.0389,0.0733,,,,,,,
35.0618,9,3,10.4454,45.5064,converged,81590.88,50027.00,0.1714,8.35,0.0000,0.0345,0.0907,,,,,,,
32.5173,10,10,46.8631,79.3801,completed,81590.88,50027.00,0.1714,8.35,0.0000,0.0963,0.1918,0.3211,1.0562,1.4929,2.5214,6.5907,8.2740,6.6863
45.8395,8,8,38.0161,83.8551,completed,81592.94,50027.35,0.1705,8.34,0.0000,0.0889,0.1807,0.4051,0.7478,3.4288,9.0426,9.2642,,
40.5942,8,8,39.9853,80.5793,completed,81592.94,50027.35,0.1705,8.34,0.0000,0.1206,0.2434,0.9877,1.2220,2.8000,8.1280,9.3184,,
48.9740,7,7,31.5628,80.5359,completed,81595.41,50027.77,0.1709,8.33,0.0000,0.1007,0.3093,0.6797,1.7435,9.2664,9.4866,,,
29.7659,10,10,40.4887,70.2538,completed,81595.41,50027.77,0.1709,8.33,0.0000,0.0764,0.1516,0.3442,1.5983,0.9484,1.4521,5.2809,8.1347,7.1259
23.8290,10,3,12.9211,36.7491,converged,81597.71,50028.17,0.1732,8.33,0.0000,0.0052,0.0699,,,,,,,
50.3376,7,7,29.1837,79.5208,completed,81597.71,50028.17,0.1732,8.33,0.0000,0.1472,0.2590,1.0726,1.4553,8.5788,9.6530,,,
29.5254,10,10,39.8191,69.3441,completed,81599.92,50028.55,0.1716,8.33,0.0000,0.0404,0.1335,0.3185,0.3889,0.7233,3.2903,8.2970,8.1375,6.7119
25.4172,10,10,37.1371,62.5541,completed,81599.92,50028.55,0.1716,8.33,0.0000,0.1201,0.2275,0.4438,1.1277,0.5944,1.9082,6.9935,8.1805,6.5226
20.7811,10,3,11.0331,31.8141,converged,81601.97,50028.91,0.1750,8.32,0.0000,0.0140,0.0571,,,,,,,
24.6431,10,10,50.6030,75.2460,completed,81601.97,50028.91,0.1750,8.32,0.0000,0.1376,0.2227,0.3408,0.9067,0.4380,2.1004,6.9947,8.3102,6.7289
41.1467,8,4,14.3913,55.5373,converged,81604.03,50029.27,0.1771,8.33,0.0000,0.0714,0.1137,0.0847,,,,,,
38.1151,9,9,33.3314,71.4464,completed,81604.03,50029.27,0.1771,8.33,0.0000,0.1386,0.1641,0.1005,0.5054,3.5759,9.6629,9.1664,6.9551,
48.6905,7,3,12.6129,61.3030,converged,81606.07,50029.65,0.1835,8.33,0.0000,0.0427,0.0969,,,,,,,
55.7141,6,6,33.3816,89.0957,completed,81606.07,50029.65,0.1835,8.33,0.0000,0.2042,0.2386,0.2300,4.1590,10.1937,,,,
33.6456,10,3,10.2038,43.8488,converged,81608.37,50030.07,0.1820,8.33,0.0000,0.0547,0.0569,,,,,,,
24.9440,10,4,19.0888,44.0319,converged,81608.37,50030.07,0.1820,8.33,0.0000,0.0860,0.1390,0.0850,,,,,,
59.6720,5,5,23.4740,83.1460,completed,81610.17,50030.40,0.1815,8.34,0.0000,0.3010,0.2429,3.4327,11.1893,,,,,
58.1732,5,5,21.3674,79.5405,completed,81610.17,50030.40,0.1815,8.34,0.0000,0.1112,0.4438,1.1742,9.3903,,,,,
20.9027,10,10,54.8738,75.7758,completed,81612.47,50030.82,0.1817,8.34,0.0000,0.1237,0.1743,0.1835,0.7443,3.4361,7.3879,9.6121,8.2791,6.3683
27.3210,10,3,23.4556,50.7766,converged,81612.47,50030.82,0.1817,8.34,0.0000,0.0192,0.0564,,,,,,,
35.7238,9,3,16.9206,52.6436,converged,81614.69,50031.23,0.1864,8.35,0.0000,0.0209,0.0647,,,,,,,
31.5713,10,4,21.7119,53.2829,converged,81614.69,50031.23,0.1864,8.35,0.0000,0.0731,0.1074,0.0164,,,,,,
51.4685,7,3,20.4444,71.9124,converged,81616.51,50031.57,0.1850,8.35,0.0000,0.1260,0.0213,,,,,,,
39.9105,9,3,14.8564,54.7664,converged,81616.51,50031.57,0.1850,8.35,0.0000,0.0708,0.0631,,,,,,,
25.7977,10,10,43.9062,69.7033,completed,81618.72,50031.99,0.1887,8.36,0.0000,0.1846,0.3033,0.5500,2.1870,6.7082,11.8602,9.1218,7.6208,5.8624
53.2480,6,6,31.1637,84.4117,completed,81618.72,50031.99,0.1887,8.36,0.0000,0.1253,0.2161,0.3998,4.9861,10.5479,,,,
29.9687,10,10,34.3518,64.3199,completed,81621.27,50032.47,0.1920,8.36,0.0000,0.1646,0.2107,0.1621,0.6043,1.6011,2.9741,7.9248,8.7033,7.4641
21.9121,10,4,13.4516,35.3637,converged,81621.27,50032.47,0.1920,8.36,0.0000,0.0976,0.1334,0.0673,,,,,,
48.2310,7,3,13.9715,62.2026,converged,81623.32,50032.87,0.1909,8.36,0.0000,0.0175,0.0217,,,,,,,
27.1865,10,3,20.6268,47.8129,converged,81623.32,50032.87,0.1909,8.36,0.0000,0.0909,0.0771,,,,,,,
48.0929,7,7,36.7633,84.8553,completed,81625.17,50033.21,0.1901,8.36,0.0000,0.0185,0.3455,0.1790,1.3175,7.6473,9.9452,,,
29.1964,10,3,9.8369,39.0330,converged,81625.17,50033.21,0.1901,8.36,0.0000,0.0710,0.0429,,,,,,,
41.2765,8,8,45.3036,86.5796,completed,81627.21,50033.61,0.1932,8.36,0.0000,0.0721,0.1144,0.3761,1.4450,5.0608,9.7791,9.7695,,
34.9799,9,3,11.9606,46.9397,converged,81627.21,50033.61,0.1932,8.36,0.0000,0.0473,0.0272,,,,,,,
44.5685,8,3,10.3220,54.8900,converged,81629.41,50034.04,0.1958,8.36,0.0000,0.0386,0.0462,,,,,,,
27.3935,10,3,20.2424,47.6355,converged,81629.41,50034.04,0.1958,8.36,0.0000,0.0758,0.0964,,,,,,,
28.4874,10,3,20.9882,49.4753,converged,81631.55,50034.46,0.1977,8.36,0.0000,0.0393,0.0177,,,,,,,
27.6821,10,3,10.6141,38.2961,converged,81631.55,50034.46,0.1977,8.36,0.0000,0.0756,0.0980,,,,,,,
45.7118,8,3,11.9672,57.6782,converged,81633.60,50034.87,0.1984,8.36,0.0000,0.0220,0.0551,,,,,,,
56.8140,6,6,35.8532,92.6673,completed,81633.60,50034.87,0.1984,8.36,0.0000,0.0629,1.2018,1.9896,4.4202,10.1981,,,,
43.4954,8,3,15.5683,59.0633,converged,81635.84,50035.32,0.1993,8.36,0.0000,0.0396,0.0791,,,,,,,
51.5274,7,3,10.1486,61.6757,converged,81635.84,50035.32,0.1993,8.36,0.0000,0.0696,0.0935,,,,,,,
56.8207,6,6,39.6160,96.4360,completed,81637.89,50035.74,0.1988,8.36,0.0000,0.0424,0.4509,2.1035,4.0598,10.0033,,,,
41.1311,8,3,10.1085,51.2395,converged,81637.89,50035.74,0.1988,8.36,0.0000,0.0096,0.0493,,,,,,,
58.0090,5,5,22.7927,80.8017,completed,81640.06,50036.18,0.1964,8.35,0.0000,0.0820,0.5226,4.1828,10.8590,,,,,
24.7907,10,3,10.2307,35.0207,converged,81640.06,50036.18,0.1964,8.35,0.0000,0.0560,0.0898,,,,,,,
38.5751,9,3,18.1939,56.7689,converged,81642.20,50036.61,0.1987,8.35,0.0000,0.0258,0.0556,,,,,,,
46.5957,7,3,15.9028,62.4978,converged,81642.20,50036.61,0.1987,8.35,0.0000,0.0959,0.0571,,,,,,,
37.8643,9,9,36.4400,74.3041,completed,81644.29,50037.03,0.1975,8.35,0.0000,0.0762,0.1744,0.3786,0.9089,1.8361,3.0453,8.1321,8.9670,
52.0370,6,3,21.0115,73.0476,converged,81644.29,50037.03,0.1975,8.35,0.0000,0.1136,0.0438,,,,,,,
21.9998,10,3,12.9660,34.9650,converged,81646.47,50037.47,0.1963,8.34,0.0000,0.0379,0.0856,,,,,,,
34.0823,9,9,34.2260,68.3081,completed,81646.47,50037.47,0.1963,8.34,0.0000,0.0920,0.1146,0.1366,1.1529,2.6690,9.1512,9.8389,7.6307,
21.1668,10,3,12.7649,33.9309,converged,81648.34,50037.84,0.1977,8.34,0.0000,0.0127,0.0229,,,,,,,
26.7557,10,3,12.0738,38.8288,converged,81648.34,50037.84,0.1977,8.34,0.0000,0.0658,0.0587,,,,,,,
44.5203,8,3,15.1626,59.6827,converged,81650.22,50038.21,0.1972,8.34,0.0000,0.1318,0.0579,,,,,,,
49.6639,7,7,31.7401,81.4031,completed,81650.22,50038.21,0.1972,8.34,0.0000,0.0707,0.2318,0.6199,1.5592,5.8140,10.0200,,,
37.7487,9,3,9.3395,47.0875,converged,81652.42,50038.65,0.1955,8.33,0.0000,0.0435,0.0193,,,,,,,
20.6029,10,3,10.5015,31.1035,converged,81652.42,50038.65,0.1955,8.33,0.0000,0.0828,0.0907,,,,,,,
57.2213,6,6,25.0410,82.2620,completed,81654.30,50039.03,0.1947,8.33,0.0000,0.1295,0.1323,1.4460,3.1177,9.9886,,,,
43.7940,8,8,29.6190,73.4131,completed,81654.30,50039.03,0.1947,8.33,0.0000,0.1226,0.1286,0.3321,1.1569,3.6241,8.0464,10.3155,,
58.0762,5,5,22.4731,80.5492,completed,81656.51,50039.46,0.1927,8.33,0.0000,0.1176,0.4488,2.2885,9.5010,,,,,
44.8679,8,3,11.6500,56.5171,converged,81656.51,50039.46,0.1927,8.33,0.0000,0.1116,0.0852,,,,,,,
34.8867,9,3,9.0156,43.9016,converged,81658.72,50039.90,0.1950,8.33,0.0000,0.0620,0.0375,,,,,,,
40.2660,8,3,11.0245,51.2906,converged,81658.72,50039.90,0.1950,8.33,0.0000,0.1228,0.0912,,,,,,,
23.9085,10,3,10.5439,34.4520,converged,81660.35,50040.22,0.1942,8.33,0.0000,0.0488,0.0471,,,,,,,
37.1635,9,3,16.6696,53.8327,converged,81660.35,50040.22,0.1942,8.33,0.0000,0.0807,0.0802,,,,,,,
24.3085,10,3,10.2646,34.5727,converged,81662.27,50040.60,0.1945,8.33,0.0000,0.0349,0.0425,,,,,,,
42.9268,8,8,35.1761,78.1021,completed,81662.27,50040.60,0.1945,8.33,0.0000,0.1405,0.1027,0.1544,1.3008,1.8072,5.5257,9.1290,,
52.5091,6,6,25.0190,77.5280,completed,81664.44,50041.03,0.1920,8.33,0.0000,0.1167,0.1111,1.2084,2.3112,9.0987,,,,
53.7430,6,6,41.0307,94.7738,completed,81664.44,50041.03,0.1920,8.33,0.0000,0.0861,0.3663,0.5390,1.6107,7.8054,,,,
56.7956,6,6,22.3705,79.1656,completed,81666.89,50041.50,0.1848,8.33,0.0000,0.0253,0.1078,1.0715,1.6387,8.5301,,,,
33.5627,10,3,11.5105,45.0726,converged,81666.89,50041.50,0.1848,8.33,0.0000,0.0727,0.0747,,,,,,,
48.8037,7,7,35.1609,83.9640,completed,81669.18,50041.93,0.1874,8.33,0.0000,0.1096,0.1600,0.7554,1.5067,3.9507,8.5893,,,
44.7911,8,3,15.9907,60.7817,converged,81669.18,50041.93,0.1874,8.33,0.0000,0.1149,0.0912,,,,,,,
53.4015,6,6,39.3052,92.7063,completed,81671.63,50042.39,0.1836,8.31,0.0000,0.1822,0.1588,0.9409,2.0581,7.2768,,,,
44.2587,8,8,40.8334,85.1101,completed,81671.63,50042.39,0.1836,8.31,0.0000,0.1045,0.1263,0.2823,0.9204,1.4739,5.4196,8.7078,,
37.4331,9,9,31.4264,68.8594,completed,81674.24,50042.88,0.1830,8.28,0.0000,0.1320,0.1902,0.1407,0.4397,1.3460,2.1313,5.2279,7.0927,
56.2337,6,3,11.3715,67.6045,converged,81674.24,50042.88,0.1830,8.28,0.0000,0.1318,0.0705,,,,,,,
56.3132,6,6,22.3160,78.6291,completed,81676.52,50043.29,0.1826,8.29,0.0000,0.1106,0.1591,1.3234,2.1951,6.3905,,,,
38.7376,9,9,30.8105,69.5475,completed,81676.52,50043.29,0.1826,8.29,0.0000,0.0948,0.1149,0.1872,0.7425,0.8578,1.6789,4.0646,5.8910,
38.0936,9,3,13.4909,51.5840,converged,81678.80,50043.71,0.1795,8.29,0.0000,0.0383,0.0254,,,,,,,
50.9384,7,7,28.1851,79.1231,completed,81678.80,50043.71,0.1795,8.29,0.0000,0.0985,0.1715,0.5434,0.8710,2.2349,6.3633,,,
40.2596,8,3,9.6126,49.8717,converged,81681.01,50044.11,0.1799,8.30,0.0000,0.1027,0.0245,,,,,,,
25.6083,10,3,9.8721,35.4801,converged,81681.01,50044.11,0.1799,8.30,0.0000,0.0809,0.0717,,,,,,,
45.7603,8,3,12.7484,58.5084,converged,81682.89,50044.45,0.1797,8.31,0.0000,0.0839,0.0630,,,,,,,
34.0542,9,9,32.3624,66.4165,completed,81682.89,50044.45,0.1797,8.31,0.0000,0.0298,0.1115,0.2716,0.5645,0.3576,1.2154,4.2593,5.4063,
41.6500,8,3,9.1029,50.7529,converged,81684.85,50044.81,0.1769,8.31,0.0000,0.1007,0.0438,,,,,,,
27.9320,10,3,10.2618,38.1929,converged,81684.85,50044.81,0.1769,8.31,0.0000,0.0508,0.0420,,,,,,,
39.0267,9,3,12.5559,51.5819,converged,81686.65,50045.13,0.1757,8.32,0.0000,0.1147,0.0868,,,,,,,
44.1908,8,3,9.9948,54.1848,converged,81686.65,50045.13,0.1757,8.32,0.0000,0.0692,0.0266,,,,,,,
27.8131,10,10,50.3478,78.1609,completed,81688.78,50045.51,0.1760,8.25,0.0000,0.0717,0.1891,0.4257,0.6553,0.7419,0.6024,1.3387,4.1577,4.5894
46.0621,7,7,33.7108,79.7728,completed,81688.78,50045.51,0.1760,8.25,0.0000,0.0544,0.2635,0.7963,0.3811,2.1702,4.9067,,,
40.8408,8,3,17.1276,57.9677,converged,81690.97,50045.90,0.1729,8.10,0.0000,0.0827,0.0957,,,,,,,
31.2611,10,3,14.5276,45.7886,converged,81690.97,50045.90,0.1729,8.10,0.0000,0.0653,0.0328,,,,,,,
36.0639,9,9,43.4732,79.5362,completed,81693.08,50046.26,0.1718,8.00,0.0000,0.0680,0.1448,0.3872,0.5650,0.2240,0.7932,3.3431,4.0293,
28.1080,10,3,9.8685,37.9756,converged,81693.08,50046.26,0.1718,8.00,0.0000,0.0225,0.0202,,,,,,,
53.4013,6,6,36.6205,90.0215,completed,81695.12,50046.62,0.1724,7.89,0.0000,0.0784,0.4178,1.1043,0.9304,4.1680,,,,
46.8510,7,3,10.3793,57.2303,converged,81695.12,50046.62,0.1724,7.89,0.0000,0.0753,0.0886,,,,,,,
44.3948,8,3,20.7881,65.1822,converged,81697.22,50046.98,0.1690,7.69,0.0000,0.0812,0.0924,,,,,,,
22.8517,10,3,16.2428,39.0939,converged,81697.22,50046.98,0.1690,7.69,0.0000,0.0574,0.0613,,,,,,,
47.8319,7,7,33.5345,81.3655,completed,81699.20,50047.32,0.1688,7.46,0.0000,0.2001,0.1513,0.6545,0.4303,2.1750,3.6867,,,
56.3614,6,6,29.6084,85.9694,completed,81699.20,50047.32,0.1688,7.46,0.0000,0.1791,0.1623,0.2923,2.1879,3.9351,,,,
48.8200,7,3,8.9672,57.7872,converged,81701.42,50047.70,0.1691,7.05,0.0000,0.0633,0.0491,,,,,,,
23.0700,10,10,40.7396,63.8097,completed,81701.42,50047.70,0.1691,7.05,0.0000,0.1532,0.2158,0.2005,0.2467,0.3550,0.8607,1.8724,2.7206,2.7505
38.3600,9,3,15.5595,53.9195,converged,81702.94,50047.96,0.1686,6.79,0.0000,0.0847,0.0547,,,,,,,
31.4494,10,4,16.0681,47.5171,converged,81702.94,50047.96,0.1686,6.79,0.0000,0.1137,0.1276,0.0377,,,,,,
39.1828,9,3,10.4241,49.6061,converged,81704.54,50048.23,0.1671,6.41,0.0000,0.0691,0.0967,,,,,,,
49.9159,7,3,9.3931,59.3081,converged,81704.54,50048.23,0.1671,6.41,0.0000,0.0934,0.0824,,,,,,,
48.1598,7,7,38.1465,86.3055,completed,81706.12,50048.51,0.1824,5.98,0.0000,0.1850,0.2893,0.5069,1.2302,2.6485,3.1790,,,
36.6801,9,3,14.8939,51.5739,converged,81706.12,50048.51,0.1824,5.98,0.0000,0.0608,0.0819,,,,,,,
49.5803,7,7,36.0389,85.6189,completed,81707.65,50048.80,0.2027,5.58,0.0000,0.1943,0.1957,0.3762,0.5510,2.4202,3.3495,,,
22.2392,10,3,14.2430,36.4821,converged,81707.65,50048.80,0.2027,5.58,0.0000,0.0596,0.0620,,,,,,,
40.2271,8,8,36.1167,76.3438,completed,81709.06,50049.11,0.2336,5.28,0.0000,0.1766,0.1800,0.2881,0.3708,0.9931,2.8369,3.2671,,
57.7936,6,6,27.1935,84.9865,completed,81709.06,50049.11,0.2336,5.28,0.0000,0.1736,0.5080,0.9804,2.6608,3.4271,,,,
45.6254,8,3,19.8764,65.5014,converged,81710.44,50049.47,0.2752,4.93,0.0000,0.1319,0.0961,,,,,,,
31.4823,10,10,42.3258,73.8079,completed,81710.44,50049.47,0.2752,4.93,0.0000,0.0963,0.1038,0.1518,0.2209,0.1470,0.8184,2.6171,2.6173,2.3499
28.0559,10,10,46.4785,74.5335,completed,81711.61,50049.82,0.3224,4.68,0.0000,0.1021,0.1114,0.1999,0.4298,0.2560,0.9487,2.4576,2.6543,2.4556
36.0244,9,9,46.4857,82.5097,completed,81711.61,50049.82,0.3224,4.68,0.0000,0.1110,0.1188,0.2786,0.4587,0.3715,2.1316,2.9819,2.9665,
53.1718,6,6,22.0846,75.2556,completed,81712.86,50050.28,0.3805,4.44,0.0000,0.0596,0.1492,0.4664,2.0254,3.6687,,,,
40.3472,8,3,12.4132,52.7602,converged,81712.86,50050.28,0.3805,4.44,0.0000,0.0730,0.0606,,,,,,,
50.8954,7,3,16.3910,67.2861,converged,81713.86,50050.70,0.4265,4.23,0.0000,0.1247,0.0802,,,,,,,
22.6345,10,3,14.2522,36.8863,converged,81713.86,50050.70,0.4265,4.23,0.0000,0.0846,0.0602,,,,,,,
52.1384,6,6,25.6166,77.7547,completed,81714.74,50051.12,0.4890,3.97,0.0000,0.1138,0.1841,0.2152,2.2648,4.0505,,,,
21.9543,10,3,13.6954,35.6494,converged,81714.74,50051.12,0.4890,3.97,0.0000,0.0635,0.0163,,,,,,,
52.8992,6,6,28.9536,81.8527,completed,81715.60,50051.61,0.5635,3.74,0.0000,0.0641,0.1379,1.5080,0.8657,3.9364,,,,
46.6058,7,3,13.2399,59.8449,converged,81715.60,50051.61,0.5635,3.74,0.0000,0.0851,0.0684,,,,,,,
22.4923,10,3,16.6921,39.1841,converged,81716.43,50052.18,0.6442,3.51,0.0000,0.0199,0.0974,,,,,,,
59.8641,5,5,29.5742,89.4382,completed,81716.43,50052.18,0.6442,3.51,0.0000,0.0361,0.2187,0.4823,4.3690,,,,,
31.6839,10,3,17.6379,49.3209,converged,81717.21,50052.80,0.7255,3.24,0.0000,0.0147,0.0348,,,,,,,
37.9521,9,3,16.3688,54.3209,converged,81717.21,50052.80,0.7255,3.24,0.0000,0.0362,0.0448,,,,,,,
36.2044,9,3,9.4815,45.6856,converged,81717.82,50053.37,0.7990,2.99,0.0000,0.0350,0.0542,,,,,,,
57.3618,6,6,34.1487,91.5098,completed,81717.82,50053.37,0.7990,2.99,0.0000,0.0492,0.2022,0.7610,2.8488,5.0328,,,,
46.9921,7,7,25.7270,72.7191,completed,81718.34,50053.93,0.8727,2.76,0.0000,0.1990,0.3409,0.9423,0.6673,3.1282,4.6391,,,
24.5168,10,3,9.1106,33.6267,converged,81718.34,50053.93,0.8727,2.76,0.0000,0.0932,0.0894,,,,,,,
40.4474,8,8,45.0580,85.5050,completed,81718.77,50054.47,0.9418,2.57,0.0000,0.1358,0.1470,0.2396,0.3549,1.2744,4.2441,4.3063,,
23.9395,10,3,10.0000,33.9390,converged,81718.77,50054.47,0.9418,2.57,0.0000,0.1144,0.0898,,,,,,,
40.8593,8,3,9.1916,50.0507,converged,81719.14,50055.01,1.0052,2.39,0.0000,0.1107,0.0842,,,,,,,
36.8235,9,3,11.3905,48.2135,converged,81719.14,50055.01,1.0052,2.39,0.0000,0.1172,0.0710,,,,,,,
42.3584,8,3,9.6209,51.9789,converged,81719.44,50055.50,1.0629,2.27,0.0000,0.1247,0.0814,,,,,,,
33.8973,10,3,11.0592,44.9562,converged,81719.44,50055.50,1.0629,2.27,0.0000,0.0826,0.0453,,,,,,,
41.5628,8,3,9.9250,51.4870,converged,81719.69,50055.98,1.1196,2.16,0.0000,0.0978,0.0321,,,,,,,
55.0034,6,6,24.8497,79.8527,completed,81719.69,50055.98,1.1196,2.16,0.0000,0.1393,0.2029,0.6679,2.3078,5.1408,,,,
26.7828,10,10,37.1569,63.9390,completed,81719.91,50056.46,1.1712,2.04,0.0000,0.1137,0.1274,0.2037,0.6465,0.9286,0.6262,2.8694,4.1329,3.7048
57.5313,6,3,11.4409,68.9719,converged,81719.91,50056.46,1.1712,2.04,0.0000,0.1126,0.0869,,,,,,,
26.5547,10,3,11.8769,38.4310,converged,81720.13,50057.00,1.2282,1.93,0.0000,0.0830,0.0726,,,,,,,
53.7787,6,3,10.3261,64.1041,converged,81720.13,50057.00,1.2282,1.93,0.0000,0.1005,0.0991,,,,,,,
50.6838,7,7,26.2619,76.9449,completed,81720.26,50057.40,1.2672,1.87,0.0000,0.1166,0.1399,0.5837,0.3508,3.6373,5.2366,,,
28.0437,10,3,8.7833,36.8264,converged,81720.26,50057.40,1.2672,1.87,0.0000,0.0314,0.0236,,,,,,,
34.8942,9,3,11.3115,46.2055,converged,81720.40,50057.85,1.3104,1.78,0.0000,0.0714,0.0785,,,,,,,
55.5404,6,6,30.2582,85.7983,completed,81720.40,50057.85,1.3104,1.78,0.0000,0.0802,0.1639,0.6778,2.8375,6.0292,,,,
26.1486,10,3,14.0233,40.1713,converged,81720.51,50058.29,1.3503,1.67,0.0000,0.0326,0.0248,,,,,,,
28.8455,10,3,9.8262,38.6712,converged,81720.51,50058.29,1.3503,1.67,0.0000,0.0192,0.0308,,,,,,,
53.9031,6,6,25.3960,79.2991,completed,81720.58,50058.61,1.3783,1.62,0.0000,0.0614,0.3211,1.0996,2.6525,6.0250,,,,
20.9320,10,3,13.9484,34.8804,converged,81720.58,50058.61,1.3783,1.62,0.0000,0.0252,0.0707,,,,,,,
20.0157,10,3,13.4831,33.4981,converged,81720.65,50059.03,1.4122,1.53,0.0000,0.0371,0.0387,,,,,,,
23.9129,10,3,13.1977,37.1098,converged,81720.65,50059.03,1.4122,1.53,0.0000,0.0217,0.0678,,,,,,,
31.2697,10,3,11.2709,42.5399,converged,81720.70,50059.30,1.4325,1.50,0.0000,0.0236,0.0678,,,,,,,
27.7319,10,10,37.8707,65.6017,completed,81720.70,50059.30,1.4325,1.50,0.0000,0.0401,0.1029,0.4001,1.4673,2.2751,0.4495,3.6557,4.9006,4.4218
25.7912,10,3,10.2247,36.0157,converged,81720.74,50059.65,1.4608,1.47,0.0000,0.0314,0.0827,,,,,,,
59.9058,5,5,20.2158,80.1209,completed,81720.74,50059.65,1.4608,1.47,0.0000,0.1531,2.1633,1.6841,5.0997,,,,,
28.1710,10,10,44.5329,72.7039,completed,81720.78,50060.05,1.4853,1.43,0.0000,0.0759,0.1875,0.4208,1.2524,2.6016,0.6374,3.6853,4.8977,4.5242
42.7620,8,8,32.2824,75.0445,completed,81720.78,50060.05,1.4853,1.43,0.0000,0.0658,0.2254,0.5844,0.5652,2.5600,5.9349,6.1060,,
28.7979,10,10,49.8692,78.6662,completed,81720.81,50060.44,1.5086,1.39,0.0000,0.0568,0.1393,0.3305,1.0255,0.9404,1.3034,4.3148,5.3420,4.7019
25.3730,10,10,45.7318,71.1038,completed,81720.81,50060.44,1.5086,1.39,0.0000,0.0733,0.2101,0.6507,2.0902,2.1993,0.6851,4.0256,5.2452,4.9198
22.9516,10,10,52.4520,75.4030,completed,81720.84,50060.81,1.5304,1.22,0.0000,0.1149,0.2272,0.4704,1.1872,0.8810,1.2524,4.2823,5.5878,5.1424
41.8226,8,8,30.9145,72.7365,completed,81720.84,50060.81,1.5304,1.22,0.0000,0.1011,0.3990,1.5912,3.3683,1.2618,5.3679,6.2140,,
54.6954,6,6,28.9111,83.6062,completed,81720.85,50061.10,1.5415,0.99,0.0000,0.2876,1.4595,14.9748,3.0426,4.6141,,,,
48.8251,7,7,27.3152,76.1402,completed,81720.85,50061.10,1.5415,0.99,0.0000,0.2963,1.0436,4.2172,2.2797,4.1112,6.6578,,,
29.1039,10,10,33.9495,63.0525,completed,81720.86,50061.36,1.5539,0.80,0.0000,0.1026,0.2452,0.5659,1.5350,1.5639,1.3407,4.3977,5.5236,5.0129
32.0143,10,10,50.0482,82.0623,completed,81720.86,50061.36,1.5539,0.80,0.0000,0.0958,0.3232,0.9519,2.6166,2.8930,0.6702,4.1696,5.3921,4.9148
45.1545,8,8,36.0633,81.2174,completed,81720.86,50061.57,1.5625,0.66,0.0000,0.3294,1.0088,2.9733,7.0650,0.5671,5.2330,6.5191,,
23.9483,10,10,46.0144,69.9624,completed,81720.86,50061.57,1.5625,0.66,0.0000,0.1552,0.4488,1.0091,2.1212,2.5167,0.6259,4.0893,5.5392,5.2524
58.5815,5,5,18.9011,77.4821,completed,81720.86,50061.73,1.5672,0.50,0.0000,0.5444,2.5417,0.9542,6.2390,,,,,
47.3583,7,7,25.7095,73.0675,completed,81720.86,50061.73,1.5672,0.50,0.0000,0.2509,1.3582,4.0847,2.6785,4.1306,6.8674,,,
23.0792,10,10,44.1698,67.2488,completed,81720.86,50061.85,1.5704,0.40,0.0000,0.1395,0.3502,0.6212,0.9271,0.7908,1.8721,4.7315,5.8143,5.2656
40.1313,8,8,30.4401,70.5711,completed,81720.86,50061.85,1.5704,0.40,0.0000,0.0774,0.5771,1.1444,0.9845,2.4347,5.8189,6.3337,,
25.6418,10,10,54.4168,80.0578,completed,81720.87,50061.94,1.5726,0.35,0.0000,0.1787,0.4526,0.8642,1.4650,1.0874,1.6042,4.8064,5.7543,5.0446
37.4898,9,9,49.9141,87.4032,completed,81720.87,50061.94,1.5726,0.35,0.0000,0.1733,0.6634,1.6412,2.5726,1.1998,3.5820,5.9002,6.1521,
22.7809,10,10,41.4583,64.2383,completed,81720.86,50062.04,1.5751,0.29,0.0000,0.1984,0.4867,1.0006,1.8037,1.7276,1.3861,4.4950,5.5631,4.9030
34.0031,9,9,36.5031,70.5061,completed,81720.86,50062.04,1.5751,0.29,0.0000,1.0841,0.7412,1.2106,0.5668,2.4564,3.8781,5.6727,5.5892,
54.3970,6,6,27.9464,82.3424,completed,81720.86,50062.13,1.5777,0.28,0.0000,0.2918,2.5709,1.7756,2.9111,6.7107,,,,
59.5808,5,5,23.3847,82.9648,completed,81720.86,50062.13,1.5777,0.28,0.0000,0.2893,15.7522,8.3654,2.0682,,,,,
51.6936,7,7,26.8438,78.5368,completed,81720.86,50062.20,1.5796,0.25,0.0000,0.2688,0.9422,2.4213,2.0017,3.8048,6.9537,,,
31.1810,10,10,48.9642,80.1452,completed,81720.86,50062.20,1.5796,0.25,0.0000,1.2281,1.9283,3.2243,4.5866,3.8887,3.5838,5.5024,5.6808,4.6858
35.7623,9,9,36.4829,72.2450,completed,81720.86,50062.26,1.5807,0.19,0.0000,0.1813,0.1809,0.2695,0.7153,1.7162,4.3593,6.0033,5.8956,
24.4528,10,3,9.8726,34.3246,converged,81720.86,50062.26,1.5807,0.19,0.0000,0.4414,0.0733,,,,,,,
31.6118,10,10,45.8174,77.4285,completed,81720.86,50062.31,1.5821,0.14,0.0000,0.2383,0.1857,1.3796,1.5839,1.5440,0.4840,1.2682,2.5469,2.6012
22.2679,10,10,36.5714,58.8385,completed,81720.86,50062.31,1.5821,0.14,0.0000,0.4729,0.3900,0.1961,1.6524,1.1492,1.6818,3.0277,3.9372,3.7486
31.4829,10,10,39.3085,70.7905,completed,81720.86,50062.34,1.5831,0.13,0.0000,0.1106,0.2217,0.8042,0.4100,1.2565,0.6169,2.7348,3.2562,2.8901
22.7148,10,10,38.0838,60.7979,completed,81720.86,50062.34,1.5831,0.13,0.0000,0.3805,0.2718,0.3790,1.6666,0.4543,1.8604,3.4230,4.0650,3.7791
42.3085,8,3,8.6803,50.9883,converged,81720.85,50062.38,1.5861,0.16,0.0000,0.5015,0.0959,,,,,,,
38.2972,9,9,39.3616,77.6586,completed,81720.85,50062.38,1.5861,0.16,0.0000,0.3285,0.1828,0.7314,2.0477,0.7902,2.5085,4.1192,4.3150,
48.7844,7,7,24.6165,73.4005,completed,81720.85,50062.44,1.5947,0.27,0.0000,0.5093,0.5448,0.3297,3.3032,5.6334,6.2998,,,
27.6592,10,10,36.4603,64.1194,completed,81720.85,50062.44,1.5947,0.27,0.0000,0.2788,0.2021,0.2345,1.3766,0.5550,1.8830,3.6052,4.2312,3.9743
27.8598,10,10,39.1083,66.9674,completed,81720.85,50062.54,1.6088,0.45,0.0000,0.1434,0.1109,0.9547,2.3737,1.4467,1.4757,3.3413,4.0868,3.6821
34.1103,9,9,38.2178,72.3279,completed,81720.85,50062.54,1.6088,0.45,0.0000,0.0485,0.4419,2.0561,3.5840,1.1074,1.4156,3.4025,3.4855,
31.4881,10,10,47.0353,78.5234,completed,81720.84,50062.71,1.6223,0.71,0.0000,0.0346,0.4469,1.6789,4.5159,3.5565,0.9299,2.7717,4.3268,4.3465
54.2388,6,6,23.4067,77.6447,completed,81720.84,50062.71,1.6223,0.71,0.0000,0.3256,3.1877,6.3579,0.6913,4.2481,,,,
44.6510,8,8,35.9882,80.6383,completed,81720.82,50062.95,1.6417,0.92,0.0000,0.2151,0.6743,1.7014,1.6443,2.6043,5.4035,5.9469,,
57.8408,6,6,21.9634,79.8034,completed,81720.82,50062.95,1.6417,0.92,0.0000,0.1996,0.5783,0.6392,4.2902,6.9331,,,,
36.3843,9,9,42.9124,79.2964,completed,81720.80,50063.23,1.6670,1.11,0.0000,0.1609,0.2423,0.1698,0.2871,2.5513,5.3933,6.1484,5.1537,
51.8921,7,7,34.3770,86.2690,completed,81720.80,50063.23,1.6670,1.11,0.0000,0.3081,0.8849,3.4238,0.6303,4.3859,6.5180,,,
32.5334,10,10,48.3840,80.9170,completed,81720.76,50063.63,1.6832,1.31,0.0000,0.2199,0.5016,1.1811,2.7597,4.5487,0.5350,3.4864,5.4330,5.3809
57.7606,6,6,21.8814,79.6414,completed,81720.76,50063.63,1.6832,1.31,0.0000,0.3821,1.1932,3.3092,3.0032,6.7756,,,,
56.0213,6,6,27.6409,83.6620,completed,81720.70,50064.06,1.6938,1.56,0.0000,0.4196,0.5438,0.7253,4.6193,7.5144,,,,
33.1775,10,10,37.1452,70.3223,completed,81720.70,50064.06,1.6938,1.56,0.0000,0.3885,0.6916,1.1536,1.7444,2.1805,2.0544,4.4791,5.6029,5.1335
36.7744,9,9,50.3726,87.1466,completed,81720.65,50064.51,1.7040,1.76,0.0000,0.3255,0.8178,2.1625,4.6371,4.4939,2.2609,5.5103,5.8605,
38.1992,9,9,52.7823,90.9814,completed,81720.65,50064.51,1.7040,1.76,0.0000,0.3404,0.6395,1.0780,2.0863,0.1995,3.6782,6.0912,5.8407,
28.3007,10,10,60.8594,89.1595,completed,81720.56,50065.15,1.7158,2.06,0.0000,0.1424,0.3352,0.7710,2.2033,2.5918,1.1276,3.4402,5.5744,5.5190
28.5375,10,6,17.5587,46.0958,converged,81720.56,50065.15,1.7158,2.06,0.0000,0.1858,0.3989,0.7421,1.0372,0.0600,,,,
51.1048,7,7,34.3248,85.4289,completed,81720.47,50065.70,1.7259,2.36,0.0000,0.2985,0.9647,2.5638,2.6771,4.7034,7.3876,,,
52.0253,6,6,21.1279,73.1529,completed,81720.47,50065.70,1.7259,2.36,0.0000,0.2467,0.6558,0.3097,4.1626,7.9761,,,,
39.9878,9,9,54.2067,94.1937,completed,81720.34,50066.51,1.7386,2.88,0.0000,0.0993,0.3096,0.7530,1.0153,1.0730,5.4465,6.8171,5.8477,
46.8671,7,7,43.0764,89.9434,completed,81720.34,50066.51,1.7386,2.88,0.0000,0.1770,0.5864,1.0315,1.6397,6.8296,7.6710,,,
52.1553,6,6,35.0163,87.1714,completed,81720.15,50067.58,1.7538,3.51,0.0000,0.5507,0.8784,4.0661,9.0064,9.3337,,,,
56.7262,6,6,37.4746,94.2006,completed,81720.15,50067.58,1.7538,3.51,0.0000,0.6499,1.6704,0.4624,5.4333,8.7953,,,,
24.4564,10,5,17.0232,41.4792,converged,81719.89,50068.97,1.7604,4.27,0.0000,0.8997,1.1086,0.8291,0.0785,,,,,
28.4760,10,10,36.7182,65.1943,completed,81719.89,50068.97,1.7604,4.27,0.0000,0.6427,1.0073,1.1943,0.9957,2.0921,3.6167,6.9287,6.6777,5.4667
49.0454,7,7,26.8251,75.8702,completed,81719.69,50069.99,1.7641,4.72,0.0000,1.2202,2.9150,7.1140,3.2937,5.8266,7.9912,,,
22.8940,10,10,35.6611,58.5551,completed,81719.69,50069.99,1.7641,4.72,0.0000,0.7438,1.1667,1.4348,0.5465,2.1366,3.5662,6.6167,7.0851,5.9886
25.0065,10,10,38.5576,63.5637,completed,81719.43,50071.34,1.7633,5.33,0.0000,0.3690,0.5111,0.3762,0.2756,1.8439,5.0316,7.8908,6.9477,5.4781
43.5945,8,8,33.7003,77.3008,completed,81719.43,50071.34,1.7633,5.33,0.0000,0.7472,1.1153,0.1151,2.8823,6.2310,8.9970,7.7776,,
47.9199,7,7,25.9264,73.8454,completed,81719.10,50073.01,1.7689,5.98,0.0000,0.2719,0.9447,0.8252,2.3416,7.2115,9.1878,,,
56.6247,6,6,32.2249,88.8489,completed,81719.10,50073.01,1.7689,5.98,0.0000,0.6143,0.6735,0.5017,6.1874,9.9916,,,,
54.4991,6,6,34.6503,89.1493,completed,81718.72,50074.93,1.7661,6.68,0.0000,0.2324,0.7543,3.0923,8.0498,10.6465,,,,
33.9145,10,10,52.0940,86.0080,completed,81718.72,50074.93,1.7661,6.68,0.0000,0.3067,0.4760,0.7562,0.1663,0.6000,3.3226,6.5585,7.5090,6.2358
29.9255,10,3,15.4769,45.4020,converged,81718.33,50076.93,1.7638,7.20,0.0000,0.0367,0.0682,,,,,,,
37.2575,9,9,43.9238,81.1808,completed,81718.33,50076.93,1.7638,7.20,0.0000,0.1069,0.2486,0.1522,1.5872,3.5510,7.0094,8.1360,6.5376,
55.8894,6,6,33.9784,89.8675,completed,81717.99,50078.68,1.7666,7.48,0.0000,0.7438,0.8954,1.5537,6.8973,10.8334,,,,
37.5004,9,9,44.4341,81.9342,completed,81717.99,50078.68,1.7666,7.48,0.0000,0.2821,0.4513,0.5762,0.4818,3.8795,5.8668,8.5941,7.9470,
35.3230,9,9,40.6199,75.9419,completed,81717.51,50081.16,1.7585,7.85,0.0000,0.3716,0.3490,0.3472,2.7790,4.7499,7.2207,8.8771,7.6476,
20.8332,10,10,35.9649,56.7979,completed,81717.51,50081.16,1.7585,7.85,0.0000,0.3460,0.3778,0.2807,0.9324,3.2464,4.3281,7.4259,7.9367,6.5109
55.0074,6,6,35.5634,90.5704,completed,81717.09,50083.36,1.7637,8.14,0.0000,0.7182,0.9515,2.4076,7.7871,10.6081,,,,
21.4595,10,10,37.3884,58.8475,completed,81717.09,50083.36,1.7637,8.14,0.0000,0.3886,0.3726,0.1535,2.0116,4.1110,5.1711,7.4910,8.2297,6.9115
32.8526,10,10,54.8537,87.7058,completed,81716.66,50085.63,1.7609,8.38,0.0000,0.3034,0.2738,0.2364,1.0907,2.0112,4.1447,7.3259,7.6414,6.3201
34.0468,9,9,49.6741,83.7201,completed,81716.66,50085.63,1.7609,8.38,0.0000,0.4036,0.4690,0.3906,1.8109,2.6472,5.2709,8.4725,8.3233,
32.6141,10,10,50.9597,83.5738,completed,81716.15,50088.28,1.7619,8.54,0.0000,0.1625,0.1049,0.2244,2.6716,7.0927,8.7674,8.6718,7.4009,6.0256
37.2940,9,9,37.6068,74.9009,completed,81716.15,50088.28,1.7619,8.54,0.0000,0.2747,0.3510,0.4021,1.9051,2.7156,6.9942,8.7623,7.4239,
57.1039,6,3,11.4236,68.5266,converged,81715.67,50090.80,1.7627,8.63,0.0000,0.4220,0.0536,,,,,,,
32.3391,10,10,45.0153,77.3544,completed,81715.67,50090.80,1.7627,8.63,0.0000,0.1797,0.1872,0.1068,1.1326,2.2357,5.5995,8.4607,7.5129,5.9555
29.4340,10,10,51.1228,80.5568,completed,81715.26,50092.92,1.7605,8.67,0.0000,0.2090,0.3503,0.6537,0.2858,1.3882,3.4362,7.4399,7.6110,6.2301
57.8902,6,6,33.1044,90.9944,completed,81715.26,50092.92,1.7605,8.67,0.0000,0.1130,0.1800,2.6223,8.0507,11.0988,,,,
30.8587,10,10,58.2960,89.1540,completed,81714.68,50095.88,1.7636,8.68,0.0000,0.1603,0.1977,0.1696,0.1315,0.5653,3.0150,6.7917,7.6804,6.5941
49.2558,7,7,42.3080,92.3136,completed,81714.68,50095.88,1.7636,8.68,0.0000,0.0952,0.4191,0.6020,2.2987,7.9984,9.2347,,,
52.4519,6,6,37.5706,90.0217,completed,81714.11,50098.84,1.7606,8.67,0.0000,0.3089,0.1593,1.7120,5.6644,10.1897,,,,
26.8483,10,10,43.8426,70.6906,completed,81714.11,50098.84,1.7606,8.67,0.0000,0.2350,0.2706,0.3787,0.9570,1.8070,3.9638,7.4823,7.6057,6.3066
40.5042,8,8,36.1736,76.6777,completed,81713.61,50101.45,1.7611,8.65,0.0000,0.9104,0.8810,2.0438,6.1154,7.5912,8.5103,7.3501,,
34.3313,9,9,43.8674,78.1985,completed,81713.61,50101.45,1.7611,8.65,0.0000,0.3845,0.3603,0.6902,1.4152,4.2716,7.6451,8.5435,7.1801,
42.9692,8,8,35.4657,78.4347,completed,81713.13,50103.92,1.7584,8.63,0.0000,0.5568,0.6909,4.4227,11.8985,8.1975,7.3671,5.7950,,
55.1688,6,6,25.2032,80.3713,completed,81713.13,50103.92,1.7584,8.63,0.0000,1.0535,3.7830,16.8868,12.8348,10.0716,,,,
27.5308,10,10,35.4283,62.9583,completed,81712.65,50106.47,1.7575,8.61,0.0000,0.8795,1.0639,1.1936,5.0928,8.4795,5.2302,5.5747,5.0540,4.0836
31.9035,10,10,51.3922,83.2952,completed,81712.65,50106.47,1.7575,8.61,0.0000,0.1309,0.2212,0.4258,0.8441,2.6221,5.1701,8.0883,7.7231,6.3802
37.4076,9,9,41.1819,78.5890,completed,81712.19,50108.94,1.7531,8.60,0.0000,0.4514,0.4570,0.9230,5.2682,5.6955,5.9891,5.7383,4.8185,
55.0663,6,6,36.9048,91.9709,completed,81712.19,50108.94,1.7531,8.60,0.0000,0.2696,0.4746,1.5644,7.5732,10.6459,,,,
23.4877,10,10,47.6708,71.1578,completed,81711.73,50111.49,1.7522,8.58,0.0000,0.2097,0.4418,0.4463,1.9743,1.1550,5.3176,5.9140,5.2419,4.3364
58.0879,5,5,27.5823,85.6693,completed,81711.73,50111.49,1.7522,8.58,0.0000,0.1343,0.3782,4.6448,11.0641,,,,,
29.6224,10,10,48.6001,78.2222,completed,81711.31,50113.81,1.7527,8.57,0.0000,0.2569,0.4143,1.2542,3.6121,6.4489,4.4672,4.8951,4.7263,3.8913
36.8108,9,9,41.8985,78.7085,completed,81711.31,50113.81,1.7527,8.57,0.0000,0.1119,0.3072,0.3846,0.4717,1.1533,5.6130,8.7520,7.6105,
24.6210,10,4,18.2974,42.9185,converged,81710.88,50116.16,1.7554,8.56,0.0000,0.0956,0.1110,0.0721,,,,,,
53.8195,6,3,9.8696,63.6886,converged,81710.88,50116.16,1.7554,8.56,0.0000,0.0967,0.0706,,,,,,,
34.7356,9,9,33.1995,67.9346,completed,81710.48,50118.26,1.7575,8.55,0.0000,0.1531,0.2459,0.8274,1.2414,2.7657,5.5364,8.3019,7.3692,
21.0425,10,10,37.1583,58.2004,completed,81710.48,50118.26,1.7575,8.55,0.0000,0.1076,0.2462,0.5454,1.7812,1.2140,3.5571,8.2220,7.0264,5.5542
43.1057,8,8,36.8083,79.9133,completed,81710.07,50120.37,1.7652,8.54,0.0000,0.0111,0.1707,0.3389,2.0556,3.4852,8.9682,8.2300,,
44.1343,8,8,31.7478,75.8819,completed,81710.07,50120.37,1.7652,8.54,0.0000,0.0419,0.1061,1.2399,1.6240,8.1948,10.0767,7.6909,,
46.9084,7,7,35.2012,82.1092,completed,81709.59,50122.72,1.7660,8.54,0.0000,0.1277,1.4155,5.1730,1.3287,6.4881,8.8716,,,
58.6119,5,5,20.9059,79.5169,completed,81709.59,50122.72,1.7660,8.54,0.0000,0.1119,1.3380,3.6662,10.5156,,,,,
26.5015,10,10,55.2480,81.7491,completed,81709.12,50125.00,1.7669,8.53,0.0000,0.1460,0.2135,0.4631,0.7218,2.8349,7.1931,7.9342,6.8200,5.5105
43.8562,8,8,48.8028,92.6589,completed,81709.12,50125.00,1.7669,8.53,0.0000,0.1499,0.4110,1.9810,3.2178,4.8832,8.3665,7.3679,,
36.3668,9,3,21.0848,57.4509,converged,81708.55,50127.88,1.7661,8.53,0.0000,0.0403,0.0280,,,,,,,
41.1696,8,3,16.5609,57.7299,converged,81708.55,50127.88,1.7661,8.53,0.0000,0.0395,0.0678,,,,,,,
36.1151,9,3,14.2935,50.4085,converged,81708.12,50130.12,1.7622,8.52,0.0000,0.0750,0.0821,,,,,,,
43.0588,8,8,47.4167,90.4748,completed,81708.12,50130.12,1.7622,8.52,0.0000,0.1839,0.4001,1.2159,1.7242,3.6383,8.2558,8.9084,,
49.4047,7,3,15.5746,64.9787,converged,81707.64,50132.58,1.7663,8.51,0.0000,0.1236,0.0530,,,,,,,
39.1515,9,3,15.5214,54.6725,converged,81707.64,50132.58,1.7663,8.51,0.0000,0.0248,0.0533,,,,,,,
23.6030,10,3,20.0324,43.6355,converged,81707.23,50134.68,1.7672,8.51,0.0000,0.0642,0.0698,,,,,,,
55.8352,6,6,24.4723,80.3074,completed,81707.23,50134.68,1.7672,8.51,0.0000,0.0565,0.3615,2.1367,7.3195,10.2173,,,,
57.0493,6,6,28.4162,85.4652,completed,81706.77,50137.03,1.7685,8.50,0.0000,0.3334,0.6667,0.6494,8.6569,9.9090,,,,
41.5121,8,3,10.8174,52.3294,converged,81706.77,50137.03,1.7685,8.50,0.0000,0.0420,0.0601,,,,,,,
40.8583,8,8,30.8354,71.6935,completed,81706.36,50139.04,1.7691,8.50,0.0000,0.1873,0.2822,0.1519,0.2740,4.3083,8.9264,8.6183,,
24.2516,10,10,38.0200,62.2710,completed,81706.36,50139.04,1.7691,8.50,0.0000,0.0100,0.1110,0.6242,0.9937,3.4307,2.9041,7.2845,7.0983,6.0647
55.7334,6,6,25.4888,81.2219,completed,81705.90,50141.39,1.7648,8.49,0.0000,0.1762,0.1388,0.9346,9.5045,10.5378,,,,
29.4809,10,3,9.6872,39.1672,converged,81705.90,50141.39,1.7648,8.49,0.0000,0.0703,0.0704,,,,,,,
30.1382,10,10,46.5341,76.6722,completed,81705.50,50143.41,1.7660,8.49,0.0000,0.0645,0.1692,0.4251,0.7296,0.8351,3.6681,7.3701,7.9955,6.9430
32.4849,10,10,51.3844,83.8685,completed,81705.50,50143.41,1.7660,8.49,0.0000,0.1218,0.3543,0.4293,0.7146,0.9654,5.5263,7.9999,7.6764,6.5024
30.2834,10,4,21.1085,51.3915,converged,81705.01,50145.98,1.7616,8.48,0.0000,0.1479,0.1668,0.0808,,,,,,
31.4351,10,10,61.1215,92.5566,completed,81705.01,50145.98,1.7616,8.48,0.0000,0.1889,0.5131,0.7751,0.2477,0.1908,4.5007,8.6082,7.9734,6.6430
38.7158,9,9,33.0237,71.7387,completed,81704.52,50148.48,1.7626,8.48,0.0000,0.4122,0.5952,0.4473,0.4925,1.9431,6.6660,8.5237,7.3653,
38.1344,9,9,39.3955,77.5295,completed,81704.52,50148.48,1.7626,8.48,0.0000,0.4662,0.6931,0.5357,0.9657,2.7368,7.6770,8.8633,7.8748,
24.7452,10,10,59.2150,83.9600,completed,81704.09,50150.73,1.7606,8.47,0.0000,0.3029,0.5361,0.6998,0.2977,1.0716,3.1051,7.1348,7.3210,5.8749
43.9858,8,8,42.1885,86.1735,completed,81704.09,50150.73,1.7606,8.47,0.0000,0.4146,0.5000,0.8473,8.3988,11.5908,9.6127,7.6839,,
41.0734,8,8,45.1308,86.2038,completed,81703.57,50153.49,1.7553,8.47,0.0000,0.5777,0.8564,0.5802,0.8370,6.1597,9.5048,8.1511,,
46.3536,7,4,19.2479,65.6010,converged,81703.57,50153.49,1.7553,8.47,0.0000,0.3991,1.2107,0.0832,,,,,,
31.3619,10,10,34.2532,65.6143,completed,81703.11,50156.01,1.7514,8.46,0.0000,0.2946,0.4262,0.1045,1.8005,4.4967,7.6017,7.9016,7.0461,5.7959
57.5448,6,6,25.9166,83.4606,completed,81703.11,50156.01,1.7514,8.46,0.0000,0.2121,0.3070,2.2799,11.0753,11.2026,,,,
49.9375,7,7,26.2267,76.1637,completed,81702.71,50158.26,1.7500,8.46,0.0000,0.1214,0.4253,0.1744,3.9341,10.3615,9.8010,,,
36.0925,9,9,48.1010,84.1930,completed,81702.71,50158.26,1.7500,8.46,0.0000,0.1398,0.3448,0.6784,0.5976,0.7232,5.1465,8.9020,8.1786,
41.8171,8,3,17.6094,59.4264,converged,81702.21,50160.97,1.7516,8.45,0.0000,0.0608,0.0918,,,,,,,
23.8620,10,3,9.7339,33.5960,converged,81702.21,50160.97,1.7516,8.45,0.0000,0.0279,0.0567,,,,,,,
52.3032,6,6,24.4802,76.7832,completed,81701.90,50162.68,1.7512,8.45,0.0000,0.0768,0.5396,0.5558,7.5549,11.1229,,,,
47.9352,7,7,35.9887,83.9238,completed,81701.90,50162.68,1.7512,8.45,0.0000,0.0645,0.2903,1.2501,1.9667,7.6963,10.2735,,,
57.4581,6,6,29.9015,87.3595,completed,81701.43,50165.27,1.7531,8.45,0.0000,0.3904,0.5794,0.9503,6.8196,11.0686,,,,
42.5535,8,4,16.0935,58.6466,converged,81701.43,50165.27,1.7531,8.45,0.0000,0.0705,0.1470,0.0779,,,,,,
53.7459,6,6,24.3727,78.1178,completed,81700.99,50167.70,1.7526,8.44,0.0000,0.0207,0.5185,1.8175,9.1548,11.4134,,,,
29.6823,10,3,15.9999,45.6820,converged,81700.99,50167.70,1.7526,8.44,0.0000,0.0498,0.0910,,,,,,,
27.2844,10,3,15.4899,42.7739,converged,81700.63,50169.71,1.7502,8.44,0.0000,0.0874,0.0912,,,,,,,
35.9187,9,9,41.7915,77.7095,completed,81700.63,50169.71,1.7502,8.44,0.0000,0.0874,0.1370,0.1078,0.5073,3.6452,8.6470,9.0832,7.6342,
52.9849,6,6,36.4377,89.4217,completed,81700.24,50171.78,1.7556,8.44,0.0000,0.4566,0.3787,0.8454,8.3239,11.1570,,,,
35.7233,9,9,39.7514,75.4744,completed,81700.24,50171.78,1.7556,8.44,0.0000,0.1081,0.2425,0.2987,0.3039,2.2199,7.6754,9.2323,7.9119,
52.8411,6,6,26.9711,79.8121,completed,81699.76,50174.31,1.7600,8.44,0.0000,0.8871,0.2519,1.6495,6.2616,10.9095,,,,
25.2815,10,5,25.7397,51.0208,converged,81699.76,50174.31,1.7600,8.44,0.0000,0.0557,0.1264,0.1554,0.0420,,,,,
22.0065,10,10,40.5707,62.5767,completed,81699.33,50176.59,1.7551,8.43,0.0000,0.2965,0.3923,0.2427,0.6128,0.2900,2.3684,7.0738,8.1515,7.2296
33.8573,10,3,8.7171,42.5741,converged,81699.33,50176.59,1.7551,8.43,0.0000,0.0420,0.0702,,,,,,,
55.4413,6,6,29.6844,85.1254,completed,81698.93,50178.75,1.7533,8.43,0.0000,0.0500,0.4671,0.9461,9.9856,11.1023,,,,
22.4131,10,3,10.6781,33.0911,converged,81698.93,50178.75,1.7533,8.43,0.0000,0.0276,0.0343,,,,,,,
40.8810,8,8,40.2715,81.1525,completed,81698.51,50180.99,1.7566,8.43,0.0000,0.0223,0.1684,0.1939,1.1034,5.1766,9.8383,9.6639,,
45.5171,8,8,52.0009,97.5179,completed,81698.51,50180.99,1.7566,8.43,0.0000,0.1221,0.2035,0.6246,1.7716,5.5254,9.6304,9.2636,,
42.4894,8,3,11.2470,53.7360,converged,81697.93,50184.05,1.7582,8.42,0.0000,0.0149,0.0539,,,,,,,
48.0833,7,3,9.9968,58.0798,converged,81697.93,50184.05,1.7582,8.42,0.0000,0.0475,0.0674,,,,,,,
27.9926,10,3,9.8689,37.8609,converged,81697.57,50185.95,1.7571,8.42,0.0000,0.0340,0.0680,,,,,,,
35.3255,9,3,17.4970,52.8220,converged,81697.57,50185.95,1.7571,8.42,0.0000,0.0711,0.0670,,,,,,,
28.7970,10,4,24.9652,53.7612,converged,81697.20,50187.96,1.7526,8.42,0.0000,0.1046,0.1049,0.0665,,,,,,
45.8089,8,8,36.1039,81.9120,completed,81697.20,50187.96,1.7526,8.42,0.0000,0.0785,0.1591,0.3341,1.1089,4.1059,9.8725,8.5848,,
49.5950,7,7,36.0737,85.6687,completed,81696.77,50190.33,1.7551,8.41,0.0000,0.2355,0.3442,0.1722,1.6153,8.2615,10.0832,,,
32.6974,10,10,33.6690,66.3660,completed,81696.77,50190.33,1.7551,8.41,0.0000,0.0875,0.1487,0.1649,0.8507,1.2329,2.6654,7.5839,8.5004,6.9427
34.6297,9,3,9.0568,43.6858,converged,81696.36,50192.53,1.7553,8.41,0.0000,0.0639,0.0819,,,,,,,
48.1688,7,7,31.6625,79.8305,completed,81696.36,50192.53,1.7553,8.41,0.0000,0.0410,0.1434,0.8113,1.9924,8.2256,10.3948,,,
28.1304,10,10,35.6858,63.8159,completed,81695.96,50194.78,1.7520,8.41,0.0000,0.2502,0.4668,0.2092,1.3852,2.0157,4.4612,8.8983,8.2892,6.8739
42.4556,8,3,11.2009,53.6560,converged,81695.96,50194.78,1.7520,8.41,0.0000,0.0350,0.0447,,,,,,,
35.2167,9,3,10.6239,45.8399,converged,81695.56,50196.92,1.7531,8.40,0.0000,0.0239,0.0618,,,,,,,
48.8309,7,7,29.0263,77.8563,completed,81695.56,50196.92,1.7531,8.40,0.0000,0.0635,0.1392,0.1738,1.3615,7.1466,10.5733,,,
43.7229,8,8,29.5349,73.2570,completed,81695.19,50198.90,1.7521,8.40,0.0000,0.2835,0.6278,0.2305,0.8327,3.2433,9.2614,9.6188,,
47.5700,7,7,33.5051,81.0741,completed,81695.19,50198.90,1.7521,8.40,0.0000,0.1040,0.2595,0.4762,1.9177,9.8385,9.9179,,,
46.2678,7,7,23.6575,69.9246,completed,81694.74,50201.36,1.7540,8.40,0.0000,2.1292,0.9182,6.9817,10.1963,8.3812,8.0345,,,
37.6725,9,3,15.8420,53.5141,converged,81694.74,50201.36,1.7540,8.40,0.0000,0.0460,0.0422,,,,,,,
38.8812,9,9,36.9252,75.8062,completed,81694.31,50203.67,1.7540,8.40,0.0000,0.1697,0.4045,0.5239,0.1560,1.4411,4.1697,8.5778,8.7840,
24.1405,10,4,12.7915,36.9315,converged,81694.31,50203.67,1.7540,8.40,0.0000,0.1569,0.1997,0.0525,,,,,,
33.2256,10,3,9.4880,42.7130,converged,81693.93,50205.73,1.7515,8.39,0.0000,0.0511,0.0705,,,,,,,
21.6080,10,10,35.6349,57.2430,completed,81693.93,50205.73,1.7515,8.39,0.0000,0.1402,0.1737,0.1331,0.6470,0.9431,2.9996,9.0189,8.8219,6.6621
59.5485,5,5,21.8789,81.4269,completed,81693.54,50207.78,1.7542,8.39,0.0000,0.5146,1.7887,2.0874,10.5707,,,,,
57.2172,6,6,25.9915,83.2085,completed,81693.54,50207.78,1.7542,8.39,0.0000,0.1557,0.5810,1.2582,4.2129,10.5987,,,,
36.5721,9,9,41.2212,77.7932,completed,81693.08,50210.26,1.7541,8.39,0.0000,0.1487,0.3416,0.7033,1.0019,1.7376,6.1982,9.2837,8.2263,
51.7439,7,7,28.1428,79.8858,completed,81693.08,50210.26,1.7541,8.39,0.0000,0.5692,0.5538,1.6231,3.2772,9.0274,11.1006,,,
50.4963,7,3,10.6888,61.1848,converged,81692.64,50212.67,1.7543,8.39,0.0000,0.2973,0.0666,,,,,,,
40.8783,8,8,34.7543,75.6324,completed,81692.64,50212.67,1.7543,8.39,0.0000,0.3399,0.1489,0.1881,1.3239,3.1533,9.9495,9.5086,,
26.8064,10,4,19.5451,46.3512,converged,81692.21,50215.04,1.7505,8.39,0.0000,0.3694,0.4023,0.0796,,,,,,
39.7362,9,9,47.9772,87.7133,completed,81692.21,50215.04,1.7505,8.39,0.0000,0.5192,0.5646,0.4513,1.6438,3.8742,10.1191,10.0082,8.0613,
47.6868,7,7,26.6572,74.3432,completed,81691.80,50217.27,1.7503,8.39,0.0000,1.2707,2.2242,1.7761,2.3851,9.7389,10.4043,,,
32.5985,10,4,12.3101,44.9081,converged,81691.80,50217.27,1.7503,8.39,0.0000,0.3929,0.3653,0.0737,,,,,,
20.7034,10,10,43.6701,64.3731,completed,81691.46,50219.13,1.7497,8.39,0.0000,0.2013,0.1935,0.1827,0.3328,2.3237,3.4494,7.9433,8.7944,7.7451
42.7479,8,4,20.3907,63.1378,converged,81691.46,50219.13,1.7497,8.39,0.0000,0.3001,0.1706,0.0795,,,,,,
43.0305,8,8,36.6720,79.7021,completed,81691.07,50221.33,1.7487,8.38,0.0000,0.3461,0.2519,0.2592,3.9213,6.3669,10.4663,9.7118,,
24.5525,10,4,18.6019,43.1539,converged,81691.07,50221.33,1.7487,8.38,0.0000,0.3307,0.2909,0.0842,,,,,,
25.1356,10,10,53.4381,78.5732,completed,81690.68,50223.45,1.7553,8.38,0.0000,0.2444,0.1551,0.4970,0.2713,2.1910,3.3889,7.0731,8.8160,7.8632
58.8131,5,5,23.7149,82.5279,completed,81690.68,50223.45,1.7553,8.38,0.0000,0.4347,0.7034,4.5190,11.5191,,,,,
48.9865,7,7,31.3009,80.2869,completed,81690.22,50225.91,1.7561,8.38,0.0000,0.6609,0.3802,2.1331,6.5687,11.6695,10.6740,,,
36.8992,9,4,12.4718,49.3708,converged,81690.22,50225.91,1.7561,8.38,0.0000,0.5180,0.5196,0.0514,,,,,,
24.7763,10,3,11.8655,36.6415,converged,81689.84,50227.93,1.7562,8.38,0.0000,0.1549,0.0728,,,,,,,
48.9080,7,7,30.6731,79.5811,completed,81689.84,50227.93,1.7562,8.38,0.0000,0.4187,0.1304,0.6837,4.6316,9.3146,11.2233,,,
30.9225,10,10,39.1696,70.0916,completed,81689.42,50230.19,1.7525,8.38,0.0000,0.8732,0.9249,0.2995,1.2153,5.5733,8.7289,10.6123,8.3259,6.5110
26.1664,10,4,15.4521,41.6182,converged,81689.42,50230.19,1.7525,8.38,0.0000,0.2669,0.2786,0.0177,,,,,,
32.0944,10,10,44.4956,76.5896,completed,81689.03,50232.32,1.7581,8.38,0.0000,0.3629,0.2830,0.2672,0.4682,1.0143,2.4677,5.5460,9.1935,9.1272
43.9591,8,8,30.7954,74.7545,completed,81689.03,50232.32,1.7581,8.38,0.0000,0.3196,0.2171,0.1239,2.5258,3.1052,8.8378,10.7249,,
47.2589,7,7,31.1218,78.3798,completed,81688.57,50234.79,1.7560,8.38,0.0000,0.5210,1.0508,2.1965,1.4947,5.8788,9.9314,,,
32.6698,10,10,37.9247,70.5937,completed,81688.57,50234.79,1.7560,8.38,0.0000,0.2191,0.1182,0.3995,0.3543,1.1735,2.4518,3.9953,8.0367,9.0859
57.2719,6,6,33.9851,91.2562,completed,81688.15,50237.01,1.7554,8.38,0.0000,2.2321,1.3429,2.1559,7.5891,11.9927,,,,
54.2341,6,6,29.4095,83.6436,completed,81688.15,50237.01,1.7554,8.38,0.0000,0.6303,0.4685,2.1654,6.0562,11.7861,,,,
33.5960,10,10,45.9187,79.5137,completed,81687.67,50239.54,1.7539,8.38,0.0000,0.1920,0.1942,0.1554,0.3640,0.8137,1.9627,4.1663,7.8818,9.2315
54.4425,6,6,24.2982,78.7402,completed,81687.67,50239.54,1.7539,8.38,0.0000,0.0366,0.2788,1.8040,2.7625,7.6179,,,,
56.8289,6,6,26.3084,83.1365,completed,81687.23,50241.93,1.7531,8.37,0.0000,0.0710,0.2365,1.4789,2.5352,7.8770,,,,
20.2122,10,10,42.6014,62.8134,completed,81687.23,50241.93,1.7531,8.37,0.0000,0.1148,0.1165,0.1184,0.2472,1.1284,1.4054,4.0603,8.8256,9.4220
53.0678,6,6,23.2993,76.3663,completed,81686.78,50244.34,1.7513,8.37,0.0000,0.0716,0.1220,0.9294,2.0257,7.3658,,,,
53.5053,6,3,9.9629,63.4679,converged,81686.78,50244.34,1.7513,8.37,0.0000,0.0591,0.0589,,,,,,,
48.2710,7,7,29.9706,78.2407,completed,81686.42,50246.29,1.7500,8.37,0.0000,0.0828,0.1123,0.5128,1.2024,3.6124,8.2822,,,
59.5889,5,5,17.8665,77.4545,completed,81686.42,50246.29,1.7500,8.37,0.0000,0.0681,0.4446,1.9330,8.0182,,,,,
30.7465,10,10,38.2558,69.0018,completed,81686.02,50248.52,1.7494,8.37,0.0000,2.0603,5.7247,8.3915,16.3188,10.7040,0.6071,4.6702,7.1226,7.0444
20.0701,10,3,14.4841,34.5541,converged,81686.02,50248.52,1.7494,8.37,0.0000,0.0683,0.0903,,,,,,,
37.2545,9,9,34.1139,71.3679,completed,81685.61,50250.74,1.7506,8.37,0.0000,1.8579,3.4914,3.3088,8.5612,2.6201,4.3281,5.4714,4.7071,
23.1746,10,3,11.9125,35.0865,converged,81685.61,50250.74,1.7506,8.37,0.0000,0.0371,0.0364,,,,,,,
30.2174,10,10,34.6698,64.8868,completed,81685.28,50252.62,1.7483,8.37,0.0000,0.0988,0.7947,1.6789,1.0732,0.2734,0.7822,3.3405,7.2307,6.9810
25.4014,10,3,12.5190,37.9201,converged,81685.28,50252.62,1.7483,8.37,0.0000,0.0532,0.0739,,,,,,,
31.7867,10,3,14.2942,46.0803,converged,81684.95,50254.49,1.7492,8.37,0.0000,0.0567,0.0870,,,,,,,
54.1761,6,6,27.0114,81.1874,completed,81684.95,50254.49,1.7492,8.37,0.0000,0.0838,0.1035,0.4769,1.3464,7.0309,,,,
55.6134,6,6,23.6900,79.3030,completed,81684.59,50256.50,1.7485,8.37,0.0000,0.1724,0.4772,0.4095,1.9108,7.8308,,,,
21.7786,10,3,13.5248,35.3028,converged,81684.59,50256.50,1.7485,8.37,0.0000,0.0439,0.0521,,,,,,,
31.5718,10,10,51.2284,82.7995,completed,81684.18,50258.74,1.7493,8.37,0.0000,4.1608,6.4709,1.0393,16.8857,6.2840,2.4981,4.9297,5.1548,4.2413
27.2631,10,3,10.4281,37.6911,converged,81684.18,50258.74,1.7493,8.37,0.0000,0.0262,0.0200,,,,,,,
25.7003,10,10,35.3779,61.0779,completed,81683.84,50260.61,1.7491,8.36,0.0000,2.7308,1.3504,6.3954,13.3050,5.2846,3.7614,5.3484,4.9725,3.9806
50.8130,7,7,30.5139,81.3259,completed,81683.84,50260.61,1.7491,8.36,0.0000,0.1026,0.1161,0.5287,0.7235,6.4162,8.4642,,,
29.9578,10,10,56.3707,86.3277,completed,81683.38,50263.15,1.7482,8.36,0.0000,5.1693,5.9835,3.5426,3.3350,2.2302,4.5221,6.2851,6.6563,5.7867
38.0734,9,3,11.7937,49.8667,converged,81683.38,50263.15,1.7482,8.36,0.0000,0.0323,0.0895,,,,,,,
45.4723,8,8,49.9637,95.4357,completed,81682.99,50265.32,1.7483,8.36,0.0000,8.6425,9.1446,15.5557,16.2658,1.7037,6.2060,6.1955,,
24.1111,10,3,14.9252,39.0362,converged,81682.99,50265.32,1.7483,8.36,0.0000,0.0423,0.0861,,,,,,,
55.4068,6,6,30.4658,85.8719,completed,81682.60,50267.51,1.7478,8.25,0.0000,6.4760,9.1114,21.0225,10.0339,8.9253,,,,
46.1950,7,7,28.1885,74.3835,completed,81682.60,50267.51,1.7478,8.25,0.0000,0.2345,0.1268,0.6441,0.6347,6.1334,7.7491,,,
56.1351,6,6,23.4469,79.5819,completed,81682.22,50269.61,1.7460,8.02,0.0000,11.1137,11.6938,6.5149,5.8555,7.8659,,,,
48.9819,7,7,31.4816,80.4626,completed,81682.22,50269.61,1.7460,8.02,0.0000,0.0754,0.2800,0.8870,0.9272,5.8949,5.9683,,,
21.3438,10,10,43.8435,65.1865,completed,81681.82,50271.92,1.7452,7.63,0.0000,1.5880,0.9481,1.8067,8.7265,12.4984,5.3007,5.4051,5.6425,4.7926
57.5198,6,6,28.2488,85.7679,completed,81681.82,50271.92,1.7452,7.63,0.0000,5.8087,9.1681,1.7833,0.8019,3.6864,,,,
38.9078,9,9,47.7451,86.6522,completed,81681.43,50274.11,1.7434,7.16,0.0000,1.1498,1.3839,1.5443,4.3845,5.3608,5.3018,6.8429,6.2068,
52.2990,6,6,27.1364,79.4345,completed,81681.43,50274.11,1.7434,7.16,0.0000,3.3942,3.7601,3.2743,6.3515,9.1354,,,,
27.1872,10,10,41.3657,68.5528,completed,81681.08,50276.14,1.7418,6.62,0.0000,0.6709,1.1495,1.6445,3.3157,5.6995,3.3722,4.3224,4.8361,4.1081
40.6250,8,8,35.0974,75.7225,completed,81681.08,50276.14,1.7418,6.62,0.0000,1.0952,1.6960,7.5711,4.8339,6.2224,7.8317,6.4149,,
41.0609,8,8,53.9324,94.9925,completed,81680.79,50277.84,1.7415,6.17,0.0000,0.5529,1.3102,3.8380,9.9630,6.9237,7.3327,6.2121,,
21.5019,10,10,45.1016,66.6026,completed,81680.79,50277.84,1.7415,6.17,0.0000,0.3566,0.7575,3.3346,4.7957,4.8070,4.4234,6.2454,6.4383,5.2922
25.0021,10,10,51.1995,76.2016,completed,81680.49,50279.54,1.7439,5.84,0.0000,0.3720,1.1596,1.9735,3.9447,6.4494,4.6856,5.0750,5.3754,4.5649
34.6958,9,9,43.8520,78.5470,completed,81680.49,50279.54,1.7439,5.84,0.0000,0.3951,1.6894,3.6382,5.1737,6.7352,6.0989,7.3223,6.3434,
24.8587,10,10,47.8148,72.6729,completed,81680.22,50281.07,1.7455,5.70,0.0000,0.2808,0.3372,0.1119,2.1754,3.8146,3.5491,4.6111,5.1899,4.4514
57.9871,6,6,22.4726,80.4596,completed,81680.22,50281.07,1.7455,5.70,0.0000,0.5647,2.1211,8.1277,8.9144,9.6312,,,,
20.9596,10,10,37.3728,58.3318,completed,81679.88,50282.91,1.7494,5.73,0.0000,0.7583,1.1332,1.6816,2.6280,3.5530,2.9726,5.7921,5.7358,4.7181
41.6367,8,8,28.5042,70.1403,completed,81679.88,50282.91,1.7494,5.73,0.0000,0.6277,0.5326,0.4858,1.8141,6.4989,8.3338,7.5655,,
35.0715,9,9,35.7834,70.8544,completed,81679.64,50284.28,1.7512,5.88,0.0000,1.6964,3.2273,7.0422,12.0115,2.4015,3.9698,6.8952,6.6200,
53.6743,6,6,34.8550,88.5291,completed,81679.64,50284.28,1.7512,5.88,0.0000,1.0062,2.7835,3.5070,5.9320,8.5905,,,,
38.5532,9,9,40.8435,79.3965,completed,81679.27,50286.30,1.7525,6.21,0.0000,0.4334,1.2697,3.0410,5.6714,7.0330,6.7189,6.6594,5.4776,
35.2313,9,9,50.8160,86.0471,completed,81679.27,50286.30,1.7525,6.21,0.0000,0.4490,0.8285,1.8454,1.9227,4.8613,7.1432,7.4477,6.2880,
58.1718,5,5,24.8244,82.9954,completed,81678.93,50288.12,1.7557,6.49,0.0000,0.2122,0.7854,8.2631,11.6677,,,,,
30.5813,10,10,45.5562,76.1373,completed,81678.93,50288.12,1.7557,6.49,0.0000,0.1109,0.6069,1.9521,3.9249,2.3289,4.1466,6.3210,6.8512,5.9331
40.2600,8,8,32.5737,72.8338,completed,81678.56,50290.09,1.7549,6.82,0.0000,0.6533,1.4112,4.7033,7.8292,9.3087,9.0996,7.4152,,
33.4301,10,10,38.1088,71.5388,completed,81678.56,50290.09,1.7549,6.82,0.0000,0.2521,0.7794,2.2141,4.7291,1.0466,2.9491,5.8509,6.6021,5.7799
33.1818,10,10,34.6926,67.8736,completed,81678.19,50292.11,1.7539,7.13,0.0000,0.4270,0.6587,0.4592,0.7589,3.1576,5.9749,6.9884,6.7905,5.5591
38.9378,9,9,45.5388,84.4792,completed,81678.19,50292.11,1.7539,7.13,0.0000,0.2164,0.4392,2.4298,4.6247,4.5093,5.8276,7.7300,7.0890,
46.1948,7,7,33.5983,79.7924,completed,81677.79,50294.25,1.7536,7.43,0.0000,0.7069,1.1357,1.5213,4.0710,8.2227,8.8026,,,
53.6173,6,6,24.8180,78.4351,completed,81677.79,50294.25,1.7536,7.43,0.0000,0.0969,3.2852,2.3088,4.5385,8.2959,,,,
36.8912,9,9,36.5354,73.4264,completed,81677.41,50296.33,1.7549,7.74,0.0000,0.7458,1.6777,4.1771,6.8286,1.9617,4.7701,6.6980,5.7458,
21.7484,10,3,9.1976,30.9457,converged,81677.41,50296.33,1.7549,7.74,0.0000,0.2612,0.0855,,,,,,,
58.4635,5,5,29.9040,88.3670,completed,81677.04,50298.34,1.7526,7.99,0.0000,0.8907,8.6183,1.4890,8.0640,,,,,
55.6308,6,6,22.3653,77.9954,completed,81677.04,50298.34,1.7526,7.99,0.0000,0.7938,1.2959,1.6784,5.9850,8.5032,,,,
48.2412,7,7,29.7150,77.9560,completed,81676.60,50300.74,1.7498,8.23,0.0000,1.8693,3.2887,7.2684,3.2094,6.4318,7.2754,,,
46.9510,7,7,27.4906,74.4406,completed,81676.60,50300.74,1.7498,8.23,0.0000,0.2202,0.6556,2.7896,3.5234,7.3107,7.8626,,,
49.1541,7,7,31.7327,80.8868,completed,81676.20,50302.95,1.7513,8.32,0.0000,0.1663,0.6992,2.8746,1.6010,5.6445,6.4762,,,
21.1073,10,10,39.7897,60.8968,completed,81676.20,50302.95,1.7513,8.32,0.0000,0.1768,0.2108,0.1694,1.5109,2.8614,4.7909,6.5914,6.3508,5.3061
33.3411,10,10,41.5927,74.9337,completed,81675.76,50305.42,1.7481,8.31,0.0000,0.3944,0.9373,2.3464,2.5818,2.2193,2.0620,4.9480,5.8975,5.0898
31.4326,10,10,48.8179,80.2500,completed,81675.54,50306.65,1.7461,8.31,0.0000,0.9765,2.0225,3.1654,3.9907,4.8646,2.6475,5.5329,6.6032,5.8392
40.7201,8,8,34.5317,75.2518,completed,81675.54,50306.65,1.7461,8.31,0.0000,0.2008,0.1322,0.9267,1.1150,1.9877,5.4297,5.5169,,
46.7032,7,7,29.8419,76.5449,completed,81675.10,50309.11,1.7489,8.39,0.0000,0.2193,0.7315,2.4679,1.7788,5.4177,6.4516,,,
58.5551,5,5,29.3482,87.9033,completed,81675.10,50309.11,1.7489,8.39,0.0000,0.4743,0.4036,2.2845,6.9057,,,,,
53.3725,6,6,23.7888,77.1609,completed,81674.62,50311.77,1.7549,8.48,0.0000,0.1267,0.7263,1.3084,4.8847,6.8564,,,,
29.3445,10,10,53.0761,82.4201,completed,81674.62,50311.77,1.7549,8.48,0.0000,0.3030,0.7173,1.1654,0.7166,1.6915,2.5538,4.7469,5.4306,4.6732
57.5099,6,6,26.4726,83.9817,completed,81674.11,50314.49,1.7558,8.55,0.0000,0.2015,0.7773,1.7958,4.6285,6.7606,,,,
54.9341,6,6,33.2898,88.2238,completed,81674.11,50314.49,1.7558,8.55,0.0000,0.1461,0.1451,1.8848,3.7980,6.7024,,,,
29.4197,10,10,39.2950,68.7140,completed,81673.64,50317.02,1.7560,8.59,0.0000,0.0979,0.1480,0.6095,1.3334,1.0693,1.9926,4.9599,5.0593,4.0589
38.7870,9,9,38.7030,77.4901,completed,81673.64,50317.02,1.7560,8.59,0.0000,0.0819,0.2153,0.5576,0.9798,1.1674,4.3272,5.4657,4.5026,
53.3580,6,6,23.9723,77.3294,completed,81673.20,50319.36,1.7578,8.61,0.0000,0.3690,1.4599,4.5656,6.3493,7.8938,,,,
32.7199,10,10,34.9557,67.6747,completed,81673.20,50319.36,1.7578,8.61,0.0000,0.2064,0.2842,0.1023,0.6451,1.1038,1.9432,4.6160,5.1190,4.2813
34.5048,9,9,43.3621,77.8662,completed,81672.78,50321.56,1.7584,8.61,0.0000,0.5973,0.8762,1.0025,1.6253,2.1485,5.6034,6.5244,5.5774,
43.5250,8,8,30.0507,73.5757,completed,81672.78,50321.56,1.7584,8.61,0.0000,0.4144,0.6429,0.3078,1.0078,6.2832,8.4853,7.2690,,
40.3527,8,8,31.1685,71.5206,completed,81672.35,50323.85,1.7587,8.61,0.0000,0.4502,0.4861,2.2639,3.3875,4.8899,7.8524,7.3735,,
43.8269,8,8,31.9865,75.9619,completed,81672.35,50323.85,1.7587,8.61,0.0000,0.5170,0.7557,0.3374,0.6738,5.9288,8.1486,7.5437,,
47.6008,7,7,29.4976,77.0976,completed,81671.86,50326.39,1.7597,8.61,0.0000,0.1883,0.3004,1.8048,1.8877,6.6774,8.0251,,,
41.5258,8,8,45.7589,87.2839,completed,81671.86,50326.39,1.7597,8.61,0.0000,0.2476,0.3149,0.1560,0.9342,3.5843,7.4766,7.2554,,
27.1014,10,10,41.5171,68.6181,completed,81671.39,50328.87,1.7600,8.60,0.0000,0.3308,0.6358,0.8097,0.6092,1.8202,2.8817,6.6001,6.4115,5.4434
45.5893,8,8,46.6517,92.2407,completed,81671.39,50328.87,1.7600,8.60,0.0000,0.5356,0.7954,0.7696,0.8943,5.3129,7.7983,6.6228,,
46.1067,7,7,26.5101,72.6161,completed,81670.90,50331.44,1.7606,8.59,0.0000,0.1467,0.3386,0.5868,2.6076,6.8972,7.7855,,,
30.9312,10,10,41.5723,72.5034,completed,81670.90,50331.44,1.7606,8.59,0.0000,0.1803,0.3207,0.3718,0.1563,1.6623,3.2536,7.0423,6.3328,5.1039
35.9262,9,9,42.5636,78.4896,completed,81670.45,50333.75,1.7600,8.59,0.0000,0.0359,0.1691,0.2380,1.2099,1.6476,5.5695,6.8572,5.9677,
58.2898,5,5,20.2754,78.5644,completed,81670.45,50333.75,1.7600,8.59,0.0000,0.1057,0.2446,4.2862,9.2001,,,,,
46.4326,7,7,30.3224,76.7544,completed,81670.04,50335.94,1.7595,8.58,0.0000,0.1409,0.3803,0.6949,2.0206,6.8487,7.7273,,,
33.7475,10,3,12.0476,45.7946,converged,81670.04,50335.94,1.7595,8.58,0.0000,0.0587,0.0870,,,,,,,
38.6639,9,9,36.8814,75.5444,completed,81669.65,50337.96,1.7602,8.57,0.0000,0.1775,0.3212,0.3918,1.2901,1.6547,5.7619,6.9707,6.0300,
58.9654,5,5,26.2869,85.2519,completed,81669.65,50337.96,1.7602,8.57,0.0000,0.1745,0.9227,5.2367,9.6902,,,,,
23.9352,10,10,46.7594,70.6944,completed,81669.17,50340.48,1.7607,8.56,0.0000,0.1825,0.3053,0.4204,0.4879,1.2298,3.8920,7.1096,6.4307,5.2840
42.3698,8,8,31.5912,73.9603,completed,81669.17,50340.48,1.7607,8.56,0.0000,0.1027,0.1438,0.2396,3.6138,4.7471,8.1678,7.6502,,
51.3864,7,7,33.2642,84.6503,completed,81668.75,50342.66,1.7599,8.55,0.0000,0.1189,0.2818,0.9900,3.1396,7.7257,8.1431,,,
36.7521,9,9,36.7603,73.5123,completed,81668.75,50342.66,1.7599,8.55,0.0000,0.6129,1.2629,1.8365,1.4719,1.5710,4.6794,6.9710,6.2910,
58.5787,5,5,20.3294,78.9074,completed,81668.27,50345.18,1.7583,8.54,0.0000,0.1471,0.9411,2.6243,8.7873,,,,,
36.4179,9,9,45.5469,81.9640,completed,81668.27,50345.18,1.7583,8.54,0.0000,1.3924,2.3713,5.3111,1.3674,2.0949,3.4582,6.3471,6.6451,
31.7210,10,10,66.0606,97.7807,completed,81667.84,50347.45,1.7570,8.54,0.0000,0.1884,0.5338,0.8158,1.0156,1.6288,4.3355,7.2413,6.7841,5.6686
40.7117,8,8,32.8380,73.5490,completed,81667.84,50347.45,1.7570,8.54,0.0000,0.1764,0.2642,0.8034,3.3683,4.7352,8.0886,7.4297,,
37.0780,9,5,21.1914,58.2684,converged,81667.29,50350.39,1.7555,8.53,0.0000,0.3690,0.5660,0.7306,0.0862,,,,,
21.6363,10,10,48.0839,69.7199,completed,81667.29,50350.39,1.7555,8.53,0.0000,0.1300,0.1377,0.1874,0.8754,0.4979,3.5912,6.8261,6.9536,5.8653
42.4683,8,8,28.8369,71.3049,completed,81666.91,50352.44,1.7538,8.52,0.0000,0.2027,0.3150,0.1068,0.5664,3.7925,8.0980,7.5907,,
26.0800,10,10,44.3414,70.4214,completed,81666.91,50352.44,1.7538,8.52,0.0000,0.1368,0.3598,1.2213,2.6207,1.2624,1.1017,5.6456,6.4189,5.5149
34.1919,9,9,41.5797,75.7708,completed,81666.44,50354.95,1.7563,8.52,0.0000,0.2077,0.2623,0.1685,0.3303,0.4685,5.0988,7.4287,6.5660,
46.5852,7,7,30.0741,76.6591,completed,81666.44,50354.95,1.7563,8.52,0.0000,0.1495,0.2484,2.5654,1.5879,6.4467,8.4990,,,
52.2509,6,6,31.7815,84.0316,completed,81666.01,50357.26,1.7526,8.51,0.0000,0.3413,0.2543,1.9944,4.2950,8.5516,,,,
28.4641,10,10,41.4968,69.9609,completed,81666.01,50357.26,1.7526,8.51,0.0000,0.3633,0.6944,0.8740,1.1521,1.8493,2.0926,5.6858,6.5150,5.5917
31.2738,10,10,45.0968,76.3699,completed,81665.54,50359.77,1.7530,8.50,0.0000,0.2046,0.3201,0.5916,0.9753,1.0082,3.2313,7.2804,6.7766,5.5598
21.9823,10,10,39.5956,61.5777,completed,81665.54,50359.77,1.7530,8.50,0.0000,0.1577,0.2474,0.3157,1.1658,2.4769,2.0223,5.9200,6.7106,5.5851
28.8606,10,10,49.6175,78.4776,completed,81665.12,50362.12,1.7511,8.50,0.0000,0.1174,0.1746,0.4370,0.5473,2.0924,1.6963,6.4424,6.8397,5.7791
54.8729,6,6,24.9163,79.7883,completed,81665.12,50362.12,1.7511,8.50,0.0000,0.1420,0.9767,2.4996,6.8412,9.2475,,,,
23.5005,10,10,37.3730,60.8730,completed,81664.66,50364.62,1.7480,8.49,0.0000,0.1525,0.2348,0.3717,0.3733,0.7709,3.5642,6.2383,6.4268,5.4052
59.7786,5,5,20.9227,80.7007,completed,81664.66,50364.62,1.7480,8.49,0.0000,0.7779,1.4392,2.5247,8.7761,,,,,
39.7070,9,3,8.9119,48.6179,converged,81664.30,50366.65,1.7481,8.49,0.0000,0.0540,0.0287,,,,,,,
53.5351,6,6,27.3738,80.9089,completed,81664.30,50366.65,1.7481,8.49,0.0000,0.4734,1.4970,2.4800,8.3275,9.8064,,,,
35.5417,9,3,13.3337,48.8747,converged,81663.88,50368.97,1.7493,8.48,0.0000,0.0462,0.0718,,,,,,,
34.3752,9,9,42.7343,77.1094,completed,81663.88,50368.97,1.7493,8.48,0.0000,0.0748,0.1378,0.3284,0.4559,1.0208,5.5476,7.3062,6.1099,
52.9853,6,6,24.3909,77.3760,completed,81663.55,50370.78,1.7552,8.48,0.0000,0.1292,0.3979,0.6661,5.8927,8.9979,,,,
38.3130,9,9,31.3827,69.6947,completed,81663.55,50370.78,1.7552,8.48,0.0000,0.1112,0.4192,0.6650,1.7453,1.5645,5.0924,7.4434,6.7088,
24.7895,10,10,43.0138,67.8028,completed,81663.06,50373.39,1.7567,8.48,0.0000,0.0705,0.2870,0.5760,1.2506,0.9549,2.6034,5.6709,6.7757,5.8885
48.0309,7,7,32.9335,80.9636,completed,81663.06,50373.39,1.7567,8.48,0.0000,0.0957,0.1335,0.8280,3.0235,8.0024,8.8416,,,
25.3921,10,10,34.4939,59.8860,completed,81662.60,50375.88,1.7537,8.47,0.0000,0.1029,0.5157,1.8491,3.1107,2.6701,2.3495,5.2702,6.8835,6.2380
45.4773,8,8,38.8046,84.2816,completed,81662.60,50375.88,1.7537,8.47,0.0000,0.0819,0.1210,0.4629,1.4456,6.1202,8.5612,7.0295,,
39.0720,9,9,42.6977,81.7697,completed,81662.17,50378.22,1.7524,8.47,0.0000,0.0740,0.1028,0.4055,0.2911,1.1042,7.1034,7.5652,6.0766,
49.8689,7,7,31.0508,80.9189,completed,81662.17,50378.22,1.7524,8.47,0.0000,1.0455,2.9743,5.5717,2.6914,7.1442,7.9375,,,
58.1059,5,5,20.9905,79.0956,completed,81661.73,50380.64,1.7532,8.46,0.0000,0.4655,0.8501,2.3183,8.8901,,,,,
36.2856,9,9,32.2578,68.5428,completed,81661.73,50380.64,1.7532,8.46,0.0000,0.3632,0.9173,1.3586,3.4543,2.8569,6.2893,7.5906,6.4216,
36.9819,9,9,36.4674,73.4485,completed,81661.30,50382.97,1.7516,8.46,0.0000,0.0509,0.3000,0.5248,1.8738,1.6645,5.9384,7.6919,6.5108,
24.2044,10,10,50.7256,74.9297,completed,81661.30,50382.97,1.7516,8.46,0.0000,0.4261,1.0161,1.5728,0.7008,1.7651,3.0871,5.9272,7.0474,5.9238
38.3054,9,3,9.9253,48.2304,converged,81660.95,50384.90,1.7525,8.46,0.0000,0.0679,0.0934,,,,,,,
50.1809,7,7,32.3060,82.4860,completed,81660.95,50384.90,1.7525,8.46,0.0000,0.9568,1.6450,1.7145,2.4425,7.7233,8.8627,,,
22.1545,10,3,14.9779,37.1320,converged,81660.55,50387.07,1.7523,8.45,0.0000,0.0602,0.0769,,,,,,,
51.8776,7,7,34.5798,86.4568,completed,81660.55,50387.07,1.7523,8.45,0.0000,1.2671,2.0439,4.5629,3.2916,7.0915,9.2551,,,
24.2028,10,10,36.8240,61.0260,completed,81660.16,50389.15,1.7545,8.45,0.0000,0.0816,0.2478,0.3595,1.2255,1.8987,5.2108,7.9425,7.0072,5.4096
20.2754,10,10,45.7855,66.0605,completed,81660.16,50389.15,1.7545,8.45,0.0000,0.9362,1.7075,2.8248,4.1409,2.8692,4.1872,6.5986,6.8983,5.7351
53.2791,6,6,26.4145,79.6936,completed,81659.78,50391.23,1.7564,8.45,0.0000,0.1825,0.1371,1.1751,7.4086,10.0358,,,,
24.9625,10,10,37.4915,62.4535,completed,81659.78,50391.23,1.7564,8.45,0.0000,0.4789,0.6847,0.2374,0.9151,1.5531,6.0951,8.3208,7.5268,5.8376
54.2456,6,6,31.1955,85.4405,completed,81659.33,50393.61,1.7529,8.44,0.0000,0.5294,2.1159,3.0413,4.5407,9.4143,,,,
50.1929,7,7,32.1221,82.3142,completed,81659.33,50393.61,1.7529,8.44,0.0000,1.5399,4.8237,10.2023,3.0510,6.0412,8.4004,,,
35.8290,9,3,14.0167,49.8447,converged,81658.92,50395.85,1.7525,8.44,0.0000,0.0550,0.0859,,,,,,,
41.6959,8,8,40.1154,81.8104,completed,81658.92,50395.85,1.7525,8.44,0.0000,0.7909,1.2911,0.6179,1.0679,6.0552,9.1080,8.3096,,
35.6210,9,3,14.2474,49.8685,converged,81658.51,50398.09,1.7509,8.44,0.0000,0.0638,0.0878,,,,,,,
20.7676,10,10,47.1062,67.8732,completed,81658.51,50398.09,1.7509,8.44,0.0000,0.2692,0.4215,0.5909,1.0375,0.5919,4.1414,6.4803,7.8933,6.5809
36.1212,9,9,37.9839,74.1049,completed,81658.17,50399.95,1.7544,8.44,0.0000,0.1088,0.2355,0.4286,0.8873,2.4437,7.1591,8.7311,7.3655,
50.0659,7,7,36.0474,86.1124,completed,81658.17,50399.95,1.7544,8.44,0.0000,0.6138,1.0190,1.8355,3.1937,8.3150,9.5851,,,
27.5288,10,3,14.6068,42.1349,converged,81657.70,50402.43,1.7588,8.43,0.0000,0.0470,0.0592,,,,,,,
22.6819,10,10,46.3269,69.0079,completed,81657.70,50402.43,1.7588,8.43,0.0000,0.6357,1.2159,2.5322,3.6648,2.3773,3.3521,6.0470,7.1593,6.3612
28.8482,10,10,38.4362,67.2842,completed,81657.34,50404.35,1.7554,8.43,0.0000,0.4097,0.6484,1.2488,3.1601,1.4063,3.6423,5.6724,7.6867,6.9773
57.6926,6,6,27.2511,84.9432,completed,81657.34,50404.35,1.7554,8.43,0.0000,1.8703,5.5112,6.1795,4.1574,8.2396,,,,
29.3071,10,10,41.3435,70.6506,completed,81656.93,50406.56,1.7580,8.43,0.0000,0.4124,0.6396,0.9054,1.3233,1.1432,4.0162,7.2249,7.7285,6.1012
48.4111,7,7,35.0806,83.4917,completed,81656.93,50406.56,1.7580,8.43,0.0000,0.7920,1.2168,0.6682,4.8632,8.6627,9.5383,,,
56.0749,6,6,21.4383,77.5123,completed,81656.46,50409.04,1.7592,8.42,0.0000,0.2178,0.5074,1.4704,8.5787,11.1255,,,,
43.9790,8,8,35.7440,79.7220,completed,81656.46,50409.04,1.7592,8.42,0.0000,0.8880,2.3023,6.6259,5.9825,2.2855,6.9225,7.2182,,
36.0172,9,9,46.3171,82.3341,completed,81655.98,50411.51,1.7555,8.42,0.0000,0.3885,0.5663,0.7007,1.6742,3.9243,7.6950,8.6834,6.5134,
44.2798,8,8,37.1932,81.4722,completed,81655.98,50411.51,1.7555,8.42,0.0000,0.2324,0.9348,3.8615,4.9314,3.8708,7.7889,8.0186,,
40.0687,8,8,32.1507,72.2187,completed,81655.51,50413.99,1.7545,8.42,0.0000,0.3829,0.6757,0.2866,2.4487,4.3955,8.4335,7.9702,,
59.2497,5,5,21.7145,80.9636,completed,81655.51,50413.99,1.7545,8.42,0.0000,0.4593,3.3883,4.0744,10.0928,,,,,
57.5033,6,6,30.6768,88.1798,completed,81655.06,50416.48,1.7536,8.41,0.0000,0.2761,0.5795,1.9062,7.8194,10.3372,,,,
51.1589,7,7,36.7865,87.9445,completed,81655.06,50416.48,1.7536,8.41,0.0000,0.4019,1.2654,2.7965,3.6913,8.0338,8.6786,,,
46.9845,7,7,29.2323,76.2163,completed,81654.63,50418.82,1.7512,8.41,0.0000,0.2821,0.4864,0.4583,1.9783,7.1306,9.4704,,,
32.3427,10,10,42.8170,75.1591,completed,81654.63,50418.82,1.7512,8.41,0.0000,0.3342,0.3515,0.4585,1.1113,3.1084,4.0127,6.6288,7.8708,6.5082
51.9709,7,7,25.5139,77.4839,completed,81654.21,50421.17,1.7506,8.41,0.0000,0.0719,0.1120,1.1624,6.1509,10.9115,9.0633,,,
42.4076,8,8,33.2549,75.6619,completed,81654.21,50421.17,1.7506,8.41,0.0000,0.3522,0.4338,0.1460,1.1148,4.9830,8.6521,8.5445,,
21.9712,10,4,16.1774,38.1485,converged,81653.74,50423.73,1.7506,8.41,0.0000,0.0893,0.1364,0.0354,,,,,,
38.8666,9,9,33.7967,72.6628,completed,81653.74,50423.73,1.7506,8.41,0.0000,0.6153,0.7232,1.4542,1.0465,4.6352,6.0376,8.2220,6.8026,
57.6888,6,6,28.1370,85.8250,completed,81653.40,50425.62,1.7494,8.41,0.0000,0.5266,0.1949,2.2963,8.4443,10.8289,,,,
41.0471,8,3,9.5012,50.5483,converged,81653.40,50425.62,1.7494,8.41,0.0000,0.1967,0.0740,,,,,,,
48.9609,7,7,26.4795,75.4395,completed,81653.01,50427.86,1.7522,8.40,0.0000,0.5433,0.6062,0.5130,2.3223,7.3463,9.4426,,,
37.4102,9,4,11.7550,49.1650,converged,81653.01,50427.86,1.7522,8.40,0.0000,0.2650,0.2101,0.0186,,,,,,
26.5325,10,3,11.7617,38.2937,converged,81652.57,50430.26,1.7537,8.40,0.0000,0.0159,0.0473,,,,,,,
58.0309,5,5,20.9272,78.9572,completed,81652.57,50430.26,1.7537,8.40,0.0000,0.0427,2.1951,8.5280,12.2026,,,,,
27.2538,10,10,36.5286,63.7817,completed,81652.16,50432.46,1.7564,8.40,0.0000,0.1097,0.2076,0.1733,0.4322,0.8562,4.1487,7.9110,7.4756,5.9572
49.6831,7,7,26.9898,76.6729,completed,81652.16,50432.46,1.7564,8.40,0.0000,0.4774,1.1483,3.7778,2.1157,6.9155,9.0382,,,
55.6311,6,6,31.6723,87.3033,completed,81651.73,50434.71,1.7616,8.40,0.0000,0.1372,0.4906,0.7553,7.2051,10.5223,,,,
47.3467,7,7,33.0955,80.4415,completed,81651.73,50434.71,1.7616,8.40,0.0000,0.4268,0.4671,0.4695,5.9849,9.6163,8.8579,,,
54.4903,6,3,12.9154,67.4054,converged,81651.25,50437.27,1.7572,8.40,0.0000,0.0927,0.0896,,,,,,,
32.6907,10,3,14.2096,46.8996,converged,81651.25,50437.27,1.7572,8.40,0.0000,0.0689,0.0357,,,,,,,
52.6436,6,6,30.2529,82.8960,completed,81650.86,50439.33,1.7559,8.40,0.0000,0.8782,1.0610,1.5727,5.9144,10.4288,,,,
58.2119,5,5,25.5923,83.8033,completed,81650.86,50439.33,1.7559,8.40,0.0000,0.4471,2.2830,3.3378,9.4669,,,,,
32.0306,10,10,44.5025,76.5325,completed,81650.34,50442.07,1.7588,8.39,0.0000,0.3354,0.5184,0.4083,0.1833,1.9162,5.0717,8.1421,7.7783,6.2130
47.2755,7,3,9.1393,56.4143,converged,81650.34,50442.07,1.7588,8.39,0.0000,0.3206,0.0941,,,,,,,
24.0977,10,10,41.7529,65.8499,completed,81649.97,50444.00,1.7580,8.39,0.0000,0.7062,0.8055,1.1022,1.4422,1.6772,4.1420,6.9918,7.6430,6.5560
34.8825,9,3,13.8185,48.7006,converged,81649.97,50444.00,1.7580,8.39,0.0000,0.0211,0.0678,,,,,,,
39.3828,9,9,33.3651,72.7471,completed,81649.55,50446.20,1.7551,8.39,0.0000,0.6642,0.4593,0.5208,0.6946,6.0028,7.5027,8.6049,7.2291,
24.8862,10,10,38.9348,63.8208,completed,81649.55,50446.20,1.7551,8.39,0.0000,0.1064,0.1140,0.7854,1.0290,4.8242,6.1502,7.3490,6.7597,5.4260
36.2152,9,9,42.8316,79.0467,completed,81649.14,50448.40,1.7595,8.39,0.0000,0.4396,0.2183,0.5088,0.4649,3.9115,6.5887,8.6435,7.7142,
33.5224,10,3,9.4815,43.0036,converged,81649.14,50448.40,1.7595,8.39,0.0000,0.1038,0.0608,,,,,,,
50.1207,7,3,12.5983,62.7183,converged,81648.78,50450.32,1.7575,8.39,0.0000,0.2819,0.0793,,,,,,,
57.3694,6,6,28.6188,85.9878,completed,81648.78,50450.32,1.7575,8.39,0.0000,0.5691,0.2898,8.4704,11.1192,10.7364,,,,
50.3078,7,7,31.1525,81.4596,completed,81648.36,50452.52,1.7547,8.39,0.0000,0.3393,0.1413,0.6796,8.1560,9.7386,9.5140,,,
35.3328,9,9,33.6257,68.9577,completed,81648.36,50452.52,1.7547,8.39,0.0000,0.4884,0.3450,0.9012,0.8548,4.7740,6.9245,8.2682,7.2561,
47.3701,7,7,37.3085,84.6786,completed,81647.95,50454.71,1.7561,8.38,0.0000,0.4407,0.8438,2.6997,3.9218,8.3482,8.4557,,,
44.4353,8,3,12.2928,56.7278,converged,81647.95,50454.71,1.7561,8.38,0.0000,0.4580,0.0735,,,,,,,
24.1526,10,10,44.6793,68.8314,completed,81647.55,50456.90,1.7532,8.38,0.0000,1.0846,1.1638,1.1675,1.8354,5.4061,6.1633,7.5572,7.4915,6.1641
48.0342,7,7,31.6459,79.6800,completed,81647.55,50456.90,1.7532,8.38,0.0000,0.8215,0.2093,0.5442,7.2915,8.8561,9.2561,,,
22.6366,10,3,16.4535,39.0895,converged,81647.14,50459.09,1.7534,8.38,0.0000,0.1851,0.0446,,,,,,,
53.4063,6,6,30.9981,84.4041,completed,81647.14,50459.09,1.7534,8.38,0.0000,1.0476,1.2857,8.3567,10.3192,10.9845,,,,
55.9960,6,6,30.9670,86.9631,completed,81646.74,50461.30,1.7545,8.38,0.0000,0.2299,0.1644,2.3941,8.7072,10.2423,,,,
21.3203,10,10,47.8257,69.1473,completed,81646.74,50461.30,1.7545,8.38,0.0000,0.5060,0.5235,0.4965,0.4193,6.7203,6.5193,7.3151,7.2436,5.8978
26.5980,10,10,42.6640,69.2621,completed,81646.33,50463.49,1.7530,8.38,0.0000,0.4216,0.3150,1.6568,1.6320,2.6463,4.1368,6.7841,6.9203,5.7941
23.4799,10,10,40.4332,63.9123,completed,81646.33,50463.49,1.7530,8.38,0.0000,0.4734,0.4441,0.2258,2.1254,6.0458,7.5908,7.5890,7.1517,5.7228
26.2222,10,10,61.5218,87.7439,completed,81645.93,50465.69,1.7500,8.37,0.0000,0.2628,0.4183,0.2104,0.3367,4.5242,6.7195,6.9624,7.4922,6.3811
32.5223,10,10,55.8441,88.3661,completed,81645.93,50465.69,1.7500,8.37,0.0000,0.5138,0.5618,0.3214,0.6346,3.4730,6.1678,7.5114,8.0258,6.8143
58.2662,5,5,16.1932,74.4592,completed,81645.43,50468.44,1.7490,8.37,0.0000,0.1922,1.8568,9.9668,11.6352,,,,,
58.5933,5,5,24.1847,82.7777,completed,81645.43,50468.44,1.7490,8.37,0.0000,0.6766,0.2053,4.9034,10.9512,,,,,
24.6039,10,10,36.4035,61.0066,completed,81644.93,50471.18,1.7486,8.37,0.0000,0.2251,0.5257,0.4737,1.8217,7.6814,6.2966,6.9956,6.9319,5.7337
58.1481,5,5,28.6598,86.8079,completed,81644.93,50471.18,1.7486,8.37,0.0000,0.4443,0.9333,5.6904,11.1839,,,,,
59.8790,5,5,19.9054,79.7834,completed,81644.54,50473.38,1.7500,8.37,0.0000,0.0782,0.5514,2.6011,9.8021,,,,,
48.5926,7,7,33.6876,82.2797,completed,81644.54,50473.38,1.7500,8.37,0.0000,0.2068,0.1055,0.3443,1.1360,6.1364,9.9017,,,
40.8015,8,8,35.8396,76.6406,completed,81644.14,50475.58,1.7478,8.36,0.0000,0.0800,0.1463,0.2883,0.3332,2.2194,8.2943,9.2117,,
25.1159,10,4,19.7141,44.8292,converged,81644.14,50475.58,1.7478,8.36,0.0000,0.0719,0.1155,0.0420,,,,,,
21.8594,10,3,11.6241,33.4831,converged,81643.74,50477.77,1.7487,8.36,0.0000,0.0797,0.0974,,,,,,,
21.9297,10,4,16.0814,38.0104,converged,81643.74,50477.77,1.7487,8.36,0.0000,0.0846,0.1103,0.0696,,,,,,
52.4484,6,6,38.5718,91.0198,completed,81643.45,50479.42,1.7470,8.36,0.0000,0.0329,0.2293,1.8329,7.2770,11.0138,,,,
34.0784,9,3,10.3309,44.4090,converged,81643.45,50479.42,1.7470,8.36,0.0000,0.1000,0.0667,,,,,,,
35.3943,9,9,43.9376,79.3316,completed,81643.01,50481.89,1.7500,8.36,0.0000,0.0849,0.3102,35.9589,27.9976,5.1642,1.8135,0.8072,0.3724,
51.1479,7,3,15.6551,66.8022,converged,81643.01,50481.89,1.7500,8.36,0.0000,0.1010,0.0432,,,,,,,
34.4675,9,3,9.7371,44.2042,converged,81642.56,50484.36,1.7540,8.35,0.0000,0.0208,0.0597,,,,,,,
42.3645,8,3,13.0372,55.4013,converged,81642.56,50484.36,1.7540,8.35,0.0000,0.1090,0.0684,,,,,,,
45.7900,8,3,11.0016,56.7906,converged,81642.23,50486.18,1.7598,8.30,0.0000,0.0204,0.0395,,,,,,,
35.5582,9,3,10.5470,46.1050,converged,81642.23,50486.18,1.7598,8.30,0.0000,0.0912,0.0672,,,,,,,
47.7327,7,3,10.0747,57.8068,converged,81641.83,50488.17,1.7781,8.30,0.0000,0.0117,0.0626,,,,,,,
42.6767,8,3,13.0034,55.6794,converged,81641.83,50488.17,1.7781,8.30,0.0000,0.0745,0.0544,,,,,,,
35.9289,9,3,10.8662,46.7943,converged,81641.38,50490.34,1.7753,8.31,0.0000,0.0075,0.0551,,,,,,,
47.8641,7,3,12.0176,59.8817,converged,81641.38,50490.34,1.7753,8.31,0.0000,0.1095,0.0621,,,,,,,
42.2206,8,3,9.5277,51.7477,converged,81640.99,50492.24,1.7697,8.31,0.0000,0.0332,0.0460,,,,,,,
43.2425,8,3,15.1342,58.3762,converged,81640.99,50492.24,1.7697,8.31,0.0000,0.0590,0.0206,,,,,,,
23.0319,10,3,9.5439,32.5749,converged,81640.62,50494.14,1.7634,8.31,0.0000,0.0097,0.0473,,,,,,,
37.8473,9,3,9.9650,47.8120,converged,81640.62,50494.14,1.7634,8.31,0.0000,0.0242,0.0917,,,,,,,
30.8083,10,3,14.2256,45.0337,converged,81640.30,50495.78,1.7592,8.32,0.0000,0.0537,0.0325,,,,,,,
50.0333,7,7,24.9639,74.9969,completed,81640.30,50495.78,1.7592,8.32,0.0000,0.0135,0.4137,0.3672,1.9009,7.0904,9.4012,,,
53.6886,6,6,27.8158,81.5039,completed,81639.84,50498.23,1.7558,8.32,0.0000,0.2084,0.1617,1.3111,5.1876,9.7842,,,,
49.7035,7,7,26.3459,76.0489,completed,81639.84,50498.23,1.7558,8.32,0.0000,0.0420,0.5288,1.7556,2.8585,7.8042,8.7786,,,
47.0697,7,7,24.4984,71.5674,completed,81639.37,50500.68,1.7525,8.32,0.0000,0.0328,1.9634,16.7260,3.0157,4.9820,7.3458,,,
31.3749,10,10,38.7394,70.1134,completed,81639.37,50500.68,1.7525,8.32,0.0000,0.0097,0.1316,0.5310,1.7348,2.3919,1.9520,5.3473,7.6053,7.5170
32.4885,10,10,40.7225,73.2105,completed,81639.03,50502.60,1.7494,8.33,0.0000,0.0567,0.2961,2.3964,29.7240,10.9729,0.4919,1.0785,2.2998,3.1627
55.4933,6,3,11.7824,67.2755,converged,81639.03,50502.60,1.7494,8.33,0.0000,0.1170,0.0851,,,,,,,
20.8328,10,3,12.4098,33.2418,converged,81638.60,50504.97,1.7444,8.33,0.0000,0.0214,0.0481,,,,,,,
23.4712,10,3,13.1071,36.5781,converged,81638.60,50504.97,1.7444,8.33,0.0000,0.0261,0.0425,,,,,,,
22.8865,10,4,19.2956,42.1817,converged,81638.30,50506.69,1.7425,8.33,0.0000,0.1035,0.1113,0.0506,,,,,,
49.9298,7,4,14.3617,64.2908,converged,81638.30,50506.69,1.7425,8.33,0.0000,0.0407,0.2231,0.0853,,,,,,
36.6110,9,3,10.3748,46.9859,converged,81637.97,50508.60,1.7416,8.33,0.0000,0.0592,0.0895,,,,,,,
50.3407,7,7,29.0937,79.4338,completed,81637.97,50508.60,1.7416,8.33,0.0000,0.1303,0.4157,3.4105,2.7941,6.2470,9.2906,,,
20.0574,10,3,10.6740,30.7310,converged,81637.58,50510.79,1.7433,8.33,0.0000,0.0549,0.0839,,,,,,,
34.0431,9,4,21.7679,55.8109,converged,81637.58,50510.79,1.7433,8.33,0.0000,0.2134,0.2191,0.0415,,,,,,
37.7297,9,3,18.8566,56.5857,converged,81637.29,50512.43,1.7441,8.33,0.0000,0.0428,0.0397,,,,,,,
40.2615,8,3,8.9821,49.2431,converged,81637.29,50512.43,1.7441,8.33,0.0000,0.1242,0.0305,,,,,,,
32.5346,10,10,43.5418,76.0758,completed,81636.96,50514.35,1.7413,8.34,0.0000,0.0460,0.1171,0.2567,0.4498,0.4343,1.3422,6.4243,8.3621,7.1203
21.8047,10,3,8.8287,30.6327,converged,81636.96,50514.35,1.7413,8.34,0.0000,0.0390,0.0403,,,,,,,
28.8456,10,3,8.6642,37.5092,converged,81636.63,50516.27,1.7431,8.34,0.0000,0.0150,0.0657,,,,,,,
28.1057,10,3,13.0790,41.1840,converged,81636.63,50516.27,1.7431,8.34,0.0000,0.0252,0.0325,,,,,,,
43.5297,8,3,21.0875,64.6165,converged,81636.31,50518.10,1.7458,8.34,0.0000,0.0091,0.0647,,,,,,,
22.0521,10,3,16.1174,38.1694,converged,81636.31,50518.10,1.7458,8.34,0.0000,0.0538,0.0502,,,,,,,
23.9231,10,3,10.9600,34.8830,converged,81636.00,50519.83,1.7468,8.34,0.0000,0.0501,0.0988,,,,,,,
48.2389,7,7,27.6601,75.8981,completed,81636.00,50519.83,1.7468,8.34,0.0000,0.0702,0.1634,0.3407,0.8827,5.8626,9.7177,,,
37.9383,9,9,28.2515,66.1896,completed,81635.67,50521.75,1.7458,8.33,0.0000,0.0603,0.1176,0.2078,0.1439,1.4185,3.1889,8.5125,9.4856,
21.1539,10,3,14.2563,35.4093,converged,81635.67,50521.75,1.7458,8.33,0.0000,0.0489,0.0412,,,,,,,
44.1726,8,8,43.0421,87.2142,completed,81635.29,50523.86,1.7445,8.33,0.0000,0.0165,0.1133,0.2335,0.5057,2.7641,9.0232,9.8168,,
45.9930,8,8,53.7664,99.7594,completed,81635.29,50523.86,1.7445,8.33,0.0000,0.0471,0.6711,2.0328,1.7375,4.3081,8.1618,9.2741,,
55.7785,6,6,27.2603,83.0384,completed,81634.79,50526.73,1.7499,8.33,0.0000,0.0378,0.6807,1.0354,4.9157,10.8526,,,,
50.2985,7,7,38.0193,88.3173,completed,81634.79,50526.73,1.7499,8.33,0.0000,0.1645,0.7051,1.0477,4.6985,8.5894,10.4372,,,
54.1428,6,5,37.7558,91.8978,deadline,81634.35,50529.17,1.7501,8.32,0.0000,0.0721,0.2689,0.1455,2.9497,,,,,
29.7806,10,3,10.4253,40.2054,converged,81634.35,50529.17,1.7501,8.32,0.0000,0.1567,0.0848,,,,,,,
28.9039,10,3,11.5022,40.4052,converged,81633.91,50531.63,1.7503,8.32,0.0000,0.0378,0.0874,,,,,,,
27.9619,10,3,9.6020,37.5630,converged,81633.91,50531.63,1.7503,8.32,0.0000,0.0113,0.0497,,,,,,,
48.9491,7,7,26.3283,75.2773,completed,81633.62,50533.28,1.7496,8.32,0.0000,0.0843,0.1694,0.2544,0.4198,4.3506,9.5471,,,
52.8934,6,6,23.1703,76.0633,completed,81633.62,50533.28,1.7496,8.32,0.0000,0.0780,0.2553,0.1736,2.2783,8.6073,,,,
46.2476,7,3,9.3746,55.6217,converged,81633.17,50535.74,1.7469,8.31,0.0000,0.0179,0.0806,,,,,,,
52.3580,6,6,20.3408,72.6978,completed,81633.17,50535.74,1.7469,8.31,0.0000,0.0591,0.2054,0.2343,1.6925,8.5150,,,,
41.7183,8,3,12.4032,54.1213,converged,81632.83,50537.65,1.7519,8.31,0.0000,0.0233,0.0409,,,,,,,
34.9874,9,3,10.2411,45.2282,converged,81632.83,50537.65,1.7519,8.31,0.0000,0.0340,0.0837,,,,,,,
25.1716,10,3,22.1960,47.3671,converged,81632.47,50539.56,1.7471,8.31,0.0000,0.0683,0.0961,,,,,,,
20.7976,10,3,18.6042,39.4013,converged,81632.47,50539.56,1.7471,8.31,0.0000,0.0363,0.0667,,,,,,,
31.5041,10,3,11.5846,43.0886,converged,81632.13,50541.47,1.7478,8.31,0.0000,0.0422,0.0731,,,,,,,
54.4814,6,6,37.7229,92.2040,completed,81632.13,50541.47,1.7478,8.31,0.0000,0.0992,0.2366,0.6499,1.7099,7.4242,,,,
49.5306,7,3,10.1544,59.6844,converged,81631.68,50543.97,1.7454,8.31,0.0000,0.0367,0.0932,,,,,,,
33.4122,10,3,10.1067,43.5187,converged,81631.68,50543.97,1.7454,8.31,0.0000,0.0447,0.0804,,,,,,,
58.7467,5,5,28.0951,86.8412,completed,81631.35,50545.85,1.7468,8.32,0.0000,0.0464,0.2457,0.9919,7.2223,,,,,
54.7226,6,6,28.3795,83.1015,completed,81631.35,50545.85,1.7468,8.32,0.0000,0.0836,0.4201,0.4267,1.1813,6.7852,,,,
55.9125,6,6,21.2927,77.2047,completed,81630.91,50548.31,1.7459,8.32,0.0000,0.1260,0.3534,0.5565,2.1860,7.3742,,,,
54.0509,6,6,24.3160,78.3661,completed,81630.91,50548.31,1.7459,8.32,0.0000,0.0288,0.1438,0.8526,1.3037,6.2868,,,,
26.9579,10,10,45.0175,71.9745,completed,81630.41,50551.05,1.7443,8.32,0.0000,0.1024,0.1403,0.3308,0.2893,0.3938,0.7833,2.8657,5.7013,5.3408
56.7116,6,6,31.5647,88.2758,completed,81630.41,50551.05,1.7443,8.32,0.0000,0.0900,0.3477,0.2952,2.7122,6.7713,,,,
59.7861,5,5,22.7637,82.5498,completed,81630.01,50553.39,1.7378,8.33,0.0000,0.2454,0.3808,0.9735,4.7868,,,,,
33.1641,10,3,15.6033,48.7673,converged,81630.01,50553.39,1.7378,8.33,0.0000,0.0462,0.0792,,,,,,,
35.2035,9,9,41.0394,76.2424,completed,81629.62,50555.73,1.7315,8.33,0.0000,0.0755,0.1330,0.3178,0.3870,1.1353,2.9167,4.3873,4.4794,
31.4702,10,10,49.2267,80.6967,completed,81629.62,50555.73,1.7315,8.33,0.0000,0.0653,0.1273,0.2824,0.3468,0.1664,0.8845,2.5919,4.2073,4.2063
20.2918,10,10,45.4937,65.7847,completed,81629.29,50557.80,1.7235,8.24,0.0000,0.0937,0.1816,0.3522,0.3856,0.3233,0.7586,2.7290,4.2967,3.9590
55.4604,6,6,29.7412,85.2012,completed,81629.29,50557.80,1.7235,8.24,0.0000,0.1618,0.5986,0.7380,1.7440,5.7837,,,,
57.3399,6,6,23.7632,81.1023,completed,81628.94,50560.08,1.7222,8.15,0.0000,0.1816,0.5170,0.2462,2.3102,5.4283,,,,
38.9856,9,3,9.5954,48.5804,converged,81628.94,50560.08,1.7222,8.15,0.0000,0.0316,0.0412,,,,,,,
45.7737,8,8,47.4579,93.2309,completed,81628.61,50562.23,1.7179,8.10,0.0000,0.1330,0.1655,0.2240,0.2514,0.3488,3.1991,4.4142,,
52.6807,6,6,34.8068,87.4869,completed,81628.61,50562.23,1.7179,8.10,0.0000,0.0619,0.2223,0.4376,2.6012,4.6370,,,,
36.1728,9,3,13.4307,49.6027,converged,81628.25,50564.59,1.7219,7.77,0.0000,0.0515,0.0463,,,,,,,
51.4449,7,3,10.9882,62.4322,converged,81628.10,50565.59,1.7268,7.60,0.0000,0.0348,0.0748,,,,,,,
40.9409,8,3,9.6638,50.6038,converged,81628.10,50565.59,1.7268,7.60,0.0000,0.0304,0.0670,,,,,,,
28.1379,10,3,16.9671,45.1042,converged,81627.84,50567.30,1.7248,7.27,0.0000,0.0180,0.0318,,,,,,,
25.9043,10,3,16.7565,42.6606,converged,81627.84,50567.30,1.7248,7.27,0.0000,0.0198,0.0142,,,,,,,
52.9494,6,6,29.9881,82.9372,completed,81627.60,50568.81,1.7365,6.88,0.0000,0.0989,0.1476,0.8216,3.2034,4.6309,,,,
43.0958,8,8,39.6402,82.7352,completed,81627.60,50568.81,1.7365,6.88,0.0000,0.0577,0.1021,0.1345,0.3991,0.5535,3.1817,3.8598,,
39.4330,9,3,15.9542,55.3883,converged,81627.29,50570.63,1.7534,6.35,0.0000,0.0384,0.0600,,,,,,,
59.7934,5,5,23.7383,83.5313,completed,81627.29,50570.63,1.7534,6.35,0.0000,0.1317,0.2983,0.8614,2.4099,,,,,
40.2776,8,3,15.2197,55.4967,converged,81626.99,50572.19,1.7726,5.77,0.0000,0.0746,0.0827,,,,,,,
28.1738,10,3,13.2694,41.4424,converged,81626.99,50572.19,1.7726,5.77,0.0000,0.0575,0.0784,,,,,,,
52.8781,6,6,25.5639,78.4419,completed,81626.74,50573.45,1.7924,5.32,0.0000,0.2201,0.1383,1.0503,1.4428,3.3983,,,,
53.4046,6,6,38.9715,92.3755,completed,81626.74,50573.45,1.7924,5.32,0.0000,0.1945,0.1133,0.9256,3.9517,4.5067,,,,
59.5716,5,5,23.2644,82.9694,completed,81626.39,50574.90,1.8336,4.69,0.0000,0.4325,0.2009,1.5851,4.4467,,,,,
57.0078,6,3,15.5769,72.5840,converged,81626.39,50574.90,1.8336,4.69,0.0000,0.3267,0.0889,,,,,,,
59.3179,5,5,24.3649,83.6819,completed,81626.07,50576.01,1.8739,4.18,0.0000,0.3393,1.4739,1.9079,2.8912,,,,,
47.9477,7,7,24.6019,72.5490,completed,81626.07,50576.01,1.8739,4.18,0.0000,0.3444,0.1664,0.8591,1.3123,3.7342,4.1199,,,
52.7684,6,6,28.7242,81.4922,completed,81625.75,50576.96,1.9260,3.58,0.0000,0.2915,0.1852,1.2750,2.5668,4.3742,,,,
40.1642,8,3,14.0031,54.1671,converged,81625.75,50576.96,1.9260,3.58,0.0000,0.1197,0.0588,,,,,,,
52.7733,6,6,24.9722,77.7452,completed,81625.42,50577.79,1.9833,3.30,0.0000,0.2098,0.2228,0.5203,2.0795,4.4494,,,,
57.8102,6,6,29.4146,87.2246,completed,81625.42,50577.79,1.9833,3.30,0.0000,0.1503,0.2132,1.0607,1.7790,3.9872,,,,
57.0924,6,6,22.1371,79.2291,completed,81625.01,50578.65,2.0513,3.12,0.0000,0.0998,0.1269,0.3668,2.0933,4.7628,,,,
38.4234,9,4,11.8174,50.2404,converged,81625.01,50578.65,2.0513,3.12,0.0000,0.1043,0.1080,0.0995,,,,,,
56.3179,6,6,25.8689,82.1860,completed,81624.67,50579.26,2.1003,2.95,0.0000,0.1116,0.1013,0.4365,2.8618,4.9735,,,,
43.1523,8,3,12.1094,55.2614,converged,81624.67,50579.26,2.1003,2.95,0.0000,0.0605,0.0307,,,,,,,
22.5887,10,10,45.9056,68.4937,completed,81624.29,50579.89,2.1531,2.72,0.0000,0.0284,0.1015,0.2640,0.6152,0.8646,0.2889,2.7869,3.9789,3.6127
46.7002,7,3,12.7938,59.4939,converged,81624.29,50579.89,2.1531,2.72,0.0000,0.0758,0.0518,,,,,,,
24.4936,10,3,12.6547,37.1478,converged,81623.91,50580.45,2.2019,2.60,0.0000,0.0196,0.0485,,,,,,,
22.2842,10,3,11.8606,34.1447,converged,81623.91,50580.45,2.2019,2.60,0.0000,0.0242,0.0233,,,,,,,
20.8532,10,3,14.2394,35.0924,converged,81623.61,50580.85,2.2386,2.51,0.0000,0.0244,0.0159,,,,,,,
31.2005,10,3,13.6709,44.8709,converged,81623.61,50580.85,2.2386,2.51,0.0000,0.0260,0.0314,,,,,,,
56.3636,6,6,25.7382,82.1013,completed,81623.29,50581.25,2.2786,2.40,0.0000,0.0937,0.1305,0.3133,3.0943,5.5663,,,,
25.6835,10,3,10.7713,36.4544,converged,81623.29,50581.25,2.2786,2.40,0.0000,0.0648,0.0782,,,,,,,
58.8302,5,5,22.6740,81.5040,completed,81622.88,50581.71,2.3275,2.26,0.0000,0.2493,0.1325,1.3461,5.8082,,,,,
45.9811,8,3,17.2863,63.2674,converged,81622.88,50581.71,2.3275,2.26,0.0000,0.0449,0.0812,,,,,,,
34.7073,9,3,15.2474,49.9544,converged,81622.47,50582.13,2.3740,2.17,0.0000,0.0804,0.0761,,,,,,,
50.2883,7,7,27.8954,78.1834,completed,81622.47,50582.13,2.3740,2.17,0.0000,0.1427,0.3416,0.5706,0.3967,4.0285,4.8181,,,
48.3564,7,7,41.6722,90.0282,completed,81622.11,50582.46,2.4148,2.08,0.0000,0.0900,0.1287,0.4846,2.4364,5.9664,5.2334,,,
54.6457,6,6,21.3966,76.0416,completed,81622.11,50582.46,2.4148,2.08,0.0000,0.0861,0.1389,0.4943,2.3997,5.5420,,,,
43.3669,8,8,39.8669,83.2329,completed,81621.65,50582.86,2.4660,1.97,0.0000,0.1049,0.1408,0.3057,0.4296,1.8333,5.0504,4.9104,,
42.7461,8,8,41.6862,84.4322,completed,81621.65,50582.86,2.4660,1.97,0.0000,0.1454,0.3058,0.9905,2.2510,0.4719,3.5187,4.0665,,
36.8167,9,3,15.9695,52.7855,converged,81621.19,50583.22,2.5121,1.83,0.0000,0.0730,0.0957,,,,,,,
43.8618,8,8,43.5566,87.4189,completed,81621.19,50583.22,2.5121,1.83,0.0000,0.0799,0.1006,0.2710,0.6492,1.9095,5.3741,4.9384,,
29.9572,10,10,69.8634,99.8205,completed,81620.79,50583.50,2.5503,1.69,0.0000,0.1033,0.1303,0.1207,0.1258,0.9006,0.1742,3.3666,4.5868,4.1135
26.8482,10,3,13.8581,40.7062,converged,81620.79,50583.50,2.5503,1.69,0.0000,0.0493,0.0756,,,,,,,
58.9717,5,5,20.1169,79.0880,completed,81620.44,50583.73,2.5857,1.62,0.0000,0.2731,0.4686,0.4443,5.5067,,,,,
41.7418,8,3,13.2773,55.0183,converged,81620.44,50583.73,2.5857,1.62,0.0000,0.0891,0.0857,,,,,,,
48.4376,7,7,34.7060,83.1430,completed,81620.10,50583.94,2.6206,1.52,0.0000,0.1052,0.1753,0.4405,0.6002,4.0446,5.3355,,,
57.8612,6,6,22.1677,80.0287,completed,81620.10,50583.94,2.6206,1.52,0.0000,0.1849,0.4995,2.4349,0.3206,4.7964,,,,
22.8375,10,3,12.0312,34.8682,converged,81619.72,50584.15,2.6553,1.36,0.0000,0.0541,0.0534,,,,,,,
35.6364,9,3,20.4213,56.0580,converged,81619.72,50584.15,2.6553,1.36,0.0000,0.0822,0.0896,,,,,,,
33.6621,10,3,21.7423,55.4044,converged,81619.49,50584.27,2.6786,1.25,0.0000,0.0403,0.0524,,,,,,,
22.5824,10,3,9.7373,32.3193,converged,81619.49,50584.27,2.6786,1.25,0.0000,0.0413,0.0415,,,,,,,
52.0135,6,6,23.0594,75.0724,completed,81619.24,50584.40,2.7024,1.19,0.0000,0.0683,0.1740,0.6207,4.6692,6.8126,,,,
30.6489,10,3,13.6815,44.3296,converged,81619.24,50584.40,2.7024,1.19,0.0000,0.0436,0.0718,,,,,,,
55.5388,6,6,35.3706,90.9086,completed,81618.96,50584.53,2.7314,1.15,0.0000,0.0662,0.1256,0.8600,2.2960,6.2725,,,,
42.2590,8,3,14.1677,56.4267,converged,81618.96,50584.53,2.7314,1.15,0.0000,0.0530,0.0644,,,,,,,
35.0469,9,3,12.7298,47.7758,converged,81618.68,50584.65,2.7575,1.07,0.0000,0.0402,0.0465,,,,,,,
44.4430,8,3,10.9479,55.3909,converged,81618.68,50584.65,2.7575,1.07,0.0000,0.0636,0.0656,,,,,,,
40.2896,8,3,9.3573,49.6463,converged,81618.48,50584.73,2.7765,1.01,0.0000,0.0446,0.0736,,,,,,,
26.0847,10,3,10.1549,36.2389,converged,81618.48,50584.73,2.7765,1.01,0.0000,0.0425,0.0421,,,,,,,
53.1360,6,6,20.9654,74.1004,completed,81618.26,50584.82,2.7979,1.00,0.0000,0.0448,0.3015,1.8580,1.9477,5.9166,,,,
57.0586,6,6,29.1668,86.2248,completed,81618.26,50584.82,2.7979,1.00,0.0000,0.1079,0.1226,1.0046,2.6697,6.2889,,,,
33.4707,10,3,16.4145,49.8846,converged,81617.99,50584.91,2.8252,0.99,0.0000,0.0282,0.0671,,,,,,,
49.5901,7,3,8.6853,58.2753,converged,81617.99,50584.91,2.8252,0.99,0.0000,0.0670,0.0715,,,,,,,
54.2522,6,6,27.7125,81.9645,completed,81617.78,50584.98,2.8404,0.88,0.0000,0.0668,0.2123,1.3236,1.5495,5.9470,,,,
52.9968,6,6,38.5209,91.5170,completed,81617.78,50584.98,2.8404,0.88,0.0000,0.0861,0.6230,2.0708,1.9157,5.5411,,,,
53.2956,6,6,29.6880,82.9830,completed,81617.50,50585.07,2.8628,0.80,0.0000,0.0286,0.4567,1.8658,1.8435,5.7734,,,,
56.4759,6,6,31.3098,87.7849,completed,81617.50,50585.07,2.8628,0.80,0.0000,0.0464,1.5101,3.1310,0.7461,4.7639,,,,
48.3598,7,3,10.6582,59.0172,converged,81617.29,50585.13,2.8776,0.66,0.0000,0.0387,0.0696,,,,,,,
31.7194,10,3,13.2604,44.9795,converged,81617.29,50585.13,2.8776,0.66,0.0000,0.0400,0.0223,,,,,,,
20.8051,10,3,11.8219,32.6270,converged,81617.18,50585.16,2.8849,0.58,0.0000,0.0282,0.0302,,,,,,,
23.5763,10,10,49.0899,72.6659,completed,81617.18,50585.16,2.8849,0.58,0.0000,0.1298,0.1774,0.1867,0.2607,0.2801,1.9674,4.3420,5.1003,4.6302
51.5930,7,7,29.5017,81.0947,completed,81617.05,50585.20,2.8940,0.53,0.0000,0.0174,0.2112,1.2014,0.5841,2.8852,5.8416,,,
43.7608,8,8,28.1897,71.9497,completed,81617.05,50585.20,2.8940,0.53,0.0000,0.1358,0.1292,1.0451,0.4535,1.5257,4.5427,5.3741,,
41.7100,8,3,15.1880,56.8970,converged,81616.90,50585.23,2.9070,0.47,0.0000,0.0953,0.0893,,,,,,,
33.1722,10,10,40.1092,73.2812,completed,81616.90,50585.23,2.9070,0.47,0.0000,0.0551,0.1649,0.5372,1.1280,0.3455,0.7092,3.3880,4.5738,4.3765
46.9263,7,3,10.4888,57.4149,converged,81616.80,50585.26,2.9115,0.36,0.0000,0.0643,0.0606,,,,,,,
20.9852,10,3,14.8631,35.8482,converged,81616.80,50585.26,2.9115,0.36,0.0000,0.0103,0.0389,,,,,,,
52.6294,6,3,8.6202,61.2492,converged,81616.73,50585.28,2.9148,0.29,0.0000,0.0161,0.0913,,,,,,,
32.8736,10,3,12.7844,45.6574,converged,81616.73,50585.28,2.9148,0.29,0.0000,0.0736,0.0624,,,,,,,
33.5201,10,4,17.0286,50.5486,converged,81616.67,50585.29,2.9182,0.28,0.0000,0.0775,0.1015,0.0679,,,,,,
53.1134,6,6,34.2058,87.3188,completed,81616.67,50585.29,2.9182,0.28,0.0000,0.0665,2.4027,3.0969,1.3948,4.1923,,,,
25.2933,10,4,13.2793,38.5724,converged,81616.59,50585.31,2.9250,0.36,0.0000,0.0763,0.1238,0.0533,,,,,,
53.5194,6,6,32.6886,86.2077,completed,81616.59,50585.31,2.9250,0.36,0.0000,0.0462,0.5521,1.5288,2.5109,5.6274,,,,
31.7184,10,3,10.4955,42.2140,converged,81616.49,50585.34,2.9335,0.43,0.0000,0.0309,0.0325,,,,,,,
32.2787,10,10,35.1150,67.3930,completed,81616.49,50585.34,2.9335,0.43,0.0000,0.0302,0.1070,0.8482,2.9711,0.4764,2.7924,3.4165,4.2005,4.0607
57.4332,6,6,32.5031,89.9361,completed,81616.39,50585.36,2.9427,0.47,0.0000,0.0250,0.1821,0.3583,2.7228,6.0213,,,,
28.6106,10,10,48.1149,76.7249,completed,81616.39,50585.36,2.9427,0.47,0.0000,0.2466,0.4305,0.3586,1.1619,0.5335,3.1121,3.6698,4.5925,4.5103
30.3875,10,10,42.6527,73.0397,completed,81616.27,50585.38,2.9510,0.43,0.0000,0.2067,0.3442,0.2653,0.9668,0.8353,2.7654,3.7240,4.7602,4.5899
34.3799,9,9,48.1334,82.5124,completed,81616.27,50585.38,2.9510,0.43,0.0000,0.0303,0.3137,2.0765,1.5994,0.3570,2.2131,3.3851,3.4467,
55.1339,6,3,9.6804,64.8134,converged,81616.16,50585.41,2.9570,0.34,0.0000,0.0322,0.0594,,,,,,,
51.1354,7,7,32.8750,84.0100,completed,81616.16,50585.41,2.9570,0.34,0.0000,0.0445,0.6863,1.5639,0.8168,2.8875,4.3818,,,
28.2931,10,3,12.3505,40.6436,converged,81616.09,50585.42,2.9601,0.26,0.0000,0.0499,0.0462,,,,,,,
56.7958,6,6,24.1985,80.9935,completed,81616.09,50585.42,2.9601,0.26,0.0000,0.1227,0.9761,0.9192,1.7657,4.2656,,,,
52.7042,6,6,24.0827,76.7867,completed,81616.02,50585.44,2.9653,0.32,0.0000,0.1422,0.1595,1.2685,2.3220,5.5892,,,,
33.3469,10,3,11.3981,44.7441,converged,81616.02,50585.44,2.9653,0.32,0.0000,0.0399,0.0830,,,,,,,
34.7752,9,3,16.2308,51.0058,converged,81615.93,50585.46,2.9732,0.42,0.0000,0.0372,0.0675,,,,,,,
27.7797,10,3,10.4820,38.2611,converged,81615.93,50585.46,2.9732,0.42,0.0000,0.0341,0.0485,,,,,,,
47.7280,7,3,12.0614,59.7884,converged,81615.84,50585.47,2.9819,0.47,0.0000,0.0383,0.0544,,,,,,,
56.7216,6,6,31.8826,88.6037,completed,81615.84,50585.47,2.9819,0.47,0.0000,0.0534,0.8777,2.1992,1.8200,4.7988,,,,
45.0723,8,8,42.2583,87.3304,completed,81615.70,50585.50,2.9940,0.57,0.0000,0.0313,0.1029,0.5956,1.2058,1.0358,3.7591,5.1930,,
24.6692,10,3,11.5332,36.2022,converged,81615.70,50585.50,2.9940,0.57,0.0000,0.0346,0.0494,,,,,,,
46.7164,7,7,34.0307,80.7467,completed,81615.54,50585.52,3.0049,0.66,0.0000,0.0196,0.1038,0.2204,0.8514,4.7563,6.5082,,,
44.3905,8,3,17.3042,61.6942,converged,81615.54,50585.52,3.0049,0.66,0.0000,0.0258,0.0318,,,,,,,
52.5078,6,3,10.5457,63.0527,converged,81615.36,50585.55,3.0200,0.71,0.0000,0.0572,0.0399,,,,,,,
41.4313,8,3,9.4854,50.9164,converged,81615.36,50585.55,3.0200,0.71,0.0000,0.0600,0.0624,,,,,,,
29.4092,10,3,9.0492,38.4582,converged,81615.20,50585.57,3.0302,0.68,0.0000,0.0148,0.0167,,,,,,,
37.4769,9,3,8.7912,46.2672,converged,81615.20,50585.57,3.0302,0.68,0.0000,0.0229,0.0390,,,,,,,
46.1653,7,3,13.7975,59.9625,converged,81615.04,50585.58,3.0403,0.70,0.0000,0.0144,0.0437,,,,,,,
59.2582,5,5,18.8013,78.0593,completed,81615.04,50585.58,3.0403,0.70,0.0000,0.1101,0.4033,1.2069,5.5249,,,,,
31.1928,10,3,11.4208,42.6128,converged,81614.85,50585.61,3.0533,0.77,0.0000,0.0136,0.0109,,,,,,,
52.2078,6,6,21.2547,73.4617,completed,81614.85,50585.61,3.0533,0.77,0.0000,0.0317,0.1037,0.6846,1.7637,5.4841,,,,
23.3516,10,3,15.4200,38.7710,converged,81614.66,50585.62,3.0657,0.85,0.0000,0.0199,0.0328,,,,,,,
40.9207,8,3,13.1032,54.0232,converged,81614.66,50585.62,3.0657,0.85,0.0000,0.0104,0.0362,,,,,,,
30.8465,10,3,9.5603,40.4063,converged,81614.45,50585.64,3.0803,0.94,0.0000,0.0068,0.0254,,,,,,,
33.1297,10,3,9.9774,43.1065,converged,81614.45,50585.64,3.0803,0.94,0.0000,0.0062,0.0137,,,,,,,
50.1645,7,3,9.9762,60.1402,converged,81614.26,50585.65,3.0937,1.00,0.0000,0.0357,0.0415,,,,,,,
42.4914,8,3,9.7049,52.1959,converged,81614.26,50585.65,3.0937,1.00,0.0000,0.0554,0.0806,,,,,,,
24.0062,10,3,11.7047,35.7108,converged,81613.98,50585.67,3.1118,1.12,0.0000,0.0592,0.0916,,,,,,,
54.4282,6,3,15.0714,69.4994,converged,81613.98,50585.67,3.1118,1.12,0.0000,0.0326,0.0948,,,,,,,
36.8376,9,3,15.9148,52.7519,converged,81613.70,50585.67,3.1290,1.20,0.0000,0.0445,0.0605,,,,,,,
42.2424,8,3,12.3123,54.5544,converged,81613.70,50585.67,3.1290,1.20,0.0000,0.0152,0.0599,,,,,,,
26.9989,10,3,9.4375,36.4355,converged,81613.42,50585.68,-3.1374,1.27,0.0000,0.0561,0.0670,,,,,,,
46.6394,7,7,27.0978,73.7368,completed,81613.42,50585.68,-3.1374,1.27,0.0000,0.0995,0.1406,0.2018,0.6098,2.8211,6.1309,,,
27.2294,10,4,12.6175,39.8466,converged,81613.12,50585.68,-3.1199,1.33,0.0000,0.0805,0.1171,0.0572,,,,,,
31.2986,10,3,10.4580,41.7560,converged,81613.12,50585.68,-3.1199,1.33,0.0000,0.0242,0.0312,,,,,,,
59.1492,5,5,20.2318,79.3809,completed,81612.82,50585.67,-3.1032,1.39,0.0000,0.0916,0.1899,0.6546,6.0663,,,,,
33.7277,10,3,14.4207,48.1477,converged,81612.82,50585.67,-3.1032,1.39,0.0000,0.0128,0.0158,,,,,,,
26.0741,10,5,25.7420,51.8160,converged,81612.47,50585.66,-3.0844,1.49,0.0000,0.0793,0.1181,0.1256,0.0345,,,,,
54.4555,6,3,12.3524,66.8074,converged,81612.47,50585.66,-3.0844,1.49,0.0000,0.0520,0.0571,,,,,,,
20.2876,10,5,15.8181,36.1052,converged,81612.06,50585.63,-3.0592,1.67,0.0000,0.1089,0.1598,0.2004,0.0909,,,,,
36.2051,9,3,13.9982,50.2032,converged,81612.06,50585.63,-3.0592,1.67,0.0000,0.0444,0.0524,,,,,,,
59.4094,5,5,19.0081,78.4171,completed,81611.69,50585.60,-3.0363,1.83,0.0000,0.0691,0.1313,1.6298,7.6146,,,,,
31.7123,10,3,9.5745,41.2866,converged,81611.69,50585.60,-3.0363,1.83,0.0000,0.0307,0.0387,,,,,,,
40.0829,8,5,18.6862,58.7682,converged,81611.16,50585.54,-3.0110,2.11,0.0000,0.0348,0.1140,0.1811,0.0994,,,,,
35.7839,9,3,12.8557,48.6388,converged,81611.16,50585.54,-3.0110,2.11,0.0000,0.0115,0.0298,,,,,,,
39.5854,9,4,16.2623,55.8474,converged,81610.65,50585.47,-2.9883,2.35,0.0000,0.1127,0.1358,0.0728,,,,,,
29.4422,10,10,34.0236,63.4656,completed,81610.65,50585.47,-2.9883,2.35,0.0000,0.1706,0.1543,0.1665,0.1275,1.3595,1.5503,3.6224,5.7973,5.8493
59.0237,5,5,21.6189,80.6419,completed,81609.99,50585.37,-2.9653,2.65,0.0000,0.1530,0.7467,3.0181,8.9143,,,,,
39.5343,9,9,30.7074,70.2414,completed,81609.99,50585.37,-2.9653,2.65,0.0000,0.1729,0.2067,0.1755,0.9104,1.4643,4.4418,6.9120,6.3408,
37.3175,9,4,11.4536,48.7706,converged,81609.14,50585.21,-2.9467,3.08,0.0000,0.1025,0.1346,0.0644,,,,,,
54.7638,6,3,9.9698,64.7328,converged,81609.14,50585.21,-2.9467,3.08,0.0000,0.0855,0.0778,,,,,,,
36.3786,9,9,29.8512,66.2292,completed,81608.39,50585.07,-2.9469,3.45,0.0000,0.0846,0.1607,0.3097,0.4896,0.6924,4.9236,7.6245,6.8408,
51.0445,7,3,9.5488,60.5928,converged,81608.39,50585.07,-2.9469,3.45,0.0000,0.0386,0.0804,,,,,,,
35.8137,9,3,14.4987,50.3118,converged,81607.42,50584.89,-2.9462,3.89,0.0000,0.0504,0.0427,,,,,,,
56.3387,6,3,9.5611,65.8991,converged,81607.42,50584.89,-2.9462,3.89,0.0000,0.0613,0.0633,,,,,,,
40.0018,8,8,27.5339,67.5350,completed,81606.34,50584.68,-2.9445,4.26,0.0000,0.0263,0.1231,0.2667,0.3934,2.7512,8.2701,8.6021,,
28.7079,10,10,37.5072,66.2143,completed,81606.34,50584.68,-2.9445,4.26,0.0000,0.1289,0.2304,0.4082,0.5274,1.3136,2.1394,5.0542,6.3033,5.4212
39.9808,9,3,11.0100,50.9947,converged,81605.14,50584.45,-2.9407,4.77,0.0000,0.0511,0.0845,,,,,,,
20.9896,10,3,11.4768,32.4658,converged,81605.14,50584.45,-2.9407,4.77,0.0000,0.0727,0.0984,,,,,,,
32.5124,10,3,17.4733,49.9854,converged,81604.00,50584.23,-2.9415,5.14,0.0000,0.0292,0.0693,,,,,,,
59.0240,5,5,19.4626,78.4856,completed,81604.00,50584.23,-2.9415,5.14,0.0000,0.0939,0.4204,3.3828,10.3926,,,,,
24.3578,10,10,48.0763,72.4333,completed,81602.78,50583.99,-2.9452,5.49,0.0000,0.1501,0.2309,0.2186,0.1392,1.0792,3.3388,9.1631,9.1425,7.3287
28.4796,10,3,16.5091,44.9881,converged,81602.78,50583.99,-2.9452,5.49,0.0000,0.0470,0.0736,,,,,,,
25.3377,10,5,17.6584,42.9954,converged,81601.49,50583.74,-2.9451,5.81,0.0000,0.1139,0.1393,0.1000,0.0569,,,,,
20.8211,10,4,15.4694,36.2905,converged,81601.49,50583.74,-2.9451,5.81,0.0000,0.0951,0.1314,0.0896,,,,,,
39.6587,9,9,33.2689,72.9270,completed,81600.12,50583.48,-2.9463,6.10,0.0000,0.1600,0.3104,0.1811,0.3321,1.7299,5.9309,9.7709,8.6122,
48.2219,7,7,24.2334,72.4544,completed,81600.12,50583.48,-2.9463,6.10,0.0000,0.1567,0.2522,0.4168,1.7033,8.6989,10.4226,,,
23.3546,10,10,42.3869,65.7409,completed,81598.70,50583.20,-2.9457,6.31,0.0000,0.1504,0.3420,0.3006,0.1291,0.6360,1.4639,6.2071,8.8388,7.8346
26.0651,10,4,15.0332,41.0983,converged,81597.65,50582.99,-2.9451,6.48,0.0000,0.1209,0.1361,0.0435,,,,,,
55.3999,6,6,25.5517,80.9508,completed,81597.65,50582.99,-2.9451,6.48,0.0000,0.3857,0.2971,0.2271,2.8021,9.5114,,,,
59.4457,5,5,25.0059,84.4510,completed,81596.12,50582.69,-2.9424,6.84,0.0000,0.2384,0.1971,1.5519,9.3840,,,,,
31.0114,10,10,42.2489,73.2600,completed,81596.12,50582.69,-2.9424,6.84,0.0000,0.1646,0.2277,0.1191,0.2607,0.4028,1.5562,4.0039,8.4296,8.1425
20.9472,10,10,39.0675,60.0146,completed,81594.29,50582.32,-2.9484,7.07,0.0000,0.2105,0.2563,0.1614,0.1903,0.2918,2.0825,8.2536,8.8467,7.1466
56.1509,6,6,30.3043,86.4543,completed,81594.29,50582.32,-2.9484,7.07,0.0000,0.4359,0.4657,0.7150,7.5290,11.2038,,,,
48.9798,7,7,25.7744,74.7534,completed,81592.16,50581.91,-2.9457,7.41,0.0000,0.4162,0.4889,0.7094,3.7144,11.7760,11.0110,,,
23.8239,10,5,20.5905,44.4135,converged,81592.16,50581.91,-2.9457,7.41,0.0000,0.2395,0.2780,0.1744,0.0702,,,,,
45.9237,8,8,31.0865,77.0096,completed,81590.43,50581.56,-2.9460,7.67,0.0000,0.3989,0.4547,0.2697,1.7496,5.2980,10.6625,9.0993,,
29.6645,10,10,34.9939,64.6579,completed,81590.43,50581.56,-2.9460,7.67,0.0000,0.3705,0.4206,0.2997,0.6370,1.9409,4.2361,7.8444,8.6506,7.8460
51.7408,7,7,28.3818,80.1218,completed,81588.12,50581.10,-2.9479,7.99,0.0000,0.4111,0.3463,0.3231,2.7378,7.8523,10.2877,,,
54.4642,6,6,27.1302,81.5943,completed,81588.12,50581.10,-2.9479,7.99,0.0000,0.5602,0.4110,3.3706,11.1866,12.8088,,,,
46.4489,7,7,27.5019,73.9500,completed,81585.73,50580.62,-2.9421,8.19,0.0000,0.2050,0.4140,0.3300,3.7713,8.2454,10.5516,,,
54.0079,6,6,35.3130,89.3201,completed,81585.73,50580.62,-2.9421,8.19,0.0000,0.1437,0.7237,1.2095,4.3398,10.2015,,,,
48.5835,7,7,26.7547,75.3378,completed,81583.29,50580.12,-2.9436,8.38,0.0000,0.0607,0.6395,1.0738,2.7323,6.5465,10.1001,,,
45.6120,8,8,28.0034,73.6154,completed,81583.29,50580.12,-2.9436,8.38,0.0000,0.1788,0.4103,0.1669,1.4519,2.5574,8.9462,10.0898,,
55.5155,6,6,22.0599,77.5749,completed,81581.08,50579.68,-2.9449,8.48,0.0000,0.0824,0.3015,1.4196,4.3916,9.8225,,,,
24.4968,10,3,10.2815,34.7776,converged,81581.08,50579.68,-2.9449,8.48,0.0000,0.0879,0.0309,,,,,,,
37.4791,9,3,12.7999,50.2790,converged,81578.96,50579.25,-2.9483,8.55,0.0000,0.0992,0.0440,,,,,,,
37.9107,9,9,45.9471,83.8571,completed,81578.96,50579.25,-2.9483,8.55,0.0000,0.0316,0.1252,0.3075,0.3520,2.5802,6.7374,9.7766,9.0770,
24.9476,10,3,15.8630,40.8101,converged,81577.00,50578.86,-2.9475,8.58,0.0000,0.1493,0.0549,,,,,,,
45.2470,8,8,36.5731,81.8191,completed,81577.00,50578.86,-2.9475,8.58,0.0000,0.2507,0.1130,0.2100,0.6293,3.8450,8.8987,10.2432,,
57.9720,6,6,24.0900,82.0621,completed,81574.78,50578.42,-2.9485,8.60,0.0000,0.3373,0.2602,1.6029,2.6825,7.8541,,,,
25.4145,10,3,12.0141,37.4281,converged,81574.78,50578.42,-2.9485,8.60,0.0000,0.2078,0.0887,,,,,,,
45.9398,8,3,10.3752,56.3142,converged,81572.67,50578.00,-2.9499,8.61,0.0000,0.3547,0.0404,,,,,,,
29.8801,10,10,38.5545,68.4345,completed,81572.67,50578.00,-2.9499,8.61,0.0000,0.0112,0.4736,1.6573,2.9035,3.1673,0.9972,5.0016,7.1399,6.5020
38.1728,9,3,12.9017,51.0738,converged,81570.41,50577.56,-2.9508,8.60,0.0000,0.1688,0.0436,,,,,,,
33.5856,10,10,36.3861,69.9712,completed,81570.41,50577.56,-2.9508,8.60,0.0000,0.1433,0.1253,1.0392,2.0531,2.2997,1.1765,5.2094,7.7275,7.6641
44.3731,8,8,41.9638,86.3368,completed,81568.16,50577.11,-2.9484,8.60,0.0000,0.2553,0.2400,0.3437,1.7156,2.9975,6.2491,8.9073,,
49.4256,7,3,17.6120,67.0371,converged,81568.16,50577.11,-2.9484,8.60,0.0000,0.2529,0.0312,,,,,,,
42.8064,8,8,32.5350,75.3410,completed,81565.99,50576.69,-2.9513,8.60,0.0000,0.2122,0.2058,0.3677,1.6709,2.4558,5.3137,8.0858,,
24.6405,10,3,15.6197,40.2597,converged,81565.99,50576.69,-2.9513,8.60,0.0000,0.1882,0.0347,,,,,,,
58.4998,5,5,31.2322,89.7312,completed,81563.81,50576.26,-2.9513,8.59,0.0000,0.2737,0.3082,2.6693,7.7435,,,,,
31.4307,10,3,15.3151,46.7451,converged,81563.81,50576.26,-2.9513,8.59,0.0000,0.1524,0.0724,,,,,,,
25.1589,10,10,35.6189,60.7769,completed,81561.56,50575.82,-2.9519,8.59,0.0000,0.1941,0.3100,0.2667,0.3103,1.0248,2.0671,4.1017,6.4490,6.4227
29.8747,10,10,37.6496,67.5236,completed,81561.56,50575.82,-2.9519,8.59,0.0000,0.2702,0.2793,0.1290,0.2767,0.9915,1.9462,4.3165,6.8689,6.5152
51.3445,7,7,36.0471,87.3912,completed,81559.45,50575.42,-2.9542,8.58,0.0000,0.1877,0.1394,0.4291,2.0191,4.2000,7.0336,,,
46.5618,7,7,35.5911,82.1522,completed,81559.45,50575.42,-2.9542,8.58,0.0000,0.2040,0.2968,0.7398,1.5405,4.6998,7.7245,,,
42.3669,8,3,15.6290,57.9951,converged,81556.92,50574.94,-2.9599,8.58,0.0000,0.0840,0.0308,,,,,,,
37.2884,9,9,43.4574,80.7454,completed,81556.92,50574.94,-2.9599,8.58,0.0000,0.1229,0.1151,0.3687,0.6150,1.3624,1.8331,5.1043,6.0214,
52.1340,6,6,30.5613,82.6954,completed,81554.67,50574.53,-2.9624,8.57,0.0000,0.1339,0.2560,0.5298,2.4890,6.1966,,,,
25.5336,10,3,17.5901,43.1231,converged,81554.67,50574.53,-2.9624,8.57,0.0000,0.1181,0.0932,,,,,,,
55.4855,6,6,30.7939,86.2789,completed,81552.54,50574.14,-2.9655,8.57,0.0000,0.1239,0.3381,0.2482,4.1239,6.6869,,,,
50.3496,7,7,28.8000,79.1491,completed,81552.54,50574.14,-2.9655,8.57,0.0000,0.2026,0.2872,0.6239,1.0600,3.7595,5.5491,,,
56.8367,6,6,22.7036,79.5396,completed,81550.31,50573.74,-2.9671,8.56,0.0000,0.0693,0.1827,1.0085,1.9941,5.6993,,,,
24.7240,10,3,9.7685,34.4915,converged,81550.31,50573.74,-2.9671,8.56,0.0000,0.0259,0.0596,,,,,,,
30.0738,10,10,40.2066,70.2796,completed,81548.19,50573.37,-2.9702,8.56,0.0000,0.0892,0.1403,0.3213,0.3596,0.4368,0.7746,2.2258,4.1443,4.1384
58.4953,5,5,21.7654,80.2604,completed,81548.19,50573.37,-2.9702,8.56,0.0000,0.1461,0.6832,0.7586,4.3811,,,,,
26.2284,10,3,15.6852,41.9133,converged,81545.66,50572.93,-2.9767,8.55,0.0000,0.0640,0.0791,,,,,,,
49.6910,7,7,26.1513,75.8414,completed,81545.66,50572.93,-2.9767,8.55,0.0000,0.0418,0.1742,0.6343,0.9545,3.6766,4.6546,,,
52.2462,6,6,26.4559,78.7019,completed,81543.68,50572.60,-2.9780,8.56,0.0000,0.1007,0.3830,0.7815,2.3307,4.9098,,,,
59.1431,5,5,20.4418,79.5848,completed,81543.68,50572.60,-2.9780,8.56,0.0000,0.0899,0.5849,0.8720,5.0847,,,,,
33.2213,10,10,33.7182,66.9393,completed,81541.41,50572.23,-2.9851,8.56,0.0000,0.1513,0.1926,0.3244,0.6545,0.7049,0.9539,2.6533,3.6276,3.2604
24.4704,10,3,12.2649,36.7350,converged,81541.41,50572.23,-2.9851,8.56,0.0000,0.0440,0.0881,,,,,,,
59.5035,5,5,23.1523,82.6554,completed,81539.44,50571.92,-2.9887,8.55,0.0000,0.2028,0.2808,0.4091,4.1322,,,,,
26.1808,10,3,15.3700,41.5501,converged,81539.44,50571.92,-2.9887,8.55,0.0000,0.0391,0.0584,,,,,,,
43.9315,8,8,35.0087,78.9398,completed,81537.30,50571.60,-2.9928,8.47,0.0000,0.3000,0.2079,1.4263,1.0045,2.1394,3.9885,3.7365,,
42.9776,8,8,43.7177,86.6948,completed,81537.30,50571.60,-2.9928,8.47,0.0000,0.1966,0.2451,0.4337,0.6131,1.5867,3.6816,3.7082,,
49.8418,7,7,27.4083,77.2493,completed,81534.97,50571.24,-2.9878,8.28,0.0000,0.2228,0.2822,0.5604,0.9176,2.2040,3.6549,,,
25.1191,10,3,13.2522,38.3712,converged,81534.97,50571.24,-2.9878,8.28,0.0000,0.0932,0.0605,,,,,,,
56.0270,6,6,25.2652,81.2913,completed,81532.84,50570.90,-2.9841,8.01,0.0000,0.2022,0.7580,1.8146,0.7258,3.5582,,,,
37.5388,9,9,39.9389,77.4769,completed,81532.84,50570.90,-2.9841,8.01,0.0000,0.1159,0.2660,0.4168,0.7029,0.4670,1.6065,2.8987,3.1240,
43.8491,8,3,10.1015,53.9505,converged,81530.76,50570.57,-2.9780,7.59,0.0000,0.0638,0.0620,,,,,,,
35.1572,9,4,18.4197,53.5767,converged,81530.76,50570.57,-2.9780,7.59,0.0000,0.0898,0.1006,0.0804,,,,,,
46.3699,7,7,35.4759,81.8449,completed,81528.95,50570.25,-2.9572,7.16,0.0000,0.0555,0.2371,0.1952,1.4958,1.7478,3.2199,,,
34.7076,9,9,31.9258,66.6328,completed,81528.95,50570.25,-2.9572,7.16,0.0000,0.1068,0.1814,0.2704,0.2705,0.3520,1.8331,2.4980,2.6048,
58.7363,5,5,21.6704,80.4064,completed,81527.36,50569.94,-2.9414,6.70,0.0000,0.3280,0.6882,0.6991,2.9897,,,,,
58.6922,5,5,18.2604,76.9525,completed,81527.36,50569.94,-2.9414,6.70,0.0000,0.3959,0.2681,0.7038,2.5978,,,,,
27.6758,10,10,34.7228,62.3978,completed,81525.40,50569.51,-2.9027,6.14,0.0000,0.0563,0.1312,0.1244,0.1653,1.3884,0.8463,2.7121,2.9865,2.8044
39.4159,9,9,33.0427,72.4578,completed,81525.40,50569.51,-2.9027,6.14,0.0000,0.0970,0.1856,0.2772,0.6606,1.5477,1.4676,2.7043,2.9493,
38.3652,9,9,32.5788,70.9438,completed,81523.94,50569.12,-2.8606,5.82,0.0000,0.0647,0.1408,0.1548,0.9727,0.4533,1.6581,3.2207,3.4681,
39.5256,9,3,8.7184,48.2434,converged,81523.94,50569.12,-2.8606,5.82,0.0000,0.0298,0.0538,,,,,,,
58.6987,5,5,18.3168,77.0148,completed,81522.63,50568.71,-2.8042,5.42,0.0000,0.1475,1.8022,3.4977,2.0726,,,,,
46.5332,7,7,32.1499,78.6829,completed,81522.63,50568.71,-2.8042,5.42,0.0000,0.0314,0.1773,1.9109,2.0139,2.5293,3.6170,,,
28.2962,10,3,9.0154,37.3114,converged,81521.18,50568.13,-2.7144,5.01,0.0000,0.0465,0.0292,,,,,,,
38.2700,9,9,35.8820,74.1521,completed,81521.18,50568.13,-2.7144,5.01,0.0000,0.0691,0.1553,0.5093,1.3991,0.5804,2.7098,3.7201,3.4888,
46.8879,7,7,29.1382,76.0252,completed,81520.17,50567.62,-2.6330,4.77,0.0000,0.0971,0.2863,1.5426,1.5602,2.8959,3.9388,,,
45.4925,8,8,28.1181,73.6102,completed,81520.17,50567.62,-2.6330,4.77,0.0000,0.1079,0.2159,0.6456,1.7650,1.4346,3.5268,3.6145,,
48.9894,7,3,10.1971,59.1861,converged,81519.12,50566.98,-2.5383,4.43,0.0000,0.0785,0.0568,,,,,,,
25.7702,10,10,35.4479,61.2179,completed,81519.12,50566.98,-2.5383,4.43,0.0000,0.0808,0.1307,0.2015,0.4546,1.0771,0.6011,2.9737,3.5730,3.2238
47.5650,7,3,13.7645,61.3295,converged,81518.32,50566.38,-2.4474,4.23,0.0000,0.1092,0.0862,,,,,,,
28.3232,10,10,50.7689,79.0920,completed,81517.90,50566.02,-2.3968,4.13,0.0000,0.1025,0.1578,0.2480,0.7647,1.6026,0.3910,2.9733,4.0065,3.7161
54.4883,6,6,22.4296,76.9176,completed,81517.90,50566.02,-2.3968,4.13,0.0000,0.1105,0.3514,1.5639,2.0436,5.2885,,,,
39.8922,9,3,14.0163,53.9084,converged,81517.11,50565.19,-2.2671,3.95,0.0000,0.0699,0.0993,,,,,,,
27.9785,10,10,38.4893,66.4674,completed,81517.11,50565.19,-2.2671,3.95,0.0000,0.0632,0.1033,0.1702,0.6445,1.1372,0.6913,3.5168,4.3506,3.8315
48.5041,7,7,26.5711,75.0752,completed,81516.53,50564.43,-2.1688,3.86,0.0000,0.1016,0.2027,0.2890,1.3160,5.4052,6.0030,,,
37.8155,9,9,40.4301,78.2452,completed,81516.53,50564.43,-2.1688,3.86,0.0000,0.0554,0.2318,0.6360,1.5620,0.2483,2.5424,4.8835,4.6616,
34.9924,9,9,38.8102,73.8022,completed,81516.00,50563.58,-2.0703,3.71,0.0000,0.0432,0.2133,0.6840,1.5904,0.5878,2.7154,5.1982,4.8420,
26.4393,10,10,34.4551,60.8941,completed,81516.00,50563.58,-2.0703,3.71,0.0000,0.0772,0.1912,0.2527,0.2454,0.2665,2.6166,5.1257,5.1058,4.1758
59.7793,5,5,22.8057,82.5847,completed,81515.56,50562.71,-1.9729,3.67,0.0000,0.2592,0.4064,1.3189,7.0677,,,,,
26.4316,10,10,36.6272,63.0583,completed,81515.56,50562.71,-1.9729,3.67,0.0000,0.1108,0.2448,0.2698,0.2846,0.2571,1.7732,4.6680,5.7217,4.9829
40.3696,8,8,36.7647,77.1337,completed,81515.17,50561.68,-1.8721,3.81,0.0000,0.0704,0.2633,0.5316,0.2713,3.7426,6.8296,6.4807,,
59.0632,5,5,21.2578,80.3208,completed,81515.17,50561.68,-1.8721,3.81,0.0000,0.4828,0.6671,0.8299,6.6489,,,,,
26.0224,10,3,9.5660,35.5881,converged,81514.87,50560.54,-1.7731,4.08,0.0000,0.0601,0.0838,,,,,,,
58.5413,5,5,22.1971,80.7381,completed,81514.87,50560.54,-1.7731,4.08,0.0000,0.4539,1.0968,3.6098,8.7840,,,,,
46.3937,7,7,28.5559,74.9490,completed,81514.67,50559.43,-1.6942,4.37,0.0000,0.2127,0.7511,0.7083,5.2144,8.4804,8.5039,,,
21.8005,10,10,40.4592,62.2593,completed,81514.67,50559.43,-1.6942,4.37,0.0000,0.1448,0.2788,0.5703,1.1325,2.0099,0.8608,4.7096,6.3776,5.8858
35.9380,9,9,53.0270,88.9650,completed,81514.55,50558.26,-1.6292,4.52,0.0000,0.1761,0.3297,0.6530,2.7710,7.0167,8.0248,7.2505,5.6625,
36.9339,9,9,41.3627,78.2958,completed,81514.55,50558.26,-1.6292,4.52,0.0000,0.0697,0.1987,0.4476,1.1455,0.8308,5.3232,7.1098,6.4149,
55.5826,6,6,23.3083,78.8904,completed,81514.50,50556.88,-1.5651,4.70,0.0000,0.0966,0.4791,0.7572,6.0494,9.6710,,,,
37.6325,9,9,35.5103,73.1423,completed,81514.50,50556.88,-1.5651,4.70,0.0000,0.0189,0.2433,0.9710,2.6201,1.5389,4.3163,6.6272,6.3492,
47.5028,7,7,25.0890,72.5910,completed,81514.54,50555.44,-1.5093,4.91,0.0000,0.1204,0.3434,0.8287,4.5019,8.7744,9.1339,,,
54.8217,6,6,22.6305,77.4515,completed,81514.54,50555.44,-1.5093,4.91,0.0000,0.3833,1.5414,2.9547,4.9659,8.4727,,,,
33.7853,10,10,52.5872,86.3722,completed,81514.64,50554.01,-1.4684,5.11,0.0000,0.1748,0.2090,0.4553,1.9723,0.4907,4.5659,6.3931,6.7198,5.7189
49.8446,7,7,31.1969,81.0410,completed,81514.64,50554.01,-1.4684,5.11,0.0000,0.2268,0.7385,3.7346,1.8544,6.3984,7.7724,,,
42.0159,8,8,44.2714,86.2864,completed,81514.81,50552.45,-1.4446,5.33,0.0000,1.5320,3.3064,5.0153,2.4941,6.6674,8.2062,7.2715,,
30.4200,10,10,48.2821,78.7012,completed,81514.81,50552.45,-1.4446,5.33,0.0000,1.2817,2.5247,4.3239,8.1910,6.1633,3.2137,7.6637,7.6666,6.3455
56.3422,6,6,21.2128,77.5548,completed,81515.03,50550.77,-1.4258,5.57,0.0000,0.5354,1.2774,2.1167,5.8229,8.6556,,,,
58.2650,5,5,23.1466,81.4116,completed,81515.03,50550.77,-1.4258,5.57,0.0000,0.1691,0.3373,3.8762,8.7014,,,,,
30.1189,10,10,34.9916,65.1097,completed,81515.27,50549.07,-1.4201,5.87,0.0000,0.0794,0.1737,0.4086,0.5269,1.3121,3.6746,5.9422,5.7202,4.6157
36.3634,9,9,32.2712,68.6342,completed,81515.27,50549.07,-1.4201,5.87,0.0000,0.1070,0.1122,0.3826,0.7951,1.8698,5.6233,6.3699,5.3426,
26.8098,10,10,35.0040,61.8131,completed,81515.51,50547.49,-1.4170,6.16,0.0000,0.1888,0.2158,0.2834,0.6153,1.9483,3.7329,5.8611,5.9355,4.9303
27.2892,10,10,39.5658,66.8548,completed,81515.51,50547.49,-1.4170,6.16,0.0000,0.2377,0.4079,1.4793,7.2892,6.8847,1.7086,6.9125,7.1586,5.9951
20.2675,10,10,34.5865,54.8536,completed,81515.76,50545.82,-1.4136,6.43,0.0000,0.0564,0.3603,1.0793,2.7752,3.4565,5.3099,6.3179,5.9135,4.7256
47.8949,7,7,25.3514,73.2454,completed,81515.76,50545.82,-1.4136,6.43,0.0000,0.2562,0.7811,3.2916,5.4302,8.3679,7.3949,,,
58.7451,5,5,18.1784,76.9234,completed,81516.03,50544.18,-1.4097,6.69,0.0000,1.4600,1.6162,6.9793,10.2892,,,,,
32.9114,10,10,33.8507,66.7617,completed,81516.03,50544.18,-1.4097,6.69,0.0000,0.4625,0.6067,0.6244,0.6792,3.9449,4.9894,5.9522,6.1878,5.2842
46.0843,7,7,28.4595,74.5436,completed,81516.34,50542.29,-1.4053,6.99,0.0000,0.8808,2.2322,2.2210,7.5464,8.5236,8.4267,,,
48.2817,7,7,27.8754,76.1564,completed,81516.34,50542.29,-1.4053,6.99,0.0000,0.3053,1.8219,2.6444,6.1470,8.2495,8.4706,,,
46.8558,7,7,38.5866,85.4416,completed,81516.70,50540.17,-1.4032,7.30,0.0000,0.6329,1.9040,0.4298,8.4235,9.4874,9.2062,,,
53.1526,6,6,26.1505,79.3025,completed,81516.70,50540.17,-1.4032,7.30,0.0000,0.6963,3.5341,4.1887,4.9373,10.3363,,,,
43.0672,8,8,41.9931,85.0601,completed,81517.07,50537.97,-1.4045,7.60,0.0000,0.5005,1.1998,2.9291,1.8784,4.0448,9.5027,8.9344,,
29.0646,10,3,9.3009,38.3649,converged,81517.07,50537.97,-1.4045,7.60,0.0000,0.1519,0.0727,,,,,,,
28.3069,10,10,37.3020,65.6083,completed,81517.42,50535.92,-1.4027,7.88,0.0000,0.0871,0.5351,1.7273,2.6115,1.3032,3.1776,6.6686,8.7423,7.4882
44.0889,8,8,30.0107,74.0987,completed,81517.42,50535.92,-1.4027,7.88,0.0000,0.1639,0.1228,0.4734,0.7830,4.8186,9.7909,9.1373,,
27.2768,10,10,42.1400,69.4160,completed,81517.76,50533.92,-1.4012,8.12,0.0000,0.3046,0.2535,0.7005,1.5674,1.2645,6.0230,8.5564,7.4757,5.9758
44.0158,8,8,30.9199,74.9349,completed,81517.76,50533.92,-1.4012,8.12,0.0000,0.2672,0.1474,0.4427,1.3759,5.9690,10.1898,8.7825,,
59.8169,5,5,25.6367,85.4527,completed,81518.16,50531.64,-1.3961,8.35,0.0000,0.3317,2.4961,2.3068,10.1041,,,,,
41.5272,8,8,35.8293,77.3564,completed,81518.16,50531.64,-1.3961,8.35,0.0000,0.0873,0.1235,0.7834,0.5419,3.5794,8.7510,9.4511,,
43.1668,8,8,35.1649,78.3309,completed,81518.60,50529.15,-1.3992,8.50,0.0000,0.7520,0.5207,0.2057,1.3695,6.8535,8.6996,8.1023,,
33.5932,10,10,41.8252,75.4183,completed,81518.60,50529.15,-1.3992,8.50,0.0000,0.0612,0.2463,0.5046,0.3102,2.3578,4.4711,8.8073,8.5068,6.8924
33.3697,10,4,13.9429,47.3120,converged,81519.03,50526.75,-1.3990,8.59,0.0000,0.2411,0.1464,0.0663,,,,,,
53.2938,6,6,31.5737,84.8667,completed,81519.03,50526.75,-1.3990,8.59,0.0000,0.3852,0.1585,0.2081,6.3827,10.8164,,,,
47.2129,7,7,38.2563,85.4684,completed,81519.42,50524.49,-1.4020,8.64,0.0000,0.5979,1.4682,1.3782,5.0273,7.6708,8.2378,,,
51.6813,7,3,14.8415,66.5225,converged,81519.42,50524.49,-1.4020,8.64,0.0000,0.1608,0.0516,,,,,,,
21.2015,10,10,53.8583,75.0593,completed,81519.84,50522.08,-1.4001,8.65,0.0000,0.1858,0.6501,1.3604,1.3884,1.8666,4.2028,6.5007,6.2712,5.2594
34.6211,9,9,41.7648,76.3858,completed,81519.84,50522.08,-1.4001,8.65,0.0000,0.2826,0.3825,0.1454,0.6684,0.5634,4.7866,8.9621,8.1497,
46.7700,7,7,33.3600,80.1300,completed,81520.23,50519.81,-1.4006,8.65,0.0000,0.5879,1.1085,1.4845,3.9573,7.9991,7.7613,,,
47.9147,7,7,29.6923,77.6063,completed,81520.23,50519.81,-1.4006,8.65,0.0000,1.0891,1.6458,5.2311,9.7327,9.6051,8.7648,,,
22.8654,10,10,44.8580,67.7230,completed,81520.67,50517.26,-1.4009,8.64,0.0000,0.2587,0.2896,0.4189,0.9186,2.7624,5.1654,6.8710,6.0310,4.8620
43.7998,8,8,37.2594,81.0584,completed,81520.67,50517.26,-1.4009,8.64,0.0000,0.5194,0.7282,1.2477,2.7549,6.4634,7.9124,7.0601,,
47.6405,7,7,28.3005,75.9406,completed,81521.07,50514.98,-1.4023,8.62,0.0000,0.2227,0.1369,2.2559,5.5500,8.2237,7.8893,,,
55.8188,6,6,32.6896,88.5076,completed,81521.07,50514.98,-1.4023,8.62,0.0000,0.4736,1.5608,2.4896,7.7861,9.1665,,,,
41.2064,8,8,31.5458,72.7518,completed,81521.45,50512.72,-1.4059,8.61,0.0000,0.1903,0.3755,1.0836,3.9964,5.6307,7.6727,6.8724,,
41.5792,8,8,31.8045,73.3836,completed,81521.45,50512.72,-1.4059,8.61,0.0000,0.0577,0.3453,0.9041,1.1608,2.4258,9.1845,9.0700,,
34.2183,9,9,32.5806,66.7986,completed,81521.88,50510.19,-1.4058,8.59,0.0000,0.6042,1.5577,2.8804,2.1472,1.0480,5.9929,8.9673,7.1965,
26.4474,10,10,35.9432,62.3902,completed,81521.88,50510.19,-1.4058,8.59,0.0000,0.2890,0.3670,0.3545,0.2864,1.1916,4.4777,9.2134,7.7675,6.3403
54.1502,6,6,28.9699,83.1199,completed,81522.26,50507.93,-1.4076,8.58,0.0000,0.2608,1.2704,7.8152,8.4599,9.3895,,,,
56.0054,6,6,31.2902,87.2952,completed,81522.26,50507.93,-1.4076,8.58,0.0000,0.3989,0.9086,0.5691,6.7017,11.0411,,,,
54.4277,6,6,39.9534,94.3804,completed,81522.68,50505.39,-1.4069,8.57,0.0000,0.3016,1.7459,6.9011,9.1490,9.6442,,,,
36.4500,9,9,33.6626,70.1127,completed,81522.68,50505.39,-1.4069,8.57,0.0000,0.4412,2.0744,1.1067,8.9003,6.6856,6.9134,7.5988,6.7528,
21.1231,10,10,42.6690,63.7920,completed,81523.10,50502.87,-1.4063,8.57,0.0000,0.4768,1.4119,2.9587,2.3049,1.4359,2.1435,8.4151,7.8592,6.0724
34.2076,9,9,48.2827,82.4897,completed,81523.10,50502.87,-1.4063,8.57,0.0000,0.9818,4.6345,10.8120,1.3529,1.0287,4.4290,9.6890,8.1991,
21.4191,10,10,44.3145,65.7335,completed,81523.48,50500.65,-1.4081,8.56,0.0000,0.3785,0.8111,0.9317,1.1479,2.9050,8.3557,7.0425,6.3433,5.2585
33.2078,10,10,38.8609,72.0680,completed,81523.48,50500.65,-1.4081,8.56,0.0000,0.2562,1.8037,3.3568,2.5217,0.9619,3.0118,8.7515,7.6150,5.8427
55.0386,6,6,28.0329,83.0709,completed,81523.83,50498.49,-1.4098,8.55,0.0000,1.8390,2.4689,4.0645,9.9375,10.5381,,,,
21.6113,10,10,37.8854,59.4994,completed,81523.83,50498.49,-1.4098,8.55,0.0000,0.2419,0.2895,1.7721,2.3471,7.0555,11.0745,7.6834,6.9845,5.5499
28.0079,10,10,49.6475,77.6545,completed,81524.22,50496.14,-1.4066,8.53,0.0000,0.8555,1.5990,0.7368,0.5337,4.3365,8.1332,7.7335,7.2374,6.0962
53.9815,6,6,23.6429,77.6239,completed,81524.22,50496.14,-1.4066,8.53,0.0000,7.0077,11.1888,2.7602,5.2216,8.4853,,,,
41.1089,8,8,30.1127,71.2207,completed,81524.59,50493.89,-1.4052,8.52,0.0000,0.5209,1.5587,3.3054,3.1303,5.5345,10.1859,8.5280,,
33.5311,10,10,41.7194,75.2504,completed,81524.59,50493.89,-1.4052,8.52,0.0000,1.0741,8.2396,20.6325,9.4490,3.1967,1.3259,0.8275,1.7772,2.1909
44.2370,8,8,31.6035,75.8406,completed,81524.97,50491.65,-1.4054,8.51,0.0000,0.9533,2.2686,2.0894,5.2759,5.6795,10.4313,9.0423,,
34.3281,9,9,32.7046,67.0327,completed,81524.97,50491.65,-1.4054,8.51,0.0000,5.4365,3.7610,1.2736,9.3288,10.5713,6.4390,9.4147,8.9593,
24.4780,10,10,37.5933,62.0703,completed,81525.34,50489.43,-1.4039,8.38,0.0000,0.3258,0.3195,0.8265,1.1732,10.1773,5.9537,9.1931,7.8379,5.9601
33.6714,10,10,51.3046,84.9756,completed,81525.34,50489.43,-1.4039,8.38,0.0000,0.7091,2.2960,5.6100,4.3335,0.8342,0.5663,0.3926,1.2108,1.5155
49.3515,7,7,31.3942,80.7453,completed,81525.69,50487.27,-1.4266,8.20,0.0000,1.2251,2.2923,3.5105,0.8669,0.5611,1.4786,,,
30.9698,10,10,45.2836,76.2526,completed,81525.69,50487.27,-1.4266,8.20,0.0000,2.4664,5.3718,14.0874,24.3575,9.5128,8.6149,11.5464,8.0308,5.8258
48.9683,7,7,27.4793,76.4473,completed,81526.03,50484.84,-1.4260,7.97,0.0000,0.6146,3.6438,3.8168,0.4961,0.2816,0.7661,,,
37.9512,9,9,52.7095,90.6606,completed,81526.03,50484.84,-1.4260,7.97,0.0000,0.1310,1.1059,2.8176,1.8307,1.4254,0.9286,1.6207,2.0697,
56.4378,6,6,22.2782,78.7152,completed,81526.34,50482.78,-1.4341,7.73,0.0000,4.3454,8.5543,11.9557,12.1549,12.4317,,,,
37.0142,9,9,35.2894,72.3034,completed,81526.34,50482.78,-1.4341,7.73,0.0000,0.4830,0.4006,2.7611,1.4914,1.2553,0.3111,1.3801,2.0439,
31.5702,10,10,36.7027,68.2727,completed,81526.65,50480.53,-1.4346,7.41,0.0000,0.4840,0.2189,1.3746,2.9163,0.8298,1.5679,1.4444,2.0620,2.7124
45.7511,8,8,27.4194,73.1705,completed,81526.65,50480.53,-1.4346,7.41,0.0000,1.3806,1.3430,1.8475,2.3562,3.6498,4.8159,6.0569,,
30.3363,10,10,49.9741,80.3101,completed,81526.89,50478.61,-1.4684,7.23,0.0000,0.1972,0.4621,2.0217,1.7426,1.8821,1.0374,0.2907,0.1420,0.1005
54.7281,6,6,30.7282,85.4563,completed,81526.89,50478.61,-1.4684,7.23,0.0000,0.8949,3.3167,1.2063,0.4270,1.3201,,,,
48.6974,7,7,43.3478,92.0449,completed,81527.08,50476.46,-1.4904,7.18,0.0000,0.8913,0.9528,1.8706,1.3810,0.9761,2.1161,,,
27.1517,10,10,44.1509,71.3019,completed,81527.08,50476.46,-1.4904,7.18,0.0000,0.3581,0.9484,3.7278,3.3277,0.8077,0.2426,0.2176,0.1886,0.1412
24.6666,10,10,48.4552,73.1212,completed,81527.29,50474.36,-1.4394,6.89,0.0000,0.5528,0.6270,0.2621,1.4726,2.9233,3.8818,3.8894,4.9069,4.9811
50.7750,7,7,29.4667,80.2408,completed,81527.29,50474.36,-1.4394,6.89,0.0000,0.0854,3.7460,2.1234,0.5809,0.3182,1.2187,,,
44.3421,8,8,31.0763,75.4183,completed,81527.59,50472.62,-1.3732,6.32,0.0000,2.9208,1.2506,12.6627,7.0214,4.9913,7.4064,6.9769,,
26.1159,10,10,43.2259,69.3409,completed,81527.59,50472.62,-1.3732,6.32,0.0000,0.1203,5.8538,14.1201,9.2243,3.5303,0.7768,1.5910,3.0206,3.3093
21.7574,10,3,10.7198,32.4769,converged,81527.95,50471.07,-1.3282,5.60,0.0000,0.0713,0.0778,,,,,,,
42.9255,8,8,28.2585,71.1835,completed,81528.08,50470.54,-1.3208,5.31,0.0000,0.2702,0.2464,0.7217,2.5816,4.9200,7.4272,6.7862,,
28.1068,10,10,35.9898,64.0958,completed,81528.08,50470.54,-1.3208,5.31,0.0000,0.0819,0.2589,1.5412,5.4389,6.6329,2.9536,5.9358,5.8920,4.6881
53.6896,6,6,26.5919,80.2809,completed,81528.40,50469.28,-1.3300,4.64,0.0000,1.2303,4.2830,3.7375,5.2984,8.2868,,,,
37.6809,9,9,31.7123,69.3923,completed,81528.40,50469.28,-1.3300,4.64,0.0000,0.2800,0.2788,1.8236,1.1094,3.6335,6.2270,6.8017,5.8704,
41.5716,8,8,28.9110,70.4821,completed,81528.68,50468.14,-1.3343,4.17,0.0000,0.4233,3.8842,3.4257,3.3268,7.1498,8.3063,6.8569,,
48.7495,7,7,25.0514,73.8004,completed,81528.68,50468.14,-1.3343,4.17,0.0000,1.5258,2.9426,4.0829,6.3631,8.6283,8.0019,,,
54.5210,6,6,20.0956,74.6167,completed,81528.94,50467.02,-1.3483,3.70,0.0000,3.5093,18.2074,6.6404,1.2234,4.2559,,,,
30.3119,10,10,32.4410,62.7520,completed,81528.94,50467.02,-1.3483,3.70,0.0000,0.4684,1.0921,3.6428,4.5506,3.4248,2.8150,6.0332,8.7040,7.4868
43.9236,8,8,31.9426,75.8656,completed,81529.13,50466.14,-1.3570,3.48,0.0000,0.0862,0.7976,0.4771,4.8691,3.8260,6.6322,8.7585,,
30.3896,10,10,35.5151,65.9041,completed,81529.13,50466.14,-1.3570,3.48,0.0000,0.2412,0.5555,1.3176,4.8448,4.0407,0.8954,2.7084,4.7777,5.1698
50.0637,7,7,26.8525,76.9156,completed,81529.33,50465.22,-1.3644,3.32,0.0000,0.3351,1.1945,2.3577,0.7957,5.8006,7.8861,,,
44.4521,8,8,32.2810,76.7330,completed,81529.33,50465.22,-1.3644,3.32,0.0000,0.2898,0.5688,2.8799,1.8934,2.4550,6.0234,8.5921,,
48.3876,7,7,28.7062,77.0933,completed,81529.54,50464.25,-1.3688,3.29,0.0000,0.1928,1.5702,7.5376,2.2348,4.0129,6.7320,,,
39.9014,9,9,45.0886,84.9896,completed,81529.54,50464.25,-1.3688,3.29,0.0000,0.1300,0.4587,1.0771,5.1057,1.7252,3.0997,6.4856,8.1501,
40.2539,8,8,42.8332,83.0862,completed,81529.75,50463.19,-1.3769,3.15,0.0000,0.4104,1.5222,5.7906,3.0196,1.3909,5.3074,5.4710,,
44.4296,8,8,31.8060,76.2350,completed,81529.75,50463.19,-1.3769,3.15,0.0000,1.1126,2.1948,6.1167,4.5742,0.4795,5.4966,6.0903,,
21.9448,10,10,47.2662,69.2102,completed,81529.91,50462.40,-1.3798,3.01,0.0000,0.7828,1.3876,3.1512,6.0921,2.6484,1.0272,3.8892,4.0479,3.5512
59.0749,5,5,23.2086,82.2826,completed,81529.91,50462.40,-1.3798,3.01,0.0000,0.4221,3.1680,9.3007,10.8592,,,,,
28.9246,10,10,34.9345,63.8586,completed,81530.08,50461.54,-1.3839,2.81,0.0000,0.6711,1.5850,4.6654,11.2816,5.7337,1.1394,2.2392,2.9712,2.7806
52.9604,6,6,26.2258,79.1858,completed,81530.08,50461.54,-1.3839,2.81,0.0000,0.4156,0.1020,1.8169,6.7013,8.2297,,,,
54.7592,6,6,21.9699,76.7289,completed,81530.22,50460.81,-1.3868,2.74,0.0000,1.1494,4.4234,8.5640,2.3213,0.2644,,,,
51.4137,7,7,26.4949,77.9079,completed,81530.22,50460.81,-1.3868,2.74,0.0000,0.7811,2.2178,2.0821,1.2379,4.1978,5.5999,,,
33.6557,10,10,42.8100,76.4651,completed,81530.34,50460.17,-1.3866,2.55,0.0000,0.3553,0.2748,0.2098,0.9289,0.2418,0.9681,2.1737,2.6048,2.3902
52.4693,6,6,22.7908,75.2598,completed,81530.34,50460.17,-1.3866,2.55,0.0000,0.7728,3.3099,6.6266,0.5829,1.3744,,,,
48.3806,7,7,29.7978,78.1778,completed,81530.47,50459.51,-1.3924,2.31,0.0000,0.4302,0.3222,4.3939,5.5126,1.3742,0.5519,,,
29.0055,10,10,32.2941,61.2991,completed,81530.47,50459.51,-1.3924,2.31,0.0000,0.2864,0.2921,0.1227,0.6828,3.0498,0.8566,1.0650,1.6922,1.7795
20.5528,10,10,35.0258,55.5778,completed,81530.57,50458.93,-1.4029,2.10,0.0000,0.1130,0.3375,1.3275,5.3192,4.9298,1.3838,0.4000,0.1442,0.6445
49.7716,7,7,31.4227,81.1937,completed,81530.57,50458.93,-1.4029,2.10,0.0000,0.2068,0.1594,2.6946,0.6767,1.1634,2.3050,,,
53.1877,6,6,22.3976,75.5846,completed,81530.67,50458.36,-1.4292,1.78,0.0000,0.1700,2.4772,6.1174,1.8055,0.2953,,,,
49.1328,7,7,31.4845,80.6165,completed,81530.67,50458.36,-1.4292,1.78,0.0000,0.1395,1.0197,2.4672,0.8591,2.3638,2.8560,,,
33.5846,10,10,34.9982,68.5823,completed,81530.73,50457.90,-1.4526,1.53,0.0000,0.0328,0.1083,0.2373,1.8517,2.0723,1.0053,1.2491,1.8897,2.2464
43.3146,8,3,9.2949,52.6089,converged,81530.73,50457.90,-1.4526,1.53,0.0000,0.0480,0.0576,,,,,,,
38.0072,9,3,13.5182,51.5252,converged,81530.77,50457.57,-1.4620,1.34,0.0000,0.1265,0.0392,,,,,,,
42.8994,8,3,12.4391,55.3382,converged,81530.77,50457.57,-1.4620,1.34,0.0000,0.1007,0.0799,,,,,,,
45.6037,8,8,28.1756,73.7787,completed,81530.81,50457.24,-1.4773,1.14,0.0000,0.0556,0.2098,0.1817,0.4498,0.9514,2.2028,2.1827,,
37.9097,9,3,10.3808,48.2899,converged,81530.81,50457.24,-1.4773,1.14,0.0000,0.0335,0.0658,,,,,,,
45.6071,8,3,10.0805,55.6875,converged,81530.84,50456.99,-1.4846,0.94,0.0000,0.0146,0.0208,,,,,,,
58.7750,5,5,20.0772,78.8513,completed,81530.84,50456.99,-1.4846,0.94,0.0000,0.3054,0.2986,1.7207,1.0496,,,,,
47.9815,7,7,27.6423,75.6233,completed,81530.86,50456.75,-1.4825,0.88,0.0000,0.0337,0.1385,0.1443,0.6484,2.1154,2.5103,,,
32.6289,10,3,11.3306,43.9587,converged,81530.86,50456.75,-1.4825,0.88,0.0000,0.0729,0.0912,,,,,,,
50.1667,7,3,9.6966,59.8626,converged,81530.88,50456.52,-1.4762,0.85,0.0000,0.0693,0.0451,,,,,,,
47.6655,7,3,9.8900,57.5550,converged,81530.88,50456.52,-1.4762,0.85,0.0000,0.0604,0.0667,,,,,,,
38.4581,9,3,9.5889,48.0469,converged,81530.90,50456.35,-1.4623,0.74,0.0000,0.0565,0.0663,,,,,,,
56.1886,6,3,14.9435,71.1316,converged,81530.90,50456.35,-1.4623,0.74,0.0000,0.0363,0.0870,,,,,,,
38.0794,9,3,14.7354,52.8144,converged,81530.92,50456.21,-1.4482,0.51,0.0000,0.0174,0.0269,,,,,,,
26.2830,10,3,11.0161,37.2992,converged,81530.92,50456.21,-1.4482,0.51,0.0000,0.0418,0.0621,,,,,,,
21.2369,10,3,14.8418,36.0778,converged,81530.94,50456.13,-1.4405,0.37,0.0000,0.0277,0.0430,,,,,,,
21.0814,10,3,11.4718,32.5528,converged,81530.94,50456.09,-1.4376,0.32,0.0000,0.0259,0.0397,,,,,,,
33.0685,10,3,10.0171,43.0851,converged,81530.94,50456.09,-1.4376,0.32,0.0000,0.0244,0.0341,,,,,,,
45.0035,8,3,9.9485,54.9515,converged,81530.96,50456.03,-1.4308,0.24,0.0000,0.0436,0.0550,,,,,,,
50.0660,7,7,24.3260,74.3928,completed,81530.96,50456.03,-1.4308,0.24,0.0000,0.0528,0.1289,0.2779,0.3791,1.6400,2.6758,,,
22.5203,10,3,9.3177,31.8377,converged,81530.97,50455.98,-1.4263,0.17,0.0000,0.0215,0.0437,,,,,,,
38.0170,9,3,15.4034,53.4204,converged,81530.97,50455.98,-1.4263,0.17,0.0000,0.0291,0.0226,,,,,,,
32.4637,10,3,10.7424,43.2054,converged,81530.97,50455.95,-1.4246,0.11,0.0000,0.0273,0.0514,,,,,,,
50.3775,7,3,10.0504,60.4275,converged,81530.97,50455.95,-1.4246,0.11,0.0000,0.0312,0.0838,,,,,,,
27.3786,10,3,8.3264,35.7044,converged,81530.98,50455.95,-1.4242,0.00,0.0000,0.0320,0.0323,,,,,,,
44.2120,8,3,9.1899,53.4019,converged,81530.98,50455.95,-1.4242,0.00,0.0000,0.0315,0.0786,,,,,,,
35.2811,9,3,9.7929,45.0739,converged,81530.98,50455.95,-1.4243,0.00,0.0000,0.0191,0.0388,,,,,,,
52.8147,6,6,22.8340,75.6480,completed,81530.98,50455.95,-1.4243,0.00,0.0000,0.0657,0.3799,0.8283,1.0852,3.5424,,,,
27.6828,10,3,15.3521,43.0341,converged,81530.98,50455.96,-1.4244,0.00,0.0000,0.0571,0.0303,,,,,,,
44.3641,8,3,10.8011,55.1652,converged,81530.98,50455.96,-1.4244,0.00,0.0000,0.0900,0.0561,,,,,,,
34.8807,9,3,11.3350,46.2150,converged,81530.99,50455.96,-1.4246,0.00,0.0000,0.1207,0.0266,,,,,,,
57.5809,6,6,32.2790,89.8590,completed,81530.99,50455.96,-1.4246,0.00,0.0000,0.2260,0.1729,1.9528,1.8147,3.6817,,,,
35.2058,9,3,9.6900,44.8950,converged,81530.99,50455.96,-1.4247,0.00,0.0000,0.1784,0.0161,,,,,,,
49.6354,7,7,28.8420,78.4770,completed,81530.99,50455.96,-1.4247,0.00,0.0000,0.1904,0.3702,1.6929,2.1231,3.0194,4.1381,,,
55.8976,6,6,32.5914,88.4885,completed,81530.99,50455.96,-1.4249,0.00,0.0000,0.0340,0.5035,2.2670,1.9627,4.0501,,,,
40.9847,8,8,36.3713,77.3553,completed,81530.99,50455.96,-1.4249,0.00,0.0000,0.2138,0.2257,0.1481,3.2402,1.3153,3.2707,3.2900,,
46.4004,7,7,22.6618,69.0618,completed,81531.00,50455.97,-1.4250,0.00,0.0000,0.0528,0.6779,2.0276,1.3810,3.0868,3.7461,,,
27.0107,10,10,45.1903,72.2003,completed,81531.00,50455.97,-1.4250,0.00,0.0000,0.6441,0.7213,2.8445,8.6367,4.0093,0.6122,0.1178,0.6154,1.0254
47.2356,7,7,27.4986,74.7336,completed,81531.00,50455.96,-1.4247,0.00,0.0000,0.0699,0.8495,2.0696,2.4938,3.4297,4.0151,,,
39.2139,9,9,33.3121,72.5252,completed,81531.00,50455.96,-1.4247,0.00,0.0000,0.5085,1.6852,1.2961,3.1187,3.5748,2.0619,3.5864,3.5463,
51.8119,7,6,24.4088,76.2198,converged,81531.00,50455.94,-1.4240,0.12,0.0000,1.7989,5.8717,10.5209,0.2678,0.0317,,,,
21.6594,10,3,12.0372,33.6962,converged,81531.00,50455.94,-1.4240,0.12,0.0000,0.0295,0.0302,,,,,,,
39.7850,9,9,33.4389,73.2230,completed,81531.01,50455.90,-1.4228,0.19,0.0000,0.2862,0.4414,6.6589,9.8064,0.3587,0.1440,0.1154,0.4857,
53.7374,6,6,29.5922,83.3292,completed,81531.01,50455.90,-1.4228,0.19,0.0000,0.4876,0.4817,1.1010,0.1474,0.3987,,,,
59.4344,5,5,19.1773,78.6113,completed,81531.02,50455.84,-1.4199,0.26,0.0000,4.1714,4.7758,5.6352,7.1369,,,,,
37.9721,9,7,23.3030,61.2750,converged,81531.02,50455.84,-1.4199,0.26,0.0000,0.2253,1.3915,3.5957,3.3442,0.1425,0.0414,,,
30.0884,10,10,37.5863,67.6744,completed,81531.04,50455.76,-1.4153,0.35,0.0000,0.2827,1.0251,1.2183,0.4042,1.0149,1.5290,3.2887,4.7459,4.9367
36.0021,9,9,32.3435,68.3456,completed,81531.04,50455.76,-1.4153,0.35,0.0000,0.1998,0.5667,1.3443,0.4630,2.4748,3.7666,4.9526,4.5582,
44.4204,8,8,31.0929,75.5129,completed,81531.06,50455.64,-1.4097,0.56,0.0000,0.0314,0.1503,0.5514,1.6712,1.5208,4.7223,5.5704,,
49.9585,7,7,25.0924,75.0504,completed,81531.06,50455.64,-1.4097,0.56,0.0000,0.1832,1.2276,3.5526,0.4994,4.1483,5.5363,,,
46.5773,7,7,23.3909,69.9679,completed,81531.10,50455.45,-1.4069,0.87,0.0000,0.2919,0.6714,0.8860,0.8585,4.0097,6.1115,,,
48.9988,7,7,27.1036,76.1016,completed,81531.10,50455.45,-1.4069,0.87,0.0000,0.2469,0.3014,1.0298,0.6314,4.3806,6.3170,,,
45.8532,8,3,9.5279,55.3809,converged,81531.15,50455.17,-1.4033,1.22,0.0000,0.1820,0.0742,,,,,,,
43.3540,8,3,9.7462,53.1003,converged,81531.15,50455.17,-1.4033,1.22,0.0000,0.1692,0.0593,,,,,,,
43.6989,8,8,29.9299,73.6280,completed,81531.21,50454.80,-1.3993,1.61,0.0000,0.1971,0.1945,0.2686,3.1272,2.0462,5.6659,6.1235,,
26.1033,10,3,10.7422,36.8453,converged,81531.21,50454.80,-1.3993,1.61,0.0000,0.0577,0.0189,,,,,,,
34.1808,9,9,32.3076,66.4876,completed,81531.29,50454.37,-1.3951,2.01,0.0000,0.2947,0.3691,0.2173,2.5725,1.2182,3.9848,5.9278,5.6914,
59.1916,5,5,18.7436,77.9346,completed,81531.29,50454.37,-1.3951,2.01,0.0000,0.3632,0.1808,1.5566,6.9431,,,,,
51.4488,7,7,27.4153,78.8634,completed,81531.40,50453.78,-1.3909,2.51,0.0000,0.0241,0.3685,3.9276,4.0367,4.5446,6.0385,,,
25.2067,10,3,11.7891,36.9951,converged,81531.40,50453.78,-1.3909,2.51,0.0000,0.0582,0.0272,,,,,,,
24.2724,10,3,13.2939,37.5659,converged,81531.54,50453.04,-1.3902,3.04,0.0000,0.0218,0.0396,,,,,,,
25.3521,10,3,11.9068,37.2589,converged,81531.54,50453.04,-1.3902,3.04,0.0000,0.0518,0.0555,,,,,,,
51.6079,7,3,8.3667,59.9737,converged,81531.66,50452.39,-1.3919,3.35,0.0000,0.0345,0.0726,,,,,,,
46.7334,7,7,23.7531,70.4861,completed,81531.66,50452.39,-1.3919,3.35,0.0000,0.0258,0.1131,0.1549,3.5146,6.1679,6.7986,,,
26.6580,10,3,9.5336,36.1916,converged,81531.82,50451.56,-1.3935,3.79,0.0000,0.0159,0.0289,,,,,,,
43.8710,8,3,10.4096,54.2806,converged,81531.82,50451.56,-1.3935,3.79,0.0000,0.0393,0.0759,,,,,,,
42.0270,8,3,9.4227,51.4497,converged,81531.99,50450.63,-1.3937,4.18,0.0000,0.0376,0.0614,,,,,,,
51.0702,7,3,9.9829,61.0529,converged,81531.99,50450.63,-1.3937,4.18,0.0000,0.0523,0.0610,,,,,,,
57.1546,6,6,29.5318,86.6859,completed,81532.20,50449.48,-1.3957,4.67,0.0000,0.0958,0.1688,2.5138,4.3279,8.1461,,,,
39.2246,9,3,8.8713,48.0953,converged,81532.20,50449.48,-1.3957,4.67,0.0000,0.0334,0.0611,,,,,,,
43.4337,8,8,29.3216,72.7546,completed,81532.44,50448.18,-1.3956,5.10,0.0000,0.1059,0.1684,0.4129,0.3337,4.8792,7.2385,7.1920,,
32.7821,10,10,33.2123,65.9944,completed,81532.44,50448.18,-1.3956,5.10,0.0000,0.0910,0.1505,0.1407,0.9621,0.5555,3.2260,5.5099,6.4906,5.7837
38.0706,9,3,10.1977,48.2677,converged,81532.66,50446.97,-1.3968,5.43,0.0000,0.0172,0.0726,,,,,,,
51.0919,7,7,32.4679,83.5589,completed,81532.66,50446.97,-1.3968,5.43,0.0000,0.0532,0.1181,0.3095,3.4062,7.5848,8.0920,,,
54.7808,6,6,21.2953,76.0753,completed,81532.93,50445.45,-1.3977,5.88,0.0000,0.1260,0.3472,0.5038,5.7676,8.9276,,,,
30.7709,10,10,40.9162,71.6863,completed,81532.93,50445.45,-1.3977,5.88,0.0000,0.1189,0.2952,0.5679,2.9989,2.5171,4.3862,5.7752,6.9782,6.2503
53.7322,6,6,21.9658,75.6978,completed,81533.25,50443.65,-1.4008,6.21,0.0000,0.2816,0.5630,1.9029,7.7425,9.5230,,,,
46.4317,7,7,29.2940,75.7250,completed,81533.25,50443.65,-1.4008,6.21,0.0000,0.2280,0.5583,1.7880,4.1956,7.1524,8.8037,,,
59.5591,5,5,17.5333,77.0923,completed,81533.55,50441.96,-1.3998,6.56,0.0000,0.1881,0.4844,5.6708,10.4246,,,,,
44.5391,8,8,27.4881,72.0271,completed,81533.55,50441.96,-1.3998,6.56,0.0000,0.1251,0.3720,0.5978,0.9889,4.9848,8.0470,7.7240,,
41.7674,8,8,31.7222,73.4892,completed,81533.88,50440.07,-1.4004,6.86,0.0000,0.2159,0.4716,1.0646,1.9486,5.0243,8.4464,7.5728,,
20.7211,10,10,33.3794,54.1004,completed,81533.88,50440.07,-1.4004,6.86,0.0000,0.2046,0.4220,0.4775,1.0909,0.4108,4.7839,6.1393,7.1738,6.1956
52.2015,6,3,9.2040,61.4050,converged,81534.18,50438.34,-1.3983,7.10,0.0000,0.1608,0.0988,,,,,,,
50.0354,7,7,30.3090,80.3440,completed,81534.18,50438.34,-1.3983,7.10,0.0000,0.1605,0.4894,0.4829,5.3485,9.2344,8.8845,,,
41.3605,8,8,26.6793,68.0393,completed,81534.56,50436.18,-1.3973,7.45,0.0000,0.1089,0.4395,1.1491,2.7107,4.6192,8.6284,7.6603,,
47.0268,7,7,24.0215,71.0476,completed,81534.56,50436.18,-1.3973,7.45,0.0000,0.2015,0.4751,0.3138,5.2223,8.4393,9.3100,,,
59.3295,5,5,22.5118,81.8409,completed,81534.89,50434.29,-1.3989,7.71,0.0000,0.9974,8.6482,4.9602,6.7725,,,,,
51.3581,7,7,33.6870,85.0450,completed,81534.89,50434.29,-1.3989,7.71,0.0000,0.2763,0.6490,2.6539,3.8223,8.3280,9.4928,,,
45.2533,8,8,39.6501,84.9032,completed,81535.30,50431.96,-1.3972,8.03,0.0000,0.3067,0.8923,3.4948,3.7021,5.0310,8.2217,7.1974,,
32.4870,10,10,44.3674,76.8534,completed,81535.30,50431.96,-1.3972,8.03,0.0000,0.1329,0.3643,0.8850,2.1390,1.4216,2.9452,6.0785,7.7691,6.8199
49.5617,7,7,30.8658,80.4268,completed,81535.70,50429.68,-1.3925,8.29,0.0000,0.1358,0.3893,2.1814,2.6807,7.8626,9.4739,,,
49.9756,7,7,26.4968,76.4718,completed,81535.70,50429.68,-1.3925,8.29,0.0000,0.2090,0.6600,3.3535,1.8190,8.4589,8.7760,,,
49.1838,7,7,25.8204,75.0035,completed,81536.15,50427.20,-1.3893,8.47,0.0000,0.0791,0.4977,2.8133,1.3169,7.4843,9.0814,,,
50.4691,7,7,29.0495,79.5186,completed,81536.15,50427.20,-1.3893,8.47,0.0000,0.1063,0.3225,1.8566,2.0490,7.4446,9.4999,,,
54.4078,6,6,22.6644,77.0714,completed,81536.56,50424.93,-1.3874,8.57,0.0000,0.1014,0.3772,0.8354,8.3072,10.9537,,,,
32.2473,10,3,9.0400,41.2871,converged,81536.56,50424.93,-1.3874,8.57,0.0000,0.0441,0.0704,,,,,,,
52.7494,6,6,27.1489,79.8980,completed,81536.92,50422.96,-1.3864,8.62,0.0000,0.0734,1.1135,5.6218,5.2479,9.3382,,,,
52.6836,6,6,22.9680,75.6511,completed,81536.92,50422.96,-1.3864,8.62,0.0000,0.0541,0.5566,3.7804,5.4128,9.9847,,,,
46.6091,7,7,32.7324,79.3414,completed,81537.39,50420.41,-1.3832,8.66,0.0000,0.0419,0.4432,3.1183,1.8411,6.8115,9.2189,,,
20.9098,10,3,18.0885,38.9975,converged,81537.39,50420.41,-1.3832,8.66,0.0000,0.0391,0.0808,,,,,,,
24.2342,10,3,11.6238,35.8578,converged,81537.77,50418.40,-1.3756,8.67,0.0000,0.0426,0.0487,,,,,,,
22.9415,10,3,12.1698,35.1109,converged,81537.77,50418.40,-1.3756,8.67,0.0000,0.0932,0.0702,,,,,,,
21.7139,10,3,16.9500,38.6630,converged,81538.16,50416.44,-1.3756,8.66,0.0000,0.0806,0.0817,,,,,,,
30.8800,10,3,17.0196,47.8986,converged,81538.16,50416.44,-1.3756,8.66,0.0000,0.1060,0.0564,,,,,,,
43.2385,8,3,16.6342,59.8723,converged,81538.58,50414.28,-1.3701,8.65,0.0000,0.1549,0.0649,,,,,,,
20.2086,10,10,40.7794,60.9875,completed,81538.58,50414.28,-1.3701,8.65,0.0000,0.2916,0.3327,0.2311,0.6097,0.9666,3.9999,7.5719,8.2236,6.6386
31.5051,10,10,34.2096,65.7146,completed,81539.04,50412.02,-1.3633,8.62,0.0000,0.1380,0.1474,0.2280,1.2256,1.0867,2.3925,5.4807,7.2723,7.0421
32.7791,10,10,35.2699,68.0489,completed,81539.04,50412.02,-1.3633,8.62,0.0000,0.4308,0.5425,0.3516,0.3011,0.8857,4.0760,6.5487,8.0111,7.6124
54.1946,6,6,27.2169,81.4109,completed,81539.49,50409.91,-1.3562,8.59,0.0000,0.2634,0.3877,1.8783,4.1871,9.2129,,,,
49.0440,7,7,38.9617,88.0057,completed,81539.49,50409.91,-1.3562,8.59,0.0000,0.5611,0.4437,1.1686,2.1819,8.4249,9.2443,,,
26.6476,10,4,17.0699,43.7170,converged,81540.00,50407.52,-1.3495,8.57,0.0000,0.1211,0.1798,0.0529,,,,,,
47.7258,7,7,34.5656,82.2906,completed,81540.00,50407.52,-1.3495,8.57,0.0000,0.4336,0.5245,0.8300,1.9954,8.6036,8.8382,,,
57.6526,6,6,27.3136,84.9656,completed,81540.50,50405.30,-1.3422,8.56,0.0000,0.0878,0.5397,1.5118,4.6624,9.6833,,,,
20.4848,10,10,47.5756,68.0596,completed,81540.50,50405.30,-1.3422,8.56,0.0000,0.2198,0.4564,0.5546,0.4630,1.1998,2.8727,7.1280,7.9936,6.3662
55.1750,6,6,25.6218,80.7968,completed,81541.02,50403.06,-1.3373,8.57,0.0000,0.0588,0.2960,1.7251,3.5705,9.2054,,,,
44.6076,8,8,41.6310,86.2380,completed,81541.02,50403.06,-1.3373,8.57,0.0000,0.4561,0.6928,0.3157,1.0416,4.2565,8.5513,9.0118,,
42.1923,8,8,29.4525,71.6446,completed,81541.66,50400.44,-1.3277,8.59,0.0000,0.1816,0.3093,0.3120,0.6279,3.8263,7.9872,9.3274,,
37.0596,9,9,33.5926,70.6517,completed,81541.66,50400.44,-1.3277,8.59,0.0000,0.3203,0.6699,0.7716,0.5727,2.2867,6.4062,9.1304,7.6402,
48.8595,7,7,30.7168,79.5758,completed,81542.14,50398.51,-1.3237,8.59,0.0000,0.1723,0.4072,0.3114,0.8942,6.5905,9.9679,,,
33.7278,10,10,33.9709,67.6979,completed,81542.14,50398.51,-1.3237,8.59,0.0000,0.3643,0.6704,0.7097,0.2386,0.5380,3.2758,6.8022,8.3064,6.8616
28.6019,10,10,35.5157,64.1167,completed,81542.78,50396.02,-1.3190,8.56,0.0000,0.0747,0.1768,0.1229,0.1223,0.3358,2.6383,6.3261,8.3881,7.5846
34.2131,9,9,32.8594,67.0724,completed,81542.78,50396.02,-1.3190,8.56,0.0000,0.3456,0.6243,0.5495,0.5095,2.1135,6.7724,9.4146,8.0184,
27.1125,10,4,13.8282,40.9403,converged,81543.36,50393.79,-1.3127,8.52,0.0000,0.0433,0.1004,0.0475,,,,,,
40.9491,8,8,33.3571,74.3061,completed,81543.36,50393.79,-1.3127,8.52,0.0000,0.2984,0.4833,0.1665,0.9357,3.2535,8.3586,9.1230,,
21.3970,10,4,14.8505,36.2465,converged,81543.93,50391.60,-1.3149,8.49,0.0000,0.0827,0.1818,0.0569,,,,,,
56.2294,6,6,22.3070,78.5360,completed,81543.93,50391.60,-1.3149,8.49,0.0000,0.5845,0.4513,1.0120,5.1207,10.2828,,,,
51.4085,7,7,32.6103,84.0183,completed,81544.50,50389.43,-1.3129,8.49,0.0000,0.2906,0.4251,0.3844,2.9809,9.3475,10.6140,,,
22.4138,10,10,36.3366,58.7496,completed,81544.50,50389.43,-1.3129,8.49,0.0000,0.2093,0.2344,0.4783,2.7406,1.1271,3.8113,4.9827,7.6923,7.8413
59.4097,5,5,17.0836,76.4926,completed,81545.09,50387.22,-1.3131,8.52,0.0000,0.0932,1.6888,1.7648,8.1340,,,,,
25.4456,10,4,12.8002,38.2452,converged,81545.09,50387.22,-1.3131,8.52,0.0000,0.1996,0.2775,0.0533,,,,,,
50.6150,7,3,9.3493,59.9644,converged,81545.63,50385.15,-1.3164,8.57,0.0000,0.1711,0.0856,,,,,,,
25.2014,10,4,14.6433,39.8443,converged,81545.63,50385.15,-1.3164,8.57,0.0000,0.2766,0.3132,0.0686,,,,,,
44.5778,8,8,30.4657,75.0427,completed,81546.17,50383.09,-1.3191,8.59,0.0000,0.2679,0.1869,0.7897,0.8305,3.4542,8.3831,9.5567,,
39.6292,9,9,34.1736,73.8026,completed,81546.17,50383.09,-1.3191,8.59,0.0000,0.3212,0.3064,0.4077,1.2298,1.8805,4.4596,8.5769,8.1356,
57.2851,6,6,24.0999,81.3849,completed,81546.71,50381.00,-1.3166,8.60,0.0000,0.3489,0.6752,0.9338,4.6430,10.2411,,,,
50.4373,7,7,25.2500,75.6871,completed,81546.71,50381.00,-1.3166,8.60,0.0000,0.2106,1.3833,6.6252,2.6697,7.2209,9.4678,,,
41.8790,8,3,9.0150,50.8940,converged,81547.31,50378.68,-1.3224,8.56,0.0000,0.2389,0.0881,,,,,,,
50.5639,7,7,26.5655,77.1286,completed,81547.31,50378.68,-1.3224,8.56,0.0000,0.3764,0.1888,1.2658,2.3406,7.7004,9.6960,,,
38.9231,9,9,32.8671,71.7901,completed,81547.87,50376.46,-1.3255,8.52,0.0000,0.1110,0.2057,2.6165,2.2764,1.7005,4.7098,8.5438,6.8842,
56.3175,6,6,26.4527,82.7698,completed,81547.87,50376.46,-1.3255,8.52,0.0000,0.2424,1.4898,2.1724,4.9245,10.2018,,,,
35.0255,9,9,31.2001,66.2251,completed,81548.48,50373.98,-1.3313,8.48,0.0000,0.2330,0.1518,0.6282,0.9141,1.6468,4.3400,8.5014,8.3616,
23.9918,10,3,10.0314,34.0224,converged,81548.48,50373.98,-1.3313,8.48,0.0000,0.1925,0.0982,,,,,,,
44.1872,8,8,27.6193,71.8063,completed,81548.95,50372.08,-1.3370,8.46,0.0000,0.1791,0.1844,0.8864,1.5431,2.6796,7.6627,9.0917,,
44.9370,8,8,27.4020,72.3381,completed,81548.95,50372.08,-1.3370,8.46,0.0000,0.3552,0.1621,0.5726,0.9326,3.9875,9.6273,8.8383,,
57.8322,6,6,21.3266,79.1587,completed,81549.47,50369.87,-1.3421,8.44,0.0000,0.2853,0.1811,1.1657,4.7720,10.5408,,,,
28.2503,10,10,41.0270,69.2771,completed,81549.47,50369.87,-1.3421,8.44,0.0000,0.0573,0.2409,0.6973,0.9834,1.6419,2.2509,4.6611,7.9615,7.4343
23.3390,10,10,35.2207,58.5587,completed,81550.05,50367.40,-1.3445,8.45,0.0000,0.2998,0.1514,0.2297,0.8387,0.8650,2.1030,7.0707,8.4310,6.6247
54.3796,6,6,21.5911,75.9701,completed,81550.05,50367.40,-1.3445,8.45,0.0000,0.4050,0.3806,1.2574,4.4397,10.3402,,,,
30.6476,10,10,41.8150,72.4620,completed,81550.52,50365.34,-1.3532,8.45,0.0000,0.2068,0.4117,1.8198,1.3432,3.3321,3.9462,5.9243,8.4773,7.4232
28.1635,10,10,37.1248,65.2878,completed,81550.52,50365.34,-1.3532,8.45,0.0000,0.2508,0.1338,0.9338,1.0289,1.4694,2.4053,6.1969,8.2977,7.0841
38.3276,9,9,33.2091,71.5361,completed,81551.02,50363.02,-1.3615,8.45,0.0000,0.7195,0.6858,0.6929,0.6826,2.6650,7.6824,10.0105,8.2295,
56.0531,6,6,28.4567,84.5098,completed,81551.02,50363.02,-1.3615,8.45,0.0000,0.2317,0.4896,1.4834,5.3125,10.7108,,,,
29.4203,10,10,45.5653,74.9853,completed,81551.52,50360.66,-1.3657,8.45,0.0000,0.2157,0.1819,1.2832,2.2297,1.0862,3.3387,4.8938,8.1521,7.8400
58.1014,5,5,23.5133,81.6143,completed,81551.52,50360.66,-1.3657,8.45,0.0000,0.1376,2.9124,2.0340,9.2063,,,,,
34.9735,9,9,43.1225,78.0955,completed,81551.98,50358.45,-1.3732,8.45,0.0000,0.3033,0.2107,0.2201,0.8271,1.9495,8.2148,10.1691,7.7237,
40.1607,8,8,38.5547,78.7148,completed,81551.98,50358.45,-1.3732,8.45,0.0000,0.2183,0.1150,0.7337,0.8755,2.5378,8.3540,9.4051,,
55.3418,6,3,10.9231,66.2641,converged,81552.45,50356.11,-1.3770,8.45,0.0000,0.3859,0.0597,,,,,,,
54.8527,6,6,21.0486,75.9007,completed,81552.45,50356.11,-1.3770,8.45,0.0000,0.1840,0.7760,1.5999,4.3452,10.1805,,,,
34.2169,9,9,41.6964,75.9124,completed,81552.88,50353.92,-1.3813,8.45,0.0000,0.2524,0.1986,0.3107,1.1456,1.4067,6.3506,9.5392,7.9604,
55.6926,6,6,24.3383,80.0303,completed,81552.88,50353.92,-1.3813,8.45,0.0000,0.2076,0.1590,1.4602,6.2349,10.5930,,,,
55.9901,6,3,9.7016,65.6916,converged,81553.32,50351.68,-1.3824,8.45,0.0000,0.2177,0.0331,,,,,,,
59.3134,5,5,20.4174,79.7304,completed,81553.32,50351.68,-1.3824,8.45,0.0000,0.1744,0.8587,0.6046,8.6137,,,,,
25.4357,10,4,17.8923,43.3274,converged,81553.79,50349.19,-1.3827,8.45,0.0000,0.1305,0.1373,0.0431,,,,,,
51.8563,7,3,9.6451,61.5011,converged,81553.79,50349.19,-1.3827,8.45,0.0000,0.1639,0.0707,,,,,,,
43.3872,8,8,34.2309,77.6180,completed,81554.11,50347.53,-1.3852,8.45,0.0000,0.1811,0.1745,0.5117,1.5526,2.0206,9.1139,8.8565,,
20.6207,10,3,8.9649,29.5850,converged,81554.11,50347.53,-1.3852,8.45,0.0000,0.0826,0.0930,,,,,,,
22.4137,10,4,15.1102,37.5232,converged,81554.48,50345.62,-1.3861,8.44,0.0000,0.0971,0.1049,0.0268,,,,,,
56.8185,6,6,23.1318,79.9499,completed,81554.48,50345.62,-1.3861,8.44,0.0000,0.1310,0.1134,1.0580,2.7958,9.6508,,,,
23.1950,10,4,11.5993,34.7933,converged,81554.90,50343.38,-1.3830,8.44,0.0000,0.1095,0.1070,0.0207,,,,,,
48.0498,7,3,9.4136,57.4626,converged,81554.90,50343.38,-1.3830,8.44,0.0000,0.0923,0.0326,,,,,,,
25.6238,10,4,12.4695,38.0925,converged,81555.27,50341.46,-1.3858,8.44,0.0000,0.0937,0.1004,0.0261,,,,,,
28.8450,10,3,10.1551,38.9991,converged,81555.27,50341.46,-1.3858,8.44,0.0000,0.0675,0.0568,,,,,,,
44.8295,8,3,10.5930,55.4220,converged,81555.58,50339.80,-1.3882,8.44,0.0000,0.1055,0.0746,,,,,,,
48.0003,7,3,15.9413,63.9414,converged,81555.58,50339.80,-1.3882,8.44,0.0000,0.1176,0.0389,,,,,,,
57.0713,6,3,13.1233,70.1943,converged,81555.97,50337.69,-1.3882,8.43,0.0000,0.1452,0.0460,,,,,,,
28.8675,10,3,16.0225,44.8896,converged,81555.97,50337.69,-1.3882,8.43,0.0000,0.0813,0.0798,,,,,,,
37.5955,9,3,9.2377,46.8328,converged,81556.35,50335.63,-1.3894,8.43,0.0000,0.0796,0.0665,,,,,,,
23.5302,10,3,9.4725,33.0026,converged,81556.35,50335.63,-1.3894,8.43,0.0000,0.0873,0.0904,,,,,,,
54.0521,6,6,29.0360,83.0881,completed,81556.66,50333.99,-1.3906,8.43,0.0000,0.0634,0.2193,0.5497,1.7575,8.7850,,,,
22.8448,10,3,9.6619,32.5059,converged,81556.66,50333.99,-1.3906,8.43,0.0000,0.0700,0.0569,,,,,,,
50.1605,7,3,10.1137,60.2737,converged,81557.07,50331.75,-1.3920,8.43,0.0000,0.1160,0.0425,,,,,,,
23.7091,10,3,11.9083,35.6173,converged,81557.07,50331.75,-1.3920,8.43,0.0000,0.0717,0.0757,,,,,,,
58.9262,5,5,24.1102,83.0362,completed,81557.37,50330.10,-1.3886,8.43,0.0000,0.1214,0.3309,0.6195,7.3291,,,,,
33.8289,10,3,15.7508,49.5789,converged,81557.37,50330.10,-1.3886,8.43,0.0000,0.0796,0.0955,,,,,,,
33.1618,10,3,9.5046,42.6657,converged,81557.78,50327.89,-1.3885,8.44,0.0000,0.0805,0.0762,,,,,,,
49.5477,7,3,9.4155,58.9626,converged,81557.78,50327.89,-1.3885,8.44,0.0000,0.1201,0.0456,,,,,,,
45.2532,8,3,15.9799,61.2330,converged,81558.14,50325.95,-1.3877,8.45,0.0000,0.1071,0.0817,,,,,,,
52.8357,6,3,12.6753,65.5104,converged,81558.14,50325.95,-1.3877,8.45,0.0000,0.1345,0.0432,,,,,,,
47.0121,7,3,9.7332,56.7452,converged,81558.60,50323.46,-1.3894,8.44,0.0000,0.1299,0.0281,,,,,,,
23.8925,10,3,9.6537,33.5458,converged,81558.60,50323.46,-1.3894,8.44,0.0000,0.0736,0.0660,,,,,,,
28.9785,10,4,13.3749,42.3530,converged,81558.91,50321.80,-1.3890,8.42,0.0000,0.0867,0.1056,0.0335,,,,,,
46.2379,7,3,13.6401,59.8772,converged,81558.91,50321.80,-1.3890,8.42,0.0000,0.1052,0.0306,,,,,,,
20.0887,10,3,9.0243,29.1123,converged,81559.26,50319.90,-1.3926,8.39,0.0000,0.0716,0.0731,,,,,,,
26.2566,10,3,8.8768,35.1328,converged,81559.26,50319.90,-1.3926,8.39,0.0000,0.0703,0.0732,,,,,,,
21.3645,10,4,11.9945,33.3585,converged,81559.55,50318.25,-1.3948,8.37,0.0000,0.0875,0.1072,0.0450,,,,,,
57.8463,6,3,9.6808,67.5268,converged,81559.55,50318.25,-1.3948,8.37,0.0000,0.0868,0.0552,,,,,,,
35.4552,9,4,12.0031,47.4581,converged,81559.90,50316.31,-1.3932,8.33,0.0000,0.0981,0.1317,0.0389,,,,,,
56.9247,6,3,11.1217,68.0458,converged,81559.90,50316.31,-1.3932,8.33,0.0000,0.1568,0.0422,,,,,,,
25.3910,10,4,13.8409,39.2309,converged,81560.28,50314.16,-1.3943,8.20,0.0000,0.0807,0.1013,0.0511,,,,,,
50.0601,7,7,27.8174,77.8774,completed,81560.28,50314.16,-1.3943,8.20,0.0000,0.1653,0.1214,0.1827,0.7389,3.9268,9.3586,,,
27.7079,10,4,21.1438,48.8509,converged,81560.62,50312.27,-1.3949,8.07,0.0000,0.0781,0.1032,0.0392,,,,,,
21.5299,10,3,9.5778,31.1069,converged,81560.62,50312.27,-1.3949,8.07,0.0000,0.0587,0.0688,,,,,,,
54.7276,6,3,12.9125,67.6396,converged,81560.90,50310.68,-1.3955,8.04,0.0000,0.1379,0.0856,,,,,,,
50.4143,7,7,32.7308,83.1449,completed,81560.90,50310.68,-1.3955,8.04,0.0000,0.1320,0.1373,0.1417,0.9047,5.0997,9.8514,,,
59.1171,5,5,21.9501,81.0671,completed,81561.32,50308.32,-1.3974,8.00,0.0000,0.2575,0.2926,1.9232,7.5280,,,,,
26.6405,10,5,21.2310,47.8711,converged,81561.32,50308.32,-1.3974,8.00,0.0000,0.1240,0.1769,0.1121,0.0519,,,,,
55.8818,6,3,10.8380,66.7190,converged,81561.68,50306.25,-1.3939,7.96,0.0000,0.2300,0.0807,,,,,,,
28.4246,10,4,16.9456,45.3696,converged,81561.68,50306.25,-1.3939,7.96,0.0000,0.1254,0.1636,0.0860,,,,,,
54.1015,6,6,20.3105,74.4116,completed,81562.02,50304.40,-1.3926,7.96,0.0000,0.3304,0.1530,0.5342,3.4082,8.9487,,,,
23.5060,10,4,11.7878,35.2938,converged,81562.02,50304.40,-1.3926,7.96,0.0000,0.1127,0.1413,0.0515,,,,,,
34.4090,9,4,14.1491,48.5571,converged,81562.35,50302.58,-1.3922,7.94,0.0000,0.1818,0.1895,0.0571,,,,,,
49.5337,7,3,9.9637,59.4967,converged,81562.35,50302.58,-1.3922,7.94,0.0000,0.1933,0.0984,,,,,,,
22.6278,10,4,14.5908,37.2179,converged,81562.68,50300.78,-1.3910,7.93,0.0000,0.1717,0.1749,0.0711,,,,,,
21.1113,10,4,12.6433,33.7544,converged,81562.68,50300.78,-1.3910,7.93,0.0000,0.1550,0.1734,0.0609,,,,,,
42.5850,8,8,34.2398,76.8249,completed,81562.96,50299.22,-1.3913,7.90,0.0000,0.2921,0.2906,0.1807,0.8058,1.8084,4.9190,8.5350,,
36.8641,9,9,30.6192,67.4832,completed,81562.96,50299.22,-1.3913,7.90,0.0000,0.1614,0.1390,0.1049,0.5661,0.2357,1.4120,5.1267,7.8113,
40.4499,8,4,11.8984,52.3474,converged,81563.34,50297.15,-1.3912,7.75,0.0000,0.2292,0.3059,0.0585,,,,,,
33.9902,10,10,37.7105,71.7005,completed,81563.34,50297.15,-1.3912,7.75,0.0000,0.1991,0.2467,0.1053,0.4573,0.3887,0.9396,1.5877,3.5096,6.4560
45.2100,8,8,37.3602,82.5692,completed,81563.69,50295.26,-1.3887,7.65,0.0000,0.6690,0.1498,0.8701,0.8681,0.8015,6.1207,8.6468,,
32.7310,10,4,12.6855,45.4166,converged,81563.69,50295.26,-1.3887,7.65,0.0000,0.1488,0.1432,0.0604,,,,,,
28.0331,10,10,32.2596,60.2926,completed,81564.07,50293.19,-1.3931,7.45,0.0000,1.1183,0.3170,4.2948,2.4015,1.2008,2.2119,3.6176,7.0020,6.4872
50.7368,7,7,39.5879,90.3240,completed,81564.07,50293.19,-1.3931,7.45,0.0000,0.2421,0.1857,0.1450,0.4010,2.8458,7.3465,,,
22.0262,10,10,39.1312,61.1572,completed,81564.45,50291.10,-1.3897,7.39,0.0000,7.7177,4.9394,0.1211,8.4024,5.7414,3.6903,5.9610,6.3703,5.4126
58.0990,5,5,31.3520,89.4500,completed,81564.45,50291.10,-1.3897,7.39,0.0000,0.3309,0.3851,0.7440,5.9831,,,,,
32.6265,10,10,40.5317,73.1577,completed,81564.81,50289.12,-1.3898,7.44,0.0000,0.5322,0.5786,0.9128,0.3350,0.8742,0.3710,1.4115,4.5368,6.7204
36.0915,9,9,54.7199,90.8109,completed,81564.81,50289.12,-1.3898,7.44,0.0000,0.1987,0.2986,0.3662,0.3103,0.3503,0.6353,2.2366,4.8737,
55.8763,6,6,32.7103,88.5863,completed,81565.23,50286.82,-1.3904,7.52,0.0000,2.9696,2.7219,1.0279,0.9632,5.2561,,,,
54.2943,6,6,26.2964,80.5904,completed,81565.23,50286.82,-1.3904,7.52,0.0000,0.1766,0.4946,0.9010,0.8611,4.9659,,,,
45.6844,8,8,28.0654,73.7494,completed,81565.64,50284.60,-1.3859,7.53,0.0000,0.1997,0.3746,1.0044,3.5653,5.6784,7.8597,7.3024,,
49.3952,7,7,29.7847,79.1798,completed,81565.64,50284.60,-1.3859,7.53,0.0000,0.1864,0.2874,0.4932,0.3259,1.1600,4.1293,,,
50.9969,7,7,31.6394,82.6354,completed,81566.06,50282.38,-1.3848,7.49,0.0000,19.9347,24.4670,5.4112,0.4764,0.9974,4.7726,,,
50.7856,7,7,37.9528,88.7378,completed,81566.06,50282.38,-1.3848,7.49,0.0000,0.1834,0.2785,0.3336,0.5541,1.5296,4.7373,,,
22.8336,10,10,43.3045,66.1376,completed,81566.47,50280.23,-1.3871,7.35,0.0000,1.9975,4.2616,0.3025,4.7197,2.0432,0.5342,2.2747,5.6095,5.9325
25.2866,10,3,13.0229,38.3090,converged,81566.47,50280.23,-1.3871,7.35,0.0000,0.0891,0.0898,,,,,,,
47.7151,7,7,32.8748,80.5898,completed,81566.78,50278.56,-1.3863,7.09,0.0000,18.8558,4.8265,2.1188,5.5212,7.8367,8.0259,,,
58.9072,5,5,20.1633,79.0703,completed,81566.78,50278.56,-1.3863,7.09,0.0000,0.0574,0.6905,1.3123,4.0646,,,,,
28.3518,10,10,40.1963,68.5473,completed,81567.09,50276.85,-1.3902,6.70,0.0000,2.8560,1.6361,0.2508,2.5324,1.3226,3.6086,5.8270,6.1623,5.1424
53.4321,6,6,22.5503,75.9823,completed,81567.09,50276.85,-1.3902,6.70,0.0000,0.2416,0.9184,0.4308,1.6653,4.7271,,,,
39.6402,9,9,37.0403,76.6804,completed,81567.40,50275.17,-1.3889,6.21,0.0000,0.3637,0.3492,1.3045,1.4856,3.2200,5.9960,6.9527,6.1276,
57.0226,6,6,22.2513,79.2734,completed,81567.40,50275.17,-1.3889,6.21,0.0000,7.1137,15.1670,1.1461,1.0912,3.8114,,,,
28.8637,10,10,42.2432,71.1063,completed,81567.73,50273.42,-1.3907,5.71,0.0000,0.1957,0.2516,0.4407,1.7202,2.6331,4.7040,6.4442,6.2009,5.2450
39.2368,9,9,30.9847,70.2208,completed,81567.73,50273.42,-1.3907,5.71,0.0000,1.0499,0.7563,3.3841,1.6285,2.1447,5.4646,7.1297,6.7223,
54.6960,6,6,28.1642,82.8603,completed,81568.00,50271.92,-1.3912,5.21,0.0000,0.8379,0.5368,0.6001,6.1779,8.5805,,,,
38.4706,9,9,44.7264,83.1965,completed,81568.00,50271.92,-1.3912,5.21,0.0000,0.9657,0.8549,1.0060,5.5659,5.4024,7.0760,6.9751,5.7639,
34.0366,9,9,37.7966,71.8327,completed,81568.27,50270.46,-1.3915,4.74,0.0000,1.0480,0.9651,0.2425,1.8042,2.7914,6.1621,6.7071,5.7904,
24.4080,10,10,41.5063,65.9134,completed,81568.27,50270.46,-1.3915,4.74,0.0000,1.5288,1.1438,0.3948,1.9025,2.1919,5.1875,6.9071,6.6070,5.3772
51.7642,7,7,26.1967,77.9608,completed,81568.48,50269.32,-1.3918,4.47,0.0000,1.8311,0.7379,1.2851,4.3717,8.2866,8.0139,,,
33.2309,10,10,40.6844,73.9145,completed,81568.48,50269.32,-1.3918,4.47,0.0000,2.6160,1.3724,0.9465,3.8213,1.1766,5.7437,6.8242,6.5056,5.3126
59.1124,5,5,19.5847,78.6968,completed,81568.70,50268.09,-1.3923,4.31,0.0000,2.2363,5.3696,8.7530,11.4121,,,,,
35.9511,9,9,39.2694,75.2205,completed,81568.70,50268.09,-1.3923,4.31,0.0000,18.2182,27.2143,8.1962,10.7952,8.9166,8.7027,7.1454,5.5097,
55.9935,6,6,20.5791,76.5721,completed,81568.94,50266.83,-1.3910,4.33,0.0000,0.8904,2.9503,4.2120,4.4141,8.4598,,,,
58.6394,5,5,19.5455,78.1845,completed,81568.94,50266.83,-1.3910,4.33,0.0000,1.3583,4.2294,1.4015,0.6700,,,,,
46.5469,7,7,25.7773,72.3234,completed,81569.16,50265.62,-1.3907,4.47,0.0000,2.4278,4.0957,9.1056,15.3287,11.5583,9.0650,,,
23.6331,10,10,33.7640,57.3970,completed,81569.16,50265.62,-1.3907,4.47,0.0000,0.4790,0.5365,0.4101,2.6737,2.1097,0.8620,1.4654,1.7377,1.9460
53.6739,6,6,33.2755,86.9485,completed,81569.36,50264.54,-1.3986,4.40,0.0000,0.4813,0.3928,0.7661,5.5129,8.5596,,,,
41.8347,8,8,35.3406,77.1746,completed,81569.36,50264.54,-1.3986,4.40,0.0000,0.1814,0.2910,0.3254,1.1721,4.9021,4.1633,3.1720,,
24.9559,10,10,44.8656,69.8206,completed,81569.57,50263.27,-1.4332,4.10,0.0000,0.1369,0.3925,0.6429,0.2057,0.4447,4.9115,5.5326,6.9119,6.2898
52.8442,6,6,31.4629,84.3069,completed,81569.57,50263.27,-1.4332,4.10,0.0000,0.4793,0.8089,1.3385,5.9218,5.4201,,,,
55.5346,6,6,23.4328,78.9669,completed,81569.69,50262.26,-1.4743,3.55,0.0000,0.2378,0.1658,2.6929,4.4534,6.2313,,,,
59.8935,5,5,20.4349,80.3280,completed,81569.69,50262.26,-1.4743,3.55,0.0000,0.4754,0.9816,1.2168,1.1347,,,,,
43.8002,8,8,29.3747,73.1747,completed,81569.77,50261.31,-1.5166,2.91,0.0000,0.0679,0.3089,1.3675,3.6097,1.1733,3.7416,5.4161,,
36.8751,9,9,31.1078,67.9829,completed,81569.77,50261.31,-1.5166,2.91,0.0000,0.1758,0.3997,0.1476,1.5827,0.6530,1.1514,2.1567,3.3090,
54.4093,6,6,21.4027,75.8117,completed,81569.81,50260.61,-1.5189,2.53,0.0000,0.3956,0.6040,2.0859,4.5312,7.3323,,,,
37.1569,9,9,40.7222,77.8782,completed,81569.81,50260.61,-1.5189,2.53,0.0000,0.1994,0.3361,0.1373,1.5390,1.3967,0.7706,1.5534,2.3293,
33.6462,10,10,40.5069,74.1530,completed,81569.86,50259.94,-1.4826,2.15,0.0000,0.1976,0.3917,0.2804,0.6974,1.0040,1.4216,3.8529,4.3227,4.2354
20.7297,10,4,15.9432,36.6722,converged,81569.86,50259.94,-1.4826,2.15,0.0000,0.1063,0.1448,0.0937,,,,,,
29.5245,10,5,21.5537,51.0777,converged,81569.91,50259.48,-1.4536,2.06,0.0000,0.1459,0.2698,0.3322,0.0357,,,,,
24.8219,10,3,16.8315,41.6526,converged,81569.91,50259.48,-1.4536,2.06,0.0000,0.0653,0.0849,,,,,,,
24.9981,10,5,17.4972,42.4952,converged,81569.98,50259.05,-1.4260,2.04,0.0000,0.0926,0.1573,0.1599,0.0858,,,,,
31.4760,10,3,9.1267,40.6018,converged,81569.98,50259.05,-1.4260,2.04,0.0000,0.0454,0.0683,,,,,,,
41.2955,8,4,14.5712,55.8662,converged,81570.04,50258.65,-1.3979,2.03,0.0000,0.0674,0.1397,0.0619,,,,,,
45.6916,8,3,9.3767,55.0677,converged,81570.04,50258.65,-1.3979,2.03,0.0000,0.0415,0.0532,,,,,,,
51.6371,7,7,26.8692,78.5062,completed,81570.13,50258.19,-1.3737,1.98,0.0000,0.0900,0.1809,0.3030,0.3175,0.1108,1.0772,,,
30.8847,10,3,9.7891,40.6731,converged,81570.13,50258.19,-1.3737,1.98,0.0000,0.0260,0.0407,,,,,,,
24.8956,10,3,10.0199,34.9149,converged,81570.23,50257.73,-1.3695,1.85,0.0000,0.0348,0.0777,,,,,,,
21.9326,10,3,9.4569,31.3890,converged,81570.23,50257.73,-1.3695,1.85,0.0000,0.0256,0.0385,,,,,,,
41.2820,8,3,11.3201,52.6022,converged,81570.30,50257.42,-1.3813,1.63,0.0000,0.0426,0.0512,,,,,,,
31.3657,10,3,12.6312,43.9962,converged,81570.30,50257.42,-1.3813,1.63,0.0000,0.0209,0.0238,,,,,,,
28.4476,10,3,11.9408,40.3878,converged,81570.36,50257.10,-1.4065,1.47,0.0000,0.0344,0.0445,,,,,,,
29.4168,10,3,16.9650,46.3811,converged,81570.36,50257.10,-1.4065,1.47,0.0000,0.0200,0.0215,,,,,,,
53.1839,6,3,12.3107,65.4938,converged,81570.40,50256.81,-1.4264,1.30,0.0000,0.0844,0.0738,,,,,,,
21.0581,10,3,9.5100,30.5680,converged,81570.40,50256.81,-1.4264,1.30,0.0000,0.0314,0.0375,,,,,,,
23.4138,10,3,10.3996,33.8126,converged,81570.44,50256.58,-1.4388,1.12,0.0000,0.0362,0.0441,,,,,,,
44.9767,8,3,8.1117,53.0877,converged,81570.44,50256.58,-1.4388,1.12,0.0000,0.0370,0.0427,,,,,,,
55.5270,6,3,12.4264,67.9535,converged,81570.47,50256.34,-1.4506,0.94,0.0000,0.0945,0.0571,,,,,,,
39.1850,9,3,13.0906,52.2746,converged,81570.47,50256.34,-1.4506,0.94,0.0000,0.0251,0.0225,,,,,,,
59.2528,5,3,9.8502,69.1022,converged,81570.50,50256.12,-1.4515,0.73,0.0000,0.0990,0.0470,,,,,,,
33.1953,10,3,11.0485,44.2435,converged,81570.50,50256.12,-1.4515,0.73,0.0000,0.0369,0.0363,,,,,,,
51.2386,7,3,9.9860,61.2240,converged,81570.52,50255.97,-1.4446,0.56,0.0000,0.0531,0.0546,,,,,,,
25.0166,10,3,15.4086,40.4246,converged,81570.52,50255.97,-1.4446,0.56,0.0000,0.0189,0.0178,,,,,,,
21.8543,10,3,17.4920,39.3460,converged,81570.54,50255.86,-1.4349,0.37,0.0000,0.0292,0.0397,,,,,,,
44.6003,8,3,15.4111,60.0112,converged,81570.54,50255.86,-1.4349,0.37,0.0000,0.0364,0.0369,,,,,,,
34.0102,9,3,9.9268,43.9368,converged,81570.56,50255.80,-1.4273,0.28,0.0000,0.0527,0.0710,,,,,,,
37.6913,9,3,9.4296,47.1206,converged,81570.56,50255.80,-1.4273,0.28,0.0000,0.0301,0.0320,,,,,,,
33.6376,10,3,10.0821,43.7191,converged,81570.57,50255.75,-1.4212,0.21,0.0000,0.0319,0.0330,,,,,,,
53.5884,6,3,9.3536,62.9416,converged,81570.57,50255.75,-1.4212,0.21,0.0000,0.0395,0.0163,,,,,,,
27.8905,10,3,10.2777,38.1678,converged,81570.58,50255.71,-1.4157,0.14,0.0000,0.0183,0.0241,,,,,,,
38.1279,9,3,10.3056,48.4326,converged,81570.58,50255.71,-1.4157,0.14,0.0000,0.0118,0.0083,,,,,,,
27.9999,10,3,9.6385,37.6375,converged,81570.58,50255.69,-1.4123,0.00,0.0000,0.0096,0.0084,,,,,,,
23.0457,10,3,9.2810,32.3260,converged,81570.58,50255.69,-1.4123,0.00,0.0000,0.0083,0.0062,,,,,,,
32.2248,10,3,9.6721,41.8961,converged,81570.59,50255.68,-1.4116,0.00,0.0000,0.0082,0.0080,,,,,,,
46.2613,7,3,10.6042,56.8652,converged,81570.59,50255.68,-1.4116,0.00,0.0000,0.0067,0.0068,,,,,,,
59.3500,5,3,12.9236,72.2727,converged,81570.59,50255.68,-1.4117,0.00,0.0000,0.0133,0.0362,,,,,,,
53.9978,6,3,9.6089,63.6060,converged,81570.59,50255.68,-1.4117,0.00,0.0000,0.0051,0.0200,,,,,,,
24.9803,10,3,13.4877,38.4677,converged,81570.60,50255.69,-1.4118,0.00,0.0000,0.0044,0.0020,,,,,,,
43.6042,8,3,18.5565,62.1605,converged,81570.60,50255.69,-1.4118,0.00,0.0000,0.0046,0.0030,,,,,,,
31.5076,10,3,15.7732,47.2803,converged,81570.60,50255.69,-1.4118,0.00,0.0000,0.0032,0.0039,,,,,,,
28.0578,10,3,12.2857,40.3427,converged,81570.60,50255.69,-1.4118,0.00,0.0000,0.0034,0.0028,,,,,,,
29.0722,10,3,10.1268,39.1988,converged,81570.60,50255.69,-1.4119,0.00,0.0000,0.0036,0.0026,,,,,,,
28.9537,10,3,10.9586,40.3032,converged,81570.60,50255.69,-1.4119,0.00,0.0000,0.0033,0.0018,,,,,,,
42.3706,8,3,10.0069,52.3769,converged,81570.61,50255.69,-1.4120,0.00,0.0000,0.0051,0.0026,,,,,,,
25.7827,10,3,9.9925,35.7746,converged,81570.61,50255.69,-1.4120,0.00,0.0000,0.0047,0.0021,,,,,,,
41.0037,8,3,18.2520,59.2550,converged,81570.61,50255.69,-1.4121,0.00,0.0000,0.0036,0.0042,,,,,,,
55.2119,6,3,10.7134,65.9244,converged,81570.61,50255.69,-1.4121,0.00,0.0000,0.0019,0.0082,,,,,,,
27.4038,10,3,11.2585,38.6615,converged,81570.61,50255.69,-1.4122,0.00,0.0000,0.0016,0.0032,,,,,,,
53.2215,6,3,13.1147,66.3357,converged,81570.61,50255.69,-1.4122,0.00,0.0000,0.0032,0.0113,,,,,,,
44.8772,8,3,10.5145,55.3915,converged,81570.61,50255.69,-1.4123,0.00,0.0000,0.0047,0.0037,,,,,,,
43.1661,8,3,11.1719,54.3379,converged,81570.61,50255.69,-1.4123,0.00,0.0000,0.0023,0.0056,,,,,,,
40.8623,8,3,8.9245,49.7866,converged,81570.62,50255.69,-1.4123,0.00,0.0000,0.0039,0.0043,,,,,,,
21.8072,10,3,12.0973,33.9043,converged,81570.62,50255.69,-1.4123,0.00,0.0000,0.0031,0.0026,,,,,,,
37.9293,9,3,9.1096,47.0387,converged,81570.62,50255.69,-1.4124,0.00,0.0000,0.0031,0.0032,,,,,,,
25.8465,10,3,17.3382,43.1875,converged,81570.62,50255.69,-1.4124,0.00,0.0000,0.0037,0.0019,,,,,,,
50.2393,7,3,10.2837,60.5228,converged,81570.62,50255.69,-1.4124,0.00,0.0000,0.0050,0.0066,,,,,,,
51.1696,7,3,11.0143,62.1833,converged,81570.62,50255.69,-1.4124,0.00,0.0000,0.0067,0.0071,,,,,,,
21.7335,10,3,14.6125,36.3455,converged,81570.62,50255.69,-1.4124,0.00,0.0000,0.0036,0.0023,,,,,,,
53.9390,6,3,13.5829,67.5209,converged,81570.62,50255.69,-1.4124,0.00,0.0000,0.0064,0.0119,,,,,,,
37.1816,9,3,13.2564,50.4374,converged,81570.62,50255.69,-1.4125,0.00,0.0000,0.0057,0.0024,,,,,,,
49.3556,7,3,10.9632,60.3182,converged,81570.62,50255.69,-1.4125,0.00,0.0000,0.0063,0.0080,,,,,,,
29.9085,10,3,8.8277,38.7357,converged,81570.63,50255.69,-1.4125,0.00,0.0000,0.0066,0.0044,,,,,,,
23.1245,10,3,9.9113,33.0353,converged,81570.63,50255.69,-1.4125,0.00,0.0000,0.0045,0.0022,,,,,,,
56.6639,6,3,11.0718,67.7348,converged,81570.63,50255.69,-1.4125,0.00,0.0000,0.0066,0.0108,,,,,,,
36.7460,9,3,9.9423,46.6884,converged,81570.63,50255.69,-1.4125,0.00,0.0000,0.0052,0.0025,,,,,,,
57.7486,6,3,9.6066,67.3547,converged,81570.63,50255.69,-1.4125,0.00,0.0000,0.0099,0.0102,,,,,,,
47.3877,7,3,9.9403,57.3273,converged,81570.63,50255.69,-1.4125,0.00,0.0000,0.0071,0.0088,,,,,,,
54.0068,6,3,17.1660,71.1721,converged,81570.63,50255.69,-1.4125,0.00,0.0000,0.0075,0.0170,,,,,,,
33.0943,10,3,16.2174,49.3114,converged,81570.63,50255.69,-1.4125,0.00,0.0000,0.0060,0.0034,,,,,,,
30.7625,10,3,10.9368,41.6989,converged,81570.63,50255.69,-1.4125,0.00,0.0000,0.0048,0.0014,,,,,,,
52.7490,6,3,11.4917,64.2397,converged,81570.63,50255.69,-1.4125,0.00,0.0000,0.0063,0.0200,,,,,,,
37.5385,9,3,13.5375,51.0756,converged,81570.63,50255.69,-1.4125,0.00,0.0000,0.0037,0.0031,,,,,,,
27.6691,10,3,8.9650,36.6340,converged,81570.63,50255.69,-1.4125,0.00,0.0000,0.0058,0.0029,,,,,,,
46.5691,7,3,9.5162,56.0852,converged,81570.64,50255.69,-1.4125,0.00,0.0000,0.0069,0.0079,,,,,,,
32.2097,10,3,10.7125,42.9216,converged,81570.64,50255.69,-1.4125,0.00,0.0000,0.0059,0.0056,,,,,,,
33.1013,10,3,12.3574,45.4585,converged,81570.64,50255.69,-1.4125,0.00,0.0000,0.0066,0.0034,,,,,,,
52.7914,6,3,12.5454,65.3365,converged,81570.64,50255.69,-1.4125,0.00,0.0000,0.0080,0.0141,,,,,,,
25.3160,10,3,13.4073,38.7234,converged,81570.64,50255.69,-1.4126,0.00,0.0000,0.0058,0.0038,,,,,,,
41.8329,8,3,14.4967,56.3288,converged,81570.64,50255.69,-1.4126,0.00,0.0000,0.0060,0.0041,,,,,,,
49.1699,7,3,13.7433,62.9123,converged,81570.64,50255.69,-1.4126,0.00,0.0000,0.0060,0.0101,,,,,,,
23.1571,10,3,9.0135,32.1705,converged,81570.64,50255.69,-1.4126,0.00,0.0000,0.0050,0.0018,,,,,,,
37.5712,9,3,9.6044,47.1754,converged,81570.64,50255.69,-1.4126,0.00,0.0000,0.0052,0.0027,,,,,,,
25.8618,10,3,10.2572,36.1183,converged,81570.64,50255.69,-1.4126,0.00,0.0000,0.0051,0.0021,,,,,,,
39.8020,9,3,10.1005,49.9015,converged,81570.64,50255.69,-1.4126,0.00,0.0000,0.0053,0.0030,,,,,,,
30.2108,10,3,13.1915,43.4016,converged,81570.64,50255.69,-1.4126,0.00,0.0000,0.0050,0.0016,,,,,,,
28.9705,10,3,9.6448,38.6149,converged,81570.64,50255.69,-1.4126,0.00,0.0000,0.0053,0.0019,,,,,,,
54.1852,6,3,11.9639,66.1490,converged,81570.64,50255.69,-1.4126,0.00,0.0000,0.0059,0.0146,,,,,,,
23.3682,10,3,9.4813,32.8493,converged,81570.64,50255.69,-1.4126,0.00,0.0000,0.0042,0.0016,,,,,,,
48.1946,7,3,10.0777,58.2718,converged,81570.64,50255.69,-1.4126,0.00,0.0000,0.0072,0.0089,,,,,,,
43.2593,8,3,9.9482,53.2072,converged,81570.64,50255.69,-1.4126,0.00,0.0000,0.0060,0.0049,,,,,,,
55.6240,6,3,11.4073,67.0313,converged,81570.64,50255.69,-1.4126,0.00,0.0000,0.0063,0.0171,,,,,,,
42.6411,8,3,11.7590,54.4000,converged,81570.64,50255.69,-1.4126,0.00,0.0000,0.0072,0.0040,,,,,,,
50.4554,7,3,10.0433,60.4983,converged,81570.64,50255.69,-1.4126,0.00,0.0000,0.0071,0.0048,,,,,,,
34.4497,9,3,12.4102,46.8592,converged,81570.64,50255.69,-1.4126,0.00,0.0000,0.0078,0.0096,,,,,,,
36.5966,9,3,10.0971,46.6932,converged,81570.65,50255.69,-1.4126,0.00,0.0000,0.0048,0.0031,,,,,,,
32.6243,10,3,11.0478,43.6719,converged,81570.65,50255.69,-1.4126,0.00,0.0000,0.0063,0.0035,,,,,,,
44.4531,8,3,12.3510,56.8041,converged,81570.65,50255.69,-1.4126,0.00,0.0000,0.0063,0.0046,,,,,,,
26.5448,10,3,11.9825,38.5265,converged,81570.65,50255.69,-1.4126,0.00,0.0000,0.0043,0.0019,,,,,,,
52.2028,6,3,9.2104,61.4125,converged,81570.65,50255.69,-1.4126,0.00,0.0000,0.0075,0.0144,,,,,,,
55.1347,6,3,9.3519,64.4859,converged,81570.65,50255.69,-1.4126,0.00,0.0000,0.0091,0.0177,,,,,,,
32.7543,10,3,13.0425,45.7965,converged,81570.65,50255.69,-1.4126,0.00,0.0000,0.0053,0.0026,,,,,,,
30.0364,10,3,18.1443,48.1804,converged,81570.65,50255.69,-1.4126,0.00,0.0000,0.0049,0.0017,,,,,,,
57.9751,6,3,9.8050,67.7800,converged,81570.65,50255.69,-1.4126,0.00,0.0000,0.0060,0.0133,,,,,,,
57.8398,6,3,9.7420,67.5811,converged,81570.65,50255.69,-1.4126,0.00,0.0000,0.0086,0.0110,,,,,,,
37.6472,9,3,9.5364,47.1834,converged,81570.65,50255.69,-1.4126,0.00,0.0000,0.0056,0.0029,,,,,,,
55.5681,6,3,8.7598,64.3278,converged,81570.65,50255.69,-1.4126,0.00,0.0000,0.0066,0.0189,,,,,,,
23.4143,10,3,9.3028,32.7168,converged,81570.65,50255.69,-1.4125,0.00,0.0000,0.0045,0.0032,,,,,,,
57.2987,6,3,8.8168,66.1148,converged,81570.65,50255.69,-1.4125,0.00,0.0000,0.0059,0.0137,,,,,,,
59.6674,5,3,11.8545,71.5215,converged,81570.65,50255.69,-1.4125,0.00,0.0000,0.0087,0.0364,,,,,,,
38.8429,9,3,12.0123,50.8543,converged,81570.65,50255.69,-1.4125,0.00,0.0000,0.0075,0.0030,,,,,,,
29.7667,10,3,16.6889,46.4549,converged,81570.65,50255.69,-1.4125,0.00,0.0000,0.0065,0.0057,,,,,,,
49.0733,7,3,11.4035,60.4766,converged,81570.65,50255.69,-1.4125,0.00,0.0000,0.0071,0.0073,,,,,,,
34.8213,9,3,9.1524,43.9734,converged,81570.65,50255.69,-1.4125,0.00,0.0000,0.0062,0.0025,,,,,,,
46.8395,7,3,10.4845,57.3236,converged,81570.65,50255.69,-1.4125,0.00,0.0000,0.0048,0.0081,,,,,,,
56.6923,6,3,17.4504,74.1424,converged,81570.65,50255.69,-1.4125,0.00,0.0000,0.0066,0.0153,,,,,,,
42.3115,8,3,17.0752,59.3863,converged,81570.65,50255.69,-1.4125,0.00,0.0000,0.0064,0.0051,,,,,,,
24.6793,10,3,9.4841,34.1632,converged,81570.65,50255.69,-1.4125,0.00,0.0000,0.0060,0.0021,,,,,,,
36.5883,9,3,14.0625,50.6505,converged,81570.65,50255.69,-1.4125,0.00,0.0000,0.0056,0.0022,,,,,,,
28.9352,10,3,14.2602,43.1952,converged,81570.65,50255.69,-1.4125,0.00,0.0000,0.0062,0.0036,,,,,,,
22.1056,10,3,14.2847,36.3898,converged,81570.65,50255.69,-1.4125,0.00,0.0000,0.0057,0.0036,,,,,,,
27.5894,10,3,16.8969,44.4860,converged,81570.65,50255.70,-1.4125,0.00,0.0000,0.0054,0.0022,,,,,,,
51.4128,7,3,12.9364,64.3485,converged,81570.65,50255.70,-1.4125,0.00,0.0000,0.0071,0.0076,,,,,,,
40.6336,8,3,10.3046,50.9377,converged,81570.65,50255.69,-1.4125,0.00,0.0000,0.0072,0.0068,,,,,,,
20.3118,10,3,9.2986,29.6096,converged,81570.65,50255.69,-1.4125,0.00,0.0000,0.0059,0.0031,,,,,,,
31.3649,10,3,9.8738,41.4603,converged,81570.65,50255.69,-1.4125,0.00,0.0000,0.0073,0.0076,,,,,,,
25.1655,10,3,10.5208,35.6858,converged,81570.65,50255.69,-1.4125,0.00,0.0000,0.0056,0.0036,,,,,,,
34.2874,9,3,11.9515,46.2386,converged,81570.66,50255.69,-1.4125,0.00,0.0000,0.0059,0.0025,,,,,,,
31.0775,10,3,14.4762,45.5532,converged,81570.66,50255.69,-1.4125,0.00,0.0000,0.0064,0.0039,,,,,,,
42.6357,8,3,15.0114,57.6464,converged,81570.66,50255.70,-1.4126,0.00,0.0000,0.0049,0.0044,,,,,,,
21.1057,10,3,12.1471,33.2521,converged,81570.66,50255.70,-1.4126,0.00,0.0000,0.0049,0.0022,,,,,,,
37.0982,9,3,9.9224,47.0204,converged,81570.66,50255.70,-1.4126,0.00,0.0000,0.0070,0.0026,,,,,,,
31.6075,10,3,10.0890,41.6961,converged,81570.66,50255.70,-1.4126,0.00,0.0000,0.0052,0.0020,,,,,,,
28.3718,10,3,11.9327,40.3037,converged,81570.66,50255.70,-1.4125,0.00,0.0000,0.0047,0.0012,,,,,,,
43.4696,8,3,9.8112,53.2802,converged,81570.66,50255.70,-1.4125,0.00,0.0000,0.0079,0.0066,,,,,,,
22.3818,10,3,15.6826,38.0636,converged,81570.66,50255.70,-1.4125,0.00,0.0000,0.0061,0.0032,,,,,,,
52.1296,6,3,9.4946,61.6236,converged,81570.66,50255.70,-1.4125,0.00,0.0000,0.0065,0.0130,,,,,,,
35.7936,9,3,9.0754,44.8684,converged,81570.66,50255.70,-1.4125,0.00,0.0000,0.0053,0.0025,,,,,,,
26.7521,10,3,9.6625,36.4146,converged,81570.66,50255.70,-1.4125,0.00,0.0000,0.0046,0.0019,,,,,,,
20.5712,10,3,8.8217,29.3927,converged,81570.66,50255.69,-1.4125,0.00,0.0000,0.0048,0.0029,,,,,,,
30.0972,10,3,10.5613,40.6584,converged,81570.66,50255.69,-1.4125,0.00,0.0000,0.0054,0.0023,,,,,,,
38.7676,9,3,11.9734,50.7404,converged,81570.66,50255.69,-1.4125,0.00,0.0000,0.0049,0.0028,,,,,,,
27.0950,10,3,12.4602,39.5553,converged,81570.66,50255.69,-1.4125,0.00,0.0000,0.0046,0.0020,,,,,,,
28.6391,10,3,11.5372,40.1762,converged,81570.66,50255.70,-1.4125,0.00,0.0000,0.0051,0.0015,,,,,,,
28.9716,10,3,12.0968,41.0678,converged,81570.66,50255.70,-1.4125,0.00,0.0000,0.0046,0.0015,,,,,,,
56.7529,6,3,10.8619,67.6139,converged,81570.66,50255.70,-1.4125,0.00,0.0000,0.0085,0.0147,,,,,,,
23.4037,10,3,11.5870,34.9901,converged,81570.66,50255.70,-1.4125,0.00,0.0000,0.0062,0.0052,,,,,,,
53.3590,6,3,12.8940,66.2530,converged,81570.66,50255.70,-1.4125,0.00,0.0000,0.0077,0.0202,,,,,,,
27.4205,10,3,14.0971,41.5171,converged,81570.66,50255.70,-1.4125,0.00,0.0000,0.0051,0.0016,,,,,,,
42.9296,8,3,9.8697,52.7987,converged,81570.66,50255.70,-1.4124,0.00,0.0000,0.0048,0.0034,,,,,,,
25.6133,10,3,8.4576,34.0706,converged,81570.66,50255.70,-1.4124,0.00,0.0000,0.0064,0.0037,,,,,,,
32.3980,10,3,13.0125,45.4095,converged,81570.66,50255.70,-1.4125,0.00,0.0000,0.0045,0.0018,,,,,,,
37.6540,9,3,9.4345,47.0885,converged,81570.66,50255.70,-1.4125,0.00,0.0000,0.0064,0.0027,,,,,,,
29.9454,10,3,13.3977,43.3431,converged,81570.66,50255.70,-1.4125,0.00,0.0000,0.0057,0.0026,,,,,,,
31.1273,10,3,10.3819,41.5089,converged,81570.66,50255.70,-1.4125,0.00,0.0000,0.0050,0.0021,,,,,,,
42.6016,8,3,9.6700,52.2710,converged,81570.66,50255.70,-1.4125,0.00,0.0000,0.0062,0.0036,,,,,,,
42.6226,8,3,12.3615,54.9836,converged,81570.66,50255.70,-1.4125,0.00,0.0000,0.0066,0.0049,,,,,,,
40.8302,8,3,13.4242,54.2542,converged,81570.66,50255.70,-1.4125,0.00,0.0000,0.0053,0.0051,,,,,,,
28.9741,10,3,9.5938,38.5679,converged,81570.66,50255.70,-1.4125,0.00,0.0000,0.0058,0.0029,,,,,,,
40.8089,8,3,10.7388,51.5468,converged,81570.66,50255.70,-1.4125,0.00,0.0000,0.0063,0.0045,,,,,,,
54.6758,6,3,10.9019,65.5770,converged,81570.66,50255.70,-1.4125,0.00,0.0000,0.0072,0.0127,,,,,,,
46.0069,7,3,13.3987,59.4048,converged,81570.66,50255.70,-1.4125,0.00,0.0000,0.0074,0.0069,,,,,,,
28.4693,10,3,9.8979,38.3669,converged,81570.66,50255.70,-1.4125,0.00,0.0000,0.0054,0.0036,,,,,,,
44.0294,8,3,12.0897,56.1187,converged,81570.66,50255.70,-1.4125,0.00,0.0000,0.0069,0.0039,,,,,,,
44.7397,8,3,12.9494,57.6884,converged,81570.66,50255.70,-1.4125,0.00,0.0000,0.0063,0.0045,,,,,,,
59.7078,5,3,12.2448,71.9519,converged,81570.66,50255.70,-1.4125,0.00,0.0000,0.0059,0.0362,,,,,,,
49.1352,7,3,9.2469,58.3819,converged,81570.66,50255.70,-1.4125,0.00,0.0000,0.0065,0.0070,,,,,,,
43.9541,8,3,9.5796,53.5336,converged,81570.66,50255.70,-1.4125,0.00,0.0000,0.0069,0.0043,,,,,,,
52.5153,6,3,11.7243,64.2394,converged,81570.66,50255.70,-1.4125,0.00,0.0000,0.0046,0.0155,,,,,,,
59.5798,5,3,11.7317,71.3107,converged,81570.66,50255.70,-1.4125,0.00,0.0000,0.0101,0.0285,,,,,,,
42.6465,8,3,12.8098,55.4558,converged,81570.66,50255.70,-1.4125,0.00,0.0000,0.0009,0.0182,,,,,,,
50.1864,7,3,13.4936,63.6796,converged,81570.66,50255.70,-1.4125,0.00,0.0000,0.0056,0.0082,,,,,,,
21.6802,10,3,13.3681,35.0481,converged,81570.66,50255.70,-1.4125,0.00,0.0000,0.0049,0.0017,,,,,,,
25.2356,10,3,9.3802,34.6153,converged,81570.66,50255.70,-1.4126,0.00,0.0000,0.0049,0.0013,,,,,,,
40.2453,8,3,14.6000,54.8450,converged,81570.66,50255.70,-1.4126,0.00,0.0000,0.0060,0.0040,,,,,,,
50.9045,7,3,9.9206,60.8246,converged,81570.66,50255.70,-1.4125,0.00,0.0000,0.0088,0.0050,,,,,,,
57.2014,6,3,10.2023,67.4034,converged,81570.66,50255.70,-1.4125,0.00,0.0000,0.0056,0.0163,,,,,,,
54.4627,6,3,11.2029,65.6650,converged,81570.66,50255.70,-1.4126,0.00,0.0000,0.0044,0.0134,,,,,,,
42.7303,8,3,10.6668,53.3968,converged,81570.66,50255.70,-1.4126,0.00,0.0000,0.0107,0.0163,,,,,,,
59.2339,5,3,11.7143,70.9473,converged,81570.66,50255.70,-1.4125,0.00,0.0000,0.0131,0.0230,,,,,,,
29.7411,10,3,15.9764,45.7175,converged,81570.66,50255.70,-1.4125,0.00,0.0000,0.0056,0.0030,,,,,,,
39.8109,9,3,9.3654,49.1754,converged,81570.66,50255.70,-1.4125,0.00,0.0000,0.0058,0.0042,,,,,,,
46.3103,7,3,10.5869,56.8969,converged,81570.66,50255.70,-1.4125,0.00,0.0000,0.0077,0.0069,,,,,,,
48.6519,7,3,13.2724,61.9234,converged,81570.66,50255.70,-1.4125,0.00,0.0000,0.0058,0.0079,,,,,,,
59.1098,5,3,11.4479,70.5570,converged,81570.66,50255.70,-1.4125,0.00,0.0000,0.0081,0.0313,,,,,,,
32.4516,10,3,9.1372,41.5882,converged,81570.66,50255.70,-1.4125,0.00,0.0000,0.0050,0.0028,,,,,,,
30.9470,10,3,9.9251,40.8721,converged,81570.66,50255.70,-1.4125,0.00,0.0000,0.0052,0.0019,,,,,,,
55.1769,6,3,11.1839,66.3599,converged,81570.66,50255.70,-1.4125,0.00,0.0000,0.0085,0.0115,,,,,,,
41.5689,8,3,10.0292,51.5973,converged,81570.66,50255.70,-1.4125,0.00,0.0000,0.0065,0.0046,,,,,,,
51.6586,7,3,8.7634,60.4214,converged,81570.66,50255.70,-1.4125,0.00,0.0000,0.0065,0.0093,,,,,,,
25.5921,10,3,10.3891,35.9812,converged,81570.66,50255.70,-1.4125,0.00,0.0000,0.0062,0.0032,,,,,,,
49.5529,7,3,9.5940,59.1460,converged,81570.66,50255.70,-1.4125,0.00,0.0000,0.0066,0.0078,,,,,,,
27.1156,10,3,10.3735,37.4885,converged,81570.66,50255.70,-1.4125,0.00,0.0000,0.0041,0.0020,,,,,,,
57.4284,6,3,11.8604,69.2884,converged,81570.66,50255.70,-1.4125,0.00,0.0000,0.0086,0.0128,,,,,,,
24.0883,10,3,9.4963,33.5843,converged,81570.66,50255.70,-1.4125,0.00,0.0000,0.0053,0.0038,,,,,,,
43.2482,8,3,9.1428,52.3908,converged,81570.67,50255.70,-1.4125,0.00,0.0000,0.0070,0.0041,,,,,,,
45.8455,8,3,13.4401,59.2852,converged,81570.67,50255.70,-1.4125,0.00,0.0000,0.0053,0.0050,,,,,,,
34.7232,9,3,10.9162,45.6392,converged,81570.67,50255.70,-1.4125,0.00,0.0000,0.0060,0.0043,,,,,,,
30.5170,10,3,13.6704,44.1875,converged,81570.67,50255.70,-1.4125,0.00,0.0000,0.0043,0.0019,,,,,,,
32.1934,10,3,10.4522,42.6452,converged,81570.67,50255.70,-1.4125,0.00,0.0000,0.0066,0.0029,,,,,,,
29.2090,10,3,9.4732,38.6822,converged,81570.67,50255.70,-1.4125,0.00,0.0000,0.0054,0.0021,,,,,,,
45.6358,8,3,9.7343,55.3693,converged,81570.67,50255.70,-1.4125,0.00,0.0000,0.0053,0.0047,,,,,,,
31.9154,10,3,9.5275,41.4425,converged,81570.67,50255.70,-1.4125,0.00,0.0000,0.0052,0.0021,,,,,,,
47.6063,7,3,11.4839,59.0899,converged,81570.67,50255.70,-1.4125,0.00,0.0000,0.0057,0.0055,,,,,,,
51.1918,7,3,11.5034,62.6944,converged,81570.67,50255.70,-1.4125,0.00,0.0000,0.0065,0.0053,,,,,,,
48.9672,7,3,15.4551,64.4221,converged,81570.67,50255.70,-1.4125,0.00,0.0000,0.0047,0.0106,,,,,,,
58.0516,5,3,10.6743,68.7254,converged,81570.67,50255.70,-1.4125,0.00,0.0000,0.0105,0.0353,,,,,,,
56.4019,6,3,8.8504,65.2514,converged,81570.67,50255.70,-1.4125,0.00,0.0000,0.0055,0.0175,,,,,,,
44.5699,8,3,9.2056,53.7746,converged,81570.67,50255.70,-1.4125,0.00,0.0000,0.0062,0.0031,,,,,,,
46.0086,7,3,10.6066,56.6146,converged,81570.67,50255.70,-1.4125,0.00,0.0000,0.0047,0.0080,,,,,,,
33.3178,10,3,18.4250,51.7420,converged,81570.67,50255.70,-1.4125,0.00,0.0000,0.0055,0.0027,,,,,,,
46.8503,7,3,16.4315,63.2815,converged,81570.67,50255.70,-1.4125,0.00,0.0000,0.0064,0.0074,,,,,,,
40.6850,8,3,8.8241,49.5082,converged,81570.67,50255.70,-1.4125,0.00,0.0000,0.0070,0.0033,,,,,,,
43.6354,8,3,9.9453,53.6446,converged,81570.67,50255.70,-1.4125,0.00,0.0000,0.0071,0.0049,,,,,,,
21.0042,10,3,10.4823,31.4863,converged,81570.67,50255.70,-1.4125,0.00,0.0000,0.0056,0.0034,,,,,,,
57.5527,6,3,12.4394,69.9914,converged,81570.67,50255.70,-1.4125,0.00,0.0000,0.0057,0.0191,,,,,,,
54.6675,6,3,9.1191,63.7861,converged,81570.67,50255.70,-1.4125,0.00,0.0000,0.0129,0.0094,,,,,,,
40.0906,8,3,11.1874,51.2774,converged,81570.67,50255.70,-1.4125,0.00,0.0000,0.0064,0.0066,,,,,,,
31.2106,10,3,9.9869,41.1970,converged,81570.67,50255.70,-1.4125,0.00,0.0000,0.0057,0.0034,,,,,,,
45.4704,8,3,11.3534,56.8234,converged,81570.67,50255.70,-1.4125,0.00,0.0000,0.0061,0.0028,,,,,,,
49.5905,7,3,9.6476,59.2376,converged,81570.67,50255.70,-1.4125,0.00,0.0000,0.0074,0.0084,,,,,,,
28.0134,10,3,9.3064,37.3194,converged,81570.67,50255.70,-1.4125,0.00,0.0000,0.0056,0.0032,,,,,,,
56.9548,6,3,8.5693,65.5233,converged,81570.67,50255.70,-1.4125,0.00,0.0000,0.0102,0.0140,,,,,,,
27.3573,10,3,12.1531,39.5102,converged,81570.67,50255.70,-1.4125,0.00,0.0000,0.0077,0.0089,,,,,,,
25.4609,10,3,8.6381,34.0981,converged,81570.67,50255.70,-1.4125,0.00,0.0000,0.0057,0.0042,,,,,,,
32.0581,10,3,10.8691,42.9271,converged,81570.67,50255.70,-1.4125,0.00,0.0000,0.0066,0.0048,,,,,,,
37.7586,9,3,10.0471,47.8051,converged,81570.67,50255.70,-1.4125,0.00,0.0000,0.0038,0.0035,,,,,,,
21.3014,10,3,9.9141,31.2151,converged,81570.67,50255.70,-1.4125,0.00,0.0000,0.0060,0.0036,,,,,,,
27.9103,10,3,10.5143,38.4244,converged,81570.67,50255.70,-1.4125,0.00,0.0000,0.0044,0.0012,,,,,,,
54.5366,6,3,10.5146,65.0506,converged,81570.67,50255.70,-1.4125,0.00,0.0000,0.0110,0.0095,,,,,,,
46.1235,7,3,10.6947,56.8177,converged,81570.67,50255.70,-1.4125,0.00,0.0000,0.0064,0.0085,,,,,,,
57.3426,6,3,10.7745,68.1165,converged,81570.67,50255.70,-1.4125,0.00,0.0000,0.0079,0.0148,,,,,,,
26.4448,10,3,8.9878,35.4318,converged,81570.67,50255.70,-1.4125,0.00,0.0000,0.0045,0.0014,,,,,,,
21.8039,10,3,9.0981,30.9012,converged,81570.67,50255.70,-1.4125,0.00,0.0000,0.0047,0.0022,,,,,,,
52.0128,6,3,10.8190,62.8310,converged,81570.67,50255.70,-1.4125,0.00,0.0000,0.0103,0.0122,,,,,,,
27.1664,10,3,16.6427,43.8087,converged,81570.67,50255.70,-1.4125,0.00,0.0000,0.0046,0.0021,,,,,,,
31.6345,10,3,11.3949,43.0289,converged,81570.67,50255.70,-1.4125,0.00,0.0000,0.0059,0.0037,,,,,,,
31.7804,10,3,10.6949,42.4749,converged,81570.67,50255.70,-1.4126,0.00,0.0000,0.0050,0.0023,,,,,,,
30.7004,10,3,9.4091,40.1091,converged,81570.67,50255.70,-1.4126,0.00,0.0000,0.0041,0.0024,,,,,,,
37.0958,9,3,9.8073,46.9023,converged,81570.67,50255.70,-1.4126,0.00,0.0000,0.0051,0.0034,,,,,,,
43.7856,8,3,14.5690,58.3541,converged,81570.67,50255.70,-1.4126,0.00,0.0000,0.0036,0.0039,,,,,,,
49.6877,7,3,10.6588,60.3459,converged,81570.67,50255.70,-1.4126,0.00,0.0000,0.0092,0.0071,,,,,,,
47.1864,7,3,13.4482,60.6342,converged,81570.67,50255.70,-1.4126,0.00,0.0000,0.0060,0.0058,,,,,,,
23.4433,10,3,20.0013,43.4443,converged,81570.67,50255.70,-1.4126,0.00,0.0000,0.0084,0.0108,,,,,,,
36.2416,9,3,10.8772,47.1182,converged,81570.67,50255.70,-1.4126,0.00,0.0000,0.0056,0.0023,,,,,,,
29.1392,10,3,12.2233,41.3624,converged,81570.67,50255.70,-1.4125,0.00,0.0000,0.0074,0.0071,,,,,,,
35.0585,9,3,13.0413,48.0993,converged,81570.67,50255.70,-1.4125,0.00,0.0000,0.0050,0.0028,,,,,,,
24.8079,10,3,9.5536,34.3606,converged,81570.67,50255.70,-1.4125,0.00,0.0000,0.0058,0.0016,,,,,,,
32.6085,10,3,9.1209,41.7289,converged,81570.67,50255.70,-1.4125,0.00,0.0000,0.0053,0.0028,,,,,,,
58.1087,5,3,15.6728,73.7808,converged,81570.67,50255.70,-1.4125,0.00,0.0000,0.0130,0.0290,,,,,,,
58.6519,5,3,8.8056,67.4566,converged,81570.67,50255.70,-1.4125,0.00,0.0000,0.0094,0.0241,,,,,,,
29.0782,10,3,14.6825,43.7605,converged,81570.67,50255.70,-1.4125,0.00,0.0000,0.0089,0.0099,,,,,,,
57.7520,6,3,11.0236,68.7756,converged,81570.67,50255.70,-1.4125,0.00,0.0000,0.0105,0.0127,,,,,,,
56.1040,6,3,15.1229,71.2259,converged,81570.67,50255.70,-1.4125,0.00,0.0000,0.0066,0.0136,,,,,,,
21.9113,10,3,8.8867,30.7978,converged,81570.67,50255.70,-1.4125,0.00,0.0000,0.0032,0.0015,,,,,,,
50.4496,7,3,11.8844,62.3335,converged,81570.67,50255.70,-1.4125,0.00,0.0000,0.0056,0.0075,,,,,,,
21.9188,10,3,9.7845,31.7026,converged,81570.67,50255.70,-1.4125,0.00,0.0000,0.0050,0.0018,,,,,,,
22.5528,10,3,10.6203,33.1724,converged,81570.67,50255.70,-1.4125,0.00,0.0000,0.0056,0.0049,,,,,,,
31.9688,10,3,11.5703,43.5383,converged,81570.67,50255.70,-1.4125,0.00,0.0000,0.0058,0.0029,,,,,,,
43.1960,8,3,10.1525,53.3485,converged,81570.67,50255.70,-1.4125,0.00,0.0000,0.0060,0.0040,,,,,,,
52.0235,6,3,9.3560,61.3790,converged,81570.67,50255.70,-1.4125,0.00,0.0000,0.0115,0.0112,,,,,,,
31.1410,10,3,9.9292,41.0692,converged,81570.67,50255.70,-1.4125,0.00,0.0000,0.0049,0.0015,,,,,,,
23.5578,10,3,9.8884,33.4454,converged,81570.67,50255.70,-1.4125,0.00,0.0000,0.0050,0.0026,,,,,,,
32.8437,10,3,10.2829,43.1259,converged,81570.67,50255.70,-1.4125,0.00,0.0000,0.0053,0.0019,,,,,,,
53.1844,6,3,8.6289,61.8143,converged,81570.67,50255.70,-1.4125,0.00,0.0000,0.0096,0.0122,,,,,,,
33.9918,10,3,11.4096,45.4006,converged,81570.67,50255.70,-1.4125,0.00,0.0000,0.0041,0.0019,,,,,,,
50.2167,7,3,10.1443,60.3604,converged,81570.67,50255.70,-1.4125,0.00,0.0000,0.0090,0.0058,,,,,,,
28.6965,10,3,12.3695,41.0655,converged,81570.67,50255.70,-1.4125,0.00,0.0000,0.0047,0.0016,,,,,,,
48.0170,7,3,9.3096,57.3267,converged,81570.67,50255.70,-1.4125,0.00,0.0000,0.0057,0.0066,,,,,,,
30.7330,10,3,11.4903,42.2223,converged,81570.67,50255.70,-1.4125,0.00,0.0000,0.0062,0.0037,,,,,,,
23.1906,10,3,11.2106,34.4006,converged,81570.67,50255.70,-1.4125,0.00,0.0000,0.0057,0.0034,,,,,,,
54.5753,6,3,10.5281,65.1032,converged,81570.67,50255.70,-1.4125,0.00,0.0000,0.0065,0.0116,,,,,,,
59.3517,5,3,10.1760,69.5270,converged,81570.67,50255.70,-1.4125,0.00,0.0000,0.0068,0.0451,,,,,,,
28.1341,10,3,10.6430,38.7770,converged,81570.67,50255.70,-1.4125,0.00,0.0000,0.0058,0.0028,,,,,,,
33.5568,10,3,9.6530,43.2090,converged,81570.67,50255.70,-1.4125,0.00,0.0000,0.0051,0.0028,,,,,,,
25.8718,10,3,9.2180,35.0890,converged,81570.67,50255.70,-1.4125,0.00,0.0000,0.0056,0.0032,,,,,,,
40.9076,8,3,16.2242,57.1312,converged,81570.67,50255.70,-1.4125,0.00,0.0000,0.0060,0.0059,,,,,,,
55.9922,6,3,9.9429,65.9349,converged,81570.67,50255.70,-1.4125,0.00,0.0000,0.0077,0.0128,,,,,,,
49.4655,7,3,9.2350,58.7001,converged,81570.67,50255.70,-1.4125,0.00,0.0000,0.0071,0.0074,,,,,,,
25.4522,10,3,10.5382,35.9903,converged,81570.67,50255.70,-1.4125,0.00,0.0000,0.0057,0.0029,,,,,,,
53.2249,6,3,10.3757,63.5997,converged,81570.67,50255.70,-1.4125,0.00,0.0000,0.0076,0.0134,,,,,,,
59.7324,5,3,14.7876,74.5196,converged,81570.67,50255.70,-1.4125,0.00,0.0000,0.0058,0.0367,,,,,,,
39.9444,9,3,11.4974,51.4415,converged,81570.67,50255.70,-1.4125,0.00,0.0000,0.0070,0.0056,,,,,,,
48.8460,7,3,9.3047,58.1497,converged,81570.67,50255.70,-1.4125,0.00,0.0000,0.0065,0.0088,,,,,,,
38.4832,9,3,10.3271,48.8101,converged,81570.67,50255.70,-1.4125,0.00,0.0000,0.0060,0.0019,,,,,,,
25.3246,10,3,11.1000,36.4241,converged,81570.67,50255.70,-1.4126,0.00,0.0000,0.0051,0.0018,,,,,,,
55.5700,6,3,11.2690,66.8380,converged,81570.67,50255.70,-1.4126,0.00,0.0000,0.0062,0.0191,,,,,,,
40.0439,8,3,9.9398,49.9828,converged,81570.67,50255.70,-1.4125,0.00,0.0000,0.0073,0.0054,,,,,,,
32.6609,10,3,10.9825,43.6425,converged,81570.67,50255.70,-1.4125,0.00,0.0000,0.0058,0.0034,,,,,,,
38.2199,9,3,13.7619,51.9809,converged,81570.67,50255.70,-1.4125,0.00,0.0000,0.0067,0.0030,,,,,,,
45.7415,8,3,9.7503,55.4973,converged,81570.67,50255.70,-1.4125,0.00,0.0000,0.0067,0.0046,,,,,,,
22.7739,10,3,12.0636,34.8366,converged,81570.67,50255.70,-1.4125,0.00,0.0000,0.0059,0.0033,,,,,,,
36.7539,9,3,10.4189,47.1719,converged,81570.67,50255.70,-1.4125,0.00,0.0000,0.0070,0.0044,,,,,,,
24.0444,10,3,9.7315,33.7756,converged,81570.67,50255.70,-1.4125,0.00,0.0000,0.0043,0.0015,,,,,,,
40.8438,8,3,9.7407,50.5837,converged,81570.67,50255.70,-1.4125,0.00,0.0000,0.0062,0.0050,,,,,,,
37.3725,9,3,14.1451,51.5171,converged,81570.67,50255.70,-1.4125,0.00,0.0000,0.0058,0.0026,,,,,,,
57.1453,6,3,16.2888,73.4339,converged,81570.67,50255.70,-1.4125,0.00,0.0000,0.0068,0.0224,,,,,,,
32.7129,10,3,9.9026,42.6146,converged,81570.67,50255.70,-1.4125,0.00,0.0000,0.0038,0.0020,,,,,,,
39.2572,9,3,9.9183,49.1753,converged,81570.67,50255.70,-1.4125,0.00,0.0000,0.0055,0.0018,,,,,,,
56.8531,6,3,10.1435,66.9966,converged,81570.67,50255.70,-1.4125,0.00,0.0000,0.0061,0.0142,,,,,,,
47.5261,7,3,10.5689,58.0950,converged,81570.67,50255.70,-1.4125,0.00,0.0000,0.0087,0.0068,,,,,,,
44.4196,8,3,8.4270,52.8460,converged,81570.67,50255.70,-1.4125,0.00,0.0000,0.0071,0.0042,,,,,,,
44.2633,8,3,9.9335,54.1965,converged,81570.67,50255.70,-1.4125,0.00,0.0000,0.0064,0.0034,,,,,,,
31.8832,10,3,9.3355,41.2186,converged,81570.67,50255.70,-1.4125,0.00,0.0000,0.0046,0.0015,,,,,,,
35.4931,9,3,9.9423,45.4353,converged,81570.67,50255.70,-1.4125,0.00,0.0000,0.0053,0.0029,,,,,,,
29.8542,10,3,9.4771,39.3311,converged,81570.67,50255.70,-1.4125,0.00,0.0000,0.0048,0.0016,,,,,,,
29.0020,10,3,9.7161,38.7182,converged,81570.67,50255.70,-1.4125,0.00,0.0000,0.0039,0.0014,,,,,,,
36.8588,9,3,9.6593,46.5173,converged,81570.67,50255.70,-1.4125,0.00,0.0000,0.0058,0.0020,,,,,,,
44.2985,8,3,16.0093,60.3074,converged,81570.67,50255.70,-1.4125,0.00,0.0000,0.0040,0.0067,,,,,,,
59.2741,5,3,11.4938,70.7679,converged,81570.67,50255.70,-1.4125,0.00,0.0000,0.0083,0.0309,,,,,,,
54.9869,6,3,10.1551,65.1411,converged,81570.67,50255.70,-1.4125,0.00,0.0000,0.0082,0.0137,,,,,,,
46.5311,7,3,10.2671,56.7981,converged,81570.67,50255.70,-1.4124,0.00,0.0000,0.0073,0.0067,,,,,,,
29.1064,10,3,12.3701,41.4761,converged,81570.67,50255.70,-1.4124,0.00,0.0000,0.0054,0.0022,,,,,,,
41.5463,8,3,9.6806,51.2267,converged,81570.67,50255.70,-1.4124,0.00,0.0000,0.0074,0.0035,,,,,,,
51.5530,7,3,9.4710,61.0231,converged,81570.67,50255.70,-1.4124,0.00,0.0000,0.0078,0.0034,,,,,,,
58.6895,5,3,11.8008,70.4898,converged,81570.67,50255.70,-1.4124,0.00,0.0000,0.0074,0.0329,,,,,,,
37.0010,9,3,12.7670,49.7671,converged,81570.67,50255.70,-1.4124,0.00,0.0000,0.0046,0.0026,,,,,,,
26.3583,10,3,17.5209,43.8789,converged,81570.67,50255.70,-1.4124,0.00,0.0000,0.0077,0.0061,,,,,,,
21.1991,10,3,10.5348,31.7338,converged,81570.67,50255.70,-1.4124,0.00,0.0000,0.0070,0.0051,,,,,,,
39.7910,9,3,10.2357,50.0268,converged,81570.67,50255.70,-1.4124,0.00,0.0000,0.0052,0.0021,,,,,,,
31.8002,10,3,13.5385,45.3385,converged,81570.67,50255.70,-1.4124,0.00,0.0000,0.0054,0.0026,,,,,,,
27.1454,10,3,11.8395,38.9845,converged,81570.67,50255.70,-1.4125,0.00,0.0000,0.0058,0.0017,,,,,,,
55.1666,6,3,9.8752,65.0412,converged,81570.67,50255.70,-1.4125,0.00,0.0000,0.0102,0.0176,,,,,,,
57.2144,6,3,12.1334,69.3475,converged,81570.67,50255.70,-1.4125,0.00,0.0000,0.0119,0.0101,,,,,,,
47.2199,7,3,10.2903,57.5094,converged,81570.67,50255.70,-1.4125,0.00,0.0000,0.0054,0.0083,,,,,,,
30.1957,10,3,17.2158,47.4108,converged,81570.67,50255.70,-1.4125,0.00,0.0000,0.0052,0.0025,,,,,,,
32.7434,10,3,9.7615,42.5045,converged,81570.67,50255.70,-1.4125,0.00,0.0000,0.0050,0.0016,,,,,,,
52.7571,6,3,15.8201,68.5771,converged,81570.67,50255.70,-1.4125,0.00,0.0000,0.0083,0.0155,,,,,,,
30.8015,10,3,11.3575,42.1585,converged,81570.67,50255.70,-1.4125,0.00,0.0000,0.0056,0.0053,,,,,,,
22.7391,10,3,10.4877,33.2268,converged,81570.67,50255.70,-1.4125,0.00,0.0000,0.0047,0.0017,,,,,,,
41.0135,8,3,9.7007,50.7137,converged,81570.67,50255.70,-1.4125,0.00,0.0000,0.0072,0.0037,,,,,,,
43.2544,8,3,14.8628,58.1168,converged,81570.67,50255.70,-1.4125,0.00,0.0000,0.0075,0.0045,,,,,,,
41.5492,8,3,10.7781,52.3271,converged,81570.67,50255.70,-1.4125,0.00,0.0000,0.0058,0.0045,,,,,,,
29.2598,10,3,13.9082,43.1672,converged,81570.67,50255.70,-1.4125,0.00,0.0000,0.0033,0.0024,,,,,,,
55.9665,6,3,17.9045,73.8705,converged,81570.67,50255.70,-1.4125,0.00,0.0000,0.0090,0.0159,,,,,,,
39.4367,9,3,11.6866,51.1226,converged,81570.67,50255.70,-1.4125,0.00,0.0000,0.0065,0.0038,,,,,,,
51.5867,7,3,11.8467,63.4328,converged,81570.67,50255.70,-1.4125,0.00,0.0000,0.0070,0.0083,,,,,,,
46.1134,7,3,10.9346,57.0476,converged,81570.67,50255.70,-1.4125,0.00,0.0000,0.0084,0.0079,,,,,,,
37.8522,9,3,9.0069,46.8589,converged,81570.67,50255.70,-1.4125,0.00,0.0000,0.0044,0.0026,,,,,,,
48.5976,7,3,10.3761,58.9732,converged,81570.67,50255.70,-1.4125,0.00,0.0000,0.0071,0.0067,,,,,,,
52.7946,6,3,9.9126,62.7067,converged,81570.67,50255.70,-1.4125,0.00,0.0000,0.0068,0.0103,,,,,,,
25.9762,10,3,11.3014,37.2774,converged,81570.67,50255.70,-1.4125,0.00,0.0000,0.0044,0.0022,,,,,,,
48.3149,7,3,15.2540,63.5680,converged,81570.67,50255.70,-1.4125,0.00,0.0000,0.0074,0.0085,,,,,,,
21.6204,10,3,13.7662,35.3862,converged,81570.67,50255.70,-1.4125,0.00,0.0000,0.0052,0.0031,,,,,,,
40.2231,8,3,14.0417,54.2648,converged,81570.67,50255.70,-1.4125,0.00,0.0000,0.0061,0.0040,,,,,,,
47.1656,7,3,10.4357,57.6008,converged,81570.67,50255.70,-1.4125,0.00,0.0000,0.0118,0.0197,,,,,,,
23.2829,10,3,9.3146,32.5966,converged,81570.67,50255.70,-1.4125,0.00,0.0000,0.0050,0.0017,,,,,,,
59.9705,5,3,9.5334,69.5034,converged,81570.67,50255.70,-1.4125,0.00,0.0000,0.0066,0.0440,,,,,,,
20.2962,10,3,11.3574,31.6534,converged,81570.67,50255.70,-1.4125,0.00,0.0000,0.0060,0.0034,,,,,,,
55.9763,6,3,12.4297,68.4058,converged,81570.67,50255.70,-1.4125,0.00,0.0000,0.0080,0.0144,,,,,,,
57.2849,6,3,13.7095,70.9935,converged,81570.67,50255.70,-1.4125,0.00,0.0000,0.0071,0.0200,,,,,,,
37.0554,9,3,21.3926,58.4477,converged,81570.67,50255.70,-1.4125,0.00,0.0000,0.0051,0.0027,,,,,,,
43.2586,8,3,17.3987,60.6567,converged,81570.67,50255.70,-1.4125,0.00,0.0000,0.0078,0.0068,,,,,,,
29.7098,10,3,9.8055,39.5146,converged,81570.67,50255.70,-1.4125,0.00,0.0000,0.0041,0.0013,,,,,,,
41.9396,8,3,9.8199,51.7590,converged,81570.67,50255.70,-1.4125,0.00,0.0000,0.0067,0.0047,,,,,,,
21.8509,10,3,9.9728,31.8229,converged,81570.67,50255.70,-1.4125,0.00,0.0000,0.0045,0.0024,,,,,,,
41.9901,8,3,11.2684,53.2585,converged,81570.67,50255.70,-1.4125,0.00,0.0000,0.0065,0.0037,,,,,,,
43.2876,8,3,13.4402,56.7273,converged,81570.67,50255.70,-1.4125,0.00,0.0000,0.0058,0.0045,,,,,,,
27.4183,10,3,17.8288,45.2468,converged,81570.67,50255.70,-1.4125,0.00,0.0000,0.0059,0.0028,,,,,,,
56.2402,6,3,12.5673,68.8074,converged,81570.67,50255.70,-1.4125,0.00,0.0000,0.0091,0.0089,,,,,,,
39.7358,9,3,11.1847,50.9197,converged,81570.67,50255.70,-1.4125,0.00,0.0000,0.0054,0.0022,,,,,,,
53.0167,6,3,9.9555,62.9715,converged,81570.67,50255.70,-1.4125,0.00,0.0000,0.0063,0.0137,,,,,,,
54.2512,6,3,11.8093,66.0603,converged,81570.67,50255.70,-1.4125,0.00,0.0000,0.0066,0.0165,,,,,,,
31.2477,10,3,9.3077,40.5547,converged,81570.67,50255.70,-1.4125,0.00,0.0000,0.0064,0.0034,,,,,,,
29.7488,10,3,8.8729,38.6209,converged,81570.67,50255.70,-1.4125,0.00,0.0000,0.0045,0.0020,,,,,,,
35.4213,9,3,10.9275,46.3486,converged,81570.67,50255.70,-1.4125,0.00,0.0000,0.0049,0.0029,,,,,,,
31.4627,10,3,15.8939,47.3559,converged,81570.67,50255.70,-1.4125,0.00,0.0000,0.0060,0.0038,,,,,,,
39.4130,9,3,10.7460,50.1580,converged,81570.67,50255.70,-1.4125,0.00,0.0000,0.0063,0.0021,,,,,,,
54.5212,6,3,9.4093,63.9303,converged,81570.67,50255.70,-1.4125,0.00,0.0000,0.0083,0.0141,,,,,,,
32.5390,10,3,11.1184,43.6574,converged,81570.67,50255.70,-1.4125,0.00,0.0000,0.0070,0.0055,,,,,,,
38.4330,9,3,15.3885,53.8216,converged,81570.67,50255.70,-1.4125,0.00,0.0000,0.0045,0.0026,,,,,,,
41.6448,8,3,11.2855,52.9295,converged,81570.67,50255.70,-1.4125,0.00,0.0000,0.0065,0.0042,,,,,,,
39.1754,9,3,11.1173,50.2923,converged,81570.67,50255.70,-1.4125,0.00,0.0000,0.0062,0.0029,,,,,,,
23.4245,10,3,13.5501,36.9742,converged,81570.67,50255.70,-1.4125,0.00,0.0000,0.0050,0.0024,,,,,,,
46.0135,7,3,8.8906,54.9037,converged,81570.67,50255.70,-1.4125,0.00,0.0000,0.0097,0.0063,,,,,,,
36.7113,9,3,8.9044,45.6154,converged,81570.67,50255.70,-1.4125,0.00,0.0000,0.0059,0.0025,,,,,,,
49.7208,7,3,10.5319,60.2520,converged,81570.67,50255.70,-1.4125,0.00,0.0000,0.0069,0.0078,,,,,,,
58.7038,5,3,12.4111,71.1142,converged,81570.67,50255.70,-1.4125,0.00,0.0000,0.0046,0.0362,,,,,,,
33.1107,10,3,8.7868,41.8968,converged,81570.67,50255.70,-1.4125,0.00,0.0000,0.0049,0.0018,,,,,,,
42.6330,8,3,13.0831,55.7161,converged,81570.67,50255.70,-1.4125,0.00,0.0000,0.0058,0.0033,,,,,,,
46.2046,7,3,9.0491,55.2531,converged,81570.67,50255.70,-1.4125,0.00,0.0000,0.0044,0.0089,,,,,,,
35.6595,9,3,10.4822,46.1412,converged,81570.67,50255.70,-1.4125,0.00,0.0000,0.0065,0.0034,,,,,,,
56.3196,6,3,12.7478,69.0668,converged,81570.67,50255.70,-1.4125,0.00,0.0000,0.0054,0.0164,,,,,,,
32.1277,10,3,12.4486,44.5756,converged,81570.67,50255.70,-1.4125,0.00,0.0000,0.0081,0.0080,,,,,,,
49.1877,7,3,9.8534,59.0405,converged,81570.67,50255.70,-1.4125,0.00,0.0000,0.0050,0.0085,,,,,,,
31.3563,10,3,13.3308,44.6868,converged,81570.67,50255.70,-1.4125,0.00,0.0000,0.0048,0.0017,,,,,,,
52.0112,6,3,9.9833,61.9944,converged,81570.67,50255.70,-1.4125,0.00,0.0000,0.0066,0.0156,,,,,,,
40.6199,8,3,9.8421,50.4612,converged,81570.67,50255.70,-1.4125,0.00,0.0000,0.0045,0.0061,,,,,,,
23.2851,10,3,9.8139,33.0989,converged,81570.67,50255.70,-1.4125,0.00,0.0000,0.0051,0.0026,,,,,,,
20.8893,10,3,9.1052,29.9942,converged,81570.67,50255.70,-1.4125,0.00,0.0000,0.0044,0.0018,,,,,,,
47.2064,7,3,17.3055,64.5116,converged,81570.67,50255.70,-1.4125,0.00,0.0000,0.0074,0.0071,,,,,,,
51.2182,7,3,12.2852,63.5032,converged,81570.67,50255.70,-1.4125,0.00,0.0000,0.0058,0.0064,,,,,,,
34.0922,9,3,9.4674,43.5594,converged,81570.67,50255.70,-1.4125,0.00,0.0000,0.0040,0.0051,,,,,,,
41.7387,8,3,9.1365,50.8745,converged,81570.67,50255.70,-1.4125,0.00,0.0000,0.0061,0.0041,,,,,,,
53.2303,6,3,14.7085,67.9385,converged,81570.67,50255.70,-1.4125,0.00,0.0000,0.0054,0.0148,,,,,,,
48.4339,7,3,9.4783,57.9113,converged,81570.67,50255.70,-1.4125,0.00,0.0000,0.0084,0.0069,,,,,,,
27.7084,10,3,8.1515,35.8595,converged,81570.67,50255.70,-1.4125,0.00,0.0000,0.0058,0.0025,,,,,,,
52.6108,6,3,9.5724,62.1824,converged,81570.67,50255.70,-1.4125,0.00,0.0000,0.0058,0.0176,,,,,,,
46.0699,7,3,12.7363,58.8053,converged,81570.67,50255.70,-1.4125,0.00,0.0000,0.0051,0.0095,,,,,,,
35.2884,9,3,18.5048,53.7928,converged,81570.67,50255.70,-1.4125,0.00,0.0000,0.0051,0.0030,,,,,,,
28.5661,10,3,16.0184,44.5844,converged,81570.67,50255.70,-1.4125,0.00,0.0000,0.0052,0.0020,,,,,,,
24.3767,10,3,9.2092,33.5853,converged,81570.67,50255.70,-1.4125,0.00,0.0000,0.0045,0.0015,,,,,,,
22.5168,10,3,9.0311,31.5472,converged,81570.67,50255.70,-1.4125,0.00,0.0000,0.0036,0.0017,,,,,,,
30.7626,10,3,14.8517,45.6137,converged,81570.67,50255.70,-1.4125,0.00,0.0000,0.0050,0.0039,,,,,,,
40.8454,8,3,8.6182,49.4632,converged,81570.67,50255.70,-1.4125,0.00,0.0000,0.0059,0.0040,,,,,,,
44.7927,8,3,9.4845,54.2765,converged,81570.67,50255.70,-1.4125,0.00,0.0000,0.0048,0.0044,,,,,,,
25.0352,10,3,9.4296,34.4646,converged,81570.67,50255.70,-1.4125,0.00,0.0000,0.0062,0.0036,,,,,,,
48.7536,7,3,12.7051,61.4581,converged,81570.67,50255.70,-1.4125,0.00,0.0000,0.0051,0.0088,,,,,,,
26.2822,10,3,13.0711,39.3532,converged,81570.67,50255.70,-1.4125,0.00,0.0000,0.0069,0.0061,,,,,,,
45.6004,8,3,8.9070,54.5071,converged,81570.67,50255.70,-1.4125,0.00,0.0000,0.0057,0.0040,,,,,,,
58.4642,5,3,11.5216,69.9856,converged,81570.67,50255.70,-1.4125,0.00,0.0000,0.0071,0.0340,,,,,,,
49.0713,7,3,11.3447,60.4157,converged,81570.67,50255.70,-1.4125,0.00,0.0000,0.0067,0.0083,,,,,,,
32.8099,10,3,10.2471,43.0561,converged,81570.67,50255.70,-1.4125,0.00,0.0000,0.0061,0.0021,,,,,,,
53.3933,6,3,8.7408,62.1339,converged,81570.67,50255.70,-1.4125,0.00,0.0000,0.0065,0.0140,,,,,,,
31.5962,10,3,17.6403,49.2364,converged,81570.68,50255.70,-1.4125,0.00,0.0000,0.0056,0.0028,,,,,,,
29.5760,10,3,9.3203,38.8953,converged,81570.68,50255.70,-1.4125,0.00,0.0000,0.0053,0.0027,,,,,,,
56.7648,6,3,16.6361,73.4002,converged,81570.68,50255.70,-1.4125,0.00,0.0000,0.0072,0.0136,,,,,,,
48.1327,7,3,10.0123,58.1443,converged,81570.68,50255.70,-1.4125,0.00,0.0000,0.0073,0.0092,,,,,,,
51.6505,7,3,9.5635,61.2136,converged,81570.68,50255.70,-1.4125,0.00,0.0000,0.0079,0.0068,,,,,,,
46.9149,7,3,10.7927,57.7067,converged,81570.68,50255.70,-1.4125,0.00,0.0000,0.0056,0.0043,,,,,,,
47.3639,7,3,9.7423,57.1053,converged,81570.68,50255.70,-1.4125,0.00,0.0000,0.0058,0.0079,,,,,,,
22.1256,10,3,14.6293,36.7543,converged,81570.68,50255.70,-1.4125,0.00,0.0000,0.0055,0.0035,,,,,,,
24.0495,10,3,13.8892,37.9382,converged,81570.68,50255.70,-1.4125,0.00,0.0000,0.0051,0.0018,,,,,,,
21.9504,10,3,15.5644,37.5145,converged,81570.68,50255.70,-1.4125,0.00,0.0000,0.0041,0.0015,,,,,,,
35.6471,9,3,9.8836,45.5306,converged,81570.68,50255.70,-1.4125,0.00,0.0000,0.0071,0.0042,,,,,,,
33.8716,10,3,13.4082,47.2793,converged,81570.68,50255.70,-1.4125,0.00,0.0000,0.0042,0.0021,,,,,,,
59.0096,5,3,10.1686,69.1776,converged,81570.68,50255.70,-1.4125,0.00,0.0000,0.0108,0.0320,,,,,,,
22.3701,10,3,13.2707,35.6408,converged,81570.68,50255.70,-1.4125,0.00,0.0000,0.0088,0.0121,,,,,,,
47.6059,7,3,9.7629,57.3679,converged,81570.68,50255.70,-1.4125,0.00,0.0000,0.0069,0.0095,,,,,,,
50.3673,7,3,10.1046,60.4716,converged,81570.68,50255.70,-1.4125,0.00,0.0000,0.0058,0.0129,,,,,,,
33.8207,10,3,11.6730,45.4930,converged,81570.68,50255.70,-1.4125,0.00,0.0000,0.0062,0.0022,,,,,,,
24.0285,10,3,12.8135,36.8416,converged,81570.68,50255.70,-1.4125,0.00,0.0000,0.0053,0.0014,,,,,,,
21.8407,10,3,9.4496,31.2896,converged,81570.68,50255.70,-1.4125,0.00,0.0000,0.0059,0.0044,,,,,,,
33.4741,10,3,11.4196,44.8937,converged,81570.68,50255.70,-1.4125,0.00,0.0000,0.0044,0.0014,,,,,,,
25.4097,10,3,11.6036,37.0127,converged,81570.68,50255.70,-1.4125,0.00,0.0000,0.0055,0.0029,,,,,,,
57.3032,6,3,10.0999,67.4029,converged,81570.68,50255.70,-1.4125,0.00,0.0000,0.0115,0.0130,,,,,,,
24.3406,10,3,9.8494,34.1895,converged,81570.68,50255.70,-1.4125,0.00,0.0000,0.0053,0.0106,,,,,,,
52.4720,6,3,11.8429,64.3149,converged,81570.68,50255.70,-1.4125,0.00,0.0000,0.0084,0.0153,,,,,,,
24.5107,10,3,10.8000,35.3100,converged,81570.68,50255.70,-1.4125,0.00,0.0000,0.0050,0.0023,,,,,,,
20.8428,10,3,11.0096,31.8517,converged,81570.68,50255.70,-1.4125,0.00,0.0000,0.0058,0.0029,,,,,,,
45.3338,8,3,10.3173,55.6504,converged,81570.68,50255.70,-1.4125,0.00,0.0000,0.0058,0.0033,,,,,,,
36.9811,9,3,14.6446,51.6257,converged,81570.68,50255.70,-1.4125,0.00,0.0000,0.0063,0.0028,,,,,,,
46.7427,7,3,9.9522,56.6943,converged,81570.68,50255.70,-1.4125,0.00,0.0000,0.0061,0.0066,,,,,,,
40.2901,8,3,9.5254,49.8154,converged,81570.68,50255.70,-1.4125,0.00,0.0000,0.0077,0.0035,,,,,,,
34.8727,9,3,11.3203,46.1924,converged,81570.68,50255.70,-1.4125,0.00,0.0000,0.0059,0.0021,,,,,,,
20.4992,10,3,13.0250,33.5241,converged,81570.68,50255.70,-1.4125,0.00,0.0000,0.0075,0.0054,,,,,,,
24.9847,10,3,9.0817,34.0657,converged,81570.68,50255.70,-1.4124,0.00,0.0000,0.0043,0.0015,,,,,,,
20.9240,10,3,14.4116,35.3346,converged,81570.68,50255.70,-1.4124,0.00,0.0000,0.0064,0.0029,,,,,,,
50.2460,7,3,10.4588,60.7038,converged,81570.68,50255.70,-1.4124,0.00,0.0000,0.0070,0.0089,,,,,,,
55.3708,6,3,14.0988,69.4689,converged,81570.68,50255.70,-1.4124,0.00,0.0000,0.0060,0.0164,,,,,,,
48.7827,7,3,14.4955,63.2776,converged,81570.68,50255.70,-1.4125,0.00,0.0000,0.0059,0.0106,,,,,,,
33.0511,10,3,13.6617,46.7128,converged,81570.68,50255.70,-1.4125,0.00,0.0000,0.0066,0.0033,,,,,,,
44.7817,8,3,10.1046,54.8857,converged,81570.68,50255.70,-1.4125,0.00,0.0000,0.0060,0.0051,,,,,,,
35.3570,9,3,10.9851,46.3412,converged,81570.68,50255.70,-1.4125,0.00,0.0000,0.0064,0.0026,,,,,,,
44.3430,8,3,8.9444,53.2864,converged,81570.68,50255.70,-1.4125,0.00,0.0000,0.0053,0.0037,,,,,,,
39.1978,9,3,11.1012,50.2982,converged,81570.68,50255.70,-1.4125,0.00,0.0000,0.0057,0.0035,,,,,,,
38.4368,9,3,12.5723,51.0083,converged,81570.68,50255.70,-1.4125,0.00,0.0000,0.0053,0.0016,,,,,,,
42.7518,8,3,9.9378,52.6888,converged,81570.68,50255.70,-1.4125,0.00,0.0000,0.0052,0.0047,,,,,,,
21.2380,10,3,11.4504,32.6885,converged,81570.68,50255.70,-1.4125,0.00,0.0000,0.0059,0.0037,,,,,,,
43.1294,8,3,17.9914,61.1205,converged,81570.68,50255.70,-1.4125,0.00,0.0000,0.0089,0.0047,,,,,,,
25.1063,10,3,8.8138,33.9198,converged,81570.68,50255.70,-1.4125,0.00,0.0000,0.0044,0.0022,,,,,,,
41.0993,8,3,11.3073,52.4063,converged,81570.68,50255.70,-1.4125,0.00,0.0000,0.0058,0.0044,,,,,,,
21.9358,10,3,10.9810,32.9160,converged,81570.68,50255.70,-1.4125,0.00,0.0000,0.0047,0.0016,,,,,,,
55.9483,6,3,9.9937,65.9417,converged,81570.68,50255.70,-1.4125,0.00,0.0000,0.0033,0.0163,,,,,,,
55.6062,6,3,9.4392,65.0453,converged,81570.68,50255.70,-1.4124,0.00,0.0000,0.0066,0.0151,,,,,,,
39.8344,9,3,8.6396,48.4737,converged,81570.68,50255.70,-1.4124,0.00,0.0000,0.0056,0.0026,,,,,,,
56.5671,6,3,10.8617,67.4287,converged,81570.68,50255.70,-1.4124,0.00,0.0000,0.0077,0.0211,,,,,,,
34.1433,9,3,12.1051,46.2482,converged,81570.68,50255.70,-1.4124,0.00,0.0000,0.0056,0.0031,,,,,,,
40.2447,8,3,10.8182,51.0622,converged,81570.68,50255.70,-1.4124,0.00,0.0000,0.0049,0.0050,,,,,,,
48.1170,7,3,9.5251,57.6454,converged,81570.68,50255.70,-1.4124,0.00,0.0000,0.0073,0.0064,,,,,,,
41.4584,8,3,11.3447,52.8027,converged,81570.68,50255.70,-1.4124,0.00,0.0000,0.0068,0.0048,,,,,,,
53.3978,6,3,15.0736,68.4706,converged,81570.68,50255.70,-1.4124,0.00,0.0000,0.0059,0.0155,,,,,,,
35.1146,9,3,14.1707,49.2847,converged,81570.68,50255.70,-1.4124,0.00,0.0000,0.0046,0.0036,,,,,,,
23.3860,10,3,9.0647,32.4507,converged,81570.68,50255.70,-1.4124,0.00,0.0000,0.0041,0.0016,,,,,,,
38.1417,9,3,12.3707,50.5118,converged,81570.68,50255.70,-1.4125,0.00,0.0000,0.0060,0.0034,,,,,,,
28.2595,10,3,12.9735,41.2325,converged,81570.68,50255.70,-1.4125,0.00,0.0000,0.0055,0.0031,,,,,,,
35.9251,9,3,13.9948,49.9198,converged,81570.68,50255.70,-1.4125,0.00,0.0000,0.0067,0.0034,,,,,,,
33.1573,10,3,15.7790,48.9361,converged,81570.68,50255.70,-1.4125,0.00,0.0000,0.0055,0.0036,,,,,,,
42.6566,8,3,10.3516,53.0076,converged,81570.68,50255.70,-1.4124,0.00,0.0000,0.0063,0.0034,,,,,,,
52.0226,6,3,9.3239,61.3459,converged,81570.68,50255.70,-1.4124,0.00,0.0000,0.0087,0.0131,,,,,,,
23.1530,10,3,9.4577,32.6097,converged,81570.68,50255.70,-1.4125,0.00,0.0000,0.0054,0.0027,,,,,,,
40.0246,8,3,10.5700,50.5940,converged,81570.68,50255.70,-1.4125,0.00,0.0000,0.0064,0.0038,,,,,,,
22.0322,10,3,9.2644,31.2965,converged,81570.68,50255.70,-1.4124,0.00,0.0000,0.0054,0.0026,,,,,,,
36.1047,9,3,10.4657,46.5698,converged,81570.68,50255.70,-1.4124,0.00,0.0000,0.0045,0.0036,,,,,,,
35.1367,9,3,12.2751,47.4111,converged,81570.68,50255.70,-1.4124,0.00,0.0000,0.0053,0.0029,,,,,,,
30.4647,10,3,10.8224,41.2864,converged,81570.68,50255.70,-1.4124,0.00,0.0000,0.0054,0.0029,,,,,,,
48.0709,7,3,9.2863,57.3563,converged,81570.68,50255.70,-1.4124,0.00,0.0000,0.0087,0.0063,,,,,,,
29.1552,10,3,10.6856,39.8406,converged,81570.68,50255.70,-1.4124,0.00,0.0000,0.0064,0.0042,,,,,,,
30.9670,10,3,11.3621,42.3291,converged,81570.68,50255.70,-1.4124,0.00,0.0000,0.0056,0.0051,,,,,,,
32.6038,10,3,9.2944,41.8974,converged,81570.68,50255.70,-1.4124,0.00,0.0000,0.0052,0.0027,,,,,,,
41.2689,8,3,15.0172,56.2852,converged,81570.68,50255.70,-1.4124,0.00,0.0000,0.0050,0.0031,,,,,,,
33.5529,10,3,8.6973,42.2493,converged,81570.68,50255.70,-1.4124,0.00,0.0000,0.0049,0.0023,,,,,,,
59.9998,5,3,15.0714,75.0704,converged,81570.68,50255.70,-1.4125,0.00,0.0000,0.0040,0.0351,,,,,,,
22.0994,10,3,9.5583,31.6573,converged,81570.68,50255.70,-1.4125,0.00,0.0000,0.0051,0.0026,,,,,,,
46.2363,7,3,10.6840,56.9200,converged,81570.68,50255.70,-1.4125,0.00,0.0000,0.0069,0.0085,,,,,,,
52.4962,6,3,8.6592,61.1553,converged,81570.68,50255.70,-1.4125,0.00,0.0000,0.0057,0.0172,,,,,,,
49.1050,7,3,9.4255,58.5305,converged,81570.68,50255.70,-1.4125,0.00,0.0000,0.0052,0.0078,,,,,,,
46.7197,7,3,10.0993,56.8184,converged,81570.68,50255.70,-1.4125,0.00,0.0000,0.0072,0.0078,,,,,,,
22.7012,10,3,11.1933,33.8943,converged,81570.68,50255.70,-1.4125,0.00,0.0000,0.0071,0.0054,,,,,,,
20.7388,10,3,14.3033,35.0414,converged,81570.68,50255.70,-1.4125,0.00,0.0000,0.0056,0.0034,,,,,,,
29.0202,10,3,12.0605,41.0805,converged,81570.68,50255.70,-1.4125,0.00,0.0000,0.0050,0.0018,,,,,,,
37.7181,9,3,9.3252,47.0432,converged,81570.68,50255.70,-1.4125,0.00,0.0000,0.0047,0.0030,,,,,,,
52.0456,6,3,9.6177,61.6628,converged,81570.68,50255.70,-1.4125,0.00,0.0000,0.0071,0.0139,,,,,,,
47.5604,7,3,13.6264,61.1864,converged,81570.68,50255.70,-1.4125,0.00,0.0000,0.0067,0.0060,,,,,,,
54.1770,6,3,11.7220,65.8980,converged,81570.68,50255.70,-1.4125,0.00,0.0000,0.0084,0.0152,,,,,,,
35.3096,9,3,11.8180,47.1270,converged,81570.68,50255.70,-1.4125,0.00,0.0000,0.0063,0.0020,,,,,,,
22.9131,10,3,12.4148,35.3278,converged,81570.68,50255.70,-1.4125,0.00,0.0000,0.0057,0.0044,,,,,,,
58.6005,5,3,15.6714,74.2715,converged,81570.68,50255.70,-1.4125,0.00,0.0000,0.0085,0.0367,,,,,,,
23.7104,10,3,9.7266,33.4366,converged,81570.68,50255.70,-1.4125,0.00,0.0000,0.0050,0.0025,,,,,,,
40.8509,8,3,10.6490,51.4991,converged,81570.68,50255.70,-1.4125,0.00,0.0000,0.0056,0.0061,,,,,,,
51.0723,7,3,14.7634,65.8354,converged,81570.68,50255.70,-1.4125,0.00,0.0000,0.0070,0.0075,,,,,,,
48.5901,7,3,18.0103,66.6003,converged,81570.68,50255.70,-1.4125,0.00,0.0000,0.0048,0.0074,,,,,,,
44.7427,8,3,14.0998,58.8418,converged,81570.68,50255.70,-1.4125,0.00,0.0000,0.0061,0.0044,,,,,,,
58.9249,5,3,10.4403,69.3643,converged,81570.68,50255.70,-1.4125,0.00,0.0000,0.0052,0.0325,,,,,,,
47.4881,7,3,16.8429,64.3309,converged,81570.68,50255.70,-1.4125,0.00,0.0000,0.0075,0.0062,,,,,,,
30.4037,10,3,8.8626,39.2656,converged,81570.68,50255.70,-1.4125,0.00,0.0000,0.0064,0.0052,,,,,,,
32.5913,10,3,9.5376,42.1287,converged,81570.68,50255.70,-1.4126,0.00,0.0000,0.0053,0.0017,,,,,,,
25.9931,10,3,10.4191,36.4121,converged,81570.68,50255.70,-1.4126,0.00,0.0000,0.0059,0.0025,,,,,,,
39.2762,9,3,12.6428,51.9189,converged,81570.68,50255.70,-1.4126,0.00,0.0000,0.0058,0.0041,,,,,,,
52.9756,6,3,14.7140,67.6890,converged,81570.68,50255.70,-1.4126,0.00,0.0000,0.0064,0.0178,,,,,,,
41.2097,8,3,9.9532,51.1623,converged,81570.68,50255.70,-1.4126,0.00,0.0000,0.0037,0.0056,,,,,,,
55.3852,6,3,13.6855,69.0705,converged,81570.68,50255.70,-1.4126,0.00,0.0000,0.0077,0.0161,,,,,,,
28.6927,10,3,8.9909,37.6830,converged,81570.68,50255.70,-1.4125,0.00,0.0000,0.0048,0.0018,,,,,,,
58.6773,5,3,9.7792,68.4562,converged,81570.68,50255.70,-1.4125,0.00,0.0000,0.0068,0.0381,,,,,,,
40.3570,8,3,11.3071,51.6641,converged,81570.68,50255.70,-1.4125,0.00,0.0000,0.0058,0.0037,,,,,,,
40.2553,8,3,10.5692,50.8243,converged,81570.68,50255.70,-1.4125,0.00,0.0000,0.0043,0.0055,,,,,,,
57.4563,6,3,10.6330,68.0890,converged,81570.68,50255.70,-1.4125,0.00,0.0000,0.0072,0.0166,,,,,,,
47.0027,7,3,9.7350,56.7370,converged,81570.68,50255.70,-1.4125,0.00,0.0000,0.0055,0.0085,,,,,,,
44.1512,8,3,9.4793,53.6303,converged,81570.68,50255.70,-1.4125,0.00,0.0000,0.0062,0.0040,,,,,,,
52.0472,6,3,13.2644,65.3114,converged,81570.68,50255.70,-1.4125,0.00,0.0000,0.0063,0.0124,,,,,,,
40.2268,8,3,12.8632,53.0892,converged,81570.68,50255.70,-1.4125,0.00,0.0000,0.0062,0.0041,,,,,,,
50.6865,7,3,11.2925,61.9785,converged,81570.68,50255.70,-1.4125,0.00,0.0000,0.0059,0.0086,,,,,,,
22.2127,10,3,9.6841,31.8961,converged,81570.68,50255.70,-1.4125,0.00,0.0000,0.0055,0.0026,,,,,,,
37.3668,9,3,9.4799,46.8459,converged,81570.68,50255.70,-1.4125,0.00,0.0000,0.0078,0.0050,,,,,,,
54.9260,6,3,9.3546,64.2806,converged,81570.68,50255.70,-1.4125,0.00,0.0000,0.0080,0.0123,,,,,,,
46.9201,7,3,12.8631,59.7831,converged,81570.68,50255.70,-1.4125,0.00,0.0000,0.0069,0.0054,,,,,,,
30.9964,10,3,17.8623,48.8584,converged,81570.68,50255.70,-1.4125,0.00,0.0000,0.0053,0.0019,,,,,,,
23.4390,10,3,16.2394,39.6775,converged,81570.68,50255.70,-1.4125,0.00,0.0000,0.0059,0.0022,,,,,,,
51.9408,7,3,9.4407,61.3807,converged,81570.68,50255.70,-1.4125,0.00,0.0000,0.0057,0.0102,,,,,,,
42.2260,8,3,9.2996,51.5256,converged,81570.68,50255.70,-1.4125,0.00,0.0000,0.0064,0.0045,,,,,,,
32.8343,10,3,9.8158,42.6498,converged,81570.68,50255.70,-1.4125,0.00,0.0000,0.0051,0.0017,,,,,,,
56.0040,6,3,12.4629,68.4659,converged,81570.68,50255.70,-1.4125,0.00,0.0000,0.0059,0.0157,,,,,,,
53.3008,6,3,11.3921,64.6921,converged,81570.68,50255.70,-1.4125,0.00,0.0000,0.0081,0.0093,,,,,,,
32.6915,10,3,9.2519,42.1371,converged,81570.68,50255.70,-1.4125,0.00,0.0000,0.0059,0.0040,,,,,,,
42.8133,8,3,14.6406,57.4537,converged,81570.68,50255.70,-1.4125,0.00,0.0000,0.0080,0.0039,,,,,,,
58.4771,5,3,13.2438,71.7209,converged,81570.68,50255.70,-1.4125,0.00,0.0000,0.0073,0.0385,,,,,,,
45.1431,8,3,9.4692,54.6123,converged,81570.68,50255.70,-1.4125,0.00,0.0000,0.0038,0.0044,,,,,,,
38.2550,9,3,8.0837,46.3378,converged,81570.68,50255.70,-1.4125,0.00,0.0000,0.0064,0.0022,,,,,,,
47.5950,7,3,10.1646,57.7596,converged,81570.68,50255.70,-1.4125,0.00,0.0000,0.0070,0.0068,,,,,,,
45.2155,8,3,12.4872,57.7023,converged,81570.68,50255.70,-1.4125,0.00,0.0000,0.0087,0.0089,,,,,,,
43.4233,8,3,10.7886,54.2116,converged,81570.68,50255.70,-1.4125,0.00,0.0000,0.0066,0.0041,,,,,,,
43.5212,8,3,9.0416,52.5626,converged,81570.68,50255.70,-1.4125,0.00,0.0000,0.0063,0.0034,,,,,,,
50.0465,7,3,9.7609,59.8070,converged,81570.68,50255.70,-1.4125,0.00,0.0000,0.0081,0.0074,,,,,,,
25.0326,10,3,8.8343,33.8663,converged,81570.68,50255.70,-1.4125,0.00,0.0000,0.0041,0.0018,,,,,,,
48.9609,7,3,11.9356,60.8957,converged,81570.68,50255.70,-1.4125,0.00,0.0000,0.0089,0.0065,,,,,,,
40.6312,8,3,17.7977,58.4288,converged,81570.68,50255.70,-1.4125,0.00,0.0000,0.0070,0.0042,,,,,,,
51.7906,7,3,12.0978,63.8878,converged,81570.68,50255.70,-1.4125,0.00,0.0000,0.0069,0.0055,,,,,,,
38.5445,9,3,8.8982,47.4422,converged,81570.68,50255.70,-1.4125,0.00,0.0000,0.0052,0.0032,,,,,,,
41.4759,8,3,8.9060,50.3810,converged,81570.68,50255.70,-1.4125,0.00,0.0000,0.0068,0.0037,,,,,,,
26.6477,10,3,9.4560,36.1031,converged,81570.68,50255.70,-1.4125,0.00,0.0000,0.0073,0.0055,,,,,,,
48.5359,7,3,11.7972,60.3323,converged,81570.68,50255.70,-1.4125,0.00,0.0000,0.0067,0.0075,,,,,,,
40.4249,8,3,12.4401,52.8641,converged,81570.68,50255.70,-1.4125,0.00,0.0000,0.0071,0.0041,,,,,,,
35.0639,9,3,15.1030,50.1661,converged,81570.68,50255.70,-1.4125,0.00,0.0000,0.0059,0.0042,,,,,,,
28.6020,10,3,14.3587,42.9607,converged,81570.68,50255.70,-1.4125,0.00,0.0000,0.0058,0.0027,,,,,,,
44.9026,8,3,10.1905,55.0925,converged,81570.68,50255.70,-1.4125,0.00,0.0000,0.0075,0.0039,,,,,,,
43.5889,8,3,9.6341,53.2221,converged,81570.68,50255.70,-1.4125,0.00,0.0000,0.0051,0.0040,,,,,,,
23.7858,10,3,10.8157,34.6007,converged,81570.68,50255.70,-1.4125,0.00,0.0000,0.0045,0.0013,,,,,,,
57.1266,6,3,9.5618,66.6878,converged,81570.68,50255.70,-1.4125,0.00,0.0000,0.0087,0.0125,,,,,,,
20.1989,10,3,10.3888,30.5869,converged,81570.68,50255.70,-1.4125,0.00,0.0000,0.0055,0.0031,,,,,,,
24.1403,10,3,13.5052,37.6453,converged,81570.68,50255.70,-1.4125,0.00,0.0000,0.0051,0.0020,,,,,,,
46.6909,7,3,13.1377,59.8278,converged,81570.68,50255.70,-1.4125,0.00,0.0000,0.0056,0.0074,,,,,,,
37.8611,9,3,10.9503,48.8113,converged,81570.68,50255.70,-1.4125,0.00,0.0000,0.0077,0.0041,,,,,,,
43.4402,8,3,10.4250,53.8650,converged,81570.68,50255.70,-1.4125,0.00,0.0000,0.0053,0.0046,,,,,,,
20.7936,10,3,10.6697,31.4628,converged,81570.68,50255.70,-1.4125,0.00,0.0000,0.0047,0.0023,,,,,,,
42.2796,8,3,11.7753,54.0544,converged,81570.68,50255.70,-1.4125,0.00,0.0000,0.0067,0.0053,,,,,,,
30.9901,10,3,12.2204,43.2104,converged,81570.68,50255.70,-1.4125,0.00,0.0000,0.0053,0.0018,,,,,,,
52.4736,6,3,14.4755,66.9486,converged,81570.68,50255.70,-1.4125,0.00,0.0000,0.0075,0.0155,,,,,,,
44.7007,8,3,9.2481,53.9481,converged,81570.68,50255.70,-1.4125,0.00,0.0000,0.0059,0.0020,,,,,,,
36.2145,9,3,11.9745,48.1885,converged,81570.68,50255.70,-1.4125,0.00,0.0000,0.0063,0.0023,,,,,,,
42.2840,8,3,11.4175,53.7016,converged,81570.68,50255.70,-1.4125,0.00,0.0000,0.0073,0.0039,,,,,,,
49.2937,7,3,10.8059,60.0989,converged,81570.68,50255.70,-1.4125,0.00,0.0000,0.0083,0.0052,,,,,,,
35.7487,9,3,11.1547,46.9027,converged,81570.68,50255.70,-1.4125,0.00,0.0000,0.0053,0.0023,,,,,,,
53.7804,6,3,10.0235,63.8035,converged,81570.68,50255.70,-1.4125,0.00,0.0000,0.0073,0.0138,,,,,,,
32.5420,10,3,11.0835,43.6246,converged,81570.68,50255.70,-1.4125,0.00,0.0000,0.0045,0.0015,,,,,,,
23.5463,10,3,13.1890,36.7351,converged,81570.68,50255.70,-1.4125,0.00,0.0000,0.0044,0.0018,,,,,,,
59.0657,5,3,9.7172,68.7822,converged,81570.68,50255.70,-1.4125,0.00,0.0000,0.0049,0.0455,,,,,,,
22.9719,10,3,12.8550,35.8260,converged,81570.68,50255.70,-1.4125,0.00,0.0000,0.0037,0.0010,,,,,,,
38.9434,9,3,13.3013,52.2443,converged,81570.68,50255.70,-1.4125,0.00,0.0000,0.0066,0.0035,,,,,,,
33.1310,10,3,10.2626,43.3937,converged,81570.68,50255.70,-1.4125,0.00,0.0000,0.0062,0.0042,,,,,,,
43.5648,8,3,12.7159,56.2800,converged,81570.68,50255.70,-1.4125,0.00,0.0000,0.0056,0.0044,,,,,,,
54.5418,6,3,11.4058,65.9468,converged,81570.68,50255.70,-1.4125,0.00,0.0000,0.0069,0.0165,,,,,,,
41.1198,8,3,9.9193,51.0384,converged,81570.68,50255.70,-1.4125,0.00,0.0000,0.0064,0.0035,,,,,,,
59.4529,5,3,10.5009,69.9529,converged,81570.68,50255.70,-1.4125,0.00,0.0000,0.0073,0.0375,,,,,,,
22.7414,10,3,10.5727,33.3138,converged,81570.68,50255.70,-1.4125,0.00,0.0000,0.0054,0.0039,,,,,,,
59.6477,5,3,8.8034,68.4504,converged,81570.68,50255.70,-1.4125,0.00,0.0000,0.0125,0.0289,,,,,,,
38.7765,9,3,11.0481,49.8241,converged,81570.68,50255.70,-1.4125,0.00,0.0000,0.0074,0.0058,,,,,,,
51.3669,7,3,9.5689,60.9349,converged,81570.68,50255.70,-1.4125,0.00,0.0000,0.0076,0.0082,,,,,,,
31.5263,10,3,13.2301,44.7561,converged,81570.68,50255.70,-1.4125,0.00,0.0000,0.0061,0.0029,,,,,,,
30.4784,10,3,11.6214,42.0994,converged,81570.68,50255.70,-1.4125,0.00,0.0000,0.0039,0.0019,,,,,,,
46.1479,7,3,11.4708,57.6179,converged,81570.68,50255.70,-1.4125,0.00,0.0000,0.0075,0.0089,,,,,,,
31.4403,10,3,12.1782,43.6182,converged,81570.68,50255.70,-1.4125,0.00,0.0000,0.0065,0.0066,,,,,,,
32.3207,10,3,11.5378,43.8579,converged,81570.68,50255.70,-1.4125,0.00,0.0000,0.0053,0.0041,,,,,,,
20.0705,10,3,11.8241,31.8941,converged,81570.68,50255.70,-1.4125,0.00,0.0000,0.0056,0.0043,,,,,,,
59.0455,5,3,12.5643,71.6093,converged,81570.68,50255.70,-1.4125,0.00,0.0000,0.0088,0.0307,,,,,,,
26.7446,10,3,15.0342,41.7782,converged,81570.68,50255.70,-1.4125,0.00,0.0000,0.0069,0.0033,,,,,,,
29.8720,10,3,10.7448,40.6168,converged,81570.68,50255.70,-1.4125,0.00,0.0000,0.0058,0.0028,,,,,,,
45.3935,8,3,9.3751,54.7681,converged,81570.68,50255.70,-1.4125,0.00,0.0000,0.0048,0.0057,,,,,,,
46.4632,7,3,9.4954,55.9584,converged,81570.68,50255.70,-1.4125,0.00,0.0000,0.0061,0.0086,,,,,,,
56.1748,6,3,13.9408,70.1149,converged,81570.68,50255.70,-1.4125,0.00,0.0000,0.0062,0.0196,,,,,,,
33.2680,10,3,9.0064,42.2735,converged,81570.68,50255.70,-1.4125,0.00,0.0000,0.0046,0.0018,,,,,,,
40.2836,8,3,11.8239,52.1070,converged,81570.68,50255.70,-1.4125,0.00,0.0000,0.0072,0.0075,,,,,,,
43.1969,8,3,9.4975,52.6935,converged,81570.68,50255.70,-1.4125,0.00,0.0000,0.0059,0.0046,,,,,,,
31.0746,10,3,11.7547,42.8288,converged,81570.68,50255.70,-1.4125,0.00,0.0000,0.0052,0.0021,,,,,,,
32.1634,10,3,16.6982,48.8612,converged,81570.68,50255.70,-1.4125,0.00,0.0000,0.0043,0.0015,,,,,,,
28.5073,10,3,10.3755,38.8825,converged,81570.68,50255.70,-1.4125,0.00,0.0000,0.0052,0.0026,,,,,,,
50.5708,7,3,12.7551,63.3251,converged,81570.68,50255.70,-1.4125,0.00,0.0000,0.0075,0.0087,,,,,,,
59.7273,5,3,11.1407,70.8678,converged,81570.68,50255.70,-1.4125,0.00,0.0000,0.0070,0.0273,,,,,,,
36.4244,9,3,8.0429,44.4670,converged,81570.68,50255.70,-1.4125,0.00,0.0000,0.0059,0.0024,,,,,,,
20.2441,10,3,8.9408,29.1848,converged,81570.68,50255.70,-1.4125,0.00,0.0000,0.0057,0.0031,,,,,,,
49.9938,7,3,10.6446,60.6376,converged,81570.68,50255.70,-1.4125,0.00,0.0000,0.0057,0.0108,,,,,,,
37.4868,9,3,11.8955,49.3816,converged,81570.68,50255.70,-1.4125,0.00,0.0000,0.0057,0.0021,,,,,,,
40.5440,8,3,9.8943,50.4374,converged,81570.68,50255.70,-1.4125,0.00,0.0000,0.0046,0.0045,,,,,,,
48.0831,7,3,10.7907,58.8738,converged,81570.68,50255.70,-1.4125,0.00,0.0000,0.0069,0.0075,,,,,,,
26.4333,10,3,8.3088,34.7418,converged,81570.68,50255.70,-1.4125,0.00,0.0000,0.0054,0.0022,,,,,,,
57.2490,6,3,8.6297,65.8778,converged,81570.68,50255.70,-1.4125,0.00,0.0000,0.0074,0.0143,,,,,,,
30.1850,10,3,12.1617,42.3458,converged,81570.68,50255.70,-1.4125,0.00,0.0000,0.0058,0.0024,,,,,,,
31.8829,10,3,9.4944,41.3765,converged,81570.68,50255.70,-1.4125,0.00,0.0000,0.0053,0.0019,,,,,,,
23.7137,10,3,9.4892,33.2023,converged,81570.68,50255.70,-1.4125,0.00,0.0000,0.0047,0.0019,,,,,,,
40.2514,8,3,12.4204,52.6714,converged,81570.68,50255.70,-1.4125,0.00,0.0000,0.0062,0.0052,,,,,,,
28.9360,10,3,12.8324,41.7675,converged,81570.68,50255.70,-1.4125,0.00,0.0000,0.0038,0.0028,,,,,,,
39.0142,9,3,11.3843,50.3984,converged,81570.68,50255.70,-1.4125,0.00,0.0000,0.0054,0.0025,,,,,,,
29.3844,10,3,11.0731,40.4572,converged,81570.68,50255.70,-1.4125,0.00,0.0000,0.0046,0.0022,,,,,,,
32.8715,10,3,11.6218,44.4929,converged,81570.68,50255.70,-1.4125,0.00,0.0000,0.0049,0.0020,,,,,,,
49.2450,7,3,10.8403,60.0853,converged,81570.68,50255.70,-1.4125,0.00,0.0000,0.0063,0.0086,,,,,,,
37.7288,9,3,11.2285,48.9565,converged,81570.68,50255.70,-1.4125,0.00,0.0000,0.0056,0.0025,,,,,,,
55.0907,6,3,9.4665,64.5565,converged,81570.68,50255.70,-1.4125,0.00,0.0000,0.0044,0.0160,,,,,,,
39.1206,9,3,10.2296,49.3497,converged,81570.68,50255.70,-1.4125,0.00,0.0000,0.0063,0.0030,,,,,,,
30.3106,10,3,10.1755,40.4856,converged,81570.68,50255.70,-1.4125,0.00,0.0000,0.0036,0.0017,,,,,,,
43.4274,8,3,11.3016,54.7286,converged,81570.68,50255.70,-1.4125,0.00,0.0000,0.0062,0.0052,,,,,,,
36.4417,9,3,8.7837,45.2247,converged,81570.68,50255.70,-1.4125,0.00,0.0000,0.0086,0.0065,,,,,,,
29.0273,10,3,10.5716,39.5986,converged,81570.68,50255.70,-1.4125,0.00,0.0000,0.0062,0.0030,,,,,,,
34.4906,9,3,19.2671,53.7571,converged,81570.68,50255.70,-1.4125,0.00,0.0000,0.0056,0.0026,,,,,,,
40.6748,8,3,8.8968,49.5708,converged,81570.68,50255.70,-1.4125,0.00,0.0000,0.0055,0.0049,,,,,,,
45.8055,8,3,9.6132,55.4182,converged,81570.68,50255.70,-1.4125,0.00,0.0000,0.0044,0.0036,,,,,,,
41.5953,8,3,11.2860,52.8810,converged,81570.68,50255.70,-1.4125,0.00,0.0000,0.0084,0.0044,,,,,,,
33.4576,10,3,12.6799,46.1369,converged,81570.68,50255.70,-1.4125,0.00,0.0000,0.0050,0.0015,,,,,,,
33.2695,10,3,14.0455,47.3146,converged,81570.68,50255.70,-1.4125,0.00,0.0000,0.0068,0.0044,,,,,,,
32.7087,10,3,14.6054,47.3135,converged,81570.68,50255.70,-1.4125,0.00,0.0000,0.0047,0.0013,,,,,,,
56.9972,6,3,16.4463,73.4434,converged,81570.68,50255.70,-1.4125,0.00,0.0000,0.0061,0.0177,,,,,,,
32.4446,10,3,9.8954,42.3394,converged,81570.68,50255.70,-1.4125,0.00,0.0000,0.0045,0.0026,,,,,,,
44.5466,8,3,8.6711,53.2171,converged,81570.68,50255.70,-1.4125,0.00,0.0000,0.0039,0.0059,,,,,,,
55.1608,6,3,10.9942,66.1542,converged,81570.68,50255.70,-1.4125,0.00,0.0000,0.0100,0.0104,,,,,,,
44.8549,8,3,8.3069,53.1610,converged,81570.68,50255.70,-1.4125,0.00,0.0000,0.0054,0.0045,,,,,,,
27.6561,10,3,8.6593,36.3153,converged,81570.68,50255.70,-1.4125,0.00,0.0000,0.0056,0.0018,,,,,,,
31.7950,10,3,11.0534,42.8475,converged,81570.68,50255.70,-1.4125,0.00,0.0000,0.0048,0.0022,,,,,,,
38.8564,9,3,17.9814,56.8391,converged,81570.68,50255.70,-1.4125,0.00,0.0000,0.0074,0.0057,,,,,,,
36.3696,9,3,10.6687,47.0377,converged,81570.68,50255.70,-1.4125,0.00,0.0000,0.0054,0.0020,,,,,,,
29.4358,10,3,9.7630,39.1981,converged,81570.68,50255.70,-1.4125,0.00,0.0000,0.0048,0.0017,,,,,,,
24.4693,10,3,12.8443,37.3134,converged,81570.68,50255.70,-1.4125,0.00,0.0000,0.0062,0.0039,,,,,,,
24.3063,10,3,9.6150,33.9210,converged,81570.68,50255.70,-1.4125,0.00,0.0000,0.0059,0.0047,,,,,,,
52.8589,6,3,10.7502,63.6082,converged,81570.68,50255.70,-1.4125,0.00,0.0000,0.0050,0.0196,,,,,,,
20.2342,10,3,9.7587,29.9927,converged,81570.68,50255.70,-1.4125,0.00,0.0000,0.0063,0.0021,,,,,,,
44.5426,8,3,13.4448,57.9869,converged,81570.68,50255.70,-1.4125,0.00,0.0000,0.0063,0.0035,,,,,,,
27.7187,10,3,12.4737,40.1918,converged,81570.68,50255.70,-1.4125,0.00,0.0000,0.0053,0.0026,,,,,,,
49.6921,7,3,9.6320,59.3240,converged,81570.68,50255.70,-1.4125,0.00,0.0000,0.0056,0.0083,,,,,,,
27.5306,10,3,11.3450,38.8750,converged,81570.68,50255.70,-1.4125,0.00,0.0000,0.0063,0.0026,,,,,,,
39.2185,9,3,11.2201,50.4381,converged,81570.68,50255.70,-1.4125,0.00,0.0000,0.0065,0.0028,,,,,,,
53.9795,6,3,8.9208,62.8998,converged,81570.68,50255.70,-1.4125,0.00,0.0000,0.0056,0.0131,,,,,,,
50.7161,7,3,10.0857,60.8017,converged,81570.68,50255.70,-1.4125,0.00,0.0000,0.0061,0.0123,,,,,,,
32.0939,10,3,9.9534,42.0465,converged,81570.68,50255.70,-1.4125,0.00,0.0000,0.0049,0.0015,,,,,,,
48.0158,7,3,16.6220,64.6371,converged,81570.68,50255.70,-1.4125,0.00,0.0000,0.0087,0.0072,,,,,,,
38.2642,9,3,10.6318,48.8959,converged,81570.68,50255.70,-1.4125,0.00,0.0000,0.0054,0.0017,,,,,,,
30.1999,10,3,9.8684,40.0674,converged,81570.68,50255.70,-1.4125,0.00,0.0000,0.0049,0.0017,,,,,,,
40.8947,8,3,9.5982,50.4922,converged,81570.68,50255.70,-1.4125,0.00,0.0000,0.0072,0.0042,,,,,,,
54.5212,6,3,9.1324,63.6535,converged,81570.68,50255.70,-1.4125,0.00,0.0000,0.0047,0.0093,,,,,,,
21.7822,10,3,10.3353,32.1173,converged,81570.68,50255.70,-1.4125,0.00,0.0000,0.0050,0.0013,,,,,,,
39.5421,9,3,14.0551,53.5972,converged,81570.68,50255.70,-1.4125,0.00,0.0000,0.0059,0.0022,,,,,,,
28.8522,10,3,10.3704,39.3501,converged,81570.68,50255.70,-1.4125,0.00,0.0000,0.0068,0.0051,,,,,,,
55.5321,6,3,11.9856,67.5176,converged,81570.68,50255.70,-1.4125,0.00,0.0000,0.0047,0.0144,,,,,,,
21.5105,10,3,12.0301,33.5401,converged,81570.68,50255.70,-1.4125,0.00,0.0000,0.0057,0.0020,,,,,,,
56.8109,6,3,9.8009,66.6109,converged,81570.68,50255.70,-1.4125,0.00,0.0000,0.0083,0.0149,,,,,,,
30.8348,10,3,12.8098,43.6439,converged,81570.68,50255.70,-1.4125,0.00,0.0000,0.0080,0.0084,,,,,,,
45.9781,8,3,9.7260,55.7040,converged,81570.68,50255.70,-1.4125,0.00,0.0000,0.0067,0.0036,,,,,,,
34.1364,9,3,10.7563,44.8924,converged,81570.68,50255.70,-1.4125,0.00,0.0000,0.0072,0.0030,,,,,,,
59.1525,5,3,10.5641,69.7161,converged,81570.68,50255.70,-1.4125,0.00,0.0000,0.0085,0.0359,,,,,,,
58.7073,5,3,15.2989,74.0059,converged,81570.68,50255.70,-1.4125,0.00,0.0000,0.0084,0.0357,,,,,,,
20.7946,10,3,9.9107,30.7047,converged,81570.68,50255.70,-1.4125,0.00,0.0000,0.0063,0.0032,,,,,,,
42.6968,8,3,8.5058,51.2018,converged,81570.68,50255.70,-1.4125,0.00,0.0000,0.0055,0.0043,,,,,,,
45.0539,8,3,12.3238,57.3768,converged,81570.68,50255.70,-1.4125,0.00,0.0000,0.0063,0.0035,,,,,,,
32.8224,10,3,11.5243,44.3464,converged,81570.68,50255.70,-1.4125,0.00,0.0000,0.0062,0.0025,,,,,,,
49.6815,7,3,11.1988,60.8799,converged,81570.68,50255.70,-1.4125,0.00,0.0000,0.0094,0.0069,,,,,,,
23.0946,10,3,10.2669,33.3610,converged,81570.68,50255.70,-1.4125,0.00,0.0000,0.0055,0.0020,,,,,,,
25.6701,10,3,9.8673,35.5374,converged,81570.68,50255.70,-1.4125,0.00,0.0000,0.0051,0.0019,,,,,,,
26.3167,10,3,11.7222,38.0382,converged,81570.68,50255.70,-1.4125,0.00,0.0000,0.0054,0.0019,,,,,,,
34.3834,9,3,10.5897,44.9727,converged,81570.68,50255.70,-1.4125,0.00,0.0000,0.0058,0.0029,,,,,,,
41.2159,8,3,15.0348,56.2499,converged,81570.68,50255.70,-1.4125,0.00,0.0000,0.0051,0.0034,,,,,,,
39.9171,9,3,18.1988,58.1158,converged,81570.68,50255.70,-1.4125,0.00,0.0000,0.0066,0.0024,,,,,,,
31.5244,10,3,8.7996,40.3236,converged,81570.68,50255.70,-1.4125,0.00,0.0000,0.0060,0.0041,,,,,,,
23.4102,10,3,10.5701,33.9801,converged,81570.68,50255.70,-1.4125,0.00,0.0000,0.0048,0.0018,,,,,,,
38.2621,9,3,14.9503,53.2124,converged,81570.68,50255.70,-1.4125,0.00,0.0000,0.0067,0.0035,,,,,,,
45.3836,8,3,11.1573,56.5403,converged,81570.68,50255.70,-1.4125,0.00,0.0000,0.0063,0.0047,,,,,,,
58.7673,5,3,10.0770,68.8441,converged,81570.68,50255.70,-1.4125,0.00,0.0000,0.0069,0.0418,,,,,,,
31.6199,10,3,14.4233,46.0423,converged,81570.68,50255.70,-1.4125,0.00,0.0000,0.0063,0.0039,,,,,,,
29.0197,10,3,9.5563,38.5753,converged,81570.68,50255.70,-1.4125,0.00,0.0000,0.0047,0.0016,,,,,,,
58.4911,5,3,13.5127,72.0038,converged,81570.68,50255.70,-1.4125,0.00,0.0000,0.0074,0.0451,,,,,,,
44.3676,8,3,12.5170,56.8840,converged,81570.68,50255.70,-1.4125,0.00,0.0000,0.0053,0.0052,,,,,,,
46.7311,7,3,10.5066,57.2376,converged,81570.68,50255.70,-1.4125,0.00,0.0000,0.0071,0.0054,,,,,,,
41.7196,8,3,12.1829,53.9019,converged,81570.68,50255.70,-1.4125,0.00,0.0000,0.0074,0.0067,,,,,,,
40.7678,8,3,10.4080,51.1750,converged,81570.68,50255.70,-1.4125,0.00,0.0000,0.0072,0.0044,,,,,,,
57.2631,6,3,9.0020,66.2650,converged,81570.68,50255.70,-1.4124,0.00,0.0000,0.0087,0.0099,,,,,,,
58.2941,5,3,12.4995,70.7936,converged,81570.68,50255.70,-1.4124,0.00,0.0000,0.0077,0.0380,,,,,,,
49.8737,7,3,9.5479,59.4210,converged,81570.68,50255.70,-1.4124,0.00,0.0000,0.0053,0.0084,,,,,,,
44.0049,8,3,11.6248,55.6288,converged,81570.68,50255.70,-1.4124,0.00,0.0000,0.0056,0.0057,,,,,,,
39.2231,9,3,14.6102,53.8332,converged,81570.68,50255.70,-1.4124,0.00,0.0000,0.0047,0.0013,,,,,,,
43.5477,8,3,10.2904,53.8374,converged,81570.68,50255.70,-1.4124,0.00,0.0000,0.0058,0.0043,,,,,,,
35.9700,9,3,9.8369,45.8069,converged,81570.68,50255.70,-1.4125,0.00,0.0000,0.0061,0.0029,,,,,,,
48.3282,7,3,9.8276,58.1557,converged,81570.68,50255.70,-1.4125,0.00,0.0000,0.0047,0.0111,,,,,,,
22.3643,10,3,14.8928,37.2569,converged,81570.68,50255.70,-1.4125,0.00,0.0000,0.0046,0.0021,,,,,,,
21.0400,10,3,9.2031,30.2434,converged,81570.68,50255.70,-1.4125,0.00,0.0000,0.0060,0.0048,,,,,,,
50.3501,7,3,11.8650,62.2151,converged,81570.68,50255.70,-1.4125,0.00,0.0000,0.0074,0.0065,,,,,,,
40.2067,8,3,11.2951,51.5011,converged,81570.68,50255.70,-1.4125,0.00,0.0000,0.0063,0.0044,,,,,,,
45.3013,8,3,8.6344,53.9355,converged,81570.68,50255.70,-1.4125,0.00,0.0000,0.0062,0.0037,,,,,,,
56.6207,6,3,10.0214,66.6414,converged,81570.68,50255.70,-1.4125,0.00,0.0000,0.0100,0.0124,,,,,,,
56.7164,6,3,9.6625,66.3786,converged,81570.68,50255.70,-1.4125,0.00,0.0000,0.0056,0.0144,,,,,,,
26.5476,10,3,9.0325,35.5795,converged,81570.68,50255.70,-1.4125,0.00,0.0000,0.0058,0.0032,,,,,,,
43.8223,8,3,14.0788,57.9008,converged,81570.68,50255.70,-1.4125,0.00,0.0000,0.0083,0.0110,,,,,,,
51.9485,7,3,13.1478,65.0959,converged,81570.68,50255.70,-1.4125,0.00,0.0000,0.0073,0.0054,,,,,,,
34.1026,9,3,12.6450,46.7471,converged,81570.68,50255.70,-1.4125,0.00,0.0000,0.0052,0.0027,,,,,,,
28.1952,10,3,8.8893,37.0844,converged,81570.68,50255.70,-1.4125,0.00,0.0000,0.0059,0.0020,,,,,,,
40.9354,8,3,10.6289,51.5639,converged,81570.68,50255.70,-1.4125,0.00,0.0000,0.0073,0.0036,,,,,,,
47.3669,7,3,9.1274,56.4935,converged,81570.68,50255.70,-1.4125,0.00,0.0000,0.0061,0.0064,,,,,,,
48.3689,7,3,10.1747,58.5428,converged,81570.68,50255.70,-1.4125,0.00,0.0000,0.0067,0.0071,,,,,,,
49.7504,7,3,20.7897,70.5397,converged,81570.68,50255.70,-1.4125,0.00,0.0000,0.0062,0.0083,,,,,,,
40.6328,8,3,14.2151,54.8472,converged,81570.68,50255.70,-1.4125,0.00,0.0000,0.0077,0.0042,,,,,,,
53.4809,6,3,21.6719,75.1520,converged,81570.68,50255.70,-1.4125,0.00,0.0000,0.0038,0.0313,,,,,,,
20.4313,10,3,9.5127,29.9437,converged,81570.68,50255.70,-1.4125,0.00,0.0000,0.0044,0.0018,,,,,,,
33.1700,10,3,9.2786,42.4476,converged,81570.68,50255.70,-1.4125,0.00,0.0000,0.0056,0.0029,,,,,,,
54.5627,6,3,12.9726,67.5346,converged,81570.68,50255.70,-1.4125,0.00,0.0000,0.0080,0.0103,,,,,,,
53.8564,6,3,10.3864,64.2425,converged,81570.68,50255.70,-1.4125,0.00,0.0000,0.0085,0.0120,,,,,,,
28.6515,10,3,9.1867,37.8377,converged,81570.68,50255.70,-1.4125,0.00,0.0000,0.0050,0.0016,,,,,,,
35.1757,9,3,9.5460,44.7211,converged,81570.68,50255.70,-1.4125,0.00,0.0000,0.0061,0.0024,,,,,,,
42.2897,8,3,9.5537,51.8427,converged,81570.68,50255.70,-1.4125,0.00,0.0000,0.0053,0.0039,,,,,,,
53.9913,6,3,13.7877,67.7787,converged,81570.68,50255.70,-1.4125,0.00,0.0000,0.0088,0.0100,,,,,,,
51.7830,7,3,8.6764,60.4584,converged,81570.68,50255.70,-1.4125,0.00,0.0000,0.0058,0.0077,,,,,,,
27.6539,10,3,12.3158,39.9688,converged,81570.68,50255.70,-1.4125,0.00,0.0000,0.0079,0.0104,,,,,,,
38.3957,9,3,10.9892,49.3842,converged,81570.68,50255.70,-1.4125,0.00,0.0000,0.0051,0.0027,,,,,,,
56.4589,6,3,14.6465,71.1045,converged,81570.68,50255.70,-1.4125,0.00,0.0000,0.0083,0.0174,,,,,,,
20.0973,10,3,9.4407,29.5377,converged,81570.68,50255.70,-1.4125,0.00,0.0000,0.0067,0.0047,,,,,,,
31.7551,10,3,8.7151,40.4701,converged,81570.68,50255.70,-1.4125,0.00,0.0000,0.0058,0.0022,,,,,,,
57.4622,6,3,12.2842,69.7462,converged,81570.68,50255.70,-1.4125,0.00,0.0000,0.0109,0.0063,,,,,,,
42.8265,8,3,10.1717,52.9977,converged,81570.68,50255.70,-1.4125,0.00,0.0000,0.0044,0.0044,,,,,,,
37.5368,9,3,10.8457,48.3817,converged,81570.68,50255.70,-1.4125,0.00,0.0000,0.0054,0.0025,,,,,,,
26.1116,10,3,13.9095,40.0206,converged,81570.68,50255.70,-1.4125,0.00,0.0000,0.0046,0.0022,,,,,,,
40.4479,8,3,10.8402,51.2873,converged,81570.68,50255.70,-1.4125,0.00,0.0000,0.0051,0.0041,,,,,,,
53.4359,6,3,9.0645,62.4995,converged,81570.68,50255.70,-1.4125,0.00,0.0000,0.0078,0.0115,,,,,,,
57.0881,6,3,10.6041,67.6921,converged,81570.68,50255.70,-1.4125,0.00,0.0000,0.0055,0.0162,,,,,,,
56.1761,6,3,9.2849,65.4610,converged,81570.68,50255.70,-1.4125,0.00,0.0000,0.0073,0.0224,,,,,,,
52.1954,6,3,10.2108,62.4058,converged,81570.68,50255.70,-1.4125,0.00,0.0000,0.0087,0.0136,,,,,,,
28.8719,10,3,10.6206,39.4917,converged,81570.68,50255.70,-1.4125,0.00,0.0000,0.0065,0.0034,,,,,,,
40.6398,8,3,10.9457,51.5847,converged,81570.68,50255.70,-1.4125,0.00,0.0000,0.0063,0.0039,,,,,,,
55.4855,6,3,9.5403,65.0253,converged,81570.68,50255.70,-1.4125,0.00,0.0000,0.0067,0.0158,,,,,,,
40.1556,8,3,9.9294,50.0844,converged,81570.68,50255.70,-1.4125,0.00,0.0000,0.0085,0.0088,,,,,,,
43.9890,8,3,13.7515,57.7396,converged,81570.68,50255.70,-1.4125,0.00,0.0000,0.0061,0.0047,,,,,,,
47.9733,7,3,12.2895,60.2626,converged,81570.68,50255.70,-1.4125,0.00,0.0000,0.0064,0.0075,,,,,,,
53.7768,6,3,9.7014,63.4774,converged,81570.68,50255.70,-1.4125,0.00,0.0000,0.0054,0.0165,,,,,,,
56.2568,6,3,13.0192,69.2752,converged,81570.68,50255.70,-1.4125,0.00,0.0000,0.0077,0.0155,,,,,,,
34.7798,9,3,10.6849,45.4640,converged,81570.68,50255.70,-1.4125,0.00,0.0000,0.0053,0.0035,,,,,,,
43.9719,8,3,9.4532,53.4242,converged,81570.68,50255.70,-1.4125,0.00,0.0000,0.0045,0.0062,,,,,,,
51.3901,7,3,11.4442,62.8343,converged,81570.68,50255.70,-1.4125,0.00,0.0000,0.0074,0.0069,,,,,,,
46.2869,7,3,10.1747,56.4607,converged,81570.68,50255.70,-1.4125,0.00,0.0000,0.0088,0.0066,,,,,,,
54.0220,6,3,10.9290,64.9500,converged,81570.68,50255.70,-1.4125,0.00,0.0000,0.0041,0.0222,,,,,,,
46.8070,7,3,13.5616,60.3677,converged,81570.68,50255.70,-1.4125,0.00,0.0000,0.0078,0.0085,,,,,,,
41.6559,8,3,8.9727,50.6279,converged,81570.68,50255.70,-1.4125,0.00,0.0000,0.0052,0.0058,,,,,,,
46.7756,7,3,10.1526,56.9277,converged,81570.68,50255.70,-1.4125,0.00,0.0000,0.0043,0.0067,,,,,,,
57.5148,6,3,9.8253,67.3393,converged,81570.68,50255.70,-1.4125,0.00,0.0000,0.0065,0.0171,,,,,,,
32.7216,10,3,12.3418,45.0629,converged,81570.68,50255.70,-1.4125,0.00,0.0000,0.0040,0.0015,,,,,,,
30.5648,10,3,9.5937,40.1578,converged,81570.68,50255.70,-1.4125,0.00,0.0000,0.0053,0.0015,,,,,,,
56.5159,6,3,11.7230,68.2380,converged,81570.68,50255.70,-1.4125,0.00,0.0000,0.0067,0.0157,,,,,,,
28.8455,10,3,13.3529,42.1980,converged,81570.68,50255.70,-1.4125,0.00,0.0000,0.0052,0.0020,,,,,,,
37.3105,9,3,10.3395,47.6495,converged,81570.68,50255.70,-1.4125,0.00,0.0000,0.0056,0.0028,,,,,,,
47.5263,7,3,11.5846,59.1107,converged,81570.68,50255.70,-1.4125,0.00,0.0000,0.0057,0.0098,,,,,,,
31.3145,10,3,9.6016,40.9157,converged,81570.68,50255.70,-1.4125,0.00,0.0000,0.0046,0.0029,,,,,,,
37.7562,9,3,15.7303,53.4863,converged,81570.68,50255.70,-1.4125,0.00,0.0000,0.0048,0.0022,,,,,,,
58.0441,5,3,11.6243,69.6683,converged,81570.68,50255.70,-1.4125,0.00,0.0000,0.0117,0.0258,,,,,,,
30.3049,10,3,14.2819,44.5859,converged,81570.68,50255.70,-1.4125,0.00,0.0000,0.0054,0.0017,,,,,,,
45.9548,8,3,11.8661,57.8202,converged,81570.68,50255.70,-1.4125,0.00,0.0000,0.0052,0.0050,,,,,,,
22.6643,10,3,9.3709,32.0349,converged,81570.68,50255.70,-1.4125,0.00,0.0000,0.0045,0.0018,,,,,,,
55.2327,6,3,14.1928,69.4248,converged,81570.68,50255.70,-1.4125,0.00,0.0000,0.0059,0.0140,,,,,,,
46.6771,7,3,9.5855,56.2625,converged,81570.68,50255.70,-1.4125,0.00,0.0000,0.0072,0.0085,,,,,,,
36.2183,9,3,10.6078,46.8258,converged,81570.68,50255.70,-1.4125,0.00,0.0000,0.0068,0.0055,,,,,,,
20.9076,10,3,8.5345,29.4415,converged,81570.68,50255.70,-1.4125,0.00,0.0000,0.0058,0.0036,,,,,,,
40.9376,8,3,11.9105,52.8475,converged,81570.68,50255.70,-1.4125,0.00,0.0000,0.0055,0.0040,,,,,,,
58.6837,5,3,10.5171,69.2001,converged,81570.68,50255.70,-1.4126,0.00,0.0000,0.0123,0.0388,,,,,,,
26.4353,10,3,8.9967,35.4317,converged,81570.68,50255.70,-1.4126,0.00,0.0000,0.0053,0.0018,,,,,,,
41.7564,8,3,9.4402,51.1962,converged,81570.68,50255.70,-1.4125,0.00,0.0000,0.0065,0.0044,,,,,,,
54.6210,6,3,11.7923,66.4134,converged,81570.68,50255.70,-1.4125,0.00,0.0000,0.0072,0.0182,,,,,,,
43.7416,8,3,10.0795,53.8205,converged,81570.68,50255.70,-1.4125,0.00,0.0000,0.0088,0.0108,,,,,,,
51.6029,7,3,11.1021,62.7041,converged,81570.68,50255.70,-1.4125,0.00,0.0000,0.0067,0.0076,,,,,,,
33.4492,10,3,10.3929,43.8419,converged,81570.68,50255.70,-1.4125,0.00,0.0000,0.0060,0.0029,,,,,,,
25.5850,10,3,13.1025,38.6875,converged,81570.68,50255.70,-1.4125,0.00,0.0000,0.0039,0.0013,,,,,,,
53.5405,6,3,15.2410,68.7810,converged,81570.68,50255.70,-1.4125,0.00,0.0000,0.0074,0.0118,,,,,,,
21.3472,10,3,9.5857,30.9327,converged,81570.68,50255.70,-1.4125,0.00,0.0000,0.0058,0.0028,,,,,,,
55.9667,6,3,10.1394,66.1054,converged,81570.68,50255.70,-1.4125,0.00,0.0000,0.0068,0.0233,,,,,,,
47.4607,7,3,9.0926,56.5527,converged,81570.68,50255.70,-1.4125,0.00,0.0000,0.0085,0.0065,,,,,,,
22.5422,10,3,11.0824,33.6244,converged,81570.68,50255.70,-1.4125,0.00,0.0000,0.0052,0.0015,,,,,,,
38.5985,9,3,10.4731,49.0711,converged,81570.68,50255.70,-1.4125,0.00,0.0000,0.0062,0.0031,,,,,,,
51.7931,7,3,11.9864,63.7794,converged,81570.68,50255.70,-1.4125,0.00,0.0000,0.0091,0.0070,,,,,,,
43.8041,8,3,14.8267,58.6307,converged,81570.68,50255.70,-1.4125,0.00,0.0000,0.0090,0.0037,,,,,,,
38.0299,9,3,11.1842,49.2132,converged,81570.68,50255.70,-1.4125,0.00,0.0000,0.0066,0.0042,,,,,,,
43.9246,8,3,9.4018,53.3258,converged,81570.68,50255.70,-1.4125,0.00,0.0000,0.0065,0.0044,,,,,,,
43.3561,8,3,8.9817,52.3377,converged,81570.68,50255.70,-1.4125,0.00,0.0000,0.0068,0.0045,,,,,,,
27.3327,10,3,9.2615,36.5936,converged,81570.68,50255.70,-1.4125,0.00,0.0000,0.0054,0.0019,,,,,,,
31.4372,10,3,8.5183,39.9553,converged,81570.68,50255.70,-1.4125,0.00,0.0000,0.0058,0.0018,,,,,,,
34.0284,9,3,9.7218,43.7498,converged,81570.68,50255.70,-1.4125,0.00,0.0000,0.0041,0.0030,,,,,,,
47.2805,7,3,9.4795,56.7596,converged,81570.68,50255.70,-1.4125,0.00,0.0000,0.0055,0.0102,,,,,,,
26.0340,10,3,9.1865,35.2195,converged,81570.68,50255.70,-1.4125,0.00,0.0000,0.0047,0.0018,,,,,,,
44.0380,8,3,8.4420,52.4801,converged,81570.68,50255.70,-1.4125,0.00,0.0000,0.0057,0.0051,,,,,,,
58.3698,5,3,10.4032,68.7722,converged,81570.68,50255.70,-1.4125,0.00,0.0000,0.0034,0.0297,,,,,,,
57.3783,6,3,11.5789,68.9570,converged,81570.68,50255.70,-1.4125,0.00,0.0000,0.0067,0.0130,,,,,,,
59.9470,5,3,11.9596,71.9056,converged,81570.68,50255.70,-1.4125,0.00,0.0000,0.0070,0.0439,,,,,,,
27.4473,10,3,12.6886,40.1357,converged,81570.68,50255.70,-1.4125,0.00,0.0000,0.0052,0.0022,,,,,,,
42.7424,8,3,9.4479,52.1900,converged,81570.68,50255.70,-1.4125,0.00,0.0000,0.0054,0.0049,,,,,,,
23.5205,10,3,22.9578,46.4779,converged,81570.68,50255.70,-1.4125,0.00,0.0000,0.0061,0.0038,,,,,,,
20.9202,10,3,9.5241,30.4441,converged,81570.68,50255.70,-1.4125,0.00,0.0000,0.0036,0.0014,,,,,,,
47.3461,7,3,13.3611,60.7072,converged,81570.68,50255.70,-1.4125,0.00,0.0000,0.0078,0.0056,,,,,,,
55.6695,6,3,14.7011,70.3702,converged,81570.68,50255.70,-1.4125,0.00,0.0000,0.0118,0.0103,,,,,,,
57.1141,6,3,15.0997,72.2138,converged,81570.68,50255.70,-1.4125,0.00,0.0000,0.0078,0.0134,,,,,,,
42.8007,8,3,13.0792,55.8792,converged,81570.68,50255.70,-1.4125,0.00,0.0000,0.0064,0.0051,,,,,,,
45.0134,8,3,11.0312,56.0443,converged,81570.68,50255.70,-1.4125,0.00,0.0000,0.0061,0.0050,,,,,,,
27.2135,10,3,10.2749,37.4879,converged,81570.68,50255.70,-1.4125,0.00,0.0000,0.0056,0.0036,,,,,,,
42.9226,8,3,9.7143,52.6364,converged,81570.68,50255.70,-1.4126,0.00,0.0000,0.0068,0.0040,,,,,,,
22.0141,10,3,9.6601,31.6741,converged,81570.68,50255.70,-1.4126,0.00,0.0000,0.0054,0.0037,,,,,,,
50.1588,7,3,10.9057,61.0637,converged,81570.68,50255.70,-1.4126,0.00,0.0000,0.0070,0.0064,,,,,,,
27.8037,10,3,18.7513,46.5543,converged,81570.68,50255.70,-1.4126,0.00,0.0000,0.0064,0.0046,,,,,,,
51.3244,7,3,11.9677,63.2917,converged,81570.68,50255.70,-1.4125,0.00,0.0000,0.0064,0.0092,,,,,,,
31.6694,10,3,15.1973,46.8663,converged,81570.68,50255.70,-1.4125,0.00,0.0000,0.0045,0.0012,,,,,,,
53.7756,6,3,10.1012,63.8762,converged,81570.68,50255.70,-1.4125,0.00,0.0000,0.0078,0.0155,,,,,,,
31.6803,10,3,10.0493,41.7293,converged,81570.68,50255.70,-1.4125,0.00,0.0000,0.0068,0.0039,,,,,,,
56.1300,6,3,9.4095,65.5395,converged,81570.68,50255.70,-1.4125,0.00,0.0000,0.0052,0.0166,,,,,,,
37.9738,9,3,9.8453,47.8183,converged,81570.68,50255.70,-1.4125,0.00,0.0000,0.0045,0.0042,,,,,,,
33.6834,10,3,11.7025,45.3855,converged,81570.68,50255.70,-1.4125,0.00,0.0000,0.0056,0.0030,,,,,,,
45.6227,8,3,14.7087,60.3307,converged,81570.68,50255.70,-1.4125,0.00,0.0000,0.0066,0.0032,,,,,,,
21.1071,10,3,16.3121,37.4192,converged,81570.68,50255.70,-1.4125,0.00,0.0000,0.0044,0.0017,,,,,,,
43.3886,8,3,8.6514,52.0394,converged,81570.68,50255.70,-1.4125,0.00,0.0000,0.0065,0.0041,,,,,,,
43.1842,8,3,9.3815,52.5655,converged,81570.68,50255.70,-1.4125,0.00,0.0000,0.0064,0.0047,,,,,,,
38.9404,9,3,8.6225,47.5626,converged,81570.68,50255.70,-1.4125,0.00,0.0000,0.0050,0.0030,,,,,,,
43.0097,8,3,11.3944,54.4035,converged,81570.68,50255.70,-1.4125,0.00,0.0000,0.0068,0.0037,,,,,,,
26.9519,10,3,9.0013,35.9523,converged,81570.68,50255.70,-1.4125,0.00,0.0000,0.0059,0.0050,,,,,,,
48.5238,7,3,13.0742,61.5972,converged,81570.68,50255.70,-1.4125,0.00,0.0000,0.0058,0.0078,,,,,,,
48.3457,7,3,15.0254,63.3704,converged,81570.68,50255.70,-1.4125,0.00,0.0000,0.0082,0.0072,,,,,,,
52.5057,6,3,13.7278,66.2328,converged,81570.68,50255.70,-1.4125,0.00,0.0000,0.0088,0.0128,,,,,,,
22.4994,10,3,17.8782,40.3773,converged,81570.68,50255.70,-1.4125,0.00,0.0000,0.0064,0.0039,,,,,,,
23.6955,10,3,11.9509,35.6459,converged,81570.68,50255.70,-1.4125,0.00,0.0000,0.0067,0.0047,,,,,,,
52.2943,6,3,12.1726,64.4666,converged,81570.68,50255.70,-1.4125,0.00,0.0000,0.0062,0.0204,,,,,,,
27.2792,10,3,9.9950,37.2740,converged,81570.68,50255.70,-1.4125,0.00,0.0000,0.0056,0.0013,,,,,,,
43.8898,8,3,9.5311,53.4202,converged,81570.68,50255.70,-1.4125,0.00,0.0000,0.0052,0.0042,,,,,,,
29.4051,10,3,10.6663,40.0713,converged,81570.68,50255.70,-1.4125,0.00,0.0000,0.0063,0.0047,,,,,,,
45.5041,8,3,9.3192,54.8232,converged,81570.68,50255.70,-1.4125,0.00,0.0000,0.0059,0.0043,,,,,,,
48.3427,7,3,9.9251,58.2671,converged,81570.68,50255.70,-1.4125,0.00,0.0000,0.0065,0.0093,,,,,,,
44.2148,8,3,11.6086,55.8226,converged,81570.68,50255.70,-1.4125,0.00,0.0000,0.0052,0.0041,,,,,,,
42.9562,8,3,18.2398,61.1958,converged,81570.68,50255.70,-1.4125,0.00,0.0000,0.0054,0.0041,,,,,,,
55.9075,6,3,14.3384,70.2455,converged,81570.68,50255.70,-1.4125,0.00,0.0000,0.0060,0.0126,,,,,,,
43.9766,8,3,9.7180,53.6941,converged,81570.68,50255.70,-1.4125,0.00,0.0000,0.0071,0.0042,,,,,,,
47.3698,7,3,11.1853,58.5543,converged,81570.68,50255.70,-1.4125,0.00,0.0000,0.0072,0.0066,,,,,,,
30.6805,10,3,11.6582,42.3382,converged,81570.68,50255.70,-1.4125,0.00,0.0000,0.0058,0.0024,,,,,,,
44.4578,8,3,9.5483,54.0053,converged,81570.68,50255.70,-1.4125,0.00,0.0000,0.0063,0.0044,,,,,,,
44.1572,8,3,9.8525,54.0095,converged,81570.68,50255.70,-1.4125,0.00,0.0000,0.0057,0.0045,,,,,,,
42.0166,8,3,11.9231,53.9391,converged,81570.68,50255.70,-1.4125,0.00,0.0000,0.0076,0.0055,,,,,,,
22.9896,10,3,19.1679,42.1569,converged,81570.68,50255.70,-1.4125,0.00,0.0000,0.0062,0.0051,,,,,,,
23.8838,10,3,8.6246,32.5076,converged,81570.68,50255.70,-1.4125,0.00,0.0000,0.0054,0.0033,,,,,,,
26.7686,10,3,11.0525,37.8205,converged,81570.68,50255.70,-1.4125,0.00,0.0000,0.0060,0.0032,,,,,,,
24.7083,10,3,8.9378,33.6459,converged,81570.68,50255.70,-1.4125,0.00,0.0000,0.0052,0.0032,,,,,,,
39.1861,9,3,9.4714,48.6574,converged,81570.68,50255.70,-1.4125,0.00,0.0000,0.0069,0.0027,,,,,,,
44.3486,8,3,8.5991,52.9471,converged,81570.68,50255.70,-1.4125,0.00,0.0000,0.0044,0.0041,,,,,,,
27.3685,10,3,13.0264,40.3945,converged,81570.68,50255.70,-1.4125,0.00,0.0000,0.0044,0.0013,,,,,,,
49.8496,7,3,10.3087,60.1578,converged,81570.68,50255.70,-1.4125,0.00,0.0000,0.0081,0.0071,,,,,,,
23.6410,10,3,8.9396,32.5806,converged,81570.68,50255.70,-1.4125,0.00,0.0000,0.0051,0.0024,,,,,,,
45.4788,8,3,11.3463,56.8243,converged,81570.68,50255.70,-1.4125,0.00,0.0000,0.0064,0.0034,,,,,,,
22.4607,10,3,13.0345,35.4946,converged,81570.68,50255.70,-1.4125,0.00,0.0000,0.0059,0.0049,,,,,,,
56.7430,6,3,9.0735,65.8156,converged,81570.68,50255.70,-1.4125,0.00,0.0000,0.0085,0.0154,,,,,,,
56.0178,6,3,10.5863,66.6036,converged,81570.68,50255.70,-1.4125,0.00,0.0000,0.0076,0.0094,,,,,,,
50.4502,7,3,9.6644,60.1144,converged,81570.68,50255.70,-1.4125,0.00,0.0000,0.0059,0.0068,,,,,,,
57.0645,6,3,10.7485,67.8125,converged,81570.68,50255.70,-1.4125,0.00,0.0000,0.0054,0.0252,,,,,,,
41.5158,8,3,13.8923,55.4073,converged,81570.68,50255.70,-1.4125,0.00,0.0000,0.0041,0.0051,,,,,,,
50.5362,7,3,9.3410,59.8771,converged,81570.68,50255.70,-1.4125,0.00,0.0000,0.0077,0.0055,,,,,,,
34.4903,9,3,10.4586,44.9486,converged,81570.68,50255.70,-1.4125,0.00,0.0000,0.0045,0.0027,,,,,,,
43.3882,8,3,12.4066,55.7946,converged,81570.68,50255.70,-1.4125,0.00,0.0000,0.0060,0.0054,,,,,,,
45.1615,8,3,11.0650,56.2260,converged,81570.68,50255.70,-1.4125,0.00,0.0000,0.0066,0.0072,,,,,,,
40.7769,8,3,15.0761,55.8521,converged,81570.68,50255.70,-1.4125,0.00,0.0000,0.0059,0.0048,,,,,,,
40.7109,8,3,9.6312,50.3413,converged,81570.68,50255.70,-1.4125,0.00,0.0000,0.0055,0.0054,,,,,,,
35.4525,9,3,9.1150,44.5670,converged,81570.68,50255.70,-1.4125,0.00,0.0000,0.0058,0.0021,,,,,,,
54.1479,6,3,14.9659,69.1130,converged,81570.68,50255.70,-1.4125,0.00,0.0000,0.0067,0.0123,,,,,,,
29.7297,10,3,10.8347,40.5638,converged,81570.68,50255.70,-1.4125,0.00,0.0000,0.0049,0.0012,,,,,,,
28.6689,10,3,9.9438,38.6118,converged,81570.68,50255.70,-1.4125,0.00,0.0000,0.0044,0.0021,,,,,,,
45.9680,8,3,9.8384,55.8065,converged,81570.68,50255.70,-1.4125,0.00,0.0000,0.0081,0.0091,,,,,,,
31.8255,10,3,11.5829,43.4080,converged,81570.68,50255.70,-1.4125,0.00,0.0000,0.0066,0.0035,,,,,,,
38.7770,9,3,11.4030,50.1790,converged,81570.68,50255.70,-1.4125,0.00,0.0000,0.0050,0.0034,,,,,,,
29.3867,10,3,9.4127,38.7987,converged,81570.68,50255.70,-1.4125,0.00,0.0000,0.0046,0.0015,,,,,,,
20.7223,10,3,13.8210,34.5430,converged,81570.68,50255.70,-1.4125,0.00,0.0000,0.0058,0.0023,,,,,,,
47.6441,7,3,9.8268,57.4708,converged,81570.68,50255.70,-1.4125,0.00,0.0000,0.0074,0.0058,,,,,,,
28.2577,10,3,12.1076,40.3646,converged,81570.68,50255.70,-1.4125,0.00,0.0000,0.0051,0.0022,,,,,,,
46.6550,7,3,12.2099,58.8649,converged,81570.68,50255.70,-1.4125,0.00,0.0000,0.0068,0.0078,,,,,,,
38.0719,9,3,14.5649,52.6360,converged,81570.68,50255.70,-1.4125,0.00,0.0000,0.0060,0.0022,,,,,,,
38.2078,9,3,14.6877,52.8947,converged,81570.68,50255.70,-1.4125,0.00,0.0000,0.0047,0.0022,,,,,,,
30.2830,10,3,15.6424,45.9254,converged,81570.68,50255.70,-1.4126,0.00,0.0000,0.0065,0.0040,,,,,,,
52.9818,6,3,14.1629,67.1439,converged,81570.68,50255.70,-1.4126,0.00,0.0000,0.0085,0.0123,,,,,,,
40.1344,8,3,13.3859,53.5199,converged,81570.68,50255.70,-1.4126,0.00,0.0000,0.0085,0.0058,,,,,,,
20.5923,10,3,10.1607,30.7527,converged,81570.68,50255.70,-1.4126,0.00,0.0000,0.0047,0.0018,,,,,,,
25.6831,10,3,9.7379,35.4209,converged,81570.68,50255.70,-1.4126,0.00,0.0000,0.0059,0.0025,,,,,,,
57.0394,6,3,9.0612,66.1002,converged,81570.68,50255.70,-1.4126,0.00,0.0000,0.0070,0.0208,,,,,,,
28.5151,10,3,9.0723,37.5873,converged,81570.68,50255.70,-1.4125,0.00,0.0000,0.0066,0.0038,,,,,,,
43.6101,8,3,13.6812,57.2912,converged,81570.68,50255.70,-1.4125,0.00,0.0000,0.0069,0.0034,,,,,,,
38.7866,9,3,9.7477,48.5337,converged,81570.68,50255.70,-1.4125,0.00,0.0000,0.0069,0.0070,,,,,,,
29.1175,10,3,11.7841,40.9012,converged,81570.68,50255.70,-1.4125,0.00,0.0000,0.0056,0.0031,,,,,,,
57.0945,6,3,13.3408,70.4348,converged,81570.68,50255.70,-1.4125,0.00,0.0000,0.0064,0.0146,,,,,,,
20.7929,10,3,9.9020,30.6941,converged,81570.68,50255.70,-1.4125,0.00,0.0000,0.0052,0.0031,,,,,,,
46.5450,7,3,10.0390,56.5830,converged,81570.68,50255.70,-1.4125,0.00,0.0000,0.0077,0.0067,,,,,,,
27.4495,10,3,11.4801,38.9292,converged,81570.68,50255.70,-1.4125,0.00,0.0000,0.0068,0.0045,,,,,,,
30.9533,10,3,18.5004,49.5156,converged,81570.68,50255.70,-1.4125,0.00,0.0000,0.0046,0.0017,,,,,,,
26.2818,10,3,11.3753,37.6647,converged,81570.68,50255.70,-1.4125,0.00,0.0000,0.0049,0.0018,,,,,,,
41.3238,8,3,15.5502,56.8732,converged,81570.68,50255.70,-1.4125,0.00,0.0000,0.0033,0.0050,,,,,,,
26.8289,10,3,8.8551,35.6832,converged,81570.68,50255.70,-1.4125,0.00,0.0000,0.0049,0.0017,,,,,,,
47.0399,7,3,14.3763,61.4153,converged,81570.68,50255.70,-1.4125,0.00,0.0000,0.0078,0.0065,,,,,,,
21.0404,10,3,14.4941,35.5341,converged,81570.68,50255.70,-1.4125,0.00,0.0000,0.0060,0.0033,,,,,,,
37.2281,9,3,11.7620,48.9900,converged,81570.68,50255.70,-1.4125,0.00,0.0000,0.0053,0.0030,,,,,,,
54.4767,6,3,10.9222,65.3983,converged,81570.68,50255.70,-1.4125,0.00,0.0000,0.0083,0.0137,,,,,,,
20.8472,10,3,13.7949,34.6420,converged,81570.68,50255.70,-1.4125,0.00,0.0000,0.0060,0.0029,,,,,,,
21.9040,10,3,9.8700,31.7740,converged,81570.68,50255.70,-1.4125,0.00,0.0000,0.0048,0.0020,,,,,,,
54.6628,6,3,10.1362,64.7982,converged,81570.68,50255.70,-1.4126,0.00,0.0000,0.0055,0.0185,,,,,,,
55.1686,6,3,10.6752,65.8433,converged,81570.68,50255.70,-1.4126,0.00,0.0000,0.0082,0.0096,,,,,,,
47.7926,7,3,10.2416,58.0337,converged,81570.68,50255.70,-1.4126,0.00,0.0000,0.0059,0.0114,,,,,,,
58.8517,5,3,9.3807,68.2317,converged,81570.68,50255.70,-1.4126,0.00,0.0000,0.0086,0.0319,,,,,,,
55.3187,6,3,10.0665,65.3845,converged,81570.68,50255.70,-1.4125,0.00,0.0000,0.0075,0.0149,,,,,,,
43.7732,8,3,10.4359,54.2089,converged,81570.68,50255.70,-1.4125,0.00,0.0000,0.0066,0.0051,,,,,,,
51.7429,7,3,9.3804,61.1224,converged,81570.68,50255.70,-1.4125,0.00,0.0000,0.0082,0.0070,,,,,,,
48.2501,7,3,13.5210,61.7710,converged,81570.68,50255.70,-1.4125,0.00,0.0000,0.0067,0.0062,,,,,,,
28.4211,10,3,13.9343,42.3553,converged,81570.68,50255.70,-1.4125,0.00,0.0000,0.0067,0.0040,,,,,,,
34.3542,9,3,9.4877,43.8418,converged,81570.68,50255.70,-1.4125,0.00,0.0000,0.0060,0.0025,,,,,,,
30.7035,10,3,9.3161,40.0191,converged,81570.68,50255.70,-1.4126,0.00,0.0000,0.0053,0.0019,,,,,,,
45.9920,8,3,9.5127,55.5047,converged,81570.68,50255.70,-1.4126,0.00,0.0000,0.0048,0.0037,,,,,,,
32.6552,10,3,10.3312,42.9863,converged,81570.68,50255.70,-1.4126,0.00,0.0000,0.0056,0.0032,,,,,,,
54.0391,6,3,14.3959,68.4349,converged,81570.68,50255.70,-1.4126,0.00,0.0000,0.0063,0.0166,,,,,,,
54.5785,6,3,11.4850,66.0630,converged,81570.68,50255.70,-1.4126,0.00,0.0000,0.0074,0.0123,,,,,,,
45.9814,8,3,8.5588,54.5398,converged,81570.68,50255.70,-1.4126,0.00,0.0000,0.0057,0.0053,,,,,,,
55.9645,6,3,9.1558,65.1199,converged,81570.68,50255.70,-1.4126,0.00,0.0000,0.0044,0.0223,,,,,,,
31.5234,10,3,11.6666,43.1897,converged,81570.68,50255.70,-1.4126,0.00,0.0000,0.0052,0.0020,,,,,,,
41.8469,8,3,12.5549,54.4010,converged,81570.68,50255.70,-1.4125,0.00,0.0000,0.0043,0.0053,,,,,,,
38.2744,9,3,9.0043,47.2783,converged,81570.68,50255.70,-1.4125,0.00,0.0000,0.0075,0.0076,,,,,,,
28.7363,10,3,9.9775,38.7136,converged,81570.68,50255.70,-1.4125,0.00,0.0000,0.0057,0.0039,,,,,,,
21.7878,10,3,14.2186,36.0057,converged,81570.68,50255.70,-1.4125,0.00,0.0000,0.0040,0.0018,,,,,,,
50.4881,7,3,11.3176,61.8057,converged,81570.68,50255.70,-1.4125,0.00,0.0000,0.0062,0.0078,,,,,,,
33.1226,10,3,19.6666,52.7887,converged,81570.68,50255.70,-1.4125,0.00,0.0000,0.0062,0.0045,,,,,,,
26.7662,10,3,9.9246,36.7075,converged,81570.68,50255.70,-1.4125,0.00,0.0000,0.0051,0.0020,,,,,,,
36.6364,9,3,9.7816,46.4176,converged,81570.68,50255.70,-1.4125,0.00,0.0000,0.0057,0.0029,,,,,,,
36.0334,9,3,9.9181,45.9511,converged,81570.68,50255.70,-1.4125,0.00,0.0000,0.0065,0.0024,,,,,,,
55.4769,6,3,10.0164,65.4924,converged,81570.68,50255.70,-1.4125,0.00,0.0000,0.0049,0.0193,,,,,,,
23.8098,10,3,8.8113,32.6204,converged,81570.68,50255.70,-1.4125,0.00,0.0000,0.0066,0.0062,,,,,,,
53.5754,6,3,13.1947,66.7697,converged,81570.68,50255.70,-1.4125,0.00,0.0000,0.0095,0.0116,,,,,,,
45.1782,8,3,10.2872,55.4653,converged,81570.68,50255.70,-1.4125,0.00,0.0000,0.0060,0.0045,,,,,,,
30.9701,10,3,16.3078,47.2778,converged,81570.68,50255.70,-1.4125,0.00,0.0000,0.0060,0.0033,,,,,,,
38.4209,9,3,9.2896,47.7096,converged,81570.68,50255.70,-1.4125,0.00,0.0000,0.0052,0.0027,,,,,,,
20.2852,10,3,15.7832,36.0683,converged,81570.68,50255.70,-1.4125,0.00,0.0000,0.0061,0.0035,,,,,,,
40.0259,8,3,13.5040,53.5290,converged,81570.68,50255.70,-1.4125,0.00,0.0000,0.0062,0.0039,,,,,,,
23.5227,10,3,9.4231,32.9451,converged,81570.68,50255.70,-1.4125,0.00,0.0000,0.0049,0.0023,,,,,,,
43.1955,8,3,9.3339,52.5290,converged,81570.68,50255.70,-1.4125,0.00,0.0000,0.0072,0.0035,,,,,,,
42.8616,8,3,11.5350,54.3960,converged,81570.68,50255.70,-1.4125,0.00,0.0000,0.0061,0.0062,,,,,,,
35.5843,9,3,9.7216,45.3057,converged,81570.68,50255.70,-1.4125,0.00,0.0000,0.0045,0.0021,,,,,,,
53.9914,6,3,10.9837,64.9747,converged,81570.68,50255.70,-1.4125,0.00,0.0000,0.0069,0.0121,,,,,,,
45.0641,8,3,10.3352,55.3993,converged,81570.68,50255.70,-1.4125,0.00,0.0000,0.0055,0.0037,,,,,,,
56.8817,6,3,10.5965,67.4775,converged,81570.68,50255.70,-1.4125,0.00,0.0000,0.0064,0.0164,,,,,,,
36.8818,9,3,9.8461,46.7272,converged,81570.68,50255.70,-1.4125,0.00,0.0000,0.0063,0.0026,,,,,,,
58.3580,5,3,10.7973,69.1543,converged,81570.68,50255.70,-1.4125,0.00,0.0000,0.0100,0.0345,,,,,,,
28.0771,10,3,11.7324,39.8094,converged,81570.68,50255.70,-1.4125,0.00,0.0000,0.0048,0.0015,,,,,,,
26.7476,10,3,12.6119,39.3589,converged,81570.68,50255.70,-1.4125,0.00,0.0000,0.0070,0.0069,,,,,,,
54.4452,6,3,13.0491,67.4941,converged,81570.68,50255.70,-1.4125,0.00,0.0000,0.0085,0.0144,,,,,,,
24.0323,10,3,8.9822,33.0142,converged,81570.68,50255.70,-1.4125,0.00,0.0000,0.0061,0.0035,,,,,,,
58.0367,5,3,9.4574,67.4934,converged,81570.68,50255.70,-1.4125,0.00,0.0000,0.0109,0.0403,,,,,,,
53.4697,6,3,10.3287,63.7977,converged,81570.68,50255.70,-1.4125,0.00,0.0000,0.0066,0.0154,,,,,,,
53.1851,6,3,9.6371,62.8222,converged,81570.68,50255.70,-1.4125,0.00,0.0000,0.0088,0.0162,,,,,,,
51.8483,7,3,9.2272,61.0752,converged,81570.68,50255.70,-1.4125,0.00,0.0000,0.0057,0.0069,,,,,,,
34.7814,9,3,9.4623,44.2434,converged,81570.68,50255.70,-1.4125,0.00,0.0000,0.0050,0.0033,,,,,,,
58.2404,5,3,9.7626,68.0027,converged,81570.68,50255.70,-1.4125,0.00,0.0000,0.0088,0.0347,,,,,,,
49.3088,7,3,9.5303,58.8384,converged,81570.68,50255.70,-1.4125,0.00,0.0000,0.0093,0.0065,,,,,,,
35.2756,9,3,10.7195,45.9946,converged,81570.68,50255.70,-1.4125,0.00,0.0000,0.0052,0.0023,,,,,,,
57.0777,6,3,14.2305,71.3075,converged,81570.68,50255.70,-1.4125,0.00,0.0000,0.0096,0.0132,,,,,,,
23.5653,10,3,10.2688,33.8338,converged,81570.68,50255.70,-1.4125,0.00,0.0000,0.0032,0.0015,,,,,,,
32.2832,10,3,10.0907,42.3737,converged,81570.68,50255.70,-1.4125,0.00,0.0000,0.0061,0.0038,,,,,,,
31.1493,10,3,10.5497,41.6987,converged,81570.68,50255.70,-1.4125,0.00,0.0000,0.0051,0.0018,,,,,,,
36.0548,9,3,16.3917,52.4457,converged,81570.68,50255.70,-1.4125,0.00,0.0000,0.0069,0.0052,,,,,,,
43.7496,8,3,9.9649,53.7140,converged,81570.68,50255.70,-1.4125,0.00,0.0000,0.0061,0.0026,,,,,,,
42.8778,8,3,16.0869,58.9640,converged,81570.68,50255.70,-1.4125,0.00,0.0000,0.0069,0.0041,,,,,,,
55.9560,6,3,14.4299,71.0575,converged,81570.68,50255.70,-1.4125,0.00,0.0000,0.0063,0.0167,,,,,,,
28.2195,10,3,12.7320,40.9511,converged,81570.68,50255.70,-1.4125,0.00,0.0000,0.0058,0.0032,,,,,,,
28.3545,10,3,8.5278,36.8818,converged,81570.68,50255.70,-1.4125,0.00,0.0000,0.0055,0.0028,,,,,,,
20.9998,10,3,9.6758,30.6748,converged,81570.68,50255.70,-1.4125,0.00,0.0000,0.0080,0.0064,,,,,,,
27.3968,10,3,11.8628,39.2588,converged,81570.68,50255.70,-1.4125,0.00,0.0000,0.0060,0.0020,,,,,,,
47.4171,7,3,9.5762,56.9932,converged,81570.68,50255.70,-1.4125,0.00,0.0000,0.0091,0.0062,,,,,,,
39.8933,9,3,15.8203,55.7133,converged,81570.68,50255.70,-1.4125,0.00,0.0000,0.0052,0.0026,,,,,,,
23.8664,10,3,10.6513,34.5174,converged,81570.68,50255.70,-1.4125,0.00,0.0000,0.0052,0.0017,,,,,,,
57.1301,6,3,10.7251,67.8551,converged,81570.68,50255.70,-1.4125,0.00,0.0000,0.0077,0.0171,,,,,,,
24.5766,10,3,13.7290,38.3050,converged,81570.68,50255.70,-1.4125,0.00,0.0000,0.0073,0.0062,,,,,,,
40.6695,8,3,9.7003,50.3693,converged,81570.68,50255.70,-1.4125,0.00,0.0000,0.0060,0.0048,,,,,,,
46.6087,7,3,10.2528,56.8608,converged,81570.68,50255.70,-1.4125,0.00,0.0000,0.0067,0.0084,,,,,,,
49.8061,7,3,8.7948,58.6009,converged,81570.68,50255.70,-1.4125,0.00,0.0000,0.0088,0.0068,,,,,,,
33.1539,10,3,13.8225,46.9755,converged,81570.68,50255.70,-1.4125,0.00,0.0000,0.0067,0.0045,,,,,,,
29.5352,10,3,10.8973,40.4324,converged,81570.68,50255.70,-1.4125,0.00,0.0000,0.0045,0.0016,,,,,,,
45.1313,8,3,9.5108,54.6419,converged,81570.68,50255.70,-1.4125,0.00,0.0000,0.0063,0.0033,,,,,,,
57.4428,6,3,13.0141,70.4561,converged,81570.68,50255.70,-1.4125,0.00,0.0000,0.0097,0.0114,,,,,,,
51.8079,7,3,9.2584,61.0654,converged,81570.68,50255.70,-1.4125,0.00,0.0000,0.0067,0.0070,,,,,,,
50.7954,7,3,10.1207,60.9157,converged,81570.68,50255.70,-1.4125,0.00,0.0000,0.0079,0.0063,,,,,,,
38.7020,9,3,11.0569,49.7579,converged,81570.68,50255.70,-1.4125,0.00,0.0000,0.0055,0.0023,,,,,,,
52.4097,6,3,11.0441,63.4532,converged,81570.68,50255.70,-1.4125,0.00,0.0000,0.0073,0.0167,,,,,,,
56.1797,6,3,8.5793,64.7584,converged,81570.68,50255.70,-1.4125,0.00,0.0000,0.0030,0.0214,,,,,,,
39.5069,9,3,10.1633,49.6693,converged,81570.68,50255.70,-1.4125,0.00,0.0000,0.0048,0.0031,,,,,,,
59.3644,5,3,10.8455,70.2095,converged,81570.68,50255.70,-1.4125,0.00,0.0000,0.0072,0.0347,,,,,,,
41.6637,8,3,13.3072,54.9702,converged,81570.68,50255.70,-1.4125,0.00,0.0000,0.0069,0.0033,,,,,,,
51.4541,7,3,12.2939,63.7479,converged,81570.68,50255.70,-1.4125,0.00,0.0000,0.0075,0.0067,,,,,,,
27.0350,10,3,10.0945,37.1296,converged,81570.68,50255.70,-1.4125,0.00,0.0000,0.0047,0.0018,,,,,,,
49.3277,7,3,8.8367,58.1637,converged,81570.68,50255.70,-1.4125,0.00,0.0000,0.0072,0.0074,,,,,,,
46.5977,7,3,8.8938,55.4908,converged,81570.68,50255.70,-1.4125,0.00,0.0000,0.0072,0.0083,,,,,,,
52.9070,6,3,11.2785,64.1855,converged,81570.68,50255.70,-1.4125,0.00,0.0000,0.0073,0.0135,,,,,,,
20.7286,10,3,14.2861,35.0142,converged,81570.68,50255.70,-1.4125,0.00,0.0000,0.0062,0.0040,,,,,,,
55.9548,6,3,11.2640,67.2181,converged,81570.68,50255.70,-1.4125,0.00,0.0000,0.0089,0.0156,,,,,,,
44.0236,8,3,11.6121,55.6351,converged,81570.68,50255.70,-1.4125,0.00,0.0000,0.0055,0.0042,,,,,,,
55.4860,6,3,9.9390,65.4250,converged,81570.68,50255.70,-1.4125,0.00,0.0000,0.0045,0.0122,,,,,,,
52.3179,6,3,10.2068,62.5238,converged,81570.68,50255.70,-1.4125,0.00,0.0000,0.0083,0.0147,,,,,,,
42.0805,8,3,19.3488,61.4288,converged,81570.68,50255.70,-1.4125,0.00,0.0000,0.0051,0.0047,,,,,,,
29.2591,10,3,12.3494,41.6084,converged,81570.68,50255.70,-1.4125,0.00,0.0000,0.0058,0.0029,,,,,,,
56.8652,6,3,9.8957,66.7607,converged,81570.68,50255.70,-1.4125,0.00,0.0000,0.0080,0.0112,,,,,,,
51.1848,7,3,8.7520,59.9360,converged,81570.68,50255.70,-1.4125,0.00,0.0000,0.0062,0.0081,,,,,,,
50.1978,7,3,15.8088,66.0058,converged,81570.68,50255.70,-1.4125,0.00,0.0000,0.0075,0.0074,,,,,,,
52.4067,6,3,12.1343,64.5403,converged,81570.68,50255.70,-1.4125,0.00,0.0000,0.0074,0.0189,,,,,,,
46.1441,7,3,10.3404,56.4844,converged,81570.68,50255.70,-1.4125,0.00,0.0000,0.0060,0.0063,,,,,,,
53.7321,6,3,11.7309,65.4630,converged,81570.68,50255.70,-1.4125,0.00,0.0000,0.0055,0.0139,,,,,,,
59.6924,5,3,10.2022,69.8942,converged,81570.68,50255.70,-1.4124,0.00,0.0000,0.0050,0.0396,,,,,,,
50.5821,7,3,9.1030,59.6850,converged,81570.68,50255.70,-1.4124,0.00,0.0000,0.0086,0.0073,,,,,,,
23.4431,10,3,8.9120,32.3551,converged,81570.68,50255.70,-1.4124,0.00,0.0000,0.0053,0.0027,,,,,,,
39.0436,9,3,10.8470,49.8901,converged,81570.68,50255.70,-1.4124,0.00,0.0000,0.0068,0.0029,,,,,,,
26.0715,10,3,14.4112,40.4822,converged,81570.68,50255.70,-1.4125,0.00,0.0000,0.0052,0.0023,,,,,,,
50.4656,7,3,19.2202,69.6852,converged,81570.68,50255.70,-1.4125,0.00,0.0000,0.0075,0.0081,,,,,,,
26.5783,10,3,16.5300,43.1081,converged,81570.68,50255.70,-1.4125,0.00,0.0000,0.0053,0.0026,,,,,,,
56.9551,6,3,12.0491,69.0041,converged,81570.68,50255.70,-1.4125,0.00,0.0000,0.0080,0.0159,,,,,,,
34.3463,9,3,11.6519,45.9980,converged,81570.68,50255.70,-1.4125,0.00,0.0000,0.0062,0.0023,,,,,,,
41.3552,8,3,9.0532,50.4082,converged,81570.68,50255.70,-1.4125,0.00,0.0000,0.0066,0.0045,,,,,,,
42.7763,8,3,11.8488,54.6248,converged,81570.68,50255.70,-1.4125,0.00,0.0000,0.0048,0.0034,,,,,,,
22.9784,10,3,12.5570,35.5352,converged,81570.68,50255.70,-1.4125,0.00,0.0000,0.0058,0.0036,,,,,,,
40.2854,8,3,9.1332,49.4903,converged,81570.68,50255.70,-1.4125,0.00,0.0000,0.0047,0.0054,,,,,,,
57.5007,6,3,9.6621,67.1622,converged,81570.68,50255.70,-1.4125,0.00,0.0000,0.0062,0.0119,,,,,,,
27.0999,10,3,9.3840,36.4830,converged,81570.68,50255.70,-1.4125,0.00,0.0000,0.0056,0.0031,,,,,,,
58.2775,5,3,11.7081,69.9852,converged,81570.68,50255.70,-1.4125,0.00,0.0000,0.0072,0.0388,,,,,,,
36.5165,9,3,10.9201,47.4362,converged,81570.68,50255.70,-1.4125,0.00,0.0000,0.0040,0.0040,,,,,,,
48.8901,7,3,15.0374,63.9275,converged,81570.68,50255.70,-1.4125,0.00,0.0000,0.0061,0.0071,,,,,,,
48.4043,7,3,9.5542,57.9583,converged,81570.68,50255.70,-1.4125,0.00,0.0000,0.0061,0.0067,,,,,,,
24.6061,10,3,10.0375,34.6435,converged,81570.68,50255.70,-1.4125,0.00,0.0000,0.0058,0.0019,,,,,,,
45.6102,8,3,10.1219,55.7319,converged,81570.68,50255.70,-1.4125,0.00,0.0000,0.0058,0.0041,,,,,,,
57.2708,6,3,11.0828,68.3529,converged,81570.68,50255.70,-1.4125,0.00,0.0000,0.0108,0.0102,,,,,,,
21.0662,10,3,9.5192,30.5852,converged,81570.68,50255.70,-1.4125,0.00,0.0000,0.0047,0.0022,,,,,,,
28.4975,10,3,12.3321,40.8291,converged,81570.68,50255.70,-1.4125,0.00,0.0000,0.0051,0.0017,,,,,,,
58.5603,5,3,17.3184,75.8784,converged,81570.68,50255.70,-1.4125,0.00,0.0000,0.0069,0.0350,,,,,,,
27.1677,10,3,9.2746,36.4417,converged,81570.68,50255.70,-1.4125,0.00,0.0000,0.0066,0.0033,,,,,,,
24.6871,10,3,9.2346,33.9216,converged,81570.68,50255.70,-1.4125,0.00,0.0000,0.0066,0.0046,,,,,,,
21.6208,10,3,14.7883,36.4084,converged,81570.68,50255.70,-1.4125,0.00,0.0000,0.0052,0.0019,,,,,,,
22.3160,10,3,16.3809,38.6959,converged,81570.68,50255.70,-1.4125,0.00,0.0000,0.0067,0.0058,,,,,,,
22.8472,10,3,11.7410,34.5880,converged,81570.68,50255.70,-1.4125,0.00,0.0000,0.0083,0.0100,,,,,,,
26.3102,10,3,9.4460,35.7560,converged,81570.68,50255.70,-1.4125,0.00,0.0000,0.0055,0.0022,,,,,,,
28.0769,10,3,10.2481,38.3242,converged,81570.68,50255.70,-1.4125,0.00,0.0000,0.0052,0.0024,,,,,,,
55.0557,6,3,12.3048,67.3598,converged,81570.68,50255.70,-1.4125,0.00,0.0000,0.0101,0.0119,,,,,,,
37.1886,9,3,9.5495,46.7375,converged,81570.68,50255.70,-1.4125,0.00,0.0000,0.0056,0.0032,,,,,,,
34.9641,9,3,9.9422,44.9062,converged,81570.68,50255.70,-1.4125,0.00,0.0000,0.0044,0.0031,,,,,,,
54.3449,6,3,11.1190,65.4630,converged,81570.68,50255.70,-1.4125,0.00,0.0000,0.0093,0.0146,,,,,,,
37.4257,9,3,11.7528,49.1778,converged,81570.68,50255.70,-1.4125,0.00,0.0000,0.0059,0.0023,,,,,,,
38.6446,9,3,18.5028,57.1468,converged,81570.68,50255.70,-1.4125,0.00,0.0000,0.0056,0.0023,,,,,,,
41.3118,8,3,12.6419,53.9529,converged,81570.68,50255.70,-1.4125,0.00,0.0000,0.0058,0.0032,,,,,,,
59.9551,5,3,15.0741,75.0291,converged,81570.68,50255.70,-1.4125,0.00,0.0000,0.0035,0.0376,,,,,,,
39.0981,9,3,13.1868,52.2848,converged,81570.68,50255.70,-1.4125,0.00,0.0000,0.0051,0.0027,,,,,,,
51.6319,7,3,9.1965,60.8276,converged,81570.68,50255.70,-1.4125,0.00,0.0000,0.0082,0.0079,,,,,,,
49.8017,7,3,9.8928,59.6939,converged,81570.68,50255.70,-1.4125,0.00,0.0000,0.0065,0.0068,,,,,,,
57.9877,6,3,10.7244,68.7114,converged,81570.68,50255.70,-1.4125,0.00,0.0000,0.0053,0.0153,,,,,,,
21.4992,10,3,11.1386,32.6376,converged,81570.68,50255.70,-1.4125,0.00,0.0000,0.0062,0.0025,,,,,,,
50.8769,7,3,10.2568,61.1328,converged,81570.68,50255.70,-1.4125,0.00,0.0000,0.0073,0.0085,,,,,,,
40.2495,8,3,13.5583,53.8074,converged,81570.68,50255.70,-1.4125,0.00,0.0000,0.0067,0.0038,,,,,,,
31.4911,10,3,11.4917,42.9828,converged,81570.68,50255.70,-1.4125,0.00,0.0000,0.0048,0.0022,,,,,,,
29.0427,10,3,9.6499,38.6920,converged,81570.68,50255.70,-1.4125,0.00,0.0000,0.0058,0.0028,,,,,,,
28.6219,10,3,10.0875,38.7085,converged,81570.68,50255.70,-1.4125,0.00,0.0000,0.0053,0.0023,,,,,,,
37.2422,9,3,11.2595,48.5015,converged,81570.68,50255.70,-1.4125,0.00,0.0000,0.0057,0.0035,,,,,,,
56.6602,6,3,10.4710,67.1311,converged,81570.68,50255.70,-1.4125,0.00,0.0000,0.0088,0.0163,,,,,,,
56.2222,6,3,11.3960,67.6181,converged,81570.68,50255.70,-1.4125,0.00,0.0000,0.0076,0.0153,,,,,,,
28.3370,10,3,13.5952,41.9323,converged,81570.68,50255.70,-1.4125,0.00,0.0000,0.0058,0.0043,,,,,,,
48.5246,7,3,11.5370,60.0610,converged,81570.68,50255.70,-1.4125,0.00,0.0000,0.0062,0.0056,,,,,,,
32.7775,10,3,15.3711,48.1482,converged,81570.68,50255.70,-1.4125,0.00,0.0000,0.0041,0.0023,,,,,,,
52.5486,6,3,15.6584,68.2064,converged,81570.68,50255.70,-1.4125,0.00,0.0000,0.0067,0.0150,,,,,,,
29.3590,10,3,8.8930,38.2521,converged,81570.68,50255.70,-1.4125,0.00,0.0000,0.0049,0.0016,,,,,,,
46.8190,7,3,13.5107,60.3287,converged,81570.68,50255.70,-1.4125,0.00,0.0000,0.0042,0.0081,,,,,,,
37.8189,9,3,11.9996,49.8176,converged,81570.68,50255.70,-1.4125,0.00,0.0000,0.0058,0.0024,,,,,,,
48.5715,7,3,12.6732,61.2442,converged,81570.68,50255.70,-1.4125,0.00,0.0000,0.0080,0.0062,,,,,,,
57.8263,6,3,11.4852,69.3112,converged,81570.68,50255.70,-1.4125,0.00,0.0000,0.0102,0.0127,,,,,,,
41.8015,8,3,11.0964,52.8974,converged,81570.68,50255.70,-1.4125,0.00,0.0000,0.0072,0.0040,,,,,,,
52.0364,6,3,12.5499,64.5859,converged,81570.68,50255.70,-1.4125,0.00,0.0000,0.0098,0.0124,,,,,,,
40.7494,8,3,9.0147,49.7637,converged,81570.68,50255.70,-1.4125,0.00,0.0000,0.0069,0.0045,,,,,,,
37.6351,9,3,9.7841,47.4191,converged,81570.68,50255.70,-1.4125,0.00,0.0000,0.0075,0.0051,,,,,,,
36.0591,9,3,13.8405,49.8996,converged,81570.68,50255.70,-1.4125,0.00,0.0000,0.0054,0.0025,,,,,,,
26.3384,10,3,9.5309,35.8689,converged,81570.68,50255.70,-1.4125,0.00,0.0000,0.0051,0.0022,,,,,,,
59.7199,5,3,9.8010,69.5200,converged,81570.68,50255.70,-1.4125,0.00,0.0000,0.0083,0.0351,,,,,,,
57.5470,6,3,13.4886,71.0346,converged,81570.68,50255.70,-1.4125,0.00,0.0000,0.0054,0.0165,,,,,,,
49.3046,7,3,11.0937,60.3978,converged,81570.68,50255.70,-1.4125,0.00,0.0000,0.0032,0.0085,,,,,,,
51.1463,7,3,10.3602,61.5063,converged,81570.68,50255.70,-1.4125,0.00,0.0000,0.0044,0.0102,,,,,,,
51.2766,7,3,15.0214,66.2974,converged,81570.68,50255.70,-1.4125,0.00,0.0000,0.0057,0.0085,,,,,,,
28.4283,10,3,12.2527,40.6808,converged,81570.68,50255.70,-1.4125,0.00,0.0000,0.0053,0.0025,,,,,,,
35.7714,9,3,9.6109,45.3819,converged,81570.68,50255.70,-1.4125,0.00,0.0000,0.0049,0.0026,,,,,,,
31.0679,10,3,10.7209,41.7880,converged,81570.68,50255.70,-1.4125,0.00,0.0000,0.0043,0.0018,,,,,,,
43.0323,8,3,9.9344,52.9682,converged,81570.68,50255.70,-1.4125,0.00,0.0000,0.0069,0.0039,,,,,,,
44.6050,8,3,9.6492,54.2543,converged,81570.68,50255.70,-1.4125,0.00,0.0000,0.0069,0.0043,,,,,,,
44.7446,8,3,13.9194,58.6635,converged,81570.68,50255.70,-1.4125,0.00,0.0000,0.0079,0.0050,,,,,,,
21.6765,10,3,10.0521,31.7282,converged,81570.68,50255.70,-1.4125,0.00,0.0000,0.0054,0.0015,,,,,,,
47.6893,7,3,11.3609,59.0499,converged,81570.68,50255.70,-1.4125,0.00,0.0000,0.0081,0.0065,,,,,,,
20.0963,10,3,14.3810,34.4771,converged,81570.68,50255.70,-1.4125,0.00,0.0000,0.0046,0.0017,,,,,,,
50.8616,7,3,9.3077,60.1687,converged,81570.68,50255.70,-1.4125,0.00,0.0000,0.0064,0.0069,,,,,,,
56.2191,6,3,9.5557,65.7747,converged,81570.68,50255.70,-1.4125,0.00,0.0000,0.0058,0.0103,,,,,,,
23.1248,10,3,10.5544,33.6784,converged,81570.68,50255.70,-1.4125,0.00,0.0000,0.0042,0.0018,,,,,,,
46.7258,7,3,11.1175,57.8425,converged,81570.68,50255.70,-1.4125,0.00,0.0000,0.0057,0.0078,,,,,,,
43.5675,8,3,12.4018,55.9689,converged,81570.68,50255.70,-1.4125,0.00,0.0000,0.0047,0.0035,,,,,,,
23.4972,10,3,9.6215,33.1186,converged,81570.68,50255.70,-1.4125,0.00,0.0000,0.0061,0.0028,,,,,,,
49.3926,7,3,13.1128,62.5048,converged,81570.68,50255.70,-1.4125,0.00,0.0000,0.0075,0.0053,,,,,,,
22.4437,10,3,12.9329,35.3759,converged,81570.68,50255.70,-1.4125,0.00,0.0000,0.0049,0.0022,,,,,,,
52.3254,6,3,10.1589,62.4840,converged,81570.68,50255.70,-1.4125,0.00,0.0000,0.0067,0.0152,,,,,,,
36.0720,9,3,9.9270,45.9991,converged,81570.68,50255.70,-1.4125,0.00,0.0000,0.0067,0.0030,,,,,,,
57.5296,6,3,11.4378,68.9669,converged,81570.68,50255.70,-1.4126,0.00,0.0000,0.0047,0.0199,,,,,,,
32.2153,10,3,11.1129,43.3279,converged,81570.68,50255.70,-1.4126,0.00,0.0000,0.0055,0.0020,,,,,,,
29.1833,10,3,11.2839,40.4670,converged,81570.68,50255.70,-1.4126,0.00,0.0000,0.0049,0.0031,,,,,,,
38.8122,9,3,11.8950,50.7070,converged,81570.68,50255.70,-1.4126,0.00,0.0000,0.0063,0.0036,,,,,,,
52.4868,6,3,9.2332,61.7192,converged,81570.68,50255.70,-1.4125,0.00,0.0000,0.0095,0.0147,,,,,,,
33.2171,10,3,10.0263,43.2433,converged,81570.68,50255.70,-1.4125,0.00,0.0000,0.0048,0.0022,,,,,,,
49.5113,7,3,10.3728,59.8839,converged,81570.68,50255.70,-1.4125,0.00,0.0000,0.0060,0.0087,,,,,,,
42.7863,8,3,10.0242,52.8103,converged,81570.68,50255.70,-1.4125,0.00,0.0000,0.0063,0.0047,,,,,,,
35.8346,9,3,9.9742,45.8082,converged,81570.68,50255.70,-1.4125,0.00,0.0000,0.0044,0.0033,,,,,,,
56.0754,6,3,10.3125,66.3875,converged,81570.68,50255.70,-1.4125,0.00,0.0000,0.0054,0.0159,,,,,,,
54.5289,6,3,10.0023,64.5303,converged,81570.68,50255.70,-1.4125,0.00,0.0000,0.0098,0.0110,,,,,,,
39.7494,9,3,9.8843,49.6333,converged,81570.68,50255.70,-1.4125,0.00,0.0000,0.0073,0.0025,,,,,,,
49.8366,7,3,11.2474,61.0834,converged,81570.68,50255.70,-1.4125,0.00,0.0000,0.0050,0.0054,,,,,,,
37.7968,9,3,10.9391,48.7351,converged,81570.68,50255.70,-1.4125,0.00,0.0000,0.0072,0.0046,,,,,,,
55.6770,6,3,14.3374,70.0145,converged,81570.68,50255.70,-1.4125,0.00,0.0000,0.0079,0.0137,,,,,,,
26.1086,10,3,9.5553,35.6634,converged,81570.68,50255.70,-1.4125,0.00,0.0000,0.0054,0.0025,,,,,,,
31.5503,10,3,10.0640,41.6141,converged,81570.68,50255.70,-1.4125,0.00,0.0000,0.0055,0.0023,,,,,,,
40.6232,8,3,10.2082,50.8313,converged,81570.68,50255.70,-1.4125,0.00,0.0000,0.0053,0.0034,,,,,,,
42.6619,8,3,10.4840,53.1451,converged,81570.68,50255.70,-1.4125,0.00,0.0000,0.0061,0.0039,,,,,,,
46.5241,7,3,11.7167,58.2407,converged,81570.68,50255.70,-1.4125,0.00,0.0000,0.0079,0.0075,,,,,,,
42.4543,8,3,16.9214,59.3754,converged,81570.68,50255.70,-1.4125,0.00,0.0000,0.0052,0.0051,,,,,,,
55.1266,6,3,19.8335,74.9595,converged,81570.68,50255.70,-1.4125,0.00,0.0000,0.0080,0.0164,,,,,,,
38.7501,9,3,9.5551,48.3052,converged,81570.68,50255.70,-1.4125,0.00,0.0000,0.0064,0.0038,,,,,,,
28.0333,10,3,9.4111,37.4442,converged,81570.68,50255.70,-1.4125,0.00,0.0000,0.0053,0.0030,,,,,,,
22.8635,10,3,9.7735,32.6365,converged,81570.68,50255.70,-1.4125,0.00,0.0000,0.0057,0.0022,,,,,,,
48.6304,7,3,9.2704,57.9004,converged,81570.68,50255.70,-1.4125,0.00,0.0000,0.0052,0.0070,,,,,,,
27.8622,10,3,9.3125,37.1745,converged,81570.68,50255.70,-1.4125,0.00,0.0000,0.0056,0.0025,,,,,,,
33.7021,10,3,10.5885,44.2906,converged,81570.68,50255.70,-1.4125,0.00,0.0000,0.0046,0.0021,,,,,,,
28.5441,10,3,10.8929,39.4369,converged,81570.68,50255.70,-1.4124,0.00,0.0000,0.0044,0.0015,,,,,,,
29.9609,10,3,12.4934,42.4534,converged,81570.68,50255.70,-1.4124,0.00,0.0000,0.0060,0.0044,,,,,,,
28.3401,10,3,15.5415,43.8816,converged,81570.68,50255.70,-1.4124,0.00,0.0000,0.0059,0.0048,,,,,,,
35.3847,9,3,10.0564,45.4590,converged,81570.68,50255.70,-1.4124,0.00,0.0000,0.0063,0.0035,,,,,,,
48.4214,7,3,13.2036,61.6246,converged,81570.68,50255.70,-1.4125,0.00,0.0000,0.0096,0.0057,,,,,,,
56.6025,6,3,10.0841,66.6862,converged,81570.68,50255.70,-1.4125,0.00,0.0000,0.0083,0.0141,,,,,,,
51.7671,7,3,10.9297,62.6967,converged,81570.68,50255.70,-1.4125,0.00,0.0000,0.0087,0.0142,,,,,,,
48.9403,7,3,11.3171,60.2571,converged,81570.68,50255.70,-1.4125,0.00,0.0000,0.0078,0.0068,,,,,,,
42.4220,8,3,9.3791,51.8002,converged,81570.68,50255.70,-1.4125,0.00,0.0000,0.0084,0.0059,,,,,,,
51.3933,7,3,12.0465,63.4396,converged,81570.68,50255.70,-1.4125,0.00,0.0000,0.0070,0.0063,,,,,,,
40.4087,8,3,10.2290,50.6370,converged,81570.68,50255.70,-1.4125,0.00,0.0000,0.0068,0.0042,,,,,,,
25.8684,10,3,9.0721,34.9402,converged,81570.68,50255.70,-1.4125,0.00,0.0000,0.0058,0.0029,,,,,,,
25.3794,10,3,10.9331,36.3121,converged,81570.68,50255.70,-1.4125,0.00,0.0000,0.0062,0.0022,,,,,,,
28.3583,10,3,11.2506,39.6086,converged,81570.68,50255.70,-1.4125,0.00,0.0000,0.0049,0.0023,,,,,,,
56.9261,6,3,10.8964,67.8224,converged,81570.68,50255.70,-1.4125,0.00,0.0000,0.0049,0.0197,,,,,,,
38.3235,9,3,12.4125,50.7356,converged,81570.68,50255.70,-1.4125,0.00,0.0000,0.0053,0.0030,,,,,,,
30.8638,10,3,14.7833,45.6463,converged,81570.68,50255.70,-1.4125,0.00,0.0000,0.0042,0.0016,,,,,,,
51.8243,7,3,9.9531,61.7771,converged,81570.68,50255.70,-1.4125,0.00,0.0000,0.0062,0.0078,,,,,,,
50.0815,7,3,12.8512,62.9323,converged,81570.68,50255.70,-1.4125,0.00,0.0000,0.0071,0.0067,,,,,,,
52.2058,6,3,8.7181,60.9231,converged,81570.68,50255.70,-1.4125,0.00,0.0000,0.0055,0.0129,,,,,,,
23.9883,10,3,8.8344,32.8225,converged,81570.68,50255.70,-1.4125,0.00,0.0000,0.0056,0.0028,,,,,,,
44.0301,8,3,10.0944,54.1244,converged,81570.68,50255.70,-1.4125,0.00,0.0000,0.0059,0.0036,,,,,,,
57.0148,6,3,9.3973,66.4113,converged,81570.68,50255.70,-1.4125,0.00,0.0000,0.0056,0.0216,,,,,,,
43.2663,8,3,9.2102,52.4762,converged,81570.68,50255.70,-1.4125,0.00,0.0000,0.0055,0.0043,,,,,,,
48.6975,7,3,11.8970,60.5940,converged,81570.68,50255.70,-1.4125,0.00,0.0000,0.0070,0.0078,,,,,,,
57.9594,6,3,9.5167,67.4757,converged,81570.68,50255.70,-1.4125,0.00,0.0000,0.0058,0.0151,,,,,,,
