jitter_ms,planned_steps,actual_steps,denoise_ms,total_cycle_ms,stop_reason,ego_x,ego_y,ego_yaw,ego_vx,delta_0,delta_1,delta_2,delta_3,delta_4,delta_5,delta_6,delta_7,delta_8,delta_9
59.815,5,5,22.0834,81.8974,completed,3641.81,73717.62,-2.0579,0.00,0.0000,0.1368,0.8435,0.7062,3.6287,,,,,
55.6233,6,6,21.0511,76.6742,completed,3641.81,73717.62,-2.0579,0.00,0.0000,0.1165,0.3008,0.8537,4.0757,5.7315,,,,
38.4862,9,4,11.6324,50.1185,converged,3641.81,73717.62,-2.0579,0.00,0.0000,0.0482,0.1027,0.0896,,,,,,
39.7596,9,3,9.1336,48.8926,converged,3641.81,73717.62,-2.0579,0.00,0.0000,0.0388,0.0671,,,,,,,
27.9260,10,10,31.2254,59.1514,completed,3641.81,73717.62,-2.0579,0.00,0.0000,0.0336,0.1013,0.2784,0.2934,1.3083,3.0545,4.3309,4.8780,4.3446
26.1637,10,3,11.9909,38.1540,converged,3641.81,73717.62,-2.0579,0.00,0.0000,0.0465,0.0995,,,,,,,
26.3471,10,3,10.1340,36.4811,converged,3641.81,73717.62,-2.0579,0.00,0.0000,0.0657,0.0703,,,,,,,
36.4573,9,3,8.9423,45.3994,converged,3641.81,73717.62,-2.0579,0.00,0.0000,0.0504,0.0515,,,,,,,
44.6443,8,8,25.6527,70.2967,completed,3641.81,73717.62,-2.0579,0.00,0.0000,0.0909,0.1762,0.2011,0.1813,2.0166,3.5746,4.4133,,
29.8925,10,3,8.6421,38.5342,converged,3641.81,73717.62,-2.0579,0.00,0.0000,0.0389,0.0831,,,,,,,
25.6500,10,5,14.4074,40.0574,converged,3641.81,73717.62,-2.0579,0.00,0.0000,0.0520,0.1253,0.1273,0.0954,,,,,
50.6926,7,7,23.8860,74.5780,completed,3641.81,73717.62,-2.0579,0.00,0.0000,0.2001,0.6805,8.5035,10.3516,2.9070,0.7932,,,
47.5069,7,4,12.5191,60.0252,converged,3641.81,73717.62,-2.0579,0.00,0.0000,0.0828,0.3151,0.0700,,,,,,
56.7891,6,6,21.0769,77.8660,completed,3641.81,73717.62,-2.0579,0.00,0.0000,0.0598,0.1125,0.5231,2.2782,4.6414,,,,
41.5824,8,8,25.5856,67.1676,completed,3641.81,73717.62,-2.0579,0.00,0.0000,0.0488,0.1136,0.2231,0.2472,1.9330,3.4854,4.3513,,
56.5107,6,3,9.4176,65.9277,converged,3641.81,73717.62,-2.0579,0.00,0.0000,0.0616,0.0516,,,,,,,
51.4446,7,7,28.3991,79.8431,completed,3641.81,73717.62,-2.0579,0.00,0.0000,0.1226,0.3604,1.1017,0.3556,2.4389,3.9871,,,
34.1103,9,8,23.0626,57.1727,converged,3641.81,73717.62,-2.0579,0.00,0.0000,0.1317,0.2654,1.1946,11.3924,15.3555,1.9271,0.0823,,
29.8997,10,3,9.2434,39.1425,converged,3641.81,73717.62,-2.0579,0.00,0.0000,0.0627,0.0503,,,,,,,
29.6097,10,10,31.5788,61.1878,completed,3641.81,73717.62,-2.0579,0.00,0.0000,0.1444,0.2640,0.7466,3.0901,6.6191,3.5009,0.4843,1.8340,1.9522
51.6981,7,7,26.1558,77.8539,completed,3641.81,73717.62,-2.0579,0.00,0.0000,0.0593,0.2015,0.1748,2.0943,3.7998,5.1683,,,
53.8939,6,6,20.7342,74.6272,completed,3641.81,73717.62,-2.0579,0.00,0.0000,0.0614,0.1407,0.5419,2.3282,4.6929,,,,
23.2079,10,3,10.1046,33.3116,converged,3641.81,73717.62,-2.0579,0.00,0.0000,0.0346,0.0786,,,,,,,
26.2171,10,3,9.1099,35.3270,converged,3641.81,73717.62,-2.0579,0.00,0.0000,0.0374,0.0590,,,,,,,
45.9573,8,8,26.6945,72.6515,completed,3641.81,73717.62,-2.0579,0.00,0.0000,0.0631,0.1480,0.1192,0.3662,2.8997,4.2786,4.6642,,
37.9928,9,9,28.7231,66.7151,completed,3641.81,73717.62,-2.0579,0.00,0.0000,0.1467,0.3083,0.6287,1.1000,2.1162,4.6811,6.5784,6.5495,
54.3230,6,6,21.5039,75.8260,completed,3641.81,73717.62,-2.0579,0.00,0.0000,0.3077,0.5780,0.6566,3.5837,7.1423,,,,
27.6376,10,10,32.7665,60.4035,completed,3641.81,73717.62,-2.0579,0.00,0.0000,0.1822,0.3062,0.3224,0.3359,0.3725,2.1209,4.5761,6.3626,6.5358
21.0216,10,5,15.6884,36.7095,converged,3641.81,73717.62,-2.0579,0.00,0.0000,0.1655,0.2604,0.1687,0.0919,,,,,
26.1015,10,4,12.1686,38.2696,converged,3641.81,73717.62,-2.0579,0.00,0.0000,0.0686,0.1248,0.0696,,,,,,
21.0921,10,3,9.5104,30.6024,converged,3641.81,73717.62,-2.0579,0.00,0.0000,0.0372,0.0596,,,,,,,
41.1244,8,8,26.4919,67.6160,completed,3641.81,73717.62,-2.0579,0.00,0.0000,0.0709,0.1698,0.8473,0.5706,1.1886,3.1227,3.7290,,
54.2739,6,6,20.2919,74.5649,completed,3641.81,73717.62,-2.0579,0.00,0.0000,0.2328,1.0282,5.6783,1.6945,2.2069,,,,
30.7105,10,3,9.1266,39.8366,converged,3641.81,73717.62,-2.0579,0.00,0.0000,0.0365,0.0521,,,,,,,
59.7072,5,5,17.3783,77.0853,completed,3641.81,73717.62,-2.0579,0.00,0.0000,0.0594,0.8038,1.0280,4.1904,,,,,
56.5500,6,6,20.5211,77.0701,completed,3641.81,73717.62,-2.0579,0.00,0.0000,0.0662,0.4086,1.2411,0.8739,3.8304,,,,
33.6092,10,10,42.2460,75.8551,completed,3641.81,73717.62,-2.0579,0.00,0.0000,0.1331,0.2453,0.7684,6.3833,12.9955,5.3439,0.2969,1.0851,1.1520
21.4789,10,3,9.3580,30.8361,converged,3641.81,73717.62,-2.0579,0.00,0.0000,0.0848,0.0919,,,,,,,
41.4778,8,4,11.5346,53.0116,converged,3641.81,73717.62,-2.0579,0.00,0.0000,0.0844,0.2099,0.0570,,,,,,
39.0158,9,3,9.2315,48.2466,converged,3641.81,73717.62,-2.0579,0.00,0.0000,0.0364,0.0633,,,,,,,
44.4198,8,8,32.7484,77.1675,completed,3641.81,73717.62,-2.0579,0.00,0.0000,0.0822,0.1295,0.3249,0.4143,1.9541,3.5027,4.3427,,
27.3509,10,3,9.5975,36.9475,converged,3641.81,73717.62,-2.0579,0.00,0.0000,0.0485,0.0469,,,,,,,
53.7354,6,6,21.4933,75.2283,completed,3641.81,73717.62,-2.0579,0.00,0.0000,0.0734,0.2914,0.8289,1.6563,4.2592,,,,
49.2349,7,3,14.2883,63.5224,converged,3641.81,73717.62,-2.0579,0.00,0.0000,0.0701,0.0949,,,,,,,
44.0290,8,3,9.2350,53.2641,converged,3641.81,73717.62,-2.0579,0.00,0.0000,0.0510,0.0573,,,,,,,
45.0654,8,3,8.9940,54.0590,converged,3641.81,73717.62,-2.0579,0.00,0.0000,0.0428,0.0564,,,,,,,
50.6493,7,3,9.4576,60.1066,converged,3641.81,73717.62,-2.0579,0.00,0.0000,0.0562,0.0799,,,,,,,
49.0568,7,3,9.5471,58.6031,converged,3641.81,73717.62,-2.0579,0.00,0.0000,0.0527,0.0384,,,,,,,
40.7539,8,8,26.9567,67.7097,completed,3641.81,73717.62,-2.0579,0.00,0.0000,0.0528,0.1200,0.1525,0.1148,1.8915,3.6203,4.5372,,
38.7312,9,4,12.3307,51.0617,converged,3641.81,73717.61,-2.0578,0.07,0.0000,0.0563,0.1144,0.0579,,,,,,
43.7118,8,3,9.4472,53.1582,converged,3641.81,73717.61,-2.0578,0.07,0.0000,0.0606,0.0570,,,,,,,
55.0862,6,6,21.6372,76.7233,completed,3641.79,73717.59,-2.0576,0.18,0.0000,0.0639,0.1847,0.4308,2.3502,4.9375,,,,
43.9849,8,3,9.4134,53.3974,converged,3641.79,73717.59,-2.0576,0.18,0.0000,0.0501,0.0785,,,,,,,
31.7965,10,3,9.5113,41.3073,converged,3641.77,73717.54,-2.0571,0.33,0.0000,0.0329,0.0283,,,,,,,
59.7691,5,5,17.5146,77.2836,completed,3641.77,73717.54,-2.0571,0.33,0.0000,0.2292,1.7891,2.3289,2.9006,,,,,
56.6817,6,3,11.1754,67.8564,converged,3641.72,73717.45,-2.0557,0.51,0.0000,0.1290,0.0874,,,,,,,
33.2339,10,3,9.7124,42.9454,converged,3641.72,73717.45,-2.0557,0.51,0.0000,0.0315,0.0415,,,,,,,
55.7275,6,6,20.8265,76.5535,completed,3641.66,73717.34,-2.0531,0.68,0.0000,0.1076,0.1208,0.5521,1.7925,5.4935,,,,
48.1019,7,4,12.2476,60.3487,converged,3641.66,73717.34,-2.0531,0.68,0.0000,0.0306,0.1417,0.0995,,,,,,
46.8412,7,7,22.4513,69.2924,completed,3641.57,73717.17,-2.0480,0.87,0.0000,0.0322,0.1597,0.6551,1.2314,3.8271,6.2819,,,
22.7068,10,3,8.9118,31.6178,converged,3641.57,73717.17,-2.0480,0.87,0.0000,0.0815,0.0482,,,,,,,
51.8535,7,7,23.7374,75.5905,completed,3641.48,73716.98,-2.0423,1.06,0.0000,0.0481,0.1225,0.3532,0.3812,4.2389,6.3312,,,
21.5929,10,3,10.7064,32.2984,converged,3641.48,73716.98,-2.0423,1.06,0.0000,0.0520,0.0286,,,,,,,
55.7523,6,6,20.6373,76.3894,completed,3641.36,73716.75,-2.0353,1.24,0.0000,0.0662,0.3781,0.1655,2.5457,6.3508,,,,
45.5303,8,8,27.1684,72.6984,completed,3641.36,73716.75,-2.0353,1.24,0.0000,0.0416,0.1541,0.3736,0.6726,2.1245,5.1501,6.2374,,
45.7899,8,3,10.3899,56.1790,converged,3641.20,73716.42,-2.0252,1.43,0.0000,0.0220,0.0923,,,,,,,
22.6389,10,10,35.9054,58.5435,completed,3641.20,73716.42,-2.0252,1.43,0.0000,0.0463,0.1339,0.2353,0.5116,0.7129,1.9174,3.7123,5.5517,5.4857
25.8365,10,3,9.8434,35.6794,converged,3641.03,73716.08,-2.0161,1.58,0.0000,0.0568,0.0278,,,,,,,
38.9171,9,3,9.8604,48.7775,converged,3641.03,73716.08,-2.0161,1.58,0.0000,0.0188,0.0951,,,,,,,
46.5182,7,7,24.0554,70.5734,completed,3640.89,73715.78,-2.0099,1.73,0.0000,0.1110,0.2853,0.5275,0.7954,4.1789,6.8150,,,
39.1585,9,9,29.4041,68.5621,completed,3640.89,73715.78,-2.0099,1.73,0.0000,0.0426,0.1606,0.3021,0.2803,0.6341,2.1556,4.8727,5.9860,
56.2123,6,6,23.3952,79.6073,completed,3640.70,73715.36,-2.0027,1.95,0.0000,0.1632,0.2188,0.6946,3.3861,7.4390,,,,
48.7841,7,7,22.6535,71.4376,completed,3640.70,73715.36,-2.0027,1.95,0.0000,0.0788,0.1554,0.3270,0.6100,3.8993,6.7732,,,
29.5996,10,10,31.9592,61.5583,completed,3640.46,73714.85,-1.9966,2.18,0.0000,0.0556,0.1354,0.1045,0.1201,0.2667,0.8934,3.5721,5.8436,5.7563
35.9062,9,9,27.8739,63.7799,completed,3640.46,73714.85,-1.9966,2.18,0.0000,0.0887,0.1731,0.1597,0.4094,0.9786,2.9582,6.1948,6.6680,
55.1817,6,6,25.1245,80.3056,completed,3640.25,73714.38,-1.9908,2.32,0.0000,0.3560,0.4419,0.4171,5.7291,8.8097,,,,
43.2269,8,8,25.9266,69.1527,completed,3640.25,73714.38,-1.9908,2.32,0.0000,0.1018,0.1282,0.3824,1.0212,1.1665,5.2662,6.4072,,
41.3452,8,8,27.6709,69.0159,completed,3640.01,73713.84,-1.9875,2.42,0.0000,0.2468,0.4227,0.3504,0.6365,2.3726,6.7616,7.9242,,
32.8298,10,4,12.0192,44.8483,converged,3640.01,73713.84,-1.9875,2.42,0.0000,0.0604,0.1063,0.0403,,,,,,
26.4207,10,10,30.9830,57.4030,completed,3639.79,73713.34,-1.9849,2.43,0.0000,0.1766,0.2976,0.2295,0.2288,0.3205,1.6697,5.0302,7.0798,6.5805
32.2334,10,4,11.9905,44.2236,converged,3639.79,73713.34,-1.9849,2.43,0.0000,0.0969,0.1767,0.0969,,,,,,
39.2009,9,4,11.3754,50.5754,converged,3639.57,73712.84,-1.9848,2.39,0.0000,0.2348,0.3220,0.0702,,,,,,
32.6092,10,10,35.4297,68.0387,completed,3639.57,73712.84,-1.9848,2.39,0.0000,0.1567,0.2657,0.1961,0.2525,0.2701,1.3331,3.8316,6.4054,6.5907
34.7045,9,4,12.9482,47.6522,converged,3639.36,73712.36,-1.9841,2.27,0.0000,0.2027,0.2731,0.0250,,,,,,
23.2212,10,10,32.6191,55.8402,completed,3639.36,73712.36,-1.9841,2.27,0.0000,0.1020,0.1943,0.1475,0.1975,0.6585,1.5304,4.3929,6.7399,6.4343
57.6118,6,6,23.0471,80.6581,completed,3639.16,73711.90,-1.9854,2.15,0.0000,0.4245,0.1459,0.7912,3.4542,8.3859,,,,
23.9414,10,10,39.6814,63.6225,completed,3639.16,73711.90,-1.9854,2.15,0.0000,0.0931,0.1823,0.1332,0.1937,0.4295,1.1966,4.0654,6.5086,6.3341
39.9973,9,9,30.7474,70.7444,completed,3638.95,73711.42,-1.9885,2.03,0.0000,0.2125,0.3137,0.1113,0.2823,0.9679,4.1286,8.0810,7.6891,
49.7887,7,7,23.1676,72.9556,completed,3638.95,73711.42,-1.9885,2.03,0.0000,0.1025,0.1771,0.2155,0.2171,3.8237,7.4965,,,
57.8146,6,6,20.2043,78.0183,completed,3638.73,73710.93,-1.9913,1.87,0.0000,0.3569,0.1313,0.4845,3.4083,8.5100,,,,
27.2039,10,10,33.4399,60.6429,completed,3638.73,73710.93,-1.9913,1.87,0.0000,0.0672,0.1386,0.1573,0.2172,0.5106,1.4288,4.5782,6.1813,6.0905
20.7265,10,10,31.8471,52.5731,completed,3638.55,73710.53,-1.9906,1.72,0.0000,0.1112,0.1891,0.1543,0.1472,0.5153,1.4886,3.8201,6.6909,6.8701
58.7822,5,5,17.1987,75.9807,completed,3638.55,73710.53,-1.9906,1.72,0.0000,0.1453,0.2317,1.9853,8.1069,,,,,
22.2071,10,10,31.6615,53.8685,completed,3638.38,73710.15,-1.9874,1.60,0.0000,0.0810,0.1502,0.1187,0.1185,0.4764,1.5520,4.7456,7.2205,6.9240
29.0765,10,3,9.1729,38.2489,converged,3638.38,73710.15,-1.9874,1.60,0.0000,0.0355,0.0658,,,,,,,
58.8027,5,5,16.7207,75.5228,completed,3638.25,73709.86,-1.9846,1.50,0.0000,0.2929,0.1283,1.3717,7.8002,,,,,
20.4103,10,3,9.0614,29.4714,converged,3638.25,73709.86,-1.9846,1.50,0.0000,0.0251,0.0376,,,,,,,
43.8244,8,8,29.2749,73.0989,completed,3638.12,73709.57,-1.9829,1.39,0.0000,0.0798,0.1238,0.2065,0.5795,2.4837,7.0970,8.1991,,
40.0082,8,3,10.3242,50.3322,converged,3638.12,73709.57,-1.9829,1.39,0.0000,0.0490,0.0681,,,,,,,
55.8888,6,6,22.2679,78.1559,completed,3638.00,73709.28,-1.9819,1.35,0.0000,0.1307,0.1806,1.0124,4.1245,8.4579,,,,
38.0891,9,3,9.3354,47.4244,converged,3638.00,73709.28,-1.9819,1.35,0.0000,0.0408,0.0988,,,,,,,
48.6673,7,7,23.1886,71.8556,completed,3637.86,73708.97,-1.9808,1.37,0.0000,0.0545,0.1899,0.7374,0.6696,3.6153,6.8795,,,
46.9352,7,7,23.6084,70.5434,completed,3637.86,73708.97,-1.9808,1.37,0.0000,0.1608,0.1745,0.3905,1.7831,5.2834,7.5274,,,
53.9136,6,3,9.0853,62.9983,converged,3637.73,73708.66,-1.9794,1.38,0.0000,0.1026,0.0492,,,,,,,
37.4908,9,9,29.0932,66.5832,completed,3637.73,73708.66,-1.9794,1.38,0.0000,0.1288,0.1468,0.1545,0.7141,1.2329,3.3504,5.6700,5.8326,
23.9132,10,3,9.1977,33.1108,converged,3637.59,73708.34,-1.9782,1.34,0.0000,0.0252,0.0362,,,,,,,
40.2654,8,8,25.7864,66.0514,completed,3637.59,73708.34,-1.9782,1.34,0.0000,0.2779,0.3007,0.3404,1.0077,3.2497,5.8872,7.1023,,
45.7486,8,8,28.0452,73.7932,completed,3637.49,73708.10,-1.9771,1.29,0.0000,0.0862,0.1023,0.2509,1.0820,2.4256,5.6239,7.2843,,
23.3183,10,10,31.0582,54.3762,completed,3637.49,73708.10,-1.9771,1.29,0.0000,0.1480,0.1402,0.1892,1.0422,1.3031,1.0904,3.4417,4.9732,4.8149
39.1556,9,3,9.1794,48.3344,converged,3637.36,73707.81,-1.9743,1.25,0.0000,0.0411,0.0575,,,,,,,
44.4166,8,8,34.5148,78.9308,completed,3637.36,73707.81,-1.9743,1.25,0.0000,0.2496,0.2999,0.1037,0.1866,2.2097,5.0872,6.4133,,
50.2013,7,7,24.5759,74.7770,completed,3637.25,73707.56,-1.9722,1.19,0.0000,0.0389,0.1867,0.4438,0.4672,3.9121,6.7184,,,
38.0460,9,9,31.2873,69.3333,completed,3637.25,73707.56,-1.9722,1.19,0.0000,0.3147,0.3292,0.1375,0.7139,1.4682,3.3711,5.5010,6.4193,
51.7435,7,3,9.7980,61.5410,converged,3637.13,73707.26,-1.9698,1.18,0.0000,0.1125,0.0874,,,,,,,
45.9884,8,8,27.9511,73.9392,completed,3637.13,73707.26,-1.9698,1.18,0.0000,0.3952,0.2806,0.6464,1.4033,0.6193,3.6300,5.1101,,
58.5245,5,5,18.0376,76.5616,completed,3637.02,73706.99,-1.9676,1.10,0.0000,0.2610,0.4338,2.1795,6.6052,,,,,
28.2424,10,10,32.2039,60.4460,completed,3637.02,73706.99,-1.9676,1.10,0.0000,0.4181,0.4967,0.1740,0.5636,1.0757,1.4816,2.9815,4.5430,4.8075
32.3638,10,3,9.3503,41.7133,converged,3636.92,73706.75,-1.9660,1.01,0.0000,0.0884,0.0930,,,,,,,
25.6510,10,10,42.7782,68.4282,completed,3636.92,73706.75,-1.9660,1.01,0.0000,0.2662,0.3634,0.2428,0.2161,0.7298,2.2900,3.9760,5.4114,5.6473
31.0191,10,3,9.5760,40.5950,converged,3636.83,73706.54,-1.9633,0.96,0.0000,0.0654,0.0877,,,,,,,
28.5125,10,3,9.7429,38.2549,converged,3636.83,73706.54,-1.9633,0.96,0.0000,0.0645,0.0502,,,,,,,
33.9327,10,3,9.6883,43.6203,converged,3636.76,73706.37,-1.9588,0.93,0.0000,0.0522,0.0608,,,,,,,
28.4220,10,4,12.1494,40.5704,converged,3636.76,73706.37,-1.9588,0.93,0.0000,0.0912,0.1094,0.0962,,,,,,
55.6995,6,6,20.2767,75.9758,completed,3636.70,73706.22,-1.9551,0.89,0.0000,0.0877,0.3325,0.8179,2.7449,6.6151,,,,
21.9072,10,10,32.0279,53.9350,completed,3636.70,73706.22,-1.9551,0.89,0.0000,0.1246,0.1183,0.1740,0.4954,0.4703,0.9383,2.7991,4.7586,5.3467
46.7432,7,3,9.5824,56.3254,converged,3636.62,73706.02,-1.9526,0.88,0.0000,0.0352,0.0640,,,,,,,
53.7014,6,6,19.8371,73.5381,completed,3636.62,73706.02,-1.9526,0.88,0.0000,0.2242,0.1820,0.6684,2.8141,6.3320,,,,
47.4853,7,3,9.4682,56.9532,converged,3636.54,73705.83,-1.9505,0.89,0.0000,0.1665,0.0948,,,,,,,
57.6929,6,6,20.0861,77.7782,completed,3636.54,73705.83,-1.9505,0.89,0.0000,0.2684,0.1989,0.4370,3.1355,6.6126,,,,
52.2859,6,6,25.2698,77.5549,completed,3636.46,73705.63,-1.9484,0.80,0.0000,0.1748,0.2430,0.3334,2.4264,6.1768,,,,
29.7502,10,10,34.0211,63.7711,completed,3636.46,73705.63,-1.9484,0.80,0.0000,0.4664,0.5264,0.3523,0.3912,1.8781,2.9195,4.1772,5.6943,5.9104
41.0196,8,8,28.0465,69.0655,completed,3636.39,73705.44,-1.9476,0.70,0.0000,0.2260,0.2047,0.1187,0.1877,1.8977,4.5790,6.3576,,
59.7144,5,5,17.5527,77.2668,completed,3636.39,73705.44,-1.9476,0.70,0.0000,0.6438,0.7480,2.5889,6.2838,,,,,
41.6872,8,8,27.7147,69.4017,completed,3636.33,73705.29,-1.9468,0.63,0.0000,0.1721,0.1438,0.1877,0.6532,2.8153,5.7442,7.1686,,
54.0776,6,6,26.4566,80.5336,completed,3636.33,73705.29,-1.9468,0.63,0.0000,0.6324,0.1696,1.0102,3.4447,6.4410,,,,
21.1908,10,4,12.9183,34.1083,converged,3636.27,73705.15,-1.9468,0.58,0.0000,0.1964,0.1909,0.0550,,,,,,
25.4580,10,10,32.1824,57.6395,completed,3636.27,73705.15,-1.9468,0.58,0.0000,0.3749,0.4158,0.1248,0.1430,0.8280,2.1370,3.7190,5.3367,5.4862
34.9434,9,4,11.9477,46.8907,converged,3636.23,73705.04,-1.9482,0.56,0.0000,0.1387,0.1364,0.0380,,,,,,
22.9586,10,4,12.6045,35.5626,converged,3636.23,73705.04,-1.9482,0.56,0.0000,0.4701,0.5135,0.0467,,,,,,
55.4539,6,6,22.7763,78.2293,completed,3636.19,73704.94,-1.9495,0.51,0.0000,0.5837,0.5271,1.3290,4.5644,7.5495,,,,
28.1852,10,10,31.4672,59.6523,completed,3636.19,73704.94,-1.9495,0.51,0.0000,0.5283,0.6165,0.4677,0.3849,0.9101,2.9961,4.1971,5.3059,5.2044
48.7112,7,7,22.7167,71.4278,completed,3636.14,73704.83,-1.9503,0.50,0.0000,0.3386,0.2031,0.1627,1.8910,4.4509,6.7641,,,
24.0803,10,10,32.3403,56.4204,completed,3636.14,73704.83,-1.9503,0.50,0.0000,0.5032,0.5348,0.2354,0.4145,0.9612,2.3231,2.9666,4.4116,4.8640
53.1676,6,3,12.1562,65.3232,converged,3636.10,73704.72,-1.9503,0.50,0.0000,0.2402,0.0683,,,,,,,
37.2722,9,9,39.8883,77.1604,completed,3636.10,73704.72,-1.9503,0.50,0.0000,0.3840,0.2910,0.4369,1.2276,0.7740,1.9584,4.0026,4.8626,
49.4931,7,7,23.7008,73.1938,completed,3636.05,73704.60,-1.9495,0.42,0.0000,0.1458,0.1349,0.1574,0.6785,4.5512,6.7490,,,
57.0425,6,6,21.5511,78.5931,completed,3636.05,73704.60,-1.9495,0.42,0.0000,0.3175,0.2452,0.8647,3.2190,6.8156,,,,
25.6030,10,3,11.9141,37.5161,converged,3636.02,73704.51,-1.9499,0.39,0.0000,0.0241,0.0231,,,,,,,
44.0595,8,3,10.6516,54.7106,converged,3636.02,73704.51,-1.9499,0.39,0.0000,0.0470,0.0285,,,,,,,
53.8398,6,6,20.4026,74.2416,completed,3635.99,73704.44,-1.9499,0.38,0.0000,0.1145,0.1393,0.8345,2.7617,6.7302,,,,
23.5406,10,4,12.2355,35.7756,converged,3635.99,73704.44,-1.9499,0.38,0.0000,0.2445,0.2486,0.0483,,,,,,
46.0913,7,7,23.5851,69.6762,completed,3635.96,73704.36,-1.9496,0.40,0.0000,0.3234,0.2101,0.2725,1.1096,3.9834,6.3871,,,
27.2957,10,10,40.5993,67.8943,completed,3635.96,73704.36,-1.9496,0.40,0.0000,0.2245,0.1806,0.2696,1.2841,1.0490,0.6720,1.6920,3.4478,4.2555
46.0200,7,3,10.3042,56.3242,converged,3635.92,73704.26,-1.9500,0.46,0.0000,0.0746,0.0396,,,,,,,
53.0887,6,6,31.3871,84.4751,completed,3635.92,73704.26,-1.9500,0.46,0.0000,0.3921,0.3419,0.6699,2.1172,5.0250,,,,
48.8683,7,3,8.9738,57.8419,converged,3635.87,73704.15,-1.9502,0.49,0.0000,0.1343,0.0679,,,,,,,
28.3300,10,10,31.7529,60.0829,completed,3635.87,73704.15,-1.9502,0.49,0.0000,0.1982,0.1416,0.2160,0.9826,0.3933,1.7002,2.4621,3.8894,4.0511
42.5540,8,8,25.8247,68.3787,completed,3635.82,73704.03,-1.9502,0.57,0.0000,0.1115,0.1364,0.1815,0.2962,1.6369,4.3847,6.0268,,
30.0575,10,3,10.3186,40.3756,converged,3635.82,73704.03,-1.9502,0.57,0.0000,0.1227,0.0807,,,,,,,
48.0309,7,3,9.4957,57.5258,converged,3635.77,73703.90,-1.9493,0.66,0.0000,0.0309,0.0561,,,,,,,
59.0935,5,5,18.4066,77.4996,completed,3635.77,73703.90,-1.9493,0.66,0.0000,0.2157,0.5475,1.7402,6.5346,,,,,
20.4003,10,3,9.8463,30.2463,converged,3635.71,73703.73,-1.9465,0.74,0.0000,0.0242,0.0362,,,,,,,
38.4244,9,3,9.5504,47.9744,converged,3635.71,73703.73,-1.9465,0.74,0.0000,0.0287,0.0460,,,,,,,
39.7308,9,3,14.6497,54.3797,converged,3635.66,73703.61,-1.9436,0.78,0.0000,0.0345,0.0696,,,,,,,
50.2360,7,3,13.0995,63.3355,converged,3635.66,73703.61,-1.9436,0.78,0.0000,0.0722,0.0800,,,,,,,
57.1208,6,6,22.3885,79.5086,completed,3635.59,73703.42,-1.9384,0.83,0.0000,0.1525,0.2843,0.5997,2.7746,7.0571,,,,
40.1241,8,4,12.0887,52.2128,converged,3635.59,73703.42,-1.9384,0.83,0.0000,0.1939,0.1936,0.0873,,,,,,
59.3824,5,5,17.7206,77.1026,completed,3635.51,73703.22,-1.9348,0.91,0.0000,0.1901,0.4350,1.0250,5.7235,,,,,
24.3489,10,4,12.0791,36.4271,converged,3635.51,73703.22,-1.9348,0.91,0.0000,0.1576,0.1573,0.0442,,,,,,
40.2873,8,3,9.5798,49.8668,converged,3635.43,73703.02,-1.9321,0.98,0.0000,0.0489,0.0917,,,,,,,
21.4113,10,4,13.1458,34.5568,converged,3635.43,73703.02,-1.9321,0.98,0.0000,0.1735,0.1608,0.0452,,,,,,
57.3303,6,6,20.9494,78.2795,completed,3635.36,73702.83,-1.9277,1.03,0.0000,0.1462,0.2260,0.6742,3.1286,7.2491,,,,
49.2891,7,3,9.0615,58.3506,converged,3635.36,73702.83,-1.9277,1.03,0.0000,0.0397,0.0927,,,,,,,
57.6072,6,6,20.7864,78.3935,completed,3635.26,73702.56,-1.9182,1.09,0.0000,0.0987,0.1643,0.7384,3.2451,7.3258,,,,
57.8427,6,6,20.1688,78.0108,completed,3635.26,73702.56,-1.9182,1.09,0.0000,0.0774,0.1367,0.2999,2.3389,6.6627,,,,
29.6638,10,3,9.5048,39.1678,converged,3635.16,73702.26,-1.9072,1.17,0.0000,0.0188,0.0550,,,,,,,
45.4039,8,3,9.5244,54.9274,converged,3635.16,73702.26,-1.9072,1.17,0.0000,0.0600,0.0829,,,,,,,
21.6125,10,3,8.6908,30.3028,converged,3635.08,73702.04,-1.8994,1.19,0.0000,0.0599,0.0921,,,,,,,
35.7875,9,3,9.0852,44.8722,converged,3635.08,73702.04,-1.8994,1.19,0.0000,0.0703,0.0871,,,,,,,
42.5560,8,3,9.3364,51.8924,converged,3635.00,73701.82,-1.8923,1.17,0.0000,0.0257,0.0518,,,,,,,
36.3787,9,4,12.0721,48.4501,converged,3635.00,73701.82,-1.8923,1.17,0.0000,0.1114,0.1395,0.0931,,,,,,
20.7748,10,3,14.0178,34.7918,converged,3634.93,73701.59,-1.8886,1.21,0.0000,0.0430,0.0913,,,,,,,
51.9425,7,7,23.4945,75.4366,completed,3634.93,73701.59,-1.8886,1.21,0.0000,0.1657,0.1390,0.1210,0.5406,3.4983,6.3908,,,
58.4020,5,5,17.3845,75.7865,completed,3634.83,73701.29,-1.8867,1.29,0.0000,0.1541,0.4291,1.8154,7.2219,,,,,
48.0179,7,7,23.3092,71.3262,completed,3634.83,73701.29,-1.8867,1.29,0.0000,0.1465,0.1235,0.1928,0.9828,4.3088,7.0014,,,
55.1719,6,6,21.7470,76.9180,completed,3634.73,73700.98,-1.8855,1.36,0.0000,0.1007,0.2370,0.4407,2.7889,7.3804,,,,
47.9231,7,3,9.1155,57.0386,converged,3634.73,73700.98,-1.8855,1.36,0.0000,0.1435,0.0807,,,,,,,
42.9388,8,3,9.5970,52.5351,converged,3634.62,73700.65,-1.8835,1.38,0.0000,0.0281,0.0415,,,,,,,
53.6350,6,3,9.2015,62.8355,converged,3634.62,73700.65,-1.8835,1.38,0.0000,0.0611,0.0830,,,,,,,
35.1221,9,9,41.8220,76.9440,completed,3634.53,73700.36,-1.8798,1.34,0.0000,0.0643,0.1007,0.1235,0.3315,0.7384,2.7559,6.1935,7.2420,
29.9777,10,4,12.6234,42.6005,converged,3634.53,73700.36,-1.8798,1.34,0.0000,0.1020,0.1183,0.0907,,,,,,
57.5247,6,6,20.6377,78.1617,completed,3634.43,73700.04,-1.8747,1.29,0.0000,0.0915,0.1027,0.6188,2.5628,7.0600,,,,
30.6528,10,10,31.8383,62.4904,completed,3634.43,73700.04,-1.8747,1.29,0.0000,0.1255,0.1536,0.1159,0.1519,0.2690,1.4498,3.7151,5.9215,6.2304
24.7765,10,3,8.8863,33.6623,converged,3634.33,73699.74,-1.8703,1.28,0.0000,0.0441,0.0803,,,,,,,
49.3762,7,3,9.4153,58.7913,converged,3634.33,73699.74,-1.8703,1.28,0.0000,0.1030,0.0362,,,,,,,
59.3451,5,5,18.2760,77.6210,completed,3634.25,73699.46,-1.8654,1.23,0.0000,0.0647,0.1146,0.5314,5.9661,,,,,
52.2453,6,3,10.0408,62.2858,converged,3634.25,73699.46,-1.8654,1.23,0.0000,0.1265,0.0892,,,,,,,
45.3778,8,8,36.5100,81.8870,completed,3634.17,73699.18,-1.8592,1.16,0.0000,0.0693,0.1115,0.2225,0.7802,1.8275,6.3380,7.8649,,
56.4785,6,6,27.4372,83.9152,completed,3634.17,73699.18,-1.8592,1.16,0.0000,0.1858,0.1521,0.5544,3.2033,7.4850,,,,
51.3091,7,3,13.2807,64.5898,converged,3634.08,73698.88,-1.8575,1.15,0.0000,0.0931,0.0858,,,,,,,
40.4799,8,8,32.9231,73.4022,completed,3634.08,73698.88,-1.8575,1.15,0.0000,0.2107,0.1965,0.1187,0.3474,1.3538,4.6648,6.5947,,
37.1370,9,3,9.0146,46.1517,converged,3633.99,73698.57,-1.8558,1.13,0.0000,0.0402,0.0359,,,,,,,
55.3903,6,3,9.7530,65.1430,converged,3633.99,73698.57,-1.8558,1.13,0.0000,0.1114,0.0650,,,,,,,
54.0789,6,3,10.1500,64.2280,converged,3633.92,73698.33,-1.8540,1.10,0.0000,0.0955,0.0820,,,,,,,
22.6871,10,3,8.9371,31.6242,converged,3633.92,73698.33,-1.8540,1.10,0.0000,0.0642,0.0778,,,,,,,
50.7232,7,3,10.3488,61.0719,converged,3633.86,73698.12,-1.8532,1.09,0.0000,0.0666,0.0558,,,,,,,
52.3155,6,6,19.9698,72.2848,completed,3633.86,73698.12,-1.8532,1.09,0.0000,0.2533,0.2152,0.4247,3.1035,7.3096,,,,
21.3063,10,3,9.3744,30.6804,converged,3633.78,73697.86,-1.8532,1.14,0.0000,0.0103,0.0459,,,,,,,
30.8642,10,4,11.8625,42.7265,converged,3633.78,73697.86,-1.8532,1.14,0.0000,0.1054,0.1014,0.0719,,,,,,
43.1315,8,3,8.8240,51.9550,converged,3633.72,73697.66,-1.8524,1.19,0.0000,0.0429,0.0800,,,,,,,
52.3444,6,6,19.8099,72.1540,completed,3633.72,73697.66,-1.8524,1.19,0.0000,0.2556,0.1694,0.2752,3.0695,6.9410,,,,
57.8287,6,3,11.5166,69.3447,converged,3633.64,73697.37,-1.8517,1.20,0.0000,0.1061,0.0631,,,,,,,
55.3449,6,3,9.1465,64.4905,converged,3633.64,73697.37,-1.8517,1.20,0.0000,0.2695,0.0602,,,,,,,
56.2622,6,3,9.3942,65.6562,converged,3633.55,73697.08,-1.8513,1.25,0.0000,0.0813,0.0860,,,,,,,
42.3848,8,8,26.7271,69.1111,completed,3633.55,73697.08,-1.8513,1.25,0.0000,0.1921,0.1204,0.1553,0.3262,2.3218,5.7440,6.6120,,
34.1246,9,3,9.1934,43.3174,converged,3633.47,73696.77,-1.8496,1.32,0.0000,0.0329,0.0525,,,,,,,
26.6038,10,10,31.7420,58.3451,completed,3633.47,73696.77,-1.8496,1.32,0.0000,0.1942,0.2014,0.1395,0.1479,0.3377,1.8896,4.2205,5.9267,6.1089
45.5632,8,3,9.8974,55.4605,converged,3633.39,73696.51,-1.8472,1.38,0.0000,0.0887,0.0893,,,,,,,
54.4650,6,6,20.4418,74.9068,completed,3633.39,73696.51,-1.8472,1.38,0.0000,0.2275,0.3311,0.8290,2.6196,6.2440,,,,
36.2581,9,3,9.0766,45.3347,converged,3633.30,73696.17,-1.8423,1.44,0.0000,0.0290,0.0515,,,,,,,
33.4574,10,4,12.2017,45.6588,converged,3633.30,73696.17,-1.8423,1.44,0.0000,0.1295,0.1309,0.0309,,,,,,
24.8105,10,3,9.1933,34.0033,converged,3633.22,73695.89,-1.8396,1.49,0.0000,0.0226,0.0147,,,,,,,
20.0504,10,3,9.6164,29.6664,converged,3633.22,73695.89,-1.8396,1.49,0.0000,0.0911,0.0925,,,,,,,
58.3281,5,3,9.2640,67.5921,converged,3633.15,73695.63,-1.8373,1.56,0.0000,0.0186,0.0477,,,,,,,
59.3539,5,5,17.9071,77.2602,completed,3633.15,73695.63,-1.8373,1.56,0.0000,0.2581,0.2205,0.7874,5.5440,,,,,
55.9785,6,6,22.9410,78.9190,completed,3633.04,73695.24,-1.8305,1.65,0.0000,0.0622,0.1137,0.1053,2.6239,6.8582,,,,
52.6558,6,6,20.3166,72.9716,completed,3633.04,73695.24,-1.8305,1.65,0.0000,0.2844,0.2407,0.2754,2.9338,6.8196,,,,
57.6622,6,3,9.0221,66.6842,converged,3632.93,73694.83,-1.8241,1.74,0.0000,0.0175,0.0379,,,,,,,
26.6164,10,3,9.4153,36.0314,converged,3632.93,73694.83,-1.8241,1.74,0.0000,0.0457,0.0538,,,,,,,
36.8614,9,3,10.5074,47.3685,converged,3632.84,73694.45,-1.8174,1.81,0.0000,0.0081,0.0346,,,,,,,
51.9686,7,3,8.8689,60.8369,converged,3632.84,73694.45,-1.8174,1.81,0.0000,0.0333,0.0659,,,,,,,
24.0086,10,3,10.1992,34.2072,converged,3632.74,73694.04,-1.8126,1.88,0.0000,0.0406,0.0228,,,,,,,
28.0885,10,3,10.3287,38.4167,converged,3632.74,73694.04,-1.8126,1.88,0.0000,0.0253,0.0610,,,,,,,
28.5737,10,3,8.8322,37.4052,converged,3632.65,73693.67,-1.8068,1.92,0.0000,0.0496,0.0156,,,,,,,
58.6008,5,5,17.0648,75.6648,completed,3632.65,73693.67,-1.8068,1.92,0.0000,0.0772,0.1936,1.3242,6.6243,,,,,
50.0399,7,3,10.2047,60.2437,converged,3632.54,73693.25,-1.7995,1.97,0.0000,0.0227,0.0621,,,,,,,
53.6400,6,3,8.8169,62.4559,converged,3632.54,73693.25,-1.7995,1.97,0.0000,0.0541,0.0975,,,,,,,
33.0205,10,3,8.9743,41.9943,converged,3632.45,73692.81,-1.7911,1.99,0.0000,0.0279,0.0161,,,,,,,
39.3407,9,3,9.1235,48.4635,converged,3632.45,73692.81,-1.7911,1.99,0.0000,0.0112,0.0362,,,,,,,
21.8522,10,3,9.1534,31.0055,converged,3632.36,73692.42,-1.7848,2.02,0.0000,0.0206,0.0131,,,,,,,
21.7200,10,3,9.7059,31.4259,converged,3632.36,73692.42,-1.7848,2.02,0.0000,0.0123,0.0371,,,,,,,
34.2590,9,3,9.4261,43.6842,converged,3632.28,73692.07,-1.7796,2.03,0.0000,0.0464,0.0306,,,,,,,
57.7453,6,3,9.3536,67.0986,converged,3632.28,73692.07,-1.7796,2.03,0.0000,0.0260,0.0212,,,,,,,
59.7695,5,5,17.7995,77.5685,completed,3632.19,73691.62,-1.7724,2.06,0.0000,0.0260,0.1348,1.2095,6.7508,,,,,
39.9793,9,3,8.8570,48.8361,converged,3632.19,73691.62,-1.7724,2.06,0.0000,0.0207,0.0385,,,,,,,
35.5751,9,3,9.0006,44.5756,converged,3632.10,73691.17,-1.7650,2.08,0.0000,0.0626,0.0256,,,,,,,
46.0964,7,3,8.9278,55.0239,converged,3632.10,73691.17,-1.7650,2.08,0.0000,0.0508,0.0291,,,,,,,
29.0575,10,3,9.1616,38.2187,converged,3632.01,73690.71,-1.7591,2.10,0.0000,0.0235,0.0093,,,,,,,
27.9540,10,3,9.0149,36.9679,converged,3632.01,73690.71,-1.7591,2.10,0.0000,0.0208,0.0123,,,,,,,
42.2793,8,3,9.1791,51.4581,converged,3631.93,73690.29,-1.7512,2.10,0.0000,0.0153,0.0499,,,,,,,
57.3730,6,3,9.0584,66.4305,converged,3631.93,73690.29,-1.7512,2.10,0.0000,0.0157,0.0581,,,,,,,
30.4076,10,3,9.2513,39.6583,converged,3631.84,73689.77,-1.7389,2.12,0.0000,0.0434,0.0113,,,,,,,
44.2899,8,3,8.7640,53.0530,converged,3631.84,73689.77,-1.7389,2.12,0.0000,0.0156,0.0276,,,,,,,
54.5493,6,3,9.2710,63.8200,converged,3631.77,73689.35,-1.7299,2.13,0.0000,0.0500,0.0223,,,,,,,
37.1421,9,3,8.8253,45.9674,converged,3631.77,73689.35,-1.7299,2.13,0.0000,0.0122,0.0269,,,,,,,
22.3543,10,3,9.0478,31.4018,converged,3631.70,73688.88,-1.7238,2.14,0.0000,0.0364,0.0234,,,,,,,
30.3737,10,3,9.4337,39.8067,converged,3631.70,73688.88,-1.7238,2.14,0.0000,0.0042,0.0132,,,,,,,
53.9294,6,3,10.6362,64.5652,converged,3631.63,73688.45,-1.7201,2.16,0.0000,0.0163,0.0413,,,,,,,
37.5650,9,3,9.0698,46.6339,converged,3631.63,73688.45,-1.7201,2.16,0.0000,0.0075,0.0142,,,,,,,
46.7907,7,3,9.0165,55.8065,converged,3631.56,73687.97,-1.7149,2.17,0.0000,0.0406,0.0196,,,,,,,
57.1049,6,3,9.1840,66.2880,converged,3631.56,73687.97,-1.7149,2.17,0.0000,0.0043,0.0361,,,,,,,
54.8727,6,3,9.1933,64.0654,converged,3631.49,73687.49,-1.7098,2.17,0.0000,0.0327,0.0307,,,,,,,
21.3104,10,3,9.4682,30.7782,converged,3631.49,73687.49,-1.7098,2.17,0.0000,0.0040,0.0102,,,,,,,
22.0219,10,3,9.5458,31.5668,converged,3631.43,73687.00,-1.7043,2.18,0.0000,0.0300,0.0165,,,,,,,
23.4603,10,3,10.1533,33.6133,converged,3631.43,73687.00,-1.7043,2.18,0.0000,0.0093,0.0214,,,,,,,
21.6392,10,3,8.9138,30.5529,converged,3631.38,73686.62,-1.6992,2.18,0.0000,0.0405,0.0231,,,,,,,
26.0085,10,3,10.4717,36.4797,converged,3631.38,73686.62,-1.6992,2.18,0.0000,0.0142,0.0160,,,,,,,
26.6895,10,3,9.1142,35.8033,converged,3631.33,73686.24,-1.6946,2.19,0.0000,0.0430,0.0257,,,,,,,
59.2463,5,3,9.2892,68.5352,converged,3631.33,73686.24,-1.6946,2.19,0.0000,0.0221,0.0356,,,,,,,
35.3619,9,3,8.8802,44.2413,converged,3631.27,73685.81,-1.6891,2.21,0.0000,0.0091,0.0300,,,,,,,
40.1560,8,3,10.2064,50.3624,converged,3631.27,73685.81,-1.6891,2.21,0.0000,0.0368,0.0413,,,,,,,
46.6980,7,3,9.3474,56.0454,converged,3631.22,73685.31,-1.6852,2.21,0.0000,0.0479,0.0567,,,,,,,
28.8734,10,3,9.1042,37.9772,converged,3631.22,73685.31,-1.6852,2.21,0.0000,0.0198,0.0350,,,,,,,
28.2759,10,3,9.2284,37.5034,converged,3631.17,73684.87,-1.6838,2.21,0.0000,0.0073,0.0099,,,,,,,
30.2946,10,3,10.1580,40.4520,converged,3631.17,73684.87,-1.6838,2.21,0.0000,0.0151,0.0296,,,,,,,
53.0951,6,3,13.7256,66.8207,converged,3631.12,73684.43,-1.6811,2.21,0.0000,0.0225,0.0267,,,,,,,
44.6273,8,3,9.6605,54.2876,converged,3631.12,73684.43,-1.6811,2.21,0.0000,0.0146,0.0419,,,,,,,
45.1757,8,3,9.0809,54.2560,converged,3631.06,73683.89,-1.6731,2.21,0.0000,0.0184,0.0195,,,,,,,
29.7461,10,3,8.9026,38.6486,converged,3631.06,73683.89,-1.6731,2.21,0.0000,0.0110,0.0064,,,,,,,
28.2019,10,3,9.4446,37.6456,converged,3631.02,73683.44,-1.6658,2.22,0.0000,0.0338,0.0426,,,,,,,
52.3928,6,6,19.5801,71.9721,completed,3631.02,73683.44,-1.6658,2.22,0.0000,0.0142,0.1026,0.4946,2.1183,6.2029,,,,
25.0443,10,3,8.8361,33.8802,converged,3630.97,73682.95,-1.6581,2.24,0.0000,0.0087,0.0101,,,,,,,
43.2193,8,3,8.8814,52.1005,converged,3630.97,73682.95,-1.6581,2.24,0.0000,0.0082,0.0297,,,,,,,
26.9377,10,3,8.9067,35.8437,converged,3630.93,73682.50,-1.6501,2.26,0.0000,0.0363,0.0344,,,,,,,
49.4363,7,3,9.0487,58.4848,converged,3630.93,73682.50,-1.6501,2.26,0.0000,0.0074,0.0416,,,,,,,
29.3318,10,3,8.9265,38.2576,converged,3630.90,73682.04,-1.6419,2.26,0.0000,0.0204,0.0127,,,,,,,
31.5124,10,3,9.0537,40.5657,converged,3630.90,73682.04,-1.6419,2.26,0.0000,0.0022,0.0092,,,,,,,
47.6367,7,3,9.3385,56.9745,converged,3630.87,73681.59,-1.6362,2.26,0.0000,0.0198,0.0394,,,,,,,
47.3211,7,3,9.3823,56.7033,converged,3630.87,73681.59,-1.6362,2.26,0.0000,0.0328,0.0344,,,,,,,
38.1524,9,3,9.0966,47.2486,converged,3630.84,73681.09,-1.6314,2.24,0.0000,0.0173,0.0071,,,,,,,
55.9948,6,3,13.1560,69.1501,converged,3630.84,73681.09,-1.6314,2.24,0.0000,0.0203,0.0961,,,,,,,
29.0966,10,3,8.9540,38.0501,converged,3630.81,73680.58,-1.6273,2.23,0.0000,0.0211,0.0177,,,,,,,
58.2751,5,5,17.5451,75.8202,completed,3630.81,73680.58,-1.6273,2.23,0.0000,0.0195,0.1435,1.4641,7.1158,,,,,
30.5269,10,3,8.8034,39.3295,converged,3630.78,73680.08,-1.6215,2.22,0.0000,0.0168,0.0270,,,,,,,
23.2037,10,3,13.2454,36.4484,converged,3630.78,73680.08,-1.6215,2.22,0.0000,0.0186,0.0231,,,,,,,
55.1122,6,3,8.7909,63.9029,converged,3630.76,73679.64,-1.6156,2.21,0.0000,0.0187,0.0834,,,,,,,
45.5138,8,3,8.9360,54.4491,converged,3630.76,73679.64,-1.6156,2.21,0.0000,0.0222,0.0231,,,,,,,
44.6717,8,3,9.8121,54.4831,converged,3630.74,73679.14,-1.6105,2.21,0.0000,0.0209,0.0129,,,,,,,
54.7024,6,6,31.3965,86.0985,completed,3630.74,73679.14,-1.6105,2.21,0.0000,0.0525,0.1501,1.0975,1.6459,5.5817,,,,
33.2643,10,3,9.3658,42.6298,converged,3630.71,73678.54,-1.6078,2.20,0.0000,0.0172,0.0279,,,,,,,
31.5576,10,3,9.4846,41.0416,converged,3630.71,73678.54,-1.6078,2.20,0.0000,0.0537,0.0536,,,,,,,
31.3499,10,3,9.5848,40.9338,converged,3630.70,73678.10,-1.6050,2.19,0.0000,0.0115,0.0128,,,,,,,
46.5044,7,3,9.0246,55.5286,converged,3630.70,73678.10,-1.6050,2.19,0.0000,0.0296,0.0560,,,,,,,
25.4397,10,3,9.0479,34.4869,converged,3630.68,73677.66,-1.5994,2.20,0.0000,0.0066,0.0160,,,,,,,
57.4300,6,3,9.0473,66.4773,converged,3630.68,73677.66,-1.5994,2.20,0.0000,0.0593,0.0654,,,,,,,
30.9686,10,3,8.8114,39.7794,converged,3630.67,73677.17,-1.5915,2.20,0.0000,0.0233,0.0208,,,,,,,
57.2640,6,3,9.4603,66.7234,converged,3630.67,73677.17,-1.5915,2.20,0.0000,0.0234,0.0791,,,,,,,
43.4869,8,3,8.9771,52.4632,converged,3630.66,73676.73,-1.5843,2.19,0.0000,0.0222,0.0279,,,,,,,
34.7159,9,3,9.0079,43.7229,converged,3630.66,73676.73,-1.5843,2.19,0.0000,0.0118,0.0263,,,,,,,
23.1779,10,3,8.7843,31.9613,converged,3630.66,73676.24,-1.5781,2.18,0.0000,0.0023,0.0021,,,,,,,
48.2537,7,3,8.7790,57.0321,converged,3630.66,73676.24,-1.5781,2.18,0.0000,0.0123,0.0639,,,,,,,
32.1912,10,3,12.3850,44.5760,converged,3630.66,73675.80,-1.5736,2.16,0.0000,0.0021,0.0055,,,,,,,
56.5621,6,6,19.8145,76.3766,completed,3630.66,73675.80,-1.5736,2.16,0.0000,0.0053,0.1032,0.6900,1.8973,5.6025,,,,
42.1551,8,3,9.4145,51.5695,converged,3630.66,73675.32,-1.5701,2.15,0.0000,0.0196,0.0405,,,,,,,
37.8729,9,3,9.2532,47.1252,converged,3630.66,73675.32,-1.5701,2.15,0.0000,0.0080,0.0237,,,,,,,
37.4666,9,3,8.9581,46.4242,converged,3630.66,73674.83,-1.5689,2.15,0.0000,0.0074,0.0163,,,,,,,
47.2792,7,3,9.8927,57.1717,converged,3630.66,73674.83,-1.5689,2.15,0.0000,0.0314,0.0258,,,,,,,
21.7363,10,3,10.6589,32.3950,converged,3630.66,73674.35,-1.5676,2.16,0.0000,0.0186,0.0237,,,,,,,
54.3419,6,6,21.7964,76.1374,completed,3630.66,73674.35,-1.5676,2.16,0.0000,0.0293,0.1981,0.6934,1.8239,5.4830,,,,
40.2943,8,3,9.3735,49.6675,converged,3630.66,73673.86,-1.5648,2.15,0.0000,0.0330,0.0195,,,,,,,
56.5707,6,3,11.0220,67.5920,converged,3630.66,73673.86,-1.5648,2.15,0.0000,0.0347,0.0913,,,,,,,
57.7126,6,3,9.0295,66.7416,converged,3630.67,73673.38,-1.5607,2.14,0.0000,0.0507,0.0324,,,,,,,
53.1421,6,3,10.0348,63.1768,converged,3630.67,73673.38,-1.5607,2.14,0.0000,0.0631,0.0310,,,,,,,
49.1965,7,3,11.2361,60.4321,converged,3630.67,73672.79,-1.5554,2.15,0.0000,0.0276,0.0257,,,,,,,
42.5107,8,3,9.1275,51.6376,converged,3630.67,73672.79,-1.5554,2.15,0.0000,0.0101,0.0416,,,,,,,
59.3906,5,5,17.7336,77.1236,completed,3630.68,73672.31,-1.5505,2.16,0.0000,0.0409,0.1146,1.2684,5.1414,,,,,
45.4955,8,3,9.0561,54.5511,converged,3630.68,73672.31,-1.5505,2.16,0.0000,0.0040,0.0567,,,,,,,
29.0278,10,3,9.1955,38.2225,converged,3630.69,73671.82,-1.5430,2.18,0.0000,0.0275,0.0278,,,,,,,
31.2620,10,3,10.7178,41.9798,converged,3630.70,73671.60,-1.5388,2.18,0.0000,0.0563,0.0603,,,,,,,
34.3352,9,3,8.9186,43.2536,converged,3630.71,73671.38,-1.5350,2.19,0.0000,0.0317,0.0340,,,,,,,
50.7858,7,3,10.3595,61.1446,converged,3630.71,73671.38,-1.5350,2.19,0.0000,0.0898,0.0405,,,,,,,
26.6847,10,3,9.6330,36.3170,converged,3630.73,73670.89,-1.5260,2.19,0.0000,0.0252,0.0412,,,,,,,
48.2146,7,3,13.5927,61.8067,converged,3630.73,73670.89,-1.5260,2.19,0.0000,0.0516,0.0262,,,,,,,
25.9027,10,3,10.2378,36.1398,converged,3630.75,73670.40,-1.5179,2.17,0.0000,0.0497,0.0592,,,,,,,
58.5407,5,5,17.9252,76.4652,completed,3630.75,73670.40,-1.5179,2.17,0.0000,0.1155,0.1616,1.6415,5.2892,,,,,
27.5628,10,3,9.2965,36.8586,converged,3630.78,73669.91,-1.5164,2.16,0.0000,0.0395,0.0613,,,,,,,
42.8185,8,3,9.1001,51.9181,converged,3630.78,73669.91,-1.5164,2.16,0.0000,0.0756,0.0423,,,,,,,
52.1686,6,3,10.7989,62.9670,converged,3630.80,73669.48,-1.5151,2.16,0.0000,0.0685,0.0264,,,,,,,
53.8382,6,3,9.3331,63.1711,converged,3630.80,73669.48,-1.5151,2.16,0.0000,0.1218,0.0561,,,,,,,
51.7877,7,3,8.7332,60.5202,converged,3630.83,73668.94,-1.5127,2.16,0.0000,0.0626,0.0330,,,,,,,
55.2365,6,3,9.1045,64.3405,converged,3630.83,73668.94,-1.5127,2.16,0.0000,0.1018,0.0764,,,,,,,
48.6413,7,3,9.7464,58.3874,converged,3630.86,73668.46,-1.5092,2.17,0.0000,0.0931,0.0916,,,,,,,
55.1430,6,3,9.0700,64.2121,converged,3630.86,73668.46,-1.5092,2.17,0.0000,0.1306,0.0397,,,,,,,
51.5874,7,3,9.2451,60.8321,converged,3630.89,73667.97,-1.5040,2.17,0.0000,0.0829,0.0533,,,,,,,
49.3125,7,3,9.4282,58.7402,converged,3630.89,73667.97,-1.5040,2.17,0.0000,0.1502,0.0898,,,,,,,
35.7132,9,4,11.6437,47.3568,converged,3630.93,73667.43,-1.4974,2.19,0.0000,0.0799,0.1027,0.0341,,,,,,
54.6138,6,3,13.3860,67.9990,converged,3630.93,73667.43,-1.4974,2.19,0.0000,0.1600,0.0555,,,,,,,
42.7177,8,3,13.8391,56.5561,converged,3630.97,73666.88,-1.4904,2.20,0.0000,0.0783,0.0784,,,,,,,
48.6975,7,3,13.3281,62.0252,converged,3630.97,73666.88,-1.4904,2.20,0.0000,0.1660,0.0901,,,,,,,
21.7217,10,4,12.7129,34.4339,converged,3631.01,73666.39,-1.4842,2.21,0.0000,0.0888,0.1120,0.0425,,,,,,
44.5578,8,3,9.2088,53.7658,converged,3631.03,73666.17,-1.4820,2.21,0.0000,0.1190,0.0810,,,,,,,
24.7758,10,4,11.8115,36.5865,converged,3631.03,73666.17,-1.4820,2.21,0.0000,0.0835,0.1225,0.0604,,,,,,
44.4037,8,4,12.1093,56.5124,converged,3631.07,73665.73,-1.4793,2.21,0.0000,0.1260,0.1337,0.0802,,,,,,
54.3096,6,3,11.6362,65.9453,converged,3631.07,73665.73,-1.4793,2.21,0.0000,0.1679,0.0442,,,,,,,
44.9901,8,3,12.1620,57.1520,converged,3631.12,73665.18,-1.4774,2.20,0.0000,0.1055,0.0985,,,,,,,
57.9176,6,3,9.5786,67.4956,converged,3631.12,73665.18,-1.4774,2.20,0.0000,0.1264,0.0523,,,,,,,
23.2015,10,3,13.1053,36.3064,converged,3631.17,73664.68,-1.4779,2.22,0.0000,0.0585,0.0657,,,,,,,
21.1119,10,3,9.9140,31.0251,converged,3631.17,73664.68,-1.4779,2.22,0.0000,0.0515,0.0769,,,,,,,
44.8113,8,4,12.1020,56.9130,converged,3631.21,73664.24,-1.4756,2.27,0.0000,0.0828,0.1011,0.0831,,,,,,
36.2167,9,3,9.0975,45.3136,converged,3631.21,73664.24,-1.4756,2.27,0.0000,0.0865,0.0995,,,,,,,
25.1039,10,4,12.1271,37.2302,converged,3631.26,73663.78,-1.4701,2.31,0.0000,0.0935,0.1039,0.0111,,,,,,
59.2144,5,5,18.2935,77.5075,completed,3631.26,73663.78,-1.4701,2.31,0.0000,0.1877,0.1574,0.8123,4.1816,,,,,
51.3259,7,3,10.3156,61.6406,converged,3631.31,73663.26,-1.4669,2.33,0.0000,0.1374,0.0814,,,,,,,
30.6982,10,3,8.8748,39.5728,converged,3631.31,73663.26,-1.4669,2.33,0.0000,0.0691,0.0895,,,,,,,
29.8753,10,4,11.6950,41.5701,converged,3631.36,73662.74,-1.4679,2.34,0.0000,0.1044,0.1281,0.0382,,,,,,
27.6805,10,4,12.2112,39.8912,converged,3631.36,73662.74,-1.4679,2.34,0.0000,0.0945,0.1164,0.0416,,,,,,
49.9143,7,3,9.4696,59.3837,converged,3631.41,73662.27,-1.4690,2.37,0.0000,0.1426,0.0972,,,,,,,
25.3459,10,4,12.4964,37.8414,converged,3631.41,73662.27,-1.4690,2.37,0.0000,0.0856,0.1120,0.0384,,,,,,
30.8871,10,4,12.2984,43.1854,converged,3631.47,73661.74,-1.4670,2.42,0.0000,0.0961,0.1188,0.0287,,,,,,
34.1953,9,3,13.6035,47.7986,converged,3631.47,73661.74,-1.4670,2.42,0.0000,0.0823,0.0781,,,,,,,
47.5151,7,3,9.6200,57.1350,converged,3631.52,73661.25,-1.4647,2.49,0.0000,0.1276,0.0823,,,,,,,
34.5607,9,4,12.0658,46.6258,converged,3631.52,73661.25,-1.4647,2.49,0.0000,0.0865,0.1052,0.0390,,,,,,
21.6989,10,3,9.5654,31.2635,converged,3631.58,73660.68,-1.4613,2.59,0.0000,0.0620,0.0708,,,,,,,
50.3238,7,3,9.0534,59.3764,converged,3631.58,73660.68,-1.4613,2.59,0.0000,0.1058,0.0843,,,,,,,
47.9672,7,3,9.2916,57.2586,converged,3631.64,73660.15,-1.4572,2.70,0.0000,0.1363,0.0562,,,,,,,
21.7570,10,4,11.7168,33.4729,converged,3631.64,73660.15,-1.4572,2.70,0.0000,0.0916,0.1065,0.0367,,,,,,
44.7813,8,3,11.2034,55.9844,converged,3631.70,73659.61,-1.4531,2.81,0.0000,0.0592,0.0650,,,,,,,
59.7781,5,3,8.9401,68.7182,converged,3631.70,73659.61,-1.4531,2.81,0.0000,0.1639,0.0735,,,,,,,
28.2799,10,3,13.1420,41.4210,converged,3631.79,73658.89,-1.4467,2.95,0.0000,0.0457,0.0587,,,,,,,
31.3367,10,3,8.8990,40.2350,converged,3631.79,73658.89,-1.4467,2.95,0.0000,0.0498,0.0673,,,,,,,
32.3582,10,3,8.6909,41.0489,converged,3631.87,73658.29,-1.4409,3.09,0.0000,0.0557,0.0752,,,,,,,
57.8431,6,3,9.7890,67.6321,converged,3631.87,73658.29,-1.4409,3.09,0.0000,0.1316,0.0330,,,,,,,
53.4139,6,3,9.5739,62.9869,converged,3631.96,73657.59,-1.4372,3.23,0.0000,0.0778,0.0104,,,,,,,
51.3287,7,3,9.2829,60.6109,converged,3631.96,73657.59,-1.4372,3.23,0.0000,0.0966,0.0809,,,,,,,
35.1528,9,3,9.3540,44.5060,converged,3632.07,73656.77,-1.4396,3.36,0.0000,0.0350,0.0284,,,,,,,
41.2970,8,3,8.9497,50.2467,converged,3632.07,73656.77,-1.4396,3.36,0.0000,0.0555,0.0644,,,,,,,
27.0393,10,3,10.1670,37.2060,converged,3632.16,73656.10,-1.4420,3.46,0.0000,0.0289,0.0314,,,,,,,
31.0441,10,3,10.3281,41.3721,converged,3632.20,73655.75,-1.4426,3.51,0.0000,0.0156,0.0334,,,,,,,
41.0582,8,3,10.2771,51.3351,converged,3632.20,73655.75,-1.4426,3.51,0.0000,0.0243,0.0358,,,,,,,
25.5814,10,3,9.0374,34.6184,converged,3632.30,73654.96,-1.4428,3.56,0.0000,0.0249,0.0463,,,,,,,
32.1797,10,3,9.4782,41.6573,converged,3632.30,73654.96,-1.4428,3.56,0.0000,0.0137,0.0222,,,,,,,
35.3815,9,3,9.0405,44.4215,converged,3632.38,73654.34,-1.4450,3.55,0.0000,0.0200,0.0454,,,,,,,
47.3463,7,3,8.7822,56.1283,converged,3632.38,73654.34,-1.4450,3.55,0.0000,0.0373,0.0435,,,,,,,
32.5488,10,3,8.9829,41.5309,converged,3632.48,73653.55,-1.4504,3.53,0.0000,0.0114,0.0182,,,,,,,
48.9582,7,3,11.3812,60.3392,converged,3632.48,73653.55,-1.4504,3.53,0.0000,0.0148,0.0759,,,,,,,
22.6754,10,3,9.1663,31.8413,converged,3632.58,73652.76,-1.4515,3.50,0.0000,0.0216,0.0341,,,,,,,
23.3549,10,3,8.8005,32.1545,converged,3632.58,73652.76,-1.4515,3.50,0.0000,0.0174,0.0522,,,,,,,
44.6007,8,3,9.2190,53.8191,converged,3632.65,73652.16,-1.4494,3.46,0.0000,0.0388,0.0906,,,,,,,
29.9538,10,3,8.7272,38.6802,converged,3632.65,73652.16,-1.4494,3.46,0.0000,0.0204,0.0464,,,,,,,
32.2737,10,3,11.9292,44.2022,converged,3632.73,73651.48,-1.4464,3.41,0.0000,0.0296,0.0513,,,,,,,
27.4955,10,3,8.8894,36.3845,converged,3632.73,73651.48,-1.4464,3.41,0.0000,0.0351,0.0494,,,,,,,
26.9559,10,3,9.3042,36.2592,converged,3632.82,73650.81,-1.4441,3.33,0.0000,0.0256,0.0515,,,,,,,
20.5297,10,3,8.7606,29.2896,converged,3632.82,73650.81,-1.4441,3.33,0.0000,0.0217,0.0400,,,,,,,
43.2019,8,3,9.2404,52.4414,converged,3632.89,73650.24,-1.4452,3.26,0.0000,0.0319,0.0514,,,,,,,
50.6967,7,3,9.1137,59.8097,converged,3632.89,73650.24,-1.4452,3.26,0.0000,0.0414,0.0805,,,,,,,
25.8638,10,3,10.8711,36.7341,converged,3632.98,73649.52,-1.4471,3.15,0.0000,0.0140,0.0332,,,,,,,
40.4570,8,3,9.1733,49.6294,converged,3632.98,73649.52,-1.4471,3.15,0.0000,0.0292,0.0413,,,,,,,
57.6772,6,6,20.6279,78.3050,completed,3633.07,73648.83,-1.4482,3.04,0.0000,0.0470,0.1197,0.3236,1.2464,3.2255,,,,
44.3180,8,3,8.8956,53.2126,converged,3633.07,73648.83,-1.4482,3.04,0.0000,0.0221,0.0626,,,,,,,
59.8930,5,5,17.4700,77.3630,completed,3633.15,73648.16,-1.4502,2.95,0.0000,0.1208,0.4252,1.1772,2.7110,,,,,
28.4587,10,3,10.0400,38.4981,converged,3633.15,73648.16,-1.4502,2.95,0.0000,0.0142,0.0323,,,,,,,
43.0139,8,3,13.3203,56.3334,converged,3633.23,73647.44,-1.4511,2.87,0.0000,0.0145,0.0504,,,,,,,
24.1798,10,3,9.4410,33.6200,converged,3633.23,73647.44,-1.4511,2.87,0.0000,0.0192,0.0564,,,,,,,
26.9150,10,3,10.3225,37.2365,converged,3633.30,73646.87,-1.4513,2.82,0.0000,0.0252,0.0540,,,,,,,
30.6543,10,3,14.1441,44.7981,converged,3633.30,73646.87,-1.4513,2.82,0.0000,0.0141,0.0166,,,,,,,
32.3918,10,3,9.9096,42.3006,converged,3633.36,73646.38,-1.4509,2.80,0.0000,0.0165,0.0334,,,,,,,
54.5776,6,6,20.9432,75.5202,completed,3633.36,73646.38,-1.4509,2.80,0.0000,0.0490,0.1251,0.2899,1.3596,2.5196,,,,
43.9945,8,3,10.1695,54.1635,converged,3633.44,73645.70,-1.4510,2.73,0.0000,0.0461,0.0888,,,,,,,
27.3466,10,3,9.4666,36.8127,converged,3633.44,73645.70,-1.4510,2.73,0.0000,0.0351,0.0474,,,,,,,
49.5625,7,7,34.3239,83.8859,completed,3633.51,73645.16,-1.4544,2.65,0.0000,0.0416,0.1472,0.6273,0.2822,0.9482,2.2675,,,
47.6511,7,7,23.3939,71.0450,completed,3633.51,73645.16,-1.4544,2.65,0.0000,0.0237,0.1029,0.3053,0.8549,1.1538,1.7457,,,
57.5848,6,6,20.5632,78.1472,completed,3633.59,73644.45,-1.4576,2.53,0.0000,0.0470,0.2562,0.4847,0.3835,1.9877,,,,
50.6213,7,3,9.5525,60.1736,converged,3633.59,73644.45,-1.4576,2.53,0.0000,0.0214,0.0571,,,,,,,
26.2686,10,3,10.6259,36.8940,converged,3633.65,73643.90,-1.4554,2.40,0.0000,0.0476,0.0599,,,,,,,
21.8854,10,3,9.1108,30.9958,converged,3633.65,73643.90,-1.4554,2.40,0.0000,0.0124,0.0163,,,,,,,
26.8944,10,3,8.9654,35.8594,converged,3633.71,73643.43,-1.4530,2.31,0.0000,0.0396,0.0524,,,,,,,
52.9131,6,3,13.9054,66.8185,converged,3633.71,73643.43,-1.4530,2.31,0.0000,0.0265,0.0806,,,,,,,
39.5910,9,9,39.8081,79.3992,completed,3633.76,73642.99,-1.4499,2.20,0.0000,0.0383,0.1189,0.4154,0.5239,0.2708,0.5977,1.3926,1.3754,
43.2771,8,3,9.2562,52.5332,converged,3633.76,73642.99,-1.4499,2.20,0.0000,0.0321,0.0553,,,,,,,
35.4517,9,3,9.8028,45.2538,converged,3633.82,73642.46,-1.4502,2.00,0.0000,0.0235,0.0399,,,,,,,
27.5177,10,3,9.5125,37.0296,converged,3633.82,73642.46,-1.4502,2.00,0.0000,0.0096,0.0245,,,,,,,
27.8545,10,3,9.1935,37.0475,converged,3633.87,73642.08,-1.4537,1.83,0.0000,0.0241,0.0267,,,,,,,
37.8510,9,3,10.0143,47.8653,converged,3633.89,73641.90,-1.4554,1.76,0.0000,0.0152,0.0532,,,,,,,
26.3254,10,3,9.2043,35.5294,converged,3633.89,73641.90,-1.4554,1.76,0.0000,0.0221,0.0320,,,,,,,
50.3473,7,7,22.8408,73.1878,completed,3633.93,73641.57,-1.4559,1.65,0.0000,0.0237,0.1871,0.4710,0.2919,0.7597,1.2986,,,
58.0922,5,5,19.9819,78.0740,completed,3633.93,73641.57,-1.4559,1.65,0.0000,0.0380,0.4124,0.1748,1.4629,,,,,
54.0914,6,3,8.6903,62.7813,converged,3633.98,73641.14,-1.4537,1.51,0.0000,0.0690,0.0927,,,,,,,
35.7064,9,3,8.8986,44.6046,converged,3633.98,73641.14,-1.4537,1.51,0.0000,0.0161,0.0370,,,,,,,
35.1330,9,3,9.5146,44.6467,converged,3634.02,73640.81,-1.4536,1.43,0.0000,0.0295,0.0182,,,,,,,
59.2804,5,5,19.1324,78.4124,completed,3634.02,73640.81,-1.4536,1.43,0.0000,0.0388,0.3496,0.2348,1.7026,,,,,
42.4196,8,3,9.7843,52.2033,converged,3634.06,73640.49,-1.4497,1.38,0.0000,0.0153,0.0473,,,,,,,
49.7094,7,7,26.2145,75.9235,completed,3634.06,73640.49,-1.4497,1.38,0.0000,0.0157,0.1122,0.1653,0.1684,1.4534,1.4423,,,
21.9480,10,3,9.9707,31.9188,converged,3634.10,73640.16,-1.4386,1.32,0.0000,0.0367,0.0326,,,,,,,
40.6331,8,3,8.8661,49.4991,converged,3634.10,73640.16,-1.4386,1.32,0.0000,0.0513,0.0351,,,,,,,
37.9147,9,3,9.2543,47.1683,converged,3634.13,73639.90,-1.4290,1.29,0.0000,0.0538,0.0603,,,,,,,
51.9733,7,3,9.0836,61.0566,converged,3634.13,73639.90,-1.4290,1.29,0.0000,0.0235,0.0484,,,,,,,
44.3909,8,3,8.7779,53.1680,converged,3634.18,73639.62,-1.4168,1.27,0.0000,0.0628,0.0406,,,,,,,
58.3499,5,5,17.4616,75.8106,completed,3634.18,73639.62,-1.4168,1.27,0.0000,0.0398,0.6034,0.3066,1.3955,,,,,
43.6171,8,8,25.8729,69.4900,completed,3634.23,73639.30,-1.4024,1.26,0.0000,0.1324,0.1202,0.1015,0.1628,0.9010,1.4031,1.2995,,
43.2489,8,3,9.3202,52.5682,converged,3634.23,73639.30,-1.4024,1.26,0.0000,0.0557,0.0321,,,,,,,
50.5496,7,3,9.7535,60.3026,converged,3634.28,73639.03,-1.3867,1.26,0.0000,0.0875,0.0494,,,,,,,
59.0712,5,5,17.8683,76.9393,completed,3634.28,73639.03,-1.3867,1.26,0.0000,0.0507,0.1928,0.3190,1.3201,,,,,
44.5329,8,3,8.8051,53.3371,converged,3634.34,73638.72,-1.3650,1.28,0.0000,0.0615,0.0471,,,,,,,
55.7137,6,3,13.7436,69.4566,converged,3634.34,73638.72,-1.3650,1.28,0.0000,0.0710,0.0685,,,,,,,
31.7636,10,3,9.3284,41.0914,converged,3634.40,73638.43,-1.3417,1.29,0.0000,0.0425,0.0296,,,,,,,
46.9785,7,3,10.0002,56.9783,converged,3634.40,73638.43,-1.3417,1.29,0.0000,0.0457,0.0617,,,,,,,
38.5233,9,3,12.9321,51.4552,converged,3634.47,73638.15,-1.3171,1.31,0.0000,0.0314,0.0179,,,,,,,
26.6226,10,3,8.7733,35.3953,converged,3634.47,73638.15,-1.3171,1.31,0.0000,0.0284,0.0155,,,,,,,
56.9847,6,3,9.1419,66.1259,converged,3634.54,73637.89,-1.2952,1.33,0.0000,0.0659,0.0566,,,,,,,
34.4255,9,3,9.0692,43.4942,converged,3634.54,73637.89,-1.2952,1.33,0.0000,0.0406,0.0343,,,,,,,
20.6455,10,3,9.3560,30.0011,converged,3634.63,73637.60,-1.2672,1.37,0.0000,0.0311,0.0310,,,,,,,
45.5875,8,3,9.4782,55.0652,converged,3634.67,73637.47,-1.2535,1.38,0.0000,0.0189,0.0380,,,,,,,
53.2986,6,3,8.7391,62.0372,converged,3634.67,73637.47,-1.2535,1.38,0.0000,0.0712,0.0699,,,,,,,
45.0031,8,3,9.8396,54.8427,converged,3634.77,73637.17,-1.2205,1.41,0.0000,0.0323,0.0266,,,,,,,
30.9717,10,3,8.9980,39.9691,converged,3634.77,73637.17,-1.2205,1.41,0.0000,0.0355,0.0433,,,,,,,
30.1789,10,3,8.8576,39.0356,converged,3634.88,73636.88,-1.1856,1.41,0.0000,0.0273,0.0500,,,,,,,
44.8035,8,3,9.5101,54.3131,converged,3634.88,73636.88,-1.1856,1.41,0.0000,0.0341,0.0487,,,,,,,
43.9219,8,3,9.6802,53.6012,converged,3635.00,73636.62,-1.1548,1.43,0.0000,0.0145,0.0533,,,,,,,
51.1272,7,3,9.9115,61.0385,converged,3635.00,73636.62,-1.1548,1.43,0.0000,0.0450,0.0252,,,,,,,
21.5821,10,3,9.4008,30.9828,converged,3635.13,73636.32,-1.1156,1.46,0.0000,0.0471,0.0794,,,,,,,
31.0173,10,3,9.7628,40.7798,converged,3635.13,73636.32,-1.1156,1.46,0.0000,0.0248,0.0365,,,,,,,
43.0010,8,3,9.2482,52.2493,converged,3635.25,73636.09,-1.0837,1.49,0.0000,0.0282,0.0345,,,,,,,
34.6037,9,3,9.6477,44.2507,converged,3635.25,73636.09,-1.0837,1.49,0.0000,0.0316,0.0504,,,,,,,
40.8085,8,3,8.7838,49.5918,converged,3635.41,73635.80,-1.0420,1.52,0.0000,0.0333,0.0310,,,,,,,
27.4631,10,3,10.1247,37.5878,converged,3635.41,73635.80,-1.0420,1.52,0.0000,0.0303,0.0530,,,,,,,
45.7222,8,3,10.0195,55.7415,converged,3635.57,73635.53,-1.0040,1.54,0.0000,0.0305,0.0541,,,,,,,
35.3271,9,3,8.8091,44.1362,converged,3635.57,73635.53,-1.0040,1.54,0.0000,0.0170,0.0217,,,,,,,
39.2079,9,3,9.1300,48.3370,converged,3635.75,73635.28,-0.9661,1.57,0.0000,0.0287,0.0190,,,,,,,
46.0668,7,3,8.9047,54.9707,converged,3635.75,73635.28,-0.9661,1.57,0.0000,0.0343,0.0287,,,,,,,
59.4100,5,3,9.1181,68.5281,converged,3635.95,73634.99,-0.9203,1.60,0.0000,0.0574,0.0719,,,,,,,
54.9219,6,3,8.8874,63.8085,converged,3635.95,73634.99,-0.9203,1.60,0.0000,0.0403,0.0938,,,,,,,
59.9082,5,5,18.6226,78.5306,completed,3636.18,73634.70,-0.8725,1.63,0.0000,0.0696,0.1155,0.4573,2.2254,,,,,
30.0529,10,3,8.9273,38.9794,converged,3636.18,73634.70,-0.8725,1.63,0.0000,0.0208,0.0237,,,,,,,
46.3391,7,3,8.8453,55.1844,converged,3636.46,73634.40,-0.8166,1.67,0.0000,0.0295,0.0846,,,,,,,
57.8875,6,3,8.9974,66.8844,converged,3636.46,73634.40,-0.8166,1.67,0.0000,0.0372,0.0482,,,,,,,
57.9159,6,3,9.1502,67.0653,converged,3636.72,73634.13,-0.7619,1.71,0.0000,0.0337,0.0778,,,,,,,
20.1465,10,3,9.4194,29.5654,converged,3636.72,73634.13,-0.7619,1.71,0.0000,0.0324,0.0152,,,,,,,
45.2042,8,3,9.3113,54.5153,converged,3636.98,73633.89,-0.7103,1.74,0.0000,0.0449,0.0403,,,,,,,
28.3719,10,3,8.9024,37.2734,converged,3636.98,73633.89,-0.7103,1.74,0.0000,0.0435,0.0122,,,,,,,
34.1827,9,3,9.6954,43.8774,converged,3637.25,73633.67,-0.6571,1.75,0.0000,0.0127,0.0856,,,,,,,
56.5803,6,6,19.2124,75.7925,completed,3637.25,73633.67,-0.6571,1.75,0.0000,0.0127,0.2370,0.1428,1.0856,2.9286,,,,
33.3505,10,3,8.7138,42.0638,converged,3637.57,73633.44,-0.5965,1.73,0.0000,0.0181,0.0432,,,,,,,
41.0594,8,3,9.0433,50.1024,converged,3637.57,73633.44,-0.5965,1.73,0.0000,0.0293,0.0815,,,,,,,
26.1510,10,3,8.7111,34.8612,converged,3637.89,73633.24,-0.5374,1.66,0.0000,0.0226,0.0099,,,,,,,
47.4086,7,3,9.3946,56.8026,converged,3637.89,73633.24,-0.5374,1.66,0.0000,0.0380,0.0835,,,,,,,
29.3421,10,3,9.3235,38.6655,converged,3638.17,73633.08,-0.4863,1.59,0.0000,0.0166,0.0515,,,,,,,
31.3409,10,3,9.5811,40.9211,converged,3638.17,73633.08,-0.4863,1.59,0.0000,0.0362,0.0252,,,,,,,
57.7085,6,6,21.3093,79.0174,completed,3638.42,73632.96,-0.4443,1.52,0.0000,0.0936,0.1125,0.1721,1.9100,4.1522,,,,
39.4903,9,3,9.8409,49.3309,converged,3638.42,73632.96,-0.4443,1.52,0.0000,0.0576,0.0206,,,,,,,
41.0581,8,3,9.5449,50.6029,converged,3638.75,73632.81,-0.3865,1.43,0.0000,0.0788,0.0189,,,,,,,
36.5088,9,3,9.1866,45.6946,converged,3638.75,73632.81,-0.3865,1.43,0.0000,0.0642,0.0149,,,,,,,
35.0980,9,3,8.8616,43.9587,converged,3639.02,73632.71,-0.3429,1.38,0.0000,0.0569,0.0215,,,,,,,
23.9666,10,3,9.3003,33.2663,converged,3639.02,73632.71,-0.3429,1.38,0.0000,0.0567,0.0415,,,,,,,
53.0320,6,3,8.9331,61.9641,converged,3639.28,73632.62,-0.3019,1.35,0.0000,0.0517,0.0322,,,,,,,
44.0161,8,3,9.4198,53.4358,converged,3639.28,73632.62,-0.3019,1.35,0.0000,0.0465,0.0305,,,,,,,
29.6797,10,3,9.1872,38.8663,converged,3639.56,73632.54,-0.2552,1.31,0.0000,0.0577,0.0376,,,,,,,
36.6528,9,3,9.1440,45.7961,converged,3639.56,73632.54,-0.2552,1.31,0.0000,0.0483,0.0488,,,,,,,
37.9687,9,3,8.9214,46.8894,converged,3639.81,73632.48,-0.2172,1.25,0.0000,0.0250,0.0102,,,,,,,
37.9909,9,3,9.0630,47.0530,converged,3639.81,73632.48,-0.2172,1.25,0.0000,0.0315,0.0202,,,,,,,
38.4709,9,3,9.1766,47.6466,converged,3640.05,73632.43,-0.1816,1.21,0.0000,0.0215,0.0201,,,,,,,
23.6929,10,3,9.5195,33.2115,converged,3640.05,73632.43,-0.1816,1.21,0.0000,0.0244,0.0249,,,,,,,
59.6230,5,5,16.6261,76.2491,completed,3640.29,73632.39,-0.1472,1.17,0.0000,0.0291,0.3989,0.6394,4.2646,,,,,
28.9750,10,3,9.0157,37.9907,converged,3640.29,73632.39,-0.1472,1.17,0.0000,0.0168,0.0209,,,,,,,
53.5793,6,6,21.6797,75.2588,completed,3640.55,73632.36,-0.1118,1.14,0.0000,0.0396,0.1996,0.3457,1.0973,4.5151,,,,
41.2309,8,3,10.3185,51.5486,converged,3640.55,73632.36,-0.1118,1.14,0.0000,0.0199,0.0150,,,,,,,
33.9712,10,3,9.3274,43.2984,converged,3640.83,73632.33,-0.0743,1.10,0.0000,0.0254,0.0251,,,,,,,
38.8890,9,3,9.3312,48.2202,converged,3640.83,73632.33,-0.0743,1.10,0.0000,0.0375,0.0853,,,,,,,
24.1342,10,3,9.1408,33.2748,converged,3641.04,73632.32,-0.0463,1.07,0.0000,0.0207,0.0145,,,,,,,
41.8781,8,8,25.9514,67.8294,completed,3641.04,73632.32,-0.0463,1.07,0.0000,0.0554,0.1400,0.5881,0.5573,0.7106,3.1617,4.6786,,
52.6033,6,6,20.2911,72.8941,completed,3641.25,73632.31,-0.0185,1.05,0.0000,0.0497,0.2818,0.2433,1.4872,5.2940,,,,
33.8334,10,3,9.7928,43.6258,converged,3641.25,73632.31,-0.0185,1.05,0.0000,0.0284,0.0422,,,,,,,
35.0308,9,3,14.0991,49.1292,converged,3641.49,73632.31,0.0121,1.05,0.0000,0.0330,0.0246,,,,,,,
29.4013,10,3,8.9890,38.3900,converged,3641.49,73632.31,0.0121,1.05,0.0000,0.0289,0.0330,,,,,,,
26.7720,10,3,9.2136,35.9857,converged,3641.70,73632.32,0.0371,1.05,0.0000,0.0222,0.0141,,,,,,,
48.7500,7,7,22.9458,71.6958,completed,3641.70,73632.32,0.0371,1.05,0.0000,0.0664,0.2027,0.5727,0.6863,1.7181,4.7629,,,
20.4625,10,3,9.2854,29.7475,converged,3641.94,73632.33,0.0641,1.04,0.0000,0.0411,0.0502,,,,,,,
36.8047,9,3,9.8329,46.6369,converged,3641.94,73632.33,0.0641,1.04,0.0000,0.0440,0.0437,,,,,,,
23.1181,10,3,9.2367,32.3547,converged,3642.14,73632.34,0.0867,1.04,0.0000,0.0271,0.0205,,,,,,,
47.2281,7,7,23.3971,70.6252,completed,3642.14,73632.34,0.0867,1.04,0.0000,0.0430,0.1064,0.1081,0.2243,3.3331,5.8144,,,
55.7681,6,6,20.8352,76.6032,completed,3642.35,73632.36,0.1086,1.04,0.0000,0.1433,0.2559,0.1030,1.5785,5.7499,,,,
27.0886,10,3,9.3341,36.4221,converged,3642.35,73632.36,0.1086,1.04,0.0000,0.0259,0.0298,,,,,,,
40.2048,8,3,8.9027,49.1067,converged,3642.58,73632.39,0.1325,1.05,0.0000,0.0649,0.0829,,,,,,,
35.6114,9,3,9.1747,44.7857,converged,3642.58,73632.39,0.1325,1.05,0.0000,0.0551,0.0516,,,,,,,
23.4936,10,3,10.3230,33.8160,converged,3642.79,73632.42,0.1515,1.01,0.0000,0.0604,0.0444,,,,,,,
39.1620,9,3,10.2228,49.3839,converged,3642.79,73632.42,0.1515,1.01,0.0000,0.0518,0.0404,,,,,,,
40.0572,8,3,9.3689,49.4260,converged,3642.98,73632.45,0.1684,0.97,0.0000,0.0870,0.0929,,,,,,,
57.9910,6,6,20.1857,78.1758,completed,3642.98,73632.45,0.1684,0.97,0.0000,0.0581,0.1117,0.2687,1.6063,5.3542,,,,
37.2819,9,3,8.8948,46.1758,converged,3643.22,73632.50,0.1896,0.99,0.0000,0.0644,0.0610,,,,,,,
30.4423,10,3,8.8531,39.2952,converged,3643.22,73632.50,0.1896,0.99,0.0000,0.0599,0.0491,,,,,,,
26.2371,10,3,9.0848,35.3218,converged,3643.40,73632.53,0.2042,1.00,0.0000,0.0341,0.0250,,,,,,,
23.2573,10,3,8.9668,32.2238,converged,3643.40,73632.53,0.2042,1.00,0.0000,0.0410,0.0289,,,,,,,
34.6263,9,3,9.7342,44.3602,converged,3643.59,73632.57,0.2202,1.02,0.0000,0.0588,0.0520,,,,,,,
25.4157,10,3,9.2359,34.6510,converged,3643.59,73632.57,0.2202,1.02,0.0000,0.0386,0.0089,,,,,,,
45.4766,8,3,9.3824,54.8584,converged,3643.77,73632.61,0.2341,1.05,0.0000,0.0926,0.0750,,,,,,,
50.3361,7,7,23.4181,73.7541,completed,3643.77,73632.61,0.2341,1.05,0.0000,0.1196,0.1004,0.1976,0.4888,2.3122,5.7127,,,
38.5557,9,3,13.4853,52.0403,converged,3644.03,73632.68,0.2535,1.10,0.0000,0.0755,0.0560,,,,,,,
27.6390,10,3,9.1151,36.7541,converged,3644.03,73632.68,0.2535,1.10,0.0000,0.0728,0.0558,,,,,,,
55.7569,6,3,8.7842,64.5402,converged,3644.25,73632.74,0.2689,1.13,0.0000,0.1240,0.0880,,,,,,,
48.0710,7,3,13.1574,61.2275,converged,3644.25,73632.74,0.2689,1.13,0.0000,0.1192,0.0436,,,,,,,
27.0758,10,3,13.5562,40.6329,converged,3644.53,73632.82,0.2875,1.19,0.0000,0.0799,0.0773,,,,,,,
47.4070,7,4,11.5914,58.9985,converged,3644.53,73632.82,0.2875,1.19,0.0000,0.1423,0.1058,0.0677,,,,,,
48.7584,7,4,12.0309,60.7890,converged,3644.79,73632.90,0.3053,1.28,0.0000,0.1263,0.1314,0.0810,,,,,,
26.0129,10,3,9.1848,35.1969,converged,3644.79,73632.90,0.3053,1.28,0.0000,0.0909,0.0837,,,,,,,
40.9304,8,8,39.1734,80.1034,completed,3645.08,73632.99,0.3269,1.41,0.0000,0.1017,0.1150,0.2043,0.4250,0.8772,3.7605,6.0582,,
57.8199,6,6,20.1836,78.0027,completed,3645.08,73632.99,0.3269,1.41,0.0000,0.1046,0.1201,0.4281,1.7095,5.7151,,,,
38.1765,9,3,9.1275,47.3035,converged,3645.51,73633.14,0.3603,1.63,0.0000,0.0570,0.0396,,,,,,,
50.2032,7,3,9.1548,59.3578,converged,3645.51,73633.14,0.3603,1.63,0.0000,0.0977,0.0882,,,,,,,
41.3806,8,3,9.0842,50.4642,converged,3645.83,73633.27,0.3847,1.81,0.0000,0.0331,0.0215,,,,,,,
30.3973,10,3,9.7263,40.1234,converged,3645.83,73633.27,0.3847,1.81,0.0000,0.0364,0.0138,,,,,,,
41.3353,8,3,8.7925,50.1276,converged,3646.22,73633.44,0.4126,2.02,0.0000,0.0164,0.0321,,,,,,,
56.7212,6,3,9.5135,66.2346,converged,3646.22,73633.44,0.4126,2.02,0.0000,0.0217,0.0689,,,,,,,
57.9909,6,3,9.8468,67.8368,converged,3646.66,73633.63,0.4361,2.26,0.0000,0.0297,0.0508,,,,,,,
58.4902,5,3,9.6924,68.1825,converged,3646.66,73633.63,0.4361,2.26,0.0000,0.0342,0.0923,,,,,,,
54.5035,6,3,9.2421,63.7451,converged,3647.21,73633.90,0.4617,2.57,0.0000,0.0265,0.0363,,,,,,,
40.8317,8,3,9.4634,50.2944,converged,3647.21,73633.90,0.4617,2.57,0.0000,0.0275,0.0210,,,,,,,
22.7409,10,3,9.7687,32.5087,converged,3647.75,73634.18,0.4844,2.88,0.0000,0.0159,0.0207,,,,,,,
38.4031,9,3,9.5683,47.9713,converged,3647.75,73634.18,0.4844,2.88,0.0000,0.0215,0.0296,,,,,,,
24.3506,10,3,9.2638,33.6139,converged,3648.29,73634.46,0.5027,3.20,0.0000,0.0127,0.0108,,,,,,,
22.3413,10,3,9.1902,31.5312,converged,3648.29,73634.46,0.5027,3.20,0.0000,0.0248,0.0382,,,,,,,
33.8425,10,3,8.8312,42.6732,converged,3648.80,73634.75,0.5155,3.51,0.0000,0.0528,0.0817,,,,,,,
34.6282,9,3,13.3400,47.9681,converged,3648.80,73634.75,0.5155,3.51,0.0000,0.0093,0.0111,,,,,,,
48.3945,7,3,9.2049,57.5989,converged,3649.52,73635.16,0.5274,3.87,0.0000,0.0363,0.0187,,,,,,,
21.2426,10,3,9.6467,30.8887,converged,3649.52,73635.16,0.5274,3.87,0.0000,0.0109,0.0174,,,,,,,
58.9590,5,5,19.1018,78.0599,completed,3650.21,73635.57,0.5307,4.18,0.0000,0.0784,0.2287,0.6327,4.6939,,,,,
40.5352,8,3,10.1366,50.6716,converged,3650.21,73635.57,0.5307,4.18,0.0000,0.0191,0.0411,,,,,,,
45.7433,8,3,9.2574,55.0004,converged,3651.16,73636.12,0.5285,4.58,0.0000,0.0119,0.0155,,,,,,,
57.0099,6,3,9.2740,66.2831,converged,3651.16,73636.12,0.5285,4.58,0.0000,0.0415,0.0526,,,,,,,
29.9497,10,3,9.0184,38.9674,converged,3652.09,73636.66,0.5203,4.95,0.0000,0.0171,0.0340,,,,,,,
43.8390,8,3,9.0116,52.8496,converged,3652.09,73636.66,0.5203,4.95,0.0000,0.0111,0.0236,,,,,,,
31.8343,10,3,13.8772,45.7112,converged,3652.97,73637.17,0.5132,5.23,0.0000,0.0121,0.0131,,,,,,,
28.5465,10,3,9.9210,38.4670,converged,3652.97,73637.17,0.5132,5.23,0.0000,0.0088,0.0086,,,,,,,
51.8776,7,3,12.4624,64.3395,converged,3654.03,73637.75,0.5048,5.51,0.0000,0.0613,0.0819,,,,,,,
22.1555,10,3,8.7694,30.9245,converged,3654.03,73637.75,0.5048,5.51,0.0000,0.0114,0.0094,,,,,,,
56.3268,6,3,14.4832,70.8093,converged,3655.01,73638.29,0.4974,5.71,0.0000,0.0239,0.0191,,,,,,,
47.7237,7,3,8.6539,56.3770,converged,3655.01,73638.29,0.4974,5.71,0.0000,0.0456,0.0352,,,,,,,
37.7376,9,3,12.9389,50.6759,converged,3656.29,73638.98,0.4919,5.94,0.0000,0.0289,0.0029,,,,,,,
46.5076,7,3,9.4701,55.9771,converged,3656.29,73638.98,0.4919,5.94,0.0000,0.0229,0.0113,,,,,,,
35.5072,9,3,9.7829,45.2899,converged,3657.63,73639.69,0.4871,6.13,0.0000,0.0088,0.0058,,,,,,,
54.2002,6,3,11.9547,66.1548,converged,3657.63,73639.69,0.4871,6.13,0.0000,0.0459,0.0258,,,,,,,
30.6713,10,3,9.6424,40.3134,converged,3658.86,73640.35,0.4861,6.24,0.0000,0.0284,0.0148,,,,,,,
40.8503,8,3,9.8185,50.6686,converged,3658.86,73640.35,0.4861,6.24,0.0000,0.0305,0.0242,,,,,,,
33.5730,10,3,9.3363,42.9094,converged,3659.97,73640.93,0.4838,6.29,0.0000,0.0501,0.0608,,,,,,,
52.1185,6,3,12.2418,64.3599,converged,3659.97,73640.93,0.4838,6.29,0.0000,0.0588,0.0340,,,,,,,
27.2693,10,3,8.8115,36.0806,converged,3661.22,73641.59,0.4804,6.31,0.0000,0.0224,0.0085,,,,,,,
21.2562,10,3,13.6731,34.9291,converged,3661.22,73641.59,0.4804,6.31,0.0000,0.0481,0.0659,,,,,,,
22.7236,10,3,15.0162,37.7393,converged,3662.20,73642.10,0.4786,6.31,0.0000,0.0601,0.0878,,,,,,,
33.6328,10,3,9.2496,42.8816,converged,3662.20,73642.10,0.4786,6.31,0.0000,0.0525,0.0676,,,,,,,
21.9440,10,3,9.2518,31.1958,converged,3663.32,73642.68,0.4788,6.26,0.0000,0.0563,0.0651,,,,,,,
29.4337,10,3,9.6850,39.1180,converged,3663.32,73642.68,0.4788,6.26,0.0000,0.0565,0.0629,,,,,,,
55.1154,6,3,8.9654,64.0805,converged,3664.42,73643.25,0.4781,6.17,0.0000,0.0931,0.0339,,,,,,,
40.3298,8,3,9.1026,49.4316,converged,3664.42,73643.25,0.4781,6.17,0.0000,0.0707,0.0876,,,,,,,
59.5482,5,5,24.5493,84.0973,completed,3665.65,73643.88,0.4749,6.06,0.0000,0.0874,0.1139,0.4925,3.3936,,,,,
27.1476,10,3,9.0996,36.2467,converged,3665.65,73643.88,0.4749,6.06,0.0000,0.0564,0.0811,,,,,,,
41.9180,8,3,9.5110,51.4290,converged,3666.85,73644.50,0.4751,5.94,0.0000,0.0693,0.0460,,,,,,,
37.3451,9,3,9.1370,46.4821,converged,3666.85,73644.50,0.4751,5.94,0.0000,0.0508,0.0439,,,,,,,
28.1773,10,3,8.9748,37.1518,converged,3668.03,73645.10,0.4754,5.85,0.0000,0.0631,0.0691,,,,,,,
44.3820,8,3,8.9650,53.3460,converged,3668.03,73645.10,0.4754,5.85,0.0000,0.0631,0.0670,,,,,,,
55.9602,6,3,8.9060,64.8660,converged,3669.06,73645.64,0.4762,5.76,0.0000,0.0942,0.0480,,,,,,,
49.4867,7,3,9.7238,59.2098,converged,3669.06,73645.64,0.4762,5.76,0.0000,0.0756,0.0858,,,,,,,
25.9332,10,3,9.7253,35.6584,converged,3670.20,73646.22,0.4757,5.65,0.0000,0.0544,0.0525,,,,,,,
35.2540,9,3,10.4588,45.7118,converged,3670.20,73646.22,0.4757,5.65,0.0000,0.0421,0.0444,,,,,,,
44.3183,8,3,9.2604,53.5785,converged,3671.19,73646.74,0.4741,5.51,0.0000,0.0703,0.0478,,,,,,,
44.1945,8,3,10.3508,54.5448,converged,3671.19,73646.74,0.4741,5.51,0.0000,0.0419,0.0567,,,,,,,
58.9832,5,3,9.1806,68.1636,converged,3672.28,73647.29,0.4733,5.34,0.0000,0.0909,0.0436,,,,,,,
41.4960,8,3,10.0876,51.5836,converged,3672.28,73647.29,0.4733,5.34,0.0000,0.0300,0.0531,,,,,,,
27.2488,10,3,9.2490,36.4970,converged,3673.33,73647.83,0.4741,5.15,0.0000,0.0398,0.0443,,,,,,,
59.0319,5,3,12.0019,71.0329,converged,3673.33,73647.83,0.4741,5.15,0.0000,0.0661,0.0353,,,,,,,
26.5043,10,3,8.7866,35.2906,converged,3674.34,73648.35,0.4761,4.96,0.0000,0.0534,0.0445,,,,,,,
36.8154,9,3,11.7855,48.6006,converged,3674.34,73648.35,0.4761,4.96,0.0000,0.0173,0.0242,,,,,,,
47.6414,7,3,8.8411,56.4822,converged,3675.10,73648.74,0.4772,4.80,0.0000,0.0686,0.0325,,,,,,,
54.0847,6,3,11.8226,65.9930,converged,3675.10,73648.74,0.4772,4.80,0.0000,0.0348,0.0198,,,,,,,
38.5709,9,3,9.3467,47.9167,converged,3676.14,73649.28,0.4775,4.53,0.0000,0.0582,0.0498,,,,,,,
27.6035,10,3,9.2516,36.8546,converged,3676.14,73649.28,0.4775,4.53,0.0000,0.0361,0.0577,,,,,,,
59.5717,5,5,18.3074,77.8784,completed,3676.92,73649.68,0.4761,4.30,0.0000,0.1001,0.1702,0.1683,4.4612,,,,,
39.7643,9,3,10.1671,49.9311,converged,3676.92,73649.68,0.4761,4.30,0.0000,0.0423,0.0499,,,,,,,
58.3764,5,5,18.4683,76.8443,completed,3677.76,73650.11,0.4763,4.05,0.0000,0.1257,0.1435,0.1291,4.3621,,,,,
37.4262,9,3,8.8885,46.3146,converged,3677.76,73650.11,0.4763,4.05,0.0000,0.0393,0.0544,,,,,,,
49.0435,7,3,9.3946,58.4376,converged,3678.62,73650.56,0.4762,3.76,0.0000,0.0717,0.0816,,,,,,,
39.5671,9,3,9.5613,49.1284,converged,3678.62,73650.56,0.4762,3.76,0.0000,0.0306,0.0433,,,,,,,
35.5386,9,3,11.5525,47.0905,converged,3679.35,73650.94,0.4760,3.54,0.0000,0.0468,0.0684,,,,,,,
38.3559,9,3,9.6423,47.9973,converged,3679.35,73650.94,0.4760,3.54,0.0000,0.0094,0.0238,,,,,,,
51.4998,7,3,8.8569,60.3560,converged,3679.97,73651.26,0.4768,3.37,0.0000,0.0545,0.0677,,,,,,,
29.8829,10,3,9.8628,39.7449,converged,3679.97,73651.26,0.4768,3.37,0.0000,0.0153,0.0293,,,,,,,
47.4672,7,3,9.9480,57.4150,converged,3680.62,73651.59,0.4774,3.16,0.0000,0.0497,0.0659,,,,,,,
37.4855,9,3,9.4498,46.9348,converged,3680.62,73651.59,0.4774,3.16,0.0000,0.0116,0.0251,,,,,,,
33.3249,10,3,10.3915,43.7155,converged,3681.16,73651.87,0.4773,2.97,0.0000,0.0186,0.0282,,,,,,,
58.4113,5,3,9.3238,67.7348,converged,3681.16,73651.87,0.4773,2.97,0.0000,0.0411,0.0135,,,,,,,
32.3518,10,3,9.5211,41.8721,converged,3681.80,73652.20,0.4780,2.74,0.0000,0.0201,0.0335,,,,,,,
28.9051,10,3,9.0358,37.9409,converged,3681.80,73652.20,0.4780,2.74,0.0000,0.0073,0.0188,,,,,,,
47.4299,7,3,9.2426,56.6716,converged,3682.21,73652.42,0.4779,2.59,0.0000,0.0179,0.0313,,,,,,,
42.5528,8,3,8.9522,51.5043,converged,3682.21,73652.42,0.4779,2.59,0.0000,0.0206,0.0498,,,,,,,
50.8422,7,3,8.8044,59.6464,converged,3682.72,73652.68,0.4749,2.45,0.0000,0.0229,0.0430,,,,,,,
33.3009,10,3,8.9671,42.2672,converged,3682.72,73652.68,0.4749,2.45,0.0000,0.0115,0.0211,,,,,,,
37.7835,9,3,9.6388,47.4219,converged,3683.24,73652.95,0.4725,2.30,0.0000,0.0096,0.0229,,,,,,,
34.2405,9,3,10.3642,44.6043,converged,3683.24,73652.95,0.4725,2.30,0.0000,0.0130,0.0255,,,,,,,
40.4189,8,3,9.5534,49.9714,converged,3683.64,73653.15,0.4690,2.20,0.0000,0.0115,0.0292,,,,,,,
39.6530,9,3,13.3448,52.9978,converged,3683.64,73653.15,0.4690,2.20,0.0000,0.0161,0.0334,,,,,,,
52.0385,6,3,13.2483,65.2863,converged,3684.03,73653.35,0.4664,2.13,0.0000,0.0203,0.0511,,,,,,,
51.6099,7,3,11.2367,62.8458,converged,3684.03,73653.35,0.4664,2.13,0.0000,0.0277,0.0943,,,,,,,
30.4675,10,3,8.8734,39.3404,converged,3684.50,73653.58,0.4629,2.09,0.0000,0.0066,0.0145,,,,,,,
40.2319,8,3,9.5022,49.7332,converged,3684.50,73653.58,0.4629,2.09,0.0000,0.0174,0.0336,,,,,,,
27.1785,10,3,8.8228,36.0008,converged,3684.92,73653.79,0.4591,2.05,0.0000,0.0060,0.0128,,,,,,,
40.5838,8,8,29.5868,70.1698,completed,3684.92,73653.79,0.4591,2.05,0.0000,0.0287,0.1296,0.6081,5.3001,2.6494,0.6954,0.2642,,
43.3496,8,3,13.1365,56.4855,converged,3685.33,73653.99,0.4584,2.03,0.0000,0.0219,0.0450,,,,,,,
46.5200,7,5,14.6469,61.1669,converged,3685.33,73653.99,0.4584,2.03,0.0000,0.1212,0.2619,0.7985,0.0259,,,,,
41.0263,8,3,9.0271,50.0532,converged,3685.73,73654.19,0.4626,1.97,0.0000,0.0152,0.0247,,,,,,,
23.9070,10,3,9.1140,33.0200,converged,3685.73,73654.19,0.4626,1.97,0.0000,0.0382,0.0897,,,,,,,
41.1747,8,3,9.1908,50.3648,converged,3686.08,73654.36,0.4657,1.87,0.0000,0.0111,0.0185,,,,,,,
53.4467,6,6,20.0188,73.4648,completed,3686.08,73654.36,0.4657,1.87,0.0000,0.0637,0.1222,1.0576,0.4322,1.7093,,,,
23.9939,10,3,9.2842,33.2772,converged,3686.44,73654.55,0.4641,1.77,0.0000,0.0095,0.0134,,,,,,,
40.0914,8,3,8.7038,48.7949,converged,3686.44,73654.55,0.4641,1.77,0.0000,0.0509,0.0825,,,,,,,
32.2827,10,3,9.4078,41.6899,converged,3686.75,73654.70,0.4632,1.67,0.0000,0.0101,0.0152,,,,,,,
27.1452,10,3,9.0458,36.1908,converged,3686.75,73654.70,0.4632,1.67,0.0000,0.0389,0.0745,,,,,,,
28.6450,10,3,9.2399,37.8849,converged,3687.04,73654.85,0.4633,1.55,0.0000,0.0161,0.0199,,,,,,,
29.7140,10,3,9.2448,38.9589,converged,3687.04,73654.85,0.4633,1.55,0.0000,0.0385,0.0573,,,,,,,
53.7270,6,3,9.0174,62.7444,converged,3687.27,73654.96,0.4646,1.45,0.0000,0.0153,0.0135,,,,,,,
41.6286,8,3,9.0118,50.6398,converged,3687.27,73654.96,0.4646,1.45,0.0000,0.0241,0.0533,,,,,,,
45.3309,8,3,8.9357,54.2657,converged,3687.56,73655.11,0.4665,1.35,0.0000,0.0107,0.0146,,,,,,,
27.1507,10,3,8.6840,35.8341,converged,3687.56,73655.11,0.4665,1.35,0.0000,0.0213,0.0369,,,,,,,
44.3101,8,3,9.0061,53.3161,converged,3687.79,73655.22,0.4679,1.28,0.0000,0.0127,0.0170,,,,,,,
20.6228,10,3,9.0257,29.6477,converged,3687.79,73655.22,0.4679,1.28,0.0000,0.0081,0.0183,,,,,,,
49.0244,7,3,9.8582,58.8822,converged,3688.01,73655.34,0.4683,1.23,0.0000,0.0120,0.0121,,,,,,,
32.3120,10,3,9.7351,42.0461,converged,3688.01,73655.34,0.4683,1.23,0.0000,0.0072,0.0130,,,,,,,
27.9490,10,3,9.4493,37.3984,converged,3688.23,73655.45,0.4686,1.20,0.0000,0.0076,0.0101,,,,,,,
58.2683,5,5,21.8906,80.1586,completed,3688.23,73655.45,0.4686,1.20,0.0000,0.0231,0.1124,0.8246,0.7528,,,,,
43.6038,8,3,9.5922,53.1952,converged,3688.47,73655.57,0.4688,1.16,0.0000,0.0124,0.0182,,,,,,,
21.9494,10,3,9.0955,31.0445,converged,3688.47,73655.57,0.4688,1.16,0.0000,0.0229,0.0056,,,,,,,
35.5740,9,3,9.7322,45.3052,converged,3688.70,73655.68,0.4702,1.12,0.0000,0.0086,0.0176,,,,,,,
34.8100,9,8,22.8682,57.6772,converged,3688.70,73655.68,0.4702,1.12,0.0000,0.0640,0.1033,0.4022,1.3569,0.4360,0.3199,0.0841,,
38.8953,9,3,9.2646,48.1596,converged,3688.89,73655.78,0.4700,1.07,0.0000,0.0075,0.0154,,,,,,,
24.5586,10,3,8.9984,33.5564,converged,3688.89,73655.78,0.4700,1.07,0.0000,0.0314,0.0171,,,,,,,
42.3990,8,3,9.0551,51.4531,converged,3689.08,73655.88,0.4699,1.02,0.0000,0.0152,0.0081,,,,,,,
41.3057,8,3,15.0245,56.3296,converged,3689.08,73655.88,0.4699,1.02,0.0000,0.0656,0.0764,,,,,,,
29.7936,10,3,9.4173,39.2103,converged,3689.27,73655.97,0.4712,0.90,0.0000,0.0072,0.0140,,,,,,,
59.3834,5,5,17.3437,76.7267,completed,3689.27,73655.97,0.4712,0.90,0.0000,0.0512,0.3209,0.9702,0.5207,,,,,
26.7485,10,3,9.1013,35.8494,converged,3689.44,73656.06,0.4739,0.81,0.0000,0.0064,0.0167,,,,,,,
22.6953,10,3,9.2508,31.9458,converged,3689.44,73656.06,0.4739,0.81,0.0000,0.0065,0.0200,,,,,,,
48.8301,7,3,8.7506,57.5806,converged,3689.57,73656.13,0.4749,0.77,0.0000,0.0130,0.0244,,,,,,,
42.8652,8,3,9.1361,52.0011,converged,3689.65,73656.17,0.4750,0.71,0.0000,0.0077,0.0051,,,,,,,
23.8176,10,3,9.3572,33.1742,converged,3689.65,73656.17,0.4750,0.71,0.0000,0.0066,0.0122,,,,,,,
26.4684,10,3,8.8219,35.2899,converged,3689.77,73656.23,0.4750,0.65,0.0000,0.0076,0.0175,,,,,,,
24.1461,10,3,12.3762,36.5223,converged,3689.77,73656.23,0.4750,0.65,0.0000,0.0058,0.0082,,,,,,,
35.0278,9,3,9.1861,44.2131,converged,3689.87,73656.28,0.4752,0.61,0.0000,0.0099,0.0257,,,,,,,
29.5396,10,3,10.0483,39.5873,converged,3689.92,73656.31,0.4749,0.60,0.0000,0.0082,0.0181,,,,,,,
35.3820,9,3,9.2587,44.6397,converged,3689.97,73656.34,0.4744,0.60,0.0000,0.0107,0.0108,,,,,,,
42.7155,8,3,9.2712,51.9862,converged,3689.97,73656.34,0.4744,0.60,0.0000,0.0108,0.0227,,,,,,,
51.8835,7,3,8.9275,60.8105,converged,3690.08,73656.39,0.4728,0.62,0.0000,0.0138,0.0268,,,,,,,
25.6235,10,3,8.8553,34.4783,converged,3690.08,73656.39,0.4728,0.62,0.0000,0.0093,0.0167,,,,,,,
48.4702,7,3,9.2640,57.7341,converged,3690.19,73656.45,0.4701,0.61,0.0000,0.0127,0.0209,,,,,,,
30.0778,10,3,9.4634,39.5404,converged,3690.19,73656.45,0.4701,0.61,0.0000,0.0059,0.0106,,,,,,,
49.0987,7,3,8.9447,58.0428,converged,3690.31,73656.51,0.4643,0.58,0.0000,0.0126,0.0127,,,,,,,
39.2866,9,3,11.3446,50.6306,converged,3690.31,73656.51,0.4643,0.58,0.0000,0.0129,0.0196,,,,,,,
53.3866,6,3,10.2537,63.6397,converged,3690.43,73656.56,0.4578,0.54,0.0000,0.0177,0.0191,,,,,,,
22.1165,10,3,9.0206,31.1366,converged,3690.43,73656.56,0.4578,0.54,0.0000,0.0033,0.0020,,,,,,,
25.5957,10,3,10.1872,35.7822,converged,3690.52,73656.61,0.4521,0.52,0.0000,0.0079,0.0023,,,,,,,
27.6494,10,3,8.6824,36.3314,converged,3690.52,73656.61,0.4521,0.52,0.0000,0.0036,0.0068,,,,,,,
59.4237,5,3,9.9824,69.4054,converged,3690.60,73656.65,0.4476,0.45,0.0000,0.0104,0.0579,,,,,,,
55.5781,6,3,9.1752,64.7533,converged,3690.60,73656.65,0.4476,0.45,0.0000,0.0154,0.0435,,,,,,,
20.2109,10,3,9.6595,29.8695,converged,3690.69,73656.69,0.4448,0.33,0.0000,0.0118,0.0062,,,,,,,
47.9893,7,3,9.3499,57.3390,converged,3690.69,73656.69,0.4448,0.33,0.0000,0.0079,0.0085,,,,,,,
39.4596,9,3,8.9607,48.4197,converged,3690.74,73656.71,0.4447,0.24,0.0000,0.0094,0.0018,,,,,,,
27.1779,10,3,8.6570,35.8340,converged,3690.74,73656.71,0.4447,0.24,0.0000,0.0059,0.0086,,,,,,,
23.7758,10,3,9.5491,33.3242,converged,3690.77,73656.73,0.4446,0.17,0.0000,0.0079,0.0065,,,,,,,
28.5690,10,3,9.1056,37.6746,converged,3690.77,73656.73,0.4446,0.17,0.0000,0.0082,0.0022,,,,,,,
33.9188,10,3,9.7273,43.6453,converged,3690.79,73656.74,0.4442,0.12,0.0000,0.0059,0.0053,,,,,,,
55.2090,6,3,9.1486,64.3567,converged,3690.79,73656.74,0.4442,0.12,0.0000,0.0117,0.0217,,,,,,,
41.2064,8,3,11.2419,52.4480,converged,3690.81,73656.75,0.4440,0.05,0.0000,0.0057,0.0148,,,,,,,
36.8354,9,3,9.4639,46.2989,converged,3690.81,73656.75,0.4440,0.05,0.0000,0.0094,0.0031,,,,,,,
45.2810,8,3,9.1489,54.4299,converged,3690.81,73656.75,0.4441,0.00,0.0000,0.0102,0.0027,,,,,,,
47.0556,7,3,8.9806,56.0357,converged,3690.81,73656.75,0.4441,0.00,0.0000,0.0057,0.0045,,,,,,,
57.2439,6,3,9.6893,66.9324,converged,3690.81,73656.75,0.4441,0.00,0.0000,0.0332,0.0070,,,,,,,
26.3132,10,3,9.7021,36.0151,converged,3690.81,73656.75,0.4441,0.00,0.0000,0.0049,0.0021,,,,,,,
30.3304,10,3,9.9825,40.3125,converged,3690.81,73656.75,0.4441,0.00,0.0000,0.0054,0.0055,,,,,,,
58.3444,5,3,9.0438,67.3878,converged,3690.81,73656.75,0.4441,0.00,0.0000,0.0078,0.0262,,,,,,,
55.0517,6,3,9.1537,64.2047,converged,3690.82,73656.75,0.4442,0.01,0.0000,0.0142,0.0076,,,,,,,
28.1715,10,3,9.2056,37.3767,converged,3690.82,73656.75,0.4442,0.01,0.0000,0.0058,0.0021,,,,,,,
24.4002,10,3,9.7488,34.1489,converged,3690.82,73656.75,0.4447,0.04,0.0000,0.0071,0.0019,,,,,,,
31.5555,10,3,9.6412,41.1962,converged,3690.82,73656.75,0.4447,0.04,0.0000,0.0064,0.0023,,,,,,,
35.5018,9,3,8.9106,44.4116,converged,3690.82,73656.76,0.4453,0.00,0.0000,0.0056,0.0024,,,,,,,
30.5737,10,3,9.5107,40.0837,converged,3690.82,73656.76,0.4453,0.00,0.0000,0.0051,0.0021,,,,,,,
21.1780,10,3,9.7440,30.9220,converged,3690.82,73656.76,0.4453,0.00,0.0000,0.0067,0.0023,,,,,,,
33.8554,10,3,8.8473,42.7023,converged,3690.82,73656.76,0.4453,0.00,0.0000,0.0059,0.0023,,,,,,,
48.5961,7,3,12.7157,61.3118,converged,3690.82,73656.76,0.4453,0.00,0.0000,0.0068,0.0078,,,,,,,
39.0987,9,3,8.8205,47.9185,converged,3690.82,73656.76,0.4453,0.00,0.0000,0.0062,0.0028,,,,,,,
56.3173,6,3,10.3428,66.6598,converged,3690.82,73656.76,0.4453,0.00,0.0000,0.0053,0.0194,,,,,,,
41.1037,8,3,9.5431,50.6462,converged,3690.82,73656.76,0.4453,0.00,0.0000,0.0085,0.0053,,,,,,,
54.9586,6,3,9.1969,64.1549,converged,3690.82,73656.76,0.4453,0.00,0.0000,0.0063,0.0195,,,,,,,
32.3924,10,3,8.6643,41.0563,converged,3690.82,73656.76,0.4453,0.00,0.0000,0.0072,0.0031,,,,,,,
36.1668,9,3,8.8249,44.9909,converged,3690.82,73656.76,0.4453,0.00,0.0000,0.0062,0.0043,,,,,,,
46.1126,7,3,9.4177,55.5298,converged,3690.82,73656.76,0.4453,0.00,0.0000,0.0073,0.0108,,,,,,,
33.3954,10,3,9.6004,42.9955,converged,3690.82,73656.76,0.4453,0.00,0.0000,0.0053,0.0020,,,,,,,
44.5893,8,3,8.8815,53.4705,converged,3690.82,73656.76,0.4453,0.00,0.0000,0.0088,0.0044,,,,,,,
36.7480,9,3,11.0368,47.7838,converged,3690.82,73656.76,0.4453,0.00,0.0000,0.0082,0.0024,,,,,,,
48.4593,7,3,10.9440,59.4031,converged,3690.82,73656.76,0.4453,0.00,0.0000,0.0076,0.0126,,,,,,,
25.3421,10,3,9.6071,34.9491,converged,3690.82,73656.76,0.4453,0.00,0.0000,0.0055,0.0032,,,,,,,
38.3255,9,3,9.5845,47.9095,converged,3690.82,73656.76,0.4453,0.00,0.0000,0.0060,0.0029,,,,,,,
53.5279,6,3,8.9073,62.4343,converged,3690.82,73656.76,0.4453,0.00,0.0000,0.0080,0.0260,,,,,,,
35.9802,9,3,9.0677,45.0478,converged,3690.82,73656.76,0.4453,0.00,0.0000,0.0051,0.0051,,,,,,,
43.3628,8,3,11.2360,54.5980,converged,3690.82,73656.76,0.4453,0.00,0.0000,0.0061,0.0084,,,,,,,
48.3159,7,3,9.5264,57.8415,converged,3690.82,73656.76,0.4453,0.00,0.0000,0.0073,0.0145,,,,,,,
45.4533,8,3,8.9862,54.4392,converged,3690.82,73656.76,0.4453,0.00,0.0000,0.0053,0.0108,,,,,,,
32.0334,10,3,9.8994,41.9325,converged,3690.82,73656.76,0.4453,0.00,0.0000,0.0069,0.0024,,,,,,,
38.8865,9,3,8.6171,47.5032,converged,3690.82,73656.76,0.4453,0.00,0.0000,0.0053,0.0027,,,,,,,
56.4680,6,3,8.8258,65.2928,converged,3690.82,73656.76,0.4453,0.00,0.0000,0.0047,0.0269,,,,,,,
59.2753,5,3,8.7577,68.0328,converged,3690.82,73656.76,0.4453,0.00,0.0000,0.0067,0.0372,,,,,,,
48.5643,7,3,9.3775,57.9416,converged,3690.82,73656.76,0.4453,0.00,0.0000,0.0068,0.0127,,,,,,,
43.1057,8,3,8.8084,51.9134,converged,3690.82,73656.76,0.4453,0.00,0.0000,0.0071,0.0083,,,,,,,
54.4846,6,3,8.9641,63.4482,converged,3690.82,73656.76,0.4453,0.00,0.0000,0.0051,0.0217,,,,,,,
37.2419,9,3,9.0575,46.2985,converged,3690.82,73656.76,0.4453,0.00,0.0000,0.0046,0.0059,,,,,,,
46.5625,7,3,9.7433,56.3053,converged,3690.82,73656.76,0.4453,0.00,0.0000,0.0056,0.0132,,,,,,,
40.4191,8,3,9.4725,49.8916,converged,3690.82,73656.76,0.4453,0.00,0.0000,0.0082,0.0029,,,,,,,
32.7161,10,3,11.5729,44.2889,converged,3690.82,73656.76,0.4453,0.00,0.0000,0.0062,0.0018,,,,,,,
23.1849,10,3,8.6674,31.8515,converged,3690.82,73656.76,0.4453,0.00,0.0000,0.0070,0.0018,,,,,,,
56.3358,6,3,8.8111,65.1462,converged,3690.82,73656.76,0.4453,0.00,0.0000,0.0070,0.0203,,,,,,,
32.7744,10,3,8.7806,41.5547,converged,3690.82,73656.76,0.4453,0.00,0.0000,0.0055,0.0020,,,,,,,
40.7714,8,3,9.5391,50.3101,converged,3690.82,73656.76,0.4453,0.00,0.0000,0.0061,0.0066,,,,,,,
28.0873,10,3,9.7596,37.8466,converged,3690.82,73656.76,0.4453,0.00,0.0000,0.0068,0.0021,,,,,,,
22.6370,10,3,9.5246,32.1607,converged,3690.82,73656.76,0.4453,0.00,0.0000,0.0065,0.0017,,,,,,,
20.0293,10,3,9.6291,29.6581,converged,3690.82,73656.76,0.4453,0.00,0.0000,0.0056,0.0021,,,,,,,
47.2723,7,3,9.2464,56.5185,converged,3690.82,73656.76,0.4453,0.00,0.0000,0.0073,0.0133,,,,,,,
45.5902,8,3,8.7297,54.3197,converged,3690.82,73656.76,0.4453,0.00,0.0000,0.0070,0.0074,,,,,,,
38.9009,9,3,8.7471,47.6471,converged,3690.82,73656.76,0.4453,0.00,0.0000,0.0055,0.0040,,,,,,,
33.8974,10,3,8.9611,42.8581,converged,3690.82,73656.76,0.4453,0.00,0.0000,0.0062,0.0019,,,,,,,
39.2159,9,3,9.4372,48.6522,converged,3690.82,73656.76,0.4453,0.00,0.0000,0.0053,0.0054,,,,,,,
53.1702,6,3,9.3800,62.5501,converged,3690.82,73656.76,0.4453,0.00,0.0000,0.0075,0.0202,,,,,,,
58.3131,5,3,8.9035,67.2165,converged,3690.82,73656.76,0.4453,0.00,0.0000,0.0067,0.0358,,,,,,,
35.8334,9,3,8.7183,44.5513,converged,3690.82,73656.76,0.4453,0.00,0.0000,0.0076,0.0024,,,,,,,
55.8544,6,3,8.9886,64.8426,converged,3690.82,73656.76,0.4453,0.00,0.0000,0.0059,0.0204,,,,,,,
43.9596,8,3,9.9951,53.9541,converged,3690.82,73656.76,0.4453,0.00,0.0000,0.0067,0.0070,,,,,,,
34.2960,9,3,9.0803,43.3753,converged,3690.82,73656.76,0.4453,0.00,0.0000,0.0066,0.0051,,,,,,,
31.8472,10,3,9.0699,40.9170,converged,3690.82,73656.76,0.4453,0.00,0.0000,0.0055,0.0020,,,,,,,
29.7243,10,3,9.4767,39.2007,converged,3690.82,73656.76,0.4453,0.00,0.0000,0.0051,0.0033,,,,,,,
46.9130,7,3,8.6646,55.5767,converged,3690.82,73656.76,0.4453,0.00,0.0000,0.0075,0.0092,,,,,,,
42.8121,8,3,9.2001,52.0122,converged,3690.82,73656.76,0.4453,0.00,0.0000,0.0067,0.0073,,,,,,,
48.7077,7,3,9.8739,58.5809,converged,3690.82,73656.76,0.4453,0.00,0.0000,0.0067,0.0113,,,,,,,
23.4046,10,3,9.3202,32.7243,converged,3690.82,73656.76,0.4453,0.00,0.0000,0.0056,0.0019,,,,,,,
22.9963,10,3,8.7811,31.7771,converged,3690.82,73656.76,0.4453,0.00,0.0000,0.0060,0.0029,,,,,,,
57.5700,6,3,8.7677,66.3377,converged,3690.82,73656.76,0.4453,0.00,0.0000,0.0073,0.0198,,,,,,,
40.0279,8,3,10.0577,50.0847,converged,3690.82,73656.76,0.4453,0.00,0.0000,0.0087,0.0070,,,,,,,
49.5687,7,3,9.4912,59.0592,converged,3690.82,73656.76,0.4453,0.00,0.0000,0.0068,0.0140,,,,,,,
29.3602,10,3,9.2750,38.6350,converged,3690.82,73656.76,0.4453,0.00,0.0000,0.0060,0.0019,,,,,,,
22.0952,10,3,11.4341,33.5292,converged,3690.82,73656.76,0.4453,0.00,0.0000,0.0045,0.0047,,,,,,,
54.1724,6,3,12.7994,66.9715,converged,3690.82,73656.76,0.4453,0.00,0.0000,0.0071,0.0259,,,,,,,
24.3256,10,3,9.4902,33.8152,converged,3690.82,73656.76,0.4453,0.00,0.0000,0.0058,0.0028,,,,,,,
56.5135,6,3,9.5861,66.0991,converged,3690.82,73656.76,0.4453,0.00,0.0000,0.0055,0.0250,,,,,,,
36.3376,9,3,9.3322,45.6692,converged,3690.82,73656.76,0.4453,0.00,0.0000,0.0065,0.0048,,,,,,,
44.3319,8,3,9.0473,53.3784,converged,3690.82,73656.76,0.4453,0.00,0.0000,0.0061,0.0081,,,,,,,
20.6587,10,3,9.7928,30.4508,converged,3690.82,73656.76,0.4453,0.00,0.0000,0.0051,0.0035,,,,,,,
53.6855,6,3,9.6562,63.3412,converged,3690.82,73656.76,0.4453,0.00,0.0000,0.0048,0.0227,,,,,,,
57.6530,6,3,9.6367,67.2887,converged,3690.82,73656.76,0.4453,0.00,0.0000,0.0053,0.0233,,,,,,,
21.8187,10,3,10.4388,32.2568,converged,3690.82,73656.76,0.4453,0.00,0.0000,0.0046,0.0039,,,,,,,
38.1176,9,3,8.7122,46.8292,converged,3690.82,73656.76,0.4453,0.00,0.0000,0.0071,0.0033,,,,,,,
46.3334,7,3,9.5203,55.8534,converged,3690.82,73656.76,0.4453,0.00,0.0000,0.0076,0.0146,,,,,,,
35.3845,9,3,9.0559,44.4400,converged,3690.82,73656.76,0.4453,0.00,0.0000,0.0061,0.0028,,,,,,,
41.7625,8,3,8.9637,50.7258,converged,3690.82,73656.76,0.4453,0.00,0.0000,0.0072,0.0064,,,,,,,
38.8664,9,3,9.1259,47.9920,converged,3690.82,73656.76,0.4453,0.00,0.0000,0.0058,0.0032,,,,,,,
53.9616,6,3,9.0503,63.0114,converged,3690.82,73656.76,0.4453,0.00,0.0000,0.0057,0.0249,,,,,,,
44.4110,8,3,10.1893,54.5993,converged,3690.82,73656.76,0.4453,0.00,0.0000,0.0059,0.0065,,,,,,,
48.1419,7,3,9.2086,57.3496,converged,3690.82,73656.76,0.4453,0.00,0.0000,0.0052,0.0121,,,,,,,
30.5567,10,3,9.1688,39.7249,converged,3690.82,73656.76,0.4453,0.00,0.0000,0.0059,0.0019,,,,,,,
59.4844,5,3,9.3203,68.8043,converged,3690.82,73656.76,0.4453,0.00,0.0000,0.0067,0.0328,,,,,,,
23.6850,10,3,8.7783,32.4624,converged,3690.82,73656.76,0.4453,0.00,0.0000,0.0066,0.0019,,,,,,,
59.1150,5,3,9.0855,68.2006,converged,3690.82,73656.76,0.4453,0.00,0.0000,0.0060,0.0440,,,,,,,
38.4850,9,3,9.1346,47.6186,converged,3690.82,73656.76,0.4453,0.00,0.0000,0.0075,0.0023,,,,,,,
41.7424,8,3,9.0786,50.8206,converged,3690.82,73656.76,0.4453,0.00,0.0000,0.0062,0.0046,,,,,,,
28.7909,10,3,9.3241,38.1141,converged,3690.82,73656.76,0.4453,0.00,0.0000,0.0057,0.0027,,,,,,,
21.5646,10,3,10.2123,31.7764,converged,3690.82,73656.76,0.4453,0.00,0.0000,0.0056,0.0025,,,,,,,
36.8851,9,3,9.4228,46.3078,converged,3690.82,73656.76,0.4453,0.00,0.0000,0.0072,0.0028,,,,,,,
55.8832,6,3,9.5734,65.4564,converged,3690.82,73656.76,0.4453,0.00,0.0000,0.0049,0.0277,,,,,,,
56.0607,6,3,9.4109,65.4710,converged,3690.82,73656.76,0.4453,0.00,0.0000,0.0054,0.0254,,,,,,,
42.5089,8,3,8.8310,51.3390,converged,3690.82,73656.76,0.4453,0.00,0.0000,0.0056,0.0092,,,,,,,
40.8513,8,3,9.3618,50.2128,converged,3690.82,73656.76,0.4453,0.00,0.0000,0.0060,0.0066,,,,,,,
39.7205,9,3,9.0839,48.8040,converged,3690.82,73656.76,0.4453,0.00,0.0000,0.0069,0.0022,,,,,,,
20.5228,10,3,8.8173,29.3393,converged,3690.82,73656.76,0.4453,0.00,0.0000,0.0070,0.0016,,,,,,,
27.1782,10,3,13.3831,40.5611,converged,3690.82,73656.76,0.4453,0.00,0.0000,0.0053,0.0030,,,,,,,
46.5887,7,3,8.7718,55.3599,converged,3690.82,73656.76,0.4453,0.00,0.0000,0.0059,0.0167,,,,,,,
39.7901,9,3,9.7157,49.5058,converged,3690.82,73656.76,0.4453,0.00,0.0000,0.0049,0.0051,,,,,,,
20.7788,10,3,8.7267,29.5047,converged,3690.82,73656.76,0.4453,0.00,0.0000,0.0063,0.0021,,,,,,,
38.6541,9,3,9.0208,47.6748,converged,3690.82,73656.76,0.4453,0.00,0.0000,0.0051,0.0061,,,,,,,
36.7701,9,3,9.9612,46.7312,converged,3690.82,73656.76,0.4453,0.00,0.0000,0.0048,0.0066,,,,,,,
58.5052,5,3,10.3222,68.8273,converged,3690.82,73656.76,0.4453,0.00,0.0000,0.0057,0.0355,,,,,,,
32.5323,10,3,9.3735,41.9056,converged,3690.82,73656.76,0.4453,0.00,0.0000,0.0070,0.0017,,,,,,,
26.9729,10,3,14.0216,40.9937,converged,3690.82,73656.76,0.4453,0.00,0.0000,0.0073,0.0021,,,,,,,
22.4249,10,3,9.3325,31.7565,converged,3690.82,73656.76,0.4453,0.00,0.0000,0.0054,0.0023,,,,,,,
24.7789,10,3,9.3852,34.1632,converged,3690.82,73656.76,0.4453,0.00,0.0000,0.0061,0.0020,,,,,,,
37.2572,9,3,13.7423,50.9994,converged,3690.82,73656.76,0.4453,0.00,0.0000,0.0051,0.0066,,,,,,,
30.6381,10,3,10.2769,40.9150,converged,3690.82,73656.76,0.4453,0.00,0.0000,0.0053,0.0023,,,,,,,
21.1688,10,3,9.5371,30.7051,converged,3690.82,73656.76,0.4453,0.00,0.0000,0.0054,0.0021,,,,,,,
41.5767,8,3,9.5949,51.1709,converged,3690.82,73656.76,0.4453,0.00,0.0000,0.0057,0.0087,,,,,,,
32.8605,10,3,9.6015,42.4615,converged,3690.82,73656.76,0.4453,0.00,0.0000,0.0063,0.0022,,,,,,,
25.2479,10,3,8.8733,34.1204,converged,3690.82,73656.76,0.4453,0.00,0.0000,0.0069,0.0021,,,,,,,
23.9377,10,3,8.9991,32.9362,converged,3690.82,73656.76,0.4453,0.00,0.0000,0.0072,0.0024,,,,,,,
57.0598,6,3,9.7847,66.8437,converged,3690.82,73656.76,0.4453,0.00,0.0000,0.0064,0.0293,,,,,,,
52.1845,6,3,8.6940,60.8781,converged,3690.82,73656.76,0.4453,0.00,0.0000,0.0065,0.0277,,,,,,,
47.5349,7,3,9.8328,57.3668,converged,3690.82,73656.76,0.4453,0.00,0.0000,0.0075,0.0134,,,,,,,
26.5965,10,3,9.0666,35.6627,converged,3690.82,73656.76,0.4453,0.00,0.0000,0.0046,0.0037,,,,,,,
34.4265,9,3,8.9660,43.3921,converged,3690.82,73656.76,0.4453,0.00,0.0000,0.0061,0.0050,,,,,,,
26.1429,10,3,9.0585,35.2005,converged,3690.82,73656.76,0.4453,0.00,0.0000,0.0069,0.0018,,,,,,,
49.7423,7,3,8.7506,58.4927,converged,3690.82,73656.76,0.4453,0.00,0.0000,0.0062,0.0116,,,,,,,
25.7451,10,3,9.1209,34.8660,converged,3690.82,73656.76,0.4453,0.00,0.0000,0.0057,0.0025,,,,,,,
59.3039,5,3,9.8070,69.1100,converged,3690.82,73656.76,0.4453,0.00,0.0000,0.0061,0.0393,,,,,,,
24.8168,10,3,9.2558,34.0718,converged,3690.82,73656.76,0.4453,0.00,0.0000,0.0058,0.0022,,,,,,,
57.2201,6,3,9.3733,66.5933,converged,3690.82,73656.76,0.4453,0.00,0.0000,0.0067,0.0251,,,,,,,
25.7837,10,3,9.4247,35.2077,converged,3690.82,73656.76,0.4453,0.00,0.0000,0.0071,0.0023,,,,,,,
46.3914,7,3,9.9373,56.3283,converged,3690.82,73656.76,0.4453,0.00,0.0000,0.0076,0.0133,,,,,,,
32.5573,10,3,8.8609,41.4179,converged,3690.82,73656.76,0.4453,0.00,0.0000,0.0056,0.0018,,,,,,,
24.8246,10,3,10.5843,35.4085,converged,3690.82,73656.76,0.4453,0.00,0.0000,0.0053,0.0024,,,,,,,
34.7795,9,3,9.7051,44.4842,converged,3690.82,73656.76,0.4453,0.00,0.0000,0.0058,0.0042,,,,,,,
47.9080,7,3,9.0519,56.9589,converged,3690.82,73656.76,0.4453,0.00,0.0000,0.0058,0.0110,,,,,,,
44.7447,8,3,9.4325,54.1766,converged,3690.82,73656.76,0.4453,0.00,0.0000,0.0069,0.0063,,,,,,,
23.5744,10,3,9.2376,32.8116,converged,3690.82,73656.76,0.4453,0.00,0.0000,0.0048,0.0041,,,,,,,
35.8170,9,3,9.3002,45.1172,converged,3690.82,73656.76,0.4453,0.00,0.0000,0.0063,0.0041,,,,,,,
49.9141,7,3,8.8082,58.7222,converged,3690.82,73656.76,0.4453,0.00,0.0000,0.0057,0.0134,,,,,,,
42.5864,8,3,9.3210,51.9070,converged,3690.82,73656.76,0.4453,0.00,0.0000,0.0063,0.0067,,,,,,,
22.5107,10,3,9.3746,31.8847,converged,3690.82,73656.76,0.4453,0.00,0.0000,0.0060,0.0022,,,,,,,
33.1928,10,3,8.7569,41.9489,converged,3690.82,73656.76,0.4453,0.00,0.0000,0.0071,0.0022,,,,,,,
20.1381,10,3,10.0150,30.1530,converged,3690.82,73656.76,0.4453,0.00,0.0000,0.0039,0.0033,,,,,,,
39.8403,9,3,8.6783,48.5183,converged,3690.82,73656.76,0.4453,0.00,0.0000,0.0046,0.0058,,,,,,,
48.1184,7,3,9.7692,57.8872,converged,3690.82,73656.76,0.4453,0.00,0.0000,0.0094,0.0065,,,,,,,
32.4363,10,3,9.5223,41.9583,converged,3690.82,73656.76,0.4453,0.00,0.0000,0.0053,0.0027,,,,,,,
51.7868,7,3,9.6894,61.4754,converged,3690.82,73656.76,0.4453,0.00,0.0000,0.0069,0.0139,,,,,,,
47.9748,7,3,9.6364,57.6104,converged,3690.82,73656.76,0.4453,0.00,0.0000,0.0071,0.0131,,,,,,,
31.6619,10,3,13.1098,44.7708,converged,3690.82,73656.76,0.4453,0.00,0.0000,0.0060,0.0019,,,,,,,
23.8169,10,3,9.0336,32.8496,converged,3690.82,73656.76,0.4453,0.00,0.0000,0.0069,0.0017,,,,,,,
45.2901,8,3,9.2267,54.5167,converged,3690.82,73656.76,0.4453,0.00,0.0000,0.0069,0.0055,,,,,,,
56.5873,6,3,9.6066,66.1936,converged,3690.82,73656.76,0.4453,0.00,0.0000,0.0090,0.0242,,,,,,,
48.2301,7,3,8.6513,56.8814,converged,3690.82,73656.76,0.4453,0.00,0.0000,0.0070,0.0085,,,,,,,
48.3813,7,3,9.8508,58.2318,converged,3690.82,73656.76,0.4453,0.00,0.0000,0.0053,0.0139,,,,,,,
26.1604,10,3,9.1744,35.3344,converged,3690.82,73656.76,0.4453,0.00,0.0000,0.0054,0.0026,,,,,,,
27.8287,10,3,9.0286,36.8566,converged,3690.82,73656.76,0.4453,0.00,0.0000,0.0061,0.0021,,,,,,,
31.4886,10,3,13.1145,44.6026,converged,3690.82,73656.76,0.4453,0.00,0.0000,0.0056,0.0033,,,,,,,
37.6825,9,3,9.6130,47.2950,converged,3690.82,73656.76,0.4453,0.00,0.0000,0.0059,0.0031,,,,,,,
20.3243,10,3,9.7071,30.0312,converged,3690.82,73656.76,0.4453,0.00,0.0000,0.0054,0.0025,,,,,,,
25.7675,10,3,8.6212,34.3883,converged,3690.82,73656.76,0.4453,0.00,0.0000,0.0058,0.0020,,,,,,,
24.3428,10,3,9.1815,33.5235,converged,3690.82,73656.76,0.4453,0.00,0.0000,0.0062,0.0018,,,,,,,
40.0665,8,3,9.0284,49.0945,converged,3690.82,73656.76,0.4453,0.00,0.0000,0.0068,0.0063,,,,,,,
26.6038,10,3,8.9161,35.5191,converged,3690.82,73656.76,0.4453,0.00,0.0000,0.0052,0.0026,,,,,,,
54.5830,6,3,9.3954,63.9774,converged,3690.82,73656.76,0.4453,0.00,0.0000,0.0063,0.0232,,,,,,,
46.8199,7,3,9.5663,56.3853,converged,3690.82,73656.76,0.4453,0.00,0.0000,0.0062,0.0138,,,,,,,
40.9562,8,3,8.9630,49.9190,converged,3690.82,73656.76,0.4453,0.00,0.0000,0.0061,0.0102,,,,,,,
24.9633,10,3,9.4726,34.4356,converged,3690.82,73656.76,0.4453,0.00,0.0000,0.0050,0.0024,,,,,,,
37.7166,9,3,9.3437,47.0598,converged,3690.82,73656.76,0.4453,0.00,0.0000,0.0053,0.0054,,,,,,,
46.2917,7,3,9.1600,55.4511,converged,3690.82,73656.76,0.4453,0.00,0.0000,0.0057,0.0130,,,,,,,
29.6933,10,3,9.4549,39.1479,converged,3690.82,73656.76,0.4453,0.00,0.0000,0.0046,0.0034,,,,,,,
32.1840,10,3,9.1377,41.3207,converged,3690.82,73656.76,0.4453,0.00,0.0000,0.0052,0.0029,,,,,,,
24.7057,10,3,9.4019,34.1069,converged,3690.82,73656.76,0.4453,0.00,0.0000,0.0059,0.0021,,,,,,,
36.3936,9,3,9.5444,45.9374,converged,3690.82,73656.76,0.4453,0.00,0.0000,0.0079,0.0023,,,,,,,
31.7149,10,3,9.8070,41.5211,converged,3690.82,73656.76,0.4453,0.00,0.0000,0.0047,0.0038,,,,,,,
27.6085,10,3,10.2083,37.8164,converged,3690.82,73656.76,0.4453,0.00,0.0000,0.0058,0.0021,,,,,,,
40.7488,8,3,9.8413,50.5893,converged,3690.82,73656.76,0.4453,0.00,0.0000,0.0055,0.0064,,,,,,,
49.4334,7,3,9.1078,58.5408,converged,3690.82,73656.76,0.4453,0.00,0.0000,0.0068,0.0119,,,,,,,
34.8395,9,3,10.3283,45.1673,converged,3690.82,73656.76,0.4453,0.00,0.0000,0.0039,0.0072,,,,,,,
32.9283,10,3,8.7875,41.7155,converged,3690.82,73656.76,0.4453,0.00,0.0000,0.0063,0.0020,,,,,,,
48.8753,7,3,9.0171,57.8922,converged,3690.82,73656.76,0.4453,0.00,0.0000,0.0047,0.0190,,,,,,,
49.9269,7,3,8.9850,58.9111,converged,3690.82,73656.76,0.4453,0.00,0.0000,0.0056,0.0144,,,,,,,
43.7507,8,3,9.6515,53.4015,converged,3690.82,73656.76,0.4453,0.00,0.0000,0.0077,0.0049,,,,,,,
23.2169,10,3,12.2873,35.5034,converged,3690.82,73656.76,0.4453,0.00,0.0000,0.0053,0.0015,,,,,,,
33.1461,10,3,10.6522,43.7983,converged,3690.82,73656.76,0.4453,0.00,0.0000,0.0051,0.0024,,,,,,,
29.8481,10,3,9.1117,38.9597,converged,3690.82,73656.76,0.4453,0.00,0.0000,0.0047,0.0032,,,,,,,
42.3381,8,3,9.2829,51.6209,converged,3690.82,73656.76,0.4453,0.00,0.0000,0.0078,0.0059,,,,,,,
28.0907,10,3,12.5160,40.6061,converged,3690.82,73656.76,0.4453,0.00,0.0000,0.0051,0.0018,,,,,,,
48.3858,7,3,9.7196,58.1047,converged,3690.82,73656.76,0.4453,0.00,0.0000,0.0064,0.0123,,,,,,,
59.1926,5,3,9.6226,68.8146,converged,3690.82,73656.76,0.4453,0.00,0.0000,0.0046,0.0377,,,,,,,
38.0854,9,3,9.8681,47.9531,converged,3690.82,73656.76,0.4453,0.00,0.0000,0.0061,0.0034,,,,,,,
26.1443,10,3,8.7805,34.9246,converged,3690.82,73656.76,0.4453,0.00,0.0000,0.0055,0.0023,,,,,,,
56.6205,6,3,8.6883,65.3083,converged,3690.82,73656.76,0.4453,0.00,0.0000,0.0085,0.0139,,,,,,,
58.0532,5,3,9.0191,67.0721,converged,3690.82,73656.76,0.4453,0.00,0.0000,0.0038,0.0390,,,,,,,
41.4730,8,3,8.8855,50.3585,converged,3690.82,73656.76,0.4453,0.00,0.0000,0.0061,0.0080,,,,,,,
51.8819,7,3,8.7527,60.6338,converged,3690.82,73656.76,0.4453,0.00,0.0000,0.0074,0.0085,,,,,,,
38.9032,9,3,8.8752,47.7782,converged,3690.82,73656.76,0.4453,0.00,0.0000,0.0076,0.0030,,,,,,,
57.2458,6,3,9.1862,66.4312,converged,3690.82,73656.76,0.4453,0.00,0.0000,0.0053,0.0260,,,,,,,
33.4983,10,3,10.5790,44.0770,converged,3690.82,73656.76,0.4453,0.00,0.0000,0.0066,0.0017,,,,,,,
29.6546,10,3,9.6037,39.2577,converged,3690.82,73656.76,0.4453,0.00,0.0000,0.0052,0.0021,,,,,,,
56.8349,6,3,9.3569,66.1910,converged,3690.82,73656.76,0.4453,0.00,0.0000,0.0064,0.0181,,,,,,,
45.5305,8,3,8.8474,54.3774,converged,3690.82,73656.76,0.4453,0.00,0.0000,0.0048,0.0096,,,,,,,
42.0916,8,3,9.1561,51.2471,converged,3690.82,73656.76,0.4453,0.00,0.0000,0.0057,0.0087,,,,,,,
58.4995,5,3,8.9418,67.4409,converged,3690.82,73656.76,0.4453,0.00,0.0000,0.0067,0.0364,,,,,,,
47.9989,7,3,8.7930,56.7910,converged,3690.82,73656.76,0.4453,0.00,0.0000,0.0056,0.0137,,,,,,,
27.2770,10,3,9.9838,37.2608,converged,3690.82,73656.76,0.4453,0.00,0.0000,0.0076,0.0022,,,,,,,
23.9928,10,3,13.5257,37.5178,converged,3690.82,73656.76,0.4453,0.00,0.0000,0.0062,0.0020,,,,,,,
59.9355,5,3,9.1869,69.1220,converged,3690.82,73656.76,0.4453,0.00,0.0000,0.0062,0.0367,,,,,,,
36.9889,9,3,9.2802,46.2682,converged,3690.82,73656.76,0.4453,0.00,0.0000,0.0060,0.0052,,,,,,,
36.2146,9,3,9.2817,45.4957,converged,3690.82,73656.76,0.4453,0.00,0.0000,0.0050,0.0056,,,,,,,
23.9541,10,3,9.7603,33.7143,converged,3690.82,73656.76,0.4453,0.00,0.0000,0.0066,0.0018,,,,,,,
23.5217,10,3,9.1294,32.6504,converged,3690.82,73656.76,0.4453,0.00,0.0000,0.0064,0.0016,,,,,,,
29.9658,10,3,8.9753,38.9403,converged,3690.82,73656.76,0.4453,0.00,0.0000,0.0055,0.0023,,,,,,,
47.1509,7,3,10.2095,57.3595,converged,3690.82,73656.76,0.4453,0.00,0.0000,0.0037,0.0067,,,,,,,
42.5620,8,3,8.7488,51.3098,converged,3690.82,73656.76,0.4453,0.00,0.0000,0.0062,0.0090,,,,,,,
29.1340,10,3,11.5469,40.6809,converged,3690.82,73656.76,0.4453,0.00,0.0000,0.0059,0.0023,,,,,,,
59.1470,5,3,9.9285,69.0745,converged,3690.82,73656.76,0.4453,0.00,0.0000,0.0028,0.0341,,,,,,,
36.8787,9,3,9.9381,46.8161,converged,3690.82,73656.76,0.4453,0.00,0.0000,0.0046,0.0065,,,,,,,
23.8263,10,3,9.1099,32.9359,converged,3690.82,73656.76,0.4453,0.00,0.0000,0.0054,0.0027,,,,,,,
22.5202,10,3,10.2784,32.7985,converged,3690.82,73656.76,0.4453,0.00,0.0000,0.0051,0.0020,,,,,,,
45.1911,8,3,8.7769,53.9679,converged,3690.82,73656.76,0.4453,0.00,0.0000,0.0065,0.0047,,,,,,,
22.9799,10,3,9.3730,32.3521,converged,3690.82,73656.76,0.4453,0.00,0.0000,0.0073,0.0020,,,,,,,
31.7304,10,3,9.1021,40.8349,converged,3690.82,73656.76,0.4453,0.00,0.0000,0.0057,0.0027,,,,,,,
33.2574,10,3,10.1188,43.3758,converged,3690.82,73656.76,0.4453,0.00,0.0000,0.0053,0.0033,,,,,,,
31.0830,10,3,9.6858,40.7688,converged,3690.82,73656.76,0.4453,0.00,0.0000,0.0058,0.0028,,,,,,,
32.0570,10,3,9.4537,41.5097,converged,3690.82,73656.76,0.4453,0.00,0.0000,0.0065,0.0020,,,,,,,
58.4186,5,3,9.2029,67.6209,converged,3690.82,73656.76,0.4453,0.00,0.0000,0.0048,0.0422,,,,,,,
56.7433,6,3,8.8659,65.6090,converged,3690.82,73656.76,0.4453,0.00,0.0000,0.0059,0.0254,,,,,,,
44.9193,8,3,9.1535,54.0725,converged,3690.82,73656.76,0.4453,0.00,0.0000,0.0072,0.0058,,,,,,,
54.8612,6,3,9.3846,64.2456,converged,3690.82,73656.76,0.4453,0.00,0.0000,0.0039,0.0296,,,,,,,
52.1545,6,3,9.5098,61.6638,converged,3690.82,73656.76,0.4453,0.00,0.0000,0.0063,0.0209,,,,,,,
49.7785,7,3,8.9914,58.7695,converged,3690.82,73656.76,0.4453,0.00,0.0000,0.0061,0.0106,,,,,,,
45.1076,8,3,10.4482,55.5552,converged,3690.82,73656.76,0.4453,0.00,0.0000,0.0073,0.0069,,,,,,,
43.1259,8,3,8.9020,52.0270,converged,3690.82,73656.76,0.4453,0.00,0.0000,0.0053,0.0090,,,,,,,
50.1935,7,3,8.7555,58.9486,converged,3690.82,73656.76,0.4453,0.00,0.0000,0.0090,0.0104,,,,,,,
49.0622,7,3,9.0458,58.1079,converged,3690.82,73656.76,0.4453,0.00,0.0000,0.0063,0.0085,,,,,,,
59.9060,5,3,9.4156,69.3216,converged,3690.82,73656.76,0.4453,0.00,0.0000,0.0077,0.0365,,,,,,,
47.8072,7,3,8.8615,56.6686,converged,3690.82,73656.76,0.4453,0.00,0.0000,0.0087,0.0079,,,,,,,
22.0913,10,3,9.0979,31.1890,converged,3690.82,73656.76,0.4453,0.00,0.0000,0.0066,0.0021,,,,,,,
58.9087,5,3,8.7723,67.6803,converged,3690.82,73656.76,0.4453,0.00,0.0000,0.0058,0.0420,,,,,,,
22.8926,10,3,8.9180,31.8101,converged,3690.82,73656.76,0.4453,0.00,0.0000,0.0075,0.0023,,,,,,,
26.5673,10,3,8.8238,35.3909,converged,3690.82,73656.76,0.4453,0.00,0.0000,0.0060,0.0027,,,,,,,
31.3224,10,3,9.0499,40.3719,converged,3690.82,73656.76,0.4453,0.00,0.0000,0.0059,0.0022,,,,,,,
30.1266,10,3,8.7992,38.9252,converged,3690.82,73656.76,0.4453,0.00,0.0000,0.0081,0.0021,,,,,,,
47.5809,7,3,9.2458,56.8258,converged,3690.82,73656.76,0.4453,0.00,0.0000,0.0063,0.0122,,,,,,,
20.2091,10,3,9.1224,29.3314,converged,3690.82,73656.76,0.4453,0.00,0.0000,0.0062,0.0025,,,,,,,
49.4663,7,3,9.6044,59.0705,converged,3690.82,73656.76,0.4453,0.00,0.0000,0.0064,0.0150,,,,,,,
34.8089,9,3,9.8632,44.6712,converged,3690.82,73656.76,0.4453,0.00,0.0000,0.0062,0.0039,,,,,,,
40.4725,8,3,9.4821,49.9541,converged,3690.82,73656.76,0.4453,0.00,0.0000,0.0066,0.0077,,,,,,,
50.4502,7,3,9.2266,59.6766,converged,3690.82,73656.76,0.4453,0.00,0.0000,0.0059,0.0147,,,,,,,
29.5454,10,3,9.3063,38.8514,converged,3690.82,73656.76,0.4453,0.00,0.0000,0.0050,0.0020,,,,,,,
43.0494,8,3,9.4473,52.4964,converged,3690.82,73656.76,0.4453,0.00,0.0000,0.0065,0.0066,,,,,,,
54.5168,6,3,8.9713,63.4873,converged,3690.82,73656.76,0.4453,0.00,0.0000,0.0071,0.0258,,,,,,,
42.7373,8,3,8.9802,51.7173,converged,3690.82,73656.76,0.4453,0.00,0.0000,0.0065,0.0084,,,,,,,
40.0775,8,3,9.0332,49.1102,converged,3690.82,73656.76,0.4453,0.00,0.0000,0.0067,0.0049,,,,,,,
47.5152,7,3,9.2587,56.7737,converged,3690.82,73656.76,0.4453,0.00,0.0000,0.0055,0.0148,,,,,,,
46.8618,7,3,9.3408,56.2018,converged,3690.82,73656.76,0.4453,0.00,0.0000,0.0062,0.0123,,,,,,,
45.9985,8,3,9.1216,55.1197,converged,3690.82,73656.76,0.4453,0.00,0.0000,0.0067,0.0052,,,,,,,
43.0569,8,3,9.2754,52.3314,converged,3690.82,73656.76,0.4453,0.00,0.0000,0.0052,0.0089,,,,,,,
28.3443,10,3,8.7399,37.0839,converged,3690.82,73656.76,0.4453,0.00,0.0000,0.0063,0.0019,,,,,,,
26.2162,10,3,8.8115,35.0275,converged,3690.82,73656.76,0.4453,0.00,0.0000,0.0057,0.0022,,,,,,,
44.6114,8,3,9.1807,53.7917,converged,3690.82,73656.76,0.4453,0.00,0.0000,0.0065,0.0074,,,,,,,
25.1216,10,3,9.0367,34.1577,converged,3690.82,73656.76,0.4453,0.00,0.0000,0.0053,0.0021,,,,,,,
24.6808,10,3,9.3213,34.0014,converged,3690.82,73656.76,0.4453,0.00,0.0000,0.0060,0.0029,,,,,,,
35.8536,9,3,10.5682,46.4212,converged,3690.82,73656.76,0.4453,0.00,0.0000,0.0074,0.0028,,,,,,,
45.8127,8,3,9.3214,55.1334,converged,3690.82,73656.76,0.4453,0.00,0.0000,0.0048,0.0087,,,,,,,
30.8388,10,3,9.0803,39.9183,converged,3690.82,73656.76,0.4453,0.00,0.0000,0.0059,0.0024,,,,,,,
59.1005,5,3,9.0503,68.1504,converged,3690.82,73656.76,0.4453,0.00,0.0000,0.0068,0.0368,,,,,,,
20.6761,10,3,9.7025,30.3786,converged,3690.82,73656.76,0.4453,0.00,0.0000,0.0075,0.0022,,,,,,,
29.8649,10,3,11.5041,41.3681,converged,3690.82,73656.76,0.4453,0.00,0.0000,0.0053,0.0023,,,,,,,
47.8824,7,3,8.9817,56.8638,converged,3690.82,73656.76,0.4453,0.00,0.0000,0.0061,0.0107,,,,,,,
48.7098,7,3,10.1048,58.8138,converged,3690.82,73656.76,0.4453,0.00,0.0000,0.0057,0.0119,,,,,,,
51.4556,7,3,9.3945,60.8495,converged,3690.82,73656.76,0.4453,0.00,0.0000,0.0050,0.0096,,,,,,,
48.5109,7,3,9.5952,58.1052,converged,3690.82,73656.76,0.4453,0.00,0.0000,0.0095,0.0115,,,,,,,
57.3186,6,3,9.5299,66.8480,converged,3690.82,73656.76,0.4453,0.00,0.0000,0.0066,0.0194,,,,,,,
26.1158,10,3,8.9836,35.0986,converged,3690.82,73656.76,0.4453,0.00,0.0000,0.0052,0.0034,,,,,,,
30.4231,10,3,9.3736,39.7967,converged,3690.82,73656.76,0.4453,0.00,0.0000,0.0061,0.0022,,,,,,,
39.0566,9,3,9.2519,48.3079,converged,3690.82,73656.76,0.4453,0.00,0.0000,0.0064,0.0031,,,,,,,
59.5388,5,3,10.8170,70.3609,converged,3690.82,73656.76,0.4453,0.00,0.0000,0.0064,0.0442,,,,,,,
41.0667,8,3,9.1278,50.1939,converged,3690.82,73656.76,0.4453,0.00,0.0000,0.0046,0.0077,,,,,,,
31.0217,10,3,9.1002,40.1212,converged,3690.82,73656.76,0.4453,0.00,0.0000,0.0058,0.0020,,,,,,,
48.3865,7,3,9.4013,57.7874,converged,3690.82,73656.76,0.4453,0.00,0.0000,0.0064,0.0102,,,,,,,
34.4169,9,3,8.8799,43.2959,converged,3690.82,73656.76,0.4453,0.00,0.0000,0.0056,0.0056,,,,,,,
37.1385,9,3,8.7863,45.9244,converged,3690.82,73656.76,0.4453,0.00,0.0000,0.0040,0.0065,,,,,,,
43.9062,8,3,8.9836,52.8896,converged,3690.82,73656.76,0.4453,0.00,0.0000,0.0085,0.0049,,,,,,,
26.3225,10,3,9.9045,36.2265,converged,3690.82,73656.76,0.4453,0.00,0.0000,0.0073,0.0020,,,,,,,
46.5010,7,3,9.6543,56.1543,converged,3690.82,73656.76,0.4453,0.00,0.0000,0.0068,0.0094,,,,,,,
32.6988,10,3,9.2276,41.9256,converged,3690.82,73656.76,0.4453,0.00,0.0000,0.0046,0.0037,,,,,,,
58.3371,5,3,9.7785,68.1155,converged,3690.82,73656.76,0.4453,0.00,0.0000,0.0045,0.0401,,,,,,,
50.0413,7,3,9.3183,59.3594,converged,3690.82,73656.76,0.4453,0.00,0.0000,0.0069,0.0138,,,,,,,
51.0731,7,3,8.6920,59.7650,converged,3690.82,73656.76,0.4453,0.00,0.0000,0.0051,0.0125,,,,,,,
21.5143,10,3,9.3218,30.8359,converged,3690.82,73656.76,0.4453,0.00,0.0000,0.0060,0.0019,,,,,,,
48.7265,7,3,9.4077,58.1337,converged,3690.82,73656.76,0.4453,0.00,0.0000,0.0083,0.0104,,,,,,,
52.9752,6,3,9.1756,62.1506,converged,3690.82,73656.76,0.4453,0.00,0.0000,0.0051,0.0189,,,,,,,
43.0427,8,3,10.8284,53.8705,converged,3690.82,73656.76,0.4453,0.00,0.0000,0.0060,0.0075,,,,,,,
47.6494,7,3,9.1763,56.8254,converged,3690.82,73656.76,0.4453,0.00,0.0000,0.0066,0.0148,,,,,,,
54.3444,6,3,8.6982,63.0422,converged,3690.82,73656.76,0.4453,0.00,0.0000,0.0060,0.0236,,,,,,,
56.0039,6,3,9.4026,65.4057,converged,3690.82,73656.76,0.4453,0.00,0.0000,0.0061,0.0273,,,,,,,
57.6256,6,3,9.6187,67.2437,converged,3690.82,73656.76,0.4453,0.00,0.0000,0.0064,0.0243,,,,,,,
31.5435,10,3,9.3940,40.9370,converged,3690.82,73656.76,0.4453,0.00,0.0000,0.0062,0.0021,,,,,,,
40.3783,8,3,8.9850,49.3630,converged,3690.82,73656.76,0.4453,0.00,0.0000,0.0071,0.0062,,,,,,,
31.3236,10,3,8.8937,40.2167,converged,3690.82,73656.76,0.4453,0.00,0.0000,0.0049,0.0031,,,,,,,
52.3824,6,3,11.3516,63.7337,converged,3690.82,73656.76,0.4453,0.00,0.0000,0.0050,0.0188,,,,,,,
43.7073,8,3,10.0831,53.7902,converged,3690.82,73656.76,0.4453,0.00,0.0000,0.0063,0.0053,,,,,,,
28.7072,10,3,8.7366,37.4437,converged,3690.82,73656.76,0.4453,0.00,0.0000,0.0052,0.0030,,,,,,,
35.7961,9,3,9.0640,44.8600,converged,3690.82,73656.76,0.4453,0.00,0.0000,0.0072,0.0027,,,,,,,
28.0550,10,3,9.0911,37.1451,converged,3690.82,73656.76,0.4453,0.00,0.0000,0.0055,0.0030,,,,,,,
43.4986,8,3,10.4040,53.9021,converged,3690.82,73656.76,0.4453,0.00,0.0000,0.0073,0.0075,,,,,,,
34.5427,9,3,10.2619,44.8040,converged,3690.82,73656.76,0.4453,0.00,0.0000,0.0066,0.0032,,,,,,,
30.1591,10,3,14.6601,44.8191,converged,3690.82,73656.76,0.4453,0.00,0.0000,0.0053,0.0035,,,,,,,
28.1422,10,3,9.3979,37.5399,converged,3690.82,73656.76,0.4453,0.00,0.0000,0.0074,0.0023,,,,,,,
48.1029,7,3,12.6858,60.7878,converged,3690.82,73656.76,0.4453,0.00,0.0000,0.0072,0.0133,,,,,,,
48.6402,7,3,9.0656,57.7057,converged,3690.82,73656.76,0.4453,0.00,0.0000,0.0070,0.0119,,,,,,,
47.6867,7,3,11.4923,59.1783,converged,3690.82,73656.76,0.4453,0.00,0.0000,0.0062,0.0128,,,,,,,
27.6369,10,3,13.5660,41.2020,converged,3690.82,73656.76,0.4453,0.00,0.0000,0.0057,0.0025,,,,,,,
39.5166,9,3,13.7741,53.2901,converged,3690.82,73656.76,0.4453,0.00,0.0000,0.0052,0.0054,,,,,,,
59.9098,5,3,9.4643,69.3734,converged,3690.82,73656.76,0.4453,0.00,0.0000,0.0055,0.0356,,,,,,,
40.2673,8,3,9.8760,50.1431,converged,3690.82,73656.76,0.4453,0.00,0.0000,0.0070,0.0043,,,,,,,
45.1176,8,3,9.4830,54.6001,converged,3690.82,73656.76,0.4453,0.00,0.0000,0.0077,0.0037,,,,,,,
53.2593,6,3,11.1961,64.4551,converged,3690.82,73656.76,0.4453,0.00,0.0000,0.0062,0.0274,,,,,,,
59.0507,5,3,9.2998,68.3499,converged,3690.82,73656.76,0.4453,0.00,0.0000,0.0055,0.0461,,,,,,,
22.9222,10,3,10.2740,33.1960,converged,3690.82,73656.76,0.4453,0.00,0.0000,0.0053,0.0024,,,,,,,
30.9707,10,3,9.9795,40.9495,converged,3690.82,73656.76,0.4453,0.00,0.0000,0.0069,0.0023,,,,,,,
42.0956,8,3,9.2494,51.3444,converged,3690.82,73656.76,0.4453,0.00,0.0000,0.0054,0.0079,,,,,,,
25.0754,10,3,9.2207,34.2957,converged,3690.82,73656.76,0.4453,0.00,0.0000,0.0044,0.0040,,,,,,,
54.1536,6,3,9.2348,63.3878,converged,3690.82,73656.76,0.4453,0.00,0.0000,0.0079,0.0190,,,,,,,
55.7749,6,3,9.0886,64.8626,converged,3690.82,73656.76,0.4453,0.00,0.0000,0.0064,0.0177,,,,,,,
45.4109,8,3,10.0373,55.4473,converged,3690.82,73656.76,0.4453,0.00,0.0000,0.0061,0.0069,,,,,,,
31.0125,10,3,9.2085,40.2205,converged,3690.82,73656.76,0.4453,0.00,0.0000,0.0057,0.0022,,,,,,,
27.0661,10,3,9.0257,36.0918,converged,3690.82,73656.76,0.4453,0.00,0.0000,0.0065,0.0019,,,,,,,
58.1363,5,3,9.1542,67.2902,converged,3690.82,73656.76,0.4453,0.00,0.0000,0.0075,0.0367,,,,,,,
28.4213,10,3,9.0730,37.4941,converged,3690.82,73656.76,0.4453,0.00,0.0000,0.0058,0.0022,,,,,,,
49.8808,7,3,10.5775,60.4575,converged,3690.82,73656.76,0.4453,0.00,0.0000,0.0064,0.0168,,,,,,,
50.5976,7,3,12.0113,62.6083,converged,3690.82,73656.76,0.4453,0.00,0.0000,0.0064,0.0173,,,,,,,
57.1905,6,3,9.5061,66.6961,converged,3690.82,73656.76,0.4453,0.00,0.0000,0.0060,0.0227,,,,,,,
44.3658,8,3,8.9020,53.2671,converged,3690.82,73656.76,0.4453,0.00,0.0000,0.0067,0.0052,,,,,,,
50.9368,7,3,9.1769,60.1129,converged,3690.82,73656.76,0.4453,0.00,0.0000,0.0038,0.0196,,,,,,,
33.0334,10,3,9.4987,42.5318,converged,3690.82,73656.76,0.4453,0.00,0.0000,0.0042,0.0043,,,,,,,
28.8339,10,3,9.4508,38.2838,converged,3690.82,73656.76,0.4453,0.00,0.0000,0.0050,0.0033,,,,,,,
34.9854,9,3,9.2828,44.2678,converged,3690.82,73656.76,0.4453,0.00,0.0000,0.0057,0.0047,,,,,,,
21.4113,10,3,10.7548,32.1658,converged,3690.82,73656.76,0.4453,0.00,0.0000,0.0064,0.0016,,,,,,,
20.1500,10,3,9.2509,29.3999,converged,3690.82,73656.76,0.4453,0.00,0.0000,0.0077,0.0022,,,,,,,
28.3069,10,3,9.6183,37.9243,converged,3690.82,73656.76,0.4453,0.00,0.0000,0.0051,0.0032,,,,,,,
20.5653,10,3,10.1971,30.7621,converged,3690.82,73656.76,0.4453,0.00,0.0000,0.0040,0.0048,,,,,,,
26.0952,10,3,9.0809,35.1760,converged,3690.82,73656.76,0.4453,0.00,0.0000,0.0066,0.0017,,,,,,,
31.3065,10,3,9.5125,40.8186,converged,3690.82,73656.76,0.4453,0.00,0.0000,0.0070,0.0020,,,,,,,
25.5551,10,3,9.3509,34.9060,converged,3690.82,73656.76,0.4453,0.00,0.0000,0.0064,0.0021,,,,,,,
59.4737,5,3,9.0172,68.4903,converged,3690.82,73656.76,0.4453,0.00,0.0000,0.0056,0.0427,,,,,,,
30.5399,10,3,8.8501,39.3891,converged,3690.82,73656.76,0.4453,0.00,0.0000,0.0057,0.0024,,,,,,,
39.5517,9,3,9.9607,49.5117,converged,3690.82,73656.76,0.4453,0.00,0.0000,0.0055,0.0052,,,,,,,
38.1726,9,3,9.5635,47.7355,converged,3690.82,73656.76,0.4453,0.00,0.0000,0.0066,0.0033,,,,,,,
40.8644,8,3,9.4442,50.3082,converged,3690.82,73656.76,0.4453,0.00,0.0000,0.0060,0.0074,,,,,,,
52.8358,6,3,9.8062,62.6412,converged,3690.82,73656.76,0.4453,0.00,0.0000,0.0051,0.0228,,,,,,,
28.0630,10,3,9.1229,37.1860,converged,3690.82,73656.76,0.4453,0.00,0.0000,0.0054,0.0020,,,,,,,
28.3086,10,3,8.9009,37.2089,converged,3690.82,73656.76,0.4453,0.00,0.0000,0.0056,0.0027,,,,,,,
22.5716,10,3,9.9416,32.5127,converged,3690.82,73656.76,0.4453,0.00,0.0000,0.0067,0.0021,,,,,,,
24.7155,10,3,10.2754,34.9904,converged,3690.82,73656.76,0.4453,0.00,0.0000,0.0061,0.0025,,,,,,,
44.7049,8,3,9.4304,54.1345,converged,3690.82,73656.76,0.4453,0.00,0.0000,0.0048,0.0082,,,,,,,
33.4645,10,3,12.6593,46.1233,converged,3690.82,73656.76,0.4453,0.00,0.0000,0.0053,0.0025,,,,,,,
24.1206,10,3,9.5100,33.6301,converged,3690.82,73656.76,0.4453,0.00,0.0000,0.0066,0.0021,,,,,,,
37.5947,9,3,10.1460,47.7401,converged,3690.82,73656.76,0.4453,0.00,0.0000,0.0068,0.0025,,,,,,,
25.8952,10,3,11.4539,37.3489,converged,3690.82,73656.76,0.4453,0.00,0.0000,0.0057,0.0022,,,,,,,
45.2809,8,3,10.3049,55.5850,converged,3690.82,73656.76,0.4453,0.00,0.0000,0.0065,0.0081,,,,,,,
59.6610,5,3,9.0480,68.7090,converged,3690.82,73656.76,0.4453,0.00,0.0000,0.0082,0.0352,,,,,,,
44.0348,8,3,9.3774,53.4114,converged,3690.82,73656.76,0.4453,0.00,0.0000,0.0074,0.0047,,,,,,,
32.2438,10,3,9.3428,41.5859,converged,3690.82,73656.76,0.4453,0.00,0.0000,0.0068,0.0022,,,,,,,
31.2770,10,3,9.5539,40.8300,converged,3690.82,73656.76,0.4453,0.00,0.0000,0.0051,0.0033,,,,,,,
58.2047,5,3,10.3656,68.5696,converged,3690.82,73656.76,0.4453,0.00,0.0000,0.0064,0.0445,,,,,,,
40.5580,8,3,8.9135,49.4705,converged,3690.82,73656.76,0.4453,0.00,0.0000,0.0073,0.0077,,,,,,,
42.6955,8,3,8.9096,51.6046,converged,3690.82,73656.76,0.4453,0.00,0.0000,0.0072,0.0042,,,,,,,
40.8419,8,3,9.9421,50.7832,converged,3690.82,73656.76,0.4453,0.00,0.0000,0.0057,0.0100,,,,,,,
32.2973,10,3,9.8104,42.1075,converged,3690.82,73656.76,0.4453,0.00,0.0000,0.0073,0.0019,,,,,,,
45.2920,8,3,9.2791,54.5711,converged,3690.82,73656.76,0.4453,0.00,0.0000,0.0061,0.0072,,,,,,,
50.5813,7,3,9.1965,59.7776,converged,3690.82,73656.76,0.4453,0.00,0.0000,0.0067,0.0144,,,,,,,
38.0490,9,3,8.8063,46.8543,converged,3690.82,73656.76,0.4453,0.00,0.0000,0.0058,0.0050,,,,,,,
56.3263,6,3,13.1061,69.4322,converged,3690.82,73656.76,0.4453,0.00,0.0000,0.0059,0.0249,,,,,,,
37.4836,9,3,10.6123,48.0954,converged,3690.82,73656.76,0.4453,0.00,0.0000,0.0071,0.0034,,,,,,,
20.9166,10,3,9.1927,30.1087,converged,3690.82,73656.76,0.4453,0.00,0.0000,0.0042,0.0041,,,,,,,
34.6362,9,3,9.4954,44.1314,converged,3690.82,73656.76,0.4453,0.00,0.0000,0.0055,0.0029,,,,,,,
58.9174,5,3,8.8422,67.7592,converged,3690.82,73656.76,0.4453,0.00,0.0000,0.0059,0.0401,,,,,,,
42.0053,8,3,9.1577,51.1627,converged,3690.82,73656.76,0.4453,0.00,0.0000,0.0072,0.0074,,,,,,,
27.5474,10,3,9.0927,36.6397,converged,3690.82,73656.76,0.4453,0.00,0.0000,0.0070,0.0020,,,,,,,
25.9092,10,3,9.2298,35.1389,converged,3690.82,73656.76,0.4453,0.00,0.0000,0.0062,0.0020,,,,,,,
48.3629,7,3,8.9471,57.3091,converged,3690.82,73656.76,0.4453,0.00,0.0000,0.0087,0.0099,,,,,,,
33.4482,10,3,8.6666,42.1147,converged,3690.82,73656.76,0.4453,0.00,0.0000,0.0063,0.0017,,,,,,,
57.8471,6,3,9.2154,67.0625,converged,3690.82,73656.76,0.4453,0.00,0.0000,0.0094,0.0253,,,,,,,
27.7319,10,3,9.7930,37.5240,converged,3690.82,73656.76,0.4453,0.00,0.0000,0.0059,0.0026,,,,,,,
58.1694,5,3,9.8796,68.0486,converged,3690.82,73656.76,0.4453,0.00,0.0000,0.0071,0.0426,,,,,,,
26.3838,10,3,8.9525,35.3356,converged,3690.82,73656.76,0.4453,0.00,0.0000,0.0052,0.0027,,,,,,,
55.6189,6,3,9.6562,65.2742,converged,3690.82,73656.76,0.4453,0.00,0.0000,0.0059,0.0202,,,,,,,
34.4965,9,3,9.1749,43.6709,converged,3690.82,73656.76,0.4453,0.00,0.0000,0.0071,0.0024,,,,,,,
58.0408,5,3,9.1262,67.1662,converged,3690.82,73656.76,0.4453,0.00,0.0000,0.0033,0.0443,,,,,,,
46.7599,7,3,9.5651,56.3242,converged,3690.82,73656.76,0.4453,0.00,0.0000,0.0061,0.0114,,,,,,,
23.1367,10,3,9.0482,32.1842,converged,3690.82,73656.76,0.4453,0.00,0.0000,0.0075,0.0018,,,,,,,
53.6133,6,3,12.8841,66.4971,converged,3690.82,73656.76,0.4453,0.00,0.0000,0.0085,0.0180,,,,,,,
23.6515,10,3,9.3255,32.9765,converged,3690.82,73656.76,0.4453,0.00,0.0000,0.0066,0.0020,,,,,,,
45.6435,8,3,9.1973,54.8404,converged,3690.82,73656.76,0.4453,0.00,0.0000,0.0045,0.0087,,,,,,,
36.5207,9,3,10.5120,47.0320,converged,3690.82,73656.76,0.4453,0.00,0.0000,0.0062,0.0052,,,,,,,
57.2407,6,3,9.4975,66.7376,converged,3690.82,73656.76,0.4453,0.00,0.0000,0.0064,0.0228,,,,,,,
38.5654,9,3,9.2887,47.8537,converged,3690.82,73656.76,0.4453,0.00,0.0000,0.0062,0.0031,,,,,,,
50.7777,7,3,9.5372,60.3142,converged,3690.82,73656.76,0.4453,0.00,0.0000,0.0072,0.0091,,,,,,,
27.4020,10,3,9.1587,36.5607,converged,3690.82,73656.76,0.4453,0.00,0.0000,0.0047,0.0022,,,,,,,
26.7543,10,3,8.6287,35.3827,converged,3690.82,73656.76,0.4453,0.00,0.0000,0.0080,0.0027,,,,,,,
38.1500,9,3,8.7123,46.8623,converged,3690.82,73656.76,0.4453,0.00,0.0000,0.0062,0.0021,,,,,,,
33.7062,10,3,9.0902,42.7962,converged,3690.82,73656.76,0.4453,0.00,0.0000,0.0060,0.0021,,,,,,,
31.3353,10,3,8.9703,40.3054,converged,3690.82,73656.76,0.4453,0.00,0.0000,0.0056,0.0022,,,,,,,
22.1564,10,3,9.5069,31.6630,converged,3690.82,73656.76,0.4453,0.00,0.0000,0.0064,0.0022,,,,,,,
59.3691,5,3,9.8838,69.2529,converged,3690.82,73656.76,0.4453,0.00,0.0000,0.0053,0.0505,,,,,,,
31.3611,10,3,8.7950,40.1561,converged,3690.82,73656.76,0.4453,0.00,0.0000,0.0060,0.0023,,,,,,,
30.7023,10,3,8.8747,39.5767,converged,3690.82,73656.76,0.4453,0.00,0.0000,0.0069,0.0022,,,,,,,
26.2336,10,3,8.8652,35.0983,converged,3690.82,73656.76,0.4453,0.00,0.0000,0.0069,0.0019,,,,,,,
30.6366,10,3,8.8655,39.5015,converged,3690.82,73656.76,0.4453,0.00,0.0000,0.0065,0.0019,,,,,,,
36.3949,9,3,8.8000,45.1940,converged,3690.82,73656.76,0.4453,0.00,0.0000,0.0060,0.0038,,,,,,,
47.4717,7,3,10.0850,57.5560,converged,3690.82,73656.76,0.4453,0.00,0.0000,0.0058,0.0128,,,,,,,
58.1813,5,3,9.8207,68.0017,converged,3690.82,73656.76,0.4453,0.00,0.0000,0.0040,0.0418,,,,,,,
28.3420,10,3,9.0860,37.4280,converged,3690.82,73656.76,0.4453,0.00,0.0000,0.0073,0.0020,,,,,,,
36.0906,9,3,10.2622,46.3522,converged,3690.82,73656.76,0.4453,0.00,0.0000,0.0085,0.0027,,,,,,,
31.4908,10,3,9.5383,41.0283,converged,3690.82,73656.76,0.4453,0.00,0.0000,0.0053,0.0023,,,,,,,
40.8112,8,3,10.0100,50.8211,converged,3690.82,73656.76,0.4453,0.00,0.0000,0.0062,0.0073,,,,,,,
49.4123,7,3,11.4314,60.8434,converged,3690.82,73656.76,0.4453,0.00,0.0000,0.0062,0.0098,,,,,,,
25.9918,10,3,9.0853,35.0764,converged,3690.82,73656.76,0.4453,0.00,0.0000,0.0061,0.0026,,,,,,,
24.6883,10,3,9.4092,34.0972,converged,3690.82,73656.76,0.4453,0.00,0.0000,0.0050,0.0030,,,,,,,
20.0559,10,3,9.0323,29.0873,converged,3690.82,73656.76,0.4453,0.00,0.0000,0.0053,0.0024,,,,,,,
29.6488,10,3,9.5790,39.2270,converged,3690.82,73656.76,0.4453,0.00,0.0000,0.0056,0.0026,,,,,,,
32.7905,10,3,9.0591,41.8491,converged,3690.82,73656.76,0.4453,0.00,0.0000,0.0075,0.0020,,,,,,,
22.3706,10,3,10.2543,32.6244,converged,3690.82,73656.76,0.4453,0.00,0.0000,0.0053,0.0036,,,,,,,
32.4258,10,3,13.3697,45.7948,converged,3690.82,73656.76,0.4453,0.00,0.0000,0.0046,0.0029,,,,,,,
47.3226,7,3,9.0985,56.4205,converged,3690.82,73656.76,0.4453,0.00,0.0000,0.0064,0.0105,,,,,,,
57.8012,6,3,11.0603,68.8613,converged,3690.82,73656.76,0.4453,0.00,0.0000,0.0054,0.0253,,,,,,,
24.8334,10,3,10.0535,34.8866,converged,3690.82,73656.76,0.4453,0.00,0.0000,0.0056,0.0024,,,,,,,
52.2746,6,3,9.2768,61.5508,converged,3690.82,73656.76,0.4453,0.00,0.0000,0.0058,0.0225,,,,,,,
48.2451,7,3,8.8870,57.1320,converged,3690.82,73656.76,0.4453,0.00,0.0000,0.0065,0.0121,,,,,,,
59.8777,5,3,9.1871,69.0641,converged,3690.82,73656.76,0.4453,0.00,0.0000,0.0066,0.0402,,,,,,,
28.0623,10,3,9.1399,37.2020,converged,3690.82,73656.76,0.4453,0.00,0.0000,0.0051,0.0033,,,,,,,
22.0071,10,3,8.9193,30.9263,converged,3690.82,73656.76,0.4453,0.00,0.0000,0.0053,0.0022,,,,,,,
50.3592,7,3,9.8740,60.2330,converged,3690.82,73656.76,0.4453,0.00,0.0000,0.0057,0.0125,,,,,,,
42.6915,8,3,8.7893,51.4803,converged,3690.82,73656.76,0.4453,0.00,0.0000,0.0044,0.0082,,,,,,,
59.2065,5,3,9.5947,68.8008,converged,3690.82,73656.76,0.4453,0.00,0.0000,0.0056,0.0444,,,,,,,
53.6770,6,3,10.6760,64.3521,converged,3690.82,73656.76,0.4453,0.00,0.0000,0.0066,0.0221,,,,,,,
36.4618,9,3,8.9562,45.4172,converged,3690.82,73656.76,0.4453,0.00,0.0000,0.0073,0.0025,,,,,,,
35.1810,9,3,9.6236,44.8046,converged,3690.82,73656.76,0.4453,0.00,0.0000,0.0059,0.0043,,,,,,,
30.4503,10,3,9.2997,39.7497,converged,3690.82,73656.76,0.4453,0.00,0.0000,0.0053,0.0027,,,,,,,
48.7326,7,3,9.1760,57.9080,converged,3690.82,73656.76,0.4453,0.00,0.0000,0.0054,0.0159,,,,,,,
51.7040,7,3,8.9118,60.6158,converged,3690.82,73656.76,0.4453,0.00,0.0000,0.0048,0.0164,,,,,,,
54.3253,6,3,10.6849,65.0099,converged,3690.82,73656.76,0.4453,0.00,0.0000,0.0052,0.0313,,,,,,,
31.5772,10,3,10.5720,42.1491,converged,3690.82,73656.76,0.4453,0.00,0.0000,0.0067,0.0025,,,,,,,
30.9070,10,3,9.5425,40.4495,converged,3690.82,73656.76,0.4453,0.00,0.0000,0.0076,0.0022,,,,,,,
45.3396,8,3,9.2048,54.5438,converged,3690.82,73656.76,0.4453,0.00,0.0000,0.0068,0.0064,,,,,,,
28.8201,10,3,9.3142,38.1343,converged,3690.82,73656.76,0.4453,0.00,0.0000,0.0061,0.0022,,,,,,,
40.3501,8,3,9.1996,49.5496,converged,3690.82,73656.76,0.4453,0.00,0.0000,0.0066,0.0045,,,,,,,
20.0983,10,3,9.1801,29.2781,converged,3690.82,73656.76,0.4453,0.00,0.0000,0.0056,0.0026,,,,,,,
24.3715,10,3,9.0610,33.4320,converged,3690.82,73656.76,0.4453,0.00,0.0000,0.0050,0.0037,,,,,,,
49.6448,7,3,9.7026,59.3466,converged,3690.82,73656.76,0.4453,0.00,0.0000,0.0098,0.0050,,,,,,,
41.7218,8,3,8.6788,50.3998,converged,3690.82,73656.76,0.4453,0.00,0.0000,0.0058,0.0080,,,,,,,
28.6697,10,3,9.8643,38.5333,converged,3690.82,73656.76,0.4453,0.00,0.0000,0.0058,0.0021,,,,,,,
40.2593,8,3,9.0253,49.2843,converged,3690.82,73656.76,0.4453,0.00,0.0000,0.0083,0.0050,,,,,,,
43.3459,8,3,9.3660,52.7110,converged,3690.82,73656.76,0.4453,0.00,0.0000,0.0053,0.0100,,,,,,,
20.4887,10,3,9.6309,30.1189,converged,3690.82,73656.76,0.4453,0.00,0.0000,0.0074,0.0018,,,,,,,
56.6625,6,3,10.6792,67.3412,converged,3690.82,73656.76,0.4453,0.00,0.0000,0.0061,0.0240,,,,,,,
33.6432,10,3,9.5923,43.2353,converged,3690.82,73656.76,0.4453,0.00,0.0000,0.0071,0.0020,,,,,,,
41.4770,8,3,9.7220,51.1980,converged,3690.82,73656.76,0.4453,0.00,0.0000,0.0082,0.0059,,,,,,,
58.9556,5,3,9.2779,68.2330,converged,3690.82,73656.76,0.4453,0.00,0.0000,0.0079,0.0389,,,,,,,
55.6639,6,3,10.7664,66.4294,converged,3690.82,73656.76,0.4453,0.00,0.0000,0.0075,0.0229,,,,,,,
37.4856,9,3,9.6418,47.1268,converged,3690.82,73656.76,0.4453,0.00,0.0000,0.0054,0.0046,,,,,,,
35.5277,9,3,8.9965,44.5235,converged,3690.82,73656.76,0.4453,0.00,0.0000,0.0055,0.0033,,,,,,,
21.9464,10,3,9.6396,31.5857,converged,3690.82,73656.76,0.4453,0.00,0.0000,0.0059,0.0027,,,,,,,
57.0062,6,3,9.7383,66.7444,converged,3690.82,73656.76,0.4453,0.00,0.0000,0.0084,0.0211,,,,,,,
43.4072,8,3,8.6749,52.0819,converged,3690.82,73656.76,0.4453,0.00,0.0000,0.0050,0.0084,,,,,,,
28.4155,10,3,8.9088,37.3238,converged,3690.82,73656.76,0.4453,0.00,0.0000,0.0056,0.0020,,,,,,,
52.9089,6,3,9.5559,62.4639,converged,3690.82,73656.76,0.4453,0.00,0.0000,0.0055,0.0245,,,,,,,
32.2482,10,3,9.5203,41.7684,converged,3690.82,73656.76,0.4453,0.00,0.0000,0.0073,0.0020,,,,,,,
47.3209,7,3,8.9540,56.2741,converged,3690.82,73656.76,0.4453,0.00,0.0000,0.0063,0.0116,,,,,,,
33.9196,10,3,9.9135,43.8325,converged,3690.82,73656.76,0.4453,0.00,0.0000,0.0052,0.0028,,,,,,,
31.1313,10,3,13.4678,44.5988,converged,3690.82,73656.76,0.4453,0.00,0.0000,0.0056,0.0029,,,,,,,
50.3990,7,3,10.3815,60.7806,converged,3690.82,73656.76,0.4453,0.00,0.0000,0.0081,0.0109,,,,,,,
38.6451,9,3,9.1393,47.7844,converged,3690.82,73656.76,0.4453,0.00,0.0000,0.0061,0.0029,,,,,,,
37.2174,9,3,9.2245,46.4415,converged,3690.82,73656.76,0.4453,0.00,0.0000,0.0052,0.0054,,,,,,,
29.5334,10,3,9.1430,38.6760,converged,3690.82,73656.76,0.4453,0.00,0.0000,0.0059,0.0026,,,,,,,
28.9346,10,3,9.7927,38.7267,converged,3690.82,73656.76,0.4453,0.00,0.0000,0.0071,0.0020,,,,,,,
57.9048,6,3,12.6048,70.5088,converged,3690.82,73656.76,0.4453,0.00,0.0000,0.0043,0.0251,,,,,,,
22.2222,10,3,10.0561,32.2782,converged,3690.82,73656.76,0.4453,0.00,0.0000,0.0067,0.0022,,,,,,,
57.0433,6,3,9.9867,67.0297,converged,3690.82,73656.76,0.4453,0.00,0.0000,0.0071,0.0223,,,,,,,
42.9674,8,3,11.6996,54.6666,converged,3690.82,73656.76,0.4453,0.00,0.0000,0.0077,0.0064,,,,,,,
21.0672,10,3,8.6619,29.7289,converged,3690.82,73656.76,0.4453,0.00,0.0000,0.0053,0.0022,,,,,,,
38.3696,9,3,10.1681,48.5371,converged,3690.82,73656.76,0.4453,0.00,0.0000,0.0061,0.0041,,,,,,,
27.2579,10,3,9.0907,36.3477,converged,3690.82,73656.76,0.4453,0.00,0.0000,0.0055,0.0026,,,,,,,
20.0198,10,3,9.0535,29.0725,converged,3690.82,73656.76,0.4453,0.00,0.0000,0.0055,0.0031,,,,,,,
20.2070,10,3,10.1978,30.4039,converged,3690.82,73656.76,0.4453,0.00,0.0000,0.0053,0.0027,,,,,,,
51.6419,7,3,9.0670,60.7080,converged,3690.82,73656.76,0.4453,0.00,0.0000,0.0079,0.0126,,,,,,,
57.0624,6,3,9.8866,66.9486,converged,3690.82,73656.76,0.4453,0.00,0.0000,0.0066,0.0231,,,,,,,
39.0825,9,3,9.8682,48.9502,converged,3690.82,73656.76,0.4453,0.00,0.0000,0.0077,0.0023,,,,,,,
27.4661,10,3,9.8052,37.2712,converged,3690.82,73656.76,0.4453,0.00,0.0000,0.0056,0.0020,,,,,,,
57.1570,6,3,8.6679,65.8250,converged,3690.82,73656.76,0.4453,0.00,0.0000,0.0062,0.0270,,,,,,,
41.5483,8,3,9.3659,50.9139,converged,3690.82,73656.76,0.4453,0.00,0.0000,0.0056,0.0102,,,,,,,
56.7139,6,3,12.9386,69.6516,converged,3690.82,73656.76,0.4453,0.00,0.0000,0.0063,0.0238,,,,,,,
57.7678,6,3,10.1649,67.9319,converged,3690.82,73656.76,0.4453,0.00,0.0000,0.0062,0.0196,,,,,,,
46.1852,7,3,9.7306,55.9156,converged,3690.82,73656.76,0.4453,0.00,0.0000,0.0064,0.0123,,,,,,,
20.6637,10,3,9.2273,29.8903,converged,3690.82,73656.76,0.4453,0.00,0.0000,0.0068,0.0023,,,,,,,
28.3298,10,3,10.4226,38.7517,converged,3690.82,73656.76,0.4453,0.00,0.0000,0.0063,0.0021,,,,,,,
48.9819,7,3,8.9541,57.9352,converged,3690.82,73656.76,0.4453,0.00,0.0000,0.0060,0.0132,,,,,,,
50.8565,7,3,10.0802,60.9362,converged,3690.82,73656.76,0.4453,0.00,0.0000,0.0069,0.0113,,,,,,,
39.1004,9,3,9.2074,48.3075,converged,3690.82,73656.76,0.4453,0.00,0.0000,0.0067,0.0026,,,,,,,
49.0025,7,3,8.9648,57.9668,converged,3690.82,73656.76,0.4453,0.00,0.0000,0.0069,0.0133,,,,,,,
25.3117,10,3,9.3731,34.6841,converged,3690.82,73656.76,0.4453,0.00,0.0000,0.0062,0.0021,,,,,,,
23.7889,10,3,9.6378,33.4259,converged,3690.82,73656.76,0.4453,0.00,0.0000,0.0066,0.0023,,,,,,,
24.0325,10,3,13.7879,37.8199,converged,3690.82,73656.76,0.4453,0.00,0.0000,0.0066,0.0020,,,,,,,
45.5483,8,3,10.0448,55.5929,converged,3690.82,73656.76,0.4453,0.00,0.0000,0.0088,0.0042,,,,,,,
41.1694,8,3,9.5776,50.7467,converged,3690.82,73656.76,0.4453,0.00,0.0000,0.0061,0.0077,,,,,,,
59.7070,5,3,9.2081,68.9151,converged,3690.82,73656.76,0.4453,0.00,0.0000,0.0075,0.0459,,,,,,,
30.0012,10,3,9.0935,39.0946,converged,3690.82,73656.76,0.4453,0.00,0.0000,0.0065,0.0020,,,,,,,
57.2508,6,3,9.0639,66.3140,converged,3690.82,73656.76,0.4453,0.00,0.0000,0.0059,0.0245,,,,,,,
46.4591,7,3,9.6295,56.0885,converged,3690.82,73656.76,0.4453,0.00,0.0000,0.0064,0.0147,,,,,,,
25.0991,10,3,8.6520,33.7510,converged,3690.82,73656.76,0.4453,0.00,0.0000,0.0061,0.0024,,,,,,,
44.2496,8,3,10.1891,54.4381,converged,3690.82,73656.76,0.4453,0.00,0.0000,0.0066,0.0076,,,,,,,
45.0863,8,3,8.8977,53.9838,converged,3690.82,73656.76,0.4453,0.00,0.0000,0.0056,0.0097,,,,,,,
43.7024,8,3,9.5559,53.2579,converged,3690.82,73656.76,0.4453,0.00,0.0000,0.0068,0.0096,,,,,,,
24.6323,10,3,9.5337,34.1657,converged,3690.82,73656.76,0.4453,0.00,0.0000,0.0063,0.0024,,,,,,,
22.1397,10,3,10.3377,32.4767,converged,3690.82,73656.76,0.4453,0.00,0.0000,0.0063,0.0017,,,,,,,
54.8410,6,3,9.0856,63.9267,converged,3690.82,73656.76,0.4453,0.00,0.0000,0.0062,0.0274,,,,,,,
34.0547,9,3,9.0935,43.1475,converged,3690.82,73656.76,0.4453,0.00,0.0000,0.0059,0.0049,,,,,,,
40.9146,8,3,8.8533,49.7673,converged,3690.82,73656.76,0.4453,0.00,0.0000,0.0064,0.0079,,,,,,,
30.1405,10,3,9.4479,39.5879,converged,3690.82,73656.76,0.4453,0.00,0.0000,0.0062,0.0025,,,,,,,
35.9927,9,3,8.7748,44.7668,converged,3690.82,73656.76,0.4453,0.00,0.0000,0.0081,0.0031,,,,,,,
32.6486,10,3,9.1730,41.8210,converged,3690.82,73656.76,0.4453,0.00,0.0000,0.0058,0.0017,,,,,,,
33.8918,10,3,9.3931,43.2841,converged,3690.82,73656.76,0.4453,0.00,0.0000,0.0062,0.0023,,,,,,,
44.4428,8,3,9.5955,54.0376,converged,3690.82,73656.76,0.4453,0.00,0.0000,0.0078,0.0039,,,,,,,
39.3229,9,3,8.8634,48.1854,converged,3690.82,73656.76,0.4453,0.00,0.0000,0.0061,0.0049,,,,,,,
20.1700,10,3,9.9335,30.1035,converged,3690.82,73656.76,0.4453,0.00,0.0000,0.0080,0.0020,,,,,,,
49.1462,7,3,9.2709,58.4190,converged,3690.82,73656.76,0.4453,0.00,0.0000,0.0087,0.0126,,,,,,,
55.3244,6,3,11.1341,66.4581,converged,3690.82,73656.76,0.4453,0.00,0.0000,0.0080,0.0160,,,,,,,
42.8344,8,3,8.8836,51.7176,converged,3690.82,73656.76,0.4453,0.00,0.0000,0.0065,0.0079,,,,,,,
50.7139,7,3,9.2359,59.9489,converged,3690.82,73656.76,0.4453,0.00,0.0000,0.0063,0.0141,,,,,,,
49.2441,7,3,9.1664,58.4105,converged,3690.82,73656.76,0.4453,0.00,0.0000,0.0046,0.0161,,,,,,,
50.9041,7,3,10.1632,61.0672,converged,3690.82,73656.76,0.4453,0.00,0.0000,0.0079,0.0135,,,,,,,
28.9494,10,3,9.3381,38.2871,converged,3690.82,73656.76,0.4453,0.00,0.0000,0.0054,0.0028,,,,,,,
48.9897,7,3,9.2486,58.2377,converged,3690.82,73656.76,0.4453,0.00,0.0000,0.0058,0.0117,,,,,,,
22.3104,10,3,9.1219,31.4319,converged,3690.82,73656.76,0.4453,0.00,0.0000,0.0060,0.0023,,,,,,,
40.2030,8,3,9.1129,49.3149,converged,3690.82,73656.76,0.4453,0.00,0.0000,0.0082,0.0047,,,,,,,
54.4219,6,3,8.8760,63.2970,converged,3690.82,73656.76,0.4453,0.00,0.0000,0.0049,0.0288,,,,,,,
59.3792,5,3,9.0820,68.4610,converged,3690.82,73656.76,0.4453,0.00,0.0000,0.0040,0.0477,,,,,,,
26.1021,10,3,9.2397,35.3417,converged,3690.82,73656.76,0.4453,0.00,0.0000,0.0053,0.0034,,,,,,,
25.9797,10,3,10.0351,36.0141,converged,3690.82,73656.76,0.4453,0.00,0.0000,0.0056,0.0027,,,,,,,
39.4409,9,3,9.2425,48.6826,converged,3690.82,73656.76,0.4453,0.00,0.0000,0.0046,0.0056,,,,,,,
42.5615,8,3,9.1331,51.6941,converged,3690.82,73656.76,0.4453,0.00,0.0000,0.0067,0.0075,,,,,,,
43.9283,8,3,9.1868,53.1148,converged,3690.82,73656.76,0.4453,0.00,0.0000,0.0063,0.0069,,,,,,,
23.5057,10,3,8.7910,32.2960,converged,3690.82,73656.76,0.4453,0.00,0.0000,0.0056,0.0025,,,,,,,
47.4965,7,3,9.4761,56.9722,converged,3690.82,73656.76,0.4453,0.00,0.0000,0.0063,0.0119,,,,,,,
55.5469,6,3,9.7597,65.3057,converged,3690.82,73656.76,0.4453,0.00,0.0000,0.0070,0.0210,,,,,,,
20.4024,10,3,13.7303,34.1323,converged,3690.82,73656.76,0.4453,0.00,0.0000,0.0068,0.0016,,,,,,,
22.1606,10,3,8.9730,31.1330,converged,3690.82,73656.76,0.4453,0.00,0.0000,0.0053,0.0039,,,,,,,
25.4180,10,3,9.1139,34.5309,converged,3690.82,73656.76,0.4453,0.00,0.0000,0.0054,0.0032,,,,,,,
50.6587,7,3,10.0881,60.7461,converged,3690.82,73656.76,0.4453,0.00,0.0000,0.0068,0.0124,,,,,,,
53.5290,6,3,9.9928,63.5219,converged,3690.82,73656.76,0.4453,0.00,0.0000,0.0058,0.0232,,,,,,,
50.7670,7,3,9.1089,59.8759,converged,3690.82,73656.76,0.4453,0.00,0.0000,0.0068,0.0114,,,,,,,
21.9436,10,3,8.9447,30.8877,converged,3690.82,73656.76,0.4453,0.00,0.0000,0.0050,0.0019,,,,,,,
34.4905,9,3,9.0398,43.5298,converged,3690.82,73656.76,0.4453,0.00,0.0000,0.0063,0.0035,,,,,,,
23.1053,10,3,9.3612,32.4663,converged,3690.82,73656.76,0.4453,0.00,0.0000,0.0056,0.0018,,,,,,,
29.4835,10,3,9.4388,38.9219,converged,3690.82,73656.76,0.4453,0.00,0.0000,0.0061,0.0020,,,,,,,
49.6108,7,3,10.6408,60.2508,converged,3690.82,73656.76,0.4453,0.00,0.0000,0.0062,0.0172,,,,,,,
33.7536,10,3,9.2774,43.0305,converged,3690.82,73656.76,0.4453,0.00,0.0000,0.0046,0.0032,,,,,,,
21.4253,10,3,11.2799,32.7049,converged,3690.82,73656.76,0.4453,0.00,0.0000,0.0060,0.0024,,,,,,,
56.6727,6,3,8.9941,65.6661,converged,3690.82,73656.76,0.4453,0.00,0.0000,0.0069,0.0264,,,,,,,
55.8478,6,3,10.0733,65.9204,converged,3690.82,73656.76,0.4453,0.00,0.0000,0.0068,0.0240,,,,,,,
47.7536,7,3,13.4421,61.1951,converged,3690.82,73656.76,0.4453,0.00,0.0000,0.0078,0.0117,,,,,,,
58.8514,5,3,9.1044,67.9554,converged,3690.82,73656.76,0.4453,0.00,0.0000,0.0048,0.0438,,,,,,,
45.7194,8,3,12.6120,58.3311,converged,3690.82,73656.76,0.4453,0.00,0.0000,0.0065,0.0051,,,,,,,
58.2976,5,3,9.6648,67.9618,converged,3690.82,73656.76,0.4453,0.00,0.0000,0.0049,0.0448,,,,,,,
25.6137,10,3,9.7995,35.4126,converged,3690.82,73656.76,0.4453,0.00,0.0000,0.0060,0.0030,,,,,,,
22.4371,10,3,9.3869,31.8239,converged,3690.82,73656.76,0.4453,0.00,0.0000,0.0054,0.0024,,,,,,,
32.6011,10,3,9.5562,42.1572,converged,3690.82,73656.76,0.4453,0.00,0.0000,0.0072,0.0019,,,,,,,
44.9507,8,3,8.9853,53.9354,converged,3690.82,73656.76,0.4453,0.00,0.0000,0.0090,0.0048,,,,,,,
32.6038,10,3,9.1600,41.7630,converged,3690.82,73656.76,0.4453,0.00,0.0000,0.0073,0.0021,,,,,,,
55.4851,6,3,9.2720,64.7571,converged,3690.82,73656.76,0.4453,0.00,0.0000,0.0060,0.0172,,,,,,,
49.1686,7,3,9.7284,58.8964,converged,3690.82,73656.76,0.4453,0.00,0.0000,0.0071,0.0114,,,,,,,
45.0870,8,3,9.6824,54.7694,converged,3690.82,73656.76,0.4453,0.00,0.0000,0.0081,0.0076,,,,,,,
52.9305,6,3,9.2995,62.2296,converged,3690.82,73656.76,0.4453,0.00,0.0000,0.0027,0.0276,,,,,,,
21.3604,10,3,10.0334,31.3934,converged,3690.82,73656.76,0.4453,0.00,0.0000,0.0052,0.0032,,,,,,,
23.9891,10,3,9.8495,33.8386,converged,3690.82,73656.76,0.4453,0.00,0.0000,0.0061,0.0026,,,,,,,
39.2214,9,3,9.4710,48.6921,converged,3690.82,73656.76,0.4453,0.00,0.0000,0.0052,0.0044,,,,,,,
26.9073,10,3,9.9229,36.8299,converged,3690.82,73656.76,0.4453,0.00,0.0000,0.0056,0.0024,,,,,,,
53.9097,6,3,10.5089,64.4179,converged,3690.82,73656.76,0.4453,0.00,0.0000,0.0062,0.0233,,,,,,,
23.4361,10,3,9.3008,32.7369,converged,3690.82,73656.76,0.4453,0.00,0.0000,0.0050,0.0029,,,,,,,
40.2634,8,3,8.7036,48.9666,converged,3690.82,73656.76,0.4453,0.00,0.0000,0.0050,0.0099,,,,,,,
36.4925,9,3,9.4329,45.9250,converged,3690.82,73656.76,0.4453,0.00,0.0000,0.0070,0.0031,,,,,,,
38.0783,9,3,10.2434,48.3214,converged,3690.82,73656.76,0.4453,0.00,0.0000,0.0071,0.0041,,,,,,,
44.1220,8,3,9.5109,53.6329,converged,3690.82,73656.76,0.4453,0.00,0.0000,0.0056,0.0066,,,,,,,
34.3999,9,3,9.9428,44.3418,converged,3690.82,73656.76,0.4453,0.00,0.0000,0.0055,0.0054,,,,,,,
38.8297,9,3,9.7703,48.5994,converged,3690.82,73656.76,0.4453,0.00,0.0000,0.0060,0.0052,,,,,,,
46.3468,7,3,9.3549,55.7009,converged,3690.82,73656.76,0.4453,0.00,0.0000,0.0046,0.0158,,,,,,,
47.7337,7,3,10.0237,57.7567,converged,3690.82,73656.76,0.4453,0.00,0.0000,0.0070,0.0108,,,,,,,
59.4136,5,3,9.4658,68.8888,converged,3690.82,73656.76,0.4453,0.00,0.0000,0.0033,0.0406,,,,,,,
21.1493,10,3,9.0634,30.2125,converged,3690.82,73656.76,0.4453,0.00,0.0000,0.0057,0.0020,,,,,,,
50.0836,7,3,9.3074,59.3904,converged,3690.82,73656.76,0.4453,0.00,0.0000,0.0073,0.0133,,,,,,,
48.7525,7,3,9.5798,58.3318,converged,3690.82,73656.76,0.4453,0.00,0.0000,0.0077,0.0110,,,,,,,
42.3298,8,3,9.8427,52.1717,converged,3690.82,73656.76,0.4453,0.00,0.0000,0.0061,0.0054,,,,,,,
32.6535,10,3,13.7218,46.3749,converged,3690.82,73656.76,0.4453,0.00,0.0000,0.0068,0.0023,,,,,,,
57.1242,6,3,8.9075,66.0315,converged,3690.82,73656.76,0.4453,0.00,0.0000,0.0076,0.0290,,,,,,,
34.1410,9,3,9.0046,43.1456,converged,3690.82,73656.76,0.4453,0.00,0.0000,0.0049,0.0057,,,,,,,
24.0760,10,3,10.3164,34.3925,converged,3690.82,73656.76,0.4453,0.00,0.0000,0.0050,0.0031,,,,,,,
49.9673,7,3,10.5498,60.5168,converged,3690.82,73656.76,0.4453,0.00,0.0000,0.0076,0.0137,,,,,,,
46.7480,7,3,9.1712,55.9183,converged,3690.82,73656.76,0.4453,0.00,0.0000,0.0061,0.0148,,,,,,,
27.5506,10,3,10.7729,38.3230,converged,3690.82,73656.76,0.4453,0.00,0.0000,0.0066,0.0018,,,,,,,
47.4104,7,3,8.8165,56.2265,converged,3690.82,73656.76,0.4453,0.00,0.0000,0.0063,0.0148,,,,,,,
27.5156,10,3,9.0472,36.5622,converged,3690.82,73656.76,0.4453,0.00,0.0000,0.0061,0.0020,,,,,,,
41.9410,8,3,8.8331,50.7731,converged,3690.82,73656.76,0.4453,0.00,0.0000,0.0071,0.0068,,,,,,,
57.2051,6,3,8.6933,65.8983,converged,3690.82,73656.76,0.4453,0.00,0.0000,0.0054,0.0218,,,,,,,
21.3181,10,3,9.7318,31.0498,converged,3690.82,73656.76,0.4453,0.00,0.0000,0.0057,0.0030,,,,,,,
43.9999,8,3,9.3318,53.3309,converged,3690.82,73656.76,0.4453,0.00,0.0000,0.0076,0.0061,,,,,,,
39.7485,9,3,9.4805,49.2285,converged,3690.82,73656.76,0.4453,0.00,0.0000,0.0067,0.0028,,,,,,,
21.8471,10,3,8.6154,30.4624,converged,3690.82,73656.76,0.4453,0.00,0.0000,0.0052,0.0029,,,,,,,
30.2537,10,3,9.1002,39.3533,converged,3690.82,73656.76,0.4453,0.00,0.0000,0.0057,0.0021,,,,,,,
22.7839,10,3,8.8302,31.6132,converged,3690.82,73656.76,0.4453,0.00,0.0000,0.0048,0.0027,,,,,,,
59.8973,5,3,9.2644,69.1614,converged,3690.82,73656.76,0.4453,0.00,0.0000,0.0055,0.0406,,,,,,,
33.1153,10,3,9.5323,42.6473,converged,3690.82,73656.76,0.4453,0.00,0.0000,0.0050,0.0037,,,,,,,
58.2067,5,3,9.8346,68.0407,converged,3690.82,73656.76,0.4453,0.00,0.0000,0.0047,0.0347,,,,,,,
32.4204,10,3,13.0619,45.4820,converged,3690.82,73656.76,0.4453,0.00,0.0000,0.0056,0.0020,,,,,,,
25.5936,10,3,11.5499,37.1429,converged,3690.82,73656.76,0.4453,0.00,0.0000,0.0073,0.0019,,,,,,,
43.0322,8,3,9.5232,52.5552,converged,3690.82,73656.76,0.4453,0.00,0.0000,0.0064,0.0062,,,,,,,
45.8732,8,3,9.1718,55.0448,converged,3690.82,73656.76,0.4453,0.00,0.0000,0.0044,0.0085,,,,,,,
43.3561,8,3,9.0936,52.4496,converged,3690.82,73656.76,0.4453,0.00,0.0000,0.0058,0.0085,,,,,,,
22.1859,10,3,10.2971,32.4821,converged,3690.82,73656.76,0.4453,0.00,0.0000,0.0053,0.0027,,,,,,,
29.7495,10,3,9.7247,39.4738,converged,3690.82,73656.76,0.4453,0.00,0.0000,0.0064,0.0021,,,,,,,
51.7426,7,3,9.1288,60.8708,converged,3690.82,73656.76,0.4453,0.00,0.0000,0.0068,0.0142,,,,,,,
32.6717,10,3,9.6385,42.3095,converged,3690.82,73656.76,0.4453,0.00,0.0000,0.0047,0.0032,,,,,,,
51.6159,7,3,8.7381,60.3532,converged,3690.82,73656.76,0.4453,0.00,0.0000,0.0058,0.0122,,,,,,,
29.0844,10,3,8.6603,37.7444,converged,3690.82,73656.76,0.4453,0.00,0.0000,0.0054,0.0031,,,,,,,
36.8982,9,3,9.1234,46.0214,converged,3690.82,73656.76,0.4453,0.00,0.0000,0.0083,0.0025,,,,,,,
55.4100,6,3,9.9758,65.3859,converged,3690.82,73656.76,0.4453,0.00,0.0000,0.0073,0.0198,,,,,,,
33.5844,10,3,10.0615,43.6455,converged,3690.82,73656.76,0.4453,0.00,0.0000,0.0061,0.0018,,,,,,,
59.5953,5,3,9.0637,68.6587,converged,3690.82,73656.76,0.4453,0.00,0.0000,0.0041,0.0390,,,,,,,
31.4280,10,3,9.3939,40.8209,converged,3690.82,73656.76,0.4453,0.00,0.0000,0.0069,0.0019,,,,,,,
55.3344,6,3,9.4257,64.7598,converged,3690.82,73656.76,0.4453,0.00,0.0000,0.0068,0.0182,,,,,,,
56.2759,6,3,9.1553,65.4303,converged,3690.82,73656.76,0.4453,0.00,0.0000,0.0053,0.0152,,,,,,,
39.0852,9,3,10.0670,49.1520,converged,3690.82,73656.76,0.4453,0.00,0.0000,0.0064,0.0034,,,,,,,
43.5841,8,3,8.6443,52.2284,converged,3690.82,73656.76,0.4453,0.00,0.0000,0.0082,0.0036,,,,,,,
23.3124,10,3,10.1378,33.4499,converged,3690.82,73656.76,0.4453,0.00,0.0000,0.0043,0.0049,,,,,,,
26.3663,10,3,12.9580,39.3241,converged,3690.82,73656.76,0.4453,0.00,0.0000,0.0060,0.0020,,,,,,,
33.8363,10,3,9.1597,42.9958,converged,3690.82,73656.76,0.4453,0.00,0.0000,0.0049,0.0024,,,,,,,
27.9051,10,3,14.6183,42.5234,converged,3690.82,73656.76,0.4453,0.00,0.0000,0.0072,0.0023,,,,,,,
22.4124,10,3,9.8939,32.3059,converged,3690.82,73656.76,0.4453,0.00,0.0000,0.0058,0.0017,,,,,,,
29.6485,10,3,9.1997,38.8477,converged,3690.82,73656.76,0.4453,0.00,0.0000,0.0054,0.0024,,,,,,,
53.1600,6,3,8.9323,62.0914,converged,3690.82,73656.76,0.4453,0.00,0.0000,0.0055,0.0241,,,,,,,
21.5872,10,3,9.4959,31.0829,converged,3690.82,73656.76,0.4453,0.00,0.0000,0.0053,0.0026,,,,,,,
38.7874,9,3,8.9503,47.7373,converged,3690.82,73656.76,0.4453,0.00,0.0000,0.0059,0.0053,,,,,,,
34.1047,9,3,8.9087,43.0127,converged,3690.82,73656.76,0.4453,0.00,0.0000,0.0067,0.0024,,,,,,,
54.1536,6,3,8.8807,63.0337,converged,3690.82,73656.76,0.4453,0.00,0.0000,0.0042,0.0197,,,,,,,
44.4514,8,3,9.0090,53.4601,converged,3690.82,73656.76,0.4453,0.00,0.0000,0.0051,0.0085,,,,,,,
43.6160,8,3,11.0785,54.6935,converged,3690.82,73656.76,0.4453,0.00,0.0000,0.0068,0.0061,,,,,,,
48.0715,7,3,9.3669,57.4379,converged,3690.82,73656.76,0.4453,0.00,0.0000,0.0096,0.0090,,,,,,,
20.5542,10,3,10.9433,31.4973,converged,3690.82,73656.76,0.4453,0.00,0.0000,0.0073,0.0018,,,,,,,
56.0669,6,3,9.2556,65.3216,converged,3690.82,73656.76,0.4453,0.00,0.0000,0.0071,0.0164,,,,,,,
33.3409,10,3,9.1075,42.4475,converged,3690.82,73656.76,0.4453,0.00,0.0000,0.0055,0.0021,,,,,,,
59.5708,5,3,9.4883,69.0584,converged,3690.82,73656.76,0.4453,0.00,0.0000,0.0042,0.0383,,,,,,,
59.7998,5,3,8.6813,68.4804,converged,3690.82,73656.76,0.4453,0.00,0.0000,0.0034,0.0524,,,,,,,
57.9646,6,3,10.1589,68.1230,converged,3690.82,73656.76,0.4453,0.00,0.0000,0.0084,0.0192,,,,,,,
44.4222,8,3,9.4507,53.8727,converged,3690.82,73656.76,0.4453,0.00,0.0000,0.0064,0.0075,,,,,,,
54.6230,6,3,9.1390,63.7620,converged,3690.82,73656.76,0.4453,0.00,0.0000,0.0045,0.0213,,,,,,,
26.0902,10,3,8.9863,35.0764,converged,3690.82,73656.76,0.4453,0.00,0.0000,0.0064,0.0023,,,,,,,
22.7205,10,3,10.3682,33.0882,converged,3690.82,73656.76,0.4453,0.00,0.0000,0.0055,0.0017,,,,,,,
58.0795,5,3,8.8438,66.9228,converged,3690.82,73656.76,0.4453,0.00,0.0000,0.0082,0.0405,,,,,,,
49.7692,7,3,9.3314,59.1005,converged,3690.82,73656.76,0.4453,0.00,0.0000,0.0065,0.0110,,,,,,,
30.5881,10,3,9.6673,40.2554,converged,3690.82,73656.76,0.4453,0.00,0.0000,0.0065,0.0020,,,,,,,
32.7533,10,3,10.6022,43.3552,converged,3690.82,73656.76,0.4453,0.00,0.0000,0.0050,0.0034,,,,,,,
44.0538,8,3,8.9482,53.0012,converged,3690.82,73656.76,0.4453,0.00,0.0000,0.0074,0.0064,,,,,,,
55.3953,6,3,8.8466,64.2416,converged,3690.82,73656.76,0.4453,0.00,0.0000,0.0079,0.0233,,,,,,,
57.4106,6,3,9.3785,66.7885,converged,3690.82,73656.76,0.4453,0.00,0.0000,0.0076,0.0257,,,,,,,
48.8940,7,3,9.0901,57.9831,converged,3690.82,73656.76,0.4453,0.00,0.0000,0.0072,0.0134,,,,,,,
49.8439,7,3,9.1972,59.0402,converged,3690.82,73656.76,0.4453,0.00,0.0000,0.0065,0.0129,,,,,,,
47.3947,7,3,9.2810,56.6750,converged,3690.82,73656.76,0.4453,0.00,0.0000,0.0064,0.0121,,,,,,,
57.1834,6,3,9.2026,66.3857,converged,3690.82,73656.76,0.4453,0.00,0.0000,0.0065,0.0192,,,,,,,
34.6548,9,3,9.0683,43.7223,converged,3690.82,73656.76,0.4453,0.00,0.0000,0.0060,0.0039,,,,,,,
58.8386,5,3,9.1564,67.9944,converged,3690.82,73656.76,0.4453,0.00,0.0000,0.0059,0.0471,,,,,,,
37.2079,9,3,9.5993,46.8064,converged,3690.82,73656.76,0.4453,0.00,0.0000,0.0066,0.0029,,,,,,,
25.8912,10,3,9.8763,35.7673,converged,3690.82,73656.76,0.4453,0.00,0.0000,0.0058,0.0015,,,,,,,
40.5939,8,3,9.9031,50.4961,converged,3690.82,73656.76,0.4453,0.00,0.0000,0.0053,0.0076,,,,,,,
46.0422,7,3,9.5787,55.6208,converged,3690.82,73656.76,0.4453,0.00,0.0000,0.0056,0.0143,,,,,,,
37.6552,9,3,9.2557,46.9108,converged,3690.82,73656.76,0.4453,0.00,0.0000,0.0046,0.0061,,,,,,,
38.7003,9,3,8.7933,47.4933,converged,3690.82,73656.76,0.4453,0.00,0.0000,0.0051,0.0031,,,,,,,
56.4428,6,3,8.7096,65.1517,converged,3690.82,73656.76,0.4453,0.00,0.0000,0.0052,0.0288,,,,,,,
57.8746,6,3,8.9013,66.7753,converged,3690.82,73656.76,0.4453,0.00,0.0000,0.0053,0.0273,,,,,,,
31.9138,10,3,8.9064,40.8194,converged,3690.82,73656.76,0.4453,0.00,0.0000,0.0046,0.0035,,,,,,,
58.8116,5,3,8.8808,67.6918,converged,3690.82,73656.76,0.4453,0.00,0.0000,0.0099,0.0253,,,,,,,
53.3610,6,3,10.2599,63.6209,converged,3690.82,73656.76,0.4453,0.00,0.0000,0.0049,0.0255,,,,,,,
37.1814,9,3,8.8292,46.0103,converged,3690.82,73656.76,0.4453,0.00,0.0000,0.0051,0.0039,,,,,,,
35.4082,9,3,8.8295,44.2376,converged,3690.82,73656.76,0.4453,0.00,0.0000,0.0065,0.0033,,,,,,,
54.2223,6,3,9.0617,63.2838,converged,3690.82,73656.76,0.4453,0.00,0.0000,0.0076,0.0266,,,,,,,
50.9169,7,3,9.4184,60.3345,converged,3690.82,73656.76,0.4453,0.00,0.0000,0.0084,0.0084,,,,,,,
33.5007,10,3,9.3268,42.8268,converged,3690.82,73656.76,0.4453,0.00,0.0000,0.0050,0.0033,,,,,,,
24.7113,10,3,9.4960,34.2070,converged,3690.82,73656.76,0.4453,0.00,0.0000,0.0043,0.0040,,,,,,,
49.6802,7,3,10.6621,60.3421,converged,3690.82,73656.76,0.4453,0.00,0.0000,0.0081,0.0115,,,,,,,
33.3799,10,3,11.0854,44.4644,converged,3690.82,73656.76,0.4453,0.00,0.0000,0.0060,0.0016,,,,,,,
36.5467,9,3,9.4270,45.9745,converged,3690.82,73656.76,0.4453,0.00,0.0000,0.0071,0.0040,,,,,,,
54.2467,6,3,9.0820,63.3281,converged,3690.82,73656.76,0.4453,0.00,0.0000,0.0069,0.0237,,,,,,,
24.3965,10,3,9.2771,33.6732,converged,3690.82,73656.76,0.4453,0.00,0.0000,0.0052,0.0023,,,,,,,
48.7391,7,3,10.3709,59.1099,converged,3690.82,73656.76,0.4453,0.00,0.0000,0.0074,0.0119,,,,,,,
57.8616,6,3,10.8822,68.7432,converged,3690.82,73656.76,0.4453,0.00,0.0000,0.0052,0.0233,,,,,,,
53.4508,6,3,8.9988,62.4488,converged,3690.82,73656.76,0.4453,0.00,0.0000,0.0056,0.0264,,,,,,,
34.1960,9,3,8.8030,42.9990,converged,3690.82,73656.76,0.4453,0.00,0.0000,0.0068,0.0036,,,,,,,
48.8941,7,3,9.2574,58.1515,converged,3690.82,73656.76,0.4453,0.00,0.0000,0.0057,0.0119,,,,,,,
22.2947,10,3,11.7203,34.0143,converged,3690.82,73656.76,0.4453,0.00,0.0000,0.0066,0.0020,,,,,,,
56.1824,6,3,9.3005,65.4825,converged,3690.82,73656.76,0.4453,0.00,0.0000,0.0059,0.0242,,,,,,,
45.4117,8,3,9.1585,54.5696,converged,3690.82,73656.76,0.4453,0.00,0.0000,0.0057,0.0081,,,,,,,
47.6969,7,3,8.9679,56.6640,converged,3690.82,73656.76,0.4453,0.00,0.0000,0.0083,0.0138,,,,,,,
56.5324,6,3,9.3683,65.9003,converged,3690.82,73656.76,0.4453,0.00,0.0000,0.0082,0.0217,,,,,,,
37.7735,9,3,12.9767,50.7497,converged,3690.82,73656.76,0.4453,0.00,0.0000,0.0071,0.0028,,,,,,,
46.0501,7,3,8.9721,55.0221,converged,3690.82,73656.76,0.4453,0.00,0.0000,0.0063,0.0147,,,,,,,
25.4022,10,3,9.0083,34.4104,converged,3690.82,73656.76,0.4453,0.00,0.0000,0.0056,0.0017,,,,,,,
51.2388,7,3,13.8329,65.0710,converged,3690.82,73656.76,0.4453,0.00,0.0000,0.0048,0.0142,,,,,,,
36.8666,9,3,9.2226,46.0886,converged,3690.82,73656.76,0.4453,0.00,0.0000,0.0056,0.0040,,,,,,,
40.2210,8,3,9.4239,49.6449,converged,3690.82,73656.76,0.4453,0.00,0.0000,0.0045,0.0077,,,,,,,
42.2361,8,3,9.1161,51.3521,converged,3690.82,73656.76,0.4453,0.00,0.0000,0.0067,0.0055,,,,,,,
45.3113,8,3,10.3089,55.6200,converged,3690.82,73656.76,0.4453,0.00,0.0000,0.0079,0.0059,,,,,,,
33.5648,10,3,9.3831,42.9471,converged,3690.82,73656.76,0.4453,0.00,0.0000,0.0066,0.0019,,,,,,,
58.4800,5,3,9.6550,68.1350,converged,3690.82,73656.76,0.4453,0.00,0.0000,0.0045,0.0374,,,,,,,
47.0269,7,3,8.8319,55.8580,converged,3690.82,73656.76,0.4453,0.00,0.0000,0.0076,0.0115,,,,,,,
59.9911,5,3,9.7639,69.7549,converged,3690.82,73656.76,0.4453,0.00,0.0000,0.0060,0.0388,,,,,,,
27.4664,10,3,8.8976,36.3637,converged,3690.82,73656.76,0.4453,0.00,0.0000,0.0053,0.0037,,,,,,,
38.0204,9,3,9.8469,47.8669,converged,3690.82,73656.76,0.4453,0.00,0.0000,0.0068,0.0030,,,,,,,
21.6012,10,3,8.7986,30.3996,converged,3690.82,73656.76,0.4453,0.00,0.0000,0.0077,0.0021,,,,,,,
52.5681,6,3,9.5964,62.1644,converged,3690.82,73656.76,0.4453,0.00,0.0000,0.0063,0.0177,,,,,,,
24.0328,10,3,9.4120,33.4440,converged,3690.82,73656.76,0.4453,0.00,0.0000,0.0055,0.0035,,,,,,,
40.4534,8,3,11.6609,52.1139,converged,3690.82,73656.76,0.4453,0.00,0.0000,0.0091,0.0047,,,,,,,
30.2474,10,3,9.0240,39.2710,converged,3690.82,73656.76,0.4453,0.00,0.0000,0.0053,0.0024,,,,,,,
52.2962,6,3,8.9558,61.2518,converged,3690.82,73656.76,0.4453,0.00,0.0000,0.0059,0.0235,,,,,,,
29.0648,10,3,8.8868,37.9508,converged,3690.82,73656.76,0.4453,0.00,0.0000,0.0056,0.0024,,,,,,,
26.4454,10,3,8.6955,35.1406,converged,3690.82,73656.76,0.4453,0.00,0.0000,0.0046,0.0040,,,,,,,
29.9696,10,3,9.4660,39.4350,converged,3690.82,73656.76,0.4453,0.00,0.0000,0.0064,0.0021,,,,,,,
27.2303,10,3,8.9486,36.1786,converged,3690.82,73656.76,0.4453,0.00,0.0000,0.0059,0.0026,,,,,,,
58.6464,5,3,9.4990,68.1450,converged,3690.82,73656.76,0.4453,0.00,0.0000,0.0046,0.0399,,,,,,,
45.0224,8,3,10.2033,55.2253,converged,3690.82,73656.76,0.4453,0.00,0.0000,0.0066,0.0050,,,,,,,
41.0758,8,3,8.7959,49.8709,converged,3690.82,73656.76,0.4453,0.00,0.0000,0.0063,0.0064,,,,,,,
55.9353,6,3,9.3024,65.2374,converged,3690.82,73656.76,0.4453,0.00,0.0000,0.0072,0.0245,,,,,,,
53.9395,6,3,9.2398,63.1789,converged,3690.82,73656.76,0.4453,0.00,0.0000,0.0065,0.0264,,,,,,,
41.0520,8,3,9.8623,50.9143,converged,3690.82,73656.76,0.4453,0.00,0.0000,0.0063,0.0071,,,,,,,
53.6327,6,3,10.1611,63.7932,converged,3690.82,73656.76,0.4453,0.00,0.0000,0.0073,0.0206,,,,,,,
35.7757,9,3,9.9982,45.7732,converged,3690.82,73656.76,0.4453,0.00,0.0000,0.0068,0.0028,,,,,,,
20.0397,10,3,8.7613,28.8004,converged,3690.82,73656.76,0.4453,0.00,0.0000,0.0069,0.0017,,,,,,,
30.1079,10,3,8.6192,38.7262,converged,3690.82,73656.76,0.4453,0.00,0.0000,0.0059,0.0022,,,,,,,
25.6559,10,3,9.7834,35.4384,converged,3690.82,73656.76,0.4453,0.00,0.0000,0.0065,0.0020,,,,,,,
26.2791,10,3,9.3612,35.6402,converged,3690.82,73656.76,0.4453,0.00,0.0000,0.0052,0.0016,,,,,,,
53.1645,6,3,8.6399,61.8039,converged,3690.82,73656.76,0.4453,0.00,0.0000,0.0084,0.0233,,,,,,,
30.9582,10,3,8.9700,39.9280,converged,3690.82,73656.76,0.4453,0.00,0.0000,0.0057,0.0020,,,,,,,
43.2536,8,3,8.8702,52.1233,converged,3690.82,73656.76,0.4453,0.00,0.0000,0.0061,0.0068,,,,,,,
33.8693,10,3,8.8034,42.6725,converged,3690.82,73656.76,0.4453,0.00,0.0000,0.0069,0.0023,,,,,,,
40.1581,8,3,13.5419,53.6999,converged,3690.82,73656.76,0.4453,0.00,0.0000,0.0068,0.0045,,,,,,,
56.5432,6,3,13.5936,70.1367,converged,3690.82,73656.76,0.4453,0.00,0.0000,0.0042,0.0188,,,,,,,
48.8858,7,3,9.7515,58.6366,converged,3690.82,73656.76,0.4453,0.00,0.0000,0.0069,0.0148,,,,,,,
41.9787,8,3,8.7954,50.7735,converged,3690.82,73656.76,0.4453,0.00,0.0000,0.0066,0.0098,,,,,,,
20.2353,10,3,9.5937,29.8287,converged,3690.82,73656.76,0.4453,0.00,0.0000,0.0059,0.0027,,,,,,,
51.8947,7,3,8.9330,60.8270,converged,3690.82,73656.76,0.4453,0.00,0.0000,0.0074,0.0084,,,,,,,
41.5912,8,3,8.8648,50.4558,converged,3690.82,73656.76,0.4453,0.00,0.0000,0.0064,0.0068,,,,,,,
57.5817,6,3,9.9706,67.5516,converged,3690.82,73656.76,0.4453,0.00,0.0000,0.0068,0.0241,,,,,,,
54.8641,6,3,8.6273,63.4913,converged,3690.82,73656.76,0.4453,0.00,0.0000,0.0054,0.0303,,,,,,,
48.6334,7,3,13.2272,61.8602,converged,3690.82,73656.76,0.4453,0.00,0.0000,0.0079,0.0113,,,,,,,
23.3648,10,3,9.1273,32.4913,converged,3690.82,73656.76,0.4453,0.00,0.0000,0.0063,0.0025,,,,,,,
48.7540,7,3,9.3445,58.0976,converged,3690.82,73656.76,0.4453,0.00,0.0000,0.0094,0.0039,,,,,,,
26.8185,10,3,8.9389,35.7569,converged,3690.82,73656.76,0.4453,0.00,0.0000,0.0053,0.0029,,,,,,,
28.7164,10,3,10.1608,38.8769,converged,3690.82,73656.76,0.4453,0.00,0.0000,0.0060,0.0022,,,,,,,
42.2860,8,3,9.1379,51.4230,converged,3690.82,73656.76,0.4453,0.00,0.0000,0.0065,0.0069,,,,,,,
40.0543,8,3,9.2161,49.2701,converged,3690.82,73656.76,0.4453,0.00,0.0000,0.0056,0.0074,,,,,,,
54.6293,6,3,8.9913,63.6204,converged,3690.82,73656.76,0.4453,0.00,0.0000,0.0068,0.0239,,,,,,,
40.6332,8,3,9.5131,50.1462,converged,3690.82,73656.76,0.4453,0.00,0.0000,0.0064,0.0084,,,,,,,
24.0092,10,3,9.5029,33.5119,converged,3690.82,73656.76,0.4453,0.00,0.0000,0.0062,0.0019,,,,,,,
26.6275,10,3,8.9104,35.5374,converged,3690.82,73656.76,0.4453,0.00,0.0000,0.0063,0.0022,,,,,,,
20.2427,10,3,9.3628,29.6048,converged,3690.82,73656.76,0.4453,0.00,0.0000,0.0062,0.0022,,,,,,,
34.9575,9,3,8.7332,43.6903,converged,3690.82,73656.76,0.4453,0.00,0.0000,0.0065,0.0033,,,,,,,
23.6798,10,3,9.0685,32.7475,converged,3690.82,73656.76,0.4453,0.00,0.0000,0.0058,0.0024,,,,,,,
39.2786,9,3,13.0191,52.2972,converged,3690.82,73656.76,0.4453,0.00,0.0000,0.0078,0.0027,,,,,,,
41.1832,8,3,9.0747,50.2578,converged,3690.82,73656.76,0.4453,0.00,0.0000,0.0058,0.0085,,,,,,,
26.4893,10,3,9.3482,35.8372,converged,3690.82,73656.76,0.4453,0.00,0.0000,0.0062,0.0024,,,,,,,
56.4714,6,3,9.6693,66.1404,converged,3690.82,73656.76,0.4453,0.00,0.0000,0.0083,0.0180,,,,,,,
48.2246,7,3,9.1417,57.3657,converged,3690.82,73656.76,0.4453,0.00,0.0000,0.0047,0.0116,,,,,,,
59.3082,5,3,9.0541,68.3622,converged,3690.82,73656.76,0.4453,0.00,0.0000,0.0062,0.0428,,,,,,,
36.5765,9,3,9.1070,45.6831,converged,3690.82,73656.76,0.4453,0.00,0.0000,0.0064,0.0039,,,,,,,
52.5703,6,3,9.4129,61.9829,converged,3690.82,73656.76,0.4453,0.00,0.0000,0.0097,0.0224,,,,,,,
58.5302,5,3,9.6630,68.1930,converged,3690.82,73656.76,0.4453,0.00,0.0000,0.0050,0.0335,,,,,,,
50.9938,7,3,9.3092,60.3023,converged,3690.82,73656.76,0.4453,0.00,0.0000,0.0067,0.0121,,,,,,,
29.0177,10,3,8.8985,37.9155,converged,3690.82,73656.76,0.4453,0.00,0.0000,0.0059,0.0019,,,,,,,
44.1334,8,3,10.5072,54.6402,converged,3690.82,73656.76,0.4453,0.00,0.0000,0.0053,0.0058,,,,,,,
31.2447,10,3,9.3494,40.5935,converged,3690.82,73656.76,0.4453,0.00,0.0000,0.0060,0.0024,,,,,,,
36.9700,9,3,9.7775,46.7465,converged,3690.82,73656.76,0.4453,0.00,0.0000,0.0063,0.0051,,,,,,,
34.1085,9,3,9.7692,43.8772,converged,3690.82,73656.76,0.4453,0.00,0.0000,0.0060,0.0041,,,,,,,
46.6657,7,3,9.2852,55.9503,converged,3690.82,73656.76,0.4453,0.00,0.0000,0.0075,0.0086,,,,,,,
26.3880,10,3,8.8263,35.2134,converged,3690.82,73656.76,0.4453,0.00,0.0000,0.0052,0.0024,,,,,,,
44.0696,8,3,9.4766,53.5457,converged,3690.82,73656.76,0.4453,0.00,0.0000,0.0061,0.0085,,,,,,,
33.5602,10,3,8.7770,42.3370,converged,3690.82,73656.76,0.4453,0.00,0.0000,0.0044,0.0036,,,,,,,
27.5793,10,3,8.9367,36.5157,converged,3690.82,73656.76,0.4453,0.00,0.0000,0.0046,0.0033,,,,,,,
41.6398,8,3,11.2104,52.8494,converged,3690.82,73656.76,0.4453,0.00,0.0000,0.0067,0.0049,,,,,,,
53.3889,6,3,10.1663,63.5543,converged,3690.82,73656.76,0.4453,0.00,0.0000,0.0068,0.0196,,,,,,,
22.0322,10,3,8.6782,30.7102,converged,3690.82,73656.76,0.4453,0.00,0.0000,0.0067,0.0018,,,,,,,
35.3423,9,3,8.9838,44.3258,converged,3690.82,73656.76,0.4453,0.00,0.0000,0.0052,0.0058,,,,,,,
33.5706,10,3,8.9675,42.5375,converged,3690.82,73656.76,0.4453,0.00,0.0000,0.0065,0.0021,,,,,,,
44.9529,8,3,9.0937,54.0457,converged,3690.82,73656.76,0.4453,0.00,0.0000,0.0061,0.0089,,,,,,,
31.1841,10,3,9.3403,40.5244,converged,3690.82,73656.76,0.4453,0.00,0.0000,0.0048,0.0032,,,,,,,
38.6940,9,3,9.0758,47.7688,converged,3690.82,73656.76,0.4453,0.00,0.0000,0.0062,0.0027,,,,,,,
39.3791,9,3,8.9499,48.3289,converged,3690.82,73656.76,0.4453,0.00,0.0000,0.0060,0.0033,,,,,,,
41.8316,8,3,9.8343,51.6653,converged,3690.82,73656.76,0.4453,0.00,0.0000,0.0050,0.0069,,,,,,,
40.3990,8,3,8.8570,49.2561,converged,3690.82,73656.76,0.4453,0.00,0.0000,0.0068,0.0060,,,,,,,
51.1945,7,3,8.8439,60.0380,converged,3690.82,73656.76,0.4453,0.00,0.0000,0.0075,0.0130,,,,,,,
31.2670,10,3,8.9154,40.1814,converged,3690.82,73656.76,0.4453,0.00,0.0000,0.0055,0.0025,,,,,,,
28.3928,10,3,9.5674,37.9594,converged,3690.82,73656.76,0.4453,0.00,0.0000,0.0079,0.0022,,,,,,,
26.8084,10,3,9.4878,36.2958,converged,3690.82,73656.76,0.4453,0.00,0.0000,0.0070,0.0018,,,,,,,
28.3426,10,3,9.3970,37.7390,converged,3690.82,73656.76,0.4453,0.00,0.0000,0.0059,0.0021,,,,,,,
55.2360,6,3,10.0551,65.2911,converged,3690.82,73656.76,0.4453,0.00,0.0000,0.0068,0.0256,,,,,,,
36.1202,9,3,9.9742,46.0942,converged,3690.82,73656.76,0.4453,0.00,0.0000,0.0057,0.0064,,,,,,,
41.1731,8,3,9.2000,50.3731,converged,3690.82,73656.76,0.4453,0.00,0.0000,0.0064,0.0067,,,,,,,
52.9794,6,3,9.0948,62.0738,converged,3690.82,73656.76,0.4453,0.00,0.0000,0.0075,0.0173,,,,,,,
39.8898,9,3,9.2465,49.1356,converged,3690.82,73656.76,0.4453,0.00,0.0000,0.0056,0.0044,,,,,,,
48.9984,7,3,9.6566,58.6547,converged,3690.82,73656.76,0.4453,0.00,0.0000,0.0053,0.0156,,,,,,,
28.5021,10,3,9.1645,37.6665,converged,3690.82,73656.76,0.4453,0.00,0.0000,0.0060,0.0023,,,,,,,
47.8591,7,3,9.2518,57.1108,converged,3690.82,73656.76,0.4453,0.00,0.0000,0.0072,0.0116,,,,,,,
55.4112,6,3,9.2040,64.6150,converged,3690.82,73656.76,0.4453,0.00,0.0000,0.0053,0.0262,,,,,,,
47.5688,7,3,9.0503,56.6183,converged,3690.82,73656.76,0.4453,0.00,0.0000,0.0102,0.0069,,,,,,,
43.1549,8,3,9.2093,52.3633,converged,3690.82,73656.76,0.4453,0.00,0.0000,0.0070,0.0050,,,,,,,
28.8367,10,3,9.5776,38.4136,converged,3690.82,73656.76,0.4453,0.00,0.0000,0.0051,0.0019,,,,,,,
53.5681,6,3,11.0289,64.5969,converged,3690.82,73656.76,0.4453,0.00,0.0000,0.0060,0.0243,,,,,,,
40.7991,8,3,10.0433,50.8424,converged,3690.82,73656.76,0.4453,0.00,0.0000,0.0063,0.0032,,,,,,,
28.3129,10,3,10.6635,38.9755,converged,3690.82,73656.76,0.4453,0.00,0.0000,0.0040,0.0041,,,,,,,
21.1994,10,3,9.2783,30.4773,converged,3690.82,73656.76,0.4453,0.00,0.0000,0.0064,0.0022,,,,,,,
35.4225,9,3,9.0753,44.4973,converged,3690.82,73656.76,0.4453,0.00,0.0000,0.0074,0.0030,,,,,,,
56.4232,6,3,9.5261,65.9491,converged,3690.82,73656.76,0.4453,0.00,0.0000,0.0080,0.0275,,,,,,,
45.8313,8,3,9.3602,55.2182,converged,3690.82,73656.76,0.4453,0.00,0.0000,0.0060,0.0079,,,,,,,
33.2711,10,3,9.6616,42.9326,converged,3690.82,73656.76,0.4453,0.00,0.0000,0.0053,0.0030,,,,,,,
46.2963,7,3,9.1933,55.4893,converged,3690.82,73656.76,0.4453,0.00,0.0000,0.0081,0.0125,,,,,,,
32.0794,10,3,9.0227,41.1018,converged,3690.82,73656.76,0.4453,0.00,0.0000,0.0063,0.0017,,,,,,,
52.6862,6,3,8.8415,61.5275,converged,3690.82,73656.76,0.4453,0.00,0.0000,0.0061,0.0204,,,,,,,
48.9223,7,3,10.3199,59.2419,converged,3690.82,73656.76,0.4453,0.00,0.0000,0.0063,0.0174,,,,,,,
35.9887,9,3,9.4790,45.4671,converged,3690.82,73656.76,0.4453,0.00,0.0000,0.0059,0.0039,,,,,,,
32.2253,10,3,8.9225,41.1475,converged,3690.82,73656.76,0.4453,0.00,0.0000,0.0059,0.0019,,,,,,,
47.3005,7,3,9.9064,57.2064,converged,3690.82,73656.76,0.4453,0.00,0.0000,0.0064,0.0179,,,,,,,
53.0161,6,3,9.0247,62.0408,converged,3690.82,73656.76,0.4453,0.00,0.0000,0.0068,0.0201,,,,,,,
47.9367,7,3,9.0384,56.9745,converged,3690.82,73656.76,0.4453,0.00,0.0000,0.0068,0.0115,,,,,,,
45.3577,8,3,9.0202,54.3772,converged,3690.82,73656.76,0.4453,0.00,0.0000,0.0068,0.0037,,,,,,,
41.9954,8,3,9.3174,51.3124,converged,3690.82,73656.76,0.4453,0.00,0.0000,0.0067,0.0097,,,,,,,
45.8437,8,3,8.8291,54.6721,converged,3690.82,73656.76,0.4453,0.00,0.0000,0.0073,0.0063,,,,,,,
38.1152,9,3,8.9794,47.0944,converged,3690.82,73656.76,0.4453,0.00,0.0000,0.0051,0.0062,,,,,,,
28.1399,10,3,9.1984,37.3375,converged,3690.82,73656.76,0.4453,0.00,0.0000,0.0058,0.0024,,,,,,,
38.4814,9,3,8.7975,47.2785,converged,3690.82,73656.76,0.4453,0.00,0.0000,0.0070,0.0032,,,,,,,
34.3575,9,3,9.0134,43.3705,converged,3690.82,73656.76,0.4453,0.00,0.0000,0.0062,0.0030,,,,,,,
24.7735,10,3,9.2576,34.0307,converged,3690.82,73656.76,0.4453,0.00,0.0000,0.0050,0.0035,,,,,,,
44.9441,8,3,8.6546,53.5987,converged,3690.82,73656.76,0.4453,0.00,0.0000,0.0053,0.0086,,,,,,,
47.0093,7,3,10.0030,57.0120,converged,3690.82,73656.76,0.4453,0.00,0.0000,0.0063,0.0103,,,,,,,
44.8833,8,3,8.9142,53.7973,converged,3690.82,73656.76,0.4453,0.00,0.0000,0.0072,0.0072,,,,,,,
53.8835,6,3,8.9852,62.8683,converged,3690.82,73656.76,0.4453,0.00,0.0000,0.0069,0.0219,,,,,,,
32.9759,10,3,8.9604,41.9354,converged,3690.82,73656.76,0.4453,0.00,0.0000,0.0051,0.0040,,,,,,,
30.2318,10,3,9.5534,39.7844,converged,3690.82,73656.76,0.4453,0.00,0.0000,0.0062,0.0022,,,,,,,
29.7151,10,3,13.2534,42.9684,converged,3690.82,73656.76,0.4453,0.00,0.0000,0.0068,0.0020,,,,,,,
44.5386,8,3,9.6076,54.1456,converged,3690.82,73656.76,0.4453,0.00,0.0000,0.0073,0.0057,,,,,,,
26.6088,10,3,9.6843,36.2923,converged,3690.82,73656.76,0.4453,0.00,0.0000,0.0055,0.0028,,,,,,,
48.7559,7,3,9.2009,57.9560,converged,3690.82,73656.76,0.4453,0.00,0.0000,0.0060,0.0115,,,,,,,
38.7187,9,3,10.3589,49.0769,converged,3690.82,73656.76,0.4453,0.00,0.0000,0.0064,0.0037,,,,,,,
42.1757,8,3,9.0142,51.1892,converged,3690.82,73656.76,0.4453,0.00,0.0000,0.0064,0.0074,,,,,,,
29.1664,10,3,8.8181,37.9842,converged,3690.82,73656.76,0.4453,0.00,0.0000,0.0062,0.0021,,,,,,,
48.1685,7,3,9.5798,57.7479,converged,3690.82,73656.76,0.4453,0.00,0.0000,0.0067,0.0129,,,,,,,
59.2229,5,3,11.6177,70.8398,converged,3690.82,73656.76,0.4453,0.00,0.0000,0.0076,0.0446,,,,,,,
32.5227,10,3,11.4027,43.9248,converged,3690.82,73656.76,0.4453,0.00,0.0000,0.0063,0.0021,,,,,,,
43.7498,8,3,8.8600,52.6090,converged,3690.82,73656.76,0.4453,0.00,0.0000,0.0063,0.0061,,,,,,,
34.4567,9,3,9.2874,43.7434,converged,3690.82,73656.76,0.4453,0.00,0.0000,0.0055,0.0041,,,,,,,
48.0734,7,3,9.4553,57.5283,converged,3690.82,73656.76,0.4453,0.00,0.0000,0.0061,0.0124,,,,,,,
39.8525,9,3,13.1081,52.9601,converged,3690.82,73656.76,0.4453,0.00,0.0000,0.0055,0.0044,,,,,,,
46.3304,7,3,9.3938,55.7238,converged,3690.82,73656.76,0.4453,0.00,0.0000,0.0071,0.0100,,,,,,,
54.9415,6,3,13.9394,68.8804,converged,3690.82,73656.76,0.4453,0.00,0.0000,0.0030,0.0278,,,,,,,
49.2343,7,3,13.7724,63.0065,converged,3690.82,73656.76,0.4453,0.00,0.0000,0.0087,0.0088,,,,,,,
28.9797,10,3,13.6488,42.6278,converged,3690.82,73656.76,0.4453,0.00,0.0000,0.0060,0.0019,,,,,,,
52.9546,6,3,9.4464,62.4004,converged,3690.82,73656.76,0.4453,0.00,0.0000,0.0071,0.0227,,,,,,,
32.8398,10,3,10.3963,43.2353,converged,3690.82,73656.76,0.4453,0.00,0.0000,0.0069,0.0021,,,,,,,
31.4775,10,3,9.1181,40.5952,converged,3690.82,73656.76,0.4453,0.00,0.0000,0.0062,0.0020,,,,,,,
51.6025,7,3,8.9237,60.5257,converged,3690.82,73656.76,0.4453,0.00,0.0000,0.0067,0.0126,,,,,,,
29.3484,10,3,9.4589,38.8069,converged,3690.82,73656.76,0.4453,0.00,0.0000,0.0063,0.0021,,,,,,,
53.1855,6,3,10.4090,63.5941,converged,3690.82,73656.76,0.4453,0.00,0.0000,0.0086,0.0209,,,,,,,
40.0740,8,3,9.5533,49.6273,converged,3690.82,73656.76,0.4453,0.00,0.0000,0.0058,0.0058,,,,,,,
58.7074,5,3,8.9630,67.6700,converged,3690.82,73656.76,0.4453,0.00,0.0000,0.0067,0.0406,,,,,,,
22.0332,10,3,10.4262,32.4593,converged,3690.82,73656.76,0.4453,0.00,0.0000,0.0056,0.0026,,,,,,,
38.1354,9,3,9.0552,47.1903,converged,3690.82,73656.76,0.4453,0.00,0.0000,0.0053,0.0044,,,,,,,
37.3313,9,3,13.1376,50.4687,converged,3690.82,73656.76,0.4453,0.00,0.0000,0.0058,0.0028,,,,,,,
52.0463,6,3,9.0306,61.0766,converged,3690.82,73656.76,0.4453,0.00,0.0000,0.0065,0.0208,,,,,,,
48.9566,7,3,8.8718,57.8278,converged,3690.82,73656.76,0.4453,0.00,0.0000,0.0055,0.0120,,,,,,,
46.0476,7,3,9.5262,55.5733,converged,3690.82,73656.76,0.4453,0.00,0.0000,0.0060,0.0133,,,,,,,
53.6070,6,3,9.8863,63.4934,converged,3690.82,73656.76,0.4453,0.00,0.0000,0.0062,0.0225,,,,,,,
41.6419,8,3,9.4842,51.1252,converged,3690.82,73656.76,0.4453,0.00,0.0000,0.0072,0.0042,,,,,,,
51.7610,7,3,9.3279,61.0879,converged,3690.82,73656.76,0.4453,0.00,0.0000,0.0059,0.0117,,,,,,,
53.7733,6,3,9.6417,63.4147,converged,3690.82,73656.76,0.4453,0.00,0.0000,0.0059,0.0151,,,,,,,
57.7608,6,3,9.1268,66.8868,converged,3690.82,73656.76,0.4453,0.00,0.0000,0.0061,0.0233,,,,,,,
59.7696,5,3,8.7550,68.5241,converged,3690.82,73656.76,0.4453,0.00,0.0000,0.0055,0.0372,,,,,,,
45.1079,8,3,9.2868,54.3938,converged,3690.82,73656.76,0.4453,0.00,0.0000,0.0072,0.0048,,,,,,,
46.0772,7,3,8.9107,54.9877,converged,3690.82,73656.76,0.4453,0.00,0.0000,0.0071,0.0108,,,,,,,
39.3108,9,3,8.9339,48.2440,converged,3690.82,73656.76,0.4453,0.00,0.0000,0.0059,0.0039,,,,,,,
37.7223,9,3,8.8966,46.6187,converged,3690.82,73656.76,0.4453,0.00,0.0000,0.0058,0.0052,,,,,,,
40.0325,8,3,9.0574,49.0894,converged,3690.82,73656.76,0.4453,0.00,0.0000,0.0054,0.0057,,,,,,,
43.7381,8,3,9.2917,53.0297,converged,3690.82,73656.76,0.4453,0.00,0.0000,0.0083,0.0053,,,,,,,
59.4909,5,3,10.2647,69.7548,converged,3690.82,73656.76,0.4453,0.00,0.0000,0.0052,0.0369,,,,,,,
41.7321,8,3,9.8387,51.5707,converged,3690.82,73656.76,0.4453,0.00,0.0000,0.0051,0.0072,,,,,,,
33.8645,10,3,9.0439,42.9080,converged,3690.82,73656.76,0.4453,0.00,0.0000,0.0059,0.0019,,,,,,,
27.2064,10,3,10.6033,37.8093,converged,3690.82,73656.76,0.4453,0.00,0.0000,0.0068,0.0021,,,,,,,
48.8595,7,3,9.2144,58.0735,converged,3690.82,73656.76,0.4453,0.00,0.0000,0.0058,0.0111,,,,,,,
31.3606,10,3,9.9635,41.3235,converged,3690.82,73656.76,0.4453,0.00,0.0000,0.0056,0.0019,,,,,,,
33.1673,10,3,12.6809,45.8479,converged,3690.82,73656.76,0.4453,0.00,0.0000,0.0061,0.0024,,,,,,,
29.9108,10,3,8.9366,38.8466,converged,3690.82,73656.76,0.4453,0.00,0.0000,0.0047,0.0039,,,,,,,
39.3964,9,3,9.5892,48.9853,converged,3690.82,73656.76,0.4453,0.00,0.0000,0.0053,0.0032,,,,,,,
21.0615,10,3,9.1175,30.1786,converged,3690.82,73656.76,0.4453,0.00,0.0000,0.0058,0.0019,,,,,,,
46.8957,7,3,9.0262,55.9213,converged,3690.82,73656.76,0.4453,0.00,0.0000,0.0077,0.0110,,,,,,,
42.1717,8,3,8.9966,51.1676,converged,3690.82,73656.76,0.4453,0.00,0.0000,0.0051,0.0095,,,,,,,
51.4408,7,3,9.4240,60.8641,converged,3690.82,73656.76,0.4453,0.00,0.0000,0.0086,0.0088,,,,,,,
59.3260,5,3,9.7107,69.0357,converged,3690.82,73656.76,0.4453,0.00,0.0000,0.0059,0.0294,,,,,,,
38.1757,9,3,9.1141,47.2891,converged,3690.82,73656.76,0.4453,0.00,0.0000,0.0053,0.0047,,,,,,,
55.8832,6,3,10.0343,65.9173,converged,3690.82,73656.76,0.4453,0.00,0.0000,0.0063,0.0227,,,,,,,
30.2876,10,3,13.9817,44.2688,converged,3690.82,73656.76,0.4453,0.00,0.0000,0.0057,0.0019,,,,,,,
40.0284,8,3,9.2447,49.2727,converged,3690.82,73656.76,0.4453,0.00,0.0000,0.0059,0.0087,,,,,,,
25.3305,10,3,8.7716,34.1017,converged,3690.82,73656.76,0.4453,0.00,0.0000,0.0055,0.0018,,,,,,,
54.6338,6,3,9.3944,64.0274,converged,3690.82,73656.76,0.4453,0.00,0.0000,0.0067,0.0189,,,,,,,
44.2031,8,3,9.6257,53.8287,converged,3690.82,73656.76,0.4453,0.00,0.0000,0.0049,0.0086,,,,,,,
43.3014,8,3,9.0658,52.3668,converged,3690.82,73656.76,0.4453,0.00,0.0000,0.0048,0.0097,,,,,,,
25.4273,10,3,9.1449,34.5719,converged,3690.82,73656.76,0.4453,0.00,0.0000,0.0074,0.0017,,,,,,,
23.5120,10,3,9.2966,32.8077,converged,3690.82,73656.76,0.4453,0.00,0.0000,0.0072,0.0019,,,,,,,
21.9800,10,3,10.4491,32.4281,converged,3690.82,73656.76,0.4453,0.00,0.0000,0.0038,0.0039,,,,,,,
42.0435,8,3,9.2910,51.3341,converged,3690.82,73656.76,0.4453,0.00,0.0000,0.0077,0.0064,,,,,,,
22.5835,10,3,9.0388,31.6218,converged,3690.82,73656.76,0.4453,0.00,0.0000,0.0057,0.0020,,,,,,,
24.0164,10,3,9.4353,33.4514,converged,3690.82,73656.76,0.4453,0.00,0.0000,0.0060,0.0019,,,,,,,
54.0842,6,3,10.1365,64.2205,converged,3690.82,73656.76,0.4453,0.00,0.0000,0.0071,0.0205,,,,,,,
46.6514,7,3,9.9031,56.5541,converged,3690.82,73656.76,0.4453,0.00,0.0000,0.0063,0.0127,,,,,,,
27.4487,10,3,10.2852,37.7333,converged,3690.82,73656.76,0.4453,0.00,0.0000,0.0059,0.0032,,,,,,,
20.9513,10,3,11.0983,32.0494,converged,3690.82,73656.76,0.4453,0.00,0.0000,0.0058,0.0022,,,,,,,
29.9084,10,3,10.5001,40.4081,converged,3690.82,73656.76,0.4453,0.00,0.0000,0.0055,0.0020,,,,,,,
43.1345,8,3,9.0597,52.1937,converged,3690.82,73656.76,0.4453,0.00,0.0000,0.0068,0.0077,,,,,,,
37.3509,9,3,9.0987,46.4487,converged,3690.82,73656.76,0.4453,0.00,0.0000,0.0053,0.0051,,,,,,,
47.7891,7,3,9.2364,57.0254,converged,3690.82,73656.76,0.4453,0.00,0.0000,0.0074,0.0174,,,,,,,
54.9322,6,3,8.9351,63.8671,converged,3690.82,73656.76,0.4453,0.00,0.0000,0.0063,0.0238,,,,,,,
41.0765,8,3,8.9834,50.0595,converged,3690.82,73656.76,0.4453,0.00,0.0000,0.0066,0.0066,,,,,,,
50.4678,7,3,8.8718,59.3389,converged,3690.82,73656.76,0.4453,0.00,0.0000,0.0065,0.0137,,,,,,,
20.6326,10,3,9.2305,29.8625,converged,3690.82,73656.76,0.4453,0.00,0.0000,0.0055,0.0030,,,,,,,
25.9808,10,3,9.4728,35.4528,converged,3690.82,73656.76,0.4453,0.00,0.0000,0.0056,0.0022,,,,,,,
32.6746,10,3,8.9328,41.6069,converged,3690.82,73656.76,0.4453,0.00,0.0000,0.0057,0.0022,,,,,,,
43.0938,8,3,11.2289,54.3219,converged,3690.82,73656.76,0.4453,0.00,0.0000,0.0044,0.0083,,,,,,,
20.4210,10,3,8.8429,29.2630,converged,3690.82,73656.76,0.4453,0.00,0.0000,0.0058,0.0023,,,,,,,
50.0923,7,3,9.2092,59.3012,converged,3690.82,73656.76,0.4453,0.00,0.0000,0.0076,0.0126,,,,,,,
54.9435,6,3,9.0744,64.0174,converged,3690.82,73656.76,0.4453,0.00,0.0000,0.0052,0.0237,,,,,,,
59.0081,5,3,9.2874,68.2954,converged,3690.82,73656.76,0.4453,0.00,0.0000,0.0103,0.0471,,,,,,,
20.9242,10,3,8.7282,29.6522,converged,3690.82,73656.76,0.4453,0.00,0.0000,0.0055,0.0029,,,,,,,
26.7920,10,3,8.7715,35.5625,converged,3690.82,73656.76,0.4453,0.00,0.0000,0.0050,0.0035,,,,,,,
37.2805,9,3,9.7057,46.9857,converged,3690.82,73656.76,0.4453,0.00,0.0000,0.0063,0.0029,,,,,,,
54.5174,6,3,9.1840,63.7011,converged,3690.82,73656.76,0.4453,0.00,0.0000,0.0062,0.0193,,,,,,,
27.2049,10,3,9.0573,36.2613,converged,3690.82,73656.76,0.4453,0.00,0.0000,0.0051,0.0038,,,,,,,
40.8090,8,3,9.1460,49.9551,converged,3690.82,73656.76,0.4453,0.00,0.0000,0.0064,0.0052,,,,,,,
22.0791,10,3,9.0176,31.0967,converged,3690.82,73656.76,0.4453,0.00,0.0000,0.0058,0.0032,,,,,,,
26.9152,10,3,9.2740,36.1890,converged,3690.82,73656.76,0.4453,0.00,0.0000,0.0060,0.0023,,,,,,,
24.1807,10,3,9.2808,33.4608,converged,3690.82,73656.76,0.4453,0.00,0.0000,0.0052,0.0031,,,,,,,
42.6617,8,3,10.2088,52.8699,converged,3690.82,73656.76,0.4453,0.00,0.0000,0.0075,0.0059,,,,,,,
50.3295,7,3,9.1964,59.5254,converged,3690.82,73656.76,0.4453,0.00,0.0000,0.0048,0.0150,,,,,,,
48.2240,7,3,9.3634,57.5864,converged,3690.82,73656.76,0.4453,0.00,0.0000,0.0071,0.0100,,,,,,,
46.9417,7,3,9.1186,56.0596,converged,3690.82,73656.76,0.4453,0.00,0.0000,0.0065,0.0123,,,,,,,
53.8183,6,3,8.9086,62.7266,converged,3690.82,73656.76,0.4453,0.00,0.0000,0.0064,0.0197,,,,,,,
26.1117,10,3,8.9516,35.0626,converged,3690.82,73656.76,0.4453,0.00,0.0000,0.0061,0.0021,,,,,,,
28.2117,10,3,9.0668,37.2779,converged,3690.82,73656.76,0.4453,0.00,0.0000,0.0054,0.0024,,,,,,,
39.7457,9,3,9.1282,48.8732,converged,3690.82,73656.76,0.4453,0.00,0.0000,0.0066,0.0029,,,,,,,
42.6480,8,3,9.1487,51.7967,converged,3690.82,73656.76,0.4453,0.00,0.0000,0.0054,0.0083,,,,,,,
50.8430,7,3,9.2779,60.1199,converged,3690.82,73656.76,0.4453,0.00,0.0000,0.0058,0.0114,,,,,,,
26.4065,10,3,9.5528,35.9589,converged,3690.82,73656.76,0.4453,0.00,0.0000,0.0059,0.0019,,,,,,,
44.9929,8,3,9.0175,54.0095,converged,3690.82,73656.76,0.4453,0.00,0.0000,0.0066,0.0061,,,,,,,
28.8830,10,3,10.9079,39.7910,converged,3690.82,73656.76,0.4453,0.00,0.0000,0.0072,0.0022,,,,,,,
31.9662,10,3,10.6346,42.6007,converged,3690.82,73656.76,0.4453,0.00,0.0000,0.0064,0.0019,,,,,,,
48.8953,7,3,9.0504,57.9454,converged,3690.82,73656.76,0.4453,0.00,0.0000,0.0079,0.0120,,,,,,,
42.3546,8,3,9.3700,51.7240,converged,3690.82,73656.76,0.4453,0.00,0.0000,0.0072,0.0045,,,,,,,
52.3514,6,3,9.2531,61.6041,converged,3690.82,73656.76,0.4453,0.00,0.0000,0.0076,0.0255,,,,,,,
23.5473,10,3,10.4152,33.9622,converged,3690.82,73656.76,0.4453,0.00,0.0000,0.0074,0.0020,,,,,,,
31.8743,10,3,9.3328,41.2068,converged,3690.82,73656.76,0.4453,0.00,0.0000,0.0060,0.0028,,,,,,,
41.9840,8,3,10.3566,52.3396,converged,3690.82,73656.76,0.4453,0.00,0.0000,0.0076,0.0061,,,,,,,
45.5026,8,3,9.1248,54.6268,converged,3690.82,73656.76,0.4453,0.00,0.0000,0.0070,0.0066,,,,,,,
54.1466,6,3,10.5809,64.7269,converged,3690.82,73656.76,0.4453,0.00,0.0000,0.0037,0.0210,,,,,,,
20.3009,10,3,13.5492,33.8492,converged,3690.82,73656.76,0.4453,0.00,0.0000,0.0055,0.0026,,,,,,,
49.8454,7,3,9.0687,58.9138,converged,3690.82,73656.76,0.4453,0.00,0.0000,0.0058,0.0079,,,,,,,
28.0179,10,3,9.1752,37.1922,converged,3690.82,73656.76,0.4453,0.00,0.0000,0.0063,0.0021,,,,,,,
26.3022,10,3,9.2955,35.5976,converged,3690.82,73656.76,0.4453,0.00,0.0000,0.0055,0.0024,,,,,,,
53.0147,6,3,10.4783,63.4923,converged,3690.82,73656.76,0.4453,0.00,0.0000,0.0055,0.0250,,,,,,,
28.8918,10,3,10.3356,39.2267,converged,3690.82,73656.76,0.4453,0.00,0.0000,0.0069,0.0020,,,,,,,
57.8196,6,3,10.5396,68.3586,converged,3690.82,73656.76,0.4453,0.00,0.0000,0.0050,0.0238,,,,,,,
24.0602,10,3,8.9931,33.0531,converged,3690.82,73656.76,0.4453,0.00,0.0000,0.0060,0.0022,,,,,,,
35.7586,9,3,13.4147,49.1727,converged,3690.82,73656.76,0.4453,0.00,0.0000,0.0065,0.0042,,,,,,,
46.7520,7,3,9.4353,56.1864,converged,3690.82,73656.76,0.4453,0.00,0.0000,0.0058,0.0113,,,,,,,
44.7634,8,3,11.0183,55.7813,converged,3690.82,73656.76,0.4453,0.00,0.0000,0.0061,0.0056,,,,,,,
34.9507,9,3,9.3794,44.3295,converged,3690.82,73656.76,0.4453,0.00,0.0000,0.0051,0.0050,,,,,,,
39.3680,9,3,9.7313,49.0984,converged,3690.82,73656.76,0.4453,0.00,0.0000,0.0055,0.0056,,,,,,,
39.5513,9,3,8.9444,48.4955,converged,3690.82,73656.76,0.4453,0.00,0.0000,0.0063,0.0031,,,,,,,
34.2514,9,3,9.1892,43.4402,converged,3690.82,73656.76,0.4453,0.00,0.0000,0.0063,0.0031,,,,,,,
55.7381,6,3,9.0209,64.7590,converged,3690.82,73656.76,0.4453,0.00,0.0000,0.0040,0.0224,,,,,,,
40.5095,8,3,8.8087,49.3177,converged,3690.82,73656.76,0.4453,0.00,0.0000,0.0066,0.0063,,,,,,,
54.5880,6,3,10.6328,65.2198,converged,3690.82,73656.76,0.4453,0.00,0.0000,0.0059,0.0186,,,,,,,
37.1157,9,3,9.4132,46.5283,converged,3690.82,73656.76,0.4453,0.00,0.0000,0.0053,0.0033,,,,,,,
30.7808,10,3,9.3617,40.1417,converged,3690.82,73656.76,0.4453,0.00,0.0000,0.0052,0.0030,,,,,,,
39.5914,9,3,9.5538,49.1449,converged,3690.82,73656.76,0.4453,0.00,0.0000,0.0043,0.0041,,,,,,,
21.1393,10,3,9.2417,30.3808,converged,3690.82,73656.76,0.4453,0.00,0.0000,0.0067,0.0023,,,,,,,
49.7000,7,3,9.3431,59.0422,converged,3690.82,73656.76,0.4453,0.00,0.0000,0.0097,0.0113,,,,,,,
23.1725,10,3,9.6584,32.8304,converged,3690.82,73656.76,0.4453,0.00,0.0000,0.0065,0.0021,,,,,,,
24.4447,10,3,8.7485,33.1926,converged,3690.82,73656.76,0.4453,0.00,0.0000,0.0067,0.0017,,,,,,,
31.0340,10,3,8.8532,39.8862,converged,3690.82,73656.76,0.4453,0.00,0.0000,0.0061,0.0020,,,,,,,
52.8690,6,3,9.3735,62.2425,converged,3690.82,73656.76,0.4453,0.00,0.0000,0.0058,0.0204,,,,,,,
39.1378,9,3,9.6211,48.7582,converged,3690.82,73656.76,0.4453,0.00,0.0000,0.0061,0.0031,,,,,,,
32.8608,10,3,9.6412,42.5012,converged,3690.82,73656.76,0.4453,0.00,0.0000,0.0073,0.0030,,,,,,,
32.2403,10,3,9.7520,41.9920,converged,3690.82,73656.76,0.4453,0.00,0.0000,0.0055,0.0030,,,,,,,
39.7210,9,3,9.3199,49.0409,converged,3690.82,73656.76,0.4453,0.00,0.0000,0.0058,0.0026,,,,,,,
47.8557,7,3,13.4371,61.2922,converged,3690.82,73656.76,0.4453,0.00,0.0000,0.0065,0.0107,,,,,,,
28.4380,10,3,9.7297,38.1677,converged,3690.82,73656.76,0.4453,0.00,0.0000,0.0054,0.0026,,,,,,,
26.0131,10,3,9.2801,35.2931,converged,3690.82,73656.76,0.4453,0.00,0.0000,0.0062,0.0022,,,,,,,
36.2804,9,3,9.1603,45.4404,converged,3690.82,73656.76,0.4453,0.00,0.0000,0.0052,0.0042,,,,,,,
51.9681,7,3,9.2010,61.1690,converged,3690.82,73656.76,0.4453,0.00,0.0000,0.0078,0.0111,,,,,,,
58.9861,5,3,12.2621,71.2482,converged,3690.82,73656.76,0.4453,0.00,0.0000,0.0092,0.0508,,,,,,,
58.8991,5,3,8.8089,67.7079,converged,3690.82,73656.76,0.4453,0.00,0.0000,0.0062,0.0423,,,,,,,
25.4369,10,3,8.7105,34.1466,converged,3690.82,73656.76,0.4453,0.00,0.0000,0.0063,0.0016,,,,,,,
23.1487,10,3,9.1386,32.2866,converged,3690.82,73656.76,0.4453,0.00,0.0000,0.0068,0.0019,,,,,,,
31.0057,10,3,9.0440,40.0490,converged,3690.82,73656.76,0.4453,0.00,0.0000,0.0039,0.0038,,,,,,,
58.6855,5,3,8.6402,67.3252,converged,3690.82,73656.76,0.4453,0.00,0.0000,0.0079,0.0487,,,,,,,
45.0392,8,3,13.8148,58.8539,converged,3690.82,73656.76,0.4453,0.00,0.0000,0.0059,0.0049,,,,,,,
24.2272,10,3,12.6641,36.8911,converged,3690.82,73656.76,0.4453,0.00,0.0000,0.0063,0.0022,,,,,,,
21.1476,10,3,9.7517,30.8988,converged,3690.82,73656.76,0.4453,0.00,0.0000,0.0066,0.0018,,,,,,,
23.3393,10,3,8.9066,32.2456,converged,3690.82,73656.76,0.4453,0.00,0.0000,0.0073,0.0022,,,,,,,
29.9418,10,3,9.1611,39.1022,converged,3690.82,73656.76,0.4453,0.00,0.0000,0.0062,0.0020,,,,,,,
53.7831,6,3,9.5992,63.3822,converged,3690.82,73656.76,0.4453,0.00,0.0000,0.0050,0.0260,,,,,,,
55.7167,6,3,9.3507,65.0668,converged,3690.82,73656.76,0.4453,0.00,0.0000,0.0048,0.0294,,,,,,,
